Accuracy01;ActiveHand;AfterEffectCm;AttemptIndex;BlockType;ChoiceSide;ConfirmMitigationMode;CurrentMoleToHitId;CurrentMoleToHitIndexX;CurrentMoleToHitIndexY;CurrentMoleToHitPositionLocalX;CurrentMoleToHitPositionLocalY;CurrentMoleToHitPositionLocalZ;CurrentMoleToHitPositionWorldX;CurrentMoleToHitPositionWorldY;CurrentMoleToHitPositionWorldZ;DeltaAccuracyPct;EffectMode;Email;ErrorCm;Event;EventType;ExperimentMode;Framecount;GameId;GapMeters;HeadCameraPosWorldX;HeadCameraPosWorldY;HeadCameraPosWorldZ;HeadCameraRotEulerX;HeadCameraRotEulerY;HeadCameraRotEulerZ;HitDistanceMeters;HitPositionWorldX;HitPositionWorldY;HitPositionWorldZ;HitWorldX;HitWorldY;HitWorldZ;IsCorrect;IsHit;LeftControllerLaserPosWorldX;LeftControllerLaserPosWorldY;LeftControllerLaserPosWorldZ;LeftControllerLaserRotEulerX;LeftControllerLaserRotEulerY;LeftControllerLaserRotEulerZ;LeftControllerPosWorldX;LeftControllerPosWorldY;LeftControllerPosWorldZ;LeftControllerRotEulerX;LeftControllerRotEulerY;LeftControllerRotEulerZ;LeftControllerTrigger;LeftLengthMeters;LeftMovementAnchorPosWorldX;LeftMovementAnchorPosWorldY;LeftMovementAnchorPosWorldZ;LeftMovementAnchorRotEulerX;LeftMovementAnchorRotEulerY;LeftMovementAnchorRotEulerZ;LeftMovementAnchorSource;LineLengthMeters;LineZMeters;LongerSide;MeanCm;MoleId;MoleIndexX;MoleIndexY;MolePositionLocalX;MolePositionLocalY;MolePositionLocalZ;MolePositionWorldX;MolePositionWorldY;MolePositionWorldZ;RightControllerLaserPosWorldX;RightControllerLaserPosWorldY;RightControllerLaserPosWorldZ;RightControllerLaserRotEulerX;RightControllerLaserRotEulerY;RightControllerLaserRotEulerZ;RightControllerPosWorldX;RightControllerPosWorldY;RightControllerPosWorldZ;RightControllerRotEulerX;RightControllerRotEulerY;RightControllerRotEulerZ;RightControllerTrigger;RightLengthMeters;RightMovementAnchorPosWorldX;RightMovementAnchorPosWorldY;RightMovementAnchorPosWorldZ;RightMovementAnchorRotEulerX;RightMovementAnchorRotEulerY;RightMovementAnchorRotEulerZ;RightMovementAnchorSource;SdCm;SessionID;SignedOffsetCm;SourceTaskMode;StudyGlobalParticipantId;StudyInputMode;StudyParticipantIndex;StudyResolvedEffect;StudyResolvedTask;StudySessionIndex;StudyTaskOrder;SuccessCount;TargetIndex;TargetRadiusMeters;TargetWorldX;TargetWorldY;TargetWorldZ;TaskMode;TimeSinceLastEvent;Timestamp;TrackingMode;TrialIndex;TrialsPerBlock;XRBackend
NULL;Right;NULL;NULL;Baseline;NULL;OppositeHandTrigger;NULL;NULL;NULL;NULL;NULL;NULL;NULL;NULL;NULL;NULL;None;anonymous;NULL;Game Started;GameEvent;Debug;1;0e220dd9-09f7-4473-bcda-acf277e68b54;NULL;0.0000;0.3614;-0.5530;0.0000;0.0000;0.0000;NULL;NULL;NULL;NULL;NULL;NULL;NULL;NULL;NULL;0.0000;0.3614;-0.5455;0.0000;0.0000;0.0000;0.0000;0.0000;0.0000;0.0000;0.0000;0.0000;0;NULL;0.0000;0.0000;0.0000;0.0000;0.0000;0.0000;ControllerBody;NULL;NULL;NULL;NULL;NULL;NULL;NULL;NULL;NULL;NULL;NULL;NULL;NULL;0.0000;0.3614;-0.5455;0.0000;0.0000;0.0000;0.0000;0.0000;0.0000;0.0000;0.0000;0.0000;0;NULL;0.0000;0.0000;0.0000;0.0000;0.0000;0.0000;ControllerBody;NULL;c695270d-b11f-410e-bcd0-df2fe05129b0;NULL;NULL;;Controller;;Translation;OpenLoop;;Manual;NULL;NULL;NULL;NULL;NULL;NULL;OpenLoop;0.0000;2026-05-25 13:54:14.3024;Controllers;NULL;NULL;OpenXR
NULL;Right;NULL;NULL;Baseline;NULL;OppositeHandTrigger;NULL;NULL;NULL;NULL;NULL;NULL;NULL;NULL;NULL;NULL;None;anonymous;NULL;Block Started;BlockEvent;Debug;1;0e220dd9-09f7-4473-bcda-acf277e68b54;NULL;0.0000;0.3614;-0.5530;0.0000;0.0000;0.0000;NULL;NULL;NULL;NULL;NULL;NULL;NULL;NULL;NULL;0.0000;0.3614;-0.5455;0.0000;0.0000;0.0000;0.0000;0.0000;0.0000;0.0000;0.0000;0.0000;0;NULL;0.0000;0.0000;0.0000;0.0000;0.0000;0.0000;ControllerBody;NULL;NULL;NULL;NULL;NULL;NULL;NULL;NULL;NULL;NULL;NULL;NULL;NULL;0.0000;0.3614;-0.5455;0.0000;0.0000;0.0000;0.0000;0.0000;0.0000;0.0000;0.0000;0.0000;0;NULL;0.0000;0.0000;0.0000;0.0000;0.0000;0.0000;ControllerBody;NULL;c695270d-b11f-410e-bcd0-df2fe05129b0;NULL;NULL;;Controller;;Translation;OpenLoop;;Manual;NULL;NULL;NULL;NULL;NULL;NULL;OpenLoop;0.0000;2026-05-25 13:54:14.3051;Controllers;NULL;NULL;OpenXR
NULL;Right;NULL;NULL;Baseline;NULL;OppositeHandTrigger;NULL;NULL;NULL;NULL;NULL;NULL;NULL;NULL;NULL;NULL;None;anonymous;NULL;Trial Started;TaskEvent;Debug;1;0e220dd9-09f7-4473-bcda-acf277e68b54;NULL;0.0000;0.3614;-0.5530;0.0000;0.0000;0.0000;NULL;NULL;NULL;NULL;NULL;NULL;NULL;NULL;NULL;0.0000;0.3614;-0.5455;0.0000;0.0000;0.0000;0.0000;0.0000;0.0000;0.0000;0.0000;0.0000;0;NULL;0.0000;0.0000;0.0000;0.0000;0.0000;0.0000;ControllerBody;NULL;NULL;NULL;NULL;NULL;NULL;NULL;NULL;NULL;NULL;NULL;NULL;NULL;0.0000;0.3614;-0.5455;0.0000;0.0000;0.0000;0.0000;0.0000;0.0000;0.0000;0.0000;0.0000;0;NULL;0.0000;0.0000;0.0000;0.0000;0.0000;0.0000;ControllerBody;NULL;c695270d-b11f-410e-bcd0-df2fe05129b0;NULL;NULL;;Controller;;Translation;OpenLoop;;Manual;NULL;NULL;0.0300;0.0000;0.0000;2.0000;OpenLoop;0.0000;2026-05-25 13:54:14.3091;Controllers;1;10;OpenXR
NULL;Right;NULL;NULL;Baseline;NULL;OppositeHandTrigger;NULL;NULL;NULL;NULL;NULL;NULL;NULL;NULL;NULL;NULL;None;anonymous;NULL;Trial Accepted;TaskEvent;Debug;333;0e220dd9-09f7-4473-bcda-acf277e68b54;NULL;0.0079;-0.0018;0.0083;2.8946;1.1636;357.4165;NULL;NULL;NULL;NULL;-0.0903;0.0000;2.0000;NULL;NULL;-0.2844;-0.8239;0.0917;68.3454;314.6570;323.3446;-0.2757;-0.8153;0.0918;68.2578;320.7376;328.4927;1;NULL;-0.2757;-0.8153;0.0918;68.2578;320.7376;328.4927;ControllerBody;NULL;NULL;NULL;NULL;NULL;NULL;NULL;NULL;NULL;NULL;NULL;NULL;NULL;0.0117;-0.0830;0.5826;359.6740;355.8843;1.4381;0.0095;-0.0696;0.5721;358.1273;355.7723;1.9980;0;NULL;0.0095;-0.0696;0.5721;358.1273;355.7723;1.9980;ControllerBody;NULL;c695270d-b11f-410e-bcd0-df2fe05129b0;-9.0304;NULL;;Controller;;Translation;OpenLoop;;Manual;NULL;NULL;NULL;NULL;NULL;NULL;OpenLoop;5.9644;2026-05-25 13:54:23.1534;Controllers;1;10;OpenXR
NULL;Right;NULL;NULL;Baseline;NULL;OppositeHandTrigger;NULL;NULL;NULL;NULL;NULL;NULL;NULL;NULL;NULL;NULL;None;anonymous;NULL;Trial Started;TaskEvent;Debug;333;0e220dd9-09f7-4473-bcda-acf277e68b54;NULL;0.0079;-0.0018;0.0083;2.8946;1.1636;357.4165;NULL;NULL;NULL;NULL;NULL;NULL;NULL;NULL;NULL;-0.2844;-0.8239;0.0917;68.3454;314.6570;323.3446;-0.2757;-0.8153;0.0918;68.2578;320.7376;328.4927;1;NULL;-0.2757;-0.8153;0.0918;68.2578;320.7376;328.4927;ControllerBody;NULL;NULL;NULL;NULL;NULL;NULL;NULL;NULL;NULL;NULL;NULL;NULL;NULL;0.0117;-0.0830;0.5826;359.6740;355.8843;1.4381;0.0095;-0.0696;0.5721;358.1273;355.7723;1.9980;0;NULL;0.0095;-0.0696;0.5721;358.1273;355.7723;1.9980;ControllerBody;NULL;c695270d-b11f-410e-bcd0-df2fe05129b0;NULL;NULL;;Controller;;Translation;OpenLoop;;Manual;NULL;NULL;0.0300;0.0000;0.0000;2.0000;OpenLoop;0.0000;2026-05-25 13:54:23.1565;Controllers;2;10;OpenXR
NULL;Right;NULL;NULL;Baseline;NULL;OppositeHandTrigger;NULL;NULL;NULL;NULL;NULL;NULL;NULL;NULL;NULL;NULL;None;anonymous;NULL;Trial Accepted;TaskEvent;Debug;403;0e220dd9-09f7-4473-bcda-acf277e68b54;NULL;0.0105;0.0048;0.0159;359.3065;359.2903;358.4330;NULL;NULL;NULL;NULL;-0.2461;0.0000;2.0000;NULL;NULL;-0.2837;-0.8259;0.0782;69.7631;310.6587;319.8224;-0.2867;-0.8113;0.0832;68.7653;313.9531;323.2814;1;NULL;-0.2867;-0.8113;0.0832;68.7653;313.9531;323.2814;ControllerBody;NULL;NULL;NULL;NULL;NULL;NULL;NULL;NULL;NULL;NULL;NULL;NULL;NULL;-0.0006;-0.0339;0.5492;353.8539;350.3960;9.4027;-0.0104;-0.0333;0.5602;354.7834;350.9065;11.2626;0;NULL;-0.0104;-0.0333;0.5602;354.7834;350.9065;11.2626;ControllerBody;NULL;c695270d-b11f-410e-bcd0-df2fe05129b0;-24.6090;NULL;;Controller;;Translation;OpenLoop;;Manual;NULL;NULL;NULL;NULL;NULL;NULL;OpenLoop;1.3670;2026-05-25 13:54:24.5137;Controllers;2;10;OpenXR
NULL;Right;NULL;NULL;Baseline;NULL;OppositeHandTrigger;NULL;NULL;NULL;NULL;NULL;NULL;NULL;NULL;NULL;NULL;None;anonymous;NULL;Trial Started;TaskEvent;Debug;403;0e220dd9-09f7-4473-bcda-acf277e68b54;NULL;0.0105;0.0048;0.0159;359.3065;359.2903;358.4330;NULL;NULL;NULL;NULL;NULL;NULL;NULL;NULL;NULL;-0.2837;-0.8259;0.0782;69.7631;310.6587;319.8224;-0.2867;-0.8113;0.0832;68.7653;313.9531;323.2814;1;NULL;-0.2867;-0.8113;0.0832;68.7653;313.9531;323.2814;ControllerBody;NULL;NULL;NULL;NULL;NULL;NULL;NULL;NULL;NULL;NULL;NULL;NULL;NULL;-0.0006;-0.0339;0.5492;353.8539;350.3960;9.4027;-0.0104;-0.0333;0.5602;354.7834;350.9065;11.2626;0;NULL;-0.0104;-0.0333;0.5602;354.7834;350.9065;11.2626;ControllerBody;NULL;c695270d-b11f-410e-bcd0-df2fe05129b0;NULL;NULL;;Controller;;Translation;OpenLoop;;Manual;NULL;NULL;0.0300;0.0000;0.0000;2.0000;OpenLoop;0.0000;2026-05-25 13:54:24.5168;Controllers;3;10;OpenXR
NULL;Right;NULL;NULL;Baseline;NULL;OppositeHandTrigger;NULL;NULL;NULL;NULL;NULL;NULL;NULL;NULL;NULL;NULL;None;anonymous;NULL;Trial Accepted;TaskEvent;Debug;501;0e220dd9-09f7-4473-bcda-acf277e68b54;NULL;0.0064;0.0006;0.0027;359.9907;0.4377;358.5789;NULL;NULL;NULL;NULL;-0.1959;0.0000;2.0000;NULL;NULL;-0.2868;-0.8237;0.0976;69.8084;318.3742;326.4587;-0.2827;-0.8173;0.0907;70.3886;324.5264;332.0755;1;NULL;-0.2827;-0.8173;0.0907;70.3886;324.5264;332.0755;ControllerBody;NULL;NULL;NULL;NULL;NULL;NULL;NULL;NULL;NULL;NULL;NULL;NULL;NULL;-0.0044;0.0141;0.5628;351.4343;352.4074;3.5351;-0.0076;0.0219;0.5535;350.7387;352.5541;4.6956;0;NULL;-0.0076;0.0219;0.5535;350.7387;352.5541;4.6956;ControllerBody;NULL;c695270d-b11f-410e-bcd0-df2fe05129b0;-19.5935;NULL;;Controller;;Translation;OpenLoop;;Manual;NULL;NULL;NULL;NULL;NULL;NULL;OpenLoop;1.6779;2026-05-25 13:54:26.1920;Controllers;3;10;OpenXR
NULL;Right;NULL;NULL;Baseline;NULL;OppositeHandTrigger;NULL;NULL;NULL;NULL;NULL;NULL;NULL;NULL;NULL;NULL;None;anonymous;NULL;Trial Started;TaskEvent;Debug;501;0e220dd9-09f7-4473-bcda-acf277e68b54;NULL;0.0064;0.0006;0.0027;359.9907;0.4377;358.5789;NULL;NULL;NULL;NULL;NULL;NULL;NULL;NULL;NULL;-0.2868;-0.8237;0.0976;69.8084;318.3742;326.4587;-0.2827;-0.8173;0.0907;70.3886;324.5264;332.0755;1;NULL;-0.2827;-0.8173;0.0907;70.3886;324.5264;332.0755;ControllerBody;NULL;NULL;NULL;NULL;NULL;NULL;NULL;NULL;NULL;NULL;NULL;NULL;NULL;-0.0044;0.0141;0.5628;351.4343;352.4074;3.5351;-0.0076;0.0219;0.5535;350.7387;352.5541;4.6956;0;NULL;-0.0076;0.0219;0.5535;350.7387;352.5541;4.6956;ControllerBody;NULL;c695270d-b11f-410e-bcd0-df2fe05129b0;NULL;NULL;;Controller;;Translation;OpenLoop;;Manual;NULL;NULL;0.0300;0.0000;0.0000;2.0000;OpenLoop;0.0000;2026-05-25 13:54:26.1948;Controllers;4;10;OpenXR
NULL;Right;NULL;NULL;Baseline;NULL;OppositeHandTrigger;NULL;NULL;NULL;NULL;NULL;NULL;NULL;NULL;NULL;NULL;None;anonymous;NULL;Trial Accepted;TaskEvent;Debug;602;0e220dd9-09f7-4473-bcda-acf277e68b54;NULL;0.0013;-0.0016;-0.0075;0.7516;1.2864;359.2551;NULL;NULL;NULL;NULL;-0.1745;0.0000;2.0000;NULL;NULL;-0.2846;-0.8262;0.0994;69.8953;320.5851;329.4399;-0.2798;-0.8178;0.0958;69.7116;323.4141;332.4782;1;NULL;-0.2798;-0.8178;0.0958;69.7116;323.4141;332.4782;ControllerBody;NULL;NULL;NULL;NULL;NULL;NULL;NULL;NULL;NULL;NULL;NULL;NULL;NULL;-0.0030;0.0044;0.5616;356.0490;353.2008;1.6705;-0.0082;0.0086;0.5549;355.9679;353.1207;1.7715;0;NULL;-0.0082;0.0086;0.5549;355.9679;353.1207;1.7715;ControllerBody;NULL;c695270d-b11f-410e-bcd0-df2fe05129b0;-17.4455;NULL;;Controller;;Translation;OpenLoop;;Manual;NULL;NULL;NULL;NULL;NULL;NULL;OpenLoop;1.7348;2026-05-25 13:54:27.9277;Controllers;4;10;OpenXR
NULL;Right;NULL;NULL;Baseline;NULL;OppositeHandTrigger;NULL;NULL;NULL;NULL;NULL;NULL;NULL;NULL;NULL;NULL;None;anonymous;NULL;Trial Started;TaskEvent;Debug;602;0e220dd9-09f7-4473-bcda-acf277e68b54;NULL;0.0013;-0.0016;-0.0075;0.7516;1.2864;359.2551;NULL;NULL;NULL;NULL;NULL;NULL;NULL;NULL;NULL;-0.2846;-0.8262;0.0994;69.8953;320.5851;329.4399;-0.2798;-0.8178;0.0958;69.7116;323.4141;332.4782;1;NULL;-0.2798;-0.8178;0.0958;69.7116;323.4141;332.4782;ControllerBody;NULL;NULL;NULL;NULL;NULL;NULL;NULL;NULL;NULL;NULL;NULL;NULL;NULL;-0.0030;0.0044;0.5616;356.0490;353.2008;1.6705;-0.0082;0.0086;0.5549;355.9679;353.1207;1.7715;0;NULL;-0.0082;0.0086;0.5549;355.9679;353.1207;1.7715;ControllerBody;NULL;c695270d-b11f-410e-bcd0-df2fe05129b0;NULL;NULL;;Controller;;Translation;OpenLoop;;Manual;NULL;NULL;0.0300;0.0000;0.0000;2.0000;OpenLoop;0.0000;2026-05-25 13:54:27.9307;Controllers;5;10;OpenXR
NULL;Right;NULL;NULL;Baseline;NULL;OppositeHandTrigger;NULL;NULL;NULL;NULL;NULL;NULL;NULL;NULL;NULL;NULL;None;anonymous;NULL;Trial Accepted;TaskEvent;Debug;923;0e220dd9-09f7-4473-bcda-acf277e68b54;NULL;0.0075;0.0001;-0.0093;359.6490;3.9580;358.1846;NULL;NULL;NULL;NULL;-0.0708;0.0000;2.0000;NULL;NULL;-0.2791;-0.8217;0.1014;70.5476;319.8183;327.9498;-0.2751;-0.8101;0.0991;70.4326;322.4011;330.3686;1;NULL;-0.2751;-0.8101;0.0991;70.4326;322.4011;330.3686;ControllerBody;NULL;NULL;NULL;NULL;NULL;NULL;NULL;NULL;NULL;NULL;NULL;NULL;NULL;0.0238;-0.0181;0.5676;357.1188;356.2208;6.1737;0.0195;-0.0182;0.5586;356.9421;355.8743;6.0265;0;NULL;0.0195;-0.0182;0.5586;356.9421;355.8743;6.0265;ControllerBody;NULL;c695270d-b11f-410e-bcd0-df2fe05129b0;-7.0793;NULL;;Controller;;Translation;OpenLoop;;Manual;NULL;NULL;NULL;NULL;NULL;NULL;OpenLoop;5.6311;2026-05-25 13:54:33.5575;Controllers;5;10;OpenXR
NULL;Right;NULL;NULL;Baseline;NULL;OppositeHandTrigger;NULL;NULL;NULL;NULL;NULL;NULL;NULL;NULL;NULL;NULL;None;anonymous;NULL;Trial Started;TaskEvent;Debug;923;0e220dd9-09f7-4473-bcda-acf277e68b54;NULL;0.0075;0.0001;-0.0093;359.6490;3.9580;358.1846;NULL;NULL;NULL;NULL;NULL;NULL;NULL;NULL;NULL;-0.2791;-0.8217;0.1014;70.5476;319.8183;327.9498;-0.2751;-0.8101;0.0991;70.4326;322.4011;330.3686;1;NULL;-0.2751;-0.8101;0.0991;70.4326;322.4011;330.3686;ControllerBody;NULL;NULL;NULL;NULL;NULL;NULL;NULL;NULL;NULL;NULL;NULL;NULL;NULL;0.0238;-0.0181;0.5676;357.1188;356.2208;6.1737;0.0195;-0.0182;0.5586;356.9421;355.8743;6.0265;0;NULL;0.0195;-0.0182;0.5586;356.9421;355.8743;6.0265;ControllerBody;NULL;c695270d-b11f-410e-bcd0-df2fe05129b0;NULL;NULL;;Controller;;Translation;OpenLoop;;Manual;NULL;NULL;0.0300;0.0000;0.0000;2.0000;OpenLoop;0.0000;2026-05-25 13:54:33.5606;Controllers;6;10;OpenXR
NULL;Right;NULL;NULL;Baseline;NULL;OppositeHandTrigger;NULL;NULL;NULL;NULL;NULL;NULL;NULL;NULL;NULL;NULL;None;anonymous;NULL;Trial Accepted;TaskEvent;Debug;1024;0e220dd9-09f7-4473-bcda-acf277e68b54;NULL;0.0098;0.0010;-0.0144;358.5350;4.6426;357.7207;NULL;NULL;NULL;NULL;-0.0590;0.0000;2.0000;NULL;NULL;-0.2758;-0.8200;0.1021;69.3822;321.4165;325.9008;-0.2765;-0.8124;0.1025;67.7711;319.9114;323.8160;1;NULL;-0.2765;-0.8124;0.1025;67.7711;319.9114;323.8160;ControllerBody;NULL;NULL;NULL;NULL;NULL;NULL;NULL;NULL;NULL;NULL;NULL;NULL;NULL;0.0209;0.0270;0.5524;352.2089;356.8415;5.3096;0.0134;0.0351;0.5436;352.1775;355.8549;3.4165;0;NULL;0.0134;0.0351;0.5436;352.1775;355.8549;3.4165;ControllerBody;NULL;c695270d-b11f-410e-bcd0-df2fe05129b0;-5.8955;NULL;;Controller;;Translation;OpenLoop;;Manual;NULL;NULL;NULL;NULL;NULL;NULL;OpenLoop;1.7502;2026-05-25 13:54:35.3079;Controllers;6;10;OpenXR
NULL;Right;NULL;NULL;Baseline;NULL;OppositeHandTrigger;NULL;NULL;NULL;NULL;NULL;NULL;NULL;NULL;NULL;NULL;None;anonymous;NULL;Trial Started;TaskEvent;Debug;1024;0e220dd9-09f7-4473-bcda-acf277e68b54;NULL;0.0098;0.0010;-0.0144;358.5350;4.6426;357.7207;NULL;NULL;NULL;NULL;NULL;NULL;NULL;NULL;NULL;-0.2758;-0.8200;0.1021;69.3822;321.4165;325.9008;-0.2765;-0.8124;0.1025;67.7711;319.9114;323.8160;1;NULL;-0.2765;-0.8124;0.1025;67.7711;319.9114;323.8160;ControllerBody;NULL;NULL;NULL;NULL;NULL;NULL;NULL;NULL;NULL;NULL;NULL;NULL;NULL;0.0209;0.0270;0.5524;352.2089;356.8415;5.3096;0.0134;0.0351;0.5436;352.1775;355.8549;3.4165;0;NULL;0.0134;0.0351;0.5436;352.1775;355.8549;3.4165;ControllerBody;NULL;c695270d-b11f-410e-bcd0-df2fe05129b0;NULL;NULL;;Controller;;Translation;OpenLoop;;Manual;NULL;NULL;0.0300;0.0000;0.0000;2.0000;OpenLoop;0.0000;2026-05-25 13:54:35.3105;Controllers;7;10;OpenXR
NULL;Right;NULL;NULL;Baseline;NULL;OppositeHandTrigger;NULL;NULL;NULL;NULL;NULL;NULL;NULL;NULL;NULL;NULL;None;anonymous;NULL;Trial Accepted;TaskEvent;Debug;1130;0e220dd9-09f7-4473-bcda-acf277e68b54;NULL;0.0032;0.0001;-0.0133;358.4555;3.6713;358.7359;NULL;NULL;NULL;NULL;-0.0819;0.0000;2.0000;NULL;NULL;-0.2790;-0.8254;0.1030;69.4337;320.6951;327.2659;-0.2740;-0.8206;0.0962;70.0945;323.9473;330.7458;1;NULL;-0.2740;-0.8206;0.0962;70.0945;323.9473;330.7458;ControllerBody;NULL;NULL;NULL;NULL;NULL;NULL;NULL;NULL;NULL;NULL;NULL;NULL;NULL;0.0119;0.0213;0.5463;352.8220;356.3083;1.3634;0.0101;0.0255;0.5449;351.6711;356.4922;3.2575;0;NULL;0.0101;0.0255;0.5449;351.6711;356.4922;3.2575;ControllerBody;NULL;c695270d-b11f-410e-bcd0-df2fe05129b0;-8.1858;NULL;;Controller;;Translation;OpenLoop;;Manual;NULL;NULL;NULL;NULL;NULL;NULL;OpenLoop;1.7831;2026-05-25 13:54:37.0905;Controllers;7;10;OpenXR
NULL;Right;NULL;NULL;Baseline;NULL;OppositeHandTrigger;NULL;NULL;NULL;NULL;NULL;NULL;NULL;NULL;NULL;NULL;None;anonymous;NULL;Trial Started;TaskEvent;Debug;1130;0e220dd9-09f7-4473-bcda-acf277e68b54;NULL;0.0032;0.0001;-0.0133;358.4555;3.6713;358.7359;NULL;NULL;NULL;NULL;NULL;NULL;NULL;NULL;NULL;-0.2790;-0.8254;0.1030;69.4337;320.6951;327.2659;-0.2740;-0.8206;0.0962;70.0945;323.9473;330.7458;1;NULL;-0.2740;-0.8206;0.0962;70.0945;323.9473;330.7458;ControllerBody;NULL;NULL;NULL;NULL;NULL;NULL;NULL;NULL;NULL;NULL;NULL;NULL;NULL;0.0119;0.0213;0.5463;352.8220;356.3083;1.3634;0.0101;0.0255;0.5449;351.6711;356.4922;3.2575;0;NULL;0.0101;0.0255;0.5449;351.6711;356.4922;3.2575;ControllerBody;NULL;c695270d-b11f-410e-bcd0-df2fe05129b0;NULL;NULL;;Controller;;Translation;OpenLoop;;Manual;NULL;NULL;0.0300;0.0000;0.0000;2.0000;OpenLoop;0.0000;2026-05-25 13:54:37.0936;Controllers;8;10;OpenXR
NULL;Right;NULL;NULL;Baseline;NULL;OppositeHandTrigger;NULL;NULL;NULL;NULL;NULL;NULL;NULL;NULL;NULL;NULL;None;anonymous;NULL;Trial Accepted;TaskEvent;Debug;1238;0e220dd9-09f7-4473-bcda-acf277e68b54;NULL;0.0025;-0.0018;-0.0109;359.6476;4.5995;359.7537;NULL;NULL;NULL;NULL;-0.0723;0.0000;2.0000;NULL;NULL;-0.2746;-0.8324;0.0954;70.5558;320.6421;326.8592;-0.2719;-0.8270;0.0983;70.1843;323.4414;329.9328;1;NULL;-0.2719;-0.8270;0.0983;70.1843;323.4414;329.9328;ControllerBody;NULL;NULL;NULL;NULL;NULL;NULL;NULL;NULL;NULL;NULL;NULL;NULL;NULL;0.0186;0.0289;0.5448;352.7955;356.4254;2.2545;0.0089;0.0303;0.5451;352.8062;355.4932;4.5897;0;NULL;0.0089;0.0303;0.5451;352.8062;355.4932;4.5897;ControllerBody;NULL;c695270d-b11f-410e-bcd0-df2fe05129b0;-7.2285;NULL;;Controller;;Translation;OpenLoop;;Manual;NULL;NULL;NULL;NULL;NULL;NULL;OpenLoop;1.8395;2026-05-25 13:54:38.9302;Controllers;8;10;OpenXR
NULL;Right;NULL;NULL;Baseline;NULL;OppositeHandTrigger;NULL;NULL;NULL;NULL;NULL;NULL;NULL;NULL;NULL;NULL;None;anonymous;NULL;Trial Started;TaskEvent;Debug;1238;0e220dd9-09f7-4473-bcda-acf277e68b54;NULL;0.0025;-0.0018;-0.0109;359.6476;4.5995;359.7537;NULL;NULL;NULL;NULL;NULL;NULL;NULL;NULL;NULL;-0.2746;-0.8324;0.0954;70.5558;320.6421;326.8592;-0.2719;-0.8270;0.0983;70.1843;323.4414;329.9328;1;NULL;-0.2719;-0.8270;0.0983;70.1843;323.4414;329.9328;ControllerBody;NULL;NULL;NULL;NULL;NULL;NULL;NULL;NULL;NULL;NULL;NULL;NULL;NULL;0.0186;0.0289;0.5448;352.7955;356.4254;2.2545;0.0089;0.0303;0.5451;352.8062;355.4932;4.5897;0;NULL;0.0089;0.0303;0.5451;352.8062;355.4932;4.5897;ControllerBody;NULL;c695270d-b11f-410e-bcd0-df2fe05129b0;NULL;NULL;;Controller;;Translation;OpenLoop;;Manual;NULL;NULL;0.0300;0.0000;0.0000;2.0000;OpenLoop;0.0000;2026-05-25 13:54:38.9333;Controllers;9;10;OpenXR
NULL;Right;NULL;NULL;Baseline;NULL;OppositeHandTrigger;NULL;NULL;NULL;NULL;NULL;NULL;NULL;NULL;NULL;NULL;None;anonymous;NULL;Trial Accepted;TaskEvent;Debug;1348;0e220dd9-09f7-4473-bcda-acf277e68b54;NULL;0.0025;-0.0016;-0.0152;359.2906;5.1121;358.9026;NULL;NULL;NULL;NULL;-0.1443;0.0000;2.0000;NULL;NULL;-0.2778;-0.8230;0.1064;70.5141;323.3763;328.6267;-0.2728;-0.8144;0.1051;71.1293;329.9697;335.2843;1;NULL;-0.2728;-0.8144;0.1051;71.1293;329.9697;335.2843;ControllerBody;NULL;NULL;NULL;NULL;NULL;NULL;NULL;NULL;NULL;NULL;NULL;NULL;NULL;-0.0010;0.0311;0.5307;351.9438;354.4314;8.1201;-0.0108;0.0328;0.5248;350.5779;354.1060;8.1179;0;NULL;-0.0108;0.0328;0.5248;350.5779;354.1060;8.1179;ControllerBody;NULL;c695270d-b11f-410e-bcd0-df2fe05129b0;-14.4293;NULL;;Controller;;Translation;OpenLoop;;Manual;NULL;NULL;NULL;NULL;NULL;NULL;OpenLoop;1.8699;2026-05-25 13:54:40.8001;Controllers;9;10;OpenXR
NULL;Right;NULL;NULL;Baseline;NULL;OppositeHandTrigger;NULL;NULL;NULL;NULL;NULL;NULL;NULL;NULL;NULL;NULL;None;anonymous;NULL;Trial Started;TaskEvent;Debug;1348;0e220dd9-09f7-4473-bcda-acf277e68b54;NULL;0.0025;-0.0016;-0.0152;359.2906;5.1121;358.9026;NULL;NULL;NULL;NULL;NULL;NULL;NULL;NULL;NULL;-0.2778;-0.8230;0.1064;70.5141;323.3763;328.6267;-0.2728;-0.8144;0.1051;71.1293;329.9697;335.2843;1;NULL;-0.2728;-0.8144;0.1051;71.1293;329.9697;335.2843;ControllerBody;NULL;NULL;NULL;NULL;NULL;NULL;NULL;NULL;NULL;NULL;NULL;NULL;NULL;-0.0010;0.0311;0.5307;351.9438;354.4314;8.1201;-0.0108;0.0328;0.5248;350.5779;354.1060;8.1179;0;NULL;-0.0108;0.0328;0.5248;350.5779;354.1060;8.1179;ControllerBody;NULL;c695270d-b11f-410e-bcd0-df2fe05129b0;NULL;NULL;;Controller;;Translation;OpenLoop;;Manual;NULL;NULL;0.0300;0.0000;0.0000;2.0000;OpenLoop;0.0000;2026-05-25 13:54:40.8021;Controllers;10;10;OpenXR
NULL;Right;NULL;NULL;Baseline;NULL;OppositeHandTrigger;NULL;NULL;NULL;NULL;NULL;NULL;NULL;NULL;NULL;NULL;None;anonymous;NULL;Trial Accepted;TaskEvent;Debug;1455;0e220dd9-09f7-4473-bcda-acf277e68b54;NULL;-0.0055;-0.0020;-0.0159;359.2688;5.1420;359.5988;NULL;NULL;NULL;NULL;0.0585;0.0000;2.0000;NULL;NULL;-0.2764;-0.8266;0.1122;70.1660;322.5899;325.6757;-0.2692;-0.8214;0.1061;70.2170;325.2366;327.9889;1;NULL;-0.2692;-0.8214;0.1061;70.2170;325.2366;327.9889;ControllerBody;NULL;NULL;NULL;NULL;NULL;NULL;NULL;NULL;NULL;NULL;NULL;NULL;NULL;0.0469;0.0314;0.5459;351.2526;0.4565;4.0685;0.0428;0.0388;0.5410;350.7734;359.4861;5.2187;0;NULL;0.0428;0.0388;0.5410;350.7734;359.4861;5.2187;ControllerBody;NULL;c695270d-b11f-410e-bcd0-df2fe05129b0;5.8450;NULL;;Controller;;Translation;OpenLoop;;Manual;NULL;NULL;NULL;NULL;NULL;NULL;OpenLoop;1.8170;2026-05-25 13:54:42.6173;Controllers;10;10;OpenXR
NULL;Right;NULL;NULL;Baseline;NULL;OppositeHandTrigger;NULL;NULL;NULL;NULL;NULL;NULL;NULL;NULL;NULL;NULL;None;anonymous;NULL;Block Completed;BlockEvent;Debug;1455;0e220dd9-09f7-4473-bcda-acf277e68b54;NULL;-0.0055;-0.0020;-0.0159;359.2688;5.1420;359.5988;NULL;NULL;NULL;NULL;NULL;NULL;NULL;NULL;NULL;-0.2764;-0.8266;0.1122;70.1660;322.5899;325.6757;-0.2692;-0.8214;0.1061;70.2170;325.2366;327.9889;1;NULL;-0.2692;-0.8214;0.1061;70.2170;325.2366;327.9889;ControllerBody;NULL;NULL;NULL;-10.7652;NULL;NULL;NULL;NULL;NULL;NULL;NULL;NULL;NULL;0.0469;0.0314;0.5459;351.2526;0.4565;4.0685;0.0428;0.0388;0.5410;350.7734;359.4861;5.2187;0;NULL;0.0428;0.0388;0.5410;350.7734;359.4861;5.2187;ControllerBody;8.5830;c695270d-b11f-410e-bcd0-df2fe05129b0;NULL;NULL;;Controller;;Translation;OpenLoop;;Manual;NULL;NULL;NULL;NULL;NULL;NULL;OpenLoop;0.0000;2026-05-25 13:54:42.6234;Controllers;NULL;10;OpenXR
NULL;Right;NULL;NULL;Exposure;NULL;OppositeHandTrigger;NULL;NULL;NULL;NULL;NULL;NULL;NULL;NULL;NULL;NULL;None;anonymous;NULL;Exposure Started;BlockEvent;Debug;1574;0e220dd9-09f7-4473-bcda-acf277e68b54;NULL;-0.0013;-0.0013;-0.0058;359.6601;5.0121;359.8690;NULL;NULL;NULL;NULL;NULL;NULL;NULL;NULL;NULL;-0.2727;-0.8373;0.1012;70.7944;321.7816;322.3963;-0.2672;-0.8309;0.0962;73.0070;325.2864;325.7334;0;NULL;-0.2672;-0.8309;0.0962;73.0070;325.2864;325.7334;ControllerBody;NULL;NULL;NULL;NULL;NULL;NULL;NULL;NULL;NULL;NULL;NULL;NULL;NULL;0.2633;-0.6513;0.2561;26.6457;6.1202;1.7242;0.2511;-0.6087;0.2586;23.3496;4.3076;2.3273;0;NULL;0.2511;-0.6087;0.2586;23.3496;4.3076;2.3273;ControllerBody;NULL;c695270d-b11f-410e-bcd0-df2fe05129b0;NULL;OpenLoop;;Controller;;Translation;OpenLoop;;Manual;NULL;NULL;NULL;NULL;NULL;NULL;Exposure;2.0161;2026-05-25 13:54:44.6325;Controllers;NULL;NULL;OpenXR
NULL;Right;NULL;NULL;Exposure;NULL;OppositeHandTrigger;2;1;0;0;0;0;0.5000;0.0000;2.0000;NULL;Translation;anonymous;NULL;Mole Spawned;MoleEvent;Debug;1574;0e220dd9-09f7-4473-bcda-acf277e68b54;NULL;-0.0013;-0.0013;-0.0058;359.6601;5.0121;359.8690;NULL;NULL;NULL;NULL;NULL;NULL;NULL;NULL;NULL;-0.2727;-0.8373;0.1012;70.7944;321.7816;322.3963;-0.2672;-0.8309;0.0962;73.0070;325.2864;325.7334;0;NULL;-0.2672;-0.8309;0.0962;73.0070;325.2864;325.7334;ControllerBody;NULL;NULL;NULL;NULL;2;1;0;0;0;0;0.5000;0.0000;2.0000;0.2633;-0.6513;0.2561;26.6457;6.1202;1.7242;0.2511;-0.6087;0.2586;23.3496;4.3076;2.3273;0;NULL;0.2511;-0.6087;0.2586;23.3496;4.3076;2.3273;ControllerBody;NULL;c695270d-b11f-410e-bcd0-df2fe05129b0;NULL;NULL;;Controller;;Translation;Exposure;;Manual;NULL;1;NULL;0.5000;0.0000;2.0000;Exposure;0.0000;2026-05-25 13:54:44.6450;Controllers;NULL;NULL;OpenXR
NULL;Right;NULL;1;Exposure;NULL;OppositeHandTrigger;2;1;0;0;0;0;0.5000;0.0000;2.0000;NULL;Translation;anonymous;NULL;Pointer Shoot;PointerEvent;Debug;1623;0e220dd9-09f7-4473-bcda-acf277e68b54;NULL;0.0052;-0.0006;-0.0113;359.6066;8.6723;359.9650;NULL;0.7774;-0.0462;2.0000;0.7774;-0.0462;2.0000;NULL;NULL;-0.2688;-0.8312;0.1031;70.9463;326.0888;326.4489;-0.2615;-0.8259;0.0930;71.5292;329.0089;329.3589;1;NULL;-0.2615;-0.8259;0.0930;71.5292;329.0089;329.3589;ControllerBody;NULL;NULL;NULL;NULL;2;1;0;0;0;0;0.5000;0.0000;2.0000;0.1711;-0.0390;0.5804;0.2862;10.2341;1.5944;0.1774;-0.0470;0.5774;0.8646;9.8261;2.1259;0;NULL;0.1774;-0.0470;0.5774;0.8646;9.8261;2.1259;ControllerBody;NULL;c695270d-b11f-410e-bcd0-df2fe05129b0;NULL;NULL;;Controller;;Translation;Exposure;;Manual;0;1;NULL;0.5000;0.0000;2.0000;Exposure;0.8828;2026-05-25 13:54:45.5169;Controllers;NULL;NULL;OpenXR
NULL;Right;NULL;1;Exposure;NULL;OppositeHandTrigger;2;1;0;0;0;0;0.5000;0.0000;2.0000;NULL;Translation;anonymous;NULL;Mole Missed;PointerEvent;Debug;1623;0e220dd9-09f7-4473-bcda-acf277e68b54;NULL;0.0052;-0.0006;-0.0113;359.6066;8.6723;359.9650;0.2812;0.7774;-0.0462;2.0000;0.7774;-0.0462;2.0000;NULL;0;-0.2688;-0.8312;0.1031;70.9463;326.0888;326.4489;-0.2615;-0.8259;0.0930;71.5292;329.0089;329.3589;1;NULL;-0.2615;-0.8259;0.0930;71.5292;329.0089;329.3589;ControllerBody;NULL;NULL;NULL;NULL;2;1;0;0;0;0;0.5000;0.0000;2.0000;0.1711;-0.0390;0.5804;0.2862;10.2341;1.5944;0.1774;-0.0470;0.5774;0.8646;9.8261;2.1259;0;NULL;0.1774;-0.0470;0.5774;0.8646;9.8261;2.1259;ControllerBody;NULL;c695270d-b11f-410e-bcd0-df2fe05129b0;NULL;NULL;;Controller;;Translation;Exposure;;Manual;0;1;NULL;0.5000;0.0000;2.0000;Exposure;0.0000;2026-05-25 13:54:45.5200;Controllers;NULL;NULL;OpenXR
NULL;Right;NULL;NULL;Exposure;NULL;OppositeHandTrigger;3;2;0;1;0;0;-0.5000;0.0000;2.0000;NULL;Translation;anonymous;NULL;Mole Spawned;MoleEvent;Debug;1623;0e220dd9-09f7-4473-bcda-acf277e68b54;NULL;0.0052;-0.0006;-0.0113;359.6066;8.6723;359.9650;NULL;NULL;NULL;NULL;NULL;NULL;NULL;NULL;NULL;-0.2688;-0.8312;0.1031;70.9463;326.0888;326.4489;-0.2615;-0.8259;0.0930;71.5292;329.0089;329.3589;1;NULL;-0.2615;-0.8259;0.0930;71.5292;329.0089;329.3589;ControllerBody;NULL;NULL;NULL;NULL;3;2;0;1;0;0;-0.5000;0.0000;2.0000;0.1711;-0.0390;0.5804;0.2862;10.2341;1.5944;0.1774;-0.0470;0.5774;0.8646;9.8261;2.1259;0;NULL;0.1774;-0.0470;0.5774;0.8646;9.8261;2.1259;ControllerBody;NULL;c695270d-b11f-410e-bcd0-df2fe05129b0;NULL;NULL;;Controller;;Translation;Exposure;;Manual;NULL;2;NULL;-0.5000;0.0000;2.0000;Exposure;0.0000;2026-05-25 13:54:45.5246;Controllers;NULL;NULL;OpenXR
NULL;Right;NULL;2;Exposure;NULL;OppositeHandTrigger;3;2;0;1;0;0;-0.5000;0.0000;2.0000;NULL;Translation;anonymous;NULL;Pointer Shoot;PointerEvent;Debug;1679;0e220dd9-09f7-4473-bcda-acf277e68b54;NULL;-0.0223;0.0023;-0.0116;358.2548;350.7441;1.7069;NULL;-0.4542;-0.0840;2.0000;-0.4542;-0.0840;2.0000;NULL;NULL;-0.2869;-0.8300;0.0897;69.9865;317.8895;325.9896;-0.2886;-0.8260;0.0762;70.1878;316.7862;325.7464;1;NULL;-0.2886;-0.8260;0.0762;70.1878;316.7862;325.7464;ControllerBody;NULL;NULL;NULL;NULL;3;2;0;1;0;0;-0.5000;0.0000;2.0000;-0.1765;-0.0678;0.5254;0.5773;336.9401;6.4914;-0.1926;-0.0680;0.5102;0.6914;335.3001;6.5032;0;NULL;-0.1926;-0.0680;0.5102;0.6914;335.3001;6.5032;ControllerBody;NULL;c695270d-b11f-410e-bcd0-df2fe05129b0;NULL;NULL;;Controller;;Translation;Exposure;;Manual;0;2;NULL;-0.5000;0.0000;2.0000;Exposure;1.0342;2026-05-25 13:54:46.5522;Controllers;NULL;NULL;OpenXR
NULL;Right;NULL;2;Exposure;NULL;OppositeHandTrigger;3;2;0;1;0;0;-0.5000;0.0000;2.0000;NULL;Translation;anonymous;NULL;Mole Hit;MoleEvent;Debug;1679;0e220dd9-09f7-4473-bcda-acf277e68b54;NULL;-0.0223;0.0023;-0.0116;358.2548;350.7441;1.7069;0.0956;-0.4542;-0.0840;2.0000;-0.4542;-0.0840;2.0000;NULL;1;-0.2869;-0.8300;0.0897;69.9865;317.8895;325.9896;-0.2886;-0.8260;0.0762;70.1878;316.7862;325.7464;1;NULL;-0.2886;-0.8260;0.0762;70.1878;316.7862;325.7464;ControllerBody;NULL;NULL;NULL;NULL;3;2;0;1;0;0;-0.5000;0.0000;2.0000;-0.1765;-0.0678;0.5254;0.5773;336.9401;6.4914;-0.1926;-0.0680;0.5102;0.6914;335.3001;6.5032;0;NULL;-0.1926;-0.0680;0.5102;0.6914;335.3001;6.5032;ControllerBody;NULL;c695270d-b11f-410e-bcd0-df2fe05129b0;NULL;NULL;;Controller;;Translation;Exposure;;Manual;0;2;NULL;-0.5000;0.0000;2.0000;Exposure;0.0000;2026-05-25 13:54:46.5537;Controllers;NULL;NULL;OpenXR
NULL;Right;NULL;NULL;Exposure;NULL;OppositeHandTrigger;2;1;0;0;0;0;0.5000;0.0000;2.0000;NULL;Translation;anonymous;NULL;Mole Spawned;MoleEvent;Debug;1679;0e220dd9-09f7-4473-bcda-acf277e68b54;NULL;-0.0223;0.0023;-0.0116;358.2548;350.7441;1.7069;NULL;NULL;NULL;NULL;NULL;NULL;NULL;NULL;NULL;-0.2869;-0.8300;0.0897;69.9865;317.8895;325.9896;-0.2886;-0.8260;0.0762;70.1878;316.7862;325.7464;1;NULL;-0.2886;-0.8260;0.0762;70.1878;316.7862;325.7464;ControllerBody;NULL;NULL;NULL;NULL;2;1;0;0;0;0;0.5000;0.0000;2.0000;-0.1765;-0.0678;0.5254;0.5773;336.9401;6.4914;-0.1926;-0.0680;0.5102;0.6914;335.3001;6.5032;0;NULL;-0.1926;-0.0680;0.5102;0.6914;335.3001;6.5032;ControllerBody;NULL;c695270d-b11f-410e-bcd0-df2fe05129b0;NULL;NULL;;Controller;;Translation;Exposure;;Manual;NULL;1;NULL;0.5000;0.0000;2.0000;Exposure;0.0000;2026-05-25 13:54:46.5578;Controllers;NULL;NULL;OpenXR
NULL;Right;NULL;3;Exposure;NULL;OppositeHandTrigger;2;1;0;0;0;0;0.5000;0.0000;2.0000;NULL;Translation;anonymous;NULL;Pointer Shoot;PointerEvent;Debug;1725;0e220dd9-09f7-4473-bcda-acf277e68b54;NULL;0.0141;0.0017;-0.0107;358.2564;6.3274;358.8820;NULL;0.6013;-0.0037;2.0000;0.6013;-0.0037;2.0000;NULL;NULL;-0.2806;-0.8270;0.0868;69.9871;318.6858;325.3931;-0.2780;-0.8102;0.0957;68.2456;322.5249;329.2805;1;NULL;-0.2780;-0.8102;0.0957;68.2456;322.5249;329.2805;ControllerBody;NULL;NULL;NULL;NULL;2;1;0;0;0;0;0.5000;0.0000;2.0000;0.1139;-0.0474;0.5864;358.2408;5.5514;5.4405;0.1216;-0.0443;0.5792;358.1577;5.6609;4.6080;0;NULL;0.1216;-0.0443;0.5792;358.1577;5.6609;4.6080;ControllerBody;NULL;c695270d-b11f-410e-bcd0-df2fe05129b0;NULL;NULL;;Controller;;Translation;Exposure;;Manual;1;1;NULL;0.5000;0.0000;2.0000;Exposure;0.8495;2026-05-25 13:54:47.4001;Controllers;NULL;NULL;OpenXR
NULL;Right;NULL;3;Exposure;NULL;OppositeHandTrigger;2;1;0;0;0;0;0.5000;0.0000;2.0000;NULL;Translation;anonymous;NULL;Mole Missed;PointerEvent;Debug;1725;0e220dd9-09f7-4473-bcda-acf277e68b54;NULL;0.0141;0.0017;-0.0107;358.2564;6.3274;358.8820;0.1013;0.6013;-0.0037;2.0000;0.6013;-0.0037;2.0000;NULL;0;-0.2806;-0.8270;0.0868;69.9871;318.6858;325.3931;-0.2780;-0.8102;0.0957;68.2456;322.5249;329.2805;1;NULL;-0.2780;-0.8102;0.0957;68.2456;322.5249;329.2805;ControllerBody;NULL;NULL;NULL;NULL;2;1;0;0;0;0;0.5000;0.0000;2.0000;0.1139;-0.0474;0.5864;358.2408;5.5514;5.4405;0.1216;-0.0443;0.5792;358.1577;5.6609;4.6080;0;NULL;0.1216;-0.0443;0.5792;358.1577;5.6609;4.6080;ControllerBody;NULL;c695270d-b11f-410e-bcd0-df2fe05129b0;NULL;NULL;;Controller;;Translation;Exposure;;Manual;1;1;NULL;0.5000;0.0000;2.0000;Exposure;0.0000;2026-05-25 13:54:47.4021;Controllers;NULL;NULL;OpenXR
NULL;Right;NULL;NULL;Exposure;NULL;OppositeHandTrigger;3;2;0;1;0;0;-0.5000;0.0000;2.0000;NULL;Translation;anonymous;NULL;Mole Spawned;MoleEvent;Debug;1725;0e220dd9-09f7-4473-bcda-acf277e68b54;NULL;0.0141;0.0017;-0.0107;358.2564;6.3274;358.8820;NULL;NULL;NULL;NULL;NULL;NULL;NULL;NULL;NULL;-0.2806;-0.8270;0.0868;69.9871;318.6858;325.3931;-0.2780;-0.8102;0.0957;68.2456;322.5249;329.2805;1;NULL;-0.2780;-0.8102;0.0957;68.2456;322.5249;329.2805;ControllerBody;NULL;NULL;NULL;NULL;3;2;0;1;0;0;-0.5000;0.0000;2.0000;0.1139;-0.0474;0.5864;358.2408;5.5514;5.4405;0.1216;-0.0443;0.5792;358.1577;5.6609;4.6080;0;NULL;0.1216;-0.0443;0.5792;358.1577;5.6609;4.6080;ControllerBody;NULL;c695270d-b11f-410e-bcd0-df2fe05129b0;NULL;NULL;;Controller;;Translation;Exposure;;Manual;NULL;2;NULL;-0.5000;0.0000;2.0000;Exposure;0.0000;2026-05-25 13:54:47.4052;Controllers;NULL;NULL;OpenXR
NULL;Right;NULL;4;Exposure;NULL;OppositeHandTrigger;3;2;0;1;0;0;-0.5000;0.0000;2.0000;NULL;Translation;anonymous;NULL;Pointer Shoot;PointerEvent;Debug;1763;0e220dd9-09f7-4473-bcda-acf277e68b54;NULL;-0.0085;0.0034;-0.0104;357.6153;354.1629;359.1557;NULL;-0.3443;0.0002;2.0000;-0.3443;0.0002;2.0000;NULL;NULL;-0.2892;-0.8195;0.0882;68.5020;315.7882;326.8381;-0.2942;-0.8122;0.0809;68.2284;316.7843;329.1667;1;NULL;-0.2942;-0.8122;0.0809;68.2284;316.7843;329.1667;ControllerBody;NULL;NULL;NULL;NULL;3;2;0;1;0;0;-0.5000;0.0000;2.0000;-0.1629;-0.0538;0.5387;358.0103;340.0173;8.0481;-0.1798;-0.0570;0.5272;358.5381;338.5328;8.5773;0;NULL;-0.1798;-0.0570;0.5272;358.5381;338.5328;8.5773;ControllerBody;NULL;c695270d-b11f-410e-bcd0-df2fe05129b0;NULL;NULL;;Controller;;Translation;Exposure;;Manual;1;2;NULL;-0.5000;0.0000;2.0000;Exposure;0.6997;2026-05-25 13:54:48.1008;Controllers;NULL;NULL;OpenXR
NULL;Right;NULL;4;Exposure;NULL;OppositeHandTrigger;3;2;0;1;0;0;-0.5000;0.0000;2.0000;NULL;Translation;anonymous;NULL;Mole Missed;PointerEvent;Debug;1763;0e220dd9-09f7-4473-bcda-acf277e68b54;NULL;-0.0085;0.0034;-0.0104;357.6153;354.1629;359.1557;0.1557;-0.3443;0.0002;2.0000;-0.3443;0.0002;2.0000;NULL;0;-0.2892;-0.8195;0.0882;68.5020;315.7882;326.8381;-0.2942;-0.8122;0.0809;68.2284;316.7843;329.1667;1;NULL;-0.2942;-0.8122;0.0809;68.2284;316.7843;329.1667;ControllerBody;NULL;NULL;NULL;NULL;3;2;0;1;0;0;-0.5000;0.0000;2.0000;-0.1629;-0.0538;0.5387;358.0103;340.0173;8.0481;-0.1798;-0.0570;0.5272;358.5381;338.5328;8.5773;0;NULL;-0.1798;-0.0570;0.5272;358.5381;338.5328;8.5773;ControllerBody;NULL;c695270d-b11f-410e-bcd0-df2fe05129b0;NULL;NULL;;Controller;;Translation;Exposure;;Manual;1;2;NULL;-0.5000;0.0000;2.0000;Exposure;0.0000;2026-05-25 13:54:48.1029;Controllers;NULL;NULL;OpenXR
NULL;Right;NULL;NULL;Exposure;NULL;OppositeHandTrigger;1;0;0;-1;0;0;0.0000;0.0000;2.0000;NULL;Translation;anonymous;NULL;Mole Spawned;MoleEvent;Debug;1763;0e220dd9-09f7-4473-bcda-acf277e68b54;NULL;-0.0085;0.0034;-0.0104;357.6153;354.1629;359.1557;NULL;NULL;NULL;NULL;NULL;NULL;NULL;NULL;NULL;-0.2892;-0.8195;0.0882;68.5020;315.7882;326.8381;-0.2942;-0.8122;0.0809;68.2284;316.7843;329.1667;1;NULL;-0.2942;-0.8122;0.0809;68.2284;316.7843;329.1667;ControllerBody;NULL;NULL;NULL;NULL;1;0;0;-1;0;0;0.0000;0.0000;2.0000;-0.1629;-0.0538;0.5387;358.0103;340.0173;8.0481;-0.1798;-0.0570;0.5272;358.5381;338.5328;8.5773;0;NULL;-0.1798;-0.0570;0.5272;358.5381;338.5328;8.5773;ControllerBody;NULL;c695270d-b11f-410e-bcd0-df2fe05129b0;NULL;NULL;;Controller;;Translation;Exposure;;Manual;NULL;0;NULL;0.0000;0.0000;2.0000;Exposure;0.0000;2026-05-25 13:54:48.1050;Controllers;NULL;NULL;OpenXR
NULL;Right;NULL;5;Exposure;NULL;OppositeHandTrigger;1;0;0;-1;0;0;0.0000;0.0000;2.0000;NULL;Translation;anonymous;NULL;Pointer Shoot;PointerEvent;Debug;1794;0e220dd9-09f7-4473-bcda-acf277e68b54;NULL;0.0075;0.0030;-0.0086;357.8856;358.7255;359.7249;NULL;0.1315;0.0242;2.0000;0.1315;0.0242;2.0000;NULL;NULL;-0.2868;-0.8260;0.0707;70.3863;312.2808;324.2079;-0.2814;-0.8131;0.0778;69.4591;316.3352;327.6220;1;NULL;-0.2814;-0.8131;0.0778;69.4591;316.3352;327.6220;ControllerBody;NULL;NULL;NULL;NULL;1;0;0;-1;0;0;0.0000;0.0000;2.0000;-0.0378;-0.0485;0.5772;357.0974;352.7601;9.8303;-0.0288;-0.0449;0.5699;356.5566;352.6637;8.8814;0;NULL;-0.0288;-0.0449;0.5699;356.5566;352.6637;8.8814;ControllerBody;NULL;c695270d-b11f-410e-bcd0-df2fe05129b0;NULL;NULL;;Controller;;Translation;Exposure;;Manual;1;0;NULL;0.0000;0.0000;2.0000;Exposure;0.5994;2026-05-25 13:54:48.6995;Controllers;NULL;NULL;OpenXR
NULL;Right;NULL;5;Exposure;NULL;OppositeHandTrigger;1;0;0;-1;0;0;0.0000;0.0000;2.0000;NULL;Translation;anonymous;NULL;Mole Missed;PointerEvent;Debug;1794;0e220dd9-09f7-4473-bcda-acf277e68b54;NULL;0.0075;0.0030;-0.0086;357.8856;358.7255;359.7249;0.1337;0.1315;0.0242;2.0000;0.1315;0.0242;2.0000;NULL;0;-0.2868;-0.8260;0.0707;70.3863;312.2808;324.2079;-0.2814;-0.8131;0.0778;69.4591;316.3352;327.6220;1;NULL;-0.2814;-0.8131;0.0778;69.4591;316.3352;327.6220;ControllerBody;NULL;NULL;NULL;NULL;1;0;0;-1;0;0;0.0000;0.0000;2.0000;-0.0378;-0.0485;0.5772;357.0974;352.7601;9.8303;-0.0288;-0.0449;0.5699;356.5566;352.6637;8.8814;0;NULL;-0.0288;-0.0449;0.5699;356.5566;352.6637;8.8814;ControllerBody;NULL;c695270d-b11f-410e-bcd0-df2fe05129b0;NULL;NULL;;Controller;;Translation;Exposure;;Manual;1;0;NULL;0.0000;0.0000;2.0000;Exposure;0.0000;2026-05-25 13:54:48.7005;Controllers;NULL;NULL;OpenXR
NULL;Right;NULL;NULL;Exposure;NULL;OppositeHandTrigger;2;1;0;0;0;0;0.5000;0.0000;2.0000;NULL;Translation;anonymous;NULL;Mole Spawned;MoleEvent;Debug;1794;0e220dd9-09f7-4473-bcda-acf277e68b54;NULL;0.0075;0.0030;-0.0086;357.8856;358.7255;359.7249;NULL;NULL;NULL;NULL;NULL;NULL;NULL;NULL;NULL;-0.2868;-0.8260;0.0707;70.3863;312.2808;324.2079;-0.2814;-0.8131;0.0778;69.4591;316.3352;327.6220;1;NULL;-0.2814;-0.8131;0.0778;69.4591;316.3352;327.6220;ControllerBody;NULL;NULL;NULL;NULL;2;1;0;0;0;0;0.5000;0.0000;2.0000;-0.0378;-0.0485;0.5772;357.0974;352.7601;9.8303;-0.0288;-0.0449;0.5699;356.5566;352.6637;8.8814;0;NULL;-0.0288;-0.0449;0.5699;356.5566;352.6637;8.8814;ControllerBody;NULL;c695270d-b11f-410e-bcd0-df2fe05129b0;NULL;NULL;;Controller;;Translation;Exposure;;Manual;NULL;1;NULL;0.5000;0.0000;2.0000;Exposure;0.0000;2026-05-25 13:54:48.7046;Controllers;NULL;NULL;OpenXR
NULL;Right;NULL;6;Exposure;NULL;OppositeHandTrigger;2;1;0;0;0;0;0.5000;0.0000;2.0000;NULL;Translation;anonymous;NULL;Pointer Shoot;PointerEvent;Debug;1825;0e220dd9-09f7-4473-bcda-acf277e68b54;NULL;0.0108;0.0026;-0.0087;357.9930;4.3052;0.2373;NULL;0.5956;0.0534;2.0000;0.5956;0.0534;2.0000;NULL;NULL;-0.2850;-0.8283;0.0699;71.1101;310.9639;322.9056;-0.2804;-0.8247;0.0619;70.9959;311.1413;323.3689;1;NULL;-0.2804;-0.8247;0.0619;70.9959;311.1413;323.3689;ControllerBody;NULL;NULL;NULL;NULL;2;1;0;0;0;0;0.5000;0.0000;2.0000;0.1015;-0.0314;0.5886;356.5829;5.8290;7.5780;0.1100;-0.0327;0.5814;356.2573;7.1188;8.0917;0;NULL;0.1100;-0.0327;0.5814;356.2573;7.1188;8.0917;ControllerBody;NULL;c695270d-b11f-410e-bcd0-df2fe05129b0;NULL;NULL;;Controller;;Translation;Exposure;;Manual;1;1;NULL;0.5000;0.0000;2.0000;Exposure;0.5828;2026-05-25 13:54:49.2821;Controllers;NULL;NULL;OpenXR
NULL;Right;NULL;6;Exposure;NULL;OppositeHandTrigger;2;1;0;0;0;0;0.5000;0.0000;2.0000;NULL;Translation;anonymous;NULL;Mole Missed;PointerEvent;Debug;1825;0e220dd9-09f7-4473-bcda-acf277e68b54;NULL;0.0108;0.0026;-0.0087;357.9930;4.3052;0.2373;0.1095;0.5956;0.0534;2.0000;0.5956;0.0534;2.0000;NULL;0;-0.2850;-0.8283;0.0699;71.1101;310.9639;322.9056;-0.2804;-0.8247;0.0619;70.9959;311.1413;323.3689;1;NULL;-0.2804;-0.8247;0.0619;70.9959;311.1413;323.3689;ControllerBody;NULL;NULL;NULL;NULL;2;1;0;0;0;0;0.5000;0.0000;2.0000;0.1015;-0.0314;0.5886;356.5829;5.8290;7.5780;0.1100;-0.0327;0.5814;356.2573;7.1188;8.0917;0;NULL;0.1100;-0.0327;0.5814;356.2573;7.1188;8.0917;ControllerBody;NULL;c695270d-b11f-410e-bcd0-df2fe05129b0;NULL;NULL;;Controller;;Translation;Exposure;;Manual;1;1;NULL;0.5000;0.0000;2.0000;Exposure;0.0000;2026-05-25 13:54:49.2831;Controllers;NULL;NULL;OpenXR
NULL;Right;NULL;NULL;Exposure;NULL;OppositeHandTrigger;1;0;0;-1;0;0;0.0000;0.0000;2.0000;NULL;Translation;anonymous;NULL;Mole Spawned;MoleEvent;Debug;1825;0e220dd9-09f7-4473-bcda-acf277e68b54;NULL;0.0108;0.0026;-0.0087;357.9930;4.3052;0.2373;NULL;NULL;NULL;NULL;NULL;NULL;NULL;NULL;NULL;-0.2850;-0.8283;0.0699;71.1101;310.9639;322.9056;-0.2804;-0.8247;0.0619;70.9959;311.1413;323.3689;1;NULL;-0.2804;-0.8247;0.0619;70.9959;311.1413;323.3689;ControllerBody;NULL;NULL;NULL;NULL;1;0;0;-1;0;0;0.0000;0.0000;2.0000;0.1015;-0.0314;0.5886;356.5829;5.8290;7.5780;0.1100;-0.0327;0.5814;356.2573;7.1188;8.0917;0;NULL;0.1100;-0.0327;0.5814;356.2573;7.1188;8.0917;ControllerBody;NULL;c695270d-b11f-410e-bcd0-df2fe05129b0;NULL;NULL;;Controller;;Translation;Exposure;;Manual;NULL;0;NULL;0.0000;0.0000;2.0000;Exposure;0.0000;2026-05-25 13:54:49.2862;Controllers;NULL;NULL;OpenXR
NULL;Right;NULL;7;Exposure;NULL;OppositeHandTrigger;1;0;0;-1;0;0;0.0000;0.0000;2.0000;NULL;Translation;anonymous;NULL;Pointer Shoot;PointerEvent;Debug;1858;0e220dd9-09f7-4473-bcda-acf277e68b54;NULL;0.0086;0.0036;-0.0084;357.2765;359.3088;359.0471;NULL;0.1139;0.0160;2.0000;0.1139;0.0160;2.0000;NULL;NULL;-0.2877;-0.8252;0.0776;68.9770;315.1172;328.9857;-0.2894;-0.8179;0.0717;67.8981;314.9238;329.5141;1;NULL;-0.2894;-0.8179;0.0717;67.8981;314.9238;329.5141;ControllerBody;NULL;NULL;NULL;NULL;1;0;0;-1;0;0;0.0000;0.0000;2.0000;-0.0335;-0.0471;0.5770;357.4839;351.8951;7.6417;-0.0429;-0.0512;0.5698;358.2142;351.6733;7.6149;0;NULL;-0.0429;-0.0512;0.5698;358.2142;351.6733;7.6149;ControllerBody;NULL;c695270d-b11f-410e-bcd0-df2fe05129b0;NULL;NULL;;Controller;;Translation;Exposure;;Manual;1;0;NULL;0.0000;0.0000;2.0000;Exposure;0.6334;2026-05-25 13:54:49.9161;Controllers;NULL;NULL;OpenXR
NULL;Right;NULL;7;Exposure;NULL;OppositeHandTrigger;1;0;0;-1;0;0;0.0000;0.0000;2.0000;NULL;Translation;anonymous;NULL;Mole Missed;PointerEvent;Debug;1858;0e220dd9-09f7-4473-bcda-acf277e68b54;NULL;0.0086;0.0036;-0.0084;357.2765;359.3088;359.0471;0.1150;0.1139;0.0160;2.0000;0.1139;0.0160;2.0000;NULL;0;-0.2877;-0.8252;0.0776;68.9770;315.1172;328.9857;-0.2894;-0.8179;0.0717;67.8981;314.9238;329.5141;1;NULL;-0.2894;-0.8179;0.0717;67.8981;314.9238;329.5141;ControllerBody;NULL;NULL;NULL;NULL;1;0;0;-1;0;0;0.0000;0.0000;2.0000;-0.0335;-0.0471;0.5770;357.4839;351.8951;7.6417;-0.0429;-0.0512;0.5698;358.2142;351.6733;7.6149;0;NULL;-0.0429;-0.0512;0.5698;358.2142;351.6733;7.6149;ControllerBody;NULL;c695270d-b11f-410e-bcd0-df2fe05129b0;NULL;NULL;;Controller;;Translation;Exposure;;Manual;1;0;NULL;0.0000;0.0000;2.0000;Exposure;0.0000;2026-05-25 13:54:49.9176;Controllers;NULL;NULL;OpenXR
NULL;Right;NULL;NULL;Exposure;NULL;OppositeHandTrigger;3;2;0;1;0;0;-0.5000;0.0000;2.0000;NULL;Translation;anonymous;NULL;Mole Spawned;MoleEvent;Debug;1858;0e220dd9-09f7-4473-bcda-acf277e68b54;NULL;0.0086;0.0036;-0.0084;357.2765;359.3088;359.0471;NULL;NULL;NULL;NULL;NULL;NULL;NULL;NULL;NULL;-0.2877;-0.8252;0.0776;68.9770;315.1172;328.9857;-0.2894;-0.8179;0.0717;67.8981;314.9238;329.5141;1;NULL;-0.2894;-0.8179;0.0717;67.8981;314.9238;329.5141;ControllerBody;NULL;NULL;NULL;NULL;3;2;0;1;0;0;-0.5000;0.0000;2.0000;-0.0335;-0.0471;0.5770;357.4839;351.8951;7.6417;-0.0429;-0.0512;0.5698;358.2142;351.6733;7.6149;0;NULL;-0.0429;-0.0512;0.5698;358.2142;351.6733;7.6149;ControllerBody;NULL;c695270d-b11f-410e-bcd0-df2fe05129b0;NULL;NULL;;Controller;;Translation;Exposure;;Manual;NULL;2;NULL;-0.5000;0.0000;2.0000;Exposure;0.0000;2026-05-25 13:54:49.9206;Controllers;NULL;NULL;OpenXR
NULL;Right;NULL;8;Exposure;NULL;OppositeHandTrigger;3;2;0;1;0;0;-0.5000;0.0000;2.0000;NULL;Translation;anonymous;NULL;Pointer Shoot;PointerEvent;Debug;1893;0e220dd9-09f7-4473-bcda-acf277e68b54;NULL;0.0072;0.0039;-0.0116;356.6662;353.8540;358.5048;NULL;-0.5167;-0.0165;2.0000;-0.5167;-0.0165;2.0000;NULL;NULL;-0.2934;-0.8265;0.0722;68.5384;313.1891;329.0626;-0.2958;-0.8165;0.0686;67.5423;315.7798;331.6206;1;NULL;-0.2958;-0.8165;0.0686;67.5423;315.7798;331.6206;ControllerBody;NULL;NULL;NULL;NULL;3;2;0;1;0;0;-0.5000;0.0000;2.0000;-0.1960;-0.0611;0.5211;358.4276;335.6035;7.9322;-0.2046;-0.0622;0.5095;358.5404;334.5599;9.0021;0;NULL;-0.2046;-0.0622;0.5095;358.5404;334.5599;9.0021;ControllerBody;NULL;c695270d-b11f-410e-bcd0-df2fe05129b0;NULL;NULL;;Controller;;Translation;Exposure;;Manual;1;2;NULL;-0.5000;0.0000;2.0000;Exposure;0.6309;2026-05-25 13:54:50.5467;Controllers;NULL;NULL;OpenXR
NULL;Right;NULL;8;Exposure;NULL;OppositeHandTrigger;3;2;0;1;0;0;-0.5000;0.0000;2.0000;NULL;Translation;anonymous;NULL;Mole Hit;MoleEvent;Debug;1893;0e220dd9-09f7-4473-bcda-acf277e68b54;NULL;0.0072;0.0039;-0.0116;356.6662;353.8540;358.5048;0.0235;-0.5167;-0.0165;2.0000;-0.5167;-0.0165;2.0000;NULL;1;-0.2934;-0.8265;0.0722;68.5384;313.1891;329.0626;-0.2958;-0.8165;0.0686;67.5423;315.7798;331.6206;1;NULL;-0.2958;-0.8165;0.0686;67.5423;315.7798;331.6206;ControllerBody;NULL;NULL;NULL;NULL;3;2;0;1;0;0;-0.5000;0.0000;2.0000;-0.1960;-0.0611;0.5211;358.4276;335.6035;7.9322;-0.2046;-0.0622;0.5095;358.5404;334.5599;9.0021;0;NULL;-0.2046;-0.0622;0.5095;358.5404;334.5599;9.0021;ControllerBody;NULL;c695270d-b11f-410e-bcd0-df2fe05129b0;NULL;NULL;;Controller;;Translation;Exposure;;Manual;1;2;NULL;-0.5000;0.0000;2.0000;Exposure;0.0000;2026-05-25 13:54:50.5483;Controllers;NULL;NULL;OpenXR
NULL;Right;NULL;NULL;Exposure;NULL;OppositeHandTrigger;1;0;0;-1;0;0;0.0000;0.0000;2.0000;NULL;Translation;anonymous;NULL;Mole Spawned;MoleEvent;Debug;1893;0e220dd9-09f7-4473-bcda-acf277e68b54;NULL;0.0072;0.0039;-0.0116;356.6662;353.8540;358.5048;NULL;NULL;NULL;NULL;NULL;NULL;NULL;NULL;NULL;-0.2934;-0.8265;0.0722;68.5384;313.1891;329.0626;-0.2958;-0.8165;0.0686;67.5423;315.7798;331.6206;1;NULL;-0.2958;-0.8165;0.0686;67.5423;315.7798;331.6206;ControllerBody;NULL;NULL;NULL;NULL;1;0;0;-1;0;0;0.0000;0.0000;2.0000;-0.1960;-0.0611;0.5211;358.4276;335.6035;7.9322;-0.2046;-0.0622;0.5095;358.5404;334.5599;9.0021;0;NULL;-0.2046;-0.0622;0.5095;358.5404;334.5599;9.0021;ControllerBody;NULL;c695270d-b11f-410e-bcd0-df2fe05129b0;NULL;NULL;;Controller;;Translation;Exposure;;Manual;NULL;0;NULL;0.0000;0.0000;2.0000;Exposure;0.0000;2026-05-25 13:54:50.5509;Controllers;NULL;NULL;OpenXR
NULL;Right;NULL;9;Exposure;NULL;OppositeHandTrigger;1;0;0;-1;0;0;0.0000;0.0000;2.0000;NULL;Translation;anonymous;NULL;Pointer Shoot;PointerEvent;Debug;1922;0e220dd9-09f7-4473-bcda-acf277e68b54;NULL;0.0124;0.0036;-0.0119;356.7801;358.6066;359.6190;NULL;0.1292;0.0018;2.0000;0.1292;0.0018;2.0000;NULL;NULL;-0.2934;-0.8298;0.0685;69.9804;310.8644;324.1270;-0.2878;-0.8230;0.0703;69.2897;312.1913;324.3145;1;NULL;-0.2878;-0.8230;0.0703;69.2897;312.1913;324.3145;ControllerBody;NULL;NULL;NULL;NULL;1;0;0;-1;0;0;0.0000;0.0000;2.0000;-0.0336;-0.0571;0.5747;357.6558;352.5167;8.8902;-0.0242;-0.0579;0.5682;357.6858;352.0456;8.9219;0;NULL;-0.0242;-0.0579;0.5682;357.6858;352.0456;8.9219;ControllerBody;NULL;c695270d-b11f-410e-bcd0-df2fe05129b0;NULL;NULL;;Controller;;Translation;Exposure;;Manual;2;0;NULL;0.0000;0.0000;2.0000;Exposure;0.5334;2026-05-25 13:54:51.0803;Controllers;NULL;NULL;OpenXR
NULL;Right;NULL;9;Exposure;NULL;OppositeHandTrigger;1;0;0;-1;0;0;0.0000;0.0000;2.0000;NULL;Translation;anonymous;NULL;Mole Missed;PointerEvent;Debug;1922;0e220dd9-09f7-4473-bcda-acf277e68b54;NULL;0.0124;0.0036;-0.0119;356.7801;358.6066;359.6190;0.1292;0.1292;0.0018;2.0000;0.1292;0.0018;2.0000;NULL;0;-0.2934;-0.8298;0.0685;69.9804;310.8644;324.1270;-0.2878;-0.8230;0.0703;69.2897;312.1913;324.3145;1;NULL;-0.2878;-0.8230;0.0703;69.2897;312.1913;324.3145;ControllerBody;NULL;NULL;NULL;NULL;1;0;0;-1;0;0;0.0000;0.0000;2.0000;-0.0336;-0.0571;0.5747;357.6558;352.5167;8.8902;-0.0242;-0.0579;0.5682;357.6858;352.0456;8.9219;0;NULL;-0.0242;-0.0579;0.5682;357.6858;352.0456;8.9219;ControllerBody;NULL;c695270d-b11f-410e-bcd0-df2fe05129b0;NULL;NULL;;Controller;;Translation;Exposure;;Manual;2;0;NULL;0.0000;0.0000;2.0000;Exposure;0.0000;2026-05-25 13:54:51.0824;Controllers;NULL;NULL;OpenXR
NULL;Right;NULL;NULL;Exposure;NULL;OppositeHandTrigger;3;2;0;1;0;0;-0.5000;0.0000;2.0000;NULL;Translation;anonymous;NULL;Mole Spawned;MoleEvent;Debug;1922;0e220dd9-09f7-4473-bcda-acf277e68b54;NULL;0.0124;0.0036;-0.0119;356.7801;358.6066;359.6190;NULL;NULL;NULL;NULL;NULL;NULL;NULL;NULL;NULL;-0.2934;-0.8298;0.0685;69.9804;310.8644;324.1270;-0.2878;-0.8230;0.0703;69.2897;312.1913;324.3145;1;NULL;-0.2878;-0.8230;0.0703;69.2897;312.1913;324.3145;ControllerBody;NULL;NULL;NULL;NULL;3;2;0;1;0;0;-0.5000;0.0000;2.0000;-0.0336;-0.0571;0.5747;357.6558;352.5167;8.8902;-0.0242;-0.0579;0.5682;357.6858;352.0456;8.9219;0;NULL;-0.0242;-0.0579;0.5682;357.6858;352.0456;8.9219;ControllerBody;NULL;c695270d-b11f-410e-bcd0-df2fe05129b0;NULL;NULL;;Controller;;Translation;Exposure;;Manual;NULL;2;NULL;-0.5000;0.0000;2.0000;Exposure;0.0000;2026-05-25 13:54:51.0849;Controllers;NULL;NULL;OpenXR
NULL;Right;NULL;10;Exposure;NULL;OppositeHandTrigger;3;2;0;1;0;0;-0.5000;0.0000;2.0000;NULL;Translation;anonymous;NULL;Pointer Shoot;PointerEvent;Debug;1958;0e220dd9-09f7-4473-bcda-acf277e68b54;NULL;0.0108;0.0028;-0.0102;357.1949;357.1372;357.7103;NULL;-0.4903;0.0090;2.0000;-0.4903;0.0090;2.0000;NULL;NULL;-0.2984;-0.8255;0.0789;67.8607;310.4702;322.7333;-0.2984;-0.8174;0.0778;68.0460;311.6252;324.7639;1;NULL;-0.2984;-0.8174;0.0778;68.0460;311.6252;324.7639;ControllerBody;NULL;NULL;NULL;NULL;3;2;0;1;0;0;-0.5000;0.0000;2.0000;-0.1898;-0.0620;0.5171;357.4908;336.3152;8.2228;-0.2045;-0.0652;0.5035;358.3009;335.0445;8.2763;0;NULL;-0.2045;-0.0652;0.5035;358.3009;335.0445;8.2763;ControllerBody;NULL;c695270d-b11f-410e-bcd0-df2fe05129b0;NULL;NULL;;Controller;;Translation;Exposure;;Manual;2;2;NULL;-0.5000;0.0000;2.0000;Exposure;0.6505;2026-05-25 13:54:51.7299;Controllers;NULL;NULL;OpenXR
NULL;Right;NULL;10;Exposure;NULL;OppositeHandTrigger;3;2;0;1;0;0;-0.5000;0.0000;2.0000;NULL;Translation;anonymous;NULL;Mole Hit;MoleEvent;Debug;1958;0e220dd9-09f7-4473-bcda-acf277e68b54;NULL;0.0108;0.0028;-0.0102;357.1949;357.1372;357.7103;0.0132;-0.4903;0.0090;2.0000;-0.4903;0.0090;2.0000;NULL;1;-0.2984;-0.8255;0.0789;67.8607;310.4702;322.7333;-0.2984;-0.8174;0.0778;68.0460;311.6252;324.7639;1;NULL;-0.2984;-0.8174;0.0778;68.0460;311.6252;324.7639;ControllerBody;NULL;NULL;NULL;NULL;3;2;0;1;0;0;-0.5000;0.0000;2.0000;-0.1898;-0.0620;0.5171;357.4908;336.3152;8.2228;-0.2045;-0.0652;0.5035;358.3009;335.0445;8.2763;0;NULL;-0.2045;-0.0652;0.5035;358.3009;335.0445;8.2763;ControllerBody;NULL;c695270d-b11f-410e-bcd0-df2fe05129b0;NULL;NULL;;Controller;;Translation;Exposure;;Manual;2;2;NULL;-0.5000;0.0000;2.0000;Exposure;0.0000;2026-05-25 13:54:51.7326;Controllers;NULL;NULL;OpenXR
NULL;Right;NULL;NULL;Exposure;NULL;OppositeHandTrigger;1;0;0;-1;0;0;0.0000;0.0000;2.0000;NULL;Translation;anonymous;NULL;Mole Spawned;MoleEvent;Debug;1958;0e220dd9-09f7-4473-bcda-acf277e68b54;NULL;0.0108;0.0028;-0.0102;357.1949;357.1372;357.7103;NULL;NULL;NULL;NULL;NULL;NULL;NULL;NULL;NULL;-0.2984;-0.8255;0.0789;67.8607;310.4702;322.7333;-0.2984;-0.8174;0.0778;68.0460;311.6252;324.7639;1;NULL;-0.2984;-0.8174;0.0778;68.0460;311.6252;324.7639;ControllerBody;NULL;NULL;NULL;NULL;1;0;0;-1;0;0;0.0000;0.0000;2.0000;-0.1898;-0.0620;0.5171;357.4908;336.3152;8.2228;-0.2045;-0.0652;0.5035;358.3009;335.0445;8.2763;0;NULL;-0.2045;-0.0652;0.5035;358.3009;335.0445;8.2763;ControllerBody;NULL;c695270d-b11f-410e-bcd0-df2fe05129b0;NULL;NULL;;Controller;;Translation;Exposure;;Manual;NULL;0;NULL;0.0000;0.0000;2.0000;Exposure;0.0000;2026-05-25 13:54:51.7351;Controllers;NULL;NULL;OpenXR
NULL;Right;NULL;11;Exposure;NULL;OppositeHandTrigger;1;0;0;-1;0;0;0.0000;0.0000;2.0000;NULL;Translation;anonymous;NULL;Pointer Shoot;PointerEvent;Debug;1987;0e220dd9-09f7-4473-bcda-acf277e68b54;NULL;0.0121;0.0041;-0.0118;356.6343;358.9234;359.6655;NULL;0.0328;0.0348;2.0000;0.0328;0.0348;2.0000;NULL;NULL;-0.2954;-0.8289;0.0733;69.3027;309.7119;322.8760;-0.2874;-0.8230;0.0685;69.2276;309.5860;321.9622;1;NULL;-0.2874;-0.8230;0.0685;69.2276;309.5860;321.9622;ControllerBody;NULL;NULL;NULL;NULL;1;0;0;-1;0;0;0.0000;0.0000;2.0000;-0.0590;-0.0526;0.5644;356.5712;349.8042;8.9939;-0.0404;-0.0509;0.5605;356.3729;350.9205;8.3303;0;NULL;-0.0404;-0.0509;0.5605;356.3729;350.9205;8.3303;ControllerBody;NULL;c695270d-b11f-410e-bcd0-df2fe05129b0;NULL;NULL;;Controller;;Translation;Exposure;;Manual;3;0;NULL;0.0000;0.0000;2.0000;Exposure;0.5348;2026-05-25 13:54:52.2654;Controllers;NULL;NULL;OpenXR
NULL;Right;NULL;11;Exposure;NULL;OppositeHandTrigger;1;0;0;-1;0;0;0.0000;0.0000;2.0000;NULL;Translation;anonymous;NULL;Mole Hit;MoleEvent;Debug;1987;0e220dd9-09f7-4473-bcda-acf277e68b54;NULL;0.0121;0.0041;-0.0118;356.6343;358.9234;359.6655;0.0478;0.0328;0.0348;2.0000;0.0328;0.0348;2.0000;NULL;1;-0.2954;-0.8289;0.0733;69.3027;309.7119;322.8760;-0.2874;-0.8230;0.0685;69.2276;309.5860;321.9622;1;NULL;-0.2874;-0.8230;0.0685;69.2276;309.5860;321.9622;ControllerBody;NULL;NULL;NULL;NULL;1;0;0;-1;0;0;0.0000;0.0000;2.0000;-0.0590;-0.0526;0.5644;356.5712;349.8042;8.9939;-0.0404;-0.0509;0.5605;356.3729;350.9205;8.3303;0;NULL;-0.0404;-0.0509;0.5605;356.3729;350.9205;8.3303;ControllerBody;NULL;c695270d-b11f-410e-bcd0-df2fe05129b0;NULL;NULL;;Controller;;Translation;Exposure;;Manual;3;0;NULL;0.0000;0.0000;2.0000;Exposure;0.0000;2026-05-25 13:54:52.2669;Controllers;NULL;NULL;OpenXR
NULL;Right;NULL;NULL;Exposure;NULL;OppositeHandTrigger;2;1;0;0;0;0;0.5000;0.0000;2.0000;NULL;Translation;anonymous;NULL;Mole Spawned;MoleEvent;Debug;1987;0e220dd9-09f7-4473-bcda-acf277e68b54;NULL;0.0121;0.0041;-0.0118;356.6343;358.9234;359.6655;NULL;NULL;NULL;NULL;NULL;NULL;NULL;NULL;NULL;-0.2954;-0.8289;0.0733;69.3027;309.7119;322.8760;-0.2874;-0.8230;0.0685;69.2276;309.5860;321.9622;1;NULL;-0.2874;-0.8230;0.0685;69.2276;309.5860;321.9622;ControllerBody;NULL;NULL;NULL;NULL;2;1;0;0;0;0;0.5000;0.0000;2.0000;-0.0590;-0.0526;0.5644;356.5712;349.8042;8.9939;-0.0404;-0.0509;0.5605;356.3729;350.9205;8.3303;0;NULL;-0.0404;-0.0509;0.5605;356.3729;350.9205;8.3303;ControllerBody;NULL;c695270d-b11f-410e-bcd0-df2fe05129b0;NULL;NULL;;Controller;;Translation;Exposure;;Manual;NULL;1;NULL;0.5000;0.0000;2.0000;Exposure;0.0000;2026-05-25 13:54:52.2700;Controllers;NULL;NULL;OpenXR
NULL;Right;NULL;12;Exposure;NULL;OppositeHandTrigger;2;1;0;0;0;0;0.5000;0.0000;2.0000;NULL;Translation;anonymous;NULL;Pointer Shoot;PointerEvent;Debug;2019;0e220dd9-09f7-4473-bcda-acf277e68b54;NULL;0.0112;0.0035;-0.0107;357.1136;1.1100;359.9284;NULL;0.4390;0.0224;2.0000;0.4390;0.0224;2.0000;NULL;NULL;-0.2927;-0.8290;0.0721;69.7341;310.5074;323.3698;-0.2855;-0.8244;0.0653;69.8403;312.8273;324.8878;1;NULL;-0.2855;-0.8244;0.0653;69.8403;312.8273;324.8878;ControllerBody;NULL;NULL;NULL;NULL;2;1;0;0;0;0;0.5000;0.0000;2.0000;0.0590;-0.0469;0.5869;357.1916;1.2148;6.4456;0.0769;-0.0457;0.5813;357.1493;2.4838;6.0793;0;NULL;0.0769;-0.0457;0.5813;357.1493;2.4838;6.0793;ControllerBody;NULL;c695270d-b11f-410e-bcd0-df2fe05129b0;NULL;NULL;;Controller;;Translation;Exposure;;Manual;4;1;NULL;0.5000;0.0000;2.0000;Exposure;0.5818;2026-05-25 13:54:52.8469;Controllers;NULL;NULL;OpenXR
NULL;Right;NULL;12;Exposure;NULL;OppositeHandTrigger;2;1;0;0;0;0;0.5000;0.0000;2.0000;NULL;Translation;anonymous;NULL;Mole Hit;MoleEvent;Debug;2019;0e220dd9-09f7-4473-bcda-acf277e68b54;NULL;0.0112;0.0035;-0.0107;357.1136;1.1100;359.9284;0.0650;0.4390;0.0224;2.0000;0.4390;0.0224;2.0000;NULL;1;-0.2927;-0.8290;0.0721;69.7341;310.5074;323.3698;-0.2855;-0.8244;0.0653;69.8403;312.8273;324.8878;1;NULL;-0.2855;-0.8244;0.0653;69.8403;312.8273;324.8878;ControllerBody;NULL;NULL;NULL;NULL;2;1;0;0;0;0;0.5000;0.0000;2.0000;0.0590;-0.0469;0.5869;357.1916;1.2148;6.4456;0.0769;-0.0457;0.5813;357.1493;2.4838;6.0793;0;NULL;0.0769;-0.0457;0.5813;357.1493;2.4838;6.0793;ControllerBody;NULL;c695270d-b11f-410e-bcd0-df2fe05129b0;NULL;NULL;;Controller;;Translation;Exposure;;Manual;4;1;NULL;0.5000;0.0000;2.0000;Exposure;0.0000;2026-05-25 13:54:52.8500;Controllers;NULL;NULL;OpenXR
NULL;Right;NULL;NULL;Exposure;NULL;OppositeHandTrigger;3;2;0;1;0;0;-0.5000;0.0000;2.0000;NULL;Translation;anonymous;NULL;Mole Spawned;MoleEvent;Debug;2019;0e220dd9-09f7-4473-bcda-acf277e68b54;NULL;0.0112;0.0035;-0.0107;357.1136;1.1100;359.9284;NULL;NULL;NULL;NULL;NULL;NULL;NULL;NULL;NULL;-0.2927;-0.8290;0.0721;69.7341;310.5074;323.3698;-0.2855;-0.8244;0.0653;69.8403;312.8273;324.8878;1;NULL;-0.2855;-0.8244;0.0653;69.8403;312.8273;324.8878;ControllerBody;NULL;NULL;NULL;NULL;3;2;0;1;0;0;-0.5000;0.0000;2.0000;0.0590;-0.0469;0.5869;357.1916;1.2148;6.4456;0.0769;-0.0457;0.5813;357.1493;2.4838;6.0793;0;NULL;0.0769;-0.0457;0.5813;357.1493;2.4838;6.0793;ControllerBody;NULL;c695270d-b11f-410e-bcd0-df2fe05129b0;NULL;NULL;;Controller;;Translation;Exposure;;Manual;NULL;2;NULL;-0.5000;0.0000;2.0000;Exposure;0.0000;2026-05-25 13:54:52.8521;Controllers;NULL;NULL;OpenXR
NULL;Right;NULL;13;Exposure;NULL;OppositeHandTrigger;3;2;0;1;0;0;-0.5000;0.0000;2.0000;NULL;Translation;anonymous;NULL;Pointer Shoot;PointerEvent;Debug;2059;0e220dd9-09f7-4473-bcda-acf277e68b54;NULL;0.0100;0.0030;-0.0111;357.1168;356.5876;357.9369;NULL;-0.6675;-0.0194;2.0000;-0.6675;-0.0194;2.0000;NULL;NULL;-0.2962;-0.8257;0.0749;68.5790;310.8172;324.9229;-0.2958;-0.8181;0.0683;68.1751;312.8886;327.8060;1;NULL;-0.2958;-0.8181;0.0683;68.1751;312.8886;327.8060;ControllerBody;NULL;NULL;NULL;NULL;3;2;0;1;0;0;-0.5000;0.0000;2.0000;-0.2236;-0.0668;0.4997;358.4005;332.1155;6.4329;-0.2393;-0.0691;0.4839;358.6228;330.5844;7.3684;0;NULL;-0.2393;-0.0691;0.4839;358.6228;330.5844;7.3684;ControllerBody;NULL;c695270d-b11f-410e-bcd0-df2fe05129b0;NULL;NULL;;Controller;;Translation;Exposure;;Manual;5;2;NULL;-0.5000;0.0000;2.0000;Exposure;0.7340;2026-05-25 13:54:53.5808;Controllers;NULL;NULL;OpenXR
NULL;Right;NULL;13;Exposure;NULL;OppositeHandTrigger;3;2;0;1;0;0;-0.5000;0.0000;2.0000;NULL;Translation;anonymous;NULL;Mole Missed;PointerEvent;Debug;2059;0e220dd9-09f7-4473-bcda-acf277e68b54;NULL;0.0100;0.0030;-0.0111;357.1168;356.5876;357.9369;0.1686;-0.6675;-0.0194;2.0000;-0.6675;-0.0194;2.0000;NULL;0;-0.2962;-0.8257;0.0749;68.5790;310.8172;324.9229;-0.2958;-0.8181;0.0683;68.1751;312.8886;327.8060;1;NULL;-0.2958;-0.8181;0.0683;68.1751;312.8886;327.8060;ControllerBody;NULL;NULL;NULL;NULL;3;2;0;1;0;0;-0.5000;0.0000;2.0000;-0.2236;-0.0668;0.4997;358.4005;332.1155;6.4329;-0.2393;-0.0691;0.4839;358.6228;330.5844;7.3684;0;NULL;-0.2393;-0.0691;0.4839;358.6228;330.5844;7.3684;ControllerBody;NULL;c695270d-b11f-410e-bcd0-df2fe05129b0;NULL;NULL;;Controller;;Translation;Exposure;;Manual;5;2;NULL;-0.5000;0.0000;2.0000;Exposure;0.0000;2026-05-25 13:54:53.5839;Controllers;NULL;NULL;OpenXR
NULL;Right;NULL;NULL;Exposure;NULL;OppositeHandTrigger;1;0;0;-1;0;0;0.0000;0.0000;2.0000;NULL;Translation;anonymous;NULL;Mole Spawned;MoleEvent;Debug;2059;0e220dd9-09f7-4473-bcda-acf277e68b54;NULL;0.0100;0.0030;-0.0111;357.1168;356.5876;357.9369;NULL;NULL;NULL;NULL;NULL;NULL;NULL;NULL;NULL;-0.2962;-0.8257;0.0749;68.5790;310.8172;324.9229;-0.2958;-0.8181;0.0683;68.1751;312.8886;327.8060;1;NULL;-0.2958;-0.8181;0.0683;68.1751;312.8886;327.8060;ControllerBody;NULL;NULL;NULL;NULL;1;0;0;-1;0;0;0.0000;0.0000;2.0000;-0.2236;-0.0668;0.4997;358.4005;332.1155;6.4329;-0.2393;-0.0691;0.4839;358.6228;330.5844;7.3684;0;NULL;-0.2393;-0.0691;0.4839;358.6228;330.5844;7.3684;ControllerBody;NULL;c695270d-b11f-410e-bcd0-df2fe05129b0;NULL;NULL;;Controller;;Translation;Exposure;;Manual;NULL;0;NULL;0.0000;0.0000;2.0000;Exposure;0.0000;2026-05-25 13:54:53.5866;Controllers;NULL;NULL;OpenXR
NULL;Right;NULL;14;Exposure;NULL;OppositeHandTrigger;1;0;0;-1;0;0;0.0000;0.0000;2.0000;NULL;Translation;anonymous;NULL;Pointer Shoot;PointerEvent;Debug;2088;0e220dd9-09f7-4473-bcda-acf277e68b54;NULL;0.0135;0.0046;-0.0124;356.3956;358.6204;359.1973;NULL;0.0301;0.0328;2.0000;0.0301;0.0328;2.0000;NULL;NULL;-0.2963;-0.8272;0.0725;69.1864;309.9389;323.3986;-0.2888;-0.8194;0.0766;69.2066;311.9499;323.9420;1;NULL;-0.2888;-0.8194;0.0766;69.2066;311.9499;323.9420;ControllerBody;NULL;NULL;NULL;NULL;1;0;0;-1;0;0;0.0000;0.0000;2.0000;-0.0565;-0.0530;0.5641;356.6394;349.6063;7.6073;-0.0349;-0.0491;0.5610;356.0573;351.2188;7.3349;0;NULL;-0.0349;-0.0491;0.5610;356.0573;351.2188;7.3349;ControllerBody;NULL;c695270d-b11f-410e-bcd0-df2fe05129b0;NULL;NULL;;Controller;;Translation;Exposure;;Manual;5;0;NULL;0.0000;0.0000;2.0000;Exposure;0.5487;2026-05-25 13:54:54.1305;Controllers;NULL;NULL;OpenXR
NULL;Right;NULL;14;Exposure;NULL;OppositeHandTrigger;1;0;0;-1;0;0;0.0000;0.0000;2.0000;NULL;Translation;anonymous;NULL;Mole Hit;MoleEvent;Debug;2088;0e220dd9-09f7-4473-bcda-acf277e68b54;NULL;0.0135;0.0046;-0.0124;356.3956;358.6204;359.1973;0.0445;0.0301;0.0328;2.0000;0.0301;0.0328;2.0000;NULL;1;-0.2963;-0.8272;0.0725;69.1864;309.9389;323.3986;-0.2888;-0.8194;0.0766;69.2066;311.9499;323.9420;1;NULL;-0.2888;-0.8194;0.0766;69.2066;311.9499;323.9420;ControllerBody;NULL;NULL;NULL;NULL;1;0;0;-1;0;0;0.0000;0.0000;2.0000;-0.0565;-0.0530;0.5641;356.6394;349.6063;7.6073;-0.0349;-0.0491;0.5610;356.0573;351.2188;7.3349;0;NULL;-0.0349;-0.0491;0.5610;356.0573;351.2188;7.3349;ControllerBody;NULL;c695270d-b11f-410e-bcd0-df2fe05129b0;NULL;NULL;;Controller;;Translation;Exposure;;Manual;5;0;NULL;0.0000;0.0000;2.0000;Exposure;0.0000;2026-05-25 13:54:54.1331;Controllers;NULL;NULL;OpenXR
NULL;Right;NULL;NULL;Exposure;NULL;OppositeHandTrigger;2;1;0;0;0;0;0.5000;0.0000;2.0000;NULL;Translation;anonymous;NULL;Mole Spawned;MoleEvent;Debug;2088;0e220dd9-09f7-4473-bcda-acf277e68b54;NULL;0.0135;0.0046;-0.0124;356.3956;358.6204;359.1973;NULL;NULL;NULL;NULL;NULL;NULL;NULL;NULL;NULL;-0.2963;-0.8272;0.0725;69.1864;309.9389;323.3986;-0.2888;-0.8194;0.0766;69.2066;311.9499;323.9420;1;NULL;-0.2888;-0.8194;0.0766;69.2066;311.9499;323.9420;ControllerBody;NULL;NULL;NULL;NULL;2;1;0;0;0;0;0.5000;0.0000;2.0000;-0.0565;-0.0530;0.5641;356.6394;349.6063;7.6073;-0.0349;-0.0491;0.5610;356.0573;351.2188;7.3349;0;NULL;-0.0349;-0.0491;0.5610;356.0573;351.2188;7.3349;ControllerBody;NULL;c695270d-b11f-410e-bcd0-df2fe05129b0;NULL;NULL;;Controller;;Translation;Exposure;;Manual;NULL;1;NULL;0.5000;0.0000;2.0000;Exposure;0.0000;2026-05-25 13:54:54.1362;Controllers;NULL;NULL;OpenXR
NULL;Right;NULL;15;Exposure;NULL;OppositeHandTrigger;2;1;0;0;0;0;0.5000;0.0000;2.0000;NULL;Translation;anonymous;NULL;Pointer Shoot;PointerEvent;Debug;2124;0e220dd9-09f7-4473-bcda-acf277e68b54;NULL;0.0083;0.0045;-0.0116;356.6643;359.9488;359.8210;NULL;0.4410;0.0416;2.0000;0.4410;0.0416;2.0000;NULL;NULL;-0.2917;-0.8282;0.0754;70.1901;311.7033;324.2346;-0.2829;-0.8230;0.0732;70.4158;315.2955;327.3772;1;NULL;-0.2829;-0.8230;0.0732;70.4158;315.2955;327.3772;ControllerBody;NULL;NULL;NULL;NULL;2;1;0;0;0;0;0.5000;0.0000;2.0000;0.0606;-0.0465;0.5847;356.4373;1.2309;5.8843;0.0799;-0.0455;0.5786;356.1199;2.7665;6.1098;0;NULL;0.0799;-0.0455;0.5786;356.1199;2.7665;6.1098;ControllerBody;NULL;c695270d-b11f-410e-bcd0-df2fe05129b0;NULL;NULL;;Controller;;Translation;Exposure;;Manual;6;1;NULL;0.5000;0.0000;2.0000;Exposure;0.6479;2026-05-25 13:54:54.7779;Controllers;NULL;NULL;OpenXR
NULL;Right;NULL;15;Exposure;NULL;OppositeHandTrigger;2;1;0;0;0;0;0.5000;0.0000;2.0000;NULL;Translation;anonymous;NULL;Mole Hit;MoleEvent;Debug;2124;0e220dd9-09f7-4473-bcda-acf277e68b54;NULL;0.0083;0.0045;-0.0116;356.6643;359.9488;359.8210;0.0722;0.4410;0.0416;2.0000;0.4410;0.0416;2.0000;NULL;1;-0.2917;-0.8282;0.0754;70.1901;311.7033;324.2346;-0.2829;-0.8230;0.0732;70.4158;315.2955;327.3772;1;NULL;-0.2829;-0.8230;0.0732;70.4158;315.2955;327.3772;ControllerBody;NULL;NULL;NULL;NULL;2;1;0;0;0;0;0.5000;0.0000;2.0000;0.0606;-0.0465;0.5847;356.4373;1.2309;5.8843;0.0799;-0.0455;0.5786;356.1199;2.7665;6.1098;0;NULL;0.0799;-0.0455;0.5786;356.1199;2.7665;6.1098;ControllerBody;NULL;c695270d-b11f-410e-bcd0-df2fe05129b0;NULL;NULL;;Controller;;Translation;Exposure;;Manual;6;1;NULL;0.5000;0.0000;2.0000;Exposure;0.0000;2026-05-25 13:54:54.7805;Controllers;NULL;NULL;OpenXR
NULL;Right;NULL;NULL;Exposure;NULL;OppositeHandTrigger;1;0;0;-1;0;0;0.0000;0.0000;2.0000;NULL;Translation;anonymous;NULL;Mole Spawned;MoleEvent;Debug;2124;0e220dd9-09f7-4473-bcda-acf277e68b54;NULL;0.0083;0.0045;-0.0116;356.6643;359.9488;359.8210;NULL;NULL;NULL;NULL;NULL;NULL;NULL;NULL;NULL;-0.2917;-0.8282;0.0754;70.1901;311.7033;324.2346;-0.2829;-0.8230;0.0732;70.4158;315.2955;327.3772;1;NULL;-0.2829;-0.8230;0.0732;70.4158;315.2955;327.3772;ControllerBody;NULL;NULL;NULL;NULL;1;0;0;-1;0;0;0.0000;0.0000;2.0000;0.0606;-0.0465;0.5847;356.4373;1.2309;5.8843;0.0799;-0.0455;0.5786;356.1199;2.7665;6.1098;0;NULL;0.0799;-0.0455;0.5786;356.1199;2.7665;6.1098;ControllerBody;NULL;c695270d-b11f-410e-bcd0-df2fe05129b0;NULL;NULL;;Controller;;Translation;Exposure;;Manual;NULL;0;NULL;0.0000;0.0000;2.0000;Exposure;0.0000;2026-05-25 13:54:54.7831;Controllers;NULL;NULL;OpenXR
NULL;Right;NULL;16;Exposure;NULL;OppositeHandTrigger;1;0;0;-1;0;0;0.0000;0.0000;2.0000;NULL;Translation;anonymous;NULL;Pointer Shoot;PointerEvent;Debug;2157;0e220dd9-09f7-4473-bcda-acf277e68b54;NULL;0.0065;0.0046;-0.0144;356.1534;357.7032;358.9540;NULL;0.0516;-0.0026;2.0000;0.0516;-0.0026;2.0000;NULL;NULL;-0.2906;-0.8249;0.0796;69.3893;312.7949;325.7066;-0.2900;-0.8155;0.0745;69.1063;313.7223;327.5035;1;NULL;-0.2900;-0.8155;0.0745;69.1063;313.7223;327.5035;ControllerBody;NULL;NULL;NULL;NULL;1;0;0;-1;0;0;0.0000;0.0000;2.0000;-0.0424;-0.0616;0.5709;357.6737;349.8443;4.9516;-0.0572;-0.0650;0.5627;357.9693;349.0951;5.5435;0;NULL;-0.0572;-0.0650;0.5627;357.9693;349.0951;5.5435;ControllerBody;NULL;c695270d-b11f-410e-bcd0-df2fe05129b0;NULL;NULL;;Controller;;Translation;Exposure;;Manual;7;0;NULL;0.0000;0.0000;2.0000;Exposure;0.6049;2026-05-25 13:54:55.3824;Controllers;NULL;NULL;OpenXR
NULL;Right;NULL;16;Exposure;NULL;OppositeHandTrigger;1;0;0;-1;0;0;0.0000;0.0000;2.0000;NULL;Translation;anonymous;NULL;Mole Hit;MoleEvent;Debug;2157;0e220dd9-09f7-4473-bcda-acf277e68b54;NULL;0.0065;0.0046;-0.0144;356.1534;357.7032;358.9540;0.0517;0.0516;-0.0026;2.0000;0.0516;-0.0026;2.0000;NULL;1;-0.2906;-0.8249;0.0796;69.3893;312.7949;325.7066;-0.2900;-0.8155;0.0745;69.1063;313.7223;327.5035;1;NULL;-0.2900;-0.8155;0.0745;69.1063;313.7223;327.5035;ControllerBody;NULL;NULL;NULL;NULL;1;0;0;-1;0;0;0.0000;0.0000;2.0000;-0.0424;-0.0616;0.5709;357.6737;349.8443;4.9516;-0.0572;-0.0650;0.5627;357.9693;349.0951;5.5435;0;NULL;-0.0572;-0.0650;0.5627;357.9693;349.0951;5.5435;ControllerBody;NULL;c695270d-b11f-410e-bcd0-df2fe05129b0;NULL;NULL;;Controller;;Translation;Exposure;;Manual;7;0;NULL;0.0000;0.0000;2.0000;Exposure;0.0000;2026-05-25 13:54:55.3839;Controllers;NULL;NULL;OpenXR
NULL;Right;NULL;NULL;Exposure;NULL;OppositeHandTrigger;2;1;0;0;0;0;0.5000;0.0000;2.0000;NULL;Translation;anonymous;NULL;Mole Spawned;MoleEvent;Debug;2157;0e220dd9-09f7-4473-bcda-acf277e68b54;NULL;0.0065;0.0046;-0.0144;356.1534;357.7032;358.9540;NULL;NULL;NULL;NULL;NULL;NULL;NULL;NULL;NULL;-0.2906;-0.8249;0.0796;69.3893;312.7949;325.7066;-0.2900;-0.8155;0.0745;69.1063;313.7223;327.5035;1;NULL;-0.2900;-0.8155;0.0745;69.1063;313.7223;327.5035;ControllerBody;NULL;NULL;NULL;NULL;2;1;0;0;0;0;0.5000;0.0000;2.0000;-0.0424;-0.0616;0.5709;357.6737;349.8443;4.9516;-0.0572;-0.0650;0.5627;357.9693;349.0951;5.5435;0;NULL;-0.0572;-0.0650;0.5627;357.9693;349.0951;5.5435;ControllerBody;NULL;c695270d-b11f-410e-bcd0-df2fe05129b0;NULL;NULL;;Controller;;Translation;Exposure;;Manual;NULL;1;NULL;0.5000;0.0000;2.0000;Exposure;0.0000;2026-05-25 13:54:55.3870;Controllers;NULL;NULL;OpenXR
NULL;Right;NULL;17;Exposure;NULL;OppositeHandTrigger;2;1;0;0;0;0;0.5000;0.0000;2.0000;NULL;Translation;anonymous;NULL;Pointer Shoot;PointerEvent;Debug;2191;0e220dd9-09f7-4473-bcda-acf277e68b54;NULL;0.0030;0.0044;-0.0099;356.3586;0.3855;1.6115;NULL;0.4518;0.0292;2.0000;0.4518;0.0292;2.0000;NULL;NULL;-0.2873;-0.8281;0.0738;70.9888;312.3595;325.9277;-0.2818;-0.8211;0.0732;71.1472;314.8627;328.8567;1;NULL;-0.2818;-0.8211;0.0732;71.1472;314.8627;328.8567;ControllerBody;NULL;NULL;NULL;NULL;2;1;0;0;0;0;0.5000;0.0000;2.0000;0.0610;-0.0413;0.5860;357.1476;1.6544;4.7390;0.0770;-0.0439;0.5805;357.8601;2.6257;4.8223;0;NULL;0.0770;-0.0439;0.5805;357.8601;2.6257;4.8223;ControllerBody;NULL;c695270d-b11f-410e-bcd0-df2fe05129b0;NULL;NULL;;Controller;;Translation;Exposure;;Manual;8;1;NULL;0.5000;0.0000;2.0000;Exposure;0.6107;2026-05-25 13:54:55.9932;Controllers;NULL;NULL;OpenXR
NULL;Right;NULL;17;Exposure;NULL;OppositeHandTrigger;2;1;0;0;0;0;0.5000;0.0000;2.0000;NULL;Translation;anonymous;NULL;Mole Hit;MoleEvent;Debug;2191;0e220dd9-09f7-4473-bcda-acf277e68b54;NULL;0.0030;0.0044;-0.0099;356.3586;0.3855;1.6115;0.0563;0.4518;0.0292;2.0000;0.4518;0.0292;2.0000;NULL;1;-0.2873;-0.8281;0.0738;70.9888;312.3595;325.9277;-0.2818;-0.8211;0.0732;71.1472;314.8627;328.8567;1;NULL;-0.2818;-0.8211;0.0732;71.1472;314.8627;328.8567;ControllerBody;NULL;NULL;NULL;NULL;2;1;0;0;0;0;0.5000;0.0000;2.0000;0.0610;-0.0413;0.5860;357.1476;1.6544;4.7390;0.0770;-0.0439;0.5805;357.8601;2.6257;4.8223;0;NULL;0.0770;-0.0439;0.5805;357.8601;2.6257;4.8223;ControllerBody;NULL;c695270d-b11f-410e-bcd0-df2fe05129b0;NULL;NULL;;Controller;;Translation;Exposure;;Manual;8;1;NULL;0.5000;0.0000;2.0000;Exposure;0.0000;2026-05-25 13:54:55.9962;Controllers;NULL;NULL;OpenXR
NULL;Right;NULL;NULL;Exposure;NULL;OppositeHandTrigger;1;0;0;-1;0;0;0.0000;0.0000;2.0000;NULL;Translation;anonymous;NULL;Mole Spawned;MoleEvent;Debug;2191;0e220dd9-09f7-4473-bcda-acf277e68b54;NULL;0.0030;0.0044;-0.0099;356.3586;0.3855;1.6115;NULL;NULL;NULL;NULL;NULL;NULL;NULL;NULL;NULL;-0.2873;-0.8281;0.0738;70.9888;312.3595;325.9277;-0.2818;-0.8211;0.0732;71.1472;314.8627;328.8567;1;NULL;-0.2818;-0.8211;0.0732;71.1472;314.8627;328.8567;ControllerBody;NULL;NULL;NULL;NULL;1;0;0;-1;0;0;0.0000;0.0000;2.0000;0.0610;-0.0413;0.5860;357.1476;1.6544;4.7390;0.0770;-0.0439;0.5805;357.8601;2.6257;4.8223;0;NULL;0.0770;-0.0439;0.5805;357.8601;2.6257;4.8223;ControllerBody;NULL;c695270d-b11f-410e-bcd0-df2fe05129b0;NULL;NULL;;Controller;;Translation;Exposure;;Manual;NULL;0;NULL;0.0000;0.0000;2.0000;Exposure;0.0000;2026-05-25 13:54:55.9978;Controllers;NULL;NULL;OpenXR
NULL;Right;NULL;18;Exposure;NULL;OppositeHandTrigger;1;0;0;-1;0;0;0.0000;0.0000;2.0000;NULL;Translation;anonymous;NULL;Pointer Shoot;PointerEvent;Debug;2222;0e220dd9-09f7-4473-bcda-acf277e68b54;NULL;0.0075;0.0036;-0.0094;356.6213;358.5439;358.9286;NULL;0.0745;0.0046;2.0000;0.0745;0.0046;2.0000;NULL;NULL;-0.2881;-0.8246;0.0792;70.1445;315.1146;329.5584;-0.2855;-0.8174;0.0739;70.4520;317.1044;331.4735;1;NULL;-0.2855;-0.8174;0.0739;70.4520;317.1044;331.4735;ControllerBody;NULL;NULL;NULL;NULL;1;0;0;-1;0;0;0.0000;0.0000;2.0000;-0.0418;-0.0552;0.5716;357.6359;350.7088;7.2692;-0.0556;-0.0632;0.5626;357.9513;350.2301;8.7167;0;NULL;-0.0556;-0.0632;0.5626;357.9513;350.2301;8.7167;ControllerBody;NULL;c695270d-b11f-410e-bcd0-df2fe05129b0;NULL;NULL;;Controller;;Translation;Exposure;;Manual;9;0;NULL;0.0000;0.0000;2.0000;Exposure;0.5662;2026-05-25 13:54:56.5603;Controllers;NULL;NULL;OpenXR
NULL;Right;NULL;18;Exposure;NULL;OppositeHandTrigger;1;0;0;-1;0;0;0.0000;0.0000;2.0000;NULL;Translation;anonymous;NULL;Mole Hit;MoleEvent;Debug;2222;0e220dd9-09f7-4473-bcda-acf277e68b54;NULL;0.0075;0.0036;-0.0094;356.6213;358.5439;358.9286;0.0746;0.0745;0.0046;2.0000;0.0745;0.0046;2.0000;NULL;1;-0.2881;-0.8246;0.0792;70.1445;315.1146;329.5584;-0.2855;-0.8174;0.0739;70.4520;317.1044;331.4735;1;NULL;-0.2855;-0.8174;0.0739;70.4520;317.1044;331.4735;ControllerBody;NULL;NULL;NULL;NULL;1;0;0;-1;0;0;0.0000;0.0000;2.0000;-0.0418;-0.0552;0.5716;357.6359;350.7088;7.2692;-0.0556;-0.0632;0.5626;357.9513;350.2301;8.7167;0;NULL;-0.0556;-0.0632;0.5626;357.9513;350.2301;8.7167;ControllerBody;NULL;c695270d-b11f-410e-bcd0-df2fe05129b0;NULL;NULL;;Controller;;Translation;Exposure;;Manual;9;0;NULL;0.0000;0.0000;2.0000;Exposure;0.0000;2026-05-25 13:54:56.5618;Controllers;NULL;NULL;OpenXR
NULL;Right;NULL;NULL;Exposure;NULL;OppositeHandTrigger;2;1;0;0;0;0;0.5000;0.0000;2.0000;NULL;Translation;anonymous;NULL;Mole Spawned;MoleEvent;Debug;2222;0e220dd9-09f7-4473-bcda-acf277e68b54;NULL;0.0075;0.0036;-0.0094;356.6213;358.5439;358.9286;NULL;NULL;NULL;NULL;NULL;NULL;NULL;NULL;NULL;-0.2881;-0.8246;0.0792;70.1445;315.1146;329.5584;-0.2855;-0.8174;0.0739;70.4520;317.1044;331.4735;1;NULL;-0.2855;-0.8174;0.0739;70.4520;317.1044;331.4735;ControllerBody;NULL;NULL;NULL;NULL;2;1;0;0;0;0;0.5000;0.0000;2.0000;-0.0418;-0.0552;0.5716;357.6359;350.7088;7.2692;-0.0556;-0.0632;0.5626;357.9513;350.2301;8.7167;0;NULL;-0.0556;-0.0632;0.5626;357.9513;350.2301;8.7167;ControllerBody;NULL;c695270d-b11f-410e-bcd0-df2fe05129b0;NULL;NULL;;Controller;;Translation;Exposure;;Manual;NULL;1;NULL;0.5000;0.0000;2.0000;Exposure;0.0000;2026-05-25 13:54:56.5644;Controllers;NULL;NULL;OpenXR
NULL;Right;NULL;19;Exposure;NULL;OppositeHandTrigger;2;1;0;0;0;0;0.5000;0.0000;2.0000;NULL;Translation;anonymous;NULL;Pointer Shoot;PointerEvent;Debug;2261;0e220dd9-09f7-4473-bcda-acf277e68b54;NULL;0.0094;0.0045;-0.0097;356.2065;359.8318;0.5973;NULL;0.5664;0.0141;2.0000;0.5664;0.0141;2.0000;NULL;NULL;-0.2861;-0.8282;0.0723;71.5368;313.8996;329.3293;-0.2793;-0.8232;0.0648;72.1057;316.2130;330.6716;1;NULL;-0.2793;-0.8232;0.0648;72.1057;316.2130;330.6716;ControllerBody;NULL;NULL;NULL;NULL;2;1;0;0;0;0;0.5000;0.0000;2.0000;0.0937;-0.0492;0.5917;357.4364;4.9802;5.2271;0.1096;-0.0492;0.5841;357.3349;5.7787;5.1625;0;NULL;0.1096;-0.0492;0.5841;357.3349;5.7787;5.1625;ControllerBody;NULL;c695270d-b11f-410e-bcd0-df2fe05129b0;NULL;NULL;;Controller;;Translation;Exposure;;Manual;10;1;NULL;0.5000;0.0000;2.0000;Exposure;0.7059;2026-05-25 13:54:57.2665;Controllers;NULL;NULL;OpenXR
NULL;Right;NULL;19;Exposure;NULL;OppositeHandTrigger;2;1;0;0;0;0;0.5000;0.0000;2.0000;NULL;Translation;anonymous;NULL;Mole Hit;MoleEvent;Debug;2261;0e220dd9-09f7-4473-bcda-acf277e68b54;NULL;0.0094;0.0045;-0.0097;356.2065;359.8318;0.5973;0.0679;0.5664;0.0141;2.0000;0.5664;0.0141;2.0000;NULL;1;-0.2861;-0.8282;0.0723;71.5368;313.8996;329.3293;-0.2793;-0.8232;0.0648;72.1057;316.2130;330.6716;1;NULL;-0.2793;-0.8232;0.0648;72.1057;316.2130;330.6716;ControllerBody;NULL;NULL;NULL;NULL;2;1;0;0;0;0;0.5000;0.0000;2.0000;0.0937;-0.0492;0.5917;357.4364;4.9802;5.2271;0.1096;-0.0492;0.5841;357.3349;5.7787;5.1625;0;NULL;0.1096;-0.0492;0.5841;357.3349;5.7787;5.1625;ControllerBody;NULL;c695270d-b11f-410e-bcd0-df2fe05129b0;NULL;NULL;;Controller;;Translation;Exposure;;Manual;10;1;NULL;0.5000;0.0000;2.0000;Exposure;0.0000;2026-05-25 13:54:57.2696;Controllers;NULL;NULL;OpenXR
NULL;Right;NULL;NULL;Exposure;NULL;OppositeHandTrigger;3;2;0;1;0;0;-0.5000;0.0000;2.0000;NULL;Translation;anonymous;NULL;Mole Spawned;MoleEvent;Debug;2261;0e220dd9-09f7-4473-bcda-acf277e68b54;NULL;0.0094;0.0045;-0.0097;356.2065;359.8318;0.5973;NULL;NULL;NULL;NULL;NULL;NULL;NULL;NULL;NULL;-0.2861;-0.8282;0.0723;71.5368;313.8996;329.3293;-0.2793;-0.8232;0.0648;72.1057;316.2130;330.6716;1;NULL;-0.2793;-0.8232;0.0648;72.1057;316.2130;330.6716;ControllerBody;NULL;NULL;NULL;NULL;3;2;0;1;0;0;-0.5000;0.0000;2.0000;0.0937;-0.0492;0.5917;357.4364;4.9802;5.2271;0.1096;-0.0492;0.5841;357.3349;5.7787;5.1625;0;NULL;0.1096;-0.0492;0.5841;357.3349;5.7787;5.1625;ControllerBody;NULL;c695270d-b11f-410e-bcd0-df2fe05129b0;NULL;NULL;;Controller;;Translation;Exposure;;Manual;NULL;2;NULL;-0.5000;0.0000;2.0000;Exposure;0.0000;2026-05-25 13:54:57.2723;Controllers;NULL;NULL;OpenXR
NULL;Right;NULL;20;Exposure;NULL;OppositeHandTrigger;3;2;0;1;0;0;-0.5000;0.0000;2.0000;NULL;Translation;anonymous;NULL;Pointer Shoot;PointerEvent;Debug;2302;0e220dd9-09f7-4473-bcda-acf277e68b54;NULL;0.0060;0.0035;-0.0111;356.3582;356.0418;358.6713;NULL;-0.5580;-0.0153;2.0000;-0.5580;-0.0153;2.0000;NULL;NULL;-0.2888;-0.8232;0.0768;70.2098;315.6842;332.0436;-0.2903;-0.8163;0.0687;70.0424;315.8200;333.0972;1;NULL;-0.2903;-0.8163;0.0687;70.0424;315.8200;333.0972;ControllerBody;NULL;NULL;NULL;NULL;3;2;0;1;0;0;-0.5000;0.0000;2.0000;-0.2066;-0.0717;0.5095;358.0400;334.8000;7.5037;-0.2191;-0.0713;0.4954;358.0668;333.4206;7.7083;0;NULL;-0.2191;-0.0713;0.4954;358.0668;333.4206;7.7083;ControllerBody;NULL;c695270d-b11f-410e-bcd0-df2fe05129b0;NULL;NULL;;Controller;;Translation;Exposure;;Manual;11;2;NULL;-0.5000;0.0000;2.0000;Exposure;0.7666;2026-05-25 13:54:58.0321;Controllers;NULL;NULL;OpenXR
NULL;Right;NULL;20;Exposure;NULL;OppositeHandTrigger;3;2;0;1;0;0;-0.5000;0.0000;2.0000;NULL;Translation;anonymous;NULL;Mole Hit;MoleEvent;Debug;2302;0e220dd9-09f7-4473-bcda-acf277e68b54;NULL;0.0060;0.0035;-0.0111;356.3582;356.0418;358.6713;0.0600;-0.5580;-0.0153;2.0000;-0.5580;-0.0153;2.0000;NULL;1;-0.2888;-0.8232;0.0768;70.2098;315.6842;332.0436;-0.2903;-0.8163;0.0687;70.0424;315.8200;333.0972;1;NULL;-0.2903;-0.8163;0.0687;70.0424;315.8200;333.0972;ControllerBody;NULL;NULL;NULL;NULL;3;2;0;1;0;0;-0.5000;0.0000;2.0000;-0.2066;-0.0717;0.5095;358.0400;334.8000;7.5037;-0.2191;-0.0713;0.4954;358.0668;333.4206;7.7083;0;NULL;-0.2191;-0.0713;0.4954;358.0668;333.4206;7.7083;ControllerBody;NULL;c695270d-b11f-410e-bcd0-df2fe05129b0;NULL;NULL;;Controller;;Translation;Exposure;;Manual;11;2;NULL;-0.5000;0.0000;2.0000;Exposure;0.0000;2026-05-25 13:54:58.0352;Controllers;NULL;NULL;OpenXR
NULL;Right;NULL;NULL;Exposure;NULL;OppositeHandTrigger;1;0;0;-1;0;0;0.0000;0.0000;2.0000;NULL;Translation;anonymous;NULL;Mole Spawned;MoleEvent;Debug;2302;0e220dd9-09f7-4473-bcda-acf277e68b54;NULL;0.0060;0.0035;-0.0111;356.3582;356.0418;358.6713;NULL;NULL;NULL;NULL;NULL;NULL;NULL;NULL;NULL;-0.2888;-0.8232;0.0768;70.2098;315.6842;332.0436;-0.2903;-0.8163;0.0687;70.0424;315.8200;333.0972;1;NULL;-0.2903;-0.8163;0.0687;70.0424;315.8200;333.0972;ControllerBody;NULL;NULL;NULL;NULL;1;0;0;-1;0;0;0.0000;0.0000;2.0000;-0.2066;-0.0717;0.5095;358.0400;334.8000;7.5037;-0.2191;-0.0713;0.4954;358.0668;333.4206;7.7083;0;NULL;-0.2191;-0.0713;0.4954;358.0668;333.4206;7.7083;ControllerBody;NULL;c695270d-b11f-410e-bcd0-df2fe05129b0;NULL;NULL;;Controller;;Translation;Exposure;;Manual;NULL;0;NULL;0.0000;0.0000;2.0000;Exposure;0.0000;2026-05-25 13:54:58.0367;Controllers;NULL;NULL;OpenXR
NULL;Right;NULL;21;Exposure;NULL;OppositeHandTrigger;1;0;0;-1;0;0;0.0000;0.0000;2.0000;NULL;Translation;anonymous;NULL;Pointer Shoot;PointerEvent;Debug;2333;0e220dd9-09f7-4473-bcda-acf277e68b54;NULL;0.0177;0.0031;-0.0139;356.3166;357.8957;359.1137;NULL;0.0451;0.0177;2.0000;0.0451;0.0177;2.0000;NULL;NULL;-0.2884;-0.8238;0.0715;70.1919;314.5356;330.7253;-0.2840;-0.8106;0.0746;68.9047;318.3788;333.7932;1;NULL;-0.2840;-0.8106;0.0746;68.9047;318.3788;333.7932;ControllerBody;NULL;NULL;NULL;NULL;1;0;0;-1;0;0;0.0000;0.0000;2.0000;-0.0466;-0.0606;0.5667;356.9225;349.7831;7.8133;-0.0222;-0.0613;0.5651;356.7686;351.4073;7.4772;0;NULL;-0.0222;-0.0613;0.5651;356.7686;351.4073;7.4772;ControllerBody;NULL;c695270d-b11f-410e-bcd0-df2fe05129b0;NULL;NULL;;Controller;;Translation;Exposure;;Manual;12;0;NULL;0.0000;0.0000;2.0000;Exposure;0.5657;2026-05-25 13:54:58.5972;Controllers;NULL;NULL;OpenXR
NULL;Right;NULL;21;Exposure;NULL;OppositeHandTrigger;1;0;0;-1;0;0;0.0000;0.0000;2.0000;NULL;Translation;anonymous;NULL;Mole Hit;MoleEvent;Debug;2333;0e220dd9-09f7-4473-bcda-acf277e68b54;NULL;0.0177;0.0031;-0.0139;356.3166;357.8957;359.1137;0.0485;0.0451;0.0177;2.0000;0.0451;0.0177;2.0000;NULL;1;-0.2884;-0.8238;0.0715;70.1919;314.5356;330.7253;-0.2840;-0.8106;0.0746;68.9047;318.3788;333.7932;1;NULL;-0.2840;-0.8106;0.0746;68.9047;318.3788;333.7932;ControllerBody;NULL;NULL;NULL;NULL;1;0;0;-1;0;0;0.0000;0.0000;2.0000;-0.0466;-0.0606;0.5667;356.9225;349.7831;7.8133;-0.0222;-0.0613;0.5651;356.7686;351.4073;7.4772;0;NULL;-0.0222;-0.0613;0.5651;356.7686;351.4073;7.4772;ControllerBody;NULL;c695270d-b11f-410e-bcd0-df2fe05129b0;NULL;NULL;;Controller;;Translation;Exposure;;Manual;12;0;NULL;0.0000;0.0000;2.0000;Exposure;0.0000;2026-05-25 13:54:58.6003;Controllers;NULL;NULL;OpenXR
NULL;Right;NULL;NULL;Exposure;NULL;OppositeHandTrigger;2;1;0;0;0;0;0.5000;0.0000;2.0000;NULL;Translation;anonymous;NULL;Mole Spawned;MoleEvent;Debug;2333;0e220dd9-09f7-4473-bcda-acf277e68b54;NULL;0.0177;0.0031;-0.0139;356.3166;357.8957;359.1137;NULL;NULL;NULL;NULL;NULL;NULL;NULL;NULL;NULL;-0.2884;-0.8238;0.0715;70.1919;314.5356;330.7253;-0.2840;-0.8106;0.0746;68.9047;318.3788;333.7932;1;NULL;-0.2840;-0.8106;0.0746;68.9047;318.3788;333.7932;ControllerBody;NULL;NULL;NULL;NULL;2;1;0;0;0;0;0.5000;0.0000;2.0000;-0.0466;-0.0606;0.5667;356.9225;349.7831;7.8133;-0.0222;-0.0613;0.5651;356.7686;351.4073;7.4772;0;NULL;-0.0222;-0.0613;0.5651;356.7686;351.4073;7.4772;ControllerBody;NULL;c695270d-b11f-410e-bcd0-df2fe05129b0;NULL;NULL;;Controller;;Translation;Exposure;;Manual;NULL;1;NULL;0.5000;0.0000;2.0000;Exposure;0.0000;2026-05-25 13:54:58.6029;Controllers;NULL;NULL;OpenXR
NULL;Right;NULL;22;Exposure;NULL;OppositeHandTrigger;2;1;0;0;0;0;0.5000;0.0000;2.0000;NULL;Translation;anonymous;NULL;Pointer Shoot;PointerEvent;Debug;2362;0e220dd9-09f7-4473-bcda-acf277e68b54;NULL;0.0162;0.0021;-0.0106;357.2526;1.2609;357.9775;NULL;0.6738;0.0090;2.0000;0.6738;0.0090;2.0000;NULL;NULL;-0.2889;-0.8220;0.0776;70.4149;314.8547;329.6443;-0.2801;-0.8193;0.0757;70.7831;316.6991;330.2021;1;NULL;-0.2801;-0.8193;0.0757;70.7831;316.6991;330.2021;ControllerBody;NULL;NULL;NULL;NULL;2;1;0;0;0;0;0.5000;0.0000;2.0000;0.1370;-0.0507;0.5918;357.5908;7.5566;4.4866;0.1584;-0.0523;0.5851;357.8985;9.4329;4.7756;0;NULL;0.1584;-0.0523;0.5851;357.8985;9.4329;4.7756;ControllerBody;NULL;c695270d-b11f-410e-bcd0-df2fe05129b0;NULL;NULL;;Controller;;Translation;Exposure;;Manual;13;1;NULL;0.5000;0.0000;2.0000;Exposure;0.5521;2026-05-25 13:54:59.1511;Controllers;NULL;NULL;OpenXR
NULL;Right;NULL;22;Exposure;NULL;OppositeHandTrigger;2;1;0;0;0;0;0.5000;0.0000;2.0000;NULL;Translation;anonymous;NULL;Mole Missed;PointerEvent;Debug;2362;0e220dd9-09f7-4473-bcda-acf277e68b54;NULL;0.0162;0.0021;-0.0106;357.2526;1.2609;357.9775;0.1741;0.6738;0.0090;2.0000;0.6738;0.0090;2.0000;NULL;0;-0.2889;-0.8220;0.0776;70.4149;314.8547;329.6443;-0.2801;-0.8193;0.0757;70.7831;316.6991;330.2021;1;NULL;-0.2801;-0.8193;0.0757;70.7831;316.6991;330.2021;ControllerBody;NULL;NULL;NULL;NULL;2;1;0;0;0;0;0.5000;0.0000;2.0000;0.1370;-0.0507;0.5918;357.5908;7.5566;4.4866;0.1584;-0.0523;0.5851;357.8985;9.4329;4.7756;0;NULL;0.1584;-0.0523;0.5851;357.8985;9.4329;4.7756;ControllerBody;NULL;c695270d-b11f-410e-bcd0-df2fe05129b0;NULL;NULL;;Controller;;Translation;Exposure;;Manual;13;1;NULL;0.5000;0.0000;2.0000;Exposure;0.0000;2026-05-25 13:54:59.1536;Controllers;NULL;NULL;OpenXR
NULL;Right;NULL;NULL;Exposure;NULL;OppositeHandTrigger;1;0;0;-1;0;0;0.0000;0.0000;2.0000;NULL;Translation;anonymous;NULL;Mole Spawned;MoleEvent;Debug;2362;0e220dd9-09f7-4473-bcda-acf277e68b54;NULL;0.0162;0.0021;-0.0106;357.2526;1.2609;357.9775;NULL;NULL;NULL;NULL;NULL;NULL;NULL;NULL;NULL;-0.2889;-0.8220;0.0776;70.4149;314.8547;329.6443;-0.2801;-0.8193;0.0757;70.7831;316.6991;330.2021;1;NULL;-0.2801;-0.8193;0.0757;70.7831;316.6991;330.2021;ControllerBody;NULL;NULL;NULL;NULL;1;0;0;-1;0;0;0.0000;0.0000;2.0000;0.1370;-0.0507;0.5918;357.5908;7.5566;4.4866;0.1584;-0.0523;0.5851;357.8985;9.4329;4.7756;0;NULL;0.1584;-0.0523;0.5851;357.8985;9.4329;4.7756;ControllerBody;NULL;c695270d-b11f-410e-bcd0-df2fe05129b0;NULL;NULL;;Controller;;Translation;Exposure;;Manual;NULL;0;NULL;0.0000;0.0000;2.0000;Exposure;0.0000;2026-05-25 13:54:59.1557;Controllers;NULL;NULL;OpenXR
NULL;Right;NULL;23;Exposure;NULL;OppositeHandTrigger;1;0;0;-1;0;0;0.0000;0.0000;2.0000;NULL;Translation;anonymous;NULL;Pointer Shoot;PointerEvent;Debug;2405;0e220dd9-09f7-4473-bcda-acf277e68b54;NULL;0.0128;0.0029;-0.0117;356.6112;359.0821;358.1491;NULL;0.0147;0.0122;2.0000;0.0147;0.0122;2.0000;NULL;NULL;-0.2894;-0.8208;0.0847;69.9738;315.2563;330.0675;-0.2885;-0.8131;0.0793;69.4860;315.9254;331.5146;1;NULL;-0.2885;-0.8131;0.0793;69.4860;315.9254;331.5146;ControllerBody;NULL;NULL;NULL;NULL;1;0;0;-1;0;0;0.0000;0.0000;2.0000;-0.0533;-0.0586;0.5694;357.2201;348.8514;6.2760;-0.0694;-0.0600;0.5593;357.4929;347.5361;6.1134;0;NULL;-0.0694;-0.0600;0.5593;357.4929;347.5361;6.1134;ControllerBody;NULL;c695270d-b11f-410e-bcd0-df2fe05129b0;NULL;NULL;;Controller;;Translation;Exposure;;Manual;13;0;NULL;0.0000;0.0000;2.0000;Exposure;0.7676;2026-05-25 13:54:59.9178;Controllers;NULL;NULL;OpenXR
NULL;Right;NULL;23;Exposure;NULL;OppositeHandTrigger;1;0;0;-1;0;0;0.0000;0.0000;2.0000;NULL;Translation;anonymous;NULL;Mole Hit;MoleEvent;Debug;2405;0e220dd9-09f7-4473-bcda-acf277e68b54;NULL;0.0128;0.0029;-0.0117;356.6112;359.0821;358.1491;0.0192;0.0147;0.0122;2.0000;0.0147;0.0122;2.0000;NULL;1;-0.2894;-0.8208;0.0847;69.9738;315.2563;330.0675;-0.2885;-0.8131;0.0793;69.4860;315.9254;331.5146;1;NULL;-0.2885;-0.8131;0.0793;69.4860;315.9254;331.5146;ControllerBody;NULL;NULL;NULL;NULL;1;0;0;-1;0;0;0.0000;0.0000;2.0000;-0.0533;-0.0586;0.5694;357.2201;348.8514;6.2760;-0.0694;-0.0600;0.5593;357.4929;347.5361;6.1134;0;NULL;-0.0694;-0.0600;0.5593;357.4929;347.5361;6.1134;ControllerBody;NULL;c695270d-b11f-410e-bcd0-df2fe05129b0;NULL;NULL;;Controller;;Translation;Exposure;;Manual;13;0;NULL;0.0000;0.0000;2.0000;Exposure;0.0000;2026-05-25 13:54:59.9193;Controllers;NULL;NULL;OpenXR
NULL;Right;NULL;NULL;Exposure;NULL;OppositeHandTrigger;3;2;0;1;0;0;-0.5000;0.0000;2.0000;NULL;Translation;anonymous;NULL;Mole Spawned;MoleEvent;Debug;2405;0e220dd9-09f7-4473-bcda-acf277e68b54;NULL;0.0128;0.0029;-0.0117;356.6112;359.0821;358.1491;NULL;NULL;NULL;NULL;NULL;NULL;NULL;NULL;NULL;-0.2894;-0.8208;0.0847;69.9738;315.2563;330.0675;-0.2885;-0.8131;0.0793;69.4860;315.9254;331.5146;1;NULL;-0.2885;-0.8131;0.0793;69.4860;315.9254;331.5146;ControllerBody;NULL;NULL;NULL;NULL;3;2;0;1;0;0;-0.5000;0.0000;2.0000;-0.0533;-0.0586;0.5694;357.2201;348.8514;6.2760;-0.0694;-0.0600;0.5593;357.4929;347.5361;6.1134;0;NULL;-0.0694;-0.0600;0.5593;357.4929;347.5361;6.1134;ControllerBody;NULL;c695270d-b11f-410e-bcd0-df2fe05129b0;NULL;NULL;;Controller;;Translation;Exposure;;Manual;NULL;2;NULL;-0.5000;0.0000;2.0000;Exposure;0.0000;2026-05-25 13:54:59.9223;Controllers;NULL;NULL;OpenXR
NULL;Right;NULL;24;Exposure;NULL;OppositeHandTrigger;3;2;0;1;0;0;-0.5000;0.0000;2.0000;NULL;Translation;anonymous;NULL;Pointer Shoot;PointerEvent;Debug;2447;0e220dd9-09f7-4473-bcda-acf277e68b54;NULL;0.0133;0.0011;-0.0083;357.7094;357.2067;357.1268;NULL;-0.4587;0.0047;2.0000;-0.4587;0.0047;2.0000;NULL;NULL;-0.2918;-0.8199;0.0835;69.7532;314.3732;329.7166;-0.2957;-0.8100;0.0811;69.0959;316.0342;331.7988;1;NULL;-0.2957;-0.8100;0.0811;69.0959;316.0342;331.7988;ControllerBody;NULL;NULL;NULL;NULL;3;2;0;1;0;0;-0.5000;0.0000;2.0000;-0.1705;-0.0681;0.5241;357.4059;336.6139;6.1928;-0.1831;-0.0701;0.5120;357.6545;335.4858;6.4087;0;NULL;-0.1831;-0.0701;0.5120;357.6545;335.4858;6.4087;ControllerBody;NULL;c695270d-b11f-410e-bcd0-df2fe05129b0;NULL;NULL;;Controller;;Translation;Exposure;;Manual;14;2;NULL;-0.5000;0.0000;2.0000;Exposure;0.7501;2026-05-25 13:55:00.6682;Controllers;NULL;NULL;OpenXR
NULL;Right;NULL;24;Exposure;NULL;OppositeHandTrigger;3;2;0;1;0;0;-0.5000;0.0000;2.0000;NULL;Translation;anonymous;NULL;Mole Hit;MoleEvent;Debug;2447;0e220dd9-09f7-4473-bcda-acf277e68b54;NULL;0.0133;0.0011;-0.0083;357.7094;357.2067;357.1268;0.0415;-0.4587;0.0047;2.0000;-0.4587;0.0047;2.0000;NULL;1;-0.2918;-0.8199;0.0835;69.7532;314.3732;329.7166;-0.2957;-0.8100;0.0811;69.0959;316.0342;331.7988;1;NULL;-0.2957;-0.8100;0.0811;69.0959;316.0342;331.7988;ControllerBody;NULL;NULL;NULL;NULL;3;2;0;1;0;0;-0.5000;0.0000;2.0000;-0.1705;-0.0681;0.5241;357.4059;336.6139;6.1928;-0.1831;-0.0701;0.5120;357.6545;335.4858;6.4087;0;NULL;-0.1831;-0.0701;0.5120;357.6545;335.4858;6.4087;ControllerBody;NULL;c695270d-b11f-410e-bcd0-df2fe05129b0;NULL;NULL;;Controller;;Translation;Exposure;;Manual;14;2;NULL;-0.5000;0.0000;2.0000;Exposure;0.0000;2026-05-25 13:55:00.6703;Controllers;NULL;NULL;OpenXR
NULL;Right;NULL;NULL;Exposure;NULL;OppositeHandTrigger;1;0;0;-1;0;0;0.0000;0.0000;2.0000;NULL;Translation;anonymous;NULL;Mole Spawned;MoleEvent;Debug;2447;0e220dd9-09f7-4473-bcda-acf277e68b54;NULL;0.0133;0.0011;-0.0083;357.7094;357.2067;357.1268;NULL;NULL;NULL;NULL;NULL;NULL;NULL;NULL;NULL;-0.2918;-0.8199;0.0835;69.7532;314.3732;329.7166;-0.2957;-0.8100;0.0811;69.0959;316.0342;331.7988;1;NULL;-0.2957;-0.8100;0.0811;69.0959;316.0342;331.7988;ControllerBody;NULL;NULL;NULL;NULL;1;0;0;-1;0;0;0.0000;0.0000;2.0000;-0.1705;-0.0681;0.5241;357.4059;336.6139;6.1928;-0.1831;-0.0701;0.5120;357.6545;335.4858;6.4087;0;NULL;-0.1831;-0.0701;0.5120;357.6545;335.4858;6.4087;ControllerBody;NULL;c695270d-b11f-410e-bcd0-df2fe05129b0;NULL;NULL;;Controller;;Translation;Exposure;;Manual;NULL;0;NULL;0.0000;0.0000;2.0000;Exposure;0.0000;2026-05-25 13:55:00.6723;Controllers;NULL;NULL;OpenXR
NULL;Right;NULL;25;Exposure;NULL;OppositeHandTrigger;1;0;0;-1;0;0;0.0000;0.0000;2.0000;NULL;Translation;anonymous;NULL;Pointer Shoot;PointerEvent;Debug;2478;0e220dd9-09f7-4473-bcda-acf277e68b54;NULL;0.0145;0.0030;-0.0120;356.5118;357.7849;359.2321;NULL;0.0679;0.0207;2.0000;0.0679;0.0207;2.0000;NULL;NULL;-0.2917;-0.8234;0.0761;70.3993;313.5423;330.1819;-0.2865;-0.8157;0.0755;70.1214;317.4445;333.4460;1;NULL;-0.2865;-0.8157;0.0755;70.1214;317.4445;333.4460;ControllerBody;NULL;NULL;NULL;NULL;1;0;0;-1;0;0;0.0000;0.0000;2.0000;-0.0349;-0.0594;0.5719;356.8386;350.1795;5.9462;-0.0128;-0.0618;0.5698;357.0820;351.8333;5.8008;0;NULL;-0.0128;-0.0618;0.5698;357.0820;351.8333;5.8008;ControllerBody;NULL;c695270d-b11f-410e-bcd0-df2fe05129b0;NULL;NULL;;Controller;;Translation;Exposure;;Manual;15;0;NULL;0.0000;0.0000;2.0000;Exposure;0.5836;2026-05-25 13:55:01.2515;Controllers;NULL;NULL;OpenXR
NULL;Right;NULL;25;Exposure;NULL;OppositeHandTrigger;1;0;0;-1;0;0;0.0000;0.0000;2.0000;NULL;Translation;anonymous;NULL;Mole Hit;MoleEvent;Debug;2478;0e220dd9-09f7-4473-bcda-acf277e68b54;NULL;0.0145;0.0030;-0.0120;356.5118;357.7849;359.2321;0.0710;0.0679;0.0207;2.0000;0.0679;0.0207;2.0000;NULL;1;-0.2917;-0.8234;0.0761;70.3993;313.5423;330.1819;-0.2865;-0.8157;0.0755;70.1214;317.4445;333.4460;1;NULL;-0.2865;-0.8157;0.0755;70.1214;317.4445;333.4460;ControllerBody;NULL;NULL;NULL;NULL;1;0;0;-1;0;0;0.0000;0.0000;2.0000;-0.0349;-0.0594;0.5719;356.8386;350.1795;5.9462;-0.0128;-0.0618;0.5698;357.0820;351.8333;5.8008;0;NULL;-0.0128;-0.0618;0.5698;357.0820;351.8333;5.8008;ControllerBody;NULL;c695270d-b11f-410e-bcd0-df2fe05129b0;NULL;NULL;;Controller;;Translation;Exposure;;Manual;15;0;NULL;0.0000;0.0000;2.0000;Exposure;0.0000;2026-05-25 13:55:01.2540;Controllers;NULL;NULL;OpenXR
NULL;Right;NULL;NULL;Exposure;NULL;OppositeHandTrigger;2;1;0;0;0;0;0.5000;0.0000;2.0000;NULL;Translation;anonymous;NULL;Mole Spawned;MoleEvent;Debug;2478;0e220dd9-09f7-4473-bcda-acf277e68b54;NULL;0.0145;0.0030;-0.0120;356.5118;357.7849;359.2321;NULL;NULL;NULL;NULL;NULL;NULL;NULL;NULL;NULL;-0.2917;-0.8234;0.0761;70.3993;313.5423;330.1819;-0.2865;-0.8157;0.0755;70.1214;317.4445;333.4460;1;NULL;-0.2865;-0.8157;0.0755;70.1214;317.4445;333.4460;ControllerBody;NULL;NULL;NULL;NULL;2;1;0;0;0;0;0.5000;0.0000;2.0000;-0.0349;-0.0594;0.5719;356.8386;350.1795;5.9462;-0.0128;-0.0618;0.5698;357.0820;351.8333;5.8008;0;NULL;-0.0128;-0.0618;0.5698;357.0820;351.8333;5.8008;ControllerBody;NULL;c695270d-b11f-410e-bcd0-df2fe05129b0;NULL;NULL;;Controller;;Translation;Exposure;;Manual;NULL;1;NULL;0.5000;0.0000;2.0000;Exposure;0.0000;2026-05-25 13:55:01.2555;Controllers;NULL;NULL;OpenXR
NULL;Right;NULL;26;Exposure;NULL;OppositeHandTrigger;2;1;0;0;0;0;0.5000;0.0000;2.0000;NULL;Translation;anonymous;NULL;Pointer Shoot;PointerEvent;Debug;2511;0e220dd9-09f7-4473-bcda-acf277e68b54;NULL;0.0112;0.0030;-0.0114;356.7770;359.4512;359.7119;NULL;0.5983;-0.0046;2.0000;0.5983;-0.0046;2.0000;NULL;NULL;-0.2868;-0.8264;0.0745;71.9807;316.5331;331.7897;-0.2797;-0.8216;0.0700;71.9450;319.1774;333.4892;1;NULL;-0.2797;-0.8216;0.0700;71.9450;319.1774;333.4892;ControllerBody;NULL;NULL;NULL;NULL;2;1;0;0;0;0;0.5000;0.0000;2.0000;0.1184;-0.0627;0.5961;357.6391;5.2875;5.3506;0.1314;-0.0622;0.5883;357.3385;6.2692;5.9728;0;NULL;0.1314;-0.0622;0.5883;357.3385;6.2692;5.9728;ControllerBody;NULL;c695270d-b11f-410e-bcd0-df2fe05129b0;NULL;NULL;;Controller;;Translation;Exposure;;Manual;16;1;NULL;0.5000;0.0000;2.0000;Exposure;0.6163;2026-05-25 13:55:01.8675;Controllers;NULL;NULL;OpenXR
NULL;Right;NULL;26;Exposure;NULL;OppositeHandTrigger;2;1;0;0;0;0;0.5000;0.0000;2.0000;NULL;Translation;anonymous;NULL;Mole Hit;MoleEvent;Debug;2511;0e220dd9-09f7-4473-bcda-acf277e68b54;NULL;0.0112;0.0030;-0.0114;356.7770;359.4512;359.7119;0.0984;0.5983;-0.0046;2.0000;0.5983;-0.0046;2.0000;NULL;1;-0.2868;-0.8264;0.0745;71.9807;316.5331;331.7897;-0.2797;-0.8216;0.0700;71.9450;319.1774;333.4892;1;NULL;-0.2797;-0.8216;0.0700;71.9450;319.1774;333.4892;ControllerBody;NULL;NULL;NULL;NULL;2;1;0;0;0;0;0.5000;0.0000;2.0000;0.1184;-0.0627;0.5961;357.6391;5.2875;5.3506;0.1314;-0.0622;0.5883;357.3385;6.2692;5.9728;0;NULL;0.1314;-0.0622;0.5883;357.3385;6.2692;5.9728;ControllerBody;NULL;c695270d-b11f-410e-bcd0-df2fe05129b0;NULL;NULL;;Controller;;Translation;Exposure;;Manual;16;1;NULL;0.5000;0.0000;2.0000;Exposure;0.0000;2026-05-25 13:55:01.8705;Controllers;NULL;NULL;OpenXR
NULL;Right;NULL;NULL;Exposure;NULL;OppositeHandTrigger;3;2;0;1;0;0;-0.5000;0.0000;2.0000;NULL;Translation;anonymous;NULL;Mole Spawned;MoleEvent;Debug;2511;0e220dd9-09f7-4473-bcda-acf277e68b54;NULL;0.0112;0.0030;-0.0114;356.7770;359.4512;359.7119;NULL;NULL;NULL;NULL;NULL;NULL;NULL;NULL;NULL;-0.2868;-0.8264;0.0745;71.9807;316.5331;331.7897;-0.2797;-0.8216;0.0700;71.9450;319.1774;333.4892;1;NULL;-0.2797;-0.8216;0.0700;71.9450;319.1774;333.4892;ControllerBody;NULL;NULL;NULL;NULL;3;2;0;1;0;0;-0.5000;0.0000;2.0000;0.1184;-0.0627;0.5961;357.6391;5.2875;5.3506;0.1314;-0.0622;0.5883;357.3385;6.2692;5.9728;0;NULL;0.1314;-0.0622;0.5883;357.3385;6.2692;5.9728;ControllerBody;NULL;c695270d-b11f-410e-bcd0-df2fe05129b0;NULL;NULL;;Controller;;Translation;Exposure;;Manual;NULL;2;NULL;-0.5000;0.0000;2.0000;Exposure;0.0000;2026-05-25 13:55:01.8737;Controllers;NULL;NULL;OpenXR
NULL;Right;NULL;27;Exposure;NULL;OppositeHandTrigger;3;2;0;1;0;0;-0.5000;0.0000;2.0000;NULL;Translation;anonymous;NULL;Pointer Shoot;PointerEvent;Debug;2554;0e220dd9-09f7-4473-bcda-acf277e68b54;NULL;0.0091;0.0024;-0.0118;356.8990;356.3643;358.2430;NULL;-0.4764;-0.0296;2.0000;-0.4764;-0.0296;2.0000;NULL;NULL;-0.2912;-0.8229;0.0824;70.1014;317.1351;332.9474;-0.2924;-0.8134;0.0795;69.0633;319.5028;335.8711;1;NULL;-0.2924;-0.8134;0.0795;69.0633;319.5028;335.8711;ControllerBody;NULL;NULL;NULL;NULL;3;2;0;1;0;0;-0.5000;0.0000;2.0000;-0.1782;-0.0827;0.5252;358.1152;336.2749;7.2312;-0.1873;-0.0825;0.5128;357.8263;335.2145;7.1586;0;NULL;-0.1873;-0.0825;0.5128;357.8263;335.2145;7.1586;ControllerBody;NULL;c695270d-b11f-410e-bcd0-df2fe05129b0;NULL;NULL;;Controller;;Translation;Exposure;;Manual;17;2;NULL;-0.5000;0.0000;2.0000;Exposure;0.7682;2026-05-25 13:55:02.6360;Controllers;NULL;NULL;OpenXR
NULL;Right;NULL;27;Exposure;NULL;OppositeHandTrigger;3;2;0;1;0;0;-0.5000;0.0000;2.0000;NULL;Translation;anonymous;NULL;Mole Hit;MoleEvent;Debug;2554;0e220dd9-09f7-4473-bcda-acf277e68b54;NULL;0.0091;0.0024;-0.0118;356.8990;356.3643;358.2430;0.0379;-0.4764;-0.0296;2.0000;-0.4764;-0.0296;2.0000;NULL;1;-0.2912;-0.8229;0.0824;70.1014;317.1351;332.9474;-0.2924;-0.8134;0.0795;69.0633;319.5028;335.8711;1;NULL;-0.2924;-0.8134;0.0795;69.0633;319.5028;335.8711;ControllerBody;NULL;NULL;NULL;NULL;3;2;0;1;0;0;-0.5000;0.0000;2.0000;-0.1782;-0.0827;0.5252;358.1152;336.2749;7.2312;-0.1873;-0.0825;0.5128;357.8263;335.2145;7.1586;0;NULL;-0.1873;-0.0825;0.5128;357.8263;335.2145;7.1586;ControllerBody;NULL;c695270d-b11f-410e-bcd0-df2fe05129b0;NULL;NULL;;Controller;;Translation;Exposure;;Manual;17;2;NULL;-0.5000;0.0000;2.0000;Exposure;0.0000;2026-05-25 13:55:02.6375;Controllers;NULL;NULL;OpenXR
NULL;Right;NULL;NULL;Exposure;NULL;OppositeHandTrigger;1;0;0;-1;0;0;0.0000;0.0000;2.0000;NULL;Translation;anonymous;NULL;Mole Spawned;MoleEvent;Debug;2554;0e220dd9-09f7-4473-bcda-acf277e68b54;NULL;0.0091;0.0024;-0.0118;356.8990;356.3643;358.2430;NULL;NULL;NULL;NULL;NULL;NULL;NULL;NULL;NULL;-0.2912;-0.8229;0.0824;70.1014;317.1351;332.9474;-0.2924;-0.8134;0.0795;69.0633;319.5028;335.8711;1;NULL;-0.2924;-0.8134;0.0795;69.0633;319.5028;335.8711;ControllerBody;NULL;NULL;NULL;NULL;1;0;0;-1;0;0;0.0000;0.0000;2.0000;-0.1782;-0.0827;0.5252;358.1152;336.2749;7.2312;-0.1873;-0.0825;0.5128;357.8263;335.2145;7.1586;0;NULL;-0.1873;-0.0825;0.5128;357.8263;335.2145;7.1586;ControllerBody;NULL;c695270d-b11f-410e-bcd0-df2fe05129b0;NULL;NULL;;Controller;;Translation;Exposure;;Manual;NULL;0;NULL;0.0000;0.0000;2.0000;Exposure;0.0000;2026-05-25 13:55:02.6406;Controllers;NULL;NULL;OpenXR
NULL;Right;NULL;28;Exposure;NULL;OppositeHandTrigger;1;0;0;-1;0;0;0.0000;0.0000;2.0000;NULL;Translation;anonymous;NULL;Pointer Shoot;PointerEvent;Debug;2577;0e220dd9-09f7-4473-bcda-acf277e68b54;NULL;0.0161;0.0035;-0.0113;356.3716;356.8767;359.4322;NULL;0.0088;-0.0064;2.0000;0.0088;-0.0064;2.0000;NULL;NULL;-0.2917;-0.8264;0.0745;70.7018;312.3058;328.9270;-0.2851;-0.8205;0.0703;70.7464;313.8105;329.1695;1;NULL;-0.2851;-0.8205;0.0703;70.7464;313.8105;329.1695;ControllerBody;NULL;NULL;NULL;NULL;1;0;0;-1;0;0;0.0000;0.0000;2.0000;-0.0524;-0.0737;0.5687;357.3603;348.5915;7.3020;-0.0289;-0.0731;0.5661;357.2776;350.2391;6.9000;0;NULL;-0.0289;-0.0731;0.5661;357.2776;350.2391;6.9000;ControllerBody;NULL;c695270d-b11f-410e-bcd0-df2fe05129b0;NULL;NULL;;Controller;;Translation;Exposure;;Manual;18;0;NULL;0.0000;0.0000;2.0000;Exposure;0.4495;2026-05-25 13:55:03.0856;Controllers;NULL;NULL;OpenXR
NULL;Right;NULL;28;Exposure;NULL;OppositeHandTrigger;1;0;0;-1;0;0;0.0000;0.0000;2.0000;NULL;Translation;anonymous;NULL;Mole Hit;MoleEvent;Debug;2577;0e220dd9-09f7-4473-bcda-acf277e68b54;NULL;0.0161;0.0035;-0.0113;356.3716;356.8767;359.4322;0.0109;0.0088;-0.0064;2.0000;0.0088;-0.0064;2.0000;NULL;1;-0.2917;-0.8264;0.0745;70.7018;312.3058;328.9270;-0.2851;-0.8205;0.0703;70.7464;313.8105;329.1695;1;NULL;-0.2851;-0.8205;0.0703;70.7464;313.8105;329.1695;ControllerBody;NULL;NULL;NULL;NULL;1;0;0;-1;0;0;0.0000;0.0000;2.0000;-0.0524;-0.0737;0.5687;357.3603;348.5915;7.3020;-0.0289;-0.0731;0.5661;357.2776;350.2391;6.9000;0;NULL;-0.0289;-0.0731;0.5661;357.2776;350.2391;6.9000;ControllerBody;NULL;c695270d-b11f-410e-bcd0-df2fe05129b0;NULL;NULL;;Controller;;Translation;Exposure;;Manual;18;0;NULL;0.0000;0.0000;2.0000;Exposure;0.0000;2026-05-25 13:55:03.0877;Controllers;NULL;NULL;OpenXR
NULL;Right;NULL;NULL;Exposure;NULL;OppositeHandTrigger;3;2;0;1;0;0;-0.5000;0.0000;2.0000;NULL;Translation;anonymous;NULL;Mole Spawned;MoleEvent;Debug;2577;0e220dd9-09f7-4473-bcda-acf277e68b54;NULL;0.0161;0.0035;-0.0113;356.3716;356.8767;359.4322;NULL;NULL;NULL;NULL;NULL;NULL;NULL;NULL;NULL;-0.2917;-0.8264;0.0745;70.7018;312.3058;328.9270;-0.2851;-0.8205;0.0703;70.7464;313.8105;329.1695;1;NULL;-0.2851;-0.8205;0.0703;70.7464;313.8105;329.1695;ControllerBody;NULL;NULL;NULL;NULL;3;2;0;1;0;0;-0.5000;0.0000;2.0000;-0.0524;-0.0737;0.5687;357.3603;348.5915;7.3020;-0.0289;-0.0731;0.5661;357.2776;350.2391;6.9000;0;NULL;-0.0289;-0.0731;0.5661;357.2776;350.2391;6.9000;ControllerBody;NULL;c695270d-b11f-410e-bcd0-df2fe05129b0;NULL;NULL;;Controller;;Translation;Exposure;;Manual;NULL;2;NULL;-0.5000;0.0000;2.0000;Exposure;0.0000;2026-05-25 13:55:03.0908;Controllers;NULL;NULL;OpenXR
NULL;Right;NULL;29;Exposure;NULL;OppositeHandTrigger;3;2;0;1;0;0;-0.5000;0.0000;2.0000;NULL;Translation;anonymous;NULL;Pointer Shoot;PointerEvent;Debug;2617;0e220dd9-09f7-4473-bcda-acf277e68b54;NULL;0.0219;0.0017;-0.0127;356.7065;355.7277;356.3174;NULL;-0.5265;-0.0302;2.0000;-0.5265;-0.0302;2.0000;NULL;NULL;-0.2956;-0.8220;0.0765;69.4388;311.7264;328.0849;-0.2988;-0.8108;0.0724;68.7890;313.9305;331.4872;1;NULL;-0.2988;-0.8108;0.0724;68.7890;313.9305;331.4872;ControllerBody;NULL;NULL;NULL;NULL;3;2;0;1;0;0;-0.5000;0.0000;2.0000;-0.1746;-0.0850;0.5201;358.0836;334.6269;5.6275;-0.1861;-0.0844;0.5078;357.8151;333.4258;6.2017;0;NULL;-0.1861;-0.0844;0.5078;357.8151;333.4258;6.2017;ControllerBody;NULL;c695270d-b11f-410e-bcd0-df2fe05129b0;NULL;NULL;;Controller;;Translation;Exposure;;Manual;19;2;NULL;-0.5000;0.0000;2.0000;Exposure;0.7337;2026-05-25 13:55:03.8185;Controllers;NULL;NULL;OpenXR
NULL;Right;NULL;29;Exposure;NULL;OppositeHandTrigger;3;2;0;1;0;0;-0.5000;0.0000;2.0000;NULL;Translation;anonymous;NULL;Mole Hit;MoleEvent;Debug;2617;0e220dd9-09f7-4473-bcda-acf277e68b54;NULL;0.0219;0.0017;-0.0127;356.7065;355.7277;356.3174;0.0401;-0.5265;-0.0302;2.0000;-0.5265;-0.0302;2.0000;NULL;1;-0.2956;-0.8220;0.0765;69.4388;311.7264;328.0849;-0.2988;-0.8108;0.0724;68.7890;313.9305;331.4872;1;NULL;-0.2988;-0.8108;0.0724;68.7890;313.9305;331.4872;ControllerBody;NULL;NULL;NULL;NULL;3;2;0;1;0;0;-0.5000;0.0000;2.0000;-0.1746;-0.0850;0.5201;358.0836;334.6269;5.6275;-0.1861;-0.0844;0.5078;357.8151;333.4258;6.2017;0;NULL;-0.1861;-0.0844;0.5078;357.8151;333.4258;6.2017;ControllerBody;NULL;c695270d-b11f-410e-bcd0-df2fe05129b0;NULL;NULL;;Controller;;Translation;Exposure;;Manual;19;2;NULL;-0.5000;0.0000;2.0000;Exposure;0.0000;2026-05-25 13:55:03.8217;Controllers;NULL;NULL;OpenXR
NULL;Right;NULL;NULL;Exposure;NULL;OppositeHandTrigger;1;0;0;-1;0;0;0.0000;0.0000;2.0000;NULL;Translation;anonymous;NULL;Mole Spawned;MoleEvent;Debug;2617;0e220dd9-09f7-4473-bcda-acf277e68b54;NULL;0.0219;0.0017;-0.0127;356.7065;355.7277;356.3174;NULL;NULL;NULL;NULL;NULL;NULL;NULL;NULL;NULL;-0.2956;-0.8220;0.0765;69.4388;311.7264;328.0849;-0.2988;-0.8108;0.0724;68.7890;313.9305;331.4872;1;NULL;-0.2988;-0.8108;0.0724;68.7890;313.9305;331.4872;ControllerBody;NULL;NULL;NULL;NULL;1;0;0;-1;0;0;0.0000;0.0000;2.0000;-0.1746;-0.0850;0.5201;358.0836;334.6269;5.6275;-0.1861;-0.0844;0.5078;357.8151;333.4258;6.2017;0;NULL;-0.1861;-0.0844;0.5078;357.8151;333.4258;6.2017;ControllerBody;NULL;c695270d-b11f-410e-bcd0-df2fe05129b0;NULL;NULL;;Controller;;Translation;Exposure;;Manual;NULL;0;NULL;0.0000;0.0000;2.0000;Exposure;0.0000;2026-05-25 13:55:03.8232;Controllers;NULL;NULL;OpenXR
NULL;Right;NULL;30;Exposure;NULL;OppositeHandTrigger;1;0;0;-1;0;0;0.0000;0.0000;2.0000;NULL;Translation;anonymous;NULL;Pointer Shoot;PointerEvent;Debug;2644;0e220dd9-09f7-4473-bcda-acf277e68b54;NULL;0.0245;0.0038;-0.0141;355.8495;357.9084;358.1397;NULL;0.0817;-0.0022;2.0000;0.0817;-0.0022;2.0000;NULL;NULL;-0.2924;-0.8245;0.0687;70.9136;312.2632;329.0089;-0.2837;-0.8147;0.0694;71.0359;316.7343;332.1808;1;NULL;-0.2837;-0.8147;0.0694;71.0359;316.7343;332.1808;ControllerBody;NULL;NULL;NULL;NULL;1;0;0;-1;0;0;0.0000;0.0000;2.0000;-0.0247;-0.0710;0.5729;357.2814;350.3109;6.3515;-0.0032;-0.0696;0.5684;356.8792;351.9761;6.5690;0;NULL;-0.0032;-0.0696;0.5684;356.8792;351.9761;6.5690;ControllerBody;NULL;c695270d-b11f-410e-bcd0-df2fe05129b0;NULL;NULL;;Controller;;Translation;Exposure;;Manual;20;0;NULL;0.0000;0.0000;2.0000;Exposure;0.4999;2026-05-25 13:55:04.3182;Controllers;NULL;NULL;OpenXR
NULL;Right;NULL;30;Exposure;NULL;OppositeHandTrigger;1;0;0;-1;0;0;0.0000;0.0000;2.0000;NULL;Translation;anonymous;NULL;Mole Hit;MoleEvent;Debug;2644;0e220dd9-09f7-4473-bcda-acf277e68b54;NULL;0.0245;0.0038;-0.0141;355.8495;357.9084;358.1397;0.0817;0.0817;-0.0022;2.0000;0.0817;-0.0022;2.0000;NULL;1;-0.2924;-0.8245;0.0687;70.9136;312.2632;329.0089;-0.2837;-0.8147;0.0694;71.0359;316.7343;332.1808;1;NULL;-0.2837;-0.8147;0.0694;71.0359;316.7343;332.1808;ControllerBody;NULL;NULL;NULL;NULL;1;0;0;-1;0;0;0.0000;0.0000;2.0000;-0.0247;-0.0710;0.5729;357.2814;350.3109;6.3515;-0.0032;-0.0696;0.5684;356.8792;351.9761;6.5690;0;NULL;-0.0032;-0.0696;0.5684;356.8792;351.9761;6.5690;ControllerBody;NULL;c695270d-b11f-410e-bcd0-df2fe05129b0;NULL;NULL;;Controller;;Translation;Exposure;;Manual;20;0;NULL;0.0000;0.0000;2.0000;Exposure;0.0000;2026-05-25 13:55:04.3208;Controllers;NULL;NULL;OpenXR
NULL;Right;NULL;NULL;Exposure;NULL;OppositeHandTrigger;3;2;0;1;0;0;-0.5000;0.0000;2.0000;NULL;Translation;anonymous;NULL;Mole Spawned;MoleEvent;Debug;2644;0e220dd9-09f7-4473-bcda-acf277e68b54;NULL;0.0245;0.0038;-0.0141;355.8495;357.9084;358.1397;NULL;NULL;NULL;NULL;NULL;NULL;NULL;NULL;NULL;-0.2924;-0.8245;0.0687;70.9136;312.2632;329.0089;-0.2837;-0.8147;0.0694;71.0359;316.7343;332.1808;1;NULL;-0.2837;-0.8147;0.0694;71.0359;316.7343;332.1808;ControllerBody;NULL;NULL;NULL;NULL;3;2;0;1;0;0;-0.5000;0.0000;2.0000;-0.0247;-0.0710;0.5729;357.2814;350.3109;6.3515;-0.0032;-0.0696;0.5684;356.8792;351.9761;6.5690;0;NULL;-0.0032;-0.0696;0.5684;356.8792;351.9761;6.5690;ControllerBody;NULL;c695270d-b11f-410e-bcd0-df2fe05129b0;NULL;NULL;;Controller;;Translation;Exposure;;Manual;NULL;2;NULL;-0.5000;0.0000;2.0000;Exposure;0.0000;2026-05-25 13:55:04.3244;Controllers;NULL;NULL;OpenXR
NULL;Right;NULL;31;Exposure;NULL;OppositeHandTrigger;3;2;0;1;0;0;-0.5000;0.0000;2.0000;NULL;Translation;anonymous;NULL;Pointer Shoot;PointerEvent;Debug;2675;0e220dd9-09f7-4473-bcda-acf277e68b54;NULL;0.0279;0.0027;-0.0149;355.4717;357.4254;354.9527;NULL;-0.4523;-0.0189;2.0000;-0.4523;-0.0189;2.0000;NULL;NULL;-0.2984;-0.8159;0.0787;69.8731;313.1299;329.0411;-0.2970;-0.8076;0.0779;70.0278;317.5011;334.2548;1;NULL;-0.2970;-0.8076;0.0779;70.0278;317.5011;334.2548;ControllerBody;NULL;NULL;NULL;NULL;3;2;0;1;0;0;-0.5000;0.0000;2.0000;-0.1582;-0.0821;0.5261;357.7486;336.3937;6.4072;-0.1718;-0.0810;0.5128;357.8895;334.9792;6.5979;0;NULL;-0.1718;-0.0810;0.5128;357.8895;334.9792;6.5979;ControllerBody;NULL;c695270d-b11f-410e-bcd0-df2fe05129b0;NULL;NULL;;Controller;;Translation;Exposure;;Manual;21;2;NULL;-0.5000;0.0000;2.0000;Exposure;0.5838;2026-05-25 13:55:04.9017;Controllers;NULL;NULL;OpenXR
NULL;Right;NULL;31;Exposure;NULL;OppositeHandTrigger;3;2;0;1;0;0;-0.5000;0.0000;2.0000;NULL;Translation;anonymous;NULL;Mole Hit;MoleEvent;Debug;2675;0e220dd9-09f7-4473-bcda-acf277e68b54;NULL;0.0279;0.0027;-0.0149;355.4717;357.4254;354.9527;0.0513;-0.4523;-0.0189;2.0000;-0.4523;-0.0189;2.0000;NULL;1;-0.2984;-0.8159;0.0787;69.8731;313.1299;329.0411;-0.2970;-0.8076;0.0779;70.0278;317.5011;334.2548;1;NULL;-0.2970;-0.8076;0.0779;70.0278;317.5011;334.2548;ControllerBody;NULL;NULL;NULL;NULL;3;2;0;1;0;0;-0.5000;0.0000;2.0000;-0.1582;-0.0821;0.5261;357.7486;336.3937;6.4072;-0.1718;-0.0810;0.5128;357.8895;334.9792;6.5979;0;NULL;-0.1718;-0.0810;0.5128;357.8895;334.9792;6.5979;ControllerBody;NULL;c695270d-b11f-410e-bcd0-df2fe05129b0;NULL;NULL;;Controller;;Translation;Exposure;;Manual;21;2;NULL;-0.5000;0.0000;2.0000;Exposure;0.0000;2026-05-25 13:55:04.9048;Controllers;NULL;NULL;OpenXR
NULL;Right;NULL;NULL;Exposure;NULL;OppositeHandTrigger;1;0;0;-1;0;0;0.0000;0.0000;2.0000;NULL;Translation;anonymous;NULL;Mole Spawned;MoleEvent;Debug;2675;0e220dd9-09f7-4473-bcda-acf277e68b54;NULL;0.0279;0.0027;-0.0149;355.4717;357.4254;354.9527;NULL;NULL;NULL;NULL;NULL;NULL;NULL;NULL;NULL;-0.2984;-0.8159;0.0787;69.8731;313.1299;329.0411;-0.2970;-0.8076;0.0779;70.0278;317.5011;334.2548;1;NULL;-0.2970;-0.8076;0.0779;70.0278;317.5011;334.2548;ControllerBody;NULL;NULL;NULL;NULL;1;0;0;-1;0;0;0.0000;0.0000;2.0000;-0.1582;-0.0821;0.5261;357.7486;336.3937;6.4072;-0.1718;-0.0810;0.5128;357.8895;334.9792;6.5979;0;NULL;-0.1718;-0.0810;0.5128;357.8895;334.9792;6.5979;ControllerBody;NULL;c695270d-b11f-410e-bcd0-df2fe05129b0;NULL;NULL;;Controller;;Translation;Exposure;;Manual;NULL;0;NULL;0.0000;0.0000;2.0000;Exposure;0.0000;2026-05-25 13:55:04.9079;Controllers;NULL;NULL;OpenXR
NULL;Right;NULL;32;Exposure;NULL;OppositeHandTrigger;1;0;0;-1;0;0;0.0000;0.0000;2.0000;NULL;Translation;anonymous;NULL;Pointer Shoot;PointerEvent;Debug;2703;0e220dd9-09f7-4473-bcda-acf277e68b54;NULL;0.0222;0.0039;-0.0162;355.5103;358.0684;358.6383;NULL;0.0308;-0.0273;2.0000;0.0308;-0.0273;2.0000;NULL;NULL;-0.3008;-0.8226;0.0637;71.3322;309.1626;325.8943;-0.2921;-0.8137;0.0638;70.7584;312.2573;327.3431;1;NULL;-0.2921;-0.8137;0.0638;70.7584;312.2573;327.3431;ControllerBody;NULL;NULL;NULL;NULL;1;0;0;-1;0;0;0.0000;0.0000;2.0000;-0.0407;-0.0784;0.5704;357.9919;348.9753;6.8838;-0.0359;-0.0760;0.5611;357.4065;348.2308;7.2251;0;NULL;-0.0359;-0.0760;0.5611;357.4065;348.2308;7.2251;ControllerBody;NULL;c695270d-b11f-410e-bcd0-df2fe05129b0;NULL;NULL;;Controller;;Translation;Exposure;;Manual;22;0;NULL;0.0000;0.0000;2.0000;Exposure;0.5329;2026-05-25 13:55:05.4361;Controllers;NULL;NULL;OpenXR
NULL;Right;NULL;32;Exposure;NULL;OppositeHandTrigger;1;0;0;-1;0;0;0.0000;0.0000;2.0000;NULL;Translation;anonymous;NULL;Mole Hit;MoleEvent;Debug;2703;0e220dd9-09f7-4473-bcda-acf277e68b54;NULL;0.0222;0.0039;-0.0162;355.5103;358.0684;358.6383;0.0412;0.0308;-0.0273;2.0000;0.0308;-0.0273;2.0000;NULL;1;-0.3008;-0.8226;0.0637;71.3322;309.1626;325.8943;-0.2921;-0.8137;0.0638;70.7584;312.2573;327.3431;1;NULL;-0.2921;-0.8137;0.0638;70.7584;312.2573;327.3431;ControllerBody;NULL;NULL;NULL;NULL;1;0;0;-1;0;0;0.0000;0.0000;2.0000;-0.0407;-0.0784;0.5704;357.9919;348.9753;6.8838;-0.0359;-0.0760;0.5611;357.4065;348.2308;7.2251;0;NULL;-0.0359;-0.0760;0.5611;357.4065;348.2308;7.2251;ControllerBody;NULL;c695270d-b11f-410e-bcd0-df2fe05129b0;NULL;NULL;;Controller;;Translation;Exposure;;Manual;22;0;NULL;0.0000;0.0000;2.0000;Exposure;0.0000;2026-05-25 13:55:05.4391;Controllers;NULL;NULL;OpenXR
NULL;Right;NULL;NULL;Exposure;NULL;OppositeHandTrigger;3;2;0;1;0;0;-0.5000;0.0000;2.0000;NULL;Translation;anonymous;NULL;Mole Spawned;MoleEvent;Debug;2703;0e220dd9-09f7-4473-bcda-acf277e68b54;NULL;0.0222;0.0039;-0.0162;355.5103;358.0684;358.6383;NULL;NULL;NULL;NULL;NULL;NULL;NULL;NULL;NULL;-0.3008;-0.8226;0.0637;71.3322;309.1626;325.8943;-0.2921;-0.8137;0.0638;70.7584;312.2573;327.3431;1;NULL;-0.2921;-0.8137;0.0638;70.7584;312.2573;327.3431;ControllerBody;NULL;NULL;NULL;NULL;3;2;0;1;0;0;-0.5000;0.0000;2.0000;-0.0407;-0.0784;0.5704;357.9919;348.9753;6.8838;-0.0359;-0.0760;0.5611;357.4065;348.2308;7.2251;0;NULL;-0.0359;-0.0760;0.5611;357.4065;348.2308;7.2251;ControllerBody;NULL;c695270d-b11f-410e-bcd0-df2fe05129b0;NULL;NULL;;Controller;;Translation;Exposure;;Manual;NULL;2;NULL;-0.5000;0.0000;2.0000;Exposure;0.0000;2026-05-25 13:55:05.4422;Controllers;NULL;NULL;OpenXR
NULL;Right;NULL;33;Exposure;NULL;OppositeHandTrigger;3;2;0;1;0;0;-0.5000;0.0000;2.0000;NULL;Translation;anonymous;NULL;Pointer Shoot;PointerEvent;Debug;2733;0e220dd9-09f7-4473-bcda-acf277e68b54;NULL;0.0169;0.0018;-0.0150;356.6910;356.4295;357.3155;NULL;-0.5361;-0.0139;2.0000;-0.5361;-0.0139;2.0000;NULL;NULL;-0.3035;-0.8160;0.0737;69.3817;312.1747;329.5499;-0.2984;-0.8097;0.0685;69.2287;314.9409;332.6742;1;NULL;-0.2984;-0.8097;0.0685;69.2287;314.9409;332.6742;ControllerBody;NULL;NULL;NULL;NULL;3;2;0;1;0;0;-0.5000;0.0000;2.0000;-0.1799;-0.0824;0.5177;357.6102;334.5281;8.6229;-0.1839;-0.0824;0.5083;357.5949;334.4667;8.9469;0;NULL;-0.1839;-0.0824;0.5083;357.5949;334.4667;8.9469;ControllerBody;NULL;c695270d-b11f-410e-bcd0-df2fe05129b0;NULL;NULL;;Controller;;Translation;Exposure;;Manual;23;2;NULL;-0.5000;0.0000;2.0000;Exposure;0.5499;2026-05-25 13:55:05.9857;Controllers;NULL;NULL;OpenXR
NULL;Right;NULL;33;Exposure;NULL;OppositeHandTrigger;3;2;0;1;0;0;-0.5000;0.0000;2.0000;NULL;Translation;anonymous;NULL;Mole Hit;MoleEvent;Debug;2733;0e220dd9-09f7-4473-bcda-acf277e68b54;NULL;0.0169;0.0018;-0.0150;356.6910;356.4295;357.3155;0.0386;-0.5361;-0.0139;2.0000;-0.5361;-0.0139;2.0000;NULL;1;-0.3035;-0.8160;0.0737;69.3817;312.1747;329.5499;-0.2984;-0.8097;0.0685;69.2287;314.9409;332.6742;1;NULL;-0.2984;-0.8097;0.0685;69.2287;314.9409;332.6742;ControllerBody;NULL;NULL;NULL;NULL;3;2;0;1;0;0;-0.5000;0.0000;2.0000;-0.1799;-0.0824;0.5177;357.6102;334.5281;8.6229;-0.1839;-0.0824;0.5083;357.5949;334.4667;8.9469;0;NULL;-0.1839;-0.0824;0.5083;357.5949;334.4667;8.9469;ControllerBody;NULL;c695270d-b11f-410e-bcd0-df2fe05129b0;NULL;NULL;;Controller;;Translation;Exposure;;Manual;23;2;NULL;-0.5000;0.0000;2.0000;Exposure;0.0000;2026-05-25 13:55:05.9872;Controllers;NULL;NULL;OpenXR
NULL;Right;NULL;NULL;Exposure;NULL;OppositeHandTrigger;1;0;0;-1;0;0;0.0000;0.0000;2.0000;NULL;Translation;anonymous;NULL;Mole Spawned;MoleEvent;Debug;2733;0e220dd9-09f7-4473-bcda-acf277e68b54;NULL;0.0169;0.0018;-0.0150;356.6910;356.4295;357.3155;NULL;NULL;NULL;NULL;NULL;NULL;NULL;NULL;NULL;-0.3035;-0.8160;0.0737;69.3817;312.1747;329.5499;-0.2984;-0.8097;0.0685;69.2287;314.9409;332.6742;1;NULL;-0.2984;-0.8097;0.0685;69.2287;314.9409;332.6742;ControllerBody;NULL;NULL;NULL;NULL;1;0;0;-1;0;0;0.0000;0.0000;2.0000;-0.1799;-0.0824;0.5177;357.6102;334.5281;8.6229;-0.1839;-0.0824;0.5083;357.5949;334.4667;8.9469;0;NULL;-0.1839;-0.0824;0.5083;357.5949;334.4667;8.9469;ControllerBody;NULL;c695270d-b11f-410e-bcd0-df2fe05129b0;NULL;NULL;;Controller;;Translation;Exposure;;Manual;NULL;0;NULL;0.0000;0.0000;2.0000;Exposure;0.0000;2026-05-25 13:55:05.9904;Controllers;NULL;NULL;OpenXR
NULL;Right;NULL;34;Exposure;NULL;OppositeHandTrigger;1;0;0;-1;0;0;0.0000;0.0000;2.0000;NULL;Translation;anonymous;NULL;Pointer Shoot;PointerEvent;Debug;2759;0e220dd9-09f7-4473-bcda-acf277e68b54;NULL;0.0240;0.0032;-0.0138;355.9365;358.4970;358.3393;NULL;0.0098;0.0156;2.0000;0.0098;0.0156;2.0000;NULL;NULL;-0.2976;-0.8211;0.0671;70.6542;312.3738;328.1227;-0.2871;-0.8145;0.0681;70.4928;314.4964;328.3105;1;NULL;-0.2871;-0.8145;0.0681;70.4928;314.4964;328.3105;ControllerBody;NULL;NULL;NULL;NULL;1;0;0;-1;0;0;0.0000;0.0000;2.0000;-0.0438;-0.0696;0.5644;356.6750;348.3349;8.2711;-0.0239;-0.0684;0.5605;356.5063;349.5821;7.9874;0;NULL;-0.0239;-0.0684;0.5605;356.5063;349.5821;7.9874;ControllerBody;NULL;c695270d-b11f-410e-bcd0-df2fe05129b0;NULL;NULL;;Controller;;Translation;Exposure;;Manual;24;0;NULL;0.0000;0.0000;2.0000;Exposure;0.4827;2026-05-25 13:55:06.4685;Controllers;NULL;NULL;OpenXR
NULL;Right;NULL;34;Exposure;NULL;OppositeHandTrigger;1;0;0;-1;0;0;0.0000;0.0000;2.0000;NULL;Translation;anonymous;NULL;Mole Hit;MoleEvent;Debug;2759;0e220dd9-09f7-4473-bcda-acf277e68b54;NULL;0.0240;0.0032;-0.0138;355.9365;358.4970;358.3393;0.0184;0.0098;0.0156;2.0000;0.0098;0.0156;2.0000;NULL;1;-0.2976;-0.8211;0.0671;70.6542;312.3738;328.1227;-0.2871;-0.8145;0.0681;70.4928;314.4964;328.3105;1;NULL;-0.2871;-0.8145;0.0681;70.4928;314.4964;328.3105;ControllerBody;NULL;NULL;NULL;NULL;1;0;0;-1;0;0;0.0000;0.0000;2.0000;-0.0438;-0.0696;0.5644;356.6750;348.3349;8.2711;-0.0239;-0.0684;0.5605;356.5063;349.5821;7.9874;0;NULL;-0.0239;-0.0684;0.5605;356.5063;349.5821;7.9874;ControllerBody;NULL;c695270d-b11f-410e-bcd0-df2fe05129b0;NULL;NULL;;Controller;;Translation;Exposure;;Manual;24;0;NULL;0.0000;0.0000;2.0000;Exposure;0.0000;2026-05-25 13:55:06.4711;Controllers;NULL;NULL;OpenXR
NULL;Right;NULL;NULL;Exposure;NULL;OppositeHandTrigger;3;2;0;1;0;0;-0.5000;0.0000;2.0000;NULL;Translation;anonymous;NULL;Mole Spawned;MoleEvent;Debug;2759;0e220dd9-09f7-4473-bcda-acf277e68b54;NULL;0.0240;0.0032;-0.0138;355.9365;358.4970;358.3393;NULL;NULL;NULL;NULL;NULL;NULL;NULL;NULL;NULL;-0.2976;-0.8211;0.0671;70.6542;312.3738;328.1227;-0.2871;-0.8145;0.0681;70.4928;314.4964;328.3105;1;NULL;-0.2871;-0.8145;0.0681;70.4928;314.4964;328.3105;ControllerBody;NULL;NULL;NULL;NULL;3;2;0;1;0;0;-0.5000;0.0000;2.0000;-0.0438;-0.0696;0.5644;356.6750;348.3349;8.2711;-0.0239;-0.0684;0.5605;356.5063;349.5821;7.9874;0;NULL;-0.0239;-0.0684;0.5605;356.5063;349.5821;7.9874;ControllerBody;NULL;c695270d-b11f-410e-bcd0-df2fe05129b0;NULL;NULL;;Controller;;Translation;Exposure;;Manual;NULL;2;NULL;-0.5000;0.0000;2.0000;Exposure;0.0000;2026-05-25 13:55:06.4736;Controllers;NULL;NULL;OpenXR
NULL;Right;NULL;35;Exposure;NULL;OppositeHandTrigger;3;2;0;1;0;0;-0.5000;0.0000;2.0000;NULL;Translation;anonymous;NULL;Pointer Shoot;PointerEvent;Debug;2786;0e220dd9-09f7-4473-bcda-acf277e68b54;NULL;0.0134;0.0018;-0.0098;357.3735;355.1130;357.4196;NULL;-0.3848;-0.0177;2.0000;-0.3848;-0.0177;2.0000;NULL;NULL;-0.2957;-0.8191;0.0715;70.4828;314.5125;330.9838;-0.2928;-0.8119;0.0690;70.3958;315.9957;333.4156;1;NULL;-0.2928;-0.8119;0.0690;70.3958;315.9957;333.4156;ControllerBody;NULL;NULL;NULL;NULL;3;2;0;1;0;0;-0.5000;0.0000;2.0000;-0.1486;-0.0821;0.5361;357.6597;338.1776;8.7506;-0.1609;-0.0838;0.5251;357.8905;337.1246;9.1245;0;NULL;-0.1609;-0.0838;0.5251;357.8905;337.1246;9.1245;ControllerBody;NULL;c695270d-b11f-410e-bcd0-df2fe05129b0;NULL;NULL;;Controller;;Translation;Exposure;;Manual;25;2;NULL;-0.5000;0.0000;2.0000;Exposure;0.5346;2026-05-25 13:55:07.0023;Controllers;NULL;NULL;OpenXR
NULL;Right;NULL;35;Exposure;NULL;OppositeHandTrigger;3;2;0;1;0;0;-0.5000;0.0000;2.0000;NULL;Translation;anonymous;NULL;Mole Missed;PointerEvent;Debug;2786;0e220dd9-09f7-4473-bcda-acf277e68b54;NULL;0.0134;0.0018;-0.0098;357.3735;355.1130;357.4196;0.1165;-0.3848;-0.0177;2.0000;-0.3848;-0.0177;2.0000;NULL;0;-0.2957;-0.8191;0.0715;70.4828;314.5125;330.9838;-0.2928;-0.8119;0.0690;70.3958;315.9957;333.4156;1;NULL;-0.2928;-0.8119;0.0690;70.3958;315.9957;333.4156;ControllerBody;NULL;NULL;NULL;NULL;3;2;0;1;0;0;-0.5000;0.0000;2.0000;-0.1486;-0.0821;0.5361;357.6597;338.1776;8.7506;-0.1609;-0.0838;0.5251;357.8905;337.1246;9.1245;0;NULL;-0.1609;-0.0838;0.5251;357.8905;337.1246;9.1245;ControllerBody;NULL;c695270d-b11f-410e-bcd0-df2fe05129b0;NULL;NULL;;Controller;;Translation;Exposure;;Manual;25;2;NULL;-0.5000;0.0000;2.0000;Exposure;0.0000;2026-05-25 13:55:07.0055;Controllers;NULL;NULL;OpenXR
NULL;Right;NULL;NULL;Exposure;NULL;OppositeHandTrigger;2;1;0;0;0;0;0.5000;0.0000;2.0000;NULL;Translation;anonymous;NULL;Mole Spawned;MoleEvent;Debug;2786;0e220dd9-09f7-4473-bcda-acf277e68b54;NULL;0.0134;0.0018;-0.0098;357.3735;355.1130;357.4196;NULL;NULL;NULL;NULL;NULL;NULL;NULL;NULL;NULL;-0.2957;-0.8191;0.0715;70.4828;314.5125;330.9838;-0.2928;-0.8119;0.0690;70.3958;315.9957;333.4156;1;NULL;-0.2928;-0.8119;0.0690;70.3958;315.9957;333.4156;ControllerBody;NULL;NULL;NULL;NULL;2;1;0;0;0;0;0.5000;0.0000;2.0000;-0.1486;-0.0821;0.5361;357.6597;338.1776;8.7506;-0.1609;-0.0838;0.5251;357.8905;337.1246;9.1245;0;NULL;-0.1609;-0.0838;0.5251;357.8905;337.1246;9.1245;ControllerBody;NULL;c695270d-b11f-410e-bcd0-df2fe05129b0;NULL;NULL;;Controller;;Translation;Exposure;;Manual;NULL;1;NULL;0.5000;0.0000;2.0000;Exposure;0.0000;2026-05-25 13:55:07.0085;Controllers;NULL;NULL;OpenXR
NULL;Right;NULL;36;Exposure;NULL;OppositeHandTrigger;2;1;0;0;0;0;0.5000;0.0000;2.0000;NULL;Translation;anonymous;NULL;Pointer Shoot;PointerEvent;Debug;2836;0e220dd9-09f7-4473-bcda-acf277e68b54;NULL;0.0305;0.0027;-0.0118;356.3966;0.2139;357.1076;NULL;0.4646;0.0125;2.0000;0.4646;0.0125;2.0000;NULL;NULL;-0.2927;-0.8172;0.0732;70.5251;312.5245;326.9017;-0.2904;-0.8053;0.0759;70.2155;314.7973;328.4655;1;NULL;-0.2904;-0.8053;0.0759;70.2155;314.7973;328.4655;ControllerBody;NULL;NULL;NULL;NULL;2;1;0;0;0;0;0.5000;0.0000;2.0000;0.0928;-0.0648;0.5932;356.8574;0.8892;4.9175;0.1030;-0.0646;0.5867;356.7506;1.7775;4.7522;0;NULL;0.1030;-0.0646;0.5867;356.7506;1.7775;4.7522;ControllerBody;NULL;c695270d-b11f-410e-bcd0-df2fe05129b0;NULL;NULL;;Controller;;Translation;Exposure;;Manual;25;1;NULL;0.5000;0.0000;2.0000;Exposure;0.8993;2026-05-25 13:55:07.9007;Controllers;NULL;NULL;OpenXR
NULL;Right;NULL;36;Exposure;NULL;OppositeHandTrigger;2;1;0;0;0;0;0.5000;0.0000;2.0000;NULL;Translation;anonymous;NULL;Mole Hit;MoleEvent;Debug;2836;0e220dd9-09f7-4473-bcda-acf277e68b54;NULL;0.0305;0.0027;-0.0118;356.3966;0.2139;357.1076;0.0375;0.4646;0.0125;2.0000;0.4646;0.0125;2.0000;NULL;1;-0.2927;-0.8172;0.0732;70.5251;312.5245;326.9017;-0.2904;-0.8053;0.0759;70.2155;314.7973;328.4655;1;NULL;-0.2904;-0.8053;0.0759;70.2155;314.7973;328.4655;ControllerBody;NULL;NULL;NULL;NULL;2;1;0;0;0;0;0.5000;0.0000;2.0000;0.0928;-0.0648;0.5932;356.8574;0.8892;4.9175;0.1030;-0.0646;0.5867;356.7506;1.7775;4.7522;0;NULL;0.1030;-0.0646;0.5867;356.7506;1.7775;4.7522;ControllerBody;NULL;c695270d-b11f-410e-bcd0-df2fe05129b0;NULL;NULL;;Controller;;Translation;Exposure;;Manual;25;1;NULL;0.5000;0.0000;2.0000;Exposure;0.0000;2026-05-25 13:55:07.9038;Controllers;NULL;NULL;OpenXR
NULL;Right;NULL;NULL;Exposure;NULL;OppositeHandTrigger;3;2;0;1;0;0;-0.5000;0.0000;2.0000;NULL;Translation;anonymous;NULL;Mole Spawned;MoleEvent;Debug;2836;0e220dd9-09f7-4473-bcda-acf277e68b54;NULL;0.0305;0.0027;-0.0118;356.3966;0.2139;357.1076;NULL;NULL;NULL;NULL;NULL;NULL;NULL;NULL;NULL;-0.2927;-0.8172;0.0732;70.5251;312.5245;326.9017;-0.2904;-0.8053;0.0759;70.2155;314.7973;328.4655;1;NULL;-0.2904;-0.8053;0.0759;70.2155;314.7973;328.4655;ControllerBody;NULL;NULL;NULL;NULL;3;2;0;1;0;0;-0.5000;0.0000;2.0000;0.0928;-0.0648;0.5932;356.8574;0.8892;4.9175;0.1030;-0.0646;0.5867;356.7506;1.7775;4.7522;0;NULL;0.1030;-0.0646;0.5867;356.7506;1.7775;4.7522;ControllerBody;NULL;c695270d-b11f-410e-bcd0-df2fe05129b0;NULL;NULL;;Controller;;Translation;Exposure;;Manual;NULL;2;NULL;-0.5000;0.0000;2.0000;Exposure;0.0000;2026-05-25 13:55:07.9069;Controllers;NULL;NULL;OpenXR
NULL;Right;NULL;37;Exposure;NULL;OppositeHandTrigger;3;2;0;1;0;0;-0.5000;0.0000;2.0000;NULL;Translation;anonymous;NULL;Pointer Shoot;PointerEvent;Debug;2880;0e220dd9-09f7-4473-bcda-acf277e68b54;NULL;0.0125;0.0030;-0.0135;356.1566;353.7784;358.0496;NULL;-0.4774;-0.0122;2.0000;-0.4774;-0.0122;2.0000;NULL;NULL;-0.2960;-0.8159;0.0750;70.0912;314.7457;331.4344;-0.2965;-0.8107;0.0692;70.0955;316.4534;334.0249;1;NULL;-0.2965;-0.8107;0.0692;70.0955;316.4534;334.0249;ControllerBody;NULL;NULL;NULL;NULL;3;2;0;1;0;0;-0.5000;0.0000;2.0000;-0.1677;-0.0771;0.5313;357.6911;335.8110;8.1882;-0.1772;-0.0770;0.5200;357.6750;334.8280;8.5008;0;NULL;-0.1772;-0.0770;0.5200;357.6750;334.8280;8.5008;ControllerBody;NULL;c695270d-b11f-410e-bcd0-df2fe05129b0;NULL;NULL;;Controller;;Translation;Exposure;;Manual;26;2;NULL;-0.5000;0.0000;2.0000;Exposure;0.7994;2026-05-25 13:55:08.7000;Controllers;NULL;NULL;OpenXR
NULL;Right;NULL;37;Exposure;NULL;OppositeHandTrigger;3;2;0;1;0;0;-0.5000;0.0000;2.0000;NULL;Translation;anonymous;NULL;Mole Hit;MoleEvent;Debug;2880;0e220dd9-09f7-4473-bcda-acf277e68b54;NULL;0.0125;0.0030;-0.0135;356.1566;353.7784;358.0496;0.0257;-0.4774;-0.0122;2.0000;-0.4774;-0.0122;2.0000;NULL;1;-0.2960;-0.8159;0.0750;70.0912;314.7457;331.4344;-0.2965;-0.8107;0.0692;70.0955;316.4534;334.0249;1;NULL;-0.2965;-0.8107;0.0692;70.0955;316.4534;334.0249;ControllerBody;NULL;NULL;NULL;NULL;3;2;0;1;0;0;-0.5000;0.0000;2.0000;-0.1677;-0.0771;0.5313;357.6911;335.8110;8.1882;-0.1772;-0.0770;0.5200;357.6750;334.8280;8.5008;0;NULL;-0.1772;-0.0770;0.5200;357.6750;334.8280;8.5008;ControllerBody;NULL;c695270d-b11f-410e-bcd0-df2fe05129b0;NULL;NULL;;Controller;;Translation;Exposure;;Manual;26;2;NULL;-0.5000;0.0000;2.0000;Exposure;0.0000;2026-05-25 13:55:08.7038;Controllers;NULL;NULL;OpenXR
NULL;Right;NULL;NULL;Exposure;NULL;OppositeHandTrigger;2;1;0;0;0;0;0.5000;0.0000;2.0000;NULL;Translation;anonymous;NULL;Mole Spawned;MoleEvent;Debug;2880;0e220dd9-09f7-4473-bcda-acf277e68b54;NULL;0.0125;0.0030;-0.0135;356.1566;353.7784;358.0496;NULL;NULL;NULL;NULL;NULL;NULL;NULL;NULL;NULL;-0.2960;-0.8159;0.0750;70.0912;314.7457;331.4344;-0.2965;-0.8107;0.0692;70.0955;316.4534;334.0249;1;NULL;-0.2965;-0.8107;0.0692;70.0955;316.4534;334.0249;ControllerBody;NULL;NULL;NULL;NULL;2;1;0;0;0;0;0.5000;0.0000;2.0000;-0.1677;-0.0771;0.5313;357.6911;335.8110;8.1882;-0.1772;-0.0770;0.5200;357.6750;334.8280;8.5008;0;NULL;-0.1772;-0.0770;0.5200;357.6750;334.8280;8.5008;ControllerBody;NULL;c695270d-b11f-410e-bcd0-df2fe05129b0;NULL;NULL;;Controller;;Translation;Exposure;;Manual;NULL;1;NULL;0.5000;0.0000;2.0000;Exposure;0.0000;2026-05-25 13:55:08.7059;Controllers;NULL;NULL;OpenXR
NULL;Right;NULL;38;Exposure;NULL;OppositeHandTrigger;2;1;0;0;0;0;0.5000;0.0000;2.0000;NULL;Translation;anonymous;NULL;Pointer Shoot;PointerEvent;Debug;2918;0e220dd9-09f7-4473-bcda-acf277e68b54;NULL;0.0308;0.0034;-0.0116;355.9272;359.3640;357.8557;NULL;0.5014;0.0309;2.0000;0.5014;0.0309;2.0000;NULL;NULL;-0.2945;-0.8206;0.0697;70.9965;312.6688;328.0299;-0.2871;-0.8143;0.0694;71.1934;315.0087;328.8923;1;NULL;-0.2871;-0.8143;0.0694;71.1934;315.0087;328.8923;ControllerBody;NULL;NULL;NULL;NULL;2;1;0;0;0;0;0.5000;0.0000;2.0000;0.1089;-0.0591;0.5955;356.3380;1.7332;5.4906;0.1273;-0.0596;0.5883;356.3239;3.2028;5.6264;0;NULL;0.1273;-0.0596;0.5883;356.3239;3.2028;5.6264;ControllerBody;NULL;c695270d-b11f-410e-bcd0-df2fe05129b0;NULL;NULL;;Controller;;Translation;Exposure;;Manual;27;1;NULL;0.5000;0.0000;2.0000;Exposure;0.6999;2026-05-25 13:55:09.4012;Controllers;NULL;NULL;OpenXR
NULL;Right;NULL;38;Exposure;NULL;OppositeHandTrigger;2;1;0;0;0;0;0.5000;0.0000;2.0000;NULL;Translation;anonymous;NULL;Mole Hit;MoleEvent;Debug;2918;0e220dd9-09f7-4473-bcda-acf277e68b54;NULL;0.0308;0.0034;-0.0116;355.9272;359.3640;357.8557;0.0309;0.5014;0.0309;2.0000;0.5014;0.0309;2.0000;NULL;1;-0.2945;-0.8206;0.0697;70.9965;312.6688;328.0299;-0.2871;-0.8143;0.0694;71.1934;315.0087;328.8923;1;NULL;-0.2871;-0.8143;0.0694;71.1934;315.0087;328.8923;ControllerBody;NULL;NULL;NULL;NULL;2;1;0;0;0;0;0.5000;0.0000;2.0000;0.1089;-0.0591;0.5955;356.3380;1.7332;5.4906;0.1273;-0.0596;0.5883;356.3239;3.2028;5.6264;0;NULL;0.1273;-0.0596;0.5883;356.3239;3.2028;5.6264;ControllerBody;NULL;c695270d-b11f-410e-bcd0-df2fe05129b0;NULL;NULL;;Controller;;Translation;Exposure;;Manual;27;1;NULL;0.5000;0.0000;2.0000;Exposure;0.0000;2026-05-25 13:55:09.4027;Controllers;NULL;NULL;OpenXR
NULL;Right;NULL;NULL;Exposure;NULL;OppositeHandTrigger;3;2;0;1;0;0;-0.5000;0.0000;2.0000;NULL;Translation;anonymous;NULL;Mole Spawned;MoleEvent;Debug;2918;0e220dd9-09f7-4473-bcda-acf277e68b54;NULL;0.0308;0.0034;-0.0116;355.9272;359.3640;357.8557;NULL;NULL;NULL;NULL;NULL;NULL;NULL;NULL;NULL;-0.2945;-0.8206;0.0697;70.9965;312.6688;328.0299;-0.2871;-0.8143;0.0694;71.1934;315.0087;328.8923;1;NULL;-0.2871;-0.8143;0.0694;71.1934;315.0087;328.8923;ControllerBody;NULL;NULL;NULL;NULL;3;2;0;1;0;0;-0.5000;0.0000;2.0000;0.1089;-0.0591;0.5955;356.3380;1.7332;5.4906;0.1273;-0.0596;0.5883;356.3239;3.2028;5.6264;0;NULL;0.1273;-0.0596;0.5883;356.3239;3.2028;5.6264;ControllerBody;NULL;c695270d-b11f-410e-bcd0-df2fe05129b0;NULL;NULL;;Controller;;Translation;Exposure;;Manual;NULL;2;NULL;-0.5000;0.0000;2.0000;Exposure;0.0000;2026-05-25 13:55:09.4057;Controllers;NULL;NULL;OpenXR
NULL;Right;NULL;39;Exposure;NULL;OppositeHandTrigger;3;2;0;1;0;0;-0.5000;0.0000;2.0000;NULL;Translation;anonymous;NULL;Pointer Shoot;PointerEvent;Debug;2953;0e220dd9-09f7-4473-bcda-acf277e68b54;NULL;0.0095;0.0021;-0.0101;357.2130;354.4484;357.7259;NULL;-0.4080;0.0144;2.0000;-0.4080;0.0144;2.0000;NULL;NULL;-0.2950;-0.8214;0.0725;70.9033;315.6759;332.2910;-0.2933;-0.8186;0.0637;71.2196;316.8754;334.3319;1;NULL;-0.2933;-0.8186;0.0637;71.2196;316.8754;334.3319;ControllerBody;NULL;NULL;NULL;NULL;3;2;0;1;0;0;-0.5000;0.0000;2.0000;-0.1496;-0.0767;0.5405;356.7018;337.3713;7.6896;-0.1627;-0.0760;0.5295;357.2595;336.3814;8.2600;0;NULL;-0.1627;-0.0760;0.5295;357.2595;336.3814;8.2600;ControllerBody;NULL;c695270d-b11f-410e-bcd0-df2fe05129b0;NULL;NULL;;Controller;;Translation;Exposure;;Manual;28;2;NULL;-0.5000;0.0000;2.0000;Exposure;0.6497;2026-05-25 13:55:10.0506;Controllers;NULL;NULL;OpenXR
NULL;Right;NULL;39;Exposure;NULL;OppositeHandTrigger;3;2;0;1;0;0;-0.5000;0.0000;2.0000;NULL;Translation;anonymous;NULL;Mole Hit;MoleEvent;Debug;2953;0e220dd9-09f7-4473-bcda-acf277e68b54;NULL;0.0095;0.0021;-0.0101;357.2130;354.4484;357.7259;0.0931;-0.4080;0.0144;2.0000;-0.4080;0.0144;2.0000;NULL;1;-0.2950;-0.8214;0.0725;70.9033;315.6759;332.2910;-0.2933;-0.8186;0.0637;71.2196;316.8754;334.3319;1;NULL;-0.2933;-0.8186;0.0637;71.2196;316.8754;334.3319;ControllerBody;NULL;NULL;NULL;NULL;3;2;0;1;0;0;-0.5000;0.0000;2.0000;-0.1496;-0.0767;0.5405;356.7018;337.3713;7.6896;-0.1627;-0.0760;0.5295;357.2595;336.3814;8.2600;0;NULL;-0.1627;-0.0760;0.5295;357.2595;336.3814;8.2600;ControllerBody;NULL;c695270d-b11f-410e-bcd0-df2fe05129b0;NULL;NULL;;Controller;;Translation;Exposure;;Manual;28;2;NULL;-0.5000;0.0000;2.0000;Exposure;0.0000;2026-05-25 13:55:10.0538;Controllers;NULL;NULL;OpenXR
NULL;Right;NULL;NULL;Exposure;NULL;OppositeHandTrigger;1;0;0;-1;0;0;0.0000;0.0000;2.0000;NULL;Translation;anonymous;NULL;Mole Spawned;MoleEvent;Debug;2953;0e220dd9-09f7-4473-bcda-acf277e68b54;NULL;0.0095;0.0021;-0.0101;357.2130;354.4484;357.7259;NULL;NULL;NULL;NULL;NULL;NULL;NULL;NULL;NULL;-0.2950;-0.8214;0.0725;70.9033;315.6759;332.2910;-0.2933;-0.8186;0.0637;71.2196;316.8754;334.3319;1;NULL;-0.2933;-0.8186;0.0637;71.2196;316.8754;334.3319;ControllerBody;NULL;NULL;NULL;NULL;1;0;0;-1;0;0;0.0000;0.0000;2.0000;-0.1496;-0.0767;0.5405;356.7018;337.3713;7.6896;-0.1627;-0.0760;0.5295;357.2595;336.3814;8.2600;0;NULL;-0.1627;-0.0760;0.5295;357.2595;336.3814;8.2600;ControllerBody;NULL;c695270d-b11f-410e-bcd0-df2fe05129b0;NULL;NULL;;Controller;;Translation;Exposure;;Manual;NULL;0;NULL;0.0000;0.0000;2.0000;Exposure;0.0000;2026-05-25 13:55:10.0553;Controllers;NULL;NULL;OpenXR
NULL;Right;NULL;40;Exposure;NULL;OppositeHandTrigger;1;0;0;-1;0;0;0.0000;0.0000;2.0000;NULL;Translation;anonymous;NULL;Pointer Shoot;PointerEvent;Debug;2978;0e220dd9-09f7-4473-bcda-acf277e68b54;NULL;0.0219;0.0018;-0.0066;357.4962;358.4336;357.7649;NULL;0.0365;0.0223;2.0000;0.0365;0.0223;2.0000;NULL;NULL;-0.2911;-0.8255;0.0712;71.4831;316.3424;331.2172;-0.2842;-0.8127;0.0804;70.4546;320.7805;333.9129;1;NULL;-0.2842;-0.8127;0.0804;70.4546;320.7805;333.9129;ControllerBody;NULL;NULL;NULL;NULL;1;0;0;-1;0;0;0.0000;0.0000;2.0000;-0.0329;-0.0667;0.5770;356.4894;348.8471;6.0693;-0.0107;-0.0647;0.5722;356.1504;350.3179;6.0621;0;NULL;-0.0107;-0.0647;0.5722;356.1504;350.3179;6.0621;ControllerBody;NULL;c695270d-b11f-410e-bcd0-df2fe05129b0;NULL;NULL;;Controller;;Translation;Exposure;;Manual;29;0;NULL;0.0000;0.0000;2.0000;Exposure;0.5004;2026-05-25 13:55:10.5516;Controllers;NULL;NULL;OpenXR
NULL;Right;NULL;40;Exposure;NULL;OppositeHandTrigger;1;0;0;-1;0;0;0.0000;0.0000;2.0000;NULL;Translation;anonymous;NULL;Mole Hit;MoleEvent;Debug;2978;0e220dd9-09f7-4473-bcda-acf277e68b54;NULL;0.0219;0.0018;-0.0066;357.4962;358.4336;357.7649;0.0428;0.0365;0.0223;2.0000;0.0365;0.0223;2.0000;NULL;1;-0.2911;-0.8255;0.0712;71.4831;316.3424;331.2172;-0.2842;-0.8127;0.0804;70.4546;320.7805;333.9129;1;NULL;-0.2842;-0.8127;0.0804;70.4546;320.7805;333.9129;ControllerBody;NULL;NULL;NULL;NULL;1;0;0;-1;0;0;0.0000;0.0000;2.0000;-0.0329;-0.0667;0.5770;356.4894;348.8471;6.0693;-0.0107;-0.0647;0.5722;356.1504;350.3179;6.0621;0;NULL;-0.0107;-0.0647;0.5722;356.1504;350.3179;6.0621;ControllerBody;NULL;c695270d-b11f-410e-bcd0-df2fe05129b0;NULL;NULL;;Controller;;Translation;Exposure;;Manual;29;0;NULL;0.0000;0.0000;2.0000;Exposure;0.0000;2026-05-25 13:55:10.5531;Controllers;NULL;NULL;OpenXR
NULL;Right;NULL;NULL;Exposure;NULL;OppositeHandTrigger;3;2;0;1;0;0;-0.5000;0.0000;2.0000;NULL;Translation;anonymous;NULL;Mole Spawned;MoleEvent;Debug;2978;0e220dd9-09f7-4473-bcda-acf277e68b54;NULL;0.0219;0.0018;-0.0066;357.4962;358.4336;357.7649;NULL;NULL;NULL;NULL;NULL;NULL;NULL;NULL;NULL;-0.2911;-0.8255;0.0712;71.4831;316.3424;331.2172;-0.2842;-0.8127;0.0804;70.4546;320.7805;333.9129;1;NULL;-0.2842;-0.8127;0.0804;70.4546;320.7805;333.9129;ControllerBody;NULL;NULL;NULL;NULL;3;2;0;1;0;0;-0.5000;0.0000;2.0000;-0.0329;-0.0667;0.5770;356.4894;348.8471;6.0693;-0.0107;-0.0647;0.5722;356.1504;350.3179;6.0621;0;NULL;-0.0107;-0.0647;0.5722;356.1504;350.3179;6.0621;ControllerBody;NULL;c695270d-b11f-410e-bcd0-df2fe05129b0;NULL;NULL;;Controller;;Translation;Exposure;;Manual;NULL;2;NULL;-0.5000;0.0000;2.0000;Exposure;0.0000;2026-05-25 13:55:10.5564;Controllers;NULL;NULL;OpenXR
NULL;Right;NULL;41;Exposure;NULL;OppositeHandTrigger;3;2;0;1;0;0;-0.5000;0.0000;2.0000;NULL;Translation;anonymous;NULL;Pointer Shoot;PointerEvent;Debug;3008;0e220dd9-09f7-4473-bcda-acf277e68b54;NULL;0.0173;0.0009;-0.0080;357.4743;356.9668;356.5024;NULL;-0.4403;-0.0115;2.0000;-0.4403;-0.0115;2.0000;NULL;NULL;-0.2945;-0.8182;0.0826;70.5278;318.2767;332.9409;-0.2938;-0.8105;0.0789;70.4763;322.0942;337.5681;1;NULL;-0.2938;-0.8105;0.0789;70.4763;322.0942;337.5681;ControllerBody;NULL;NULL;NULL;NULL;3;2;0;1;0;0;-0.5000;0.0000;2.0000;-0.1522;-0.0830;0.5359;357.4350;336.4491;6.6524;-0.1651;-0.0833;0.5245;357.6486;335.2527;6.7170;0;NULL;-0.1651;-0.0833;0.5245;357.6486;335.2527;6.7170;ControllerBody;NULL;c695270d-b11f-410e-bcd0-df2fe05129b0;NULL;NULL;;Controller;;Translation;Exposure;;Manual;30;2;NULL;-0.5000;0.0000;2.0000;Exposure;0.5663;2026-05-25 13:55:11.1179;Controllers;NULL;NULL;OpenXR
NULL;Right;NULL;41;Exposure;NULL;OppositeHandTrigger;3;2;0;1;0;0;-0.5000;0.0000;2.0000;NULL;Translation;anonymous;NULL;Mole Hit;MoleEvent;Debug;3008;0e220dd9-09f7-4473-bcda-acf277e68b54;NULL;0.0173;0.0009;-0.0080;357.4743;356.9668;356.5024;0.0608;-0.4403;-0.0115;2.0000;-0.4403;-0.0115;2.0000;NULL;1;-0.2945;-0.8182;0.0826;70.5278;318.2767;332.9409;-0.2938;-0.8105;0.0789;70.4763;322.0942;337.5681;1;NULL;-0.2938;-0.8105;0.0789;70.4763;322.0942;337.5681;ControllerBody;NULL;NULL;NULL;NULL;3;2;0;1;0;0;-0.5000;0.0000;2.0000;-0.1522;-0.0830;0.5359;357.4350;336.4491;6.6524;-0.1651;-0.0833;0.5245;357.6486;335.2527;6.7170;0;NULL;-0.1651;-0.0833;0.5245;357.6486;335.2527;6.7170;ControllerBody;NULL;c695270d-b11f-410e-bcd0-df2fe05129b0;NULL;NULL;;Controller;;Translation;Exposure;;Manual;30;2;NULL;-0.5000;0.0000;2.0000;Exposure;0.0000;2026-05-25 13:55:11.1200;Controllers;NULL;NULL;OpenXR
NULL;Right;NULL;NULL;Exposure;NULL;OppositeHandTrigger;2;1;0;0;0;0;0.5000;0.0000;2.0000;NULL;Translation;anonymous;NULL;Mole Spawned;MoleEvent;Debug;3008;0e220dd9-09f7-4473-bcda-acf277e68b54;NULL;0.0173;0.0009;-0.0080;357.4743;356.9668;356.5024;NULL;NULL;NULL;NULL;NULL;NULL;NULL;NULL;NULL;-0.2945;-0.8182;0.0826;70.5278;318.2767;332.9409;-0.2938;-0.8105;0.0789;70.4763;322.0942;337.5681;1;NULL;-0.2938;-0.8105;0.0789;70.4763;322.0942;337.5681;ControllerBody;NULL;NULL;NULL;NULL;2;1;0;0;0;0;0.5000;0.0000;2.0000;-0.1522;-0.0830;0.5359;357.4350;336.4491;6.6524;-0.1651;-0.0833;0.5245;357.6486;335.2527;6.7170;0;NULL;-0.1651;-0.0833;0.5245;357.6486;335.2527;6.7170;ControllerBody;NULL;c695270d-b11f-410e-bcd0-df2fe05129b0;NULL;NULL;;Controller;;Translation;Exposure;;Manual;NULL;1;NULL;0.5000;0.0000;2.0000;Exposure;0.0000;2026-05-25 13:55:11.1215;Controllers;NULL;NULL;OpenXR
NULL;Right;NULL;42;Exposure;NULL;OppositeHandTrigger;2;1;0;0;0;0;0.5000;0.0000;2.0000;NULL;Translation;anonymous;NULL;Pointer Shoot;PointerEvent;Debug;3042;0e220dd9-09f7-4473-bcda-acf277e68b54;NULL;0.0191;0.0029;-0.0100;356.5901;0.1874;359.5823;NULL;0.5239;0.0139;2.0000;0.5239;0.0139;2.0000;NULL;NULL;-0.2877;-0.8249;0.0732;72.0086;316.5044;330.3981;-0.2787;-0.8157;0.0734;71.8386;320.7080;332.9520;1;NULL;-0.2787;-0.8157;0.0734;71.8386;320.7080;332.9520;ControllerBody;NULL;NULL;NULL;NULL;2;1;0;0;0;0;0.5000;0.0000;2.0000;0.1179;-0.0629;0.5908;356.8801;2.2751;3.9871;0.1368;-0.0621;0.5827;356.7642;3.7284;3.8817;0;NULL;0.1368;-0.0621;0.5827;356.7642;3.7284;3.8817;ControllerBody;NULL;c695270d-b11f-410e-bcd0-df2fe05129b0;NULL;NULL;;Controller;;Translation;Exposure;;Manual;31;1;NULL;0.5000;0.0000;2.0000;Exposure;0.6570;2026-05-25 13:55:11.7749;Controllers;NULL;NULL;OpenXR
NULL;Right;NULL;42;Exposure;NULL;OppositeHandTrigger;2;1;0;0;0;0;0.5000;0.0000;2.0000;NULL;Translation;anonymous;NULL;Mole Hit;MoleEvent;Debug;3042;0e220dd9-09f7-4473-bcda-acf277e68b54;NULL;0.0191;0.0029;-0.0100;356.5901;0.1874;359.5823;0.0277;0.5239;0.0139;2.0000;0.5239;0.0139;2.0000;NULL;1;-0.2877;-0.8249;0.0732;72.0086;316.5044;330.3981;-0.2787;-0.8157;0.0734;71.8386;320.7080;332.9520;1;NULL;-0.2787;-0.8157;0.0734;71.8386;320.7080;332.9520;ControllerBody;NULL;NULL;NULL;NULL;2;1;0;0;0;0;0.5000;0.0000;2.0000;0.1179;-0.0629;0.5908;356.8801;2.2751;3.9871;0.1368;-0.0621;0.5827;356.7642;3.7284;3.8817;0;NULL;0.1368;-0.0621;0.5827;356.7642;3.7284;3.8817;ControllerBody;NULL;c695270d-b11f-410e-bcd0-df2fe05129b0;NULL;NULL;;Controller;;Translation;Exposure;;Manual;31;1;NULL;0.5000;0.0000;2.0000;Exposure;0.0000;2026-05-25 13:55:11.7764;Controllers;NULL;NULL;OpenXR
NULL;Right;NULL;NULL;Exposure;NULL;OppositeHandTrigger;1;0;0;-1;0;0;0.0000;0.0000;2.0000;NULL;Translation;anonymous;NULL;Mole Spawned;MoleEvent;Debug;3042;0e220dd9-09f7-4473-bcda-acf277e68b54;NULL;0.0191;0.0029;-0.0100;356.5901;0.1874;359.5823;NULL;NULL;NULL;NULL;NULL;NULL;NULL;NULL;NULL;-0.2877;-0.8249;0.0732;72.0086;316.5044;330.3981;-0.2787;-0.8157;0.0734;71.8386;320.7080;332.9520;1;NULL;-0.2787;-0.8157;0.0734;71.8386;320.7080;332.9520;ControllerBody;NULL;NULL;NULL;NULL;1;0;0;-1;0;0;0.0000;0.0000;2.0000;0.1179;-0.0629;0.5908;356.8801;2.2751;3.9871;0.1368;-0.0621;0.5827;356.7642;3.7284;3.8817;0;NULL;0.1368;-0.0621;0.5827;356.7642;3.7284;3.8817;ControllerBody;NULL;c695270d-b11f-410e-bcd0-df2fe05129b0;NULL;NULL;;Controller;;Translation;Exposure;;Manual;NULL;0;NULL;0.0000;0.0000;2.0000;Exposure;0.0000;2026-05-25 13:55:11.7800;Controllers;NULL;NULL;OpenXR
NULL;Right;NULL;43;Exposure;NULL;OppositeHandTrigger;1;0;0;-1;0;0;0.0000;0.0000;2.0000;NULL;Translation;anonymous;NULL;Pointer Shoot;PointerEvent;Debug;3065;0e220dd9-09f7-4473-bcda-acf277e68b54;NULL;0.0136;0.0015;-0.0095;357.4159;358.6215;358.3770;NULL;0.1212;0.0076;2.0000;0.1212;0.0076;2.0000;NULL;NULL;-0.2867;-0.8204;0.0829;71.0534;320.0087;333.5962;-0.2847;-0.8121;0.0835;70.7136;324.6583;338.9257;1;NULL;-0.2847;-0.8121;0.0835;70.7136;324.6583;338.9257;ControllerBody;NULL;NULL;NULL;NULL;1;0;0;-1;0;0;0.0000;0.0000;2.0000;-0.0016;-0.0725;0.5793;356.8123;350.9169;4.9908;-0.0160;-0.0737;0.5717;357.2506;350.2995;5.3504;0;NULL;-0.0160;-0.0737;0.5717;357.2506;350.2995;5.3504;ControllerBody;NULL;c695270d-b11f-410e-bcd0-df2fe05129b0;NULL;NULL;;Controller;;Translation;Exposure;;Manual;32;0;NULL;0.0000;0.0000;2.0000;Exposure;0.4778;2026-05-25 13:55:12.2518;Controllers;NULL;NULL;OpenXR
NULL;Right;NULL;43;Exposure;NULL;OppositeHandTrigger;1;0;0;-1;0;0;0.0000;0.0000;2.0000;NULL;Translation;anonymous;NULL;Mole Missed;PointerEvent;Debug;3065;0e220dd9-09f7-4473-bcda-acf277e68b54;NULL;0.0136;0.0015;-0.0095;357.4159;358.6215;358.3770;0.1215;0.1212;0.0076;2.0000;0.1212;0.0076;2.0000;NULL;0;-0.2867;-0.8204;0.0829;71.0534;320.0087;333.5962;-0.2847;-0.8121;0.0835;70.7136;324.6583;338.9257;1;NULL;-0.2847;-0.8121;0.0835;70.7136;324.6583;338.9257;ControllerBody;NULL;NULL;NULL;NULL;1;0;0;-1;0;0;0.0000;0.0000;2.0000;-0.0016;-0.0725;0.5793;356.8123;350.9169;4.9908;-0.0160;-0.0737;0.5717;357.2506;350.2995;5.3504;0;NULL;-0.0160;-0.0737;0.5717;357.2506;350.2995;5.3504;ControllerBody;NULL;c695270d-b11f-410e-bcd0-df2fe05129b0;NULL;NULL;;Controller;;Translation;Exposure;;Manual;32;0;NULL;0.0000;0.0000;2.0000;Exposure;0.0000;2026-05-25 13:55:12.2549;Controllers;NULL;NULL;OpenXR
NULL;Right;NULL;NULL;Exposure;NULL;OppositeHandTrigger;3;2;0;1;0;0;-0.5000;0.0000;2.0000;NULL;Translation;anonymous;NULL;Mole Spawned;MoleEvent;Debug;3065;0e220dd9-09f7-4473-bcda-acf277e68b54;NULL;0.0136;0.0015;-0.0095;357.4159;358.6215;358.3770;NULL;NULL;NULL;NULL;NULL;NULL;NULL;NULL;NULL;-0.2867;-0.8204;0.0829;71.0534;320.0087;333.5962;-0.2847;-0.8121;0.0835;70.7136;324.6583;338.9257;1;NULL;-0.2847;-0.8121;0.0835;70.7136;324.6583;338.9257;ControllerBody;NULL;NULL;NULL;NULL;3;2;0;1;0;0;-0.5000;0.0000;2.0000;-0.0016;-0.0725;0.5793;356.8123;350.9169;4.9908;-0.0160;-0.0737;0.5717;357.2506;350.2995;5.3504;0;NULL;-0.0160;-0.0737;0.5717;357.2506;350.2995;5.3504;ControllerBody;NULL;c695270d-b11f-410e-bcd0-df2fe05129b0;NULL;NULL;;Controller;;Translation;Exposure;;Manual;NULL;2;NULL;-0.5000;0.0000;2.0000;Exposure;0.0000;2026-05-25 13:55:12.2575;Controllers;NULL;NULL;OpenXR
NULL;Right;NULL;44;Exposure;NULL;OppositeHandTrigger;3;2;0;1;0;0;-0.5000;0.0000;2.0000;NULL;Translation;anonymous;NULL;Pointer Shoot;PointerEvent;Debug;3100;0e220dd9-09f7-4473-bcda-acf277e68b54;NULL;0.0155;0.0014;-0.0095;357.3666;355.2626;356.9148;NULL;-0.4570;-0.0057;2.0000;-0.4570;-0.0057;2.0000;NULL;NULL;-0.2862;-0.8248;0.0806;71.3088;319.3819;333.7927;-0.2910;-0.8122;0.0843;70.2988;323.8957;338.9021;1;NULL;-0.2910;-0.8122;0.0843;70.2988;323.8957;338.9021;ControllerBody;NULL;NULL;NULL;NULL;3;2;0;1;0;0;-0.5000;0.0000;2.0000;-0.1520;-0.0821;0.5290;357.2839;335.9963;6.0365;-0.1685;-0.0816;0.5155;357.3244;334.5694;6.1062;0;NULL;-0.1685;-0.0816;0.5155;357.3244;334.5694;6.1062;ControllerBody;NULL;c695270d-b11f-410e-bcd0-df2fe05129b0;NULL;NULL;;Controller;;Translation;Exposure;;Manual;32;2;NULL;-0.5000;0.0000;2.0000;Exposure;0.6626;2026-05-25 13:55:12.9152;Controllers;NULL;NULL;OpenXR
NULL;Right;NULL;44;Exposure;NULL;OppositeHandTrigger;3;2;0;1;0;0;-0.5000;0.0000;2.0000;NULL;Translation;anonymous;NULL;Mole Hit;MoleEvent;Debug;3100;0e220dd9-09f7-4473-bcda-acf277e68b54;NULL;0.0155;0.0014;-0.0095;357.3666;355.2626;356.9148;0.0434;-0.4570;-0.0057;2.0000;-0.4570;-0.0057;2.0000;NULL;1;-0.2862;-0.8248;0.0806;71.3088;319.3819;333.7927;-0.2910;-0.8122;0.0843;70.2988;323.8957;338.9021;1;NULL;-0.2910;-0.8122;0.0843;70.2988;323.8957;338.9021;ControllerBody;NULL;NULL;NULL;NULL;3;2;0;1;0;0;-0.5000;0.0000;2.0000;-0.1520;-0.0821;0.5290;357.2839;335.9963;6.0365;-0.1685;-0.0816;0.5155;357.3244;334.5694;6.1062;0;NULL;-0.1685;-0.0816;0.5155;357.3244;334.5694;6.1062;ControllerBody;NULL;c695270d-b11f-410e-bcd0-df2fe05129b0;NULL;NULL;;Controller;;Translation;Exposure;;Manual;32;2;NULL;-0.5000;0.0000;2.0000;Exposure;0.0000;2026-05-25 13:55:12.9178;Controllers;NULL;NULL;OpenXR
NULL;Right;NULL;NULL;Exposure;NULL;OppositeHandTrigger;2;1;0;0;0;0;0.5000;0.0000;2.0000;NULL;Translation;anonymous;NULL;Mole Spawned;MoleEvent;Debug;3100;0e220dd9-09f7-4473-bcda-acf277e68b54;NULL;0.0155;0.0014;-0.0095;357.3666;355.2626;356.9148;NULL;NULL;NULL;NULL;NULL;NULL;NULL;NULL;NULL;-0.2862;-0.8248;0.0806;71.3088;319.3819;333.7927;-0.2910;-0.8122;0.0843;70.2988;323.8957;338.9021;1;NULL;-0.2910;-0.8122;0.0843;70.2988;323.8957;338.9021;ControllerBody;NULL;NULL;NULL;NULL;2;1;0;0;0;0;0.5000;0.0000;2.0000;-0.1520;-0.0821;0.5290;357.2839;335.9963;6.0365;-0.1685;-0.0816;0.5155;357.3244;334.5694;6.1062;0;NULL;-0.1685;-0.0816;0.5155;357.3244;334.5694;6.1062;ControllerBody;NULL;c695270d-b11f-410e-bcd0-df2fe05129b0;NULL;NULL;;Controller;;Translation;Exposure;;Manual;NULL;1;NULL;0.5000;0.0000;2.0000;Exposure;0.0000;2026-05-25 13:55:12.9204;Controllers;NULL;NULL;OpenXR
NULL;Right;NULL;45;Exposure;NULL;OppositeHandTrigger;2;1;0;0;0;0;0.5000;0.0000;2.0000;NULL;Translation;anonymous;NULL;Pointer Shoot;PointerEvent;Debug;3136;0e220dd9-09f7-4473-bcda-acf277e68b54;NULL;0.0198;0.0026;-0.0086;356.7748;0.0840;0.1282;NULL;0.4887;0.0428;2.0000;0.4887;0.0428;2.0000;NULL;NULL;-0.2813;-0.8291;0.0692;72.6527;316.2091;331.6734;-0.2746;-0.8182;0.0686;71.8979;318.9457;333.1250;1;NULL;-0.2746;-0.8182;0.0686;71.8979;318.9457;333.1250;ControllerBody;NULL;NULL;NULL;NULL;2;1;0;0;0;0;0.5000;0.0000;2.0000;0.1069;-0.0561;0.5927;355.9808;1.2945;3.0003;0.1267;-0.0563;0.5856;356.1425;2.7668;2.5168;0;NULL;0.1267;-0.0563;0.5856;356.1425;2.7668;2.5168;ControllerBody;NULL;c695270d-b11f-410e-bcd0-df2fe05129b0;NULL;NULL;;Controller;;Translation;Exposure;;Manual;33;1;NULL;0.5000;0.0000;2.0000;Exposure;0.6845;2026-05-25 13:55:13.6001;Controllers;NULL;NULL;OpenXR
NULL;Right;NULL;45;Exposure;NULL;OppositeHandTrigger;2;1;0;0;0;0;0.5000;0.0000;2.0000;NULL;Translation;anonymous;NULL;Mole Hit;MoleEvent;Debug;3136;0e220dd9-09f7-4473-bcda-acf277e68b54;NULL;0.0198;0.0026;-0.0086;356.7748;0.0840;0.1282;0.0443;0.4887;0.0428;2.0000;0.4887;0.0428;2.0000;NULL;1;-0.2813;-0.8291;0.0692;72.6527;316.2091;331.6734;-0.2746;-0.8182;0.0686;71.8979;318.9457;333.1250;1;NULL;-0.2746;-0.8182;0.0686;71.8979;318.9457;333.1250;ControllerBody;NULL;NULL;NULL;NULL;2;1;0;0;0;0;0.5000;0.0000;2.0000;0.1069;-0.0561;0.5927;355.9808;1.2945;3.0003;0.1267;-0.0563;0.5856;356.1425;2.7668;2.5168;0;NULL;0.1267;-0.0563;0.5856;356.1425;2.7668;2.5168;ControllerBody;NULL;c695270d-b11f-410e-bcd0-df2fe05129b0;NULL;NULL;;Controller;;Translation;Exposure;;Manual;33;1;NULL;0.5000;0.0000;2.0000;Exposure;0.0000;2026-05-25 13:55:13.6012;Controllers;NULL;NULL;OpenXR
NULL;Right;NULL;NULL;Exposure;NULL;OppositeHandTrigger;1;0;0;-1;0;0;0.0000;0.0000;2.0000;NULL;Translation;anonymous;NULL;Mole Spawned;MoleEvent;Debug;3136;0e220dd9-09f7-4473-bcda-acf277e68b54;NULL;0.0198;0.0026;-0.0086;356.7748;0.0840;0.1282;NULL;NULL;NULL;NULL;NULL;NULL;NULL;NULL;NULL;-0.2813;-0.8291;0.0692;72.6527;316.2091;331.6734;-0.2746;-0.8182;0.0686;71.8979;318.9457;333.1250;1;NULL;-0.2746;-0.8182;0.0686;71.8979;318.9457;333.1250;ControllerBody;NULL;NULL;NULL;NULL;1;0;0;-1;0;0;0.0000;0.0000;2.0000;0.1069;-0.0561;0.5927;355.9808;1.2945;3.0003;0.1267;-0.0563;0.5856;356.1425;2.7668;2.5168;0;NULL;0.1267;-0.0563;0.5856;356.1425;2.7668;2.5168;ControllerBody;NULL;c695270d-b11f-410e-bcd0-df2fe05129b0;NULL;NULL;;Controller;;Translation;Exposure;;Manual;NULL;0;NULL;0.0000;0.0000;2.0000;Exposure;0.0000;2026-05-25 13:55:13.6044;Controllers;NULL;NULL;OpenXR
NULL;Right;NULL;46;Exposure;NULL;OppositeHandTrigger;1;0;0;-1;0;0;0.0000;0.0000;2.0000;NULL;Translation;anonymous;NULL;Pointer Shoot;PointerEvent;Debug;3163;0e220dd9-09f7-4473-bcda-acf277e68b54;NULL;0.0121;0.0020;-0.0115;357.0789;357.6740;358.5060;NULL;0.0084;0.0283;2.0000;0.0084;0.0283;2.0000;NULL;NULL;-0.2836;-0.8239;0.0740;71.4867;317.2023;332.8965;-0.2824;-0.8145;0.0714;71.0169;320.9876;337.0037;1;NULL;-0.2824;-0.8145;0.0714;71.0169;320.9876;337.0037;ControllerBody;NULL;NULL;NULL;NULL;1;0;0;-1;0;0;0.0000;0.0000;2.0000;-0.0372;-0.0656;0.5762;356.3114;347.9331;3.5634;-0.0483;-0.0653;0.5672;356.4446;347.2062;3.9969;0;NULL;-0.0483;-0.0653;0.5672;356.4446;347.2062;3.9969;ControllerBody;NULL;c695270d-b11f-410e-bcd0-df2fe05129b0;NULL;NULL;;Controller;;Translation;Exposure;;Manual;34;0;NULL;0.0000;0.0000;2.0000;Exposure;0.5008;2026-05-25 13:55:14.1002;Controllers;NULL;NULL;OpenXR
NULL;Right;NULL;46;Exposure;NULL;OppositeHandTrigger;1;0;0;-1;0;0;0.0000;0.0000;2.0000;NULL;Translation;anonymous;NULL;Mole Hit;MoleEvent;Debug;3163;0e220dd9-09f7-4473-bcda-acf277e68b54;NULL;0.0121;0.0020;-0.0115;357.0789;357.6740;358.5060;0.0295;0.0084;0.0283;2.0000;0.0084;0.0283;2.0000;NULL;1;-0.2836;-0.8239;0.0740;71.4867;317.2023;332.8965;-0.2824;-0.8145;0.0714;71.0169;320.9876;337.0037;1;NULL;-0.2824;-0.8145;0.0714;71.0169;320.9876;337.0037;ControllerBody;NULL;NULL;NULL;NULL;1;0;0;-1;0;0;0.0000;0.0000;2.0000;-0.0372;-0.0656;0.5762;356.3114;347.9331;3.5634;-0.0483;-0.0653;0.5672;356.4446;347.2062;3.9969;0;NULL;-0.0483;-0.0653;0.5672;356.4446;347.2062;3.9969;ControllerBody;NULL;c695270d-b11f-410e-bcd0-df2fe05129b0;NULL;NULL;;Controller;;Translation;Exposure;;Manual;34;0;NULL;0.0000;0.0000;2.0000;Exposure;0.0000;2026-05-25 13:55:14.1033;Controllers;NULL;NULL;OpenXR
NULL;Right;NULL;NULL;Exposure;NULL;OppositeHandTrigger;2;1;0;0;0;0;0.5000;0.0000;2.0000;NULL;Translation;anonymous;NULL;Mole Spawned;MoleEvent;Debug;3163;0e220dd9-09f7-4473-bcda-acf277e68b54;NULL;0.0121;0.0020;-0.0115;357.0789;357.6740;358.5060;NULL;NULL;NULL;NULL;NULL;NULL;NULL;NULL;NULL;-0.2836;-0.8239;0.0740;71.4867;317.2023;332.8965;-0.2824;-0.8145;0.0714;71.0169;320.9876;337.0037;1;NULL;-0.2824;-0.8145;0.0714;71.0169;320.9876;337.0037;ControllerBody;NULL;NULL;NULL;NULL;2;1;0;0;0;0;0.5000;0.0000;2.0000;-0.0372;-0.0656;0.5762;356.3114;347.9331;3.5634;-0.0483;-0.0653;0.5672;356.4446;347.2062;3.9969;0;NULL;-0.0483;-0.0653;0.5672;356.4446;347.2062;3.9969;ControllerBody;NULL;c695270d-b11f-410e-bcd0-df2fe05129b0;NULL;NULL;;Controller;;Translation;Exposure;;Manual;NULL;1;NULL;0.5000;0.0000;2.0000;Exposure;0.0000;2026-05-25 13:55:14.1059;Controllers;NULL;NULL;OpenXR
NULL;Right;NULL;47;Exposure;NULL;OppositeHandTrigger;2;1;0;0;0;0;0.5000;0.0000;2.0000;NULL;Translation;anonymous;NULL;Pointer Shoot;PointerEvent;Debug;3202;0e220dd9-09f7-4473-bcda-acf277e68b54;NULL;0.0099;0.0042;-0.0126;355.7206;357.9391;1.4183;NULL;0.4974;0.0195;2.0000;0.4974;0.0195;2.0000;NULL;NULL;-0.2820;-0.8271;0.0667;72.6419;315.0518;331.3087;-0.2738;-0.8205;0.0620;72.4446;319.7216;334.8910;1;NULL;-0.2738;-0.8205;0.0620;72.4446;319.7216;334.8910;ControllerBody;NULL;NULL;NULL;NULL;2;1;0;0;0;0;0.5000;0.0000;2.0000;0.0991;-0.0561;0.5972;356.9153;1.9722;3.6909;0.1196;-0.0561;0.5898;356.7117;3.1932;4.0695;0;NULL;0.1196;-0.0561;0.5898;356.7117;3.1932;4.0695;ControllerBody;NULL;c695270d-b11f-410e-bcd0-df2fe05129b0;NULL;NULL;;Controller;;Translation;Exposure;;Manual;35;1;NULL;0.5000;0.0000;2.0000;Exposure;0.6994;2026-05-25 13:55:14.8015;Controllers;NULL;NULL;OpenXR
NULL;Right;NULL;47;Exposure;NULL;OppositeHandTrigger;2;1;0;0;0;0;0.5000;0.0000;2.0000;NULL;Translation;anonymous;NULL;Mole Hit;MoleEvent;Debug;3202;0e220dd9-09f7-4473-bcda-acf277e68b54;NULL;0.0099;0.0042;-0.0126;355.7206;357.9391;1.4183;0.0197;0.4974;0.0195;2.0000;0.4974;0.0195;2.0000;NULL;1;-0.2820;-0.8271;0.0667;72.6419;315.0518;331.3087;-0.2738;-0.8205;0.0620;72.4446;319.7216;334.8910;1;NULL;-0.2738;-0.8205;0.0620;72.4446;319.7216;334.8910;ControllerBody;NULL;NULL;NULL;NULL;2;1;0;0;0;0;0.5000;0.0000;2.0000;0.0991;-0.0561;0.5972;356.9153;1.9722;3.6909;0.1196;-0.0561;0.5898;356.7117;3.1932;4.0695;0;NULL;0.1196;-0.0561;0.5898;356.7117;3.1932;4.0695;ControllerBody;NULL;c695270d-b11f-410e-bcd0-df2fe05129b0;NULL;NULL;;Controller;;Translation;Exposure;;Manual;35;1;NULL;0.5000;0.0000;2.0000;Exposure;0.0000;2026-05-25 13:55:14.8030;Controllers;NULL;NULL;OpenXR
NULL;Right;NULL;NULL;Exposure;NULL;OppositeHandTrigger;1;0;0;-1;0;0;0.0000;0.0000;2.0000;NULL;Translation;anonymous;NULL;Mole Spawned;MoleEvent;Debug;3202;0e220dd9-09f7-4473-bcda-acf277e68b54;NULL;0.0099;0.0042;-0.0126;355.7206;357.9391;1.4183;NULL;NULL;NULL;NULL;NULL;NULL;NULL;NULL;NULL;-0.2820;-0.8271;0.0667;72.6419;315.0518;331.3087;-0.2738;-0.8205;0.0620;72.4446;319.7216;334.8910;1;NULL;-0.2738;-0.8205;0.0620;72.4446;319.7216;334.8910;ControllerBody;NULL;NULL;NULL;NULL;1;0;0;-1;0;0;0.0000;0.0000;2.0000;0.0991;-0.0561;0.5972;356.9153;1.9722;3.6909;0.1196;-0.0561;0.5898;356.7117;3.1932;4.0695;0;NULL;0.1196;-0.0561;0.5898;356.7117;3.1932;4.0695;ControllerBody;NULL;c695270d-b11f-410e-bcd0-df2fe05129b0;NULL;NULL;;Controller;;Translation;Exposure;;Manual;NULL;0;NULL;0.0000;0.0000;2.0000;Exposure;0.0000;2026-05-25 13:55:14.8068;Controllers;NULL;NULL;OpenXR
NULL;Right;NULL;48;Exposure;NULL;OppositeHandTrigger;1;0;0;-1;0;0;0.0000;0.0000;2.0000;NULL;Translation;anonymous;NULL;Pointer Shoot;PointerEvent;Debug;3232;0e220dd9-09f7-4473-bcda-acf277e68b54;NULL;0.0143;0.0028;-0.0124;356.6505;357.6578;358.5068;NULL;0.0326;0.0003;2.0000;0.0326;0.0003;2.0000;NULL;NULL;-0.2870;-0.8214;0.0719;70.9004;314.5122;330.2713;-0.2871;-0.8141;0.0685;70.8906;318.4906;334.8201;1;NULL;-0.2871;-0.8141;0.0685;70.8906;318.4906;334.8201;ControllerBody;NULL;NULL;NULL;NULL;1;0;0;-1;0;0;0.0000;0.0000;2.0000;-0.0319;-0.0703;0.5803;357.2064;348.6322;4.2933;-0.0460;-0.0725;0.5718;357.1707;347.8273;4.9890;0;NULL;-0.0460;-0.0725;0.5718;357.1707;347.8273;4.9890;ControllerBody;NULL;c695270d-b11f-410e-bcd0-df2fe05129b0;NULL;NULL;;Controller;;Translation;Exposure;;Manual;36;0;NULL;0.0000;0.0000;2.0000;Exposure;0.5501;2026-05-25 13:55:15.3508;Controllers;NULL;NULL;OpenXR
NULL;Right;NULL;48;Exposure;NULL;OppositeHandTrigger;1;0;0;-1;0;0;0.0000;0.0000;2.0000;NULL;Translation;anonymous;NULL;Mole Hit;MoleEvent;Debug;3232;0e220dd9-09f7-4473-bcda-acf277e68b54;NULL;0.0143;0.0028;-0.0124;356.6505;357.6578;358.5068;0.0327;0.0326;0.0003;2.0000;0.0326;0.0003;2.0000;NULL;1;-0.2870;-0.8214;0.0719;70.9004;314.5122;330.2713;-0.2871;-0.8141;0.0685;70.8906;318.4906;334.8201;1;NULL;-0.2871;-0.8141;0.0685;70.8906;318.4906;334.8201;ControllerBody;NULL;NULL;NULL;NULL;1;0;0;-1;0;0;0.0000;0.0000;2.0000;-0.0319;-0.0703;0.5803;357.2064;348.6322;4.2933;-0.0460;-0.0725;0.5718;357.1707;347.8273;4.9890;0;NULL;-0.0460;-0.0725;0.5718;357.1707;347.8273;4.9890;ControllerBody;NULL;c695270d-b11f-410e-bcd0-df2fe05129b0;NULL;NULL;;Controller;;Translation;Exposure;;Manual;36;0;NULL;0.0000;0.0000;2.0000;Exposure;0.0000;2026-05-25 13:55:15.3524;Controllers;NULL;NULL;OpenXR
NULL;Right;NULL;NULL;Exposure;NULL;OppositeHandTrigger;3;2;0;1;0;0;-0.5000;0.0000;2.0000;NULL;Translation;anonymous;NULL;Mole Spawned;MoleEvent;Debug;3232;0e220dd9-09f7-4473-bcda-acf277e68b54;NULL;0.0143;0.0028;-0.0124;356.6505;357.6578;358.5068;NULL;NULL;NULL;NULL;NULL;NULL;NULL;NULL;NULL;-0.2870;-0.8214;0.0719;70.9004;314.5122;330.2713;-0.2871;-0.8141;0.0685;70.8906;318.4906;334.8201;1;NULL;-0.2871;-0.8141;0.0685;70.8906;318.4906;334.8201;ControllerBody;NULL;NULL;NULL;NULL;3;2;0;1;0;0;-0.5000;0.0000;2.0000;-0.0319;-0.0703;0.5803;357.2064;348.6322;4.2933;-0.0460;-0.0725;0.5718;357.1707;347.8273;4.9890;0;NULL;-0.0460;-0.0725;0.5718;357.1707;347.8273;4.9890;ControllerBody;NULL;c695270d-b11f-410e-bcd0-df2fe05129b0;NULL;NULL;;Controller;;Translation;Exposure;;Manual;NULL;2;NULL;-0.5000;0.0000;2.0000;Exposure;0.0000;2026-05-25 13:55:15.3555;Controllers;NULL;NULL;OpenXR
NULL;Right;NULL;49;Exposure;NULL;OppositeHandTrigger;3;2;0;1;0;0;-0.5000;0.0000;2.0000;NULL;Translation;anonymous;NULL;Pointer Shoot;PointerEvent;Debug;3266;0e220dd9-09f7-4473-bcda-acf277e68b54;NULL;0.0192;0.0021;-0.0091;356.9196;353.9452;358.4762;NULL;-0.5650;-0.0036;2.0000;-0.5650;-0.0036;2.0000;NULL;NULL;-0.2886;-0.8230;0.0685;70.6744;315.9532;332.2576;-0.2911;-0.8072;0.0774;69.6787;323.2729;339.8867;1;NULL;-0.2911;-0.8072;0.0774;69.6787;323.2729;339.8867;ControllerBody;NULL;NULL;NULL;NULL;3;2;0;1;0;0;-0.5000;0.0000;2.0000;-0.1685;-0.0820;0.5236;357.2867;333.1793;4.0665;-0.1859;-0.0841;0.5084;357.3584;331.3266;4.4804;0;NULL;-0.1859;-0.0841;0.5084;357.3584;331.3266;4.4804;ControllerBody;NULL;c695270d-b11f-410e-bcd0-df2fe05129b0;NULL;NULL;;Controller;;Translation;Exposure;;Manual;37;2;NULL;-0.5000;0.0000;2.0000;Exposure;0.6162;2026-05-25 13:55:15.9666;Controllers;NULL;NULL;OpenXR
NULL;Right;NULL;49;Exposure;NULL;OppositeHandTrigger;3;2;0;1;0;0;-0.5000;0.0000;2.0000;NULL;Translation;anonymous;NULL;Mole Hit;MoleEvent;Debug;3266;0e220dd9-09f7-4473-bcda-acf277e68b54;NULL;0.0192;0.0021;-0.0091;356.9196;353.9452;358.4762;0.0651;-0.5650;-0.0036;2.0000;-0.5650;-0.0036;2.0000;NULL;1;-0.2886;-0.8230;0.0685;70.6744;315.9532;332.2576;-0.2911;-0.8072;0.0774;69.6787;323.2729;339.8867;1;NULL;-0.2911;-0.8072;0.0774;69.6787;323.2729;339.8867;ControllerBody;NULL;NULL;NULL;NULL;3;2;0;1;0;0;-0.5000;0.0000;2.0000;-0.1685;-0.0820;0.5236;357.2867;333.1793;4.0665;-0.1859;-0.0841;0.5084;357.3584;331.3266;4.4804;0;NULL;-0.1859;-0.0841;0.5084;357.3584;331.3266;4.4804;ControllerBody;NULL;c695270d-b11f-410e-bcd0-df2fe05129b0;NULL;NULL;;Controller;;Translation;Exposure;;Manual;37;2;NULL;-0.5000;0.0000;2.0000;Exposure;0.0000;2026-05-25 13:55:15.9697;Controllers;NULL;NULL;OpenXR
NULL;Right;NULL;NULL;Exposure;NULL;OppositeHandTrigger;1;0;0;-1;0;0;0.0000;0.0000;2.0000;NULL;Translation;anonymous;NULL;Mole Spawned;MoleEvent;Debug;3266;0e220dd9-09f7-4473-bcda-acf277e68b54;NULL;0.0192;0.0021;-0.0091;356.9196;353.9452;358.4762;NULL;NULL;NULL;NULL;NULL;NULL;NULL;NULL;NULL;-0.2886;-0.8230;0.0685;70.6744;315.9532;332.2576;-0.2911;-0.8072;0.0774;69.6787;323.2729;339.8867;1;NULL;-0.2911;-0.8072;0.0774;69.6787;323.2729;339.8867;ControllerBody;NULL;NULL;NULL;NULL;1;0;0;-1;0;0;0.0000;0.0000;2.0000;-0.1685;-0.0820;0.5236;357.2867;333.1793;4.0665;-0.1859;-0.0841;0.5084;357.3584;331.3266;4.4804;0;NULL;-0.1859;-0.0841;0.5084;357.3584;331.3266;4.4804;ControllerBody;NULL;c695270d-b11f-410e-bcd0-df2fe05129b0;NULL;NULL;;Controller;;Translation;Exposure;;Manual;NULL;0;NULL;0.0000;0.0000;2.0000;Exposure;0.0000;2026-05-25 13:55:15.9722;Controllers;NULL;NULL;OpenXR
NULL;Right;NULL;50;Exposure;NULL;OppositeHandTrigger;1;0;0;-1;0;0;0.0000;0.0000;2.0000;NULL;Translation;anonymous;NULL;Pointer Shoot;PointerEvent;Debug;3297;0e220dd9-09f7-4473-bcda-acf277e68b54;NULL;0.0203;0.0021;-0.0126;356.6953;357.4379;359.4850;NULL;0.0644;-0.0115;2.0000;0.0644;-0.0115;2.0000;NULL;NULL;-0.2858;-0.8270;0.0642;72.4466;313.4124;328.3513;-0.2753;-0.8151;0.0735;71.7599;320.0481;333.5052;1;NULL;-0.2753;-0.8151;0.0735;71.7599;320.0481;333.5052;ControllerBody;NULL;NULL;NULL;NULL;1;0;0;-1;0;0;0.0000;0.0000;2.0000;-0.0210;-0.0780;0.5764;357.3680;349.4703;4.7357;-0.0264;-0.0730;0.5628;356.2884;347.8140;5.1120;0;NULL;-0.0264;-0.0730;0.5628;356.2884;347.8140;5.1120;ControllerBody;NULL;c695270d-b11f-410e-bcd0-df2fe05129b0;NULL;NULL;;Controller;;Translation;Exposure;;Manual;38;0;NULL;0.0000;0.0000;2.0000;Exposure;0.5733;2026-05-25 13:55:16.5404;Controllers;NULL;NULL;OpenXR
NULL;Right;NULL;50;Exposure;NULL;OppositeHandTrigger;1;0;0;-1;0;0;0.0000;0.0000;2.0000;NULL;Translation;anonymous;NULL;Mole Hit;MoleEvent;Debug;3297;0e220dd9-09f7-4473-bcda-acf277e68b54;NULL;0.0203;0.0021;-0.0126;356.6953;357.4379;359.4850;0.0655;0.0644;-0.0115;2.0000;0.0644;-0.0115;2.0000;NULL;1;-0.2858;-0.8270;0.0642;72.4466;313.4124;328.3513;-0.2753;-0.8151;0.0735;71.7599;320.0481;333.5052;1;NULL;-0.2753;-0.8151;0.0735;71.7599;320.0481;333.5052;ControllerBody;NULL;NULL;NULL;NULL;1;0;0;-1;0;0;0.0000;0.0000;2.0000;-0.0210;-0.0780;0.5764;357.3680;349.4703;4.7357;-0.0264;-0.0730;0.5628;356.2884;347.8140;5.1120;0;NULL;-0.0264;-0.0730;0.5628;356.2884;347.8140;5.1120;ControllerBody;NULL;c695270d-b11f-410e-bcd0-df2fe05129b0;NULL;NULL;;Controller;;Translation;Exposure;;Manual;38;0;NULL;0.0000;0.0000;2.0000;Exposure;0.0000;2026-05-25 13:55:16.5416;Controllers;NULL;NULL;OpenXR
NULL;Right;NULL;NULL;Exposure;NULL;OppositeHandTrigger;2;1;0;0;0;0;0.5000;0.0000;2.0000;NULL;Translation;anonymous;NULL;Mole Spawned;MoleEvent;Debug;3297;0e220dd9-09f7-4473-bcda-acf277e68b54;NULL;0.0203;0.0021;-0.0126;356.6953;357.4379;359.4850;NULL;NULL;NULL;NULL;NULL;NULL;NULL;NULL;NULL;-0.2858;-0.8270;0.0642;72.4466;313.4124;328.3513;-0.2753;-0.8151;0.0735;71.7599;320.0481;333.5052;1;NULL;-0.2753;-0.8151;0.0735;71.7599;320.0481;333.5052;ControllerBody;NULL;NULL;NULL;NULL;2;1;0;0;0;0;0.5000;0.0000;2.0000;-0.0210;-0.0780;0.5764;357.3680;349.4703;4.7357;-0.0264;-0.0730;0.5628;356.2884;347.8140;5.1120;0;NULL;-0.0264;-0.0730;0.5628;356.2884;347.8140;5.1120;ControllerBody;NULL;c695270d-b11f-410e-bcd0-df2fe05129b0;NULL;NULL;;Controller;;Translation;Exposure;;Manual;NULL;1;NULL;0.5000;0.0000;2.0000;Exposure;0.0000;2026-05-25 13:55:16.5457;Controllers;NULL;NULL;OpenXR
NULL;Right;NULL;51;Exposure;NULL;OppositeHandTrigger;2;1;0;0;0;0;0.5000;0.0000;2.0000;NULL;Translation;anonymous;NULL;Pointer Shoot;PointerEvent;Debug;3328;0e220dd9-09f7-4473-bcda-acf277e68b54;NULL;0.0142;0.0024;-0.0152;356.4404;0.1440;0.2042;NULL;0.5940;-0.0330;2.0000;0.5940;-0.0330;2.0000;NULL;NULL;-0.2870;-0.8231;0.0739;71.3346;314.6427;328.6870;-0.2787;-0.8175;0.0710;70.9583;321.4414;335.2781;1;NULL;-0.2787;-0.8175;0.0710;70.9583;321.4414;335.2781;ControllerBody;NULL;NULL;NULL;NULL;2;1;0;0;0;0;0.5000;0.0000;2.0000;0.1273;-0.0742;0.5889;358.3346;4.7275;3.4669;0.1401;-0.0747;0.5803;358.4263;5.2829;3.1725;0;NULL;0.1401;-0.0747;0.5803;358.4263;5.2829;3.1725;ControllerBody;NULL;c695270d-b11f-410e-bcd0-df2fe05129b0;NULL;NULL;;Controller;;Translation;Exposure;;Manual;39;1;NULL;0.5000;0.0000;2.0000;Exposure;0.5607;2026-05-25 13:55:17.1004;Controllers;NULL;NULL;OpenXR
NULL;Right;NULL;51;Exposure;NULL;OppositeHandTrigger;2;1;0;0;0;0;0.5000;0.0000;2.0000;NULL;Translation;anonymous;NULL;Mole Hit;MoleEvent;Debug;3328;0e220dd9-09f7-4473-bcda-acf277e68b54;NULL;0.0142;0.0024;-0.0152;356.4404;0.1440;0.2042;0.0996;0.5940;-0.0330;2.0000;0.5940;-0.0330;2.0000;NULL;1;-0.2870;-0.8231;0.0739;71.3346;314.6427;328.6870;-0.2787;-0.8175;0.0710;70.9583;321.4414;335.2781;1;NULL;-0.2787;-0.8175;0.0710;70.9583;321.4414;335.2781;ControllerBody;NULL;NULL;NULL;NULL;2;1;0;0;0;0;0.5000;0.0000;2.0000;0.1273;-0.0742;0.5889;358.3346;4.7275;3.4669;0.1401;-0.0747;0.5803;358.4263;5.2829;3.1725;0;NULL;0.1401;-0.0747;0.5803;358.4263;5.2829;3.1725;ControllerBody;NULL;c695270d-b11f-410e-bcd0-df2fe05129b0;NULL;NULL;;Controller;;Translation;Exposure;;Manual;39;1;NULL;0.5000;0.0000;2.0000;Exposure;0.0000;2026-05-25 13:55:17.1030;Controllers;NULL;NULL;OpenXR
NULL;Right;NULL;NULL;Exposure;NULL;OppositeHandTrigger;3;2;0;1;0;0;-0.5000;0.0000;2.0000;NULL;Translation;anonymous;NULL;Mole Spawned;MoleEvent;Debug;3328;0e220dd9-09f7-4473-bcda-acf277e68b54;NULL;0.0142;0.0024;-0.0152;356.4404;0.1440;0.2042;NULL;NULL;NULL;NULL;NULL;NULL;NULL;NULL;NULL;-0.2870;-0.8231;0.0739;71.3346;314.6427;328.6870;-0.2787;-0.8175;0.0710;70.9583;321.4414;335.2781;1;NULL;-0.2787;-0.8175;0.0710;70.9583;321.4414;335.2781;ControllerBody;NULL;NULL;NULL;NULL;3;2;0;1;0;0;-0.5000;0.0000;2.0000;0.1273;-0.0742;0.5889;358.3346;4.7275;3.4669;0.1401;-0.0747;0.5803;358.4263;5.2829;3.1725;0;NULL;0.1401;-0.0747;0.5803;358.4263;5.2829;3.1725;ControllerBody;NULL;c695270d-b11f-410e-bcd0-df2fe05129b0;NULL;NULL;;Controller;;Translation;Exposure;;Manual;NULL;2;NULL;-0.5000;0.0000;2.0000;Exposure;0.0000;2026-05-25 13:55:17.1059;Controllers;NULL;NULL;OpenXR
NULL;Right;NULL;52;Exposure;NULL;OppositeHandTrigger;3;2;0;1;0;0;-0.5000;0.0000;2.0000;NULL;Translation;anonymous;NULL;Pointer Shoot;PointerEvent;Debug;3362;0e220dd9-09f7-4473-bcda-acf277e68b54;NULL;0.0147;0.0015;-0.0155;356.5248;356.8645;356.9989;NULL;-0.4689;-0.0022;2.0000;-0.4689;-0.0022;2.0000;NULL;NULL;-0.2887;-0.8147;0.0952;70.6568;322.4286;334.7185;-0.2838;-0.8092;0.0847;71.0860;328.3598;340.9395;1;NULL;-0.2838;-0.8092;0.0847;71.0860;328.3598;340.9395;ControllerBody;NULL;NULL;NULL;NULL;3;2;0;1;0;0;-0.5000;0.0000;2.0000;-0.1558;-0.0810;0.5187;357.2198;335.8836;5.5720;-0.1724;-0.0822;0.5055;357.7200;334.5033;5.5536;0;NULL;-0.1724;-0.0822;0.5055;357.7200;334.5033;5.5536;ControllerBody;NULL;c695270d-b11f-410e-bcd0-df2fe05129b0;NULL;NULL;;Controller;;Translation;Exposure;;Manual;40;2;NULL;-0.5000;0.0000;2.0000;Exposure;0.6167;2026-05-25 13:55:17.7178;Controllers;NULL;NULL;OpenXR
NULL;Right;NULL;52;Exposure;NULL;OppositeHandTrigger;3;2;0;1;0;0;-0.5000;0.0000;2.0000;NULL;Translation;anonymous;NULL;Mole Hit;MoleEvent;Debug;3362;0e220dd9-09f7-4473-bcda-acf277e68b54;NULL;0.0147;0.0015;-0.0155;356.5248;356.8645;356.9989;0.0311;-0.4689;-0.0022;2.0000;-0.4689;-0.0022;2.0000;NULL;1;-0.2887;-0.8147;0.0952;70.6568;322.4286;334.7185;-0.2838;-0.8092;0.0847;71.0860;328.3598;340.9395;1;NULL;-0.2838;-0.8092;0.0847;71.0860;328.3598;340.9395;ControllerBody;NULL;NULL;NULL;NULL;3;2;0;1;0;0;-0.5000;0.0000;2.0000;-0.1558;-0.0810;0.5187;357.2198;335.8836;5.5720;-0.1724;-0.0822;0.5055;357.7200;334.5033;5.5536;0;NULL;-0.1724;-0.0822;0.5055;357.7200;334.5033;5.5536;ControllerBody;NULL;c695270d-b11f-410e-bcd0-df2fe05129b0;NULL;NULL;;Controller;;Translation;Exposure;;Manual;40;2;NULL;-0.5000;0.0000;2.0000;Exposure;0.0000;2026-05-25 13:55:17.7204;Controllers;NULL;NULL;OpenXR
NULL;Right;NULL;NULL;Exposure;NULL;OppositeHandTrigger;2;1;0;0;0;0;0.5000;0.0000;2.0000;NULL;Translation;anonymous;NULL;Mole Spawned;MoleEvent;Debug;3362;0e220dd9-09f7-4473-bcda-acf277e68b54;NULL;0.0147;0.0015;-0.0155;356.5248;356.8645;356.9989;NULL;NULL;NULL;NULL;NULL;NULL;NULL;NULL;NULL;-0.2887;-0.8147;0.0952;70.6568;322.4286;334.7185;-0.2838;-0.8092;0.0847;71.0860;328.3598;340.9395;1;NULL;-0.2838;-0.8092;0.0847;71.0860;328.3598;340.9395;ControllerBody;NULL;NULL;NULL;NULL;2;1;0;0;0;0;0.5000;0.0000;2.0000;-0.1558;-0.0810;0.5187;357.2198;335.8836;5.5720;-0.1724;-0.0822;0.5055;357.7200;334.5033;5.5536;0;NULL;-0.1724;-0.0822;0.5055;357.7200;334.5033;5.5536;ControllerBody;NULL;c695270d-b11f-410e-bcd0-df2fe05129b0;NULL;NULL;;Controller;;Translation;Exposure;;Manual;NULL;1;NULL;0.5000;0.0000;2.0000;Exposure;0.0000;2026-05-25 13:55:17.7220;Controllers;NULL;NULL;OpenXR
NULL;Right;NULL;53;Exposure;NULL;OppositeHandTrigger;2;1;0;0;0;0;0.5000;0.0000;2.0000;NULL;Translation;anonymous;NULL;Pointer Shoot;PointerEvent;Debug;3394;0e220dd9-09f7-4473-bcda-acf277e68b54;NULL;0.0112;0.0030;-0.0161;355.8588;0.0095;0.7608;NULL;0.5125;0.0005;2.0000;0.5125;0.0005;2.0000;NULL;NULL;-0.2805;-0.8255;0.0843;72.4893;322.7970;333.6869;-0.2726;-0.8179;0.0881;71.6193;325.4949;334.6980;1;NULL;-0.2726;-0.8179;0.0881;71.6193;325.4949;334.6980;ControllerBody;NULL;NULL;NULL;NULL;2;1;0;0;0;0;0.5000;0.0000;2.0000;0.1048;-0.0662;0.5796;357.3142;2.3242;4.6210;0.1252;-0.0667;0.5716;357.6673;3.9972;4.1406;0;NULL;0.1252;-0.0667;0.5716;357.6673;3.9972;4.1406;ControllerBody;NULL;c695270d-b11f-410e-bcd0-df2fe05129b0;NULL;NULL;;Controller;;Translation;Exposure;;Manual;41;1;NULL;0.5000;0.0000;2.0000;Exposure;0.5991;2026-05-25 13:55:18.3159;Controllers;NULL;NULL;OpenXR
NULL;Right;NULL;53;Exposure;NULL;OppositeHandTrigger;2;1;0;0;0;0;0.5000;0.0000;2.0000;NULL;Translation;anonymous;NULL;Mole Hit;MoleEvent;Debug;3394;0e220dd9-09f7-4473-bcda-acf277e68b54;NULL;0.0112;0.0030;-0.0161;355.8588;0.0095;0.7608;0.0125;0.5125;0.0005;2.0000;0.5125;0.0005;2.0000;NULL;1;-0.2805;-0.8255;0.0843;72.4893;322.7970;333.6869;-0.2726;-0.8179;0.0881;71.6193;325.4949;334.6980;1;NULL;-0.2726;-0.8179;0.0881;71.6193;325.4949;334.6980;ControllerBody;NULL;NULL;NULL;NULL;2;1;0;0;0;0;0.5000;0.0000;2.0000;0.1048;-0.0662;0.5796;357.3142;2.3242;4.6210;0.1252;-0.0667;0.5716;357.6673;3.9972;4.1406;0;NULL;0.1252;-0.0667;0.5716;357.6673;3.9972;4.1406;ControllerBody;NULL;c695270d-b11f-410e-bcd0-df2fe05129b0;NULL;NULL;;Controller;;Translation;Exposure;;Manual;41;1;NULL;0.5000;0.0000;2.0000;Exposure;0.0000;2026-05-25 13:55:18.3189;Controllers;NULL;NULL;OpenXR
NULL;Right;NULL;NULL;Exposure;NULL;OppositeHandTrigger;1;0;0;-1;0;0;0.0000;0.0000;2.0000;NULL;Translation;anonymous;NULL;Mole Spawned;MoleEvent;Debug;3394;0e220dd9-09f7-4473-bcda-acf277e68b54;NULL;0.0112;0.0030;-0.0161;355.8588;0.0095;0.7608;NULL;NULL;NULL;NULL;NULL;NULL;NULL;NULL;NULL;-0.2805;-0.8255;0.0843;72.4893;322.7970;333.6869;-0.2726;-0.8179;0.0881;71.6193;325.4949;334.6980;1;NULL;-0.2726;-0.8179;0.0881;71.6193;325.4949;334.6980;ControllerBody;NULL;NULL;NULL;NULL;1;0;0;-1;0;0;0.0000;0.0000;2.0000;0.1048;-0.0662;0.5796;357.3142;2.3242;4.6210;0.1252;-0.0667;0.5716;357.6673;3.9972;4.1406;0;NULL;0.1252;-0.0667;0.5716;357.6673;3.9972;4.1406;ControllerBody;NULL;c695270d-b11f-410e-bcd0-df2fe05129b0;NULL;NULL;;Controller;;Translation;Exposure;;Manual;NULL;0;NULL;0.0000;0.0000;2.0000;Exposure;0.0000;2026-05-25 13:55:18.3215;Controllers;NULL;NULL;OpenXR
NULL;Right;NULL;54;Exposure;NULL;OppositeHandTrigger;1;0;0;-1;0;0;0.0000;0.0000;2.0000;NULL;Translation;anonymous;NULL;Pointer Shoot;PointerEvent;Debug;3431;0e220dd9-09f7-4473-bcda-acf277e68b54;NULL;0.0020;0.0024;-0.0170;356.2567;359.1306;359.7298;NULL;0.0068;0.0175;2.0000;0.0068;0.0175;2.0000;NULL;NULL;-0.2822;-0.8242;0.0903;72.1803;323.5308;334.5181;-0.2787;-0.8214;0.0792;73.1625;325.3198;336.3934;1;NULL;-0.2787;-0.8214;0.0792;73.1625;325.3198;336.3934;ControllerBody;NULL;NULL;NULL;NULL;1;0;0;-1;0;0;0.0000;0.0000;2.0000;-0.0572;-0.0681;0.5566;356.6679;348.7953;5.6718;-0.0503;-0.0704;0.5522;357.0116;348.5232;5.8996;0;NULL;-0.0503;-0.0704;0.5522;357.0116;348.5232;5.8996;ControllerBody;NULL;c695270d-b11f-410e-bcd0-df2fe05129b0;NULL;NULL;;Controller;;Translation;Exposure;;Manual;42;0;NULL;0.0000;0.0000;2.0000;Exposure;0.6664;2026-05-25 13:55:18.9817;Controllers;NULL;NULL;OpenXR
NULL;Right;NULL;54;Exposure;NULL;OppositeHandTrigger;1;0;0;-1;0;0;0.0000;0.0000;2.0000;NULL;Translation;anonymous;NULL;Mole Hit;MoleEvent;Debug;3431;0e220dd9-09f7-4473-bcda-acf277e68b54;NULL;0.0020;0.0024;-0.0170;356.2567;359.1306;359.7298;0.0188;0.0068;0.0175;2.0000;0.0068;0.0175;2.0000;NULL;1;-0.2822;-0.8242;0.0903;72.1803;323.5308;334.5181;-0.2787;-0.8214;0.0792;73.1625;325.3198;336.3934;1;NULL;-0.2787;-0.8214;0.0792;73.1625;325.3198;336.3934;ControllerBody;NULL;NULL;NULL;NULL;1;0;0;-1;0;0;0.0000;0.0000;2.0000;-0.0572;-0.0681;0.5566;356.6679;348.7953;5.6718;-0.0503;-0.0704;0.5522;357.0116;348.5232;5.8996;0;NULL;-0.0503;-0.0704;0.5522;357.0116;348.5232;5.8996;ControllerBody;NULL;c695270d-b11f-410e-bcd0-df2fe05129b0;NULL;NULL;;Controller;;Translation;Exposure;;Manual;42;0;NULL;0.0000;0.0000;2.0000;Exposure;0.0000;2026-05-25 13:55:18.9833;Controllers;NULL;NULL;OpenXR
NULL;Right;NULL;NULL;Exposure;NULL;OppositeHandTrigger;3;2;0;1;0;0;-0.5000;0.0000;2.0000;NULL;Translation;anonymous;NULL;Mole Spawned;MoleEvent;Debug;3431;0e220dd9-09f7-4473-bcda-acf277e68b54;NULL;0.0020;0.0024;-0.0170;356.2567;359.1306;359.7298;NULL;NULL;NULL;NULL;NULL;NULL;NULL;NULL;NULL;-0.2822;-0.8242;0.0903;72.1803;323.5308;334.5181;-0.2787;-0.8214;0.0792;73.1625;325.3198;336.3934;1;NULL;-0.2787;-0.8214;0.0792;73.1625;325.3198;336.3934;ControllerBody;NULL;NULL;NULL;NULL;3;2;0;1;0;0;-0.5000;0.0000;2.0000;-0.0572;-0.0681;0.5566;356.6679;348.7953;5.6718;-0.0503;-0.0704;0.5522;357.0116;348.5232;5.8996;0;NULL;-0.0503;-0.0704;0.5522;357.0116;348.5232;5.8996;ControllerBody;NULL;c695270d-b11f-410e-bcd0-df2fe05129b0;NULL;NULL;;Controller;;Translation;Exposure;;Manual;NULL;2;NULL;-0.5000;0.0000;2.0000;Exposure;0.0000;2026-05-25 13:55:18.9863;Controllers;NULL;NULL;OpenXR
NULL;Right;NULL;55;Exposure;NULL;OppositeHandTrigger;3;2;0;1;0;0;-0.5000;0.0000;2.0000;NULL;Translation;anonymous;NULL;Pointer Shoot;PointerEvent;Debug;3469;0e220dd9-09f7-4473-bcda-acf277e68b54;NULL;0.0114;0.0004;-0.0151;357.1147;357.6042;357.5625;NULL;-0.5232;0.0190;2.0000;-0.5232;0.0190;2.0000;NULL;NULL;-0.2821;-0.8229;0.0878;71.2999;324.0576;336.2586;-0.2824;-0.8091;0.0891;69.9877;328.9511;341.6941;1;NULL;-0.2824;-0.8091;0.0891;69.9877;328.9511;341.6941;ControllerBody;NULL;NULL;NULL;NULL;3;2;0;1;0;0;-0.5000;0.0000;2.0000;-0.1717;-0.0742;0.5120;356.7591;334.7592;5.4818;-0.1837;-0.0735;0.4994;356.8511;333.7473;4.9792;0;NULL;-0.1837;-0.0735;0.4994;356.8511;333.7473;4.9792;ControllerBody;NULL;c695270d-b11f-410e-bcd0-df2fe05129b0;NULL;NULL;;Controller;;Translation;Exposure;;Manual;43;2;NULL;-0.5000;0.0000;2.0000;Exposure;0.6848;2026-05-25 13:55:19.6671;Controllers;NULL;NULL;OpenXR
NULL;Right;NULL;55;Exposure;NULL;OppositeHandTrigger;3;2;0;1;0;0;-0.5000;0.0000;2.0000;NULL;Translation;anonymous;NULL;Mole Hit;MoleEvent;Debug;3469;0e220dd9-09f7-4473-bcda-acf277e68b54;NULL;0.0114;0.0004;-0.0151;357.1147;357.6042;357.5625;0.0300;-0.5232;0.0190;2.0000;-0.5232;0.0190;2.0000;NULL;1;-0.2821;-0.8229;0.0878;71.2999;324.0576;336.2586;-0.2824;-0.8091;0.0891;69.9877;328.9511;341.6941;1;NULL;-0.2824;-0.8091;0.0891;69.9877;328.9511;341.6941;ControllerBody;NULL;NULL;NULL;NULL;3;2;0;1;0;0;-0.5000;0.0000;2.0000;-0.1717;-0.0742;0.5120;356.7591;334.7592;5.4818;-0.1837;-0.0735;0.4994;356.8511;333.7473;4.9792;0;NULL;-0.1837;-0.0735;0.4994;356.8511;333.7473;4.9792;ControllerBody;NULL;c695270d-b11f-410e-bcd0-df2fe05129b0;NULL;NULL;;Controller;;Translation;Exposure;;Manual;43;2;NULL;-0.5000;0.0000;2.0000;Exposure;0.0000;2026-05-25 13:55:19.6702;Controllers;NULL;NULL;OpenXR
NULL;Right;NULL;NULL;Exposure;NULL;OppositeHandTrigger;1;0;0;-1;0;0;0.0000;0.0000;2.0000;NULL;Translation;anonymous;NULL;Mole Spawned;MoleEvent;Debug;3469;0e220dd9-09f7-4473-bcda-acf277e68b54;NULL;0.0114;0.0004;-0.0151;357.1147;357.6042;357.5625;NULL;NULL;NULL;NULL;NULL;NULL;NULL;NULL;NULL;-0.2821;-0.8229;0.0878;71.2999;324.0576;336.2586;-0.2824;-0.8091;0.0891;69.9877;328.9511;341.6941;1;NULL;-0.2824;-0.8091;0.0891;69.9877;328.9511;341.6941;ControllerBody;NULL;NULL;NULL;NULL;1;0;0;-1;0;0;0.0000;0.0000;2.0000;-0.1717;-0.0742;0.5120;356.7591;334.7592;5.4818;-0.1837;-0.0735;0.4994;356.8511;333.7473;4.9792;0;NULL;-0.1837;-0.0735;0.4994;356.8511;333.7473;4.9792;ControllerBody;NULL;c695270d-b11f-410e-bcd0-df2fe05129b0;NULL;NULL;;Controller;;Translation;Exposure;;Manual;NULL;0;NULL;0.0000;0.0000;2.0000;Exposure;0.0000;2026-05-25 13:55:19.6717;Controllers;NULL;NULL;OpenXR
NULL;Right;NULL;56;Exposure;NULL;OppositeHandTrigger;1;0;0;-1;0;0;0.0000;0.0000;2.0000;NULL;Translation;anonymous;NULL;Pointer Shoot;PointerEvent;Debug;3496;0e220dd9-09f7-4473-bcda-acf277e68b54;NULL;0.0147;0.0023;-0.0167;356.3947;358.8008;359.5962;NULL;0.0323;-0.0029;2.0000;0.0323;-0.0029;2.0000;NULL;NULL;-0.2805;-0.8272;0.0776;73.2173;321.6335;334.0602;-0.2686;-0.8172;0.0791;72.7770;329.3508;340.3432;1;NULL;-0.2686;-0.8172;0.0791;72.7770;329.3508;340.3432;ControllerBody;NULL;NULL;NULL;NULL;1;0;0;-1;0;0;0.0000;0.0000;2.0000;-0.0386;-0.0723;0.5623;357.2853;349.0124;5.1037;-0.0302;-0.0732;0.5539;357.1175;348.5587;4.5525;0;NULL;-0.0302;-0.0732;0.5539;357.1175;348.5587;4.5525;ControllerBody;NULL;c695270d-b11f-410e-bcd0-df2fe05129b0;NULL;NULL;;Controller;;Translation;Exposure;;Manual;44;0;NULL;0.0000;0.0000;2.0000;Exposure;0.4984;2026-05-25 13:55:20.1653;Controllers;NULL;NULL;OpenXR
NULL;Right;NULL;56;Exposure;NULL;OppositeHandTrigger;1;0;0;-1;0;0;0.0000;0.0000;2.0000;NULL;Translation;anonymous;NULL;Mole Hit;MoleEvent;Debug;3496;0e220dd9-09f7-4473-bcda-acf277e68b54;NULL;0.0147;0.0023;-0.0167;356.3947;358.8008;359.5962;0.0324;0.0323;-0.0029;2.0000;0.0323;-0.0029;2.0000;NULL;1;-0.2805;-0.8272;0.0776;73.2173;321.6335;334.0602;-0.2686;-0.8172;0.0791;72.7770;329.3508;340.3432;1;NULL;-0.2686;-0.8172;0.0791;72.7770;329.3508;340.3432;ControllerBody;NULL;NULL;NULL;NULL;1;0;0;-1;0;0;0.0000;0.0000;2.0000;-0.0386;-0.0723;0.5623;357.2853;349.0124;5.1037;-0.0302;-0.0732;0.5539;357.1175;348.5587;4.5525;0;NULL;-0.0302;-0.0732;0.5539;357.1175;348.5587;4.5525;ControllerBody;NULL;c695270d-b11f-410e-bcd0-df2fe05129b0;NULL;NULL;;Controller;;Translation;Exposure;;Manual;44;0;NULL;0.0000;0.0000;2.0000;Exposure;0.0000;2026-05-25 13:55:20.1683;Controllers;NULL;NULL;OpenXR
NULL;Right;NULL;NULL;Exposure;NULL;OppositeHandTrigger;2;1;0;0;0;0;0.5000;0.0000;2.0000;NULL;Translation;anonymous;NULL;Mole Spawned;MoleEvent;Debug;3496;0e220dd9-09f7-4473-bcda-acf277e68b54;NULL;0.0147;0.0023;-0.0167;356.3947;358.8008;359.5962;NULL;NULL;NULL;NULL;NULL;NULL;NULL;NULL;NULL;-0.2805;-0.8272;0.0776;73.2173;321.6335;334.0602;-0.2686;-0.8172;0.0791;72.7770;329.3508;340.3432;1;NULL;-0.2686;-0.8172;0.0791;72.7770;329.3508;340.3432;ControllerBody;NULL;NULL;NULL;NULL;2;1;0;0;0;0;0.5000;0.0000;2.0000;-0.0386;-0.0723;0.5623;357.2853;349.0124;5.1037;-0.0302;-0.0732;0.5539;357.1175;348.5587;4.5525;0;NULL;-0.0302;-0.0732;0.5539;357.1175;348.5587;4.5525;ControllerBody;NULL;c695270d-b11f-410e-bcd0-df2fe05129b0;NULL;NULL;;Controller;;Translation;Exposure;;Manual;NULL;1;NULL;0.5000;0.0000;2.0000;Exposure;0.0000;2026-05-25 13:55:20.1699;Controllers;NULL;NULL;OpenXR
NULL;Right;NULL;57;Exposure;NULL;OppositeHandTrigger;2;1;0;0;0;0;0.5000;0.0000;2.0000;NULL;Translation;anonymous;NULL;Pointer Shoot;PointerEvent;Debug;3535;0e220dd9-09f7-4473-bcda-acf277e68b54;NULL;0.0072;0.0030;-0.0207;355.6707;0.0063;0.2104;NULL;0.5025;-0.0027;2.0000;0.5025;-0.0027;2.0000;NULL;NULL;-0.2794;-0.8260;0.0797;72.7697;320.2077;332.5345;-0.2712;-0.8199;0.0762;72.4721;324.2499;335.5072;1;NULL;-0.2712;-0.8199;0.0762;72.4721;324.2499;335.5072;ControllerBody;NULL;NULL;NULL;NULL;2;1;0;0;0;0;0.5000;0.0000;2.0000;0.0955;-0.0667;0.5829;357.4183;2.3014;4.3989;0.1110;-0.0620;0.5742;356.7981;3.1475;4.0486;0;NULL;0.1110;-0.0620;0.5742;356.7981;3.1475;4.0486;ControllerBody;NULL;c695270d-b11f-410e-bcd0-df2fe05129b0;NULL;NULL;;Controller;;Translation;Exposure;;Manual;45;1;NULL;0.5000;0.0000;2.0000;Exposure;0.7337;2026-05-25 13:55:20.8992;Controllers;NULL;NULL;OpenXR
NULL;Right;NULL;57;Exposure;NULL;OppositeHandTrigger;2;1;0;0;0;0;0.5000;0.0000;2.0000;NULL;Translation;anonymous;NULL;Mole Hit;MoleEvent;Debug;3535;0e220dd9-09f7-4473-bcda-acf277e68b54;NULL;0.0072;0.0030;-0.0207;355.6707;0.0063;0.2104;0.0037;0.5025;-0.0027;2.0000;0.5025;-0.0027;2.0000;NULL;1;-0.2794;-0.8260;0.0797;72.7697;320.2077;332.5345;-0.2712;-0.8199;0.0762;72.4721;324.2499;335.5072;1;NULL;-0.2712;-0.8199;0.0762;72.4721;324.2499;335.5072;ControllerBody;NULL;NULL;NULL;NULL;2;1;0;0;0;0;0.5000;0.0000;2.0000;0.0955;-0.0667;0.5829;357.4183;2.3014;4.3989;0.1110;-0.0620;0.5742;356.7981;3.1475;4.0486;0;NULL;0.1110;-0.0620;0.5742;356.7981;3.1475;4.0486;ControllerBody;NULL;c695270d-b11f-410e-bcd0-df2fe05129b0;NULL;NULL;;Controller;;Translation;Exposure;;Manual;45;1;NULL;0.5000;0.0000;2.0000;Exposure;0.0000;2026-05-25 13:55:20.9007;Controllers;NULL;NULL;OpenXR
NULL;Right;NULL;NULL;Exposure;NULL;OppositeHandTrigger;1;0;0;-1;0;0;0.0000;0.0000;2.0000;NULL;Translation;anonymous;NULL;Mole Spawned;MoleEvent;Debug;3535;0e220dd9-09f7-4473-bcda-acf277e68b54;NULL;0.0072;0.0030;-0.0207;355.6707;0.0063;0.2104;NULL;NULL;NULL;NULL;NULL;NULL;NULL;NULL;NULL;-0.2794;-0.8260;0.0797;72.7697;320.2077;332.5345;-0.2712;-0.8199;0.0762;72.4721;324.2499;335.5072;1;NULL;-0.2712;-0.8199;0.0762;72.4721;324.2499;335.5072;ControllerBody;NULL;NULL;NULL;NULL;1;0;0;-1;0;0;0.0000;0.0000;2.0000;0.0955;-0.0667;0.5829;357.4183;2.3014;4.3989;0.1110;-0.0620;0.5742;356.7981;3.1475;4.0486;0;NULL;0.1110;-0.0620;0.5742;356.7981;3.1475;4.0486;ControllerBody;NULL;c695270d-b11f-410e-bcd0-df2fe05129b0;NULL;NULL;;Controller;;Translation;Exposure;;Manual;NULL;0;NULL;0.0000;0.0000;2.0000;Exposure;0.0000;2026-05-25 13:55:20.9038;Controllers;NULL;NULL;OpenXR
NULL;Right;NULL;58;Exposure;NULL;OppositeHandTrigger;1;0;0;-1;0;0;0.0000;0.0000;2.0000;NULL;Translation;anonymous;NULL;Pointer Shoot;PointerEvent;Debug;3561;0e220dd9-09f7-4473-bcda-acf277e68b54;NULL;0.0148;0.0000;-0.0179;357.5117;1.1518;355.8893;NULL;0.0374;0.0131;2.0000;0.0374;0.0131;2.0000;NULL;NULL;-0.2825;-0.8205;0.0944;70.9734;326.3439;337.2032;-0.2805;-0.8090;0.1001;70.1404;333.1424;344.6495;1;NULL;-0.2805;-0.8090;0.1001;70.1404;333.1424;344.6495;ControllerBody;NULL;NULL;NULL;NULL;1;0;0;-1;0;0;0.0000;0.0000;2.0000;-0.0421;-0.0738;0.5608;356.6035;349.3564;3.8244;-0.0553;-0.0743;0.5508;356.7853;348.6805;4.5490;0;NULL;-0.0553;-0.0743;0.5508;356.7853;348.6805;4.5490;ControllerBody;NULL;c695270d-b11f-410e-bcd0-df2fe05129b0;NULL;NULL;;Controller;;Translation;Exposure;;Manual;46;0;NULL;0.0000;0.0000;2.0000;Exposure;0.4837;2026-05-25 13:55:21.3835;Controllers;NULL;NULL;OpenXR
NULL;Right;NULL;58;Exposure;NULL;OppositeHandTrigger;1;0;0;-1;0;0;0.0000;0.0000;2.0000;NULL;Translation;anonymous;NULL;Mole Hit;MoleEvent;Debug;3561;0e220dd9-09f7-4473-bcda-acf277e68b54;NULL;0.0148;0.0000;-0.0179;357.5117;1.1518;355.8893;0.0396;0.0374;0.0131;2.0000;0.0374;0.0131;2.0000;NULL;1;-0.2825;-0.8205;0.0944;70.9734;326.3439;337.2032;-0.2805;-0.8090;0.1001;70.1404;333.1424;344.6495;1;NULL;-0.2805;-0.8090;0.1001;70.1404;333.1424;344.6495;ControllerBody;NULL;NULL;NULL;NULL;1;0;0;-1;0;0;0.0000;0.0000;2.0000;-0.0421;-0.0738;0.5608;356.6035;349.3564;3.8244;-0.0553;-0.0743;0.5508;356.7853;348.6805;4.5490;0;NULL;-0.0553;-0.0743;0.5508;356.7853;348.6805;4.5490;ControllerBody;NULL;c695270d-b11f-410e-bcd0-df2fe05129b0;NULL;NULL;;Controller;;Translation;Exposure;;Manual;46;0;NULL;0.0000;0.0000;2.0000;Exposure;0.0000;2026-05-25 13:55:21.3865;Controllers;NULL;NULL;OpenXR
NULL;Right;NULL;NULL;Exposure;NULL;OppositeHandTrigger;3;2;0;1;0;0;-0.5000;0.0000;2.0000;NULL;Translation;anonymous;NULL;Mole Spawned;MoleEvent;Debug;3561;0e220dd9-09f7-4473-bcda-acf277e68b54;NULL;0.0148;0.0000;-0.0179;357.5117;1.1518;355.8893;NULL;NULL;NULL;NULL;NULL;NULL;NULL;NULL;NULL;-0.2825;-0.8205;0.0944;70.9734;326.3439;337.2032;-0.2805;-0.8090;0.1001;70.1404;333.1424;344.6495;1;NULL;-0.2805;-0.8090;0.1001;70.1404;333.1424;344.6495;ControllerBody;NULL;NULL;NULL;NULL;3;2;0;1;0;0;-0.5000;0.0000;2.0000;-0.0421;-0.0738;0.5608;356.6035;349.3564;3.8244;-0.0553;-0.0743;0.5508;356.7853;348.6805;4.5490;0;NULL;-0.0553;-0.0743;0.5508;356.7853;348.6805;4.5490;ControllerBody;NULL;c695270d-b11f-410e-bcd0-df2fe05129b0;NULL;NULL;;Controller;;Translation;Exposure;;Manual;NULL;2;NULL;-0.5000;0.0000;2.0000;Exposure;0.0000;2026-05-25 13:55:21.3896;Controllers;NULL;NULL;OpenXR
NULL;Right;NULL;59;Exposure;NULL;OppositeHandTrigger;3;2;0;1;0;0;-0.5000;0.0000;2.0000;NULL;Translation;anonymous;NULL;Pointer Shoot;PointerEvent;Debug;3601;0e220dd9-09f7-4473-bcda-acf277e68b54;NULL;0.0082;0.0010;-0.0211;356.3705;358.2758;357.1804;NULL;-0.4591;-0.0051;2.0000;-0.4591;-0.0051;2.0000;NULL;NULL;-0.2880;-0.8202;0.0935;70.4431;324.1266;336.3427;-0.2921;-0.8078;0.0939;69.7673;330.5784;343.7501;1;NULL;-0.2921;-0.8078;0.0939;69.7673;330.5784;343.7501;ControllerBody;NULL;NULL;NULL;NULL;3;2;0;1;0;0;-0.5000;0.0000;2.0000;-0.1610;-0.0863;0.5163;357.1295;336.4037;4.8293;-0.1699;-0.0849;0.5063;357.0694;335.8609;5.2484;0;NULL;-0.1699;-0.0849;0.5063;357.0694;335.8609;5.2484;ControllerBody;NULL;c695270d-b11f-410e-bcd0-df2fe05129b0;NULL;NULL;;Controller;;Translation;Exposure;;Manual;47;2;NULL;-0.5000;0.0000;2.0000;Exposure;0.7160;2026-05-25 13:55:22.0994;Controllers;NULL;NULL;OpenXR
NULL;Right;NULL;59;Exposure;NULL;OppositeHandTrigger;3;2;0;1;0;0;-0.5000;0.0000;2.0000;NULL;Translation;anonymous;NULL;Mole Hit;MoleEvent;Debug;3601;0e220dd9-09f7-4473-bcda-acf277e68b54;NULL;0.0082;0.0010;-0.0211;356.3705;358.2758;357.1804;0.0412;-0.4591;-0.0051;2.0000;-0.4591;-0.0051;2.0000;NULL;1;-0.2880;-0.8202;0.0935;70.4431;324.1266;336.3427;-0.2921;-0.8078;0.0939;69.7673;330.5784;343.7501;1;NULL;-0.2921;-0.8078;0.0939;69.7673;330.5784;343.7501;ControllerBody;NULL;NULL;NULL;NULL;3;2;0;1;0;0;-0.5000;0.0000;2.0000;-0.1610;-0.0863;0.5163;357.1295;336.4037;4.8293;-0.1699;-0.0849;0.5063;357.0694;335.8609;5.2484;0;NULL;-0.1699;-0.0849;0.5063;357.0694;335.8609;5.2484;ControllerBody;NULL;c695270d-b11f-410e-bcd0-df2fe05129b0;NULL;NULL;;Controller;;Translation;Exposure;;Manual;47;2;NULL;-0.5000;0.0000;2.0000;Exposure;0.0000;2026-05-25 13:55:22.1005;Controllers;NULL;NULL;OpenXR
NULL;Right;NULL;NULL;Exposure;NULL;OppositeHandTrigger;1;0;0;-1;0;0;0.0000;0.0000;2.0000;NULL;Translation;anonymous;NULL;Mole Spawned;MoleEvent;Debug;3601;0e220dd9-09f7-4473-bcda-acf277e68b54;NULL;0.0082;0.0010;-0.0211;356.3705;358.2758;357.1804;NULL;NULL;NULL;NULL;NULL;NULL;NULL;NULL;NULL;-0.2880;-0.8202;0.0935;70.4431;324.1266;336.3427;-0.2921;-0.8078;0.0939;69.7673;330.5784;343.7501;1;NULL;-0.2921;-0.8078;0.0939;69.7673;330.5784;343.7501;ControllerBody;NULL;NULL;NULL;NULL;1;0;0;-1;0;0;0.0000;0.0000;2.0000;-0.1610;-0.0863;0.5163;357.1295;336.4037;4.8293;-0.1699;-0.0849;0.5063;357.0694;335.8609;5.2484;0;NULL;-0.1699;-0.0849;0.5063;357.0694;335.8609;5.2484;ControllerBody;NULL;c695270d-b11f-410e-bcd0-df2fe05129b0;NULL;NULL;;Controller;;Translation;Exposure;;Manual;NULL;0;NULL;0.0000;0.0000;2.0000;Exposure;0.0000;2026-05-25 13:55:22.1031;Controllers;NULL;NULL;OpenXR
NULL;Right;NULL;60;Exposure;NULL;OppositeHandTrigger;1;0;0;-1;0;0;0.0000;0.0000;2.0000;NULL;Translation;anonymous;NULL;Pointer Shoot;PointerEvent;Debug;3628;0e220dd9-09f7-4473-bcda-acf277e68b54;NULL;0.0139;0.0029;-0.0210;355.6527;359.7319;358.7829;NULL;0.1153;0.0008;2.0000;0.1153;0.0008;2.0000;NULL;NULL;-0.2861;-0.8270;0.0825;72.5674;318.0248;328.9800;-0.2793;-0.8159;0.0883;72.0226;322.0264;331.7463;1;NULL;-0.2793;-0.8159;0.0883;72.0226;322.0264;331.7463;ControllerBody;NULL;NULL;NULL;NULL;1;0;0;-1;0;0;0.0000;0.0000;2.0000;-0.0154;-0.0754;0.5650;356.9937;351.3085;4.7652;-0.0018;-0.0741;0.5591;356.6259;351.9452;4.3128;0;NULL;-0.0018;-0.0741;0.5591;356.6259;351.9452;4.3128;ControllerBody;NULL;c695270d-b11f-410e-bcd0-df2fe05129b0;NULL;NULL;;Controller;;Translation;Exposure;;Manual;48;0;NULL;0.0000;0.0000;2.0000;Exposure;0.5332;2026-05-25 13:55:22.6325;Controllers;NULL;NULL;OpenXR
NULL;Right;NULL;60;Exposure;NULL;OppositeHandTrigger;1;0;0;-1;0;0;0.0000;0.0000;2.0000;NULL;Translation;anonymous;NULL;Mole Missed;PointerEvent;Debug;3628;0e220dd9-09f7-4473-bcda-acf277e68b54;NULL;0.0139;0.0029;-0.0210;355.6527;359.7319;358.7829;0.1153;0.1153;0.0008;2.0000;0.1153;0.0008;2.0000;NULL;0;-0.2861;-0.8270;0.0825;72.5674;318.0248;328.9800;-0.2793;-0.8159;0.0883;72.0226;322.0264;331.7463;1;NULL;-0.2793;-0.8159;0.0883;72.0226;322.0264;331.7463;ControllerBody;NULL;NULL;NULL;NULL;1;0;0;-1;0;0;0.0000;0.0000;2.0000;-0.0154;-0.0754;0.5650;356.9937;351.3085;4.7652;-0.0018;-0.0741;0.5591;356.6259;351.9452;4.3128;0;NULL;-0.0018;-0.0741;0.5591;356.6259;351.9452;4.3128;ControllerBody;NULL;c695270d-b11f-410e-bcd0-df2fe05129b0;NULL;NULL;;Controller;;Translation;Exposure;;Manual;48;0;NULL;0.0000;0.0000;2.0000;Exposure;0.0000;2026-05-25 13:55:22.6350;Controllers;NULL;NULL;OpenXR
NULL;Right;NULL;60;Exposure;NULL;OppositeHandTrigger;NULL;NULL;NULL;NULL;NULL;NULL;NULL;NULL;NULL;NULL;Translation;anonymous;NULL;Exposure Completed;BlockEvent;Debug;3628;0e220dd9-09f7-4473-bcda-acf277e68b54;NULL;0.0139;0.0029;-0.0210;355.6527;359.7319;358.7829;NULL;NULL;NULL;NULL;NULL;NULL;NULL;NULL;NULL;-0.2861;-0.8270;0.0825;72.5674;318.0248;328.9800;-0.2793;-0.8159;0.0883;72.0226;322.0264;331.7463;1;NULL;-0.2793;-0.8159;0.0883;72.0226;322.0264;331.7463;ControllerBody;NULL;NULL;NULL;NULL;NULL;NULL;NULL;NULL;NULL;NULL;NULL;NULL;NULL;-0.0154;-0.0754;0.5650;356.9937;351.3085;4.7652;-0.0018;-0.0741;0.5591;356.6259;351.9452;4.3128;0;NULL;-0.0018;-0.0741;0.5591;356.6259;351.9452;4.3128;ControllerBody;NULL;c695270d-b11f-410e-bcd0-df2fe05129b0;NULL;NULL;;Controller;;Translation;Exposure;;Manual;48;NULL;NULL;NULL;NULL;NULL;Exposure;0.0000;2026-05-25 13:55:22.6370;Controllers;NULL;NULL;OpenXR
NULL;Right;NULL;NULL;Post;NULL;OppositeHandTrigger;NULL;NULL;NULL;NULL;NULL;NULL;NULL;NULL;NULL;NULL;None;anonymous;NULL;Block Started;BlockEvent;Debug;3745;0e220dd9-09f7-4473-bcda-acf277e68b54;NULL;0.0064;-0.0045;-0.0183;359.7089;6.0727;358.6888;NULL;NULL;NULL;NULL;NULL;NULL;NULL;NULL;NULL;-0.2831;-0.8227;0.1105;63.4993;314.3192;315.4172;-0.2809;-0.8160;0.1158;64.5860;314.5842;316.2686;0;NULL;-0.2809;-0.8160;0.1158;64.5860;314.5842;316.2686;ControllerBody;NULL;NULL;NULL;NULL;NULL;NULL;NULL;NULL;NULL;NULL;NULL;NULL;NULL;0.2963;-0.7673;0.1909;47.5520;30.8273;22.9085;0.2857;-0.7595;0.1911;47.5105;29.6801;22.0456;0;NULL;0.2857;-0.7595;0.1911;47.5105;29.6801;22.0456;ControllerBody;NULL;c695270d-b11f-410e-bcd0-df2fe05129b0;NULL;NULL;;Controller;;Translation;OpenLoop;;Manual;NULL;NULL;NULL;NULL;NULL;NULL;OpenLoop;2.0059;2026-05-25 13:55:24.6501;Controllers;NULL;NULL;OpenXR
NULL;Right;NULL;NULL;Post;NULL;OppositeHandTrigger;NULL;NULL;NULL;NULL;NULL;NULL;NULL;NULL;NULL;NULL;None;anonymous;NULL;Trial Started;TaskEvent;Debug;3745;0e220dd9-09f7-4473-bcda-acf277e68b54;NULL;0.0064;-0.0045;-0.0183;359.7089;6.0727;358.6888;NULL;NULL;NULL;NULL;NULL;NULL;NULL;NULL;NULL;-0.2831;-0.8227;0.1105;63.4993;314.3192;315.4172;-0.2809;-0.8160;0.1158;64.5860;314.5842;316.2686;0;NULL;-0.2809;-0.8160;0.1158;64.5860;314.5842;316.2686;ControllerBody;NULL;NULL;NULL;NULL;NULL;NULL;NULL;NULL;NULL;NULL;NULL;NULL;NULL;0.2963;-0.7673;0.1909;47.5520;30.8273;22.9085;0.2857;-0.7595;0.1911;47.5105;29.6801;22.0456;0;NULL;0.2857;-0.7595;0.1911;47.5105;29.6801;22.0456;ControllerBody;NULL;c695270d-b11f-410e-bcd0-df2fe05129b0;NULL;NULL;;Controller;;Translation;OpenLoop;;Manual;NULL;NULL;0.0300;0.0000;0.0000;2.0000;OpenLoop;0.0000;2026-05-25 13:55:24.6527;Controllers;1;10;OpenXR
NULL;Right;NULL;NULL;Post;NULL;OppositeHandTrigger;NULL;NULL;NULL;NULL;NULL;NULL;NULL;NULL;NULL;NULL;None;anonymous;NULL;Trial Accepted;TaskEvent;Debug;3806;0e220dd9-09f7-4473-bcda-acf277e68b54;NULL;0.0005;-0.0031;-0.0134;359.7510;3.5592;358.5775;NULL;NULL;NULL;NULL;-0.2764;0.0000;2.0000;NULL;NULL;-0.2796;-0.8229;0.1142;70.6164;328.9200;331.5070;-0.2756;-0.8145;0.1066;69.5235;331.2379;333.4787;1;NULL;-0.2756;-0.8145;0.1066;69.5235;331.2379;333.4787;ControllerBody;NULL;NULL;NULL;NULL;NULL;NULL;NULL;NULL;NULL;NULL;NULL;NULL;NULL;-0.0270;0.0048;0.5424;348.1886;350.2884;6.3388;-0.0367;0.0112;0.5355;348.7595;348.8561;6.5034;0;NULL;-0.0367;0.0112;0.5355;348.7595;348.8561;6.5034;ControllerBody;NULL;c695270d-b11f-410e-bcd0-df2fe05129b0;-27.6444;NULL;;Controller;;Translation;OpenLoop;;Manual;NULL;NULL;NULL;NULL;NULL;NULL;OpenLoop;1.0809;2026-05-25 13:55:25.7176;Controllers;1;10;OpenXR
NULL;Right;NULL;NULL;Post;NULL;OppositeHandTrigger;NULL;NULL;NULL;NULL;NULL;NULL;NULL;NULL;NULL;NULL;None;anonymous;NULL;Trial Started;TaskEvent;Debug;3806;0e220dd9-09f7-4473-bcda-acf277e68b54;NULL;0.0005;-0.0031;-0.0134;359.7510;3.5592;358.5775;NULL;NULL;NULL;NULL;NULL;NULL;NULL;NULL;NULL;-0.2796;-0.8229;0.1142;70.6164;328.9200;331.5070;-0.2756;-0.8145;0.1066;69.5235;331.2379;333.4787;1;NULL;-0.2756;-0.8145;0.1066;69.5235;331.2379;333.4787;ControllerBody;NULL;NULL;NULL;NULL;NULL;NULL;NULL;NULL;NULL;NULL;NULL;NULL;NULL;-0.0270;0.0048;0.5424;348.1886;350.2884;6.3388;-0.0367;0.0112;0.5355;348.7595;348.8561;6.5034;0;NULL;-0.0367;0.0112;0.5355;348.7595;348.8561;6.5034;ControllerBody;NULL;c695270d-b11f-410e-bcd0-df2fe05129b0;NULL;NULL;;Controller;;Translation;OpenLoop;;Manual;NULL;NULL;0.0300;0.0000;0.0000;2.0000;OpenLoop;0.0000;2026-05-25 13:55:25.7212;Controllers;2;10;OpenXR
NULL;Right;NULL;NULL;Post;NULL;OppositeHandTrigger;NULL;NULL;NULL;NULL;NULL;NULL;NULL;NULL;NULL;NULL;None;anonymous;NULL;Trial Accepted;TaskEvent;Debug;3877;0e220dd9-09f7-4473-bcda-acf277e68b54;NULL;0.0003;-0.0017;-0.0137;358.8991;2.7896;358.8584;NULL;NULL;NULL;NULL;-0.3039;0.0000;2.0000;NULL;NULL;-0.2780;-0.8242;0.1069;71.5536;330.6971;337.0203;-0.2766;-0.8147;0.1065;70.9492;333.0494;341.0399;1;NULL;-0.2766;-0.8147;0.1065;70.9492;333.0494;341.0399;ControllerBody;NULL;NULL;NULL;NULL;NULL;NULL;NULL;NULL;NULL;NULL;NULL;NULL;NULL;-0.0449;0.0223;0.5370;349.8289;349.9572;1.2439;-0.0520;0.0199;0.5300;350.0379;349.6125;3.4014;0;NULL;-0.0520;0.0199;0.5300;350.0379;349.6125;3.4014;ControllerBody;NULL;c695270d-b11f-410e-bcd0-df2fe05129b0;-30.3941;NULL;;Controller;;Translation;OpenLoop;;Manual;NULL;NULL;NULL;NULL;NULL;NULL;OpenLoop;1.2983;2026-05-25 13:55:27.4886;Controllers;2;10;OpenXR
NULL;Right;NULL;NULL;Post;NULL;OppositeHandTrigger;NULL;NULL;NULL;NULL;NULL;NULL;NULL;NULL;NULL;NULL;None;anonymous;NULL;Trial Started;TaskEvent;Debug;3877;0e220dd9-09f7-4473-bcda-acf277e68b54;NULL;0.0003;-0.0017;-0.0137;358.8991;2.7896;358.8584;NULL;NULL;NULL;NULL;NULL;NULL;NULL;NULL;NULL;-0.2780;-0.8242;0.1069;71.5536;330.6971;337.0203;-0.2766;-0.8147;0.1065;70.9492;333.0494;341.0399;1;NULL;-0.2766;-0.8147;0.1065;70.9492;333.0494;341.0399;ControllerBody;NULL;NULL;NULL;NULL;NULL;NULL;NULL;NULL;NULL;NULL;NULL;NULL;NULL;-0.0449;0.0223;0.5370;349.8289;349.9572;1.2439;-0.0520;0.0199;0.5300;350.0379;349.6125;3.4014;0;NULL;-0.0520;0.0199;0.5300;350.0379;349.6125;3.4014;ControllerBody;NULL;c695270d-b11f-410e-bcd0-df2fe05129b0;NULL;NULL;;Controller;;Translation;OpenLoop;;Manual;NULL;NULL;0.0300;0.0000;0.0000;2.0000;OpenLoop;0.0000;2026-05-25 13:55:27.4901;Controllers;3;10;OpenXR
NULL;Right;NULL;NULL;Post;NULL;OppositeHandTrigger;NULL;NULL;NULL;NULL;NULL;NULL;NULL;NULL;NULL;NULL;None;anonymous;NULL;Trial Accepted;TaskEvent;Debug;3985;0e220dd9-09f7-4473-bcda-acf277e68b54;NULL;-0.0003;-0.0006;-0.0134;358.3448;3.5412;358.9274;NULL;NULL;NULL;NULL;-0.1349;0.0000;2.0000;NULL;NULL;-0.2759;-0.8243;0.1032;71.8494;329.3257;336.2146;-0.2724;-0.8183;0.0990;71.4700;331.4119;339.1986;1;NULL;-0.2724;-0.8183;0.0990;71.4700;331.4119;339.1986;ControllerBody;NULL;NULL;NULL;NULL;NULL;NULL;NULL;NULL;NULL;NULL;NULL;NULL;NULL;0.0001;0.0307;0.5389;352.1014;354.7228;1.2297;-0.0116;0.0362;0.5369;351.3192;353.0961;2.9872;0;NULL;-0.0116;0.0362;0.5369;351.3192;353.0961;2.9872;ControllerBody;NULL;c695270d-b11f-410e-bcd0-df2fe05129b0;-13.4892;NULL;;Controller;;Translation;OpenLoop;;Manual;NULL;NULL;NULL;NULL;NULL;NULL;OpenLoop;1.8514;2026-05-25 13:55:29.3386;Controllers;3;10;OpenXR
NULL;Right;NULL;NULL;Post;NULL;OppositeHandTrigger;NULL;NULL;NULL;NULL;NULL;NULL;NULL;NULL;NULL;NULL;None;anonymous;NULL;Trial Started;TaskEvent;Debug;3985;0e220dd9-09f7-4473-bcda-acf277e68b54;NULL;-0.0003;-0.0006;-0.0134;358.3448;3.5412;358.9274;NULL;NULL;NULL;NULL;NULL;NULL;NULL;NULL;NULL;-0.2759;-0.8243;0.1032;71.8494;329.3257;336.2146;-0.2724;-0.8183;0.0990;71.4700;331.4119;339.1986;1;NULL;-0.2724;-0.8183;0.0990;71.4700;331.4119;339.1986;ControllerBody;NULL;NULL;NULL;NULL;NULL;NULL;NULL;NULL;NULL;NULL;NULL;NULL;NULL;0.0001;0.0307;0.5389;352.1014;354.7228;1.2297;-0.0116;0.0362;0.5369;351.3192;353.0961;2.9872;0;NULL;-0.0116;0.0362;0.5369;351.3192;353.0961;2.9872;ControllerBody;NULL;c695270d-b11f-410e-bcd0-df2fe05129b0;NULL;NULL;;Controller;;Translation;OpenLoop;;Manual;NULL;NULL;0.0300;0.0000;0.0000;2.0000;OpenLoop;0.0000;2026-05-25 13:55:29.3417;Controllers;4;10;OpenXR
NULL;Right;NULL;NULL;Post;NULL;OppositeHandTrigger;NULL;NULL;NULL;NULL;NULL;NULL;NULL;NULL;NULL;NULL;None;anonymous;NULL;Trial Accepted;TaskEvent;Debug;4086;0e220dd9-09f7-4473-bcda-acf277e68b54;NULL;0.0028;-0.0010;-0.0091;359.0795;3.8749;358.3000;NULL;NULL;NULL;NULL;-0.1014;0.0000;2.0000;NULL;NULL;-0.2739;-0.8265;0.1035;72.1364;330.5324;335.3873;-0.2721;-0.8155;0.1084;71.2657;333.9832;338.9969;1;NULL;-0.2721;-0.8155;0.1084;71.2657;333.9832;338.9969;ControllerBody;NULL;NULL;NULL;NULL;NULL;NULL;NULL;NULL;NULL;NULL;NULL;NULL;NULL;0.0085;0.0195;0.5388;353.1288;355.6974;357.8617;0.0070;0.0230;0.5464;354.4272;355.5971;358.0177;0;NULL;0.0070;0.0230;0.5464;354.4272;355.5971;358.0177;ControllerBody;NULL;c695270d-b11f-410e-bcd0-df2fe05129b0;-10.1403;NULL;;Controller;;Translation;OpenLoop;;Manual;NULL;NULL;NULL;NULL;NULL;NULL;OpenLoop;1.7228;2026-05-25 13:55:31.0622;Controllers;4;10;OpenXR
NULL;Right;NULL;NULL;Post;NULL;OppositeHandTrigger;NULL;NULL;NULL;NULL;NULL;NULL;NULL;NULL;NULL;NULL;None;anonymous;NULL;Trial Started;TaskEvent;Debug;4086;0e220dd9-09f7-4473-bcda-acf277e68b54;NULL;0.0028;-0.0010;-0.0091;359.0795;3.8749;358.3000;NULL;NULL;NULL;NULL;NULL;NULL;NULL;NULL;NULL;-0.2739;-0.8265;0.1035;72.1364;330.5324;335.3873;-0.2721;-0.8155;0.1084;71.2657;333.9832;338.9969;1;NULL;-0.2721;-0.8155;0.1084;71.2657;333.9832;338.9969;ControllerBody;NULL;NULL;NULL;NULL;NULL;NULL;NULL;NULL;NULL;NULL;NULL;NULL;NULL;0.0085;0.0195;0.5388;353.1288;355.6974;357.8617;0.0070;0.0230;0.5464;354.4272;355.5971;358.0177;0;NULL;0.0070;0.0230;0.5464;354.4272;355.5971;358.0177;ControllerBody;NULL;c695270d-b11f-410e-bcd0-df2fe05129b0;NULL;NULL;;Controller;;Translation;OpenLoop;;Manual;NULL;NULL;0.0300;0.0000;0.0000;2.0000;OpenLoop;0.0000;2026-05-25 13:55:31.0637;Controllers;5;10;OpenXR
NULL;Right;NULL;NULL;Post;NULL;OppositeHandTrigger;NULL;NULL;NULL;NULL;NULL;NULL;NULL;NULL;NULL;NULL;None;anonymous;NULL;Trial Accepted;TaskEvent;Debug;4196;0e220dd9-09f7-4473-bcda-acf277e68b54;NULL;-0.0038;-0.0020;-0.0152;358.9252;4.8735;358.3149;NULL;NULL;NULL;NULL;-0.1955;0.0000;2.0000;NULL;NULL;-0.2740;-0.8201;0.1242;70.6823;338.0007;341.1919;-0.2705;-0.8079;0.1305;69.4141;343.6661;347.2505;1;NULL;-0.2705;-0.8079;0.1305;69.4141;343.6661;347.2505;ControllerBody;NULL;NULL;NULL;NULL;NULL;NULL;NULL;NULL;NULL;NULL;NULL;NULL;NULL;-0.0192;0.0232;0.5270;350.8468;353.1743;3.6588;-0.0275;0.0324;0.5242;349.9676;352.9430;6.3805;0;NULL;-0.0275;0.0324;0.5242;349.9676;352.9430;6.3805;ControllerBody;NULL;c695270d-b11f-410e-bcd0-df2fe05129b0;-19.5476;NULL;;Controller;;Translation;OpenLoop;;Manual;NULL;NULL;NULL;NULL;NULL;NULL;OpenLoop;1.8447;2026-05-25 13:55:32.9064;Controllers;5;10;OpenXR
NULL;Right;NULL;NULL;Post;NULL;OppositeHandTrigger;NULL;NULL;NULL;NULL;NULL;NULL;NULL;NULL;NULL;NULL;None;anonymous;NULL;Trial Started;TaskEvent;Debug;4196;0e220dd9-09f7-4473-bcda-acf277e68b54;NULL;-0.0038;-0.0020;-0.0152;358.9252;4.8735;358.3149;NULL;NULL;NULL;NULL;NULL;NULL;NULL;NULL;NULL;-0.2740;-0.8201;0.1242;70.6823;338.0007;341.1919;-0.2705;-0.8079;0.1305;69.4141;343.6661;347.2505;1;NULL;-0.2705;-0.8079;0.1305;69.4141;343.6661;347.2505;ControllerBody;NULL;NULL;NULL;NULL;NULL;NULL;NULL;NULL;NULL;NULL;NULL;NULL;NULL;-0.0192;0.0232;0.5270;350.8468;353.1743;3.6588;-0.0275;0.0324;0.5242;349.9676;352.9430;6.3805;0;NULL;-0.0275;0.0324;0.5242;349.9676;352.9430;6.3805;ControllerBody;NULL;c695270d-b11f-410e-bcd0-df2fe05129b0;NULL;NULL;;Controller;;Translation;OpenLoop;;Manual;NULL;NULL;0.0300;0.0000;0.0000;2.0000;OpenLoop;0.0000;2026-05-25 13:55:32.9080;Controllers;6;10;OpenXR
NULL;Right;NULL;NULL;Post;NULL;OppositeHandTrigger;NULL;NULL;NULL;NULL;NULL;NULL;NULL;NULL;NULL;NULL;None;anonymous;NULL;Trial Accepted;TaskEvent;Debug;4304;0e220dd9-09f7-4473-bcda-acf277e68b54;NULL;-0.0026;0.0007;-0.0126;357.7932;5.2332;358.9369;NULL;NULL;NULL;NULL;-0.2475;0.0000;2.0000;NULL;NULL;-0.2761;-0.8231;0.1168;71.4460;333.5201;336.6854;-0.2710;-0.8127;0.1167;70.1440;336.6144;340.3348;1;NULL;-0.2710;-0.8127;0.1167;70.1440;336.6144;340.3348;ControllerBody;NULL;NULL;NULL;NULL;NULL;NULL;NULL;NULL;NULL;NULL;NULL;NULL;NULL;-0.0240;0.0345;0.5256;347.5162;351.3819;2.9321;-0.0302;0.0416;0.5224;347.1392;350.0657;1.0871;0;NULL;-0.0302;0.0416;0.5224;347.1392;350.0657;1.0871;ControllerBody;NULL;c695270d-b11f-410e-bcd0-df2fe05129b0;-24.7463;NULL;;Controller;;Translation;OpenLoop;;Manual;NULL;NULL;NULL;NULL;NULL;NULL;OpenLoop;1.8177;2026-05-25 13:55:34.7256;Controllers;6;10;OpenXR
NULL;Right;NULL;NULL;Post;NULL;OppositeHandTrigger;NULL;NULL;NULL;NULL;NULL;NULL;NULL;NULL;NULL;NULL;None;anonymous;NULL;Trial Started;TaskEvent;Debug;4304;0e220dd9-09f7-4473-bcda-acf277e68b54;NULL;-0.0026;0.0007;-0.0126;357.7932;5.2332;358.9369;NULL;NULL;NULL;NULL;NULL;NULL;NULL;NULL;NULL;-0.2761;-0.8231;0.1168;71.4460;333.5201;336.6854;-0.2710;-0.8127;0.1167;70.1440;336.6144;340.3348;1;NULL;-0.2710;-0.8127;0.1167;70.1440;336.6144;340.3348;ControllerBody;NULL;NULL;NULL;NULL;NULL;NULL;NULL;NULL;NULL;NULL;NULL;NULL;NULL;-0.0240;0.0345;0.5256;347.5162;351.3819;2.9321;-0.0302;0.0416;0.5224;347.1392;350.0657;1.0871;0;NULL;-0.0302;0.0416;0.5224;347.1392;350.0657;1.0871;ControllerBody;NULL;c695270d-b11f-410e-bcd0-df2fe05129b0;NULL;NULL;;Controller;;Translation;OpenLoop;;Manual;NULL;NULL;0.0300;0.0000;0.0000;2.0000;OpenLoop;0.0000;2026-05-25 13:55:34.7287;Controllers;7;10;OpenXR
NULL;Right;NULL;NULL;Post;NULL;OppositeHandTrigger;NULL;NULL;NULL;NULL;NULL;NULL;NULL;NULL;NULL;NULL;None;anonymous;NULL;Trial Accepted;TaskEvent;Debug;4403;0e220dd9-09f7-4473-bcda-acf277e68b54;NULL;-0.0019;-0.0018;-0.0001;359.8801;5.4238;358.5752;NULL;NULL;NULL;NULL;-0.2810;0.0000;2.0000;NULL;NULL;-0.2726;-0.8264;0.1099;72.6424;332.5504;333.3170;-0.2697;-0.8149;0.1137;72.0841;337.9827;338.4443;1;NULL;-0.2697;-0.8149;0.1137;72.0841;337.9827;338.4443;ControllerBody;NULL;NULL;NULL;NULL;NULL;NULL;NULL;NULL;NULL;NULL;NULL;NULL;NULL;-0.0176;0.0251;0.5207;347.0188;349.9019;0.6217;-0.0155;0.0269;0.5301;348.2765;351.1610;358.4930;0;NULL;-0.0155;0.0269;0.5301;348.2765;351.1610;358.4930;ControllerBody;NULL;c695270d-b11f-410e-bcd0-df2fe05129b0;-28.1027;NULL;;Controller;;Translation;OpenLoop;;Manual;NULL;NULL;NULL;NULL;NULL;NULL;OpenLoop;1.6829;2026-05-25 13:55:36.4070;Controllers;7;10;OpenXR
NULL;Right;NULL;NULL;Post;NULL;OppositeHandTrigger;NULL;NULL;NULL;NULL;NULL;NULL;NULL;NULL;NULL;NULL;None;anonymous;NULL;Trial Started;TaskEvent;Debug;4403;0e220dd9-09f7-4473-bcda-acf277e68b54;NULL;-0.0019;-0.0018;-0.0001;359.8801;5.4238;358.5752;NULL;NULL;NULL;NULL;NULL;NULL;NULL;NULL;NULL;-0.2726;-0.8264;0.1099;72.6424;332.5504;333.3170;-0.2697;-0.8149;0.1137;72.0841;337.9827;338.4443;1;NULL;-0.2697;-0.8149;0.1137;72.0841;337.9827;338.4443;ControllerBody;NULL;NULL;NULL;NULL;NULL;NULL;NULL;NULL;NULL;NULL;NULL;NULL;NULL;-0.0176;0.0251;0.5207;347.0188;349.9019;0.6217;-0.0155;0.0269;0.5301;348.2765;351.1610;358.4930;0;NULL;-0.0155;0.0269;0.5301;348.2765;351.1610;358.4930;ControllerBody;NULL;c695270d-b11f-410e-bcd0-df2fe05129b0;NULL;NULL;;Controller;;Translation;OpenLoop;;Manual;NULL;NULL;0.0300;0.0000;0.0000;2.0000;OpenLoop;0.0000;2026-05-25 13:55:36.4090;Controllers;8;10;OpenXR
NULL;Right;NULL;NULL;Post;NULL;OppositeHandTrigger;NULL;NULL;NULL;NULL;NULL;NULL;NULL;NULL;NULL;NULL;None;anonymous;NULL;Trial Accepted;TaskEvent;Debug;4505;0e220dd9-09f7-4473-bcda-acf277e68b54;NULL;-0.0076;-0.0009;-0.0073;359.2335;6.1128;359.5802;NULL;NULL;NULL;NULL;-0.1910;0.0000;2.0000;NULL;NULL;-0.2719;-0.8266;0.1165;72.4352;333.2080;334.1454;-0.2668;-0.8193;0.1115;72.0935;337.1678;338.6708;1;NULL;-0.2668;-0.8193;0.1115;72.0935;337.1678;338.6708;ControllerBody;NULL;NULL;NULL;NULL;NULL;NULL;NULL;NULL;NULL;NULL;NULL;NULL;NULL;-0.0172;0.0414;0.5267;349.3685;353.2717;1.7326;-0.0199;0.0473;0.5250;348.9410;351.2152;2.8237;0;NULL;-0.0199;0.0473;0.5250;348.9410;351.2152;2.8237;ControllerBody;NULL;c695270d-b11f-410e-bcd0-df2fe05129b0;-19.1022;NULL;;Controller;;Translation;OpenLoop;;Manual;NULL;NULL;NULL;NULL;NULL;NULL;OpenLoop;1.7502;2026-05-25 13:55:38.1568;Controllers;8;10;OpenXR
NULL;Right;NULL;NULL;Post;NULL;OppositeHandTrigger;NULL;NULL;NULL;NULL;NULL;NULL;NULL;NULL;NULL;NULL;None;anonymous;NULL;Trial Started;TaskEvent;Debug;4505;0e220dd9-09f7-4473-bcda-acf277e68b54;NULL;-0.0076;-0.0009;-0.0073;359.2335;6.1128;359.5802;NULL;NULL;NULL;NULL;NULL;NULL;NULL;NULL;NULL;-0.2719;-0.8266;0.1165;72.4352;333.2080;334.1454;-0.2668;-0.8193;0.1115;72.0935;337.1678;338.6708;1;NULL;-0.2668;-0.8193;0.1115;72.0935;337.1678;338.6708;ControllerBody;NULL;NULL;NULL;NULL;NULL;NULL;NULL;NULL;NULL;NULL;NULL;NULL;NULL;-0.0172;0.0414;0.5267;349.3685;353.2717;1.7326;-0.0199;0.0473;0.5250;348.9410;351.2152;2.8237;0;NULL;-0.0199;0.0473;0.5250;348.9410;351.2152;2.8237;ControllerBody;NULL;c695270d-b11f-410e-bcd0-df2fe05129b0;NULL;NULL;;Controller;;Translation;OpenLoop;;Manual;NULL;NULL;0.0300;0.0000;0.0000;2.0000;OpenLoop;0.0000;2026-05-25 13:55:38.1599;Controllers;9;10;OpenXR
NULL;Right;NULL;NULL;Post;NULL;OppositeHandTrigger;NULL;NULL;NULL;NULL;NULL;NULL;NULL;NULL;NULL;NULL;None;anonymous;NULL;Trial Accepted;TaskEvent;Debug;4599;0e220dd9-09f7-4473-bcda-acf277e68b54;NULL;-0.0002;0.0017;-0.0096;357.7816;6.6713;357.7098;NULL;NULL;NULL;NULL;-0.1259;0.0000;2.0000;NULL;NULL;-0.2682;-0.8313;0.1049;72.9164;332.2788;333.1994;-0.2697;-0.8228;0.1074;71.8515;334.7054;336.5340;1;NULL;-0.2697;-0.8228;0.1074;71.8515;334.7054;336.5340;ControllerBody;NULL;NULL;NULL;NULL;NULL;NULL;NULL;NULL;NULL;NULL;NULL;NULL;NULL;-0.0016;0.0238;0.5201;343.3420;355.1960;6.0347;-0.0028;0.0341;0.5298;344.8231;354.8451;3.9149;0;NULL;-0.0028;0.0341;0.5298;344.8231;354.8451;3.9149;ControllerBody;NULL;c695270d-b11f-410e-bcd0-df2fe05129b0;-12.5942;NULL;;Controller;;Translation;OpenLoop;;Manual;NULL;NULL;NULL;NULL;NULL;NULL;OpenLoop;1.5992;2026-05-25 13:55:39.7562;Controllers;9;10;OpenXR
NULL;Right;NULL;NULL;Post;NULL;OppositeHandTrigger;NULL;NULL;NULL;NULL;NULL;NULL;NULL;NULL;NULL;NULL;None;anonymous;NULL;Trial Started;TaskEvent;Debug;4599;0e220dd9-09f7-4473-bcda-acf277e68b54;NULL;-0.0002;0.0017;-0.0096;357.7816;6.6713;357.7098;NULL;NULL;NULL;NULL;NULL;NULL;NULL;NULL;NULL;-0.2682;-0.8313;0.1049;72.9164;332.2788;333.1994;-0.2697;-0.8228;0.1074;71.8515;334.7054;336.5340;1;NULL;-0.2697;-0.8228;0.1074;71.8515;334.7054;336.5340;ControllerBody;NULL;NULL;NULL;NULL;NULL;NULL;NULL;NULL;NULL;NULL;NULL;NULL;NULL;-0.0016;0.0238;0.5201;343.3420;355.1960;6.0347;-0.0028;0.0341;0.5298;344.8231;354.8451;3.9149;0;NULL;-0.0028;0.0341;0.5298;344.8231;354.8451;3.9149;ControllerBody;NULL;c695270d-b11f-410e-bcd0-df2fe05129b0;NULL;NULL;;Controller;;Translation;OpenLoop;;Manual;NULL;NULL;0.0300;0.0000;0.0000;2.0000;OpenLoop;0.0000;2026-05-25 13:55:39.7592;Controllers;10;10;OpenXR
NULL;Right;NULL;NULL;Post;NULL;OppositeHandTrigger;NULL;NULL;NULL;NULL;NULL;NULL;NULL;NULL;NULL;NULL;None;anonymous;NULL;Trial Accepted;TaskEvent;Debug;4703;0e220dd9-09f7-4473-bcda-acf277e68b54;NULL;0.0022;-0.0020;-0.0031;0.1413;8.8690;357.3619;NULL;NULL;NULL;NULL;-0.2016;0.0000;2.0000;NULL;NULL;-0.2676;-0.8268;0.1149;72.7691;333.0821;332.3165;-0.2656;-0.8161;0.1205;71.3398;335.5786;335.3941;1;NULL;-0.2656;-0.8161;0.1205;71.3398;335.5786;335.3941;ControllerBody;NULL;NULL;NULL;NULL;NULL;NULL;NULL;NULL;NULL;NULL;NULL;NULL;NULL;-0.0123;0.0288;0.5284;349.8526;352.6702;2.7583;-0.0169;0.0304;0.5346;351.1040;351.8069;0.6465;0;NULL;-0.0169;0.0304;0.5346;351.1040;351.8069;0.6465;ControllerBody;NULL;c695270d-b11f-410e-bcd0-df2fe05129b0;-20.1623;NULL;;Controller;;Translation;OpenLoop;;Manual;NULL;NULL;NULL;NULL;NULL;NULL;OpenLoop;1.7832;2026-05-25 13:55:41.5404;Controllers;10;10;OpenXR
NULL;Right;-9.8271;NULL;Post;NULL;OppositeHandTrigger;NULL;NULL;NULL;NULL;NULL;NULL;NULL;NULL;NULL;NULL;None;anonymous;NULL;Block Completed;BlockEvent;Debug;4703;0e220dd9-09f7-4473-bcda-acf277e68b54;NULL;0.0022;-0.0020;-0.0031;0.1413;8.8690;357.3619;NULL;NULL;NULL;NULL;NULL;NULL;NULL;NULL;NULL;-0.2676;-0.8268;0.1149;72.7691;333.0821;332.3165;-0.2656;-0.8161;0.1205;71.3398;335.5786;335.3941;1;NULL;-0.2656;-0.8161;0.1205;71.3398;335.5786;335.3941;ControllerBody;NULL;NULL;NULL;-20.5923;NULL;NULL;NULL;NULL;NULL;NULL;NULL;NULL;NULL;-0.0123;0.0288;0.5284;349.8526;352.6702;2.7583;-0.0169;0.0304;0.5346;351.1040;351.8069;0.6465;0;NULL;-0.0169;0.0304;0.5346;351.1040;351.8069;0.6465;ControllerBody;7.0446;c695270d-b11f-410e-bcd0-df2fe05129b0;NULL;NULL;;Controller;;Translation;OpenLoop;;Manual;NULL;NULL;NULL;NULL;NULL;NULL;OpenLoop;0.0000;2026-05-25 13:55:41.5441;Controllers;NULL;10;OpenXR
NULL;Right;NULL;NULL;Post;NULL;OppositeHandTrigger;NULL;NULL;NULL;NULL;NULL;NULL;NULL;NULL;NULL;NULL;None;anonymous;NULL;Game Finished;GameEvent;Debug;4703;0e220dd9-09f7-4473-bcda-acf277e68b54;NULL;0.0022;-0.0020;-0.0031;0.1413;8.8690;357.3619;NULL;NULL;NULL;NULL;NULL;NULL;NULL;NULL;NULL;-0.2676;-0.8268;0.1149;72.7691;333.0821;332.3165;-0.2656;-0.8161;0.1205;71.3398;335.5786;335.3941;1;NULL;-0.2656;-0.8161;0.1205;71.3398;335.5786;335.3941;ControllerBody;NULL;NULL;NULL;NULL;NULL;NULL;NULL;NULL;NULL;NULL;NULL;NULL;NULL;-0.0123;0.0288;0.5284;349.8526;352.6702;2.7583;-0.0169;0.0304;0.5346;351.1040;351.8069;0.6465;0;NULL;-0.0169;0.0304;0.5346;351.1040;351.8069;0.6465;ControllerBody;NULL;c695270d-b11f-410e-bcd0-df2fe05129b0;NULL;NULL;;Controller;;Translation;OpenLoop;;Manual;NULL;NULL;NULL;NULL;NULL;NULL;OpenLoop;0.0000;2026-05-25 13:55:41.5477;Controllers;NULL;NULL;OpenXR
NULL;Right;NULL;NULL;Post;NULL;OppositeHandTrigger;NULL;NULL;NULL;NULL;NULL;NULL;NULL;NULL;NULL;NULL;None;anonymous;NULL;Experiment Completed;GameEvent;Debug;4703;0e220dd9-09f7-4473-bcda-acf277e68b54;NULL;0.0022;-0.0020;-0.0031;0.1413;8.8690;357.3619;NULL;NULL;NULL;NULL;NULL;NULL;NULL;NULL;NULL;-0.2676;-0.8268;0.1149;72.7691;333.0821;332.3165;-0.2656;-0.8161;0.1205;71.3398;335.5786;335.3941;1;NULL;-0.2656;-0.8161;0.1205;71.3398;335.5786;335.3941;ControllerBody;NULL;NULL;NULL;NULL;NULL;NULL;NULL;NULL;NULL;NULL;NULL;NULL;NULL;-0.0123;0.0288;0.5284;349.8526;352.6702;2.7583;-0.0169;0.0304;0.5346;351.1040;351.8069;0.6465;0;NULL;-0.0169;0.0304;0.5346;351.1040;351.8069;0.6465;ControllerBody;NULL;c695270d-b11f-410e-bcd0-df2fe05129b0;NULL;NULL;;Controller;;Translation;OpenLoop;;Manual;NULL;NULL;NULL;NULL;NULL;NULL;OpenLoop;0.0000;2026-05-25 13:55:41.5492;Controllers;NULL;NULL;OpenXR
