Accuracy01;ActiveHand;AfterEffectCm;AttemptIndex;BlockType;ChoiceSide;CurrentMoleToHitId;CurrentMoleToHitIndexX;CurrentMoleToHitIndexY;CurrentMoleToHitPositionLocalX;CurrentMoleToHitPositionLocalY;CurrentMoleToHitPositionLocalZ;CurrentMoleToHitPositionWorldX;CurrentMoleToHitPositionWorldY;CurrentMoleToHitPositionWorldZ;DeltaAccuracyPct;EffectMode;Email;ErrorCm;Event;EventType;Framecount;GameId;GapMeters;HeadCameraPosWorldX;HeadCameraPosWorldY;HeadCameraPosWorldZ;HeadCameraRotEulerX;HeadCameraRotEulerY;HeadCameraRotEulerZ;HitDistanceMeters;HitPositionWorldX;HitPositionWorldY;HitPositionWorldZ;HitWorldX;HitWorldY;HitWorldZ;IsCorrect;IsHit;LeftControllerLaserPosWorldX;LeftControllerLaserPosWorldY;LeftControllerLaserPosWorldZ;LeftControllerLaserRotEulerX;LeftControllerLaserRotEulerY;LeftControllerLaserRotEulerZ;LeftControllerPosWorldX;LeftControllerPosWorldY;LeftControllerPosWorldZ;LeftControllerRotEulerX;LeftControllerRotEulerY;LeftControllerRotEulerZ;LeftControllerTrigger;LeftLengthMeters;LineLengthMeters;LineZMeters;LongerSide;MeanCm;MoleId;MoleIndexX;MoleIndexY;MolePositionLocalX;MolePositionLocalY;MolePositionLocalZ;MolePositionWorldX;MolePositionWorldY;MolePositionWorldZ;RightControllerLaserPosWorldX;RightControllerLaserPosWorldY;RightControllerLaserPosWorldZ;RightControllerLaserRotEulerX;RightControllerLaserRotEulerY;RightControllerLaserRotEulerZ;RightControllerPosWorldX;RightControllerPosWorldY;RightControllerPosWorldZ;RightControllerRotEulerX;RightControllerRotEulerY;RightControllerRotEulerZ;RightControllerTrigger;RightLengthMeters;SdCm;SessionID;SignedOffsetCm;SourceTaskMode;SuccessCount;TargetIndex;TargetWorldX;TargetWorldY;TargetWorldZ;TaskMode;TimeSinceLastEvent;Timestamp;TrackingMode;TrialIndex;TrialsPerBlock;XRBackend
NULL;Right;NULL;NULL;Baseline;NULL;NULL;NULL;NULL;NULL;NULL;NULL;NULL;NULL;NULL;NULL;None;anonymous;NULL;Game Started;GameEvent;1;695fba01-0698-4a37-a2d3-5d6f4dc1673b;NULL;0.0000;0.3614;0.0000;0.0000;0.0000;0.0000;NULL;NULL;NULL;NULL;NULL;NULL;NULL;NULL;NULL;;;;;;;;;;;;;0;NULL;NULL;NULL;NULL;NULL;NULL;NULL;NULL;NULL;NULL;NULL;NULL;NULL;NULL;;;;;;;;;;;;;0;NULL;NULL;a7e82b4e-7af0-436f-bdb3-cb761c29dc67;NULL;NULL;NULL;NULL;NULL;NULL;NULL;OpenLoop;0.0000;2026-03-23 13:59:34.5861;Hands;NULL;NULL;OpenXR
NULL;Right;NULL;NULL;Baseline;NULL;NULL;NULL;NULL;NULL;NULL;NULL;NULL;NULL;NULL;NULL;None;anonymous;NULL;Block Started;BlockEvent;1;695fba01-0698-4a37-a2d3-5d6f4dc1673b;NULL;0.0000;0.3614;0.0000;0.0000;0.0000;0.0000;NULL;NULL;NULL;NULL;NULL;NULL;NULL;NULL;NULL;;;;;;;;;;;;;0;NULL;NULL;NULL;NULL;NULL;NULL;NULL;NULL;NULL;NULL;NULL;NULL;NULL;NULL;;;;;;;;;;;;;0;NULL;NULL;a7e82b4e-7af0-436f-bdb3-cb761c29dc67;NULL;NULL;NULL;NULL;NULL;NULL;NULL;OpenLoop;0.0000;2026-03-23 13:59:34.6061;Hands;NULL;30;OpenXR
NULL;Right;NULL;NULL;Baseline;NULL;NULL;NULL;NULL;NULL;NULL;NULL;NULL;NULL;NULL;NULL;None;anonymous;NULL;Trial Accepted;TaskEvent;1353;695fba01-0698-4a37-a2d3-5d6f4dc1673b;NULL;-0.0532;0.0001;-0.0172;355.8873;0.3485;0.7832;NULL;0.0233;0.0000;2.0000;0.0233;0.0000;2.0000;NULL;NULL;;;;;;;;;;;;;0;NULL;NULL;NULL;NULL;NULL;NULL;NULL;NULL;NULL;NULL;NULL;NULL;NULL;NULL;;;;;;;;;;;;;0;NULL;NULL;a7e82b4e-7af0-436f-bdb3-cb761c29dc67;2.3266;NULL;NULL;NULL;NULL;NULL;NULL;OpenLoop;11.4836;2026-03-23 13:59:46.0897;Hands;1;30;OpenXR
NULL;Right;NULL;NULL;Baseline;NULL;NULL;NULL;NULL;NULL;NULL;NULL;NULL;NULL;NULL;NULL;None;anonymous;NULL;Trial Accepted;TaskEvent;1695;695fba01-0698-4a37-a2d3-5d6f4dc1673b;NULL;-0.0542;-0.0001;-0.0182;355.8714;359.4594;0.8326;NULL;-0.0224;0.0000;2.0000;-0.0224;0.0000;2.0000;NULL;NULL;;;;;;;;;;;;;0;NULL;NULL;NULL;NULL;NULL;NULL;NULL;NULL;NULL;NULL;NULL;NULL;NULL;NULL;;;;;;;;;;;;;0;NULL;NULL;a7e82b4e-7af0-436f-bdb3-cb761c29dc67;-2.2435;NULL;NULL;NULL;NULL;NULL;NULL;OpenLoop;2.8494;2026-03-23 13:59:48.9391;Hands;2;30;OpenXR
NULL;Right;NULL;NULL;Baseline;NULL;NULL;NULL;NULL;NULL;NULL;NULL;NULL;NULL;NULL;NULL;None;anonymous;NULL;Trial Accepted;TaskEvent;2041;695fba01-0698-4a37-a2d3-5d6f4dc1673b;NULL;-0.0531;-0.0030;-0.0176;358.4167;357.9905;0.5976;NULL;-0.0544;0.0000;2.0000;-0.0544;0.0000;2.0000;NULL;NULL;;;;;;;;;;;;;0;NULL;NULL;NULL;NULL;NULL;NULL;NULL;NULL;NULL;NULL;NULL;NULL;NULL;NULL;;;;;;;;;;;;;0;NULL;NULL;a7e82b4e-7af0-436f-bdb3-cb761c29dc67;-5.4411;NULL;NULL;NULL;NULL;NULL;NULL;OpenLoop;2.8827;2026-03-23 13:59:51.8218;Hands;3;30;OpenXR
NULL;Right;NULL;NULL;Baseline;NULL;NULL;NULL;NULL;NULL;NULL;NULL;NULL;NULL;NULL;NULL;None;anonymous;NULL;Trial Accepted;TaskEvent;2397;695fba01-0698-4a37-a2d3-5d6f4dc1673b;NULL;-0.0535;-0.0021;-0.0196;356.9679;359.4319;0.7647;NULL;0.0262;0.0000;2.0000;0.0262;0.0000;2.0000;NULL;NULL;;;;;;;;;;;;;0;NULL;NULL;NULL;NULL;NULL;NULL;NULL;NULL;NULL;NULL;NULL;NULL;NULL;NULL;;;;;;;;;;;;;0;NULL;NULL;a7e82b4e-7af0-436f-bdb3-cb761c29dc67;2.6181;NULL;NULL;NULL;NULL;NULL;NULL;OpenLoop;2.9659;2026-03-23 13:59:54.7877;Hands;4;30;OpenXR
NULL;Right;NULL;NULL;Baseline;NULL;NULL;NULL;NULL;NULL;NULL;NULL;NULL;NULL;NULL;NULL;None;anonymous;NULL;Trial Accepted;TaskEvent;2733;695fba01-0698-4a37-a2d3-5d6f4dc1673b;NULL;-0.0501;-0.0021;-0.0210;356.5775;359.8806;0.1162;NULL;-0.0718;0.0000;2.0000;-0.0718;0.0000;2.0000;NULL;NULL;;;;;;;;;;;;;0;NULL;NULL;NULL;NULL;NULL;NULL;NULL;NULL;NULL;NULL;NULL;NULL;NULL;NULL;;;;;;;;;;;;;0;NULL;NULL;a7e82b4e-7af0-436f-bdb3-cb761c29dc67;-7.1770;NULL;NULL;NULL;NULL;NULL;NULL;OpenLoop;2.7995;2026-03-23 13:59:57.5872;Hands;5;30;OpenXR
NULL;Right;NULL;NULL;Baseline;NULL;NULL;NULL;NULL;NULL;NULL;NULL;NULL;NULL;NULL;NULL;None;anonymous;NULL;Trial Accepted;TaskEvent;3074;695fba01-0698-4a37-a2d3-5d6f4dc1673b;NULL;-0.0490;-0.0013;-0.0206;355.8210;0.2115;359.7901;NULL;0.0608;0.0000;2.0000;0.0608;0.0000;2.0000;NULL;NULL;;;;;;;;;;;;;0;NULL;NULL;NULL;NULL;NULL;NULL;NULL;NULL;NULL;NULL;NULL;NULL;NULL;NULL;;;;;;;;;;;;;0;NULL;NULL;a7e82b4e-7af0-436f-bdb3-cb761c29dc67;6.0812;NULL;NULL;NULL;NULL;NULL;NULL;OpenLoop;2.8405;2026-03-23 14:00:00.4277;Hands;6;30;OpenXR
NULL;Right;NULL;NULL;Baseline;NULL;NULL;NULL;NULL;NULL;NULL;NULL;NULL;NULL;NULL;NULL;None;anonymous;NULL;Trial Accepted;TaskEvent;3429;695fba01-0698-4a37-a2d3-5d6f4dc1673b;NULL;-0.0481;-0.0013;-0.0195;355.7786;0.3891;359.5581;NULL;0.0029;0.0000;2.0000;0.0029;0.0000;2.0000;NULL;NULL;;;;;;;;;;;;;0;NULL;NULL;NULL;NULL;NULL;NULL;NULL;NULL;NULL;NULL;NULL;NULL;NULL;NULL;;;;;;;;;;;;;0;NULL;NULL;a7e82b4e-7af0-436f-bdb3-cb761c29dc67;0.2942;NULL;NULL;NULL;NULL;NULL;NULL;OpenLoop;2.9576;2026-03-23 14:00:03.3853;Hands;7;30;OpenXR
NULL;Right;NULL;NULL;Baseline;NULL;NULL;NULL;NULL;NULL;NULL;NULL;NULL;NULL;NULL;NULL;None;anonymous;NULL;Trial Accepted;TaskEvent;3775;695fba01-0698-4a37-a2d3-5d6f4dc1673b;NULL;-0.0458;-0.0003;-0.0246;354.7341;0.7155;359.1446;NULL;0.0865;0.0000;2.0000;0.0865;0.0000;2.0000;NULL;NULL;;;;;;;;;;;;;0;NULL;NULL;NULL;NULL;NULL;NULL;NULL;NULL;NULL;NULL;NULL;NULL;NULL;NULL;;;;;;;;;;;;;0;NULL;NULL;a7e82b4e-7af0-436f-bdb3-cb761c29dc67;8.6512;NULL;NULL;NULL;NULL;NULL;NULL;OpenLoop;2.8831;2026-03-23 14:00:06.2684;Hands;8;30;OpenXR
NULL;Right;NULL;NULL;Baseline;NULL;NULL;NULL;NULL;NULL;NULL;NULL;NULL;NULL;NULL;NULL;None;anonymous;NULL;Trial Accepted;TaskEvent;4126;695fba01-0698-4a37-a2d3-5d6f4dc1673b;NULL;-0.0464;-0.0013;-0.0239;355.2200;0.7770;359.4331;NULL;0.0680;0.0000;2.0000;0.0680;0.0000;2.0000;NULL;NULL;;;;;;;;;;;;;0;NULL;NULL;NULL;NULL;NULL;NULL;NULL;NULL;NULL;NULL;NULL;NULL;NULL;NULL;;;;;;;;;;;;;0;NULL;NULL;a7e82b4e-7af0-436f-bdb3-cb761c29dc67;6.7998;NULL;NULL;NULL;NULL;NULL;NULL;OpenLoop;2.9237;2026-03-23 14:00:09.1921;Hands;9;30;OpenXR
NULL;Right;NULL;NULL;Baseline;NULL;NULL;NULL;NULL;NULL;NULL;NULL;NULL;NULL;NULL;NULL;None;anonymous;NULL;Trial Accepted;TaskEvent;4428;695fba01-0698-4a37-a2d3-5d6f4dc1673b;NULL;-0.0463;-0.0008;-0.0228;354.9599;0.6177;359.3460;NULL;0.0040;0.0000;2.0000;0.0040;0.0000;2.0000;NULL;NULL;;;;;;;;;;;;;0;NULL;NULL;NULL;NULL;NULL;NULL;NULL;NULL;NULL;NULL;NULL;NULL;NULL;NULL;;;;;;;;;;;;;0;NULL;NULL;a7e82b4e-7af0-436f-bdb3-cb761c29dc67;0.3982;NULL;NULL;NULL;NULL;NULL;NULL;OpenLoop;2.5160;2026-03-23 14:00:11.7081;Hands;10;30;OpenXR
NULL;Right;NULL;NULL;Baseline;NULL;NULL;NULL;NULL;NULL;NULL;NULL;NULL;NULL;NULL;NULL;None;anonymous;NULL;Trial Accepted;TaskEvent;4759;695fba01-0698-4a37-a2d3-5d6f4dc1673b;NULL;-0.0471;-0.0011;-0.0224;355.1117;0.5498;359.6598;NULL;0.0575;0.0000;2.0000;0.0575;0.0000;2.0000;NULL;NULL;;;;;;;;;;;;;0;NULL;NULL;NULL;NULL;NULL;NULL;NULL;NULL;NULL;NULL;NULL;NULL;NULL;NULL;;;;;;;;;;;;;0;NULL;NULL;a7e82b4e-7af0-436f-bdb3-cb761c29dc67;5.7472;NULL;NULL;NULL;NULL;NULL;NULL;OpenLoop;2.7576;2026-03-23 14:00:14.4657;Hands;11;30;OpenXR
NULL;Right;NULL;NULL;Baseline;NULL;NULL;NULL;NULL;NULL;NULL;NULL;NULL;NULL;NULL;NULL;None;anonymous;NULL;Trial Accepted;TaskEvent;5067;695fba01-0698-4a37-a2d3-5d6f4dc1673b;NULL;-0.0463;-0.0013;-0.0221;355.1689;0.6706;359.5020;NULL;-0.0102;0.0000;2.0000;-0.0102;0.0000;2.0000;NULL;NULL;;;;;;;;;;;;;0;NULL;NULL;NULL;NULL;NULL;NULL;NULL;NULL;NULL;NULL;NULL;NULL;NULL;NULL;;;;;;;;;;;;;0;NULL;NULL;a7e82b4e-7af0-436f-bdb3-cb761c29dc67;-1.0216;NULL;NULL;NULL;NULL;NULL;NULL;OpenLoop;2.5661;2026-03-23 14:00:17.0318;Hands;12;30;OpenXR
NULL;Right;NULL;NULL;Baseline;NULL;NULL;NULL;NULL;NULL;NULL;NULL;NULL;NULL;NULL;NULL;None;anonymous;NULL;Trial Accepted;TaskEvent;5396;695fba01-0698-4a37-a2d3-5d6f4dc1673b;NULL;-0.0461;-0.0012;-0.0224;354.9029;0.6145;359.5777;NULL;-0.0144;0.0000;2.0000;-0.0144;0.0000;2.0000;NULL;NULL;;;;;;;;;;;;;0;NULL;NULL;NULL;NULL;NULL;NULL;NULL;NULL;NULL;NULL;NULL;NULL;NULL;NULL;;;;;;;;;;;;;0;NULL;NULL;a7e82b4e-7af0-436f-bdb3-cb761c29dc67;-1.4400;NULL;NULL;NULL;NULL;NULL;NULL;OpenLoop;2.7410;2026-03-23 14:00:19.7728;Hands;13;30;OpenXR
NULL;Right;NULL;NULL;Baseline;NULL;NULL;NULL;NULL;NULL;NULL;NULL;NULL;NULL;NULL;NULL;None;anonymous;NULL;Trial Accepted;TaskEvent;5734;695fba01-0698-4a37-a2d3-5d6f4dc1673b;NULL;-0.0479;-0.0008;-0.0210;355.0103;0.5103;0.0907;NULL;-0.0398;0.0000;2.0000;-0.0398;0.0000;2.0000;NULL;NULL;;;;;;;;;;;;;0;NULL;NULL;NULL;NULL;NULL;NULL;NULL;NULL;NULL;NULL;NULL;NULL;NULL;NULL;;;;;;;;;;;;;0;NULL;NULL;a7e82b4e-7af0-436f-bdb3-cb761c29dc67;-3.9783;NULL;NULL;NULL;NULL;NULL;NULL;OpenLoop;2.8158;2026-03-23 14:00:22.5886;Hands;14;30;OpenXR
NULL;Right;NULL;NULL;Baseline;NULL;NULL;NULL;NULL;NULL;NULL;NULL;NULL;NULL;NULL;NULL;None;anonymous;NULL;Trial Accepted;TaskEvent;6049;695fba01-0698-4a37-a2d3-5d6f4dc1673b;NULL;-0.0471;-0.0002;-0.0197;354.6067;0.0225;359.4748;NULL;0.0323;0.0000;2.0000;0.0323;0.0000;2.0000;NULL;NULL;;;;;;;;;;;;;0;NULL;NULL;NULL;NULL;NULL;NULL;NULL;NULL;NULL;NULL;NULL;NULL;NULL;NULL;;;;;;;;;;;;;0;NULL;NULL;a7e82b4e-7af0-436f-bdb3-cb761c29dc67;3.2318;NULL;NULL;NULL;NULL;NULL;NULL;OpenLoop;2.6244;2026-03-23 14:00:25.2130;Hands;15;30;OpenXR
NULL;Right;NULL;NULL;Baseline;NULL;NULL;NULL;NULL;NULL;NULL;NULL;NULL;NULL;NULL;NULL;None;anonymous;NULL;Trial Accepted;TaskEvent;6377;695fba01-0698-4a37-a2d3-5d6f4dc1673b;NULL;-0.0479;0.0011;-0.0231;353.4023;0.9810;0.0164;NULL;-0.0020;0.0000;2.0000;-0.0020;0.0000;2.0000;NULL;NULL;;;;;;;;;;;;;0;NULL;NULL;NULL;NULL;NULL;NULL;NULL;NULL;NULL;NULL;NULL;NULL;NULL;NULL;;;;;;;;;;;;;0;NULL;NULL;a7e82b4e-7af0-436f-bdb3-cb761c29dc67;-0.1970;NULL;NULL;NULL;NULL;NULL;NULL;OpenLoop;2.7328;2026-03-23 14:00:27.9458;Hands;16;30;OpenXR
NULL;Right;NULL;NULL;Baseline;NULL;NULL;NULL;NULL;NULL;NULL;NULL;NULL;NULL;NULL;NULL;None;anonymous;NULL;Trial Accepted;TaskEvent;6692;695fba01-0698-4a37-a2d3-5d6f4dc1673b;NULL;-0.0491;0.0002;-0.0226;353.8130;359.8898;359.6880;NULL;-0.0304;0.0000;2.0000;-0.0304;0.0000;2.0000;NULL;NULL;;;;;;;;;;;;;0;NULL;NULL;NULL;NULL;NULL;NULL;NULL;NULL;NULL;NULL;NULL;NULL;NULL;NULL;;;;;;;;;;;;;0;NULL;NULL;a7e82b4e-7af0-436f-bdb3-cb761c29dc67;-3.0366;NULL;NULL;NULL;NULL;NULL;NULL;OpenLoop;2.6242;2026-03-23 14:00:30.5700;Hands;17;30;OpenXR
NULL;Right;NULL;NULL;Baseline;NULL;NULL;NULL;NULL;NULL;NULL;NULL;NULL;NULL;NULL;NULL;None;anonymous;NULL;Trial Accepted;TaskEvent;7016;695fba01-0698-4a37-a2d3-5d6f4dc1673b;NULL;-0.0494;-0.0012;-0.0213;355.0049;359.1723;0.0991;NULL;-0.0067;0.0000;2.0000;-0.0067;0.0000;2.0000;NULL;NULL;;;;;;;;;;;;;0;NULL;NULL;NULL;NULL;NULL;NULL;NULL;NULL;NULL;NULL;NULL;NULL;NULL;NULL;;;;;;;;;;;;;0;NULL;NULL;a7e82b4e-7af0-436f-bdb3-cb761c29dc67;-0.6718;NULL;NULL;NULL;NULL;NULL;NULL;OpenLoop;2.6992;2026-03-23 14:00:33.2692;Hands;18;30;OpenXR
NULL;Right;NULL;NULL;Baseline;NULL;NULL;NULL;NULL;NULL;NULL;NULL;NULL;NULL;NULL;NULL;None;anonymous;NULL;Trial Accepted;TaskEvent;7351;695fba01-0698-4a37-a2d3-5d6f4dc1673b;NULL;-0.0508;-0.0019;-0.0149;355.9987;359.8458;0.6142;NULL;0.0010;0.0000;2.0000;0.0010;0.0000;2.0000;NULL;NULL;;;;;;;;;;;;;0;NULL;NULL;NULL;NULL;NULL;NULL;NULL;NULL;NULL;NULL;NULL;NULL;NULL;NULL;;;;;;;;;;;;;0;NULL;NULL;a7e82b4e-7af0-436f-bdb3-cb761c29dc67;0.0988;NULL;NULL;NULL;NULL;NULL;NULL;OpenLoop;2.7910;2026-03-23 14:00:36.0602;Hands;19;30;OpenXR
NULL;Right;NULL;NULL;Baseline;NULL;NULL;NULL;NULL;NULL;NULL;NULL;NULL;NULL;NULL;NULL;None;anonymous;NULL;Trial Accepted;TaskEvent;7663;695fba01-0698-4a37-a2d3-5d6f4dc1673b;NULL;-0.0525;-0.0011;-0.0160;355.4875;0.3261;0.3553;NULL;-0.0204;0.0000;2.0000;-0.0204;0.0000;2.0000;NULL;NULL;;;;;;;;;;;;;0;NULL;NULL;NULL;NULL;NULL;NULL;NULL;NULL;NULL;NULL;NULL;NULL;NULL;NULL;;;;;;;;;;;;;0;NULL;NULL;a7e82b4e-7af0-436f-bdb3-cb761c29dc67;-2.0395;NULL;NULL;NULL;NULL;NULL;NULL;OpenLoop;2.5991;2026-03-23 14:00:38.6593;Hands;20;30;OpenXR
NULL;Right;NULL;NULL;Baseline;NULL;NULL;NULL;NULL;NULL;NULL;NULL;NULL;NULL;NULL;NULL;None;anonymous;NULL;Trial Accepted;TaskEvent;7990;695fba01-0698-4a37-a2d3-5d6f4dc1673b;NULL;-0.0529;-0.0013;-0.0157;355.1446;359.8822;0.8592;NULL;0.0030;0.0000;2.0000;0.0030;0.0000;2.0000;NULL;NULL;;;;;;;;;;;;;0;NULL;NULL;NULL;NULL;NULL;NULL;NULL;NULL;NULL;NULL;NULL;NULL;NULL;NULL;;;;;;;;;;;;;0;NULL;NULL;a7e82b4e-7af0-436f-bdb3-cb761c29dc67;0.2981;NULL;NULL;NULL;NULL;NULL;NULL;OpenLoop;2.7248;2026-03-23 14:00:41.3841;Hands;21;30;OpenXR
NULL;Right;NULL;NULL;Baseline;NULL;NULL;NULL;NULL;NULL;NULL;NULL;NULL;NULL;NULL;NULL;None;anonymous;NULL;Trial Accepted;TaskEvent;8326;695fba01-0698-4a37-a2d3-5d6f4dc1673b;NULL;-0.0548;-0.0008;-0.0150;355.3468;359.3699;0.9777;NULL;-0.0240;0.0000;2.0000;-0.0240;0.0000;2.0000;NULL;NULL;;;;;;;;;;;;;0;NULL;NULL;NULL;NULL;NULL;NULL;NULL;NULL;NULL;NULL;NULL;NULL;NULL;NULL;;;;;;;;;;;;;0;NULL;NULL;a7e82b4e-7af0-436f-bdb3-cb761c29dc67;-2.4010;NULL;NULL;NULL;NULL;NULL;NULL;OpenLoop;2.7992;2026-03-23 14:00:44.1833;Hands;22;30;OpenXR
NULL;Right;NULL;NULL;Baseline;NULL;NULL;NULL;NULL;NULL;NULL;NULL;NULL;NULL;NULL;NULL;None;anonymous;NULL;Trial Accepted;TaskEvent;8637;695fba01-0698-4a37-a2d3-5d6f4dc1673b;NULL;-0.0561;-0.0007;-0.0159;355.1443;359.4821;1.1275;NULL;-0.0270;0.0000;2.0000;-0.0270;0.0000;2.0000;NULL;NULL;;;;;;;;;;;;;0;NULL;NULL;NULL;NULL;NULL;NULL;NULL;NULL;NULL;NULL;NULL;NULL;NULL;NULL;;;;;;;;;;;;;0;NULL;NULL;a7e82b4e-7af0-436f-bdb3-cb761c29dc67;-2.7029;NULL;NULL;NULL;NULL;NULL;NULL;OpenLoop;2.5907;2026-03-23 14:00:46.7740;Hands;23;30;OpenXR
NULL;Right;NULL;NULL;Baseline;NULL;NULL;NULL;NULL;NULL;NULL;NULL;NULL;NULL;NULL;NULL;None;anonymous;NULL;Trial Accepted;TaskEvent;8946;695fba01-0698-4a37-a2d3-5d6f4dc1673b;NULL;-0.0550;-0.0009;-0.0172;355.0277;359.2452;1.0117;NULL;0.0095;0.0000;2.0000;0.0095;0.0000;2.0000;NULL;NULL;;;;;;;;;;;;;0;NULL;NULL;NULL;NULL;NULL;NULL;NULL;NULL;NULL;NULL;NULL;NULL;NULL;NULL;;;;;;;;;;;;;0;NULL;NULL;a7e82b4e-7af0-436f-bdb3-cb761c29dc67;0.9491;NULL;NULL;NULL;NULL;NULL;NULL;OpenLoop;2.5745;2026-03-23 14:00:49.3485;Hands;24;30;OpenXR
NULL;Right;NULL;NULL;Baseline;NULL;NULL;NULL;NULL;NULL;NULL;NULL;NULL;NULL;NULL;NULL;None;anonymous;NULL;Trial Accepted;TaskEvent;9588;695fba01-0698-4a37-a2d3-5d6f4dc1673b;NULL;-0.0569;-0.0007;-0.0177;354.5475;359.1790;1.5992;NULL;-0.0239;0.0000;2.0000;-0.0239;0.0000;2.0000;NULL;NULL;;;;;;;;;;;;;0;NULL;NULL;NULL;NULL;NULL;NULL;NULL;NULL;NULL;NULL;NULL;NULL;NULL;NULL;;;;;;;;;;;;;0;NULL;NULL;a7e82b4e-7af0-436f-bdb3-cb761c29dc67;-2.3861;NULL;NULL;NULL;NULL;NULL;NULL;OpenLoop;5.3485;2026-03-23 14:00:54.6970;Hands;25;30;OpenXR
NULL;Right;NULL;NULL;Baseline;NULL;NULL;NULL;NULL;NULL;NULL;NULL;NULL;NULL;NULL;NULL;None;anonymous;NULL;Trial Accepted;TaskEvent;9933;695fba01-0698-4a37-a2d3-5d6f4dc1673b;NULL;-0.0553;-0.0019;-0.0160;355.1443;359.2813;1.2947;NULL;-0.0311;0.0000;2.0000;-0.0311;0.0000;2.0000;NULL;NULL;;;;;;;;;;;;;0;NULL;NULL;NULL;NULL;NULL;NULL;NULL;NULL;NULL;NULL;NULL;NULL;NULL;NULL;;;;;;;;;;;;;0;NULL;NULL;a7e82b4e-7af0-436f-bdb3-cb761c29dc67;-3.1096;NULL;NULL;NULL;NULL;NULL;NULL;OpenLoop;2.8743;2026-03-23 14:00:57.5713;Hands;26;30;OpenXR
NULL;Right;NULL;NULL;Baseline;NULL;NULL;NULL;NULL;NULL;NULL;NULL;NULL;NULL;NULL;NULL;None;anonymous;NULL;Trial Accepted;TaskEvent;10271;695fba01-0698-4a37-a2d3-5d6f4dc1673b;NULL;-0.0536;-0.0018;-0.0156;355.1787;0.0618;0.8581;NULL;-0.0384;0.0000;2.0000;-0.0384;0.0000;2.0000;NULL;NULL;;;;;;;;;;;;;0;NULL;NULL;NULL;NULL;NULL;NULL;NULL;NULL;NULL;NULL;NULL;NULL;NULL;NULL;;;;;;;;;;;;;0;NULL;NULL;a7e82b4e-7af0-436f-bdb3-cb761c29dc67;-3.8362;NULL;NULL;NULL;NULL;NULL;NULL;OpenLoop;2.8158;2026-03-23 14:01:00.3871;Hands;27;30;OpenXR
NULL;Right;NULL;NULL;Baseline;NULL;NULL;NULL;NULL;NULL;NULL;NULL;NULL;NULL;NULL;NULL;None;anonymous;NULL;Trial Accepted;TaskEvent;10630;695fba01-0698-4a37-a2d3-5d6f4dc1673b;NULL;-0.0568;-0.0014;-0.0169;355.2157;359.3629;1.5820;NULL;0.0178;0.0000;2.0000;0.0178;0.0000;2.0000;NULL;NULL;;;;;;;;;;;;;0;NULL;NULL;NULL;NULL;NULL;NULL;NULL;NULL;NULL;NULL;NULL;NULL;NULL;NULL;;;;;;;;;;;;;0;NULL;NULL;a7e82b4e-7af0-436f-bdb3-cb761c29dc67;1.7799;NULL;NULL;NULL;NULL;NULL;NULL;OpenLoop;2.9908;2026-03-23 14:01:03.3779;Hands;28;30;OpenXR
NULL;Right;NULL;NULL;Baseline;NULL;NULL;NULL;NULL;NULL;NULL;NULL;NULL;NULL;NULL;NULL;None;anonymous;NULL;Trial Accepted;TaskEvent;10970;695fba01-0698-4a37-a2d3-5d6f4dc1673b;NULL;-0.0539;-0.0017;-0.0134;355.6286;359.4764;1.0815;NULL;0.0321;0.0000;2.0000;0.0321;0.0000;2.0000;NULL;NULL;;;;;;;;;;;;;0;NULL;NULL;NULL;NULL;NULL;NULL;NULL;NULL;NULL;NULL;NULL;NULL;NULL;NULL;;;;;;;;;;;;;0;NULL;NULL;a7e82b4e-7af0-436f-bdb3-cb761c29dc67;3.2141;NULL;NULL;NULL;NULL;NULL;NULL;OpenLoop;2.8330;2026-03-23 14:01:06.2109;Hands;29;30;OpenXR
NULL;Right;NULL;NULL;Baseline;NULL;NULL;NULL;NULL;NULL;NULL;NULL;NULL;NULL;NULL;NULL;None;anonymous;NULL;Trial Accepted;TaskEvent;11312;695fba01-0698-4a37-a2d3-5d6f4dc1673b;NULL;-0.0496;-0.0024;-0.0155;355.2859;0.0983;359.8799;NULL;-0.0245;0.0000;2.0000;-0.0245;0.0000;2.0000;NULL;NULL;;;;;;;;;;;;;0;NULL;NULL;NULL;NULL;NULL;NULL;NULL;NULL;NULL;NULL;NULL;NULL;NULL;NULL;;;;;;;;;;;;;0;NULL;NULL;a7e82b4e-7af0-436f-bdb3-cb761c29dc67;-2.4501;NULL;NULL;NULL;NULL;NULL;NULL;OpenLoop;2.8489;2026-03-23 14:01:09.0598;Hands;30;30;OpenXR
NULL;Right;NULL;NULL;Baseline;NULL;NULL;NULL;NULL;NULL;NULL;NULL;NULL;NULL;NULL;NULL;None;anonymous;NULL;Block Completed;BlockEvent;11312;695fba01-0698-4a37-a2d3-5d6f4dc1673b;NULL;-0.0496;-0.0024;-0.0155;355.2859;0.0983;359.8799;NULL;NULL;NULL;NULL;NULL;NULL;NULL;NULL;NULL;;;;;;;;;;;;;0;NULL;NULL;NULL;NULL;-0.0548;NULL;NULL;NULL;NULL;NULL;NULL;NULL;NULL;NULL;;;;;;;;;;;;;0;NULL;3.6980;a7e82b4e-7af0-436f-bdb3-cb761c29dc67;NULL;NULL;NULL;NULL;NULL;NULL;NULL;OpenLoop;0.0000;2026-03-23 14:01:09.0798;Hands;NULL;30;OpenXR
NULL;Right;NULL;NULL;Exposure;NULL;NULL;NULL;NULL;NULL;NULL;NULL;NULL;NULL;NULL;NULL;Skew;anonymous;NULL;Exposure Started;BlockEvent;11553;695fba01-0698-4a37-a2d3-5d6f4dc1673b;NULL;-0.0578;-0.0025;-0.0143;355.6312;359.1084;2.1106;NULL;NULL;NULL;NULL;NULL;NULL;NULL;NULL;NULL;;;;;;;;;;;;;0;NULL;NULL;NULL;NULL;NULL;NULL;NULL;NULL;NULL;NULL;NULL;NULL;NULL;NULL;;;;;;;;;;;;;0;NULL;NULL;a7e82b4e-7af0-436f-bdb3-cb761c29dc67;NULL;OpenLoop;NULL;NULL;NULL;NULL;NULL;Exposure;2.0076;2026-03-23 14:01:11.0874;Hands;NULL;NULL;OpenXR
NULL;Right;NULL;NULL;Exposure;NULL;2;1;0;0;0;0;0.5000;0.0000;2.0000;NULL;Skew;anonymous;NULL;Mole Spawned;MoleEvent;11553;695fba01-0698-4a37-a2d3-5d6f4dc1673b;NULL;-0.0578;-0.0025;-0.0143;355.6312;359.1084;2.1106;0.1811;0.5840;0.0562;2.0000;0.5840;0.0562;2.0000;NULL;0;;;;;;;;;;;;;0;NULL;NULL;NULL;NULL;NULL;2;1;0;0;0;0;0.5000;0.0000;2.0000;;;;;;;;;;;;;0;NULL;NULL;a7e82b4e-7af0-436f-bdb3-cb761c29dc67;NULL;NULL;NULL;1;0.5000;0.0000;2.0000;Exposure;0.0000;2026-03-23 14:01:11.1074;Hands;NULL;NULL;OpenXR
NULL;Right;NULL;1;Exposure;NULL;2;1;0;0;0;0;0.5000;0.0000;2.0000;NULL;Skew;anonymous;NULL;Pointer Shoot;PointerEvent;11854;695fba01-0698-4a37-a2d3-5d6f4dc1673b;NULL;-0.0480;-0.0051;-0.0134;357.3291;8.9346;1.0463;0.1369;0.3771;-0.0211;2.0000;0.3771;-0.0211;2.0000;NULL;0;;;;;;;;;;;;;0;NULL;NULL;NULL;NULL;NULL;2;1;0;0;0;0;0.5000;0.0000;2.0000;;;;;;;;;;;;;0;NULL;NULL;a7e82b4e-7af0-436f-bdb3-cb761c29dc67;NULL;NULL;0;1;0.5000;0.0000;2.0000;Exposure;2.5076;2026-03-23 14:01:13.6150;Hands;NULL;NULL;OpenXR
NULL;Right;NULL;1;Exposure;NULL;2;1;0;0;0;0;0.5000;0.0000;2.0000;NULL;Skew;anonymous;NULL;Mole Hit;MoleEvent;11854;695fba01-0698-4a37-a2d3-5d6f4dc1673b;NULL;-0.0480;-0.0051;-0.0134;357.3291;8.9346;1.0463;0.0799;0.5772;0.0073;2.0000;0.5772;0.0073;2.0000;NULL;1;;;;;;;;;;;;;0;NULL;NULL;NULL;NULL;NULL;2;1;0;0;0;0;0.5000;0.0000;2.0000;;;;;;;;;;;;;0;NULL;NULL;a7e82b4e-7af0-436f-bdb3-cb761c29dc67;NULL;NULL;0;1;0.5000;0.0000;2.0000;Exposure;0.0000;2026-03-23 14:01:13.6350;Hands;NULL;NULL;OpenXR
NULL;Right;NULL;NULL;Exposure;NULL;3;2;0;1;0;0;-0.5000;0.0000;2.0000;NULL;Skew;anonymous;NULL;Mole Spawned;MoleEvent;11854;695fba01-0698-4a37-a2d3-5d6f4dc1673b;NULL;-0.0480;-0.0051;-0.0134;357.3291;8.9346;1.0463;0.1802;-0.3898;-0.0499;2.0000;-0.3898;-0.0499;2.0000;NULL;0;;;;;;;;;;;;;0;NULL;NULL;NULL;NULL;NULL;3;2;0;1;0;0;-0.5000;0.0000;2.0000;;;;;;;;;;;;;0;NULL;NULL;a7e82b4e-7af0-436f-bdb3-cb761c29dc67;NULL;NULL;NULL;2;-0.5000;0.0000;2.0000;Exposure;0.0000;2026-03-23 14:01:13.6550;Hands;NULL;NULL;OpenXR
NULL;Right;NULL;2;Exposure;NULL;3;2;0;1;0;0;-0.5000;0.0000;2.0000;NULL;Skew;anonymous;NULL;Pointer Shoot;PointerEvent;12174;695fba01-0698-4a37-a2d3-5d6f4dc1673b;NULL;-0.0629;-0.0051;-0.0096;357.4465;351.0831;0.5315;0.2189;-0.5858;0.0705;2.0000;-0.5858;0.0705;2.0000;NULL;0;;;;;;;;;;;;;0;NULL;NULL;NULL;NULL;NULL;3;2;0;1;0;0;-0.5000;0.0000;2.0000;;;;;;;;;;;;;0;NULL;NULL;a7e82b4e-7af0-436f-bdb3-cb761c29dc67;NULL;NULL;1;2;-0.5000;0.0000;2.0000;Exposure;2.8050;2026-03-23 14:01:16.4600;Hands;NULL;NULL;OpenXR
NULL;Right;NULL;2;Exposure;NULL;3;2;0;1;0;0;-0.5000;0.0000;2.0000;NULL;Skew;anonymous;NULL;Mole Hit;MoleEvent;12174;695fba01-0698-4a37-a2d3-5d6f4dc1673b;NULL;-0.0629;-0.0051;-0.0096;357.4465;351.0831;0.5315;0.0517;-0.5493;0.0054;2.0000;-0.5493;0.0054;2.0000;NULL;1;;;;;;;;;;;;;0;NULL;NULL;NULL;NULL;NULL;3;2;0;1;0;0;-0.5000;0.0000;2.0000;;;;;;;;;;;;;0;NULL;NULL;a7e82b4e-7af0-436f-bdb3-cb761c29dc67;NULL;NULL;1;2;-0.5000;0.0000;2.0000;Exposure;0.0000;2026-03-23 14:01:16.4800;Hands;NULL;NULL;OpenXR
NULL;Right;NULL;NULL;Exposure;NULL;1;0;0;-1;0;0;0.0000;0.0000;2.0000;NULL;Skew;anonymous;NULL;Mole Spawned;MoleEvent;12174;695fba01-0698-4a37-a2d3-5d6f4dc1673b;NULL;-0.0629;-0.0051;-0.0096;357.4465;351.0831;0.5315;0.2042;-0.2004;-0.0137;2.0000;-0.2004;-0.0137;2.0000;NULL;0;;;;;;;;;;;;;0;NULL;NULL;NULL;NULL;NULL;1;0;0;-1;0;0;0.0000;0.0000;2.0000;;;;;;;;;;;;;0;NULL;NULL;a7e82b4e-7af0-436f-bdb3-cb761c29dc67;NULL;NULL;NULL;0;0.0000;0.0000;2.0000;Exposure;0.0000;2026-03-23 14:01:16.5000;Hands;NULL;NULL;OpenXR
NULL;Right;NULL;3;Exposure;NULL;1;0;0;-1;0;0;0.0000;0.0000;2.0000;NULL;Skew;anonymous;NULL;Pointer Shoot;PointerEvent;12509;695fba01-0698-4a37-a2d3-5d6f4dc1673b;NULL;-0.0471;-0.0055;-0.0108;357.2686;1.2017;359.6654;0.2159;0.2131;0.0122;2.0000;0.2131;0.0122;2.0000;NULL;0;;;;;;;;;;;;;0;NULL;NULL;NULL;NULL;NULL;1;0;0;-1;0;0;0.0000;0.0000;2.0000;;;;;;;;;;;;;0;NULL;NULL;a7e82b4e-7af0-436f-bdb3-cb761c29dc67;NULL;NULL;2;0;0.0000;0.0000;2.0000;Exposure;2.7909;2026-03-23 14:01:19.2909;Hands;NULL;NULL;OpenXR
NULL;Right;NULL;3;Exposure;NULL;1;0;0;-1;0;0;0.0000;0.0000;2.0000;NULL;Skew;anonymous;NULL;Mole Missed;PointerEvent;12509;695fba01-0698-4a37-a2d3-5d6f4dc1673b;NULL;-0.0471;-0.0055;-0.0108;357.2686;1.2017;359.6654;0.1832;-0.1658;0.0273;2.0000;-0.1658;0.0273;2.0000;NULL;0;;;;;;;;;;;;;0;NULL;NULL;NULL;NULL;NULL;1;0;0;-1;0;0;0.0000;0.0000;2.0000;;;;;;;;;;;;;0;NULL;NULL;a7e82b4e-7af0-436f-bdb3-cb761c29dc67;NULL;NULL;2;0;0.0000;0.0000;2.0000;Exposure;0.0000;2026-03-23 14:01:19.3109;Hands;NULL;NULL;OpenXR
NULL;Right;NULL;4;Exposure;NULL;1;0;0;-1;0;0;0.0000;0.0000;2.0000;NULL;Skew;anonymous;NULL;Pointer Shoot;PointerEvent;12967;695fba01-0698-4a37-a2d3-5d6f4dc1673b;NULL;-0.0298;-0.0080;-0.2126;359.2466;0.7452;0.9000;0.1955;-0.1941;-0.0082;2.0000;-0.1941;-0.0082;2.0000;NULL;0;;;;;;;;;;;;;0;NULL;NULL;NULL;NULL;NULL;1;0;0;-1;0;0;0.0000;0.0000;2.0000;;;;;;;;;;;;;0;NULL;NULL;a7e82b4e-7af0-436f-bdb3-cb761c29dc67;NULL;NULL;2;0;0.0000;0.0000;2.0000;Exposure;3.8157;2026-03-23 14:01:23.1266;Hands;NULL;NULL;OpenXR
NULL;Right;NULL;4;Exposure;NULL;1;0;0;-1;0;0;0.0000;0.0000;2.0000;NULL;Skew;anonymous;NULL;Mole Hit;MoleEvent;12967;695fba01-0698-4a37-a2d3-5d6f4dc1673b;NULL;-0.0298;-0.0080;-0.2126;359.2466;0.7452;0.9000;0.0471;-0.0088;-0.0162;2.0000;-0.0088;-0.0162;2.0000;NULL;1;;;;;;;;;;;;;0;NULL;NULL;NULL;NULL;NULL;1;0;0;-1;0;0;0.0000;0.0000;2.0000;;;;;;;;;;;;;0;NULL;NULL;a7e82b4e-7af0-436f-bdb3-cb761c29dc67;NULL;NULL;2;0;0.0000;0.0000;2.0000;Exposure;0.0000;2026-03-23 14:01:23.1466;Hands;NULL;NULL;OpenXR
NULL;Right;NULL;NULL;Exposure;NULL;3;2;0;1;0;0;-0.5000;0.0000;2.0000;NULL;Skew;anonymous;NULL;Mole Spawned;MoleEvent;12967;695fba01-0698-4a37-a2d3-5d6f4dc1673b;NULL;-0.0298;-0.0080;-0.2126;359.2466;0.7452;0.9000;0.1649;-0.5903;0.0483;2.0000;-0.5903;0.0483;2.0000;NULL;0;;;;;;;;;;;;;0;NULL;NULL;NULL;NULL;NULL;3;2;0;1;0;0;-0.5000;0.0000;2.0000;;;;;;;;;;;;;0;NULL;NULL;a7e82b4e-7af0-436f-bdb3-cb761c29dc67;NULL;NULL;NULL;2;-0.5000;0.0000;2.0000;Exposure;0.0000;2026-03-23 14:01:23.1666;Hands;NULL;NULL;OpenXR
NULL;Right;NULL;5;Exposure;NULL;3;2;0;1;0;0;-0.5000;0.0000;2.0000;NULL;Skew;anonymous;NULL;Pointer Shoot;PointerEvent;13293;695fba01-0698-4a37-a2d3-5d6f4dc1673b;NULL;-0.0327;-0.0093;-0.2120;359.8337;358.0977;0.5103;0.1522;-0.4324;0.0477;2.0000;-0.4324;0.0477;2.0000;NULL;0;;;;;;;;;;;;;0;NULL;NULL;NULL;NULL;NULL;3;2;0;1;0;0;-0.5000;0.0000;2.0000;;;;;;;;;;;;;0;NULL;NULL;a7e82b4e-7af0-436f-bdb3-cb761c29dc67;NULL;NULL;3;2;-0.5000;0.0000;2.0000;Exposure;2.7159;2026-03-23 14:01:25.8825;Hands;NULL;NULL;OpenXR
NULL;Right;NULL;5;Exposure;NULL;3;2;0;1;0;0;-0.5000;0.0000;2.0000;NULL;Skew;anonymous;NULL;Mole Hit;MoleEvent;13293;695fba01-0698-4a37-a2d3-5d6f4dc1673b;NULL;-0.0327;-0.0093;-0.2120;359.8337;358.0977;0.5103;0.0244;-0.5085;0.0080;2.0000;-0.5085;0.0080;2.0000;NULL;1;;;;;;;;;;;;;0;NULL;NULL;NULL;NULL;NULL;3;2;0;1;0;0;-0.5000;0.0000;2.0000;;;;;;;;;;;;;0;NULL;NULL;a7e82b4e-7af0-436f-bdb3-cb761c29dc67;NULL;NULL;3;2;-0.5000;0.0000;2.0000;Exposure;0.0000;2026-03-23 14:01:25.9025;Hands;NULL;NULL;OpenXR
NULL;Right;NULL;NULL;Exposure;NULL;1;0;0;-1;0;0;0.0000;0.0000;2.0000;NULL;Skew;anonymous;NULL;Mole Spawned;MoleEvent;13293;695fba01-0698-4a37-a2d3-5d6f4dc1673b;NULL;-0.0327;-0.0093;-0.2120;359.8337;358.0977;0.5103;0.1976;0.0416;0.0676;2.0000;0.0416;0.0676;2.0000;NULL;0;;;;;;;;;;;;;0;NULL;NULL;NULL;NULL;NULL;1;0;0;-1;0;0;0.0000;0.0000;2.0000;;;;;;;;;;;;;0;NULL;NULL;a7e82b4e-7af0-436f-bdb3-cb761c29dc67;NULL;NULL;NULL;0;0.0000;0.0000;2.0000;Exposure;0.0000;2026-03-23 14:01:25.9225;Hands;NULL;NULL;OpenXR
NULL;Right;NULL;6;Exposure;NULL;1;0;0;-1;0;0;0.0000;0.0000;2.0000;NULL;Skew;anonymous;NULL;Pointer Shoot;PointerEvent;13619;695fba01-0698-4a37-a2d3-5d6f4dc1673b;NULL;-0.0267;-0.0066;-0.2146;358.2714;1.5127;0.3705;0.1710;0.0385;-0.0583;2.0000;0.0385;-0.0583;2.0000;NULL;0;;;;;;;;;;;;;0;NULL;NULL;NULL;NULL;NULL;1;0;0;-1;0;0;0.0000;0.0000;2.0000;;;;;;;;;;;;;0;NULL;NULL;a7e82b4e-7af0-436f-bdb3-cb761c29dc67;NULL;NULL;4;0;0.0000;0.0000;2.0000;Exposure;2.7160;2026-03-23 14:01:28.6385;Hands;NULL;NULL;OpenXR
NULL;Right;NULL;6;Exposure;NULL;1;0;0;-1;0;0;0.0000;0.0000;2.0000;NULL;Skew;anonymous;NULL;Mole Hit;MoleEvent;13619;695fba01-0698-4a37-a2d3-5d6f4dc1673b;NULL;-0.0267;-0.0066;-0.2146;358.2714;1.5127;0.3705;0.0783;-0.0204;-0.0265;2.0000;-0.0204;-0.0265;2.0000;NULL;1;;;;;;;;;;;;;0;NULL;NULL;NULL;NULL;NULL;1;0;0;-1;0;0;0.0000;0.0000;2.0000;;;;;;;;;;;;;0;NULL;NULL;a7e82b4e-7af0-436f-bdb3-cb761c29dc67;NULL;NULL;4;0;0.0000;0.0000;2.0000;Exposure;0.0000;2026-03-23 14:01:28.6585;Hands;NULL;NULL;OpenXR
NULL;Right;NULL;NULL;Exposure;NULL;2;1;0;0;0;0;0.5000;0.0000;2.0000;NULL;Skew;anonymous;NULL;Mole Spawned;MoleEvent;13619;695fba01-0698-4a37-a2d3-5d6f4dc1673b;NULL;-0.0267;-0.0066;-0.2146;358.2714;1.5127;0.3705;0.1851;0.6598;0.0327;2.0000;0.6598;0.0327;2.0000;NULL;0;;;;;;;;;;;;;0;NULL;NULL;NULL;NULL;NULL;2;1;0;0;0;0;0.5000;0.0000;2.0000;;;;;;;;;;;;;0;NULL;NULL;a7e82b4e-7af0-436f-bdb3-cb761c29dc67;NULL;NULL;NULL;1;0.5000;0.0000;2.0000;Exposure;0.0000;2026-03-23 14:01:28.6785;Hands;NULL;NULL;OpenXR
NULL;Right;NULL;7;Exposure;NULL;2;1;0;0;0;0;0.5000;0.0000;2.0000;NULL;Skew;anonymous;NULL;Pointer Shoot;PointerEvent;13945;695fba01-0698-4a37-a2d3-5d6f4dc1673b;NULL;-0.0239;-0.0036;-0.2143;357.1774;4.7913;0.8217;0.1881;0.3119;-0.0002;2.0000;0.3119;-0.0002;2.0000;NULL;0;;;;;;;;;;;;;0;NULL;NULL;NULL;NULL;NULL;2;1;0;0;0;0;0.5000;0.0000;2.0000;;;;;;;;;;;;;0;NULL;NULL;a7e82b4e-7af0-436f-bdb3-cb761c29dc67;NULL;NULL;5;1;0.5000;0.0000;2.0000;Exposure;2.7159;2026-03-23 14:01:31.3944;Hands;NULL;NULL;OpenXR
NULL;Right;NULL;7;Exposure;NULL;2;1;0;0;0;0;0.5000;0.0000;2.0000;NULL;Skew;anonymous;NULL;Mole Hit;MoleEvent;13945;695fba01-0698-4a37-a2d3-5d6f4dc1673b;NULL;-0.0239;-0.0036;-0.2143;357.1774;4.7913;0.8217;0.0553;0.4673;0.0156;2.0000;0.4673;0.0156;2.0000;NULL;1;;;;;;;;;;;;;0;NULL;NULL;NULL;NULL;NULL;2;1;0;0;0;0;0.5000;0.0000;2.0000;;;;;;;;;;;;;0;NULL;NULL;a7e82b4e-7af0-436f-bdb3-cb761c29dc67;NULL;NULL;5;1;0.5000;0.0000;2.0000;Exposure;0.0000;2026-03-23 14:01:31.4144;Hands;NULL;NULL;OpenXR
NULL;Right;NULL;NULL;Exposure;NULL;3;2;0;1;0;0;-0.5000;0.0000;2.0000;NULL;Skew;anonymous;NULL;Mole Spawned;MoleEvent;13945;695fba01-0698-4a37-a2d3-5d6f4dc1673b;NULL;-0.0239;-0.0036;-0.2143;357.1774;4.7913;0.8217;0.1664;-0.5834;-0.0504;2.0000;-0.5834;-0.0504;2.0000;NULL;0;;;;;;;;;;;;;0;NULL;NULL;NULL;NULL;NULL;3;2;0;1;0;0;-0.5000;0.0000;2.0000;;;;;;;;;;;;;0;NULL;NULL;a7e82b4e-7af0-436f-bdb3-cb761c29dc67;NULL;NULL;NULL;2;-0.5000;0.0000;2.0000;Exposure;0.0000;2026-03-23 14:01:31.4344;Hands;NULL;NULL;OpenXR
NULL;Right;NULL;8;Exposure;NULL;3;2;0;1;0;0;-0.5000;0.0000;2.0000;NULL;Skew;anonymous;NULL;Pointer Shoot;PointerEvent;14272;695fba01-0698-4a37-a2d3-5d6f4dc1673b;NULL;-0.0348;-0.0035;-0.2100;357.2745;356.1686;0.5576;0.1686;-0.4954;-0.0590;2.0000;-0.4954;-0.0590;2.0000;NULL;0;;;;;;;;;;;;;0;NULL;NULL;NULL;NULL;NULL;3;2;0;1;0;0;-0.5000;0.0000;2.0000;;;;;;;;;;;;;0;NULL;NULL;a7e82b4e-7af0-436f-bdb3-cb761c29dc67;NULL;NULL;6;2;-0.5000;0.0000;2.0000;Exposure;2.7244;2026-03-23 14:01:34.1588;Hands;NULL;NULL;OpenXR
NULL;Right;NULL;8;Exposure;NULL;3;2;0;1;0;0;-0.5000;0.0000;2.0000;NULL;Skew;anonymous;NULL;Mole Hit;MoleEvent;14272;695fba01-0698-4a37-a2d3-5d6f4dc1673b;NULL;-0.0348;-0.0035;-0.2100;357.2745;356.1686;0.5576;0.0272;-0.4883;-0.0086;2.0000;-0.4883;-0.0086;2.0000;NULL;1;;;;;;;;;;;;;0;NULL;NULL;NULL;NULL;NULL;3;2;0;1;0;0;-0.5000;0.0000;2.0000;;;;;;;;;;;;;0;NULL;NULL;a7e82b4e-7af0-436f-bdb3-cb761c29dc67;NULL;NULL;6;2;-0.5000;0.0000;2.0000;Exposure;0.0000;2026-03-23 14:01:34.1788;Hands;NULL;NULL;OpenXR
NULL;Right;NULL;NULL;Exposure;NULL;1;0;0;-1;0;0;0.0000;0.0000;2.0000;NULL;Skew;anonymous;NULL;Mole Spawned;MoleEvent;14272;695fba01-0698-4a37-a2d3-5d6f4dc1673b;NULL;-0.0348;-0.0035;-0.2100;357.2745;356.1686;0.5576;0.1841;-0.0271;0.0637;2.0000;-0.0271;0.0637;2.0000;NULL;0;;;;;;;;;;;;;0;NULL;NULL;NULL;NULL;NULL;1;0;0;-1;0;0;0.0000;0.0000;2.0000;;;;;;;;;;;;;0;NULL;NULL;a7e82b4e-7af0-436f-bdb3-cb761c29dc67;NULL;NULL;NULL;0;0.0000;0.0000;2.0000;Exposure;0.0000;2026-03-23 14:01:34.1988;Hands;NULL;NULL;OpenXR
NULL;Right;NULL;9;Exposure;NULL;1;0;0;-1;0;0;0.0000;0.0000;2.0000;NULL;Skew;anonymous;NULL;Pointer Shoot;PointerEvent;14608;695fba01-0698-4a37-a2d3-5d6f4dc1673b;NULL;-0.0282;-0.0056;-0.2149;357.8880;0.8279;0.6776;0.2080;-0.1924;-0.0276;2.0000;-0.1924;-0.0276;2.0000;NULL;0;;;;;;;;;;;;;0;NULL;NULL;NULL;NULL;NULL;1;0;0;-1;0;0;0.0000;0.0000;2.0000;;;;;;;;;;;;;0;NULL;NULL;a7e82b4e-7af0-436f-bdb3-cb761c29dc67;NULL;NULL;7;0;0.0000;0.0000;2.0000;Exposure;2.7993;2026-03-23 14:01:36.9981;Hands;NULL;NULL;OpenXR
NULL;Right;NULL;9;Exposure;NULL;1;0;0;-1;0;0;0.0000;0.0000;2.0000;NULL;Skew;anonymous;NULL;Mole Hit;MoleEvent;14608;695fba01-0698-4a37-a2d3-5d6f4dc1673b;NULL;-0.0282;-0.0056;-0.2149;357.8880;0.8279;0.6776;0.0534;0.0334;-0.0146;2.0000;0.0334;-0.0146;2.0000;NULL;1;;;;;;;;;;;;;0;NULL;NULL;NULL;NULL;NULL;1;0;0;-1;0;0;0.0000;0.0000;2.0000;;;;;;;;;;;;;0;NULL;NULL;a7e82b4e-7af0-436f-bdb3-cb761c29dc67;NULL;NULL;7;0;0.0000;0.0000;2.0000;Exposure;0.0000;2026-03-23 14:01:37.0181;Hands;NULL;NULL;OpenXR
NULL;Right;NULL;NULL;Exposure;NULL;2;1;0;0;0;0;0.5000;0.0000;2.0000;NULL;Skew;anonymous;NULL;Mole Spawned;MoleEvent;14608;695fba01-0698-4a37-a2d3-5d6f4dc1673b;NULL;-0.0282;-0.0056;-0.2149;357.8880;0.8279;0.6776;0.1889;0.3767;-0.0501;2.0000;0.3767;-0.0501;2.0000;NULL;0;;;;;;;;;;;;;0;NULL;NULL;NULL;NULL;NULL;2;1;0;0;0;0;0.5000;0.0000;2.0000;;;;;;;;;;;;;0;NULL;NULL;a7e82b4e-7af0-436f-bdb3-cb761c29dc67;NULL;NULL;NULL;1;0.5000;0.0000;2.0000;Exposure;0.0000;2026-03-23 14:01:37.0381;Hands;NULL;NULL;OpenXR
NULL;Right;NULL;10;Exposure;NULL;2;1;0;0;0;0;0.5000;0.0000;2.0000;NULL;Skew;anonymous;NULL;Pointer Shoot;PointerEvent;14929;695fba01-0698-4a37-a2d3-5d6f4dc1673b;NULL;-0.0251;-0.0063;-0.2142;358.3453;4.8887;0.7819;0.1897;0.6149;0.0528;2.0000;0.6149;0.0528;2.0000;NULL;0;;;;;;;;;;;;;0;NULL;NULL;NULL;NULL;NULL;2;1;0;0;0;0;0.5000;0.0000;2.0000;;;;;;;;;;;;;0;NULL;NULL;a7e82b4e-7af0-436f-bdb3-cb761c29dc67;NULL;NULL;8;1;0.5000;0.0000;2.0000;Exposure;2.6745;2026-03-23 14:01:39.7126;Hands;NULL;NULL;OpenXR
NULL;Right;NULL;10;Exposure;NULL;2;1;0;0;0;0;0.5000;0.0000;2.0000;NULL;Skew;anonymous;NULL;Mole Hit;MoleEvent;14929;695fba01-0698-4a37-a2d3-5d6f4dc1673b;NULL;-0.0251;-0.0063;-0.2142;358.3453;4.8887;0.7819;0.0519;0.5298;0.0149;2.0000;0.5298;0.0149;2.0000;NULL;1;;;;;;;;;;;;;0;NULL;NULL;NULL;NULL;NULL;2;1;0;0;0;0;0.5000;0.0000;2.0000;;;;;;;;;;;;;0;NULL;NULL;a7e82b4e-7af0-436f-bdb3-cb761c29dc67;NULL;NULL;8;1;0.5000;0.0000;2.0000;Exposure;0.0000;2026-03-23 14:01:39.7326;Hands;NULL;NULL;OpenXR
NULL;Right;NULL;NULL;Exposure;NULL;3;2;0;1;0;0;-0.5000;0.0000;2.0000;NULL;Skew;anonymous;NULL;Mole Spawned;MoleEvent;14929;695fba01-0698-4a37-a2d3-5d6f4dc1673b;NULL;-0.0251;-0.0063;-0.2142;358.3453;4.8887;0.7819;0.1452;-0.3702;-0.0228;2.0000;-0.3702;-0.0228;2.0000;NULL;0;;;;;;;;;;;;;0;NULL;NULL;NULL;NULL;NULL;3;2;0;1;0;0;-0.5000;0.0000;2.0000;;;;;;;;;;;;;0;NULL;NULL;a7e82b4e-7af0-436f-bdb3-cb761c29dc67;NULL;NULL;NULL;2;-0.5000;0.0000;2.0000;Exposure;0.0000;2026-03-23 14:01:39.7526;Hands;NULL;NULL;OpenXR
NULL;Right;NULL;11;Exposure;NULL;3;2;0;1;0;0;-0.5000;0.0000;2.0000;NULL;Skew;anonymous;NULL;Pointer Shoot;PointerEvent;15247;695fba01-0698-4a37-a2d3-5d6f4dc1673b;NULL;-0.0289;-0.0086;-0.2119;358.9048;357.2427;359.1878;0.1950;-0.3081;0.0121;2.0000;-0.3081;0.0121;2.0000;NULL;0;;;;;;;;;;;;;0;NULL;NULL;NULL;NULL;NULL;3;2;0;1;0;0;-0.5000;0.0000;2.0000;;;;;;;;;;;;;0;NULL;NULL;a7e82b4e-7af0-436f-bdb3-cb761c29dc67;NULL;NULL;9;2;-0.5000;0.0000;2.0000;Exposure;2.6490;2026-03-23 14:01:42.4016;Hands;NULL;NULL;OpenXR
NULL;Right;NULL;11;Exposure;NULL;3;2;0;1;0;0;-0.5000;0.0000;2.0000;NULL;Skew;anonymous;NULL;Mole Hit;MoleEvent;15247;695fba01-0698-4a37-a2d3-5d6f4dc1673b;NULL;-0.0289;-0.0086;-0.2119;358.9048;357.2427;359.1878;0.0239;-0.5012;-0.0083;2.0000;-0.5012;-0.0083;2.0000;NULL;1;;;;;;;;;;;;;0;NULL;NULL;NULL;NULL;NULL;3;2;0;1;0;0;-0.5000;0.0000;2.0000;;;;;;;;;;;;;0;NULL;NULL;a7e82b4e-7af0-436f-bdb3-cb761c29dc67;NULL;NULL;9;2;-0.5000;0.0000;2.0000;Exposure;0.0000;2026-03-23 14:01:42.4216;Hands;NULL;NULL;OpenXR
NULL;Right;NULL;NULL;Exposure;NULL;2;1;0;0;0;0;0.5000;0.0000;2.0000;NULL;Skew;anonymous;NULL;Mole Spawned;MoleEvent;15247;695fba01-0698-4a37-a2d3-5d6f4dc1673b;NULL;-0.0289;-0.0086;-0.2119;358.9048;357.2427;359.1878;0.1399;0.5003;-0.0490;2.0000;0.5003;-0.0490;2.0000;NULL;0;;;;;;;;;;;;;0;NULL;NULL;NULL;NULL;NULL;2;1;0;0;0;0;0.5000;0.0000;2.0000;;;;;;;;;;;;;0;NULL;NULL;a7e82b4e-7af0-436f-bdb3-cb761c29dc67;NULL;NULL;NULL;1;0.5000;0.0000;2.0000;Exposure;0.0000;2026-03-23 14:01:42.4416;Hands;NULL;NULL;OpenXR
NULL;Right;NULL;12;Exposure;NULL;2;1;0;0;0;0;0.5000;0.0000;2.0000;NULL;Skew;anonymous;NULL;Pointer Shoot;PointerEvent;15633;695fba01-0698-4a37-a2d3-5d6f4dc1673b;NULL;-0.0190;-0.0043;-0.2170;356.7426;8.2983;0.4473;0.1628;0.3384;0.0070;2.0000;0.3384;0.0070;2.0000;NULL;0;;;;;;;;;;;;;0;NULL;NULL;NULL;NULL;NULL;2;1;0;0;0;0;0.5000;0.0000;2.0000;;;;;;;;;;;;;0;NULL;NULL;a7e82b4e-7af0-436f-bdb3-cb761c29dc67;NULL;NULL;10;1;0.5000;0.0000;2.0000;Exposure;3.2246;2026-03-23 14:01:45.6662;Hands;NULL;NULL;OpenXR
NULL;Right;NULL;12;Exposure;NULL;2;1;0;0;0;0;0.5000;0.0000;2.0000;NULL;Skew;anonymous;NULL;Mole Hit;MoleEvent;15633;695fba01-0698-4a37-a2d3-5d6f4dc1673b;NULL;-0.0190;-0.0043;-0.2170;356.7426;8.2983;0.4473;0.0347;0.4655;0.0013;2.0000;0.4655;0.0013;2.0000;NULL;1;;;;;;;;;;;;;0;NULL;NULL;NULL;NULL;NULL;2;1;0;0;0;0;0.5000;0.0000;2.0000;;;;;;;;;;;;;0;NULL;NULL;a7e82b4e-7af0-436f-bdb3-cb761c29dc67;NULL;NULL;10;1;0.5000;0.0000;2.0000;Exposure;0.0000;2026-03-23 14:01:45.6862;Hands;NULL;NULL;OpenXR
NULL;Right;NULL;NULL;Exposure;NULL;1;0;0;-1;0;0;0.0000;0.0000;2.0000;NULL;Skew;anonymous;NULL;Mole Spawned;MoleEvent;15633;695fba01-0698-4a37-a2d3-5d6f4dc1673b;NULL;-0.0190;-0.0043;-0.2170;356.7426;8.2983;0.4473;0.1395;-0.1225;0.0234;2.0000;-0.1225;0.0234;2.0000;NULL;0;;;;;;;;;;;;;0;NULL;NULL;NULL;NULL;NULL;1;0;0;-1;0;0;0.0000;0.0000;2.0000;;;;;;;;;;;;;0;NULL;NULL;a7e82b4e-7af0-436f-bdb3-cb761c29dc67;NULL;NULL;NULL;0;0.0000;0.0000;2.0000;Exposure;0.0000;2026-03-23 14:01:45.7062;Hands;NULL;NULL;OpenXR
NULL;Right;NULL;13;Exposure;NULL;1;0;0;-1;0;0;0.0000;0.0000;2.0000;NULL;Skew;anonymous;NULL;Pointer Shoot;PointerEvent;15964;695fba01-0698-4a37-a2d3-5d6f4dc1673b;NULL;-0.0282;-0.0035;-0.2203;356.2809;1.5663;0.3764;0.1598;0.1595;0.0036;2.0000;0.1595;0.0036;2.0000;NULL;0;;;;;;;;;;;;;0;NULL;NULL;NULL;NULL;NULL;1;0;0;-1;0;0;0.0000;0.0000;2.0000;;;;;;;;;;;;;0;NULL;NULL;a7e82b4e-7af0-436f-bdb3-cb761c29dc67;NULL;NULL;11;0;0.0000;0.0000;2.0000;Exposure;2.7574;2026-03-23 14:01:48.4636;Hands;NULL;NULL;OpenXR
NULL;Right;NULL;13;Exposure;NULL;1;0;0;-1;0;0;0.0000;0.0000;2.0000;NULL;Skew;anonymous;NULL;Mole Hit;MoleEvent;15964;695fba01-0698-4a37-a2d3-5d6f4dc1673b;NULL;-0.0282;-0.0035;-0.2203;356.2809;1.5663;0.3764;0.0498;-0.0011;-0.0174;2.0000;-0.0011;-0.0174;2.0000;NULL;1;;;;;;;;;;;;;0;NULL;NULL;NULL;NULL;NULL;1;0;0;-1;0;0;0.0000;0.0000;2.0000;;;;;;;;;;;;;0;NULL;NULL;a7e82b4e-7af0-436f-bdb3-cb761c29dc67;NULL;NULL;11;0;0.0000;0.0000;2.0000;Exposure;0.0000;2026-03-23 14:01:48.4836;Hands;NULL;NULL;OpenXR
NULL;Right;NULL;NULL;Exposure;NULL;2;1;0;0;0;0;0.5000;0.0000;2.0000;NULL;Skew;anonymous;NULL;Mole Spawned;MoleEvent;15964;695fba01-0698-4a37-a2d3-5d6f4dc1673b;NULL;-0.0282;-0.0035;-0.2203;356.2809;1.5663;0.3764;0.1524;0.4333;-0.0480;2.0000;0.4333;-0.0480;2.0000;NULL;0;;;;;;;;;;;;;0;NULL;NULL;NULL;NULL;NULL;2;1;0;0;0;0;0.5000;0.0000;2.0000;;;;;;;;;;;;;0;NULL;NULL;a7e82b4e-7af0-436f-bdb3-cb761c29dc67;NULL;NULL;NULL;1;0.5000;0.0000;2.0000;Exposure;0.0000;2026-03-23 14:01:48.5036;Hands;NULL;NULL;OpenXR
NULL;Right;NULL;14;Exposure;NULL;2;1;0;0;0;0;0.5000;0.0000;2.0000;NULL;Skew;anonymous;NULL;Pointer Shoot;PointerEvent;16290;695fba01-0698-4a37-a2d3-5d6f4dc1673b;NULL;-0.0226;-0.0051;-0.2125;357.8848;6.4821;0.8275;0.1670;0.6173;0.0416;2.0000;0.6173;0.0416;2.0000;NULL;0;;;;;;;;;;;;;0;NULL;NULL;NULL;NULL;NULL;2;1;0;0;0;0;0.5000;0.0000;2.0000;;;;;;;;;;;;;0;NULL;NULL;a7e82b4e-7af0-436f-bdb3-cb761c29dc67;NULL;NULL;12;1;0.5000;0.0000;2.0000;Exposure;2.7152;2026-03-23 14:01:51.2188;Hands;NULL;NULL;OpenXR
NULL;Right;NULL;14;Exposure;NULL;2;1;0;0;0;0;0.5000;0.0000;2.0000;NULL;Skew;anonymous;NULL;Mole Hit;MoleEvent;16290;695fba01-0698-4a37-a2d3-5d6f4dc1673b;NULL;-0.0226;-0.0051;-0.2125;357.8848;6.4821;0.8275;0.0244;0.4983;-0.0085;2.0000;0.4983;-0.0085;2.0000;NULL;1;;;;;;;;;;;;;0;NULL;NULL;NULL;NULL;NULL;2;1;0;0;0;0;0.5000;0.0000;2.0000;;;;;;;;;;;;;0;NULL;NULL;a7e82b4e-7af0-436f-bdb3-cb761c29dc67;NULL;NULL;12;1;0.5000;0.0000;2.0000;Exposure;0.0000;2026-03-23 14:01:51.2388;Hands;NULL;NULL;OpenXR
NULL;Right;NULL;NULL;Exposure;NULL;3;2;0;1;0;0;-0.5000;0.0000;2.0000;NULL;Skew;anonymous;NULL;Mole Spawned;MoleEvent;16290;695fba01-0698-4a37-a2d3-5d6f4dc1673b;NULL;-0.0226;-0.0051;-0.2125;357.8848;6.4821;0.8275;0.2028;-0.5441;-0.0693;2.0000;-0.5441;-0.0693;2.0000;NULL;0;;;;;;;;;;;;;0;NULL;NULL;NULL;NULL;NULL;3;2;0;1;0;0;-0.5000;0.0000;2.0000;;;;;;;;;;;;;0;NULL;NULL;a7e82b4e-7af0-436f-bdb3-cb761c29dc67;NULL;NULL;NULL;2;-0.5000;0.0000;2.0000;Exposure;0.0000;2026-03-23 14:01:51.2588;Hands;NULL;NULL;OpenXR
NULL;Right;NULL;15;Exposure;NULL;3;2;0;1;0;0;-0.5000;0.0000;2.0000;NULL;Skew;anonymous;NULL;Pointer Shoot;PointerEvent;16623;695fba01-0698-4a37-a2d3-5d6f4dc1673b;NULL;-0.0323;-0.0037;-0.2168;356.5845;353.7583;358.4499;0.1377;-0.4104;0.0366;2.0000;-0.4104;0.0366;2.0000;NULL;0;;;;;;;;;;;;;0;NULL;NULL;NULL;NULL;NULL;3;2;0;1;0;0;-0.5000;0.0000;2.0000;;;;;;;;;;;;;0;NULL;NULL;a7e82b4e-7af0-436f-bdb3-cb761c29dc67;NULL;NULL;13;2;-0.5000;0.0000;2.0000;Exposure;2.7748;2026-03-23 14:01:54.0336;Hands;NULL;NULL;OpenXR
NULL;Right;NULL;15;Exposure;NULL;3;2;0;1;0;0;-0.5000;0.0000;2.0000;NULL;Skew;anonymous;NULL;Mole Hit;MoleEvent;16623;695fba01-0698-4a37-a2d3-5d6f4dc1673b;NULL;-0.0323;-0.0037;-0.2168;356.5845;353.7583;358.4499;0.0537;-0.4765;-0.0169;2.0000;-0.4765;-0.0169;2.0000;NULL;1;;;;;;;;;;;;;0;NULL;NULL;NULL;NULL;NULL;3;2;0;1;0;0;-0.5000;0.0000;2.0000;;;;;;;;;;;;;0;NULL;NULL;a7e82b4e-7af0-436f-bdb3-cb761c29dc67;NULL;NULL;13;2;-0.5000;0.0000;2.0000;Exposure;0.0000;2026-03-23 14:01:54.0536;Hands;NULL;NULL;OpenXR
NULL;Right;NULL;NULL;Exposure;NULL;2;1;0;0;0;0;0.5000;0.0000;2.0000;NULL;Skew;anonymous;NULL;Mole Spawned;MoleEvent;16623;695fba01-0698-4a37-a2d3-5d6f4dc1673b;NULL;-0.0323;-0.0037;-0.2168;356.5845;353.7583;358.4499;0.1817;0.4922;-0.0635;2.0000;0.4922;-0.0635;2.0000;NULL;0;;;;;;;;;;;;;0;NULL;NULL;NULL;NULL;NULL;2;1;0;0;0;0;0.5000;0.0000;2.0000;;;;;;;;;;;;;0;NULL;NULL;a7e82b4e-7af0-436f-bdb3-cb761c29dc67;NULL;NULL;NULL;1;0.5000;0.0000;2.0000;Exposure;0.0000;2026-03-23 14:01:54.0736;Hands;NULL;NULL;OpenXR
NULL;Right;NULL;16;Exposure;NULL;2;1;0;0;0;0;0.5000;0.0000;2.0000;NULL;Skew;anonymous;NULL;Pointer Shoot;PointerEvent;16959;695fba01-0698-4a37-a2d3-5d6f4dc1673b;NULL;-0.0286;-0.0037;-0.2172;356.6048;3.8971;1.7124;0.2073;0.4427;-0.0697;2.0000;0.4427;-0.0697;2.0000;NULL;0;;;;;;;;;;;;;0;NULL;NULL;NULL;NULL;NULL;2;1;0;0;0;0;0.5000;0.0000;2.0000;;;;;;;;;;;;;0;NULL;NULL;a7e82b4e-7af0-436f-bdb3-cb761c29dc67;NULL;NULL;14;1;0.5000;0.0000;2.0000;Exposure;2.7994;2026-03-23 14:01:56.8730;Hands;NULL;NULL;OpenXR
NULL;Right;NULL;16;Exposure;NULL;2;1;0;0;0;0;0.5000;0.0000;2.0000;NULL;Skew;anonymous;NULL;Mole Hit;MoleEvent;16959;695fba01-0698-4a37-a2d3-5d6f4dc1673b;NULL;-0.0286;-0.0037;-0.2172;356.6048;3.8971;1.7124;0.0179;0.5047;-0.0060;2.0000;0.5047;-0.0060;2.0000;NULL;1;;;;;;;;;;;;;0;NULL;NULL;NULL;NULL;NULL;2;1;0;0;0;0;0.5000;0.0000;2.0000;;;;;;;;;;;;;0;NULL;NULL;a7e82b4e-7af0-436f-bdb3-cb761c29dc67;NULL;NULL;14;1;0.5000;0.0000;2.0000;Exposure;0.0000;2026-03-23 14:01:56.8930;Hands;NULL;NULL;OpenXR
NULL;Right;NULL;NULL;Exposure;NULL;1;0;0;-1;0;0;0.0000;0.0000;2.0000;NULL;Skew;anonymous;NULL;Mole Spawned;MoleEvent;16959;695fba01-0698-4a37-a2d3-5d6f4dc1673b;NULL;-0.0286;-0.0037;-0.2172;356.6048;3.8971;1.7124;0.1779;-0.1281;0.0432;2.0000;-0.1281;0.0432;2.0000;NULL;0;;;;;;;;;;;;;0;NULL;NULL;NULL;NULL;NULL;1;0;0;-1;0;0;0.0000;0.0000;2.0000;;;;;;;;;;;;;0;NULL;NULL;a7e82b4e-7af0-436f-bdb3-cb761c29dc67;NULL;NULL;NULL;0;0.0000;0.0000;2.0000;Exposure;0.0000;2026-03-23 14:01:56.9130;Hands;NULL;NULL;OpenXR
NULL;Right;NULL;17;Exposure;NULL;1;0;0;-1;0;0;0.0000;0.0000;2.0000;NULL;Skew;anonymous;NULL;Pointer Shoot;PointerEvent;17271;695fba01-0698-4a37-a2d3-5d6f4dc1673b;NULL;-0.0347;-0.0043;-0.2138;357.2545;359.7355;1.4354;0.2120;0.1930;0.0307;2.0000;0.1930;0.0307;2.0000;NULL;0;;;;;;;;;;;;;0;NULL;NULL;NULL;NULL;NULL;1;0;0;-1;0;0;0.0000;0.0000;2.0000;;;;;;;;;;;;;0;NULL;NULL;a7e82b4e-7af0-436f-bdb3-cb761c29dc67;NULL;NULL;15;0;0.0000;0.0000;2.0000;Exposure;2.5994;2026-03-23 14:01:59.5124;Hands;NULL;NULL;OpenXR
NULL;Right;NULL;17;Exposure;NULL;1;0;0;-1;0;0;0.0000;0.0000;2.0000;NULL;Skew;anonymous;NULL;Mole Hit;MoleEvent;17271;695fba01-0698-4a37-a2d3-5d6f4dc1673b;NULL;-0.0347;-0.0043;-0.2138;357.2545;359.7355;1.4354;0.0778;-0.0014;0.0272;2.0000;-0.0014;0.0272;2.0000;NULL;1;;;;;;;;;;;;;0;NULL;NULL;NULL;NULL;NULL;1;0;0;-1;0;0;0.0000;0.0000;2.0000;;;;;;;;;;;;;0;NULL;NULL;a7e82b4e-7af0-436f-bdb3-cb761c29dc67;NULL;NULL;15;0;0.0000;0.0000;2.0000;Exposure;0.0000;2026-03-23 14:01:59.5324;Hands;NULL;NULL;OpenXR
NULL;Right;NULL;NULL;Exposure;NULL;2;1;0;0;0;0;0.5000;0.0000;2.0000;NULL;Skew;anonymous;NULL;Mole Spawned;MoleEvent;17271;695fba01-0698-4a37-a2d3-5d6f4dc1673b;NULL;-0.0347;-0.0043;-0.2138;357.2545;359.7355;1.4354;0.2159;0.5781;0.0704;2.0000;0.5781;0.0704;2.0000;NULL;0;;;;;;;;;;;;;0;NULL;NULL;NULL;NULL;NULL;2;1;0;0;0;0;0.5000;0.0000;2.0000;;;;;;;;;;;;;0;NULL;NULL;a7e82b4e-7af0-436f-bdb3-cb761c29dc67;NULL;NULL;NULL;1;0.5000;0.0000;2.0000;Exposure;0.0000;2026-03-23 14:01:59.5524;Hands;NULL;NULL;OpenXR
NULL;Right;NULL;18;Exposure;NULL;2;1;0;0;0;0;0.5000;0.0000;2.0000;NULL;Skew;anonymous;NULL;Pointer Shoot;PointerEvent;17606;695fba01-0698-4a37-a2d3-5d6f4dc1673b;NULL;-0.0350;-0.0029;-0.2146;356.1986;2.8935;2.4337;0.2153;0.4415;0.0725;2.0000;0.4415;0.0725;2.0000;NULL;0;;;;;;;;;;;;;0;NULL;NULL;NULL;NULL;NULL;2;1;0;0;0;0;0.5000;0.0000;2.0000;;;;;;;;;;;;;0;NULL;NULL;a7e82b4e-7af0-436f-bdb3-cb761c29dc67;NULL;NULL;16;1;0.5000;0.0000;2.0000;Exposure;2.7914;2026-03-23 14:02:02.3438;Hands;NULL;NULL;OpenXR
NULL;Right;NULL;18;Exposure;NULL;2;1;0;0;0;0;0.5000;0.0000;2.0000;NULL;Skew;anonymous;NULL;Mole Missed;PointerEvent;17606;695fba01-0698-4a37-a2d3-5d6f4dc1673b;NULL;-0.0350;-0.0029;-0.2146;356.1986;2.8935;2.4337;0.1562;0.6478;-0.0177;2.0000;0.6478;-0.0177;2.0000;NULL;0;;;;;;;;;;;;;0;NULL;NULL;NULL;NULL;NULL;2;1;0;0;0;0;0.5000;0.0000;2.0000;;;;;;;;;;;;;0;NULL;NULL;a7e82b4e-7af0-436f-bdb3-cb761c29dc67;NULL;NULL;16;1;0.5000;0.0000;2.0000;Exposure;0.0000;2026-03-23 14:02:02.3638;Hands;NULL;NULL;OpenXR
NULL;Right;NULL;19;Exposure;NULL;2;1;0;0;0;0;0.5000;0.0000;2.0000;NULL;Skew;anonymous;NULL;Pointer Shoot;PointerEvent;17939;695fba01-0698-4a37-a2d3-5d6f4dc1673b;NULL;-0.0330;-0.0050;-0.2146;357.3874;3.2201;1.9489;0.1700;0.3587;-0.0331;2.0000;0.3587;-0.0331;2.0000;NULL;0;;;;;;;;;;;;;0;NULL;NULL;NULL;NULL;NULL;2;1;0;0;0;0;0.5000;0.0000;2.0000;;;;;;;;;;;;;0;NULL;NULL;a7e82b4e-7af0-436f-bdb3-cb761c29dc67;NULL;NULL;16;1;0.5000;0.0000;2.0000;Exposure;2.7739;2026-03-23 14:02:05.1377;Hands;NULL;NULL;OpenXR
NULL;Right;NULL;19;Exposure;NULL;2;1;0;0;0;0;0.5000;0.0000;2.0000;NULL;Skew;anonymous;NULL;Mole Hit;MoleEvent;17939;695fba01-0698-4a37-a2d3-5d6f4dc1673b;NULL;-0.0330;-0.0050;-0.2146;357.3874;3.2201;1.9489;0.0714;0.4710;0.0228;2.0000;0.4710;0.0228;2.0000;NULL;1;;;;;;;;;;;;;0;NULL;NULL;NULL;NULL;NULL;2;1;0;0;0;0;0.5000;0.0000;2.0000;;;;;;;;;;;;;0;NULL;NULL;a7e82b4e-7af0-436f-bdb3-cb761c29dc67;NULL;NULL;16;1;0.5000;0.0000;2.0000;Exposure;0.0000;2026-03-23 14:02:05.1577;Hands;NULL;NULL;OpenXR
NULL;Right;NULL;NULL;Exposure;NULL;3;2;0;1;0;0;-0.5000;0.0000;2.0000;NULL;Skew;anonymous;NULL;Mole Spawned;MoleEvent;17939;695fba01-0698-4a37-a2d3-5d6f4dc1673b;NULL;-0.0330;-0.0050;-0.2146;357.3874;3.2201;1.9489;0.1965;-0.3193;0.0270;2.0000;-0.3193;0.0270;2.0000;NULL;0;;;;;;;;;;;;;0;NULL;NULL;NULL;NULL;NULL;3;2;0;1;0;0;-0.5000;0.0000;2.0000;;;;;;;;;;;;;0;NULL;NULL;a7e82b4e-7af0-436f-bdb3-cb761c29dc67;NULL;NULL;NULL;2;-0.5000;0.0000;2.0000;Exposure;0.0000;2026-03-23 14:02:05.1777;Hands;NULL;NULL;OpenXR
NULL;Right;NULL;20;Exposure;NULL;3;2;0;1;0;0;-0.5000;0.0000;2.0000;NULL;Skew;anonymous;NULL;Pointer Shoot;PointerEvent;18269;695fba01-0698-4a37-a2d3-5d6f4dc1673b;NULL;-0.0482;-0.0034;-0.2177;356.0774;352.3999;1.2925;0.2037;-0.4923;0.0712;2.0000;-0.4923;0.0712;2.0000;NULL;0;;;;;;;;;;;;;0;NULL;NULL;NULL;NULL;NULL;3;2;0;1;0;0;-0.5000;0.0000;2.0000;;;;;;;;;;;;;0;NULL;NULL;a7e82b4e-7af0-436f-bdb3-cb761c29dc67;NULL;NULL;17;2;-0.5000;0.0000;2.0000;Exposure;2.7491;2026-03-23 14:02:07.9268;Hands;NULL;NULL;OpenXR
NULL;Right;NULL;20;Exposure;NULL;3;2;0;1;0;0;-0.5000;0.0000;2.0000;NULL;Skew;anonymous;NULL;Mole Hit;MoleEvent;18269;695fba01-0698-4a37-a2d3-5d6f4dc1673b;NULL;-0.0482;-0.0034;-0.2177;356.0774;352.3999;1.2925;0.0752;-0.4601;-0.0223;2.0000;-0.4601;-0.0223;2.0000;NULL;1;;;;;;;;;;;;;0;NULL;NULL;NULL;NULL;NULL;3;2;0;1;0;0;-0.5000;0.0000;2.0000;;;;;;;;;;;;;0;NULL;NULL;a7e82b4e-7af0-436f-bdb3-cb761c29dc67;NULL;NULL;17;2;-0.5000;0.0000;2.0000;Exposure;0.0000;2026-03-23 14:02:07.9468;Hands;NULL;NULL;OpenXR
NULL;Right;NULL;NULL;Exposure;NULL;1;0;0;-1;0;0;0.0000;0.0000;2.0000;NULL;Skew;anonymous;NULL;Mole Spawned;MoleEvent;18269;695fba01-0698-4a37-a2d3-5d6f4dc1673b;NULL;-0.0482;-0.0034;-0.2177;356.0774;352.3999;1.2925;0.1438;0.0878;0.0399;2.0000;0.0878;0.0399;2.0000;NULL;0;;;;;;;;;;;;;0;NULL;NULL;NULL;NULL;NULL;1;0;0;-1;0;0;0.0000;0.0000;2.0000;;;;;;;;;;;;;0;NULL;NULL;a7e82b4e-7af0-436f-bdb3-cb761c29dc67;NULL;NULL;NULL;0;0.0000;0.0000;2.0000;Exposure;0.0000;2026-03-23 14:02:07.9668;Hands;NULL;NULL;OpenXR
NULL;Right;NULL;21;Exposure;NULL;1;0;0;-1;0;0;0.0000;0.0000;2.0000;NULL;Skew;anonymous;NULL;Pointer Shoot;PointerEvent;18633;695fba01-0698-4a37-a2d3-5d6f4dc1673b;NULL;-0.0330;-0.0024;-0.2158;355.7495;0.5778;1.2794;0.1458;-0.1003;-0.0371;2.0000;-0.1003;-0.0371;2.0000;NULL;0;;;;;;;;;;;;;0;NULL;NULL;NULL;NULL;NULL;1;0;0;-1;0;0;0.0000;0.0000;2.0000;;;;;;;;;;;;;0;NULL;NULL;a7e82b4e-7af0-436f-bdb3-cb761c29dc67;NULL;NULL;18;0;0.0000;0.0000;2.0000;Exposure;3.0416;2026-03-23 14:02:11.0084;Hands;NULL;NULL;OpenXR
NULL;Right;NULL;21;Exposure;NULL;1;0;0;-1;0;0;0.0000;0.0000;2.0000;NULL;Skew;anonymous;NULL;Mole Hit;MoleEvent;18633;695fba01-0698-4a37-a2d3-5d6f4dc1673b;NULL;-0.0330;-0.0024;-0.2158;355.7495;0.5778;1.2794;0.0204;0.0204;0.0001;2.0000;0.0204;0.0001;2.0000;NULL;1;;;;;;;;;;;;;0;NULL;NULL;NULL;NULL;NULL;1;0;0;-1;0;0;0.0000;0.0000;2.0000;;;;;;;;;;;;;0;NULL;NULL;a7e82b4e-7af0-436f-bdb3-cb761c29dc67;NULL;NULL;18;0;0.0000;0.0000;2.0000;Exposure;0.0000;2026-03-23 14:02:11.0284;Hands;NULL;NULL;OpenXR
NULL;Right;NULL;NULL;Exposure;NULL;3;2;0;1;0;0;-0.5000;0.0000;2.0000;NULL;Skew;anonymous;NULL;Mole Spawned;MoleEvent;18633;695fba01-0698-4a37-a2d3-5d6f4dc1673b;NULL;-0.0330;-0.0024;-0.2158;355.7495;0.5778;1.2794;0.1923;-0.5239;-0.0668;2.0000;-0.5239;-0.0668;2.0000;NULL;0;;;;;;;;;;;;;0;NULL;NULL;NULL;NULL;NULL;3;2;0;1;0;0;-0.5000;0.0000;2.0000;;;;;;;;;;;;;0;NULL;NULL;a7e82b4e-7af0-436f-bdb3-cb761c29dc67;NULL;NULL;NULL;2;-0.5000;0.0000;2.0000;Exposure;0.0000;2026-03-23 14:02:11.0484;Hands;NULL;NULL;OpenXR
NULL;Right;NULL;22;Exposure;NULL;3;2;0;1;0;0;-0.5000;0.0000;2.0000;NULL;Skew;anonymous;NULL;Pointer Shoot;PointerEvent;18954;695fba01-0698-4a37-a2d3-5d6f4dc1673b;NULL;-0.0419;-0.0048;-0.2123;357.2453;354.1175;0.3969;0.1506;-0.5221;-0.0521;2.0000;-0.5221;-0.0521;2.0000;NULL;0;;;;;;;;;;;;;0;NULL;NULL;NULL;NULL;NULL;3;2;0;1;0;0;-0.5000;0.0000;2.0000;;;;;;;;;;;;;0;NULL;NULL;a7e82b4e-7af0-436f-bdb3-cb761c29dc67;NULL;NULL;19;2;-0.5000;0.0000;2.0000;Exposure;2.6920;2026-03-23 14:02:13.7404;Hands;NULL;NULL;OpenXR
NULL;Right;NULL;22;Exposure;NULL;3;2;0;1;0;0;-0.5000;0.0000;2.0000;NULL;Skew;anonymous;NULL;Mole Missed;PointerEvent;18954;695fba01-0698-4a37-a2d3-5d6f4dc1673b;NULL;-0.0419;-0.0048;-0.2123;357.2453;354.1175;0.3969;0.1496;-0.5534;0.0489;2.0000;-0.5534;0.0489;2.0000;NULL;0;;;;;;;;;;;;;0;NULL;NULL;NULL;NULL;NULL;3;2;0;1;0;0;-0.5000;0.0000;2.0000;;;;;;;;;;;;;0;NULL;NULL;a7e82b4e-7af0-436f-bdb3-cb761c29dc67;NULL;NULL;19;2;-0.5000;0.0000;2.0000;Exposure;0.0000;2026-03-23 14:02:13.7604;Hands;NULL;NULL;OpenXR
NULL;Right;NULL;23;Exposure;NULL;3;2;0;1;0;0;-0.5000;0.0000;2.0000;NULL;Skew;anonymous;NULL;Pointer Shoot;PointerEvent;19283;695fba01-0698-4a37-a2d3-5d6f4dc1673b;NULL;-0.0407;-0.0016;-0.2142;355.9555;354.2949;1.0161;0.1893;-0.5484;0.0640;2.0000;-0.5484;0.0640;2.0000;NULL;0;;;;;;;;;;;;;0;NULL;NULL;NULL;NULL;NULL;3;2;0;1;0;0;-0.5000;0.0000;2.0000;;;;;;;;;;;;;0;NULL;NULL;a7e82b4e-7af0-436f-bdb3-cb761c29dc67;NULL;NULL;19;2;-0.5000;0.0000;2.0000;Exposure;2.7553;2026-03-23 14:02:16.5157;Hands;NULL;NULL;OpenXR
NULL;Right;NULL;23;Exposure;NULL;3;2;0;1;0;0;-0.5000;0.0000;2.0000;NULL;Skew;anonymous;NULL;Mole Missed;PointerEvent;19283;695fba01-0698-4a37-a2d3-5d6f4dc1673b;NULL;-0.0407;-0.0016;-0.2142;355.9555;354.2949;1.0161;0.1724;-0.5567;0.0570;2.0000;-0.5567;0.0570;2.0000;NULL;0;;;;;;;;;;;;;0;NULL;NULL;NULL;NULL;NULL;3;2;0;1;0;0;-0.5000;0.0000;2.0000;;;;;;;;;;;;;0;NULL;NULL;a7e82b4e-7af0-436f-bdb3-cb761c29dc67;NULL;NULL;19;2;-0.5000;0.0000;2.0000;Exposure;0.0000;2026-03-23 14:02:16.5357;Hands;NULL;NULL;OpenXR
NULL;Right;NULL;24;Exposure;NULL;3;2;0;1;0;0;-0.5000;0.0000;2.0000;NULL;Skew;anonymous;NULL;Pointer Shoot;PointerEvent;19618;695fba01-0698-4a37-a2d3-5d6f4dc1673b;NULL;-0.0367;-0.0045;-0.2144;357.3687;354.8370;0.0909;0.1668;-0.5703;-0.0529;2.0000;-0.5703;-0.0529;2.0000;NULL;0;;;;;;;;;;;;;0;NULL;NULL;NULL;NULL;NULL;3;2;0;1;0;0;-0.5000;0.0000;2.0000;;;;;;;;;;;;;0;NULL;NULL;a7e82b4e-7af0-436f-bdb3-cb761c29dc67;NULL;NULL;19;2;-0.5000;0.0000;2.0000;Exposure;2.7917;2026-03-23 14:02:19.3274;Hands;NULL;NULL;OpenXR
NULL;Right;NULL;24;Exposure;NULL;3;2;0;1;0;0;-0.5000;0.0000;2.0000;NULL;Skew;anonymous;NULL;Mole Hit;MoleEvent;19618;695fba01-0698-4a37-a2d3-5d6f4dc1673b;NULL;-0.0367;-0.0045;-0.2144;357.3687;354.8370;0.0909;0.0795;-0.4965;-0.0278;2.0000;-0.4965;-0.0278;2.0000;NULL;1;;;;;;;;;;;;;0;NULL;NULL;NULL;NULL;NULL;3;2;0;1;0;0;-0.5000;0.0000;2.0000;;;;;;;;;;;;;0;NULL;NULL;a7e82b4e-7af0-436f-bdb3-cb761c29dc67;NULL;NULL;19;2;-0.5000;0.0000;2.0000;Exposure;0.0000;2026-03-23 14:02:19.3474;Hands;NULL;NULL;OpenXR
NULL;Right;NULL;NULL;Exposure;NULL;2;1;0;0;0;0;0.5000;0.0000;2.0000;NULL;Skew;anonymous;NULL;Mole Spawned;MoleEvent;19618;695fba01-0698-4a37-a2d3-5d6f4dc1673b;NULL;-0.0367;-0.0045;-0.2144;357.3687;354.8370;0.0909;0.1262;0.6207;-0.0129;2.0000;0.6207;-0.0129;2.0000;NULL;0;;;;;;;;;;;;;0;NULL;NULL;NULL;NULL;NULL;2;1;0;0;0;0;0.5000;0.0000;2.0000;;;;;;;;;;;;;0;NULL;NULL;a7e82b4e-7af0-436f-bdb3-cb761c29dc67;NULL;NULL;NULL;1;0.5000;0.0000;2.0000;Exposure;0.0000;2026-03-23 14:02:19.3674;Hands;NULL;NULL;OpenXR
NULL;Right;NULL;25;Exposure;NULL;2;1;0;0;0;0;0.5000;0.0000;2.0000;NULL;Skew;anonymous;NULL;Pointer Shoot;PointerEvent;20117;695fba01-0698-4a37-a2d3-5d6f4dc1673b;NULL;-0.0131;-0.0041;-0.2297;356.4240;10.6657;358.5471;0.1526;0.6291;0.0285;2.0000;0.6291;0.0285;2.0000;NULL;0;;;;;;;;;;;;;0;NULL;NULL;NULL;NULL;NULL;2;1;0;0;0;0;0.5000;0.0000;2.0000;;;;;;;;;;;;;0;NULL;NULL;a7e82b4e-7af0-436f-bdb3-cb761c29dc67;NULL;NULL;20;1;0.5000;0.0000;2.0000;Exposure;4.1656;2026-03-23 14:02:23.5330;Hands;NULL;NULL;OpenXR
NULL;Right;NULL;25;Exposure;NULL;2;1;0;0;0;0;0.5000;0.0000;2.0000;NULL;Skew;anonymous;NULL;Mole Hit;MoleEvent;20117;695fba01-0698-4a37-a2d3-5d6f4dc1673b;NULL;-0.0131;-0.0041;-0.2297;356.4240;10.6657;358.5471;0.0288;0.4758;0.0055;2.0000;0.4758;0.0055;2.0000;NULL;1;;;;;;;;;;;;;0;NULL;NULL;NULL;NULL;NULL;2;1;0;0;0;0;0.5000;0.0000;2.0000;;;;;;;;;;;;;0;NULL;NULL;a7e82b4e-7af0-436f-bdb3-cb761c29dc67;NULL;NULL;20;1;0.5000;0.0000;2.0000;Exposure;0.0000;2026-03-23 14:02:23.5530;Hands;NULL;NULL;OpenXR
NULL;Right;NULL;NULL;Exposure;NULL;3;2;0;1;0;0;-0.5000;0.0000;2.0000;NULL;Skew;anonymous;NULL;Mole Spawned;MoleEvent;20117;695fba01-0698-4a37-a2d3-5d6f4dc1673b;NULL;-0.0131;-0.0041;-0.2297;356.4240;10.6657;358.5471;0.1450;-0.5324;0.0495;2.0000;-0.5324;0.0495;2.0000;NULL;0;;;;;;;;;;;;;0;NULL;NULL;NULL;NULL;NULL;3;2;0;1;0;0;-0.5000;0.0000;2.0000;;;;;;;;;;;;;0;NULL;NULL;a7e82b4e-7af0-436f-bdb3-cb761c29dc67;NULL;NULL;NULL;2;-0.5000;0.0000;2.0000;Exposure;0.0000;2026-03-23 14:02:23.5730;Hands;NULL;NULL;OpenXR
NULL;Right;NULL;26;Exposure;NULL;3;2;0;1;0;0;-0.5000;0.0000;2.0000;NULL;Skew;anonymous;NULL;Pointer Shoot;PointerEvent;20451;695fba01-0698-4a37-a2d3-5d6f4dc1673b;NULL;-0.0295;-0.0050;-0.2331;356.1471;350.9992;359.6523;0.1486;-0.3635;-0.0205;2.0000;-0.3635;-0.0205;2.0000;NULL;0;;;;;;;;;;;;;0;NULL;NULL;NULL;NULL;NULL;3;2;0;1;0;0;-0.5000;0.0000;2.0000;;;;;;;;;;;;;0;NULL;NULL;a7e82b4e-7af0-436f-bdb3-cb761c29dc67;NULL;NULL;21;2;-0.5000;0.0000;2.0000;Exposure;2.7906;2026-03-23 14:02:26.3636;Hands;NULL;NULL;OpenXR
NULL;Right;NULL;26;Exposure;NULL;3;2;0;1;0;0;-0.5000;0.0000;2.0000;NULL;Skew;anonymous;NULL;Mole Hit;MoleEvent;20451;695fba01-0698-4a37-a2d3-5d6f4dc1673b;NULL;-0.0295;-0.0050;-0.2331;356.1471;350.9992;359.6523;0.0637;-0.5466;0.0152;2.0000;-0.5466;0.0152;2.0000;NULL;1;;;;;;;;;;;;;0;NULL;NULL;NULL;NULL;NULL;3;2;0;1;0;0;-0.5000;0.0000;2.0000;;;;;;;;;;;;;0;NULL;NULL;a7e82b4e-7af0-436f-bdb3-cb761c29dc67;NULL;NULL;21;2;-0.5000;0.0000;2.0000;Exposure;0.0000;2026-03-23 14:02:26.3836;Hands;NULL;NULL;OpenXR
NULL;Right;NULL;NULL;Exposure;NULL;1;0;0;-1;0;0;0.0000;0.0000;2.0000;NULL;Skew;anonymous;NULL;Mole Spawned;MoleEvent;20451;695fba01-0698-4a37-a2d3-5d6f4dc1673b;NULL;-0.0295;-0.0050;-0.2331;356.1471;350.9992;359.6523;0.1487;0.0886;-0.0418;2.0000;0.0886;-0.0418;2.0000;NULL;0;;;;;;;;;;;;;0;NULL;NULL;NULL;NULL;NULL;1;0;0;-1;0;0;0.0000;0.0000;2.0000;;;;;;;;;;;;;0;NULL;NULL;a7e82b4e-7af0-436f-bdb3-cb761c29dc67;NULL;NULL;NULL;0;0.0000;0.0000;2.0000;Exposure;0.0000;2026-03-23 14:02:26.4036;Hands;NULL;NULL;OpenXR
NULL;Right;NULL;27;Exposure;NULL;1;0;0;-1;0;0;0.0000;0.0000;2.0000;NULL;Skew;anonymous;NULL;Pointer Shoot;PointerEvent;20788;695fba01-0698-4a37-a2d3-5d6f4dc1673b;NULL;-0.0216;-0.0050;-0.2282;356.3375;359.8055;0.3414;0.1703;-0.1003;-0.0482;2.0000;-0.1003;-0.0482;2.0000;NULL;0;;;;;;;;;;;;;0;NULL;NULL;NULL;NULL;NULL;1;0;0;-1;0;0;0.0000;0.0000;2.0000;;;;;;;;;;;;;0;NULL;NULL;a7e82b4e-7af0-436f-bdb3-cb761c29dc67;NULL;NULL;22;0;0.0000;0.0000;2.0000;Exposure;2.8078;2026-03-23 14:02:29.2114;Hands;NULL;NULL;OpenXR
NULL;Right;NULL;27;Exposure;NULL;1;0;0;-1;0;0;0.0000;0.0000;2.0000;NULL;Skew;anonymous;NULL;Mole Hit;MoleEvent;20788;695fba01-0698-4a37-a2d3-5d6f4dc1673b;NULL;-0.0216;-0.0050;-0.2282;356.3375;359.8055;0.3414;0.0271;0.0058;0.0092;2.0000;0.0058;0.0092;2.0000;NULL;1;;;;;;;;;;;;;0;NULL;NULL;NULL;NULL;NULL;1;0;0;-1;0;0;0.0000;0.0000;2.0000;;;;;;;;;;;;;0;NULL;NULL;a7e82b4e-7af0-436f-bdb3-cb761c29dc67;NULL;NULL;22;0;0.0000;0.0000;2.0000;Exposure;0.0000;2026-03-23 14:02:29.2314;Hands;NULL;NULL;OpenXR
NULL;Right;NULL;NULL;Exposure;NULL;2;1;0;0;0;0;0.5000;0.0000;2.0000;NULL;Skew;anonymous;NULL;Mole Spawned;MoleEvent;20788;695fba01-0698-4a37-a2d3-5d6f4dc1673b;NULL;-0.0216;-0.0050;-0.2282;356.3375;359.8055;0.3414;0.1284;0.3776;0.0136;2.0000;0.3776;0.0136;2.0000;NULL;0;;;;;;;;;;;;;0;NULL;NULL;NULL;NULL;NULL;2;1;0;0;0;0;0.5000;0.0000;2.0000;;;;;;;;;;;;;0;NULL;NULL;a7e82b4e-7af0-436f-bdb3-cb761c29dc67;NULL;NULL;NULL;1;0.5000;0.0000;2.0000;Exposure;0.0000;2026-03-23 14:02:29.2514;Hands;NULL;NULL;OpenXR
NULL;Right;NULL;28;Exposure;NULL;2;1;0;0;0;0;0.5000;0.0000;2.0000;NULL;Skew;anonymous;NULL;Pointer Shoot;PointerEvent;21247;695fba01-0698-4a37-a2d3-5d6f4dc1673b;NULL;-0.0304;-0.0025;-0.2099;355.5835;7.6498;0.6265;0.1906;0.3457;-0.0392;2.0000;0.3457;-0.0392;2.0000;NULL;0;;;;;;;;;;;;;0;NULL;NULL;NULL;NULL;NULL;2;1;0;0;0;0;0.5000;0.0000;2.0000;;;;;;;;;;;;;0;NULL;NULL;a7e82b4e-7af0-436f-bdb3-cb761c29dc67;NULL;NULL;23;1;0.5000;0.0000;2.0000;Exposure;3.8322;2026-03-23 14:02:33.0836;Hands;NULL;NULL;OpenXR
NULL;Right;NULL;28;Exposure;NULL;2;1;0;0;0;0;0.5000;0.0000;2.0000;NULL;Skew;anonymous;NULL;Mole Hit;MoleEvent;21247;695fba01-0698-4a37-a2d3-5d6f4dc1673b;NULL;-0.0304;-0.0025;-0.2099;355.5835;7.6498;0.6265;0.0460;0.4658;0.0107;2.0000;0.4658;0.0107;2.0000;NULL;1;;;;;;;;;;;;;0;NULL;NULL;NULL;NULL;NULL;2;1;0;0;0;0;0.5000;0.0000;2.0000;;;;;;;;;;;;;0;NULL;NULL;a7e82b4e-7af0-436f-bdb3-cb761c29dc67;NULL;NULL;23;1;0.5000;0.0000;2.0000;Exposure;0.0000;2026-03-23 14:02:33.1036;Hands;NULL;NULL;OpenXR
NULL;Right;NULL;NULL;Exposure;NULL;3;2;0;1;0;0;-0.5000;0.0000;2.0000;NULL;Skew;anonymous;NULL;Mole Spawned;MoleEvent;21247;695fba01-0698-4a37-a2d3-5d6f4dc1673b;NULL;-0.0304;-0.0025;-0.2099;355.5835;7.6498;0.6265;0.2109;-0.6819;0.0374;2.0000;-0.6819;0.0374;2.0000;NULL;0;;;;;;;;;;;;;0;NULL;NULL;NULL;NULL;NULL;3;2;0;1;0;0;-0.5000;0.0000;2.0000;;;;;;;;;;;;;0;NULL;NULL;a7e82b4e-7af0-436f-bdb3-cb761c29dc67;NULL;NULL;NULL;2;-0.5000;0.0000;2.0000;Exposure;0.0000;2026-03-23 14:02:33.1236;Hands;NULL;NULL;OpenXR
NULL;Right;NULL;29;Exposure;NULL;3;2;0;1;0;0;-0.5000;0.0000;2.0000;NULL;Skew;anonymous;NULL;Pointer Shoot;PointerEvent;22054;695fba01-0698-4a37-a2d3-5d6f4dc1673b;NULL;-0.0326;-0.0003;-0.2010;354.3659;355.9592;359.2905;0.1457;-0.4926;0.0509;2.0000;-0.4926;0.0509;2.0000;NULL;0;;;;;;;;;;;;;0;NULL;NULL;NULL;NULL;NULL;3;2;0;1;0;0;-0.5000;0.0000;2.0000;;;;;;;;;;;;;0;NULL;NULL;a7e82b4e-7af0-436f-bdb3-cb761c29dc67;NULL;NULL;24;2;-0.5000;0.0000;2.0000;Exposure;6.7321;2026-03-23 14:02:39.8557;Hands;NULL;NULL;OpenXR
NULL;Right;NULL;29;Exposure;NULL;3;2;0;1;0;0;-0.5000;0.0000;2.0000;NULL;Skew;anonymous;NULL;Mole Hit;MoleEvent;22054;695fba01-0698-4a37-a2d3-5d6f4dc1673b;NULL;-0.0326;-0.0003;-0.2010;354.3659;355.9592;359.2905;0.0351;-0.4877;0.0115;2.0000;-0.4877;0.0115;2.0000;NULL;1;;;;;;;;;;;;;0;NULL;NULL;NULL;NULL;NULL;3;2;0;1;0;0;-0.5000;0.0000;2.0000;;;;;;;;;;;;;0;NULL;NULL;a7e82b4e-7af0-436f-bdb3-cb761c29dc67;NULL;NULL;24;2;-0.5000;0.0000;2.0000;Exposure;0.0000;2026-03-23 14:02:39.8757;Hands;NULL;NULL;OpenXR
NULL;Right;NULL;NULL;Exposure;NULL;1;0;0;-1;0;0;0.0000;0.0000;2.0000;NULL;Skew;anonymous;NULL;Mole Spawned;MoleEvent;22054;695fba01-0698-4a37-a2d3-5d6f4dc1673b;NULL;-0.0326;-0.0003;-0.2010;354.3659;355.9592;359.2905;0.1809;-0.0342;-0.0622;2.0000;-0.0342;-0.0622;2.0000;NULL;0;;;;;;;;;;;;;0;NULL;NULL;NULL;NULL;NULL;1;0;0;-1;0;0;0.0000;0.0000;2.0000;;;;;;;;;;;;;0;NULL;NULL;a7e82b4e-7af0-436f-bdb3-cb761c29dc67;NULL;NULL;NULL;0;0.0000;0.0000;2.0000;Exposure;0.0000;2026-03-23 14:02:39.8957;Hands;NULL;NULL;OpenXR
NULL;Right;NULL;30;Exposure;NULL;1;0;0;-1;0;0;0.0000;0.0000;2.0000;NULL;Skew;anonymous;NULL;Pointer Shoot;PointerEvent;22610;695fba01-0698-4a37-a2d3-5d6f4dc1673b;NULL;-0.0300;0.0006;-0.2115;355.3061;0.6072;0.7856;0.1492;0.1054;-0.0370;2.0000;0.1054;-0.0370;2.0000;NULL;0;;;;;;;;;;;;;0;NULL;NULL;NULL;NULL;NULL;1;0;0;-1;0;0;0.0000;0.0000;2.0000;;;;;;;;;;;;;0;NULL;NULL;a7e82b4e-7af0-436f-bdb3-cb761c29dc67;NULL;NULL;25;0;0.0000;0.0000;2.0000;Exposure;4.6320;2026-03-23 14:02:44.5277;Hands;NULL;NULL;OpenXR
NULL;Right;NULL;30;Exposure;NULL;1;0;0;-1;0;0;0.0000;0.0000;2.0000;NULL;Skew;anonymous;NULL;Mole Hit;MoleEvent;22610;695fba01-0698-4a37-a2d3-5d6f4dc1673b;NULL;-0.0300;0.0006;-0.2115;355.3061;0.6072;0.7856;0.0389;-0.0245;0.0106;2.0000;-0.0245;0.0106;2.0000;NULL;1;;;;;;;;;;;;;0;NULL;NULL;NULL;NULL;NULL;1;0;0;-1;0;0;0.0000;0.0000;2.0000;;;;;;;;;;;;;0;NULL;NULL;a7e82b4e-7af0-436f-bdb3-cb761c29dc67;NULL;NULL;25;0;0.0000;0.0000;2.0000;Exposure;0.0000;2026-03-23 14:02:44.5477;Hands;NULL;NULL;OpenXR
NULL;Right;NULL;NULL;Exposure;NULL;3;2;0;1;0;0;-0.5000;0.0000;2.0000;NULL;Skew;anonymous;NULL;Mole Spawned;MoleEvent;22610;695fba01-0698-4a37-a2d3-5d6f4dc1673b;NULL;-0.0300;0.0006;-0.2115;355.3061;0.6072;0.7856;0.1958;-0.6184;0.0546;2.0000;-0.6184;0.0546;2.0000;NULL;0;;;;;;;;;;;;;0;NULL;NULL;NULL;NULL;NULL;3;2;0;1;0;0;-0.5000;0.0000;2.0000;;;;;;;;;;;;;0;NULL;NULL;a7e82b4e-7af0-436f-bdb3-cb761c29dc67;NULL;NULL;NULL;2;-0.5000;0.0000;2.0000;Exposure;0.0000;2026-03-23 14:02:44.5677;Hands;NULL;NULL;OpenXR
NULL;Right;NULL;31;Exposure;NULL;3;2;0;1;0;0;-0.5000;0.0000;2.0000;NULL;Skew;anonymous;NULL;Pointer Shoot;PointerEvent;22964;695fba01-0698-4a37-a2d3-5d6f4dc1673b;NULL;-0.0307;-0.0054;-0.2210;358.3267;355.1748;359.1381;0.2182;-0.2981;0.0290;2.0000;-0.2981;0.0290;2.0000;NULL;0;;;;;;;;;;;;;0;NULL;NULL;NULL;NULL;NULL;3;2;0;1;0;0;-0.5000;0.0000;2.0000;;;;;;;;;;;;;0;NULL;NULL;a7e82b4e-7af0-436f-bdb3-cb761c29dc67;NULL;NULL;26;2;-0.5000;0.0000;2.0000;Exposure;2.9578;2026-03-23 14:02:47.5255;Hands;NULL;NULL;OpenXR
NULL;Right;NULL;31;Exposure;NULL;3;2;0;1;0;0;-0.5000;0.0000;2.0000;NULL;Skew;anonymous;NULL;Mole Hit;MoleEvent;22964;695fba01-0698-4a37-a2d3-5d6f4dc1673b;NULL;-0.0307;-0.0054;-0.2210;358.3267;355.1748;359.1381;0.0358;-0.5106;-0.0120;2.0000;-0.5106;-0.0120;2.0000;NULL;1;;;;;;;;;;;;;0;NULL;NULL;NULL;NULL;NULL;3;2;0;1;0;0;-0.5000;0.0000;2.0000;;;;;;;;;;;;;0;NULL;NULL;a7e82b4e-7af0-436f-bdb3-cb761c29dc67;NULL;NULL;26;2;-0.5000;0.0000;2.0000;Exposure;0.0000;2026-03-23 14:02:47.5455;Hands;NULL;NULL;OpenXR
NULL;Right;NULL;NULL;Exposure;NULL;1;0;0;-1;0;0;0.0000;0.0000;2.0000;NULL;Skew;anonymous;NULL;Mole Spawned;MoleEvent;22964;695fba01-0698-4a37-a2d3-5d6f4dc1673b;NULL;-0.0307;-0.0054;-0.2210;358.3267;355.1748;359.1381;0.1722;0.0001;0.0603;2.0000;0.0001;0.0603;2.0000;NULL;0;;;;;;;;;;;;;0;NULL;NULL;NULL;NULL;NULL;1;0;0;-1;0;0;0.0000;0.0000;2.0000;;;;;;;;;;;;;0;NULL;NULL;a7e82b4e-7af0-436f-bdb3-cb761c29dc67;NULL;NULL;NULL;0;0.0000;0.0000;2.0000;Exposure;0.0000;2026-03-23 14:02:47.5655;Hands;NULL;NULL;OpenXR
NULL;Right;NULL;32;Exposure;NULL;1;0;0;-1;0;0;0.0000;0.0000;2.0000;NULL;Skew;anonymous;NULL;Pointer Shoot;PointerEvent;23295;695fba01-0698-4a37-a2d3-5d6f4dc1673b;NULL;-0.0289;-0.0064;-0.2151;358.7744;0.7753;0.8399;0.1971;0.1469;-0.0460;2.0000;0.1469;-0.0460;2.0000;NULL;0;;;;;;;;;;;;;0;NULL;NULL;NULL;NULL;NULL;1;0;0;-1;0;0;0.0000;0.0000;2.0000;;;;;;;;;;;;;0;NULL;NULL;a7e82b4e-7af0-436f-bdb3-cb761c29dc67;NULL;NULL;27;0;0.0000;0.0000;2.0000;Exposure;2.7654;2026-03-23 14:02:50.3309;Hands;NULL;NULL;OpenXR
NULL;Right;NULL;32;Exposure;NULL;1;0;0;-1;0;0;0.0000;0.0000;2.0000;NULL;Skew;anonymous;NULL;Mole Hit;MoleEvent;23295;695fba01-0698-4a37-a2d3-5d6f4dc1673b;NULL;-0.0289;-0.0064;-0.2151;358.7744;0.7753;0.8399;0.0659;-0.0044;0.0230;2.0000;-0.0044;0.0230;2.0000;NULL;1;;;;;;;;;;;;;0;NULL;NULL;NULL;NULL;NULL;1;0;0;-1;0;0;0.0000;0.0000;2.0000;;;;;;;;;;;;;0;NULL;NULL;a7e82b4e-7af0-436f-bdb3-cb761c29dc67;NULL;NULL;27;0;0.0000;0.0000;2.0000;Exposure;0.0000;2026-03-23 14:02:50.3509;Hands;NULL;NULL;OpenXR
NULL;Right;NULL;NULL;Exposure;NULL;3;2;0;1;0;0;-0.5000;0.0000;2.0000;NULL;Skew;anonymous;NULL;Mole Spawned;MoleEvent;23295;695fba01-0698-4a37-a2d3-5d6f4dc1673b;NULL;-0.0289;-0.0064;-0.2151;358.7744;0.7753;0.8399;0.2051;-0.4946;0.0718;2.0000;-0.4946;0.0718;2.0000;NULL;0;;;;;;;;;;;;;0;NULL;NULL;NULL;NULL;NULL;3;2;0;1;0;0;-0.5000;0.0000;2.0000;;;;;;;;;;;;;0;NULL;NULL;a7e82b4e-7af0-436f-bdb3-cb761c29dc67;NULL;NULL;NULL;2;-0.5000;0.0000;2.0000;Exposure;0.0000;2026-03-23 14:02:50.3709;Hands;NULL;NULL;OpenXR
NULL;Right;NULL;33;Exposure;NULL;3;2;0;1;0;0;-0.5000;0.0000;2.0000;NULL;Skew;anonymous;NULL;Pointer Shoot;PointerEvent;23644;695fba01-0698-4a37-a2d3-5d6f4dc1673b;NULL;-0.0355;-0.0056;-0.2111;358.2555;355.7473;0.3062;0.1603;-0.4468;0.0529;2.0000;-0.4468;0.0529;2.0000;NULL;0;;;;;;;;;;;;;0;NULL;NULL;NULL;NULL;NULL;3;2;0;1;0;0;-0.5000;0.0000;2.0000;;;;;;;;;;;;;0;NULL;NULL;a7e82b4e-7af0-436f-bdb3-cb761c29dc67;NULL;NULL;28;2;-0.5000;0.0000;2.0000;Exposure;2.9164;2026-03-23 14:02:53.2873;Hands;NULL;NULL;OpenXR
NULL;Right;NULL;33;Exposure;NULL;3;2;0;1;0;0;-0.5000;0.0000;2.0000;NULL;Skew;anonymous;NULL;Mole Hit;MoleEvent;23644;695fba01-0698-4a37-a2d3-5d6f4dc1673b;NULL;-0.0355;-0.0056;-0.2111;358.2555;355.7473;0.3062;0.0661;-0.4950;-0.0231;2.0000;-0.4950;-0.0231;2.0000;NULL;1;;;;;;;;;;;;;0;NULL;NULL;NULL;NULL;NULL;3;2;0;1;0;0;-0.5000;0.0000;2.0000;;;;;;;;;;;;;0;NULL;NULL;a7e82b4e-7af0-436f-bdb3-cb761c29dc67;NULL;NULL;28;2;-0.5000;0.0000;2.0000;Exposure;0.0000;2026-03-23 14:02:53.3073;Hands;NULL;NULL;OpenXR
NULL;Right;NULL;NULL;Exposure;NULL;2;1;0;0;0;0;0.5000;0.0000;2.0000;NULL;Skew;anonymous;NULL;Mole Spawned;MoleEvent;23644;695fba01-0698-4a37-a2d3-5d6f4dc1673b;NULL;-0.0355;-0.0056;-0.2111;358.2555;355.7473;0.3062;0.1933;0.6798;0.0249;2.0000;0.6798;0.0249;2.0000;NULL;0;;;;;;;;;;;;;0;NULL;NULL;NULL;NULL;NULL;2;1;0;0;0;0;0.5000;0.0000;2.0000;;;;;;;;;;;;;0;NULL;NULL;a7e82b4e-7af0-436f-bdb3-cb761c29dc67;NULL;NULL;NULL;1;0.5000;0.0000;2.0000;Exposure;0.0000;2026-03-23 14:02:53.3273;Hands;NULL;NULL;OpenXR
NULL;Right;NULL;34;Exposure;NULL;2;1;0;0;0;0;0.5000;0.0000;2.0000;NULL;Skew;anonymous;NULL;Pointer Shoot;PointerEvent;23975;695fba01-0698-4a37-a2d3-5d6f4dc1673b;NULL;-0.0273;-0.0035;-0.2156;356.6097;8.2431;2.2604;0.1707;0.6227;-0.0415;2.0000;0.6227;-0.0415;2.0000;NULL;0;;;;;;;;;;;;;0;NULL;NULL;NULL;NULL;NULL;2;1;0;0;0;0;0.5000;0.0000;2.0000;;;;;;;;;;;;;0;NULL;NULL;a7e82b4e-7af0-436f-bdb3-cb761c29dc67;NULL;NULL;29;1;0.5000;0.0000;2.0000;Exposure;2.7655;2026-03-23 14:02:56.0928;Hands;NULL;NULL;OpenXR
NULL;Right;NULL;34;Exposure;NULL;2;1;0;0;0;0;0.5000;0.0000;2.0000;NULL;Skew;anonymous;NULL;Mole Hit;MoleEvent;23975;695fba01-0698-4a37-a2d3-5d6f4dc1673b;NULL;-0.0273;-0.0035;-0.2156;356.6097;8.2431;2.2604;0.0468;0.4596;-0.0083;2.0000;0.4596;-0.0083;2.0000;NULL;1;;;;;;;;;;;;;0;NULL;NULL;NULL;NULL;NULL;2;1;0;0;0;0;0.5000;0.0000;2.0000;;;;;;;;;;;;;0;NULL;NULL;a7e82b4e-7af0-436f-bdb3-cb761c29dc67;NULL;NULL;29;1;0.5000;0.0000;2.0000;Exposure;0.0000;2026-03-23 14:02:56.1128;Hands;NULL;NULL;OpenXR
NULL;Right;NULL;NULL;Exposure;NULL;1;0;0;-1;0;0;0.0000;0.0000;2.0000;NULL;Skew;anonymous;NULL;Mole Spawned;MoleEvent;23975;695fba01-0698-4a37-a2d3-5d6f4dc1673b;NULL;-0.0273;-0.0035;-0.2156;356.6097;8.2431;2.2604;0.1456;0.1037;0.0358;2.0000;0.1037;0.0358;2.0000;NULL;0;;;;;;;;;;;;;0;NULL;NULL;NULL;NULL;NULL;1;0;0;-1;0;0;0.0000;0.0000;2.0000;;;;;;;;;;;;;0;NULL;NULL;a7e82b4e-7af0-436f-bdb3-cb761c29dc67;NULL;NULL;NULL;0;0.0000;0.0000;2.0000;Exposure;0.0000;2026-03-23 14:02:56.1328;Hands;NULL;NULL;OpenXR
NULL;Right;NULL;35;Exposure;NULL;1;0;0;-1;0;0;0.0000;0.0000;2.0000;NULL;Skew;anonymous;NULL;Pointer Shoot;PointerEvent;24297;695fba01-0698-4a37-a2d3-5d6f4dc1673b;NULL;-0.0325;-0.0038;-0.2128;356.7304;2.8628;1.4117;0.2065;-0.0859;-0.0657;2.0000;-0.0859;-0.0657;2.0000;NULL;0;;;;;;;;;;;;;0;NULL;NULL;NULL;NULL;NULL;1;0;0;-1;0;0;0.0000;0.0000;2.0000;;;;;;;;;;;;;0;NULL;NULL;a7e82b4e-7af0-436f-bdb3-cb761c29dc67;NULL;NULL;30;0;0.0000;0.0000;2.0000;Exposure;2.7841;2026-03-23 14:02:58.9169;Hands;NULL;NULL;OpenXR
NULL;Right;NULL;35;Exposure;NULL;1;0;0;-1;0;0;0.0000;0.0000;2.0000;NULL;Skew;anonymous;NULL;Mole Hit;MoleEvent;24297;695fba01-0698-4a37-a2d3-5d6f4dc1673b;NULL;-0.0325;-0.0038;-0.2128;356.7304;2.8628;1.4117;0.0244;-0.0077;0.0081;2.0000;-0.0077;0.0081;2.0000;NULL;1;;;;;;;;;;;;;0;NULL;NULL;NULL;NULL;NULL;1;0;0;-1;0;0;0.0000;0.0000;2.0000;;;;;;;;;;;;;0;NULL;NULL;a7e82b4e-7af0-436f-bdb3-cb761c29dc67;NULL;NULL;30;0;0.0000;0.0000;2.0000;Exposure;0.0000;2026-03-23 14:02:58.9369;Hands;NULL;NULL;OpenXR
NULL;Right;NULL;NULL;Exposure;NULL;2;1;0;0;0;0;0.5000;0.0000;2.0000;NULL;Skew;anonymous;NULL;Mole Spawned;MoleEvent;24297;695fba01-0698-4a37-a2d3-5d6f4dc1673b;NULL;-0.0325;-0.0038;-0.2128;356.7304;2.8628;1.4117;0.1656;0.5257;0.0573;2.0000;0.5257;0.0573;2.0000;NULL;0;;;;;;;;;;;;;0;NULL;NULL;NULL;NULL;NULL;2;1;0;0;0;0;0.5000;0.0000;2.0000;;;;;;;;;;;;;0;NULL;NULL;a7e82b4e-7af0-436f-bdb3-cb761c29dc67;NULL;NULL;NULL;1;0.5000;0.0000;2.0000;Exposure;0.0000;2026-03-23 14:02:58.9569;Hands;NULL;NULL;OpenXR
NULL;Right;NULL;36;Exposure;NULL;2;1;0;0;0;0;0.5000;0.0000;2.0000;NULL;Skew;anonymous;NULL;Pointer Shoot;PointerEvent;24638;695fba01-0698-4a37-a2d3-5d6f4dc1673b;NULL;-0.0339;-0.0035;-0.2132;356.6845;6.6969;2.9885;0.1797;0.4116;0.0548;2.0000;0.4116;0.0548;2.0000;NULL;0;;;;;;;;;;;;;0;NULL;NULL;NULL;NULL;NULL;2;1;0;0;0;0;0.5000;0.0000;2.0000;;;;;;;;;;;;;0;NULL;NULL;a7e82b4e-7af0-436f-bdb3-cb761c29dc67;NULL;NULL;31;1;0.5000;0.0000;2.0000;Exposure;2.8492;2026-03-23 14:03:01.8061;Hands;NULL;NULL;OpenXR
NULL;Right;NULL;36;Exposure;NULL;2;1;0;0;0;0;0.5000;0.0000;2.0000;NULL;Skew;anonymous;NULL;Mole Hit;MoleEvent;24638;695fba01-0698-4a37-a2d3-5d6f4dc1673b;NULL;-0.0339;-0.0035;-0.2132;356.6845;6.6969;2.9885;0.0583;0.5405;-0.0147;2.0000;0.5405;-0.0147;2.0000;NULL;1;;;;;;;;;;;;;0;NULL;NULL;NULL;NULL;NULL;2;1;0;0;0;0;0.5000;0.0000;2.0000;;;;;;;;;;;;;0;NULL;NULL;a7e82b4e-7af0-436f-bdb3-cb761c29dc67;NULL;NULL;31;1;0.5000;0.0000;2.0000;Exposure;0.0000;2026-03-23 14:03:01.8261;Hands;NULL;NULL;OpenXR
NULL;Right;NULL;NULL;Exposure;NULL;3;2;0;1;0;0;-0.5000;0.0000;2.0000;NULL;Skew;anonymous;NULL;Mole Spawned;MoleEvent;24638;695fba01-0698-4a37-a2d3-5d6f4dc1673b;NULL;-0.0339;-0.0035;-0.2132;356.6845;6.6969;2.9885;0.1272;-0.3813;0.0160;2.0000;-0.3813;0.0160;2.0000;NULL;0;;;;;;;;;;;;;0;NULL;NULL;NULL;NULL;NULL;3;2;0;1;0;0;-0.5000;0.0000;2.0000;;;;;;;;;;;;;0;NULL;NULL;a7e82b4e-7af0-436f-bdb3-cb761c29dc67;NULL;NULL;NULL;2;-0.5000;0.0000;2.0000;Exposure;0.0000;2026-03-23 14:03:01.8461;Hands;NULL;NULL;OpenXR
NULL;Right;NULL;37;Exposure;NULL;3;2;0;1;0;0;-0.5000;0.0000;2.0000;NULL;Skew;anonymous;NULL;Pointer Shoot;PointerEvent;24974;695fba01-0698-4a37-a2d3-5d6f4dc1673b;NULL;-0.0385;-0.0029;-0.2149;356.1966;356.4250;359.9176;0.2047;-0.3105;-0.0271;2.0000;-0.3105;-0.0271;2.0000;NULL;0;;;;;;;;;;;;;0;NULL;NULL;NULL;NULL;NULL;3;2;0;1;0;0;-0.5000;0.0000;2.0000;;;;;;;;;;;;;0;NULL;NULL;a7e82b4e-7af0-436f-bdb3-cb761c29dc67;NULL;NULL;32;2;-0.5000;0.0000;2.0000;Exposure;2.8075;2026-03-23 14:03:04.6536;Hands;NULL;NULL;OpenXR
NULL;Right;NULL;37;Exposure;NULL;3;2;0;1;0;0;-0.5000;0.0000;2.0000;NULL;Skew;anonymous;NULL;Mole Hit;MoleEvent;24974;695fba01-0698-4a37-a2d3-5d6f4dc1673b;NULL;-0.0385;-0.0029;-0.2149;356.1966;356.4250;359.9176;0.0502;-0.4532;0.0064;2.0000;-0.4532;0.0064;2.0000;NULL;1;;;;;;;;;;;;;0;NULL;NULL;NULL;NULL;NULL;3;2;0;1;0;0;-0.5000;0.0000;2.0000;;;;;;;;;;;;;0;NULL;NULL;a7e82b4e-7af0-436f-bdb3-cb761c29dc67;NULL;NULL;32;2;-0.5000;0.0000;2.0000;Exposure;0.0000;2026-03-23 14:03:04.6736;Hands;NULL;NULL;OpenXR
NULL;Right;NULL;NULL;Exposure;NULL;1;0;0;-1;0;0;0.0000;0.0000;2.0000;NULL;Skew;anonymous;NULL;Mole Spawned;MoleEvent;24974;695fba01-0698-4a37-a2d3-5d6f4dc1673b;NULL;-0.0385;-0.0029;-0.2149;356.1966;356.4250;359.9176;0.1770;-0.1343;-0.0403;2.0000;-0.1343;-0.0403;2.0000;NULL;0;;;;;;;;;;;;;0;NULL;NULL;NULL;NULL;NULL;1;0;0;-1;0;0;0.0000;0.0000;2.0000;;;;;;;;;;;;;0;NULL;NULL;a7e82b4e-7af0-436f-bdb3-cb761c29dc67;NULL;NULL;NULL;0;0.0000;0.0000;2.0000;Exposure;0.0000;2026-03-23 14:03:04.6936;Hands;NULL;NULL;OpenXR
NULL;Right;NULL;38;Exposure;NULL;1;0;0;-1;0;0;0.0000;0.0000;2.0000;NULL;Skew;anonymous;NULL;Pointer Shoot;PointerEvent;25313;695fba01-0698-4a37-a2d3-5d6f4dc1673b;NULL;-0.0345;-0.0039;-0.2091;357.3134;2.0915;0.9294;0.2001;0.1482;0.0471;2.0000;0.1482;0.0471;2.0000;NULL;0;;;;;;;;;;;;;0;NULL;NULL;NULL;NULL;NULL;1;0;0;-1;0;0;0.0000;0.0000;2.0000;;;;;;;;;;;;;0;NULL;NULL;a7e82b4e-7af0-436f-bdb3-cb761c29dc67;NULL;NULL;33;0;0.0000;0.0000;2.0000;Exposure;2.8329;2026-03-23 14:03:07.5265;Hands;NULL;NULL;OpenXR
NULL;Right;NULL;38;Exposure;NULL;1;0;0;-1;0;0;0.0000;0.0000;2.0000;NULL;Skew;anonymous;NULL;Mole Hit;MoleEvent;25313;695fba01-0698-4a37-a2d3-5d6f4dc1673b;NULL;-0.0345;-0.0039;-0.2091;357.3134;2.0915;0.9294;0.0506;0.0030;0.0177;2.0000;0.0030;0.0177;2.0000;NULL;1;;;;;;;;;;;;;0;NULL;NULL;NULL;NULL;NULL;1;0;0;-1;0;0;0.0000;0.0000;2.0000;;;;;;;;;;;;;0;NULL;NULL;a7e82b4e-7af0-436f-bdb3-cb761c29dc67;NULL;NULL;33;0;0.0000;0.0000;2.0000;Exposure;0.0000;2026-03-23 14:03:07.5465;Hands;NULL;NULL;OpenXR
NULL;Right;NULL;NULL;Exposure;NULL;2;1;0;0;0;0;0.5000;0.0000;2.0000;NULL;Skew;anonymous;NULL;Mole Spawned;MoleEvent;25313;695fba01-0698-4a37-a2d3-5d6f4dc1673b;NULL;-0.0345;-0.0039;-0.2091;357.3134;2.0915;0.9294;0.1538;0.4905;-0.0537;2.0000;0.4905;-0.0537;2.0000;NULL;0;;;;;;;;;;;;;0;NULL;NULL;NULL;NULL;NULL;2;1;0;0;0;0;0.5000;0.0000;2.0000;;;;;;;;;;;;;0;NULL;NULL;a7e82b4e-7af0-436f-bdb3-cb761c29dc67;NULL;NULL;NULL;1;0.5000;0.0000;2.0000;Exposure;0.0000;2026-03-23 14:03:07.5665;Hands;NULL;NULL;OpenXR
NULL;Right;NULL;39;Exposure;NULL;2;1;0;0;0;0;0.5000;0.0000;2.0000;NULL;Skew;anonymous;NULL;Pointer Shoot;PointerEvent;25649;695fba01-0698-4a37-a2d3-5d6f4dc1673b;NULL;-0.0301;-0.0034;-0.2110;356.3032;10.0984;1.6305;0.1323;0.4844;0.0460;2.0000;0.4844;0.0460;2.0000;NULL;0;;;;;;;;;;;;;0;NULL;NULL;NULL;NULL;NULL;2;1;0;0;0;0;0.5000;0.0000;2.0000;;;;;;;;;;;;;0;NULL;NULL;a7e82b4e-7af0-436f-bdb3-cb761c29dc67;NULL;NULL;34;1;0.5000;0.0000;2.0000;Exposure;2.8151;2026-03-23 14:03:10.3816;Hands;NULL;NULL;OpenXR
NULL;Right;NULL;39;Exposure;NULL;2;1;0;0;0;0;0.5000;0.0000;2.0000;NULL;Skew;anonymous;NULL;Mole Hit;MoleEvent;25649;695fba01-0698-4a37-a2d3-5d6f4dc1673b;NULL;-0.0301;-0.0034;-0.2110;356.3032;10.0984;1.6305;0.0448;0.4977;-0.0157;2.0000;0.4977;-0.0157;2.0000;NULL;1;;;;;;;;;;;;;0;NULL;NULL;NULL;NULL;NULL;2;1;0;0;0;0;0.5000;0.0000;2.0000;;;;;;;;;;;;;0;NULL;NULL;a7e82b4e-7af0-436f-bdb3-cb761c29dc67;NULL;NULL;34;1;0.5000;0.0000;2.0000;Exposure;0.0000;2026-03-23 14:03:10.4016;Hands;NULL;NULL;OpenXR
NULL;Right;NULL;NULL;Exposure;NULL;1;0;0;-1;0;0;0.0000;0.0000;2.0000;NULL;Skew;anonymous;NULL;Mole Spawned;MoleEvent;25649;695fba01-0698-4a37-a2d3-5d6f4dc1673b;NULL;-0.0301;-0.0034;-0.2110;356.3032;10.0984;1.6305;0.1355;0.1196;-0.0222;2.0000;0.1196;-0.0222;2.0000;NULL;0;;;;;;;;;;;;;0;NULL;NULL;NULL;NULL;NULL;1;0;0;-1;0;0;0.0000;0.0000;2.0000;;;;;;;;;;;;;0;NULL;NULL;a7e82b4e-7af0-436f-bdb3-cb761c29dc67;NULL;NULL;NULL;0;0.0000;0.0000;2.0000;Exposure;0.0000;2026-03-23 14:03:10.4216;Hands;NULL;NULL;OpenXR
NULL;Right;NULL;40;Exposure;NULL;1;0;0;-1;0;0;0.0000;0.0000;2.0000;NULL;Skew;anonymous;NULL;Pointer Shoot;PointerEvent;25994;695fba01-0698-4a37-a2d3-5d6f4dc1673b;NULL;-0.0338;-0.0046;-0.2054;357.0400;4.3542;0.1808;0.2005;0.0577;-0.0672;2.0000;0.0577;-0.0672;2.0000;NULL;0;;;;;;;;;;;;;0;NULL;NULL;NULL;NULL;NULL;1;0;0;-1;0;0;0.0000;0.0000;2.0000;;;;;;;;;;;;;0;NULL;NULL;a7e82b4e-7af0-436f-bdb3-cb761c29dc67;NULL;NULL;35;0;0.0000;0.0000;2.0000;Exposure;2.8746;2026-03-23 14:03:13.2962;Hands;NULL;NULL;OpenXR
NULL;Right;NULL;40;Exposure;NULL;1;0;0;-1;0;0;0.0000;0.0000;2.0000;NULL;Skew;anonymous;NULL;Mole Hit;MoleEvent;25994;695fba01-0698-4a37-a2d3-5d6f4dc1673b;NULL;-0.0338;-0.0046;-0.2054;357.0400;4.3542;0.1808;0.0219;-0.0043;0.0075;2.0000;-0.0043;0.0075;2.0000;NULL;1;;;;;;;;;;;;;0;NULL;NULL;NULL;NULL;NULL;1;0;0;-1;0;0;0.0000;0.0000;2.0000;;;;;;;;;;;;;0;NULL;NULL;a7e82b4e-7af0-436f-bdb3-cb761c29dc67;NULL;NULL;35;0;0.0000;0.0000;2.0000;Exposure;0.0000;2026-03-23 14:03:13.3162;Hands;NULL;NULL;OpenXR
NULL;Right;NULL;NULL;Exposure;NULL;3;2;0;1;0;0;-0.5000;0.0000;2.0000;NULL;Skew;anonymous;NULL;Mole Spawned;MoleEvent;25994;695fba01-0698-4a37-a2d3-5d6f4dc1673b;NULL;-0.0338;-0.0046;-0.2054;357.0400;4.3542;0.1808;0.1502;-0.5894;-0.0423;2.0000;-0.5894;-0.0423;2.0000;NULL;0;;;;;;;;;;;;;0;NULL;NULL;NULL;NULL;NULL;3;2;0;1;0;0;-0.5000;0.0000;2.0000;;;;;;;;;;;;;0;NULL;NULL;a7e82b4e-7af0-436f-bdb3-cb761c29dc67;NULL;NULL;NULL;2;-0.5000;0.0000;2.0000;Exposure;0.0000;2026-03-23 14:03:13.3362;Hands;NULL;NULL;OpenXR
NULL;Right;NULL;41;Exposure;NULL;3;2;0;1;0;0;-0.5000;0.0000;2.0000;NULL;Skew;anonymous;NULL;Pointer Shoot;PointerEvent;26328;695fba01-0698-4a37-a2d3-5d6f4dc1673b;NULL;-0.0463;-0.0043;-0.2032;356.7538;358.5153;0.1775;0.1534;-0.6061;0.0388;2.0000;-0.6061;0.0388;2.0000;NULL;0;;;;;;;;;;;;;0;NULL;NULL;NULL;NULL;NULL;3;2;0;1;0;0;-0.5000;0.0000;2.0000;;;;;;;;;;;;;0;NULL;NULL;a7e82b4e-7af0-436f-bdb3-cb761c29dc67;NULL;NULL;36;2;-0.5000;0.0000;2.0000;Exposure;2.7827;2026-03-23 14:03:16.1189;Hands;NULL;NULL;OpenXR
NULL;Right;NULL;41;Exposure;NULL;3;2;0;1;0;0;-0.5000;0.0000;2.0000;NULL;Skew;anonymous;NULL;Mole Hit;MoleEvent;26328;695fba01-0698-4a37-a2d3-5d6f4dc1673b;NULL;-0.0463;-0.0043;-0.2032;356.7538;358.5153;0.1775;0.0333;-0.5211;0.0090;2.0000;-0.5211;0.0090;2.0000;NULL;1;;;;;;;;;;;;;0;NULL;NULL;NULL;NULL;NULL;3;2;0;1;0;0;-0.5000;0.0000;2.0000;;;;;;;;;;;;;0;NULL;NULL;a7e82b4e-7af0-436f-bdb3-cb761c29dc67;NULL;NULL;36;2;-0.5000;0.0000;2.0000;Exposure;0.0000;2026-03-23 14:03:16.1389;Hands;NULL;NULL;OpenXR
NULL;Right;NULL;NULL;Exposure;NULL;1;0;0;-1;0;0;0.0000;0.0000;2.0000;NULL;Skew;anonymous;NULL;Mole Spawned;MoleEvent;26328;695fba01-0698-4a37-a2d3-5d6f4dc1673b;NULL;-0.0463;-0.0043;-0.2032;356.7538;358.5153;0.1775;0.1999;-0.0328;0.0690;2.0000;-0.0328;0.0690;2.0000;NULL;0;;;;;;;;;;;;;0;NULL;NULL;NULL;NULL;NULL;1;0;0;-1;0;0;0.0000;0.0000;2.0000;;;;;;;;;;;;;0;NULL;NULL;a7e82b4e-7af0-436f-bdb3-cb761c29dc67;NULL;NULL;NULL;0;0.0000;0.0000;2.0000;Exposure;0.0000;2026-03-23 14:03:16.1589;Hands;NULL;NULL;OpenXR
NULL;Right;NULL;42;Exposure;NULL;1;0;0;-1;0;0;0.0000;0.0000;2.0000;NULL;Skew;anonymous;NULL;Pointer Shoot;PointerEvent;26675;695fba01-0698-4a37-a2d3-5d6f4dc1673b;NULL;-0.0541;0.0001;-0.1991;355.2263;1.7706;1.5125;0.2180;-0.2095;-0.0211;2.0000;-0.2095;-0.0211;2.0000;NULL;0;;;;;;;;;;;;;0;NULL;NULL;NULL;NULL;NULL;1;0;0;-1;0;0;0.0000;0.0000;2.0000;;;;;;;;;;;;;0;NULL;NULL;a7e82b4e-7af0-436f-bdb3-cb761c29dc67;NULL;NULL;37;0;0.0000;0.0000;2.0000;Exposure;2.8992;2026-03-23 14:03:19.0581;Hands;NULL;NULL;OpenXR
NULL;Right;NULL;42;Exposure;NULL;1;0;0;-1;0;0;0.0000;0.0000;2.0000;NULL;Skew;anonymous;NULL;Mole Hit;MoleEvent;26675;695fba01-0698-4a37-a2d3-5d6f4dc1673b;NULL;-0.0541;0.0001;-0.1991;355.2263;1.7706;1.5125;0.0586;0.0575;-0.0040;2.0000;0.0575;-0.0040;2.0000;NULL;1;;;;;;;;;;;;;0;NULL;NULL;NULL;NULL;NULL;1;0;0;-1;0;0;0.0000;0.0000;2.0000;;;;;;;;;;;;;0;NULL;NULL;a7e82b4e-7af0-436f-bdb3-cb761c29dc67;NULL;NULL;37;0;0.0000;0.0000;2.0000;Exposure;0.0000;2026-03-23 14:03:19.0781;Hands;NULL;NULL;OpenXR
NULL;Right;NULL;NULL;Exposure;NULL;2;1;0;0;0;0;0.5000;0.0000;2.0000;NULL;Skew;anonymous;NULL;Mole Spawned;MoleEvent;26675;695fba01-0698-4a37-a2d3-5d6f4dc1673b;NULL;-0.0541;0.0001;-0.1991;355.2263;1.7706;1.5125;0.1767;0.3258;0.0105;2.0000;0.3258;0.0105;2.0000;NULL;0;;;;;;;;;;;;;0;NULL;NULL;NULL;NULL;NULL;2;1;0;0;0;0;0.5000;0.0000;2.0000;;;;;;;;;;;;;0;NULL;NULL;a7e82b4e-7af0-436f-bdb3-cb761c29dc67;NULL;NULL;NULL;1;0.5000;0.0000;2.0000;Exposure;0.0000;2026-03-23 14:03:19.0981;Hands;NULL;NULL;OpenXR
NULL;Right;NULL;43;Exposure;NULL;2;1;0;0;0;0;0.5000;0.0000;2.0000;NULL;Skew;anonymous;NULL;Pointer Shoot;PointerEvent;27008;695fba01-0698-4a37-a2d3-5d6f4dc1673b;NULL;-0.0540;0.0019;-0.1988;353.8484;5.8861;2.7603;0.1709;0.3651;0.0367;2.0000;0.3651;0.0367;2.0000;NULL;0;;;;;;;;;;;;;0;NULL;NULL;NULL;NULL;NULL;2;1;0;0;0;0;0.5000;0.0000;2.0000;;;;;;;;;;;;;0;NULL;NULL;a7e82b4e-7af0-436f-bdb3-cb761c29dc67;NULL;NULL;38;1;0.5000;0.0000;2.0000;Exposure;2.7908;2026-03-23 14:03:21.8889;Hands;NULL;NULL;OpenXR
NULL;Right;NULL;43;Exposure;NULL;2;1;0;0;0;0;0.5000;0.0000;2.0000;NULL;Skew;anonymous;NULL;Mole Hit;MoleEvent;27008;695fba01-0698-4a37-a2d3-5d6f4dc1673b;NULL;-0.0540;0.0019;-0.1988;353.8484;5.8861;2.7603;0.0553;0.4664;0.0154;2.0000;0.4664;0.0154;2.0000;NULL;1;;;;;;;;;;;;;0;NULL;NULL;NULL;NULL;NULL;2;1;0;0;0;0;0.5000;0.0000;2.0000;;;;;;;;;;;;;0;NULL;NULL;a7e82b4e-7af0-436f-bdb3-cb761c29dc67;NULL;NULL;38;1;0.5000;0.0000;2.0000;Exposure;0.0000;2026-03-23 14:03:21.9089;Hands;NULL;NULL;OpenXR
NULL;Right;NULL;NULL;Exposure;NULL;1;0;0;-1;0;0;0.0000;0.0000;2.0000;NULL;Skew;anonymous;NULL;Mole Spawned;MoleEvent;27008;695fba01-0698-4a37-a2d3-5d6f4dc1673b;NULL;-0.0540;0.0019;-0.1988;353.8484;5.8861;2.7603;0.1746;-0.1256;-0.0424;2.0000;-0.1256;-0.0424;2.0000;NULL;0;;;;;;;;;;;;;0;NULL;NULL;NULL;NULL;NULL;1;0;0;-1;0;0;0.0000;0.0000;2.0000;;;;;;;;;;;;;0;NULL;NULL;a7e82b4e-7af0-436f-bdb3-cb761c29dc67;NULL;NULL;NULL;0;0.0000;0.0000;2.0000;Exposure;0.0000;2026-03-23 14:03:21.9289;Hands;NULL;NULL;OpenXR
NULL;Right;NULL;44;Exposure;NULL;1;0;0;-1;0;0;0.0000;0.0000;2.0000;NULL;Skew;anonymous;NULL;Pointer Shoot;PointerEvent;27339;695fba01-0698-4a37-a2d3-5d6f4dc1673b;NULL;-0.0564;0.0012;-0.2011;354.2974;359.9422;1.4729;0.1568;0.1563;-0.0044;2.0000;0.1563;-0.0044;2.0000;NULL;0;;;;;;;;;;;;;0;NULL;NULL;NULL;NULL;NULL;1;0;0;-1;0;0;0.0000;0.0000;2.0000;;;;;;;;;;;;;0;NULL;NULL;a7e82b4e-7af0-436f-bdb3-cb761c29dc67;NULL;NULL;39;0;0.0000;0.0000;2.0000;Exposure;2.7578;2026-03-23 14:03:24.6867;Hands;NULL;NULL;OpenXR
NULL;Right;NULL;44;Exposure;NULL;1;0;0;-1;0;0;0.0000;0.0000;2.0000;NULL;Skew;anonymous;NULL;Mole Missed;PointerEvent;27339;695fba01-0698-4a37-a2d3-5d6f4dc1673b;NULL;-0.0564;0.0012;-0.2011;354.2974;359.9422;1.4729;0.1522;-0.0759;-0.0462;2.0000;-0.0759;-0.0462;2.0000;NULL;0;;;;;;;;;;;;;0;NULL;NULL;NULL;NULL;NULL;1;0;0;-1;0;0;0.0000;0.0000;2.0000;;;;;;;;;;;;;0;NULL;NULL;a7e82b4e-7af0-436f-bdb3-cb761c29dc67;NULL;NULL;39;0;0.0000;0.0000;2.0000;Exposure;0.0000;2026-03-23 14:03:24.7067;Hands;NULL;NULL;OpenXR
NULL;Right;NULL;45;Exposure;NULL;1;0;0;-1;0;0;0.0000;0.0000;2.0000;NULL;Skew;anonymous;NULL;Pointer Shoot;PointerEvent;27694;695fba01-0698-4a37-a2d3-5d6f4dc1673b;NULL;-0.0512;-0.0027;-0.1967;356.4426;0.5342;0.5133;0.1698;0.0194;-0.0590;2.0000;0.0194;-0.0590;2.0000;NULL;0;;;;;;;;;;;;;0;NULL;NULL;NULL;NULL;NULL;1;0;0;-1;0;0;0.0000;0.0000;2.0000;;;;;;;;;;;;;0;NULL;NULL;a7e82b4e-7af0-436f-bdb3-cb761c29dc67;NULL;NULL;39;0;0.0000;0.0000;2.0000;Exposure;2.9667;2026-03-23 14:03:27.6734;Hands;NULL;NULL;OpenXR
NULL;Right;NULL;45;Exposure;NULL;1;0;0;-1;0;0;0.0000;0.0000;2.0000;NULL;Skew;anonymous;NULL;Mole Hit;MoleEvent;27694;695fba01-0698-4a37-a2d3-5d6f4dc1673b;NULL;-0.0512;-0.0027;-0.1967;356.4426;0.5342;0.5133;0.0710;0.0606;-0.0130;2.0000;0.0606;-0.0130;2.0000;NULL;1;;;;;;;;;;;;;0;NULL;NULL;NULL;NULL;NULL;1;0;0;-1;0;0;0.0000;0.0000;2.0000;;;;;;;;;;;;;0;NULL;NULL;a7e82b4e-7af0-436f-bdb3-cb761c29dc67;NULL;NULL;39;0;0.0000;0.0000;2.0000;Exposure;0.0000;2026-03-23 14:03:27.6934;Hands;NULL;NULL;OpenXR
NULL;Right;NULL;NULL;Exposure;NULL;3;2;0;1;0;0;-0.5000;0.0000;2.0000;NULL;Skew;anonymous;NULL;Mole Spawned;MoleEvent;27694;695fba01-0698-4a37-a2d3-5d6f4dc1673b;NULL;-0.0512;-0.0027;-0.1967;356.4426;0.5342;0.5133;0.1607;-0.5420;-0.0543;2.0000;-0.5420;-0.0543;2.0000;NULL;0;;;;;;;;;;;;;0;NULL;NULL;NULL;NULL;NULL;3;2;0;1;0;0;-0.5000;0.0000;2.0000;;;;;;;;;;;;;0;NULL;NULL;a7e82b4e-7af0-436f-bdb3-cb761c29dc67;NULL;NULL;NULL;2;-0.5000;0.0000;2.0000;Exposure;0.0000;2026-03-23 14:03:27.7134;Hands;NULL;NULL;OpenXR
NULL;Right;NULL;46;Exposure;NULL;3;2;0;1;0;0;-0.5000;0.0000;2.0000;NULL;Skew;anonymous;NULL;Pointer Shoot;PointerEvent;28033;695fba01-0698-4a37-a2d3-5d6f4dc1673b;NULL;-0.0531;-0.0030;-0.1979;356.3516;355.2886;359.2650;0.1617;-0.4884;-0.0564;2.0000;-0.4884;-0.0564;2.0000;NULL;0;;;;;;;;;;;;;0;NULL;NULL;NULL;NULL;NULL;3;2;0;1;0;0;-0.5000;0.0000;2.0000;;;;;;;;;;;;;0;NULL;NULL;a7e82b4e-7af0-436f-bdb3-cb761c29dc67;NULL;NULL;40;2;-0.5000;0.0000;2.0000;Exposure;2.8395;2026-03-23 14:03:30.5529;Hands;NULL;NULL;OpenXR
NULL;Right;NULL;46;Exposure;NULL;3;2;0;1;0;0;-0.5000;0.0000;2.0000;NULL;Skew;anonymous;NULL;Mole Hit;MoleEvent;28033;695fba01-0698-4a37-a2d3-5d6f4dc1673b;NULL;-0.0531;-0.0030;-0.1979;356.3516;355.2886;359.2650;0.0185;-0.4820;0.0016;2.0000;-0.4820;0.0016;2.0000;NULL;1;;;;;;;;;;;;;0;NULL;NULL;NULL;NULL;NULL;3;2;0;1;0;0;-0.5000;0.0000;2.0000;;;;;;;;;;;;;0;NULL;NULL;a7e82b4e-7af0-436f-bdb3-cb761c29dc67;NULL;NULL;40;2;-0.5000;0.0000;2.0000;Exposure;0.0000;2026-03-23 14:03:30.5729;Hands;NULL;NULL;OpenXR
NULL;Right;NULL;NULL;Exposure;NULL;2;1;0;0;0;0;0.5000;0.0000;2.0000;NULL;Skew;anonymous;NULL;Mole Spawned;MoleEvent;28033;695fba01-0698-4a37-a2d3-5d6f4dc1673b;NULL;-0.0531;-0.0030;-0.1979;356.3516;355.2886;359.2650;0.1688;0.3415;0.0203;2.0000;0.3415;0.0203;2.0000;NULL;0;;;;;;;;;;;;;0;NULL;NULL;NULL;NULL;NULL;2;1;0;0;0;0;0.5000;0.0000;2.0000;;;;;;;;;;;;;0;NULL;NULL;a7e82b4e-7af0-436f-bdb3-cb761c29dc67;NULL;NULL;NULL;1;0.5000;0.0000;2.0000;Exposure;0.0000;2026-03-23 14:03:30.5929;Hands;NULL;NULL;OpenXR
NULL;Right;NULL;47;Exposure;NULL;2;1;0;0;0;0;0.5000;0.0000;2.0000;NULL;Skew;anonymous;NULL;Pointer Shoot;PointerEvent;28363;695fba01-0698-4a37-a2d3-5d6f4dc1673b;NULL;-0.0440;-0.0030;-0.1977;356.1967;7.7229;1.8523;0.2033;0.5902;0.0638;2.0000;0.5902;0.0638;2.0000;NULL;0;;;;;;;;;;;;;0;NULL;NULL;NULL;NULL;NULL;2;1;0;0;0;0;0.5000;0.0000;2.0000;;;;;;;;;;;;;0;NULL;NULL;a7e82b4e-7af0-436f-bdb3-cb761c29dc67;NULL;NULL;41;1;0.5000;0.0000;2.0000;Exposure;2.7670;2026-03-23 14:03:33.3599;Hands;NULL;NULL;OpenXR
NULL;Right;NULL;47;Exposure;NULL;2;1;0;0;0;0;0.5000;0.0000;2.0000;NULL;Skew;anonymous;NULL;Mole Hit;MoleEvent;28363;695fba01-0698-4a37-a2d3-5d6f4dc1673b;NULL;-0.0440;-0.0030;-0.1977;356.1967;7.7229;1.8523;0.0393;0.4857;0.0128;2.0000;0.4857;0.0128;2.0000;NULL;1;;;;;;;;;;;;;0;NULL;NULL;NULL;NULL;NULL;2;1;0;0;0;0;0.5000;0.0000;2.0000;;;;;;;;;;;;;0;NULL;NULL;a7e82b4e-7af0-436f-bdb3-cb761c29dc67;NULL;NULL;41;1;0.5000;0.0000;2.0000;Exposure;0.0000;2026-03-23 14:03:33.3799;Hands;NULL;NULL;OpenXR
NULL;Right;NULL;NULL;Exposure;NULL;3;2;0;1;0;0;-0.5000;0.0000;2.0000;NULL;Skew;anonymous;NULL;Mole Spawned;MoleEvent;28363;695fba01-0698-4a37-a2d3-5d6f4dc1673b;NULL;-0.0440;-0.0030;-0.1977;356.1967;7.7229;1.8523;0.2091;-0.2956;-0.0155;2.0000;-0.2956;-0.0155;2.0000;NULL;0;;;;;;;;;;;;;0;NULL;NULL;NULL;NULL;NULL;3;2;0;1;0;0;-0.5000;0.0000;2.0000;;;;;;;;;;;;;0;NULL;NULL;a7e82b4e-7af0-436f-bdb3-cb761c29dc67;NULL;NULL;NULL;2;-0.5000;0.0000;2.0000;Exposure;0.0000;2026-03-23 14:03:33.3999;Hands;NULL;NULL;OpenXR
NULL;Right;NULL;48;Exposure;NULL;3;2;0;1;0;0;-0.5000;0.0000;2.0000;NULL;Skew;anonymous;NULL;Pointer Shoot;PointerEvent;28707;695fba01-0698-4a37-a2d3-5d6f4dc1673b;NULL;-0.0525;-0.0030;-0.1968;356.4295;357.6995;359.9425;0.1972;-0.3519;0.0456;2.0000;-0.3519;0.0456;2.0000;NULL;0;;;;;;;;;;;;;0;NULL;NULL;NULL;NULL;NULL;3;2;0;1;0;0;-0.5000;0.0000;2.0000;;;;;;;;;;;;;0;NULL;NULL;a7e82b4e-7af0-436f-bdb3-cb761c29dc67;NULL;NULL;42;2;-0.5000;0.0000;2.0000;Exposure;2.8827;2026-03-23 14:03:36.2826;Hands;NULL;NULL;OpenXR
NULL;Right;NULL;48;Exposure;NULL;3;2;0;1;0;0;-0.5000;0.0000;2.0000;NULL;Skew;anonymous;NULL;Mole Hit;MoleEvent;28707;695fba01-0698-4a37-a2d3-5d6f4dc1673b;NULL;-0.0525;-0.0030;-0.1968;356.4295;357.6995;359.9425;0.0749;-0.4650;-0.0232;2.0000;-0.4650;-0.0232;2.0000;NULL;1;;;;;;;;;;;;;0;NULL;NULL;NULL;NULL;NULL;3;2;0;1;0;0;-0.5000;0.0000;2.0000;;;;;;;;;;;;;0;NULL;NULL;a7e82b4e-7af0-436f-bdb3-cb761c29dc67;NULL;NULL;42;2;-0.5000;0.0000;2.0000;Exposure;0.0000;2026-03-23 14:03:36.3026;Hands;NULL;NULL;OpenXR
NULL;Right;NULL;NULL;Exposure;NULL;2;1;0;0;0;0;0.5000;0.0000;2.0000;NULL;Skew;anonymous;NULL;Mole Spawned;MoleEvent;28707;695fba01-0698-4a37-a2d3-5d6f4dc1673b;NULL;-0.0525;-0.0030;-0.1968;356.4295;357.6995;359.9425;0.1503;0.3918;-0.0365;2.0000;0.3918;-0.0365;2.0000;NULL;0;;;;;;;;;;;;;0;NULL;NULL;NULL;NULL;NULL;2;1;0;0;0;0;0.5000;0.0000;2.0000;;;;;;;;;;;;;0;NULL;NULL;a7e82b4e-7af0-436f-bdb3-cb761c29dc67;NULL;NULL;NULL;1;0.5000;0.0000;2.0000;Exposure;0.0000;2026-03-23 14:03:36.3226;Hands;NULL;NULL;OpenXR
NULL;Right;NULL;49;Exposure;NULL;2;1;0;0;0;0;0.5000;0.0000;2.0000;NULL;Skew;anonymous;NULL;Pointer Shoot;PointerEvent;29042;695fba01-0698-4a37-a2d3-5d6f4dc1673b;NULL;-0.0421;-0.0036;-0.1933;356.3506;9.3386;2.2294;0.1682;0.6591;0.0191;2.0000;0.6591;0.0191;2.0000;NULL;0;;;;;;;;;;;;;0;NULL;NULL;NULL;NULL;NULL;2;1;0;0;0;0;0.5000;0.0000;2.0000;;;;;;;;;;;;;0;NULL;NULL;a7e82b4e-7af0-436f-bdb3-cb761c29dc67;NULL;NULL;43;1;0.5000;0.0000;2.0000;Exposure;2.7989;2026-03-23 14:03:39.1215;Hands;NULL;NULL;OpenXR
NULL;Right;NULL;49;Exposure;NULL;2;1;0;0;0;0;0.5000;0.0000;2.0000;NULL;Skew;anonymous;NULL;Mole Hit;MoleEvent;29042;695fba01-0698-4a37-a2d3-5d6f4dc1673b;NULL;-0.0421;-0.0036;-0.1933;356.3506;9.3386;2.2294;0.0232;0.5184;0.0050;2.0000;0.5184;0.0050;2.0000;NULL;1;;;;;;;;;;;;;0;NULL;NULL;NULL;NULL;NULL;2;1;0;0;0;0;0.5000;0.0000;2.0000;;;;;;;;;;;;;0;NULL;NULL;a7e82b4e-7af0-436f-bdb3-cb761c29dc67;NULL;NULL;43;1;0.5000;0.0000;2.0000;Exposure;0.0000;2026-03-23 14:03:39.1415;Hands;NULL;NULL;OpenXR
NULL;Right;NULL;NULL;Exposure;NULL;1;0;0;-1;0;0;0.0000;0.0000;2.0000;NULL;Skew;anonymous;NULL;Mole Spawned;MoleEvent;29042;695fba01-0698-4a37-a2d3-5d6f4dc1673b;NULL;-0.0421;-0.0036;-0.1933;356.3506;9.3386;2.2294;0.1944;0.1655;0.0357;2.0000;0.1655;0.0357;2.0000;NULL;0;;;;;;;;;;;;;0;NULL;NULL;NULL;NULL;NULL;1;0;0;-1;0;0;0.0000;0.0000;2.0000;;;;;;;;;;;;;0;NULL;NULL;a7e82b4e-7af0-436f-bdb3-cb761c29dc67;NULL;NULL;NULL;0;0.0000;0.0000;2.0000;Exposure;0.0000;2026-03-23 14:03:39.1615;Hands;NULL;NULL;OpenXR
NULL;Right;NULL;50;Exposure;NULL;1;0;0;-1;0;0;0.0000;0.0000;2.0000;NULL;Skew;anonymous;NULL;Pointer Shoot;PointerEvent;29703;695fba01-0698-4a37-a2d3-5d6f4dc1673b;NULL;-0.0489;-0.0054;-0.1915;357.6312;2.3302;1.0072;0.2149;0.1890;-0.0358;2.0000;0.1890;-0.0358;2.0000;NULL;0;;;;;;;;;;;;;0;NULL;NULL;NULL;NULL;NULL;1;0;0;-1;0;0;0.0000;0.0000;2.0000;;;;;;;;;;;;;0;NULL;NULL;a7e82b4e-7af0-436f-bdb3-cb761c29dc67;NULL;NULL;44;0;0.0000;0.0000;2.0000;Exposure;5.5156;2026-03-23 14:03:44.6771;Hands;NULL;NULL;OpenXR
NULL;Right;NULL;50;Exposure;NULL;1;0;0;-1;0;0;0.0000;0.0000;2.0000;NULL;Skew;anonymous;NULL;Mole Hit;MoleEvent;29703;695fba01-0698-4a37-a2d3-5d6f4dc1673b;NULL;-0.0489;-0.0054;-0.1915;357.6312;2.3302;1.0072;0.0817;-0.0408;-0.0248;2.0000;-0.0408;-0.0248;2.0000;NULL;1;;;;;;;;;;;;;0;NULL;NULL;NULL;NULL;NULL;1;0;0;-1;0;0;0.0000;0.0000;2.0000;;;;;;;;;;;;;0;NULL;NULL;a7e82b4e-7af0-436f-bdb3-cb761c29dc67;NULL;NULL;44;0;0.0000;0.0000;2.0000;Exposure;0.0000;2026-03-23 14:03:44.6971;Hands;NULL;NULL;OpenXR
NULL;Right;NULL;NULL;Exposure;NULL;2;1;0;0;0;0;0.5000;0.0000;2.0000;NULL;Skew;anonymous;NULL;Mole Spawned;MoleEvent;29703;695fba01-0698-4a37-a2d3-5d6f4dc1673b;NULL;-0.0489;-0.0054;-0.1915;357.6312;2.3302;1.0072;0.1333;0.3795;0.0200;2.0000;0.3795;0.0200;2.0000;NULL;0;;;;;;;;;;;;;0;NULL;NULL;NULL;NULL;NULL;2;1;0;0;0;0;0.5000;0.0000;2.0000;;;;;;;;;;;;;0;NULL;NULL;a7e82b4e-7af0-436f-bdb3-cb761c29dc67;NULL;NULL;NULL;1;0.5000;0.0000;2.0000;Exposure;0.0000;2026-03-23 14:03:44.7171;Hands;NULL;NULL;OpenXR
NULL;Right;NULL;51;Exposure;NULL;2;1;0;0;0;0;0.5000;0.0000;2.0000;NULL;Skew;anonymous;NULL;Pointer Shoot;PointerEvent;30050;695fba01-0698-4a37-a2d3-5d6f4dc1673b;NULL;-0.0453;-0.0042;-0.1951;356.9013;10.5612;2.8488;0.1771;0.3254;0.0103;2.0000;0.3254;0.0103;2.0000;NULL;0;;;;;;;;;;;;;0;NULL;NULL;NULL;NULL;NULL;2;1;0;0;0;0;0.5000;0.0000;2.0000;;;;;;;;;;;;;0;NULL;NULL;a7e82b4e-7af0-436f-bdb3-cb761c29dc67;NULL;NULL;45;1;0.5000;0.0000;2.0000;Exposure;2.9076;2026-03-23 14:03:47.6247;Hands;NULL;NULL;OpenXR
NULL;Right;NULL;51;Exposure;NULL;2;1;0;0;0;0;0.5000;0.0000;2.0000;NULL;Skew;anonymous;NULL;Mole Missed;PointerEvent;30050;695fba01-0698-4a37-a2d3-5d6f4dc1673b;NULL;-0.0453;-0.0042;-0.1951;356.9013;10.5612;2.8488;0.1544;0.5086;-0.0539;2.0000;0.5086;-0.0539;2.0000;NULL;0;;;;;;;;;;;;;0;NULL;NULL;NULL;NULL;NULL;2;1;0;0;0;0;0.5000;0.0000;2.0000;;;;;;;;;;;;;0;NULL;NULL;a7e82b4e-7af0-436f-bdb3-cb761c29dc67;NULL;NULL;45;1;0.5000;0.0000;2.0000;Exposure;0.0000;2026-03-23 14:03:47.6447;Hands;NULL;NULL;OpenXR
NULL;Right;NULL;52;Exposure;NULL;2;1;0;0;0;0;0.5000;0.0000;2.0000;NULL;Skew;anonymous;NULL;Pointer Shoot;PointerEvent;30389;695fba01-0698-4a37-a2d3-5d6f4dc1673b;NULL;-0.0444;-0.0036;-0.1955;356.1643;8.8824;2.2883;0.1349;0.3817;-0.0227;2.0000;0.3817;-0.0227;2.0000;NULL;0;;;;;;;;;;;;;0;NULL;NULL;NULL;NULL;NULL;2;1;0;0;0;0;0.5000;0.0000;2.0000;;;;;;;;;;;;;0;NULL;NULL;a7e82b4e-7af0-436f-bdb3-cb761c29dc67;NULL;NULL;45;1;0.5000;0.0000;2.0000;Exposure;2.8480;2026-03-23 14:03:50.4927;Hands;NULL;NULL;OpenXR
NULL;Right;NULL;52;Exposure;NULL;2;1;0;0;0;0;0.5000;0.0000;2.0000;NULL;Skew;anonymous;NULL;Mole Hit;MoleEvent;30389;695fba01-0698-4a37-a2d3-5d6f4dc1673b;NULL;-0.0444;-0.0036;-0.1955;356.1643;8.8824;2.2883;0.0708;0.5157;-0.0242;2.0000;0.5157;-0.0242;2.0000;NULL;1;;;;;;;;;;;;;0;NULL;NULL;NULL;NULL;NULL;2;1;0;0;0;0;0.5000;0.0000;2.0000;;;;;;;;;;;;;0;NULL;NULL;a7e82b4e-7af0-436f-bdb3-cb761c29dc67;NULL;NULL;45;1;0.5000;0.0000;2.0000;Exposure;0.0000;2026-03-23 14:03:50.5127;Hands;NULL;NULL;OpenXR
NULL;Right;NULL;NULL;Exposure;NULL;3;2;0;1;0;0;-0.5000;0.0000;2.0000;NULL;Skew;anonymous;NULL;Mole Spawned;MoleEvent;30389;695fba01-0698-4a37-a2d3-5d6f4dc1673b;NULL;-0.0444;-0.0036;-0.1955;356.1643;8.8824;2.2883;0.1639;-0.3361;0.0002;2.0000;-0.3361;0.0002;2.0000;NULL;0;;;;;;;;;;;;;0;NULL;NULL;NULL;NULL;NULL;3;2;0;1;0;0;-0.5000;0.0000;2.0000;;;;;;;;;;;;;0;NULL;NULL;a7e82b4e-7af0-436f-bdb3-cb761c29dc67;NULL;NULL;NULL;2;-0.5000;0.0000;2.0000;Exposure;0.0000;2026-03-23 14:03:50.5327;Hands;NULL;NULL;OpenXR
NULL;Right;NULL;53;Exposure;NULL;3;2;0;1;0;0;-0.5000;0.0000;2.0000;NULL;Skew;anonymous;NULL;Pointer Shoot;PointerEvent;30697;695fba01-0698-4a37-a2d3-5d6f4dc1673b;NULL;-0.0369;-0.0005;-0.2027;355.4087;355.6030;359.2146;0.2179;-0.3234;-0.0447;2.0000;-0.3234;-0.0447;2.0000;NULL;0;;;;;;;;;;;;;0;NULL;NULL;NULL;NULL;NULL;3;2;0;1;0;0;-0.5000;0.0000;2.0000;;;;;;;;;;;;;0;NULL;NULL;a7e82b4e-7af0-436f-bdb3-cb761c29dc67;NULL;NULL;46;2;-0.5000;0.0000;2.0000;Exposure;2.8338;2026-03-23 14:03:53.3665;Hands;NULL;NULL;OpenXR
NULL;Right;NULL;53;Exposure;NULL;3;2;0;1;0;0;-0.5000;0.0000;2.0000;NULL;Skew;anonymous;NULL;Mole Hit;MoleEvent;30697;695fba01-0698-4a37-a2d3-5d6f4dc1673b;NULL;-0.0369;-0.0005;-0.2027;355.4087;355.6030;359.2146;0.0797;-0.5760;-0.0085;2.0000;-0.5760;-0.0085;2.0000;NULL;1;;;;;;;;;;;;;0;NULL;NULL;NULL;NULL;NULL;3;2;0;1;0;0;-0.5000;0.0000;2.0000;;;;;;;;;;;;;0;NULL;NULL;a7e82b4e-7af0-436f-bdb3-cb761c29dc67;NULL;NULL;46;2;-0.5000;0.0000;2.0000;Exposure;0.0000;2026-03-23 14:03:53.3865;Hands;NULL;NULL;OpenXR
NULL;Right;NULL;NULL;Exposure;NULL;2;1;0;0;0;0;0.5000;0.0000;2.0000;NULL;Skew;anonymous;NULL;Mole Spawned;MoleEvent;30697;695fba01-0698-4a37-a2d3-5d6f4dc1673b;NULL;-0.0369;-0.0005;-0.2027;355.4087;355.6030;359.2146;0.1529;0.3494;0.0092;2.0000;0.3494;0.0092;2.0000;NULL;0;;;;;;;;;;;;;0;NULL;NULL;NULL;NULL;NULL;2;1;0;0;0;0;0.5000;0.0000;2.0000;;;;;;;;;;;;;0;NULL;NULL;a7e82b4e-7af0-436f-bdb3-cb761c29dc67;NULL;NULL;NULL;1;0.5000;0.0000;2.0000;Exposure;0.0000;2026-03-23 14:03:53.4065;Hands;NULL;NULL;OpenXR
NULL;Right;NULL;54;Exposure;NULL;2;1;0;0;0;0;0.5000;0.0000;2.0000;NULL;Skew;anonymous;NULL;Pointer Shoot;PointerEvent;31208;695fba01-0698-4a37-a2d3-5d6f4dc1673b;NULL;-0.0454;0.0069;-0.1523;352.5230;5.9449;2.2989;0.1951;0.3666;-0.0498;2.0000;0.3666;-0.0498;2.0000;NULL;0;;;;;;;;;;;;;0;NULL;NULL;NULL;NULL;NULL;2;1;0;0;0;0;0.5000;0.0000;2.0000;;;;;;;;;;;;;0;NULL;NULL;a7e82b4e-7af0-436f-bdb3-cb761c29dc67;NULL;NULL;47;1;0.5000;0.0000;2.0000;Exposure;4.5067;2026-03-23 14:03:57.9132;Hands;NULL;NULL;OpenXR
NULL;Right;NULL;54;Exposure;NULL;2;1;0;0;0;0;0.5000;0.0000;2.0000;NULL;Skew;anonymous;NULL;Mole Hit;MoleEvent;31208;695fba01-0698-4a37-a2d3-5d6f4dc1673b;NULL;-0.0454;0.0069;-0.1523;352.5230;5.9449;2.2989;0.0349;0.5297;-0.0064;2.0000;0.5297;-0.0064;2.0000;NULL;1;;;;;;;;;;;;;0;NULL;NULL;NULL;NULL;NULL;2;1;0;0;0;0;0.5000;0.0000;2.0000;;;;;;;;;;;;;0;NULL;NULL;a7e82b4e-7af0-436f-bdb3-cb761c29dc67;NULL;NULL;47;1;0.5000;0.0000;2.0000;Exposure;0.0000;2026-03-23 14:03:57.9332;Hands;NULL;NULL;OpenXR
NULL;Right;NULL;NULL;Exposure;NULL;1;0;0;-1;0;0;0.0000;0.0000;2.0000;NULL;Skew;anonymous;NULL;Mole Spawned;MoleEvent;31208;695fba01-0698-4a37-a2d3-5d6f4dc1673b;NULL;-0.0454;0.0069;-0.1523;352.5230;5.9449;2.2989;0.1883;0.0642;-0.0620;2.0000;0.0642;-0.0620;2.0000;NULL;0;;;;;;;;;;;;;0;NULL;NULL;NULL;NULL;NULL;1;0;0;-1;0;0;0.0000;0.0000;2.0000;;;;;;;;;;;;;0;NULL;NULL;a7e82b4e-7af0-436f-bdb3-cb761c29dc67;NULL;NULL;NULL;0;0.0000;0.0000;2.0000;Exposure;0.0000;2026-03-23 14:03:57.9532;Hands;NULL;NULL;OpenXR
NULL;Right;NULL;55;Exposure;NULL;1;0;0;-1;0;0;0.0000;0.0000;2.0000;NULL;Skew;anonymous;NULL;Pointer Shoot;PointerEvent;31865;695fba01-0698-4a37-a2d3-5d6f4dc1673b;NULL;-0.0366;0.0036;-0.1568;355.6974;359.5110;359.1168;0.2140;-0.0098;-0.0748;2.0000;-0.0098;-0.0748;2.0000;NULL;0;;;;;;;;;;;;;0;NULL;NULL;NULL;NULL;NULL;1;0;0;-1;0;0;0.0000;0.0000;2.0000;;;;;;;;;;;;;0;NULL;NULL;a7e82b4e-7af0-436f-bdb3-cb761c29dc67;NULL;NULL;48;0;0.0000;0.0000;2.0000;Exposure;5.5238;2026-03-23 14:04:03.4770;Hands;NULL;NULL;OpenXR
NULL;Right;NULL;55;Exposure;NULL;1;0;0;-1;0;0;0.0000;0.0000;2.0000;NULL;Skew;anonymous;NULL;Mole Hit;MoleEvent;31865;695fba01-0698-4a37-a2d3-5d6f4dc1673b;NULL;-0.0366;0.0036;-0.1568;355.6974;359.5110;359.1168;0.0629;-0.0227;0.0205;2.0000;-0.0227;0.0205;2.0000;NULL;1;;;;;;;;;;;;;0;NULL;NULL;NULL;NULL;NULL;1;0;0;-1;0;0;0.0000;0.0000;2.0000;;;;;;;;;;;;;0;NULL;NULL;a7e82b4e-7af0-436f-bdb3-cb761c29dc67;NULL;NULL;48;0;0.0000;0.0000;2.0000;Exposure;0.0000;2026-03-23 14:04:03.4970;Hands;NULL;NULL;OpenXR
NULL;Right;NULL;NULL;Exposure;NULL;3;2;0;1;0;0;-0.5000;0.0000;2.0000;NULL;Skew;anonymous;NULL;Mole Spawned;MoleEvent;31865;695fba01-0698-4a37-a2d3-5d6f4dc1673b;NULL;-0.0366;0.0036;-0.1568;355.6974;359.5110;359.1168;0.1600;-0.5444;-0.0538;2.0000;-0.5444;-0.0538;2.0000;NULL;0;;;;;;;;;;;;;0;NULL;NULL;NULL;NULL;NULL;3;2;0;1;0;0;-0.5000;0.0000;2.0000;;;;;;;;;;;;;0;NULL;NULL;a7e82b4e-7af0-436f-bdb3-cb761c29dc67;NULL;NULL;NULL;2;-0.5000;0.0000;2.0000;Exposure;0.0000;2026-03-23 14:04:03.5170;Hands;NULL;NULL;OpenXR
NULL;Right;NULL;56;Exposure;NULL;3;2;0;1;0;0;-0.5000;0.0000;2.0000;NULL;Skew;anonymous;NULL;Pointer Shoot;PointerEvent;32421;695fba01-0698-4a37-a2d3-5d6f4dc1673b;NULL;-0.0297;0.0495;-0.1325;358.6019;351.3313;359.0560;0.1772;-0.3275;0.0142;2.0000;-0.3275;0.0142;2.0000;NULL;0;;;;;;;;;;;;;0;NULL;NULL;NULL;NULL;NULL;3;2;0;1;0;0;-0.5000;0.0000;2.0000;;;;;;;;;;;;;0;NULL;NULL;a7e82b4e-7af0-436f-bdb3-cb761c29dc67;NULL;NULL;49;2;-0.5000;0.0000;2.0000;Exposure;4.6987;2026-03-23 14:04:08.2157;Hands;NULL;NULL;OpenXR
NULL;Right;NULL;56;Exposure;NULL;3;2;0;1;0;0;-0.5000;0.0000;2.0000;NULL;Skew;anonymous;NULL;Mole Hit;MoleEvent;32421;695fba01-0698-4a37-a2d3-5d6f4dc1673b;NULL;-0.0297;0.0495;-0.1325;358.6019;351.3313;359.0560;0.0827;-0.5765;0.0110;2.0000;-0.5765;0.0110;2.0000;NULL;1;;;;;;;;;;;;;0;NULL;NULL;NULL;NULL;NULL;3;2;0;1;0;0;-0.5000;0.0000;2.0000;;;;;;;;;;;;;0;NULL;NULL;a7e82b4e-7af0-436f-bdb3-cb761c29dc67;NULL;NULL;49;2;-0.5000;0.0000;2.0000;Exposure;0.0000;2026-03-23 14:04:08.2357;Hands;NULL;NULL;OpenXR
NULL;Right;NULL;NULL;Exposure;NULL;1;0;0;-1;0;0;0.0000;0.0000;2.0000;NULL;Skew;anonymous;NULL;Mole Spawned;MoleEvent;32421;695fba01-0698-4a37-a2d3-5d6f4dc1673b;NULL;-0.0297;0.0495;-0.1325;358.6019;351.3313;359.0560;0.1287;-0.0221;0.0444;2.0000;-0.0221;0.0444;2.0000;NULL;0;;;;;;;;;;;;;0;NULL;NULL;NULL;NULL;NULL;1;0;0;-1;0;0;0.0000;0.0000;2.0000;;;;;;;;;;;;;0;NULL;NULL;a7e82b4e-7af0-436f-bdb3-cb761c29dc67;NULL;NULL;NULL;0;0.0000;0.0000;2.0000;Exposure;0.0000;2026-03-23 14:04:08.2557;Hands;NULL;NULL;OpenXR
NULL;Right;NULL;57;Exposure;NULL;1;0;0;-1;0;0;0.0000;0.0000;2.0000;NULL;Skew;anonymous;NULL;Pointer Shoot;PointerEvent;32745;695fba01-0698-4a37-a2d3-5d6f4dc1673b;NULL;-0.0316;0.0463;-0.1283;1.8712;358.3295;0.2034;0.1983;-0.1981;-0.0034;2.0000;-0.1981;-0.0034;2.0000;NULL;0;;;;;;;;;;;;;0;NULL;NULL;NULL;NULL;NULL;1;0;0;-1;0;0;0.0000;0.0000;2.0000;;;;;;;;;;;;;0;NULL;NULL;a7e82b4e-7af0-436f-bdb3-cb761c29dc67;NULL;NULL;50;0;0.0000;0.0000;2.0000;Exposure;2.6997;2026-03-23 14:04:10.9554;Hands;NULL;NULL;OpenXR
NULL;Right;NULL;57;Exposure;NULL;1;0;0;-1;0;0;0.0000;0.0000;2.0000;NULL;Skew;anonymous;NULL;Mole Missed;PointerEvent;32745;695fba01-0698-4a37-a2d3-5d6f4dc1673b;NULL;-0.0316;0.0463;-0.1283;1.8712;358.3295;0.2034;0.1536;-0.1309;0.0282;2.0000;-0.1309;0.0282;2.0000;NULL;0;;;;;;;;;;;;;0;NULL;NULL;NULL;NULL;NULL;1;0;0;-1;0;0;0.0000;0.0000;2.0000;;;;;;;;;;;;;0;NULL;NULL;a7e82b4e-7af0-436f-bdb3-cb761c29dc67;NULL;NULL;50;0;0.0000;0.0000;2.0000;Exposure;0.0000;2026-03-23 14:04:10.9754;Hands;NULL;NULL;OpenXR
NULL;Right;NULL;58;Exposure;NULL;1;0;0;-1;0;0;0.0000;0.0000;2.0000;NULL;Skew;anonymous;NULL;Pointer Shoot;PointerEvent;33072;695fba01-0698-4a37-a2d3-5d6f4dc1673b;NULL;-0.0268;0.0540;-0.1491;356.9726;0.9617;358.9585;0.1501;0.1500;-0.0016;2.0000;0.1500;-0.0016;2.0000;NULL;0;;;;;;;;;;;;;0;NULL;NULL;NULL;NULL;NULL;1;0;0;-1;0;0;0.0000;0.0000;2.0000;;;;;;;;;;;;;0;NULL;NULL;a7e82b4e-7af0-436f-bdb3-cb761c29dc67;NULL;NULL;50;0;0.0000;0.0000;2.0000;Exposure;2.7646;2026-03-23 14:04:13.7400;Hands;NULL;NULL;OpenXR
NULL;Right;NULL;58;Exposure;NULL;1;0;0;-1;0;0;0.0000;0.0000;2.0000;NULL;Skew;anonymous;NULL;Mole Missed;PointerEvent;33072;695fba01-0698-4a37-a2d3-5d6f4dc1673b;NULL;-0.0268;0.0540;-0.1491;356.9726;0.9617;358.9585;0.1553;-0.1293;-0.0301;2.0000;-0.1293;-0.0301;2.0000;NULL;0;;;;;;;;;;;;;0;NULL;NULL;NULL;NULL;NULL;1;0;0;-1;0;0;0.0000;0.0000;2.0000;;;;;;;;;;;;;0;NULL;NULL;a7e82b4e-7af0-436f-bdb3-cb761c29dc67;NULL;NULL;50;0;0.0000;0.0000;2.0000;Exposure;0.0000;2026-03-23 14:04:13.7600;Hands;NULL;NULL;OpenXR
NULL;Right;NULL;59;Exposure;NULL;1;0;0;-1;0;0;0.0000;0.0000;2.0000;NULL;Skew;anonymous;NULL;Pointer Shoot;PointerEvent;33407;695fba01-0698-4a37-a2d3-5d6f4dc1673b;NULL;-0.0275;0.0532;-0.1454;357.6711;0.4326;359.4660;0.2052;-0.0700;-0.0675;2.0000;-0.0700;-0.0675;2.0000;NULL;0;;;;;;;;;;;;;0;NULL;NULL;NULL;NULL;NULL;1;0;0;-1;0;0;0.0000;0.0000;2.0000;;;;;;;;;;;;;0;NULL;NULL;a7e82b4e-7af0-436f-bdb3-cb761c29dc67;NULL;NULL;50;0;0.0000;0.0000;2.0000;Exposure;2.8178;2026-03-23 14:04:16.5778;Hands;NULL;NULL;OpenXR
NULL;Right;NULL;59;Exposure;NULL;1;0;0;-1;0;0;0.0000;0.0000;2.0000;NULL;Skew;anonymous;NULL;Mole Hit;MoleEvent;33407;695fba01-0698-4a37-a2d3-5d6f4dc1673b;NULL;-0.0275;0.0532;-0.1454;357.6711;0.4326;359.4660;0.0321;-0.0311;0.0028;2.0000;-0.0311;0.0028;2.0000;NULL;1;;;;;;;;;;;;;0;NULL;NULL;NULL;NULL;NULL;1;0;0;-1;0;0;0.0000;0.0000;2.0000;;;;;;;;;;;;;0;NULL;NULL;a7e82b4e-7af0-436f-bdb3-cb761c29dc67;NULL;NULL;50;0;0.0000;0.0000;2.0000;Exposure;0.0000;2026-03-23 14:04:16.5978;Hands;NULL;NULL;OpenXR
NULL;Right;NULL;NULL;Exposure;NULL;2;1;0;0;0;0;0.5000;0.0000;2.0000;NULL;Skew;anonymous;NULL;Mole Spawned;MoleEvent;33407;695fba01-0698-4a37-a2d3-5d6f4dc1673b;NULL;-0.0275;0.0532;-0.1454;357.6711;0.4326;359.4660;0.1990;0.5321;-0.0687;2.0000;0.5321;-0.0687;2.0000;NULL;0;;;;;;;;;;;;;0;NULL;NULL;NULL;NULL;NULL;2;1;0;0;0;0;0.5000;0.0000;2.0000;;;;;;;;;;;;;0;NULL;NULL;a7e82b4e-7af0-436f-bdb3-cb761c29dc67;NULL;NULL;NULL;1;0.5000;0.0000;2.0000;Exposure;0.0000;2026-03-23 14:04:16.6178;Hands;NULL;NULL;OpenXR
NULL;Right;NULL;60;Exposure;NULL;2;1;0;0;0;0;0.5000;0.0000;2.0000;NULL;Skew;anonymous;NULL;Pointer Shoot;PointerEvent;33745;695fba01-0698-4a37-a2d3-5d6f4dc1673b;NULL;-0.0332;0.0508;-0.1352;358.3431;9.0373;0.2451;0.1430;0.4832;-0.0497;2.0000;0.4832;-0.0497;2.0000;NULL;0;;;;;;;;;;;;;0;NULL;NULL;NULL;NULL;NULL;2;1;0;0;0;0;0.5000;0.0000;2.0000;;;;;;;;;;;;;0;NULL;NULL;a7e82b4e-7af0-436f-bdb3-cb761c29dc67;NULL;NULL;51;1;0.5000;0.0000;2.0000;Exposure;2.8234;2026-03-23 14:04:19.4412;Hands;NULL;NULL;OpenXR
NULL;Right;NULL;60;Exposure;NULL;2;1;0;0;0;0;0.5000;0.0000;2.0000;NULL;Skew;anonymous;NULL;Mole Hit;MoleEvent;33745;695fba01-0698-4a37-a2d3-5d6f4dc1673b;NULL;-0.0332;0.0508;-0.1352;358.3431;9.0373;0.2451;0.0711;0.5689;-0.0062;2.0000;0.5689;-0.0062;2.0000;NULL;1;;;;;;;;;;;;;0;NULL;NULL;NULL;NULL;NULL;2;1;0;0;0;0;0.5000;0.0000;2.0000;;;;;;;;;;;;;0;NULL;NULL;a7e82b4e-7af0-436f-bdb3-cb761c29dc67;NULL;NULL;51;1;0.5000;0.0000;2.0000;Exposure;0.0000;2026-03-23 14:04:19.4612;Hands;NULL;NULL;OpenXR
NULL;Right;NULL;NULL;Exposure;NULL;1;0;0;-1;0;0;0.0000;0.0000;2.0000;NULL;Skew;anonymous;NULL;Mole Spawned;MoleEvent;33745;695fba01-0698-4a37-a2d3-5d6f4dc1673b;NULL;-0.0332;0.0508;-0.1352;358.3431;9.0373;0.2451;0.2138;0.0300;-0.0741;2.0000;0.0300;-0.0741;2.0000;NULL;0;;;;;;;;;;;;;0;NULL;NULL;NULL;NULL;NULL;1;0;0;-1;0;0;0.0000;0.0000;2.0000;;;;;;;;;;;;;0;NULL;NULL;a7e82b4e-7af0-436f-bdb3-cb761c29dc67;NULL;NULL;NULL;0;0.0000;0.0000;2.0000;Exposure;0.0000;2026-03-23 14:04:19.4812;Hands;NULL;NULL;OpenXR
NULL;Right;NULL;61;Exposure;NULL;1;0;0;-1;0;0;0.0000;0.0000;2.0000;NULL;Skew;anonymous;NULL;Pointer Shoot;PointerEvent;34072;695fba01-0698-4a37-a2d3-5d6f4dc1673b;NULL;-0.0307;0.0491;-0.1317;358.4857;0.9303;358.8711;0.1350;0.1347;0.0034;2.0000;0.1347;0.0034;2.0000;NULL;0;;;;;;;;;;;;;0;NULL;NULL;NULL;NULL;NULL;1;0;0;-1;0;0;0.0000;0.0000;2.0000;;;;;;;;;;;;;0;NULL;NULL;a7e82b4e-7af0-436f-bdb3-cb761c29dc67;NULL;NULL;52;0;0.0000;0.0000;2.0000;Exposure;2.7330;2026-03-23 14:04:22.2142;Hands;NULL;NULL;OpenXR
NULL;Right;NULL;61;Exposure;NULL;1;0;0;-1;0;0;0.0000;0.0000;2.0000;NULL;Skew;anonymous;NULL;Mole Hit;MoleEvent;34072;695fba01-0698-4a37-a2d3-5d6f4dc1673b;NULL;-0.0307;0.0491;-0.1317;358.4857;0.9303;358.8711;0.0679;-0.0574;-0.0127;2.0000;-0.0574;-0.0127;2.0000;NULL;1;;;;;;;;;;;;;0;NULL;NULL;NULL;NULL;NULL;1;0;0;-1;0;0;0.0000;0.0000;2.0000;;;;;;;;;;;;;0;NULL;NULL;a7e82b4e-7af0-436f-bdb3-cb761c29dc67;NULL;NULL;52;0;0.0000;0.0000;2.0000;Exposure;0.0000;2026-03-23 14:04:22.2342;Hands;NULL;NULL;OpenXR
NULL;Right;NULL;NULL;Exposure;NULL;3;2;0;1;0;0;-0.5000;0.0000;2.0000;NULL;Skew;anonymous;NULL;Mole Spawned;MoleEvent;34072;695fba01-0698-4a37-a2d3-5d6f4dc1673b;NULL;-0.0307;0.0491;-0.1317;358.4857;0.9303;358.8711;0.1755;-0.4539;-0.0593;2.0000;-0.4539;-0.0593;2.0000;NULL;0;;;;;;;;;;;;;0;NULL;NULL;NULL;NULL;NULL;3;2;0;1;0;0;-0.5000;0.0000;2.0000;;;;;;;;;;;;;0;NULL;NULL;a7e82b4e-7af0-436f-bdb3-cb761c29dc67;NULL;NULL;NULL;2;-0.5000;0.0000;2.0000;Exposure;0.0000;2026-03-23 14:04:22.2542;Hands;NULL;NULL;OpenXR
NULL;Right;NULL;62;Exposure;NULL;3;2;0;1;0;0;-0.5000;0.0000;2.0000;NULL;Skew;anonymous;NULL;Pointer Shoot;PointerEvent;34845;695fba01-0698-4a37-a2d3-5d6f4dc1673b;NULL;-0.0251;0.0525;-0.1321;355.5131;351.9981;358.3241;0.2069;-0.4295;-0.0681;2.0000;-0.4295;-0.0681;2.0000;NULL;0;;;;;;;;;;;;;0;NULL;NULL;NULL;NULL;NULL;3;2;0;1;0;0;-0.5000;0.0000;2.0000;;;;;;;;;;;;;0;NULL;NULL;a7e82b4e-7af0-436f-bdb3-cb761c29dc67;NULL;NULL;53;2;-0.5000;0.0000;2.0000;Exposure;6.4487;2026-03-23 14:04:28.7029;Hands;NULL;NULL;OpenXR
NULL;Right;NULL;62;Exposure;NULL;3;2;0;1;0;0;-0.5000;0.0000;2.0000;NULL;Skew;anonymous;NULL;Mole Hit;MoleEvent;34845;695fba01-0698-4a37-a2d3-5d6f4dc1673b;NULL;-0.0251;0.0525;-0.1321;355.5131;351.9981;358.3241;0.0583;-0.5479;0.0116;2.0000;-0.5479;0.0116;2.0000;NULL;1;;;;;;;;;;;;;0;NULL;NULL;NULL;NULL;NULL;3;2;0;1;0;0;-0.5000;0.0000;2.0000;;;;;;;;;;;;;0;NULL;NULL;a7e82b4e-7af0-436f-bdb3-cb761c29dc67;NULL;NULL;53;2;-0.5000;0.0000;2.0000;Exposure;0.0000;2026-03-23 14:04:28.7229;Hands;NULL;NULL;OpenXR
NULL;Right;NULL;NULL;Exposure;NULL;2;1;0;0;0;0;0.5000;0.0000;2.0000;NULL;Skew;anonymous;NULL;Mole Spawned;MoleEvent;34845;695fba01-0698-4a37-a2d3-5d6f4dc1673b;NULL;-0.0251;0.0525;-0.1321;355.5131;351.9981;358.3241;0.1251;0.4515;-0.0403;2.0000;0.4515;-0.0403;2.0000;NULL;0;;;;;;;;;;;;;0;NULL;NULL;NULL;NULL;NULL;2;1;0;0;0;0;0.5000;0.0000;2.0000;;;;;;;;;;;;;0;NULL;NULL;a7e82b4e-7af0-436f-bdb3-cb761c29dc67;NULL;NULL;NULL;1;0.5000;0.0000;2.0000;Exposure;0.0000;2026-03-23 14:04:28.7429;Hands;NULL;NULL;OpenXR
NULL;Right;NULL;63;Exposure;NULL;2;1;0;0;0;0;0.5000;0.0000;2.0000;NULL;Skew;anonymous;NULL;Pointer Shoot;PointerEvent;35174;695fba01-0698-4a37-a2d3-5d6f4dc1673b;NULL;-0.0372;0.0503;-0.1300;357.2108;7.8935;1.9947;0.1392;0.5308;-0.0475;2.0000;0.5308;-0.0475;2.0000;NULL;0;;;;;;;;;;;;;0;NULL;NULL;NULL;NULL;NULL;2;1;0;0;0;0;0.5000;0.0000;2.0000;;;;;;;;;;;;;0;NULL;NULL;a7e82b4e-7af0-436f-bdb3-cb761c29dc67;NULL;NULL;54;1;0.5000;0.0000;2.0000;Exposure;2.7571;2026-03-23 14:04:31.5000;Hands;NULL;NULL;OpenXR
NULL;Right;NULL;63;Exposure;NULL;2;1;0;0;0;0;0.5000;0.0000;2.0000;NULL;Skew;anonymous;NULL;Mole Hit;MoleEvent;35174;695fba01-0698-4a37-a2d3-5d6f4dc1673b;NULL;-0.0372;0.0503;-0.1300;357.2108;7.8935;1.9947;0.0415;0.4606;-0.0045;2.0000;0.4606;-0.0045;2.0000;NULL;1;;;;;;;;;;;;;0;NULL;NULL;NULL;NULL;NULL;2;1;0;0;0;0;0.5000;0.0000;2.0000;;;;;;;;;;;;;0;NULL;NULL;a7e82b4e-7af0-436f-bdb3-cb761c29dc67;NULL;NULL;54;1;0.5000;0.0000;2.0000;Exposure;0.0000;2026-03-23 14:04:31.5200;Hands;NULL;NULL;OpenXR
NULL;Right;NULL;NULL;Exposure;NULL;3;2;0;1;0;0;-0.5000;0.0000;2.0000;NULL;Skew;anonymous;NULL;Mole Spawned;MoleEvent;35174;695fba01-0698-4a37-a2d3-5d6f4dc1673b;NULL;-0.0372;0.0503;-0.1300;357.2108;7.8935;1.9947;0.1970;-0.4144;-0.0621;2.0000;-0.4144;-0.0621;2.0000;NULL;0;;;;;;;;;;;;;0;NULL;NULL;NULL;NULL;NULL;3;2;0;1;0;0;-0.5000;0.0000;2.0000;;;;;;;;;;;;;0;NULL;NULL;a7e82b4e-7af0-436f-bdb3-cb761c29dc67;NULL;NULL;NULL;2;-0.5000;0.0000;2.0000;Exposure;0.0000;2026-03-23 14:04:31.5400;Hands;NULL;NULL;OpenXR
NULL;Right;NULL;64;Exposure;NULL;3;2;0;1;0;0;-0.5000;0.0000;2.0000;NULL;Skew;anonymous;NULL;Pointer Shoot;PointerEvent;35506;695fba01-0698-4a37-a2d3-5d6f4dc1673b;NULL;-0.0289;0.0469;-0.1272;358.3114;349.8901;359.8364;0.2067;-0.2953;0.0100;2.0000;-0.2953;0.0100;2.0000;NULL;0;;;;;;;;;;;;;0;NULL;NULL;NULL;NULL;NULL;3;2;0;1;0;0;-0.5000;0.0000;2.0000;;;;;;;;;;;;;0;NULL;NULL;a7e82b4e-7af0-436f-bdb3-cb761c29dc67;NULL;NULL;55;2;-0.5000;0.0000;2.0000;Exposure;2.7736;2026-03-23 14:04:34.3136;Hands;NULL;NULL;OpenXR
NULL;Right;NULL;64;Exposure;NULL;3;2;0;1;0;0;-0.5000;0.0000;2.0000;NULL;Skew;anonymous;NULL;Mole Hit;MoleEvent;35506;695fba01-0698-4a37-a2d3-5d6f4dc1673b;NULL;-0.0289;0.0469;-0.1272;358.3114;349.8901;359.8364;0.0297;-0.5232;-0.0065;2.0000;-0.5232;-0.0065;2.0000;NULL;1;;;;;;;;;;;;;0;NULL;NULL;NULL;NULL;NULL;3;2;0;1;0;0;-0.5000;0.0000;2.0000;;;;;;;;;;;;;0;NULL;NULL;a7e82b4e-7af0-436f-bdb3-cb761c29dc67;NULL;NULL;55;2;-0.5000;0.0000;2.0000;Exposure;0.0000;2026-03-23 14:04:34.3336;Hands;NULL;NULL;OpenXR
NULL;Right;NULL;NULL;Exposure;NULL;1;0;0;-1;0;0;0.0000;0.0000;2.0000;NULL;Skew;anonymous;NULL;Mole Spawned;MoleEvent;35506;695fba01-0698-4a37-a2d3-5d6f4dc1673b;NULL;-0.0289;0.0469;-0.1272;358.3114;349.8901;359.8364;0.1960;-0.0015;0.0686;2.0000;-0.0015;0.0686;2.0000;NULL;0;;;;;;;;;;;;;0;NULL;NULL;NULL;NULL;NULL;1;0;0;-1;0;0;0.0000;0.0000;2.0000;;;;;;;;;;;;;0;NULL;NULL;a7e82b4e-7af0-436f-bdb3-cb761c29dc67;NULL;NULL;NULL;0;0.0000;0.0000;2.0000;Exposure;0.0000;2026-03-23 14:04:34.3536;Hands;NULL;NULL;OpenXR
NULL;Right;NULL;65;Exposure;NULL;1;0;0;-1;0;0;0.0000;0.0000;2.0000;NULL;Skew;anonymous;NULL;Pointer Shoot;PointerEvent;35832;695fba01-0698-4a37-a2d3-5d6f4dc1673b;NULL;-0.0254;0.0473;-0.1251;358.3377;357.1330;0.6104;0.2126;0.1819;-0.0385;2.0000;0.1819;-0.0385;2.0000;NULL;0;;;;;;;;;;;;;0;NULL;NULL;NULL;NULL;NULL;1;0;0;-1;0;0;0.0000;0.0000;2.0000;;;;;;;;;;;;;0;NULL;NULL;a7e82b4e-7af0-436f-bdb3-cb761c29dc67;NULL;NULL;56;0;0.0000;0.0000;2.0000;Exposure;2.7331;2026-03-23 14:04:37.0867;Hands;NULL;NULL;OpenXR
NULL;Right;NULL;65;Exposure;NULL;1;0;0;-1;0;0;0.0000;0.0000;2.0000;NULL;Skew;anonymous;NULL;Mole Hit;MoleEvent;35832;695fba01-0698-4a37-a2d3-5d6f4dc1673b;NULL;-0.0254;0.0473;-0.1251;358.3377;357.1330;0.6104;0.0455;0.0159;0.0149;2.0000;0.0159;0.0149;2.0000;NULL;1;;;;;;;;;;;;;0;NULL;NULL;NULL;NULL;NULL;1;0;0;-1;0;0;0.0000;0.0000;2.0000;;;;;;;;;;;;;0;NULL;NULL;a7e82b4e-7af0-436f-bdb3-cb761c29dc67;NULL;NULL;56;0;0.0000;0.0000;2.0000;Exposure;0.0000;2026-03-23 14:04:37.1067;Hands;NULL;NULL;OpenXR
NULL;Right;NULL;NULL;Exposure;NULL;3;2;0;1;0;0;-0.5000;0.0000;2.0000;NULL;Skew;anonymous;NULL;Mole Spawned;MoleEvent;35832;695fba01-0698-4a37-a2d3-5d6f4dc1673b;NULL;-0.0254;0.0473;-0.1251;358.3377;357.1330;0.6104;0.1301;-0.4199;0.0359;2.0000;-0.4199;0.0359;2.0000;NULL;0;;;;;;;;;;;;;0;NULL;NULL;NULL;NULL;NULL;3;2;0;1;0;0;-0.5000;0.0000;2.0000;;;;;;;;;;;;;0;NULL;NULL;a7e82b4e-7af0-436f-bdb3-cb761c29dc67;NULL;NULL;NULL;2;-0.5000;0.0000;2.0000;Exposure;0.0000;2026-03-23 14:04:37.1267;Hands;NULL;NULL;OpenXR
NULL;Right;NULL;66;Exposure;NULL;3;2;0;1;0;0;-0.5000;0.0000;2.0000;NULL;Skew;anonymous;NULL;Pointer Shoot;PointerEvent;36144;695fba01-0698-4a37-a2d3-5d6f4dc1673b;NULL;-0.0207;0.0496;-0.1186;357.5026;355.0432;359.1151;0.1741;-0.3400;0.0240;2.0000;-0.3400;0.0240;2.0000;NULL;0;;;;;;;;;;;;;0;NULL;NULL;NULL;NULL;NULL;3;2;0;1;0;0;-0.5000;0.0000;2.0000;;;;;;;;;;;;;0;NULL;NULL;a7e82b4e-7af0-436f-bdb3-cb761c29dc67;NULL;NULL;57;2;-0.5000;0.0000;2.0000;Exposure;2.7066;2026-03-23 14:04:39.8333;Hands;NULL;NULL;OpenXR
NULL;Right;NULL;66;Exposure;NULL;3;2;0;1;0;0;-0.5000;0.0000;2.0000;NULL;Skew;anonymous;NULL;Mole Missed;PointerEvent;36144;695fba01-0698-4a37-a2d3-5d6f4dc1673b;NULL;-0.0207;0.0496;-0.1186;357.5026;355.0432;359.1151;0.1360;-0.6244;-0.0192;2.0000;-0.6244;-0.0192;2.0000;NULL;0;;;;;;;;;;;;;0;NULL;NULL;NULL;NULL;NULL;3;2;0;1;0;0;-0.5000;0.0000;2.0000;;;;;;;;;;;;;0;NULL;NULL;a7e82b4e-7af0-436f-bdb3-cb761c29dc67;NULL;NULL;57;2;-0.5000;0.0000;2.0000;Exposure;0.0000;2026-03-23 14:04:39.8533;Hands;NULL;NULL;OpenXR
NULL;Right;NULL;67;Exposure;NULL;3;2;0;1;0;0;-0.5000;0.0000;2.0000;NULL;Skew;anonymous;NULL;Pointer Shoot;PointerEvent;36472;695fba01-0698-4a37-a2d3-5d6f4dc1673b;NULL;-0.0225;0.0488;-0.1246;357.5348;353.8667;358.9336;0.1276;-0.5610;-0.0392;2.0000;-0.5610;-0.0392;2.0000;NULL;0;;;;;;;;;;;;;0;NULL;NULL;NULL;NULL;NULL;3;2;0;1;0;0;-0.5000;0.0000;2.0000;;;;;;;;;;;;;0;NULL;NULL;a7e82b4e-7af0-436f-bdb3-cb761c29dc67;NULL;NULL;57;2;-0.5000;0.0000;2.0000;Exposure;2.7404;2026-03-23 14:04:42.5937;Hands;NULL;NULL;OpenXR
NULL;Right;NULL;67;Exposure;NULL;3;2;0;1;0;0;-0.5000;0.0000;2.0000;NULL;Skew;anonymous;NULL;Mole Hit;MoleEvent;36472;695fba01-0698-4a37-a2d3-5d6f4dc1673b;NULL;-0.0225;0.0488;-0.1246;357.5348;353.8667;358.9336;0.0431;-0.5115;-0.0145;2.0000;-0.5115;-0.0145;2.0000;NULL;1;;;;;;;;;;;;;0;NULL;NULL;NULL;NULL;NULL;3;2;0;1;0;0;-0.5000;0.0000;2.0000;;;;;;;;;;;;;0;NULL;NULL;a7e82b4e-7af0-436f-bdb3-cb761c29dc67;NULL;NULL;57;2;-0.5000;0.0000;2.0000;Exposure;0.0000;2026-03-23 14:04:42.6137;Hands;NULL;NULL;OpenXR
NULL;Right;NULL;NULL;Exposure;NULL;2;1;0;0;0;0;0.5000;0.0000;2.0000;NULL;Skew;anonymous;NULL;Mole Spawned;MoleEvent;36472;695fba01-0698-4a37-a2d3-5d6f4dc1673b;NULL;-0.0225;0.0488;-0.1246;357.5348;353.8667;358.9336;0.1638;0.3683;-0.0341;2.0000;0.3683;-0.0341;2.0000;NULL;0;;;;;;;;;;;;;0;NULL;NULL;NULL;NULL;NULL;2;1;0;0;0;0;0.5000;0.0000;2.0000;;;;;;;;;;;;;0;NULL;NULL;a7e82b4e-7af0-436f-bdb3-cb761c29dc67;NULL;NULL;NULL;1;0.5000;0.0000;2.0000;Exposure;0.0000;2026-03-23 14:04:42.6337;Hands;NULL;NULL;OpenXR
NULL;Right;NULL;68;Exposure;NULL;2;1;0;0;0;0;0.5000;0.0000;2.0000;NULL;Skew;anonymous;NULL;Pointer Shoot;PointerEvent;36792;695fba01-0698-4a37-a2d3-5d6f4dc1673b;NULL;-0.0340;0.0472;-0.1212;357.9205;7.6706;1.7584;0.2146;0.5578;-0.0723;2.0000;0.5578;-0.0723;2.0000;NULL;0;;;;;;;;;;;;;0;NULL;NULL;NULL;NULL;NULL;2;1;0;0;0;0;0.5000;0.0000;2.0000;;;;;;;;;;;;;0;NULL;NULL;a7e82b4e-7af0-436f-bdb3-cb761c29dc67;NULL;NULL;58;1;0.5000;0.0000;2.0000;Exposure;2.6665;2026-03-23 14:04:45.3002;Hands;NULL;NULL;OpenXR
NULL;Right;NULL;68;Exposure;NULL;2;1;0;0;0;0;0.5000;0.0000;2.0000;NULL;Skew;anonymous;NULL;Mole Hit;MoleEvent;36792;695fba01-0698-4a37-a2d3-5d6f4dc1673b;NULL;-0.0340;0.0472;-0.1212;357.9205;7.6706;1.7584;0.0159;0.5146;-0.0021;2.0000;0.5146;-0.0021;2.0000;NULL;1;;;;;;;;;;;;;0;NULL;NULL;NULL;NULL;NULL;2;1;0;0;0;0;0.5000;0.0000;2.0000;;;;;;;;;;;;;0;NULL;NULL;a7e82b4e-7af0-436f-bdb3-cb761c29dc67;NULL;NULL;58;1;0.5000;0.0000;2.0000;Exposure;0.0000;2026-03-23 14:04:45.3202;Hands;NULL;NULL;OpenXR
NULL;Right;NULL;NULL;Exposure;NULL;1;0;0;-1;0;0;0.0000;0.0000;2.0000;NULL;Skew;anonymous;NULL;Mole Spawned;MoleEvent;36792;695fba01-0698-4a37-a2d3-5d6f4dc1673b;NULL;-0.0340;0.0472;-0.1212;357.9205;7.6706;1.7584;0.1476;-0.1322;-0.0230;2.0000;-0.1322;-0.0230;2.0000;NULL;0;;;;;;;;;;;;;0;NULL;NULL;NULL;NULL;NULL;1;0;0;-1;0;0;0.0000;0.0000;2.0000;;;;;;;;;;;;;0;NULL;NULL;a7e82b4e-7af0-436f-bdb3-cb761c29dc67;NULL;NULL;NULL;0;0.0000;0.0000;2.0000;Exposure;0.0000;2026-03-23 14:04:45.3402;Hands;NULL;NULL;OpenXR
NULL;Right;NULL;69;Exposure;NULL;1;0;0;-1;0;0;0.0000;0.0000;2.0000;NULL;Skew;anonymous;NULL;Pointer Shoot;PointerEvent;37116;695fba01-0698-4a37-a2d3-5d6f4dc1673b;NULL;-0.0228;0.0468;-0.1228;357.7945;1.7184;358.9575;0.1231;-0.0804;0.0326;2.0000;-0.0804;0.0326;2.0000;NULL;0;;;;;;;;;;;;;0;NULL;NULL;NULL;NULL;NULL;1;0;0;-1;0;0;0.0000;0.0000;2.0000;;;;;;;;;;;;;0;NULL;NULL;a7e82b4e-7af0-436f-bdb3-cb761c29dc67;NULL;NULL;59;0;0.0000;0.0000;2.0000;Exposure;2.7077;2026-03-23 14:04:48.0479;Hands;NULL;NULL;OpenXR
NULL;Right;NULL;69;Exposure;NULL;1;0;0;-1;0;0;0.0000;0.0000;2.0000;NULL;Skew;anonymous;NULL;Mole Hit;MoleEvent;37116;695fba01-0698-4a37-a2d3-5d6f4dc1673b;NULL;-0.0228;0.0468;-0.1228;357.7945;1.7184;358.9575;0.0385;-0.0373;0.0034;2.0000;-0.0373;0.0034;2.0000;NULL;1;;;;;;;;;;;;;0;NULL;NULL;NULL;NULL;NULL;1;0;0;-1;0;0;0.0000;0.0000;2.0000;;;;;;;;;;;;;0;NULL;NULL;a7e82b4e-7af0-436f-bdb3-cb761c29dc67;NULL;NULL;59;0;0.0000;0.0000;2.0000;Exposure;0.0000;2026-03-23 14:04:48.0679;Hands;NULL;NULL;OpenXR
NULL;Right;NULL;69;Exposure;NULL;NULL;NULL;NULL;NULL;NULL;NULL;NULL;NULL;NULL;NULL;Skew;anonymous;NULL;Exposure Completed;BlockEvent;37116;695fba01-0698-4a37-a2d3-5d6f4dc1673b;NULL;-0.0228;0.0468;-0.1228;357.7945;1.7184;358.9575;NULL;NULL;NULL;NULL;NULL;NULL;NULL;NULL;NULL;;;;;;;;;;;;;0;NULL;NULL;NULL;NULL;NULL;NULL;NULL;NULL;NULL;NULL;NULL;NULL;NULL;NULL;;;;;;;;;;;;;0;NULL;NULL;a7e82b4e-7af0-436f-bdb3-cb761c29dc67;NULL;NULL;60;NULL;NULL;NULL;NULL;Exposure;0.0000;2026-03-23 14:04:48.0879;Hands;NULL;NULL;OpenXR
NULL;Right;NULL;NULL;Post;NULL;NULL;NULL;NULL;NULL;NULL;NULL;NULL;NULL;NULL;NULL;None;anonymous;NULL;Block Started;BlockEvent;37355;695fba01-0698-4a37-a2d3-5d6f4dc1673b;NULL;-0.0233;0.0486;-0.1250;357.2515;1.6205;359.4689;NULL;NULL;NULL;NULL;NULL;NULL;NULL;NULL;NULL;;;;;;;;;;;;;0;NULL;NULL;NULL;NULL;NULL;NULL;NULL;NULL;NULL;NULL;NULL;NULL;NULL;NULL;;;;;;;;;;;;;0;NULL;NULL;a7e82b4e-7af0-436f-bdb3-cb761c29dc67;NULL;NULL;NULL;NULL;NULL;NULL;NULL;OpenLoop;2.0002;2026-03-23 14:04:50.0881;Hands;NULL;30;OpenXR
NULL;Right;NULL;NULL;Post;NULL;NULL;NULL;NULL;NULL;NULL;NULL;NULL;NULL;NULL;NULL;None;anonymous;NULL;Trial Accepted;TaskEvent;37702;695fba01-0698-4a37-a2d3-5d6f4dc1673b;NULL;-0.0235;0.0475;-0.1234;357.8706;0.8896;359.5415;NULL;0.0734;0.0000;2.0000;0.0734;0.0000;2.0000;NULL;NULL;;;;;;;;;;;;;0;NULL;NULL;NULL;NULL;NULL;NULL;NULL;NULL;NULL;NULL;NULL;NULL;NULL;NULL;;;;;;;;;;;;;0;NULL;NULL;a7e82b4e-7af0-436f-bdb3-cb761c29dc67;7.3434;NULL;NULL;NULL;NULL;NULL;NULL;OpenLoop;2.8905;2026-03-23 14:04:52.9786;Hands;1;30;OpenXR
NULL;Right;NULL;NULL;Post;NULL;NULL;NULL;NULL;NULL;NULL;NULL;NULL;NULL;NULL;NULL;None;anonymous;NULL;Trial Accepted;TaskEvent;38026;695fba01-0698-4a37-a2d3-5d6f4dc1673b;NULL;-0.0185;0.0496;-0.1224;357.4391;2.5227;359.3502;NULL;0.0464;0.0000;2.0000;0.0464;0.0000;2.0000;NULL;NULL;;;;;;;;;;;;;0;NULL;NULL;NULL;NULL;NULL;NULL;NULL;NULL;NULL;NULL;NULL;NULL;NULL;NULL;;;;;;;;;;;;;0;NULL;NULL;a7e82b4e-7af0-436f-bdb3-cb761c29dc67;4.6392;NULL;NULL;NULL;NULL;NULL;NULL;OpenLoop;2.7153;2026-03-23 14:04:55.6939;Hands;2;30;OpenXR
NULL;Right;NULL;NULL;Post;NULL;NULL;NULL;NULL;NULL;NULL;NULL;NULL;NULL;NULL;NULL;None;anonymous;NULL;Trial Accepted;TaskEvent;38371;695fba01-0698-4a37-a2d3-5d6f4dc1673b;NULL;-0.0201;0.0480;-0.1222;357.5088;1.7303;359.2477;NULL;0.0840;0.0000;2.0000;0.0840;0.0000;2.0000;NULL;NULL;;;;;;;;;;;;;0;NULL;NULL;NULL;NULL;NULL;NULL;NULL;NULL;NULL;NULL;NULL;NULL;NULL;NULL;;;;;;;;;;;;;0;NULL;NULL;a7e82b4e-7af0-436f-bdb3-cb761c29dc67;8.4029;NULL;NULL;NULL;NULL;NULL;NULL;OpenLoop;2.8755;2026-03-23 14:04:58.5694;Hands;3;30;OpenXR
NULL;Right;NULL;NULL;Post;NULL;NULL;NULL;NULL;NULL;NULL;NULL;NULL;NULL;NULL;NULL;None;anonymous;NULL;Trial Accepted;TaskEvent;38701;695fba01-0698-4a37-a2d3-5d6f4dc1673b;NULL;-0.0083;0.0391;-0.1186;2.1720;3.6618;355.9162;NULL;0.0066;0.0000;2.0000;0.0066;0.0000;2.0000;NULL;NULL;;;;;;;;;;;;;0;NULL;NULL;NULL;NULL;NULL;NULL;NULL;NULL;NULL;NULL;NULL;NULL;NULL;NULL;;;;;;;;;;;;;0;NULL;NULL;a7e82b4e-7af0-436f-bdb3-cb761c29dc67;0.6563;NULL;NULL;NULL;NULL;NULL;NULL;OpenLoop;2.7571;2026-03-23 14:05:01.3265;Hands;4;30;OpenXR
NULL;Right;NULL;NULL;Post;NULL;NULL;NULL;NULL;NULL;NULL;NULL;NULL;NULL;NULL;NULL;None;anonymous;NULL;Trial Accepted;TaskEvent;39039;695fba01-0698-4a37-a2d3-5d6f4dc1673b;NULL;-0.0199;0.0368;-0.1252;4.5427;3.4534;356.3691;NULL;0.0205;0.0000;2.0000;0.0205;0.0000;2.0000;NULL;NULL;;;;;;;;;;;;;0;NULL;NULL;NULL;NULL;NULL;NULL;NULL;NULL;NULL;NULL;NULL;NULL;NULL;NULL;;;;;;;;;;;;;0;NULL;NULL;a7e82b4e-7af0-436f-bdb3-cb761c29dc67;2.0500;NULL;NULL;NULL;NULL;NULL;NULL;OpenLoop;2.8158;2026-03-23 14:05:04.1423;Hands;5;30;OpenXR
NULL;Right;NULL;NULL;Post;NULL;NULL;NULL;NULL;NULL;NULL;NULL;NULL;NULL;NULL;NULL;None;anonymous;NULL;Trial Accepted;TaskEvent;39451;695fba01-0698-4a37-a2d3-5d6f4dc1673b;NULL;-0.0130;0.0450;-0.1225;359.3865;1.7802;358.1280;NULL;0.0465;0.0000;2.0000;0.0465;0.0000;2.0000;NULL;NULL;;;;;;;;;;;;;0;NULL;NULL;NULL;NULL;NULL;NULL;NULL;NULL;NULL;NULL;NULL;NULL;NULL;NULL;;;;;;;;;;;;;0;NULL;NULL;a7e82b4e-7af0-436f-bdb3-cb761c29dc67;4.6485;NULL;NULL;NULL;NULL;NULL;NULL;OpenLoop;3.4326;2026-03-23 14:05:07.5749;Hands;6;30;OpenXR
NULL;Right;NULL;NULL;Post;NULL;NULL;NULL;NULL;NULL;NULL;NULL;NULL;NULL;NULL;NULL;None;anonymous;NULL;Trial Accepted;TaskEvent;39785;695fba01-0698-4a37-a2d3-5d6f4dc1673b;NULL;-0.0111;0.0446;-0.1207;0.4217;1.9043;357.7014;NULL;0.0567;0.0000;2.0000;0.0567;0.0000;2.0000;NULL;NULL;;;;;;;;;;;;;0;NULL;NULL;NULL;NULL;NULL;NULL;NULL;NULL;NULL;NULL;NULL;NULL;NULL;NULL;;;;;;;;;;;;;0;NULL;NULL;a7e82b4e-7af0-436f-bdb3-cb761c29dc67;5.6677;NULL;NULL;NULL;NULL;NULL;NULL;OpenLoop;2.7909;2026-03-23 14:05:10.3658;Hands;7;30;OpenXR
NULL;Right;NULL;NULL;Post;NULL;NULL;NULL;NULL;NULL;NULL;NULL;NULL;NULL;NULL;NULL;None;anonymous;NULL;Trial Accepted;TaskEvent;40123;695fba01-0698-4a37-a2d3-5d6f4dc1673b;NULL;-0.0136;0.0444;-0.1204;0.4393;1.2487;358.1407;NULL;0.0476;0.0000;2.0000;0.0476;0.0000;2.0000;NULL;NULL;;;;;;;;;;;;;0;NULL;NULL;NULL;NULL;NULL;NULL;NULL;NULL;NULL;NULL;NULL;NULL;NULL;NULL;;;;;;;;;;;;;0;NULL;NULL;a7e82b4e-7af0-436f-bdb3-cb761c29dc67;4.7612;NULL;NULL;NULL;NULL;NULL;NULL;OpenLoop;2.8156;2026-03-23 14:05:13.1814;Hands;8;30;OpenXR
NULL;Right;NULL;NULL;Post;NULL;NULL;NULL;NULL;NULL;NULL;NULL;NULL;NULL;NULL;NULL;None;anonymous;NULL;Trial Accepted;TaskEvent;40459;695fba01-0698-4a37-a2d3-5d6f4dc1673b;NULL;-0.0134;0.0433;-0.1213;0.5966;1.4192;357.8419;NULL;0.0567;0.0000;2.0000;0.0567;0.0000;2.0000;NULL;NULL;;;;;;;;;;;;;0;NULL;NULL;NULL;NULL;NULL;NULL;NULL;NULL;NULL;NULL;NULL;NULL;NULL;NULL;;;;;;;;;;;;;0;NULL;NULL;a7e82b4e-7af0-436f-bdb3-cb761c29dc67;5.6661;NULL;NULL;NULL;NULL;NULL;NULL;OpenLoop;2.7998;2026-03-23 14:05:15.9812;Hands;9;30;OpenXR
NULL;Right;NULL;NULL;Post;NULL;NULL;NULL;NULL;NULL;NULL;NULL;NULL;NULL;NULL;NULL;None;anonymous;NULL;Trial Accepted;TaskEvent;40778;695fba01-0698-4a37-a2d3-5d6f4dc1673b;NULL;-0.0132;0.0441;-0.1211;0.2949;1.3695;357.7871;NULL;0.0697;0.0000;2.0000;0.0697;0.0000;2.0000;NULL;NULL;;;;;;;;;;;;;0;NULL;NULL;NULL;NULL;NULL;NULL;NULL;NULL;NULL;NULL;NULL;NULL;NULL;NULL;;;;;;;;;;;;;0;NULL;NULL;a7e82b4e-7af0-436f-bdb3-cb761c29dc67;6.9731;NULL;NULL;NULL;NULL;NULL;NULL;OpenLoop;2.6821;2026-03-23 14:05:18.6633;Hands;10;30;OpenXR
NULL;Right;NULL;NULL;Post;NULL;NULL;NULL;NULL;NULL;NULL;NULL;NULL;NULL;NULL;NULL;None;anonymous;NULL;Trial Accepted;TaskEvent;41118;695fba01-0698-4a37-a2d3-5d6f4dc1673b;NULL;-0.0130;0.0430;-0.1211;0.4457;1.4243;357.7013;NULL;0.0301;0.0000;2.0000;0.0301;0.0000;2.0000;NULL;NULL;;;;;;;;;;;;;0;NULL;NULL;NULL;NULL;NULL;NULL;NULL;NULL;NULL;NULL;NULL;NULL;NULL;NULL;;;;;;;;;;;;;0;NULL;NULL;a7e82b4e-7af0-436f-bdb3-cb761c29dc67;3.0107;NULL;NULL;NULL;NULL;NULL;NULL;OpenLoop;2.8328;2026-03-23 14:05:21.4961;Hands;11;30;OpenXR
NULL;Right;NULL;NULL;Post;NULL;NULL;NULL;NULL;NULL;NULL;NULL;NULL;NULL;NULL;NULL;None;anonymous;NULL;Trial Accepted;TaskEvent;41497;695fba01-0698-4a37-a2d3-5d6f4dc1673b;NULL;-0.0133;0.0438;-0.1212;0.0980;1.6337;357.8703;NULL;0.0521;0.0000;2.0000;0.0521;0.0000;2.0000;NULL;NULL;;;;;;;;;;;;;0;NULL;NULL;NULL;NULL;NULL;NULL;NULL;NULL;NULL;NULL;NULL;NULL;NULL;NULL;;;;;;;;;;;;;0;NULL;NULL;a7e82b4e-7af0-436f-bdb3-cb761c29dc67;5.2139;NULL;NULL;NULL;NULL;NULL;NULL;OpenLoop;3.1660;2026-03-23 14:05:24.6621;Hands;12;30;OpenXR
NULL;Right;NULL;NULL;Post;NULL;NULL;NULL;NULL;NULL;NULL;NULL;NULL;NULL;NULL;NULL;None;anonymous;NULL;Trial Accepted;TaskEvent;41822;695fba01-0698-4a37-a2d3-5d6f4dc1673b;NULL;-0.0132;0.0425;-0.1163;0.2299;1.3742;358.1024;NULL;0.0926;0.0000;2.0000;0.0926;0.0000;2.0000;NULL;NULL;;;;;;;;;;;;;0;NULL;NULL;NULL;NULL;NULL;NULL;NULL;NULL;NULL;NULL;NULL;NULL;NULL;NULL;;;;;;;;;;;;;0;NULL;NULL;a7e82b4e-7af0-436f-bdb3-cb761c29dc67;9.2587;NULL;NULL;NULL;NULL;NULL;NULL;OpenLoop;2.7076;2026-03-23 14:05:27.3697;Hands;13;30;OpenXR
NULL;Right;NULL;NULL;Post;NULL;NULL;NULL;NULL;NULL;NULL;NULL;NULL;NULL;NULL;NULL;None;anonymous;NULL;Trial Accepted;TaskEvent;42138;695fba01-0698-4a37-a2d3-5d6f4dc1673b;NULL;-0.0123;0.0434;-0.1172;359.5799;1.4897;357.9284;NULL;0.0346;0.0000;2.0000;0.0346;0.0000;2.0000;NULL;NULL;;;;;;;;;;;;;0;NULL;NULL;NULL;NULL;NULL;NULL;NULL;NULL;NULL;NULL;NULL;NULL;NULL;NULL;;;;;;;;;;;;;0;NULL;NULL;a7e82b4e-7af0-436f-bdb3-cb761c29dc67;3.4617;NULL;NULL;NULL;NULL;NULL;NULL;OpenLoop;2.6494;2026-03-23 14:05:30.0191;Hands;14;30;OpenXR
NULL;Right;NULL;NULL;Post;NULL;NULL;NULL;NULL;NULL;NULL;NULL;NULL;NULL;NULL;NULL;None;anonymous;NULL;Trial Accepted;TaskEvent;42645;695fba01-0698-4a37-a2d3-5d6f4dc1673b;NULL;-0.0157;0.0485;-0.1198;357.4280;1.2178;358.9643;NULL;-0.0121;0.0000;2.0000;-0.0121;0.0000;2.0000;NULL;NULL;;;;;;;;;;;;;0;NULL;NULL;NULL;NULL;NULL;NULL;NULL;NULL;NULL;NULL;NULL;NULL;NULL;NULL;;;;;;;;;;;;;0;NULL;NULL;a7e82b4e-7af0-436f-bdb3-cb761c29dc67;-1.2123;NULL;NULL;NULL;NULL;NULL;NULL;OpenLoop;4.2321;2026-03-23 14:05:34.2512;Hands;15;30;OpenXR
NULL;Right;NULL;NULL;Post;NULL;NULL;NULL;NULL;NULL;NULL;NULL;NULL;NULL;NULL;NULL;None;anonymous;NULL;Trial Accepted;TaskEvent;42977;695fba01-0698-4a37-a2d3-5d6f4dc1673b;NULL;-0.0182;0.0441;-0.1129;359.6912;0.0840;359.0155;NULL;0.0195;0.0000;2.0000;0.0195;0.0000;2.0000;NULL;NULL;;;;;;;;;;;;;0;NULL;NULL;NULL;NULL;NULL;NULL;NULL;NULL;NULL;NULL;NULL;NULL;NULL;NULL;;;;;;;;;;;;;0;NULL;NULL;a7e82b4e-7af0-436f-bdb3-cb761c29dc67;1.9518;NULL;NULL;NULL;NULL;NULL;NULL;OpenLoop;2.7657;2026-03-23 14:05:37.0169;Hands;16;30;OpenXR
NULL;Right;NULL;NULL;Post;NULL;NULL;NULL;NULL;NULL;NULL;NULL;NULL;NULL;NULL;NULL;None;anonymous;NULL;Trial Accepted;TaskEvent;43570;695fba01-0698-4a37-a2d3-5d6f4dc1673b;NULL;-0.0182;0.0500;-0.1373;359.2905;2.2174;358.8715;NULL;-0.0257;0.0000;2.0000;-0.0257;0.0000;2.0000;NULL;NULL;;;;;;;;;;;;;0;NULL;NULL;NULL;NULL;NULL;NULL;NULL;NULL;NULL;NULL;NULL;NULL;NULL;NULL;;;;;;;;;;;;;0;NULL;NULL;a7e82b4e-7af0-436f-bdb3-cb761c29dc67;-2.5701;NULL;NULL;NULL;NULL;NULL;NULL;OpenLoop;4.9492;2026-03-23 14:05:41.9661;Hands;17;30;OpenXR
NULL;Right;NULL;NULL;Post;NULL;NULL;NULL;NULL;NULL;NULL;NULL;NULL;NULL;NULL;NULL;None;anonymous;NULL;Trial Accepted;TaskEvent;43897;695fba01-0698-4a37-a2d3-5d6f4dc1673b;NULL;-0.0181;0.0508;-0.1373;358.8504;2.1906;358.6956;NULL;0.0586;0.0000;2.0000;0.0586;0.0000;2.0000;NULL;NULL;;;;;;;;;;;;;0;NULL;NULL;NULL;NULL;NULL;NULL;NULL;NULL;NULL;NULL;NULL;NULL;NULL;NULL;;;;;;;;;;;;;0;NULL;NULL;a7e82b4e-7af0-436f-bdb3-cb761c29dc67;5.8579;NULL;NULL;NULL;NULL;NULL;NULL;OpenLoop;2.7238;2026-03-23 14:05:44.6899;Hands;18;30;OpenXR
NULL;Right;NULL;NULL;Post;NULL;NULL;NULL;NULL;NULL;NULL;NULL;NULL;NULL;NULL;NULL;None;anonymous;NULL;Trial Accepted;TaskEvent;44224;695fba01-0698-4a37-a2d3-5d6f4dc1673b;NULL;-0.0185;0.0510;-0.1368;358.6431;1.7245;358.7636;NULL;0.0203;0.0000;2.0000;0.0203;0.0000;2.0000;NULL;NULL;;;;;;;;;;;;;0;NULL;NULL;NULL;NULL;NULL;NULL;NULL;NULL;NULL;NULL;NULL;NULL;NULL;NULL;;;;;;;;;;;;;0;NULL;NULL;a7e82b4e-7af0-436f-bdb3-cb761c29dc67;2.0278;NULL;NULL;NULL;NULL;NULL;NULL;OpenLoop;2.7243;2026-03-23 14:05:47.4142;Hands;19;30;OpenXR
NULL;Right;NULL;NULL;Post;NULL;NULL;NULL;NULL;NULL;NULL;NULL;NULL;NULL;NULL;NULL;None;anonymous;NULL;Trial Accepted;TaskEvent;44535;695fba01-0698-4a37-a2d3-5d6f4dc1673b;NULL;-0.0190;0.0509;-0.1371;358.6696;1.5098;358.8770;NULL;-0.0159;0.0000;2.0000;-0.0159;0.0000;2.0000;NULL;NULL;;;;;;;;;;;;;0;NULL;NULL;NULL;NULL;NULL;NULL;NULL;NULL;NULL;NULL;NULL;NULL;NULL;NULL;;;;;;;;;;;;;0;NULL;NULL;a7e82b4e-7af0-436f-bdb3-cb761c29dc67;-1.5939;NULL;NULL;NULL;NULL;NULL;NULL;OpenLoop;2.5914;2026-03-23 14:05:50.0056;Hands;20;30;OpenXR
NULL;Right;NULL;NULL;Post;NULL;NULL;NULL;NULL;NULL;NULL;NULL;NULL;NULL;NULL;NULL;None;anonymous;NULL;Trial Accepted;TaskEvent;44862;695fba01-0698-4a37-a2d3-5d6f4dc1673b;NULL;-0.0185;0.0508;-0.1363;358.8244;1.8132;358.8423;NULL;-0.0066;0.0000;2.0000;-0.0066;0.0000;2.0000;NULL;NULL;;;;;;;;;;;;;0;NULL;NULL;NULL;NULL;NULL;NULL;NULL;NULL;NULL;NULL;NULL;NULL;NULL;NULL;;;;;;;;;;;;;0;NULL;NULL;a7e82b4e-7af0-436f-bdb3-cb761c29dc67;-0.6585;NULL;NULL;NULL;NULL;NULL;NULL;OpenLoop;2.7241;2026-03-23 14:05:52.7297;Hands;21;30;OpenXR
NULL;Right;NULL;NULL;Post;NULL;NULL;NULL;NULL;NULL;NULL;NULL;NULL;NULL;NULL;NULL;None;anonymous;NULL;Trial Accepted;TaskEvent;45198;695fba01-0698-4a37-a2d3-5d6f4dc1673b;NULL;-0.0258;0.0520;-0.1377;358.4256;359.6033;0.4280;NULL;0.0313;0.0000;2.0000;0.0313;0.0000;2.0000;NULL;NULL;;;;;;;;;;;;;0;NULL;NULL;NULL;NULL;NULL;NULL;NULL;NULL;NULL;NULL;NULL;NULL;NULL;NULL;;;;;;;;;;;;;0;NULL;NULL;a7e82b4e-7af0-436f-bdb3-cb761c29dc67;3.1329;NULL;NULL;NULL;NULL;NULL;NULL;OpenLoop;2.8001;2026-03-23 14:05:55.5298;Hands;22;30;OpenXR
NULL;Right;NULL;NULL;Post;NULL;NULL;NULL;NULL;NULL;NULL;NULL;NULL;NULL;NULL;NULL;None;anonymous;NULL;Trial Accepted;TaskEvent;45787;695fba01-0698-4a37-a2d3-5d6f4dc1673b;NULL;-0.0228;0.0509;-0.1374;358.7917;0.9694;359.7287;NULL;0.0563;0.0000;2.0000;0.0563;0.0000;2.0000;NULL;NULL;;;;;;;;;;;;;0;NULL;NULL;NULL;NULL;NULL;NULL;NULL;NULL;NULL;NULL;NULL;NULL;NULL;NULL;;;;;;;;;;;;;0;NULL;NULL;a7e82b4e-7af0-436f-bdb3-cb761c29dc67;5.6300;NULL;NULL;NULL;NULL;NULL;NULL;OpenLoop;4.9226;2026-03-23 14:06:00.4524;Hands;23;30;OpenXR
NULL;Right;NULL;NULL;Post;NULL;NULL;NULL;NULL;NULL;NULL;NULL;NULL;NULL;NULL;NULL;None;anonymous;NULL;Trial Accepted;TaskEvent;46123;695fba01-0698-4a37-a2d3-5d6f4dc1673b;NULL;-0.0232;0.0510;-0.1374;358.6992;0.7442;359.8468;NULL;0.0006;0.0000;2.0000;0.0006;0.0000;2.0000;NULL;NULL;;;;;;;;;;;;;0;NULL;NULL;NULL;NULL;NULL;NULL;NULL;NULL;NULL;NULL;NULL;NULL;NULL;NULL;;;;;;;;;;;;;0;NULL;NULL;a7e82b4e-7af0-436f-bdb3-cb761c29dc67;0.0628;NULL;NULL;NULL;NULL;NULL;NULL;OpenLoop;2.7988;2026-03-23 14:06:03.2512;Hands;24;30;OpenXR
NULL;Right;NULL;NULL;Post;NULL;NULL;NULL;NULL;NULL;NULL;NULL;NULL;NULL;NULL;NULL;None;anonymous;NULL;Trial Accepted;TaskEvent;46503;695fba01-0698-4a37-a2d3-5d6f4dc1673b;NULL;-0.0213;0.0512;-0.1387;358.7696;0.7526;359.7379;NULL;-0.0626;0.0000;2.0000;-0.0626;0.0000;2.0000;NULL;NULL;;;;;;;;;;;;;0;NULL;NULL;NULL;NULL;NULL;NULL;NULL;NULL;NULL;NULL;NULL;NULL;NULL;NULL;;;;;;;;;;;;;0;NULL;NULL;a7e82b4e-7af0-436f-bdb3-cb761c29dc67;-6.2649;NULL;NULL;NULL;NULL;NULL;NULL;OpenLoop;3.1663;2026-03-23 14:06:06.4175;Hands;25;30;OpenXR
NULL;Right;NULL;NULL;Post;NULL;NULL;NULL;NULL;NULL;NULL;NULL;NULL;NULL;NULL;NULL;None;anonymous;NULL;Trial Accepted;TaskEvent;46857;695fba01-0698-4a37-a2d3-5d6f4dc1673b;NULL;-0.0187;0.0505;-0.1361;358.7648;1.6525;359.3402;NULL;0.0032;0.0000;2.0000;0.0032;0.0000;2.0000;NULL;NULL;;;;;;;;;;;;;0;NULL;NULL;NULL;NULL;NULL;NULL;NULL;NULL;NULL;NULL;NULL;NULL;NULL;NULL;;;;;;;;;;;;;0;NULL;NULL;a7e82b4e-7af0-436f-bdb3-cb761c29dc67;0.3181;NULL;NULL;NULL;NULL;NULL;NULL;OpenLoop;2.9578;2026-03-23 14:06:09.3753;Hands;26;30;OpenXR
NULL;Right;NULL;NULL;Post;NULL;NULL;NULL;NULL;NULL;NULL;NULL;NULL;NULL;NULL;NULL;None;anonymous;NULL;Trial Accepted;TaskEvent;47192;695fba01-0698-4a37-a2d3-5d6f4dc1673b;NULL;-0.0039;0.0404;-0.1265;3.5696;4.4940;353.4875;NULL;-0.0111;0.0000;2.0000;-0.0111;0.0000;2.0000;NULL;NULL;;;;;;;;;;;;;0;NULL;NULL;NULL;NULL;NULL;NULL;NULL;NULL;NULL;NULL;NULL;NULL;NULL;NULL;;;;;;;;;;;;;0;NULL;NULL;a7e82b4e-7af0-436f-bdb3-cb761c29dc67;-1.1090;NULL;NULL;NULL;NULL;NULL;NULL;OpenLoop;2.7915;2026-03-23 14:06:12.1668;Hands;27;30;OpenXR
NULL;Right;NULL;NULL;Post;NULL;NULL;NULL;NULL;NULL;NULL;NULL;NULL;NULL;NULL;NULL;None;anonymous;NULL;Trial Accepted;TaskEvent;47543;695fba01-0698-4a37-a2d3-5d6f4dc1673b;NULL;-0.0230;0.0514;-0.1343;357.3991;1.3825;359.9336;NULL;0.0495;0.0000;2.0000;0.0495;0.0000;2.0000;NULL;NULL;;;;;;;;;;;;;0;NULL;NULL;NULL;NULL;NULL;NULL;NULL;NULL;NULL;NULL;NULL;NULL;NULL;NULL;;;;;;;;;;;;;0;NULL;NULL;a7e82b4e-7af0-436f-bdb3-cb761c29dc67;4.9518;NULL;NULL;NULL;NULL;NULL;NULL;OpenLoop;2.9234;2026-03-23 14:06:15.0902;Hands;28;30;OpenXR
NULL;Right;NULL;NULL;Post;NULL;NULL;NULL;NULL;NULL;NULL;NULL;NULL;NULL;NULL;NULL;None;anonymous;NULL;Trial Accepted;TaskEvent;47873;695fba01-0698-4a37-a2d3-5d6f4dc1673b;NULL;-0.0231;0.0506;-0.1322;357.8061;1.3629;359.9384;NULL;0.0334;0.0000;2.0000;0.0334;0.0000;2.0000;NULL;NULL;;;;;;;;;;;;;0;NULL;NULL;NULL;NULL;NULL;NULL;NULL;NULL;NULL;NULL;NULL;NULL;NULL;NULL;;;;;;;;;;;;;0;NULL;NULL;a7e82b4e-7af0-436f-bdb3-cb761c29dc67;3.3438;NULL;NULL;NULL;NULL;NULL;NULL;OpenLoop;2.7582;2026-03-23 14:06:17.8484;Hands;29;30;OpenXR
NULL;Right;NULL;NULL;Post;NULL;NULL;NULL;NULL;NULL;NULL;NULL;NULL;NULL;NULL;NULL;None;anonymous;NULL;Trial Accepted;TaskEvent;48225;695fba01-0698-4a37-a2d3-5d6f4dc1673b;NULL;-0.0235;0.0503;-0.1316;357.8177;1.3397;359.9076;NULL;-0.0244;0.0000;2.0000;-0.0244;0.0000;2.0000;NULL;NULL;;;;;;;;;;;;;0;NULL;NULL;NULL;NULL;NULL;NULL;NULL;NULL;NULL;NULL;NULL;NULL;NULL;NULL;;;;;;;;;;;;;0;NULL;NULL;a7e82b4e-7af0-436f-bdb3-cb761c29dc67;-2.4447;NULL;NULL;NULL;NULL;NULL;NULL;OpenLoop;2.9405;2026-03-23 14:06:20.7889;Hands;30;30;OpenXR
NULL;Right;2.8274;NULL;Post;NULL;NULL;NULL;NULL;NULL;NULL;NULL;NULL;NULL;NULL;NULL;None;anonymous;NULL;Block Completed;BlockEvent;48225;695fba01-0698-4a37-a2d3-5d6f4dc1673b;NULL;-0.0235;0.0503;-0.1316;357.8177;1.3397;359.9076;NULL;NULL;NULL;NULL;NULL;NULL;NULL;NULL;NULL;;;;;;;;;;;;;0;NULL;NULL;NULL;NULL;2.7726;NULL;NULL;NULL;NULL;NULL;NULL;NULL;NULL;NULL;;;;;;;;;;;;;0;NULL;3.6588;a7e82b4e-7af0-436f-bdb3-cb761c29dc67;NULL;NULL;NULL;NULL;NULL;NULL;NULL;OpenLoop;0.0000;2026-03-23 14:06:20.8089;Hands;NULL;30;OpenXR
NULL;Right;NULL;NULL;Post;NULL;NULL;NULL;NULL;NULL;NULL;NULL;NULL;NULL;NULL;NULL;None;anonymous;NULL;Game Finished;GameEvent;48225;695fba01-0698-4a37-a2d3-5d6f4dc1673b;NULL;-0.0235;0.0503;-0.1316;357.8177;1.3397;359.9076;NULL;NULL;NULL;NULL;NULL;NULL;NULL;NULL;NULL;;;;;;;;;;;;;0;NULL;NULL;NULL;NULL;NULL;NULL;NULL;NULL;NULL;NULL;NULL;NULL;NULL;NULL;;;;;;;;;;;;;0;NULL;NULL;a7e82b4e-7af0-436f-bdb3-cb761c29dc67;NULL;NULL;NULL;NULL;NULL;NULL;NULL;OpenLoop;0.0000;2026-03-23 14:06:20.8289;Hands;NULL;NULL;OpenXR
NULL;Right;NULL;NULL;Post;NULL;NULL;NULL;NULL;NULL;NULL;NULL;NULL;NULL;NULL;NULL;None;anonymous;NULL;Experiment Completed;GameEvent;48225;695fba01-0698-4a37-a2d3-5d6f4dc1673b;NULL;-0.0235;0.0503;-0.1316;357.8177;1.3397;359.9076;NULL;NULL;NULL;NULL;NULL;NULL;NULL;NULL;NULL;;;;;;;;;;;;;0;NULL;NULL;NULL;NULL;NULL;NULL;NULL;NULL;NULL;NULL;NULL;NULL;NULL;NULL;;;;;;;;;;;;;0;NULL;NULL;a7e82b4e-7af0-436f-bdb3-cb761c29dc67;NULL;NULL;NULL;NULL;NULL;NULL;NULL;OpenLoop;0.0000;2026-03-23 14:06:20.8489;Hands;NULL;NULL;OpenXR
