Accuracy01;ActiveHand;AfterEffectCm;AttemptIndex;BlockType;ChoiceSide;ConfirmMitigationMode;CurrentMoleToHitId;CurrentMoleToHitIndexX;CurrentMoleToHitIndexY;CurrentMoleToHitPositionLocalX;CurrentMoleToHitPositionLocalY;CurrentMoleToHitPositionLocalZ;CurrentMoleToHitPositionWorldX;CurrentMoleToHitPositionWorldY;CurrentMoleToHitPositionWorldZ;DeltaAccuracyPct;EffectMode;Email;ErrorCm;Event;EventType;ExperimentMode;Framecount;GameId;GapMeters;HeadCameraPosWorldX;HeadCameraPosWorldY;HeadCameraPosWorldZ;HeadCameraRotEulerX;HeadCameraRotEulerY;HeadCameraRotEulerZ;HitDistanceMeters;HitPositionWorldX;HitPositionWorldY;HitPositionWorldZ;HitWorldX;HitWorldY;HitWorldZ;IsCorrect;IsHit;LeftControllerLaserPosWorldX;LeftControllerLaserPosWorldY;LeftControllerLaserPosWorldZ;LeftControllerLaserRotEulerX;LeftControllerLaserRotEulerY;LeftControllerLaserRotEulerZ;LeftControllerPosWorldX;LeftControllerPosWorldY;LeftControllerPosWorldZ;LeftControllerRotEulerX;LeftControllerRotEulerY;LeftControllerRotEulerZ;LeftControllerTrigger;LeftLengthMeters;LeftMovementAnchorPosWorldX;LeftMovementAnchorPosWorldY;LeftMovementAnchorPosWorldZ;LeftMovementAnchorRotEulerX;LeftMovementAnchorRotEulerY;LeftMovementAnchorRotEulerZ;LeftMovementAnchorSource;LineLengthMeters;LineZMeters;LongerSide;MeanCm;MoleId;MoleIndexX;MoleIndexY;MolePositionLocalX;MolePositionLocalY;MolePositionLocalZ;MolePositionWorldX;MolePositionWorldY;MolePositionWorldZ;RightControllerLaserPosWorldX;RightControllerLaserPosWorldY;RightControllerLaserPosWorldZ;RightControllerLaserRotEulerX;RightControllerLaserRotEulerY;RightControllerLaserRotEulerZ;RightControllerPosWorldX;RightControllerPosWorldY;RightControllerPosWorldZ;RightControllerRotEulerX;RightControllerRotEulerY;RightControllerRotEulerZ;RightControllerTrigger;RightLengthMeters;RightMovementAnchorPosWorldX;RightMovementAnchorPosWorldY;RightMovementAnchorPosWorldZ;RightMovementAnchorRotEulerX;RightMovementAnchorRotEulerY;RightMovementAnchorRotEulerZ;RightMovementAnchorSource;SdCm;SessionID;SignedOffsetCm;SourceTaskMode;StudyGlobalParticipantId;StudyInputMode;StudyParticipantIndex;StudyResolvedEffect;StudyResolvedTask;StudySessionIndex;StudyTaskOrder;SuccessCount;TargetIndex;TargetRadiusMeters;TargetWorldX;TargetWorldY;TargetWorldZ;TaskMode;TimeSinceLastEvent;Timestamp;TrackingMode;TrialIndex;TrialsPerBlock;XRBackend
NULL;Right;NULL;NULL;Baseline;NULL;OppositeHandTrigger;NULL;NULL;NULL;NULL;NULL;NULL;NULL;NULL;NULL;NULL;None;anonymous;NULL;Game Started;GameEvent;Participant;1;62ff0559-0a9d-4756-b5f1-26da7b190742;NULL;0.0000;0.3614;-0.5530;0.0000;0.0000;0.0000;NULL;NULL;NULL;NULL;NULL;NULL;NULL;NULL;NULL;0.0000;0.3614;-0.5455;0.0000;0.0000;0.0000;0.0000;0.0000;0.0000;0.0000;0.0000;0.0000;0;NULL;;;;;;;;NULL;NULL;NULL;NULL;NULL;NULL;NULL;NULL;NULL;NULL;NULL;NULL;NULL;0.0000;0.3614;-0.5455;0.0000;0.0000;0.0000;0.0000;0.0000;0.0000;0.0000;0.0000;0.0000;0;NULL;;;;;;;;NULL;b529d3a4-b51a-4eec-b995-f74e31f7f71d;NULL;NULL;6;Embodied;3;Rotation;LineBisection;2;LineBisectionFirst;NULL;NULL;NULL;NULL;NULL;NULL;LineBisection;0.0000;2026-05-21 13:20:53.7733;Hands;NULL;NULL;OpenXR
NULL;Right;NULL;NULL;Baseline;NULL;OppositeHandTrigger;NULL;NULL;NULL;NULL;NULL;NULL;NULL;NULL;NULL;NULL;None;anonymous;NULL;Block Started;BlockEvent;Participant;1;62ff0559-0a9d-4756-b5f1-26da7b190742;NULL;0.0000;0.3614;-0.5530;0.0000;0.0000;0.0000;NULL;NULL;NULL;NULL;NULL;NULL;NULL;NULL;NULL;0.0000;0.3614;-0.5455;0.0000;0.0000;0.0000;0.0000;0.0000;0.0000;0.0000;0.0000;0.0000;0;NULL;;;;;;;;NULL;NULL;NULL;NULL;NULL;NULL;NULL;NULL;NULL;NULL;NULL;NULL;NULL;0.0000;0.3614;-0.5455;0.0000;0.0000;0.0000;0.0000;0.0000;0.0000;0.0000;0.0000;0.0000;0;NULL;;;;;;;;NULL;b529d3a4-b51a-4eec-b995-f74e31f7f71d;NULL;NULL;6;Embodied;3;Rotation;LineBisection;2;LineBisectionFirst;NULL;NULL;NULL;NULL;NULL;NULL;LineBisection;0.0000;2026-05-21 13:20:53.7758;Hands;NULL;NULL;OpenXR
NULL;Right;NULL;NULL;Baseline;NULL;OppositeHandTrigger;NULL;NULL;NULL;NULL;NULL;NULL;NULL;NULL;NULL;NULL;None;anonymous;NULL;Trial Started;TaskEvent;Participant;1;62ff0559-0a9d-4756-b5f1-26da7b190742;NULL;0.0000;0.3614;-0.5530;0.0000;0.0000;0.0000;NULL;NULL;NULL;NULL;NULL;NULL;NULL;NULL;NULL;0.0000;0.3614;-0.5455;0.0000;0.0000;0.0000;0.0000;0.0000;0.0000;0.0000;0.0000;0.0000;0;NULL;;;;;;;;1.0000;0.0000;NULL;NULL;NULL;NULL;NULL;NULL;NULL;NULL;NULL;NULL;NULL;0.0000;0.3614;-0.5455;0.0000;0.0000;0.0000;0.0000;0.0000;0.0000;0.0000;0.0000;0.0000;0;NULL;;;;;;;;NULL;b529d3a4-b51a-4eec-b995-f74e31f7f71d;NULL;NULL;6;Embodied;3;Rotation;LineBisection;2;LineBisectionFirst;NULL;NULL;0.0300;0.0000;0.0000;2.0000;LineBisection;0.0000;2026-05-21 13:20:53.7763;Hands;1;10;OpenXR
NULL;Right;NULL;NULL;Baseline;NULL;OppositeHandTrigger;NULL;NULL;NULL;NULL;NULL;NULL;NULL;NULL;NULL;NULL;None;anonymous;-4.7263;Trial Accepted;TaskEvent;Participant;813;62ff0559-0a9d-4756-b5f1-26da7b190742;NULL;-0.0115;0.0124;-0.0114;10.3759;359.0683;1.5517;NULL;NULL;NULL;NULL;-0.0473;0.0000;2.0000;NULL;NULL;-0.0962;-0.5347;0.3461;6.5240;1.7530;2.6036;-0.0956;-0.5319;0.3358;4.8004;1.9178;1.1459;1;NULL;-0.1382;-0.5618;0.2544;1.1291;9.6151;109.5040;Palm;1.0000;0.0000;NULL;NULL;NULL;NULL;NULL;NULL;NULL;NULL;NULL;NULL;NULL;-2.0604;-1.7828;0.4067;0.0000;109.6215;0.0000;0.0000;0.0000;0.0000;0.0000;0.0000;0.0000;0;NULL;0.0501;-0.1012;0.4505;324.6677;352.6279;340.2589;Palm;NULL;b529d3a4-b51a-4eec-b995-f74e31f7f71d;NULL;NULL;6;Embodied;3;Rotation;LineBisection;2;LineBisectionFirst;NULL;NULL;NULL;NULL;NULL;NULL;LineBisection;7.0929;2026-05-21 13:21:02.9393;Hands;1;10;OpenXR
NULL;Right;NULL;NULL;Baseline;NULL;OppositeHandTrigger;NULL;NULL;NULL;NULL;NULL;NULL;NULL;NULL;NULL;NULL;None;anonymous;NULL;Trial Started;TaskEvent;Participant;813;62ff0559-0a9d-4756-b5f1-26da7b190742;NULL;-0.0115;0.0124;-0.0114;10.3759;359.0683;1.5517;NULL;NULL;NULL;NULL;NULL;NULL;NULL;NULL;NULL;-0.0962;-0.5347;0.3461;6.5240;1.7530;2.6036;-0.0956;-0.5319;0.3358;4.8004;1.9178;1.1459;1;NULL;-0.1382;-0.5618;0.2544;1.1291;9.6151;109.5040;Palm;1.0000;0.0000;NULL;NULL;NULL;NULL;NULL;NULL;NULL;NULL;NULL;NULL;NULL;-2.0604;-1.7828;0.4067;0.0000;109.6215;0.0000;0.0000;0.0000;0.0000;0.0000;0.0000;0.0000;0;NULL;0.0501;-0.1012;0.4505;324.6677;352.6279;340.2589;Palm;NULL;b529d3a4-b51a-4eec-b995-f74e31f7f71d;NULL;NULL;6;Embodied;3;Rotation;LineBisection;2;LineBisectionFirst;NULL;NULL;0.0300;0.0000;0.0000;2.0000;LineBisection;0.0000;2026-05-21 13:21:02.9409;Hands;2;10;OpenXR
NULL;Right;NULL;NULL;Baseline;NULL;OppositeHandTrigger;NULL;NULL;NULL;NULL;NULL;NULL;NULL;NULL;NULL;NULL;None;anonymous;-4.9601;Trial Accepted;TaskEvent;Participant;1235;62ff0559-0a9d-4756-b5f1-26da7b190742;NULL;-0.0113;0.0155;-0.0123;8.8300;0.6531;1.8679;NULL;NULL;NULL;NULL;-0.0496;0.0000;2.0000;NULL;NULL;-0.0965;-0.5356;0.3464;7.2394;1.4044;2.0627;-0.0955;-0.5352;0.3383;6.4856;1.5267;1.4139;1;NULL;-0.1362;-0.5494;0.2548;359.1122;7.9535;103.0856;Palm;1.0000;0.0000;NULL;NULL;NULL;NULL;NULL;NULL;NULL;NULL;NULL;NULL;NULL;-2.0604;-1.7828;0.4067;0.0000;109.6215;0.0000;0.0000;0.0000;0.0000;0.0000;0.0000;0.0000;0;NULL;0.0536;-0.0853;0.4846;329.4234;354.9653;341.0995;Palm;NULL;b529d3a4-b51a-4eec-b995-f74e31f7f71d;NULL;NULL;6;Embodied;3;Rotation;LineBisection;2;LineBisectionFirst;NULL;NULL;NULL;NULL;NULL;NULL;LineBisection;3.5906;2026-05-21 13:21:06.5216;Hands;2;10;OpenXR
NULL;Right;NULL;NULL;Baseline;NULL;OppositeHandTrigger;NULL;NULL;NULL;NULL;NULL;NULL;NULL;NULL;NULL;NULL;None;anonymous;NULL;Trial Started;TaskEvent;Participant;1235;62ff0559-0a9d-4756-b5f1-26da7b190742;NULL;-0.0113;0.0155;-0.0123;8.8300;0.6531;1.8679;NULL;NULL;NULL;NULL;NULL;NULL;NULL;NULL;NULL;-0.0965;-0.5356;0.3464;7.2394;1.4044;2.0627;-0.0955;-0.5352;0.3383;6.4856;1.5267;1.4139;1;NULL;-0.1362;-0.5494;0.2548;359.1122;7.9535;103.0856;Palm;1.0000;0.0000;NULL;NULL;NULL;NULL;NULL;NULL;NULL;NULL;NULL;NULL;NULL;-2.0604;-1.7828;0.4067;0.0000;109.6215;0.0000;0.0000;0.0000;0.0000;0.0000;0.0000;0.0000;0;NULL;0.0536;-0.0853;0.4846;329.4234;354.9653;341.0995;Palm;NULL;b529d3a4-b51a-4eec-b995-f74e31f7f71d;NULL;NULL;6;Embodied;3;Rotation;LineBisection;2;LineBisectionFirst;NULL;NULL;0.0300;0.0000;0.0000;2.0000;LineBisection;0.0000;2026-05-21 13:21:06.5231;Hands;3;10;OpenXR
NULL;Right;NULL;NULL;Baseline;NULL;OppositeHandTrigger;NULL;NULL;NULL;NULL;NULL;NULL;NULL;NULL;NULL;NULL;None;anonymous;-2.6720;Trial Accepted;TaskEvent;Participant;1624;62ff0559-0a9d-4756-b5f1-26da7b190742;NULL;-0.0098;0.0171;-0.0144;8.4171;1.4580;1.8483;NULL;NULL;NULL;NULL;-0.0267;0.0000;2.0000;NULL;NULL;-0.0965;-0.5360;0.3462;7.2380;1.5457;2.2866;-0.0950;-0.5323;0.3354;5.3555;2.4175;2.0642;1;NULL;-0.1346;-0.5502;0.2542;358.3831;9.9403;103.7611;Palm;1.0000;0.0000;NULL;NULL;NULL;NULL;NULL;NULL;NULL;NULL;NULL;NULL;NULL;-2.0604;-1.7828;0.4067;0.0000;109.6215;0.0000;0.0000;0.0000;0.0000;0.0000;0.0000;0.0000;0;NULL;0.0416;-0.1421;0.3523;320.1928;357.1110;336.5406;Palm;NULL;b529d3a4-b51a-4eec-b995-f74e31f7f71d;NULL;NULL;6;Embodied;3;Rotation;LineBisection;2;LineBisectionFirst;NULL;NULL;NULL;NULL;NULL;NULL;LineBisection;3.2410;2026-05-21 13:21:09.7633;Hands;3;10;OpenXR
NULL;Right;NULL;NULL;Baseline;NULL;OppositeHandTrigger;NULL;NULL;NULL;NULL;NULL;NULL;NULL;NULL;NULL;NULL;None;anonymous;NULL;Trial Started;TaskEvent;Participant;1624;62ff0559-0a9d-4756-b5f1-26da7b190742;NULL;-0.0098;0.0171;-0.0144;8.4171;1.4580;1.8483;NULL;NULL;NULL;NULL;NULL;NULL;NULL;NULL;NULL;-0.0965;-0.5360;0.3462;7.2380;1.5457;2.2866;-0.0950;-0.5323;0.3354;5.3555;2.4175;2.0642;1;NULL;-0.1346;-0.5502;0.2542;358.3831;9.9403;103.7611;Palm;1.0000;0.0000;NULL;NULL;NULL;NULL;NULL;NULL;NULL;NULL;NULL;NULL;NULL;-2.0604;-1.7828;0.4067;0.0000;109.6215;0.0000;0.0000;0.0000;0.0000;0.0000;0.0000;0.0000;0;NULL;0.0416;-0.1421;0.3523;320.1928;357.1110;336.5406;Palm;NULL;b529d3a4-b51a-4eec-b995-f74e31f7f71d;NULL;NULL;6;Embodied;3;Rotation;LineBisection;2;LineBisectionFirst;NULL;NULL;0.0300;0.0000;0.0000;2.0000;LineBisection;0.0000;2026-05-21 13:21:09.7648;Hands;4;10;OpenXR
NULL;Right;NULL;NULL;Baseline;NULL;OppositeHandTrigger;NULL;NULL;NULL;NULL;NULL;NULL;NULL;NULL;NULL;NULL;None;anonymous;-1.3802;Trial Accepted;TaskEvent;Participant;2031;62ff0559-0a9d-4756-b5f1-26da7b190742;NULL;-0.0109;0.0155;-0.0137;9.0477;1.6738;1.9687;NULL;NULL;NULL;NULL;-0.0138;0.0000;2.0000;NULL;NULL;-0.0964;-0.5354;0.3458;7.5631;1.2853;2.2563;-0.0963;-0.5340;0.3377;6.4314;1.5036;1.6986;1;NULL;-0.1366;-0.5531;0.2561;357.7011;9.6230;104.1669;Palm;1.0000;0.0000;NULL;NULL;NULL;NULL;NULL;NULL;NULL;NULL;NULL;NULL;NULL;-2.0604;-1.7828;0.4067;0.0000;109.6215;0.0000;0.0000;0.0000;0.0000;0.0000;0.0000;0.0000;0;NULL;0.0371;-0.1448;0.3622;325.7743;355.1634;331.5947;Palm;NULL;b529d3a4-b51a-4eec-b995-f74e31f7f71d;NULL;NULL;6;Embodied;3;Rotation;LineBisection;2;LineBisectionFirst;NULL;NULL;NULL;NULL;NULL;NULL;LineBisection;3.3992;2026-05-21 13:21:13.1628;Hands;4;10;OpenXR
NULL;Right;NULL;NULL;Baseline;NULL;OppositeHandTrigger;NULL;NULL;NULL;NULL;NULL;NULL;NULL;NULL;NULL;NULL;None;anonymous;NULL;Trial Started;TaskEvent;Participant;2031;62ff0559-0a9d-4756-b5f1-26da7b190742;NULL;-0.0109;0.0155;-0.0137;9.0477;1.6738;1.9687;NULL;NULL;NULL;NULL;NULL;NULL;NULL;NULL;NULL;-0.0964;-0.5354;0.3458;7.5631;1.2853;2.2563;-0.0963;-0.5340;0.3377;6.4314;1.5036;1.6986;1;NULL;-0.1366;-0.5531;0.2561;357.7011;9.6230;104.1669;Palm;1.0000;0.0000;NULL;NULL;NULL;NULL;NULL;NULL;NULL;NULL;NULL;NULL;NULL;-2.0604;-1.7828;0.4067;0.0000;109.6215;0.0000;0.0000;0.0000;0.0000;0.0000;0.0000;0.0000;0;NULL;0.0371;-0.1448;0.3622;325.7743;355.1634;331.5947;Palm;NULL;b529d3a4-b51a-4eec-b995-f74e31f7f71d;NULL;NULL;6;Embodied;3;Rotation;LineBisection;2;LineBisectionFirst;NULL;NULL;0.0300;0.0000;0.0000;2.0000;LineBisection;0.0000;2026-05-21 13:21:13.1633;Hands;5;10;OpenXR
NULL;Right;NULL;NULL;Baseline;NULL;OppositeHandTrigger;NULL;NULL;NULL;NULL;NULL;NULL;NULL;NULL;NULL;NULL;None;anonymous;7.8668;Trial Accepted;TaskEvent;Participant;2463;62ff0559-0a9d-4756-b5f1-26da7b190742;NULL;-0.0114;0.0143;-0.0129;9.6547;1.5247;2.2465;NULL;NULL;NULL;NULL;0.0787;0.0000;2.0000;NULL;NULL;-0.0967;-0.5359;0.3465;7.7513;1.1506;2.2370;-0.0960;-0.5338;0.3377;6.7026;0.9448;1.7749;1;NULL;-0.1355;-0.5496;0.2550;357.6642;9.9733;102.6024;Palm;1.0000;0.0000;NULL;NULL;NULL;NULL;NULL;NULL;NULL;NULL;NULL;NULL;NULL;-2.0604;-1.7828;0.4067;0.0000;109.6215;0.0000;0.0000;0.0000;0.0000;0.0000;0.0000;0.0000;0;NULL;0.0334;-0.1374;0.3836;325.5401;357.9587;335.0281;Palm;NULL;b529d3a4-b51a-4eec-b995-f74e31f7f71d;NULL;NULL;6;Embodied;3;Rotation;LineBisection;2;LineBisectionFirst;NULL;NULL;NULL;NULL;NULL;NULL;LineBisection;3.5990;2026-05-21 13:21:16.7622;Hands;5;10;OpenXR
NULL;Right;NULL;NULL;Baseline;NULL;OppositeHandTrigger;NULL;NULL;NULL;NULL;NULL;NULL;NULL;NULL;NULL;NULL;None;anonymous;NULL;Trial Started;TaskEvent;Participant;2463;62ff0559-0a9d-4756-b5f1-26da7b190742;NULL;-0.0114;0.0143;-0.0129;9.6547;1.5247;2.2465;NULL;NULL;NULL;NULL;NULL;NULL;NULL;NULL;NULL;-0.0967;-0.5359;0.3465;7.7513;1.1506;2.2370;-0.0960;-0.5338;0.3377;6.7026;0.9448;1.7749;1;NULL;-0.1355;-0.5496;0.2550;357.6642;9.9733;102.6024;Palm;1.0000;0.0000;NULL;NULL;NULL;NULL;NULL;NULL;NULL;NULL;NULL;NULL;NULL;-2.0604;-1.7828;0.4067;0.0000;109.6215;0.0000;0.0000;0.0000;0.0000;0.0000;0.0000;0.0000;0;NULL;0.0334;-0.1374;0.3836;325.5401;357.9587;335.0281;Palm;NULL;b529d3a4-b51a-4eec-b995-f74e31f7f71d;NULL;NULL;6;Embodied;3;Rotation;LineBisection;2;LineBisectionFirst;NULL;NULL;0.0300;0.0000;0.0000;2.0000;LineBisection;0.0000;2026-05-21 13:21:16.7627;Hands;6;10;OpenXR
NULL;Right;NULL;NULL;Baseline;NULL;OppositeHandTrigger;NULL;NULL;NULL;NULL;NULL;NULL;NULL;NULL;NULL;NULL;None;anonymous;11.4823;Trial Accepted;TaskEvent;Participant;2876;62ff0559-0a9d-4756-b5f1-26da7b190742;NULL;-0.0114;0.0135;-0.0132;10.0181;1.7576;2.1858;NULL;NULL;NULL;NULL;0.1148;0.0000;2.0000;NULL;NULL;-0.0967;-0.5361;0.3466;7.7983;1.0995;2.1875;-0.0965;-0.5342;0.3375;6.6426;1.5012;2.2584;1;NULL;-0.1361;-0.5528;0.2562;357.4228;9.8419;103.6268;Palm;1.0000;0.0000;NULL;NULL;NULL;NULL;NULL;NULL;NULL;NULL;NULL;NULL;NULL;-1.0715;-0.3027;-0.0522;45.1623;233.5859;179.1694;-1.0672;-0.2974;-0.0491;45.1625;233.5864;179.1700;0;NULL;0.0343;-0.1439;0.3909;328.5550;357.0203;331.3591;Palm;NULL;b529d3a4-b51a-4eec-b995-f74e31f7f71d;NULL;NULL;6;Embodied;3;Rotation;LineBisection;2;LineBisectionFirst;NULL;NULL;NULL;NULL;NULL;NULL;LineBisection;3.4570;2026-05-21 13:21:20.2183;Hands;6;10;OpenXR
NULL;Right;NULL;NULL;Baseline;NULL;OppositeHandTrigger;NULL;NULL;NULL;NULL;NULL;NULL;NULL;NULL;NULL;NULL;None;anonymous;NULL;Trial Started;TaskEvent;Participant;2876;62ff0559-0a9d-4756-b5f1-26da7b190742;NULL;-0.0114;0.0135;-0.0132;10.0181;1.7576;2.1858;NULL;NULL;NULL;NULL;NULL;NULL;NULL;NULL;NULL;-0.0967;-0.5361;0.3466;7.7983;1.0995;2.1875;-0.0965;-0.5342;0.3375;6.6426;1.5012;2.2584;1;NULL;-0.1361;-0.5528;0.2562;357.4228;9.8419;103.6268;Palm;1.0000;0.0000;NULL;NULL;NULL;NULL;NULL;NULL;NULL;NULL;NULL;NULL;NULL;-1.0715;-0.3027;-0.0522;45.1623;233.5859;179.1694;-1.0672;-0.2974;-0.0491;45.1625;233.5864;179.1700;0;NULL;0.0343;-0.1439;0.3909;328.5550;357.0203;331.3591;Palm;NULL;b529d3a4-b51a-4eec-b995-f74e31f7f71d;NULL;NULL;6;Embodied;3;Rotation;LineBisection;2;LineBisectionFirst;NULL;NULL;0.0300;0.0000;0.0000;2.0000;LineBisection;0.0000;2026-05-21 13:21:20.2203;Hands;7;10;OpenXR
NULL;Right;NULL;NULL;Baseline;NULL;OppositeHandTrigger;NULL;NULL;NULL;NULL;NULL;NULL;NULL;NULL;NULL;NULL;None;anonymous;4.0918;Trial Accepted;TaskEvent;Participant;3267;62ff0559-0a9d-4756-b5f1-26da7b190742;NULL;-0.0134;0.0133;-0.0136;9.9561;1.3090;2.4722;NULL;NULL;NULL;NULL;0.0409;0.0000;2.0000;NULL;NULL;-0.0976;-0.5367;0.3471;8.1407;0.9340;2.6348;-0.0980;-0.5349;0.3392;7.7883;0.7845;2.4381;1;NULL;-0.1368;-0.5532;0.2556;357.7331;9.1866;104.9941;Palm;1.0000;0.0000;NULL;NULL;NULL;NULL;NULL;NULL;NULL;NULL;NULL;NULL;NULL;-1.0715;-0.3027;-0.0522;45.1623;233.5859;179.1694;-1.0672;-0.2974;-0.0491;45.1625;233.5864;179.1700;0;NULL;0.0309;-0.1454;0.3769;322.1860;359.3679;325.6013;Palm;NULL;b529d3a4-b51a-4eec-b995-f74e31f7f71d;NULL;NULL;6;Embodied;3;Rotation;LineBisection;2;LineBisectionFirst;NULL;NULL;NULL;NULL;NULL;NULL;LineBisection;3.2661;2026-05-21 13:21:23.4852;Hands;7;10;OpenXR
NULL;Right;NULL;NULL;Baseline;NULL;OppositeHandTrigger;NULL;NULL;NULL;NULL;NULL;NULL;NULL;NULL;NULL;NULL;None;anonymous;NULL;Trial Started;TaskEvent;Participant;3267;62ff0559-0a9d-4756-b5f1-26da7b190742;NULL;-0.0134;0.0133;-0.0136;9.9561;1.3090;2.4722;NULL;NULL;NULL;NULL;NULL;NULL;NULL;NULL;NULL;-0.0976;-0.5367;0.3471;8.1407;0.9340;2.6348;-0.0980;-0.5349;0.3392;7.7883;0.7845;2.4381;1;NULL;-0.1368;-0.5532;0.2556;357.7331;9.1866;104.9941;Palm;1.0000;0.0000;NULL;NULL;NULL;NULL;NULL;NULL;NULL;NULL;NULL;NULL;NULL;-1.0715;-0.3027;-0.0522;45.1623;233.5859;179.1694;-1.0672;-0.2974;-0.0491;45.1625;233.5864;179.1700;0;NULL;0.0309;-0.1454;0.3769;322.1860;359.3679;325.6013;Palm;NULL;b529d3a4-b51a-4eec-b995-f74e31f7f71d;NULL;NULL;6;Embodied;3;Rotation;LineBisection;2;LineBisectionFirst;NULL;NULL;0.0300;0.0000;0.0000;2.0000;LineBisection;0.0000;2026-05-21 13:21:23.4857;Hands;8;10;OpenXR
NULL;Right;NULL;NULL;Baseline;NULL;OppositeHandTrigger;NULL;NULL;NULL;NULL;NULL;NULL;NULL;NULL;NULL;NULL;None;anonymous;4.7323;Trial Accepted;TaskEvent;Participant;3626;62ff0559-0a9d-4756-b5f1-26da7b190742;NULL;-0.0144;0.0125;-0.0127;10.2893;1.2704;2.7636;NULL;NULL;NULL;NULL;0.0473;0.0000;2.0000;NULL;NULL;-0.0980;-0.5365;0.3472;8.2700;0.8017;2.9932;-0.0983;-0.5342;0.3388;7.6852;0.9496;2.9530;1;NULL;-0.1367;-0.5541;0.2571;356.4333;9.8381;105.3282;Palm;1.0000;0.0000;NULL;NULL;NULL;NULL;NULL;NULL;NULL;NULL;NULL;NULL;NULL;-1.0715;-0.3027;-0.0522;45.1623;233.5859;179.1694;-1.0672;-0.2974;-0.0491;45.1625;233.5864;179.1700;0;NULL;0.0337;-0.1617;0.3797;322.2691;2.2541;320.5728;Palm;NULL;b529d3a4-b51a-4eec-b995-f74e31f7f71d;NULL;NULL;6;Embodied;3;Rotation;LineBisection;2;LineBisectionFirst;NULL;NULL;NULL;NULL;NULL;NULL;LineBisection;3.0068;2026-05-21 13:21:26.4916;Hands;8;10;OpenXR
NULL;Right;NULL;NULL;Baseline;NULL;OppositeHandTrigger;NULL;NULL;NULL;NULL;NULL;NULL;NULL;NULL;NULL;NULL;None;anonymous;NULL;Trial Started;TaskEvent;Participant;3626;62ff0559-0a9d-4756-b5f1-26da7b190742;NULL;-0.0144;0.0125;-0.0127;10.2893;1.2704;2.7636;NULL;NULL;NULL;NULL;NULL;NULL;NULL;NULL;NULL;-0.0980;-0.5365;0.3472;8.2700;0.8017;2.9932;-0.0983;-0.5342;0.3388;7.6852;0.9496;2.9530;1;NULL;-0.1367;-0.5541;0.2571;356.4333;9.8381;105.3282;Palm;1.0000;0.0000;NULL;NULL;NULL;NULL;NULL;NULL;NULL;NULL;NULL;NULL;NULL;-1.0715;-0.3027;-0.0522;45.1623;233.5859;179.1694;-1.0672;-0.2974;-0.0491;45.1625;233.5864;179.1700;0;NULL;0.0337;-0.1617;0.3797;322.2691;2.2541;320.5728;Palm;NULL;b529d3a4-b51a-4eec-b995-f74e31f7f71d;NULL;NULL;6;Embodied;3;Rotation;LineBisection;2;LineBisectionFirst;NULL;NULL;0.0300;0.0000;0.0000;2.0000;LineBisection;0.0000;2026-05-21 13:21:26.4927;Hands;9;10;OpenXR
NULL;Right;NULL;NULL;Baseline;NULL;OppositeHandTrigger;NULL;NULL;NULL;NULL;NULL;NULL;NULL;NULL;NULL;NULL;None;anonymous;-3.0399;Trial Accepted;TaskEvent;Participant;4010;62ff0559-0a9d-4756-b5f1-26da7b190742;NULL;-0.0145;0.0126;-0.0104;10.1695;1.5157;2.9817;NULL;NULL;NULL;NULL;-0.0304;0.0000;2.0000;NULL;NULL;-0.0990;-0.5362;0.3472;8.3302;0.6072;3.2052;-0.0990;-0.5349;0.3394;7.5385;0.7248;3.0018;1;NULL;-0.1380;-0.5526;0.2551;358.1089;8.8929;104.9262;Palm;1.0000;0.0000;NULL;NULL;NULL;NULL;NULL;NULL;NULL;NULL;NULL;NULL;NULL;-1.0715;-0.3027;-0.0522;45.1623;233.5859;179.1694;-1.0672;-0.2974;-0.0491;45.1625;233.5864;179.1700;0;NULL;0.0309;-0.1650;0.3813;320.7675;3.9046;315.9770;Palm;NULL;b529d3a4-b51a-4eec-b995-f74e31f7f71d;NULL;NULL;6;Embodied;3;Rotation;LineBisection;2;LineBisectionFirst;NULL;NULL;NULL;NULL;NULL;NULL;LineBisection;3.1998;2026-05-21 13:21:29.6916;Hands;9;10;OpenXR
NULL;Right;NULL;NULL;Baseline;NULL;OppositeHandTrigger;NULL;NULL;NULL;NULL;NULL;NULL;NULL;NULL;NULL;NULL;None;anonymous;NULL;Trial Started;TaskEvent;Participant;4010;62ff0559-0a9d-4756-b5f1-26da7b190742;NULL;-0.0145;0.0126;-0.0104;10.1695;1.5157;2.9817;NULL;NULL;NULL;NULL;NULL;NULL;NULL;NULL;NULL;-0.0990;-0.5362;0.3472;8.3302;0.6072;3.2052;-0.0990;-0.5349;0.3394;7.5385;0.7248;3.0018;1;NULL;-0.1380;-0.5526;0.2551;358.1089;8.8929;104.9262;Palm;1.0000;0.0000;NULL;NULL;NULL;NULL;NULL;NULL;NULL;NULL;NULL;NULL;NULL;-1.0715;-0.3027;-0.0522;45.1623;233.5859;179.1694;-1.0672;-0.2974;-0.0491;45.1625;233.5864;179.1700;0;NULL;0.0309;-0.1650;0.3813;320.7675;3.9046;315.9770;Palm;NULL;b529d3a4-b51a-4eec-b995-f74e31f7f71d;NULL;NULL;6;Embodied;3;Rotation;LineBisection;2;LineBisectionFirst;NULL;NULL;0.0300;0.0000;0.0000;2.0000;LineBisection;0.0000;2026-05-21 13:21:29.6931;Hands;10;10;OpenXR
NULL;Right;NULL;NULL;Baseline;NULL;OppositeHandTrigger;NULL;NULL;NULL;NULL;NULL;NULL;NULL;NULL;NULL;NULL;None;anonymous;-16.1341;Trial Accepted;TaskEvent;Participant;4345;62ff0559-0a9d-4756-b5f1-26da7b190742;NULL;-0.0157;0.0131;-0.0134;9.9347;1.4282;2.9090;NULL;NULL;NULL;NULL;-0.1613;0.0000;2.0000;NULL;NULL;-0.0993;-0.5361;0.3474;8.2356;0.4711;3.1258;-0.0992;-0.5343;0.3390;7.4810;0.4956;2.6445;1;NULL;-0.1385;-0.5521;0.2547;358.3787;8.7263;104.9711;Palm;1.0000;0.0000;NULL;NULL;NULL;NULL;NULL;NULL;NULL;NULL;NULL;NULL;NULL;-1.0715;-0.3027;-0.0522;45.1623;233.5859;179.1694;-1.0672;-0.2974;-0.0491;45.1625;233.5864;179.1700;0;NULL;0.0382;-0.1498;0.3818;316.7099;4.5261;313.9316;Palm;NULL;b529d3a4-b51a-4eec-b995-f74e31f7f71d;NULL;NULL;6;Embodied;3;Rotation;LineBisection;2;LineBisectionFirst;NULL;NULL;NULL;NULL;NULL;NULL;LineBisection;2.7910;2026-05-21 13:21:32.4825;Hands;10;10;OpenXR
NULL;Right;NULL;NULL;Baseline;NULL;OppositeHandTrigger;NULL;NULL;NULL;NULL;NULL;NULL;NULL;NULL;NULL;NULL;None;anonymous;NULL;Block Completed;BlockEvent;Participant;4345;62ff0559-0a9d-4756-b5f1-26da7b190742;NULL;-0.0157;0.0131;-0.0134;9.9347;1.4282;2.9090;NULL;NULL;NULL;NULL;NULL;NULL;NULL;NULL;NULL;-0.0993;-0.5361;0.3474;8.2356;0.4711;3.1258;-0.0992;-0.5343;0.3390;7.4810;0.4956;2.6445;1;NULL;-0.1385;-0.5521;0.2547;358.3787;8.7263;104.9711;Palm;NULL;NULL;NULL;-0.4739;NULL;NULL;NULL;NULL;NULL;NULL;NULL;NULL;NULL;-1.0715;-0.3027;-0.0522;45.1623;233.5859;179.1694;-1.0672;-0.2974;-0.0491;45.1625;233.5864;179.1700;0;NULL;0.0382;-0.1498;0.3818;316.7099;4.5261;313.9316;Palm;7.8610;b529d3a4-b51a-4eec-b995-f74e31f7f71d;NULL;NULL;6;Embodied;3;Rotation;LineBisection;2;LineBisectionFirst;NULL;NULL;NULL;NULL;NULL;NULL;LineBisection;0.0000;2026-05-21 13:21:32.4846;Hands;NULL;10;OpenXR
NULL;Right;NULL;NULL;Exposure;NULL;OppositeHandTrigger;NULL;NULL;NULL;NULL;NULL;NULL;NULL;NULL;NULL;NULL;None;anonymous;NULL;Exposure Started;BlockEvent;Participant;4585;62ff0559-0a9d-4756-b5f1-26da7b190742;NULL;-0.0092;0.0110;-0.0107;10.1037;1.4655;2.5422;NULL;NULL;NULL;NULL;NULL;NULL;NULL;NULL;NULL;-0.1003;-0.5355;0.3473;7.9957;1.0104;5.2938;-0.1011;-0.5330;0.3397;7.6457;1.2571;5.8502;0;NULL;-0.1382;-0.5550;0.2569;0.7303;7.8561;108.3742;Palm;NULL;NULL;NULL;NULL;NULL;NULL;NULL;NULL;NULL;NULL;NULL;NULL;NULL;-1.0715;-0.3027;-0.0522;45.1623;233.5859;179.1694;-1.0672;-0.2974;-0.0491;45.1625;233.5864;179.1700;0;NULL;0.1567;-0.5464;0.2912;346.9537;0.7081;335.0849;Palm;NULL;b529d3a4-b51a-4eec-b995-f74e31f7f71d;NULL;LineBisection;6;Embodied;3;Rotation;LineBisection;2;LineBisectionFirst;NULL;NULL;NULL;NULL;NULL;NULL;Exposure;2.0078;2026-05-21 13:21:34.4902;Hands;NULL;NULL;OpenXR
NULL;Right;NULL;NULL;Exposure;NULL;OppositeHandTrigger;2;1;0;0;0;0;0.5000;0.0000;2.0000;NULL;Rotation;anonymous;NULL;Mole Spawned;MoleEvent;Participant;4585;62ff0559-0a9d-4756-b5f1-26da7b190742;NULL;-0.0092;0.0110;-0.0107;10.1037;1.4655;2.5422;NULL;NULL;NULL;NULL;NULL;NULL;NULL;NULL;NULL;-0.1003;-0.5355;0.3473;7.9957;1.0104;5.2938;-0.1011;-0.5330;0.3397;7.6457;1.2571;5.8502;0;NULL;-0.1382;-0.5550;0.2569;0.7303;7.8561;108.3742;Palm;NULL;NULL;NULL;NULL;2;1;0;0;0;0;0.5000;0.0000;2.0000;-1.0715;-0.3027;-0.0522;45.1623;233.5859;179.1694;-1.0672;-0.2974;-0.0491;45.1625;233.5864;179.1700;0;NULL;0.1567;-0.5464;0.2912;346.9537;0.7081;335.0849;Palm;NULL;b529d3a4-b51a-4eec-b995-f74e31f7f71d;NULL;NULL;6;Embodied;3;Rotation;LineBisection;2;LineBisectionFirst;NULL;1;NULL;0.5000;0.0000;2.0000;Exposure;0.0000;2026-05-21 13:21:34.4973;Hands;NULL;NULL;OpenXR
NULL;Right;NULL;1;Exposure;NULL;OppositeHandTrigger;2;1;0;0;0;0;0.5000;0.0000;2.0000;NULL;Rotation;anonymous;NULL;Pointer Shoot;PointerEvent;Participant;5074;62ff0559-0a9d-4756-b5f1-26da7b190742;NULL;0.0078;0.0005;-0.0015;10.5404;4.0910;2.2114;NULL;0.7320;0.1459;2.0000;0.7320;0.1459;2.0000;NULL;NULL;-0.0977;-0.5459;0.3554;8.2145;358.8374;1.9076;-0.0956;-0.5440;0.3462;7.1217;359.5739;1.4118;1;NULL;-0.1357;-0.5710;0.2613;358.2034;10.0700;104.3501;Palm;NULL;NULL;NULL;NULL;2;1;0;0;0;0;0.5000;0.0000;2.0000;-1.0599;-0.3132;-0.0678;45.1623;232.1818;179.1694;-1.0558;-0.3079;-0.0646;45.1625;232.1822;179.1700;0;NULL;0.1647;-0.2279;0.4207;323.7157;18.1148;315.9858;Palm;NULL;b529d3a4-b51a-4eec-b995-f74e31f7f71d;NULL;NULL;6;Embodied;3;Rotation;LineBisection;2;LineBisectionFirst;0;1;NULL;0.5000;0.0000;2.0000;Exposure;4.0989;2026-05-21 13:21:38.5899;Hands;NULL;NULL;OpenXR
NULL;Right;NULL;1;Exposure;NULL;OppositeHandTrigger;2;1;0;0;0;0;0.5000;0.0000;2.0000;NULL;Rotation;anonymous;NULL;Mole Missed;PointerEvent;Participant;5074;62ff0559-0a9d-4756-b5f1-26da7b190742;NULL;0.0078;0.0005;-0.0015;10.5404;4.0910;2.2114;0.2740;0.7320;0.1459;2.0000;0.7320;0.1459;2.0000;NULL;0;-0.0977;-0.5459;0.3554;8.2145;358.8374;1.9076;-0.0956;-0.5440;0.3462;7.1217;359.5739;1.4118;1;NULL;-0.1357;-0.5710;0.2613;358.2034;10.0700;104.3501;Palm;NULL;NULL;NULL;NULL;2;1;0;0;0;0;0.5000;0.0000;2.0000;-1.0599;-0.3132;-0.0678;45.1623;232.1818;179.1694;-1.0558;-0.3079;-0.0646;45.1625;232.1822;179.1700;0;NULL;0.1647;-0.2279;0.4207;323.7157;18.1148;315.9858;Palm;NULL;b529d3a4-b51a-4eec-b995-f74e31f7f71d;NULL;NULL;6;Embodied;3;Rotation;LineBisection;2;LineBisectionFirst;0;1;NULL;0.5000;0.0000;2.0000;Exposure;0.0000;2026-05-21 13:21:38.5914;Hands;NULL;NULL;OpenXR
NULL;Right;NULL;NULL;Exposure;NULL;OppositeHandTrigger;3;2;0;1;0;0;-0.5000;0.0000;2.0000;NULL;Rotation;anonymous;NULL;Mole Spawned;MoleEvent;Participant;5074;62ff0559-0a9d-4756-b5f1-26da7b190742;NULL;0.0078;0.0005;-0.0015;10.5404;4.0910;2.2114;NULL;NULL;NULL;NULL;NULL;NULL;NULL;NULL;NULL;-0.0977;-0.5459;0.3554;8.2145;358.8374;1.9076;-0.0956;-0.5440;0.3462;7.1217;359.5739;1.4118;1;NULL;-0.1357;-0.5710;0.2613;358.2034;10.0700;104.3501;Palm;NULL;NULL;NULL;NULL;3;2;0;1;0;0;-0.5000;0.0000;2.0000;-1.0599;-0.3132;-0.0678;45.1623;232.1818;179.1694;-1.0558;-0.3079;-0.0646;45.1625;232.1822;179.1700;0;NULL;0.1647;-0.2279;0.4207;323.7157;18.1148;315.9858;Palm;NULL;b529d3a4-b51a-4eec-b995-f74e31f7f71d;NULL;NULL;6;Embodied;3;Rotation;LineBisection;2;LineBisectionFirst;NULL;2;NULL;-0.5000;0.0000;2.0000;Exposure;0.0000;2026-05-21 13:21:38.5930;Hands;NULL;NULL;OpenXR
NULL;Right;NULL;2;Exposure;NULL;OppositeHandTrigger;3;2;0;1;0;0;-0.5000;0.0000;2.0000;NULL;Rotation;anonymous;NULL;Pointer Shoot;PointerEvent;Participant;5222;62ff0559-0a9d-4756-b5f1-26da7b190742;NULL;-0.0008;0.0003;-0.0001;10.7881;1.3469;2.6088;NULL;-0.2319;-0.0050;2.0000;-0.2319;-0.0050;2.0000;NULL;NULL;-0.0979;-0.5452;0.3549;8.4578;358.4913;2.1410;-0.0986;-0.5441;0.3465;7.7506;358.8204;2.2058;1;NULL;-0.1379;-0.5718;0.2618;357.7676;8.6576;107.6918;Palm;NULL;NULL;NULL;NULL;3;2;0;1;0;0;-0.5000;0.0000;2.0000;-1.0599;-0.3132;-0.0678;45.1623;232.1818;179.1694;-1.0558;-0.3079;-0.0646;45.1625;232.1822;179.1700;0;NULL;-0.0009;-0.2283;0.3886;325.3080;347.2716;326.3614;Palm;NULL;b529d3a4-b51a-4eec-b995-f74e31f7f71d;NULL;NULL;6;Embodied;3;Rotation;LineBisection;2;LineBisectionFirst;0;2;NULL;-0.5000;0.0000;2.0000;Exposure;1.2413;2026-05-21 13:21:39.8308;Hands;NULL;NULL;OpenXR
NULL;Right;NULL;2;Exposure;NULL;OppositeHandTrigger;3;2;0;1;0;0;-0.5000;0.0000;2.0000;NULL;Rotation;anonymous;NULL;Mole Missed;PointerEvent;Participant;5222;62ff0559-0a9d-4756-b5f1-26da7b190742;NULL;-0.0008;0.0003;-0.0001;10.7881;1.3469;2.6088;0.2681;-0.2319;-0.0050;2.0000;-0.2319;-0.0050;2.0000;NULL;0;-0.0979;-0.5452;0.3549;8.4578;358.4913;2.1410;-0.0986;-0.5441;0.3465;7.7506;358.8204;2.2058;1;NULL;-0.1379;-0.5718;0.2618;357.7676;8.6576;107.6918;Palm;NULL;NULL;NULL;NULL;3;2;0;1;0;0;-0.5000;0.0000;2.0000;-1.0599;-0.3132;-0.0678;45.1623;232.1818;179.1694;-1.0558;-0.3079;-0.0646;45.1625;232.1822;179.1700;0;NULL;-0.0009;-0.2283;0.3886;325.3080;347.2716;326.3614;Palm;NULL;b529d3a4-b51a-4eec-b995-f74e31f7f71d;NULL;NULL;6;Embodied;3;Rotation;LineBisection;2;LineBisectionFirst;0;2;NULL;-0.5000;0.0000;2.0000;Exposure;0.0000;2026-05-21 13:21:39.8318;Hands;NULL;NULL;OpenXR
NULL;Right;NULL;NULL;Exposure;NULL;OppositeHandTrigger;2;1;0;0;0;0;0.5000;0.0000;2.0000;NULL;Rotation;anonymous;NULL;Mole Spawned;MoleEvent;Participant;5222;62ff0559-0a9d-4756-b5f1-26da7b190742;NULL;-0.0008;0.0003;-0.0001;10.7881;1.3469;2.6088;NULL;NULL;NULL;NULL;NULL;NULL;NULL;NULL;NULL;-0.0979;-0.5452;0.3549;8.4578;358.4913;2.1410;-0.0986;-0.5441;0.3465;7.7506;358.8204;2.2058;1;NULL;-0.1379;-0.5718;0.2618;357.7676;8.6576;107.6918;Palm;NULL;NULL;NULL;NULL;2;1;0;0;0;0;0.5000;0.0000;2.0000;-1.0599;-0.3132;-0.0678;45.1623;232.1818;179.1694;-1.0558;-0.3079;-0.0646;45.1625;232.1822;179.1700;0;NULL;-0.0009;-0.2283;0.3886;325.3080;347.2716;326.3614;Palm;NULL;b529d3a4-b51a-4eec-b995-f74e31f7f71d;NULL;NULL;6;Embodied;3;Rotation;LineBisection;2;LineBisectionFirst;NULL;1;NULL;0.5000;0.0000;2.0000;Exposure;0.0000;2026-05-21 13:21:39.8339;Hands;NULL;NULL;OpenXR
NULL;Right;NULL;3;Exposure;NULL;OppositeHandTrigger;2;1;0;0;0;0;0.5000;0.0000;2.0000;NULL;Rotation;anonymous;NULL;Pointer Shoot;PointerEvent;Participant;5633;62ff0559-0a9d-4756-b5f1-26da7b190742;NULL;0.0108;-0.0038;0.0049;12.6984;7.5589;3.1341;NULL;0.7476;0.2223;2.0000;0.7476;0.2223;2.0000;NULL;NULL;-0.0992;-0.5469;0.3560;8.9241;358.4057;2.6230;-0.0988;-0.5453;0.3482;8.5585;358.9206;2.4948;1;NULL;-0.1383;-0.5755;0.2637;359.0235;8.9396;107.1916;Palm;NULL;NULL;NULL;NULL;2;1;0;0;0;0;0.5000;0.0000;2.0000;-1.0599;-0.3132;-0.0678;45.1623;232.1818;179.1694;-1.0558;-0.3079;-0.0646;45.1625;232.1822;179.1700;0;NULL;0.1721;-0.2094;0.4554;320.0735;12.9619;332.1746;Palm;NULL;b529d3a4-b51a-4eec-b995-f74e31f7f71d;NULL;NULL;6;Embodied;3;Rotation;LineBisection;2;LineBisectionFirst;0;1;NULL;0.5000;0.0000;2.0000;Exposure;3.4325;2026-05-21 13:21:43.2629;Hands;NULL;NULL;OpenXR
NULL;Right;NULL;3;Exposure;NULL;OppositeHandTrigger;2;1;0;0;0;0;0.5000;0.0000;2.0000;NULL;Rotation;anonymous;NULL;Mole Missed;PointerEvent;Participant;5633;62ff0559-0a9d-4756-b5f1-26da7b190742;NULL;0.0108;-0.0038;0.0049;12.6984;7.5589;3.1341;0.3328;0.7476;0.2223;2.0000;0.7476;0.2223;2.0000;NULL;0;-0.0992;-0.5469;0.3560;8.9241;358.4057;2.6230;-0.0988;-0.5453;0.3482;8.5585;358.9206;2.4948;1;NULL;-0.1383;-0.5755;0.2637;359.0235;8.9396;107.1916;Palm;NULL;NULL;NULL;NULL;2;1;0;0;0;0;0.5000;0.0000;2.0000;-1.0599;-0.3132;-0.0678;45.1623;232.1818;179.1694;-1.0558;-0.3079;-0.0646;45.1625;232.1822;179.1700;0;NULL;0.1721;-0.2094;0.4554;320.0735;12.9619;332.1746;Palm;NULL;b529d3a4-b51a-4eec-b995-f74e31f7f71d;NULL;NULL;6;Embodied;3;Rotation;LineBisection;2;LineBisectionFirst;0;1;NULL;0.5000;0.0000;2.0000;Exposure;0.0000;2026-05-21 13:21:43.2640;Hands;NULL;NULL;OpenXR
NULL;Right;NULL;NULL;Exposure;NULL;OppositeHandTrigger;1;0;0;-1;0;0;0.0000;0.0000;2.0000;NULL;Rotation;anonymous;NULL;Mole Spawned;MoleEvent;Participant;5633;62ff0559-0a9d-4756-b5f1-26da7b190742;NULL;0.0108;-0.0038;0.0049;12.6984;7.5589;3.1341;NULL;NULL;NULL;NULL;NULL;NULL;NULL;NULL;NULL;-0.0992;-0.5469;0.3560;8.9241;358.4057;2.6230;-0.0988;-0.5453;0.3482;8.5585;358.9206;2.4948;1;NULL;-0.1383;-0.5755;0.2637;359.0235;8.9396;107.1916;Palm;NULL;NULL;NULL;NULL;1;0;0;-1;0;0;0.0000;0.0000;2.0000;-1.0599;-0.3132;-0.0678;45.1623;232.1818;179.1694;-1.0558;-0.3079;-0.0646;45.1625;232.1822;179.1700;0;NULL;0.1721;-0.2094;0.4554;320.0735;12.9619;332.1746;Palm;NULL;b529d3a4-b51a-4eec-b995-f74e31f7f71d;NULL;NULL;6;Embodied;3;Rotation;LineBisection;2;LineBisectionFirst;NULL;0;NULL;0.0000;0.0000;2.0000;Exposure;0.0000;2026-05-21 13:21:43.2655;Hands;NULL;NULL;OpenXR
NULL;Right;NULL;4;Exposure;NULL;OppositeHandTrigger;1;0;0;-1;0;0;0.0000;0.0000;2.0000;NULL;Rotation;anonymous;NULL;Pointer Shoot;PointerEvent;Participant;5764;62ff0559-0a9d-4756-b5f1-26da7b190742;NULL;0.0028;-0.0040;0.0061;12.9619;5.9454;3.6499;NULL;0.1926;-0.0789;2.0000;0.1926;-0.0789;2.0000;NULL;NULL;-0.0996;-0.5469;0.3561;9.0848;358.3844;3.0364;-0.1003;-0.5453;0.3483;8.6919;358.7683;3.2366;1;NULL;-0.1392;-0.5753;0.2629;359.8578;8.7634;107.1491;Palm;NULL;NULL;NULL;NULL;1;0;0;-1;0;0;0.0000;0.0000;2.0000;-1.0599;-0.3132;-0.0678;45.1623;232.1818;179.1694;-1.0558;-0.3079;-0.0646;45.1625;232.1822;179.1700;0;NULL;0.0722;-0.2232;0.4500;326.2027;353.7011;341.7000;Palm;NULL;b529d3a4-b51a-4eec-b995-f74e31f7f71d;NULL;NULL;6;Embodied;3;Rotation;LineBisection;2;LineBisectionFirst;0;0;NULL;0.0000;0.0000;2.0000;Exposure;1.0913;2026-05-21 13:21:44.3544;Hands;NULL;NULL;OpenXR
NULL;Right;NULL;4;Exposure;NULL;OppositeHandTrigger;1;0;0;-1;0;0;0.0000;0.0000;2.0000;NULL;Rotation;anonymous;NULL;Mole Missed;PointerEvent;Participant;5764;62ff0559-0a9d-4756-b5f1-26da7b190742;NULL;0.0028;-0.0040;0.0061;12.9619;5.9454;3.6499;0.2081;0.1926;-0.0789;2.0000;0.1926;-0.0789;2.0000;NULL;0;-0.0996;-0.5469;0.3561;9.0848;358.3844;3.0364;-0.1003;-0.5453;0.3483;8.6919;358.7683;3.2366;1;NULL;-0.1392;-0.5753;0.2629;359.8578;8.7634;107.1491;Palm;NULL;NULL;NULL;NULL;1;0;0;-1;0;0;0.0000;0.0000;2.0000;-1.0599;-0.3132;-0.0678;45.1623;232.1818;179.1694;-1.0558;-0.3079;-0.0646;45.1625;232.1822;179.1700;0;NULL;0.0722;-0.2232;0.4500;326.2027;353.7011;341.7000;Palm;NULL;b529d3a4-b51a-4eec-b995-f74e31f7f71d;NULL;NULL;6;Embodied;3;Rotation;LineBisection;2;LineBisectionFirst;0;0;NULL;0.0000;0.0000;2.0000;Exposure;0.0000;2026-05-21 13:21:44.3559;Hands;NULL;NULL;OpenXR
NULL;Right;NULL;NULL;Exposure;NULL;OppositeHandTrigger;3;2;0;1;0;0;-0.5000;0.0000;2.0000;NULL;Rotation;anonymous;NULL;Mole Spawned;MoleEvent;Participant;5764;62ff0559-0a9d-4756-b5f1-26da7b190742;NULL;0.0028;-0.0040;0.0061;12.9619;5.9454;3.6499;NULL;NULL;NULL;NULL;NULL;NULL;NULL;NULL;NULL;-0.0996;-0.5469;0.3561;9.0848;358.3844;3.0364;-0.1003;-0.5453;0.3483;8.6919;358.7683;3.2366;1;NULL;-0.1392;-0.5753;0.2629;359.8578;8.7634;107.1491;Palm;NULL;NULL;NULL;NULL;3;2;0;1;0;0;-0.5000;0.0000;2.0000;-1.0599;-0.3132;-0.0678;45.1623;232.1818;179.1694;-1.0558;-0.3079;-0.0646;45.1625;232.1822;179.1700;0;NULL;0.0722;-0.2232;0.4500;326.2027;353.7011;341.7000;Palm;NULL;b529d3a4-b51a-4eec-b995-f74e31f7f71d;NULL;NULL;6;Embodied;3;Rotation;LineBisection;2;LineBisectionFirst;NULL;2;NULL;-0.5000;0.0000;2.0000;Exposure;0.0000;2026-05-21 13:21:44.3574;Hands;NULL;NULL;OpenXR
NULL;Right;NULL;5;Exposure;NULL;OppositeHandTrigger;3;2;0;1;0;0;-0.5000;0.0000;2.0000;NULL;Rotation;anonymous;NULL;Pointer Shoot;PointerEvent;Participant;5902;62ff0559-0a9d-4756-b5f1-26da7b190742;NULL;-0.0001;-0.0039;0.0065;12.8862;5.2199;3.7719;NULL;-0.2918;0.0285;2.0000;-0.2918;0.0285;2.0000;NULL;NULL;-0.1009;-0.5469;0.3561;9.1403;358.1534;3.5193;-0.1021;-0.5456;0.3482;8.8408;358.0968;3.3262;1;NULL;-0.1398;-0.5773;0.2622;359.9202;8.5412;107.6401;Palm;NULL;NULL;NULL;NULL;3;2;0;1;0;0;-0.5000;0.0000;2.0000;-1.0599;-0.3132;-0.0678;45.1623;232.1818;179.1694;-1.0558;-0.3079;-0.0646;45.1625;232.1822;179.1700;0;NULL;-0.0317;-0.2023;0.4124;325.9574;331.2978;352.0532;Palm;NULL;b529d3a4-b51a-4eec-b995-f74e31f7f71d;NULL;NULL;6;Embodied;3;Rotation;LineBisection;2;LineBisectionFirst;0;2;NULL;-0.5000;0.0000;2.0000;Exposure;1.1580;2026-05-21 13:21:45.5129;Hands;NULL;NULL;OpenXR
NULL;Right;NULL;5;Exposure;NULL;OppositeHandTrigger;3;2;0;1;0;0;-0.5000;0.0000;2.0000;NULL;Rotation;anonymous;NULL;Mole Missed;PointerEvent;Participant;5902;62ff0559-0a9d-4756-b5f1-26da7b190742;NULL;-0.0001;-0.0039;0.0065;12.8862;5.2199;3.7719;0.2102;-0.2918;0.0285;2.0000;-0.2918;0.0285;2.0000;NULL;0;-0.1009;-0.5469;0.3561;9.1403;358.1534;3.5193;-0.1021;-0.5456;0.3482;8.8408;358.0968;3.3262;1;NULL;-0.1398;-0.5773;0.2622;359.9202;8.5412;107.6401;Palm;NULL;NULL;NULL;NULL;3;2;0;1;0;0;-0.5000;0.0000;2.0000;-1.0599;-0.3132;-0.0678;45.1623;232.1818;179.1694;-1.0558;-0.3079;-0.0646;45.1625;232.1822;179.1700;0;NULL;-0.0317;-0.2023;0.4124;325.9574;331.2978;352.0532;Palm;NULL;b529d3a4-b51a-4eec-b995-f74e31f7f71d;NULL;NULL;6;Embodied;3;Rotation;LineBisection;2;LineBisectionFirst;0;2;NULL;-0.5000;0.0000;2.0000;Exposure;0.0000;2026-05-21 13:21:45.5129;Hands;NULL;NULL;OpenXR
NULL;Right;NULL;NULL;Exposure;NULL;OppositeHandTrigger;1;0;0;-1;0;0;0.0000;0.0000;2.0000;NULL;Rotation;anonymous;NULL;Mole Spawned;MoleEvent;Participant;5902;62ff0559-0a9d-4756-b5f1-26da7b190742;NULL;-0.0001;-0.0039;0.0065;12.8862;5.2199;3.7719;NULL;NULL;NULL;NULL;NULL;NULL;NULL;NULL;NULL;-0.1009;-0.5469;0.3561;9.1403;358.1534;3.5193;-0.1021;-0.5456;0.3482;8.8408;358.0968;3.3262;1;NULL;-0.1398;-0.5773;0.2622;359.9202;8.5412;107.6401;Palm;NULL;NULL;NULL;NULL;1;0;0;-1;0;0;0.0000;0.0000;2.0000;-1.0599;-0.3132;-0.0678;45.1623;232.1818;179.1694;-1.0558;-0.3079;-0.0646;45.1625;232.1822;179.1700;0;NULL;-0.0317;-0.2023;0.4124;325.9574;331.2978;352.0532;Palm;NULL;b529d3a4-b51a-4eec-b995-f74e31f7f71d;NULL;NULL;6;Embodied;3;Rotation;LineBisection;2;LineBisectionFirst;NULL;0;NULL;0.0000;0.0000;2.0000;Exposure;0.0000;2026-05-21 13:21:45.5154;Hands;NULL;NULL;OpenXR
NULL;Right;NULL;6;Exposure;NULL;OppositeHandTrigger;1;0;0;-1;0;0;0.0000;0.0000;2.0000;NULL;Rotation;anonymous;NULL;Pointer Shoot;PointerEvent;Participant;6367;62ff0559-0a9d-4756-b5f1-26da7b190742;NULL;0.0027;-0.0041;0.0077;13.0164;3.7283;3.0829;NULL;0.2441;0.0923;2.0000;0.2441;0.0923;2.0000;NULL;NULL;-0.1017;-0.5476;0.3564;9.5926;358.3063;3.5089;-0.0997;-0.5459;0.3480;8.8977;358.9150;3.1023;1;NULL;-0.1392;-0.5780;0.2622;2.1814;8.8799;105.6361;Palm;NULL;NULL;NULL;NULL;1;0;0;-1;0;0;0.0000;0.0000;2.0000;-1.0599;-0.3132;-0.0678;45.1623;232.1818;179.1694;-1.0558;-0.3079;-0.0646;45.1625;232.1822;179.1700;0;NULL;0.0563;-0.2095;0.4629;328.8318;344.1241;4.3633;Palm;NULL;b529d3a4-b51a-4eec-b995-f74e31f7f71d;NULL;NULL;6;Embodied;3;Rotation;LineBisection;2;LineBisectionFirst;0;0;NULL;0.0000;0.0000;2.0000;Exposure;3.8733;2026-05-21 13:21:49.3862;Hands;NULL;NULL;OpenXR
NULL;Right;NULL;6;Exposure;NULL;OppositeHandTrigger;1;0;0;-1;0;0;0.0000;0.0000;2.0000;NULL;Rotation;anonymous;NULL;Mole Missed;PointerEvent;Participant;6367;62ff0559-0a9d-4756-b5f1-26da7b190742;NULL;0.0027;-0.0041;0.0077;13.0164;3.7283;3.0829;0.2610;0.2441;0.0923;2.0000;0.2441;0.0923;2.0000;NULL;0;-0.1017;-0.5476;0.3564;9.5926;358.3063;3.5089;-0.0997;-0.5459;0.3480;8.8977;358.9150;3.1023;1;NULL;-0.1392;-0.5780;0.2622;2.1814;8.8799;105.6361;Palm;NULL;NULL;NULL;NULL;1;0;0;-1;0;0;0.0000;0.0000;2.0000;-1.0599;-0.3132;-0.0678;45.1623;232.1818;179.1694;-1.0558;-0.3079;-0.0646;45.1625;232.1822;179.1700;0;NULL;0.0563;-0.2095;0.4629;328.8318;344.1241;4.3633;Palm;NULL;b529d3a4-b51a-4eec-b995-f74e31f7f71d;NULL;NULL;6;Embodied;3;Rotation;LineBisection;2;LineBisectionFirst;0;0;NULL;0.0000;0.0000;2.0000;Exposure;0.0000;2026-05-21 13:21:49.3872;Hands;NULL;NULL;OpenXR
NULL;Right;NULL;NULL;Exposure;NULL;OppositeHandTrigger;3;2;0;1;0;0;-0.5000;0.0000;2.0000;NULL;Rotation;anonymous;NULL;Mole Spawned;MoleEvent;Participant;6367;62ff0559-0a9d-4756-b5f1-26da7b190742;NULL;0.0027;-0.0041;0.0077;13.0164;3.7283;3.0829;NULL;NULL;NULL;NULL;NULL;NULL;NULL;NULL;NULL;-0.1017;-0.5476;0.3564;9.5926;358.3063;3.5089;-0.0997;-0.5459;0.3480;8.8977;358.9150;3.1023;1;NULL;-0.1392;-0.5780;0.2622;2.1814;8.8799;105.6361;Palm;NULL;NULL;NULL;NULL;3;2;0;1;0;0;-0.5000;0.0000;2.0000;-1.0599;-0.3132;-0.0678;45.1623;232.1818;179.1694;-1.0558;-0.3079;-0.0646;45.1625;232.1822;179.1700;0;NULL;0.0563;-0.2095;0.4629;328.8318;344.1241;4.3633;Palm;NULL;b529d3a4-b51a-4eec-b995-f74e31f7f71d;NULL;NULL;6;Embodied;3;Rotation;LineBisection;2;LineBisectionFirst;NULL;2;NULL;-0.5000;0.0000;2.0000;Exposure;0.0000;2026-05-21 13:21:49.3877;Hands;NULL;NULL;OpenXR
NULL;Right;NULL;7;Exposure;NULL;OppositeHandTrigger;3;2;0;1;0;0;-0.5000;0.0000;2.0000;NULL;Rotation;anonymous;NULL;Pointer Shoot;PointerEvent;Participant;6545;62ff0559-0a9d-4756-b5f1-26da7b190742;NULL;-0.0009;-0.0036;0.0073;12.6744;1.8536;3.0224;NULL;-0.4679;0.0032;2.0000;-0.4679;0.0032;2.0000;NULL;NULL;-0.1018;-0.5476;0.3563;9.5520;358.1945;3.5101;-0.1010;-0.5462;0.3484;9.0343;358.4872;3.0969;1;NULL;-0.1390;-0.5767;0.2613;1.6963;8.6677;104.3117;Palm;NULL;NULL;NULL;NULL;3;2;0;1;0;0;-0.5000;0.0000;2.0000;-1.0599;-0.3132;-0.0678;45.1623;232.1818;179.1694;-1.0558;-0.3079;-0.0646;45.1625;232.1822;179.1700;0;NULL;-0.0218;-0.2135;0.4082;332.8194;320.0237;8.6224;Palm;NULL;b529d3a4-b51a-4eec-b995-f74e31f7f71d;NULL;NULL;6;Embodied;3;Rotation;LineBisection;2;LineBisectionFirst;0;2;NULL;-0.5000;0.0000;2.0000;Exposure;1.4833;2026-05-21 13:21:50.8683;Hands;NULL;NULL;OpenXR
NULL;Right;NULL;7;Exposure;NULL;OppositeHandTrigger;3;2;0;1;0;0;-0.5000;0.0000;2.0000;NULL;Rotation;anonymous;NULL;Mole Hit;MoleEvent;Participant;6545;62ff0559-0a9d-4756-b5f1-26da7b190742;NULL;-0.0009;-0.0036;0.0073;12.6744;1.8536;3.0224;0.0323;-0.4679;0.0032;2.0000;-0.4679;0.0032;2.0000;NULL;1;-0.1018;-0.5476;0.3563;9.5520;358.1945;3.5101;-0.1010;-0.5462;0.3484;9.0343;358.4872;3.0969;1;NULL;-0.1390;-0.5767;0.2613;1.6963;8.6677;104.3117;Palm;NULL;NULL;NULL;NULL;3;2;0;1;0;0;-0.5000;0.0000;2.0000;-1.0599;-0.3132;-0.0678;45.1623;232.1818;179.1694;-1.0558;-0.3079;-0.0646;45.1625;232.1822;179.1700;0;NULL;-0.0218;-0.2135;0.4082;332.8194;320.0237;8.6224;Palm;NULL;b529d3a4-b51a-4eec-b995-f74e31f7f71d;NULL;NULL;6;Embodied;3;Rotation;LineBisection;2;LineBisectionFirst;0;2;NULL;-0.5000;0.0000;2.0000;Exposure;0.0000;2026-05-21 13:21:50.8708;Hands;NULL;NULL;OpenXR
NULL;Right;NULL;NULL;Exposure;NULL;OppositeHandTrigger;1;0;0;-1;0;0;0.0000;0.0000;2.0000;NULL;Rotation;anonymous;NULL;Mole Spawned;MoleEvent;Participant;6545;62ff0559-0a9d-4756-b5f1-26da7b190742;NULL;-0.0009;-0.0036;0.0073;12.6744;1.8536;3.0224;NULL;NULL;NULL;NULL;NULL;NULL;NULL;NULL;NULL;-0.1018;-0.5476;0.3563;9.5520;358.1945;3.5101;-0.1010;-0.5462;0.3484;9.0343;358.4872;3.0969;1;NULL;-0.1390;-0.5767;0.2613;1.6963;8.6677;104.3117;Palm;NULL;NULL;NULL;NULL;1;0;0;-1;0;0;0.0000;0.0000;2.0000;-1.0599;-0.3132;-0.0678;45.1623;232.1818;179.1694;-1.0558;-0.3079;-0.0646;45.1625;232.1822;179.1700;0;NULL;-0.0218;-0.2135;0.4082;332.8194;320.0237;8.6224;Palm;NULL;b529d3a4-b51a-4eec-b995-f74e31f7f71d;NULL;NULL;6;Embodied;3;Rotation;LineBisection;2;LineBisectionFirst;NULL;0;NULL;0.0000;0.0000;2.0000;Exposure;0.0000;2026-05-21 13:21:50.8713;Hands;NULL;NULL;OpenXR
NULL;Right;NULL;8;Exposure;NULL;OppositeHandTrigger;1;0;0;-1;0;0;0.0000;0.0000;2.0000;NULL;Rotation;anonymous;NULL;Pointer Shoot;PointerEvent;Participant;6666;62ff0559-0a9d-4756-b5f1-26da7b190742;NULL;0.0010;-0.0029;0.0074;12.4648;2.3651;2.9041;NULL;-0.0137;0.0539;2.0000;-0.0137;0.0539;2.0000;NULL;NULL;-0.1021;-0.5479;0.3565;9.4955;358.1993;3.5839;-0.1000;-0.5464;0.3487;8.9874;358.9125;3.2368;1;NULL;-0.1388;-0.5784;0.2627;1.5666;8.3241;105.1045;Palm;NULL;NULL;NULL;NULL;1;0;0;-1;0;0;0.0000;0.0000;2.0000;-1.0599;-0.3132;-0.0678;45.1623;232.1818;179.1694;-1.0558;-0.3079;-0.0646;45.1625;232.1822;179.1700;0;NULL;0.0538;-0.2001;0.4400;329.3657;337.0023;2.7069;Palm;NULL;b529d3a4-b51a-4eec-b995-f74e31f7f71d;NULL;NULL;6;Embodied;3;Rotation;LineBisection;2;LineBisectionFirst;1;0;NULL;0.0000;0.0000;2.0000;Exposure;1.0082;2026-05-21 13:21:51.8775;Hands;NULL;NULL;OpenXR
NULL;Right;NULL;8;Exposure;NULL;OppositeHandTrigger;1;0;0;-1;0;0;0.0000;0.0000;2.0000;NULL;Rotation;anonymous;NULL;Mole Hit;MoleEvent;Participant;6666;62ff0559-0a9d-4756-b5f1-26da7b190742;NULL;0.0010;-0.0029;0.0074;12.4648;2.3651;2.9041;0.0556;-0.0137;0.0539;2.0000;-0.0137;0.0539;2.0000;NULL;1;-0.1021;-0.5479;0.3565;9.4955;358.1993;3.5839;-0.1000;-0.5464;0.3487;8.9874;358.9125;3.2368;1;NULL;-0.1388;-0.5784;0.2627;1.5666;8.3241;105.1045;Palm;NULL;NULL;NULL;NULL;1;0;0;-1;0;0;0.0000;0.0000;2.0000;-1.0599;-0.3132;-0.0678;45.1623;232.1818;179.1694;-1.0558;-0.3079;-0.0646;45.1625;232.1822;179.1700;0;NULL;0.0538;-0.2001;0.4400;329.3657;337.0023;2.7069;Palm;NULL;b529d3a4-b51a-4eec-b995-f74e31f7f71d;NULL;NULL;6;Embodied;3;Rotation;LineBisection;2;LineBisectionFirst;1;0;NULL;0.0000;0.0000;2.0000;Exposure;0.0000;2026-05-21 13:21:51.8785;Hands;NULL;NULL;OpenXR
NULL;Right;NULL;NULL;Exposure;NULL;OppositeHandTrigger;2;1;0;0;0;0;0.5000;0.0000;2.0000;NULL;Rotation;anonymous;NULL;Mole Spawned;MoleEvent;Participant;6666;62ff0559-0a9d-4756-b5f1-26da7b190742;NULL;0.0010;-0.0029;0.0074;12.4648;2.3651;2.9041;NULL;NULL;NULL;NULL;NULL;NULL;NULL;NULL;NULL;-0.1021;-0.5479;0.3565;9.4955;358.1993;3.5839;-0.1000;-0.5464;0.3487;8.9874;358.9125;3.2368;1;NULL;-0.1388;-0.5784;0.2627;1.5666;8.3241;105.1045;Palm;NULL;NULL;NULL;NULL;2;1;0;0;0;0;0.5000;0.0000;2.0000;-1.0599;-0.3132;-0.0678;45.1623;232.1818;179.1694;-1.0558;-0.3079;-0.0646;45.1625;232.1822;179.1700;0;NULL;0.0538;-0.2001;0.4400;329.3657;337.0023;2.7069;Palm;NULL;b529d3a4-b51a-4eec-b995-f74e31f7f71d;NULL;NULL;6;Embodied;3;Rotation;LineBisection;2;LineBisectionFirst;NULL;1;NULL;0.5000;0.0000;2.0000;Exposure;0.0000;2026-05-21 13:21:51.8790;Hands;NULL;NULL;OpenXR
NULL;Right;NULL;9;Exposure;NULL;OppositeHandTrigger;2;1;0;0;0;0;0.5000;0.0000;2.0000;NULL;Rotation;anonymous;NULL;Pointer Shoot;PointerEvent;Participant;6792;62ff0559-0a9d-4756-b5f1-26da7b190742;NULL;0.0040;-0.0023;0.0056;12.2417;2.9657;2.6460;NULL;0.5241;0.0544;2.0000;0.5241;0.0544;2.0000;NULL;NULL;-0.1020;-0.5478;0.3565;9.6513;358.2240;3.6250;-0.1016;-0.5452;0.3482;9.2287;358.2952;3.1304;1;NULL;-0.1384;-0.5761;0.2621;2.6287;8.4076;105.7548;Palm;NULL;NULL;NULL;NULL;2;1;0;0;0;0;0.5000;0.0000;2.0000;-1.0599;-0.3132;-0.0678;45.1623;232.1818;179.1694;-1.0558;-0.3079;-0.0646;45.1625;232.1822;179.1700;0;NULL;0.1520;-0.1965;0.4528;328.0378;354.5727;358.0911;Palm;NULL;b529d3a4-b51a-4eec-b995-f74e31f7f71d;NULL;NULL;6;Embodied;3;Rotation;LineBisection;2;LineBisectionFirst;2;1;NULL;0.5000;0.0000;2.0000;Exposure;1.0497;2026-05-21 13:21:52.9266;Hands;NULL;NULL;OpenXR
NULL;Right;NULL;9;Exposure;NULL;OppositeHandTrigger;2;1;0;0;0;0;0.5000;0.0000;2.0000;NULL;Rotation;anonymous;NULL;Mole Hit;MoleEvent;Participant;6792;62ff0559-0a9d-4756-b5f1-26da7b190742;NULL;0.0040;-0.0023;0.0056;12.2417;2.9657;2.6460;0.0594;0.5241;0.0544;2.0000;0.5241;0.0544;2.0000;NULL;1;-0.1020;-0.5478;0.3565;9.6513;358.2240;3.6250;-0.1016;-0.5452;0.3482;9.2287;358.2952;3.1304;1;NULL;-0.1384;-0.5761;0.2621;2.6287;8.4076;105.7548;Palm;NULL;NULL;NULL;NULL;2;1;0;0;0;0;0.5000;0.0000;2.0000;-1.0599;-0.3132;-0.0678;45.1623;232.1818;179.1694;-1.0558;-0.3079;-0.0646;45.1625;232.1822;179.1700;0;NULL;0.1520;-0.1965;0.4528;328.0378;354.5727;358.0911;Palm;NULL;b529d3a4-b51a-4eec-b995-f74e31f7f71d;NULL;NULL;6;Embodied;3;Rotation;LineBisection;2;LineBisectionFirst;2;1;NULL;0.5000;0.0000;2.0000;Exposure;0.0000;2026-05-21 13:21:52.9282;Hands;NULL;NULL;OpenXR
NULL;Right;NULL;NULL;Exposure;NULL;OppositeHandTrigger;3;2;0;1;0;0;-0.5000;0.0000;2.0000;NULL;Rotation;anonymous;NULL;Mole Spawned;MoleEvent;Participant;6792;62ff0559-0a9d-4756-b5f1-26da7b190742;NULL;0.0040;-0.0023;0.0056;12.2417;2.9657;2.6460;NULL;NULL;NULL;NULL;NULL;NULL;NULL;NULL;NULL;-0.1020;-0.5478;0.3565;9.6513;358.2240;3.6250;-0.1016;-0.5452;0.3482;9.2287;358.2952;3.1304;1;NULL;-0.1384;-0.5761;0.2621;2.6287;8.4076;105.7548;Palm;NULL;NULL;NULL;NULL;3;2;0;1;0;0;-0.5000;0.0000;2.0000;-1.0599;-0.3132;-0.0678;45.1623;232.1818;179.1694;-1.0558;-0.3079;-0.0646;45.1625;232.1822;179.1700;0;NULL;0.1520;-0.1965;0.4528;328.0378;354.5727;358.0911;Palm;NULL;b529d3a4-b51a-4eec-b995-f74e31f7f71d;NULL;NULL;6;Embodied;3;Rotation;LineBisection;2;LineBisectionFirst;NULL;2;NULL;-0.5000;0.0000;2.0000;Exposure;0.0000;2026-05-21 13:21:52.9297;Hands;NULL;NULL;OpenXR
NULL;Right;NULL;10;Exposure;NULL;OppositeHandTrigger;3;2;0;1;0;0;-0.5000;0.0000;2.0000;NULL;Rotation;anonymous;NULL;Pointer Shoot;PointerEvent;Participant;6955;62ff0559-0a9d-4756-b5f1-26da7b190742;NULL;0.0014;-0.0034;0.0083;12.5144;2.1925;2.8415;NULL;-0.5211;-0.0362;2.0000;-0.5211;-0.0362;2.0000;NULL;NULL;-0.1020;-0.5475;0.3565;9.9210;358.2730;3.7493;-0.1014;-0.5465;0.3486;9.3148;358.3136;3.2330;1;NULL;-0.1393;-0.5763;0.2623;2.6852;7.9180;104.8561;Palm;NULL;NULL;NULL;NULL;3;2;0;1;0;0;-0.5000;0.0000;2.0000;-1.0599;-0.3132;-0.0678;45.1623;232.1818;179.1694;-1.0558;-0.3079;-0.0646;45.1625;232.1822;179.1700;0;NULL;0.0408;-0.2069;0.4071;330.9390;323.3149;1.0853;Palm;NULL;b529d3a4-b51a-4eec-b995-f74e31f7f71d;NULL;NULL;6;Embodied;3;Rotation;LineBisection;2;LineBisectionFirst;3;2;NULL;-0.5000;0.0000;2.0000;Exposure;1.4697;2026-05-21 13:21:54.7768;Hands;NULL;NULL;OpenXR
NULL;Right;NULL;10;Exposure;NULL;OppositeHandTrigger;3;2;0;1;0;0;-0.5000;0.0000;2.0000;NULL;Rotation;anonymous;NULL;Mole Hit;MoleEvent;Participant;6955;62ff0559-0a9d-4756-b5f1-26da7b190742;NULL;0.0014;-0.0034;0.0083;12.5144;2.1925;2.8415;0.0419;-0.5211;-0.0362;2.0000;-0.5211;-0.0362;2.0000;NULL;1;-0.1020;-0.5475;0.3565;9.9210;358.2730;3.7493;-0.1014;-0.5465;0.3486;9.3148;358.3136;3.2330;1;NULL;-0.1393;-0.5763;0.2623;2.6852;7.9180;104.8561;Palm;NULL;NULL;NULL;NULL;3;2;0;1;0;0;-0.5000;0.0000;2.0000;-1.0599;-0.3132;-0.0678;45.1623;232.1818;179.1694;-1.0558;-0.3079;-0.0646;45.1625;232.1822;179.1700;0;NULL;0.0408;-0.2069;0.4071;330.9390;323.3149;1.0853;Palm;NULL;b529d3a4-b51a-4eec-b995-f74e31f7f71d;NULL;NULL;6;Embodied;3;Rotation;LineBisection;2;LineBisectionFirst;3;2;NULL;-0.5000;0.0000;2.0000;Exposure;0.0000;2026-05-21 13:21:54.7773;Hands;NULL;NULL;OpenXR
NULL;Right;NULL;NULL;Exposure;NULL;OppositeHandTrigger;2;1;0;0;0;0;0.5000;0.0000;2.0000;NULL;Rotation;anonymous;NULL;Mole Spawned;MoleEvent;Participant;6955;62ff0559-0a9d-4756-b5f1-26da7b190742;NULL;0.0014;-0.0034;0.0083;12.5144;2.1925;2.8415;NULL;NULL;NULL;NULL;NULL;NULL;NULL;NULL;NULL;-0.1020;-0.5475;0.3565;9.9210;358.2730;3.7493;-0.1014;-0.5465;0.3486;9.3148;358.3136;3.2330;1;NULL;-0.1393;-0.5763;0.2623;2.6852;7.9180;104.8561;Palm;NULL;NULL;NULL;NULL;2;1;0;0;0;0;0.5000;0.0000;2.0000;-1.0599;-0.3132;-0.0678;45.1623;232.1818;179.1694;-1.0558;-0.3079;-0.0646;45.1625;232.1822;179.1700;0;NULL;0.0408;-0.2069;0.4071;330.9390;323.3149;1.0853;Palm;NULL;b529d3a4-b51a-4eec-b995-f74e31f7f71d;NULL;NULL;6;Embodied;3;Rotation;LineBisection;2;LineBisectionFirst;NULL;1;NULL;0.5000;0.0000;2.0000;Exposure;0.0000;2026-05-21 13:21:54.7788;Hands;NULL;NULL;OpenXR
NULL;Right;NULL;11;Exposure;NULL;OppositeHandTrigger;2;1;0;0;0;0;0.5000;0.0000;2.0000;NULL;Rotation;anonymous;NULL;Pointer Shoot;PointerEvent;Participant;7070;62ff0559-0a9d-4756-b5f1-26da7b190742;NULL;0.0043;-0.0030;0.0070;12.2782;3.1224;2.6510;NULL;0.3377;0.0662;2.0000;0.3377;0.0662;2.0000;NULL;NULL;-0.1021;-0.5481;0.3569;9.8617;358.3073;3.7826;-0.1007;-0.5471;0.3495;9.5068;358.5755;3.1480;1;NULL;-0.1386;-0.5763;0.2624;3.0407;7.5933;105.8727;Palm;NULL;NULL;NULL;NULL;2;1;0;0;0;0;0.5000;0.0000;2.0000;-1.0599;-0.3132;-0.0678;45.1623;232.1818;179.1694;-1.0558;-0.3079;-0.0646;45.1625;232.1822;179.1700;0;NULL;0.1679;-0.1888;0.4443;324.0770;353.0325;351.8444;Palm;NULL;b529d3a4-b51a-4eec-b995-f74e31f7f71d;NULL;NULL;6;Embodied;3;Rotation;LineBisection;2;LineBisectionFirst;4;1;NULL;0.5000;0.0000;2.0000;Exposure;0.9578;2026-05-21 13:21:55.7348;Hands;NULL;NULL;OpenXR
NULL;Right;NULL;11;Exposure;NULL;OppositeHandTrigger;2;1;0;0;0;0;0.5000;0.0000;2.0000;NULL;Rotation;anonymous;NULL;Mole Missed;PointerEvent;Participant;7070;62ff0559-0a9d-4756-b5f1-26da7b190742;NULL;0.0043;-0.0030;0.0070;12.2782;3.1224;2.6510;0.1753;0.3377;0.0662;2.0000;0.3377;0.0662;2.0000;NULL;0;-0.1021;-0.5481;0.3569;9.8617;358.3073;3.7826;-0.1007;-0.5471;0.3495;9.5068;358.5755;3.1480;1;NULL;-0.1386;-0.5763;0.2624;3.0407;7.5933;105.8727;Palm;NULL;NULL;NULL;NULL;2;1;0;0;0;0;0.5000;0.0000;2.0000;-1.0599;-0.3132;-0.0678;45.1623;232.1818;179.1694;-1.0558;-0.3079;-0.0646;45.1625;232.1822;179.1700;0;NULL;0.1679;-0.1888;0.4443;324.0770;353.0325;351.8444;Palm;NULL;b529d3a4-b51a-4eec-b995-f74e31f7f71d;NULL;NULL;6;Embodied;3;Rotation;LineBisection;2;LineBisectionFirst;4;1;NULL;0.5000;0.0000;2.0000;Exposure;0.0000;2026-05-21 13:21:55.7348;Hands;NULL;NULL;OpenXR
NULL;Right;NULL;NULL;Exposure;NULL;OppositeHandTrigger;1;0;0;-1;0;0;0.0000;0.0000;2.0000;NULL;Rotation;anonymous;NULL;Mole Spawned;MoleEvent;Participant;7070;62ff0559-0a9d-4756-b5f1-26da7b190742;NULL;0.0043;-0.0030;0.0070;12.2782;3.1224;2.6510;NULL;NULL;NULL;NULL;NULL;NULL;NULL;NULL;NULL;-0.1021;-0.5481;0.3569;9.8617;358.3073;3.7826;-0.1007;-0.5471;0.3495;9.5068;358.5755;3.1480;1;NULL;-0.1386;-0.5763;0.2624;3.0407;7.5933;105.8727;Palm;NULL;NULL;NULL;NULL;1;0;0;-1;0;0;0.0000;0.0000;2.0000;-1.0599;-0.3132;-0.0678;45.1623;232.1818;179.1694;-1.0558;-0.3079;-0.0646;45.1625;232.1822;179.1700;0;NULL;0.1679;-0.1888;0.4443;324.0770;353.0325;351.8444;Palm;NULL;b529d3a4-b51a-4eec-b995-f74e31f7f71d;NULL;NULL;6;Embodied;3;Rotation;LineBisection;2;LineBisectionFirst;NULL;0;NULL;0.0000;0.0000;2.0000;Exposure;0.0000;2026-05-21 13:21:55.7363;Hands;NULL;NULL;OpenXR
NULL;Right;NULL;12;Exposure;NULL;OppositeHandTrigger;1;0;0;-1;0;0;0.0000;0.0000;2.0000;NULL;Rotation;anonymous;NULL;Pointer Shoot;PointerEvent;Participant;7149;62ff0559-0a9d-4756-b5f1-26da7b190742;NULL;0.0015;-0.0027;0.0076;12.3241;2.3990;2.5958;NULL;0.0048;-0.0240;2.0000;0.0048;-0.0240;2.0000;NULL;NULL;-0.1020;-0.5482;0.3570;9.9152;358.2827;3.5821;-0.1036;-0.5468;0.3490;9.7109;358.1930;3.5854;1;NULL;-0.1388;-0.5753;0.2613;3.0987;7.8608;104.5611;Palm;NULL;NULL;NULL;NULL;1;0;0;-1;0;0;0.0000;0.0000;2.0000;-1.0599;-0.3132;-0.0678;45.1623;232.1818;179.1694;-1.0558;-0.3079;-0.0646;45.1625;232.1822;179.1700;0;NULL;0.1042;-0.1935;0.4393;326.8882;342.7688;354.2441;Palm;NULL;b529d3a4-b51a-4eec-b995-f74e31f7f71d;NULL;NULL;6;Embodied;3;Rotation;LineBisection;2;LineBisectionFirst;4;0;NULL;0.0000;0.0000;2.0000;Exposure;0.6581;2026-05-21 13:21:56.3916;Hands;NULL;NULL;OpenXR
NULL;Right;NULL;12;Exposure;NULL;OppositeHandTrigger;1;0;0;-1;0;0;0.0000;0.0000;2.0000;NULL;Rotation;anonymous;NULL;Mole Hit;MoleEvent;Participant;7149;62ff0559-0a9d-4756-b5f1-26da7b190742;NULL;0.0015;-0.0027;0.0076;12.3241;2.3990;2.5958;0.0245;0.0048;-0.0240;2.0000;0.0048;-0.0240;2.0000;NULL;1;-0.1020;-0.5482;0.3570;9.9152;358.2827;3.5821;-0.1036;-0.5468;0.3490;9.7109;358.1930;3.5854;1;NULL;-0.1388;-0.5753;0.2613;3.0987;7.8608;104.5611;Palm;NULL;NULL;NULL;NULL;1;0;0;-1;0;0;0.0000;0.0000;2.0000;-1.0599;-0.3132;-0.0678;45.1623;232.1818;179.1694;-1.0558;-0.3079;-0.0646;45.1625;232.1822;179.1700;0;NULL;0.1042;-0.1935;0.4393;326.8882;342.7688;354.2441;Palm;NULL;b529d3a4-b51a-4eec-b995-f74e31f7f71d;NULL;NULL;6;Embodied;3;Rotation;LineBisection;2;LineBisectionFirst;4;0;NULL;0.0000;0.0000;2.0000;Exposure;0.0000;2026-05-21 13:21:56.3931;Hands;NULL;NULL;OpenXR
NULL;Right;NULL;NULL;Exposure;NULL;OppositeHandTrigger;3;2;0;1;0;0;-0.5000;0.0000;2.0000;NULL;Rotation;anonymous;NULL;Mole Spawned;MoleEvent;Participant;7149;62ff0559-0a9d-4756-b5f1-26da7b190742;NULL;0.0015;-0.0027;0.0076;12.3241;2.3990;2.5958;NULL;NULL;NULL;NULL;NULL;NULL;NULL;NULL;NULL;-0.1020;-0.5482;0.3570;9.9152;358.2827;3.5821;-0.1036;-0.5468;0.3490;9.7109;358.1930;3.5854;1;NULL;-0.1388;-0.5753;0.2613;3.0987;7.8608;104.5611;Palm;NULL;NULL;NULL;NULL;3;2;0;1;0;0;-0.5000;0.0000;2.0000;-1.0599;-0.3132;-0.0678;45.1623;232.1818;179.1694;-1.0558;-0.3079;-0.0646;45.1625;232.1822;179.1700;0;NULL;0.1042;-0.1935;0.4393;326.8882;342.7688;354.2441;Palm;NULL;b529d3a4-b51a-4eec-b995-f74e31f7f71d;NULL;NULL;6;Embodied;3;Rotation;LineBisection;2;LineBisectionFirst;NULL;2;NULL;-0.5000;0.0000;2.0000;Exposure;0.0000;2026-05-21 13:21:56.3946;Hands;NULL;NULL;OpenXR
NULL;Right;NULL;13;Exposure;NULL;OppositeHandTrigger;3;2;0;1;0;0;-0.5000;0.0000;2.0000;NULL;Rotation;anonymous;NULL;Pointer Shoot;PointerEvent;Participant;7257;62ff0559-0a9d-4756-b5f1-26da7b190742;NULL;-0.0006;-0.0028;0.0076;12.2718;2.1943;2.9836;NULL;-0.4383;-0.0073;2.0000;-0.4383;-0.0073;2.0000;NULL;NULL;-0.1025;-0.5482;0.3569;9.9777;358.2330;4.1903;-0.1013;-0.5462;0.3483;8.9095;358.6633;3.8876;1;NULL;-0.1391;-0.5747;0.2611;3.3409;8.2967;106.9952;Palm;NULL;NULL;NULL;NULL;3;2;0;1;0;0;-0.5000;0.0000;2.0000;-1.0599;-0.3132;-0.0678;45.1623;232.1818;179.1694;-1.0558;-0.3079;-0.0646;45.1625;232.1822;179.1700;0;NULL;0.0478;-0.1893;0.4098;326.4281;327.6374;354.6685;Palm;NULL;b529d3a4-b51a-4eec-b995-f74e31f7f71d;NULL;NULL;6;Embodied;3;Rotation;LineBisection;2;LineBisectionFirst;5;2;NULL;-0.5000;0.0000;2.0000;Exposure;0.8997;2026-05-21 13:21:57.2927;Hands;NULL;NULL;OpenXR
NULL;Right;NULL;13;Exposure;NULL;OppositeHandTrigger;3;2;0;1;0;0;-0.5000;0.0000;2.0000;NULL;Rotation;anonymous;NULL;Mole Hit;MoleEvent;Participant;7257;62ff0559-0a9d-4756-b5f1-26da7b190742;NULL;-0.0006;-0.0028;0.0076;12.2718;2.1943;2.9836;0.0622;-0.4383;-0.0073;2.0000;-0.4383;-0.0073;2.0000;NULL;1;-0.1025;-0.5482;0.3569;9.9777;358.2330;4.1903;-0.1013;-0.5462;0.3483;8.9095;358.6633;3.8876;1;NULL;-0.1391;-0.5747;0.2611;3.3409;8.2967;106.9952;Palm;NULL;NULL;NULL;NULL;3;2;0;1;0;0;-0.5000;0.0000;2.0000;-1.0599;-0.3132;-0.0678;45.1623;232.1818;179.1694;-1.0558;-0.3079;-0.0646;45.1625;232.1822;179.1700;0;NULL;0.0478;-0.1893;0.4098;326.4281;327.6374;354.6685;Palm;NULL;b529d3a4-b51a-4eec-b995-f74e31f7f71d;NULL;NULL;6;Embodied;3;Rotation;LineBisection;2;LineBisectionFirst;5;2;NULL;-0.5000;0.0000;2.0000;Exposure;0.0000;2026-05-21 13:21:57.2927;Hands;NULL;NULL;OpenXR
NULL;Right;NULL;NULL;Exposure;NULL;OppositeHandTrigger;1;0;0;-1;0;0;0.0000;0.0000;2.0000;NULL;Rotation;anonymous;NULL;Mole Spawned;MoleEvent;Participant;7257;62ff0559-0a9d-4756-b5f1-26da7b190742;NULL;-0.0006;-0.0028;0.0076;12.2718;2.1943;2.9836;NULL;NULL;NULL;NULL;NULL;NULL;NULL;NULL;NULL;-0.1025;-0.5482;0.3569;9.9777;358.2330;4.1903;-0.1013;-0.5462;0.3483;8.9095;358.6633;3.8876;1;NULL;-0.1391;-0.5747;0.2611;3.3409;8.2967;106.9952;Palm;NULL;NULL;NULL;NULL;1;0;0;-1;0;0;0.0000;0.0000;2.0000;-1.0599;-0.3132;-0.0678;45.1623;232.1818;179.1694;-1.0558;-0.3079;-0.0646;45.1625;232.1822;179.1700;0;NULL;0.0478;-0.1893;0.4098;326.4281;327.6374;354.6685;Palm;NULL;b529d3a4-b51a-4eec-b995-f74e31f7f71d;NULL;NULL;6;Embodied;3;Rotation;LineBisection;2;LineBisectionFirst;NULL;0;NULL;0.0000;0.0000;2.0000;Exposure;0.0000;2026-05-21 13:21:57.2942;Hands;NULL;NULL;OpenXR
NULL;Right;NULL;14;Exposure;NULL;OppositeHandTrigger;1;0;0;-1;0;0;0.0000;0.0000;2.0000;NULL;Rotation;anonymous;NULL;Pointer Shoot;PointerEvent;Participant;7375;62ff0559-0a9d-4756-b5f1-26da7b190742;NULL;0.0015;-0.0025;0.0072;12.3181;2.5179;2.7080;NULL;0.0758;-0.0399;2.0000;0.0758;-0.0399;2.0000;NULL;NULL;-0.1031;-0.5484;0.3570;9.9378;357.9534;4.2530;-0.1032;-0.5461;0.3482;9.1237;358.0375;3.7987;1;NULL;-0.1394;-0.5767;0.2618;3.0545;8.1326;107.3686;Palm;NULL;NULL;NULL;NULL;1;0;0;-1;0;0;0.0000;0.0000;2.0000;-1.0599;-0.3132;-0.0678;45.1623;232.1818;179.1694;-1.0558;-0.3079;-0.0646;45.1625;232.1822;179.1700;0;NULL;0.1141;-0.1856;0.4336;326.6827;345.3900;349.4705;Palm;NULL;b529d3a4-b51a-4eec-b995-f74e31f7f71d;NULL;NULL;6;Embodied;3;Rotation;LineBisection;2;LineBisectionFirst;6;0;NULL;0.0000;0.0000;2.0000;Exposure;0.9830;2026-05-21 13:21:58.2747;Hands;NULL;NULL;OpenXR
NULL;Right;NULL;14;Exposure;NULL;OppositeHandTrigger;1;0;0;-1;0;0;0.0000;0.0000;2.0000;NULL;Rotation;anonymous;NULL;Mole Hit;MoleEvent;Participant;7375;62ff0559-0a9d-4756-b5f1-26da7b190742;NULL;0.0015;-0.0025;0.0072;12.3181;2.5179;2.7080;0.0857;0.0758;-0.0399;2.0000;0.0758;-0.0399;2.0000;NULL;1;-0.1031;-0.5484;0.3570;9.9378;357.9534;4.2530;-0.1032;-0.5461;0.3482;9.1237;358.0375;3.7987;1;NULL;-0.1394;-0.5767;0.2618;3.0545;8.1326;107.3686;Palm;NULL;NULL;NULL;NULL;1;0;0;-1;0;0;0.0000;0.0000;2.0000;-1.0599;-0.3132;-0.0678;45.1623;232.1818;179.1694;-1.0558;-0.3079;-0.0646;45.1625;232.1822;179.1700;0;NULL;0.1141;-0.1856;0.4336;326.6827;345.3900;349.4705;Palm;NULL;b529d3a4-b51a-4eec-b995-f74e31f7f71d;NULL;NULL;6;Embodied;3;Rotation;LineBisection;2;LineBisectionFirst;6;0;NULL;0.0000;0.0000;2.0000;Exposure;0.0000;2026-05-21 13:21:58.2762;Hands;NULL;NULL;OpenXR
NULL;Right;NULL;NULL;Exposure;NULL;OppositeHandTrigger;2;1;0;0;0;0;0.5000;0.0000;2.0000;NULL;Rotation;anonymous;NULL;Mole Spawned;MoleEvent;Participant;7375;62ff0559-0a9d-4756-b5f1-26da7b190742;NULL;0.0015;-0.0025;0.0072;12.3181;2.5179;2.7080;NULL;NULL;NULL;NULL;NULL;NULL;NULL;NULL;NULL;-0.1031;-0.5484;0.3570;9.9378;357.9534;4.2530;-0.1032;-0.5461;0.3482;9.1237;358.0375;3.7987;1;NULL;-0.1394;-0.5767;0.2618;3.0545;8.1326;107.3686;Palm;NULL;NULL;NULL;NULL;2;1;0;0;0;0;0.5000;0.0000;2.0000;-1.0599;-0.3132;-0.0678;45.1623;232.1818;179.1694;-1.0558;-0.3079;-0.0646;45.1625;232.1822;179.1700;0;NULL;0.1141;-0.1856;0.4336;326.6827;345.3900;349.4705;Palm;NULL;b529d3a4-b51a-4eec-b995-f74e31f7f71d;NULL;NULL;6;Embodied;3;Rotation;LineBisection;2;LineBisectionFirst;NULL;1;NULL;0.5000;0.0000;2.0000;Exposure;0.0000;2026-05-21 13:21:58.2782;Hands;NULL;NULL;OpenXR
NULL;Right;NULL;15;Exposure;NULL;OppositeHandTrigger;2;1;0;0;0;0;0.5000;0.0000;2.0000;NULL;Rotation;anonymous;NULL;Pointer Shoot;PointerEvent;Participant;7473;62ff0559-0a9d-4756-b5f1-26da7b190742;NULL;0.0066;-0.0021;0.0064;12.1903;3.3997;2.3209;NULL;0.5406;0.0335;2.0000;0.5406;0.0335;2.0000;NULL;NULL;-0.1030;-0.5481;0.3569;10.0286;358.2450;4.1671;-0.0998;-0.5456;0.3479;9.2626;358.9618;3.3774;1;NULL;-0.1381;-0.5754;0.2619;3.9067;8.6712;107.7514;Palm;NULL;NULL;NULL;NULL;2;1;0;0;0;0;0.5000;0.0000;2.0000;-1.0599;-0.3132;-0.0678;45.1623;232.1818;179.1694;-1.0558;-0.3079;-0.0646;45.1625;232.1822;179.1700;0;NULL;0.1968;-0.1730;0.4333;322.4746;2.3584;345.4196;Palm;NULL;b529d3a4-b51a-4eec-b995-f74e31f7f71d;NULL;NULL;6;Embodied;3;Rotation;LineBisection;2;LineBisectionFirst;7;1;NULL;0.5000;0.0000;2.0000;Exposure;0.8169;2026-05-21 13:21:59.0927;Hands;NULL;NULL;OpenXR
NULL;Right;NULL;15;Exposure;NULL;OppositeHandTrigger;2;1;0;0;0;0;0.5000;0.0000;2.0000;NULL;Rotation;anonymous;NULL;Mole Hit;MoleEvent;Participant;7473;62ff0559-0a9d-4756-b5f1-26da7b190742;NULL;0.0066;-0.0021;0.0064;12.1903;3.3997;2.3209;0.0527;0.5406;0.0335;2.0000;0.5406;0.0335;2.0000;NULL;1;-0.1030;-0.5481;0.3569;10.0286;358.2450;4.1671;-0.0998;-0.5456;0.3479;9.2626;358.9618;3.3774;1;NULL;-0.1381;-0.5754;0.2619;3.9067;8.6712;107.7514;Palm;NULL;NULL;NULL;NULL;2;1;0;0;0;0;0.5000;0.0000;2.0000;-1.0599;-0.3132;-0.0678;45.1623;232.1818;179.1694;-1.0558;-0.3079;-0.0646;45.1625;232.1822;179.1700;0;NULL;0.1968;-0.1730;0.4333;322.4746;2.3584;345.4196;Palm;NULL;b529d3a4-b51a-4eec-b995-f74e31f7f71d;NULL;NULL;6;Embodied;3;Rotation;LineBisection;2;LineBisectionFirst;7;1;NULL;0.5000;0.0000;2.0000;Exposure;0.0000;2026-05-21 13:21:59.0927;Hands;NULL;NULL;OpenXR
NULL;Right;NULL;NULL;Exposure;NULL;OppositeHandTrigger;3;2;0;1;0;0;-0.5000;0.0000;2.0000;NULL;Rotation;anonymous;NULL;Mole Spawned;MoleEvent;Participant;7473;62ff0559-0a9d-4756-b5f1-26da7b190742;NULL;0.0066;-0.0021;0.0064;12.1903;3.3997;2.3209;NULL;NULL;NULL;NULL;NULL;NULL;NULL;NULL;NULL;-0.1030;-0.5481;0.3569;10.0286;358.2450;4.1671;-0.0998;-0.5456;0.3479;9.2626;358.9618;3.3774;1;NULL;-0.1381;-0.5754;0.2619;3.9067;8.6712;107.7514;Palm;NULL;NULL;NULL;NULL;3;2;0;1;0;0;-0.5000;0.0000;2.0000;-1.0599;-0.3132;-0.0678;45.1623;232.1818;179.1694;-1.0558;-0.3079;-0.0646;45.1625;232.1822;179.1700;0;NULL;0.1968;-0.1730;0.4333;322.4746;2.3584;345.4196;Palm;NULL;b529d3a4-b51a-4eec-b995-f74e31f7f71d;NULL;NULL;6;Embodied;3;Rotation;LineBisection;2;LineBisectionFirst;NULL;2;NULL;-0.5000;0.0000;2.0000;Exposure;0.0000;2026-05-21 13:21:59.0942;Hands;NULL;NULL;OpenXR
NULL;Right;NULL;16;Exposure;NULL;OppositeHandTrigger;3;2;0;1;0;0;-0.5000;0.0000;2.0000;NULL;Rotation;anonymous;NULL;Pointer Shoot;PointerEvent;Participant;7585;62ff0559-0a9d-4756-b5f1-26da7b190742;NULL;0.0000;-0.0022;0.0069;12.1465;2.3836;2.9023;NULL;-0.4634;-0.0478;2.0000;-0.4634;-0.0478;2.0000;NULL;NULL;-0.1030;-0.5481;0.3569;10.1179;358.0574;4.2652;-0.1030;-0.5464;0.3486;9.2196;358.2865;4.2530;1;NULL;-0.1395;-0.5762;0.2610;2.6814;8.3291;107.4704;Palm;NULL;NULL;NULL;NULL;3;2;0;1;0;0;-0.5000;0.0000;2.0000;-1.0599;-0.3132;-0.0678;45.1623;232.1818;179.1694;-1.0558;-0.3079;-0.0646;45.1625;232.1822;179.1700;0;NULL;0.0370;-0.1783;0.3979;325.7784;327.7699;351.6951;Palm;NULL;b529d3a4-b51a-4eec-b995-f74e31f7f71d;NULL;NULL;6;Embodied;3;Rotation;LineBisection;2;LineBisectionFirst;8;2;NULL;-0.5000;0.0000;2.0000;Exposure;0.9334;2026-05-21 13:22:00.0258;Hands;NULL;NULL;OpenXR
NULL;Right;NULL;16;Exposure;NULL;OppositeHandTrigger;3;2;0;1;0;0;-0.5000;0.0000;2.0000;NULL;Rotation;anonymous;NULL;Mole Hit;MoleEvent;Participant;7585;62ff0559-0a9d-4756-b5f1-26da7b190742;NULL;0.0000;-0.0022;0.0069;12.1465;2.3836;2.9023;0.0602;-0.4634;-0.0478;2.0000;-0.4634;-0.0478;2.0000;NULL;1;-0.1030;-0.5481;0.3569;10.1179;358.0574;4.2652;-0.1030;-0.5464;0.3486;9.2196;358.2865;4.2530;1;NULL;-0.1395;-0.5762;0.2610;2.6814;8.3291;107.4704;Palm;NULL;NULL;NULL;NULL;3;2;0;1;0;0;-0.5000;0.0000;2.0000;-1.0599;-0.3132;-0.0678;45.1623;232.1818;179.1694;-1.0558;-0.3079;-0.0646;45.1625;232.1822;179.1700;0;NULL;0.0370;-0.1783;0.3979;325.7784;327.7699;351.6951;Palm;NULL;b529d3a4-b51a-4eec-b995-f74e31f7f71d;NULL;NULL;6;Embodied;3;Rotation;LineBisection;2;LineBisectionFirst;8;2;NULL;-0.5000;0.0000;2.0000;Exposure;0.0000;2026-05-21 13:22:00.0279;Hands;NULL;NULL;OpenXR
NULL;Right;NULL;NULL;Exposure;NULL;OppositeHandTrigger;2;1;0;0;0;0;0.5000;0.0000;2.0000;NULL;Rotation;anonymous;NULL;Mole Spawned;MoleEvent;Participant;7585;62ff0559-0a9d-4756-b5f1-26da7b190742;NULL;0.0000;-0.0022;0.0069;12.1465;2.3836;2.9023;NULL;NULL;NULL;NULL;NULL;NULL;NULL;NULL;NULL;-0.1030;-0.5481;0.3569;10.1179;358.0574;4.2652;-0.1030;-0.5464;0.3486;9.2196;358.2865;4.2530;1;NULL;-0.1395;-0.5762;0.2610;2.6814;8.3291;107.4704;Palm;NULL;NULL;NULL;NULL;2;1;0;0;0;0;0.5000;0.0000;2.0000;-1.0599;-0.3132;-0.0678;45.1623;232.1818;179.1694;-1.0558;-0.3079;-0.0646;45.1625;232.1822;179.1700;0;NULL;0.0370;-0.1783;0.3979;325.7784;327.7699;351.6951;Palm;NULL;b529d3a4-b51a-4eec-b995-f74e31f7f71d;NULL;NULL;6;Embodied;3;Rotation;LineBisection;2;LineBisectionFirst;NULL;1;NULL;0.5000;0.0000;2.0000;Exposure;0.0000;2026-05-21 13:22:00.0284;Hands;NULL;NULL;OpenXR
NULL;Right;NULL;17;Exposure;NULL;OppositeHandTrigger;2;1;0;0;0;0;0.5000;0.0000;2.0000;NULL;Rotation;anonymous;NULL;Pointer Shoot;PointerEvent;Participant;7698;62ff0559-0a9d-4756-b5f1-26da7b190742;NULL;0.0041;-0.0017;0.0056;12.0224;3.0023;2.4073;NULL;0.5088;0.0203;2.0000;0.5088;0.0203;2.0000;NULL;NULL;-0.1033;-0.5482;0.3571;9.9799;357.9986;4.3841;-0.1033;-0.5443;0.3481;8.5995;358.0395;3.7208;1;NULL;-0.1380;-0.5753;0.2623;2.8096;8.3497;106.1337;Palm;NULL;NULL;NULL;NULL;2;1;0;0;0;0;0.5000;0.0000;2.0000;-1.0599;-0.3132;-0.0678;45.1623;232.1818;179.1694;-1.0558;-0.3079;-0.0646;45.1625;232.1822;179.1700;0;NULL;0.1869;-0.1611;0.4334;323.1964;3.3140;342.4550;Palm;NULL;b529d3a4-b51a-4eec-b995-f74e31f7f71d;NULL;NULL;6;Embodied;3;Rotation;LineBisection;2;LineBisectionFirst;9;1;NULL;0.5000;0.0000;2.0000;Exposure;0.9493;2026-05-21 13:22:00.9746;Hands;NULL;NULL;OpenXR
NULL;Right;NULL;17;Exposure;NULL;OppositeHandTrigger;2;1;0;0;0;0;0.5000;0.0000;2.0000;NULL;Rotation;anonymous;NULL;Mole Hit;MoleEvent;Participant;7698;62ff0559-0a9d-4756-b5f1-26da7b190742;NULL;0.0041;-0.0017;0.0056;12.0224;3.0023;2.4073;0.0221;0.5088;0.0203;2.0000;0.5088;0.0203;2.0000;NULL;1;-0.1033;-0.5482;0.3571;9.9799;357.9986;4.3841;-0.1033;-0.5443;0.3481;8.5995;358.0395;3.7208;1;NULL;-0.1380;-0.5753;0.2623;2.8096;8.3497;106.1337;Palm;NULL;NULL;NULL;NULL;2;1;0;0;0;0;0.5000;0.0000;2.0000;-1.0599;-0.3132;-0.0678;45.1623;232.1818;179.1694;-1.0558;-0.3079;-0.0646;45.1625;232.1822;179.1700;0;NULL;0.1869;-0.1611;0.4334;323.1964;3.3140;342.4550;Palm;NULL;b529d3a4-b51a-4eec-b995-f74e31f7f71d;NULL;NULL;6;Embodied;3;Rotation;LineBisection;2;LineBisectionFirst;9;1;NULL;0.5000;0.0000;2.0000;Exposure;0.0000;2026-05-21 13:22:00.9761;Hands;NULL;NULL;OpenXR
NULL;Right;NULL;NULL;Exposure;NULL;OppositeHandTrigger;3;2;0;1;0;0;-0.5000;0.0000;2.0000;NULL;Rotation;anonymous;NULL;Mole Spawned;MoleEvent;Participant;7698;62ff0559-0a9d-4756-b5f1-26da7b190742;NULL;0.0041;-0.0017;0.0056;12.0224;3.0023;2.4073;NULL;NULL;NULL;NULL;NULL;NULL;NULL;NULL;NULL;-0.1033;-0.5482;0.3571;9.9799;357.9986;4.3841;-0.1033;-0.5443;0.3481;8.5995;358.0395;3.7208;1;NULL;-0.1380;-0.5753;0.2623;2.8096;8.3497;106.1337;Palm;NULL;NULL;NULL;NULL;3;2;0;1;0;0;-0.5000;0.0000;2.0000;-1.0599;-0.3132;-0.0678;45.1623;232.1818;179.1694;-1.0558;-0.3079;-0.0646;45.1625;232.1822;179.1700;0;NULL;0.1869;-0.1611;0.4334;323.1964;3.3140;342.4550;Palm;NULL;b529d3a4-b51a-4eec-b995-f74e31f7f71d;NULL;NULL;6;Embodied;3;Rotation;LineBisection;2;LineBisectionFirst;NULL;2;NULL;-0.5000;0.0000;2.0000;Exposure;0.0000;2026-05-21 13:22:00.9777;Hands;NULL;NULL;OpenXR
NULL;Right;NULL;18;Exposure;NULL;OppositeHandTrigger;3;2;0;1;0;0;-0.5000;0.0000;2.0000;NULL;Rotation;anonymous;NULL;Pointer Shoot;PointerEvent;Participant;7813;62ff0559-0a9d-4756-b5f1-26da7b190742;NULL;-0.0008;-0.0015;0.0056;11.9859;2.2936;2.8954;NULL;-0.4522;-0.0596;2.0000;-0.4522;-0.0596;2.0000;NULL;NULL;-0.1038;-0.5471;0.3567;9.9950;357.8820;4.4259;-0.1022;-0.5440;0.3465;8.4725;358.0167;4.0350;1;NULL;-0.1398;-0.5745;0.2606;4.0479;8.0098;108.6385;Palm;NULL;NULL;NULL;NULL;3;2;0;1;0;0;-0.5000;0.0000;2.0000;-1.0599;-0.3132;-0.0678;45.1623;232.1818;179.1694;-1.0558;-0.3079;-0.0646;45.1625;232.1822;179.1700;0;NULL;0.0412;-0.1754;0.3976;324.3464;328.5190;349.8771;Palm;NULL;b529d3a4-b51a-4eec-b995-f74e31f7f71d;NULL;NULL;6;Embodied;3;Rotation;LineBisection;2;LineBisectionFirst;10;2;NULL;-0.5000;0.0000;2.0000;Exposure;0.9581;2026-05-21 13:22:01.9321;Hands;NULL;NULL;OpenXR
NULL;Right;NULL;18;Exposure;NULL;OppositeHandTrigger;3;2;0;1;0;0;-0.5000;0.0000;2.0000;NULL;Rotation;anonymous;NULL;Mole Hit;MoleEvent;Participant;7813;62ff0559-0a9d-4756-b5f1-26da7b190742;NULL;-0.0008;-0.0015;0.0056;11.9859;2.2936;2.8954;0.0764;-0.4522;-0.0596;2.0000;-0.4522;-0.0596;2.0000;NULL;1;-0.1038;-0.5471;0.3567;9.9950;357.8820;4.4259;-0.1022;-0.5440;0.3465;8.4725;358.0167;4.0350;1;NULL;-0.1398;-0.5745;0.2606;4.0479;8.0098;108.6385;Palm;NULL;NULL;NULL;NULL;3;2;0;1;0;0;-0.5000;0.0000;2.0000;-1.0599;-0.3132;-0.0678;45.1623;232.1818;179.1694;-1.0558;-0.3079;-0.0646;45.1625;232.1822;179.1700;0;NULL;0.0412;-0.1754;0.3976;324.3464;328.5190;349.8771;Palm;NULL;b529d3a4-b51a-4eec-b995-f74e31f7f71d;NULL;NULL;6;Embodied;3;Rotation;LineBisection;2;LineBisectionFirst;10;2;NULL;-0.5000;0.0000;2.0000;Exposure;0.0000;2026-05-21 13:22:01.9347;Hands;NULL;NULL;OpenXR
NULL;Right;NULL;NULL;Exposure;NULL;OppositeHandTrigger;1;0;0;-1;0;0;0.0000;0.0000;2.0000;NULL;Rotation;anonymous;NULL;Mole Spawned;MoleEvent;Participant;7813;62ff0559-0a9d-4756-b5f1-26da7b190742;NULL;-0.0008;-0.0015;0.0056;11.9859;2.2936;2.8954;NULL;NULL;NULL;NULL;NULL;NULL;NULL;NULL;NULL;-0.1038;-0.5471;0.3567;9.9950;357.8820;4.4259;-0.1022;-0.5440;0.3465;8.4725;358.0167;4.0350;1;NULL;-0.1398;-0.5745;0.2606;4.0479;8.0098;108.6385;Palm;NULL;NULL;NULL;NULL;1;0;0;-1;0;0;0.0000;0.0000;2.0000;-1.0599;-0.3132;-0.0678;45.1623;232.1818;179.1694;-1.0558;-0.3079;-0.0646;45.1625;232.1822;179.1700;0;NULL;0.0412;-0.1754;0.3976;324.3464;328.5190;349.8771;Palm;NULL;b529d3a4-b51a-4eec-b995-f74e31f7f71d;NULL;NULL;6;Embodied;3;Rotation;LineBisection;2;LineBisectionFirst;NULL;0;NULL;0.0000;0.0000;2.0000;Exposure;0.0000;2026-05-21 13:22:01.9347;Hands;NULL;NULL;OpenXR
NULL;Right;NULL;19;Exposure;NULL;OppositeHandTrigger;1;0;0;-1;0;0;0.0000;0.0000;2.0000;NULL;Rotation;anonymous;NULL;Pointer Shoot;PointerEvent;Participant;7919;62ff0559-0a9d-4756-b5f1-26da7b190742;NULL;0.0017;-0.0015;0.0055;11.9810;2.6679;2.6510;NULL;0.0775;0.0852;2.0000;0.0775;0.0852;2.0000;NULL;NULL;-0.1044;-0.5486;0.3577;10.2114;357.5146;4.5150;-0.1050;-0.5482;0.3499;9.8596;357.8463;4.2652;1;NULL;-0.1389;-0.5756;0.2618;3.0237;8.0334;106.9973;Palm;NULL;NULL;NULL;NULL;1;0;0;-1;0;0;0.0000;0.0000;2.0000;-1.0599;-0.3132;-0.0678;45.1623;232.1818;179.1694;-1.0558;-0.3079;-0.0646;45.1625;232.1822;179.1700;0;NULL;0.1276;-0.1583;0.4268;320.1595;347.6556;342.8993;Palm;NULL;b529d3a4-b51a-4eec-b995-f74e31f7f71d;NULL;NULL;6;Embodied;3;Rotation;LineBisection;2;LineBisectionFirst;11;0;NULL;0.0000;0.0000;2.0000;Exposure;0.8830;2026-05-21 13:22:02.8160;Hands;NULL;NULL;OpenXR
NULL;Right;NULL;19;Exposure;NULL;OppositeHandTrigger;1;0;0;-1;0;0;0.0000;0.0000;2.0000;NULL;Rotation;anonymous;NULL;Mole Missed;PointerEvent;Participant;7919;62ff0559-0a9d-4756-b5f1-26da7b190742;NULL;0.0017;-0.0015;0.0055;11.9810;2.6679;2.6510;0.1152;0.0775;0.0852;2.0000;0.0775;0.0852;2.0000;NULL;0;-0.1044;-0.5486;0.3577;10.2114;357.5146;4.5150;-0.1050;-0.5482;0.3499;9.8596;357.8463;4.2652;1;NULL;-0.1389;-0.5756;0.2618;3.0237;8.0334;106.9973;Palm;NULL;NULL;NULL;NULL;1;0;0;-1;0;0;0.0000;0.0000;2.0000;-1.0599;-0.3132;-0.0678;45.1623;232.1818;179.1694;-1.0558;-0.3079;-0.0646;45.1625;232.1822;179.1700;0;NULL;0.1276;-0.1583;0.4268;320.1595;347.6556;342.8993;Palm;NULL;b529d3a4-b51a-4eec-b995-f74e31f7f71d;NULL;NULL;6;Embodied;3;Rotation;LineBisection;2;LineBisectionFirst;11;0;NULL;0.0000;0.0000;2.0000;Exposure;0.0000;2026-05-21 13:22:02.8175;Hands;NULL;NULL;OpenXR
NULL;Right;NULL;NULL;Exposure;NULL;OppositeHandTrigger;2;1;0;0;0;0;0.5000;0.0000;2.0000;NULL;Rotation;anonymous;NULL;Mole Spawned;MoleEvent;Participant;7919;62ff0559-0a9d-4756-b5f1-26da7b190742;NULL;0.0017;-0.0015;0.0055;11.9810;2.6679;2.6510;NULL;NULL;NULL;NULL;NULL;NULL;NULL;NULL;NULL;-0.1044;-0.5486;0.3577;10.2114;357.5146;4.5150;-0.1050;-0.5482;0.3499;9.8596;357.8463;4.2652;1;NULL;-0.1389;-0.5756;0.2618;3.0237;8.0334;106.9973;Palm;NULL;NULL;NULL;NULL;2;1;0;0;0;0;0.5000;0.0000;2.0000;-1.0599;-0.3132;-0.0678;45.1623;232.1818;179.1694;-1.0558;-0.3079;-0.0646;45.1625;232.1822;179.1700;0;NULL;0.1276;-0.1583;0.4268;320.1595;347.6556;342.8993;Palm;NULL;b529d3a4-b51a-4eec-b995-f74e31f7f71d;NULL;NULL;6;Embodied;3;Rotation;LineBisection;2;LineBisectionFirst;NULL;1;NULL;0.5000;0.0000;2.0000;Exposure;0.0000;2026-05-21 13:22:02.8185;Hands;NULL;NULL;OpenXR
NULL;Right;NULL;20;Exposure;NULL;OppositeHandTrigger;2;1;0;0;0;0;0.5000;0.0000;2.0000;NULL;Rotation;anonymous;NULL;Pointer Shoot;PointerEvent;Participant;8023;62ff0559-0a9d-4756-b5f1-26da7b190742;NULL;0.0068;-0.0017;0.0059;12.0840;3.3688;2.2442;NULL;0.5868;-0.0941;2.0000;0.5868;-0.0941;2.0000;NULL;NULL;-0.1043;-0.5486;0.3576;10.1881;357.7373;4.3381;-0.1019;-0.5457;0.3485;9.4926;358.5349;4.0386;1;NULL;-0.1383;-0.5749;0.2614;4.0527;8.4471;108.5433;Palm;NULL;NULL;NULL;NULL;2;1;0;0;0;0;0.5000;0.0000;2.0000;-1.0599;-0.3132;-0.0678;45.1623;232.1818;179.1694;-1.0558;-0.3079;-0.0646;45.1625;232.1822;179.1700;0;NULL;0.2155;-0.1667;0.4326;323.9895;5.8342;339.3742;Palm;NULL;b529d3a4-b51a-4eec-b995-f74e31f7f71d;NULL;NULL;6;Embodied;3;Rotation;LineBisection;2;LineBisectionFirst;11;1;NULL;0.5000;0.0000;2.0000;Exposure;0.8664;2026-05-21 13:22:03.6829;Hands;NULL;NULL;OpenXR
NULL;Right;NULL;20;Exposure;NULL;OppositeHandTrigger;2;1;0;0;0;0;0.5000;0.0000;2.0000;NULL;Rotation;anonymous;NULL;Mole Missed;PointerEvent;Participant;8023;62ff0559-0a9d-4756-b5f1-26da7b190742;NULL;0.0068;-0.0017;0.0059;12.0840;3.3688;2.2442;0.1280;0.5868;-0.0941;2.0000;0.5868;-0.0941;2.0000;NULL;0;-0.1043;-0.5486;0.3576;10.1881;357.7373;4.3381;-0.1019;-0.5457;0.3485;9.4926;358.5349;4.0386;1;NULL;-0.1383;-0.5749;0.2614;4.0527;8.4471;108.5433;Palm;NULL;NULL;NULL;NULL;2;1;0;0;0;0;0.5000;0.0000;2.0000;-1.0599;-0.3132;-0.0678;45.1623;232.1818;179.1694;-1.0558;-0.3079;-0.0646;45.1625;232.1822;179.1700;0;NULL;0.2155;-0.1667;0.4326;323.9895;5.8342;339.3742;Palm;NULL;b529d3a4-b51a-4eec-b995-f74e31f7f71d;NULL;NULL;6;Embodied;3;Rotation;LineBisection;2;LineBisectionFirst;11;1;NULL;0.5000;0.0000;2.0000;Exposure;0.0000;2026-05-21 13:22:03.6839;Hands;NULL;NULL;OpenXR
NULL;Right;NULL;NULL;Exposure;NULL;OppositeHandTrigger;1;0;0;-1;0;0;0.0000;0.0000;2.0000;NULL;Rotation;anonymous;NULL;Mole Spawned;MoleEvent;Participant;8023;62ff0559-0a9d-4756-b5f1-26da7b190742;NULL;0.0068;-0.0017;0.0059;12.0840;3.3688;2.2442;NULL;NULL;NULL;NULL;NULL;NULL;NULL;NULL;NULL;-0.1043;-0.5486;0.3576;10.1881;357.7373;4.3381;-0.1019;-0.5457;0.3485;9.4926;358.5349;4.0386;1;NULL;-0.1383;-0.5749;0.2614;4.0527;8.4471;108.5433;Palm;NULL;NULL;NULL;NULL;1;0;0;-1;0;0;0.0000;0.0000;2.0000;-1.0599;-0.3132;-0.0678;45.1623;232.1818;179.1694;-1.0558;-0.3079;-0.0646;45.1625;232.1822;179.1700;0;NULL;0.2155;-0.1667;0.4326;323.9895;5.8342;339.3742;Palm;NULL;b529d3a4-b51a-4eec-b995-f74e31f7f71d;NULL;NULL;6;Embodied;3;Rotation;LineBisection;2;LineBisectionFirst;NULL;0;NULL;0.0000;0.0000;2.0000;Exposure;0.0000;2026-05-21 13:22:03.6844;Hands;NULL;NULL;OpenXR
NULL;Right;NULL;21;Exposure;NULL;OppositeHandTrigger;1;0;0;-1;0;0;0.0000;0.0000;2.0000;NULL;Rotation;anonymous;NULL;Pointer Shoot;PointerEvent;Participant;8128;62ff0559-0a9d-4756-b5f1-26da7b190742;NULL;-0.0008;-0.0014;0.0058;11.9844;2.4824;2.8075;NULL;-0.1021;0.0526;2.0000;-0.1021;0.0526;2.0000;NULL;NULL;-0.1046;-0.5482;0.3572;10.3899;357.5777;4.5943;-0.1045;-0.5454;0.3485;9.8873;357.9767;4.6205;1;NULL;-0.1394;-0.5750;0.2612;3.3921;8.9833;108.3398;Palm;NULL;NULL;NULL;NULL;1;0;0;-1;0;0;0.0000;0.0000;2.0000;-1.0599;-0.3132;-0.0678;45.1623;232.1818;179.1694;-1.0558;-0.3079;-0.0646;45.1625;232.1822;179.1700;0;NULL;0.1027;-0.1535;0.4247;319.1421;342.5881;345.4860;Palm;NULL;b529d3a4-b51a-4eec-b995-f74e31f7f71d;NULL;NULL;6;Embodied;3;Rotation;LineBisection;2;LineBisectionFirst;11;0;NULL;0.0000;0.0000;2.0000;Exposure;0.8749;2026-05-21 13:22:04.5575;Hands;NULL;NULL;OpenXR
NULL;Right;NULL;21;Exposure;NULL;OppositeHandTrigger;1;0;0;-1;0;0;0.0000;0.0000;2.0000;NULL;Rotation;anonymous;NULL;Mole Missed;PointerEvent;Participant;8128;62ff0559-0a9d-4756-b5f1-26da7b190742;NULL;-0.0008;-0.0014;0.0058;11.9844;2.4824;2.8075;0.1149;-0.1021;0.0526;2.0000;-0.1021;0.0526;2.0000;NULL;0;-0.1046;-0.5482;0.3572;10.3899;357.5777;4.5943;-0.1045;-0.5454;0.3485;9.8873;357.9767;4.6205;1;NULL;-0.1394;-0.5750;0.2612;3.3921;8.9833;108.3398;Palm;NULL;NULL;NULL;NULL;1;0;0;-1;0;0;0.0000;0.0000;2.0000;-1.0599;-0.3132;-0.0678;45.1623;232.1818;179.1694;-1.0558;-0.3079;-0.0646;45.1625;232.1822;179.1700;0;NULL;0.1027;-0.1535;0.4247;319.1421;342.5881;345.4860;Palm;NULL;b529d3a4-b51a-4eec-b995-f74e31f7f71d;NULL;NULL;6;Embodied;3;Rotation;LineBisection;2;LineBisectionFirst;11;0;NULL;0.0000;0.0000;2.0000;Exposure;0.0000;2026-05-21 13:22:04.5590;Hands;NULL;NULL;OpenXR
NULL;Right;NULL;NULL;Exposure;NULL;OppositeHandTrigger;3;2;0;1;0;0;-0.5000;0.0000;2.0000;NULL;Rotation;anonymous;NULL;Mole Spawned;MoleEvent;Participant;8128;62ff0559-0a9d-4756-b5f1-26da7b190742;NULL;-0.0008;-0.0014;0.0058;11.9844;2.4824;2.8075;NULL;NULL;NULL;NULL;NULL;NULL;NULL;NULL;NULL;-0.1046;-0.5482;0.3572;10.3899;357.5777;4.5943;-0.1045;-0.5454;0.3485;9.8873;357.9767;4.6205;1;NULL;-0.1394;-0.5750;0.2612;3.3921;8.9833;108.3398;Palm;NULL;NULL;NULL;NULL;3;2;0;1;0;0;-0.5000;0.0000;2.0000;-1.0599;-0.3132;-0.0678;45.1623;232.1818;179.1694;-1.0558;-0.3079;-0.0646;45.1625;232.1822;179.1700;0;NULL;0.1027;-0.1535;0.4247;319.1421;342.5881;345.4860;Palm;NULL;b529d3a4-b51a-4eec-b995-f74e31f7f71d;NULL;NULL;6;Embodied;3;Rotation;LineBisection;2;LineBisectionFirst;NULL;2;NULL;-0.5000;0.0000;2.0000;Exposure;0.0000;2026-05-21 13:22:04.5605;Hands;NULL;NULL;OpenXR
NULL;Right;NULL;22;Exposure;NULL;OppositeHandTrigger;3;2;0;1;0;0;-0.5000;0.0000;2.0000;NULL;Rotation;anonymous;NULL;Pointer Shoot;PointerEvent;Participant;8224;62ff0559-0a9d-4756-b5f1-26da7b190742;NULL;-0.0018;-0.0015;0.0057;12.0235;2.2095;2.8229;NULL;-0.3733;-0.0822;2.0000;-0.3733;-0.0822;2.0000;NULL;NULL;-0.1050;-0.5477;0.3570;10.3492;357.5059;4.8068;-0.1049;-0.5454;0.3489;9.7944;357.9880;4.7885;1;NULL;-0.1403;-0.5759;0.2612;3.8678;8.2602;108.6185;Palm;NULL;NULL;NULL;NULL;3;2;0;1;0;0;-0.5000;0.0000;2.0000;-1.0599;-0.3132;-0.0678;45.1623;232.1818;179.1694;-1.0558;-0.3079;-0.0646;45.1625;232.1822;179.1700;0;NULL;0.0516;-0.1730;0.4040;325.1593;330.4510;349.7221;Palm;NULL;b529d3a4-b51a-4eec-b995-f74e31f7f71d;NULL;NULL;6;Embodied;3;Rotation;LineBisection;2;LineBisectionFirst;11;2;NULL;-0.5000;0.0000;2.0000;Exposure;0.7998;2026-05-21 13:22:05.3565;Hands;NULL;NULL;OpenXR
NULL;Right;NULL;22;Exposure;NULL;OppositeHandTrigger;3;2;0;1;0;0;-0.5000;0.0000;2.0000;NULL;Rotation;anonymous;NULL;Mole Missed;PointerEvent;Participant;8224;62ff0559-0a9d-4756-b5f1-26da7b190742;NULL;-0.0018;-0.0015;0.0057;12.0235;2.2095;2.8229;0.1510;-0.3733;-0.0822;2.0000;-0.3733;-0.0822;2.0000;NULL;0;-0.1050;-0.5477;0.3570;10.3492;357.5059;4.8068;-0.1049;-0.5454;0.3489;9.7944;357.9880;4.7885;1;NULL;-0.1403;-0.5759;0.2612;3.8678;8.2602;108.6185;Palm;NULL;NULL;NULL;NULL;3;2;0;1;0;0;-0.5000;0.0000;2.0000;-1.0599;-0.3132;-0.0678;45.1623;232.1818;179.1694;-1.0558;-0.3079;-0.0646;45.1625;232.1822;179.1700;0;NULL;0.0516;-0.1730;0.4040;325.1593;330.4510;349.7221;Palm;NULL;b529d3a4-b51a-4eec-b995-f74e31f7f71d;NULL;NULL;6;Embodied;3;Rotation;LineBisection;2;LineBisectionFirst;11;2;NULL;-0.5000;0.0000;2.0000;Exposure;0.0000;2026-05-21 13:22:05.3580;Hands;NULL;NULL;OpenXR
NULL;Right;NULL;NULL;Exposure;NULL;OppositeHandTrigger;2;1;0;0;0;0;0.5000;0.0000;2.0000;NULL;Rotation;anonymous;NULL;Mole Spawned;MoleEvent;Participant;8224;62ff0559-0a9d-4756-b5f1-26da7b190742;NULL;-0.0018;-0.0015;0.0057;12.0235;2.2095;2.8229;NULL;NULL;NULL;NULL;NULL;NULL;NULL;NULL;NULL;-0.1050;-0.5477;0.3570;10.3492;357.5059;4.8068;-0.1049;-0.5454;0.3489;9.7944;357.9880;4.7885;1;NULL;-0.1403;-0.5759;0.2612;3.8678;8.2602;108.6185;Palm;NULL;NULL;NULL;NULL;2;1;0;0;0;0;0.5000;0.0000;2.0000;-1.0599;-0.3132;-0.0678;45.1623;232.1818;179.1694;-1.0558;-0.3079;-0.0646;45.1625;232.1822;179.1700;0;NULL;0.0516;-0.1730;0.4040;325.1593;330.4510;349.7221;Palm;NULL;b529d3a4-b51a-4eec-b995-f74e31f7f71d;NULL;NULL;6;Embodied;3;Rotation;LineBisection;2;LineBisectionFirst;NULL;1;NULL;0.5000;0.0000;2.0000;Exposure;0.0000;2026-05-21 13:22:05.3595;Hands;NULL;NULL;OpenXR
NULL;Right;NULL;23;Exposure;NULL;OppositeHandTrigger;2;1;0;0;0;0;0.5000;0.0000;2.0000;NULL;Rotation;anonymous;NULL;Pointer Shoot;PointerEvent;Participant;8333;62ff0559-0a9d-4756-b5f1-26da7b190742;NULL;0.0032;-0.0016;0.0057;12.0882;2.9930;2.4171;NULL;0.4905;0.0664;2.0000;0.4905;0.0664;2.0000;NULL;NULL;-0.1056;-0.5479;0.3571;10.2763;357.5507;5.0754;-0.1040;-0.5454;0.3485;9.2986;358.4827;4.7607;1;NULL;-0.1393;-0.5778;0.2623;4.2669;8.4271;109.5001;Palm;NULL;NULL;NULL;NULL;2;1;0;0;0;0;0.5000;0.0000;2.0000;-1.0599;-0.3132;-0.0678;45.1623;232.1818;179.1694;-1.0558;-0.3079;-0.0646;45.1625;232.1822;179.1700;0;NULL;0.1974;-0.1560;0.4326;322.1459;3.5449;340.3824;Palm;NULL;b529d3a4-b51a-4eec-b995-f74e31f7f71d;NULL;NULL;6;Embodied;3;Rotation;LineBisection;2;LineBisectionFirst;11;1;NULL;0.5000;0.0000;2.0000;Exposure;0.9082;2026-05-21 13:22:06.2659;Hands;NULL;NULL;OpenXR
NULL;Right;NULL;23;Exposure;NULL;OppositeHandTrigger;2;1;0;0;0;0;0.5000;0.0000;2.0000;NULL;Rotation;anonymous;NULL;Mole Hit;MoleEvent;Participant;8333;62ff0559-0a9d-4756-b5f1-26da7b190742;NULL;0.0032;-0.0016;0.0057;12.0882;2.9930;2.4171;0.0671;0.4905;0.0664;2.0000;0.4905;0.0664;2.0000;NULL;1;-0.1056;-0.5479;0.3571;10.2763;357.5507;5.0754;-0.1040;-0.5454;0.3485;9.2986;358.4827;4.7607;1;NULL;-0.1393;-0.5778;0.2623;4.2669;8.4271;109.5001;Palm;NULL;NULL;NULL;NULL;2;1;0;0;0;0;0.5000;0.0000;2.0000;-1.0599;-0.3132;-0.0678;45.1623;232.1818;179.1694;-1.0558;-0.3079;-0.0646;45.1625;232.1822;179.1700;0;NULL;0.1974;-0.1560;0.4326;322.1459;3.5449;340.3824;Palm;NULL;b529d3a4-b51a-4eec-b995-f74e31f7f71d;NULL;NULL;6;Embodied;3;Rotation;LineBisection;2;LineBisectionFirst;11;1;NULL;0.5000;0.0000;2.0000;Exposure;0.0000;2026-05-21 13:22:06.2674;Hands;NULL;NULL;OpenXR
NULL;Right;NULL;NULL;Exposure;NULL;OppositeHandTrigger;3;2;0;1;0;0;-0.5000;0.0000;2.0000;NULL;Rotation;anonymous;NULL;Mole Spawned;MoleEvent;Participant;8333;62ff0559-0a9d-4756-b5f1-26da7b190742;NULL;0.0032;-0.0016;0.0057;12.0882;2.9930;2.4171;NULL;NULL;NULL;NULL;NULL;NULL;NULL;NULL;NULL;-0.1056;-0.5479;0.3571;10.2763;357.5507;5.0754;-0.1040;-0.5454;0.3485;9.2986;358.4827;4.7607;1;NULL;-0.1393;-0.5778;0.2623;4.2669;8.4271;109.5001;Palm;NULL;NULL;NULL;NULL;3;2;0;1;0;0;-0.5000;0.0000;2.0000;-1.0599;-0.3132;-0.0678;45.1623;232.1818;179.1694;-1.0558;-0.3079;-0.0646;45.1625;232.1822;179.1700;0;NULL;0.1974;-0.1560;0.4326;322.1459;3.5449;340.3824;Palm;NULL;b529d3a4-b51a-4eec-b995-f74e31f7f71d;NULL;NULL;6;Embodied;3;Rotation;LineBisection;2;LineBisectionFirst;NULL;2;NULL;-0.5000;0.0000;2.0000;Exposure;0.0000;2026-05-21 13:22:06.2690;Hands;NULL;NULL;OpenXR
NULL;Right;NULL;24;Exposure;NULL;OppositeHandTrigger;3;2;0;1;0;0;-0.5000;0.0000;2.0000;NULL;Rotation;anonymous;NULL;Pointer Shoot;PointerEvent;Participant;8450;62ff0559-0a9d-4756-b5f1-26da7b190742;NULL;-0.0004;-0.0012;0.0050;11.9396;2.4021;2.6116;NULL;-0.5113;-0.0283;2.0000;-0.5113;-0.0283;2.0000;NULL;NULL;-0.1058;-0.5478;0.3570;10.3514;357.4269;5.0007;-0.1051;-0.5449;0.3481;9.3668;358.1979;4.8604;1;NULL;-0.1404;-0.5773;0.2617;3.6763;8.8861;109.5965;Palm;NULL;NULL;NULL;NULL;3;2;0;1;0;0;-0.5000;0.0000;2.0000;-1.0599;-0.3132;-0.0678;45.1623;232.1818;179.1694;-1.0558;-0.3079;-0.0646;45.1625;232.1822;179.1700;0;NULL;0.0538;-0.1610;0.3871;323.2263;327.7274;349.7130;Palm;NULL;b529d3a4-b51a-4eec-b995-f74e31f7f71d;NULL;NULL;6;Embodied;3;Rotation;LineBisection;2;LineBisectionFirst;12;2;NULL;-0.5000;0.0000;2.0000;Exposure;0.9745;2026-05-21 13:22:07.2399;Hands;NULL;NULL;OpenXR
NULL;Right;NULL;24;Exposure;NULL;OppositeHandTrigger;3;2;0;1;0;0;-0.5000;0.0000;2.0000;NULL;Rotation;anonymous;NULL;Mole Hit;MoleEvent;Participant;8450;62ff0559-0a9d-4756-b5f1-26da7b190742;NULL;-0.0004;-0.0012;0.0050;11.9396;2.4021;2.6116;0.0305;-0.5113;-0.0283;2.0000;-0.5113;-0.0283;2.0000;NULL;1;-0.1058;-0.5478;0.3570;10.3514;357.4269;5.0007;-0.1051;-0.5449;0.3481;9.3668;358.1979;4.8604;1;NULL;-0.1404;-0.5773;0.2617;3.6763;8.8861;109.5965;Palm;NULL;NULL;NULL;NULL;3;2;0;1;0;0;-0.5000;0.0000;2.0000;-1.0599;-0.3132;-0.0678;45.1623;232.1818;179.1694;-1.0558;-0.3079;-0.0646;45.1625;232.1822;179.1700;0;NULL;0.0538;-0.1610;0.3871;323.2263;327.7274;349.7130;Palm;NULL;b529d3a4-b51a-4eec-b995-f74e31f7f71d;NULL;NULL;6;Embodied;3;Rotation;LineBisection;2;LineBisectionFirst;12;2;NULL;-0.5000;0.0000;2.0000;Exposure;0.0000;2026-05-21 13:22:07.2414;Hands;NULL;NULL;OpenXR
NULL;Right;NULL;NULL;Exposure;NULL;OppositeHandTrigger;2;1;0;0;0;0;0.5000;0.0000;2.0000;NULL;Rotation;anonymous;NULL;Mole Spawned;MoleEvent;Participant;8450;62ff0559-0a9d-4756-b5f1-26da7b190742;NULL;-0.0004;-0.0012;0.0050;11.9396;2.4021;2.6116;NULL;NULL;NULL;NULL;NULL;NULL;NULL;NULL;NULL;-0.1058;-0.5478;0.3570;10.3514;357.4269;5.0007;-0.1051;-0.5449;0.3481;9.3668;358.1979;4.8604;1;NULL;-0.1404;-0.5773;0.2617;3.6763;8.8861;109.5965;Palm;NULL;NULL;NULL;NULL;2;1;0;0;0;0;0.5000;0.0000;2.0000;-1.0599;-0.3132;-0.0678;45.1623;232.1818;179.1694;-1.0558;-0.3079;-0.0646;45.1625;232.1822;179.1700;0;NULL;0.0538;-0.1610;0.3871;323.2263;327.7274;349.7130;Palm;NULL;b529d3a4-b51a-4eec-b995-f74e31f7f71d;NULL;NULL;6;Embodied;3;Rotation;LineBisection;2;LineBisectionFirst;NULL;1;NULL;0.5000;0.0000;2.0000;Exposure;0.0000;2026-05-21 13:22:07.2424;Hands;NULL;NULL;OpenXR
NULL;Right;NULL;25;Exposure;NULL;OppositeHandTrigger;2;1;0;0;0;0;0.5000;0.0000;2.0000;NULL;Rotation;anonymous;NULL;Pointer Shoot;PointerEvent;Participant;8555;62ff0559-0a9d-4756-b5f1-26da7b190742;NULL;0.0042;-0.0010;0.0048;11.9091;2.9700;2.1487;NULL;0.3892;0.0043;2.0000;0.3892;0.0043;2.0000;NULL;NULL;-0.1060;-0.5480;0.3571;10.3743;357.3867;4.9083;-0.1047;-0.5456;0.3487;9.5386;358.0937;4.3095;1;NULL;-0.1393;-0.5774;0.2627;2.8999;8.7005;108.9971;Palm;NULL;NULL;NULL;NULL;2;1;0;0;0;0;0.5000;0.0000;2.0000;-1.0599;-0.3132;-0.0678;45.1623;232.1818;179.1694;-1.0558;-0.3079;-0.0646;45.1625;232.1822;179.1700;0;NULL;0.1961;-0.1515;0.4331;321.8132;359.3109;341.3447;Palm;NULL;b529d3a4-b51a-4eec-b995-f74e31f7f71d;NULL;NULL;6;Embodied;3;Rotation;LineBisection;2;LineBisectionFirst;13;1;NULL;0.5000;0.0000;2.0000;Exposure;0.8748;2026-05-21 13:22:08.1149;Hands;NULL;NULL;OpenXR
NULL;Right;NULL;25;Exposure;NULL;OppositeHandTrigger;2;1;0;0;0;0;0.5000;0.0000;2.0000;NULL;Rotation;anonymous;NULL;Mole Missed;PointerEvent;Participant;8555;62ff0559-0a9d-4756-b5f1-26da7b190742;NULL;0.0042;-0.0010;0.0048;11.9091;2.9700;2.1487;0.1109;0.3892;0.0043;2.0000;0.3892;0.0043;2.0000;NULL;0;-0.1060;-0.5480;0.3571;10.3743;357.3867;4.9083;-0.1047;-0.5456;0.3487;9.5386;358.0937;4.3095;1;NULL;-0.1393;-0.5774;0.2627;2.8999;8.7005;108.9971;Palm;NULL;NULL;NULL;NULL;2;1;0;0;0;0;0.5000;0.0000;2.0000;-1.0599;-0.3132;-0.0678;45.1623;232.1818;179.1694;-1.0558;-0.3079;-0.0646;45.1625;232.1822;179.1700;0;NULL;0.1961;-0.1515;0.4331;321.8132;359.3109;341.3447;Palm;NULL;b529d3a4-b51a-4eec-b995-f74e31f7f71d;NULL;NULL;6;Embodied;3;Rotation;LineBisection;2;LineBisectionFirst;13;1;NULL;0.5000;0.0000;2.0000;Exposure;0.0000;2026-05-21 13:22:08.1159;Hands;NULL;NULL;OpenXR
NULL;Right;NULL;NULL;Exposure;NULL;OppositeHandTrigger;1;0;0;-1;0;0;0.0000;0.0000;2.0000;NULL;Rotation;anonymous;NULL;Mole Spawned;MoleEvent;Participant;8555;62ff0559-0a9d-4756-b5f1-26da7b190742;NULL;0.0042;-0.0010;0.0048;11.9091;2.9700;2.1487;NULL;NULL;NULL;NULL;NULL;NULL;NULL;NULL;NULL;-0.1060;-0.5480;0.3571;10.3743;357.3867;4.9083;-0.1047;-0.5456;0.3487;9.5386;358.0937;4.3095;1;NULL;-0.1393;-0.5774;0.2627;2.8999;8.7005;108.9971;Palm;NULL;NULL;NULL;NULL;1;0;0;-1;0;0;0.0000;0.0000;2.0000;-1.0599;-0.3132;-0.0678;45.1623;232.1818;179.1694;-1.0558;-0.3079;-0.0646;45.1625;232.1822;179.1700;0;NULL;0.1961;-0.1515;0.4331;321.8132;359.3109;341.3447;Palm;NULL;b529d3a4-b51a-4eec-b995-f74e31f7f71d;NULL;NULL;6;Embodied;3;Rotation;LineBisection;2;LineBisectionFirst;NULL;0;NULL;0.0000;0.0000;2.0000;Exposure;0.0000;2026-05-21 13:22:08.1169;Hands;NULL;NULL;OpenXR
NULL;Right;NULL;26;Exposure;NULL;OppositeHandTrigger;1;0;0;-1;0;0;0.0000;0.0000;2.0000;NULL;Rotation;anonymous;NULL;Pointer Shoot;PointerEvent;Participant;8640;62ff0559-0a9d-4756-b5f1-26da7b190742;NULL;0.0002;-0.0009;0.0049;11.7799;2.4361;2.4320;NULL;-0.0562;-0.0192;2.0000;-0.0562;-0.0192;2.0000;NULL;NULL;-0.1062;-0.5478;0.3571;10.3550;357.2064;4.8489;-0.1064;-0.5452;0.3481;9.5543;357.5425;4.8694;1;NULL;-0.1408;-0.5776;0.2622;3.4833;8.8071;110.2648;Palm;NULL;NULL;NULL;NULL;1;0;0;-1;0;0;0.0000;0.0000;2.0000;-1.0599;-0.3132;-0.0678;45.1623;232.1818;179.1694;-1.0558;-0.3079;-0.0646;45.1625;232.1822;179.1700;0;NULL;0.1222;-0.1571;0.4181;320.1817;344.6225;343.6323;Palm;NULL;b529d3a4-b51a-4eec-b995-f74e31f7f71d;NULL;NULL;6;Embodied;3;Rotation;LineBisection;2;LineBisectionFirst;13;0;NULL;0.0000;0.0000;2.0000;Exposure;0.7080;2026-05-21 13:22:08.8228;Hands;NULL;NULL;OpenXR
NULL;Right;NULL;26;Exposure;NULL;OppositeHandTrigger;1;0;0;-1;0;0;0.0000;0.0000;2.0000;NULL;Rotation;anonymous;NULL;Mole Hit;MoleEvent;Participant;8640;62ff0559-0a9d-4756-b5f1-26da7b190742;NULL;0.0002;-0.0009;0.0049;11.7799;2.4361;2.4320;0.0594;-0.0562;-0.0192;2.0000;-0.0562;-0.0192;2.0000;NULL;1;-0.1062;-0.5478;0.3571;10.3550;357.2064;4.8489;-0.1064;-0.5452;0.3481;9.5543;357.5425;4.8694;1;NULL;-0.1408;-0.5776;0.2622;3.4833;8.8071;110.2648;Palm;NULL;NULL;NULL;NULL;1;0;0;-1;0;0;0.0000;0.0000;2.0000;-1.0599;-0.3132;-0.0678;45.1623;232.1818;179.1694;-1.0558;-0.3079;-0.0646;45.1625;232.1822;179.1700;0;NULL;0.1222;-0.1571;0.4181;320.1817;344.6225;343.6323;Palm;NULL;b529d3a4-b51a-4eec-b995-f74e31f7f71d;NULL;NULL;6;Embodied;3;Rotation;LineBisection;2;LineBisectionFirst;13;0;NULL;0.0000;0.0000;2.0000;Exposure;0.0000;2026-05-21 13:22:08.8244;Hands;NULL;NULL;OpenXR
NULL;Right;NULL;NULL;Exposure;NULL;OppositeHandTrigger;2;1;0;0;0;0;0.5000;0.0000;2.0000;NULL;Rotation;anonymous;NULL;Mole Spawned;MoleEvent;Participant;8640;62ff0559-0a9d-4756-b5f1-26da7b190742;NULL;0.0002;-0.0009;0.0049;11.7799;2.4361;2.4320;NULL;NULL;NULL;NULL;NULL;NULL;NULL;NULL;NULL;-0.1062;-0.5478;0.3571;10.3550;357.2064;4.8489;-0.1064;-0.5452;0.3481;9.5543;357.5425;4.8694;1;NULL;-0.1408;-0.5776;0.2622;3.4833;8.8071;110.2648;Palm;NULL;NULL;NULL;NULL;2;1;0;0;0;0;0.5000;0.0000;2.0000;-1.0599;-0.3132;-0.0678;45.1623;232.1818;179.1694;-1.0558;-0.3079;-0.0646;45.1625;232.1822;179.1700;0;NULL;0.1222;-0.1571;0.4181;320.1817;344.6225;343.6323;Palm;NULL;b529d3a4-b51a-4eec-b995-f74e31f7f71d;NULL;NULL;6;Embodied;3;Rotation;LineBisection;2;LineBisectionFirst;NULL;1;NULL;0.5000;0.0000;2.0000;Exposure;0.0000;2026-05-21 13:22:08.8259;Hands;NULL;NULL;OpenXR
NULL;Right;NULL;27;Exposure;NULL;OppositeHandTrigger;2;1;0;0;0;0;0.5000;0.0000;2.0000;NULL;Rotation;anonymous;NULL;Pointer Shoot;PointerEvent;Participant;8751;62ff0559-0a9d-4756-b5f1-26da7b190742;NULL;0.0047;-0.0011;0.0059;11.9535;3.0924;2.0819;NULL;0.4238;-0.0711;2.0000;0.4238;-0.0711;2.0000;NULL;NULL;-0.1066;-0.5475;0.3570;10.4828;357.1778;5.2941;-0.1049;-0.5456;0.3496;10.0540;357.6974;4.7219;1;NULL;-0.1395;-0.5764;0.2626;3.7724;9.2824;110.4259;Palm;NULL;NULL;NULL;NULL;2;1;0;0;0;0;0.5000;0.0000;2.0000;-1.0599;-0.3132;-0.0678;45.1623;232.1818;179.1694;-1.0558;-0.3079;-0.0646;45.1625;232.1822;179.1700;0;NULL;0.2032;-0.1533;0.4330;321.7188;2.2317;340.0613;Palm;NULL;b529d3a4-b51a-4eec-b995-f74e31f7f71d;NULL;NULL;6;Embodied;3;Rotation;LineBisection;2;LineBisectionFirst;14;1;NULL;0.5000;0.0000;2.0000;Exposure;0.9329;2026-05-21 13:22:09.7552;Hands;NULL;NULL;OpenXR
NULL;Right;NULL;27;Exposure;NULL;OppositeHandTrigger;2;1;0;0;0;0;0.5000;0.0000;2.0000;NULL;Rotation;anonymous;NULL;Mole Missed;PointerEvent;Participant;8751;62ff0559-0a9d-4756-b5f1-26da7b190742;NULL;0.0047;-0.0011;0.0059;11.9535;3.0924;2.0819;0.1042;0.4238;-0.0711;2.0000;0.4238;-0.0711;2.0000;NULL;0;-0.1066;-0.5475;0.3570;10.4828;357.1778;5.2941;-0.1049;-0.5456;0.3496;10.0540;357.6974;4.7219;1;NULL;-0.1395;-0.5764;0.2626;3.7724;9.2824;110.4259;Palm;NULL;NULL;NULL;NULL;2;1;0;0;0;0;0.5000;0.0000;2.0000;-1.0599;-0.3132;-0.0678;45.1623;232.1818;179.1694;-1.0558;-0.3079;-0.0646;45.1625;232.1822;179.1700;0;NULL;0.2032;-0.1533;0.4330;321.7188;2.2317;340.0613;Palm;NULL;b529d3a4-b51a-4eec-b995-f74e31f7f71d;NULL;NULL;6;Embodied;3;Rotation;LineBisection;2;LineBisectionFirst;14;1;NULL;0.5000;0.0000;2.0000;Exposure;0.0000;2026-05-21 13:22:09.7567;Hands;NULL;NULL;OpenXR
NULL;Right;NULL;NULL;Exposure;NULL;OppositeHandTrigger;1;0;0;-1;0;0;0.0000;0.0000;2.0000;NULL;Rotation;anonymous;NULL;Mole Spawned;MoleEvent;Participant;8751;62ff0559-0a9d-4756-b5f1-26da7b190742;NULL;0.0047;-0.0011;0.0059;11.9535;3.0924;2.0819;NULL;NULL;NULL;NULL;NULL;NULL;NULL;NULL;NULL;-0.1066;-0.5475;0.3570;10.4828;357.1778;5.2941;-0.1049;-0.5456;0.3496;10.0540;357.6974;4.7219;1;NULL;-0.1395;-0.5764;0.2626;3.7724;9.2824;110.4259;Palm;NULL;NULL;NULL;NULL;1;0;0;-1;0;0;0.0000;0.0000;2.0000;-1.0599;-0.3132;-0.0678;45.1623;232.1818;179.1694;-1.0558;-0.3079;-0.0646;45.1625;232.1822;179.1700;0;NULL;0.2032;-0.1533;0.4330;321.7188;2.2317;340.0613;Palm;NULL;b529d3a4-b51a-4eec-b995-f74e31f7f71d;NULL;NULL;6;Embodied;3;Rotation;LineBisection;2;LineBisectionFirst;NULL;0;NULL;0.0000;0.0000;2.0000;Exposure;0.0000;2026-05-21 13:22:09.7583;Hands;NULL;NULL;OpenXR
NULL;Right;NULL;28;Exposure;NULL;OppositeHandTrigger;1;0;0;-1;0;0;0.0000;0.0000;2.0000;NULL;Rotation;anonymous;NULL;Pointer Shoot;PointerEvent;Participant;8838;62ff0559-0a9d-4756-b5f1-26da7b190742;NULL;-0.0009;-0.0006;0.0048;11.7346;2.2631;2.4468;NULL;-0.0212;-0.0394;2.0000;-0.0212;-0.0394;2.0000;NULL;NULL;-0.1065;-0.5476;0.3570;10.4262;357.3031;5.0501;-0.1070;-0.5466;0.3487;9.7994;357.7650;4.9814;1;NULL;-0.1401;-0.5765;0.2617;4.6278;8.5422;110.5009;Palm;NULL;NULL;NULL;NULL;1;0;0;-1;0;0;0.0000;0.0000;2.0000;-1.0599;-0.3132;-0.0678;45.1623;232.1818;179.1694;-1.0558;-0.3079;-0.0646;45.1625;232.1822;179.1700;0;NULL;0.1240;-0.1508;0.4248;319.0634;346.9066;344.0356;Palm;NULL;b529d3a4-b51a-4eec-b995-f74e31f7f71d;NULL;NULL;6;Embodied;3;Rotation;LineBisection;2;LineBisectionFirst;14;0;NULL;0.0000;0.0000;2.0000;Exposure;0.7242;2026-05-21 13:22:10.4794;Hands;NULL;NULL;OpenXR
NULL;Right;NULL;28;Exposure;NULL;OppositeHandTrigger;1;0;0;-1;0;0;0.0000;0.0000;2.0000;NULL;Rotation;anonymous;NULL;Mole Hit;MoleEvent;Participant;8838;62ff0559-0a9d-4756-b5f1-26da7b190742;NULL;-0.0009;-0.0006;0.0048;11.7346;2.2631;2.4468;0.0448;-0.0212;-0.0394;2.0000;-0.0212;-0.0394;2.0000;NULL;1;-0.1065;-0.5476;0.3570;10.4262;357.3031;5.0501;-0.1070;-0.5466;0.3487;9.7994;357.7650;4.9814;1;NULL;-0.1401;-0.5765;0.2617;4.6278;8.5422;110.5009;Palm;NULL;NULL;NULL;NULL;1;0;0;-1;0;0;0.0000;0.0000;2.0000;-1.0599;-0.3132;-0.0678;45.1623;232.1818;179.1694;-1.0558;-0.3079;-0.0646;45.1625;232.1822;179.1700;0;NULL;0.1240;-0.1508;0.4248;319.0634;346.9066;344.0356;Palm;NULL;b529d3a4-b51a-4eec-b995-f74e31f7f71d;NULL;NULL;6;Embodied;3;Rotation;LineBisection;2;LineBisectionFirst;14;0;NULL;0.0000;0.0000;2.0000;Exposure;0.0000;2026-05-21 13:22:10.4809;Hands;NULL;NULL;OpenXR
NULL;Right;NULL;NULL;Exposure;NULL;OppositeHandTrigger;3;2;0;1;0;0;-0.5000;0.0000;2.0000;NULL;Rotation;anonymous;NULL;Mole Spawned;MoleEvent;Participant;8838;62ff0559-0a9d-4756-b5f1-26da7b190742;NULL;-0.0009;-0.0006;0.0048;11.7346;2.2631;2.4468;NULL;NULL;NULL;NULL;NULL;NULL;NULL;NULL;NULL;-0.1065;-0.5476;0.3570;10.4262;357.3031;5.0501;-0.1070;-0.5466;0.3487;9.7994;357.7650;4.9814;1;NULL;-0.1401;-0.5765;0.2617;4.6278;8.5422;110.5009;Palm;NULL;NULL;NULL;NULL;3;2;0;1;0;0;-0.5000;0.0000;2.0000;-1.0599;-0.3132;-0.0678;45.1623;232.1818;179.1694;-1.0558;-0.3079;-0.0646;45.1625;232.1822;179.1700;0;NULL;0.1240;-0.1508;0.4248;319.0634;346.9066;344.0356;Palm;NULL;b529d3a4-b51a-4eec-b995-f74e31f7f71d;NULL;NULL;6;Embodied;3;Rotation;LineBisection;2;LineBisectionFirst;NULL;2;NULL;-0.5000;0.0000;2.0000;Exposure;0.0000;2026-05-21 13:22:10.4825;Hands;NULL;NULL;OpenXR
NULL;Right;NULL;29;Exposure;NULL;OppositeHandTrigger;3;2;0;1;0;0;-0.5000;0.0000;2.0000;NULL;Rotation;anonymous;NULL;Pointer Shoot;PointerEvent;Participant;8943;62ff0559-0a9d-4756-b5f1-26da7b190742;NULL;-0.0019;-0.0003;0.0034;11.5831;2.2170;2.6329;NULL;-0.3730;0.1612;2.0000;-0.3730;0.1612;2.0000;NULL;NULL;-0.1070;-0.5478;0.3571;10.3710;357.1611;5.3532;-0.1063;-0.5457;0.3488;9.6231;357.3139;4.7768;1;NULL;-0.1407;-0.5765;0.2611;4.4052;8.4648;110.6469;Palm;NULL;NULL;NULL;NULL;3;2;0;1;0;0;-0.5000;0.0000;2.0000;-1.0599;-0.3132;-0.0678;45.1623;232.1818;179.1694;-1.0558;-0.3079;-0.0646;45.1625;232.1822;179.1700;0;NULL;0.0883;-0.1409;0.4005;317.3895;331.0313;348.8256;Palm;NULL;b529d3a4-b51a-4eec-b995-f74e31f7f71d;NULL;NULL;6;Embodied;3;Rotation;LineBisection;2;LineBisectionFirst;15;2;NULL;-0.5000;0.0000;2.0000;Exposure;0.8753;2026-05-21 13:22:11.3551;Hands;NULL;NULL;OpenXR
NULL;Right;NULL;29;Exposure;NULL;OppositeHandTrigger;3;2;0;1;0;0;-0.5000;0.0000;2.0000;NULL;Rotation;anonymous;NULL;Mole Missed;PointerEvent;Participant;8943;62ff0559-0a9d-4756-b5f1-26da7b190742;NULL;-0.0019;-0.0003;0.0034;11.5831;2.2170;2.6329;0.2053;-0.3730;0.1612;2.0000;-0.3730;0.1612;2.0000;NULL;0;-0.1070;-0.5478;0.3571;10.3710;357.1611;5.3532;-0.1063;-0.5457;0.3488;9.6231;357.3139;4.7768;1;NULL;-0.1407;-0.5765;0.2611;4.4052;8.4648;110.6469;Palm;NULL;NULL;NULL;NULL;3;2;0;1;0;0;-0.5000;0.0000;2.0000;-1.0599;-0.3132;-0.0678;45.1623;232.1818;179.1694;-1.0558;-0.3079;-0.0646;45.1625;232.1822;179.1700;0;NULL;0.0883;-0.1409;0.4005;317.3895;331.0313;348.8256;Palm;NULL;b529d3a4-b51a-4eec-b995-f74e31f7f71d;NULL;NULL;6;Embodied;3;Rotation;LineBisection;2;LineBisectionFirst;15;2;NULL;-0.5000;0.0000;2.0000;Exposure;0.0000;2026-05-21 13:22:11.3566;Hands;NULL;NULL;OpenXR
NULL;Right;NULL;NULL;Exposure;NULL;OppositeHandTrigger;1;0;0;-1;0;0;0.0000;0.0000;2.0000;NULL;Rotation;anonymous;NULL;Mole Spawned;MoleEvent;Participant;8943;62ff0559-0a9d-4756-b5f1-26da7b190742;NULL;-0.0019;-0.0003;0.0034;11.5831;2.2170;2.6329;NULL;NULL;NULL;NULL;NULL;NULL;NULL;NULL;NULL;-0.1070;-0.5478;0.3571;10.3710;357.1611;5.3532;-0.1063;-0.5457;0.3488;9.6231;357.3139;4.7768;1;NULL;-0.1407;-0.5765;0.2611;4.4052;8.4648;110.6469;Palm;NULL;NULL;NULL;NULL;1;0;0;-1;0;0;0.0000;0.0000;2.0000;-1.0599;-0.3132;-0.0678;45.1623;232.1818;179.1694;-1.0558;-0.3079;-0.0646;45.1625;232.1822;179.1700;0;NULL;0.0883;-0.1409;0.4005;317.3895;331.0313;348.8256;Palm;NULL;b529d3a4-b51a-4eec-b995-f74e31f7f71d;NULL;NULL;6;Embodied;3;Rotation;LineBisection;2;LineBisectionFirst;NULL;0;NULL;0.0000;0.0000;2.0000;Exposure;0.0000;2026-05-21 13:22:11.3582;Hands;NULL;NULL;OpenXR
NULL;Right;NULL;30;Exposure;NULL;OppositeHandTrigger;1;0;0;-1;0;0;0.0000;0.0000;2.0000;NULL;Rotation;anonymous;NULL;Pointer Shoot;PointerEvent;Participant;9047;62ff0559-0a9d-4756-b5f1-26da7b190742;NULL;0.0008;-0.0010;0.0055;11.9407;2.5944;2.4134;NULL;0.1187;-0.0709;2.0000;0.1187;-0.0709;2.0000;NULL;NULL;-0.1075;-0.5481;0.3572;10.4041;357.0442;5.5634;-0.1063;-0.5463;0.3493;9.7074;357.5860;5.1504;1;NULL;-0.1409;-0.5778;0.2622;4.4493;8.4295;111.1025;Palm;NULL;NULL;NULL;NULL;1;0;0;-1;0;0;0.0000;0.0000;2.0000;-1.0599;-0.3132;-0.0678;45.1623;232.1818;179.1694;-1.0558;-0.3079;-0.0646;45.1625;232.1822;179.1700;0;NULL;0.1417;-0.1528;0.4279;323.1166;349.5940;344.2653;Palm;NULL;b529d3a4-b51a-4eec-b995-f74e31f7f71d;NULL;NULL;6;Embodied;3;Rotation;LineBisection;2;LineBisectionFirst;15;0;NULL;0.0000;0.0000;2.0000;Exposure;0.8666;2026-05-21 13:22:12.2218;Hands;NULL;NULL;OpenXR
NULL;Right;NULL;30;Exposure;NULL;OppositeHandTrigger;1;0;0;-1;0;0;0.0000;0.0000;2.0000;NULL;Rotation;anonymous;NULL;Mole Missed;PointerEvent;Participant;9047;62ff0559-0a9d-4756-b5f1-26da7b190742;NULL;0.0008;-0.0010;0.0055;11.9407;2.5944;2.4134;0.1383;0.1187;-0.0709;2.0000;0.1187;-0.0709;2.0000;NULL;0;-0.1075;-0.5481;0.3572;10.4041;357.0442;5.5634;-0.1063;-0.5463;0.3493;9.7074;357.5860;5.1504;1;NULL;-0.1409;-0.5778;0.2622;4.4493;8.4295;111.1025;Palm;NULL;NULL;NULL;NULL;1;0;0;-1;0;0;0.0000;0.0000;2.0000;-1.0599;-0.3132;-0.0678;45.1623;232.1818;179.1694;-1.0558;-0.3079;-0.0646;45.1625;232.1822;179.1700;0;NULL;0.1417;-0.1528;0.4279;323.1166;349.5940;344.2653;Palm;NULL;b529d3a4-b51a-4eec-b995-f74e31f7f71d;NULL;NULL;6;Embodied;3;Rotation;LineBisection;2;LineBisectionFirst;15;0;NULL;0.0000;0.0000;2.0000;Exposure;0.0000;2026-05-21 13:22:12.2233;Hands;NULL;NULL;OpenXR
NULL;Right;NULL;NULL;Exposure;NULL;OppositeHandTrigger;2;1;0;0;0;0;0.5000;0.0000;2.0000;NULL;Rotation;anonymous;NULL;Mole Spawned;MoleEvent;Participant;9047;62ff0559-0a9d-4756-b5f1-26da7b190742;NULL;0.0008;-0.0010;0.0055;11.9407;2.5944;2.4134;NULL;NULL;NULL;NULL;NULL;NULL;NULL;NULL;NULL;-0.1075;-0.5481;0.3572;10.4041;357.0442;5.5634;-0.1063;-0.5463;0.3493;9.7074;357.5860;5.1504;1;NULL;-0.1409;-0.5778;0.2622;4.4493;8.4295;111.1025;Palm;NULL;NULL;NULL;NULL;2;1;0;0;0;0;0.5000;0.0000;2.0000;-1.0599;-0.3132;-0.0678;45.1623;232.1818;179.1694;-1.0558;-0.3079;-0.0646;45.1625;232.1822;179.1700;0;NULL;0.1417;-0.1528;0.4279;323.1166;349.5940;344.2653;Palm;NULL;b529d3a4-b51a-4eec-b995-f74e31f7f71d;NULL;NULL;6;Embodied;3;Rotation;LineBisection;2;LineBisectionFirst;NULL;1;NULL;0.5000;0.0000;2.0000;Exposure;0.0000;2026-05-21 13:22:12.2243;Hands;NULL;NULL;OpenXR
NULL;Right;NULL;31;Exposure;NULL;OppositeHandTrigger;2;1;0;0;0;0;0.5000;0.0000;2.0000;NULL;Rotation;anonymous;NULL;Pointer Shoot;PointerEvent;Participant;9152;62ff0559-0a9d-4756-b5f1-26da7b190742;NULL;0.0043;-0.0004;0.0043;11.7704;3.4301;2.1796;NULL;0.4131;0.0175;2.0000;0.4131;0.0175;2.0000;NULL;NULL;-0.1075;-0.5481;0.3573;10.5387;357.2068;5.2854;-0.1050;-0.5460;0.3496;10.0435;357.7429;4.5699;1;NULL;-0.1397;-0.5761;0.2620;4.4002;9.5394;111.0866;Palm;NULL;NULL;NULL;NULL;2;1;0;0;0;0;0.5000;0.0000;2.0000;-1.0599;-0.3132;-0.0678;45.1623;232.1818;179.1694;-1.0558;-0.3079;-0.0646;45.1625;232.1822;179.1700;0;NULL;0.1942;-0.1367;0.4208;319.6218;1.5454;340.7428;Palm;NULL;b529d3a4-b51a-4eec-b995-f74e31f7f71d;NULL;NULL;6;Embodied;3;Rotation;LineBisection;2;LineBisectionFirst;15;1;NULL;0.5000;0.0000;2.0000;Exposure;0.8749;2026-05-21 13:22:13.0957;Hands;NULL;NULL;OpenXR
NULL;Right;NULL;31;Exposure;NULL;OppositeHandTrigger;2;1;0;0;0;0;0.5000;0.0000;2.0000;NULL;Rotation;anonymous;NULL;Mole Hit;MoleEvent;Participant;9152;62ff0559-0a9d-4756-b5f1-26da7b190742;NULL;0.0043;-0.0004;0.0043;11.7704;3.4301;2.1796;0.0887;0.4131;0.0175;2.0000;0.4131;0.0175;2.0000;NULL;1;-0.1075;-0.5481;0.3573;10.5387;357.2068;5.2854;-0.1050;-0.5460;0.3496;10.0435;357.7429;4.5699;1;NULL;-0.1397;-0.5761;0.2620;4.4002;9.5394;111.0866;Palm;NULL;NULL;NULL;NULL;2;1;0;0;0;0;0.5000;0.0000;2.0000;-1.0599;-0.3132;-0.0678;45.1623;232.1818;179.1694;-1.0558;-0.3079;-0.0646;45.1625;232.1822;179.1700;0;NULL;0.1942;-0.1367;0.4208;319.6218;1.5454;340.7428;Palm;NULL;b529d3a4-b51a-4eec-b995-f74e31f7f71d;NULL;NULL;6;Embodied;3;Rotation;LineBisection;2;LineBisectionFirst;15;1;NULL;0.5000;0.0000;2.0000;Exposure;0.0000;2026-05-21 13:22:13.0972;Hands;NULL;NULL;OpenXR
NULL;Right;NULL;NULL;Exposure;NULL;OppositeHandTrigger;1;0;0;-1;0;0;0.0000;0.0000;2.0000;NULL;Rotation;anonymous;NULL;Mole Spawned;MoleEvent;Participant;9152;62ff0559-0a9d-4756-b5f1-26da7b190742;NULL;0.0043;-0.0004;0.0043;11.7704;3.4301;2.1796;NULL;NULL;NULL;NULL;NULL;NULL;NULL;NULL;NULL;-0.1075;-0.5481;0.3573;10.5387;357.2068;5.2854;-0.1050;-0.5460;0.3496;10.0435;357.7429;4.5699;1;NULL;-0.1397;-0.5761;0.2620;4.4002;9.5394;111.0866;Palm;NULL;NULL;NULL;NULL;1;0;0;-1;0;0;0.0000;0.0000;2.0000;-1.0599;-0.3132;-0.0678;45.1623;232.1818;179.1694;-1.0558;-0.3079;-0.0646;45.1625;232.1822;179.1700;0;NULL;0.1942;-0.1367;0.4208;319.6218;1.5454;340.7428;Palm;NULL;b529d3a4-b51a-4eec-b995-f74e31f7f71d;NULL;NULL;6;Embodied;3;Rotation;LineBisection;2;LineBisectionFirst;NULL;0;NULL;0.0000;0.0000;2.0000;Exposure;0.0000;2026-05-21 13:22:13.0997;Hands;NULL;NULL;OpenXR
NULL;Right;NULL;32;Exposure;NULL;OppositeHandTrigger;1;0;0;-1;0;0;0.0000;0.0000;2.0000;NULL;Rotation;anonymous;NULL;Pointer Shoot;PointerEvent;Participant;9248;62ff0559-0a9d-4756-b5f1-26da7b190742;NULL;-0.0008;-0.0007;0.0048;11.8261;2.5975;2.5752;NULL;-0.0450;-0.0141;2.0000;-0.0450;-0.0141;2.0000;NULL;NULL;-0.1076;-0.5481;0.3573;10.6361;357.1420;5.3578;-0.1067;-0.5458;0.3491;9.9867;357.7307;5.4326;1;NULL;-0.1418;-0.5762;0.2615;4.8375;8.1674;111.1910;Palm;NULL;NULL;NULL;NULL;1;0;0;-1;0;0;0.0000;0.0000;2.0000;-1.0599;-0.3132;-0.0678;45.1623;232.1818;179.1694;-1.0558;-0.3079;-0.0646;45.1625;232.1822;179.1700;0;NULL;0.1199;-0.1483;0.4170;320.1153;346.0424;343.8045;Palm;NULL;b529d3a4-b51a-4eec-b995-f74e31f7f71d;NULL;NULL;6;Embodied;3;Rotation;LineBisection;2;LineBisectionFirst;16;0;NULL;0.0000;0.0000;2.0000;Exposure;0.7999;2026-05-21 13:22:13.8961;Hands;NULL;NULL;OpenXR
NULL;Right;NULL;32;Exposure;NULL;OppositeHandTrigger;1;0;0;-1;0;0;0.0000;0.0000;2.0000;NULL;Rotation;anonymous;NULL;Mole Hit;MoleEvent;Participant;9248;62ff0559-0a9d-4756-b5f1-26da7b190742;NULL;-0.0008;-0.0007;0.0048;11.8261;2.5975;2.5752;0.0471;-0.0450;-0.0141;2.0000;-0.0450;-0.0141;2.0000;NULL;1;-0.1076;-0.5481;0.3573;10.6361;357.1420;5.3578;-0.1067;-0.5458;0.3491;9.9867;357.7307;5.4326;1;NULL;-0.1418;-0.5762;0.2615;4.8375;8.1674;111.1910;Palm;NULL;NULL;NULL;NULL;1;0;0;-1;0;0;0.0000;0.0000;2.0000;-1.0599;-0.3132;-0.0678;45.1623;232.1818;179.1694;-1.0558;-0.3079;-0.0646;45.1625;232.1822;179.1700;0;NULL;0.1199;-0.1483;0.4170;320.1153;346.0424;343.8045;Palm;NULL;b529d3a4-b51a-4eec-b995-f74e31f7f71d;NULL;NULL;6;Embodied;3;Rotation;LineBisection;2;LineBisectionFirst;16;0;NULL;0.0000;0.0000;2.0000;Exposure;0.0000;2026-05-21 13:22:13.8976;Hands;NULL;NULL;OpenXR
NULL;Right;NULL;NULL;Exposure;NULL;OppositeHandTrigger;2;1;0;0;0;0;0.5000;0.0000;2.0000;NULL;Rotation;anonymous;NULL;Mole Spawned;MoleEvent;Participant;9248;62ff0559-0a9d-4756-b5f1-26da7b190742;NULL;-0.0008;-0.0007;0.0048;11.8261;2.5975;2.5752;NULL;NULL;NULL;NULL;NULL;NULL;NULL;NULL;NULL;-0.1076;-0.5481;0.3573;10.6361;357.1420;5.3578;-0.1067;-0.5458;0.3491;9.9867;357.7307;5.4326;1;NULL;-0.1418;-0.5762;0.2615;4.8375;8.1674;111.1910;Palm;NULL;NULL;NULL;NULL;2;1;0;0;0;0;0.5000;0.0000;2.0000;-1.0599;-0.3132;-0.0678;45.1623;232.1818;179.1694;-1.0558;-0.3079;-0.0646;45.1625;232.1822;179.1700;0;NULL;0.1199;-0.1483;0.4170;320.1153;346.0424;343.8045;Palm;NULL;b529d3a4-b51a-4eec-b995-f74e31f7f71d;NULL;NULL;6;Embodied;3;Rotation;LineBisection;2;LineBisectionFirst;NULL;1;NULL;0.5000;0.0000;2.0000;Exposure;0.0000;2026-05-21 13:22:13.8991;Hands;NULL;NULL;OpenXR
NULL;Right;NULL;33;Exposure;NULL;OppositeHandTrigger;2;1;0;0;0;0;0.5000;0.0000;2.0000;NULL;Rotation;anonymous;NULL;Pointer Shoot;PointerEvent;Participant;9359;62ff0559-0a9d-4756-b5f1-26da7b190742;NULL;0.0031;-0.0010;0.0053;11.8923;3.1909;2.2255;NULL;0.4354;-0.0292;2.0000;0.4354;-0.0292;2.0000;NULL;NULL;-0.1078;-0.5480;0.3573;10.6597;357.0691;5.6267;-0.1060;-0.5460;0.3499;10.2397;357.3335;5.0335;1;NULL;-0.1397;-0.5748;0.2616;4.4491;8.5298;111.3569;Palm;NULL;NULL;NULL;NULL;2;1;0;0;0;0;0.5000;0.0000;2.0000;-1.0599;-0.3132;-0.0678;45.1623;232.1818;179.1694;-1.0558;-0.3079;-0.0646;45.1625;232.1822;179.1700;0;NULL;0.1976;-0.1416;0.4288;321.6452;0.5366;341.3486;Palm;NULL;b529d3a4-b51a-4eec-b995-f74e31f7f71d;NULL;NULL;6;Embodied;3;Rotation;LineBisection;2;LineBisectionFirst;17;1;NULL;0.5000;0.0000;2.0000;Exposure;0.9248;2026-05-21 13:22:14.8214;Hands;NULL;NULL;OpenXR
NULL;Right;NULL;33;Exposure;NULL;OppositeHandTrigger;2;1;0;0;0;0;0.5000;0.0000;2.0000;NULL;Rotation;anonymous;NULL;Mole Hit;MoleEvent;Participant;9359;62ff0559-0a9d-4756-b5f1-26da7b190742;NULL;0.0031;-0.0010;0.0053;11.8923;3.1909;2.2255;0.0709;0.4354;-0.0292;2.0000;0.4354;-0.0292;2.0000;NULL;1;-0.1078;-0.5480;0.3573;10.6597;357.0691;5.6267;-0.1060;-0.5460;0.3499;10.2397;357.3335;5.0335;1;NULL;-0.1397;-0.5748;0.2616;4.4491;8.5298;111.3569;Palm;NULL;NULL;NULL;NULL;2;1;0;0;0;0;0.5000;0.0000;2.0000;-1.0599;-0.3132;-0.0678;45.1623;232.1818;179.1694;-1.0558;-0.3079;-0.0646;45.1625;232.1822;179.1700;0;NULL;0.1976;-0.1416;0.4288;321.6452;0.5366;341.3486;Palm;NULL;b529d3a4-b51a-4eec-b995-f74e31f7f71d;NULL;NULL;6;Embodied;3;Rotation;LineBisection;2;LineBisectionFirst;17;1;NULL;0.5000;0.0000;2.0000;Exposure;0.0000;2026-05-21 13:22:14.8219;Hands;NULL;NULL;OpenXR
NULL;Right;NULL;NULL;Exposure;NULL;OppositeHandTrigger;1;0;0;-1;0;0;0.0000;0.0000;2.0000;NULL;Rotation;anonymous;NULL;Mole Spawned;MoleEvent;Participant;9359;62ff0559-0a9d-4756-b5f1-26da7b190742;NULL;0.0031;-0.0010;0.0053;11.8923;3.1909;2.2255;NULL;NULL;NULL;NULL;NULL;NULL;NULL;NULL;NULL;-0.1078;-0.5480;0.3573;10.6597;357.0691;5.6267;-0.1060;-0.5460;0.3499;10.2397;357.3335;5.0335;1;NULL;-0.1397;-0.5748;0.2616;4.4491;8.5298;111.3569;Palm;NULL;NULL;NULL;NULL;1;0;0;-1;0;0;0.0000;0.0000;2.0000;-1.0599;-0.3132;-0.0678;45.1623;232.1818;179.1694;-1.0558;-0.3079;-0.0646;45.1625;232.1822;179.1700;0;NULL;0.1976;-0.1416;0.4288;321.6452;0.5366;341.3486;Palm;NULL;b529d3a4-b51a-4eec-b995-f74e31f7f71d;NULL;NULL;6;Embodied;3;Rotation;LineBisection;2;LineBisectionFirst;NULL;0;NULL;0.0000;0.0000;2.0000;Exposure;0.0000;2026-05-21 13:22:14.8234;Hands;NULL;NULL;OpenXR
NULL;Right;NULL;34;Exposure;NULL;OppositeHandTrigger;1;0;0;-1;0;0;0.0000;0.0000;2.0000;NULL;Rotation;anonymous;NULL;Pointer Shoot;PointerEvent;Participant;9445;62ff0559-0a9d-4756-b5f1-26da7b190742;NULL;-0.0010;-0.0005;0.0042;11.7628;2.3169;2.4569;NULL;-0.0324;-0.0191;2.0000;-0.0324;-0.0191;2.0000;NULL;NULL;-0.1077;-0.5480;0.3573;10.6420;357.0499;5.5255;-0.1071;-0.5459;0.3489;9.9330;357.5090;5.3404;1;NULL;-0.1412;-0.5768;0.2620;4.4385;8.5231;111.1736;Palm;NULL;NULL;NULL;NULL;1;0;0;-1;0;0;0.0000;0.0000;2.0000;-1.0599;-0.3132;-0.0678;45.1623;232.1818;179.1694;-1.0558;-0.3079;-0.0646;45.1625;232.1822;179.1700;0;NULL;0.1201;-0.1434;0.4184;319.9442;345.0749;344.7972;Palm;NULL;b529d3a4-b51a-4eec-b995-f74e31f7f71d;NULL;NULL;6;Embodied;3;Rotation;LineBisection;2;LineBisectionFirst;18;0;NULL;0.0000;0.0000;2.0000;Exposure;0.7165;2026-05-21 13:22:15.5368;Hands;NULL;NULL;OpenXR
NULL;Right;NULL;34;Exposure;NULL;OppositeHandTrigger;1;0;0;-1;0;0;0.0000;0.0000;2.0000;NULL;Rotation;anonymous;NULL;Mole Hit;MoleEvent;Participant;9445;62ff0559-0a9d-4756-b5f1-26da7b190742;NULL;-0.0010;-0.0005;0.0042;11.7628;2.3169;2.4569;0.0376;-0.0324;-0.0191;2.0000;-0.0324;-0.0191;2.0000;NULL;1;-0.1077;-0.5480;0.3573;10.6420;357.0499;5.5255;-0.1071;-0.5459;0.3489;9.9330;357.5090;5.3404;1;NULL;-0.1412;-0.5768;0.2620;4.4385;8.5231;111.1736;Palm;NULL;NULL;NULL;NULL;1;0;0;-1;0;0;0.0000;0.0000;2.0000;-1.0599;-0.3132;-0.0678;45.1623;232.1818;179.1694;-1.0558;-0.3079;-0.0646;45.1625;232.1822;179.1700;0;NULL;0.1201;-0.1434;0.4184;319.9442;345.0749;344.7972;Palm;NULL;b529d3a4-b51a-4eec-b995-f74e31f7f71d;NULL;NULL;6;Embodied;3;Rotation;LineBisection;2;LineBisectionFirst;18;0;NULL;0.0000;0.0000;2.0000;Exposure;0.0000;2026-05-21 13:22:15.5394;Hands;NULL;NULL;OpenXR
NULL;Right;NULL;NULL;Exposure;NULL;OppositeHandTrigger;3;2;0;1;0;0;-0.5000;0.0000;2.0000;NULL;Rotation;anonymous;NULL;Mole Spawned;MoleEvent;Participant;9445;62ff0559-0a9d-4756-b5f1-26da7b190742;NULL;-0.0010;-0.0005;0.0042;11.7628;2.3169;2.4569;NULL;NULL;NULL;NULL;NULL;NULL;NULL;NULL;NULL;-0.1077;-0.5480;0.3573;10.6420;357.0499;5.5255;-0.1071;-0.5459;0.3489;9.9330;357.5090;5.3404;1;NULL;-0.1412;-0.5768;0.2620;4.4385;8.5231;111.1736;Palm;NULL;NULL;NULL;NULL;3;2;0;1;0;0;-0.5000;0.0000;2.0000;-1.0599;-0.3132;-0.0678;45.1623;232.1818;179.1694;-1.0558;-0.3079;-0.0646;45.1625;232.1822;179.1700;0;NULL;0.1201;-0.1434;0.4184;319.9442;345.0749;344.7972;Palm;NULL;b529d3a4-b51a-4eec-b995-f74e31f7f71d;NULL;NULL;6;Embodied;3;Rotation;LineBisection;2;LineBisectionFirst;NULL;2;NULL;-0.5000;0.0000;2.0000;Exposure;0.0000;2026-05-21 13:22:15.5399;Hands;NULL;NULL;OpenXR
NULL;Right;NULL;35;Exposure;NULL;OppositeHandTrigger;3;2;0;1;0;0;-0.5000;0.0000;2.0000;NULL;Rotation;anonymous;NULL;Pointer Shoot;PointerEvent;Participant;9565;62ff0559-0a9d-4756-b5f1-26da7b190742;NULL;-0.0019;-0.0006;0.0041;11.7858;2.1707;2.6017;NULL;-0.4568;-0.0251;2.0000;-0.4568;-0.0251;2.0000;NULL;NULL;-0.1081;-0.5479;0.3572;10.6205;357.0219;5.7396;-0.1069;-0.5451;0.3480;9.4638;357.4557;5.5006;1;NULL;-0.1407;-0.5763;0.2616;4.5627;8.7828;111.2988;Palm;NULL;NULL;NULL;NULL;3;2;0;1;0;0;-0.5000;0.0000;2.0000;-1.0599;-0.3132;-0.0678;45.1623;232.1818;179.1694;-1.0558;-0.3079;-0.0646;45.1625;232.1822;179.1700;0;NULL;0.0600;-0.1526;0.3885;322.9275;326.4765;349.3500;Palm;NULL;b529d3a4-b51a-4eec-b995-f74e31f7f71d;NULL;NULL;6;Embodied;3;Rotation;LineBisection;2;LineBisectionFirst;19;2;NULL;-0.5000;0.0000;2.0000;Exposure;0.9998;2026-05-21 13:22:16.5372;Hands;NULL;NULL;OpenXR
NULL;Right;NULL;35;Exposure;NULL;OppositeHandTrigger;3;2;0;1;0;0;-0.5000;0.0000;2.0000;NULL;Rotation;anonymous;NULL;Mole Hit;MoleEvent;Participant;9565;62ff0559-0a9d-4756-b5f1-26da7b190742;NULL;-0.0019;-0.0006;0.0041;11.7858;2.1707;2.6017;0.0499;-0.4568;-0.0251;2.0000;-0.4568;-0.0251;2.0000;NULL;1;-0.1081;-0.5479;0.3572;10.6205;357.0219;5.7396;-0.1069;-0.5451;0.3480;9.4638;357.4557;5.5006;1;NULL;-0.1407;-0.5763;0.2616;4.5627;8.7828;111.2988;Palm;NULL;NULL;NULL;NULL;3;2;0;1;0;0;-0.5000;0.0000;2.0000;-1.0599;-0.3132;-0.0678;45.1623;232.1818;179.1694;-1.0558;-0.3079;-0.0646;45.1625;232.1822;179.1700;0;NULL;0.0600;-0.1526;0.3885;322.9275;326.4765;349.3500;Palm;NULL;b529d3a4-b51a-4eec-b995-f74e31f7f71d;NULL;NULL;6;Embodied;3;Rotation;LineBisection;2;LineBisectionFirst;19;2;NULL;-0.5000;0.0000;2.0000;Exposure;0.0000;2026-05-21 13:22:16.5387;Hands;NULL;NULL;OpenXR
NULL;Right;NULL;NULL;Exposure;NULL;OppositeHandTrigger;2;1;0;0;0;0;0.5000;0.0000;2.0000;NULL;Rotation;anonymous;NULL;Mole Spawned;MoleEvent;Participant;9565;62ff0559-0a9d-4756-b5f1-26da7b190742;NULL;-0.0019;-0.0006;0.0041;11.7858;2.1707;2.6017;NULL;NULL;NULL;NULL;NULL;NULL;NULL;NULL;NULL;-0.1081;-0.5479;0.3572;10.6205;357.0219;5.7396;-0.1069;-0.5451;0.3480;9.4638;357.4557;5.5006;1;NULL;-0.1407;-0.5763;0.2616;4.5627;8.7828;111.2988;Palm;NULL;NULL;NULL;NULL;2;1;0;0;0;0;0.5000;0.0000;2.0000;-1.0599;-0.3132;-0.0678;45.1623;232.1818;179.1694;-1.0558;-0.3079;-0.0646;45.1625;232.1822;179.1700;0;NULL;0.0600;-0.1526;0.3885;322.9275;326.4765;349.3500;Palm;NULL;b529d3a4-b51a-4eec-b995-f74e31f7f71d;NULL;NULL;6;Embodied;3;Rotation;LineBisection;2;LineBisectionFirst;NULL;1;NULL;0.5000;0.0000;2.0000;Exposure;0.0000;2026-05-21 13:22:16.5402;Hands;NULL;NULL;OpenXR
NULL;Right;NULL;36;Exposure;NULL;OppositeHandTrigger;2;1;0;0;0;0;0.5000;0.0000;2.0000;NULL;Rotation;anonymous;NULL;Pointer Shoot;PointerEvent;Participant;9681;62ff0559-0a9d-4756-b5f1-26da7b190742;NULL;0.0022;-0.0003;0.0034;11.6584;2.8192;2.2564;NULL;0.3009;0.0075;2.0000;0.3009;0.0075;2.0000;NULL;NULL;-0.1087;-0.5484;0.3576;10.8060;356.8430;6.0069;-0.1080;-0.5467;0.3502;10.1123;357.2934;5.5233;1;NULL;-0.1401;-0.5761;0.2622;3.6741;9.4403;111.7885;Palm;NULL;NULL;NULL;NULL;2;1;0;0;0;0;0.5000;0.0000;2.0000;-1.0599;-0.3132;-0.0678;45.1623;232.1818;179.1694;-1.0558;-0.3079;-0.0646;45.1625;232.1822;179.1700;0;NULL;0.2058;-0.1339;0.4273;319.4591;357.5536;340.3840;Palm;NULL;b529d3a4-b51a-4eec-b995-f74e31f7f71d;NULL;NULL;6;Embodied;3;Rotation;LineBisection;2;LineBisectionFirst;20;1;NULL;0.5000;0.0000;2.0000;Exposure;0.9663;2026-05-21 13:22:17.5040;Hands;NULL;NULL;OpenXR
NULL;Right;NULL;36;Exposure;NULL;OppositeHandTrigger;2;1;0;0;0;0;0.5000;0.0000;2.0000;NULL;Rotation;anonymous;NULL;Mole Missed;PointerEvent;Participant;9681;62ff0559-0a9d-4756-b5f1-26da7b190742;NULL;0.0022;-0.0003;0.0034;11.6584;2.8192;2.2564;0.1993;0.3009;0.0075;2.0000;0.3009;0.0075;2.0000;NULL;0;-0.1087;-0.5484;0.3576;10.8060;356.8430;6.0069;-0.1080;-0.5467;0.3502;10.1123;357.2934;5.5233;1;NULL;-0.1401;-0.5761;0.2622;3.6741;9.4403;111.7885;Palm;NULL;NULL;NULL;NULL;2;1;0;0;0;0;0.5000;0.0000;2.0000;-1.0599;-0.3132;-0.0678;45.1623;232.1818;179.1694;-1.0558;-0.3079;-0.0646;45.1625;232.1822;179.1700;0;NULL;0.2058;-0.1339;0.4273;319.4591;357.5536;340.3840;Palm;NULL;b529d3a4-b51a-4eec-b995-f74e31f7f71d;NULL;NULL;6;Embodied;3;Rotation;LineBisection;2;LineBisectionFirst;20;1;NULL;0.5000;0.0000;2.0000;Exposure;0.0000;2026-05-21 13:22:17.5055;Hands;NULL;NULL;OpenXR
NULL;Right;NULL;NULL;Exposure;NULL;OppositeHandTrigger;3;2;0;1;0;0;-0.5000;0.0000;2.0000;NULL;Rotation;anonymous;NULL;Mole Spawned;MoleEvent;Participant;9681;62ff0559-0a9d-4756-b5f1-26da7b190742;NULL;0.0022;-0.0003;0.0034;11.6584;2.8192;2.2564;NULL;NULL;NULL;NULL;NULL;NULL;NULL;NULL;NULL;-0.1087;-0.5484;0.3576;10.8060;356.8430;6.0069;-0.1080;-0.5467;0.3502;10.1123;357.2934;5.5233;1;NULL;-0.1401;-0.5761;0.2622;3.6741;9.4403;111.7885;Palm;NULL;NULL;NULL;NULL;3;2;0;1;0;0;-0.5000;0.0000;2.0000;-1.0599;-0.3132;-0.0678;45.1623;232.1818;179.1694;-1.0558;-0.3079;-0.0646;45.1625;232.1822;179.1700;0;NULL;0.2058;-0.1339;0.4273;319.4591;357.5536;340.3840;Palm;NULL;b529d3a4-b51a-4eec-b995-f74e31f7f71d;NULL;NULL;6;Embodied;3;Rotation;LineBisection;2;LineBisectionFirst;NULL;2;NULL;-0.5000;0.0000;2.0000;Exposure;0.0000;2026-05-21 13:22:17.5071;Hands;NULL;NULL;OpenXR
NULL;Right;NULL;37;Exposure;NULL;OppositeHandTrigger;3;2;0;1;0;0;-0.5000;0.0000;2.0000;NULL;Rotation;anonymous;NULL;Pointer Shoot;PointerEvent;Participant;9837;62ff0559-0a9d-4756-b5f1-26da7b190742;NULL;-0.0020;-0.0004;0.0036;11.6917;2.1104;2.5498;NULL;-0.5632;-0.0556;2.0000;-0.5632;-0.0556;2.0000;NULL;NULL;-0.1092;-0.5482;0.3574;10.9395;356.8434;6.3880;-0.1075;-0.5451;0.3491;9.9895;357.2557;5.7092;1;NULL;-0.1411;-0.5773;0.2624;4.5152;9.0054;113.0711;Palm;NULL;NULL;NULL;NULL;3;2;0;1;0;0;-0.5000;0.0000;2.0000;-1.0599;-0.3132;-0.0678;45.1623;232.1818;179.1694;-1.0558;-0.3079;-0.0646;45.1625;232.1822;179.1700;0;NULL;0.0508;-0.1490;0.3913;326.3997;325.3229;349.2718;Palm;NULL;b529d3a4-b51a-4eec-b995-f74e31f7f71d;NULL;NULL;6;Embodied;3;Rotation;LineBisection;2;LineBisectionFirst;20;2;NULL;-0.5000;0.0000;2.0000;Exposure;1.2999;2026-05-21 13:22:18.8033;Hands;NULL;NULL;OpenXR
NULL;Right;NULL;37;Exposure;NULL;OppositeHandTrigger;3;2;0;1;0;0;-0.5000;0.0000;2.0000;NULL;Rotation;anonymous;NULL;Mole Hit;MoleEvent;Participant;9837;62ff0559-0a9d-4756-b5f1-26da7b190742;NULL;-0.0020;-0.0004;0.0036;11.6917;2.1104;2.5498;0.0842;-0.5632;-0.0556;2.0000;-0.5632;-0.0556;2.0000;NULL;1;-0.1092;-0.5482;0.3574;10.9395;356.8434;6.3880;-0.1075;-0.5451;0.3491;9.9895;357.2557;5.7092;1;NULL;-0.1411;-0.5773;0.2624;4.5152;9.0054;113.0711;Palm;NULL;NULL;NULL;NULL;3;2;0;1;0;0;-0.5000;0.0000;2.0000;-1.0599;-0.3132;-0.0678;45.1623;232.1818;179.1694;-1.0558;-0.3079;-0.0646;45.1625;232.1822;179.1700;0;NULL;0.0508;-0.1490;0.3913;326.3997;325.3229;349.2718;Palm;NULL;b529d3a4-b51a-4eec-b995-f74e31f7f71d;NULL;NULL;6;Embodied;3;Rotation;LineBisection;2;LineBisectionFirst;20;2;NULL;-0.5000;0.0000;2.0000;Exposure;0.0000;2026-05-21 13:22:18.8048;Hands;NULL;NULL;OpenXR
NULL;Right;NULL;NULL;Exposure;NULL;OppositeHandTrigger;1;0;0;-1;0;0;0.0000;0.0000;2.0000;NULL;Rotation;anonymous;NULL;Mole Spawned;MoleEvent;Participant;9837;62ff0559-0a9d-4756-b5f1-26da7b190742;NULL;-0.0020;-0.0004;0.0036;11.6917;2.1104;2.5498;NULL;NULL;NULL;NULL;NULL;NULL;NULL;NULL;NULL;-0.1092;-0.5482;0.3574;10.9395;356.8434;6.3880;-0.1075;-0.5451;0.3491;9.9895;357.2557;5.7092;1;NULL;-0.1411;-0.5773;0.2624;4.5152;9.0054;113.0711;Palm;NULL;NULL;NULL;NULL;1;0;0;-1;0;0;0.0000;0.0000;2.0000;-1.0599;-0.3132;-0.0678;45.1623;232.1818;179.1694;-1.0558;-0.3079;-0.0646;45.1625;232.1822;179.1700;0;NULL;0.0508;-0.1490;0.3913;326.3997;325.3229;349.2718;Palm;NULL;b529d3a4-b51a-4eec-b995-f74e31f7f71d;NULL;NULL;6;Embodied;3;Rotation;LineBisection;2;LineBisectionFirst;NULL;0;NULL;0.0000;0.0000;2.0000;Exposure;0.0000;2026-05-21 13:22:18.8063;Hands;NULL;NULL;OpenXR
NULL;Right;NULL;38;Exposure;NULL;OppositeHandTrigger;1;0;0;-1;0;0;0.0000;0.0000;2.0000;NULL;Rotation;anonymous;NULL;Pointer Shoot;PointerEvent;Participant;9978;62ff0559-0a9d-4756-b5f1-26da7b190742;NULL;-0.0008;-0.0003;0.0032;11.6888;2.6374;2.4650;NULL;-0.0650;0.1588;2.0000;-0.0650;0.1588;2.0000;NULL;NULL;-0.1095;-0.5481;0.3574;10.9863;356.8838;6.4586;-0.1082;-0.5457;0.3488;10.1075;357.6376;6.3262;1;NULL;-0.1414;-0.5772;0.2617;4.3016;8.9287;113.4561;Palm;NULL;NULL;NULL;NULL;1;0;0;-1;0;0;0.0000;0.0000;2.0000;-1.0599;-0.3132;-0.0678;45.1623;232.1818;179.1694;-1.0558;-0.3079;-0.0646;45.1625;232.1822;179.1700;0;NULL;0.1181;-0.1339;0.4132;322.7471;338.5451;349.4388;Palm;NULL;b529d3a4-b51a-4eec-b995-f74e31f7f71d;NULL;NULL;6;Embodied;3;Rotation;LineBisection;2;LineBisectionFirst;21;0;NULL;0.0000;0.0000;2.0000;Exposure;1.1743;2026-05-21 13:22:19.9771;Hands;NULL;NULL;OpenXR
NULL;Right;NULL;38;Exposure;NULL;OppositeHandTrigger;1;0;0;-1;0;0;0.0000;0.0000;2.0000;NULL;Rotation;anonymous;NULL;Mole Missed;PointerEvent;Participant;9978;62ff0559-0a9d-4756-b5f1-26da7b190742;NULL;-0.0008;-0.0003;0.0032;11.6888;2.6374;2.4650;0.1716;-0.0650;0.1588;2.0000;-0.0650;0.1588;2.0000;NULL;0;-0.1095;-0.5481;0.3574;10.9863;356.8838;6.4586;-0.1082;-0.5457;0.3488;10.1075;357.6376;6.3262;1;NULL;-0.1414;-0.5772;0.2617;4.3016;8.9287;113.4561;Palm;NULL;NULL;NULL;NULL;1;0;0;-1;0;0;0.0000;0.0000;2.0000;-1.0599;-0.3132;-0.0678;45.1623;232.1818;179.1694;-1.0558;-0.3079;-0.0646;45.1625;232.1822;179.1700;0;NULL;0.1181;-0.1339;0.4132;322.7471;338.5451;349.4388;Palm;NULL;b529d3a4-b51a-4eec-b995-f74e31f7f71d;NULL;NULL;6;Embodied;3;Rotation;LineBisection;2;LineBisectionFirst;21;0;NULL;0.0000;0.0000;2.0000;Exposure;0.0000;2026-05-21 13:22:19.9786;Hands;NULL;NULL;OpenXR
NULL;Right;NULL;NULL;Exposure;NULL;OppositeHandTrigger;2;1;0;0;0;0;0.5000;0.0000;2.0000;NULL;Rotation;anonymous;NULL;Mole Spawned;MoleEvent;Participant;9978;62ff0559-0a9d-4756-b5f1-26da7b190742;NULL;-0.0008;-0.0003;0.0032;11.6888;2.6374;2.4650;NULL;NULL;NULL;NULL;NULL;NULL;NULL;NULL;NULL;-0.1095;-0.5481;0.3574;10.9863;356.8838;6.4586;-0.1082;-0.5457;0.3488;10.1075;357.6376;6.3262;1;NULL;-0.1414;-0.5772;0.2617;4.3016;8.9287;113.4561;Palm;NULL;NULL;NULL;NULL;2;1;0;0;0;0;0.5000;0.0000;2.0000;-1.0599;-0.3132;-0.0678;45.1623;232.1818;179.1694;-1.0558;-0.3079;-0.0646;45.1625;232.1822;179.1700;0;NULL;0.1181;-0.1339;0.4132;322.7471;338.5451;349.4388;Palm;NULL;b529d3a4-b51a-4eec-b995-f74e31f7f71d;NULL;NULL;6;Embodied;3;Rotation;LineBisection;2;LineBisectionFirst;NULL;1;NULL;0.5000;0.0000;2.0000;Exposure;0.0000;2026-05-21 13:22:19.9811;Hands;NULL;NULL;OpenXR
NULL;Right;NULL;39;Exposure;NULL;OppositeHandTrigger;2;1;0;0;0;0;0.5000;0.0000;2.0000;NULL;Rotation;anonymous;NULL;Pointer Shoot;PointerEvent;Participant;10117;62ff0559-0a9d-4756-b5f1-26da7b190742;NULL;0.0031;0.0002;0.0030;11.5018;3.1535;1.9449;NULL;0.4563;-0.0602;2.0000;0.4563;-0.0602;2.0000;NULL;NULL;-0.1095;-0.5488;0.3579;11.0887;356.8957;6.2232;-0.1080;-0.5480;0.3507;10.5850;357.4573;5.7808;1;NULL;-0.1407;-0.5761;0.2621;4.0341;8.9351;113.2353;Palm;NULL;NULL;NULL;NULL;2;1;0;0;0;0;0.5000;0.0000;2.0000;-1.0599;-0.3132;-0.0678;45.1623;232.1818;179.1694;-1.0558;-0.3079;-0.0646;45.1625;232.1822;179.1700;0;NULL;0.2088;-0.1469;0.4371;327.4941;357.9897;343.8879;Palm;NULL;b529d3a4-b51a-4eec-b995-f74e31f7f71d;NULL;NULL;6;Embodied;3;Rotation;LineBisection;2;LineBisectionFirst;21;1;NULL;0.5000;0.0000;2.0000;Exposure;1.1581;2026-05-21 13:22:21.1360;Hands;NULL;NULL;OpenXR
NULL;Right;NULL;39;Exposure;NULL;OppositeHandTrigger;2;1;0;0;0;0;0.5000;0.0000;2.0000;NULL;Rotation;anonymous;NULL;Mole Hit;MoleEvent;Participant;10117;62ff0559-0a9d-4756-b5f1-26da7b190742;NULL;0.0031;0.0002;0.0030;11.5018;3.1535;1.9449;0.0744;0.4563;-0.0602;2.0000;0.4563;-0.0602;2.0000;NULL;1;-0.1095;-0.5488;0.3579;11.0887;356.8957;6.2232;-0.1080;-0.5480;0.3507;10.5850;357.4573;5.7808;1;NULL;-0.1407;-0.5761;0.2621;4.0341;8.9351;113.2353;Palm;NULL;NULL;NULL;NULL;2;1;0;0;0;0;0.5000;0.0000;2.0000;-1.0599;-0.3132;-0.0678;45.1623;232.1818;179.1694;-1.0558;-0.3079;-0.0646;45.1625;232.1822;179.1700;0;NULL;0.2088;-0.1469;0.4371;327.4941;357.9897;343.8879;Palm;NULL;b529d3a4-b51a-4eec-b995-f74e31f7f71d;NULL;NULL;6;Embodied;3;Rotation;LineBisection;2;LineBisectionFirst;21;1;NULL;0.5000;0.0000;2.0000;Exposure;0.0000;2026-05-21 13:22:21.1375;Hands;NULL;NULL;OpenXR
NULL;Right;NULL;NULL;Exposure;NULL;OppositeHandTrigger;1;0;0;-1;0;0;0.0000;0.0000;2.0000;NULL;Rotation;anonymous;NULL;Mole Spawned;MoleEvent;Participant;10117;62ff0559-0a9d-4756-b5f1-26da7b190742;NULL;0.0031;0.0002;0.0030;11.5018;3.1535;1.9449;NULL;NULL;NULL;NULL;NULL;NULL;NULL;NULL;NULL;-0.1095;-0.5488;0.3579;11.0887;356.8957;6.2232;-0.1080;-0.5480;0.3507;10.5850;357.4573;5.7808;1;NULL;-0.1407;-0.5761;0.2621;4.0341;8.9351;113.2353;Palm;NULL;NULL;NULL;NULL;1;0;0;-1;0;0;0.0000;0.0000;2.0000;-1.0599;-0.3132;-0.0678;45.1623;232.1818;179.1694;-1.0558;-0.3079;-0.0646;45.1625;232.1822;179.1700;0;NULL;0.2088;-0.1469;0.4371;327.4941;357.9897;343.8879;Palm;NULL;b529d3a4-b51a-4eec-b995-f74e31f7f71d;NULL;NULL;6;Embodied;3;Rotation;LineBisection;2;LineBisectionFirst;NULL;0;NULL;0.0000;0.0000;2.0000;Exposure;0.0000;2026-05-21 13:22:21.1390;Hands;NULL;NULL;OpenXR
NULL;Right;NULL;40;Exposure;NULL;OppositeHandTrigger;1;0;0;-1;0;0;0.0000;0.0000;2.0000;NULL;Rotation;anonymous;NULL;Pointer Shoot;PointerEvent;Participant;10250;62ff0559-0a9d-4756-b5f1-26da7b190742;NULL;-0.0001;0.0002;0.0027;11.4109;2.9306;2.3685;NULL;-0.1370;-0.0248;2.0000;-0.1370;-0.0248;2.0000;NULL;NULL;-0.1098;-0.5491;0.3581;11.0439;356.8339;6.2530;-0.1079;-0.5452;0.3493;9.8524;357.7779;6.3179;1;NULL;-0.1421;-0.5773;0.2628;3.6271;9.1359;113.9809;Palm;NULL;NULL;NULL;NULL;1;0;0;-1;0;0;0.0000;0.0000;2.0000;-1.0599;-0.3132;-0.0678;45.1623;232.1818;179.1694;-1.0558;-0.3079;-0.0646;45.1625;232.1822;179.1700;0;NULL;0.1210;-0.1422;0.4174;327.0177;338.3664;349.3890;Palm;NULL;b529d3a4-b51a-4eec-b995-f74e31f7f71d;NULL;NULL;6;Embodied;3;Rotation;LineBisection;2;LineBisectionFirst;22;0;NULL;0.0000;0.0000;2.0000;Exposure;1.1079;2026-05-21 13:22:22.2450;Hands;NULL;NULL;OpenXR
NULL;Right;NULL;40;Exposure;NULL;OppositeHandTrigger;1;0;0;-1;0;0;0.0000;0.0000;2.0000;NULL;Rotation;anonymous;NULL;Mole Missed;PointerEvent;Participant;10250;62ff0559-0a9d-4756-b5f1-26da7b190742;NULL;-0.0001;0.0002;0.0027;11.4109;2.9306;2.3685;0.1393;-0.1370;-0.0248;2.0000;-0.1370;-0.0248;2.0000;NULL;0;-0.1098;-0.5491;0.3581;11.0439;356.8339;6.2530;-0.1079;-0.5452;0.3493;9.8524;357.7779;6.3179;1;NULL;-0.1421;-0.5773;0.2628;3.6271;9.1359;113.9809;Palm;NULL;NULL;NULL;NULL;1;0;0;-1;0;0;0.0000;0.0000;2.0000;-1.0599;-0.3132;-0.0678;45.1623;232.1818;179.1694;-1.0558;-0.3079;-0.0646;45.1625;232.1822;179.1700;0;NULL;0.1210;-0.1422;0.4174;327.0177;338.3664;349.3890;Palm;NULL;b529d3a4-b51a-4eec-b995-f74e31f7f71d;NULL;NULL;6;Embodied;3;Rotation;LineBisection;2;LineBisectionFirst;22;0;NULL;0.0000;0.0000;2.0000;Exposure;0.0000;2026-05-21 13:22:22.2460;Hands;NULL;NULL;OpenXR
NULL;Right;NULL;NULL;Exposure;NULL;OppositeHandTrigger;3;2;0;1;0;0;-0.5000;0.0000;2.0000;NULL;Rotation;anonymous;NULL;Mole Spawned;MoleEvent;Participant;10250;62ff0559-0a9d-4756-b5f1-26da7b190742;NULL;-0.0001;0.0002;0.0027;11.4109;2.9306;2.3685;NULL;NULL;NULL;NULL;NULL;NULL;NULL;NULL;NULL;-0.1098;-0.5491;0.3581;11.0439;356.8339;6.2530;-0.1079;-0.5452;0.3493;9.8524;357.7779;6.3179;1;NULL;-0.1421;-0.5773;0.2628;3.6271;9.1359;113.9809;Palm;NULL;NULL;NULL;NULL;3;2;0;1;0;0;-0.5000;0.0000;2.0000;-1.0599;-0.3132;-0.0678;45.1623;232.1818;179.1694;-1.0558;-0.3079;-0.0646;45.1625;232.1822;179.1700;0;NULL;0.1210;-0.1422;0.4174;327.0177;338.3664;349.3890;Palm;NULL;b529d3a4-b51a-4eec-b995-f74e31f7f71d;NULL;NULL;6;Embodied;3;Rotation;LineBisection;2;LineBisectionFirst;NULL;2;NULL;-0.5000;0.0000;2.0000;Exposure;0.0000;2026-05-21 13:22:22.2475;Hands;NULL;NULL;OpenXR
NULL;Right;NULL;41;Exposure;NULL;OppositeHandTrigger;3;2;0;1;0;0;-0.5000;0.0000;2.0000;NULL;Rotation;anonymous;NULL;Pointer Shoot;PointerEvent;Participant;10361;62ff0559-0a9d-4756-b5f1-26da7b190742;NULL;-0.0018;-0.0002;0.0030;11.5342;2.6230;2.6010;NULL;-0.4356;-0.0759;2.0000;-0.4356;-0.0759;2.0000;NULL;NULL;-0.1100;-0.5478;0.3576;11.0361;356.5990;6.5337;-0.1082;-0.5447;0.3487;10.3376;357.1486;6.5060;1;NULL;-0.1429;-0.5799;0.2634;3.2256;8.8291;113.6122;Palm;NULL;NULL;NULL;NULL;3;2;0;1;0;0;-0.5000;0.0000;2.0000;-1.0599;-0.3132;-0.0678;45.1623;232.1818;179.1694;-1.0558;-0.3079;-0.0646;45.1625;232.1822;179.1700;0;NULL;0.0712;-0.1450;0.3960;327.7575;330.9004;347.3842;Palm;NULL;b529d3a4-b51a-4eec-b995-f74e31f7f71d;NULL;NULL;6;Embodied;3;Rotation;LineBisection;2;LineBisectionFirst;22;2;NULL;-0.5000;0.0000;2.0000;Exposure;0.9249;2026-05-21 13:22:23.1681;Hands;NULL;NULL;OpenXR
NULL;Right;NULL;41;Exposure;NULL;OppositeHandTrigger;3;2;0;1;0;0;-0.5000;0.0000;2.0000;NULL;Rotation;anonymous;NULL;Mole Hit;MoleEvent;Participant;10361;62ff0559-0a9d-4756-b5f1-26da7b190742;NULL;-0.0018;-0.0002;0.0030;11.5342;2.6230;2.6010;0.0995;-0.4356;-0.0759;2.0000;-0.4356;-0.0759;2.0000;NULL;1;-0.1100;-0.5478;0.3576;11.0361;356.5990;6.5337;-0.1082;-0.5447;0.3487;10.3376;357.1486;6.5060;1;NULL;-0.1429;-0.5799;0.2634;3.2256;8.8291;113.6122;Palm;NULL;NULL;NULL;NULL;3;2;0;1;0;0;-0.5000;0.0000;2.0000;-1.0599;-0.3132;-0.0678;45.1623;232.1818;179.1694;-1.0558;-0.3079;-0.0646;45.1625;232.1822;179.1700;0;NULL;0.0712;-0.1450;0.3960;327.7575;330.9004;347.3842;Palm;NULL;b529d3a4-b51a-4eec-b995-f74e31f7f71d;NULL;NULL;6;Embodied;3;Rotation;LineBisection;2;LineBisectionFirst;22;2;NULL;-0.5000;0.0000;2.0000;Exposure;0.0000;2026-05-21 13:22:23.1706;Hands;NULL;NULL;OpenXR
NULL;Right;NULL;NULL;Exposure;NULL;OppositeHandTrigger;2;1;0;0;0;0;0.5000;0.0000;2.0000;NULL;Rotation;anonymous;NULL;Mole Spawned;MoleEvent;Participant;10361;62ff0559-0a9d-4756-b5f1-26da7b190742;NULL;-0.0018;-0.0002;0.0030;11.5342;2.6230;2.6010;NULL;NULL;NULL;NULL;NULL;NULL;NULL;NULL;NULL;-0.1100;-0.5478;0.3576;11.0361;356.5990;6.5337;-0.1082;-0.5447;0.3487;10.3376;357.1486;6.5060;1;NULL;-0.1429;-0.5799;0.2634;3.2256;8.8291;113.6122;Palm;NULL;NULL;NULL;NULL;2;1;0;0;0;0;0.5000;0.0000;2.0000;-1.0599;-0.3132;-0.0678;45.1623;232.1818;179.1694;-1.0558;-0.3079;-0.0646;45.1625;232.1822;179.1700;0;NULL;0.0712;-0.1450;0.3960;327.7575;330.9004;347.3842;Palm;NULL;b529d3a4-b51a-4eec-b995-f74e31f7f71d;NULL;NULL;6;Embodied;3;Rotation;LineBisection;2;LineBisectionFirst;NULL;1;NULL;0.5000;0.0000;2.0000;Exposure;0.0000;2026-05-21 13:22:23.1717;Hands;NULL;NULL;OpenXR
NULL;Right;NULL;42;Exposure;NULL;OppositeHandTrigger;2;1;0;0;0;0;0.5000;0.0000;2.0000;NULL;Rotation;anonymous;NULL;Pointer Shoot;PointerEvent;Participant;10511;62ff0559-0a9d-4756-b5f1-26da7b190742;NULL;0.0029;-0.0001;0.0032;11.7375;3.4216;1.9918;NULL;0.4443;-0.0074;2.0000;0.4443;-0.0074;2.0000;NULL;NULL;-0.1101;-0.5481;0.3576;11.2124;356.7409;6.5077;-0.1085;-0.5467;0.3502;10.7908;357.3509;6.1589;1;NULL;-0.1419;-0.5786;0.2627;3.9830;8.4657;114.5291;Palm;NULL;NULL;NULL;NULL;2;1;0;0;0;0;0.5000;0.0000;2.0000;-1.0599;-0.3132;-0.0678;45.1623;232.1818;179.1694;-1.0558;-0.3079;-0.0646;45.1625;232.1822;179.1700;0;NULL;0.2277;-0.1349;0.4315;323.6489;0.2174;342.8596;Palm;NULL;b529d3a4-b51a-4eec-b995-f74e31f7f71d;NULL;NULL;6;Embodied;3;Rotation;LineBisection;2;LineBisectionFirst;23;1;NULL;0.5000;0.0000;2.0000;Exposure;1.2496;2026-05-21 13:22:24.4181;Hands;NULL;NULL;OpenXR
NULL;Right;NULL;42;Exposure;NULL;OppositeHandTrigger;2;1;0;0;0;0;0.5000;0.0000;2.0000;NULL;Rotation;anonymous;NULL;Mole Hit;MoleEvent;Participant;10511;62ff0559-0a9d-4756-b5f1-26da7b190742;NULL;0.0029;-0.0001;0.0032;11.7375;3.4216;1.9918;0.0562;0.4443;-0.0074;2.0000;0.4443;-0.0074;2.0000;NULL;1;-0.1101;-0.5481;0.3576;11.2124;356.7409;6.5077;-0.1085;-0.5467;0.3502;10.7908;357.3509;6.1589;1;NULL;-0.1419;-0.5786;0.2627;3.9830;8.4657;114.5291;Palm;NULL;NULL;NULL;NULL;2;1;0;0;0;0;0.5000;0.0000;2.0000;-1.0599;-0.3132;-0.0678;45.1623;232.1818;179.1694;-1.0558;-0.3079;-0.0646;45.1625;232.1822;179.1700;0;NULL;0.2277;-0.1349;0.4315;323.6489;0.2174;342.8596;Palm;NULL;b529d3a4-b51a-4eec-b995-f74e31f7f71d;NULL;NULL;6;Embodied;3;Rotation;LineBisection;2;LineBisectionFirst;23;1;NULL;0.5000;0.0000;2.0000;Exposure;0.0000;2026-05-21 13:22:24.4196;Hands;NULL;NULL;OpenXR
NULL;Right;NULL;NULL;Exposure;NULL;OppositeHandTrigger;1;0;0;-1;0;0;0.0000;0.0000;2.0000;NULL;Rotation;anonymous;NULL;Mole Spawned;MoleEvent;Participant;10511;62ff0559-0a9d-4756-b5f1-26da7b190742;NULL;0.0029;-0.0001;0.0032;11.7375;3.4216;1.9918;NULL;NULL;NULL;NULL;NULL;NULL;NULL;NULL;NULL;-0.1101;-0.5481;0.3576;11.2124;356.7409;6.5077;-0.1085;-0.5467;0.3502;10.7908;357.3509;6.1589;1;NULL;-0.1419;-0.5786;0.2627;3.9830;8.4657;114.5291;Palm;NULL;NULL;NULL;NULL;1;0;0;-1;0;0;0.0000;0.0000;2.0000;-1.0599;-0.3132;-0.0678;45.1623;232.1818;179.1694;-1.0558;-0.3079;-0.0646;45.1625;232.1822;179.1700;0;NULL;0.2277;-0.1349;0.4315;323.6489;0.2174;342.8596;Palm;NULL;b529d3a4-b51a-4eec-b995-f74e31f7f71d;NULL;NULL;6;Embodied;3;Rotation;LineBisection;2;LineBisectionFirst;NULL;0;NULL;0.0000;0.0000;2.0000;Exposure;0.0000;2026-05-21 13:22:24.4216;Hands;NULL;NULL;OpenXR
NULL;Right;NULL;43;Exposure;NULL;OppositeHandTrigger;1;0;0;-1;0;0;0.0000;0.0000;2.0000;NULL;Rotation;anonymous;NULL;Pointer Shoot;PointerEvent;Participant;10635;62ff0559-0a9d-4756-b5f1-26da7b190742;NULL;-0.0001;-0.0003;0.0030;11.6991;3.0042;2.2682;NULL;-0.1535;0.0126;2.0000;-0.1535;0.0126;2.0000;NULL;NULL;-0.1103;-0.5483;0.3577;11.1299;356.7186;6.5418;-0.1087;-0.5460;0.3495;10.1886;357.6630;6.6641;1;NULL;-0.1421;-0.5792;0.2630;3.0612;8.9281;114.8238;Palm;NULL;NULL;NULL;NULL;1;0;0;-1;0;0;0.0000;0.0000;2.0000;-1.0599;-0.3132;-0.0678;45.1623;232.1818;179.1694;-1.0558;-0.3079;-0.0646;45.1625;232.1822;179.1700;0;NULL;0.1426;-0.1390;0.4170;322.2431;340.0414;348.5601;Palm;NULL;b529d3a4-b51a-4eec-b995-f74e31f7f71d;NULL;NULL;6;Embodied;3;Rotation;LineBisection;2;LineBisectionFirst;24;0;NULL;0.0000;0.0000;2.0000;Exposure;1.0333;2026-05-21 13:22:25.4516;Hands;NULL;NULL;OpenXR
NULL;Right;NULL;43;Exposure;NULL;OppositeHandTrigger;1;0;0;-1;0;0;0.0000;0.0000;2.0000;NULL;Rotation;anonymous;NULL;Mole Missed;PointerEvent;Participant;10635;62ff0559-0a9d-4756-b5f1-26da7b190742;NULL;-0.0001;-0.0003;0.0030;11.6991;3.0042;2.2682;0.1540;-0.1535;0.0126;2.0000;-0.1535;0.0126;2.0000;NULL;0;-0.1103;-0.5483;0.3577;11.1299;356.7186;6.5418;-0.1087;-0.5460;0.3495;10.1886;357.6630;6.6641;1;NULL;-0.1421;-0.5792;0.2630;3.0612;8.9281;114.8238;Palm;NULL;NULL;NULL;NULL;1;0;0;-1;0;0;0.0000;0.0000;2.0000;-1.0599;-0.3132;-0.0678;45.1623;232.1818;179.1694;-1.0558;-0.3079;-0.0646;45.1625;232.1822;179.1700;0;NULL;0.1426;-0.1390;0.4170;322.2431;340.0414;348.5601;Palm;NULL;b529d3a4-b51a-4eec-b995-f74e31f7f71d;NULL;NULL;6;Embodied;3;Rotation;LineBisection;2;LineBisectionFirst;24;0;NULL;0.0000;0.0000;2.0000;Exposure;0.0000;2026-05-21 13:22:25.4536;Hands;NULL;NULL;OpenXR
NULL;Right;NULL;NULL;Exposure;NULL;OppositeHandTrigger;3;2;0;1;0;0;-0.5000;0.0000;2.0000;NULL;Rotation;anonymous;NULL;Mole Spawned;MoleEvent;Participant;10635;62ff0559-0a9d-4756-b5f1-26da7b190742;NULL;-0.0001;-0.0003;0.0030;11.6991;3.0042;2.2682;NULL;NULL;NULL;NULL;NULL;NULL;NULL;NULL;NULL;-0.1103;-0.5483;0.3577;11.1299;356.7186;6.5418;-0.1087;-0.5460;0.3495;10.1886;357.6630;6.6641;1;NULL;-0.1421;-0.5792;0.2630;3.0612;8.9281;114.8238;Palm;NULL;NULL;NULL;NULL;3;2;0;1;0;0;-0.5000;0.0000;2.0000;-1.0599;-0.3132;-0.0678;45.1623;232.1818;179.1694;-1.0558;-0.3079;-0.0646;45.1625;232.1822;179.1700;0;NULL;0.1426;-0.1390;0.4170;322.2431;340.0414;348.5601;Palm;NULL;b529d3a4-b51a-4eec-b995-f74e31f7f71d;NULL;NULL;6;Embodied;3;Rotation;LineBisection;2;LineBisectionFirst;NULL;2;NULL;-0.5000;0.0000;2.0000;Exposure;0.0000;2026-05-21 13:22:25.4541;Hands;NULL;NULL;OpenXR
NULL;Right;NULL;44;Exposure;NULL;OppositeHandTrigger;3;2;0;1;0;0;-0.5000;0.0000;2.0000;NULL;Rotation;anonymous;NULL;Pointer Shoot;PointerEvent;Participant;11026;62ff0559-0a9d-4756-b5f1-26da7b190742;NULL;0.0002;-0.0034;0.0066;12.7377;2.3068;2.3746;NULL;-0.4420;-0.0172;2.0000;-0.4420;-0.0172;2.0000;NULL;NULL;-0.1109;-0.5489;0.3582;11.4211;356.5726;7.1377;-0.1097;-0.5471;0.3500;10.4040;356.8753;6.6881;1;NULL;-0.1424;-0.5808;0.2647;3.2300;7.9234;116.4834;Palm;NULL;NULL;NULL;NULL;3;2;0;1;0;0;-0.5000;0.0000;2.0000;-1.0599;-0.3132;-0.0678;45.1623;232.1818;179.1694;-1.0558;-0.3079;-0.0646;45.1625;232.1822;179.1700;0;NULL;0.0597;-0.2104;0.3217;327.8096;328.1432;354.1200;Palm;NULL;b529d3a4-b51a-4eec-b995-f74e31f7f71d;NULL;NULL;6;Embodied;3;Rotation;LineBisection;2;LineBisectionFirst;24;2;NULL;-0.5000;0.0000;2.0000;Exposure;3.2654;2026-05-21 13:22:28.7162;Hands;NULL;NULL;OpenXR
NULL;Right;NULL;44;Exposure;NULL;OppositeHandTrigger;3;2;0;1;0;0;-0.5000;0.0000;2.0000;NULL;Rotation;anonymous;NULL;Mole Hit;MoleEvent;Participant;11026;62ff0559-0a9d-4756-b5f1-26da7b190742;NULL;0.0002;-0.0034;0.0066;12.7377;2.3068;2.3746;0.0605;-0.4420;-0.0172;2.0000;-0.4420;-0.0172;2.0000;NULL;1;-0.1109;-0.5489;0.3582;11.4211;356.5726;7.1377;-0.1097;-0.5471;0.3500;10.4040;356.8753;6.6881;1;NULL;-0.1424;-0.5808;0.2647;3.2300;7.9234;116.4834;Palm;NULL;NULL;NULL;NULL;3;2;0;1;0;0;-0.5000;0.0000;2.0000;-1.0599;-0.3132;-0.0678;45.1623;232.1818;179.1694;-1.0558;-0.3079;-0.0646;45.1625;232.1822;179.1700;0;NULL;0.0597;-0.2104;0.3217;327.8096;328.1432;354.1200;Palm;NULL;b529d3a4-b51a-4eec-b995-f74e31f7f71d;NULL;NULL;6;Embodied;3;Rotation;LineBisection;2;LineBisectionFirst;24;2;NULL;-0.5000;0.0000;2.0000;Exposure;0.0000;2026-05-21 13:22:28.7178;Hands;NULL;NULL;OpenXR
NULL;Right;NULL;NULL;Exposure;NULL;OppositeHandTrigger;2;1;0;0;0;0;0.5000;0.0000;2.0000;NULL;Rotation;anonymous;NULL;Mole Spawned;MoleEvent;Participant;11026;62ff0559-0a9d-4756-b5f1-26da7b190742;NULL;0.0002;-0.0034;0.0066;12.7377;2.3068;2.3746;NULL;NULL;NULL;NULL;NULL;NULL;NULL;NULL;NULL;-0.1109;-0.5489;0.3582;11.4211;356.5726;7.1377;-0.1097;-0.5471;0.3500;10.4040;356.8753;6.6881;1;NULL;-0.1424;-0.5808;0.2647;3.2300;7.9234;116.4834;Palm;NULL;NULL;NULL;NULL;2;1;0;0;0;0;0.5000;0.0000;2.0000;-1.0599;-0.3132;-0.0678;45.1623;232.1818;179.1694;-1.0558;-0.3079;-0.0646;45.1625;232.1822;179.1700;0;NULL;0.0597;-0.2104;0.3217;327.8096;328.1432;354.1200;Palm;NULL;b529d3a4-b51a-4eec-b995-f74e31f7f71d;NULL;NULL;6;Embodied;3;Rotation;LineBisection;2;LineBisectionFirst;NULL;1;NULL;0.5000;0.0000;2.0000;Exposure;0.0000;2026-05-21 13:22:28.7193;Hands;NULL;NULL;OpenXR
NULL;Right;NULL;45;Exposure;NULL;OppositeHandTrigger;2;1;0;0;0;0;0.5000;0.0000;2.0000;NULL;Rotation;anonymous;NULL;Pointer Shoot;PointerEvent;Participant;11173;62ff0559-0a9d-4756-b5f1-26da7b190742;NULL;0.0036;-0.0026;0.0048;12.4464;3.4250;2.0174;NULL;0.5885;-0.0051;2.0000;0.5885;-0.0051;2.0000;NULL;NULL;-0.1108;-0.5490;0.3582;11.3354;356.6278;7.0218;-0.1087;-0.5463;0.3495;10.4035;357.4918;6.7052;1;NULL;-0.1423;-0.5814;0.2650;3.7343;7.9116;116.6229;Palm;NULL;NULL;NULL;NULL;2;1;0;0;0;0;0.5000;0.0000;2.0000;-1.0599;-0.3132;-0.0678;45.1623;232.1818;179.1694;-1.0558;-0.3079;-0.0646;45.1625;232.1822;179.1700;0;NULL;0.2188;-0.1961;0.3540;324.2514;3.4129;344.8470;Palm;NULL;b529d3a4-b51a-4eec-b995-f74e31f7f71d;NULL;NULL;6;Embodied;3;Rotation;LineBisection;2;LineBisectionFirst;25;1;NULL;0.5000;0.0000;2.0000;Exposure;1.2249;2026-05-21 13:22:29.9419;Hands;NULL;NULL;OpenXR
NULL;Right;NULL;45;Exposure;NULL;OppositeHandTrigger;2;1;0;0;0;0;0.5000;0.0000;2.0000;NULL;Rotation;anonymous;NULL;Mole Hit;MoleEvent;Participant;11173;62ff0559-0a9d-4756-b5f1-26da7b190742;NULL;0.0036;-0.0026;0.0048;12.4464;3.4250;2.0174;0.0887;0.5885;-0.0051;2.0000;0.5885;-0.0051;2.0000;NULL;1;-0.1108;-0.5490;0.3582;11.3354;356.6278;7.0218;-0.1087;-0.5463;0.3495;10.4035;357.4918;6.7052;1;NULL;-0.1423;-0.5814;0.2650;3.7343;7.9116;116.6229;Palm;NULL;NULL;NULL;NULL;2;1;0;0;0;0;0.5000;0.0000;2.0000;-1.0599;-0.3132;-0.0678;45.1623;232.1818;179.1694;-1.0558;-0.3079;-0.0646;45.1625;232.1822;179.1700;0;NULL;0.2188;-0.1961;0.3540;324.2514;3.4129;344.8470;Palm;NULL;b529d3a4-b51a-4eec-b995-f74e31f7f71d;NULL;NULL;6;Embodied;3;Rotation;LineBisection;2;LineBisectionFirst;25;1;NULL;0.5000;0.0000;2.0000;Exposure;0.0000;2026-05-21 13:22:29.9434;Hands;NULL;NULL;OpenXR
NULL;Right;NULL;NULL;Exposure;NULL;OppositeHandTrigger;1;0;0;-1;0;0;0.0000;0.0000;2.0000;NULL;Rotation;anonymous;NULL;Mole Spawned;MoleEvent;Participant;11173;62ff0559-0a9d-4756-b5f1-26da7b190742;NULL;0.0036;-0.0026;0.0048;12.4464;3.4250;2.0174;NULL;NULL;NULL;NULL;NULL;NULL;NULL;NULL;NULL;-0.1108;-0.5490;0.3582;11.3354;356.6278;7.0218;-0.1087;-0.5463;0.3495;10.4035;357.4918;6.7052;1;NULL;-0.1423;-0.5814;0.2650;3.7343;7.9116;116.6229;Palm;NULL;NULL;NULL;NULL;1;0;0;-1;0;0;0.0000;0.0000;2.0000;-1.0599;-0.3132;-0.0678;45.1623;232.1818;179.1694;-1.0558;-0.3079;-0.0646;45.1625;232.1822;179.1700;0;NULL;0.2188;-0.1961;0.3540;324.2514;3.4129;344.8470;Palm;NULL;b529d3a4-b51a-4eec-b995-f74e31f7f71d;NULL;NULL;6;Embodied;3;Rotation;LineBisection;2;LineBisectionFirst;NULL;0;NULL;0.0000;0.0000;2.0000;Exposure;0.0000;2026-05-21 13:22:29.9449;Hands;NULL;NULL;OpenXR
NULL;Right;NULL;46;Exposure;NULL;OppositeHandTrigger;1;0;0;-1;0;0;0.0000;0.0000;2.0000;NULL;Rotation;anonymous;NULL;Pointer Shoot;PointerEvent;Participant;11280;62ff0559-0a9d-4756-b5f1-26da7b190742;NULL;0.0006;-0.0024;0.0043;12.3905;2.8693;2.3137;NULL;-0.0914;-0.1097;2.0000;-0.0914;-0.1097;2.0000;NULL;NULL;-0.1108;-0.5487;0.3581;11.2748;356.5295;6.8984;-0.1089;-0.5451;0.3488;10.3513;357.1542;6.7298;1;NULL;-0.1423;-0.5816;0.2643;3.0448;8.4138;115.7124;Palm;NULL;NULL;NULL;NULL;1;0;0;-1;0;0;0.0000;0.0000;2.0000;-1.0599;-0.3132;-0.0678;45.1623;232.1818;179.1694;-1.0558;-0.3079;-0.0646;45.1625;232.1822;179.1700;0;NULL;0.1227;-0.2035;0.3494;325.1525;341.4547;350.2183;Palm;NULL;b529d3a4-b51a-4eec-b995-f74e31f7f71d;NULL;NULL;6;Embodied;3;Rotation;LineBisection;2;LineBisectionFirst;26;0;NULL;0.0000;0.0000;2.0000;Exposure;0.8914;2026-05-21 13:22:30.8334;Hands;NULL;NULL;OpenXR
NULL;Right;NULL;46;Exposure;NULL;OppositeHandTrigger;1;0;0;-1;0;0;0.0000;0.0000;2.0000;NULL;Rotation;anonymous;NULL;Mole Missed;PointerEvent;Participant;11280;62ff0559-0a9d-4756-b5f1-26da7b190742;NULL;0.0006;-0.0024;0.0043;12.3905;2.8693;2.3137;0.1428;-0.0914;-0.1097;2.0000;-0.0914;-0.1097;2.0000;NULL;0;-0.1108;-0.5487;0.3581;11.2748;356.5295;6.8984;-0.1089;-0.5451;0.3488;10.3513;357.1542;6.7298;1;NULL;-0.1423;-0.5816;0.2643;3.0448;8.4138;115.7124;Palm;NULL;NULL;NULL;NULL;1;0;0;-1;0;0;0.0000;0.0000;2.0000;-1.0599;-0.3132;-0.0678;45.1623;232.1818;179.1694;-1.0558;-0.3079;-0.0646;45.1625;232.1822;179.1700;0;NULL;0.1227;-0.2035;0.3494;325.1525;341.4547;350.2183;Palm;NULL;b529d3a4-b51a-4eec-b995-f74e31f7f71d;NULL;NULL;6;Embodied;3;Rotation;LineBisection;2;LineBisectionFirst;26;0;NULL;0.0000;0.0000;2.0000;Exposure;0.0000;2026-05-21 13:22:30.8349;Hands;NULL;NULL;OpenXR
NULL;Right;NULL;NULL;Exposure;NULL;OppositeHandTrigger;3;2;0;1;0;0;-0.5000;0.0000;2.0000;NULL;Rotation;anonymous;NULL;Mole Spawned;MoleEvent;Participant;11280;62ff0559-0a9d-4756-b5f1-26da7b190742;NULL;0.0006;-0.0024;0.0043;12.3905;2.8693;2.3137;NULL;NULL;NULL;NULL;NULL;NULL;NULL;NULL;NULL;-0.1108;-0.5487;0.3581;11.2748;356.5295;6.8984;-0.1089;-0.5451;0.3488;10.3513;357.1542;6.7298;1;NULL;-0.1423;-0.5816;0.2643;3.0448;8.4138;115.7124;Palm;NULL;NULL;NULL;NULL;3;2;0;1;0;0;-0.5000;0.0000;2.0000;-1.0599;-0.3132;-0.0678;45.1623;232.1818;179.1694;-1.0558;-0.3079;-0.0646;45.1625;232.1822;179.1700;0;NULL;0.1227;-0.2035;0.3494;325.1525;341.4547;350.2183;Palm;NULL;b529d3a4-b51a-4eec-b995-f74e31f7f71d;NULL;NULL;6;Embodied;3;Rotation;LineBisection;2;LineBisectionFirst;NULL;2;NULL;-0.5000;0.0000;2.0000;Exposure;0.0000;2026-05-21 13:22:30.8359;Hands;NULL;NULL;OpenXR
NULL;Right;NULL;47;Exposure;NULL;OppositeHandTrigger;3;2;0;1;0;0;-0.5000;0.0000;2.0000;NULL;Rotation;anonymous;NULL;Pointer Shoot;PointerEvent;Participant;11393;62ff0559-0a9d-4756-b5f1-26da7b190742;NULL;-0.0010;-0.0018;0.0032;12.2357;2.4381;2.3759;NULL;-0.5189;0.0318;2.0000;-0.5189;0.0318;2.0000;NULL;NULL;-0.1107;-0.5485;0.3578;11.3029;356.4329;7.0475;-0.1103;-0.5466;0.3497;10.6680;356.5444;6.5714;1;NULL;-0.1441;-0.5836;0.2650;3.8510;7.1597;116.0705;Palm;NULL;NULL;NULL;NULL;3;2;0;1;0;0;-0.5000;0.0000;2.0000;-1.0599;-0.3132;-0.0678;45.1623;232.1818;179.1694;-1.0558;-0.3079;-0.0646;45.1625;232.1822;179.1700;0;NULL;0.0775;-0.1937;0.3279;323.9365;330.8360;351.0865;Palm;NULL;b529d3a4-b51a-4eec-b995-f74e31f7f71d;NULL;NULL;6;Embodied;3;Rotation;LineBisection;2;LineBisectionFirst;26;2;NULL;-0.5000;0.0000;2.0000;Exposure;0.9416;2026-05-21 13:22:31.7748;Hands;NULL;NULL;OpenXR
NULL;Right;NULL;47;Exposure;NULL;OppositeHandTrigger;3;2;0;1;0;0;-0.5000;0.0000;2.0000;NULL;Rotation;anonymous;NULL;Mole Hit;MoleEvent;Participant;11393;62ff0559-0a9d-4756-b5f1-26da7b190742;NULL;-0.0010;-0.0018;0.0032;12.2357;2.4381;2.3759;0.0370;-0.5189;0.0318;2.0000;-0.5189;0.0318;2.0000;NULL;1;-0.1107;-0.5485;0.3578;11.3029;356.4329;7.0475;-0.1103;-0.5466;0.3497;10.6680;356.5444;6.5714;1;NULL;-0.1441;-0.5836;0.2650;3.8510;7.1597;116.0705;Palm;NULL;NULL;NULL;NULL;3;2;0;1;0;0;-0.5000;0.0000;2.0000;-1.0599;-0.3132;-0.0678;45.1623;232.1818;179.1694;-1.0558;-0.3079;-0.0646;45.1625;232.1822;179.1700;0;NULL;0.0775;-0.1937;0.3279;323.9365;330.8360;351.0865;Palm;NULL;b529d3a4-b51a-4eec-b995-f74e31f7f71d;NULL;NULL;6;Embodied;3;Rotation;LineBisection;2;LineBisectionFirst;26;2;NULL;-0.5000;0.0000;2.0000;Exposure;0.0000;2026-05-21 13:22:31.7764;Hands;NULL;NULL;OpenXR
NULL;Right;NULL;NULL;Exposure;NULL;OppositeHandTrigger;2;1;0;0;0;0;0.5000;0.0000;2.0000;NULL;Rotation;anonymous;NULL;Mole Spawned;MoleEvent;Participant;11393;62ff0559-0a9d-4756-b5f1-26da7b190742;NULL;-0.0010;-0.0018;0.0032;12.2357;2.4381;2.3759;NULL;NULL;NULL;NULL;NULL;NULL;NULL;NULL;NULL;-0.1107;-0.5485;0.3578;11.3029;356.4329;7.0475;-0.1103;-0.5466;0.3497;10.6680;356.5444;6.5714;1;NULL;-0.1441;-0.5836;0.2650;3.8510;7.1597;116.0705;Palm;NULL;NULL;NULL;NULL;2;1;0;0;0;0;0.5000;0.0000;2.0000;-1.0599;-0.3132;-0.0678;45.1623;232.1818;179.1694;-1.0558;-0.3079;-0.0646;45.1625;232.1822;179.1700;0;NULL;0.0775;-0.1937;0.3279;323.9365;330.8360;351.0865;Palm;NULL;b529d3a4-b51a-4eec-b995-f74e31f7f71d;NULL;NULL;6;Embodied;3;Rotation;LineBisection;2;LineBisectionFirst;NULL;1;NULL;0.5000;0.0000;2.0000;Exposure;0.0000;2026-05-21 13:22:31.7779;Hands;NULL;NULL;OpenXR
NULL;Right;NULL;48;Exposure;NULL;OppositeHandTrigger;2;1;0;0;0;0;0.5000;0.0000;2.0000;NULL;Rotation;anonymous;NULL;Pointer Shoot;PointerEvent;Participant;11517;62ff0559-0a9d-4756-b5f1-26da7b190742;NULL;0.0036;-0.0018;0.0034;12.2422;3.2980;1.8396;NULL;0.5030;0.0119;2.0000;0.5030;0.0119;2.0000;NULL;NULL;-0.1108;-0.5487;0.3579;11.4271;356.4725;7.0623;-0.1092;-0.5470;0.3501;10.7928;356.9872;6.6345;1;NULL;-0.1421;-0.5815;0.2650;3.9727;7.8770;116.3261;Palm;NULL;NULL;NULL;NULL;2;1;0;0;0;0;0.5000;0.0000;2.0000;-1.0599;-0.3132;-0.0678;45.1623;232.1818;179.1694;-1.0558;-0.3079;-0.0646;45.1625;232.1822;179.1700;0;NULL;0.2142;-0.1828;0.3530;322.5893;4.3131;343.4687;Palm;NULL;b529d3a4-b51a-4eec-b995-f74e31f7f71d;NULL;NULL;6;Embodied;3;Rotation;LineBisection;2;LineBisectionFirst;27;1;NULL;0.5000;0.0000;2.0000;Exposure;1.0331;2026-05-21 13:22:32.8086;Hands;NULL;NULL;OpenXR
NULL;Right;NULL;48;Exposure;NULL;OppositeHandTrigger;2;1;0;0;0;0;0.5000;0.0000;2.0000;NULL;Rotation;anonymous;NULL;Mole Hit;MoleEvent;Participant;11517;62ff0559-0a9d-4756-b5f1-26da7b190742;NULL;0.0036;-0.0018;0.0034;12.2422;3.2980;1.8396;0.0123;0.5030;0.0119;2.0000;0.5030;0.0119;2.0000;NULL;1;-0.1108;-0.5487;0.3579;11.4271;356.4725;7.0623;-0.1092;-0.5470;0.3501;10.7928;356.9872;6.6345;1;NULL;-0.1421;-0.5815;0.2650;3.9727;7.8770;116.3261;Palm;NULL;NULL;NULL;NULL;2;1;0;0;0;0;0.5000;0.0000;2.0000;-1.0599;-0.3132;-0.0678;45.1623;232.1818;179.1694;-1.0558;-0.3079;-0.0646;45.1625;232.1822;179.1700;0;NULL;0.2142;-0.1828;0.3530;322.5893;4.3131;343.4687;Palm;NULL;b529d3a4-b51a-4eec-b995-f74e31f7f71d;NULL;NULL;6;Embodied;3;Rotation;LineBisection;2;LineBisectionFirst;27;1;NULL;0.5000;0.0000;2.0000;Exposure;0.0000;2026-05-21 13:22:32.8096;Hands;NULL;NULL;OpenXR
NULL;Right;NULL;NULL;Exposure;NULL;OppositeHandTrigger;3;2;0;1;0;0;-0.5000;0.0000;2.0000;NULL;Rotation;anonymous;NULL;Mole Spawned;MoleEvent;Participant;11517;62ff0559-0a9d-4756-b5f1-26da7b190742;NULL;0.0036;-0.0018;0.0034;12.2422;3.2980;1.8396;NULL;NULL;NULL;NULL;NULL;NULL;NULL;NULL;NULL;-0.1108;-0.5487;0.3579;11.4271;356.4725;7.0623;-0.1092;-0.5470;0.3501;10.7928;356.9872;6.6345;1;NULL;-0.1421;-0.5815;0.2650;3.9727;7.8770;116.3261;Palm;NULL;NULL;NULL;NULL;3;2;0;1;0;0;-0.5000;0.0000;2.0000;-1.0599;-0.3132;-0.0678;45.1623;232.1818;179.1694;-1.0558;-0.3079;-0.0646;45.1625;232.1822;179.1700;0;NULL;0.2142;-0.1828;0.3530;322.5893;4.3131;343.4687;Palm;NULL;b529d3a4-b51a-4eec-b995-f74e31f7f71d;NULL;NULL;6;Embodied;3;Rotation;LineBisection;2;LineBisectionFirst;NULL;2;NULL;-0.5000;0.0000;2.0000;Exposure;0.0000;2026-05-21 13:22:32.8111;Hands;NULL;NULL;OpenXR
NULL;Right;NULL;49;Exposure;NULL;OppositeHandTrigger;3;2;0;1;0;0;-0.5000;0.0000;2.0000;NULL;Rotation;anonymous;NULL;Pointer Shoot;PointerEvent;Participant;11626;62ff0559-0a9d-4756-b5f1-26da7b190742;NULL;0.0007;-0.0019;0.0030;12.2432;2.8364;2.2058;NULL;-0.3731;-0.1039;2.0000;-0.3731;-0.1039;2.0000;NULL;NULL;-0.1111;-0.5488;0.3581;11.4320;356.3726;7.0732;-0.1099;-0.5465;0.3496;10.5507;356.7892;6.9480;1;NULL;-0.1439;-0.5833;0.2651;4.6032;7.3254;116.8397;Palm;NULL;NULL;NULL;NULL;3;2;0;1;0;0;-0.5000;0.0000;2.0000;-1.0599;-0.3132;-0.0678;45.1623;232.1818;179.1694;-1.0558;-0.3079;-0.0646;45.1625;232.1822;179.1700;0;NULL;0.0926;-0.1952;0.3285;325.4264;336.4435;348.5511;Palm;NULL;b529d3a4-b51a-4eec-b995-f74e31f7f71d;NULL;NULL;6;Embodied;3;Rotation;LineBisection;2;LineBisectionFirst;28;2;NULL;-0.5000;0.0000;2.0000;Exposure;0.9080;2026-05-21 13:22:33.7161;Hands;NULL;NULL;OpenXR
NULL;Right;NULL;49;Exposure;NULL;OppositeHandTrigger;3;2;0;1;0;0;-0.5000;0.0000;2.0000;NULL;Rotation;anonymous;NULL;Mole Missed;PointerEvent;Participant;11626;62ff0559-0a9d-4756-b5f1-26da7b190742;NULL;0.0007;-0.0019;0.0030;12.2432;2.8364;2.2058;0.1640;-0.3731;-0.1039;2.0000;-0.3731;-0.1039;2.0000;NULL;0;-0.1111;-0.5488;0.3581;11.4320;356.3726;7.0732;-0.1099;-0.5465;0.3496;10.5507;356.7892;6.9480;1;NULL;-0.1439;-0.5833;0.2651;4.6032;7.3254;116.8397;Palm;NULL;NULL;NULL;NULL;3;2;0;1;0;0;-0.5000;0.0000;2.0000;-1.0599;-0.3132;-0.0678;45.1623;232.1818;179.1694;-1.0558;-0.3079;-0.0646;45.1625;232.1822;179.1700;0;NULL;0.0926;-0.1952;0.3285;325.4264;336.4435;348.5511;Palm;NULL;b529d3a4-b51a-4eec-b995-f74e31f7f71d;NULL;NULL;6;Embodied;3;Rotation;LineBisection;2;LineBisectionFirst;28;2;NULL;-0.5000;0.0000;2.0000;Exposure;0.0000;2026-05-21 13:22:33.7176;Hands;NULL;NULL;OpenXR
NULL;Right;NULL;NULL;Exposure;NULL;OppositeHandTrigger;2;1;0;0;0;0;0.5000;0.0000;2.0000;NULL;Rotation;anonymous;NULL;Mole Spawned;MoleEvent;Participant;11626;62ff0559-0a9d-4756-b5f1-26da7b190742;NULL;0.0007;-0.0019;0.0030;12.2432;2.8364;2.2058;NULL;NULL;NULL;NULL;NULL;NULL;NULL;NULL;NULL;-0.1111;-0.5488;0.3581;11.4320;356.3726;7.0732;-0.1099;-0.5465;0.3496;10.5507;356.7892;6.9480;1;NULL;-0.1439;-0.5833;0.2651;4.6032;7.3254;116.8397;Palm;NULL;NULL;NULL;NULL;2;1;0;0;0;0;0.5000;0.0000;2.0000;-1.0599;-0.3132;-0.0678;45.1623;232.1818;179.1694;-1.0558;-0.3079;-0.0646;45.1625;232.1822;179.1700;0;NULL;0.0926;-0.1952;0.3285;325.4264;336.4435;348.5511;Palm;NULL;b529d3a4-b51a-4eec-b995-f74e31f7f71d;NULL;NULL;6;Embodied;3;Rotation;LineBisection;2;LineBisectionFirst;NULL;1;NULL;0.5000;0.0000;2.0000;Exposure;0.0000;2026-05-21 13:22:33.7191;Hands;NULL;NULL;OpenXR
NULL;Right;NULL;50;Exposure;NULL;OppositeHandTrigger;2;1;0;0;0;0;0.5000;0.0000;2.0000;NULL;Rotation;anonymous;NULL;Pointer Shoot;PointerEvent;Participant;11733;62ff0559-0a9d-4756-b5f1-26da7b190742;NULL;0.0045;-0.0011;0.0027;11.8598;3.5084;1.8440;NULL;0.5037;-0.0059;2.0000;0.5037;-0.0059;2.0000;NULL;NULL;-0.1110;-0.5488;0.3581;11.4594;356.4301;7.0130;-0.1084;-0.5467;0.3500;10.7762;357.0046;6.4019;1;NULL;-0.1419;-0.5828;0.2663;3.7582;8.2002;116.6633;Palm;NULL;NULL;NULL;NULL;2;1;0;0;0;0;0.5000;0.0000;2.0000;-1.0599;-0.3132;-0.0678;45.1623;232.1818;179.1694;-1.0558;-0.3079;-0.0646;45.1625;232.1822;179.1700;0;NULL;0.2147;-0.1792;0.3581;322.8496;6.5924;340.3843;Palm;NULL;b529d3a4-b51a-4eec-b995-f74e31f7f71d;NULL;NULL;6;Embodied;3;Rotation;LineBisection;2;LineBisectionFirst;28;1;NULL;0.5000;0.0000;2.0000;Exposure;0.8913;2026-05-21 13:22:34.6078;Hands;NULL;NULL;OpenXR
NULL;Right;NULL;50;Exposure;NULL;OppositeHandTrigger;2;1;0;0;0;0;0.5000;0.0000;2.0000;NULL;Rotation;anonymous;NULL;Mole Hit;MoleEvent;Participant;11733;62ff0559-0a9d-4756-b5f1-26da7b190742;NULL;0.0045;-0.0011;0.0027;11.8598;3.5084;1.8440;0.0069;0.5037;-0.0059;2.0000;0.5037;-0.0059;2.0000;NULL;1;-0.1110;-0.5488;0.3581;11.4594;356.4301;7.0130;-0.1084;-0.5467;0.3500;10.7762;357.0046;6.4019;1;NULL;-0.1419;-0.5828;0.2663;3.7582;8.2002;116.6633;Palm;NULL;NULL;NULL;NULL;2;1;0;0;0;0;0.5000;0.0000;2.0000;-1.0599;-0.3132;-0.0678;45.1623;232.1818;179.1694;-1.0558;-0.3079;-0.0646;45.1625;232.1822;179.1700;0;NULL;0.2147;-0.1792;0.3581;322.8496;6.5924;340.3843;Palm;NULL;b529d3a4-b51a-4eec-b995-f74e31f7f71d;NULL;NULL;6;Embodied;3;Rotation;LineBisection;2;LineBisectionFirst;28;1;NULL;0.5000;0.0000;2.0000;Exposure;0.0000;2026-05-21 13:22:34.6088;Hands;NULL;NULL;OpenXR
NULL;Right;NULL;NULL;Exposure;NULL;OppositeHandTrigger;1;0;0;-1;0;0;0.0000;0.0000;2.0000;NULL;Rotation;anonymous;NULL;Mole Spawned;MoleEvent;Participant;11733;62ff0559-0a9d-4756-b5f1-26da7b190742;NULL;0.0045;-0.0011;0.0027;11.8598;3.5084;1.8440;NULL;NULL;NULL;NULL;NULL;NULL;NULL;NULL;NULL;-0.1110;-0.5488;0.3581;11.4594;356.4301;7.0130;-0.1084;-0.5467;0.3500;10.7762;357.0046;6.4019;1;NULL;-0.1419;-0.5828;0.2663;3.7582;8.2002;116.6633;Palm;NULL;NULL;NULL;NULL;1;0;0;-1;0;0;0.0000;0.0000;2.0000;-1.0599;-0.3132;-0.0678;45.1623;232.1818;179.1694;-1.0558;-0.3079;-0.0646;45.1625;232.1822;179.1700;0;NULL;0.2147;-0.1792;0.3581;322.8496;6.5924;340.3843;Palm;NULL;b529d3a4-b51a-4eec-b995-f74e31f7f71d;NULL;NULL;6;Embodied;3;Rotation;LineBisection;2;LineBisectionFirst;NULL;0;NULL;0.0000;0.0000;2.0000;Exposure;0.0000;2026-05-21 13:22:34.6104;Hands;NULL;NULL;OpenXR
NULL;Right;NULL;51;Exposure;NULL;OppositeHandTrigger;1;0;0;-1;0;0;0.0000;0.0000;2.0000;NULL;Rotation;anonymous;NULL;Pointer Shoot;PointerEvent;Participant;11843;62ff0559-0a9d-4756-b5f1-26da7b190742;NULL;0.0007;-0.0016;0.0044;11.8104;2.9431;2.2314;NULL;-0.3079;-0.0264;2.0000;-0.3079;-0.0264;2.0000;NULL;NULL;-0.1111;-0.5490;0.3580;11.5463;356.5606;7.1238;-0.1100;-0.5469;0.3498;10.7634;356.8983;6.9439;1;NULL;-0.1444;-0.5838;0.2662;3.6030;7.7679;116.9379;Palm;NULL;NULL;NULL;NULL;1;0;0;-1;0;0;0.0000;0.0000;2.0000;-1.0599;-0.3132;-0.0678;45.1623;232.1818;179.1694;-1.0558;-0.3079;-0.0646;45.1625;232.1822;179.1700;0;NULL;0.1220;-0.1895;0.3403;323.2177;341.3809;343.9538;Palm;NULL;b529d3a4-b51a-4eec-b995-f74e31f7f71d;NULL;NULL;6;Embodied;3;Rotation;LineBisection;2;LineBisectionFirst;29;0;NULL;0.0000;0.0000;2.0000;Exposure;0.9164;2026-05-21 13:22:35.5245;Hands;NULL;NULL;OpenXR
NULL;Right;NULL;51;Exposure;NULL;OppositeHandTrigger;1;0;0;-1;0;0;0.0000;0.0000;2.0000;NULL;Rotation;anonymous;NULL;Mole Missed;PointerEvent;Participant;11843;62ff0559-0a9d-4756-b5f1-26da7b190742;NULL;0.0007;-0.0016;0.0044;11.8104;2.9431;2.2314;0.3090;-0.3079;-0.0264;2.0000;-0.3079;-0.0264;2.0000;NULL;0;-0.1111;-0.5490;0.3580;11.5463;356.5606;7.1238;-0.1100;-0.5469;0.3498;10.7634;356.8983;6.9439;1;NULL;-0.1444;-0.5838;0.2662;3.6030;7.7679;116.9379;Palm;NULL;NULL;NULL;NULL;1;0;0;-1;0;0;0.0000;0.0000;2.0000;-1.0599;-0.3132;-0.0678;45.1623;232.1818;179.1694;-1.0558;-0.3079;-0.0646;45.1625;232.1822;179.1700;0;NULL;0.1220;-0.1895;0.3403;323.2177;341.3809;343.9538;Palm;NULL;b529d3a4-b51a-4eec-b995-f74e31f7f71d;NULL;NULL;6;Embodied;3;Rotation;LineBisection;2;LineBisectionFirst;29;0;NULL;0.0000;0.0000;2.0000;Exposure;0.0000;2026-05-21 13:22:35.5255;Hands;NULL;NULL;OpenXR
NULL;Right;NULL;NULL;Exposure;NULL;OppositeHandTrigger;3;2;0;1;0;0;-0.5000;0.0000;2.0000;NULL;Rotation;anonymous;NULL;Mole Spawned;MoleEvent;Participant;11843;62ff0559-0a9d-4756-b5f1-26da7b190742;NULL;0.0007;-0.0016;0.0044;11.8104;2.9431;2.2314;NULL;NULL;NULL;NULL;NULL;NULL;NULL;NULL;NULL;-0.1111;-0.5490;0.3580;11.5463;356.5606;7.1238;-0.1100;-0.5469;0.3498;10.7634;356.8983;6.9439;1;NULL;-0.1444;-0.5838;0.2662;3.6030;7.7679;116.9379;Palm;NULL;NULL;NULL;NULL;3;2;0;1;0;0;-0.5000;0.0000;2.0000;-1.0599;-0.3132;-0.0678;45.1623;232.1818;179.1694;-1.0558;-0.3079;-0.0646;45.1625;232.1822;179.1700;0;NULL;0.1220;-0.1895;0.3403;323.2177;341.3809;343.9538;Palm;NULL;b529d3a4-b51a-4eec-b995-f74e31f7f71d;NULL;NULL;6;Embodied;3;Rotation;LineBisection;2;LineBisectionFirst;NULL;2;NULL;-0.5000;0.0000;2.0000;Exposure;0.0000;2026-05-21 13:22:35.5266;Hands;NULL;NULL;OpenXR
NULL;Right;NULL;52;Exposure;NULL;OppositeHandTrigger;3;2;0;1;0;0;-0.5000;0.0000;2.0000;NULL;Rotation;anonymous;NULL;Pointer Shoot;PointerEvent;Participant;11939;62ff0559-0a9d-4756-b5f1-26da7b190742;NULL;-0.0012;-0.0017;0.0039;11.7832;2.4011;2.3922;NULL;-0.6491;-0.1121;2.0000;-0.6491;-0.1121;2.0000;NULL;NULL;-0.1113;-0.5490;0.3580;11.5380;356.4042;7.3534;-0.1108;-0.5467;0.3499;10.9503;356.4783;7.0178;1;NULL;-0.1434;-0.5841;0.2653;3.9027;7.7567;116.9978;Palm;NULL;NULL;NULL;NULL;3;2;0;1;0;0;-0.5000;0.0000;2.0000;-1.0599;-0.3132;-0.0678;45.1623;232.1818;179.1694;-1.0558;-0.3079;-0.0646;45.1625;232.1822;179.1700;0;NULL;0.0785;-0.1947;0.3249;324.0571;332.2820;343.9482;Palm;NULL;b529d3a4-b51a-4eec-b995-f74e31f7f71d;NULL;NULL;6;Embodied;3;Rotation;LineBisection;2;LineBisectionFirst;29;2;NULL;-0.5000;0.0000;2.0000;Exposure;0.7999;2026-05-21 13:22:36.3234;Hands;NULL;NULL;OpenXR
NULL;Right;NULL;52;Exposure;NULL;OppositeHandTrigger;3;2;0;1;0;0;-0.5000;0.0000;2.0000;NULL;Rotation;anonymous;NULL;Mole Missed;PointerEvent;Participant;11939;62ff0559-0a9d-4756-b5f1-26da7b190742;NULL;-0.0012;-0.0017;0.0039;11.7832;2.4011;2.3922;0.1865;-0.6491;-0.1121;2.0000;-0.6491;-0.1121;2.0000;NULL;0;-0.1113;-0.5490;0.3580;11.5380;356.4042;7.3534;-0.1108;-0.5467;0.3499;10.9503;356.4783;7.0178;1;NULL;-0.1434;-0.5841;0.2653;3.9027;7.7567;116.9978;Palm;NULL;NULL;NULL;NULL;3;2;0;1;0;0;-0.5000;0.0000;2.0000;-1.0599;-0.3132;-0.0678;45.1623;232.1818;179.1694;-1.0558;-0.3079;-0.0646;45.1625;232.1822;179.1700;0;NULL;0.0785;-0.1947;0.3249;324.0571;332.2820;343.9482;Palm;NULL;b529d3a4-b51a-4eec-b995-f74e31f7f71d;NULL;NULL;6;Embodied;3;Rotation;LineBisection;2;LineBisectionFirst;29;2;NULL;-0.5000;0.0000;2.0000;Exposure;0.0000;2026-05-21 13:22:36.3254;Hands;NULL;NULL;OpenXR
NULL;Right;NULL;NULL;Exposure;NULL;OppositeHandTrigger;2;1;0;0;0;0;0.5000;0.0000;2.0000;NULL;Rotation;anonymous;NULL;Mole Spawned;MoleEvent;Participant;11939;62ff0559-0a9d-4756-b5f1-26da7b190742;NULL;-0.0012;-0.0017;0.0039;11.7832;2.4011;2.3922;NULL;NULL;NULL;NULL;NULL;NULL;NULL;NULL;NULL;-0.1113;-0.5490;0.3580;11.5380;356.4042;7.3534;-0.1108;-0.5467;0.3499;10.9503;356.4783;7.0178;1;NULL;-0.1434;-0.5841;0.2653;3.9027;7.7567;116.9978;Palm;NULL;NULL;NULL;NULL;2;1;0;0;0;0;0.5000;0.0000;2.0000;-1.0599;-0.3132;-0.0678;45.1623;232.1818;179.1694;-1.0558;-0.3079;-0.0646;45.1625;232.1822;179.1700;0;NULL;0.0785;-0.1947;0.3249;324.0571;332.2820;343.9482;Palm;NULL;b529d3a4-b51a-4eec-b995-f74e31f7f71d;NULL;NULL;6;Embodied;3;Rotation;LineBisection;2;LineBisectionFirst;NULL;1;NULL;0.5000;0.0000;2.0000;Exposure;0.0000;2026-05-21 13:22:36.3259;Hands;NULL;NULL;OpenXR
NULL;Right;NULL;53;Exposure;NULL;OppositeHandTrigger;2;1;0;0;0;0;0.5000;0.0000;2.0000;NULL;Rotation;anonymous;NULL;Pointer Shoot;PointerEvent;Participant;12050;62ff0559-0a9d-4756-b5f1-26da7b190742;NULL;0.0036;-0.0023;0.0047;12.1234;3.7310;2.0606;NULL;0.5053;0.0094;2.0000;0.5053;0.0094;2.0000;NULL;NULL;-0.1114;-0.5489;0.3580;11.6436;356.5291;7.6055;-0.1105;-0.5465;0.3495;10.8647;356.8320;7.1880;1;NULL;-0.1435;-0.5832;0.2655;3.8007;7.8696;117.2509;Palm;NULL;NULL;NULL;NULL;2;1;0;0;0;0;0.5000;0.0000;2.0000;-1.0599;-0.3132;-0.0678;45.1623;232.1818;179.1694;-1.0558;-0.3079;-0.0646;45.1625;232.1822;179.1700;0;NULL;0.2054;-0.1861;0.3503;319.0770;9.4437;338.6363;Palm;NULL;b529d3a4-b51a-4eec-b995-f74e31f7f71d;NULL;NULL;6;Embodied;3;Rotation;LineBisection;2;LineBisectionFirst;29;1;NULL;0.5000;0.0000;2.0000;Exposure;0.9246;2026-05-21 13:22:37.2488;Hands;NULL;NULL;OpenXR
NULL;Right;NULL;53;Exposure;NULL;OppositeHandTrigger;2;1;0;0;0;0;0.5000;0.0000;2.0000;NULL;Rotation;anonymous;NULL;Mole Hit;MoleEvent;Participant;12050;62ff0559-0a9d-4756-b5f1-26da7b190742;NULL;0.0036;-0.0023;0.0047;12.1234;3.7310;2.0606;0.0108;0.5053;0.0094;2.0000;0.5053;0.0094;2.0000;NULL;1;-0.1114;-0.5489;0.3580;11.6436;356.5291;7.6055;-0.1105;-0.5465;0.3495;10.8647;356.8320;7.1880;1;NULL;-0.1435;-0.5832;0.2655;3.8007;7.8696;117.2509;Palm;NULL;NULL;NULL;NULL;2;1;0;0;0;0;0.5000;0.0000;2.0000;-1.0599;-0.3132;-0.0678;45.1623;232.1818;179.1694;-1.0558;-0.3079;-0.0646;45.1625;232.1822;179.1700;0;NULL;0.2054;-0.1861;0.3503;319.0770;9.4437;338.6363;Palm;NULL;b529d3a4-b51a-4eec-b995-f74e31f7f71d;NULL;NULL;6;Embodied;3;Rotation;LineBisection;2;LineBisectionFirst;29;1;NULL;0.5000;0.0000;2.0000;Exposure;0.0000;2026-05-21 13:22:37.2493;Hands;NULL;NULL;OpenXR
NULL;Right;NULL;NULL;Exposure;NULL;OppositeHandTrigger;3;2;0;1;0;0;-0.5000;0.0000;2.0000;NULL;Rotation;anonymous;NULL;Mole Spawned;MoleEvent;Participant;12050;62ff0559-0a9d-4756-b5f1-26da7b190742;NULL;0.0036;-0.0023;0.0047;12.1234;3.7310;2.0606;NULL;NULL;NULL;NULL;NULL;NULL;NULL;NULL;NULL;-0.1114;-0.5489;0.3580;11.6436;356.5291;7.6055;-0.1105;-0.5465;0.3495;10.8647;356.8320;7.1880;1;NULL;-0.1435;-0.5832;0.2655;3.8007;7.8696;117.2509;Palm;NULL;NULL;NULL;NULL;3;2;0;1;0;0;-0.5000;0.0000;2.0000;-1.0599;-0.3132;-0.0678;45.1623;232.1818;179.1694;-1.0558;-0.3079;-0.0646;45.1625;232.1822;179.1700;0;NULL;0.2054;-0.1861;0.3503;319.0770;9.4437;338.6363;Palm;NULL;b529d3a4-b51a-4eec-b995-f74e31f7f71d;NULL;NULL;6;Embodied;3;Rotation;LineBisection;2;LineBisectionFirst;NULL;2;NULL;-0.5000;0.0000;2.0000;Exposure;0.0000;2026-05-21 13:22:37.2513;Hands;NULL;NULL;OpenXR
NULL;Right;NULL;54;Exposure;NULL;OppositeHandTrigger;3;2;0;1;0;0;-0.5000;0.0000;2.0000;NULL;Rotation;anonymous;NULL;Pointer Shoot;PointerEvent;Participant;12164;62ff0559-0a9d-4756-b5f1-26da7b190742;NULL;-0.0007;-0.0015;0.0041;12.0532;2.3197;2.2622;NULL;-0.4630;-0.0450;2.0000;-0.4630;-0.0450;2.0000;NULL;NULL;-0.1119;-0.5489;0.3579;11.7238;356.4953;7.9322;-0.1119;-0.5464;0.3498;11.0161;356.8762;7.8233;1;NULL;-0.1442;-0.5855;0.2657;3.2639;9.1712;118.0918;Palm;NULL;NULL;NULL;NULL;3;2;0;1;0;0;-0.5000;0.0000;2.0000;-1.0599;-0.3132;-0.0678;45.1623;232.1818;179.1694;-1.0558;-0.3079;-0.0646;45.1625;232.1822;179.1700;0;NULL;0.0913;-0.1965;0.3239;321.0741;338.2361;343.6090;Palm;NULL;b529d3a4-b51a-4eec-b995-f74e31f7f71d;NULL;NULL;6;Embodied;3;Rotation;LineBisection;2;LineBisectionFirst;30;2;NULL;-0.5000;0.0000;2.0000;Exposure;0.9497;2026-05-21 13:22:38.1987;Hands;NULL;NULL;OpenXR
NULL;Right;NULL;54;Exposure;NULL;OppositeHandTrigger;3;2;0;1;0;0;-0.5000;0.0000;2.0000;NULL;Rotation;anonymous;NULL;Mole Hit;MoleEvent;Participant;12164;62ff0559-0a9d-4756-b5f1-26da7b190742;NULL;-0.0007;-0.0015;0.0041;12.0532;2.3197;2.2622;0.0583;-0.4630;-0.0450;2.0000;-0.4630;-0.0450;2.0000;NULL;1;-0.1119;-0.5489;0.3579;11.7238;356.4953;7.9322;-0.1119;-0.5464;0.3498;11.0161;356.8762;7.8233;1;NULL;-0.1442;-0.5855;0.2657;3.2639;9.1712;118.0918;Palm;NULL;NULL;NULL;NULL;3;2;0;1;0;0;-0.5000;0.0000;2.0000;-1.0599;-0.3132;-0.0678;45.1623;232.1818;179.1694;-1.0558;-0.3079;-0.0646;45.1625;232.1822;179.1700;0;NULL;0.0913;-0.1965;0.3239;321.0741;338.2361;343.6090;Palm;NULL;b529d3a4-b51a-4eec-b995-f74e31f7f71d;NULL;NULL;6;Embodied;3;Rotation;LineBisection;2;LineBisectionFirst;30;2;NULL;-0.5000;0.0000;2.0000;Exposure;0.0000;2026-05-21 13:22:38.1987;Hands;NULL;NULL;OpenXR
NULL;Right;NULL;NULL;Exposure;NULL;OppositeHandTrigger;2;1;0;0;0;0;0.5000;0.0000;2.0000;NULL;Rotation;anonymous;NULL;Mole Spawned;MoleEvent;Participant;12164;62ff0559-0a9d-4756-b5f1-26da7b190742;NULL;-0.0007;-0.0015;0.0041;12.0532;2.3197;2.2622;NULL;NULL;NULL;NULL;NULL;NULL;NULL;NULL;NULL;-0.1119;-0.5489;0.3579;11.7238;356.4953;7.9322;-0.1119;-0.5464;0.3498;11.0161;356.8762;7.8233;1;NULL;-0.1442;-0.5855;0.2657;3.2639;9.1712;118.0918;Palm;NULL;NULL;NULL;NULL;2;1;0;0;0;0;0.5000;0.0000;2.0000;-1.0599;-0.3132;-0.0678;45.1623;232.1818;179.1694;-1.0558;-0.3079;-0.0646;45.1625;232.1822;179.1700;0;NULL;0.0913;-0.1965;0.3239;321.0741;338.2361;343.6090;Palm;NULL;b529d3a4-b51a-4eec-b995-f74e31f7f71d;NULL;NULL;6;Embodied;3;Rotation;LineBisection;2;LineBisectionFirst;NULL;1;NULL;0.5000;0.0000;2.0000;Exposure;0.0000;2026-05-21 13:22:38.2012;Hands;NULL;NULL;OpenXR
NULL;Right;NULL;55;Exposure;NULL;OppositeHandTrigger;2;1;0;0;0;0;0.5000;0.0000;2.0000;NULL;Rotation;anonymous;NULL;Pointer Shoot;PointerEvent;Participant;12276;62ff0559-0a9d-4756-b5f1-26da7b190742;NULL;0.0022;-0.0017;0.0043;12.0616;3.1997;2.0660;NULL;0.4330;0.0372;2.0000;0.4330;0.0372;2.0000;NULL;NULL;-0.1123;-0.5490;0.3581;11.7971;356.6038;7.9561;-0.1107;-0.5468;0.3500;11.0014;357.2962;7.5051;1;NULL;-0.1428;-0.5822;0.2649;2.9508;9.1885;117.9019;Palm;NULL;NULL;NULL;NULL;2;1;0;0;0;0;0.5000;0.0000;2.0000;-1.0599;-0.3132;-0.0678;45.1623;232.1818;179.1694;-1.0558;-0.3079;-0.0646;45.1625;232.1822;179.1700;0;NULL;0.1950;-0.1818;0.3457;319.4470;7.4987;334.6079;Palm;NULL;b529d3a4-b51a-4eec-b995-f74e31f7f71d;NULL;NULL;6;Embodied;3;Rotation;LineBisection;2;LineBisectionFirst;31;1;NULL;0.5000;0.0000;2.0000;Exposure;0.9331;2026-05-21 13:22:39.1316;Hands;NULL;NULL;OpenXR
NULL;Right;NULL;55;Exposure;NULL;OppositeHandTrigger;2;1;0;0;0;0;0.5000;0.0000;2.0000;NULL;Rotation;anonymous;NULL;Mole Hit;MoleEvent;Participant;12276;62ff0559-0a9d-4756-b5f1-26da7b190742;NULL;0.0022;-0.0017;0.0043;12.0616;3.1997;2.0660;0.0766;0.4330;0.0372;2.0000;0.4330;0.0372;2.0000;NULL;1;-0.1123;-0.5490;0.3581;11.7971;356.6038;7.9561;-0.1107;-0.5468;0.3500;11.0014;357.2962;7.5051;1;NULL;-0.1428;-0.5822;0.2649;2.9508;9.1885;117.9019;Palm;NULL;NULL;NULL;NULL;2;1;0;0;0;0;0.5000;0.0000;2.0000;-1.0599;-0.3132;-0.0678;45.1623;232.1818;179.1694;-1.0558;-0.3079;-0.0646;45.1625;232.1822;179.1700;0;NULL;0.1950;-0.1818;0.3457;319.4470;7.4987;334.6079;Palm;NULL;b529d3a4-b51a-4eec-b995-f74e31f7f71d;NULL;NULL;6;Embodied;3;Rotation;LineBisection;2;LineBisectionFirst;31;1;NULL;0.5000;0.0000;2.0000;Exposure;0.0000;2026-05-21 13:22:39.1316;Hands;NULL;NULL;OpenXR
NULL;Right;NULL;NULL;Exposure;NULL;OppositeHandTrigger;3;2;0;1;0;0;-0.5000;0.0000;2.0000;NULL;Rotation;anonymous;NULL;Mole Spawned;MoleEvent;Participant;12276;62ff0559-0a9d-4756-b5f1-26da7b190742;NULL;0.0022;-0.0017;0.0043;12.0616;3.1997;2.0660;NULL;NULL;NULL;NULL;NULL;NULL;NULL;NULL;NULL;-0.1123;-0.5490;0.3581;11.7971;356.6038;7.9561;-0.1107;-0.5468;0.3500;11.0014;357.2962;7.5051;1;NULL;-0.1428;-0.5822;0.2649;2.9508;9.1885;117.9019;Palm;NULL;NULL;NULL;NULL;3;2;0;1;0;0;-0.5000;0.0000;2.0000;-1.0599;-0.3132;-0.0678;45.1623;232.1818;179.1694;-1.0558;-0.3079;-0.0646;45.1625;232.1822;179.1700;0;NULL;0.1950;-0.1818;0.3457;319.4470;7.4987;334.6079;Palm;NULL;b529d3a4-b51a-4eec-b995-f74e31f7f71d;NULL;NULL;6;Embodied;3;Rotation;LineBisection;2;LineBisectionFirst;NULL;2;NULL;-0.5000;0.0000;2.0000;Exposure;0.0000;2026-05-21 13:22:39.1332;Hands;NULL;NULL;OpenXR
NULL;Right;NULL;56;Exposure;NULL;OppositeHandTrigger;3;2;0;1;0;0;-0.5000;0.0000;2.0000;NULL;Rotation;anonymous;NULL;Pointer Shoot;PointerEvent;Participant;12396;62ff0559-0a9d-4756-b5f1-26da7b190742;NULL;0.0004;-0.0021;0.0040;12.1420;2.7315;2.2357;NULL;-0.3623;-0.0801;2.0000;-0.3623;-0.0801;2.0000;NULL;NULL;-0.1125;-0.5490;0.3581;11.8337;356.5339;7.9348;-0.1117;-0.5467;0.3498;11.1767;356.8321;7.8486;1;NULL;-0.1430;-0.5841;0.2644;4.8199;8.8994;118.2942;Palm;NULL;NULL;NULL;NULL;3;2;0;1;0;0;-0.5000;0.0000;2.0000;-1.0599;-0.3132;-0.0678;45.1623;232.1818;179.1694;-1.0558;-0.3079;-0.0646;45.1625;232.1822;179.1700;0;NULL;0.0979;-0.1937;0.3217;322.0372;340.8676;343.7650;Palm;NULL;b529d3a4-b51a-4eec-b995-f74e31f7f71d;NULL;NULL;6;Embodied;3;Rotation;LineBisection;2;LineBisectionFirst;32;2;NULL;-0.5000;0.0000;2.0000;Exposure;0.9998;2026-05-21 13:22:40.1314;Hands;NULL;NULL;OpenXR
NULL;Right;NULL;56;Exposure;NULL;OppositeHandTrigger;3;2;0;1;0;0;-0.5000;0.0000;2.0000;NULL;Rotation;anonymous;NULL;Mole Missed;PointerEvent;Participant;12396;62ff0559-0a9d-4756-b5f1-26da7b190742;NULL;0.0004;-0.0021;0.0040;12.1420;2.7315;2.2357;0.1593;-0.3623;-0.0801;2.0000;-0.3623;-0.0801;2.0000;NULL;0;-0.1125;-0.5490;0.3581;11.8337;356.5339;7.9348;-0.1117;-0.5467;0.3498;11.1767;356.8321;7.8486;1;NULL;-0.1430;-0.5841;0.2644;4.8199;8.8994;118.2942;Palm;NULL;NULL;NULL;NULL;3;2;0;1;0;0;-0.5000;0.0000;2.0000;-1.0599;-0.3132;-0.0678;45.1623;232.1818;179.1694;-1.0558;-0.3079;-0.0646;45.1625;232.1822;179.1700;0;NULL;0.0979;-0.1937;0.3217;322.0372;340.8676;343.7650;Palm;NULL;b529d3a4-b51a-4eec-b995-f74e31f7f71d;NULL;NULL;6;Embodied;3;Rotation;LineBisection;2;LineBisectionFirst;32;2;NULL;-0.5000;0.0000;2.0000;Exposure;0.0000;2026-05-21 13:22:40.1319;Hands;NULL;NULL;OpenXR
NULL;Right;NULL;NULL;Exposure;NULL;OppositeHandTrigger;2;1;0;0;0;0;0.5000;0.0000;2.0000;NULL;Rotation;anonymous;NULL;Mole Spawned;MoleEvent;Participant;12396;62ff0559-0a9d-4756-b5f1-26da7b190742;NULL;0.0004;-0.0021;0.0040;12.1420;2.7315;2.2357;NULL;NULL;NULL;NULL;NULL;NULL;NULL;NULL;NULL;-0.1125;-0.5490;0.3581;11.8337;356.5339;7.9348;-0.1117;-0.5467;0.3498;11.1767;356.8321;7.8486;1;NULL;-0.1430;-0.5841;0.2644;4.8199;8.8994;118.2942;Palm;NULL;NULL;NULL;NULL;2;1;0;0;0;0;0.5000;0.0000;2.0000;-1.0599;-0.3132;-0.0678;45.1623;232.1818;179.1694;-1.0558;-0.3079;-0.0646;45.1625;232.1822;179.1700;0;NULL;0.0979;-0.1937;0.3217;322.0372;340.8676;343.7650;Palm;NULL;b529d3a4-b51a-4eec-b995-f74e31f7f71d;NULL;NULL;6;Embodied;3;Rotation;LineBisection;2;LineBisectionFirst;NULL;1;NULL;0.5000;0.0000;2.0000;Exposure;0.0000;2026-05-21 13:22:40.1334;Hands;NULL;NULL;OpenXR
NULL;Right;NULL;57;Exposure;NULL;OppositeHandTrigger;2;1;0;0;0;0;0.5000;0.0000;2.0000;NULL;Rotation;anonymous;NULL;Pointer Shoot;PointerEvent;Participant;12499;62ff0559-0a9d-4756-b5f1-26da7b190742;NULL;0.0034;-0.0017;0.0049;12.1887;3.2551;1.9822;NULL;0.5687;-0.0004;2.0000;0.5687;-0.0004;2.0000;NULL;NULL;-0.1125;-0.5488;0.3580;11.7822;356.4445;7.8344;-0.1101;-0.5465;0.3506;11.2452;356.8693;7.2176;1;NULL;-0.1438;-0.5866;0.2663;3.4880;8.5424;118.7341;Palm;NULL;NULL;NULL;NULL;2;1;0;0;0;0;0.5000;0.0000;2.0000;-1.0599;-0.3132;-0.0678;45.1623;232.1818;179.1694;-1.0558;-0.3079;-0.0646;45.1625;232.1822;179.1700;0;NULL;0.2183;-0.1757;0.3404;320.2696;12.6786;332.8637;Palm;NULL;b529d3a4-b51a-4eec-b995-f74e31f7f71d;NULL;NULL;6;Embodied;3;Rotation;LineBisection;2;LineBisectionFirst;32;1;NULL;0.5000;0.0000;2.0000;Exposure;0.8583;2026-05-21 13:22:40.9898;Hands;NULL;NULL;OpenXR
NULL;Right;NULL;57;Exposure;NULL;OppositeHandTrigger;2;1;0;0;0;0;0.5000;0.0000;2.0000;NULL;Rotation;anonymous;NULL;Mole Hit;MoleEvent;Participant;12499;62ff0559-0a9d-4756-b5f1-26da7b190742;NULL;0.0034;-0.0017;0.0049;12.1887;3.2551;1.9822;0.0687;0.5687;-0.0004;2.0000;0.5687;-0.0004;2.0000;NULL;1;-0.1125;-0.5488;0.3580;11.7822;356.4445;7.8344;-0.1101;-0.5465;0.3506;11.2452;356.8693;7.2176;1;NULL;-0.1438;-0.5866;0.2663;3.4880;8.5424;118.7341;Palm;NULL;NULL;NULL;NULL;2;1;0;0;0;0;0.5000;0.0000;2.0000;-1.0599;-0.3132;-0.0678;45.1623;232.1818;179.1694;-1.0558;-0.3079;-0.0646;45.1625;232.1822;179.1700;0;NULL;0.2183;-0.1757;0.3404;320.2696;12.6786;332.8637;Palm;NULL;b529d3a4-b51a-4eec-b995-f74e31f7f71d;NULL;NULL;6;Embodied;3;Rotation;LineBisection;2;LineBisectionFirst;32;1;NULL;0.5000;0.0000;2.0000;Exposure;0.0000;2026-05-21 13:22:40.9898;Hands;NULL;NULL;OpenXR
NULL;Right;NULL;NULL;Exposure;NULL;OppositeHandTrigger;1;0;0;-1;0;0;0.0000;0.0000;2.0000;NULL;Rotation;anonymous;NULL;Mole Spawned;MoleEvent;Participant;12499;62ff0559-0a9d-4756-b5f1-26da7b190742;NULL;0.0034;-0.0017;0.0049;12.1887;3.2551;1.9822;NULL;NULL;NULL;NULL;NULL;NULL;NULL;NULL;NULL;-0.1125;-0.5488;0.3580;11.7822;356.4445;7.8344;-0.1101;-0.5465;0.3506;11.2452;356.8693;7.2176;1;NULL;-0.1438;-0.5866;0.2663;3.4880;8.5424;118.7341;Palm;NULL;NULL;NULL;NULL;1;0;0;-1;0;0;0.0000;0.0000;2.0000;-1.0599;-0.3132;-0.0678;45.1623;232.1818;179.1694;-1.0558;-0.3079;-0.0646;45.1625;232.1822;179.1700;0;NULL;0.2183;-0.1757;0.3404;320.2696;12.6786;332.8637;Palm;NULL;b529d3a4-b51a-4eec-b995-f74e31f7f71d;NULL;NULL;6;Embodied;3;Rotation;LineBisection;2;LineBisectionFirst;NULL;0;NULL;0.0000;0.0000;2.0000;Exposure;0.0000;2026-05-21 13:22:40.9914;Hands;NULL;NULL;OpenXR
NULL;Right;NULL;58;Exposure;NULL;OppositeHandTrigger;1;0;0;-1;0;0;0.0000;0.0000;2.0000;NULL;Rotation;anonymous;NULL;Pointer Shoot;PointerEvent;Participant;12604;62ff0559-0a9d-4756-b5f1-26da7b190742;NULL;0.0018;-0.0015;0.0037;12.0899;2.9690;2.0952;NULL;0.0392;-0.0509;2.0000;0.0392;-0.0509;2.0000;NULL;NULL;-0.1126;-0.5489;0.3583;11.8647;356.4091;7.6719;-0.1111;-0.5472;0.3508;11.1860;356.9823;7.6205;1;NULL;-0.1435;-0.5828;0.2652;2.6647;9.5386;118.1609;Palm;NULL;NULL;NULL;NULL;1;0;0;-1;0;0;0.0000;0.0000;2.0000;-1.0599;-0.3132;-0.0678;45.1623;232.1818;179.1694;-1.0558;-0.3079;-0.0646;45.1625;232.1822;179.1700;0;NULL;0.1411;-0.1808;0.3408;320.4924;352.8981;342.0214;Palm;NULL;b529d3a4-b51a-4eec-b995-f74e31f7f71d;NULL;NULL;6;Embodied;3;Rotation;LineBisection;2;LineBisectionFirst;33;0;NULL;0.0000;0.0000;2.0000;Exposure;0.8745;2026-05-21 13:22:41.8642;Hands;NULL;NULL;OpenXR
NULL;Right;NULL;58;Exposure;NULL;OppositeHandTrigger;1;0;0;-1;0;0;0.0000;0.0000;2.0000;NULL;Rotation;anonymous;NULL;Mole Hit;MoleEvent;Participant;12604;62ff0559-0a9d-4756-b5f1-26da7b190742;NULL;0.0018;-0.0015;0.0037;12.0899;2.9690;2.0952;0.0642;0.0392;-0.0509;2.0000;0.0392;-0.0509;2.0000;NULL;1;-0.1126;-0.5489;0.3583;11.8647;356.4091;7.6719;-0.1111;-0.5472;0.3508;11.1860;356.9823;7.6205;1;NULL;-0.1435;-0.5828;0.2652;2.6647;9.5386;118.1609;Palm;NULL;NULL;NULL;NULL;1;0;0;-1;0;0;0.0000;0.0000;2.0000;-1.0599;-0.3132;-0.0678;45.1623;232.1818;179.1694;-1.0558;-0.3079;-0.0646;45.1625;232.1822;179.1700;0;NULL;0.1411;-0.1808;0.3408;320.4924;352.8981;342.0214;Palm;NULL;b529d3a4-b51a-4eec-b995-f74e31f7f71d;NULL;NULL;6;Embodied;3;Rotation;LineBisection;2;LineBisectionFirst;33;0;NULL;0.0000;0.0000;2.0000;Exposure;0.0000;2026-05-21 13:22:41.8657;Hands;NULL;NULL;OpenXR
NULL;Right;NULL;NULL;Exposure;NULL;OppositeHandTrigger;3;2;0;1;0;0;-0.5000;0.0000;2.0000;NULL;Rotation;anonymous;NULL;Mole Spawned;MoleEvent;Participant;12604;62ff0559-0a9d-4756-b5f1-26da7b190742;NULL;0.0018;-0.0015;0.0037;12.0899;2.9690;2.0952;NULL;NULL;NULL;NULL;NULL;NULL;NULL;NULL;NULL;-0.1126;-0.5489;0.3583;11.8647;356.4091;7.6719;-0.1111;-0.5472;0.3508;11.1860;356.9823;7.6205;1;NULL;-0.1435;-0.5828;0.2652;2.6647;9.5386;118.1609;Palm;NULL;NULL;NULL;NULL;3;2;0;1;0;0;-0.5000;0.0000;2.0000;-1.0599;-0.3132;-0.0678;45.1623;232.1818;179.1694;-1.0558;-0.3079;-0.0646;45.1625;232.1822;179.1700;0;NULL;0.1411;-0.1808;0.3408;320.4924;352.8981;342.0214;Palm;NULL;b529d3a4-b51a-4eec-b995-f74e31f7f71d;NULL;NULL;6;Embodied;3;Rotation;LineBisection;2;LineBisectionFirst;NULL;2;NULL;-0.5000;0.0000;2.0000;Exposure;0.0000;2026-05-21 13:22:41.8667;Hands;NULL;NULL;OpenXR
NULL;Right;NULL;59;Exposure;NULL;OppositeHandTrigger;3;2;0;1;0;0;-0.5000;0.0000;2.0000;NULL;Rotation;anonymous;NULL;Pointer Shoot;PointerEvent;Participant;12704;62ff0559-0a9d-4756-b5f1-26da7b190742;NULL;0.0010;-0.0015;0.0036;12.0205;2.7867;2.1452;NULL;-0.4650;0.0107;2.0000;-0.4650;0.0107;2.0000;NULL;NULL;-0.1128;-0.5492;0.3585;11.8562;356.4113;7.9229;-0.1119;-0.5468;0.3505;10.8968;356.8722;7.6820;1;NULL;-0.1432;-0.5823;0.2646;3.0946;8.9513;118.3757;Palm;NULL;NULL;NULL;NULL;3;2;0;1;0;0;-0.5000;0.0000;2.0000;-1.0599;-0.3132;-0.0678;45.1623;232.1818;179.1694;-1.0558;-0.3079;-0.0646;45.1625;232.1822;179.1700;0;NULL;0.0995;-0.1752;0.3116;318.9205;338.1471;342.7253;Palm;NULL;b529d3a4-b51a-4eec-b995-f74e31f7f71d;NULL;NULL;6;Embodied;3;Rotation;LineBisection;2;LineBisectionFirst;34;2;NULL;-0.5000;0.0000;2.0000;Exposure;0.8331;2026-05-21 13:22:42.6972;Hands;NULL;NULL;OpenXR
NULL;Right;NULL;59;Exposure;NULL;OppositeHandTrigger;3;2;0;1;0;0;-0.5000;0.0000;2.0000;NULL;Rotation;anonymous;NULL;Mole Hit;MoleEvent;Participant;12704;62ff0559-0a9d-4756-b5f1-26da7b190742;NULL;0.0010;-0.0015;0.0036;12.0205;2.7867;2.1452;0.0366;-0.4650;0.0107;2.0000;-0.4650;0.0107;2.0000;NULL;1;-0.1128;-0.5492;0.3585;11.8562;356.4113;7.9229;-0.1119;-0.5468;0.3505;10.8968;356.8722;7.6820;1;NULL;-0.1432;-0.5823;0.2646;3.0946;8.9513;118.3757;Palm;NULL;NULL;NULL;NULL;3;2;0;1;0;0;-0.5000;0.0000;2.0000;-1.0599;-0.3132;-0.0678;45.1623;232.1818;179.1694;-1.0558;-0.3079;-0.0646;45.1625;232.1822;179.1700;0;NULL;0.0995;-0.1752;0.3116;318.9205;338.1471;342.7253;Palm;NULL;b529d3a4-b51a-4eec-b995-f74e31f7f71d;NULL;NULL;6;Embodied;3;Rotation;LineBisection;2;LineBisectionFirst;34;2;NULL;-0.5000;0.0000;2.0000;Exposure;0.0000;2026-05-21 13:22:42.6972;Hands;NULL;NULL;OpenXR
NULL;Right;NULL;NULL;Exposure;NULL;OppositeHandTrigger;2;1;0;0;0;0;0.5000;0.0000;2.0000;NULL;Rotation;anonymous;NULL;Mole Spawned;MoleEvent;Participant;12704;62ff0559-0a9d-4756-b5f1-26da7b190742;NULL;0.0010;-0.0015;0.0036;12.0205;2.7867;2.1452;NULL;NULL;NULL;NULL;NULL;NULL;NULL;NULL;NULL;-0.1128;-0.5492;0.3585;11.8562;356.4113;7.9229;-0.1119;-0.5468;0.3505;10.8968;356.8722;7.6820;1;NULL;-0.1432;-0.5823;0.2646;3.0946;8.9513;118.3757;Palm;NULL;NULL;NULL;NULL;2;1;0;0;0;0;0.5000;0.0000;2.0000;-1.0599;-0.3132;-0.0678;45.1623;232.1818;179.1694;-1.0558;-0.3079;-0.0646;45.1625;232.1822;179.1700;0;NULL;0.0995;-0.1752;0.3116;318.9205;338.1471;342.7253;Palm;NULL;b529d3a4-b51a-4eec-b995-f74e31f7f71d;NULL;NULL;6;Embodied;3;Rotation;LineBisection;2;LineBisectionFirst;NULL;1;NULL;0.5000;0.0000;2.0000;Exposure;0.0000;2026-05-21 13:22:42.6998;Hands;NULL;NULL;OpenXR
NULL;Right;NULL;60;Exposure;NULL;OppositeHandTrigger;2;1;0;0;0;0;0.5000;0.0000;2.0000;NULL;Rotation;anonymous;NULL;Pointer Shoot;PointerEvent;Participant;12816;62ff0559-0a9d-4756-b5f1-26da7b190742;NULL;0.0039;-0.0015;0.0033;12.1029;3.3759;1.8680;NULL;0.5955;0.0360;2.0000;0.5955;0.0360;2.0000;NULL;NULL;-0.1129;-0.5490;0.3586;11.8503;356.3223;7.9113;-0.1110;-0.5459;0.3502;11.0865;356.9420;7.4272;1;NULL;-0.1420;-0.5815;0.2649;3.1338;8.4759;118.8576;Palm;NULL;NULL;NULL;NULL;2;1;0;0;0;0;0.5000;0.0000;2.0000;-1.0599;-0.3132;-0.0678;45.1623;232.1818;179.1694;-1.0558;-0.3079;-0.0646;45.1625;232.1822;179.1700;0;NULL;0.2125;-0.1745;0.3413;317.4650;13.4167;330.6594;Palm;NULL;b529d3a4-b51a-4eec-b995-f74e31f7f71d;NULL;NULL;6;Embodied;3;Rotation;LineBisection;2;LineBisectionFirst;35;1;NULL;0.5000;0.0000;2.0000;Exposure;0.9332;2026-05-21 13:22:43.6303;Hands;NULL;NULL;OpenXR
NULL;Right;NULL;60;Exposure;NULL;OppositeHandTrigger;2;1;0;0;0;0;0.5000;0.0000;2.0000;NULL;Rotation;anonymous;NULL;Mole Missed;PointerEvent;Participant;12816;62ff0559-0a9d-4756-b5f1-26da7b190742;NULL;0.0039;-0.0015;0.0033;12.1029;3.3759;1.8680;0.1021;0.5955;0.0360;2.0000;0.5955;0.0360;2.0000;NULL;0;-0.1129;-0.5490;0.3586;11.8503;356.3223;7.9113;-0.1110;-0.5459;0.3502;11.0865;356.9420;7.4272;1;NULL;-0.1420;-0.5815;0.2649;3.1338;8.4759;118.8576;Palm;NULL;NULL;NULL;NULL;2;1;0;0;0;0;0.5000;0.0000;2.0000;-1.0599;-0.3132;-0.0678;45.1623;232.1818;179.1694;-1.0558;-0.3079;-0.0646;45.1625;232.1822;179.1700;0;NULL;0.2125;-0.1745;0.3413;317.4650;13.4167;330.6594;Palm;NULL;b529d3a4-b51a-4eec-b995-f74e31f7f71d;NULL;NULL;6;Embodied;3;Rotation;LineBisection;2;LineBisectionFirst;35;1;NULL;0.5000;0.0000;2.0000;Exposure;0.0000;2026-05-21 13:22:43.6318;Hands;NULL;NULL;OpenXR
NULL;Right;NULL;60;Exposure;NULL;OppositeHandTrigger;NULL;NULL;NULL;NULL;NULL;NULL;NULL;NULL;NULL;NULL;Rotation;anonymous;NULL;Exposure Completed;BlockEvent;Participant;12816;62ff0559-0a9d-4756-b5f1-26da7b190742;NULL;0.0039;-0.0015;0.0033;12.1029;3.3759;1.8680;NULL;NULL;NULL;NULL;NULL;NULL;NULL;NULL;NULL;-0.1129;-0.5490;0.3586;11.8503;356.3223;7.9113;-0.1110;-0.5459;0.3502;11.0865;356.9420;7.4272;1;NULL;-0.1420;-0.5815;0.2649;3.1338;8.4759;118.8576;Palm;NULL;NULL;NULL;NULL;NULL;NULL;NULL;NULL;NULL;NULL;NULL;NULL;NULL;-1.0599;-0.3132;-0.0678;45.1623;232.1818;179.1694;-1.0558;-0.3079;-0.0646;45.1625;232.1822;179.1700;0;NULL;0.2125;-0.1745;0.3413;317.4650;13.4167;330.6594;Palm;NULL;b529d3a4-b51a-4eec-b995-f74e31f7f71d;NULL;NULL;6;Embodied;3;Rotation;LineBisection;2;LineBisectionFirst;35;NULL;NULL;NULL;NULL;NULL;Exposure;0.0000;2026-05-21 13:22:43.6334;Hands;NULL;NULL;OpenXR
NULL;Right;NULL;NULL;Post;NULL;OppositeHandTrigger;NULL;NULL;NULL;NULL;NULL;NULL;NULL;NULL;NULL;NULL;None;anonymous;NULL;Block Started;BlockEvent;Participant;13057;62ff0559-0a9d-4756-b5f1-26da7b190742;NULL;0.0036;-0.0021;0.0038;12.3212;3.3472;1.8561;NULL;NULL;NULL;NULL;NULL;NULL;NULL;NULL;NULL;-0.1130;-0.5487;0.3585;11.9942;356.3542;8.2346;-0.1131;-0.5471;0.3509;11.9647;356.3264;8.3598;0;NULL;-0.1423;-0.5826;0.2650;3.3335;8.3313;118.8269;Palm;NULL;NULL;NULL;NULL;NULL;NULL;NULL;NULL;NULL;NULL;NULL;NULL;NULL;-1.0599;-0.3132;-0.0678;45.1623;232.1818;179.1694;-1.0558;-0.3079;-0.0646;45.1625;232.1822;179.1700;0;NULL;0.1996;-0.1852;0.3436;320.4477;9.2378;332.7300;Palm;NULL;b529d3a4-b51a-4eec-b995-f74e31f7f71d;NULL;NULL;6;Embodied;3;Rotation;LineBisection;2;LineBisectionFirst;NULL;NULL;NULL;NULL;NULL;NULL;LineBisection;2.0080;2026-05-21 13:22:45.6478;Hands;NULL;NULL;OpenXR
NULL;Right;NULL;NULL;Post;NULL;OppositeHandTrigger;NULL;NULL;NULL;NULL;NULL;NULL;NULL;NULL;NULL;NULL;None;anonymous;NULL;Trial Started;TaskEvent;Participant;13057;62ff0559-0a9d-4756-b5f1-26da7b190742;NULL;0.0036;-0.0021;0.0038;12.3212;3.3472;1.8561;NULL;NULL;NULL;NULL;NULL;NULL;NULL;NULL;NULL;-0.1130;-0.5487;0.3585;11.9942;356.3542;8.2346;-0.1131;-0.5471;0.3509;11.9647;356.3264;8.3598;0;NULL;-0.1423;-0.5826;0.2650;3.3335;8.3313;118.8269;Palm;1.0000;0.0000;NULL;NULL;NULL;NULL;NULL;NULL;NULL;NULL;NULL;NULL;NULL;-1.0599;-0.3132;-0.0678;45.1623;232.1818;179.1694;-1.0558;-0.3079;-0.0646;45.1625;232.1822;179.1700;0;NULL;0.1996;-0.1852;0.3436;320.4477;9.2378;332.7300;Palm;NULL;b529d3a4-b51a-4eec-b995-f74e31f7f71d;NULL;NULL;6;Embodied;3;Rotation;LineBisection;2;LineBisectionFirst;NULL;NULL;0.0300;0.0000;0.0000;2.0000;LineBisection;0.0000;2026-05-21 13:22:45.6478;Hands;1;10;OpenXR
NULL;Right;NULL;NULL;Post;NULL;OppositeHandTrigger;NULL;NULL;NULL;NULL;NULL;NULL;NULL;NULL;NULL;NULL;None;anonymous;-50.0000;Trial Accepted;TaskEvent;Participant;13618;62ff0559-0a9d-4756-b5f1-26da7b190742;NULL;0.0017;0.0002;0.0044;10.7149;0.0843;1.5463;NULL;NULL;NULL;NULL;-0.5000;0.0000;2.0000;NULL;NULL;-0.1104;-0.5500;0.3595;11.7035;357.3498;7.2781;-0.1093;-0.5490;0.3521;11.6282;357.2489;6.8839;1;NULL;-0.1403;-0.5771;0.2634;3.2918;9.5553;114.2762;Palm;1.0000;0.0000;NULL;NULL;NULL;NULL;NULL;NULL;NULL;NULL;NULL;NULL;NULL;-1.0590;-0.3130;-0.0678;45.1623;232.1818;179.1694;-1.0545;-0.3076;-0.0645;45.2083;232.1631;179.1050;0;NULL;0.0800;-0.1654;0.3714;320.5212;344.7667;335.7468;Palm;NULL;b529d3a4-b51a-4eec-b995-f74e31f7f71d;NULL;NULL;6;Embodied;3;Rotation;LineBisection;2;LineBisectionFirst;NULL;NULL;NULL;NULL;NULL;NULL;LineBisection;4.7809;2026-05-21 13:22:50.7866;Hands;1;10;OpenXR
NULL;Right;NULL;NULL;Post;NULL;OppositeHandTrigger;NULL;NULL;NULL;NULL;NULL;NULL;NULL;NULL;NULL;NULL;None;anonymous;NULL;Trial Started;TaskEvent;Participant;13618;62ff0559-0a9d-4756-b5f1-26da7b190742;NULL;0.0017;0.0002;0.0044;10.7149;0.0843;1.5463;NULL;NULL;NULL;NULL;NULL;NULL;NULL;NULL;NULL;-0.1104;-0.5500;0.3595;11.7035;357.3498;7.2781;-0.1093;-0.5490;0.3521;11.6282;357.2489;6.8839;1;NULL;-0.1403;-0.5771;0.2634;3.2918;9.5553;114.2762;Palm;1.0000;0.0000;NULL;NULL;NULL;NULL;NULL;NULL;NULL;NULL;NULL;NULL;NULL;-1.0590;-0.3130;-0.0678;45.1623;232.1818;179.1694;-1.0545;-0.3076;-0.0645;45.2083;232.1631;179.1050;0;NULL;0.0800;-0.1654;0.3714;320.5212;344.7667;335.7468;Palm;NULL;b529d3a4-b51a-4eec-b995-f74e31f7f71d;NULL;NULL;6;Embodied;3;Rotation;LineBisection;2;LineBisectionFirst;NULL;NULL;0.0300;0.0000;0.0000;2.0000;LineBisection;0.0000;2026-05-21 13:22:50.7881;Hands;2;10;OpenXR
NULL;Right;NULL;NULL;Post;NULL;OppositeHandTrigger;NULL;NULL;NULL;NULL;NULL;NULL;NULL;NULL;NULL;NULL;None;anonymous;-50.0000;Trial Accepted;TaskEvent;Participant;13997;62ff0559-0a9d-4756-b5f1-26da7b190742;NULL;0.0017;-0.0003;0.0048;11.1803;0.4204;1.5753;NULL;NULL;NULL;NULL;-0.5000;0.0000;2.0000;NULL;NULL;-0.1102;-0.5502;0.3596;11.8474;357.2902;7.4962;-0.1093;-0.5486;0.3523;11.4754;357.3785;6.9946;1;NULL;-0.1418;-0.5774;0.2633;3.5651;9.1575;114.0159;Palm;1.0000;0.0000;NULL;NULL;NULL;NULL;NULL;NULL;NULL;NULL;NULL;NULL;NULL;-1.0589;-0.3130;-0.0678;45.1623;232.1818;179.1694;-1.0545;-0.3076;-0.0645;45.2083;232.1631;179.1050;0;NULL;0.0901;-0.1604;0.4042;320.1849;342.7588;339.4111;Palm;NULL;b529d3a4-b51a-4eec-b995-f74e31f7f71d;NULL;NULL;6;Embodied;3;Rotation;LineBisection;2;LineBisectionFirst;NULL;NULL;NULL;NULL;NULL;NULL;LineBisection;3.1649;2026-05-21 13:22:53.9510;Hands;2;10;OpenXR
NULL;Right;NULL;NULL;Post;NULL;OppositeHandTrigger;NULL;NULL;NULL;NULL;NULL;NULL;NULL;NULL;NULL;NULL;None;anonymous;NULL;Trial Started;TaskEvent;Participant;13997;62ff0559-0a9d-4756-b5f1-26da7b190742;NULL;0.0017;-0.0003;0.0048;11.1803;0.4204;1.5753;NULL;NULL;NULL;NULL;NULL;NULL;NULL;NULL;NULL;-0.1102;-0.5502;0.3596;11.8474;357.2902;7.4962;-0.1093;-0.5486;0.3523;11.4754;357.3785;6.9946;1;NULL;-0.1418;-0.5774;0.2633;3.5651;9.1575;114.0159;Palm;1.0000;0.0000;NULL;NULL;NULL;NULL;NULL;NULL;NULL;NULL;NULL;NULL;NULL;-1.0589;-0.3130;-0.0678;45.1623;232.1818;179.1694;-1.0545;-0.3076;-0.0645;45.2083;232.1631;179.1050;0;NULL;0.0901;-0.1604;0.4042;320.1849;342.7588;339.4111;Palm;NULL;b529d3a4-b51a-4eec-b995-f74e31f7f71d;NULL;NULL;6;Embodied;3;Rotation;LineBisection;2;LineBisectionFirst;NULL;NULL;0.0300;0.0000;0.0000;2.0000;LineBisection;0.0000;2026-05-21 13:22:53.9525;Hands;3;10;OpenXR
NULL;Right;NULL;NULL;Post;NULL;OppositeHandTrigger;NULL;NULL;NULL;NULL;NULL;NULL;NULL;NULL;NULL;NULL;None;anonymous;-50.0000;Trial Accepted;TaskEvent;Participant;14436;62ff0559-0a9d-4756-b5f1-26da7b190742;NULL;0.0008;-0.0008;0.0050;11.4498;0.4482;1.4963;NULL;NULL;NULL;NULL;-0.5000;0.0000;2.0000;NULL;NULL;-0.1104;-0.5500;0.3598;11.8580;357.0558;7.3610;-0.1096;-0.5471;0.3516;10.9066;357.4253;7.5413;1;NULL;-0.1429;-0.5809;0.2653;2.2574;9.0330;113.9806;Palm;1.0000;0.0000;NULL;NULL;NULL;NULL;NULL;NULL;NULL;NULL;NULL;NULL;NULL;-1.0588;-0.3130;-0.0679;45.1623;232.1818;179.1694;-1.0545;-0.3076;-0.0645;45.2083;232.1631;179.1050;0;NULL;0.0991;-0.1683;0.4043;322.1544;346.9843;334.1544;Palm;NULL;b529d3a4-b51a-4eec-b995-f74e31f7f71d;NULL;NULL;6;Embodied;3;Rotation;LineBisection;2;LineBisectionFirst;NULL;NULL;NULL;NULL;NULL;NULL;LineBisection;3.6584;2026-05-21 13:22:57.6101;Hands;3;10;OpenXR
NULL;Right;NULL;NULL;Post;NULL;OppositeHandTrigger;NULL;NULL;NULL;NULL;NULL;NULL;NULL;NULL;NULL;NULL;None;anonymous;NULL;Trial Started;TaskEvent;Participant;14436;62ff0559-0a9d-4756-b5f1-26da7b190742;NULL;0.0008;-0.0008;0.0050;11.4498;0.4482;1.4963;NULL;NULL;NULL;NULL;NULL;NULL;NULL;NULL;NULL;-0.1104;-0.5500;0.3598;11.8580;357.0558;7.3610;-0.1096;-0.5471;0.3516;10.9066;357.4253;7.5413;1;NULL;-0.1429;-0.5809;0.2653;2.2574;9.0330;113.9806;Palm;1.0000;0.0000;NULL;NULL;NULL;NULL;NULL;NULL;NULL;NULL;NULL;NULL;NULL;-1.0588;-0.3130;-0.0679;45.1623;232.1818;179.1694;-1.0545;-0.3076;-0.0645;45.2083;232.1631;179.1050;0;NULL;0.0991;-0.1683;0.4043;322.1544;346.9843;334.1544;Palm;NULL;b529d3a4-b51a-4eec-b995-f74e31f7f71d;NULL;NULL;6;Embodied;3;Rotation;LineBisection;2;LineBisectionFirst;NULL;NULL;0.0300;0.0000;0.0000;2.0000;LineBisection;0.0000;2026-05-21 13:22:57.6116;Hands;4;10;OpenXR
NULL;Right;NULL;NULL;Post;NULL;OppositeHandTrigger;NULL;NULL;NULL;NULL;NULL;NULL;NULL;NULL;NULL;NULL;None;anonymous;-42.3194;Trial Accepted;TaskEvent;Participant;14803;62ff0559-0a9d-4756-b5f1-26da7b190742;NULL;0.0008;0.0002;0.0021;11.2162;0.5385;1.5970;NULL;NULL;NULL;NULL;-0.4232;0.0000;2.0000;NULL;NULL;-0.1110;-0.5497;0.3599;11.9546;356.7507;7.2180;-0.1097;-0.5479;0.3520;11.3092;357.0831;6.7940;1;NULL;-0.1431;-0.5810;0.2649;1.9106;8.5915;114.4601;Palm;1.0000;0.0000;NULL;NULL;NULL;NULL;NULL;NULL;NULL;NULL;NULL;NULL;NULL;-1.0588;-0.3130;-0.0679;45.1623;232.1818;179.1694;-1.0545;-0.3076;-0.0645;45.2083;232.1631;179.1050;0;NULL;0.0910;-0.1584;0.4111;322.4918;345.8831;339.5163;Palm;NULL;b529d3a4-b51a-4eec-b995-f74e31f7f71d;NULL;NULL;6;Embodied;3;Rotation;LineBisection;2;LineBisectionFirst;NULL;NULL;NULL;NULL;NULL;NULL;LineBisection;3.0583;2026-05-21 13:23:00.6677;Hands;4;10;OpenXR
NULL;Right;NULL;NULL;Post;NULL;OppositeHandTrigger;NULL;NULL;NULL;NULL;NULL;NULL;NULL;NULL;NULL;NULL;None;anonymous;NULL;Trial Started;TaskEvent;Participant;14803;62ff0559-0a9d-4756-b5f1-26da7b190742;NULL;0.0008;0.0002;0.0021;11.2162;0.5385;1.5970;NULL;NULL;NULL;NULL;NULL;NULL;NULL;NULL;NULL;-0.1110;-0.5497;0.3599;11.9546;356.7507;7.2180;-0.1097;-0.5479;0.3520;11.3092;357.0831;6.7940;1;NULL;-0.1431;-0.5810;0.2649;1.9106;8.5915;114.4601;Palm;1.0000;0.0000;NULL;NULL;NULL;NULL;NULL;NULL;NULL;NULL;NULL;NULL;NULL;-1.0588;-0.3130;-0.0679;45.1623;232.1818;179.1694;-1.0545;-0.3076;-0.0645;45.2083;232.1631;179.1050;0;NULL;0.0910;-0.1584;0.4111;322.4918;345.8831;339.5163;Palm;NULL;b529d3a4-b51a-4eec-b995-f74e31f7f71d;NULL;NULL;6;Embodied;3;Rotation;LineBisection;2;LineBisectionFirst;NULL;NULL;0.0300;0.0000;0.0000;2.0000;LineBisection;0.0000;2026-05-21 13:23:00.6697;Hands;5;10;OpenXR
NULL;Right;NULL;NULL;Post;NULL;OppositeHandTrigger;NULL;NULL;NULL;NULL;NULL;NULL;NULL;NULL;NULL;NULL;None;anonymous;-36.7251;Trial Accepted;TaskEvent;Participant;15174;62ff0559-0a9d-4756-b5f1-26da7b190742;NULL;-0.0001;-0.0001;0.0018;11.3926;0.2837;1.6934;NULL;NULL;NULL;NULL;-0.3673;0.0000;2.0000;NULL;NULL;-0.1111;-0.5499;0.3599;11.8350;356.8234;7.3470;-0.1092;-0.5475;0.3517;11.0927;357.5378;7.1636;1;NULL;-0.1422;-0.5791;0.2645;1.2543;8.7284;114.7977;Palm;1.0000;0.0000;NULL;NULL;NULL;NULL;NULL;NULL;NULL;NULL;NULL;NULL;NULL;-1.0588;-0.3130;-0.0679;45.1623;232.1818;179.1694;-1.0545;-0.3076;-0.0645;45.2083;232.1631;179.1050;0;NULL;0.1157;-0.1535;0.4148;318.2480;354.4792;335.8283;Palm;NULL;b529d3a4-b51a-4eec-b995-f74e31f7f71d;NULL;NULL;6;Embodied;3;Rotation;LineBisection;2;LineBisectionFirst;NULL;NULL;NULL;NULL;NULL;NULL;LineBisection;3.0974;2026-05-21 13:23:03.7648;Hands;5;10;OpenXR
NULL;Right;NULL;NULL;Post;NULL;OppositeHandTrigger;NULL;NULL;NULL;NULL;NULL;NULL;NULL;NULL;NULL;NULL;None;anonymous;NULL;Trial Started;TaskEvent;Participant;15174;62ff0559-0a9d-4756-b5f1-26da7b190742;NULL;-0.0001;-0.0001;0.0018;11.3926;0.2837;1.6934;NULL;NULL;NULL;NULL;NULL;NULL;NULL;NULL;NULL;-0.1111;-0.5499;0.3599;11.8350;356.8234;7.3470;-0.1092;-0.5475;0.3517;11.0927;357.5378;7.1636;1;NULL;-0.1422;-0.5791;0.2645;1.2543;8.7284;114.7977;Palm;1.0000;0.0000;NULL;NULL;NULL;NULL;NULL;NULL;NULL;NULL;NULL;NULL;NULL;-1.0588;-0.3130;-0.0679;45.1623;232.1818;179.1694;-1.0545;-0.3076;-0.0645;45.2083;232.1631;179.1050;0;NULL;0.1157;-0.1535;0.4148;318.2480;354.4792;335.8283;Palm;NULL;b529d3a4-b51a-4eec-b995-f74e31f7f71d;NULL;NULL;6;Embodied;3;Rotation;LineBisection;2;LineBisectionFirst;NULL;NULL;0.0300;0.0000;0.0000;2.0000;LineBisection;0.0000;2026-05-21 13:23:03.7663;Hands;6;10;OpenXR
NULL;Right;NULL;NULL;Post;NULL;OppositeHandTrigger;NULL;NULL;NULL;NULL;NULL;NULL;NULL;NULL;NULL;NULL;None;anonymous;-33.2490;Trial Accepted;TaskEvent;Participant;15576;62ff0559-0a9d-4756-b5f1-26da7b190742;NULL;0.0019;0.0006;0.0003;11.1155;0.8833;1.5343;NULL;NULL;NULL;NULL;-0.3325;0.0000;2.0000;NULL;NULL;-0.1111;-0.5500;0.3599;11.9453;356.8280;7.3079;-0.1096;-0.5483;0.3519;11.1743;357.3970;7.2815;1;NULL;-0.1424;-0.5798;0.2655;359.4825;9.0762;115.3801;Palm;1.0000;0.0000;NULL;NULL;NULL;NULL;NULL;NULL;NULL;NULL;NULL;NULL;NULL;-1.0588;-0.3130;-0.0679;45.1623;232.1818;179.1694;-1.0545;-0.3076;-0.0645;45.2083;232.1631;179.1050;0;NULL;0.0996;-0.1359;0.3875;321.1576;350.7751;338.0612;Palm;NULL;b529d3a4-b51a-4eec-b995-f74e31f7f71d;NULL;NULL;6;Embodied;3;Rotation;LineBisection;2;LineBisectionFirst;NULL;NULL;NULL;NULL;NULL;NULL;LineBisection;3.3586;2026-05-21 13:23:07.1244;Hands;6;10;OpenXR
NULL;Right;NULL;NULL;Post;NULL;OppositeHandTrigger;NULL;NULL;NULL;NULL;NULL;NULL;NULL;NULL;NULL;NULL;None;anonymous;NULL;Trial Started;TaskEvent;Participant;15576;62ff0559-0a9d-4756-b5f1-26da7b190742;NULL;0.0019;0.0006;0.0003;11.1155;0.8833;1.5343;NULL;NULL;NULL;NULL;NULL;NULL;NULL;NULL;NULL;-0.1111;-0.5500;0.3599;11.9453;356.8280;7.3079;-0.1096;-0.5483;0.3519;11.1743;357.3970;7.2815;1;NULL;-0.1424;-0.5798;0.2655;359.4825;9.0762;115.3801;Palm;1.0000;0.0000;NULL;NULL;NULL;NULL;NULL;NULL;NULL;NULL;NULL;NULL;NULL;-1.0588;-0.3130;-0.0679;45.1623;232.1818;179.1694;-1.0545;-0.3076;-0.0645;45.2083;232.1631;179.1050;0;NULL;0.0996;-0.1359;0.3875;321.1576;350.7751;338.0612;Palm;NULL;b529d3a4-b51a-4eec-b995-f74e31f7f71d;NULL;NULL;6;Embodied;3;Rotation;LineBisection;2;LineBisectionFirst;NULL;NULL;0.0300;0.0000;0.0000;2.0000;LineBisection;0.0000;2026-05-21 13:23:07.1260;Hands;7;10;OpenXR
NULL;Right;NULL;NULL;Post;NULL;OppositeHandTrigger;NULL;NULL;NULL;NULL;NULL;NULL;NULL;NULL;NULL;NULL;None;anonymous;-32.8663;Trial Accepted;TaskEvent;Participant;15948;62ff0559-0a9d-4756-b5f1-26da7b190742;NULL;0.0024;0.0010;-0.0005;11.0720;1.0003;1.5778;NULL;NULL;NULL;NULL;-0.3287;0.0000;2.0000;NULL;NULL;-0.1112;-0.5502;0.3600;12.0967;356.8553;7.5037;-0.1093;-0.5474;0.3516;11.1271;357.2934;7.2332;1;NULL;-0.1421;-0.5787;0.2647;359.4412;8.8685;115.0485;Palm;1.0000;0.0000;NULL;NULL;NULL;NULL;NULL;NULL;NULL;NULL;NULL;NULL;NULL;-1.0588;-0.3130;-0.0679;45.1623;232.1818;179.1694;-1.0545;-0.3076;-0.0645;45.2083;232.1631;179.1050;0;NULL;0.0958;-0.1493;0.3857;319.8985;350.2090;338.6386;Palm;NULL;b529d3a4-b51a-4eec-b995-f74e31f7f71d;NULL;NULL;6;Embodied;3;Rotation;LineBisection;2;LineBisectionFirst;NULL;NULL;NULL;NULL;NULL;NULL;LineBisection;3.0990;2026-05-21 13:23:10.2233;Hands;7;10;OpenXR
NULL;Right;NULL;NULL;Post;NULL;OppositeHandTrigger;NULL;NULL;NULL;NULL;NULL;NULL;NULL;NULL;NULL;NULL;None;anonymous;NULL;Trial Started;TaskEvent;Participant;15948;62ff0559-0a9d-4756-b5f1-26da7b190742;NULL;0.0024;0.0010;-0.0005;11.0720;1.0003;1.5778;NULL;NULL;NULL;NULL;NULL;NULL;NULL;NULL;NULL;-0.1112;-0.5502;0.3600;12.0967;356.8553;7.5037;-0.1093;-0.5474;0.3516;11.1271;357.2934;7.2332;1;NULL;-0.1421;-0.5787;0.2647;359.4412;8.8685;115.0485;Palm;1.0000;0.0000;NULL;NULL;NULL;NULL;NULL;NULL;NULL;NULL;NULL;NULL;NULL;-1.0588;-0.3130;-0.0679;45.1623;232.1818;179.1694;-1.0545;-0.3076;-0.0645;45.2083;232.1631;179.1050;0;NULL;0.0958;-0.1493;0.3857;319.8985;350.2090;338.6386;Palm;NULL;b529d3a4-b51a-4eec-b995-f74e31f7f71d;NULL;NULL;6;Embodied;3;Rotation;LineBisection;2;LineBisectionFirst;NULL;NULL;0.0300;0.0000;0.0000;2.0000;LineBisection;0.0000;2026-05-21 13:23:10.2243;Hands;8;10;OpenXR
NULL;Right;NULL;NULL;Post;NULL;OppositeHandTrigger;NULL;NULL;NULL;NULL;NULL;NULL;NULL;NULL;NULL;NULL;None;anonymous;-30.4289;Trial Accepted;TaskEvent;Participant;16329;62ff0559-0a9d-4756-b5f1-26da7b190742;NULL;0.0049;0.0013;-0.0020;10.8864;1.3612;1.3145;NULL;NULL;NULL;NULL;-0.3043;0.0000;2.0000;NULL;NULL;-0.1110;-0.5500;0.3599;12.1227;356.9187;7.4546;-0.1091;-0.5481;0.3515;11.1507;357.4793;7.5164;1;NULL;-0.1411;-0.5796;0.2669;358.1093;8.9261;116.8861;Palm;1.0000;0.0000;NULL;NULL;NULL;NULL;NULL;NULL;NULL;NULL;NULL;NULL;NULL;-1.0588;-0.3130;-0.0679;45.1623;232.1818;179.1694;-1.0545;-0.3076;-0.0645;45.2083;232.1631;179.1050;0;NULL;0.1046;-0.1530;0.3854;322.7935;350.6097;337.6656;Palm;NULL;b529d3a4-b51a-4eec-b995-f74e31f7f71d;NULL;NULL;6;Embodied;3;Rotation;LineBisection;2;LineBisectionFirst;NULL;NULL;NULL;NULL;NULL;NULL;LineBisection;3.1741;2026-05-21 13:23:13.3961;Hands;8;10;OpenXR
NULL;Right;NULL;NULL;Post;NULL;OppositeHandTrigger;NULL;NULL;NULL;NULL;NULL;NULL;NULL;NULL;NULL;NULL;None;anonymous;NULL;Trial Started;TaskEvent;Participant;16329;62ff0559-0a9d-4756-b5f1-26da7b190742;NULL;0.0049;0.0013;-0.0020;10.8864;1.3612;1.3145;NULL;NULL;NULL;NULL;NULL;NULL;NULL;NULL;NULL;-0.1110;-0.5500;0.3599;12.1227;356.9187;7.4546;-0.1091;-0.5481;0.3515;11.1507;357.4793;7.5164;1;NULL;-0.1411;-0.5796;0.2669;358.1093;8.9261;116.8861;Palm;1.0000;0.0000;NULL;NULL;NULL;NULL;NULL;NULL;NULL;NULL;NULL;NULL;NULL;-1.0588;-0.3130;-0.0679;45.1623;232.1818;179.1694;-1.0545;-0.3076;-0.0645;45.2083;232.1631;179.1050;0;NULL;0.1046;-0.1530;0.3854;322.7935;350.6097;337.6656;Palm;NULL;b529d3a4-b51a-4eec-b995-f74e31f7f71d;NULL;NULL;6;Embodied;3;Rotation;LineBisection;2;LineBisectionFirst;NULL;NULL;0.0300;0.0000;0.0000;2.0000;LineBisection;0.0000;2026-05-21 13:23:13.3986;Hands;9;10;OpenXR
NULL;Right;NULL;NULL;Post;NULL;OppositeHandTrigger;NULL;NULL;NULL;NULL;NULL;NULL;NULL;NULL;NULL;NULL;None;anonymous;-24.2836;Trial Accepted;TaskEvent;Participant;16742;62ff0559-0a9d-4756-b5f1-26da7b190742;NULL;0.0017;0.0021;-0.0038;10.5656;1.0801;1.6686;NULL;NULL;NULL;NULL;-0.2428;0.0000;2.0000;NULL;NULL;-0.1117;-0.5501;0.3599;12.1362;356.5892;7.9271;-0.1108;-0.5481;0.3522;11.6291;356.6701;7.5696;1;NULL;-0.1422;-0.5797;0.2669;358.4187;8.5448;116.6021;Palm;1.0000;0.0000;NULL;NULL;NULL;NULL;NULL;NULL;NULL;NULL;NULL;NULL;NULL;-1.0588;-0.3130;-0.0679;45.1623;232.1818;179.1694;-1.0545;-0.3076;-0.0645;45.2083;232.1631;179.1050;0;NULL;0.1002;-0.1415;0.3879;322.9703;352.4158;339.1408;Palm;NULL;b529d3a4-b51a-4eec-b995-f74e31f7f71d;NULL;NULL;6;Embodied;3;Rotation;LineBisection;2;LineBisectionFirst;NULL;NULL;NULL;NULL;NULL;NULL;LineBisection;3.4413;2026-05-21 13:23:16.8374;Hands;9;10;OpenXR
NULL;Right;NULL;NULL;Post;NULL;OppositeHandTrigger;NULL;NULL;NULL;NULL;NULL;NULL;NULL;NULL;NULL;NULL;None;anonymous;NULL;Trial Started;TaskEvent;Participant;16742;62ff0559-0a9d-4756-b5f1-26da7b190742;NULL;0.0017;0.0021;-0.0038;10.5656;1.0801;1.6686;NULL;NULL;NULL;NULL;NULL;NULL;NULL;NULL;NULL;-0.1117;-0.5501;0.3599;12.1362;356.5892;7.9271;-0.1108;-0.5481;0.3522;11.6291;356.6701;7.5696;1;NULL;-0.1422;-0.5797;0.2669;358.4187;8.5448;116.6021;Palm;1.0000;0.0000;NULL;NULL;NULL;NULL;NULL;NULL;NULL;NULL;NULL;NULL;NULL;-1.0588;-0.3130;-0.0679;45.1623;232.1818;179.1694;-1.0545;-0.3076;-0.0645;45.2083;232.1631;179.1050;0;NULL;0.1002;-0.1415;0.3879;322.9703;352.4158;339.1408;Palm;NULL;b529d3a4-b51a-4eec-b995-f74e31f7f71d;NULL;NULL;6;Embodied;3;Rotation;LineBisection;2;LineBisectionFirst;NULL;NULL;0.0300;0.0000;0.0000;2.0000;LineBisection;0.0000;2026-05-21 13:23:16.8389;Hands;10;10;OpenXR
NULL;Right;NULL;NULL;Post;NULL;OppositeHandTrigger;NULL;NULL;NULL;NULL;NULL;NULL;NULL;NULL;NULL;NULL;None;anonymous;-27.5821;Trial Accepted;TaskEvent;Participant;17120;62ff0559-0a9d-4756-b5f1-26da7b190742;NULL;0.0034;0.0022;-0.0052;10.4713;1.1904;1.5607;NULL;NULL;NULL;NULL;-0.2758;0.0000;2.0000;NULL;NULL;-0.1120;-0.5500;0.3600;12.1718;356.5337;7.8498;-0.1100;-0.5471;0.3513;11.2358;356.9415;7.4430;1;NULL;-0.1397;-0.5759;0.2659;358.0861;8.9572;117.7461;Palm;1.0000;0.0000;NULL;NULL;NULL;NULL;NULL;NULL;NULL;NULL;NULL;NULL;NULL;-1.0588;-0.3130;-0.0679;45.1623;232.1818;179.1694;-1.0545;-0.3076;-0.0645;45.2083;232.1631;179.1050;0;NULL;0.1036;-0.1612;0.3865;323.3874;352.6750;334.7125;Palm;NULL;b529d3a4-b51a-4eec-b995-f74e31f7f71d;NULL;NULL;6;Embodied;3;Rotation;LineBisection;2;LineBisectionFirst;NULL;NULL;NULL;NULL;NULL;NULL;LineBisection;3.1561;2026-05-21 13:23:19.9949;Hands;10;10;OpenXR
NULL;Right;-37.2715;NULL;Post;NULL;OppositeHandTrigger;NULL;NULL;NULL;NULL;NULL;NULL;NULL;NULL;NULL;NULL;None;anonymous;NULL;Block Completed;BlockEvent;Participant;17120;62ff0559-0a9d-4756-b5f1-26da7b190742;NULL;0.0034;0.0022;-0.0052;10.4713;1.1904;1.5607;NULL;NULL;NULL;NULL;NULL;NULL;NULL;NULL;NULL;-0.1120;-0.5500;0.3600;12.1718;356.5337;7.8498;-0.1100;-0.5471;0.3513;11.2358;356.9415;7.4430;1;NULL;-0.1397;-0.5759;0.2659;358.0861;8.9572;117.7461;Palm;NULL;NULL;NULL;-37.7454;NULL;NULL;NULL;NULL;NULL;NULL;NULL;NULL;NULL;-1.0588;-0.3130;-0.0679;45.1623;232.1818;179.1694;-1.0545;-0.3076;-0.0645;45.2083;232.1631;179.1050;0;NULL;0.1036;-0.1612;0.3865;323.3874;352.6750;334.7125;Palm;9.7443;b529d3a4-b51a-4eec-b995-f74e31f7f71d;NULL;NULL;6;Embodied;3;Rotation;LineBisection;2;LineBisectionFirst;NULL;NULL;NULL;NULL;NULL;NULL;LineBisection;0.0000;2026-05-21 13:23:19.9964;Hands;NULL;10;OpenXR
NULL;Right;NULL;NULL;Post;NULL;OppositeHandTrigger;NULL;NULL;NULL;NULL;NULL;NULL;NULL;NULL;NULL;NULL;None;anonymous;NULL;Game Finished;GameEvent;Participant;17120;62ff0559-0a9d-4756-b5f1-26da7b190742;NULL;0.0034;0.0022;-0.0052;10.4713;1.1904;1.5607;NULL;NULL;NULL;NULL;NULL;NULL;NULL;NULL;NULL;-0.1120;-0.5500;0.3600;12.1718;356.5337;7.8498;-0.1100;-0.5471;0.3513;11.2358;356.9415;7.4430;1;NULL;-0.1397;-0.5759;0.2659;358.0861;8.9572;117.7461;Palm;NULL;NULL;NULL;NULL;NULL;NULL;NULL;NULL;NULL;NULL;NULL;NULL;NULL;-1.0588;-0.3130;-0.0679;45.1623;232.1818;179.1694;-1.0545;-0.3076;-0.0645;45.2083;232.1631;179.1050;0;NULL;0.1036;-0.1612;0.3865;323.3874;352.6750;334.7125;Palm;NULL;b529d3a4-b51a-4eec-b995-f74e31f7f71d;NULL;NULL;6;Embodied;3;Rotation;LineBisection;2;LineBisectionFirst;NULL;NULL;NULL;NULL;NULL;NULL;LineBisection;0.0000;2026-05-21 13:23:19.9979;Hands;NULL;NULL;OpenXR
NULL;Right;NULL;NULL;Post;NULL;OppositeHandTrigger;NULL;NULL;NULL;NULL;NULL;NULL;NULL;NULL;NULL;NULL;None;anonymous;NULL;Experiment Completed;GameEvent;Participant;17120;62ff0559-0a9d-4756-b5f1-26da7b190742;NULL;0.0034;0.0022;-0.0052;10.4713;1.1904;1.5607;NULL;NULL;NULL;NULL;NULL;NULL;NULL;NULL;NULL;-0.1120;-0.5500;0.3600;12.1718;356.5337;7.8498;-0.1100;-0.5471;0.3513;11.2358;356.9415;7.4430;1;NULL;-0.1397;-0.5759;0.2659;358.0861;8.9572;117.7461;Palm;NULL;NULL;NULL;NULL;NULL;NULL;NULL;NULL;NULL;NULL;NULL;NULL;NULL;-1.0588;-0.3130;-0.0679;45.1623;232.1818;179.1694;-1.0545;-0.3076;-0.0645;45.2083;232.1631;179.1050;0;NULL;0.1036;-0.1612;0.3865;323.3874;352.6750;334.7125;Palm;NULL;b529d3a4-b51a-4eec-b995-f74e31f7f71d;NULL;NULL;6;Embodied;3;Rotation;LineBisection;2;LineBisectionFirst;NULL;NULL;NULL;NULL;NULL;NULL;LineBisection;0.0000;2026-05-21 13:23:19.9995;Hands;NULL;NULL;OpenXR
