Accuracy01;ActiveHand;AfterEffectCm;AttemptIndex;BlockType;ChoiceSide;ConfirmMitigationMode;CurrentMoleToHitId;CurrentMoleToHitIndexX;CurrentMoleToHitIndexY;CurrentMoleToHitPositionLocalX;CurrentMoleToHitPositionLocalY;CurrentMoleToHitPositionLocalZ;CurrentMoleToHitPositionWorldX;CurrentMoleToHitPositionWorldY;CurrentMoleToHitPositionWorldZ;DeltaAccuracyPct;EffectMode;Email;ErrorCm;Event;EventType;ExperimentMode;Framecount;GameId;GapMeters;HeadCameraPosWorldX;HeadCameraPosWorldY;HeadCameraPosWorldZ;HeadCameraRotEulerX;HeadCameraRotEulerY;HeadCameraRotEulerZ;HitDistanceMeters;HitPositionWorldX;HitPositionWorldY;HitPositionWorldZ;HitWorldX;HitWorldY;HitWorldZ;IsCorrect;IsHit;LeftControllerLaserPosWorldX;LeftControllerLaserPosWorldY;LeftControllerLaserPosWorldZ;LeftControllerLaserRotEulerX;LeftControllerLaserRotEulerY;LeftControllerLaserRotEulerZ;LeftControllerPosWorldX;LeftControllerPosWorldY;LeftControllerPosWorldZ;LeftControllerRotEulerX;LeftControllerRotEulerY;LeftControllerRotEulerZ;LeftControllerTrigger;LeftLengthMeters;LeftMovementAnchorPosWorldX;LeftMovementAnchorPosWorldY;LeftMovementAnchorPosWorldZ;LeftMovementAnchorRotEulerX;LeftMovementAnchorRotEulerY;LeftMovementAnchorRotEulerZ;LeftMovementAnchorSource;LineLengthMeters;LineZMeters;LongerSide;MeanCm;MoleId;MoleIndexX;MoleIndexY;MolePositionLocalX;MolePositionLocalY;MolePositionLocalZ;MolePositionWorldX;MolePositionWorldY;MolePositionWorldZ;RightControllerLaserPosWorldX;RightControllerLaserPosWorldY;RightControllerLaserPosWorldZ;RightControllerLaserRotEulerX;RightControllerLaserRotEulerY;RightControllerLaserRotEulerZ;RightControllerPosWorldX;RightControllerPosWorldY;RightControllerPosWorldZ;RightControllerRotEulerX;RightControllerRotEulerY;RightControllerRotEulerZ;RightControllerTrigger;RightLengthMeters;RightMovementAnchorPosWorldX;RightMovementAnchorPosWorldY;RightMovementAnchorPosWorldZ;RightMovementAnchorRotEulerX;RightMovementAnchorRotEulerY;RightMovementAnchorRotEulerZ;RightMovementAnchorSource;SdCm;SessionID;SignedOffsetCm;SourceTaskMode;StudyGlobalParticipantId;StudyInputMode;StudyParticipantIndex;StudyResolvedEffect;StudyResolvedTask;StudySessionIndex;StudyTaskOrder;SuccessCount;TargetIndex;TargetRadiusMeters;TargetWorldX;TargetWorldY;TargetWorldZ;TaskMode;TimeSinceLastEvent;Timestamp;TrackingMode;TrialIndex;TrialsPerBlock;XRBackend
NULL;Right;NULL;NULL;Baseline;NULL;OppositeHandTrigger;NULL;NULL;NULL;NULL;NULL;NULL;NULL;NULL;NULL;NULL;None;anonymous;NULL;Game Started;GameEvent;Participant;1;e415d636-246b-4bb6-aecc-2216ac17849f;NULL;0.0000;0.3614;-0.5530;0.0000;0.0000;0.0000;NULL;NULL;NULL;NULL;NULL;NULL;NULL;NULL;NULL;0.0000;0.3614;-0.5455;0.0000;0.0000;0.0000;0.0000;0.0000;0.0000;0.0000;0.0000;0.0000;0;NULL;;;;;;;;NULL;NULL;NULL;NULL;NULL;NULL;NULL;NULL;NULL;NULL;NULL;NULL;NULL;0.0000;0.3614;-0.5455;0.0000;0.0000;0.0000;0.0000;0.0000;0.0000;0.0000;0.0000;0.0000;0;NULL;;;;;;;;NULL;e7fb662b-8755-4a6e-83bf-a1c391efb0ae;NULL;NULL;6;Embodied;3;Skew;OpenLoop;6;LineBisectionFirst;NULL;NULL;NULL;NULL;NULL;NULL;OpenLoop;0.0000;2026-05-21 13:30:49.7553;Hands;NULL;NULL;OpenXR
NULL;Right;NULL;NULL;Baseline;NULL;OppositeHandTrigger;NULL;NULL;NULL;NULL;NULL;NULL;NULL;NULL;NULL;NULL;None;anonymous;NULL;Block Started;BlockEvent;Participant;1;e415d636-246b-4bb6-aecc-2216ac17849f;NULL;0.0000;0.3614;-0.5530;0.0000;0.0000;0.0000;NULL;NULL;NULL;NULL;NULL;NULL;NULL;NULL;NULL;0.0000;0.3614;-0.5455;0.0000;0.0000;0.0000;0.0000;0.0000;0.0000;0.0000;0.0000;0.0000;0;NULL;;;;;;;;NULL;NULL;NULL;NULL;NULL;NULL;NULL;NULL;NULL;NULL;NULL;NULL;NULL;0.0000;0.3614;-0.5455;0.0000;0.0000;0.0000;0.0000;0.0000;0.0000;0.0000;0.0000;0.0000;0;NULL;;;;;;;;NULL;e7fb662b-8755-4a6e-83bf-a1c391efb0ae;NULL;NULL;6;Embodied;3;Skew;OpenLoop;6;LineBisectionFirst;NULL;NULL;NULL;NULL;NULL;NULL;OpenLoop;0.0000;2026-05-21 13:30:49.7553;Hands;NULL;NULL;OpenXR
NULL;Right;NULL;NULL;Baseline;NULL;OppositeHandTrigger;NULL;NULL;NULL;NULL;NULL;NULL;NULL;NULL;NULL;NULL;None;anonymous;NULL;Trial Started;TaskEvent;Participant;1;e415d636-246b-4bb6-aecc-2216ac17849f;NULL;0.0000;0.3614;-0.5530;0.0000;0.0000;0.0000;NULL;NULL;NULL;NULL;NULL;NULL;NULL;NULL;NULL;0.0000;0.3614;-0.5455;0.0000;0.0000;0.0000;0.0000;0.0000;0.0000;0.0000;0.0000;0.0000;0;NULL;;;;;;;;NULL;NULL;NULL;NULL;NULL;NULL;NULL;NULL;NULL;NULL;NULL;NULL;NULL;0.0000;0.3614;-0.5455;0.0000;0.0000;0.0000;0.0000;0.0000;0.0000;0.0000;0.0000;0.0000;0;NULL;;;;;;;;NULL;e7fb662b-8755-4a6e-83bf-a1c391efb0ae;NULL;NULL;6;Embodied;3;Skew;OpenLoop;6;LineBisectionFirst;NULL;NULL;0.0300;0.0000;0.0000;2.0000;OpenLoop;0.0000;2026-05-21 13:30:49.7569;Hands;1;10;OpenXR
NULL;Right;NULL;NULL;Baseline;NULL;OppositeHandTrigger;NULL;NULL;NULL;NULL;NULL;NULL;NULL;NULL;NULL;NULL;None;anonymous;NULL;Trial Accepted;TaskEvent;Participant;1610;e415d636-246b-4bb6-aecc-2216ac17849f;NULL;-0.0059;0.0009;-0.0051;8.8053;1.8311;1.7072;NULL;NULL;NULL;NULL;0.1182;0.0000;2.0000;NULL;NULL;-0.1642;-0.5369;0.3344;6.4861;351.2965;2.9972;-0.1625;-0.5351;0.3264;6.1490;351.1042;2.3011;1;NULL;-0.1885;-0.5571;0.2381;355.5352;359.1130;102.1094;Palm;NULL;NULL;NULL;NULL;NULL;NULL;NULL;NULL;NULL;NULL;NULL;NULL;NULL;-2.1158;-1.7938;0.0610;0.0000;99.7253;0.0000;0.0000;0.0000;0.0000;0.0000;0.0000;0.0000;0;NULL;0.0559;-0.1719;0.3357;313.7701;10.4085;324.4574;Palm;NULL;e7fb662b-8755-4a6e-83bf-a1c391efb0ae;11.8152;NULL;6;Embodied;3;Skew;OpenLoop;6;LineBisectionFirst;NULL;NULL;NULL;NULL;NULL;NULL;OpenLoop;13.7308;2026-05-21 13:31:05.6199;Hands;1;10;OpenXR
NULL;Right;NULL;NULL;Baseline;NULL;OppositeHandTrigger;NULL;NULL;NULL;NULL;NULL;NULL;NULL;NULL;NULL;NULL;None;anonymous;NULL;Trial Started;TaskEvent;Participant;1610;e415d636-246b-4bb6-aecc-2216ac17849f;NULL;-0.0059;0.0009;-0.0051;8.8053;1.8311;1.7072;NULL;NULL;NULL;NULL;NULL;NULL;NULL;NULL;NULL;-0.1642;-0.5369;0.3344;6.4861;351.2965;2.9972;-0.1625;-0.5351;0.3264;6.1490;351.1042;2.3011;1;NULL;-0.1885;-0.5571;0.2381;355.5352;359.1130;102.1094;Palm;NULL;NULL;NULL;NULL;NULL;NULL;NULL;NULL;NULL;NULL;NULL;NULL;NULL;-2.1158;-1.7938;0.0610;0.0000;99.7253;0.0000;0.0000;0.0000;0.0000;0.0000;0.0000;0.0000;0;NULL;0.0559;-0.1719;0.3357;313.7701;10.4085;324.4574;Palm;NULL;e7fb662b-8755-4a6e-83bf-a1c391efb0ae;NULL;NULL;6;Embodied;3;Skew;OpenLoop;6;LineBisectionFirst;NULL;NULL;0.0300;0.0000;0.0000;2.0000;OpenLoop;0.0000;2026-05-21 13:31:05.6215;Hands;2;10;OpenXR
NULL;Right;NULL;NULL;Baseline;NULL;OppositeHandTrigger;NULL;NULL;NULL;NULL;NULL;NULL;NULL;NULL;NULL;NULL;None;anonymous;NULL;Trial Accepted;TaskEvent;Participant;2112;e415d636-246b-4bb6-aecc-2216ac17849f;NULL;-0.0107;-0.0012;0.0012;9.6736;1.4172;1.8971;NULL;NULL;NULL;NULL;0.1388;0.0000;2.0000;NULL;NULL;-0.1636;-0.5366;0.3342;6.9049;351.8976;3.7281;-0.1616;-0.5354;0.3264;6.4312;351.9453;3.2039;1;NULL;-0.1847;-0.5504;0.2371;352.6449;0.1734;100.7920;Palm;NULL;NULL;NULL;NULL;NULL;NULL;NULL;NULL;NULL;NULL;NULL;NULL;NULL;-2.1158;-1.7938;0.0610;0.0000;99.7253;0.0000;0.0000;0.0000;0.0000;0.0000;0.0000;0.0000;0;NULL;0.0533;-0.1478;0.3215;307.7049;8.1433;328.3210;Palm;NULL;e7fb662b-8755-4a6e-83bf-a1c391efb0ae;13.8786;NULL;6;Embodied;3;Skew;OpenLoop;6;LineBisectionFirst;NULL;NULL;NULL;NULL;NULL;NULL;OpenLoop;4.2570;2026-05-21 13:31:09.8689;Hands;2;10;OpenXR
NULL;Right;NULL;NULL;Baseline;NULL;OppositeHandTrigger;NULL;NULL;NULL;NULL;NULL;NULL;NULL;NULL;NULL;NULL;None;anonymous;NULL;Trial Started;TaskEvent;Participant;2112;e415d636-246b-4bb6-aecc-2216ac17849f;NULL;-0.0107;-0.0012;0.0012;9.6736;1.4172;1.8971;NULL;NULL;NULL;NULL;NULL;NULL;NULL;NULL;NULL;-0.1636;-0.5366;0.3342;6.9049;351.8976;3.7281;-0.1616;-0.5354;0.3264;6.4312;351.9453;3.2039;1;NULL;-0.1847;-0.5504;0.2371;352.6449;0.1734;100.7920;Palm;NULL;NULL;NULL;NULL;NULL;NULL;NULL;NULL;NULL;NULL;NULL;NULL;NULL;-2.1158;-1.7938;0.0610;0.0000;99.7253;0.0000;0.0000;0.0000;0.0000;0.0000;0.0000;0.0000;0;NULL;0.0533;-0.1478;0.3215;307.7049;8.1433;328.3210;Palm;NULL;e7fb662b-8755-4a6e-83bf-a1c391efb0ae;NULL;NULL;6;Embodied;3;Skew;OpenLoop;6;LineBisectionFirst;NULL;NULL;0.0300;0.0000;0.0000;2.0000;OpenLoop;0.0000;2026-05-21 13:31:09.8710;Hands;3;10;OpenXR
NULL;Right;NULL;NULL;Baseline;NULL;OppositeHandTrigger;NULL;NULL;NULL;NULL;NULL;NULL;NULL;NULL;NULL;NULL;None;anonymous;NULL;Trial Accepted;TaskEvent;Participant;2509;e415d636-246b-4bb6-aecc-2216ac17849f;NULL;-0.0100;-0.0003;0.0021;9.3896;1.3482;1.7032;NULL;NULL;NULL;NULL;0.1073;0.0000;2.0000;NULL;NULL;-0.1639;-0.5367;0.3343;7.2661;351.7045;3.7116;-0.1626;-0.5355;0.3266;6.7775;351.6157;2.9906;1;NULL;-0.1850;-0.5488;0.2374;352.3591;359.3762;100.2533;Palm;NULL;NULL;NULL;NULL;NULL;NULL;NULL;NULL;NULL;NULL;NULL;NULL;NULL;-2.1158;-1.7938;0.0610;0.0000;99.7253;0.0000;0.0000;0.0000;0.0000;0.0000;0.0000;0.0000;0;NULL;0.0498;-0.1767;0.3323;318.1819;5.8876;328.2701;Palm;NULL;e7fb662b-8755-4a6e-83bf-a1c391efb0ae;10.7324;NULL;6;Embodied;3;Skew;OpenLoop;6;LineBisectionFirst;NULL;NULL;NULL;NULL;NULL;NULL;OpenLoop;3.3077;2026-05-21 13:31:13.1772;Hands;3;10;OpenXR
NULL;Right;NULL;NULL;Baseline;NULL;OppositeHandTrigger;NULL;NULL;NULL;NULL;NULL;NULL;NULL;NULL;NULL;NULL;None;anonymous;NULL;Trial Started;TaskEvent;Participant;2509;e415d636-246b-4bb6-aecc-2216ac17849f;NULL;-0.0100;-0.0003;0.0021;9.3896;1.3482;1.7032;NULL;NULL;NULL;NULL;NULL;NULL;NULL;NULL;NULL;-0.1639;-0.5367;0.3343;7.2661;351.7045;3.7116;-0.1626;-0.5355;0.3266;6.7775;351.6157;2.9906;1;NULL;-0.1850;-0.5488;0.2374;352.3591;359.3762;100.2533;Palm;NULL;NULL;NULL;NULL;NULL;NULL;NULL;NULL;NULL;NULL;NULL;NULL;NULL;-2.1158;-1.7938;0.0610;0.0000;99.7253;0.0000;0.0000;0.0000;0.0000;0.0000;0.0000;0.0000;0;NULL;0.0498;-0.1767;0.3323;318.1819;5.8876;328.2701;Palm;NULL;e7fb662b-8755-4a6e-83bf-a1c391efb0ae;NULL;NULL;6;Embodied;3;Skew;OpenLoop;6;LineBisectionFirst;NULL;NULL;0.0300;0.0000;0.0000;2.0000;OpenLoop;0.0000;2026-05-21 13:31:13.1772;Hands;4;10;OpenXR
NULL;Right;NULL;NULL;Baseline;NULL;OppositeHandTrigger;NULL;NULL;NULL;NULL;NULL;NULL;NULL;NULL;NULL;NULL;None;anonymous;NULL;Trial Accepted;TaskEvent;Participant;2839;e415d636-246b-4bb6-aecc-2216ac17849f;NULL;-0.0098;0.0014;-0.0013;8.7642;1.1348;1.4962;NULL;NULL;NULL;NULL;0.0323;0.0000;2.0000;NULL;NULL;-0.1642;-0.5364;0.3342;7.0222;351.2538;2.5864;-0.1613;-0.5352;0.3264;6.3680;351.9494;1.9067;1;NULL;-0.1850;-0.5480;0.2367;352.4076;358.8815;98.2441;Palm;NULL;NULL;NULL;NULL;NULL;NULL;NULL;NULL;NULL;NULL;NULL;NULL;NULL;-2.1158;-1.7938;0.0610;0.0000;99.7253;0.0000;0.0000;0.0000;0.0000;0.0000;0.0000;0.0000;0;NULL;0.0439;-0.1684;0.3552;315.3990;9.1367;322.1279;Palm;NULL;e7fb662b-8755-4a6e-83bf-a1c391efb0ae;3.2261;NULL;6;Embodied;3;Skew;OpenLoop;6;LineBisectionFirst;NULL;NULL;NULL;NULL;NULL;NULL;OpenLoop;2.7492;2026-05-21 13:31:15.9256;Hands;4;10;OpenXR
NULL;Right;NULL;NULL;Baseline;NULL;OppositeHandTrigger;NULL;NULL;NULL;NULL;NULL;NULL;NULL;NULL;NULL;NULL;None;anonymous;NULL;Trial Started;TaskEvent;Participant;2839;e415d636-246b-4bb6-aecc-2216ac17849f;NULL;-0.0098;0.0014;-0.0013;8.7642;1.1348;1.4962;NULL;NULL;NULL;NULL;NULL;NULL;NULL;NULL;NULL;-0.1642;-0.5364;0.3342;7.0222;351.2538;2.5864;-0.1613;-0.5352;0.3264;6.3680;351.9494;1.9067;1;NULL;-0.1850;-0.5480;0.2367;352.4076;358.8815;98.2441;Palm;NULL;NULL;NULL;NULL;NULL;NULL;NULL;NULL;NULL;NULL;NULL;NULL;NULL;-2.1158;-1.7938;0.0610;0.0000;99.7253;0.0000;0.0000;0.0000;0.0000;0.0000;0.0000;0.0000;0;NULL;0.0439;-0.1684;0.3552;315.3990;9.1367;322.1279;Palm;NULL;e7fb662b-8755-4a6e-83bf-a1c391efb0ae;NULL;NULL;6;Embodied;3;Skew;OpenLoop;6;LineBisectionFirst;NULL;NULL;0.0300;0.0000;0.0000;2.0000;OpenLoop;0.0000;2026-05-21 13:31:15.9271;Hands;5;10;OpenXR
NULL;Right;NULL;NULL;Baseline;NULL;OppositeHandTrigger;NULL;NULL;NULL;NULL;NULL;NULL;NULL;NULL;NULL;NULL;None;anonymous;NULL;Trial Accepted;TaskEvent;Participant;3168;e415d636-246b-4bb6-aecc-2216ac17849f;NULL;-0.0122;0.0023;-0.0019;8.4555;0.8273;1.6568;NULL;NULL;NULL;NULL;0.1223;0.0000;2.0000;NULL;NULL;-0.1649;-0.5367;0.3343;7.2851;351.1336;2.9775;-0.1634;-0.5353;0.3265;6.8822;351.4228;2.4366;1;NULL;-0.1870;-0.5512;0.2370;352.5215;358.9662;98.9265;Palm;NULL;NULL;NULL;NULL;NULL;NULL;NULL;NULL;NULL;NULL;NULL;NULL;NULL;-2.1158;-1.7938;0.0610;0.0000;99.7253;0.0000;0.0000;0.0000;0.0000;0.0000;0.0000;0.0000;0;NULL;0.0450;-0.1602;0.3649;316.5384;8.3410;324.4882;Palm;NULL;e7fb662b-8755-4a6e-83bf-a1c391efb0ae;12.2325;NULL;6;Embodied;3;Skew;OpenLoop;6;LineBisectionFirst;NULL;NULL;NULL;NULL;NULL;NULL;OpenLoop;2.7496;2026-05-21 13:31:18.6761;Hands;5;10;OpenXR
NULL;Right;NULL;NULL;Baseline;NULL;OppositeHandTrigger;NULL;NULL;NULL;NULL;NULL;NULL;NULL;NULL;NULL;NULL;None;anonymous;NULL;Trial Started;TaskEvent;Participant;3168;e415d636-246b-4bb6-aecc-2216ac17849f;NULL;-0.0122;0.0023;-0.0019;8.4555;0.8273;1.6568;NULL;NULL;NULL;NULL;NULL;NULL;NULL;NULL;NULL;-0.1649;-0.5367;0.3343;7.2851;351.1336;2.9775;-0.1634;-0.5353;0.3265;6.8822;351.4228;2.4366;1;NULL;-0.1870;-0.5512;0.2370;352.5215;358.9662;98.9265;Palm;NULL;NULL;NULL;NULL;NULL;NULL;NULL;NULL;NULL;NULL;NULL;NULL;NULL;-2.1158;-1.7938;0.0610;0.0000;99.7253;0.0000;0.0000;0.0000;0.0000;0.0000;0.0000;0.0000;0;NULL;0.0450;-0.1602;0.3649;316.5384;8.3410;324.4882;Palm;NULL;e7fb662b-8755-4a6e-83bf-a1c391efb0ae;NULL;NULL;6;Embodied;3;Skew;OpenLoop;6;LineBisectionFirst;NULL;NULL;0.0300;0.0000;0.0000;2.0000;OpenLoop;0.0000;2026-05-21 13:31:18.6771;Hands;6;10;OpenXR
NULL;Right;NULL;NULL;Baseline;NULL;OppositeHandTrigger;NULL;NULL;NULL;NULL;NULL;NULL;NULL;NULL;NULL;NULL;None;anonymous;NULL;Trial Accepted;TaskEvent;Participant;3474;e415d636-246b-4bb6-aecc-2216ac17849f;NULL;-0.0113;0.0026;0.0008;8.2801;0.7354;1.2897;NULL;NULL;NULL;NULL;0.1191;0.0000;2.0000;NULL;NULL;-0.1648;-0.5369;0.3344;7.5158;351.3407;2.9541;-0.1627;-0.5352;0.3262;6.6292;351.7838;2.8344;1;NULL;-0.1880;-0.5521;0.2377;351.8245;359.9011;99.1639;Palm;NULL;NULL;NULL;NULL;NULL;NULL;NULL;NULL;NULL;NULL;NULL;NULL;NULL;-2.1158;-1.7938;0.0610;0.0000;99.7253;0.0000;0.0000;0.0000;0.0000;0.0000;0.0000;0.0000;0;NULL;0.0410;-0.1643;0.3736;319.1150;6.7179;325.8202;Palm;NULL;e7fb662b-8755-4a6e-83bf-a1c391efb0ae;11.9082;NULL;6;Embodied;3;Skew;OpenLoop;6;LineBisectionFirst;NULL;NULL;NULL;NULL;NULL;NULL;OpenLoop;2.5493;2026-05-21 13:31:21.2249;Hands;6;10;OpenXR
NULL;Right;NULL;NULL;Baseline;NULL;OppositeHandTrigger;NULL;NULL;NULL;NULL;NULL;NULL;NULL;NULL;NULL;NULL;None;anonymous;NULL;Trial Started;TaskEvent;Participant;3474;e415d636-246b-4bb6-aecc-2216ac17849f;NULL;-0.0113;0.0026;0.0008;8.2801;0.7354;1.2897;NULL;NULL;NULL;NULL;NULL;NULL;NULL;NULL;NULL;-0.1648;-0.5369;0.3344;7.5158;351.3407;2.9541;-0.1627;-0.5352;0.3262;6.6292;351.7838;2.8344;1;NULL;-0.1880;-0.5521;0.2377;351.8245;359.9011;99.1639;Palm;NULL;NULL;NULL;NULL;NULL;NULL;NULL;NULL;NULL;NULL;NULL;NULL;NULL;-2.1158;-1.7938;0.0610;0.0000;99.7253;0.0000;0.0000;0.0000;0.0000;0.0000;0.0000;0.0000;0;NULL;0.0410;-0.1643;0.3736;319.1150;6.7179;325.8202;Palm;NULL;e7fb662b-8755-4a6e-83bf-a1c391efb0ae;NULL;NULL;6;Embodied;3;Skew;OpenLoop;6;LineBisectionFirst;NULL;NULL;0.0300;0.0000;0.0000;2.0000;OpenLoop;0.0000;2026-05-21 13:31:21.2264;Hands;7;10;OpenXR
NULL;Right;NULL;NULL;Baseline;NULL;OppositeHandTrigger;NULL;NULL;NULL;NULL;NULL;NULL;NULL;NULL;NULL;NULL;None;anonymous;NULL;Trial Accepted;TaskEvent;Participant;3789;e415d636-246b-4bb6-aecc-2216ac17849f;NULL;-0.0102;0.0026;0.0004;8.3091;0.6036;1.3821;NULL;NULL;NULL;NULL;0.0755;0.0000;2.0000;NULL;NULL;-0.1652;-0.5375;0.3348;7.7304;351.2626;2.8987;-0.1626;-0.5348;0.3257;6.4718;352.3995;3.1481;1;NULL;-0.1883;-0.5534;0.2378;353.4667;358.8610;99.6304;Palm;NULL;NULL;NULL;NULL;NULL;NULL;NULL;NULL;NULL;NULL;NULL;NULL;NULL;-2.1158;-1.7938;0.0610;0.0000;99.7253;0.0000;0.0000;0.0000;0.0000;0.0000;0.0000;0.0000;0;NULL;0.0375;-0.1534;0.3812;316.9033;5.1615;328.6338;Palm;NULL;e7fb662b-8755-4a6e-83bf-a1c391efb0ae;7.5540;NULL;6;Embodied;3;Skew;OpenLoop;6;LineBisectionFirst;NULL;NULL;NULL;NULL;NULL;NULL;OpenLoop;2.6239;2026-05-21 13:31:23.8478;Hands;7;10;OpenXR
NULL;Right;NULL;NULL;Baseline;NULL;OppositeHandTrigger;NULL;NULL;NULL;NULL;NULL;NULL;NULL;NULL;NULL;NULL;None;anonymous;NULL;Trial Started;TaskEvent;Participant;3789;e415d636-246b-4bb6-aecc-2216ac17849f;NULL;-0.0102;0.0026;0.0004;8.3091;0.6036;1.3821;NULL;NULL;NULL;NULL;NULL;NULL;NULL;NULL;NULL;-0.1652;-0.5375;0.3348;7.7304;351.2626;2.8987;-0.1626;-0.5348;0.3257;6.4718;352.3995;3.1481;1;NULL;-0.1883;-0.5534;0.2378;353.4667;358.8610;99.6304;Palm;NULL;NULL;NULL;NULL;NULL;NULL;NULL;NULL;NULL;NULL;NULL;NULL;NULL;-2.1158;-1.7938;0.0610;0.0000;99.7253;0.0000;0.0000;0.0000;0.0000;0.0000;0.0000;0.0000;0;NULL;0.0375;-0.1534;0.3812;316.9033;5.1615;328.6338;Palm;NULL;e7fb662b-8755-4a6e-83bf-a1c391efb0ae;NULL;NULL;6;Embodied;3;Skew;OpenLoop;6;LineBisectionFirst;NULL;NULL;0.0300;0.0000;0.0000;2.0000;OpenLoop;0.0000;2026-05-21 13:31:23.8493;Hands;8;10;OpenXR
NULL;Right;NULL;NULL;Baseline;NULL;OppositeHandTrigger;NULL;NULL;NULL;NULL;NULL;NULL;NULL;NULL;NULL;NULL;None;anonymous;NULL;Trial Accepted;TaskEvent;Participant;4136;e415d636-246b-4bb6-aecc-2216ac17849f;NULL;-0.0141;0.0016;0.0029;8.6408;0.4233;1.6795;NULL;NULL;NULL;NULL;0.1302;0.0000;2.0000;NULL;NULL;-0.1660;-0.5374;0.3348;8.1019;350.9425;3.2807;-0.1644;-0.5364;0.3273;7.4845;351.2150;2.8076;1;NULL;-0.1887;-0.5548;0.2376;353.5271;358.8408;101.1078;Palm;NULL;NULL;NULL;NULL;NULL;NULL;NULL;NULL;NULL;NULL;NULL;NULL;NULL;-2.1158;-1.7938;0.0610;0.0000;99.7253;0.0000;0.0000;0.0000;0.0000;0.0000;0.0000;0.0000;0;NULL;0.0390;-0.1424;0.3635;319.4594;5.0451;327.4955;Palm;NULL;e7fb662b-8755-4a6e-83bf-a1c391efb0ae;13.0215;NULL;6;Embodied;3;Skew;OpenLoop;6;LineBisectionFirst;NULL;NULL;NULL;NULL;NULL;NULL;OpenLoop;2.8909;2026-05-21 13:31:26.7401;Hands;8;10;OpenXR
NULL;Right;NULL;NULL;Baseline;NULL;OppositeHandTrigger;NULL;NULL;NULL;NULL;NULL;NULL;NULL;NULL;NULL;NULL;None;anonymous;NULL;Trial Started;TaskEvent;Participant;4136;e415d636-246b-4bb6-aecc-2216ac17849f;NULL;-0.0141;0.0016;0.0029;8.6408;0.4233;1.6795;NULL;NULL;NULL;NULL;NULL;NULL;NULL;NULL;NULL;-0.1660;-0.5374;0.3348;8.1019;350.9425;3.2807;-0.1644;-0.5364;0.3273;7.4845;351.2150;2.8076;1;NULL;-0.1887;-0.5548;0.2376;353.5271;358.8408;101.1078;Palm;NULL;NULL;NULL;NULL;NULL;NULL;NULL;NULL;NULL;NULL;NULL;NULL;NULL;-2.1158;-1.7938;0.0610;0.0000;99.7253;0.0000;0.0000;0.0000;0.0000;0.0000;0.0000;0.0000;0;NULL;0.0390;-0.1424;0.3635;319.4594;5.0451;327.4955;Palm;NULL;e7fb662b-8755-4a6e-83bf-a1c391efb0ae;NULL;NULL;6;Embodied;3;Skew;OpenLoop;6;LineBisectionFirst;NULL;NULL;0.0300;0.0000;0.0000;2.0000;OpenLoop;0.0000;2026-05-21 13:31:26.7411;Hands;9;10;OpenXR
NULL;Right;NULL;NULL;Baseline;NULL;OppositeHandTrigger;NULL;NULL;NULL;NULL;NULL;NULL;NULL;NULL;NULL;NULL;None;anonymous;NULL;Trial Accepted;TaskEvent;Participant;4437;e415d636-246b-4bb6-aecc-2216ac17849f;NULL;-0.0177;0.0014;0.0025;8.5251;0.4449;1.9797;NULL;NULL;NULL;NULL;0.1237;0.0000;2.0000;NULL;NULL;-0.1667;-0.5375;0.3350;8.1393;350.9009;3.6435;-0.1648;-0.5350;0.3262;7.1017;351.2369;3.4235;1;NULL;-0.1891;-0.5542;0.2382;352.9806;358.6869;100.7618;Palm;NULL;NULL;NULL;NULL;NULL;NULL;NULL;NULL;NULL;NULL;NULL;NULL;NULL;-2.1158;-1.7938;0.0610;0.0000;99.7253;0.0000;0.0000;0.0000;0.0000;0.0000;0.0000;0.0000;0;NULL;0.0362;-0.1392;0.3723;320.7433;5.4968;325.3762;Palm;NULL;e7fb662b-8755-4a6e-83bf-a1c391efb0ae;12.3671;NULL;6;Embodied;3;Skew;OpenLoop;6;LineBisectionFirst;NULL;NULL;NULL;NULL;NULL;NULL;OpenLoop;2.5079;2026-05-21 13:31:29.2471;Hands;9;10;OpenXR
NULL;Right;NULL;NULL;Baseline;NULL;OppositeHandTrigger;NULL;NULL;NULL;NULL;NULL;NULL;NULL;NULL;NULL;NULL;None;anonymous;NULL;Trial Started;TaskEvent;Participant;4437;e415d636-246b-4bb6-aecc-2216ac17849f;NULL;-0.0177;0.0014;0.0025;8.5251;0.4449;1.9797;NULL;NULL;NULL;NULL;NULL;NULL;NULL;NULL;NULL;-0.1667;-0.5375;0.3350;8.1393;350.9009;3.6435;-0.1648;-0.5350;0.3262;7.1017;351.2369;3.4235;1;NULL;-0.1891;-0.5542;0.2382;352.9806;358.6869;100.7618;Palm;NULL;NULL;NULL;NULL;NULL;NULL;NULL;NULL;NULL;NULL;NULL;NULL;NULL;-2.1158;-1.7938;0.0610;0.0000;99.7253;0.0000;0.0000;0.0000;0.0000;0.0000;0.0000;0.0000;0;NULL;0.0362;-0.1392;0.3723;320.7433;5.4968;325.3762;Palm;NULL;e7fb662b-8755-4a6e-83bf-a1c391efb0ae;NULL;NULL;6;Embodied;3;Skew;OpenLoop;6;LineBisectionFirst;NULL;NULL;0.0300;0.0000;0.0000;2.0000;OpenLoop;0.0000;2026-05-21 13:31:29.2486;Hands;10;10;OpenXR
NULL;Right;NULL;NULL;Baseline;NULL;OppositeHandTrigger;NULL;NULL;NULL;NULL;NULL;NULL;NULL;NULL;NULL;NULL;None;anonymous;NULL;Trial Accepted;TaskEvent;Participant;4758;e415d636-246b-4bb6-aecc-2216ac17849f;NULL;-0.0169;0.0015;0.0032;8.5611;0.5665;1.7986;NULL;NULL;NULL;NULL;0.0457;0.0000;2.0000;NULL;NULL;-0.1669;-0.5377;0.3352;8.5021;350.8131;3.4950;-0.1656;-0.5370;0.3280;8.2346;350.9205;3.3152;1;NULL;-0.1888;-0.5536;0.2386;353.2611;358.4211;102.0288;Palm;NULL;NULL;NULL;NULL;NULL;NULL;NULL;NULL;NULL;NULL;NULL;NULL;NULL;-2.1158;-1.7938;0.0610;0.0000;99.7253;0.0000;0.0000;0.0000;0.0000;0.0000;0.0000;0.0000;0;NULL;0.0326;-0.1481;0.3689;321.6114;2.3291;327.7651;Palm;NULL;e7fb662b-8755-4a6e-83bf-a1c391efb0ae;4.5738;NULL;6;Embodied;3;Skew;OpenLoop;6;LineBisectionFirst;NULL;NULL;NULL;NULL;NULL;NULL;OpenLoop;2.6742;2026-05-21 13:31:31.9212;Hands;10;10;OpenXR
NULL;Right;NULL;NULL;Baseline;NULL;OppositeHandTrigger;NULL;NULL;NULL;NULL;NULL;NULL;NULL;NULL;NULL;NULL;None;anonymous;NULL;Block Completed;BlockEvent;Participant;4758;e415d636-246b-4bb6-aecc-2216ac17849f;NULL;-0.0169;0.0015;0.0032;8.5611;0.5665;1.7986;NULL;NULL;NULL;NULL;NULL;NULL;NULL;NULL;NULL;-0.1669;-0.5377;0.3352;8.5021;350.8131;3.4950;-0.1656;-0.5370;0.3280;8.2346;350.9205;3.3152;1;NULL;-0.1888;-0.5536;0.2386;353.2611;358.4211;102.0288;Palm;NULL;NULL;NULL;10.1309;NULL;NULL;NULL;NULL;NULL;NULL;NULL;NULL;NULL;-2.1158;-1.7938;0.0610;0.0000;99.7253;0.0000;0.0000;0.0000;0.0000;0.0000;0.0000;0.0000;0;NULL;0.0326;-0.1481;0.3689;321.6114;2.3291;327.7651;Palm;3.7025;e7fb662b-8755-4a6e-83bf-a1c391efb0ae;NULL;NULL;6;Embodied;3;Skew;OpenLoop;6;LineBisectionFirst;NULL;NULL;NULL;NULL;NULL;NULL;OpenLoop;0.0000;2026-05-21 13:31:31.9239;Hands;NULL;10;OpenXR
NULL;Right;NULL;NULL;Exposure;NULL;OppositeHandTrigger;NULL;NULL;NULL;NULL;NULL;NULL;NULL;NULL;NULL;NULL;None;anonymous;NULL;Exposure Started;BlockEvent;Participant;4998;e415d636-246b-4bb6-aecc-2216ac17849f;NULL;-0.0047;0.0022;0.0031;7.6230;0.5676;0.9230;NULL;NULL;NULL;NULL;NULL;NULL;NULL;NULL;NULL;-0.1668;-0.5379;0.3355;8.3030;350.9928;3.9972;-0.1642;-0.5372;0.3288;8.2421;351.0953;4.1325;0;NULL;-0.1881;-0.5602;0.2390;2.0122;0.3204;110.5851;Palm;NULL;NULL;NULL;NULL;NULL;NULL;NULL;NULL;NULL;NULL;NULL;NULL;NULL;-2.1158;-1.7938;0.0610;0.0000;99.7253;0.0000;0.0000;0.0000;0.0000;0.0000;0.0000;0.0000;0;NULL;0.0908;-0.5575;0.3071;348.0623;347.3156;341.3342;Palm;NULL;e7fb662b-8755-4a6e-83bf-a1c391efb0ae;NULL;OpenLoop;6;Embodied;3;Skew;OpenLoop;6;LineBisectionFirst;NULL;NULL;NULL;NULL;NULL;NULL;Exposure;2.0077;2026-05-21 13:31:33.9300;Hands;NULL;NULL;OpenXR
NULL;Right;NULL;NULL;Exposure;NULL;OppositeHandTrigger;2;1;0;0;0;0;0.5000;0.0000;2.0000;NULL;Skew;anonymous;NULL;Mole Spawned;MoleEvent;Participant;4998;e415d636-246b-4bb6-aecc-2216ac17849f;NULL;-0.0047;0.0022;0.0031;7.6230;0.5676;0.9230;NULL;NULL;NULL;NULL;NULL;NULL;NULL;NULL;NULL;-0.1668;-0.5379;0.3355;8.3030;350.9928;3.9972;-0.1642;-0.5372;0.3288;8.2421;351.0953;4.1325;0;NULL;-0.1881;-0.5602;0.2390;2.0122;0.3204;110.5851;Palm;NULL;NULL;NULL;NULL;2;1;0;0;0;0;0.5000;0.0000;2.0000;-2.1158;-1.7938;0.0610;0.0000;99.7253;0.0000;0.0000;0.0000;0.0000;0.0000;0.0000;0.0000;0;NULL;0.0908;-0.5575;0.3071;348.0623;347.3156;341.3342;Palm;NULL;e7fb662b-8755-4a6e-83bf-a1c391efb0ae;NULL;NULL;6;Embodied;3;Skew;OpenLoop;6;LineBisectionFirst;NULL;1;NULL;0.5000;0.0000;2.0000;Exposure;0.0000;2026-05-21 13:31:33.9371;Hands;NULL;NULL;OpenXR
NULL;Right;NULL;1;Exposure;NULL;OppositeHandTrigger;2;1;0;0;0;0;0.5000;0.0000;2.0000;NULL;Skew;anonymous;NULL;Pointer Shoot;PointerEvent;Participant;5600;e415d636-246b-4bb6-aecc-2216ac17849f;NULL;0.0034;-0.0059;-0.0022;8.8892;3.0615;0.8416;NULL;0.6652;-0.0003;2.0000;0.6652;-0.0003;2.0000;NULL;NULL;-0.1651;-0.5472;0.3353;8.2047;350.7040;2.6657;-0.1625;-0.5451;0.3268;7.2739;350.8127;1.9669;1;NULL;-0.1872;-0.5666;0.2389;358.3160;359.4005;105.4209;Palm;NULL;NULL;NULL;NULL;2;1;0;0;0;0;0.5000;0.0000;2.0000;-2.1139;-1.8025;0.0435;0.0000;99.2339;0.0000;0.0000;0.0000;0.0000;0.0000;0.0000;0.0000;0;NULL;0.1709;-0.2360;0.3917;325.7787;17.9571;316.0296;Palm;NULL;e7fb662b-8755-4a6e-83bf-a1c391efb0ae;NULL;NULL;6;Embodied;3;Skew;OpenLoop;6;LineBisectionFirst;0;1;NULL;0.5000;0.0000;2.0000;Exposure;5.0401;2026-05-21 13:31:38.9694;Hands;NULL;NULL;OpenXR
NULL;Right;NULL;1;Exposure;NULL;OppositeHandTrigger;2;1;0;0;0;0;0.5000;0.0000;2.0000;NULL;Skew;anonymous;NULL;Mole Missed;PointerEvent;Participant;5600;e415d636-246b-4bb6-aecc-2216ac17849f;NULL;0.0034;-0.0059;-0.0022;8.8892;3.0615;0.8416;0.1652;0.6652;-0.0003;2.0000;0.6652;-0.0003;2.0000;NULL;0;-0.1651;-0.5472;0.3353;8.2047;350.7040;2.6657;-0.1625;-0.5451;0.3268;7.2739;350.8127;1.9669;1;NULL;-0.1872;-0.5666;0.2389;358.3160;359.4005;105.4209;Palm;NULL;NULL;NULL;NULL;2;1;0;0;0;0;0.5000;0.0000;2.0000;-2.1139;-1.8025;0.0435;0.0000;99.2339;0.0000;0.0000;0.0000;0.0000;0.0000;0.0000;0.0000;0;NULL;0.1709;-0.2360;0.3917;325.7787;17.9571;316.0296;Palm;NULL;e7fb662b-8755-4a6e-83bf-a1c391efb0ae;NULL;NULL;6;Embodied;3;Skew;OpenLoop;6;LineBisectionFirst;0;1;NULL;0.5000;0.0000;2.0000;Exposure;0.0000;2026-05-21 13:31:38.9724;Hands;NULL;NULL;OpenXR
NULL;Right;NULL;NULL;Exposure;NULL;OppositeHandTrigger;3;2;0;1;0;0;-0.5000;0.0000;2.0000;NULL;Skew;anonymous;NULL;Mole Spawned;MoleEvent;Participant;5600;e415d636-246b-4bb6-aecc-2216ac17849f;NULL;0.0034;-0.0059;-0.0022;8.8892;3.0615;0.8416;NULL;NULL;NULL;NULL;NULL;NULL;NULL;NULL;NULL;-0.1651;-0.5472;0.3353;8.2047;350.7040;2.6657;-0.1625;-0.5451;0.3268;7.2739;350.8127;1.9669;1;NULL;-0.1872;-0.5666;0.2389;358.3160;359.4005;105.4209;Palm;NULL;NULL;NULL;NULL;3;2;0;1;0;0;-0.5000;0.0000;2.0000;-2.1139;-1.8025;0.0435;0.0000;99.2339;0.0000;0.0000;0.0000;0.0000;0.0000;0.0000;0.0000;0;NULL;0.1709;-0.2360;0.3917;325.7787;17.9571;316.0296;Palm;NULL;e7fb662b-8755-4a6e-83bf-a1c391efb0ae;NULL;NULL;6;Embodied;3;Skew;OpenLoop;6;LineBisectionFirst;NULL;2;NULL;-0.5000;0.0000;2.0000;Exposure;0.0000;2026-05-21 13:31:38.9740;Hands;NULL;NULL;OpenXR
NULL;Right;NULL;2;Exposure;NULL;OppositeHandTrigger;3;2;0;1;0;0;-0.5000;0.0000;2.0000;NULL;Skew;anonymous;NULL;Pointer Shoot;PointerEvent;Participant;5739;e415d636-246b-4bb6-aecc-2216ac17849f;NULL;0.0038;-0.0058;-0.0020;8.7968;3.0060;0.7515;NULL;-0.3236;0.0390;2.0000;-0.3236;0.0390;2.0000;NULL;NULL;-0.1650;-0.5472;0.3353;8.1805;350.5066;2.4662;-0.1629;-0.5456;0.3277;7.8244;350.8525;2.0909;1;NULL;-0.1872;-0.5680;0.2403;358.3024;359.8439;106.9307;Palm;NULL;NULL;NULL;NULL;3;2;0;1;0;0;-0.5000;0.0000;2.0000;-2.1139;-1.8025;0.0435;0.0000;99.2339;0.0000;0.0000;0.0000;0.0000;0.0000;0.0000;0.0000;0;NULL;0.1163;-0.2259;0.3576;320.8470;350.8868;319.2016;Palm;NULL;e7fb662b-8755-4a6e-83bf-a1c391efb0ae;NULL;NULL;6;Embodied;3;Skew;OpenLoop;6;LineBisectionFirst;0;2;NULL;-0.5000;0.0000;2.0000;Exposure;1.1665;2026-05-21 13:31:40.1361;Hands;NULL;NULL;OpenXR
NULL;Right;NULL;2;Exposure;NULL;OppositeHandTrigger;3;2;0;1;0;0;-0.5000;0.0000;2.0000;NULL;Skew;anonymous;NULL;Mole Missed;PointerEvent;Participant;5739;e415d636-246b-4bb6-aecc-2216ac17849f;NULL;0.0038;-0.0058;-0.0020;8.7968;3.0060;0.7515;0.1807;-0.3236;0.0390;2.0000;-0.3236;0.0390;2.0000;NULL;0;-0.1650;-0.5472;0.3353;8.1805;350.5066;2.4662;-0.1629;-0.5456;0.3277;7.8244;350.8525;2.0909;1;NULL;-0.1872;-0.5680;0.2403;358.3024;359.8439;106.9307;Palm;NULL;NULL;NULL;NULL;3;2;0;1;0;0;-0.5000;0.0000;2.0000;-2.1139;-1.8025;0.0435;0.0000;99.2339;0.0000;0.0000;0.0000;0.0000;0.0000;0.0000;0.0000;0;NULL;0.1163;-0.2259;0.3576;320.8470;350.8868;319.2016;Palm;NULL;e7fb662b-8755-4a6e-83bf-a1c391efb0ae;NULL;NULL;6;Embodied;3;Skew;OpenLoop;6;LineBisectionFirst;0;2;NULL;-0.5000;0.0000;2.0000;Exposure;0.0000;2026-05-21 13:31:40.1376;Hands;NULL;NULL;OpenXR
NULL;Right;NULL;NULL;Exposure;NULL;OppositeHandTrigger;1;0;0;-1;0;0;0.0000;0.0000;2.0000;NULL;Skew;anonymous;NULL;Mole Spawned;MoleEvent;Participant;5739;e415d636-246b-4bb6-aecc-2216ac17849f;NULL;0.0038;-0.0058;-0.0020;8.7968;3.0060;0.7515;NULL;NULL;NULL;NULL;NULL;NULL;NULL;NULL;NULL;-0.1650;-0.5472;0.3353;8.1805;350.5066;2.4662;-0.1629;-0.5456;0.3277;7.8244;350.8525;2.0909;1;NULL;-0.1872;-0.5680;0.2403;358.3024;359.8439;106.9307;Palm;NULL;NULL;NULL;NULL;1;0;0;-1;0;0;0.0000;0.0000;2.0000;-2.1139;-1.8025;0.0435;0.0000;99.2339;0.0000;0.0000;0.0000;0.0000;0.0000;0.0000;0.0000;0;NULL;0.1163;-0.2259;0.3576;320.8470;350.8868;319.2016;Palm;NULL;e7fb662b-8755-4a6e-83bf-a1c391efb0ae;NULL;NULL;6;Embodied;3;Skew;OpenLoop;6;LineBisectionFirst;NULL;0;NULL;0.0000;0.0000;2.0000;Exposure;0.0000;2026-05-21 13:31:40.1391;Hands;NULL;NULL;OpenXR
NULL;Right;NULL;3;Exposure;NULL;OppositeHandTrigger;1;0;0;-1;0;0;0.0000;0.0000;2.0000;NULL;Skew;anonymous;NULL;Pointer Shoot;PointerEvent;Participant;5841;e415d636-246b-4bb6-aecc-2216ac17849f;NULL;0.0045;-0.0060;-0.0020;8.8894;3.0395;0.6235;NULL;0.0903;-0.0334;2.0000;0.0903;-0.0334;2.0000;NULL;NULL;-0.1650;-0.5472;0.3354;8.2484;350.3375;2.3164;-0.1639;-0.5461;0.3284;8.2051;350.3315;2.0520;1;NULL;-0.1871;-0.5670;0.2404;356.7037;359.4296;106.4539;Palm;NULL;NULL;NULL;NULL;1;0;0;-1;0;0;0.0000;0.0000;2.0000;-2.1139;-1.8025;0.0435;0.0000;99.2339;0.0000;0.0000;0.0000;0.0000;0.0000;0.0000;0.0000;0;NULL;0.1429;-0.2342;0.3679;321.9979;5.6908;316.1909;Palm;NULL;e7fb662b-8755-4a6e-83bf-a1c391efb0ae;NULL;NULL;6;Embodied;3;Skew;OpenLoop;6;LineBisectionFirst;0;0;NULL;0.0000;0.0000;2.0000;Exposure;0.8500;2026-05-21 13:31:40.9870;Hands;NULL;NULL;OpenXR
NULL;Right;NULL;3;Exposure;NULL;OppositeHandTrigger;1;0;0;-1;0;0;0.0000;0.0000;2.0000;NULL;Skew;anonymous;NULL;Mole Hit;MoleEvent;Participant;5841;e415d636-246b-4bb6-aecc-2216ac17849f;NULL;0.0045;-0.0060;-0.0020;8.8894;3.0395;0.6235;0.0963;0.0903;-0.0334;2.0000;0.0903;-0.0334;2.0000;NULL;1;-0.1650;-0.5472;0.3354;8.2484;350.3375;2.3164;-0.1639;-0.5461;0.3284;8.2051;350.3315;2.0520;1;NULL;-0.1871;-0.5670;0.2404;356.7037;359.4296;106.4539;Palm;NULL;NULL;NULL;NULL;1;0;0;-1;0;0;0.0000;0.0000;2.0000;-2.1139;-1.8025;0.0435;0.0000;99.2339;0.0000;0.0000;0.0000;0.0000;0.0000;0.0000;0.0000;0;NULL;0.1429;-0.2342;0.3679;321.9979;5.6908;316.1909;Palm;NULL;e7fb662b-8755-4a6e-83bf-a1c391efb0ae;NULL;NULL;6;Embodied;3;Skew;OpenLoop;6;LineBisectionFirst;0;0;NULL;0.0000;0.0000;2.0000;Exposure;0.0000;2026-05-21 13:31:40.9870;Hands;NULL;NULL;OpenXR
NULL;Right;NULL;NULL;Exposure;NULL;OppositeHandTrigger;2;1;0;0;0;0;0.5000;0.0000;2.0000;NULL;Skew;anonymous;NULL;Mole Spawned;MoleEvent;Participant;5841;e415d636-246b-4bb6-aecc-2216ac17849f;NULL;0.0045;-0.0060;-0.0020;8.8894;3.0395;0.6235;NULL;NULL;NULL;NULL;NULL;NULL;NULL;NULL;NULL;-0.1650;-0.5472;0.3354;8.2484;350.3375;2.3164;-0.1639;-0.5461;0.3284;8.2051;350.3315;2.0520;1;NULL;-0.1871;-0.5670;0.2404;356.7037;359.4296;106.4539;Palm;NULL;NULL;NULL;NULL;2;1;0;0;0;0;0.5000;0.0000;2.0000;-2.1139;-1.8025;0.0435;0.0000;99.2339;0.0000;0.0000;0.0000;0.0000;0.0000;0.0000;0.0000;0;NULL;0.1429;-0.2342;0.3679;321.9979;5.6908;316.1909;Palm;NULL;e7fb662b-8755-4a6e-83bf-a1c391efb0ae;NULL;NULL;6;Embodied;3;Skew;OpenLoop;6;LineBisectionFirst;NULL;1;NULL;0.5000;0.0000;2.0000;Exposure;0.0000;2026-05-21 13:31:40.9895;Hands;NULL;NULL;OpenXR
NULL;Right;NULL;4;Exposure;NULL;OppositeHandTrigger;2;1;0;0;0;0;0.5000;0.0000;2.0000;NULL;Skew;anonymous;NULL;Pointer Shoot;PointerEvent;Participant;5995;e415d636-246b-4bb6-aecc-2216ac17849f;NULL;0.0061;-0.0063;-0.0011;9.0585;3.2266;0.4348;NULL;0.5917;-0.0208;2.0000;0.5917;-0.0208;2.0000;NULL;NULL;-0.1653;-0.5473;0.3355;8.4347;350.1082;2.2806;-0.1638;-0.5460;0.3278;8.0543;350.1990;1.7554;1;NULL;-0.1867;-0.5641;0.2390;355.9371;359.4598;106.4366;Palm;NULL;NULL;NULL;NULL;2;1;0;0;0;0;0.5000;0.0000;2.0000;-2.1139;-1.8025;0.0435;0.0000;99.2339;0.0000;0.0000;0.0000;0.0000;0.0000;0.0000;0.0000;0;NULL;0.1935;-0.2296;0.3736;322.0854;21.4760;314.9617;Palm;NULL;e7fb662b-8755-4a6e-83bf-a1c391efb0ae;NULL;NULL;6;Embodied;3;Skew;OpenLoop;6;LineBisectionFirst;1;1;NULL;0.5000;0.0000;2.0000;Exposure;1.2831;2026-05-21 13:31:42.2694;Hands;NULL;NULL;OpenXR
NULL;Right;NULL;4;Exposure;NULL;OppositeHandTrigger;2;1;0;0;0;0;0.5000;0.0000;2.0000;NULL;Skew;anonymous;NULL;Mole Hit;MoleEvent;Participant;5995;e415d636-246b-4bb6-aecc-2216ac17849f;NULL;0.0061;-0.0063;-0.0011;9.0585;3.2266;0.4348;0.0941;0.5917;-0.0208;2.0000;0.5917;-0.0208;2.0000;NULL;1;-0.1653;-0.5473;0.3355;8.4347;350.1082;2.2806;-0.1638;-0.5460;0.3278;8.0543;350.1990;1.7554;1;NULL;-0.1867;-0.5641;0.2390;355.9371;359.4598;106.4366;Palm;NULL;NULL;NULL;NULL;2;1;0;0;0;0;0.5000;0.0000;2.0000;-2.1139;-1.8025;0.0435;0.0000;99.2339;0.0000;0.0000;0.0000;0.0000;0.0000;0.0000;0.0000;0;NULL;0.1935;-0.2296;0.3736;322.0854;21.4760;314.9617;Palm;NULL;e7fb662b-8755-4a6e-83bf-a1c391efb0ae;NULL;NULL;6;Embodied;3;Skew;OpenLoop;6;LineBisectionFirst;1;1;NULL;0.5000;0.0000;2.0000;Exposure;0.0000;2026-05-21 13:31:42.2709;Hands;NULL;NULL;OpenXR
NULL;Right;NULL;NULL;Exposure;NULL;OppositeHandTrigger;1;0;0;-1;0;0;0.0000;0.0000;2.0000;NULL;Skew;anonymous;NULL;Mole Spawned;MoleEvent;Participant;5995;e415d636-246b-4bb6-aecc-2216ac17849f;NULL;0.0061;-0.0063;-0.0011;9.0585;3.2266;0.4348;NULL;NULL;NULL;NULL;NULL;NULL;NULL;NULL;NULL;-0.1653;-0.5473;0.3355;8.4347;350.1082;2.2806;-0.1638;-0.5460;0.3278;8.0543;350.1990;1.7554;1;NULL;-0.1867;-0.5641;0.2390;355.9371;359.4598;106.4366;Palm;NULL;NULL;NULL;NULL;1;0;0;-1;0;0;0.0000;0.0000;2.0000;-2.1139;-1.8025;0.0435;0.0000;99.2339;0.0000;0.0000;0.0000;0.0000;0.0000;0.0000;0.0000;0;NULL;0.1935;-0.2296;0.3736;322.0854;21.4760;314.9617;Palm;NULL;e7fb662b-8755-4a6e-83bf-a1c391efb0ae;NULL;NULL;6;Embodied;3;Skew;OpenLoop;6;LineBisectionFirst;NULL;0;NULL;0.0000;0.0000;2.0000;Exposure;0.0000;2026-05-21 13:31:42.2719;Hands;NULL;NULL;OpenXR
NULL;Right;NULL;5;Exposure;NULL;OppositeHandTrigger;1;0;0;-1;0;0;0.0000;0.0000;2.0000;NULL;Skew;anonymous;NULL;Pointer Shoot;PointerEvent;Participant;6844;e415d636-246b-4bb6-aecc-2216ac17849f;NULL;-0.0019;-0.0065;-0.0085;7.9730;1.2234;1.2459;NULL;0.4753;-0.1579;2.0000;0.4753;-0.1579;2.0000;NULL;NULL;-0.1638;-0.5475;0.3349;8.2478;350.3769;1.4905;-0.1613;-0.5463;0.3267;7.6430;350.9101;1.5675;1;NULL;-0.1857;-0.5627;0.2373;356.9967;358.7116;103.1668;Palm;NULL;NULL;NULL;NULL;1;0;0;-1;0;0;0.0000;0.0000;2.0000;-2.1139;-1.8025;0.0435;0.0000;99.2339;0.0000;0.0000;0.0000;0.0000;0.0000;0.0000;0.0000;0;NULL;0.0824;-0.2190;0.4508;325.6972;6.5590;335.4564;Palm;NULL;e7fb662b-8755-4a6e-83bf-a1c391efb0ae;NULL;NULL;6;Embodied;3;Skew;OpenLoop;6;LineBisectionFirst;2;0;NULL;0.0000;0.0000;2.0000;Exposure;7.0813;2026-05-21 13:31:49.3509;Hands;NULL;NULL;OpenXR
NULL;Right;NULL;5;Exposure;NULL;OppositeHandTrigger;1;0;0;-1;0;0;0.0000;0.0000;2.0000;NULL;Skew;anonymous;NULL;Mole Missed;PointerEvent;Participant;6844;e415d636-246b-4bb6-aecc-2216ac17849f;NULL;-0.0019;-0.0065;-0.0085;7.9730;1.2234;1.2459;0.5009;0.4753;-0.1579;2.0000;0.4753;-0.1579;2.0000;NULL;0;-0.1638;-0.5475;0.3349;8.2478;350.3769;1.4905;-0.1613;-0.5463;0.3267;7.6430;350.9101;1.5675;1;NULL;-0.1857;-0.5627;0.2373;356.9967;358.7116;103.1668;Palm;NULL;NULL;NULL;NULL;1;0;0;-1;0;0;0.0000;0.0000;2.0000;-2.1139;-1.8025;0.0435;0.0000;99.2339;0.0000;0.0000;0.0000;0.0000;0.0000;0.0000;0.0000;0;NULL;0.0824;-0.2190;0.4508;325.6972;6.5590;335.4564;Palm;NULL;e7fb662b-8755-4a6e-83bf-a1c391efb0ae;NULL;NULL;6;Embodied;3;Skew;OpenLoop;6;LineBisectionFirst;2;0;NULL;0.0000;0.0000;2.0000;Exposure;0.0000;2026-05-21 13:31:49.3514;Hands;NULL;NULL;OpenXR
NULL;Right;NULL;NULL;Exposure;NULL;OppositeHandTrigger;3;2;0;1;0;0;-0.5000;0.0000;2.0000;NULL;Skew;anonymous;NULL;Mole Spawned;MoleEvent;Participant;6844;e415d636-246b-4bb6-aecc-2216ac17849f;NULL;-0.0019;-0.0065;-0.0085;7.9730;1.2234;1.2459;NULL;NULL;NULL;NULL;NULL;NULL;NULL;NULL;NULL;-0.1638;-0.5475;0.3349;8.2478;350.3769;1.4905;-0.1613;-0.5463;0.3267;7.6430;350.9101;1.5675;1;NULL;-0.1857;-0.5627;0.2373;356.9967;358.7116;103.1668;Palm;NULL;NULL;NULL;NULL;3;2;0;1;0;0;-0.5000;0.0000;2.0000;-2.1139;-1.8025;0.0435;0.0000;99.2339;0.0000;0.0000;0.0000;0.0000;0.0000;0.0000;0.0000;0;NULL;0.0824;-0.2190;0.4508;325.6972;6.5590;335.4564;Palm;NULL;e7fb662b-8755-4a6e-83bf-a1c391efb0ae;NULL;NULL;6;Embodied;3;Skew;OpenLoop;6;LineBisectionFirst;NULL;2;NULL;-0.5000;0.0000;2.0000;Exposure;0.0000;2026-05-21 13:31:49.3529;Hands;NULL;NULL;OpenXR
NULL;Right;NULL;6;Exposure;NULL;OppositeHandTrigger;3;2;0;1;0;0;-0.5000;0.0000;2.0000;NULL;Skew;anonymous;NULL;Pointer Shoot;PointerEvent;Participant;7002;e415d636-246b-4bb6-aecc-2216ac17849f;NULL;-0.0044;-0.0058;-0.0093;7.8219;0.2025;1.3761;NULL;-0.3653;0.0232;2.0000;-0.3653;0.0232;2.0000;NULL;NULL;-0.1642;-0.5478;0.3347;8.2704;350.2875;1.7116;-0.1626;-0.5461;0.3263;7.7953;350.6208;1.6217;1;NULL;-0.1876;-0.5644;0.2382;354.4911;358.6035;101.0370;Palm;NULL;NULL;NULL;NULL;3;2;0;1;0;0;-0.5000;0.0000;2.0000;-2.1139;-1.8025;0.0435;0.0000;99.2339;0.0000;0.0000;0.0000;0.0000;0.0000;0.0000;0.0000;0;NULL;-0.0318;-0.1880;0.3825;321.5563;337.6616;346.0776;Palm;NULL;e7fb662b-8755-4a6e-83bf-a1c391efb0ae;NULL;NULL;6;Embodied;3;Skew;OpenLoop;6;LineBisectionFirst;2;2;NULL;-0.5000;0.0000;2.0000;Exposure;1.3163;2026-05-21 13:31:50.6667;Hands;NULL;NULL;OpenXR
NULL;Right;NULL;6;Exposure;NULL;OppositeHandTrigger;3;2;0;1;0;0;-0.5000;0.0000;2.0000;NULL;Skew;anonymous;NULL;Mole Missed;PointerEvent;Participant;7002;e415d636-246b-4bb6-aecc-2216ac17849f;NULL;-0.0044;-0.0058;-0.0093;7.8219;0.2025;1.3761;0.1367;-0.3653;0.0232;2.0000;-0.3653;0.0232;2.0000;NULL;0;-0.1642;-0.5478;0.3347;8.2704;350.2875;1.7116;-0.1626;-0.5461;0.3263;7.7953;350.6208;1.6217;1;NULL;-0.1876;-0.5644;0.2382;354.4911;358.6035;101.0370;Palm;NULL;NULL;NULL;NULL;3;2;0;1;0;0;-0.5000;0.0000;2.0000;-2.1139;-1.8025;0.0435;0.0000;99.2339;0.0000;0.0000;0.0000;0.0000;0.0000;0.0000;0.0000;0;NULL;-0.0318;-0.1880;0.3825;321.5563;337.6616;346.0776;Palm;NULL;e7fb662b-8755-4a6e-83bf-a1c391efb0ae;NULL;NULL;6;Embodied;3;Skew;OpenLoop;6;LineBisectionFirst;2;2;NULL;-0.5000;0.0000;2.0000;Exposure;0.0000;2026-05-21 13:31:50.6682;Hands;NULL;NULL;OpenXR
NULL;Right;NULL;NULL;Exposure;NULL;OppositeHandTrigger;2;1;0;0;0;0;0.5000;0.0000;2.0000;NULL;Skew;anonymous;NULL;Mole Spawned;MoleEvent;Participant;7002;e415d636-246b-4bb6-aecc-2216ac17849f;NULL;-0.0044;-0.0058;-0.0093;7.8219;0.2025;1.3761;NULL;NULL;NULL;NULL;NULL;NULL;NULL;NULL;NULL;-0.1642;-0.5478;0.3347;8.2704;350.2875;1.7116;-0.1626;-0.5461;0.3263;7.7953;350.6208;1.6217;1;NULL;-0.1876;-0.5644;0.2382;354.4911;358.6035;101.0370;Palm;NULL;NULL;NULL;NULL;2;1;0;0;0;0;0.5000;0.0000;2.0000;-2.1139;-1.8025;0.0435;0.0000;99.2339;0.0000;0.0000;0.0000;0.0000;0.0000;0.0000;0.0000;0;NULL;-0.0318;-0.1880;0.3825;321.5563;337.6616;346.0776;Palm;NULL;e7fb662b-8755-4a6e-83bf-a1c391efb0ae;NULL;NULL;6;Embodied;3;Skew;OpenLoop;6;LineBisectionFirst;NULL;1;NULL;0.5000;0.0000;2.0000;Exposure;0.0000;2026-05-21 13:31:50.6697;Hands;NULL;NULL;OpenXR
NULL;Right;NULL;7;Exposure;NULL;OppositeHandTrigger;2;1;0;0;0;0;0.5000;0.0000;2.0000;NULL;Skew;anonymous;NULL;Pointer Shoot;PointerEvent;Participant;7181;e415d636-246b-4bb6-aecc-2216ac17849f;NULL;0.0038;-0.0062;-0.0089;8.1072;2.4801;0.7061;NULL;0.7936;-0.0519;2.0000;0.7936;-0.0519;2.0000;NULL;NULL;-0.1642;-0.5477;0.3347;8.4387;350.2624;1.6907;-0.1620;-0.5461;0.3265;7.9443;350.4971;1.3979;1;NULL;-0.1859;-0.5625;0.2378;355.6028;358.7751;103.0621;Palm;NULL;NULL;NULL;NULL;2;1;0;0;0;0;0.5000;0.0000;2.0000;-2.1139;-1.8025;0.0435;0.0000;99.2339;0.0000;0.0000;0.0000;0.0000;0.0000;0.0000;0.0000;0;NULL;0.1716;-0.2007;0.4530;325.0268;16.6538;332.4124;Palm;NULL;e7fb662b-8755-4a6e-83bf-a1c391efb0ae;NULL;NULL;6;Embodied;3;Skew;OpenLoop;6;LineBisectionFirst;2;1;NULL;0.5000;0.0000;2.0000;Exposure;1.4913;2026-05-21 13:31:52.1580;Hands;NULL;NULL;OpenXR
NULL;Right;NULL;7;Exposure;NULL;OppositeHandTrigger;2;1;0;0;0;0;0.5000;0.0000;2.0000;NULL;Skew;anonymous;NULL;Mole Missed;PointerEvent;Participant;7181;e415d636-246b-4bb6-aecc-2216ac17849f;NULL;0.0038;-0.0062;-0.0089;8.1072;2.4801;0.7061;0.2982;0.7936;-0.0519;2.0000;0.7936;-0.0519;2.0000;NULL;0;-0.1642;-0.5477;0.3347;8.4387;350.2624;1.6907;-0.1620;-0.5461;0.3265;7.9443;350.4971;1.3979;1;NULL;-0.1859;-0.5625;0.2378;355.6028;358.7751;103.0621;Palm;NULL;NULL;NULL;NULL;2;1;0;0;0;0;0.5000;0.0000;2.0000;-2.1139;-1.8025;0.0435;0.0000;99.2339;0.0000;0.0000;0.0000;0.0000;0.0000;0.0000;0.0000;0;NULL;0.1716;-0.2007;0.4530;325.0268;16.6538;332.4124;Palm;NULL;e7fb662b-8755-4a6e-83bf-a1c391efb0ae;NULL;NULL;6;Embodied;3;Skew;OpenLoop;6;LineBisectionFirst;2;1;NULL;0.5000;0.0000;2.0000;Exposure;0.0000;2026-05-21 13:31:52.1595;Hands;NULL;NULL;OpenXR
NULL;Right;NULL;NULL;Exposure;NULL;OppositeHandTrigger;1;0;0;-1;0;0;0.0000;0.0000;2.0000;NULL;Skew;anonymous;NULL;Mole Spawned;MoleEvent;Participant;7181;e415d636-246b-4bb6-aecc-2216ac17849f;NULL;0.0038;-0.0062;-0.0089;8.1072;2.4801;0.7061;NULL;NULL;NULL;NULL;NULL;NULL;NULL;NULL;NULL;-0.1642;-0.5477;0.3347;8.4387;350.2624;1.6907;-0.1620;-0.5461;0.3265;7.9443;350.4971;1.3979;1;NULL;-0.1859;-0.5625;0.2378;355.6028;358.7751;103.0621;Palm;NULL;NULL;NULL;NULL;1;0;0;-1;0;0;0.0000;0.0000;2.0000;-2.1139;-1.8025;0.0435;0.0000;99.2339;0.0000;0.0000;0.0000;0.0000;0.0000;0.0000;0.0000;0;NULL;0.1716;-0.2007;0.4530;325.0268;16.6538;332.4124;Palm;NULL;e7fb662b-8755-4a6e-83bf-a1c391efb0ae;NULL;NULL;6;Embodied;3;Skew;OpenLoop;6;LineBisectionFirst;NULL;0;NULL;0.0000;0.0000;2.0000;Exposure;0.0000;2026-05-21 13:31:52.1611;Hands;NULL;NULL;OpenXR
NULL;Right;NULL;8;Exposure;NULL;OppositeHandTrigger;1;0;0;-1;0;0;0.0000;0.0000;2.0000;NULL;Skew;anonymous;NULL;Pointer Shoot;PointerEvent;Participant;7275;e415d636-246b-4bb6-aecc-2216ac17849f;NULL;-0.0016;-0.0056;-0.0105;7.9681;1.5035;1.0780;NULL;0.3491;-0.0094;2.0000;0.3491;-0.0094;2.0000;NULL;NULL;-0.1643;-0.5479;0.3347;8.5202;350.2111;1.6255;-0.1647;-0.5470;0.3268;8.2290;350.1735;1.5856;1;NULL;-0.1879;-0.5637;0.2377;354.4821;359.0392;103.3494;Palm;NULL;NULL;NULL;NULL;1;0;0;-1;0;0;0.0000;0.0000;2.0000;-2.1139;-1.8025;0.0435;0.0000;99.2339;0.0000;0.0000;0.0000;0.0000;0.0000;0.0000;0.0000;0;NULL;0.0699;-0.1866;0.4358;322.0145;0.3749;338.5864;Palm;NULL;e7fb662b-8755-4a6e-83bf-a1c391efb0ae;NULL;NULL;6;Embodied;3;Skew;OpenLoop;6;LineBisectionFirst;2;0;NULL;0.0000;0.0000;2.0000;Exposure;0.7831;2026-05-21 13:31:52.9412;Hands;NULL;NULL;OpenXR
NULL;Right;NULL;8;Exposure;NULL;OppositeHandTrigger;1;0;0;-1;0;0;0.0000;0.0000;2.0000;NULL;Skew;anonymous;NULL;Mole Missed;PointerEvent;Participant;7275;e415d636-246b-4bb6-aecc-2216ac17849f;NULL;-0.0016;-0.0056;-0.0105;7.9681;1.5035;1.0780;0.3492;0.3491;-0.0094;2.0000;0.3491;-0.0094;2.0000;NULL;0;-0.1643;-0.5479;0.3347;8.5202;350.2111;1.6255;-0.1647;-0.5470;0.3268;8.2290;350.1735;1.5856;1;NULL;-0.1879;-0.5637;0.2377;354.4821;359.0392;103.3494;Palm;NULL;NULL;NULL;NULL;1;0;0;-1;0;0;0.0000;0.0000;2.0000;-2.1139;-1.8025;0.0435;0.0000;99.2339;0.0000;0.0000;0.0000;0.0000;0.0000;0.0000;0.0000;0;NULL;0.0699;-0.1866;0.4358;322.0145;0.3749;338.5864;Palm;NULL;e7fb662b-8755-4a6e-83bf-a1c391efb0ae;NULL;NULL;6;Embodied;3;Skew;OpenLoop;6;LineBisectionFirst;2;0;NULL;0.0000;0.0000;2.0000;Exposure;0.0000;2026-05-21 13:31:52.9427;Hands;NULL;NULL;OpenXR
NULL;Right;NULL;NULL;Exposure;NULL;OppositeHandTrigger;2;1;0;0;0;0;0.5000;0.0000;2.0000;NULL;Skew;anonymous;NULL;Mole Spawned;MoleEvent;Participant;7275;e415d636-246b-4bb6-aecc-2216ac17849f;NULL;-0.0016;-0.0056;-0.0105;7.9681;1.5035;1.0780;NULL;NULL;NULL;NULL;NULL;NULL;NULL;NULL;NULL;-0.1643;-0.5479;0.3347;8.5202;350.2111;1.6255;-0.1647;-0.5470;0.3268;8.2290;350.1735;1.5856;1;NULL;-0.1879;-0.5637;0.2377;354.4821;359.0392;103.3494;Palm;NULL;NULL;NULL;NULL;2;1;0;0;0;0;0.5000;0.0000;2.0000;-2.1139;-1.8025;0.0435;0.0000;99.2339;0.0000;0.0000;0.0000;0.0000;0.0000;0.0000;0.0000;0;NULL;0.0699;-0.1866;0.4358;322.0145;0.3749;338.5864;Palm;NULL;e7fb662b-8755-4a6e-83bf-a1c391efb0ae;NULL;NULL;6;Embodied;3;Skew;OpenLoop;6;LineBisectionFirst;NULL;1;NULL;0.5000;0.0000;2.0000;Exposure;0.0000;2026-05-21 13:31:52.9442;Hands;NULL;NULL;OpenXR
NULL;Right;NULL;9;Exposure;NULL;OppositeHandTrigger;2;1;0;0;0;0;0.5000;0.0000;2.0000;NULL;Skew;anonymous;NULL;Pointer Shoot;PointerEvent;Participant;7367;e415d636-246b-4bb6-aecc-2216ac17849f;NULL;0.0001;-0.0060;-0.0093;8.1369;1.9621;1.1766;NULL;0.5744;-0.0751;2.0000;0.5744;-0.0751;2.0000;NULL;NULL;-0.1647;-0.5480;0.3347;8.5512;350.1328;1.7386;-0.1627;-0.5466;0.3278;8.2972;350.2934;1.5418;1;NULL;-0.1882;-0.5640;0.2378;354.8286;358.7649;103.9659;Palm;NULL;NULL;NULL;NULL;2;1;0;0;0;0;0.5000;0.0000;2.0000;-2.1139;-1.8025;0.0435;0.0000;99.2339;0.0000;0.0000;0.0000;0.0000;0.0000;0.0000;0.0000;0;NULL;0.1352;-0.1908;0.4542;324.3424;8.5349;336.4665;Palm;NULL;e7fb662b-8755-4a6e-83bf-a1c391efb0ae;NULL;NULL;6;Embodied;3;Skew;OpenLoop;6;LineBisectionFirst;2;1;NULL;0.5000;0.0000;2.0000;Exposure;0.7664;2026-05-21 13:31:53.7074;Hands;NULL;NULL;OpenXR
NULL;Right;NULL;9;Exposure;NULL;OppositeHandTrigger;2;1;0;0;0;0;0.5000;0.0000;2.0000;NULL;Skew;anonymous;NULL;Mole Missed;PointerEvent;Participant;7367;e415d636-246b-4bb6-aecc-2216ac17849f;NULL;0.0001;-0.0060;-0.0093;8.1369;1.9621;1.1766;0.1057;0.5744;-0.0751;2.0000;0.5744;-0.0751;2.0000;NULL;0;-0.1647;-0.5480;0.3347;8.5512;350.1328;1.7386;-0.1627;-0.5466;0.3278;8.2972;350.2934;1.5418;1;NULL;-0.1882;-0.5640;0.2378;354.8286;358.7649;103.9659;Palm;NULL;NULL;NULL;NULL;2;1;0;0;0;0;0.5000;0.0000;2.0000;-2.1139;-1.8025;0.0435;0.0000;99.2339;0.0000;0.0000;0.0000;0.0000;0.0000;0.0000;0.0000;0;NULL;0.1352;-0.1908;0.4542;324.3424;8.5349;336.4665;Palm;NULL;e7fb662b-8755-4a6e-83bf-a1c391efb0ae;NULL;NULL;6;Embodied;3;Skew;OpenLoop;6;LineBisectionFirst;2;1;NULL;0.5000;0.0000;2.0000;Exposure;0.0000;2026-05-21 13:31:53.7095;Hands;NULL;NULL;OpenXR
NULL;Right;NULL;NULL;Exposure;NULL;OppositeHandTrigger;3;2;0;1;0;0;-0.5000;0.0000;2.0000;NULL;Skew;anonymous;NULL;Mole Spawned;MoleEvent;Participant;7367;e415d636-246b-4bb6-aecc-2216ac17849f;NULL;0.0001;-0.0060;-0.0093;8.1369;1.9621;1.1766;NULL;NULL;NULL;NULL;NULL;NULL;NULL;NULL;NULL;-0.1647;-0.5480;0.3347;8.5512;350.1328;1.7386;-0.1627;-0.5466;0.3278;8.2972;350.2934;1.5418;1;NULL;-0.1882;-0.5640;0.2378;354.8286;358.7649;103.9659;Palm;NULL;NULL;NULL;NULL;3;2;0;1;0;0;-0.5000;0.0000;2.0000;-2.1139;-1.8025;0.0435;0.0000;99.2339;0.0000;0.0000;0.0000;0.0000;0.0000;0.0000;0.0000;0;NULL;0.1352;-0.1908;0.4542;324.3424;8.5349;336.4665;Palm;NULL;e7fb662b-8755-4a6e-83bf-a1c391efb0ae;NULL;NULL;6;Embodied;3;Skew;OpenLoop;6;LineBisectionFirst;NULL;2;NULL;-0.5000;0.0000;2.0000;Exposure;0.0000;2026-05-21 13:31:53.7100;Hands;NULL;NULL;OpenXR
NULL;Right;NULL;10;Exposure;NULL;OppositeHandTrigger;3;2;0;1;0;0;-0.5000;0.0000;2.0000;NULL;Skew;anonymous;NULL;Pointer Shoot;PointerEvent;Participant;7482;e415d636-246b-4bb6-aecc-2216ac17849f;NULL;-0.0044;-0.0053;-0.0119;7.8111;0.8566;1.4620;NULL;-0.3576;-0.0419;2.0000;-0.3576;-0.0419;2.0000;NULL;NULL;-0.1651;-0.5479;0.3346;8.5064;350.0188;1.8167;-0.1639;-0.5454;0.3255;7.5183;350.4872;1.9425;1;NULL;-0.1884;-0.5634;0.2371;354.5352;358.0022;102.6346;Palm;NULL;NULL;NULL;NULL;3;2;0;1;0;0;-0.5000;0.0000;2.0000;-2.1139;-1.8025;0.0435;0.0000;99.2339;0.0000;0.0000;0.0000;0.0000;0.0000;0.0000;0.0000;0;NULL;-0.0359;-0.1792;0.3782;321.0735;333.1959;351.8704;Palm;NULL;e7fb662b-8755-4a6e-83bf-a1c391efb0ae;NULL;NULL;6;Embodied;3;Skew;OpenLoop;6;LineBisectionFirst;2;2;NULL;-0.5000;0.0000;2.0000;Exposure;0.9581;2026-05-21 13:31:54.6657;Hands;NULL;NULL;OpenXR
NULL;Right;NULL;10;Exposure;NULL;OppositeHandTrigger;3;2;0;1;0;0;-0.5000;0.0000;2.0000;NULL;Skew;anonymous;NULL;Mole Missed;PointerEvent;Participant;7482;e415d636-246b-4bb6-aecc-2216ac17849f;NULL;-0.0044;-0.0053;-0.0119;7.8111;0.8566;1.4620;0.1485;-0.3576;-0.0419;2.0000;-0.3576;-0.0419;2.0000;NULL;0;-0.1651;-0.5479;0.3346;8.5064;350.0188;1.8167;-0.1639;-0.5454;0.3255;7.5183;350.4872;1.9425;1;NULL;-0.1884;-0.5634;0.2371;354.5352;358.0022;102.6346;Palm;NULL;NULL;NULL;NULL;3;2;0;1;0;0;-0.5000;0.0000;2.0000;-2.1139;-1.8025;0.0435;0.0000;99.2339;0.0000;0.0000;0.0000;0.0000;0.0000;0.0000;0.0000;0;NULL;-0.0359;-0.1792;0.3782;321.0735;333.1959;351.8704;Palm;NULL;e7fb662b-8755-4a6e-83bf-a1c391efb0ae;NULL;NULL;6;Embodied;3;Skew;OpenLoop;6;LineBisectionFirst;2;2;NULL;-0.5000;0.0000;2.0000;Exposure;0.0000;2026-05-21 13:31:54.6673;Hands;NULL;NULL;OpenXR
NULL;Right;NULL;NULL;Exposure;NULL;OppositeHandTrigger;2;1;0;0;0;0;0.5000;0.0000;2.0000;NULL;Skew;anonymous;NULL;Mole Spawned;MoleEvent;Participant;7482;e415d636-246b-4bb6-aecc-2216ac17849f;NULL;-0.0044;-0.0053;-0.0119;7.8111;0.8566;1.4620;NULL;NULL;NULL;NULL;NULL;NULL;NULL;NULL;NULL;-0.1651;-0.5479;0.3346;8.5064;350.0188;1.8167;-0.1639;-0.5454;0.3255;7.5183;350.4872;1.9425;1;NULL;-0.1884;-0.5634;0.2371;354.5352;358.0022;102.6346;Palm;NULL;NULL;NULL;NULL;2;1;0;0;0;0;0.5000;0.0000;2.0000;-2.1139;-1.8025;0.0435;0.0000;99.2339;0.0000;0.0000;0.0000;0.0000;0.0000;0.0000;0.0000;0;NULL;-0.0359;-0.1792;0.3782;321.0735;333.1959;351.8704;Palm;NULL;e7fb662b-8755-4a6e-83bf-a1c391efb0ae;NULL;NULL;6;Embodied;3;Skew;OpenLoop;6;LineBisectionFirst;NULL;1;NULL;0.5000;0.0000;2.0000;Exposure;0.0000;2026-05-21 13:31:54.6688;Hands;NULL;NULL;OpenXR
NULL;Right;NULL;11;Exposure;NULL;OppositeHandTrigger;2;1;0;0;0;0;0.5000;0.0000;2.0000;NULL;Skew;anonymous;NULL;Pointer Shoot;PointerEvent;Participant;7611;e415d636-246b-4bb6-aecc-2216ac17849f;NULL;0.0005;-0.0059;-0.0091;8.0283;1.9286;0.9579;NULL;0.5343;-0.0986;2.0000;0.5343;-0.0986;2.0000;NULL;NULL;-0.1654;-0.5476;0.3345;8.5477;349.9471;1.8869;-0.1626;-0.5456;0.3268;7.9779;350.5550;1.5337;1;NULL;-0.1874;-0.5630;0.2383;354.6047;357.6836;102.6811;Palm;NULL;NULL;NULL;NULL;2;1;0;0;0;0;0.5000;0.0000;2.0000;-2.1139;-1.8025;0.0435;0.0000;99.2339;0.0000;0.0000;0.0000;0.0000;0.0000;0.0000;0.0000;0;NULL;0.1372;-0.1771;0.4510;322.5714;9.2298;334.2339;Palm;NULL;e7fb662b-8755-4a6e-83bf-a1c391efb0ae;NULL;NULL;6;Embodied;3;Skew;OpenLoop;6;LineBisectionFirst;2;1;NULL;0.5000;0.0000;2.0000;Exposure;1.0746;2026-05-21 13:31:55.7404;Hands;NULL;NULL;OpenXR
NULL;Right;NULL;11;Exposure;NULL;OppositeHandTrigger;2;1;0;0;0;0;0.5000;0.0000;2.0000;NULL;Skew;anonymous;NULL;Mole Missed;PointerEvent;Participant;7611;e415d636-246b-4bb6-aecc-2216ac17849f;NULL;0.0005;-0.0059;-0.0091;8.0283;1.9286;0.9579;0.1044;0.5343;-0.0986;2.0000;0.5343;-0.0986;2.0000;NULL;0;-0.1654;-0.5476;0.3345;8.5477;349.9471;1.8869;-0.1626;-0.5456;0.3268;7.9779;350.5550;1.5337;1;NULL;-0.1874;-0.5630;0.2383;354.6047;357.6836;102.6811;Palm;NULL;NULL;NULL;NULL;2;1;0;0;0;0;0.5000;0.0000;2.0000;-2.1139;-1.8025;0.0435;0.0000;99.2339;0.0000;0.0000;0.0000;0.0000;0.0000;0.0000;0.0000;0;NULL;0.1372;-0.1771;0.4510;322.5714;9.2298;334.2339;Palm;NULL;e7fb662b-8755-4a6e-83bf-a1c391efb0ae;NULL;NULL;6;Embodied;3;Skew;OpenLoop;6;LineBisectionFirst;2;1;NULL;0.5000;0.0000;2.0000;Exposure;0.0000;2026-05-21 13:31:55.7414;Hands;NULL;NULL;OpenXR
NULL;Right;NULL;NULL;Exposure;NULL;OppositeHandTrigger;3;2;0;1;0;0;-0.5000;0.0000;2.0000;NULL;Skew;anonymous;NULL;Mole Spawned;MoleEvent;Participant;7611;e415d636-246b-4bb6-aecc-2216ac17849f;NULL;0.0005;-0.0059;-0.0091;8.0283;1.9286;0.9579;NULL;NULL;NULL;NULL;NULL;NULL;NULL;NULL;NULL;-0.1654;-0.5476;0.3345;8.5477;349.9471;1.8869;-0.1626;-0.5456;0.3268;7.9779;350.5550;1.5337;1;NULL;-0.1874;-0.5630;0.2383;354.6047;357.6836;102.6811;Palm;NULL;NULL;NULL;NULL;3;2;0;1;0;0;-0.5000;0.0000;2.0000;-2.1139;-1.8025;0.0435;0.0000;99.2339;0.0000;0.0000;0.0000;0.0000;0.0000;0.0000;0.0000;0;NULL;0.1372;-0.1771;0.4510;322.5714;9.2298;334.2339;Palm;NULL;e7fb662b-8755-4a6e-83bf-a1c391efb0ae;NULL;NULL;6;Embodied;3;Skew;OpenLoop;6;LineBisectionFirst;NULL;2;NULL;-0.5000;0.0000;2.0000;Exposure;0.0000;2026-05-21 13:31:55.7430;Hands;NULL;NULL;OpenXR
NULL;Right;NULL;12;Exposure;NULL;OppositeHandTrigger;3;2;0;1;0;0;-0.5000;0.0000;2.0000;NULL;Skew;anonymous;NULL;Pointer Shoot;PointerEvent;Participant;7731;e415d636-246b-4bb6-aecc-2216ac17849f;NULL;-0.0051;-0.0049;-0.0122;7.6329;0.6333;1.3904;NULL;-0.5047;0.0137;2.0000;-0.5047;0.0137;2.0000;NULL;NULL;-0.1656;-0.5477;0.3346;8.6713;349.8380;1.8617;-0.1654;-0.5467;0.3270;8.4664;349.8955;1.8918;1;NULL;-0.1885;-0.5642;0.2379;354.7133;358.6402;102.9765;Palm;NULL;NULL;NULL;NULL;3;2;0;1;0;0;-0.5000;0.0000;2.0000;-2.1139;-1.8025;0.0435;0.0000;99.2339;0.0000;0.0000;0.0000;0.0000;0.0000;0.0000;0.0000;0;NULL;-0.0366;-0.1604;0.3638;320.7991;331.3068;348.5202;Palm;NULL;e7fb662b-8755-4a6e-83bf-a1c391efb0ae;NULL;NULL;6;Embodied;3;Skew;OpenLoop;6;LineBisectionFirst;2;2;NULL;-0.5000;0.0000;2.0000;Exposure;0.9998;2026-05-21 13:31:56.7394;Hands;NULL;NULL;OpenXR
NULL;Right;NULL;12;Exposure;NULL;OppositeHandTrigger;3;2;0;1;0;0;-0.5000;0.0000;2.0000;NULL;Skew;anonymous;NULL;Mole Hit;MoleEvent;Participant;7731;e415d636-246b-4bb6-aecc-2216ac17849f;NULL;-0.0051;-0.0049;-0.0122;7.6329;0.6333;1.3904;0.0145;-0.5047;0.0137;2.0000;-0.5047;0.0137;2.0000;NULL;1;-0.1656;-0.5477;0.3346;8.6713;349.8380;1.8617;-0.1654;-0.5467;0.3270;8.4664;349.8955;1.8918;1;NULL;-0.1885;-0.5642;0.2379;354.7133;358.6402;102.9765;Palm;NULL;NULL;NULL;NULL;3;2;0;1;0;0;-0.5000;0.0000;2.0000;-2.1139;-1.8025;0.0435;0.0000;99.2339;0.0000;0.0000;0.0000;0.0000;0.0000;0.0000;0.0000;0;NULL;-0.0366;-0.1604;0.3638;320.7991;331.3068;348.5202;Palm;NULL;e7fb662b-8755-4a6e-83bf-a1c391efb0ae;NULL;NULL;6;Embodied;3;Skew;OpenLoop;6;LineBisectionFirst;2;2;NULL;-0.5000;0.0000;2.0000;Exposure;0.0000;2026-05-21 13:31:56.7409;Hands;NULL;NULL;OpenXR
NULL;Right;NULL;NULL;Exposure;NULL;OppositeHandTrigger;1;0;0;-1;0;0;0.0000;0.0000;2.0000;NULL;Skew;anonymous;NULL;Mole Spawned;MoleEvent;Participant;7731;e415d636-246b-4bb6-aecc-2216ac17849f;NULL;-0.0051;-0.0049;-0.0122;7.6329;0.6333;1.3904;NULL;NULL;NULL;NULL;NULL;NULL;NULL;NULL;NULL;-0.1656;-0.5477;0.3346;8.6713;349.8380;1.8617;-0.1654;-0.5467;0.3270;8.4664;349.8955;1.8918;1;NULL;-0.1885;-0.5642;0.2379;354.7133;358.6402;102.9765;Palm;NULL;NULL;NULL;NULL;1;0;0;-1;0;0;0.0000;0.0000;2.0000;-2.1139;-1.8025;0.0435;0.0000;99.2339;0.0000;0.0000;0.0000;0.0000;0.0000;0.0000;0.0000;0;NULL;-0.0366;-0.1604;0.3638;320.7991;331.3068;348.5202;Palm;NULL;e7fb662b-8755-4a6e-83bf-a1c391efb0ae;NULL;NULL;6;Embodied;3;Skew;OpenLoop;6;LineBisectionFirst;NULL;0;NULL;0.0000;0.0000;2.0000;Exposure;0.0000;2026-05-21 13:31:56.7425;Hands;NULL;NULL;OpenXR
NULL;Right;NULL;13;Exposure;NULL;OppositeHandTrigger;1;0;0;-1;0;0;0.0000;0.0000;2.0000;NULL;Skew;anonymous;NULL;Pointer Shoot;PointerEvent;Participant;7816;e415d636-246b-4bb6-aecc-2216ac17849f;NULL;-0.0016;-0.0055;-0.0108;7.9382;1.2625;1.2423;NULL;0.0528;-0.0356;2.0000;0.0528;-0.0356;2.0000;NULL;NULL;-0.1661;-0.5480;0.3347;8.7157;349.8080;1.9879;-0.1634;-0.5466;0.3270;7.9828;350.5464;1.8536;1;NULL;-0.1877;-0.5630;0.2378;354.1678;358.9647;102.2442;Palm;NULL;NULL;NULL;NULL;1;0;0;-1;0;0;0.0000;0.0000;2.0000;-2.1139;-1.8025;0.0435;0.0000;99.2339;0.0000;0.0000;0.0000;0.0000;0.0000;0.0000;0.0000;0;NULL;0.0524;-0.1736;0.4166;321.8940;348.5812;343.7563;Palm;NULL;e7fb662b-8755-4a6e-83bf-a1c391efb0ae;NULL;NULL;6;Embodied;3;Skew;OpenLoop;6;LineBisectionFirst;3;0;NULL;0.0000;0.0000;2.0000;Exposure;0.7084;2026-05-21 13:31:57.4489;Hands;NULL;NULL;OpenXR
NULL;Right;NULL;13;Exposure;NULL;OppositeHandTrigger;1;0;0;-1;0;0;0.0000;0.0000;2.0000;NULL;Skew;anonymous;NULL;Mole Hit;MoleEvent;Participant;7816;e415d636-246b-4bb6-aecc-2216ac17849f;NULL;-0.0016;-0.0055;-0.0108;7.9382;1.2625;1.2423;0.0637;0.0528;-0.0356;2.0000;0.0528;-0.0356;2.0000;NULL;1;-0.1661;-0.5480;0.3347;8.7157;349.8080;1.9879;-0.1634;-0.5466;0.3270;7.9828;350.5464;1.8536;1;NULL;-0.1877;-0.5630;0.2378;354.1678;358.9647;102.2442;Palm;NULL;NULL;NULL;NULL;1;0;0;-1;0;0;0.0000;0.0000;2.0000;-2.1139;-1.8025;0.0435;0.0000;99.2339;0.0000;0.0000;0.0000;0.0000;0.0000;0.0000;0.0000;0;NULL;0.0524;-0.1736;0.4166;321.8940;348.5812;343.7563;Palm;NULL;e7fb662b-8755-4a6e-83bf-a1c391efb0ae;NULL;NULL;6;Embodied;3;Skew;OpenLoop;6;LineBisectionFirst;3;0;NULL;0.0000;0.0000;2.0000;Exposure;0.0000;2026-05-21 13:31:57.4504;Hands;NULL;NULL;OpenXR
NULL;Right;NULL;NULL;Exposure;NULL;OppositeHandTrigger;3;2;0;1;0;0;-0.5000;0.0000;2.0000;NULL;Skew;anonymous;NULL;Mole Spawned;MoleEvent;Participant;7816;e415d636-246b-4bb6-aecc-2216ac17849f;NULL;-0.0016;-0.0055;-0.0108;7.9382;1.2625;1.2423;NULL;NULL;NULL;NULL;NULL;NULL;NULL;NULL;NULL;-0.1661;-0.5480;0.3347;8.7157;349.8080;1.9879;-0.1634;-0.5466;0.3270;7.9828;350.5464;1.8536;1;NULL;-0.1877;-0.5630;0.2378;354.1678;358.9647;102.2442;Palm;NULL;NULL;NULL;NULL;3;2;0;1;0;0;-0.5000;0.0000;2.0000;-2.1139;-1.8025;0.0435;0.0000;99.2339;0.0000;0.0000;0.0000;0.0000;0.0000;0.0000;0.0000;0;NULL;0.0524;-0.1736;0.4166;321.8940;348.5812;343.7563;Palm;NULL;e7fb662b-8755-4a6e-83bf-a1c391efb0ae;NULL;NULL;6;Embodied;3;Skew;OpenLoop;6;LineBisectionFirst;NULL;2;NULL;-0.5000;0.0000;2.0000;Exposure;0.0000;2026-05-21 13:31:57.4514;Hands;NULL;NULL;OpenXR
NULL;Right;NULL;14;Exposure;NULL;OppositeHandTrigger;3;2;0;1;0;0;-0.5000;0.0000;2.0000;NULL;Skew;anonymous;NULL;Pointer Shoot;PointerEvent;Participant;7924;e415d636-246b-4bb6-aecc-2216ac17849f;NULL;-0.0057;-0.0048;-0.0121;7.6920;0.7879;1.5786;NULL;-0.6250;0.0398;2.0000;-0.6250;0.0398;2.0000;NULL;NULL;-0.1665;-0.5482;0.3349;8.7198;349.7616;2.1185;-0.1651;-0.5462;0.3266;7.8318;350.2850;2.1702;1;NULL;-0.1893;-0.5652;0.2379;355.0718;357.6422;104.9219;Palm;NULL;NULL;NULL;NULL;3;2;0;1;0;0;-0.5000;0.0000;2.0000;-2.1139;-1.8025;0.0435;0.0000;99.2339;0.0000;0.0000;0.0000;0.0000;0.0000;0.0000;0.0000;0;NULL;-0.0367;-0.1616;0.3496;318.4681;327.0049;351.2330;Palm;NULL;e7fb662b-8755-4a6e-83bf-a1c391efb0ae;NULL;NULL;6;Embodied;3;Skew;OpenLoop;6;LineBisectionFirst;4;2;NULL;-0.5000;0.0000;2.0000;Exposure;0.8997;2026-05-21 13:31:58.3489;Hands;NULL;NULL;OpenXR
NULL;Right;NULL;14;Exposure;NULL;OppositeHandTrigger;3;2;0;1;0;0;-0.5000;0.0000;2.0000;NULL;Skew;anonymous;NULL;Mole Missed;PointerEvent;Participant;7924;e415d636-246b-4bb6-aecc-2216ac17849f;NULL;-0.0057;-0.0048;-0.0121;7.6920;0.7879;1.5786;0.1312;-0.6250;0.0398;2.0000;-0.6250;0.0398;2.0000;NULL;0;-0.1665;-0.5482;0.3349;8.7198;349.7616;2.1185;-0.1651;-0.5462;0.3266;7.8318;350.2850;2.1702;1;NULL;-0.1893;-0.5652;0.2379;355.0718;357.6422;104.9219;Palm;NULL;NULL;NULL;NULL;3;2;0;1;0;0;-0.5000;0.0000;2.0000;-2.1139;-1.8025;0.0435;0.0000;99.2339;0.0000;0.0000;0.0000;0.0000;0.0000;0.0000;0.0000;0;NULL;-0.0367;-0.1616;0.3496;318.4681;327.0049;351.2330;Palm;NULL;e7fb662b-8755-4a6e-83bf-a1c391efb0ae;NULL;NULL;6;Embodied;3;Skew;OpenLoop;6;LineBisectionFirst;4;2;NULL;-0.5000;0.0000;2.0000;Exposure;0.0000;2026-05-21 13:31:58.3489;Hands;NULL;NULL;OpenXR
NULL;Right;NULL;NULL;Exposure;NULL;OppositeHandTrigger;1;0;0;-1;0;0;0.0000;0.0000;2.0000;NULL;Skew;anonymous;NULL;Mole Spawned;MoleEvent;Participant;7924;e415d636-246b-4bb6-aecc-2216ac17849f;NULL;-0.0057;-0.0048;-0.0121;7.6920;0.7879;1.5786;NULL;NULL;NULL;NULL;NULL;NULL;NULL;NULL;NULL;-0.1665;-0.5482;0.3349;8.7198;349.7616;2.1185;-0.1651;-0.5462;0.3266;7.8318;350.2850;2.1702;1;NULL;-0.1893;-0.5652;0.2379;355.0718;357.6422;104.9219;Palm;NULL;NULL;NULL;NULL;1;0;0;-1;0;0;0.0000;0.0000;2.0000;-2.1139;-1.8025;0.0435;0.0000;99.2339;0.0000;0.0000;0.0000;0.0000;0.0000;0.0000;0.0000;0;NULL;-0.0367;-0.1616;0.3496;318.4681;327.0049;351.2330;Palm;NULL;e7fb662b-8755-4a6e-83bf-a1c391efb0ae;NULL;NULL;6;Embodied;3;Skew;OpenLoop;6;LineBisectionFirst;NULL;0;NULL;0.0000;0.0000;2.0000;Exposure;0.0000;2026-05-21 13:31:58.3514;Hands;NULL;NULL;OpenXR
NULL;Right;NULL;15;Exposure;NULL;OppositeHandTrigger;1;0;0;-1;0;0;0.0000;0.0000;2.0000;NULL;Skew;anonymous;NULL;Pointer Shoot;PointerEvent;Participant;8013;e415d636-246b-4bb6-aecc-2216ac17849f;NULL;-0.0023;-0.0050;-0.0113;7.7512;1.0139;1.3579;NULL;-0.0013;-0.0769;2.0000;-0.0013;-0.0769;2.0000;NULL;NULL;-0.1668;-0.5483;0.3349;8.7417;349.7019;2.3313;-0.1632;-0.5463;0.3270;7.9418;350.7138;2.2031;1;NULL;-0.1882;-0.5661;0.2385;356.0520;357.2960;104.5883;Palm;NULL;NULL;NULL;NULL;1;0;0;-1;0;0;0.0000;0.0000;2.0000;-2.1139;-1.8025;0.0435;0.0000;99.2339;0.0000;0.0000;0.0000;0.0000;0.0000;0.0000;0.0000;0;NULL;0.0432;-0.1752;0.4153;322.7154;344.6680;346.9978;Palm;NULL;e7fb662b-8755-4a6e-83bf-a1c391efb0ae;NULL;NULL;6;Embodied;3;Skew;OpenLoop;6;LineBisectionFirst;4;0;NULL;0.0000;0.0000;2.0000;Exposure;0.7413;2026-05-21 13:31:59.0901;Hands;NULL;NULL;OpenXR
NULL;Right;NULL;15;Exposure;NULL;OppositeHandTrigger;1;0;0;-1;0;0;0.0000;0.0000;2.0000;NULL;Skew;anonymous;NULL;Mole Hit;MoleEvent;Participant;8013;e415d636-246b-4bb6-aecc-2216ac17849f;NULL;-0.0023;-0.0050;-0.0113;7.7512;1.0139;1.3579;0.0770;-0.0013;-0.0769;2.0000;-0.0013;-0.0769;2.0000;NULL;1;-0.1668;-0.5483;0.3349;8.7417;349.7019;2.3313;-0.1632;-0.5463;0.3270;7.9418;350.7138;2.2031;1;NULL;-0.1882;-0.5661;0.2385;356.0520;357.2960;104.5883;Palm;NULL;NULL;NULL;NULL;1;0;0;-1;0;0;0.0000;0.0000;2.0000;-2.1139;-1.8025;0.0435;0.0000;99.2339;0.0000;0.0000;0.0000;0.0000;0.0000;0.0000;0.0000;0;NULL;0.0432;-0.1752;0.4153;322.7154;344.6680;346.9978;Palm;NULL;e7fb662b-8755-4a6e-83bf-a1c391efb0ae;NULL;NULL;6;Embodied;3;Skew;OpenLoop;6;LineBisectionFirst;4;0;NULL;0.0000;0.0000;2.0000;Exposure;0.0000;2026-05-21 13:31:59.0911;Hands;NULL;NULL;OpenXR
NULL;Right;NULL;NULL;Exposure;NULL;OppositeHandTrigger;3;2;0;1;0;0;-0.5000;0.0000;2.0000;NULL;Skew;anonymous;NULL;Mole Spawned;MoleEvent;Participant;8013;e415d636-246b-4bb6-aecc-2216ac17849f;NULL;-0.0023;-0.0050;-0.0113;7.7512;1.0139;1.3579;NULL;NULL;NULL;NULL;NULL;NULL;NULL;NULL;NULL;-0.1668;-0.5483;0.3349;8.7417;349.7019;2.3313;-0.1632;-0.5463;0.3270;7.9418;350.7138;2.2031;1;NULL;-0.1882;-0.5661;0.2385;356.0520;357.2960;104.5883;Palm;NULL;NULL;NULL;NULL;3;2;0;1;0;0;-0.5000;0.0000;2.0000;-2.1139;-1.8025;0.0435;0.0000;99.2339;0.0000;0.0000;0.0000;0.0000;0.0000;0.0000;0.0000;0;NULL;0.0432;-0.1752;0.4153;322.7154;344.6680;346.9978;Palm;NULL;e7fb662b-8755-4a6e-83bf-a1c391efb0ae;NULL;NULL;6;Embodied;3;Skew;OpenLoop;6;LineBisectionFirst;NULL;2;NULL;-0.5000;0.0000;2.0000;Exposure;0.0000;2026-05-21 13:31:59.0916;Hands;NULL;NULL;OpenXR
NULL;Right;NULL;16;Exposure;NULL;OppositeHandTrigger;3;2;0;1;0;0;-0.5000;0.0000;2.0000;NULL;Skew;anonymous;NULL;Pointer Shoot;PointerEvent;Participant;8083;e415d636-246b-4bb6-aecc-2216ac17849f;NULL;-0.0047;-0.0050;-0.0118;7.7716;0.6910;1.4363;NULL;-0.5324;0.0271;2.0000;-0.5324;0.0271;2.0000;NULL;NULL;-0.1669;-0.5485;0.3350;8.8182;349.6480;2.2805;-0.1655;-0.5468;0.3268;8.1573;350.2204;2.2664;1;NULL;-0.1889;-0.5661;0.2383;356.8104;357.3341;104.8062;Palm;NULL;NULL;NULL;NULL;3;2;0;1;0;0;-0.5000;0.0000;2.0000;-2.1139;-1.8025;0.0435;0.0000;99.2339;0.0000;0.0000;0.0000;0.0000;0.0000;0.0000;0.0000;0;NULL;-0.0145;-0.1541;0.3640;317.1592;330.8473;349.7947;Palm;NULL;e7fb662b-8755-4a6e-83bf-a1c391efb0ae;NULL;NULL;6;Embodied;3;Skew;OpenLoop;6;LineBisectionFirst;5;2;NULL;-0.5000;0.0000;2.0000;Exposure;0.7224;2026-05-21 13:31:59.8121;Hands;NULL;NULL;OpenXR
NULL;Right;NULL;16;Exposure;NULL;OppositeHandTrigger;3;2;0;1;0;0;-0.5000;0.0000;2.0000;NULL;Skew;anonymous;NULL;Mole Hit;MoleEvent;Participant;8083;e415d636-246b-4bb6-aecc-2216ac17849f;NULL;-0.0047;-0.0050;-0.0118;7.7716;0.6910;1.4363;0.0422;-0.5324;0.0271;2.0000;-0.5324;0.0271;2.0000;NULL;1;-0.1669;-0.5485;0.3350;8.8182;349.6480;2.2805;-0.1655;-0.5468;0.3268;8.1573;350.2204;2.2664;1;NULL;-0.1889;-0.5661;0.2383;356.8104;357.3341;104.8062;Palm;NULL;NULL;NULL;NULL;3;2;0;1;0;0;-0.5000;0.0000;2.0000;-2.1139;-1.8025;0.0435;0.0000;99.2339;0.0000;0.0000;0.0000;0.0000;0.0000;0.0000;0.0000;0;NULL;-0.0145;-0.1541;0.3640;317.1592;330.8473;349.7947;Palm;NULL;e7fb662b-8755-4a6e-83bf-a1c391efb0ae;NULL;NULL;6;Embodied;3;Skew;OpenLoop;6;LineBisectionFirst;5;2;NULL;-0.5000;0.0000;2.0000;Exposure;0.0000;2026-05-21 13:31:59.8137;Hands;NULL;NULL;OpenXR
NULL;Right;NULL;NULL;Exposure;NULL;OppositeHandTrigger;1;0;0;-1;0;0;0.0000;0.0000;2.0000;NULL;Skew;anonymous;NULL;Mole Spawned;MoleEvent;Participant;8083;e415d636-246b-4bb6-aecc-2216ac17849f;NULL;-0.0047;-0.0050;-0.0118;7.7716;0.6910;1.4363;NULL;NULL;NULL;NULL;NULL;NULL;NULL;NULL;NULL;-0.1669;-0.5485;0.3350;8.8182;349.6480;2.2805;-0.1655;-0.5468;0.3268;8.1573;350.2204;2.2664;1;NULL;-0.1889;-0.5661;0.2383;356.8104;357.3341;104.8062;Palm;NULL;NULL;NULL;NULL;1;0;0;-1;0;0;0.0000;0.0000;2.0000;-2.1139;-1.8025;0.0435;0.0000;99.2339;0.0000;0.0000;0.0000;0.0000;0.0000;0.0000;0.0000;0;NULL;-0.0145;-0.1541;0.3640;317.1592;330.8473;349.7947;Palm;NULL;e7fb662b-8755-4a6e-83bf-a1c391efb0ae;NULL;NULL;6;Embodied;3;Skew;OpenLoop;6;LineBisectionFirst;NULL;0;NULL;0.0000;0.0000;2.0000;Exposure;0.0000;2026-05-21 13:31:59.8152;Hands;NULL;NULL;OpenXR
NULL;Right;NULL;17;Exposure;NULL;OppositeHandTrigger;1;0;0;-1;0;0;0.0000;0.0000;2.0000;NULL;Skew;anonymous;NULL;Pointer Shoot;PointerEvent;Participant;8215;e415d636-246b-4bb6-aecc-2216ac17849f;NULL;-0.0013;-0.0060;-0.0098;8.1157;1.2687;1.2132;NULL;0.1901;-0.1853;2.0000;0.1901;-0.1853;2.0000;NULL;NULL;-0.1669;-0.5483;0.3351;8.8579;349.6400;2.3280;-0.1634;-0.5455;0.3271;7.9538;349.9746;1.8122;1;NULL;-0.1886;-0.5662;0.2393;356.4199;356.1899;104.6798;Palm;NULL;NULL;NULL;NULL;1;0;0;-1;0;0;0.0000;0.0000;2.0000;-2.1139;-1.8025;0.0435;0.0000;99.2339;0.0000;0.0000;0.0000;0.0000;0.0000;0.0000;0.0000;0;NULL;0.0840;-0.1766;0.4251;321.8674;356.0751;340.1638;Palm;NULL;e7fb662b-8755-4a6e-83bf-a1c391efb0ae;NULL;NULL;6;Embodied;3;Skew;OpenLoop;6;LineBisectionFirst;6;0;NULL;0.0000;0.0000;2.0000;Exposure;1.2057;2026-05-21 13:32:01.3807;Hands;NULL;NULL;OpenXR
NULL;Right;NULL;17;Exposure;NULL;OppositeHandTrigger;1;0;0;-1;0;0;0.0000;0.0000;2.0000;NULL;Skew;anonymous;NULL;Mole Missed;PointerEvent;Participant;8215;e415d636-246b-4bb6-aecc-2216ac17849f;NULL;-0.0013;-0.0060;-0.0098;8.1157;1.2687;1.2132;0.2655;0.1901;-0.1853;2.0000;0.1901;-0.1853;2.0000;NULL;0;-0.1669;-0.5483;0.3351;8.8579;349.6400;2.3280;-0.1634;-0.5455;0.3271;7.9538;349.9746;1.8122;1;NULL;-0.1886;-0.5662;0.2393;356.4199;356.1899;104.6798;Palm;NULL;NULL;NULL;NULL;1;0;0;-1;0;0;0.0000;0.0000;2.0000;-2.1139;-1.8025;0.0435;0.0000;99.2339;0.0000;0.0000;0.0000;0.0000;0.0000;0.0000;0.0000;0;NULL;0.0840;-0.1766;0.4251;321.8674;356.0751;340.1638;Palm;NULL;e7fb662b-8755-4a6e-83bf-a1c391efb0ae;NULL;NULL;6;Embodied;3;Skew;OpenLoop;6;LineBisectionFirst;6;0;NULL;0.0000;0.0000;2.0000;Exposure;0.0000;2026-05-21 13:32:01.3817;Hands;NULL;NULL;OpenXR
NULL;Right;NULL;NULL;Exposure;NULL;OppositeHandTrigger;2;1;0;0;0;0;0.5000;0.0000;2.0000;NULL;Skew;anonymous;NULL;Mole Spawned;MoleEvent;Participant;8215;e415d636-246b-4bb6-aecc-2216ac17849f;NULL;-0.0013;-0.0060;-0.0098;8.1157;1.2687;1.2132;NULL;NULL;NULL;NULL;NULL;NULL;NULL;NULL;NULL;-0.1669;-0.5483;0.3351;8.8579;349.6400;2.3280;-0.1634;-0.5455;0.3271;7.9538;349.9746;1.8122;1;NULL;-0.1886;-0.5662;0.2393;356.4199;356.1899;104.6798;Palm;NULL;NULL;NULL;NULL;2;1;0;0;0;0;0.5000;0.0000;2.0000;-2.1139;-1.8025;0.0435;0.0000;99.2339;0.0000;0.0000;0.0000;0.0000;0.0000;0.0000;0.0000;0;NULL;0.0840;-0.1766;0.4251;321.8674;356.0751;340.1638;Palm;NULL;e7fb662b-8755-4a6e-83bf-a1c391efb0ae;NULL;NULL;6;Embodied;3;Skew;OpenLoop;6;LineBisectionFirst;NULL;1;NULL;0.5000;0.0000;2.0000;Exposure;0.0000;2026-05-21 13:32:01.3838;Hands;NULL;NULL;OpenXR
NULL;Right;NULL;18;Exposure;NULL;OppositeHandTrigger;2;1;0;0;0;0;0.5000;0.0000;2.0000;NULL;Skew;anonymous;NULL;Pointer Shoot;PointerEvent;Participant;8314;e415d636-246b-4bb6-aecc-2216ac17849f;NULL;-0.0006;-0.0058;-0.0101;8.1149;1.7672;1.2609;NULL;0.5560;0.0449;2.0000;0.5560;0.0449;2.0000;NULL;NULL;-0.1667;-0.5483;0.3351;8.8530;349.6609;2.3739;-0.1639;-0.5470;0.3284;8.3888;350.0251;1.9881;1;NULL;-0.1883;-0.5662;0.2386;356.6131;356.8159;106.3484;Palm;NULL;NULL;NULL;NULL;2;1;0;0;0;0;0.5000;0.0000;2.0000;-2.1139;-1.8025;0.0435;0.0000;99.2339;0.0000;0.0000;0.0000;0.0000;0.0000;0.0000;0.0000;0;NULL;0.1519;-0.1538;0.4398;319.0673;9.4091;331.0233;Palm;NULL;e7fb662b-8755-4a6e-83bf-a1c391efb0ae;NULL;NULL;6;Embodied;3;Skew;OpenLoop;6;LineBisectionFirst;6;1;NULL;0.5000;0.0000;2.0000;Exposure;0.8247;2026-05-21 13:32:02.2054;Hands;NULL;NULL;OpenXR
NULL;Right;NULL;18;Exposure;NULL;OppositeHandTrigger;2;1;0;0;0;0;0.5000;0.0000;2.0000;NULL;Skew;anonymous;NULL;Mole Hit;MoleEvent;Participant;8314;e415d636-246b-4bb6-aecc-2216ac17849f;NULL;-0.0006;-0.0058;-0.0101;8.1149;1.7672;1.2609;0.0718;0.5560;0.0449;2.0000;0.5560;0.0449;2.0000;NULL;1;-0.1667;-0.5483;0.3351;8.8530;349.6609;2.3739;-0.1639;-0.5470;0.3284;8.3888;350.0251;1.9881;1;NULL;-0.1883;-0.5662;0.2386;356.6131;356.8159;106.3484;Palm;NULL;NULL;NULL;NULL;2;1;0;0;0;0;0.5000;0.0000;2.0000;-2.1139;-1.8025;0.0435;0.0000;99.2339;0.0000;0.0000;0.0000;0.0000;0.0000;0.0000;0.0000;0;NULL;0.1519;-0.1538;0.4398;319.0673;9.4091;331.0233;Palm;NULL;e7fb662b-8755-4a6e-83bf-a1c391efb0ae;NULL;NULL;6;Embodied;3;Skew;OpenLoop;6;LineBisectionFirst;6;1;NULL;0.5000;0.0000;2.0000;Exposure;0.0000;2026-05-21 13:32:02.2059;Hands;NULL;NULL;OpenXR
NULL;Right;NULL;NULL;Exposure;NULL;OppositeHandTrigger;1;0;0;-1;0;0;0.0000;0.0000;2.0000;NULL;Skew;anonymous;NULL;Mole Spawned;MoleEvent;Participant;8314;e415d636-246b-4bb6-aecc-2216ac17849f;NULL;-0.0006;-0.0058;-0.0101;8.1149;1.7672;1.2609;NULL;NULL;NULL;NULL;NULL;NULL;NULL;NULL;NULL;-0.1667;-0.5483;0.3351;8.8530;349.6609;2.3739;-0.1639;-0.5470;0.3284;8.3888;350.0251;1.9881;1;NULL;-0.1883;-0.5662;0.2386;356.6131;356.8159;106.3484;Palm;NULL;NULL;NULL;NULL;1;0;0;-1;0;0;0.0000;0.0000;2.0000;-2.1139;-1.8025;0.0435;0.0000;99.2339;0.0000;0.0000;0.0000;0.0000;0.0000;0.0000;0.0000;0;NULL;0.1519;-0.1538;0.4398;319.0673;9.4091;331.0233;Palm;NULL;e7fb662b-8755-4a6e-83bf-a1c391efb0ae;NULL;NULL;6;Embodied;3;Skew;OpenLoop;6;LineBisectionFirst;NULL;0;NULL;0.0000;0.0000;2.0000;Exposure;0.0000;2026-05-21 13:32:02.2075;Hands;NULL;NULL;OpenXR
NULL;Right;NULL;19;Exposure;NULL;OppositeHandTrigger;1;0;0;-1;0;0;0.0000;0.0000;2.0000;NULL;Skew;anonymous;NULL;Pointer Shoot;PointerEvent;Participant;8405;e415d636-246b-4bb6-aecc-2216ac17849f;NULL;-0.0037;-0.0052;-0.0115;7.9030;1.0422;1.3914;NULL;0.0130;-0.0125;2.0000;0.0130;-0.0125;2.0000;NULL;NULL;-0.1668;-0.5484;0.3353;8.9400;349.6229;2.2902;-0.1662;-0.5467;0.3279;8.5391;349.7759;2.4425;1;NULL;-0.1890;-0.5661;0.2394;357.2587;358.5044;104.8652;Palm;NULL;NULL;NULL;NULL;1;0;0;-1;0;0;0.0000;0.0000;2.0000;-2.1139;-1.8025;0.0435;0.0000;99.2339;0.0000;0.0000;0.0000;0.0000;0.0000;0.0000;0.0000;0;NULL;0.0564;-0.1571;0.4093;316.7403;348.0743;341.8787;Palm;NULL;e7fb662b-8755-4a6e-83bf-a1c391efb0ae;NULL;NULL;6;Embodied;3;Skew;OpenLoop;6;LineBisectionFirst;7;0;NULL;0.0000;0.0000;2.0000;Exposure;0.7663;2026-05-21 13:32:02.9709;Hands;NULL;NULL;OpenXR
NULL;Right;NULL;19;Exposure;NULL;OppositeHandTrigger;1;0;0;-1;0;0;0.0000;0.0000;2.0000;NULL;Skew;anonymous;NULL;Mole Hit;MoleEvent;Participant;8405;e415d636-246b-4bb6-aecc-2216ac17849f;NULL;-0.0037;-0.0052;-0.0115;7.9030;1.0422;1.3914;0.0181;0.0130;-0.0125;2.0000;0.0130;-0.0125;2.0000;NULL;1;-0.1668;-0.5484;0.3353;8.9400;349.6229;2.2902;-0.1662;-0.5467;0.3279;8.5391;349.7759;2.4425;1;NULL;-0.1890;-0.5661;0.2394;357.2587;358.5044;104.8652;Palm;NULL;NULL;NULL;NULL;1;0;0;-1;0;0;0.0000;0.0000;2.0000;-2.1139;-1.8025;0.0435;0.0000;99.2339;0.0000;0.0000;0.0000;0.0000;0.0000;0.0000;0.0000;0;NULL;0.0564;-0.1571;0.4093;316.7403;348.0743;341.8787;Palm;NULL;e7fb662b-8755-4a6e-83bf-a1c391efb0ae;NULL;NULL;6;Embodied;3;Skew;OpenLoop;6;LineBisectionFirst;7;0;NULL;0.0000;0.0000;2.0000;Exposure;0.0000;2026-05-21 13:32:02.9724;Hands;NULL;NULL;OpenXR
NULL;Right;NULL;NULL;Exposure;NULL;OppositeHandTrigger;2;1;0;0;0;0;0.5000;0.0000;2.0000;NULL;Skew;anonymous;NULL;Mole Spawned;MoleEvent;Participant;8405;e415d636-246b-4bb6-aecc-2216ac17849f;NULL;-0.0037;-0.0052;-0.0115;7.9030;1.0422;1.3914;NULL;NULL;NULL;NULL;NULL;NULL;NULL;NULL;NULL;-0.1668;-0.5484;0.3353;8.9400;349.6229;2.2902;-0.1662;-0.5467;0.3279;8.5391;349.7759;2.4425;1;NULL;-0.1890;-0.5661;0.2394;357.2587;358.5044;104.8652;Palm;NULL;NULL;NULL;NULL;2;1;0;0;0;0;0.5000;0.0000;2.0000;-2.1139;-1.8025;0.0435;0.0000;99.2339;0.0000;0.0000;0.0000;0.0000;0.0000;0.0000;0.0000;0;NULL;0.0564;-0.1571;0.4093;316.7403;348.0743;341.8787;Palm;NULL;e7fb662b-8755-4a6e-83bf-a1c391efb0ae;NULL;NULL;6;Embodied;3;Skew;OpenLoop;6;LineBisectionFirst;NULL;1;NULL;0.5000;0.0000;2.0000;Exposure;0.0000;2026-05-21 13:32:02.9740;Hands;NULL;NULL;OpenXR
NULL;Right;NULL;20;Exposure;NULL;OppositeHandTrigger;2;1;0;0;0;0;0.5000;0.0000;2.0000;NULL;Skew;anonymous;NULL;Pointer Shoot;PointerEvent;Participant;8493;e415d636-246b-4bb6-aecc-2216ac17849f;NULL;-0.0022;-0.0051;-0.0116;7.8135;1.4469;1.3752;NULL;0.4771;-0.0810;2.0000;0.4771;-0.0810;2.0000;NULL;NULL;-0.1672;-0.5483;0.3353;9.0214;349.5175;2.5641;-0.1649;-0.5462;0.3277;8.6086;349.7929;2.3536;1;NULL;-0.1890;-0.5654;0.2390;356.5347;358.6178;105.3234;Palm;NULL;NULL;NULL;NULL;2;1;0;0;0;0;0.5000;0.0000;2.0000;-2.1139;-1.8025;0.0435;0.0000;99.2339;0.0000;0.0000;0.0000;0.0000;0.0000;0.0000;0.0000;0;NULL;0.1423;-0.1538;0.4430;320.4487;6.5011;334.6046;Palm;NULL;e7fb662b-8755-4a6e-83bf-a1c391efb0ae;NULL;NULL;6;Embodied;3;Skew;OpenLoop;6;LineBisectionFirst;8;1;NULL;0.5000;0.0000;2.0000;Exposure;0.7327;2026-05-21 13:32:03.7041;Hands;NULL;NULL;OpenXR
NULL;Right;NULL;20;Exposure;NULL;OppositeHandTrigger;2;1;0;0;0;0;0.5000;0.0000;2.0000;NULL;Skew;anonymous;NULL;Mole Hit;MoleEvent;Participant;8493;e415d636-246b-4bb6-aecc-2216ac17849f;NULL;-0.0022;-0.0051;-0.0116;7.8135;1.4469;1.3752;0.0841;0.4771;-0.0810;2.0000;0.4771;-0.0810;2.0000;NULL;1;-0.1672;-0.5483;0.3353;9.0214;349.5175;2.5641;-0.1649;-0.5462;0.3277;8.6086;349.7929;2.3536;1;NULL;-0.1890;-0.5654;0.2390;356.5347;358.6178;105.3234;Palm;NULL;NULL;NULL;NULL;2;1;0;0;0;0;0.5000;0.0000;2.0000;-2.1139;-1.8025;0.0435;0.0000;99.2339;0.0000;0.0000;0.0000;0.0000;0.0000;0.0000;0.0000;0;NULL;0.1423;-0.1538;0.4430;320.4487;6.5011;334.6046;Palm;NULL;e7fb662b-8755-4a6e-83bf-a1c391efb0ae;NULL;NULL;6;Embodied;3;Skew;OpenLoop;6;LineBisectionFirst;8;1;NULL;0.5000;0.0000;2.0000;Exposure;0.0000;2026-05-21 13:32:03.7056;Hands;NULL;NULL;OpenXR
NULL;Right;NULL;NULL;Exposure;NULL;OppositeHandTrigger;3;2;0;1;0;0;-0.5000;0.0000;2.0000;NULL;Skew;anonymous;NULL;Mole Spawned;MoleEvent;Participant;8493;e415d636-246b-4bb6-aecc-2216ac17849f;NULL;-0.0022;-0.0051;-0.0116;7.8135;1.4469;1.3752;NULL;NULL;NULL;NULL;NULL;NULL;NULL;NULL;NULL;-0.1672;-0.5483;0.3353;9.0214;349.5175;2.5641;-0.1649;-0.5462;0.3277;8.6086;349.7929;2.3536;1;NULL;-0.1890;-0.5654;0.2390;356.5347;358.6178;105.3234;Palm;NULL;NULL;NULL;NULL;3;2;0;1;0;0;-0.5000;0.0000;2.0000;-2.1139;-1.8025;0.0435;0.0000;99.2339;0.0000;0.0000;0.0000;0.0000;0.0000;0.0000;0.0000;0;NULL;0.1423;-0.1538;0.4430;320.4487;6.5011;334.6046;Palm;NULL;e7fb662b-8755-4a6e-83bf-a1c391efb0ae;NULL;NULL;6;Embodied;3;Skew;OpenLoop;6;LineBisectionFirst;NULL;2;NULL;-0.5000;0.0000;2.0000;Exposure;0.0000;2026-05-21 13:32:03.7071;Hands;NULL;NULL;OpenXR
NULL;Right;NULL;21;Exposure;NULL;OppositeHandTrigger;3;2;0;1;0;0;-0.5000;0.0000;2.0000;NULL;Skew;anonymous;NULL;Pointer Shoot;PointerEvent;Participant;8586;e415d636-246b-4bb6-aecc-2216ac17849f;NULL;-0.0064;-0.0052;-0.0122;7.7893;0.6799;1.5863;NULL;-0.4970;0.1306;2.0000;-0.4970;0.1306;2.0000;NULL;NULL;-0.1674;-0.5481;0.3352;9.0334;349.4135;2.5623;-0.1668;-0.5460;0.3273;8.6007;349.6403;2.6240;1;NULL;-0.1900;-0.5663;0.2390;356.0186;358.9087;105.1333;Palm;NULL;NULL;NULL;NULL;3;2;0;1;0;0;-0.5000;0.0000;2.0000;-2.1139;-1.8025;0.0435;0.0000;99.2339;0.0000;0.0000;0.0000;0.0000;0.0000;0.0000;0.0000;0;NULL;-0.0012;-0.1494;0.3616;312.4114;330.0710;348.6017;Palm;NULL;e7fb662b-8755-4a6e-83bf-a1c391efb0ae;NULL;NULL;6;Embodied;3;Skew;OpenLoop;6;LineBisectionFirst;9;2;NULL;-0.5000;0.0000;2.0000;Exposure;0.7828;2026-05-21 13:32:04.4872;Hands;NULL;NULL;OpenXR
NULL;Right;NULL;21;Exposure;NULL;OppositeHandTrigger;3;2;0;1;0;0;-0.5000;0.0000;2.0000;NULL;Skew;anonymous;NULL;Mole Missed;PointerEvent;Participant;8586;e415d636-246b-4bb6-aecc-2216ac17849f;NULL;-0.0064;-0.0052;-0.0122;7.7893;0.6799;1.5863;0.1306;-0.4970;0.1306;2.0000;-0.4970;0.1306;2.0000;NULL;0;-0.1674;-0.5481;0.3352;9.0334;349.4135;2.5623;-0.1668;-0.5460;0.3273;8.6007;349.6403;2.6240;1;NULL;-0.1900;-0.5663;0.2390;356.0186;358.9087;105.1333;Palm;NULL;NULL;NULL;NULL;3;2;0;1;0;0;-0.5000;0.0000;2.0000;-2.1139;-1.8025;0.0435;0.0000;99.2339;0.0000;0.0000;0.0000;0.0000;0.0000;0.0000;0.0000;0;NULL;-0.0012;-0.1494;0.3616;312.4114;330.0710;348.6017;Palm;NULL;e7fb662b-8755-4a6e-83bf-a1c391efb0ae;NULL;NULL;6;Embodied;3;Skew;OpenLoop;6;LineBisectionFirst;9;2;NULL;-0.5000;0.0000;2.0000;Exposure;0.0000;2026-05-21 13:32:04.4877;Hands;NULL;NULL;OpenXR
NULL;Right;NULL;NULL;Exposure;NULL;OppositeHandTrigger;2;1;0;0;0;0;0.5000;0.0000;2.0000;NULL;Skew;anonymous;NULL;Mole Spawned;MoleEvent;Participant;8586;e415d636-246b-4bb6-aecc-2216ac17849f;NULL;-0.0064;-0.0052;-0.0122;7.7893;0.6799;1.5863;NULL;NULL;NULL;NULL;NULL;NULL;NULL;NULL;NULL;-0.1674;-0.5481;0.3352;9.0334;349.4135;2.5623;-0.1668;-0.5460;0.3273;8.6007;349.6403;2.6240;1;NULL;-0.1900;-0.5663;0.2390;356.0186;358.9087;105.1333;Palm;NULL;NULL;NULL;NULL;2;1;0;0;0;0;0.5000;0.0000;2.0000;-2.1139;-1.8025;0.0435;0.0000;99.2339;0.0000;0.0000;0.0000;0.0000;0.0000;0.0000;0.0000;0;NULL;-0.0012;-0.1494;0.3616;312.4114;330.0710;348.6017;Palm;NULL;e7fb662b-8755-4a6e-83bf-a1c391efb0ae;NULL;NULL;6;Embodied;3;Skew;OpenLoop;6;LineBisectionFirst;NULL;1;NULL;0.5000;0.0000;2.0000;Exposure;0.0000;2026-05-21 13:32:04.4892;Hands;NULL;NULL;OpenXR
NULL;Right;NULL;22;Exposure;NULL;OppositeHandTrigger;2;1;0;0;0;0;0.5000;0.0000;2.0000;NULL;Skew;anonymous;NULL;Pointer Shoot;PointerEvent;Participant;8677;e415d636-246b-4bb6-aecc-2216ac17849f;NULL;-0.0016;-0.0055;-0.0117;7.9636;1.4724;1.2887;NULL;0.4508;-0.1004;2.0000;0.4508;-0.1004;2.0000;NULL;NULL;-0.1676;-0.5480;0.3351;8.9609;349.4301;2.6408;-0.1638;-0.5456;0.3269;8.1946;350.3170;2.3991;1;NULL;-0.1891;-0.5668;0.2395;356.7396;357.1920;105.6521;Palm;NULL;NULL;NULL;NULL;2;1;0;0;0;0;0.5000;0.0000;2.0000;-2.1139;-1.8025;0.0435;0.0000;99.2339;0.0000;0.0000;0.0000;0.0000;0.0000;0.0000;0.0000;0;NULL;0.1516;-0.1642;0.4430;321.1376;5.7958;334.1422;Palm;NULL;e7fb662b-8755-4a6e-83bf-a1c391efb0ae;NULL;NULL;6;Embodied;3;Skew;OpenLoop;6;LineBisectionFirst;9;1;NULL;0.5000;0.0000;2.0000;Exposure;0.7579;2026-05-21 13:32:05.2442;Hands;NULL;NULL;OpenXR
NULL;Right;NULL;22;Exposure;NULL;OppositeHandTrigger;2;1;0;0;0;0;0.5000;0.0000;2.0000;NULL;Skew;anonymous;NULL;Mole Missed;PointerEvent;Participant;8677;e415d636-246b-4bb6-aecc-2216ac17849f;NULL;-0.0016;-0.0055;-0.0117;7.9636;1.4724;1.2887;0.1118;0.4508;-0.1004;2.0000;0.4508;-0.1004;2.0000;NULL;0;-0.1676;-0.5480;0.3351;8.9609;349.4301;2.6408;-0.1638;-0.5456;0.3269;8.1946;350.3170;2.3991;1;NULL;-0.1891;-0.5668;0.2395;356.7396;357.1920;105.6521;Palm;NULL;NULL;NULL;NULL;2;1;0;0;0;0;0.5000;0.0000;2.0000;-2.1139;-1.8025;0.0435;0.0000;99.2339;0.0000;0.0000;0.0000;0.0000;0.0000;0.0000;0.0000;0;NULL;0.1516;-0.1642;0.4430;321.1376;5.7958;334.1422;Palm;NULL;e7fb662b-8755-4a6e-83bf-a1c391efb0ae;NULL;NULL;6;Embodied;3;Skew;OpenLoop;6;LineBisectionFirst;9;1;NULL;0.5000;0.0000;2.0000;Exposure;0.0000;2026-05-21 13:32:05.2458;Hands;NULL;NULL;OpenXR
NULL;Right;NULL;NULL;Exposure;NULL;OppositeHandTrigger;3;2;0;1;0;0;-0.5000;0.0000;2.0000;NULL;Skew;anonymous;NULL;Mole Spawned;MoleEvent;Participant;8677;e415d636-246b-4bb6-aecc-2216ac17849f;NULL;-0.0016;-0.0055;-0.0117;7.9636;1.4724;1.2887;NULL;NULL;NULL;NULL;NULL;NULL;NULL;NULL;NULL;-0.1676;-0.5480;0.3351;8.9609;349.4301;2.6408;-0.1638;-0.5456;0.3269;8.1946;350.3170;2.3991;1;NULL;-0.1891;-0.5668;0.2395;356.7396;357.1920;105.6521;Palm;NULL;NULL;NULL;NULL;3;2;0;1;0;0;-0.5000;0.0000;2.0000;-2.1139;-1.8025;0.0435;0.0000;99.2339;0.0000;0.0000;0.0000;0.0000;0.0000;0.0000;0.0000;0;NULL;0.1516;-0.1642;0.4430;321.1376;5.7958;334.1422;Palm;NULL;e7fb662b-8755-4a6e-83bf-a1c391efb0ae;NULL;NULL;6;Embodied;3;Skew;OpenLoop;6;LineBisectionFirst;NULL;2;NULL;-0.5000;0.0000;2.0000;Exposure;0.0000;2026-05-21 13:32:05.2473;Hands;NULL;NULL;OpenXR
NULL;Right;NULL;23;Exposure;NULL;OppositeHandTrigger;3;2;0;1;0;0;-0.5000;0.0000;2.0000;NULL;Skew;anonymous;NULL;Pointer Shoot;PointerEvent;Participant;8774;e415d636-246b-4bb6-aecc-2216ac17849f;NULL;-0.0066;-0.0048;-0.0128;7.7503;0.4888;1.5432;NULL;-0.5551;0.0920;2.0000;-0.5551;0.0920;2.0000;NULL;NULL;-0.1676;-0.5478;0.3350;9.0960;349.3089;2.6990;-0.1665;-0.5455;0.3264;8.3879;350.0786;3.3196;1;NULL;-0.1906;-0.5673;0.2393;356.5304;356.8990;105.6112;Palm;NULL;NULL;NULL;NULL;3;2;0;1;0;0;-0.5000;0.0000;2.0000;-2.1139;-1.8025;0.0435;0.0000;99.2339;0.0000;0.0000;0.0000;0.0000;0.0000;0.0000;0.0000;0;NULL;-0.0034;-0.1544;0.3620;314.3228;331.0695;346.9233;Palm;NULL;e7fb662b-8755-4a6e-83bf-a1c391efb0ae;NULL;NULL;6;Embodied;3;Skew;OpenLoop;6;LineBisectionFirst;9;2;NULL;-0.5000;0.0000;2.0000;Exposure;0.8084;2026-05-21 13:32:06.0530;Hands;NULL;NULL;OpenXR
NULL;Right;NULL;23;Exposure;NULL;OppositeHandTrigger;3;2;0;1;0;0;-0.5000;0.0000;2.0000;NULL;Skew;anonymous;NULL;Mole Missed;PointerEvent;Participant;8774;e415d636-246b-4bb6-aecc-2216ac17849f;NULL;-0.0066;-0.0048;-0.0128;7.7503;0.4888;1.5432;0.1072;-0.5551;0.0920;2.0000;-0.5551;0.0920;2.0000;NULL;0;-0.1676;-0.5478;0.3350;9.0960;349.3089;2.6990;-0.1665;-0.5455;0.3264;8.3879;350.0786;3.3196;1;NULL;-0.1906;-0.5673;0.2393;356.5304;356.8990;105.6112;Palm;NULL;NULL;NULL;NULL;3;2;0;1;0;0;-0.5000;0.0000;2.0000;-2.1139;-1.8025;0.0435;0.0000;99.2339;0.0000;0.0000;0.0000;0.0000;0.0000;0.0000;0.0000;0;NULL;-0.0034;-0.1544;0.3620;314.3228;331.0695;346.9233;Palm;NULL;e7fb662b-8755-4a6e-83bf-a1c391efb0ae;NULL;NULL;6;Embodied;3;Skew;OpenLoop;6;LineBisectionFirst;9;2;NULL;-0.5000;0.0000;2.0000;Exposure;0.0000;2026-05-21 13:32:06.0545;Hands;NULL;NULL;OpenXR
NULL;Right;NULL;NULL;Exposure;NULL;OppositeHandTrigger;1;0;0;-1;0;0;0.0000;0.0000;2.0000;NULL;Skew;anonymous;NULL;Mole Spawned;MoleEvent;Participant;8774;e415d636-246b-4bb6-aecc-2216ac17849f;NULL;-0.0066;-0.0048;-0.0128;7.7503;0.4888;1.5432;NULL;NULL;NULL;NULL;NULL;NULL;NULL;NULL;NULL;-0.1676;-0.5478;0.3350;9.0960;349.3089;2.6990;-0.1665;-0.5455;0.3264;8.3879;350.0786;3.3196;1;NULL;-0.1906;-0.5673;0.2393;356.5304;356.8990;105.6112;Palm;NULL;NULL;NULL;NULL;1;0;0;-1;0;0;0.0000;0.0000;2.0000;-2.1139;-1.8025;0.0435;0.0000;99.2339;0.0000;0.0000;0.0000;0.0000;0.0000;0.0000;0.0000;0;NULL;-0.0034;-0.1544;0.3620;314.3228;331.0695;346.9233;Palm;NULL;e7fb662b-8755-4a6e-83bf-a1c391efb0ae;NULL;NULL;6;Embodied;3;Skew;OpenLoop;6;LineBisectionFirst;NULL;0;NULL;0.0000;0.0000;2.0000;Exposure;0.0000;2026-05-21 13:32:06.0561;Hands;NULL;NULL;OpenXR
NULL;Right;NULL;24;Exposure;NULL;OppositeHandTrigger;1;0;0;-1;0;0;0.0000;0.0000;2.0000;NULL;Skew;anonymous;NULL;Pointer Shoot;PointerEvent;Participant;8870;e415d636-246b-4bb6-aecc-2216ac17849f;NULL;-0.0035;-0.0051;-0.0123;7.8296;1.0058;1.3988;NULL;0.0147;-0.1128;2.0000;0.0147;-0.1128;2.0000;NULL;NULL;-0.1682;-0.5482;0.3352;9.2993;349.1581;3.0849;-0.1672;-0.5476;0.3283;9.0076;349.3495;2.8900;1;NULL;-0.1894;-0.5677;0.2395;357.7367;355.8768;106.6829;Palm;NULL;NULL;NULL;NULL;1;0;0;-1;0;0;0.0000;0.0000;2.0000;-2.1139;-1.8025;0.0435;0.0000;99.2339;0.0000;0.0000;0.0000;0.0000;0.0000;0.0000;0.0000;0;NULL;0.0759;-0.1660;0.4150;319.7665;348.5982;341.8900;Palm;NULL;e7fb662b-8755-4a6e-83bf-a1c391efb0ae;NULL;NULL;6;Embodied;3;Skew;OpenLoop;6;LineBisectionFirst;9;0;NULL;0.0000;0.0000;2.0000;Exposure;0.8003;2026-05-21 13:32:06.8528;Hands;NULL;NULL;OpenXR
NULL;Right;NULL;24;Exposure;NULL;OppositeHandTrigger;1;0;0;-1;0;0;0.0000;0.0000;2.0000;NULL;Skew;anonymous;NULL;Mole Missed;PointerEvent;Participant;8870;e415d636-246b-4bb6-aecc-2216ac17849f;NULL;-0.0035;-0.0051;-0.0123;7.8296;1.0058;1.3988;0.1137;0.0147;-0.1128;2.0000;0.0147;-0.1128;2.0000;NULL;0;-0.1682;-0.5482;0.3352;9.2993;349.1581;3.0849;-0.1672;-0.5476;0.3283;9.0076;349.3495;2.8900;1;NULL;-0.1894;-0.5677;0.2395;357.7367;355.8768;106.6829;Palm;NULL;NULL;NULL;NULL;1;0;0;-1;0;0;0.0000;0.0000;2.0000;-2.1139;-1.8025;0.0435;0.0000;99.2339;0.0000;0.0000;0.0000;0.0000;0.0000;0.0000;0.0000;0;NULL;0.0759;-0.1660;0.4150;319.7665;348.5982;341.8900;Palm;NULL;e7fb662b-8755-4a6e-83bf-a1c391efb0ae;NULL;NULL;6;Embodied;3;Skew;OpenLoop;6;LineBisectionFirst;9;0;NULL;0.0000;0.0000;2.0000;Exposure;0.0000;2026-05-21 13:32:06.8543;Hands;NULL;NULL;OpenXR
NULL;Right;NULL;NULL;Exposure;NULL;OppositeHandTrigger;2;1;0;0;0;0;0.5000;0.0000;2.0000;NULL;Skew;anonymous;NULL;Mole Spawned;MoleEvent;Participant;8870;e415d636-246b-4bb6-aecc-2216ac17849f;NULL;-0.0035;-0.0051;-0.0123;7.8296;1.0058;1.3988;NULL;NULL;NULL;NULL;NULL;NULL;NULL;NULL;NULL;-0.1682;-0.5482;0.3352;9.2993;349.1581;3.0849;-0.1672;-0.5476;0.3283;9.0076;349.3495;2.8900;1;NULL;-0.1894;-0.5677;0.2395;357.7367;355.8768;106.6829;Palm;NULL;NULL;NULL;NULL;2;1;0;0;0;0;0.5000;0.0000;2.0000;-2.1139;-1.8025;0.0435;0.0000;99.2339;0.0000;0.0000;0.0000;0.0000;0.0000;0.0000;0.0000;0;NULL;0.0759;-0.1660;0.4150;319.7665;348.5982;341.8900;Palm;NULL;e7fb662b-8755-4a6e-83bf-a1c391efb0ae;NULL;NULL;6;Embodied;3;Skew;OpenLoop;6;LineBisectionFirst;NULL;1;NULL;0.5000;0.0000;2.0000;Exposure;0.0000;2026-05-21 13:32:06.8558;Hands;NULL;NULL;OpenXR
NULL;Right;NULL;25;Exposure;NULL;OppositeHandTrigger;2;1;0;0;0;0;0.5000;0.0000;2.0000;NULL;Skew;anonymous;NULL;Pointer Shoot;PointerEvent;Participant;8968;e415d636-246b-4bb6-aecc-2216ac17849f;NULL;-0.0001;-0.0052;-0.0114;7.8449;1.6303;1.1089;NULL;0.5558;-0.0845;2.0000;0.5558;-0.0845;2.0000;NULL;NULL;-0.1686;-0.5486;0.3355;9.3586;349.0852;3.0335;-0.1654;-0.5471;0.3284;8.7077;349.6778;2.6203;1;NULL;-0.1882;-0.5660;0.2400;356.1346;357.2632;106.3410;Palm;NULL;NULL;NULL;NULL;2;1;0;0;0;0;0.5000;0.0000;2.0000;-2.1139;-1.8025;0.0435;0.0000;99.2339;0.0000;0.0000;0.0000;0.0000;0.0000;0.0000;0.0000;0;NULL;0.1803;-0.1555;0.4406;319.8484;10.6795;333.0415;Palm;NULL;e7fb662b-8755-4a6e-83bf-a1c391efb0ae;NULL;NULL;6;Embodied;3;Skew;OpenLoop;6;LineBisectionFirst;9;1;NULL;0.5000;0.0000;2.0000;Exposure;0.8167;2026-05-21 13:32:07.6702;Hands;NULL;NULL;OpenXR
NULL;Right;NULL;25;Exposure;NULL;OppositeHandTrigger;2;1;0;0;0;0;0.5000;0.0000;2.0000;NULL;Skew;anonymous;NULL;Mole Missed;PointerEvent;Participant;8968;e415d636-246b-4bb6-aecc-2216ac17849f;NULL;-0.0001;-0.0052;-0.0114;7.8449;1.6303;1.1089;0.1013;0.5558;-0.0845;2.0000;0.5558;-0.0845;2.0000;NULL;0;-0.1686;-0.5486;0.3355;9.3586;349.0852;3.0335;-0.1654;-0.5471;0.3284;8.7077;349.6778;2.6203;1;NULL;-0.1882;-0.5660;0.2400;356.1346;357.2632;106.3410;Palm;NULL;NULL;NULL;NULL;2;1;0;0;0;0;0.5000;0.0000;2.0000;-2.1139;-1.8025;0.0435;0.0000;99.2339;0.0000;0.0000;0.0000;0.0000;0.0000;0.0000;0.0000;0;NULL;0.1803;-0.1555;0.4406;319.8484;10.6795;333.0415;Palm;NULL;e7fb662b-8755-4a6e-83bf-a1c391efb0ae;NULL;NULL;6;Embodied;3;Skew;OpenLoop;6;LineBisectionFirst;9;1;NULL;0.5000;0.0000;2.0000;Exposure;0.0000;2026-05-21 13:32:07.6718;Hands;NULL;NULL;OpenXR
NULL;Right;NULL;NULL;Exposure;NULL;OppositeHandTrigger;1;0;0;-1;0;0;0.0000;0.0000;2.0000;NULL;Skew;anonymous;NULL;Mole Spawned;MoleEvent;Participant;8968;e415d636-246b-4bb6-aecc-2216ac17849f;NULL;-0.0001;-0.0052;-0.0114;7.8449;1.6303;1.1089;NULL;NULL;NULL;NULL;NULL;NULL;NULL;NULL;NULL;-0.1686;-0.5486;0.3355;9.3586;349.0852;3.0335;-0.1654;-0.5471;0.3284;8.7077;349.6778;2.6203;1;NULL;-0.1882;-0.5660;0.2400;356.1346;357.2632;106.3410;Palm;NULL;NULL;NULL;NULL;1;0;0;-1;0;0;0.0000;0.0000;2.0000;-2.1139;-1.8025;0.0435;0.0000;99.2339;0.0000;0.0000;0.0000;0.0000;0.0000;0.0000;0.0000;0;NULL;0.1803;-0.1555;0.4406;319.8484;10.6795;333.0415;Palm;NULL;e7fb662b-8755-4a6e-83bf-a1c391efb0ae;NULL;NULL;6;Embodied;3;Skew;OpenLoop;6;LineBisectionFirst;NULL;0;NULL;0.0000;0.0000;2.0000;Exposure;0.0000;2026-05-21 13:32:07.6733;Hands;NULL;NULL;OpenXR
NULL;Right;NULL;26;Exposure;NULL;OppositeHandTrigger;1;0;0;-1;0;0;0.0000;0.0000;2.0000;NULL;Skew;anonymous;NULL;Pointer Shoot;PointerEvent;Participant;9057;e415d636-246b-4bb6-aecc-2216ac17849f;NULL;-0.0044;-0.0048;-0.0131;7.6545;0.9433;1.3061;NULL;-0.0693;0.0046;2.0000;-0.0693;0.0046;2.0000;NULL;NULL;-0.1687;-0.5486;0.3356;9.4558;349.0373;2.9870;-0.1680;-0.5467;0.3277;9.0735;349.1173;2.9307;1;NULL;-0.1900;-0.5661;0.2389;356.4641;356.9406;106.5654;Palm;NULL;NULL;NULL;NULL;1;0;0;-1;0;0;0.0000;0.0000;2.0000;-2.1139;-1.8025;0.0435;0.0000;99.2339;0.0000;0.0000;0.0000;0.0000;0.0000;0.0000;0.0000;0;NULL;0.0729;-0.1391;0.3977;315.3360;347.1789;339.9197;Palm;NULL;e7fb662b-8755-4a6e-83bf-a1c391efb0ae;NULL;NULL;6;Embodied;3;Skew;OpenLoop;6;LineBisectionFirst;9;0;NULL;0.0000;0.0000;2.0000;Exposure;0.7414;2026-05-21 13:32:08.4122;Hands;NULL;NULL;OpenXR
NULL;Right;NULL;26;Exposure;NULL;OppositeHandTrigger;1;0;0;-1;0;0;0.0000;0.0000;2.0000;NULL;Skew;anonymous;NULL;Mole Hit;MoleEvent;Participant;9057;e415d636-246b-4bb6-aecc-2216ac17849f;NULL;-0.0044;-0.0048;-0.0131;7.6545;0.9433;1.3061;0.0694;-0.0693;0.0046;2.0000;-0.0693;0.0046;2.0000;NULL;1;-0.1687;-0.5486;0.3356;9.4558;349.0373;2.9870;-0.1680;-0.5467;0.3277;9.0735;349.1173;2.9307;1;NULL;-0.1900;-0.5661;0.2389;356.4641;356.9406;106.5654;Palm;NULL;NULL;NULL;NULL;1;0;0;-1;0;0;0.0000;0.0000;2.0000;-2.1139;-1.8025;0.0435;0.0000;99.2339;0.0000;0.0000;0.0000;0.0000;0.0000;0.0000;0.0000;0;NULL;0.0729;-0.1391;0.3977;315.3360;347.1789;339.9197;Palm;NULL;e7fb662b-8755-4a6e-83bf-a1c391efb0ae;NULL;NULL;6;Embodied;3;Skew;OpenLoop;6;LineBisectionFirst;9;0;NULL;0.0000;0.0000;2.0000;Exposure;0.0000;2026-05-21 13:32:08.4127;Hands;NULL;NULL;OpenXR
NULL;Right;NULL;NULL;Exposure;NULL;OppositeHandTrigger;2;1;0;0;0;0;0.5000;0.0000;2.0000;NULL;Skew;anonymous;NULL;Mole Spawned;MoleEvent;Participant;9057;e415d636-246b-4bb6-aecc-2216ac17849f;NULL;-0.0044;-0.0048;-0.0131;7.6545;0.9433;1.3061;NULL;NULL;NULL;NULL;NULL;NULL;NULL;NULL;NULL;-0.1687;-0.5486;0.3356;9.4558;349.0373;2.9870;-0.1680;-0.5467;0.3277;9.0735;349.1173;2.9307;1;NULL;-0.1900;-0.5661;0.2389;356.4641;356.9406;106.5654;Palm;NULL;NULL;NULL;NULL;2;1;0;0;0;0;0.5000;0.0000;2.0000;-2.1139;-1.8025;0.0435;0.0000;99.2339;0.0000;0.0000;0.0000;0.0000;0.0000;0.0000;0.0000;0;NULL;0.0729;-0.1391;0.3977;315.3360;347.1789;339.9197;Palm;NULL;e7fb662b-8755-4a6e-83bf-a1c391efb0ae;NULL;NULL;6;Embodied;3;Skew;OpenLoop;6;LineBisectionFirst;NULL;1;NULL;0.5000;0.0000;2.0000;Exposure;0.0000;2026-05-21 13:32:08.4142;Hands;NULL;NULL;OpenXR
NULL;Right;NULL;27;Exposure;NULL;OppositeHandTrigger;2;1;0;0;0;0;0.5000;0.0000;2.0000;NULL;Skew;anonymous;NULL;Pointer Shoot;PointerEvent;Participant;9150;e415d636-246b-4bb6-aecc-2216ac17849f;NULL;-0.0003;-0.0049;-0.0121;7.7638;1.6058;1.0195;NULL;0.5219;-0.1401;2.0000;0.5219;-0.1401;2.0000;NULL;NULL;-0.1689;-0.5486;0.3356;9.6063;349.0274;2.9749;-0.1663;-0.5470;0.3283;9.2893;349.4347;2.5599;1;NULL;-0.1884;-0.5639;0.2389;357.4086;356.0657;107.0028;Palm;NULL;NULL;NULL;NULL;2;1;0;0;0;0;0.5000;0.0000;2.0000;-2.1139;-1.8025;0.0435;0.0000;99.2339;0.0000;0.0000;0.0000;0.0000;0.0000;0.0000;0.0000;0;NULL;0.1895;-0.1546;0.4305;320.9273;9.8432;331.9438;Palm;NULL;e7fb662b-8755-4a6e-83bf-a1c391efb0ae;NULL;NULL;6;Embodied;3;Skew;OpenLoop;6;LineBisectionFirst;10;1;NULL;0.5000;0.0000;2.0000;Exposure;0.7830;2026-05-21 13:32:09.1944;Hands;NULL;NULL;OpenXR
NULL;Right;NULL;27;Exposure;NULL;OppositeHandTrigger;2;1;0;0;0;0;0.5000;0.0000;2.0000;NULL;Skew;anonymous;NULL;Mole Missed;PointerEvent;Participant;9150;e415d636-246b-4bb6-aecc-2216ac17849f;NULL;-0.0003;-0.0049;-0.0121;7.7638;1.6058;1.0195;0.1418;0.5219;-0.1401;2.0000;0.5219;-0.1401;2.0000;NULL;0;-0.1689;-0.5486;0.3356;9.6063;349.0274;2.9749;-0.1663;-0.5470;0.3283;9.2893;349.4347;2.5599;1;NULL;-0.1884;-0.5639;0.2389;357.4086;356.0657;107.0028;Palm;NULL;NULL;NULL;NULL;2;1;0;0;0;0;0.5000;0.0000;2.0000;-2.1139;-1.8025;0.0435;0.0000;99.2339;0.0000;0.0000;0.0000;0.0000;0.0000;0.0000;0.0000;0;NULL;0.1895;-0.1546;0.4305;320.9273;9.8432;331.9438;Palm;NULL;e7fb662b-8755-4a6e-83bf-a1c391efb0ae;NULL;NULL;6;Embodied;3;Skew;OpenLoop;6;LineBisectionFirst;10;1;NULL;0.5000;0.0000;2.0000;Exposure;0.0000;2026-05-21 13:32:09.1959;Hands;NULL;NULL;OpenXR
NULL;Right;NULL;NULL;Exposure;NULL;OppositeHandTrigger;3;2;0;1;0;0;-0.5000;0.0000;2.0000;NULL;Skew;anonymous;NULL;Mole Spawned;MoleEvent;Participant;9150;e415d636-246b-4bb6-aecc-2216ac17849f;NULL;-0.0003;-0.0049;-0.0121;7.7638;1.6058;1.0195;NULL;NULL;NULL;NULL;NULL;NULL;NULL;NULL;NULL;-0.1689;-0.5486;0.3356;9.6063;349.0274;2.9749;-0.1663;-0.5470;0.3283;9.2893;349.4347;2.5599;1;NULL;-0.1884;-0.5639;0.2389;357.4086;356.0657;107.0028;Palm;NULL;NULL;NULL;NULL;3;2;0;1;0;0;-0.5000;0.0000;2.0000;-2.1139;-1.8025;0.0435;0.0000;99.2339;0.0000;0.0000;0.0000;0.0000;0.0000;0.0000;0.0000;0;NULL;0.1895;-0.1546;0.4305;320.9273;9.8432;331.9438;Palm;NULL;e7fb662b-8755-4a6e-83bf-a1c391efb0ae;NULL;NULL;6;Embodied;3;Skew;OpenLoop;6;LineBisectionFirst;NULL;2;NULL;-0.5000;0.0000;2.0000;Exposure;0.0000;2026-05-21 13:32:09.1969;Hands;NULL;NULL;OpenXR
NULL;Right;NULL;28;Exposure;NULL;OppositeHandTrigger;3;2;0;1;0;0;-0.5000;0.0000;2.0000;NULL;Skew;anonymous;NULL;Pointer Shoot;PointerEvent;Participant;9255;e415d636-246b-4bb6-aecc-2216ac17849f;NULL;-0.0064;-0.0046;-0.0136;7.6068;0.6999;1.5249;NULL;-0.6429;0.0656;2.0000;-0.6429;0.0656;2.0000;NULL;NULL;-0.1691;-0.5485;0.3355;9.5960;349.0290;3.0751;-0.1675;-0.5459;0.3271;8.7055;349.5692;3.0976;1;NULL;-0.1914;-0.5673;0.2392;357.5536;355.9115;107.3469;Palm;NULL;NULL;NULL;NULL;3;2;0;1;0;0;-0.5000;0.0000;2.0000;-2.1139;-1.8025;0.0435;0.0000;99.2339;0.0000;0.0000;0.0000;0.0000;0.0000;0.0000;0.0000;0;NULL;0.0105;-0.1373;0.3684;314.7790;334.1267;341.3792;Palm;NULL;e7fb662b-8755-4a6e-83bf-a1c391efb0ae;NULL;NULL;6;Embodied;3;Skew;OpenLoop;6;LineBisectionFirst;10;2;NULL;-0.5000;0.0000;2.0000;Exposure;0.8752;2026-05-21 13:32:10.0705;Hands;NULL;NULL;OpenXR
NULL;Right;NULL;28;Exposure;NULL;OppositeHandTrigger;3;2;0;1;0;0;-0.5000;0.0000;2.0000;NULL;Skew;anonymous;NULL;Mole Missed;PointerEvent;Participant;9255;e415d636-246b-4bb6-aecc-2216ac17849f;NULL;-0.0064;-0.0046;-0.0136;7.6068;0.6999;1.5249;0.1572;-0.6429;0.0656;2.0000;-0.6429;0.0656;2.0000;NULL;0;-0.1691;-0.5485;0.3355;9.5960;349.0290;3.0751;-0.1675;-0.5459;0.3271;8.7055;349.5692;3.0976;1;NULL;-0.1914;-0.5673;0.2392;357.5536;355.9115;107.3469;Palm;NULL;NULL;NULL;NULL;3;2;0;1;0;0;-0.5000;0.0000;2.0000;-2.1139;-1.8025;0.0435;0.0000;99.2339;0.0000;0.0000;0.0000;0.0000;0.0000;0.0000;0.0000;0;NULL;0.0105;-0.1373;0.3684;314.7790;334.1267;341.3792;Palm;NULL;e7fb662b-8755-4a6e-83bf-a1c391efb0ae;NULL;NULL;6;Embodied;3;Skew;OpenLoop;6;LineBisectionFirst;10;2;NULL;-0.5000;0.0000;2.0000;Exposure;0.0000;2026-05-21 13:32:10.0715;Hands;NULL;NULL;OpenXR
NULL;Right;NULL;NULL;Exposure;NULL;OppositeHandTrigger;1;0;0;-1;0;0;0.0000;0.0000;2.0000;NULL;Skew;anonymous;NULL;Mole Spawned;MoleEvent;Participant;9255;e415d636-246b-4bb6-aecc-2216ac17849f;NULL;-0.0064;-0.0046;-0.0136;7.6068;0.6999;1.5249;NULL;NULL;NULL;NULL;NULL;NULL;NULL;NULL;NULL;-0.1691;-0.5485;0.3355;9.5960;349.0290;3.0751;-0.1675;-0.5459;0.3271;8.7055;349.5692;3.0976;1;NULL;-0.1914;-0.5673;0.2392;357.5536;355.9115;107.3469;Palm;NULL;NULL;NULL;NULL;1;0;0;-1;0;0;0.0000;0.0000;2.0000;-2.1139;-1.8025;0.0435;0.0000;99.2339;0.0000;0.0000;0.0000;0.0000;0.0000;0.0000;0.0000;0;NULL;0.0105;-0.1373;0.3684;314.7790;334.1267;341.3792;Palm;NULL;e7fb662b-8755-4a6e-83bf-a1c391efb0ae;NULL;NULL;6;Embodied;3;Skew;OpenLoop;6;LineBisectionFirst;NULL;0;NULL;0.0000;0.0000;2.0000;Exposure;0.0000;2026-05-21 13:32:10.0736;Hands;NULL;NULL;OpenXR
NULL;Right;NULL;29;Exposure;NULL;OppositeHandTrigger;1;0;0;-1;0;0;0.0000;0.0000;2.0000;NULL;Skew;anonymous;NULL;Pointer Shoot;PointerEvent;Participant;9332;e415d636-246b-4bb6-aecc-2216ac17849f;NULL;-0.0024;-0.0051;-0.0116;7.8913;1.0730;1.2949;NULL;0.0048;-0.1147;2.0000;0.0048;-0.1147;2.0000;NULL;NULL;-0.1692;-0.5484;0.3355;9.5747;349.0196;3.1971;-0.1663;-0.5463;0.3281;8.9147;349.5504;2.9071;1;NULL;-0.1899;-0.5663;0.2386;356.6747;356.7899;106.8942;Palm;NULL;NULL;NULL;NULL;1;0;0;-1;0;0;0.0000;0.0000;2.0000;-2.1139;-1.8025;0.0435;0.0000;99.2339;0.0000;0.0000;0.0000;0.0000;0.0000;0.0000;0.0000;0;NULL;0.0946;-0.1501;0.4097;319.1647;350.5742;339.5827;Palm;NULL;e7fb662b-8755-4a6e-83bf-a1c391efb0ae;NULL;NULL;6;Embodied;3;Skew;OpenLoop;6;LineBisectionFirst;10;0;NULL;0.0000;0.0000;2.0000;Exposure;0.6414;2026-05-21 13:32:10.7118;Hands;NULL;NULL;OpenXR
NULL;Right;NULL;29;Exposure;NULL;OppositeHandTrigger;1;0;0;-1;0;0;0.0000;0.0000;2.0000;NULL;Skew;anonymous;NULL;Mole Missed;PointerEvent;Participant;9332;e415d636-246b-4bb6-aecc-2216ac17849f;NULL;-0.0024;-0.0051;-0.0116;7.8913;1.0730;1.2949;0.1148;0.0048;-0.1147;2.0000;0.0048;-0.1147;2.0000;NULL;0;-0.1692;-0.5484;0.3355;9.5747;349.0196;3.1971;-0.1663;-0.5463;0.3281;8.9147;349.5504;2.9071;1;NULL;-0.1899;-0.5663;0.2386;356.6747;356.7899;106.8942;Palm;NULL;NULL;NULL;NULL;1;0;0;-1;0;0;0.0000;0.0000;2.0000;-2.1139;-1.8025;0.0435;0.0000;99.2339;0.0000;0.0000;0.0000;0.0000;0.0000;0.0000;0.0000;0;NULL;0.0946;-0.1501;0.4097;319.1647;350.5742;339.5827;Palm;NULL;e7fb662b-8755-4a6e-83bf-a1c391efb0ae;NULL;NULL;6;Embodied;3;Skew;OpenLoop;6;LineBisectionFirst;10;0;NULL;0.0000;0.0000;2.0000;Exposure;0.0000;2026-05-21 13:32:10.7118;Hands;NULL;NULL;OpenXR
NULL;Right;NULL;NULL;Exposure;NULL;OppositeHandTrigger;3;2;0;1;0;0;-0.5000;0.0000;2.0000;NULL;Skew;anonymous;NULL;Mole Spawned;MoleEvent;Participant;9332;e415d636-246b-4bb6-aecc-2216ac17849f;NULL;-0.0024;-0.0051;-0.0116;7.8913;1.0730;1.2949;NULL;NULL;NULL;NULL;NULL;NULL;NULL;NULL;NULL;-0.1692;-0.5484;0.3355;9.5747;349.0196;3.1971;-0.1663;-0.5463;0.3281;8.9147;349.5504;2.9071;1;NULL;-0.1899;-0.5663;0.2386;356.6747;356.7899;106.8942;Palm;NULL;NULL;NULL;NULL;3;2;0;1;0;0;-0.5000;0.0000;2.0000;-2.1139;-1.8025;0.0435;0.0000;99.2339;0.0000;0.0000;0.0000;0.0000;0.0000;0.0000;0.0000;0;NULL;0.0946;-0.1501;0.4097;319.1647;350.5742;339.5827;Palm;NULL;e7fb662b-8755-4a6e-83bf-a1c391efb0ae;NULL;NULL;6;Embodied;3;Skew;OpenLoop;6;LineBisectionFirst;NULL;2;NULL;-0.5000;0.0000;2.0000;Exposure;0.0000;2026-05-21 13:32:10.7144;Hands;NULL;NULL;OpenXR
NULL;Right;NULL;30;Exposure;NULL;OppositeHandTrigger;3;2;0;1;0;0;-0.5000;0.0000;2.0000;NULL;Skew;anonymous;NULL;Pointer Shoot;PointerEvent;Participant;9448;e415d636-246b-4bb6-aecc-2216ac17849f;NULL;-0.0056;-0.0041;-0.0140;7.4750;0.7858;1.4790;NULL;-0.4615;0.0700;2.0000;-0.4615;0.0700;2.0000;NULL;NULL;-0.1695;-0.5485;0.3356;9.6963;348.9225;3.1605;-0.1679;-0.5470;0.3281;9.3990;349.2918;3.0950;1;NULL;-0.1895;-0.5642;0.2385;357.9068;355.4721;107.6859;Palm;NULL;NULL;NULL;NULL;3;2;0;1;0;0;-0.5000;0.0000;2.0000;-2.1139;-1.8025;0.0435;0.0000;99.2339;0.0000;0.0000;0.0000;0.0000;0.0000;0.0000;0.0000;0;NULL;0.0440;-0.1276;0.3601;311.6924;333.5338;344.6400;Palm;NULL;e7fb662b-8755-4a6e-83bf-a1c391efb0ae;NULL;NULL;6;Embodied;3;Skew;OpenLoop;6;LineBisectionFirst;10;2;NULL;-0.5000;0.0000;2.0000;Exposure;0.9665;2026-05-21 13:32:11.6777;Hands;NULL;NULL;OpenXR
NULL;Right;NULL;30;Exposure;NULL;OppositeHandTrigger;3;2;0;1;0;0;-0.5000;0.0000;2.0000;NULL;Skew;anonymous;NULL;Mole Hit;MoleEvent;Participant;9448;e415d636-246b-4bb6-aecc-2216ac17849f;NULL;-0.0056;-0.0041;-0.0140;7.4750;0.7858;1.4790;0.0799;-0.4615;0.0700;2.0000;-0.4615;0.0700;2.0000;NULL;1;-0.1695;-0.5485;0.3356;9.6963;348.9225;3.1605;-0.1679;-0.5470;0.3281;9.3990;349.2918;3.0950;1;NULL;-0.1895;-0.5642;0.2385;357.9068;355.4721;107.6859;Palm;NULL;NULL;NULL;NULL;3;2;0;1;0;0;-0.5000;0.0000;2.0000;-2.1139;-1.8025;0.0435;0.0000;99.2339;0.0000;0.0000;0.0000;0.0000;0.0000;0.0000;0.0000;0;NULL;0.0440;-0.1276;0.3601;311.6924;333.5338;344.6400;Palm;NULL;e7fb662b-8755-4a6e-83bf-a1c391efb0ae;NULL;NULL;6;Embodied;3;Skew;OpenLoop;6;LineBisectionFirst;10;2;NULL;-0.5000;0.0000;2.0000;Exposure;0.0000;2026-05-21 13:32:11.6794;Hands;NULL;NULL;OpenXR
NULL;Right;NULL;NULL;Exposure;NULL;OppositeHandTrigger;1;0;0;-1;0;0;0.0000;0.0000;2.0000;NULL;Skew;anonymous;NULL;Mole Spawned;MoleEvent;Participant;9448;e415d636-246b-4bb6-aecc-2216ac17849f;NULL;-0.0056;-0.0041;-0.0140;7.4750;0.7858;1.4790;NULL;NULL;NULL;NULL;NULL;NULL;NULL;NULL;NULL;-0.1695;-0.5485;0.3356;9.6963;348.9225;3.1605;-0.1679;-0.5470;0.3281;9.3990;349.2918;3.0950;1;NULL;-0.1895;-0.5642;0.2385;357.9068;355.4721;107.6859;Palm;NULL;NULL;NULL;NULL;1;0;0;-1;0;0;0.0000;0.0000;2.0000;-2.1139;-1.8025;0.0435;0.0000;99.2339;0.0000;0.0000;0.0000;0.0000;0.0000;0.0000;0.0000;0;NULL;0.0440;-0.1276;0.3601;311.6924;333.5338;344.6400;Palm;NULL;e7fb662b-8755-4a6e-83bf-a1c391efb0ae;NULL;NULL;6;Embodied;3;Skew;OpenLoop;6;LineBisectionFirst;NULL;0;NULL;0.0000;0.0000;2.0000;Exposure;0.0000;2026-05-21 13:32:11.6809;Hands;NULL;NULL;OpenXR
NULL;Right;NULL;31;Exposure;NULL;OppositeHandTrigger;1;0;0;-1;0;0;0.0000;0.0000;2.0000;NULL;Skew;anonymous;NULL;Pointer Shoot;PointerEvent;Participant;9538;e415d636-246b-4bb6-aecc-2216ac17849f;NULL;-0.0032;-0.0042;-0.0133;7.4959;1.1075;1.2540;NULL;0.1119;-0.1566;2.0000;0.1119;-0.1566;2.0000;NULL;NULL;-0.1694;-0.5485;0.3357;9.7187;349.0370;3.1949;-0.1676;-0.5467;0.3286;9.4265;349.3766;3.1177;1;NULL;-0.1891;-0.5647;0.2395;357.9492;355.5945;106.4332;Palm;NULL;NULL;NULL;NULL;1;0;0;-1;0;0;0.0000;0.0000;2.0000;-2.1139;-1.8025;0.0435;0.0000;99.2339;0.0000;0.0000;0.0000;0.0000;0.0000;0.0000;0.0000;0;NULL;0.1196;-0.1463;0.4112;316.8789;355.2590;336.7242;Palm;NULL;e7fb662b-8755-4a6e-83bf-a1c391efb0ae;NULL;NULL;6;Embodied;3;Skew;OpenLoop;6;LineBisectionFirst;11;0;NULL;0.0000;0.0000;2.0000;Exposure;0.7500;2026-05-21 13:32:12.4284;Hands;NULL;NULL;OpenXR
NULL;Right;NULL;31;Exposure;NULL;OppositeHandTrigger;1;0;0;-1;0;0;0.0000;0.0000;2.0000;NULL;Skew;anonymous;NULL;Mole Missed;PointerEvent;Participant;9538;e415d636-246b-4bb6-aecc-2216ac17849f;NULL;-0.0032;-0.0042;-0.0133;7.4959;1.1075;1.2540;0.1925;0.1119;-0.1566;2.0000;0.1119;-0.1566;2.0000;NULL;0;-0.1694;-0.5485;0.3357;9.7187;349.0370;3.1949;-0.1676;-0.5467;0.3286;9.4265;349.3766;3.1177;1;NULL;-0.1891;-0.5647;0.2395;357.9492;355.5945;106.4332;Palm;NULL;NULL;NULL;NULL;1;0;0;-1;0;0;0.0000;0.0000;2.0000;-2.1139;-1.8025;0.0435;0.0000;99.2339;0.0000;0.0000;0.0000;0.0000;0.0000;0.0000;0.0000;0;NULL;0.1196;-0.1463;0.4112;316.8789;355.2590;336.7242;Palm;NULL;e7fb662b-8755-4a6e-83bf-a1c391efb0ae;NULL;NULL;6;Embodied;3;Skew;OpenLoop;6;LineBisectionFirst;11;0;NULL;0.0000;0.0000;2.0000;Exposure;0.0000;2026-05-21 13:32:12.4289;Hands;NULL;NULL;OpenXR
NULL;Right;NULL;NULL;Exposure;NULL;OppositeHandTrigger;2;1;0;0;0;0;0.5000;0.0000;2.0000;NULL;Skew;anonymous;NULL;Mole Spawned;MoleEvent;Participant;9538;e415d636-246b-4bb6-aecc-2216ac17849f;NULL;-0.0032;-0.0042;-0.0133;7.4959;1.1075;1.2540;NULL;NULL;NULL;NULL;NULL;NULL;NULL;NULL;NULL;-0.1694;-0.5485;0.3357;9.7187;349.0370;3.1949;-0.1676;-0.5467;0.3286;9.4265;349.3766;3.1177;1;NULL;-0.1891;-0.5647;0.2395;357.9492;355.5945;106.4332;Palm;NULL;NULL;NULL;NULL;2;1;0;0;0;0;0.5000;0.0000;2.0000;-2.1139;-1.8025;0.0435;0.0000;99.2339;0.0000;0.0000;0.0000;0.0000;0.0000;0.0000;0.0000;0;NULL;0.1196;-0.1463;0.4112;316.8789;355.2590;336.7242;Palm;NULL;e7fb662b-8755-4a6e-83bf-a1c391efb0ae;NULL;NULL;6;Embodied;3;Skew;OpenLoop;6;LineBisectionFirst;NULL;1;NULL;0.5000;0.0000;2.0000;Exposure;0.0000;2026-05-21 13:32:12.4304;Hands;NULL;NULL;OpenXR
NULL;Right;NULL;32;Exposure;NULL;OppositeHandTrigger;2;1;0;0;0;0;0.5000;0.0000;2.0000;NULL;Skew;anonymous;NULL;Pointer Shoot;PointerEvent;Participant;9630;e415d636-246b-4bb6-aecc-2216ac17849f;NULL;-0.0008;-0.0039;-0.0129;7.3462;1.7637;1.1801;NULL;0.6725;-0.1593;2.0000;0.6725;-0.1593;2.0000;NULL;NULL;-0.1695;-0.5484;0.3358;9.7704;348.9867;3.2236;-0.1659;-0.5464;0.3287;9.1088;349.3625;2.8060;1;NULL;-0.1902;-0.5684;0.2411;356.8334;356.9119;106.5322;Palm;NULL;NULL;NULL;NULL;2;1;0;0;0;0;0.5000;0.0000;2.0000;-2.1139;-1.8025;0.0435;0.0000;99.2339;0.0000;0.0000;0.0000;0.0000;0.0000;0.0000;0.0000;0;NULL;0.2247;-0.1320;0.4379;322.4960;16.0984;330.3367;Palm;NULL;e7fb662b-8755-4a6e-83bf-a1c391efb0ae;NULL;NULL;6;Embodied;3;Skew;OpenLoop;6;LineBisectionFirst;11;1;NULL;0.5000;0.0000;2.0000;Exposure;0.7664;2026-05-21 13:32:13.1933;Hands;NULL;NULL;OpenXR
NULL;Right;NULL;32;Exposure;NULL;OppositeHandTrigger;2;1;0;0;0;0;0.5000;0.0000;2.0000;NULL;Skew;anonymous;NULL;Mole Missed;PointerEvent;Participant;9630;e415d636-246b-4bb6-aecc-2216ac17849f;NULL;-0.0008;-0.0039;-0.0129;7.3462;1.7637;1.1801;0.2348;0.6725;-0.1593;2.0000;0.6725;-0.1593;2.0000;NULL;0;-0.1695;-0.5484;0.3358;9.7704;348.9867;3.2236;-0.1659;-0.5464;0.3287;9.1088;349.3625;2.8060;1;NULL;-0.1902;-0.5684;0.2411;356.8334;356.9119;106.5322;Palm;NULL;NULL;NULL;NULL;2;1;0;0;0;0;0.5000;0.0000;2.0000;-2.1139;-1.8025;0.0435;0.0000;99.2339;0.0000;0.0000;0.0000;0.0000;0.0000;0.0000;0.0000;0;NULL;0.2247;-0.1320;0.4379;322.4960;16.0984;330.3367;Palm;NULL;e7fb662b-8755-4a6e-83bf-a1c391efb0ae;NULL;NULL;6;Embodied;3;Skew;OpenLoop;6;LineBisectionFirst;11;1;NULL;0.5000;0.0000;2.0000;Exposure;0.0000;2026-05-21 13:32:13.1954;Hands;NULL;NULL;OpenXR
NULL;Right;NULL;NULL;Exposure;NULL;OppositeHandTrigger;3;2;0;1;0;0;-0.5000;0.0000;2.0000;NULL;Skew;anonymous;NULL;Mole Spawned;MoleEvent;Participant;9630;e415d636-246b-4bb6-aecc-2216ac17849f;NULL;-0.0008;-0.0039;-0.0129;7.3462;1.7637;1.1801;NULL;NULL;NULL;NULL;NULL;NULL;NULL;NULL;NULL;-0.1695;-0.5484;0.3358;9.7704;348.9867;3.2236;-0.1659;-0.5464;0.3287;9.1088;349.3625;2.8060;1;NULL;-0.1902;-0.5684;0.2411;356.8334;356.9119;106.5322;Palm;NULL;NULL;NULL;NULL;3;2;0;1;0;0;-0.5000;0.0000;2.0000;-2.1139;-1.8025;0.0435;0.0000;99.2339;0.0000;0.0000;0.0000;0.0000;0.0000;0.0000;0.0000;0;NULL;0.2247;-0.1320;0.4379;322.4960;16.0984;330.3367;Palm;NULL;e7fb662b-8755-4a6e-83bf-a1c391efb0ae;NULL;NULL;6;Embodied;3;Skew;OpenLoop;6;LineBisectionFirst;NULL;2;NULL;-0.5000;0.0000;2.0000;Exposure;0.0000;2026-05-21 13:32:13.1969;Hands;NULL;NULL;OpenXR
NULL;Right;NULL;33;Exposure;NULL;OppositeHandTrigger;3;2;0;1;0;0;-0.5000;0.0000;2.0000;NULL;Skew;anonymous;NULL;Pointer Shoot;PointerEvent;Participant;9775;e415d636-246b-4bb6-aecc-2216ac17849f;NULL;-0.0080;-0.0039;-0.0145;7.2190;0.6501;1.8377;NULL;-0.6090;0.1504;2.0000;-0.6090;0.1504;2.0000;NULL;NULL;-0.1697;-0.5485;0.3358;9.7089;349.0027;3.3722;-0.1668;-0.5459;0.3276;8.6113;349.4922;3.3479;1;NULL;-0.1902;-0.5652;0.2382;356.8123;356.2075;107.6160;Palm;NULL;NULL;NULL;NULL;3;2;0;1;0;0;-0.5000;0.0000;2.0000;-2.1139;-1.8025;0.0435;0.0000;99.2339;0.0000;0.0000;0.0000;0.0000;0.0000;0.0000;0.0000;0;NULL;0.0121;-0.1321;0.3728;321.8701;329.4153;347.3162;Palm;NULL;e7fb662b-8755-4a6e-83bf-a1c391efb0ae;NULL;NULL;6;Embodied;3;Skew;OpenLoop;6;LineBisectionFirst;11;2;NULL;-0.5000;0.0000;2.0000;Exposure;1.2165;2026-05-21 13:32:14.4111;Hands;NULL;NULL;OpenXR
NULL;Right;NULL;33;Exposure;NULL;OppositeHandTrigger;3;2;0;1;0;0;-0.5000;0.0000;2.0000;NULL;Skew;anonymous;NULL;Mole Missed;PointerEvent;Participant;9775;e415d636-246b-4bb6-aecc-2216ac17849f;NULL;-0.0080;-0.0039;-0.0145;7.2190;0.6501;1.8377;0.1857;-0.6090;0.1504;2.0000;-0.6090;0.1504;2.0000;NULL;0;-0.1697;-0.5485;0.3358;9.7089;349.0027;3.3722;-0.1668;-0.5459;0.3276;8.6113;349.4922;3.3479;1;NULL;-0.1902;-0.5652;0.2382;356.8123;356.2075;107.6160;Palm;NULL;NULL;NULL;NULL;3;2;0;1;0;0;-0.5000;0.0000;2.0000;-2.1139;-1.8025;0.0435;0.0000;99.2339;0.0000;0.0000;0.0000;0.0000;0.0000;0.0000;0.0000;0;NULL;0.0121;-0.1321;0.3728;321.8701;329.4153;347.3162;Palm;NULL;e7fb662b-8755-4a6e-83bf-a1c391efb0ae;NULL;NULL;6;Embodied;3;Skew;OpenLoop;6;LineBisectionFirst;11;2;NULL;-0.5000;0.0000;2.0000;Exposure;0.0000;2026-05-21 13:32:14.4116;Hands;NULL;NULL;OpenXR
NULL;Right;NULL;NULL;Exposure;NULL;OppositeHandTrigger;2;1;0;0;0;0;0.5000;0.0000;2.0000;NULL;Skew;anonymous;NULL;Mole Spawned;MoleEvent;Participant;9775;e415d636-246b-4bb6-aecc-2216ac17849f;NULL;-0.0080;-0.0039;-0.0145;7.2190;0.6501;1.8377;NULL;NULL;NULL;NULL;NULL;NULL;NULL;NULL;NULL;-0.1697;-0.5485;0.3358;9.7089;349.0027;3.3722;-0.1668;-0.5459;0.3276;8.6113;349.4922;3.3479;1;NULL;-0.1902;-0.5652;0.2382;356.8123;356.2075;107.6160;Palm;NULL;NULL;NULL;NULL;2;1;0;0;0;0;0.5000;0.0000;2.0000;-2.1139;-1.8025;0.0435;0.0000;99.2339;0.0000;0.0000;0.0000;0.0000;0.0000;0.0000;0.0000;0;NULL;0.0121;-0.1321;0.3728;321.8701;329.4153;347.3162;Palm;NULL;e7fb662b-8755-4a6e-83bf-a1c391efb0ae;NULL;NULL;6;Embodied;3;Skew;OpenLoop;6;LineBisectionFirst;NULL;1;NULL;0.5000;0.0000;2.0000;Exposure;0.0000;2026-05-21 13:32:14.4131;Hands;NULL;NULL;OpenXR
NULL;Right;NULL;34;Exposure;NULL;OppositeHandTrigger;2;1;0;0;0;0;0.5000;0.0000;2.0000;NULL;Skew;anonymous;NULL;Pointer Shoot;PointerEvent;Participant;9922;e415d636-246b-4bb6-aecc-2216ac17849f;NULL;-0.0027;-0.0039;-0.0128;7.4463;1.3719;1.2379;NULL;0.4198;-0.0499;2.0000;0.4198;-0.0499;2.0000;NULL;NULL;-0.1697;-0.5482;0.3357;10.0450;349.0407;3.5488;-0.1674;-0.5463;0.3280;9.6695;349.4787;3.2271;1;NULL;-0.1901;-0.5655;0.2392;357.7416;357.8218;108.8007;Palm;NULL;NULL;NULL;NULL;2;1;0;0;0;0;0.5000;0.0000;2.0000;-2.1139;-1.8025;0.0435;0.0000;99.2339;0.0000;0.0000;0.0000;0.0000;0.0000;0.0000;0.0000;0;NULL;0.1763;-0.1448;0.4498;328.3213;358.9693;339.8230;Palm;NULL;e7fb662b-8755-4a6e-83bf-a1c391efb0ae;NULL;NULL;6;Embodied;3;Skew;OpenLoop;6;LineBisectionFirst;11;1;NULL;0.5000;0.0000;2.0000;Exposure;1.2246;2026-05-21 13:32:15.6355;Hands;NULL;NULL;OpenXR
NULL;Right;NULL;34;Exposure;NULL;OppositeHandTrigger;2;1;0;0;0;0;0.5000;0.0000;2.0000;NULL;Skew;anonymous;NULL;Mole Hit;MoleEvent;Participant;9922;e415d636-246b-4bb6-aecc-2216ac17849f;NULL;-0.0027;-0.0039;-0.0128;7.4463;1.3719;1.2379;0.0944;0.4198;-0.0499;2.0000;0.4198;-0.0499;2.0000;NULL;1;-0.1697;-0.5482;0.3357;10.0450;349.0407;3.5488;-0.1674;-0.5463;0.3280;9.6695;349.4787;3.2271;1;NULL;-0.1901;-0.5655;0.2392;357.7416;357.8218;108.8007;Palm;NULL;NULL;NULL;NULL;2;1;0;0;0;0;0.5000;0.0000;2.0000;-2.1139;-1.8025;0.0435;0.0000;99.2339;0.0000;0.0000;0.0000;0.0000;0.0000;0.0000;0.0000;0;NULL;0.1763;-0.1448;0.4498;328.3213;358.9693;339.8230;Palm;NULL;e7fb662b-8755-4a6e-83bf-a1c391efb0ae;NULL;NULL;6;Embodied;3;Skew;OpenLoop;6;LineBisectionFirst;11;1;NULL;0.5000;0.0000;2.0000;Exposure;0.0000;2026-05-21 13:32:15.6355;Hands;NULL;NULL;OpenXR
NULL;Right;NULL;NULL;Exposure;NULL;OppositeHandTrigger;3;2;0;1;0;0;-0.5000;0.0000;2.0000;NULL;Skew;anonymous;NULL;Mole Spawned;MoleEvent;Participant;9922;e415d636-246b-4bb6-aecc-2216ac17849f;NULL;-0.0027;-0.0039;-0.0128;7.4463;1.3719;1.2379;NULL;NULL;NULL;NULL;NULL;NULL;NULL;NULL;NULL;-0.1697;-0.5482;0.3357;10.0450;349.0407;3.5488;-0.1674;-0.5463;0.3280;9.6695;349.4787;3.2271;1;NULL;-0.1901;-0.5655;0.2392;357.7416;357.8218;108.8007;Palm;NULL;NULL;NULL;NULL;3;2;0;1;0;0;-0.5000;0.0000;2.0000;-2.1139;-1.8025;0.0435;0.0000;99.2339;0.0000;0.0000;0.0000;0.0000;0.0000;0.0000;0.0000;0;NULL;0.1763;-0.1448;0.4498;328.3213;358.9693;339.8230;Palm;NULL;e7fb662b-8755-4a6e-83bf-a1c391efb0ae;NULL;NULL;6;Embodied;3;Skew;OpenLoop;6;LineBisectionFirst;NULL;2;NULL;-0.5000;0.0000;2.0000;Exposure;0.0000;2026-05-21 13:32:15.6380;Hands;NULL;NULL;OpenXR
NULL;Right;NULL;35;Exposure;NULL;OppositeHandTrigger;3;2;0;1;0;0;-0.5000;0.0000;2.0000;NULL;Skew;anonymous;NULL;Pointer Shoot;PointerEvent;Participant;10030;e415d636-246b-4bb6-aecc-2216ac17849f;NULL;-0.0076;-0.0038;-0.0144;7.2771;0.7812;1.7221;NULL;-0.4813;0.0979;2.0000;-0.4813;0.0979;2.0000;NULL;NULL;-0.1699;-0.5483;0.3358;10.0775;348.9876;3.6302;-0.1684;-0.5464;0.3281;9.4674;349.4531;3.7240;1;NULL;-0.1912;-0.5667;0.2384;356.5523;357.0320;108.1925;Palm;NULL;NULL;NULL;NULL;3;2;0;1;0;0;-0.5000;0.0000;2.0000;-2.1139;-1.8025;0.0435;0.0000;99.2339;0.0000;0.0000;0.0000;0.0000;0.0000;0.0000;0.0000;0;NULL;0.0337;-0.1420;0.3812;323.2719;329.6310;348.7133;Palm;NULL;e7fb662b-8755-4a6e-83bf-a1c391efb0ae;NULL;NULL;6;Embodied;3;Skew;OpenLoop;6;LineBisectionFirst;12;2;NULL;-0.5000;0.0000;2.0000;Exposure;0.8996;2026-05-21 13:32:16.5343;Hands;NULL;NULL;OpenXR
NULL;Right;NULL;35;Exposure;NULL;OppositeHandTrigger;3;2;0;1;0;0;-0.5000;0.0000;2.0000;NULL;Skew;anonymous;NULL;Mole Hit;MoleEvent;Participant;10030;e415d636-246b-4bb6-aecc-2216ac17849f;NULL;-0.0076;-0.0038;-0.0144;7.2771;0.7812;1.7221;0.0997;-0.4813;0.0979;2.0000;-0.4813;0.0979;2.0000;NULL;1;-0.1699;-0.5483;0.3358;10.0775;348.9876;3.6302;-0.1684;-0.5464;0.3281;9.4674;349.4531;3.7240;1;NULL;-0.1912;-0.5667;0.2384;356.5523;357.0320;108.1925;Palm;NULL;NULL;NULL;NULL;3;2;0;1;0;0;-0.5000;0.0000;2.0000;-2.1139;-1.8025;0.0435;0.0000;99.2339;0.0000;0.0000;0.0000;0.0000;0.0000;0.0000;0.0000;0;NULL;0.0337;-0.1420;0.3812;323.2719;329.6310;348.7133;Palm;NULL;e7fb662b-8755-4a6e-83bf-a1c391efb0ae;NULL;NULL;6;Embodied;3;Skew;OpenLoop;6;LineBisectionFirst;12;2;NULL;-0.5000;0.0000;2.0000;Exposure;0.0000;2026-05-21 13:32:16.5358;Hands;NULL;NULL;OpenXR
NULL;Right;NULL;NULL;Exposure;NULL;OppositeHandTrigger;2;1;0;0;0;0;0.5000;0.0000;2.0000;NULL;Skew;anonymous;NULL;Mole Spawned;MoleEvent;Participant;10030;e415d636-246b-4bb6-aecc-2216ac17849f;NULL;-0.0076;-0.0038;-0.0144;7.2771;0.7812;1.7221;NULL;NULL;NULL;NULL;NULL;NULL;NULL;NULL;NULL;-0.1699;-0.5483;0.3358;10.0775;348.9876;3.6302;-0.1684;-0.5464;0.3281;9.4674;349.4531;3.7240;1;NULL;-0.1912;-0.5667;0.2384;356.5523;357.0320;108.1925;Palm;NULL;NULL;NULL;NULL;2;1;0;0;0;0;0.5000;0.0000;2.0000;-2.1139;-1.8025;0.0435;0.0000;99.2339;0.0000;0.0000;0.0000;0.0000;0.0000;0.0000;0.0000;0;NULL;0.0337;-0.1420;0.3812;323.2719;329.6310;348.7133;Palm;NULL;e7fb662b-8755-4a6e-83bf-a1c391efb0ae;NULL;NULL;6;Embodied;3;Skew;OpenLoop;6;LineBisectionFirst;NULL;1;NULL;0.5000;0.0000;2.0000;Exposure;0.0000;2026-05-21 13:32:16.5368;Hands;NULL;NULL;OpenXR
NULL;Right;NULL;36;Exposure;NULL;OppositeHandTrigger;2;1;0;0;0;0;0.5000;0.0000;2.0000;NULL;Skew;anonymous;NULL;Pointer Shoot;PointerEvent;Participant;10116;e415d636-246b-4bb6-aecc-2216ac17849f;NULL;-0.0032;-0.0040;-0.0127;7.4240;1.3675;1.3471;NULL;0.3433;-0.1445;2.0000;0.3433;-0.1445;2.0000;NULL;NULL;-0.1701;-0.5483;0.3359;10.0547;348.9336;3.7439;-0.1676;-0.5471;0.3291;9.7844;349.2211;3.4570;1;NULL;-0.1906;-0.5653;0.2405;357.9622;355.2291;109.7215;Palm;NULL;NULL;NULL;NULL;2;1;0;0;0;0;0.5000;0.0000;2.0000;-2.1139;-1.8025;0.0435;0.0000;99.2339;0.0000;0.0000;0.0000;0.0000;0.0000;0.0000;0.0000;0;NULL;0.1717;-0.1531;0.4582;330.3652;358.7434;339.6194;Palm;NULL;e7fb662b-8755-4a6e-83bf-a1c391efb0ae;NULL;NULL;6;Embodied;3;Skew;OpenLoop;6;LineBisectionFirst;13;1;NULL;0.5000;0.0000;2.0000;Exposure;0.7165;2026-05-21 13:32:17.2517;Hands;NULL;NULL;OpenXR
NULL;Right;NULL;36;Exposure;NULL;OppositeHandTrigger;2;1;0;0;0;0;0.5000;0.0000;2.0000;NULL;Skew;anonymous;NULL;Mole Missed;PointerEvent;Participant;10116;e415d636-246b-4bb6-aecc-2216ac17849f;NULL;-0.0032;-0.0040;-0.0127;7.4240;1.3675;1.3471;0.2131;0.3433;-0.1445;2.0000;0.3433;-0.1445;2.0000;NULL;0;-0.1701;-0.5483;0.3359;10.0547;348.9336;3.7439;-0.1676;-0.5471;0.3291;9.7844;349.2211;3.4570;1;NULL;-0.1906;-0.5653;0.2405;357.9622;355.2291;109.7215;Palm;NULL;NULL;NULL;NULL;2;1;0;0;0;0;0.5000;0.0000;2.0000;-2.1139;-1.8025;0.0435;0.0000;99.2339;0.0000;0.0000;0.0000;0.0000;0.0000;0.0000;0.0000;0;NULL;0.1717;-0.1531;0.4582;330.3652;358.7434;339.6194;Palm;NULL;e7fb662b-8755-4a6e-83bf-a1c391efb0ae;NULL;NULL;6;Embodied;3;Skew;OpenLoop;6;LineBisectionFirst;13;1;NULL;0.5000;0.0000;2.0000;Exposure;0.0000;2026-05-21 13:32:17.2532;Hands;NULL;NULL;OpenXR
NULL;Right;NULL;NULL;Exposure;NULL;OppositeHandTrigger;1;0;0;-1;0;0;0.0000;0.0000;2.0000;NULL;Skew;anonymous;NULL;Mole Spawned;MoleEvent;Participant;10116;e415d636-246b-4bb6-aecc-2216ac17849f;NULL;-0.0032;-0.0040;-0.0127;7.4240;1.3675;1.3471;NULL;NULL;NULL;NULL;NULL;NULL;NULL;NULL;NULL;-0.1701;-0.5483;0.3359;10.0547;348.9336;3.7439;-0.1676;-0.5471;0.3291;9.7844;349.2211;3.4570;1;NULL;-0.1906;-0.5653;0.2405;357.9622;355.2291;109.7215;Palm;NULL;NULL;NULL;NULL;1;0;0;-1;0;0;0.0000;0.0000;2.0000;-2.1139;-1.8025;0.0435;0.0000;99.2339;0.0000;0.0000;0.0000;0.0000;0.0000;0.0000;0.0000;0;NULL;0.1717;-0.1531;0.4582;330.3652;358.7434;339.6194;Palm;NULL;e7fb662b-8755-4a6e-83bf-a1c391efb0ae;NULL;NULL;6;Embodied;3;Skew;OpenLoop;6;LineBisectionFirst;NULL;0;NULL;0.0000;0.0000;2.0000;Exposure;0.0000;2026-05-21 13:32:17.2542;Hands;NULL;NULL;OpenXR
NULL;Right;NULL;37;Exposure;NULL;OppositeHandTrigger;1;0;0;-1;0;0;0.0000;0.0000;2.0000;NULL;Skew;anonymous;NULL;Pointer Shoot;PointerEvent;Participant;10280;e415d636-246b-4bb6-aecc-2216ac17849f;NULL;-0.0052;-0.0039;-0.0131;7.4274;1.0712;1.4638;NULL;0.0145;-0.0450;2.0000;0.0145;-0.0450;2.0000;NULL;NULL;-0.1704;-0.5485;0.3359;10.1431;348.8951;3.7788;-0.1681;-0.5466;0.3280;9.2911;349.4693;3.7065;1;NULL;-0.1895;-0.5636;0.2388;357.2769;356.8978;107.9925;Palm;NULL;NULL;NULL;NULL;1;0;0;-1;0;0;0.0000;0.0000;2.0000;-2.1139;-1.8025;0.0435;0.0000;99.2339;0.0000;0.0000;0.0000;0.0000;0.0000;0.0000;0.0000;0;NULL;0.1114;-0.1478;0.4212;326.0753;349.8314;338.7039;Palm;NULL;e7fb662b-8755-4a6e-83bf-a1c391efb0ae;NULL;NULL;6;Embodied;3;Skew;OpenLoop;6;LineBisectionFirst;13;0;NULL;0.0000;0.0000;2.0000;Exposure;1.3664;2026-05-21 13:32:18.6173;Hands;NULL;NULL;OpenXR
NULL;Right;NULL;37;Exposure;NULL;OppositeHandTrigger;1;0;0;-1;0;0;0.0000;0.0000;2.0000;NULL;Skew;anonymous;NULL;Mole Hit;MoleEvent;Participant;10280;e415d636-246b-4bb6-aecc-2216ac17849f;NULL;-0.0052;-0.0039;-0.0131;7.4274;1.0712;1.4638;0.0473;0.0145;-0.0450;2.0000;0.0145;-0.0450;2.0000;NULL;1;-0.1704;-0.5485;0.3359;10.1431;348.8951;3.7788;-0.1681;-0.5466;0.3280;9.2911;349.4693;3.7065;1;NULL;-0.1895;-0.5636;0.2388;357.2769;356.8978;107.9925;Palm;NULL;NULL;NULL;NULL;1;0;0;-1;0;0;0.0000;0.0000;2.0000;-2.1139;-1.8025;0.0435;0.0000;99.2339;0.0000;0.0000;0.0000;0.0000;0.0000;0.0000;0.0000;0;NULL;0.1114;-0.1478;0.4212;326.0753;349.8314;338.7039;Palm;NULL;e7fb662b-8755-4a6e-83bf-a1c391efb0ae;NULL;NULL;6;Embodied;3;Skew;OpenLoop;6;LineBisectionFirst;13;0;NULL;0.0000;0.0000;2.0000;Exposure;0.0000;2026-05-21 13:32:18.6188;Hands;NULL;NULL;OpenXR
NULL;Right;NULL;NULL;Exposure;NULL;OppositeHandTrigger;2;1;0;0;0;0;0.5000;0.0000;2.0000;NULL;Skew;anonymous;NULL;Mole Spawned;MoleEvent;Participant;10280;e415d636-246b-4bb6-aecc-2216ac17849f;NULL;-0.0052;-0.0039;-0.0131;7.4274;1.0712;1.4638;NULL;NULL;NULL;NULL;NULL;NULL;NULL;NULL;NULL;-0.1704;-0.5485;0.3359;10.1431;348.8951;3.7788;-0.1681;-0.5466;0.3280;9.2911;349.4693;3.7065;1;NULL;-0.1895;-0.5636;0.2388;357.2769;356.8978;107.9925;Palm;NULL;NULL;NULL;NULL;2;1;0;0;0;0;0.5000;0.0000;2.0000;-2.1139;-1.8025;0.0435;0.0000;99.2339;0.0000;0.0000;0.0000;0.0000;0.0000;0.0000;0.0000;0;NULL;0.1114;-0.1478;0.4212;326.0753;349.8314;338.7039;Palm;NULL;e7fb662b-8755-4a6e-83bf-a1c391efb0ae;NULL;NULL;6;Embodied;3;Skew;OpenLoop;6;LineBisectionFirst;NULL;1;NULL;0.5000;0.0000;2.0000;Exposure;0.0000;2026-05-21 13:32:18.6199;Hands;NULL;NULL;OpenXR
NULL;Right;NULL;38;Exposure;NULL;OppositeHandTrigger;2;1;0;0;0;0;0.5000;0.0000;2.0000;NULL;Skew;anonymous;NULL;Pointer Shoot;PointerEvent;Participant;10401;e415d636-246b-4bb6-aecc-2216ac17849f;NULL;-0.0041;-0.0042;-0.0127;7.5378;1.2629;1.3639;NULL;0.5830;-0.1154;2.0000;0.5830;-0.1154;2.0000;NULL;NULL;-0.1705;-0.5486;0.3360;10.1627;348.8942;3.8176;-0.1676;-0.5469;0.3284;9.5824;349.4335;3.4670;1;NULL;-0.1907;-0.5651;0.2402;357.0940;355.8623;109.5424;Palm;NULL;NULL;NULL;NULL;2;1;0;0;0;0;0.5000;0.0000;2.0000;-2.1139;-1.8025;0.0435;0.0000;99.2339;0.0000;0.0000;0.0000;0.0000;0.0000;0.0000;0.0000;0;NULL;0.2062;-0.1449;0.4610;329.2162;7.8253;338.4339;Palm;NULL;e7fb662b-8755-4a6e-83bf-a1c391efb0ae;NULL;NULL;6;Embodied;3;Skew;OpenLoop;6;LineBisectionFirst;14;1;NULL;0.5000;0.0000;2.0000;Exposure;1.0083;2026-05-21 13:32:19.6265;Hands;NULL;NULL;OpenXR
NULL;Right;NULL;38;Exposure;NULL;OppositeHandTrigger;2;1;0;0;0;0;0.5000;0.0000;2.0000;NULL;Skew;anonymous;NULL;Mole Missed;PointerEvent;Participant;10401;e415d636-246b-4bb6-aecc-2216ac17849f;NULL;-0.0041;-0.0042;-0.0127;7.5378;1.2629;1.3639;0.1421;0.5830;-0.1154;2.0000;0.5830;-0.1154;2.0000;NULL;0;-0.1705;-0.5486;0.3360;10.1627;348.8942;3.8176;-0.1676;-0.5469;0.3284;9.5824;349.4335;3.4670;1;NULL;-0.1907;-0.5651;0.2402;357.0940;355.8623;109.5424;Palm;NULL;NULL;NULL;NULL;2;1;0;0;0;0;0.5000;0.0000;2.0000;-2.1139;-1.8025;0.0435;0.0000;99.2339;0.0000;0.0000;0.0000;0.0000;0.0000;0.0000;0.0000;0;NULL;0.2062;-0.1449;0.4610;329.2162;7.8253;338.4339;Palm;NULL;e7fb662b-8755-4a6e-83bf-a1c391efb0ae;NULL;NULL;6;Embodied;3;Skew;OpenLoop;6;LineBisectionFirst;14;1;NULL;0.5000;0.0000;2.0000;Exposure;0.0000;2026-05-21 13:32:19.6275;Hands;NULL;NULL;OpenXR
NULL;Right;NULL;NULL;Exposure;NULL;OppositeHandTrigger;1;0;0;-1;0;0;0.0000;0.0000;2.0000;NULL;Skew;anonymous;NULL;Mole Spawned;MoleEvent;Participant;10401;e415d636-246b-4bb6-aecc-2216ac17849f;NULL;-0.0041;-0.0042;-0.0127;7.5378;1.2629;1.3639;NULL;NULL;NULL;NULL;NULL;NULL;NULL;NULL;NULL;-0.1705;-0.5486;0.3360;10.1627;348.8942;3.8176;-0.1676;-0.5469;0.3284;9.5824;349.4335;3.4670;1;NULL;-0.1907;-0.5651;0.2402;357.0940;355.8623;109.5424;Palm;NULL;NULL;NULL;NULL;1;0;0;-1;0;0;0.0000;0.0000;2.0000;-2.1139;-1.8025;0.0435;0.0000;99.2339;0.0000;0.0000;0.0000;0.0000;0.0000;0.0000;0.0000;0;NULL;0.2062;-0.1449;0.4610;329.2162;7.8253;338.4339;Palm;NULL;e7fb662b-8755-4a6e-83bf-a1c391efb0ae;NULL;NULL;6;Embodied;3;Skew;OpenLoop;6;LineBisectionFirst;NULL;0;NULL;0.0000;0.0000;2.0000;Exposure;0.0000;2026-05-21 13:32:19.6280;Hands;NULL;NULL;OpenXR
NULL;Right;NULL;39;Exposure;NULL;OppositeHandTrigger;1;0;0;-1;0;0;0.0000;0.0000;2.0000;NULL;Skew;anonymous;NULL;Pointer Shoot;PointerEvent;Participant;10518;e415d636-246b-4bb6-aecc-2216ac17849f;NULL;-0.0066;-0.0041;-0.0134;7.4392;0.8714;1.5861;NULL;-0.2056;0.0201;2.0000;-0.2056;0.0201;2.0000;NULL;NULL;-0.1704;-0.5483;0.3358;10.1205;348.8308;3.7524;-0.1686;-0.5458;0.3278;9.6033;349.2058;3.7543;1;NULL;-0.1914;-0.5668;0.2392;356.9330;356.5692;109.2942;Palm;NULL;NULL;NULL;NULL;1;0;0;-1;0;0;0.0000;0.0000;2.0000;-2.1139;-1.8025;0.0435;0.0000;99.2339;0.0000;0.0000;0.0000;0.0000;0.0000;0.0000;0.0000;0;NULL;0.0935;-0.1446;0.4034;320.5778;340.9508;346.7306;Palm;NULL;e7fb662b-8755-4a6e-83bf-a1c391efb0ae;NULL;NULL;6;Embodied;3;Skew;OpenLoop;6;LineBisectionFirst;14;0;NULL;0.0000;0.0000;2.0000;Exposure;0.9745;2026-05-21 13:32:20.6002;Hands;NULL;NULL;OpenXR
NULL;Right;NULL;39;Exposure;NULL;OppositeHandTrigger;1;0;0;-1;0;0;0.0000;0.0000;2.0000;NULL;Skew;anonymous;NULL;Mole Missed;PointerEvent;Participant;10518;e415d636-246b-4bb6-aecc-2216ac17849f;NULL;-0.0066;-0.0041;-0.0134;7.4392;0.8714;1.5861;0.2066;-0.2056;0.0201;2.0000;-0.2056;0.0201;2.0000;NULL;0;-0.1704;-0.5483;0.3358;10.1205;348.8308;3.7524;-0.1686;-0.5458;0.3278;9.6033;349.2058;3.7543;1;NULL;-0.1914;-0.5668;0.2392;356.9330;356.5692;109.2942;Palm;NULL;NULL;NULL;NULL;1;0;0;-1;0;0;0.0000;0.0000;2.0000;-2.1139;-1.8025;0.0435;0.0000;99.2339;0.0000;0.0000;0.0000;0.0000;0.0000;0.0000;0.0000;0;NULL;0.0935;-0.1446;0.4034;320.5778;340.9508;346.7306;Palm;NULL;e7fb662b-8755-4a6e-83bf-a1c391efb0ae;NULL;NULL;6;Embodied;3;Skew;OpenLoop;6;LineBisectionFirst;14;0;NULL;0.0000;0.0000;2.0000;Exposure;0.0000;2026-05-21 13:32:20.6017;Hands;NULL;NULL;OpenXR
NULL;Right;NULL;NULL;Exposure;NULL;OppositeHandTrigger;3;2;0;1;0;0;-0.5000;0.0000;2.0000;NULL;Skew;anonymous;NULL;Mole Spawned;MoleEvent;Participant;10518;e415d636-246b-4bb6-aecc-2216ac17849f;NULL;-0.0066;-0.0041;-0.0134;7.4392;0.8714;1.5861;NULL;NULL;NULL;NULL;NULL;NULL;NULL;NULL;NULL;-0.1704;-0.5483;0.3358;10.1205;348.8308;3.7524;-0.1686;-0.5458;0.3278;9.6033;349.2058;3.7543;1;NULL;-0.1914;-0.5668;0.2392;356.9330;356.5692;109.2942;Palm;NULL;NULL;NULL;NULL;3;2;0;1;0;0;-0.5000;0.0000;2.0000;-2.1139;-1.8025;0.0435;0.0000;99.2339;0.0000;0.0000;0.0000;0.0000;0.0000;0.0000;0.0000;0;NULL;0.0935;-0.1446;0.4034;320.5778;340.9508;346.7306;Palm;NULL;e7fb662b-8755-4a6e-83bf-a1c391efb0ae;NULL;NULL;6;Embodied;3;Skew;OpenLoop;6;LineBisectionFirst;NULL;2;NULL;-0.5000;0.0000;2.0000;Exposure;0.0000;2026-05-21 13:32:20.6032;Hands;NULL;NULL;OpenXR
NULL;Right;NULL;40;Exposure;NULL;OppositeHandTrigger;3;2;0;1;0;0;-0.5000;0.0000;2.0000;NULL;Skew;anonymous;NULL;Pointer Shoot;PointerEvent;Participant;10621;e415d636-246b-4bb6-aecc-2216ac17849f;NULL;-0.0056;-0.0041;-0.0141;7.4638;0.9679;1.4453;NULL;-0.3153;-0.0592;2.0000;-0.3153;-0.0592;2.0000;NULL;NULL;-0.1704;-0.5483;0.3357;10.1633;348.8062;3.7786;-0.1690;-0.5464;0.3276;9.7003;349.2680;3.8498;1;NULL;-0.1910;-0.5675;0.2393;357.5092;357.2025;109.7036;Palm;NULL;NULL;NULL;NULL;3;2;0;1;0;0;-0.5000;0.0000;2.0000;-2.1139;-1.8025;0.0435;0.0000;99.2339;0.0000;0.0000;0.0000;0.0000;0.0000;0.0000;0.0000;0;NULL;0.0693;-0.1462;0.3714;320.9029;335.6295;349.1588;Palm;NULL;e7fb662b-8755-4a6e-83bf-a1c391efb0ae;NULL;NULL;6;Embodied;3;Skew;OpenLoop;6;LineBisectionFirst;14;2;NULL;-0.5000;0.0000;2.0000;Exposure;0.8681;2026-05-21 13:32:21.4686;Hands;NULL;NULL;OpenXR
NULL;Right;NULL;40;Exposure;NULL;OppositeHandTrigger;3;2;0;1;0;0;-0.5000;0.0000;2.0000;NULL;Skew;anonymous;NULL;Mole Missed;PointerEvent;Participant;10621;e415d636-246b-4bb6-aecc-2216ac17849f;NULL;-0.0056;-0.0041;-0.0141;7.4638;0.9679;1.4453;0.1940;-0.3153;-0.0592;2.0000;-0.3153;-0.0592;2.0000;NULL;0;-0.1704;-0.5483;0.3357;10.1633;348.8062;3.7786;-0.1690;-0.5464;0.3276;9.7003;349.2680;3.8498;1;NULL;-0.1910;-0.5675;0.2393;357.5092;357.2025;109.7036;Palm;NULL;NULL;NULL;NULL;3;2;0;1;0;0;-0.5000;0.0000;2.0000;-2.1139;-1.8025;0.0435;0.0000;99.2339;0.0000;0.0000;0.0000;0.0000;0.0000;0.0000;0.0000;0;NULL;0.0693;-0.1462;0.3714;320.9029;335.6295;349.1588;Palm;NULL;e7fb662b-8755-4a6e-83bf-a1c391efb0ae;NULL;NULL;6;Embodied;3;Skew;OpenLoop;6;LineBisectionFirst;14;2;NULL;-0.5000;0.0000;2.0000;Exposure;0.0000;2026-05-21 13:32:21.4701;Hands;NULL;NULL;OpenXR
NULL;Right;NULL;NULL;Exposure;NULL;OppositeHandTrigger;1;0;0;-1;0;0;0.0000;0.0000;2.0000;NULL;Skew;anonymous;NULL;Mole Spawned;MoleEvent;Participant;10621;e415d636-246b-4bb6-aecc-2216ac17849f;NULL;-0.0056;-0.0041;-0.0141;7.4638;0.9679;1.4453;NULL;NULL;NULL;NULL;NULL;NULL;NULL;NULL;NULL;-0.1704;-0.5483;0.3357;10.1633;348.8062;3.7786;-0.1690;-0.5464;0.3276;9.7003;349.2680;3.8498;1;NULL;-0.1910;-0.5675;0.2393;357.5092;357.2025;109.7036;Palm;NULL;NULL;NULL;NULL;1;0;0;-1;0;0;0.0000;0.0000;2.0000;-2.1139;-1.8025;0.0435;0.0000;99.2339;0.0000;0.0000;0.0000;0.0000;0.0000;0.0000;0.0000;0;NULL;0.0693;-0.1462;0.3714;320.9029;335.6295;349.1588;Palm;NULL;e7fb662b-8755-4a6e-83bf-a1c391efb0ae;NULL;NULL;6;Embodied;3;Skew;OpenLoop;6;LineBisectionFirst;NULL;0;NULL;0.0000;0.0000;2.0000;Exposure;0.0000;2026-05-21 13:32:21.4716;Hands;NULL;NULL;OpenXR
NULL;Right;NULL;41;Exposure;NULL;OppositeHandTrigger;1;0;0;-1;0;0;0.0000;0.0000;2.0000;NULL;Skew;anonymous;NULL;Pointer Shoot;PointerEvent;Participant;10733;e415d636-246b-4bb6-aecc-2216ac17849f;NULL;-0.0035;-0.0044;-0.0130;7.5471;1.1328;1.2595;NULL;0.0620;-0.1182;2.0000;0.0620;-0.1182;2.0000;NULL;NULL;-0.1706;-0.5486;0.3359;10.1658;348.7780;3.7513;-0.1685;-0.5476;0.3290;9.5166;349.3559;3.5569;1;NULL;-0.1900;-0.5633;0.2404;357.6918;355.3160;110.3510;Palm;NULL;NULL;NULL;NULL;1;0;0;-1;0;0;0.0000;0.0000;2.0000;-2.1139;-1.8025;0.0435;0.0000;99.2339;0.0000;0.0000;0.0000;0.0000;0.0000;0.0000;0.0000;0;NULL;0.1243;-0.1480;0.4146;323.4942;349.8463;341.3544;Palm;NULL;e7fb662b-8755-4a6e-83bf-a1c391efb0ae;NULL;NULL;6;Embodied;3;Skew;OpenLoop;6;LineBisectionFirst;14;0;NULL;0.0000;0.0000;2.0000;Exposure;0.9386;2026-05-21 13:32:22.4065;Hands;NULL;NULL;OpenXR
NULL;Right;NULL;41;Exposure;NULL;OppositeHandTrigger;1;0;0;-1;0;0;0.0000;0.0000;2.0000;NULL;Skew;anonymous;NULL;Mole Missed;PointerEvent;Participant;10733;e415d636-246b-4bb6-aecc-2216ac17849f;NULL;-0.0035;-0.0044;-0.0130;7.5471;1.1328;1.2595;0.1335;0.0620;-0.1182;2.0000;0.0620;-0.1182;2.0000;NULL;0;-0.1706;-0.5486;0.3359;10.1658;348.7780;3.7513;-0.1685;-0.5476;0.3290;9.5166;349.3559;3.5569;1;NULL;-0.1900;-0.5633;0.2404;357.6918;355.3160;110.3510;Palm;NULL;NULL;NULL;NULL;1;0;0;-1;0;0;0.0000;0.0000;2.0000;-2.1139;-1.8025;0.0435;0.0000;99.2339;0.0000;0.0000;0.0000;0.0000;0.0000;0.0000;0.0000;0;NULL;0.1243;-0.1480;0.4146;323.4942;349.8463;341.3544;Palm;NULL;e7fb662b-8755-4a6e-83bf-a1c391efb0ae;NULL;NULL;6;Embodied;3;Skew;OpenLoop;6;LineBisectionFirst;14;0;NULL;0.0000;0.0000;2.0000;Exposure;0.0000;2026-05-21 13:32:22.4085;Hands;NULL;NULL;OpenXR
NULL;Right;NULL;NULL;Exposure;NULL;OppositeHandTrigger;2;1;0;0;0;0;0.5000;0.0000;2.0000;NULL;Skew;anonymous;NULL;Mole Spawned;MoleEvent;Participant;10733;e415d636-246b-4bb6-aecc-2216ac17849f;NULL;-0.0035;-0.0044;-0.0130;7.5471;1.1328;1.2595;NULL;NULL;NULL;NULL;NULL;NULL;NULL;NULL;NULL;-0.1706;-0.5486;0.3359;10.1658;348.7780;3.7513;-0.1685;-0.5476;0.3290;9.5166;349.3559;3.5569;1;NULL;-0.1900;-0.5633;0.2404;357.6918;355.3160;110.3510;Palm;NULL;NULL;NULL;NULL;2;1;0;0;0;0;0.5000;0.0000;2.0000;-2.1139;-1.8025;0.0435;0.0000;99.2339;0.0000;0.0000;0.0000;0.0000;0.0000;0.0000;0.0000;0;NULL;0.1243;-0.1480;0.4146;323.4942;349.8463;341.3544;Palm;NULL;e7fb662b-8755-4a6e-83bf-a1c391efb0ae;NULL;NULL;6;Embodied;3;Skew;OpenLoop;6;LineBisectionFirst;NULL;1;NULL;0.5000;0.0000;2.0000;Exposure;0.0000;2026-05-21 13:32:22.4091;Hands;NULL;NULL;OpenXR
NULL;Right;NULL;42;Exposure;NULL;OppositeHandTrigger;2;1;0;0;0;0;0.5000;0.0000;2.0000;NULL;Skew;anonymous;NULL;Pointer Shoot;PointerEvent;Participant;10858;e415d636-246b-4bb6-aecc-2216ac17849f;NULL;-0.0023;-0.0041;-0.0126;7.4395;1.3936;1.1718;NULL;0.5724;-0.1125;2.0000;0.5724;-0.1125;2.0000;NULL;NULL;-0.1709;-0.5489;0.3361;10.2388;348.7476;3.6501;-0.1682;-0.5474;0.3290;10.0551;349.1279;3.2384;1;NULL;-0.1906;-0.5628;0.2399;355.9019;355.7375;108.2872;Palm;NULL;NULL;NULL;NULL;2;1;0;0;0;0;0.5000;0.0000;2.0000;-2.1139;-1.8025;0.0435;0.0000;99.2339;0.0000;0.0000;0.0000;0.0000;0.0000;0.0000;0.0000;0;NULL;0.2075;-0.1415;0.4517;327.1205;7.3088;339.0459;Palm;NULL;e7fb662b-8755-4a6e-83bf-a1c391efb0ae;NULL;NULL;6;Embodied;3;Skew;OpenLoop;6;LineBisectionFirst;14;1;NULL;0.5000;0.0000;2.0000;Exposure;1.0419;2026-05-21 13:32:23.4489;Hands;NULL;NULL;OpenXR
NULL;Right;NULL;42;Exposure;NULL;OppositeHandTrigger;2;1;0;0;0;0;0.5000;0.0000;2.0000;NULL;Skew;anonymous;NULL;Mole Missed;PointerEvent;Participant;10858;e415d636-246b-4bb6-aecc-2216ac17849f;NULL;-0.0023;-0.0041;-0.0126;7.4395;1.3936;1.1718;0.1337;0.5724;-0.1125;2.0000;0.5724;-0.1125;2.0000;NULL;0;-0.1709;-0.5489;0.3361;10.2388;348.7476;3.6501;-0.1682;-0.5474;0.3290;10.0551;349.1279;3.2384;1;NULL;-0.1906;-0.5628;0.2399;355.9019;355.7375;108.2872;Palm;NULL;NULL;NULL;NULL;2;1;0;0;0;0;0.5000;0.0000;2.0000;-2.1139;-1.8025;0.0435;0.0000;99.2339;0.0000;0.0000;0.0000;0.0000;0.0000;0.0000;0.0000;0;NULL;0.2075;-0.1415;0.4517;327.1205;7.3088;339.0459;Palm;NULL;e7fb662b-8755-4a6e-83bf-a1c391efb0ae;NULL;NULL;6;Embodied;3;Skew;OpenLoop;6;LineBisectionFirst;14;1;NULL;0.5000;0.0000;2.0000;Exposure;0.0000;2026-05-21 13:32:23.4509;Hands;NULL;NULL;OpenXR
NULL;Right;NULL;NULL;Exposure;NULL;OppositeHandTrigger;1;0;0;-1;0;0;0.0000;0.0000;2.0000;NULL;Skew;anonymous;NULL;Mole Spawned;MoleEvent;Participant;10858;e415d636-246b-4bb6-aecc-2216ac17849f;NULL;-0.0023;-0.0041;-0.0126;7.4395;1.3936;1.1718;NULL;NULL;NULL;NULL;NULL;NULL;NULL;NULL;NULL;-0.1709;-0.5489;0.3361;10.2388;348.7476;3.6501;-0.1682;-0.5474;0.3290;10.0551;349.1279;3.2384;1;NULL;-0.1906;-0.5628;0.2399;355.9019;355.7375;108.2872;Palm;NULL;NULL;NULL;NULL;1;0;0;-1;0;0;0.0000;0.0000;2.0000;-2.1139;-1.8025;0.0435;0.0000;99.2339;0.0000;0.0000;0.0000;0.0000;0.0000;0.0000;0.0000;0;NULL;0.2075;-0.1415;0.4517;327.1205;7.3088;339.0459;Palm;NULL;e7fb662b-8755-4a6e-83bf-a1c391efb0ae;NULL;NULL;6;Embodied;3;Skew;OpenLoop;6;LineBisectionFirst;NULL;0;NULL;0.0000;0.0000;2.0000;Exposure;0.0000;2026-05-21 13:32:23.4525;Hands;NULL;NULL;OpenXR
NULL;Right;NULL;43;Exposure;NULL;OppositeHandTrigger;1;0;0;-1;0;0;0.0000;0.0000;2.0000;NULL;Skew;anonymous;NULL;Pointer Shoot;PointerEvent;Participant;11059;e415d636-246b-4bb6-aecc-2216ac17849f;NULL;-0.0066;-0.0042;-0.0141;7.3358;1.0065;1.6038;NULL;-0.2214;0.0374;2.0000;-0.2214;0.0374;2.0000;NULL;NULL;-0.1712;-0.5491;0.3364;10.3798;348.7660;3.8895;-0.1698;-0.5476;0.3292;9.7955;348.9379;3.7029;1;NULL;-0.1915;-0.5660;0.2400;355.1507;356.3792;108.1596;Palm;NULL;NULL;NULL;NULL;1;0;0;-1;0;0;0.0000;0.0000;2.0000;-2.1139;-1.8025;0.0435;0.0000;99.2339;0.0000;0.0000;0.0000;0.0000;0.0000;0.0000;0.0000;0;NULL;0.0729;-0.1533;0.3859;320.0298;339.4924;346.6513;Palm;NULL;e7fb662b-8755-4a6e-83bf-a1c391efb0ae;NULL;NULL;6;Embodied;3;Skew;OpenLoop;6;LineBisectionFirst;14;0;NULL;0.0000;0.0000;2.0000;Exposure;1.6748;2026-05-21 13:32:25.1233;Hands;NULL;NULL;OpenXR
NULL;Right;NULL;43;Exposure;NULL;OppositeHandTrigger;1;0;0;-1;0;0;0.0000;0.0000;2.0000;NULL;Skew;anonymous;NULL;Mole Missed;PointerEvent;Participant;11059;e415d636-246b-4bb6-aecc-2216ac17849f;NULL;-0.0066;-0.0042;-0.0141;7.3358;1.0065;1.6038;0.2245;-0.2214;0.0374;2.0000;-0.2214;0.0374;2.0000;NULL;0;-0.1712;-0.5491;0.3364;10.3798;348.7660;3.8895;-0.1698;-0.5476;0.3292;9.7955;348.9379;3.7029;1;NULL;-0.1915;-0.5660;0.2400;355.1507;356.3792;108.1596;Palm;NULL;NULL;NULL;NULL;1;0;0;-1;0;0;0.0000;0.0000;2.0000;-2.1139;-1.8025;0.0435;0.0000;99.2339;0.0000;0.0000;0.0000;0.0000;0.0000;0.0000;0.0000;0;NULL;0.0729;-0.1533;0.3859;320.0298;339.4924;346.6513;Palm;NULL;e7fb662b-8755-4a6e-83bf-a1c391efb0ae;NULL;NULL;6;Embodied;3;Skew;OpenLoop;6;LineBisectionFirst;14;0;NULL;0.0000;0.0000;2.0000;Exposure;0.0000;2026-05-21 13:32:25.1248;Hands;NULL;NULL;OpenXR
NULL;Right;NULL;NULL;Exposure;NULL;OppositeHandTrigger;2;1;0;0;0;0;0.5000;0.0000;2.0000;NULL;Skew;anonymous;NULL;Mole Spawned;MoleEvent;Participant;11059;e415d636-246b-4bb6-aecc-2216ac17849f;NULL;-0.0066;-0.0042;-0.0141;7.3358;1.0065;1.6038;NULL;NULL;NULL;NULL;NULL;NULL;NULL;NULL;NULL;-0.1712;-0.5491;0.3364;10.3798;348.7660;3.8895;-0.1698;-0.5476;0.3292;9.7955;348.9379;3.7029;1;NULL;-0.1915;-0.5660;0.2400;355.1507;356.3792;108.1596;Palm;NULL;NULL;NULL;NULL;2;1;0;0;0;0;0.5000;0.0000;2.0000;-2.1139;-1.8025;0.0435;0.0000;99.2339;0.0000;0.0000;0.0000;0.0000;0.0000;0.0000;0.0000;0;NULL;0.0729;-0.1533;0.3859;320.0298;339.4924;346.6513;Palm;NULL;e7fb662b-8755-4a6e-83bf-a1c391efb0ae;NULL;NULL;6;Embodied;3;Skew;OpenLoop;6;LineBisectionFirst;NULL;1;NULL;0.5000;0.0000;2.0000;Exposure;0.0000;2026-05-21 13:32:25.1263;Hands;NULL;NULL;OpenXR
NULL;Right;NULL;44;Exposure;NULL;OppositeHandTrigger;2;1;0;0;0;0;0.5000;0.0000;2.0000;NULL;Skew;anonymous;NULL;Pointer Shoot;PointerEvent;Participant;11193;e415d636-246b-4bb6-aecc-2216ac17849f;NULL;-0.0051;-0.0039;-0.0130;7.4357;1.1550;1.3510;NULL;0.6556;-0.0558;2.0000;0.6556;-0.0558;2.0000;NULL;NULL;-0.1715;-0.5492;0.3364;10.3460;348.7039;3.9386;-0.1690;-0.5469;0.3283;9.9301;349.0324;3.6607;1;NULL;-0.1912;-0.5637;0.2411;355.4165;355.6383;108.9192;Palm;NULL;NULL;NULL;NULL;2;1;0;0;0;0;0.5000;0.0000;2.0000;-2.1139;-1.8025;0.0435;0.0000;99.2339;0.0000;0.0000;0.0000;0.0000;0.0000;0.0000;0.0000;0;NULL;0.2138;-0.1429;0.4518;326.0680;13.1117;332.7459;Palm;NULL;e7fb662b-8755-4a6e-83bf-a1c391efb0ae;NULL;NULL;6;Embodied;3;Skew;OpenLoop;6;LineBisectionFirst;14;1;NULL;0.5000;0.0000;2.0000;Exposure;1.1165;2026-05-21 13:32:26.2406;Hands;NULL;NULL;OpenXR
NULL;Right;NULL;44;Exposure;NULL;OppositeHandTrigger;2;1;0;0;0;0;0.5000;0.0000;2.0000;NULL;Skew;anonymous;NULL;Mole Missed;PointerEvent;Participant;11193;e415d636-246b-4bb6-aecc-2216ac17849f;NULL;-0.0051;-0.0039;-0.0130;7.4357;1.1550;1.3510;0.1653;0.6556;-0.0558;2.0000;0.6556;-0.0558;2.0000;NULL;0;-0.1715;-0.5492;0.3364;10.3460;348.7039;3.9386;-0.1690;-0.5469;0.3283;9.9301;349.0324;3.6607;1;NULL;-0.1912;-0.5637;0.2411;355.4165;355.6383;108.9192;Palm;NULL;NULL;NULL;NULL;2;1;0;0;0;0;0.5000;0.0000;2.0000;-2.1139;-1.8025;0.0435;0.0000;99.2339;0.0000;0.0000;0.0000;0.0000;0.0000;0.0000;0.0000;0;NULL;0.2138;-0.1429;0.4518;326.0680;13.1117;332.7459;Palm;NULL;e7fb662b-8755-4a6e-83bf-a1c391efb0ae;NULL;NULL;6;Embodied;3;Skew;OpenLoop;6;LineBisectionFirst;14;1;NULL;0.5000;0.0000;2.0000;Exposure;0.0000;2026-05-21 13:32:26.2416;Hands;NULL;NULL;OpenXR
NULL;Right;NULL;NULL;Exposure;NULL;OppositeHandTrigger;3;2;0;1;0;0;-0.5000;0.0000;2.0000;NULL;Skew;anonymous;NULL;Mole Spawned;MoleEvent;Participant;11193;e415d636-246b-4bb6-aecc-2216ac17849f;NULL;-0.0051;-0.0039;-0.0130;7.4357;1.1550;1.3510;NULL;NULL;NULL;NULL;NULL;NULL;NULL;NULL;NULL;-0.1715;-0.5492;0.3364;10.3460;348.7039;3.9386;-0.1690;-0.5469;0.3283;9.9301;349.0324;3.6607;1;NULL;-0.1912;-0.5637;0.2411;355.4165;355.6383;108.9192;Palm;NULL;NULL;NULL;NULL;3;2;0;1;0;0;-0.5000;0.0000;2.0000;-2.1139;-1.8025;0.0435;0.0000;99.2339;0.0000;0.0000;0.0000;0.0000;0.0000;0.0000;0.0000;0;NULL;0.2138;-0.1429;0.4518;326.0680;13.1117;332.7459;Palm;NULL;e7fb662b-8755-4a6e-83bf-a1c391efb0ae;NULL;NULL;6;Embodied;3;Skew;OpenLoop;6;LineBisectionFirst;NULL;2;NULL;-0.5000;0.0000;2.0000;Exposure;0.0000;2026-05-21 13:32:26.2431;Hands;NULL;NULL;OpenXR
NULL;Right;NULL;45;Exposure;NULL;OppositeHandTrigger;3;2;0;1;0;0;-0.5000;0.0000;2.0000;NULL;Skew;anonymous;NULL;Pointer Shoot;PointerEvent;Participant;11315;e415d636-246b-4bb6-aecc-2216ac17849f;NULL;-0.0069;-0.0040;-0.0142;7.3987;0.7961;1.4865;NULL;-0.4060;0.0474;2.0000;-0.4060;0.0474;2.0000;NULL;NULL;-0.1716;-0.5490;0.3362;10.3691;348.7175;3.9602;-0.1694;-0.5467;0.3280;9.9045;348.9659;3.7290;1;NULL;-0.1924;-0.5641;0.2400;356.2144;355.8253;110.1371;Palm;NULL;NULL;NULL;NULL;3;2;0;1;0;0;-0.5000;0.0000;2.0000;-2.1139;-1.8025;0.0435;0.0000;99.2339;0.0000;0.0000;0.0000;0.0000;0.0000;0.0000;0.0000;0;NULL;0.0595;-0.1549;0.3713;321.2293;335.5056;347.3166;Palm;NULL;e7fb662b-8755-4a6e-83bf-a1c391efb0ae;NULL;NULL;6;Embodied;3;Skew;OpenLoop;6;LineBisectionFirst;14;2;NULL;-0.5000;0.0000;2.0000;Exposure;1.0166;2026-05-21 13:32:27.2561;Hands;NULL;NULL;OpenXR
NULL;Right;NULL;45;Exposure;NULL;OppositeHandTrigger;3;2;0;1;0;0;-0.5000;0.0000;2.0000;NULL;Skew;anonymous;NULL;Mole Missed;PointerEvent;Participant;11315;e415d636-246b-4bb6-aecc-2216ac17849f;NULL;-0.0069;-0.0040;-0.0142;7.3987;0.7961;1.4865;0.1052;-0.4060;0.0474;2.0000;-0.4060;0.0474;2.0000;NULL;0;-0.1716;-0.5490;0.3362;10.3691;348.7175;3.9602;-0.1694;-0.5467;0.3280;9.9045;348.9659;3.7290;1;NULL;-0.1924;-0.5641;0.2400;356.2144;355.8253;110.1371;Palm;NULL;NULL;NULL;NULL;3;2;0;1;0;0;-0.5000;0.0000;2.0000;-2.1139;-1.8025;0.0435;0.0000;99.2339;0.0000;0.0000;0.0000;0.0000;0.0000;0.0000;0.0000;0;NULL;0.0595;-0.1549;0.3713;321.2293;335.5056;347.3166;Palm;NULL;e7fb662b-8755-4a6e-83bf-a1c391efb0ae;NULL;NULL;6;Embodied;3;Skew;OpenLoop;6;LineBisectionFirst;14;2;NULL;-0.5000;0.0000;2.0000;Exposure;0.0000;2026-05-21 13:32:27.2577;Hands;NULL;NULL;OpenXR
NULL;Right;NULL;NULL;Exposure;NULL;OppositeHandTrigger;2;1;0;0;0;0;0.5000;0.0000;2.0000;NULL;Skew;anonymous;NULL;Mole Spawned;MoleEvent;Participant;11315;e415d636-246b-4bb6-aecc-2216ac17849f;NULL;-0.0069;-0.0040;-0.0142;7.3987;0.7961;1.4865;NULL;NULL;NULL;NULL;NULL;NULL;NULL;NULL;NULL;-0.1716;-0.5490;0.3362;10.3691;348.7175;3.9602;-0.1694;-0.5467;0.3280;9.9045;348.9659;3.7290;1;NULL;-0.1924;-0.5641;0.2400;356.2144;355.8253;110.1371;Palm;NULL;NULL;NULL;NULL;2;1;0;0;0;0;0.5000;0.0000;2.0000;-2.1139;-1.8025;0.0435;0.0000;99.2339;0.0000;0.0000;0.0000;0.0000;0.0000;0.0000;0.0000;0;NULL;0.0595;-0.1549;0.3713;321.2293;335.5056;347.3166;Palm;NULL;e7fb662b-8755-4a6e-83bf-a1c391efb0ae;NULL;NULL;6;Embodied;3;Skew;OpenLoop;6;LineBisectionFirst;NULL;1;NULL;0.5000;0.0000;2.0000;Exposure;0.0000;2026-05-21 13:32:27.2592;Hands;NULL;NULL;OpenXR
NULL;Right;NULL;46;Exposure;NULL;OppositeHandTrigger;2;1;0;0;0;0;0.5000;0.0000;2.0000;NULL;Skew;anonymous;NULL;Pointer Shoot;PointerEvent;Participant;11448;e415d636-246b-4bb6-aecc-2216ac17849f;NULL;-0.0049;-0.0041;-0.0137;7.4162;1.2502;1.3073;NULL;0.5423;-0.0826;2.0000;0.5423;-0.0826;2.0000;NULL;NULL;-0.1715;-0.5489;0.3361;10.3882;348.8498;4.0720;-0.1679;-0.5463;0.3277;9.6945;349.6771;3.9385;1;NULL;-0.1917;-0.5657;0.2411;356.3032;356.6296;108.7214;Palm;NULL;NULL;NULL;NULL;2;1;0;0;0;0;0.5000;0.0000;2.0000;-2.1139;-1.8025;0.0435;0.0000;99.2339;0.0000;0.0000;0.0000;0.0000;0.0000;0.0000;0.0000;0;NULL;0.2051;-0.1447;0.4519;326.2391;7.6552;336.0181;Palm;NULL;e7fb662b-8755-4a6e-83bf-a1c391efb0ae;NULL;NULL;6;Embodied;3;Skew;OpenLoop;6;LineBisectionFirst;14;1;NULL;0.5000;0.0000;2.0000;Exposure;1.1081;2026-05-21 13:32:28.3655;Hands;NULL;NULL;OpenXR
NULL;Right;NULL;46;Exposure;NULL;OppositeHandTrigger;2;1;0;0;0;0;0.5000;0.0000;2.0000;NULL;Skew;anonymous;NULL;Mole Hit;MoleEvent;Participant;11448;e415d636-246b-4bb6-aecc-2216ac17849f;NULL;-0.0049;-0.0041;-0.0137;7.4162;1.2502;1.3073;0.0928;0.5423;-0.0826;2.0000;0.5423;-0.0826;2.0000;NULL;1;-0.1715;-0.5489;0.3361;10.3882;348.8498;4.0720;-0.1679;-0.5463;0.3277;9.6945;349.6771;3.9385;1;NULL;-0.1917;-0.5657;0.2411;356.3032;356.6296;108.7214;Palm;NULL;NULL;NULL;NULL;2;1;0;0;0;0;0.5000;0.0000;2.0000;-2.1139;-1.8025;0.0435;0.0000;99.2339;0.0000;0.0000;0.0000;0.0000;0.0000;0.0000;0.0000;0;NULL;0.2051;-0.1447;0.4519;326.2391;7.6552;336.0181;Palm;NULL;e7fb662b-8755-4a6e-83bf-a1c391efb0ae;NULL;NULL;6;Embodied;3;Skew;OpenLoop;6;LineBisectionFirst;14;1;NULL;0.5000;0.0000;2.0000;Exposure;0.0000;2026-05-21 13:32:28.3671;Hands;NULL;NULL;OpenXR
NULL;Right;NULL;NULL;Exposure;NULL;OppositeHandTrigger;1;0;0;-1;0;0;0.0000;0.0000;2.0000;NULL;Skew;anonymous;NULL;Mole Spawned;MoleEvent;Participant;11448;e415d636-246b-4bb6-aecc-2216ac17849f;NULL;-0.0049;-0.0041;-0.0137;7.4162;1.2502;1.3073;NULL;NULL;NULL;NULL;NULL;NULL;NULL;NULL;NULL;-0.1715;-0.5489;0.3361;10.3882;348.8498;4.0720;-0.1679;-0.5463;0.3277;9.6945;349.6771;3.9385;1;NULL;-0.1917;-0.5657;0.2411;356.3032;356.6296;108.7214;Palm;NULL;NULL;NULL;NULL;1;0;0;-1;0;0;0.0000;0.0000;2.0000;-2.1139;-1.8025;0.0435;0.0000;99.2339;0.0000;0.0000;0.0000;0.0000;0.0000;0.0000;0.0000;0;NULL;0.2051;-0.1447;0.4519;326.2391;7.6552;336.0181;Palm;NULL;e7fb662b-8755-4a6e-83bf-a1c391efb0ae;NULL;NULL;6;Embodied;3;Skew;OpenLoop;6;LineBisectionFirst;NULL;0;NULL;0.0000;0.0000;2.0000;Exposure;0.0000;2026-05-21 13:32:28.3686;Hands;NULL;NULL;OpenXR
NULL;Right;NULL;47;Exposure;NULL;OppositeHandTrigger;1;0;0;-1;0;0;0.0000;0.0000;2.0000;NULL;Skew;anonymous;NULL;Pointer Shoot;PointerEvent;Participant;11542;e415d636-246b-4bb6-aecc-2216ac17849f;NULL;-0.0061;-0.0043;-0.0144;7.4128;1.0860;1.3969;NULL;0.0660;0.0383;2.0000;0.0660;0.0383;2.0000;NULL;NULL;-0.1715;-0.5488;0.3360;10.4740;348.7939;4.1241;-0.1703;-0.5469;0.3284;10.1199;349.0542;4.0711;1;NULL;-0.1926;-0.5666;0.2394;356.2920;356.8761;108.9411;Palm;NULL;NULL;NULL;NULL;1;0;0;-1;0;0;0.0000;0.0000;2.0000;-2.1139;-1.8025;0.0435;0.0000;99.2339;0.0000;0.0000;0.0000;0.0000;0.0000;0.0000;0.0000;0;NULL;0.1317;-0.1412;0.4091;320.5048;351.4301;339.5082;Palm;NULL;e7fb662b-8755-4a6e-83bf-a1c391efb0ae;NULL;NULL;6;Embodied;3;Skew;OpenLoop;6;LineBisectionFirst;15;0;NULL;0.0000;0.0000;2.0000;Exposure;0.7831;2026-05-21 13:32:29.1484;Hands;NULL;NULL;OpenXR
NULL;Right;NULL;47;Exposure;NULL;OppositeHandTrigger;1;0;0;-1;0;0;0.0000;0.0000;2.0000;NULL;Skew;anonymous;NULL;Mole Hit;MoleEvent;Participant;11542;e415d636-246b-4bb6-aecc-2216ac17849f;NULL;-0.0061;-0.0043;-0.0144;7.4128;1.0860;1.3969;0.0763;0.0660;0.0383;2.0000;0.0660;0.0383;2.0000;NULL;1;-0.1715;-0.5488;0.3360;10.4740;348.7939;4.1241;-0.1703;-0.5469;0.3284;10.1199;349.0542;4.0711;1;NULL;-0.1926;-0.5666;0.2394;356.2920;356.8761;108.9411;Palm;NULL;NULL;NULL;NULL;1;0;0;-1;0;0;0.0000;0.0000;2.0000;-2.1139;-1.8025;0.0435;0.0000;99.2339;0.0000;0.0000;0.0000;0.0000;0.0000;0.0000;0.0000;0;NULL;0.1317;-0.1412;0.4091;320.5048;351.4301;339.5082;Palm;NULL;e7fb662b-8755-4a6e-83bf-a1c391efb0ae;NULL;NULL;6;Embodied;3;Skew;OpenLoop;6;LineBisectionFirst;15;0;NULL;0.0000;0.0000;2.0000;Exposure;0.0000;2026-05-21 13:32:29.1500;Hands;NULL;NULL;OpenXR
NULL;Right;NULL;NULL;Exposure;NULL;OppositeHandTrigger;2;1;0;0;0;0;0.5000;0.0000;2.0000;NULL;Skew;anonymous;NULL;Mole Spawned;MoleEvent;Participant;11542;e415d636-246b-4bb6-aecc-2216ac17849f;NULL;-0.0061;-0.0043;-0.0144;7.4128;1.0860;1.3969;NULL;NULL;NULL;NULL;NULL;NULL;NULL;NULL;NULL;-0.1715;-0.5488;0.3360;10.4740;348.7939;4.1241;-0.1703;-0.5469;0.3284;10.1199;349.0542;4.0711;1;NULL;-0.1926;-0.5666;0.2394;356.2920;356.8761;108.9411;Palm;NULL;NULL;NULL;NULL;2;1;0;0;0;0;0.5000;0.0000;2.0000;-2.1139;-1.8025;0.0435;0.0000;99.2339;0.0000;0.0000;0.0000;0.0000;0.0000;0.0000;0.0000;0;NULL;0.1317;-0.1412;0.4091;320.5048;351.4301;339.5082;Palm;NULL;e7fb662b-8755-4a6e-83bf-a1c391efb0ae;NULL;NULL;6;Embodied;3;Skew;OpenLoop;6;LineBisectionFirst;NULL;1;NULL;0.5000;0.0000;2.0000;Exposure;0.0000;2026-05-21 13:32:29.1510;Hands;NULL;NULL;OpenXR
NULL;Right;NULL;48;Exposure;NULL;OppositeHandTrigger;2;1;0;0;0;0;0.5000;0.0000;2.0000;NULL;Skew;anonymous;NULL;Pointer Shoot;PointerEvent;Participant;11664;e415d636-246b-4bb6-aecc-2216ac17849f;NULL;-0.0035;-0.0038;-0.0136;7.2909;1.1889;1.1217;NULL;0.6081;-0.1088;2.0000;0.6081;-0.1088;2.0000;NULL;NULL;-0.1715;-0.5488;0.3360;10.4788;348.8170;4.0389;-0.1683;-0.5466;0.3280;9.7923;349.8290;3.9793;1;NULL;-0.1909;-0.5650;0.2398;356.1142;356.8380;109.6992;Palm;NULL;NULL;NULL;NULL;2;1;0;0;0;0;0.5000;0.0000;2.0000;-2.1139;-1.8025;0.0435;0.0000;99.2339;0.0000;0.0000;0.0000;0.0000;0.0000;0.0000;0.0000;0;NULL;0.2184;-0.1458;0.4551;327.5089;11.9788;336.1088;Palm;NULL;e7fb662b-8755-4a6e-83bf-a1c391efb0ae;NULL;NULL;6;Embodied;3;Skew;OpenLoop;6;LineBisectionFirst;16;1;NULL;0.5000;0.0000;2.0000;Exposure;1.0163;2026-05-21 13:32:30.1649;Hands;NULL;NULL;OpenXR
NULL;Right;NULL;48;Exposure;NULL;OppositeHandTrigger;2;1;0;0;0;0;0.5000;0.0000;2.0000;NULL;Skew;anonymous;NULL;Mole Missed;PointerEvent;Participant;11664;e415d636-246b-4bb6-aecc-2216ac17849f;NULL;-0.0035;-0.0038;-0.0136;7.2909;1.1889;1.1217;0.1534;0.6081;-0.1088;2.0000;0.6081;-0.1088;2.0000;NULL;0;-0.1715;-0.5488;0.3360;10.4788;348.8170;4.0389;-0.1683;-0.5466;0.3280;9.7923;349.8290;3.9793;1;NULL;-0.1909;-0.5650;0.2398;356.1142;356.8380;109.6992;Palm;NULL;NULL;NULL;NULL;2;1;0;0;0;0;0.5000;0.0000;2.0000;-2.1139;-1.8025;0.0435;0.0000;99.2339;0.0000;0.0000;0.0000;0.0000;0.0000;0.0000;0.0000;0;NULL;0.2184;-0.1458;0.4551;327.5089;11.9788;336.1088;Palm;NULL;e7fb662b-8755-4a6e-83bf-a1c391efb0ae;NULL;NULL;6;Embodied;3;Skew;OpenLoop;6;LineBisectionFirst;16;1;NULL;0.5000;0.0000;2.0000;Exposure;0.0000;2026-05-21 13:32:30.1649;Hands;NULL;NULL;OpenXR
NULL;Right;NULL;NULL;Exposure;NULL;OppositeHandTrigger;3;2;0;1;0;0;-0.5000;0.0000;2.0000;NULL;Skew;anonymous;NULL;Mole Spawned;MoleEvent;Participant;11664;e415d636-246b-4bb6-aecc-2216ac17849f;NULL;-0.0035;-0.0038;-0.0136;7.2909;1.1889;1.1217;NULL;NULL;NULL;NULL;NULL;NULL;NULL;NULL;NULL;-0.1715;-0.5488;0.3360;10.4788;348.8170;4.0389;-0.1683;-0.5466;0.3280;9.7923;349.8290;3.9793;1;NULL;-0.1909;-0.5650;0.2398;356.1142;356.8380;109.6992;Palm;NULL;NULL;NULL;NULL;3;2;0;1;0;0;-0.5000;0.0000;2.0000;-2.1139;-1.8025;0.0435;0.0000;99.2339;0.0000;0.0000;0.0000;0.0000;0.0000;0.0000;0.0000;0;NULL;0.2184;-0.1458;0.4551;327.5089;11.9788;336.1088;Palm;NULL;e7fb662b-8755-4a6e-83bf-a1c391efb0ae;NULL;NULL;6;Embodied;3;Skew;OpenLoop;6;LineBisectionFirst;NULL;2;NULL;-0.5000;0.0000;2.0000;Exposure;0.0000;2026-05-21 13:32:30.1664;Hands;NULL;NULL;OpenXR
NULL;Right;NULL;49;Exposure;NULL;OppositeHandTrigger;3;2;0;1;0;0;-0.5000;0.0000;2.0000;NULL;Skew;anonymous;NULL;Pointer Shoot;PointerEvent;Participant;11781;e415d636-246b-4bb6-aecc-2216ac17849f;NULL;-0.0053;-0.0043;-0.0147;7.4023;1.0554;1.4218;NULL;-0.3846;-0.0697;2.0000;-0.3846;-0.0697;2.0000;NULL;NULL;-0.1717;-0.5489;0.3360;10.5463;348.7119;4.1140;-0.1698;-0.5470;0.3284;10.1264;348.9928;4.0073;1;NULL;-0.1929;-0.5649;0.2413;355.2236;355.5032;109.7825;Palm;NULL;NULL;NULL;NULL;3;2;0;1;0;0;-0.5000;0.0000;2.0000;-2.1139;-1.8025;0.0435;0.0000;99.2339;0.0000;0.0000;0.0000;0.0000;0.0000;0.0000;0.0000;0;NULL;0.0802;-0.1590;0.3623;320.4431;334.6035;346.8801;Palm;NULL;e7fb662b-8755-4a6e-83bf-a1c391efb0ae;NULL;NULL;6;Embodied;3;Skew;OpenLoop;6;LineBisectionFirst;16;2;NULL;-0.5000;0.0000;2.0000;Exposure;0.9748;2026-05-21 13:32:31.1387;Hands;NULL;NULL;OpenXR
NULL;Right;NULL;49;Exposure;NULL;OppositeHandTrigger;3;2;0;1;0;0;-0.5000;0.0000;2.0000;NULL;Skew;anonymous;NULL;Mole Missed;PointerEvent;Participant;11781;e415d636-246b-4bb6-aecc-2216ac17849f;NULL;-0.0053;-0.0043;-0.0147;7.4023;1.0554;1.4218;0.1349;-0.3846;-0.0697;2.0000;-0.3846;-0.0697;2.0000;NULL;0;-0.1717;-0.5489;0.3360;10.5463;348.7119;4.1140;-0.1698;-0.5470;0.3284;10.1264;348.9928;4.0073;1;NULL;-0.1929;-0.5649;0.2413;355.2236;355.5032;109.7825;Palm;NULL;NULL;NULL;NULL;3;2;0;1;0;0;-0.5000;0.0000;2.0000;-2.1139;-1.8025;0.0435;0.0000;99.2339;0.0000;0.0000;0.0000;0.0000;0.0000;0.0000;0.0000;0;NULL;0.0802;-0.1590;0.3623;320.4431;334.6035;346.8801;Palm;NULL;e7fb662b-8755-4a6e-83bf-a1c391efb0ae;NULL;NULL;6;Embodied;3;Skew;OpenLoop;6;LineBisectionFirst;16;2;NULL;-0.5000;0.0000;2.0000;Exposure;0.0000;2026-05-21 13:32:31.1412;Hands;NULL;NULL;OpenXR
NULL;Right;NULL;NULL;Exposure;NULL;OppositeHandTrigger;1;0;0;-1;0;0;0.0000;0.0000;2.0000;NULL;Skew;anonymous;NULL;Mole Spawned;MoleEvent;Participant;11781;e415d636-246b-4bb6-aecc-2216ac17849f;NULL;-0.0053;-0.0043;-0.0147;7.4023;1.0554;1.4218;NULL;NULL;NULL;NULL;NULL;NULL;NULL;NULL;NULL;-0.1717;-0.5489;0.3360;10.5463;348.7119;4.1140;-0.1698;-0.5470;0.3284;10.1264;348.9928;4.0073;1;NULL;-0.1929;-0.5649;0.2413;355.2236;355.5032;109.7825;Palm;NULL;NULL;NULL;NULL;1;0;0;-1;0;0;0.0000;0.0000;2.0000;-2.1139;-1.8025;0.0435;0.0000;99.2339;0.0000;0.0000;0.0000;0.0000;0.0000;0.0000;0.0000;0;NULL;0.0802;-0.1590;0.3623;320.4431;334.6035;346.8801;Palm;NULL;e7fb662b-8755-4a6e-83bf-a1c391efb0ae;NULL;NULL;6;Embodied;3;Skew;OpenLoop;6;LineBisectionFirst;NULL;0;NULL;0.0000;0.0000;2.0000;Exposure;0.0000;2026-05-21 13:32:31.1417;Hands;NULL;NULL;OpenXR
NULL;Right;NULL;50;Exposure;NULL;OppositeHandTrigger;1;0;0;-1;0;0;0.0000;0.0000;2.0000;NULL;Skew;anonymous;NULL;Pointer Shoot;PointerEvent;Participant;11887;e415d636-246b-4bb6-aecc-2216ac17849f;NULL;-0.0042;-0.0042;-0.0135;7.4372;1.1632;1.2834;NULL;0.0604;-0.1511;2.0000;0.0604;-0.1511;2.0000;NULL;NULL;-0.1718;-0.5488;0.3360;10.5305;348.6703;4.2203;-0.1699;-0.5468;0.3282;10.1471;348.8528;4.0330;1;NULL;-0.1918;-0.5640;0.2404;355.7653;355.2841;109.9389;Palm;NULL;NULL;NULL;NULL;1;0;0;-1;0;0;0.0000;0.0000;2.0000;-2.1139;-1.8025;0.0435;0.0000;99.2339;0.0000;0.0000;0.0000;0.0000;0.0000;0.0000;0.0000;0;NULL;0.1309;-0.1492;0.3991;323.0476;351.7591;339.7203;Palm;NULL;e7fb662b-8755-4a6e-83bf-a1c391efb0ae;NULL;NULL;6;Embodied;3;Skew;OpenLoop;6;LineBisectionFirst;16;0;NULL;0.0000;0.0000;2.0000;Exposure;0.8831;2026-05-21 13:32:32.0225;Hands;NULL;NULL;OpenXR
NULL;Right;NULL;50;Exposure;NULL;OppositeHandTrigger;1;0;0;-1;0;0;0.0000;0.0000;2.0000;NULL;Skew;anonymous;NULL;Mole Missed;PointerEvent;Participant;11887;e415d636-246b-4bb6-aecc-2216ac17849f;NULL;-0.0042;-0.0042;-0.0135;7.4372;1.1632;1.2834;0.1627;0.0604;-0.1511;2.0000;0.0604;-0.1511;2.0000;NULL;0;-0.1718;-0.5488;0.3360;10.5305;348.6703;4.2203;-0.1699;-0.5468;0.3282;10.1471;348.8528;4.0330;1;NULL;-0.1918;-0.5640;0.2404;355.7653;355.2841;109.9389;Palm;NULL;NULL;NULL;NULL;1;0;0;-1;0;0;0.0000;0.0000;2.0000;-2.1139;-1.8025;0.0435;0.0000;99.2339;0.0000;0.0000;0.0000;0.0000;0.0000;0.0000;0.0000;0;NULL;0.1309;-0.1492;0.3991;323.0476;351.7591;339.7203;Palm;NULL;e7fb662b-8755-4a6e-83bf-a1c391efb0ae;NULL;NULL;6;Embodied;3;Skew;OpenLoop;6;LineBisectionFirst;16;0;NULL;0.0000;0.0000;2.0000;Exposure;0.0000;2026-05-21 13:32:32.0241;Hands;NULL;NULL;OpenXR
NULL;Right;NULL;NULL;Exposure;NULL;OppositeHandTrigger;2;1;0;0;0;0;0.5000;0.0000;2.0000;NULL;Skew;anonymous;NULL;Mole Spawned;MoleEvent;Participant;11887;e415d636-246b-4bb6-aecc-2216ac17849f;NULL;-0.0042;-0.0042;-0.0135;7.4372;1.1632;1.2834;NULL;NULL;NULL;NULL;NULL;NULL;NULL;NULL;NULL;-0.1718;-0.5488;0.3360;10.5305;348.6703;4.2203;-0.1699;-0.5468;0.3282;10.1471;348.8528;4.0330;1;NULL;-0.1918;-0.5640;0.2404;355.7653;355.2841;109.9389;Palm;NULL;NULL;NULL;NULL;2;1;0;0;0;0;0.5000;0.0000;2.0000;-2.1139;-1.8025;0.0435;0.0000;99.2339;0.0000;0.0000;0.0000;0.0000;0.0000;0.0000;0.0000;0;NULL;0.1309;-0.1492;0.3991;323.0476;351.7591;339.7203;Palm;NULL;e7fb662b-8755-4a6e-83bf-a1c391efb0ae;NULL;NULL;6;Embodied;3;Skew;OpenLoop;6;LineBisectionFirst;NULL;1;NULL;0.5000;0.0000;2.0000;Exposure;0.0000;2026-05-21 13:32:32.0256;Hands;NULL;NULL;OpenXR
NULL;Right;NULL;51;Exposure;NULL;OppositeHandTrigger;2;1;0;0;0;0;0.5000;0.0000;2.0000;NULL;Skew;anonymous;NULL;Pointer Shoot;PointerEvent;Participant;12026;e415d636-246b-4bb6-aecc-2216ac17849f;NULL;-0.0025;-0.0035;-0.0141;7.2296;1.4348;1.0477;NULL;0.5890;-0.1758;2.0000;0.5890;-0.1758;2.0000;NULL;NULL;-0.1719;-0.5488;0.3359;10.6034;348.6075;4.1262;-0.1692;-0.5464;0.3282;9.9873;349.2180;3.8206;1;NULL;-0.1924;-0.5670;0.2411;357.3782;356.5837;111.0164;Palm;NULL;NULL;NULL;NULL;2;1;0;0;0;0;0.5000;0.0000;2.0000;-2.1139;-1.8025;0.0435;0.0000;99.2339;0.0000;0.0000;0.0000;0.0000;0.0000;0.0000;0.0000;0;NULL;0.2219;-0.1400;0.4485;326.1173;10.3259;334.2389;Palm;NULL;e7fb662b-8755-4a6e-83bf-a1c391efb0ae;NULL;NULL;6;Embodied;3;Skew;OpenLoop;6;LineBisectionFirst;16;1;NULL;0.5000;0.0000;2.0000;Exposure;1.1581;2026-05-21 13:32:33.1810;Hands;NULL;NULL;OpenXR
NULL;Right;NULL;51;Exposure;NULL;OppositeHandTrigger;2;1;0;0;0;0;0.5000;0.0000;2.0000;NULL;Skew;anonymous;NULL;Mole Missed;PointerEvent;Participant;12026;e415d636-246b-4bb6-aecc-2216ac17849f;NULL;-0.0025;-0.0035;-0.0141;7.2296;1.4348;1.0477;0.1970;0.5890;-0.1758;2.0000;0.5890;-0.1758;2.0000;NULL;0;-0.1719;-0.5488;0.3359;10.6034;348.6075;4.1262;-0.1692;-0.5464;0.3282;9.9873;349.2180;3.8206;1;NULL;-0.1924;-0.5670;0.2411;357.3782;356.5837;111.0164;Palm;NULL;NULL;NULL;NULL;2;1;0;0;0;0;0.5000;0.0000;2.0000;-2.1139;-1.8025;0.0435;0.0000;99.2339;0.0000;0.0000;0.0000;0.0000;0.0000;0.0000;0.0000;0;NULL;0.2219;-0.1400;0.4485;326.1173;10.3259;334.2389;Palm;NULL;e7fb662b-8755-4a6e-83bf-a1c391efb0ae;NULL;NULL;6;Embodied;3;Skew;OpenLoop;6;LineBisectionFirst;16;1;NULL;0.5000;0.0000;2.0000;Exposure;0.0000;2026-05-21 13:32:33.1821;Hands;NULL;NULL;OpenXR
NULL;Right;NULL;NULL;Exposure;NULL;OppositeHandTrigger;1;0;0;-1;0;0;0.0000;0.0000;2.0000;NULL;Skew;anonymous;NULL;Mole Spawned;MoleEvent;Participant;12026;e415d636-246b-4bb6-aecc-2216ac17849f;NULL;-0.0025;-0.0035;-0.0141;7.2296;1.4348;1.0477;NULL;NULL;NULL;NULL;NULL;NULL;NULL;NULL;NULL;-0.1719;-0.5488;0.3359;10.6034;348.6075;4.1262;-0.1692;-0.5464;0.3282;9.9873;349.2180;3.8206;1;NULL;-0.1924;-0.5670;0.2411;357.3782;356.5837;111.0164;Palm;NULL;NULL;NULL;NULL;1;0;0;-1;0;0;0.0000;0.0000;2.0000;-2.1139;-1.8025;0.0435;0.0000;99.2339;0.0000;0.0000;0.0000;0.0000;0.0000;0.0000;0.0000;0;NULL;0.2219;-0.1400;0.4485;326.1173;10.3259;334.2389;Palm;NULL;e7fb662b-8755-4a6e-83bf-a1c391efb0ae;NULL;NULL;6;Embodied;3;Skew;OpenLoop;6;LineBisectionFirst;NULL;0;NULL;0.0000;0.0000;2.0000;Exposure;0.0000;2026-05-21 13:32:33.1826;Hands;NULL;NULL;OpenXR
NULL;Right;NULL;52;Exposure;NULL;OppositeHandTrigger;1;0;0;-1;0;0;0.0000;0.0000;2.0000;NULL;Skew;anonymous;NULL;Pointer Shoot;PointerEvent;Participant;12236;e415d636-246b-4bb6-aecc-2216ac17849f;NULL;-0.0034;-0.0038;-0.0151;7.2086;1.3651;1.1422;NULL;0.1351;0.0710;2.0000;0.1351;0.0710;2.0000;NULL;NULL;-0.1720;-0.5488;0.3360;10.6794;348.5400;4.0878;-0.1703;-0.5466;0.3285;10.0600;348.7806;3.8963;1;NULL;-0.1918;-0.5648;0.2403;356.7380;357.1636;111.4848;Palm;NULL;NULL;NULL;NULL;1;0;0;-1;0;0;0.0000;0.0000;2.0000;-2.1139;-1.8025;0.0435;0.0000;99.2339;0.0000;0.0000;0.0000;0.0000;0.0000;0.0000;0.0000;0;NULL;0.1623;-0.1273;0.4046;316.7644;353.5423;338.6654;Palm;NULL;e7fb662b-8755-4a6e-83bf-a1c391efb0ae;NULL;NULL;6;Embodied;3;Skew;OpenLoop;6;LineBisectionFirst;16;0;NULL;0.0000;0.0000;2.0000;Exposure;1.7495;2026-05-21 13:32:34.9304;Hands;NULL;NULL;OpenXR
NULL;Right;NULL;52;Exposure;NULL;OppositeHandTrigger;1;0;0;-1;0;0;0.0000;0.0000;2.0000;NULL;Skew;anonymous;NULL;Mole Missed;PointerEvent;Participant;12236;e415d636-246b-4bb6-aecc-2216ac17849f;NULL;-0.0034;-0.0038;-0.0151;7.2086;1.3651;1.1422;0.1526;0.1351;0.0710;2.0000;0.1351;0.0710;2.0000;NULL;0;-0.1720;-0.5488;0.3360;10.6794;348.5400;4.0878;-0.1703;-0.5466;0.3285;10.0600;348.7806;3.8963;1;NULL;-0.1918;-0.5648;0.2403;356.7380;357.1636;111.4848;Palm;NULL;NULL;NULL;NULL;1;0;0;-1;0;0;0.0000;0.0000;2.0000;-2.1139;-1.8025;0.0435;0.0000;99.2339;0.0000;0.0000;0.0000;0.0000;0.0000;0.0000;0.0000;0;NULL;0.1623;-0.1273;0.4046;316.7644;353.5423;338.6654;Palm;NULL;e7fb662b-8755-4a6e-83bf-a1c391efb0ae;NULL;NULL;6;Embodied;3;Skew;OpenLoop;6;LineBisectionFirst;16;0;NULL;0.0000;0.0000;2.0000;Exposure;0.0000;2026-05-21 13:32:34.9319;Hands;NULL;NULL;OpenXR
NULL;Right;NULL;NULL;Exposure;NULL;OppositeHandTrigger;3;2;0;1;0;0;-0.5000;0.0000;2.0000;NULL;Skew;anonymous;NULL;Mole Spawned;MoleEvent;Participant;12236;e415d636-246b-4bb6-aecc-2216ac17849f;NULL;-0.0034;-0.0038;-0.0151;7.2086;1.3651;1.1422;NULL;NULL;NULL;NULL;NULL;NULL;NULL;NULL;NULL;-0.1720;-0.5488;0.3360;10.6794;348.5400;4.0878;-0.1703;-0.5466;0.3285;10.0600;348.7806;3.8963;1;NULL;-0.1918;-0.5648;0.2403;356.7380;357.1636;111.4848;Palm;NULL;NULL;NULL;NULL;3;2;0;1;0;0;-0.5000;0.0000;2.0000;-2.1139;-1.8025;0.0435;0.0000;99.2339;0.0000;0.0000;0.0000;0.0000;0.0000;0.0000;0.0000;0;NULL;0.1623;-0.1273;0.4046;316.7644;353.5423;338.6654;Palm;NULL;e7fb662b-8755-4a6e-83bf-a1c391efb0ae;NULL;NULL;6;Embodied;3;Skew;OpenLoop;6;LineBisectionFirst;NULL;2;NULL;-0.5000;0.0000;2.0000;Exposure;0.0000;2026-05-21 13:32:34.9329;Hands;NULL;NULL;OpenXR
NULL;Right;NULL;53;Exposure;NULL;OppositeHandTrigger;3;2;0;1;0;0;-0.5000;0.0000;2.0000;NULL;Skew;anonymous;NULL;Pointer Shoot;PointerEvent;Participant;12357;e415d636-246b-4bb6-aecc-2216ac17849f;NULL;-0.0038;-0.0037;-0.0154;7.2403;1.3318;1.2107;NULL;-0.1565;-0.0535;2.0000;-0.1565;-0.0535;2.0000;NULL;NULL;-0.1723;-0.5489;0.3361;10.6343;348.4623;4.0987;-0.1706;-0.5475;0.3286;10.3043;348.8537;3.8967;1;NULL;-0.1925;-0.5662;0.2395;357.2508;357.5511;110.4666;Palm;NULL;NULL;NULL;NULL;3;2;0;1;0;0;-0.5000;0.0000;2.0000;-2.1139;-1.8025;0.0435;0.0000;99.2339;0.0000;0.0000;0.0000;0.0000;0.0000;0.0000;0.0000;0;NULL;0.1124;-0.1362;0.3622;318.5537;342.6506;343.4166;Palm;NULL;e7fb662b-8755-4a6e-83bf-a1c391efb0ae;NULL;NULL;6;Embodied;3;Skew;OpenLoop;6;LineBisectionFirst;16;2;NULL;-0.5000;0.0000;2.0000;Exposure;1.0080;2026-05-21 13:32:35.9377;Hands;NULL;NULL;OpenXR
NULL;Right;NULL;53;Exposure;NULL;OppositeHandTrigger;3;2;0;1;0;0;-0.5000;0.0000;2.0000;NULL;Skew;anonymous;NULL;Mole Missed;PointerEvent;Participant;12357;e415d636-246b-4bb6-aecc-2216ac17849f;NULL;-0.0038;-0.0037;-0.0154;7.2403;1.3318;1.2107;0.3477;-0.1565;-0.0535;2.0000;-0.1565;-0.0535;2.0000;NULL;0;-0.1723;-0.5489;0.3361;10.6343;348.4623;4.0987;-0.1706;-0.5475;0.3286;10.3043;348.8537;3.8967;1;NULL;-0.1925;-0.5662;0.2395;357.2508;357.5511;110.4666;Palm;NULL;NULL;NULL;NULL;3;2;0;1;0;0;-0.5000;0.0000;2.0000;-2.1139;-1.8025;0.0435;0.0000;99.2339;0.0000;0.0000;0.0000;0.0000;0.0000;0.0000;0.0000;0;NULL;0.1124;-0.1362;0.3622;318.5537;342.6506;343.4166;Palm;NULL;e7fb662b-8755-4a6e-83bf-a1c391efb0ae;NULL;NULL;6;Embodied;3;Skew;OpenLoop;6;LineBisectionFirst;16;2;NULL;-0.5000;0.0000;2.0000;Exposure;0.0000;2026-05-21 13:32:35.9397;Hands;NULL;NULL;OpenXR
NULL;Right;NULL;NULL;Exposure;NULL;OppositeHandTrigger;1;0;0;-1;0;0;0.0000;0.0000;2.0000;NULL;Skew;anonymous;NULL;Mole Spawned;MoleEvent;Participant;12357;e415d636-246b-4bb6-aecc-2216ac17849f;NULL;-0.0038;-0.0037;-0.0154;7.2403;1.3318;1.2107;NULL;NULL;NULL;NULL;NULL;NULL;NULL;NULL;NULL;-0.1723;-0.5489;0.3361;10.6343;348.4623;4.0987;-0.1706;-0.5475;0.3286;10.3043;348.8537;3.8967;1;NULL;-0.1925;-0.5662;0.2395;357.2508;357.5511;110.4666;Palm;NULL;NULL;NULL;NULL;1;0;0;-1;0;0;0.0000;0.0000;2.0000;-2.1139;-1.8025;0.0435;0.0000;99.2339;0.0000;0.0000;0.0000;0.0000;0.0000;0.0000;0.0000;0;NULL;0.1124;-0.1362;0.3622;318.5537;342.6506;343.4166;Palm;NULL;e7fb662b-8755-4a6e-83bf-a1c391efb0ae;NULL;NULL;6;Embodied;3;Skew;OpenLoop;6;LineBisectionFirst;NULL;0;NULL;0.0000;0.0000;2.0000;Exposure;0.0000;2026-05-21 13:32:35.9402;Hands;NULL;NULL;OpenXR
NULL;Right;NULL;54;Exposure;NULL;OppositeHandTrigger;1;0;0;-1;0;0;0.0000;0.0000;2.0000;NULL;Skew;anonymous;NULL;Pointer Shoot;PointerEvent;Participant;12461;e415d636-246b-4bb6-aecc-2216ac17849f;NULL;-0.0032;-0.0036;-0.0147;7.2489;1.4204;1.2547;NULL;0.0096;-0.0531;2.0000;0.0096;-0.0531;2.0000;NULL;NULL;-0.1723;-0.5490;0.3361;10.7198;348.5092;4.1586;-0.1707;-0.5479;0.3292;10.5946;348.6636;4.1786;1;NULL;-0.1931;-0.5660;0.2419;355.0172;356.3239;109.7811;Palm;NULL;NULL;NULL;NULL;1;0;0;-1;0;0;0.0000;0.0000;2.0000;-2.1139;-1.8025;0.0435;0.0000;99.2339;0.0000;0.0000;0.0000;0.0000;0.0000;0.0000;0.0000;0;NULL;0.1446;-0.1274;0.3850;318.3802;349.1881;339.8704;Palm;NULL;e7fb662b-8755-4a6e-83bf-a1c391efb0ae;NULL;NULL;6;Embodied;3;Skew;OpenLoop;6;LineBisectionFirst;16;0;NULL;0.0000;0.0000;2.0000;Exposure;0.8666;2026-05-21 13:32:36.8042;Hands;NULL;NULL;OpenXR
NULL;Right;NULL;54;Exposure;NULL;OppositeHandTrigger;1;0;0;-1;0;0;0.0000;0.0000;2.0000;NULL;Skew;anonymous;NULL;Mole Hit;MoleEvent;Participant;12461;e415d636-246b-4bb6-aecc-2216ac17849f;NULL;-0.0032;-0.0036;-0.0147;7.2489;1.4204;1.2547;0.0540;0.0096;-0.0531;2.0000;0.0096;-0.0531;2.0000;NULL;1;-0.1723;-0.5490;0.3361;10.7198;348.5092;4.1586;-0.1707;-0.5479;0.3292;10.5946;348.6636;4.1786;1;NULL;-0.1931;-0.5660;0.2419;355.0172;356.3239;109.7811;Palm;NULL;NULL;NULL;NULL;1;0;0;-1;0;0;0.0000;0.0000;2.0000;-2.1139;-1.8025;0.0435;0.0000;99.2339;0.0000;0.0000;0.0000;0.0000;0.0000;0.0000;0.0000;0;NULL;0.1446;-0.1274;0.3850;318.3802;349.1881;339.8704;Palm;NULL;e7fb662b-8755-4a6e-83bf-a1c391efb0ae;NULL;NULL;6;Embodied;3;Skew;OpenLoop;6;LineBisectionFirst;16;0;NULL;0.0000;0.0000;2.0000;Exposure;0.0000;2026-05-21 13:32:36.8057;Hands;NULL;NULL;OpenXR
NULL;Right;NULL;NULL;Exposure;NULL;OppositeHandTrigger;3;2;0;1;0;0;-0.5000;0.0000;2.0000;NULL;Skew;anonymous;NULL;Mole Spawned;MoleEvent;Participant;12461;e415d636-246b-4bb6-aecc-2216ac17849f;NULL;-0.0032;-0.0036;-0.0147;7.2489;1.4204;1.2547;NULL;NULL;NULL;NULL;NULL;NULL;NULL;NULL;NULL;-0.1723;-0.5490;0.3361;10.7198;348.5092;4.1586;-0.1707;-0.5479;0.3292;10.5946;348.6636;4.1786;1;NULL;-0.1931;-0.5660;0.2419;355.0172;356.3239;109.7811;Palm;NULL;NULL;NULL;NULL;3;2;0;1;0;0;-0.5000;0.0000;2.0000;-2.1139;-1.8025;0.0435;0.0000;99.2339;0.0000;0.0000;0.0000;0.0000;0.0000;0.0000;0.0000;0;NULL;0.1446;-0.1274;0.3850;318.3802;349.1881;339.8704;Palm;NULL;e7fb662b-8755-4a6e-83bf-a1c391efb0ae;NULL;NULL;6;Embodied;3;Skew;OpenLoop;6;LineBisectionFirst;NULL;2;NULL;-0.5000;0.0000;2.0000;Exposure;0.0000;2026-05-21 13:32:36.8072;Hands;NULL;NULL;OpenXR
NULL;Right;NULL;55;Exposure;NULL;OppositeHandTrigger;3;2;0;1;0;0;-0.5000;0.0000;2.0000;NULL;Skew;anonymous;NULL;Pointer Shoot;PointerEvent;Participant;12576;e415d636-246b-4bb6-aecc-2216ac17849f;NULL;-0.0038;-0.0036;-0.0160;7.1716;1.3937;1.3577;NULL;-0.4221;-0.0063;2.0000;-0.4221;-0.0063;2.0000;NULL;NULL;-0.1725;-0.5490;0.3362;10.7424;348.5283;4.3063;-0.1701;-0.5469;0.3287;10.0599;349.1924;4.2413;1;NULL;-0.1934;-0.5657;0.2413;356.5588;355.4370;110.9307;Palm;NULL;NULL;NULL;NULL;3;2;0;1;0;0;-0.5000;0.0000;2.0000;-2.1139;-1.8025;0.0435;0.0000;99.2339;0.0000;0.0000;0.0000;0.0000;0.0000;0.0000;0.0000;0;NULL;0.0950;-0.1343;0.3363;316.7784;336.2256;344.2146;Palm;NULL;e7fb662b-8755-4a6e-83bf-a1c391efb0ae;NULL;NULL;6;Embodied;3;Skew;OpenLoop;6;LineBisectionFirst;17;2;NULL;-0.5000;0.0000;2.0000;Exposure;0.9580;2026-05-21 13:32:37.7625;Hands;NULL;NULL;OpenXR
NULL;Right;NULL;55;Exposure;NULL;OppositeHandTrigger;3;2;0;1;0;0;-0.5000;0.0000;2.0000;NULL;Skew;anonymous;NULL;Mole Hit;MoleEvent;Participant;12576;e415d636-246b-4bb6-aecc-2216ac17849f;NULL;-0.0038;-0.0036;-0.0160;7.1716;1.3937;1.3577;0.0781;-0.4221;-0.0063;2.0000;-0.4221;-0.0063;2.0000;NULL;1;-0.1725;-0.5490;0.3362;10.7424;348.5283;4.3063;-0.1701;-0.5469;0.3287;10.0599;349.1924;4.2413;1;NULL;-0.1934;-0.5657;0.2413;356.5588;355.4370;110.9307;Palm;NULL;NULL;NULL;NULL;3;2;0;1;0;0;-0.5000;0.0000;2.0000;-2.1139;-1.8025;0.0435;0.0000;99.2339;0.0000;0.0000;0.0000;0.0000;0.0000;0.0000;0.0000;0;NULL;0.0950;-0.1343;0.3363;316.7784;336.2256;344.2146;Palm;NULL;e7fb662b-8755-4a6e-83bf-a1c391efb0ae;NULL;NULL;6;Embodied;3;Skew;OpenLoop;6;LineBisectionFirst;17;2;NULL;-0.5000;0.0000;2.0000;Exposure;0.0000;2026-05-21 13:32:37.7640;Hands;NULL;NULL;OpenXR
NULL;Right;NULL;NULL;Exposure;NULL;OppositeHandTrigger;2;1;0;0;0;0;0.5000;0.0000;2.0000;NULL;Skew;anonymous;NULL;Mole Spawned;MoleEvent;Participant;12576;e415d636-246b-4bb6-aecc-2216ac17849f;NULL;-0.0038;-0.0036;-0.0160;7.1716;1.3937;1.3577;NULL;NULL;NULL;NULL;NULL;NULL;NULL;NULL;NULL;-0.1725;-0.5490;0.3362;10.7424;348.5283;4.3063;-0.1701;-0.5469;0.3287;10.0599;349.1924;4.2413;1;NULL;-0.1934;-0.5657;0.2413;356.5588;355.4370;110.9307;Palm;NULL;NULL;NULL;NULL;2;1;0;0;0;0;0.5000;0.0000;2.0000;-2.1139;-1.8025;0.0435;0.0000;99.2339;0.0000;0.0000;0.0000;0.0000;0.0000;0.0000;0.0000;0;NULL;0.0950;-0.1343;0.3363;316.7784;336.2256;344.2146;Palm;NULL;e7fb662b-8755-4a6e-83bf-a1c391efb0ae;NULL;NULL;6;Embodied;3;Skew;OpenLoop;6;LineBisectionFirst;NULL;1;NULL;0.5000;0.0000;2.0000;Exposure;0.0000;2026-05-21 13:32:37.7655;Hands;NULL;NULL;OpenXR
NULL;Right;NULL;56;Exposure;NULL;OppositeHandTrigger;2;1;0;0;0;0;0.5000;0.0000;2.0000;NULL;Skew;anonymous;NULL;Pointer Shoot;PointerEvent;Participant;12831;e415d636-246b-4bb6-aecc-2216ac17849f;NULL;-0.0017;-0.0036;-0.0154;7.1869;1.8952;1.1171;NULL;0.5199;-0.1337;2.0000;0.5199;-0.1337;2.0000;NULL;NULL;-0.1728;-0.5495;0.3369;10.8688;348.4768;4.3760;-0.1709;-0.5480;0.3296;10.5804;348.8827;4.3135;1;NULL;-0.1925;-0.5678;0.2415;357.0716;357.2524;111.7019;Palm;NULL;NULL;NULL;NULL;2;1;0;0;0;0;0.5000;0.0000;2.0000;-2.1139;-1.8025;0.0435;0.0000;99.2339;0.0000;0.0000;0.0000;0.0000;0.0000;0.0000;0.0000;0;NULL;0.2375;-0.1385;0.4219;322.2189;7.3680;337.8913;Palm;NULL;e7fb662b-8755-4a6e-83bf-a1c391efb0ae;NULL;NULL;6;Embodied;3;Skew;OpenLoop;6;LineBisectionFirst;18;1;NULL;0.5000;0.0000;2.0000;Exposure;2.1243;2026-05-21 13:32:39.8873;Hands;NULL;NULL;OpenXR
NULL;Right;NULL;56;Exposure;NULL;OppositeHandTrigger;2;1;0;0;0;0;0.5000;0.0000;2.0000;NULL;Skew;anonymous;NULL;Mole Missed;PointerEvent;Participant;12831;e415d636-246b-4bb6-aecc-2216ac17849f;NULL;-0.0017;-0.0036;-0.0154;7.1869;1.8952;1.1171;0.1351;0.5199;-0.1337;2.0000;0.5199;-0.1337;2.0000;NULL;0;-0.1728;-0.5495;0.3369;10.8688;348.4768;4.3760;-0.1709;-0.5480;0.3296;10.5804;348.8827;4.3135;1;NULL;-0.1925;-0.5678;0.2415;357.0716;357.2524;111.7019;Palm;NULL;NULL;NULL;NULL;2;1;0;0;0;0;0.5000;0.0000;2.0000;-2.1139;-1.8025;0.0435;0.0000;99.2339;0.0000;0.0000;0.0000;0.0000;0.0000;0.0000;0.0000;0;NULL;0.2375;-0.1385;0.4219;322.2189;7.3680;337.8913;Palm;NULL;e7fb662b-8755-4a6e-83bf-a1c391efb0ae;NULL;NULL;6;Embodied;3;Skew;OpenLoop;6;LineBisectionFirst;18;1;NULL;0.5000;0.0000;2.0000;Exposure;0.0000;2026-05-21 13:32:39.8889;Hands;NULL;NULL;OpenXR
NULL;Right;NULL;NULL;Exposure;NULL;OppositeHandTrigger;3;2;0;1;0;0;-0.5000;0.0000;2.0000;NULL;Skew;anonymous;NULL;Mole Spawned;MoleEvent;Participant;12831;e415d636-246b-4bb6-aecc-2216ac17849f;NULL;-0.0017;-0.0036;-0.0154;7.1869;1.8952;1.1171;NULL;NULL;NULL;NULL;NULL;NULL;NULL;NULL;NULL;-0.1728;-0.5495;0.3369;10.8688;348.4768;4.3760;-0.1709;-0.5480;0.3296;10.5804;348.8827;4.3135;1;NULL;-0.1925;-0.5678;0.2415;357.0716;357.2524;111.7019;Palm;NULL;NULL;NULL;NULL;3;2;0;1;0;0;-0.5000;0.0000;2.0000;-2.1139;-1.8025;0.0435;0.0000;99.2339;0.0000;0.0000;0.0000;0.0000;0.0000;0.0000;0.0000;0;NULL;0.2375;-0.1385;0.4219;322.2189;7.3680;337.8913;Palm;NULL;e7fb662b-8755-4a6e-83bf-a1c391efb0ae;NULL;NULL;6;Embodied;3;Skew;OpenLoop;6;LineBisectionFirst;NULL;2;NULL;-0.5000;0.0000;2.0000;Exposure;0.0000;2026-05-21 13:32:39.8889;Hands;NULL;NULL;OpenXR
NULL;Right;NULL;57;Exposure;NULL;OppositeHandTrigger;3;2;0;1;0;0;-0.5000;0.0000;2.0000;NULL;Skew;anonymous;NULL;Pointer Shoot;PointerEvent;Participant;12972;e415d636-246b-4bb6-aecc-2216ac17849f;NULL;-0.0057;-0.0036;-0.0174;6.9565;1.4773;1.5339;NULL;-0.3573;-0.0266;2.0000;-0.3573;-0.0266;2.0000;NULL;NULL;-0.1729;-0.5493;0.3368;10.8234;348.5309;4.6078;-0.1710;-0.5461;0.3280;9.9811;349.0582;4.7154;1;NULL;-0.1939;-0.5673;0.2415;355.1602;356.8075;110.1085;Palm;NULL;NULL;NULL;NULL;3;2;0;1;0;0;-0.5000;0.0000;2.0000;-2.1139;-1.8025;0.0435;0.0000;99.2339;0.0000;0.0000;0.0000;0.0000;0.0000;0.0000;0.0000;0;NULL;0.0938;-0.1315;0.3454;319.0748;332.2146;351.2093;Palm;NULL;e7fb662b-8755-4a6e-83bf-a1c391efb0ae;NULL;NULL;6;Embodied;3;Skew;OpenLoop;6;LineBisectionFirst;18;2;NULL;-0.5000;0.0000;2.0000;Exposure;1.1747;2026-05-21 13:32:41.0615;Hands;NULL;NULL;OpenXR
NULL;Right;NULL;57;Exposure;NULL;OppositeHandTrigger;3;2;0;1;0;0;-0.5000;0.0000;2.0000;NULL;Skew;anonymous;NULL;Mole Missed;PointerEvent;Participant;12972;e415d636-246b-4bb6-aecc-2216ac17849f;NULL;-0.0057;-0.0036;-0.0174;6.9565;1.4773;1.5339;0.1452;-0.3573;-0.0266;2.0000;-0.3573;-0.0266;2.0000;NULL;0;-0.1729;-0.5493;0.3368;10.8234;348.5309;4.6078;-0.1710;-0.5461;0.3280;9.9811;349.0582;4.7154;1;NULL;-0.1939;-0.5673;0.2415;355.1602;356.8075;110.1085;Palm;NULL;NULL;NULL;NULL;3;2;0;1;0;0;-0.5000;0.0000;2.0000;-2.1139;-1.8025;0.0435;0.0000;99.2339;0.0000;0.0000;0.0000;0.0000;0.0000;0.0000;0.0000;0;NULL;0.0938;-0.1315;0.3454;319.0748;332.2146;351.2093;Palm;NULL;e7fb662b-8755-4a6e-83bf-a1c391efb0ae;NULL;NULL;6;Embodied;3;Skew;OpenLoop;6;LineBisectionFirst;18;2;NULL;-0.5000;0.0000;2.0000;Exposure;0.0000;2026-05-21 13:32:41.0630;Hands;NULL;NULL;OpenXR
NULL;Right;NULL;NULL;Exposure;NULL;OppositeHandTrigger;1;0;0;-1;0;0;0.0000;0.0000;2.0000;NULL;Skew;anonymous;NULL;Mole Spawned;MoleEvent;Participant;12972;e415d636-246b-4bb6-aecc-2216ac17849f;NULL;-0.0057;-0.0036;-0.0174;6.9565;1.4773;1.5339;NULL;NULL;NULL;NULL;NULL;NULL;NULL;NULL;NULL;-0.1729;-0.5493;0.3368;10.8234;348.5309;4.6078;-0.1710;-0.5461;0.3280;9.9811;349.0582;4.7154;1;NULL;-0.1939;-0.5673;0.2415;355.1602;356.8075;110.1085;Palm;NULL;NULL;NULL;NULL;1;0;0;-1;0;0;0.0000;0.0000;2.0000;-2.1139;-1.8025;0.0435;0.0000;99.2339;0.0000;0.0000;0.0000;0.0000;0.0000;0.0000;0.0000;0;NULL;0.0938;-0.1315;0.3454;319.0748;332.2146;351.2093;Palm;NULL;e7fb662b-8755-4a6e-83bf-a1c391efb0ae;NULL;NULL;6;Embodied;3;Skew;OpenLoop;6;LineBisectionFirst;NULL;0;NULL;0.0000;0.0000;2.0000;Exposure;0.0000;2026-05-21 13:32:41.0641;Hands;NULL;NULL;OpenXR
NULL;Right;NULL;58;Exposure;NULL;OppositeHandTrigger;1;0;0;-1;0;0;0.0000;0.0000;2.0000;NULL;Skew;anonymous;NULL;Pointer Shoot;PointerEvent;Participant;13074;e415d636-246b-4bb6-aecc-2216ac17849f;NULL;-0.0032;-0.0037;-0.0153;7.1569;1.5955;1.2620;NULL;0.1756;-0.0708;2.0000;0.1756;-0.0708;2.0000;NULL;NULL;-0.1730;-0.5491;0.3368;10.8467;348.4858;4.7908;-0.1709;-0.5471;0.3296;10.3586;348.9246;4.4024;1;NULL;-0.1939;-0.5698;0.2426;356.6820;357.0717;112.5685;Palm;NULL;NULL;NULL;NULL;1;0;0;-1;0;0;0.0000;0.0000;2.0000;-2.1139;-1.8025;0.0435;0.0000;99.2339;0.0000;0.0000;0.0000;0.0000;0.0000;0.0000;0.0000;0;NULL;0.1682;-0.1258;0.3994;320.5482;353.3838;340.0439;Palm;NULL;e7fb662b-8755-4a6e-83bf-a1c391efb0ae;NULL;NULL;6;Embodied;3;Skew;OpenLoop;6;LineBisectionFirst;18;0;NULL;0.0000;0.0000;2.0000;Exposure;0.8497;2026-05-21 13:32:41.9111;Hands;NULL;NULL;OpenXR
NULL;Right;NULL;58;Exposure;NULL;OppositeHandTrigger;1;0;0;-1;0;0;0.0000;0.0000;2.0000;NULL;Skew;anonymous;NULL;Mole Missed;PointerEvent;Participant;13074;e415d636-246b-4bb6-aecc-2216ac17849f;NULL;-0.0032;-0.0037;-0.0153;7.1569;1.5955;1.2620;0.1893;0.1756;-0.0708;2.0000;0.1756;-0.0708;2.0000;NULL;0;-0.1730;-0.5491;0.3368;10.8467;348.4858;4.7908;-0.1709;-0.5471;0.3296;10.3586;348.9246;4.4024;1;NULL;-0.1939;-0.5698;0.2426;356.6820;357.0717;112.5685;Palm;NULL;NULL;NULL;NULL;1;0;0;-1;0;0;0.0000;0.0000;2.0000;-2.1139;-1.8025;0.0435;0.0000;99.2339;0.0000;0.0000;0.0000;0.0000;0.0000;0.0000;0.0000;0;NULL;0.1682;-0.1258;0.3994;320.5482;353.3838;340.0439;Palm;NULL;e7fb662b-8755-4a6e-83bf-a1c391efb0ae;NULL;NULL;6;Embodied;3;Skew;OpenLoop;6;LineBisectionFirst;18;0;NULL;0.0000;0.0000;2.0000;Exposure;0.0000;2026-05-21 13:32:41.9126;Hands;NULL;NULL;OpenXR
NULL;Right;NULL;NULL;Exposure;NULL;OppositeHandTrigger;2;1;0;0;0;0;0.5000;0.0000;2.0000;NULL;Skew;anonymous;NULL;Mole Spawned;MoleEvent;Participant;13074;e415d636-246b-4bb6-aecc-2216ac17849f;NULL;-0.0032;-0.0037;-0.0153;7.1569;1.5955;1.2620;NULL;NULL;NULL;NULL;NULL;NULL;NULL;NULL;NULL;-0.1730;-0.5491;0.3368;10.8467;348.4858;4.7908;-0.1709;-0.5471;0.3296;10.3586;348.9246;4.4024;1;NULL;-0.1939;-0.5698;0.2426;356.6820;357.0717;112.5685;Palm;NULL;NULL;NULL;NULL;2;1;0;0;0;0;0.5000;0.0000;2.0000;-2.1139;-1.8025;0.0435;0.0000;99.2339;0.0000;0.0000;0.0000;0.0000;0.0000;0.0000;0.0000;0;NULL;0.1682;-0.1258;0.3994;320.5482;353.3838;340.0439;Palm;NULL;e7fb662b-8755-4a6e-83bf-a1c391efb0ae;NULL;NULL;6;Embodied;3;Skew;OpenLoop;6;LineBisectionFirst;NULL;1;NULL;0.5000;0.0000;2.0000;Exposure;0.0000;2026-05-21 13:32:41.9136;Hands;NULL;NULL;OpenXR
NULL;Right;NULL;59;Exposure;NULL;OppositeHandTrigger;2;1;0;0;0;0;0.5000;0.0000;2.0000;NULL;Skew;anonymous;NULL;Pointer Shoot;PointerEvent;Participant;13159;e415d636-246b-4bb6-aecc-2216ac17849f;NULL;-0.0028;-0.0036;-0.0149;7.1483;1.7023;1.2854;NULL;0.3596;-0.0656;2.0000;0.3596;-0.0656;2.0000;NULL;NULL;-0.1732;-0.5492;0.3368;10.9192;348.5012;4.7434;-0.1706;-0.5473;0.3296;10.4467;348.7632;4.3507;1;NULL;-0.1927;-0.5674;0.2417;357.4539;357.3014;112.4435;Palm;NULL;NULL;NULL;NULL;2;1;0;0;0;0;0.5000;0.0000;2.0000;-2.1139;-1.8025;0.0435;0.0000;99.2339;0.0000;0.0000;0.0000;0.0000;0.0000;0.0000;0.0000;0;NULL;0.2220;-0.1177;0.4176;318.8598;0.8254;338.6005;Palm;NULL;e7fb662b-8755-4a6e-83bf-a1c391efb0ae;NULL;NULL;6;Embodied;3;Skew;OpenLoop;6;LineBisectionFirst;18;1;NULL;0.5000;0.0000;2.0000;Exposure;0.7081;2026-05-21 13:32:42.6200;Hands;NULL;NULL;OpenXR
NULL;Right;NULL;59;Exposure;NULL;OppositeHandTrigger;2;1;0;0;0;0;0.5000;0.0000;2.0000;NULL;Skew;anonymous;NULL;Mole Missed;PointerEvent;Participant;13159;e415d636-246b-4bb6-aecc-2216ac17849f;NULL;-0.0028;-0.0036;-0.0149;7.1483;1.7023;1.2854;0.1549;0.3596;-0.0656;2.0000;0.3596;-0.0656;2.0000;NULL;0;-0.1732;-0.5492;0.3368;10.9192;348.5012;4.7434;-0.1706;-0.5473;0.3296;10.4467;348.7632;4.3507;1;NULL;-0.1927;-0.5674;0.2417;357.4539;357.3014;112.4435;Palm;NULL;NULL;NULL;NULL;2;1;0;0;0;0;0.5000;0.0000;2.0000;-2.1139;-1.8025;0.0435;0.0000;99.2339;0.0000;0.0000;0.0000;0.0000;0.0000;0.0000;0.0000;0;NULL;0.2220;-0.1177;0.4176;318.8598;0.8254;338.6005;Palm;NULL;e7fb662b-8755-4a6e-83bf-a1c391efb0ae;NULL;NULL;6;Embodied;3;Skew;OpenLoop;6;LineBisectionFirst;18;1;NULL;0.5000;0.0000;2.0000;Exposure;0.0000;2026-05-21 13:32:42.6210;Hands;NULL;NULL;OpenXR
NULL;Right;NULL;NULL;Exposure;NULL;OppositeHandTrigger;1;0;0;-1;0;0;0.0000;0.0000;2.0000;NULL;Skew;anonymous;NULL;Mole Spawned;MoleEvent;Participant;13159;e415d636-246b-4bb6-aecc-2216ac17849f;NULL;-0.0028;-0.0036;-0.0149;7.1483;1.7023;1.2854;NULL;NULL;NULL;NULL;NULL;NULL;NULL;NULL;NULL;-0.1732;-0.5492;0.3368;10.9192;348.5012;4.7434;-0.1706;-0.5473;0.3296;10.4467;348.7632;4.3507;1;NULL;-0.1927;-0.5674;0.2417;357.4539;357.3014;112.4435;Palm;NULL;NULL;NULL;NULL;1;0;0;-1;0;0;0.0000;0.0000;2.0000;-2.1139;-1.8025;0.0435;0.0000;99.2339;0.0000;0.0000;0.0000;0.0000;0.0000;0.0000;0.0000;0;NULL;0.2220;-0.1177;0.4176;318.8598;0.8254;338.6005;Palm;NULL;e7fb662b-8755-4a6e-83bf-a1c391efb0ae;NULL;NULL;6;Embodied;3;Skew;OpenLoop;6;LineBisectionFirst;NULL;0;NULL;0.0000;0.0000;2.0000;Exposure;0.0000;2026-05-21 13:32:42.6225;Hands;NULL;NULL;OpenXR
NULL;Right;NULL;60;Exposure;NULL;OppositeHandTrigger;1;0;0;-1;0;0;0.0000;0.0000;2.0000;NULL;Skew;anonymous;NULL;Pointer Shoot;PointerEvent;Participant;13248;e415d636-246b-4bb6-aecc-2216ac17849f;NULL;-0.0054;-0.0035;-0.0169;6.9121;1.5105;1.3889;NULL;-0.0867;-0.0330;2.0000;-0.0867;-0.0330;2.0000;NULL;NULL;-0.1734;-0.5491;0.3369;10.9286;348.5055;4.7372;-0.1723;-0.5467;0.3290;10.2977;348.8235;4.6191;1;NULL;-0.1934;-0.5667;0.2412;356.9491;356.8020;112.0465;Palm;NULL;NULL;NULL;NULL;1;0;0;-1;0;0;0.0000;0.0000;2.0000;-2.1139;-1.8025;0.0435;0.0000;99.2339;0.0000;0.0000;0.0000;0.0000;0.0000;0.0000;0.0000;0;NULL;0.1450;-0.1159;0.3767;316.6963;342.1091;347.4261;Palm;NULL;e7fb662b-8755-4a6e-83bf-a1c391efb0ae;NULL;NULL;6;Embodied;3;Skew;OpenLoop;6;LineBisectionFirst;18;0;NULL;0.0000;0.0000;2.0000;Exposure;0.7416;2026-05-21 13:32:43.3616;Hands;NULL;NULL;OpenXR
NULL;Right;NULL;60;Exposure;NULL;OppositeHandTrigger;1;0;0;-1;0;0;0.0000;0.0000;2.0000;NULL;Skew;anonymous;NULL;Mole Hit;MoleEvent;Participant;13248;e415d636-246b-4bb6-aecc-2216ac17849f;NULL;-0.0054;-0.0035;-0.0169;6.9121;1.5105;1.3889;0.0928;-0.0867;-0.0330;2.0000;-0.0867;-0.0330;2.0000;NULL;1;-0.1734;-0.5491;0.3369;10.9286;348.5055;4.7372;-0.1723;-0.5467;0.3290;10.2977;348.8235;4.6191;1;NULL;-0.1934;-0.5667;0.2412;356.9491;356.8020;112.0465;Palm;NULL;NULL;NULL;NULL;1;0;0;-1;0;0;0.0000;0.0000;2.0000;-2.1139;-1.8025;0.0435;0.0000;99.2339;0.0000;0.0000;0.0000;0.0000;0.0000;0.0000;0.0000;0;NULL;0.1450;-0.1159;0.3767;316.6963;342.1091;347.4261;Palm;NULL;e7fb662b-8755-4a6e-83bf-a1c391efb0ae;NULL;NULL;6;Embodied;3;Skew;OpenLoop;6;LineBisectionFirst;18;0;NULL;0.0000;0.0000;2.0000;Exposure;0.0000;2026-05-21 13:32:43.3616;Hands;NULL;NULL;OpenXR
NULL;Right;NULL;60;Exposure;NULL;OppositeHandTrigger;NULL;NULL;NULL;NULL;NULL;NULL;NULL;NULL;NULL;NULL;Skew;anonymous;NULL;Exposure Completed;BlockEvent;Participant;13248;e415d636-246b-4bb6-aecc-2216ac17849f;NULL;-0.0054;-0.0035;-0.0169;6.9121;1.5105;1.3889;NULL;NULL;NULL;NULL;NULL;NULL;NULL;NULL;NULL;-0.1734;-0.5491;0.3369;10.9286;348.5055;4.7372;-0.1723;-0.5467;0.3290;10.2977;348.8235;4.6191;1;NULL;-0.1934;-0.5667;0.2412;356.9491;356.8020;112.0465;Palm;NULL;NULL;NULL;NULL;NULL;NULL;NULL;NULL;NULL;NULL;NULL;NULL;NULL;-2.1139;-1.8025;0.0435;0.0000;99.2339;0.0000;0.0000;0.0000;0.0000;0.0000;0.0000;0.0000;0;NULL;0.1450;-0.1159;0.3767;316.6963;342.1091;347.4261;Palm;NULL;e7fb662b-8755-4a6e-83bf-a1c391efb0ae;NULL;NULL;6;Embodied;3;Skew;OpenLoop;6;LineBisectionFirst;19;NULL;NULL;NULL;NULL;NULL;Exposure;0.0000;2026-05-21 13:32:43.3641;Hands;NULL;NULL;OpenXR
NULL;Right;NULL;NULL;Post;NULL;OppositeHandTrigger;NULL;NULL;NULL;NULL;NULL;NULL;NULL;NULL;NULL;NULL;None;anonymous;NULL;Block Started;BlockEvent;Participant;13489;e415d636-246b-4bb6-aecc-2216ac17849f;NULL;-0.0017;-0.0031;-0.0213;6.1958;1.8157;0.9969;NULL;NULL;NULL;NULL;NULL;NULL;NULL;NULL;NULL;-0.1736;-0.5491;0.3366;10.1390;349.2889;6.1354;-0.1708;-0.5474;0.3286;9.6443;349.4561;5.9582;0;NULL;-0.1953;-0.5779;0.2405;359.1393;357.7183;112.6727;Palm;NULL;NULL;NULL;NULL;NULL;NULL;NULL;NULL;NULL;NULL;NULL;NULL;NULL;-2.1139;-1.8025;0.0435;0.0000;99.2339;0.0000;0.0000;0.0000;0.0000;0.0000;0.0000;0.0000;0;NULL;0.1365;-0.4212;0.2888;311.0335;346.2565;316.9672;Palm;NULL;e7fb662b-8755-4a6e-83bf-a1c391efb0ae;NULL;NULL;6;Embodied;3;Skew;OpenLoop;6;LineBisectionFirst;NULL;NULL;NULL;NULL;NULL;NULL;OpenLoop;2.0074;2026-05-21 13:32:45.3771;Hands;NULL;NULL;OpenXR
NULL;Right;NULL;NULL;Post;NULL;OppositeHandTrigger;NULL;NULL;NULL;NULL;NULL;NULL;NULL;NULL;NULL;NULL;None;anonymous;NULL;Trial Started;TaskEvent;Participant;13489;e415d636-246b-4bb6-aecc-2216ac17849f;NULL;-0.0017;-0.0031;-0.0213;6.1958;1.8157;0.9969;NULL;NULL;NULL;NULL;NULL;NULL;NULL;NULL;NULL;-0.1736;-0.5491;0.3366;10.1390;349.2889;6.1354;-0.1708;-0.5474;0.3286;9.6443;349.4561;5.9582;0;NULL;-0.1953;-0.5779;0.2405;359.1393;357.7183;112.6727;Palm;NULL;NULL;NULL;NULL;NULL;NULL;NULL;NULL;NULL;NULL;NULL;NULL;NULL;-2.1139;-1.8025;0.0435;0.0000;99.2339;0.0000;0.0000;0.0000;0.0000;0.0000;0.0000;0.0000;0;NULL;0.1365;-0.4212;0.2888;311.0335;346.2565;316.9672;Palm;NULL;e7fb662b-8755-4a6e-83bf-a1c391efb0ae;NULL;NULL;6;Embodied;3;Skew;OpenLoop;6;LineBisectionFirst;NULL;NULL;0.0300;0.0000;0.0000;2.0000;OpenLoop;0.0000;2026-05-21 13:32:45.3792;Hands;1;10;OpenXR
NULL;Right;NULL;NULL;Post;NULL;OppositeHandTrigger;NULL;NULL;NULL;NULL;NULL;NULL;NULL;NULL;NULL;NULL;None;anonymous;NULL;Trial Accepted;TaskEvent;Participant;14340;e415d636-246b-4bb6-aecc-2216ac17849f;NULL;-0.0097;-0.0098;0.0076;2.9559;1.7144;1.7325;NULL;NULL;NULL;NULL;0.1039;0.0000;2.0000;NULL;NULL;-0.1780;-0.5612;0.3589;8.6274;347.8255;4.1717;-0.1761;-0.5591;0.3510;7.8909;348.0438;3.9559;1;NULL;-0.1931;-0.5725;0.2607;351.1104;356.9308;105.8916;Palm;NULL;NULL;NULL;NULL;NULL;NULL;NULL;NULL;NULL;NULL;NULL;NULL;NULL;-2.1131;-1.8143;0.0061;0.0000;97.4344;0.0000;0.0000;0.0000;0.0000;0.0000;0.0000;0.0000;0;NULL;0.0557;-0.1337;0.4022;315.7514;0.1850;332.7971;Palm;NULL;e7fb662b-8755-4a6e-83bf-a1c391efb0ae;10.3858;NULL;6;Embodied;3;Skew;OpenLoop;6;LineBisectionFirst;NULL;NULL;NULL;NULL;NULL;NULL;OpenLoop;7.1153;2026-05-21 13:32:52.4837;Hands;1;10;OpenXR
NULL;Right;NULL;NULL;Post;NULL;OppositeHandTrigger;NULL;NULL;NULL;NULL;NULL;NULL;NULL;NULL;NULL;NULL;None;anonymous;NULL;Trial Started;TaskEvent;Participant;14340;e415d636-246b-4bb6-aecc-2216ac17849f;NULL;-0.0097;-0.0098;0.0076;2.9559;1.7144;1.7325;NULL;NULL;NULL;NULL;NULL;NULL;NULL;NULL;NULL;-0.1780;-0.5612;0.3589;8.6274;347.8255;4.1717;-0.1761;-0.5591;0.3510;7.8909;348.0438;3.9559;1;NULL;-0.1931;-0.5725;0.2607;351.1104;356.9308;105.8916;Palm;NULL;NULL;NULL;NULL;NULL;NULL;NULL;NULL;NULL;NULL;NULL;NULL;NULL;-2.1131;-1.8143;0.0061;0.0000;97.4344;0.0000;0.0000;0.0000;0.0000;0.0000;0.0000;0.0000;0;NULL;0.0557;-0.1337;0.4022;315.7514;0.1850;332.7971;Palm;NULL;e7fb662b-8755-4a6e-83bf-a1c391efb0ae;NULL;NULL;6;Embodied;3;Skew;OpenLoop;6;LineBisectionFirst;NULL;NULL;0.0300;0.0000;0.0000;2.0000;OpenLoop;0.0000;2026-05-21 13:32:52.4852;Hands;2;10;OpenXR
NULL;Right;NULL;NULL;Post;NULL;OppositeHandTrigger;NULL;NULL;NULL;NULL;NULL;NULL;NULL;NULL;NULL;NULL;None;anonymous;NULL;Trial Accepted;TaskEvent;Participant;14767;e415d636-246b-4bb6-aecc-2216ac17849f;NULL;-0.0113;-0.0118;0.0169;3.8647;0.8120;1.8856;NULL;NULL;NULL;NULL;0.1868;0.0000;2.0000;NULL;NULL;-0.1801;-0.5614;0.3583;9.6585;348.1287;5.1442;-0.1779;-0.5594;0.3501;8.6852;348.4868;4.9801;1;NULL;-0.1968;-0.5764;0.2618;356.8244;354.3602;107.6700;Palm;NULL;NULL;NULL;NULL;NULL;NULL;NULL;NULL;NULL;NULL;NULL;NULL;NULL;-2.1131;-1.8143;0.0061;0.0000;97.4344;0.0000;0.0000;0.0000;0.0000;0.0000;0.0000;0.0000;0;NULL;0.0552;-0.1351;0.4280;317.2083;2.4740;328.8235;Palm;NULL;e7fb662b-8755-4a6e-83bf-a1c391efb0ae;18.6829;NULL;6;Embodied;3;Skew;OpenLoop;6;LineBisectionFirst;NULL;NULL;NULL;NULL;NULL;NULL;OpenLoop;3.5571;2026-05-21 13:32:56.0404;Hands;2;10;OpenXR
NULL;Right;NULL;NULL;Post;NULL;OppositeHandTrigger;NULL;NULL;NULL;NULL;NULL;NULL;NULL;NULL;NULL;NULL;None;anonymous;NULL;Trial Started;TaskEvent;Participant;14767;e415d636-246b-4bb6-aecc-2216ac17849f;NULL;-0.0113;-0.0118;0.0169;3.8647;0.8120;1.8856;NULL;NULL;NULL;NULL;NULL;NULL;NULL;NULL;NULL;-0.1801;-0.5614;0.3583;9.6585;348.1287;5.1442;-0.1779;-0.5594;0.3501;8.6852;348.4868;4.9801;1;NULL;-0.1968;-0.5764;0.2618;356.8244;354.3602;107.6700;Palm;NULL;NULL;NULL;NULL;NULL;NULL;NULL;NULL;NULL;NULL;NULL;NULL;NULL;-2.1131;-1.8143;0.0061;0.0000;97.4344;0.0000;0.0000;0.0000;0.0000;0.0000;0.0000;0.0000;0;NULL;0.0552;-0.1351;0.4280;317.2083;2.4740;328.8235;Palm;NULL;e7fb662b-8755-4a6e-83bf-a1c391efb0ae;NULL;NULL;6;Embodied;3;Skew;OpenLoop;6;LineBisectionFirst;NULL;NULL;0.0300;0.0000;0.0000;2.0000;OpenLoop;0.0000;2026-05-21 13:32:56.0419;Hands;3;10;OpenXR
NULL;Right;NULL;NULL;Post;NULL;OppositeHandTrigger;NULL;NULL;NULL;NULL;NULL;NULL;NULL;NULL;NULL;NULL;None;anonymous;NULL;Trial Accepted;TaskEvent;Participant;15194;e415d636-246b-4bb6-aecc-2216ac17849f;NULL;-0.0082;-0.0106;0.0147;3.4731;0.9781;1.8346;NULL;NULL;NULL;NULL;0.0408;0.0000;2.0000;NULL;NULL;-0.1801;-0.5620;0.3584;10.2916;348.2306;4.8273;-0.1771;-0.5599;0.3507;9.5886;348.1821;4.4254;1;NULL;-0.1968;-0.5793;0.2616;356.7193;356.9707;107.6545;Palm;NULL;NULL;NULL;NULL;NULL;NULL;NULL;NULL;NULL;NULL;NULL;NULL;NULL;-2.1131;-1.8143;0.0061;0.0000;97.4344;0.0000;0.0000;0.0000;0.0000;0.0000;0.0000;0.0000;0;NULL;0.0486;-0.1103;0.4253;314.0238;2.5977;325.2120;Palm;NULL;e7fb662b-8755-4a6e-83bf-a1c391efb0ae;4.0791;NULL;6;Embodied;3;Skew;OpenLoop;6;LineBisectionFirst;NULL;NULL;NULL;NULL;NULL;NULL;OpenLoop;3.5574;2026-05-21 13:32:59.5976;Hands;3;10;OpenXR
NULL;Right;NULL;NULL;Post;NULL;OppositeHandTrigger;NULL;NULL;NULL;NULL;NULL;NULL;NULL;NULL;NULL;NULL;None;anonymous;NULL;Trial Started;TaskEvent;Participant;15194;e415d636-246b-4bb6-aecc-2216ac17849f;NULL;-0.0082;-0.0106;0.0147;3.4731;0.9781;1.8346;NULL;NULL;NULL;NULL;NULL;NULL;NULL;NULL;NULL;-0.1801;-0.5620;0.3584;10.2916;348.2306;4.8273;-0.1771;-0.5599;0.3507;9.5886;348.1821;4.4254;1;NULL;-0.1968;-0.5793;0.2616;356.7193;356.9707;107.6545;Palm;NULL;NULL;NULL;NULL;NULL;NULL;NULL;NULL;NULL;NULL;NULL;NULL;NULL;-2.1131;-1.8143;0.0061;0.0000;97.4344;0.0000;0.0000;0.0000;0.0000;0.0000;0.0000;0.0000;0;NULL;0.0486;-0.1103;0.4253;314.0238;2.5977;325.2120;Palm;NULL;e7fb662b-8755-4a6e-83bf-a1c391efb0ae;NULL;NULL;6;Embodied;3;Skew;OpenLoop;6;LineBisectionFirst;NULL;NULL;0.0300;0.0000;0.0000;2.0000;OpenLoop;0.0000;2026-05-21 13:32:59.5991;Hands;4;10;OpenXR
NULL;Right;NULL;NULL;Post;NULL;OppositeHandTrigger;NULL;NULL;NULL;NULL;NULL;NULL;NULL;NULL;NULL;NULL;None;anonymous;NULL;Trial Accepted;TaskEvent;Participant;15539;e415d636-246b-4bb6-aecc-2216ac17849f;NULL;-0.0067;-0.0124;0.0196;4.5758;1.0799;1.4844;NULL;NULL;NULL;NULL;0.1037;0.0000;2.0000;NULL;NULL;-0.1800;-0.5624;0.3586;10.5294;348.2662;4.5224;-0.1773;-0.5605;0.3514;9.5680;348.1978;3.9457;1;NULL;-0.1969;-0.5789;0.2622;356.5570;356.7672;107.8124;Palm;NULL;NULL;NULL;NULL;NULL;NULL;NULL;NULL;NULL;NULL;NULL;NULL;NULL;-2.1131;-1.8143;0.0061;0.0000;97.4344;0.0000;0.0000;0.0000;0.0000;0.0000;0.0000;0.0000;0;NULL;0.0566;-0.1010;0.4274;314.8683;4.1309;327.8866;Palm;NULL;e7fb662b-8755-4a6e-83bf-a1c391efb0ae;10.3726;NULL;6;Embodied;3;Skew;OpenLoop;6;LineBisectionFirst;NULL;NULL;NULL;NULL;NULL;NULL;OpenLoop;2.8743;2026-05-21 13:33:02.4717;Hands;4;10;OpenXR
NULL;Right;NULL;NULL;Post;NULL;OppositeHandTrigger;NULL;NULL;NULL;NULL;NULL;NULL;NULL;NULL;NULL;NULL;None;anonymous;NULL;Trial Started;TaskEvent;Participant;15539;e415d636-246b-4bb6-aecc-2216ac17849f;NULL;-0.0067;-0.0124;0.0196;4.5758;1.0799;1.4844;NULL;NULL;NULL;NULL;NULL;NULL;NULL;NULL;NULL;-0.1800;-0.5624;0.3586;10.5294;348.2662;4.5224;-0.1773;-0.5605;0.3514;9.5680;348.1978;3.9457;1;NULL;-0.1969;-0.5789;0.2622;356.5570;356.7672;107.8124;Palm;NULL;NULL;NULL;NULL;NULL;NULL;NULL;NULL;NULL;NULL;NULL;NULL;NULL;-2.1131;-1.8143;0.0061;0.0000;97.4344;0.0000;0.0000;0.0000;0.0000;0.0000;0.0000;0.0000;0;NULL;0.0566;-0.1010;0.4274;314.8683;4.1309;327.8866;Palm;NULL;e7fb662b-8755-4a6e-83bf-a1c391efb0ae;NULL;NULL;6;Embodied;3;Skew;OpenLoop;6;LineBisectionFirst;NULL;NULL;0.0300;0.0000;0.0000;2.0000;OpenLoop;0.0000;2026-05-21 13:33:02.4732;Hands;5;10;OpenXR
NULL;Right;NULL;NULL;Post;NULL;OppositeHandTrigger;NULL;NULL;NULL;NULL;NULL;NULL;NULL;NULL;NULL;NULL;None;anonymous;NULL;Trial Accepted;TaskEvent;Participant;15893;e415d636-246b-4bb6-aecc-2216ac17849f;NULL;-0.0075;-0.0124;0.0174;4.4801;1.3042;1.4375;NULL;NULL;NULL;NULL;0.0929;0.0000;2.0000;NULL;NULL;-0.1800;-0.5628;0.3588;10.5630;348.2570;4.4830;-0.1773;-0.5602;0.3506;9.6173;348.4595;4.4966;1;NULL;-0.1980;-0.5827;0.2637;357.1896;356.6650;108.7777;Palm;NULL;NULL;NULL;NULL;NULL;NULL;NULL;NULL;NULL;NULL;NULL;NULL;NULL;-2.1131;-1.8143;0.0061;0.0000;97.4344;0.0000;0.0000;0.0000;0.0000;0.0000;0.0000;0.0000;0;NULL;0.0541;-0.0993;0.4454;313.8226;4.8666;326.1647;Palm;NULL;e7fb662b-8755-4a6e-83bf-a1c391efb0ae;9.2865;NULL;6;Embodied;3;Skew;OpenLoop;6;LineBisectionFirst;NULL;NULL;NULL;NULL;NULL;NULL;OpenLoop;2.9493;2026-05-21 13:33:05.4222;Hands;5;10;OpenXR
NULL;Right;NULL;NULL;Post;NULL;OppositeHandTrigger;NULL;NULL;NULL;NULL;NULL;NULL;NULL;NULL;NULL;NULL;None;anonymous;NULL;Trial Started;TaskEvent;Participant;15893;e415d636-246b-4bb6-aecc-2216ac17849f;NULL;-0.0075;-0.0124;0.0174;4.4801;1.3042;1.4375;NULL;NULL;NULL;NULL;NULL;NULL;NULL;NULL;NULL;-0.1800;-0.5628;0.3588;10.5630;348.2570;4.4830;-0.1773;-0.5602;0.3506;9.6173;348.4595;4.4966;1;NULL;-0.1980;-0.5827;0.2637;357.1896;356.6650;108.7777;Palm;NULL;NULL;NULL;NULL;NULL;NULL;NULL;NULL;NULL;NULL;NULL;NULL;NULL;-2.1131;-1.8143;0.0061;0.0000;97.4344;0.0000;0.0000;0.0000;0.0000;0.0000;0.0000;0.0000;0;NULL;0.0541;-0.0993;0.4454;313.8226;4.8666;326.1647;Palm;NULL;e7fb662b-8755-4a6e-83bf-a1c391efb0ae;NULL;NULL;6;Embodied;3;Skew;OpenLoop;6;LineBisectionFirst;NULL;NULL;0.0300;0.0000;0.0000;2.0000;OpenLoop;0.0000;2026-05-21 13:33:05.4237;Hands;6;10;OpenXR
NULL;Right;NULL;NULL;Post;NULL;OppositeHandTrigger;NULL;NULL;NULL;NULL;NULL;NULL;NULL;NULL;NULL;NULL;None;anonymous;NULL;Trial Accepted;TaskEvent;Participant;16192;e415d636-246b-4bb6-aecc-2216ac17849f;NULL;-0.0079;-0.0124;0.0173;4.5303;1.0885;1.6616;NULL;NULL;NULL;NULL;0.0841;0.0000;2.0000;NULL;NULL;-0.1804;-0.5630;0.3594;10.8309;348.1233;4.6319;-0.1774;-0.5610;0.3522;10.0073;348.5970;4.4158;1;NULL;-0.1971;-0.5774;0.2634;356.1132;355.4223;107.9673;Palm;NULL;NULL;NULL;NULL;NULL;NULL;NULL;NULL;NULL;NULL;NULL;NULL;NULL;-2.1131;-1.8143;0.0061;0.0000;97.4344;0.0000;0.0000;0.0000;0.0000;0.0000;0.0000;0.0000;0;NULL;0.0434;-0.1102;0.4433;316.4856;3.5256;322.6229;Palm;NULL;e7fb662b-8755-4a6e-83bf-a1c391efb0ae;8.4108;NULL;6;Embodied;3;Skew;OpenLoop;6;LineBisectionFirst;NULL;NULL;NULL;NULL;NULL;NULL;OpenLoop;2.4910;2026-05-21 13:33:07.9131;Hands;6;10;OpenXR
NULL;Right;NULL;NULL;Post;NULL;OppositeHandTrigger;NULL;NULL;NULL;NULL;NULL;NULL;NULL;NULL;NULL;NULL;None;anonymous;NULL;Trial Started;TaskEvent;Participant;16192;e415d636-246b-4bb6-aecc-2216ac17849f;NULL;-0.0079;-0.0124;0.0173;4.5303;1.0885;1.6616;NULL;NULL;NULL;NULL;NULL;NULL;NULL;NULL;NULL;-0.1804;-0.5630;0.3594;10.8309;348.1233;4.6319;-0.1774;-0.5610;0.3522;10.0073;348.5970;4.4158;1;NULL;-0.1971;-0.5774;0.2634;356.1132;355.4223;107.9673;Palm;NULL;NULL;NULL;NULL;NULL;NULL;NULL;NULL;NULL;NULL;NULL;NULL;NULL;-2.1131;-1.8143;0.0061;0.0000;97.4344;0.0000;0.0000;0.0000;0.0000;0.0000;0.0000;0.0000;0;NULL;0.0434;-0.1102;0.4433;316.4856;3.5256;322.6229;Palm;NULL;e7fb662b-8755-4a6e-83bf-a1c391efb0ae;NULL;NULL;6;Embodied;3;Skew;OpenLoop;6;LineBisectionFirst;NULL;NULL;0.0300;0.0000;0.0000;2.0000;OpenLoop;0.0000;2026-05-21 13:33:07.9146;Hands;7;10;OpenXR
NULL;Right;NULL;NULL;Post;NULL;OppositeHandTrigger;NULL;NULL;NULL;NULL;NULL;NULL;NULL;NULL;NULL;NULL;None;anonymous;NULL;Trial Accepted;TaskEvent;Participant;16445;e415d636-246b-4bb6-aecc-2216ac17849f;NULL;-0.0089;-0.0129;0.0190;4.9461;0.5674;1.7383;NULL;NULL;NULL;NULL;0.1000;0.0000;2.0000;NULL;NULL;-0.1807;-0.5630;0.3594;11.0371;348.0175;4.5842;-0.1782;-0.5606;0.3515;10.1137;348.2675;4.3708;1;NULL;-0.1978;-0.5797;0.2624;357.5252;356.2632;109.3421;Palm;NULL;NULL;NULL;NULL;NULL;NULL;NULL;NULL;NULL;NULL;NULL;NULL;NULL;-2.1131;-1.8143;0.0061;0.0000;97.4344;0.0000;0.0000;0.0000;0.0000;0.0000;0.0000;0.0000;0;NULL;0.0446;-0.0978;0.4468;317.9232;6.4091;319.1815;Palm;NULL;e7fb662b-8755-4a6e-83bf-a1c391efb0ae;10.0034;NULL;6;Embodied;3;Skew;OpenLoop;6;LineBisectionFirst;NULL;NULL;NULL;NULL;NULL;NULL;OpenLoop;2.1995;2026-05-21 13:33:10.4787;Hands;7;10;OpenXR
NULL;Right;NULL;NULL;Post;NULL;OppositeHandTrigger;NULL;NULL;NULL;NULL;NULL;NULL;NULL;NULL;NULL;NULL;None;anonymous;NULL;Trial Started;TaskEvent;Participant;16445;e415d636-246b-4bb6-aecc-2216ac17849f;NULL;-0.0089;-0.0129;0.0190;4.9461;0.5674;1.7383;NULL;NULL;NULL;NULL;NULL;NULL;NULL;NULL;NULL;-0.1807;-0.5630;0.3594;11.0371;348.0175;4.5842;-0.1782;-0.5606;0.3515;10.1137;348.2675;4.3708;1;NULL;-0.1978;-0.5797;0.2624;357.5252;356.2632;109.3421;Palm;NULL;NULL;NULL;NULL;NULL;NULL;NULL;NULL;NULL;NULL;NULL;NULL;NULL;-2.1131;-1.8143;0.0061;0.0000;97.4344;0.0000;0.0000;0.0000;0.0000;0.0000;0.0000;0.0000;0;NULL;0.0446;-0.0978;0.4468;317.9232;6.4091;319.1815;Palm;NULL;e7fb662b-8755-4a6e-83bf-a1c391efb0ae;NULL;NULL;6;Embodied;3;Skew;OpenLoop;6;LineBisectionFirst;NULL;NULL;0.0300;0.0000;0.0000;2.0000;OpenLoop;0.0000;2026-05-21 13:33:10.4803;Hands;8;10;OpenXR
NULL;Right;NULL;NULL;Post;NULL;OppositeHandTrigger;NULL;NULL;NULL;NULL;NULL;NULL;NULL;NULL;NULL;NULL;None;anonymous;NULL;Trial Accepted;TaskEvent;Participant;16784;e415d636-246b-4bb6-aecc-2216ac17849f;NULL;-0.0109;-0.0142;0.0204;5.2695;0.8119;2.0495;NULL;NULL;NULL;NULL;0.0778;0.0000;2.0000;NULL;NULL;-0.1813;-0.5638;0.3598;11.3949;348.1276;5.1925;-0.1789;-0.5610;0.3518;10.4633;348.6234;5.3456;1;NULL;-0.1986;-0.5815;0.2638;356.5883;356.1711;112.6676;Palm;NULL;NULL;NULL;NULL;NULL;NULL;NULL;NULL;NULL;NULL;NULL;NULL;NULL;-2.1131;-1.8143;0.0061;0.0000;97.4344;0.0000;0.0000;0.0000;0.0000;0.0000;0.0000;0.0000;0;NULL;0.0467;-0.1097;0.4072;314.7970;8.5290;317.5131;Palm;NULL;e7fb662b-8755-4a6e-83bf-a1c391efb0ae;7.7828;NULL;6;Embodied;3;Skew;OpenLoop;6;LineBisectionFirst;NULL;NULL;NULL;NULL;NULL;NULL;OpenLoop;2.8240;2026-05-21 13:33:13.3020;Hands;8;10;OpenXR
NULL;Right;NULL;NULL;Post;NULL;OppositeHandTrigger;NULL;NULL;NULL;NULL;NULL;NULL;NULL;NULL;NULL;NULL;None;anonymous;NULL;Trial Started;TaskEvent;Participant;16784;e415d636-246b-4bb6-aecc-2216ac17849f;NULL;-0.0109;-0.0142;0.0204;5.2695;0.8119;2.0495;NULL;NULL;NULL;NULL;NULL;NULL;NULL;NULL;NULL;-0.1813;-0.5638;0.3598;11.3949;348.1276;5.1925;-0.1789;-0.5610;0.3518;10.4633;348.6234;5.3456;1;NULL;-0.1986;-0.5815;0.2638;356.5883;356.1711;112.6676;Palm;NULL;NULL;NULL;NULL;NULL;NULL;NULL;NULL;NULL;NULL;NULL;NULL;NULL;-2.1131;-1.8143;0.0061;0.0000;97.4344;0.0000;0.0000;0.0000;0.0000;0.0000;0.0000;0.0000;0;NULL;0.0467;-0.1097;0.4072;314.7970;8.5290;317.5131;Palm;NULL;e7fb662b-8755-4a6e-83bf-a1c391efb0ae;NULL;NULL;6;Embodied;3;Skew;OpenLoop;6;LineBisectionFirst;NULL;NULL;0.0300;0.0000;0.0000;2.0000;OpenLoop;0.0000;2026-05-21 13:33:13.3035;Hands;9;10;OpenXR
NULL;Right;NULL;NULL;Post;NULL;OppositeHandTrigger;NULL;NULL;NULL;NULL;NULL;NULL;NULL;NULL;NULL;NULL;None;anonymous;NULL;Trial Accepted;TaskEvent;Participant;17086;e415d636-246b-4bb6-aecc-2216ac17849f;NULL;-0.0112;-0.0123;0.0167;4.8744;0.2430;2.1708;NULL;NULL;NULL;NULL;0.0425;0.0000;2.0000;NULL;NULL;-0.1822;-0.5639;0.3600;11.5077;347.9927;5.3407;-0.1806;-0.5614;0.3523;10.6369;347.9550;5.0245;1;NULL;-0.1991;-0.5858;0.2653;359.0307;357.1009;111.6446;Palm;NULL;NULL;NULL;NULL;NULL;NULL;NULL;NULL;NULL;NULL;NULL;NULL;NULL;-2.1131;-1.8143;0.0061;0.0000;97.4344;0.0000;0.0000;0.0000;0.0000;0.0000;0.0000;0.0000;0;NULL;0.0472;-0.1233;0.4267;317.0698;11.2054;311.7256;Palm;NULL;e7fb662b-8755-4a6e-83bf-a1c391efb0ae;4.2534;NULL;6;Embodied;3;Skew;OpenLoop;6;LineBisectionFirst;NULL;NULL;NULL;NULL;NULL;NULL;OpenLoop;2.5244;2026-05-21 13:33:15.8271;Hands;9;10;OpenXR
NULL;Right;NULL;NULL;Post;NULL;OppositeHandTrigger;NULL;NULL;NULL;NULL;NULL;NULL;NULL;NULL;NULL;NULL;None;anonymous;NULL;Trial Started;TaskEvent;Participant;17086;e415d636-246b-4bb6-aecc-2216ac17849f;NULL;-0.0112;-0.0123;0.0167;4.8744;0.2430;2.1708;NULL;NULL;NULL;NULL;NULL;NULL;NULL;NULL;NULL;-0.1822;-0.5639;0.3600;11.5077;347.9927;5.3407;-0.1806;-0.5614;0.3523;10.6369;347.9550;5.0245;1;NULL;-0.1991;-0.5858;0.2653;359.0307;357.1009;111.6446;Palm;NULL;NULL;NULL;NULL;NULL;NULL;NULL;NULL;NULL;NULL;NULL;NULL;NULL;-2.1131;-1.8143;0.0061;0.0000;97.4344;0.0000;0.0000;0.0000;0.0000;0.0000;0.0000;0.0000;0;NULL;0.0472;-0.1233;0.4267;317.0698;11.2054;311.7256;Palm;NULL;e7fb662b-8755-4a6e-83bf-a1c391efb0ae;NULL;NULL;6;Embodied;3;Skew;OpenLoop;6;LineBisectionFirst;NULL;NULL;0.0300;0.0000;0.0000;2.0000;OpenLoop;0.0000;2026-05-21 13:33:15.8286;Hands;10;10;OpenXR
NULL;Right;NULL;NULL;Post;NULL;OppositeHandTrigger;NULL;NULL;NULL;NULL;NULL;NULL;NULL;NULL;NULL;NULL;None;anonymous;NULL;Trial Accepted;TaskEvent;Participant;17444;e415d636-246b-4bb6-aecc-2216ac17849f;NULL;-0.0116;-0.0149;0.0236;5.8145;0.1709;2.0457;NULL;NULL;NULL;NULL;0.0992;0.0000;2.0000;NULL;NULL;-0.1824;-0.5637;0.3599;11.6055;348.1811;5.2502;-0.1788;-0.5612;0.3521;10.9164;348.9219;5.0902;1;NULL;-0.1991;-0.5860;0.2656;0.4199;357.0906;113.4968;Palm;NULL;NULL;NULL;NULL;NULL;NULL;NULL;NULL;NULL;NULL;NULL;NULL;NULL;-2.1131;-1.8143;0.0061;0.0000;97.4344;0.0000;0.0000;0.0000;0.0000;0.0000;0.0000;0.0000;0;NULL;0.0492;-0.1157;0.4249;315.6943;5.0785;320.0882;Palm;NULL;e7fb662b-8755-4a6e-83bf-a1c391efb0ae;9.9187;NULL;6;Embodied;3;Skew;OpenLoop;6;LineBisectionFirst;NULL;NULL;NULL;NULL;NULL;NULL;OpenLoop;2.9825;2026-05-21 13:33:18.8092;Hands;10;10;OpenXR
NULL;Right;-0.8133;NULL;Post;NULL;OppositeHandTrigger;NULL;NULL;NULL;NULL;NULL;NULL;NULL;NULL;NULL;NULL;None;anonymous;NULL;Block Completed;BlockEvent;Participant;17444;e415d636-246b-4bb6-aecc-2216ac17849f;NULL;-0.0116;-0.0149;0.0236;5.8145;0.1709;2.0457;NULL;NULL;NULL;NULL;NULL;NULL;NULL;NULL;NULL;-0.1824;-0.5637;0.3599;11.6055;348.1811;5.2502;-0.1788;-0.5612;0.3521;10.9164;348.9219;5.0902;1;NULL;-0.1991;-0.5860;0.2656;0.4199;357.0906;113.4968;Palm;NULL;NULL;NULL;9.3176;NULL;NULL;NULL;NULL;NULL;NULL;NULL;NULL;NULL;-2.1131;-1.8143;0.0061;0.0000;97.4344;0.0000;0.0000;0.0000;0.0000;0.0000;0.0000;0.0000;0;NULL;0.0492;-0.1157;0.4249;315.6943;5.0785;320.0882;Palm;4.0423;e7fb662b-8755-4a6e-83bf-a1c391efb0ae;NULL;NULL;6;Embodied;3;Skew;OpenLoop;6;LineBisectionFirst;NULL;NULL;NULL;NULL;NULL;NULL;OpenLoop;0.0000;2026-05-21 13:33:18.8118;Hands;NULL;10;OpenXR
NULL;Right;NULL;NULL;Post;NULL;OppositeHandTrigger;NULL;NULL;NULL;NULL;NULL;NULL;NULL;NULL;NULL;NULL;None;anonymous;NULL;Game Finished;GameEvent;Participant;17444;e415d636-246b-4bb6-aecc-2216ac17849f;NULL;-0.0116;-0.0149;0.0236;5.8145;0.1709;2.0457;NULL;NULL;NULL;NULL;NULL;NULL;NULL;NULL;NULL;-0.1824;-0.5637;0.3599;11.6055;348.1811;5.2502;-0.1788;-0.5612;0.3521;10.9164;348.9219;5.0902;1;NULL;-0.1991;-0.5860;0.2656;0.4199;357.0906;113.4968;Palm;NULL;NULL;NULL;NULL;NULL;NULL;NULL;NULL;NULL;NULL;NULL;NULL;NULL;-2.1131;-1.8143;0.0061;0.0000;97.4344;0.0000;0.0000;0.0000;0.0000;0.0000;0.0000;0.0000;0;NULL;0.0492;-0.1157;0.4249;315.6943;5.0785;320.0882;Palm;NULL;e7fb662b-8755-4a6e-83bf-a1c391efb0ae;NULL;NULL;6;Embodied;3;Skew;OpenLoop;6;LineBisectionFirst;NULL;NULL;NULL;NULL;NULL;NULL;OpenLoop;0.0000;2026-05-21 13:33:18.8133;Hands;NULL;NULL;OpenXR
NULL;Right;NULL;NULL;Post;NULL;OppositeHandTrigger;NULL;NULL;NULL;NULL;NULL;NULL;NULL;NULL;NULL;NULL;None;anonymous;NULL;Experiment Completed;GameEvent;Participant;17444;e415d636-246b-4bb6-aecc-2216ac17849f;NULL;-0.0116;-0.0149;0.0236;5.8145;0.1709;2.0457;NULL;NULL;NULL;NULL;NULL;NULL;NULL;NULL;NULL;-0.1824;-0.5637;0.3599;11.6055;348.1811;5.2502;-0.1788;-0.5612;0.3521;10.9164;348.9219;5.0902;1;NULL;-0.1991;-0.5860;0.2656;0.4199;357.0906;113.4968;Palm;NULL;NULL;NULL;NULL;NULL;NULL;NULL;NULL;NULL;NULL;NULL;NULL;NULL;-2.1131;-1.8143;0.0061;0.0000;97.4344;0.0000;0.0000;0.0000;0.0000;0.0000;0.0000;0.0000;0;NULL;0.0492;-0.1157;0.4249;315.6943;5.0785;320.0882;Palm;NULL;e7fb662b-8755-4a6e-83bf-a1c391efb0ae;NULL;NULL;6;Embodied;3;Skew;OpenLoop;6;LineBisectionFirst;NULL;NULL;NULL;NULL;NULL;NULL;OpenLoop;0.0000;2026-05-21 13:33:18.8149;Hands;NULL;NULL;OpenXR
