Accuracy01;ActiveHand;AfterEffectCm;AttemptIndex;BlockType;ChoiceSide;ConfirmMitigationMode;CurrentMoleToHitId;CurrentMoleToHitIndexX;CurrentMoleToHitIndexY;CurrentMoleToHitPositionLocalX;CurrentMoleToHitPositionLocalY;CurrentMoleToHitPositionLocalZ;CurrentMoleToHitPositionWorldX;CurrentMoleToHitPositionWorldY;CurrentMoleToHitPositionWorldZ;DeltaAccuracyPct;EffectMode;Email;ErrorCm;Event;EventType;Framecount;GameId;GapMeters;HeadCameraPosWorldX;HeadCameraPosWorldY;HeadCameraPosWorldZ;HeadCameraRotEulerX;HeadCameraRotEulerY;HeadCameraRotEulerZ;HitDistanceMeters;HitPositionWorldX;HitPositionWorldY;HitPositionWorldZ;HitWorldX;HitWorldY;HitWorldZ;IsCorrect;IsHit;LeftControllerLaserPosWorldX;LeftControllerLaserPosWorldY;LeftControllerLaserPosWorldZ;LeftControllerLaserRotEulerX;LeftControllerLaserRotEulerY;LeftControllerLaserRotEulerZ;LeftControllerPosWorldX;LeftControllerPosWorldY;LeftControllerPosWorldZ;LeftControllerRotEulerX;LeftControllerRotEulerY;LeftControllerRotEulerZ;LeftControllerTrigger;LeftLengthMeters;LeftMovementAnchorPosWorldX;LeftMovementAnchorPosWorldY;LeftMovementAnchorPosWorldZ;LeftMovementAnchorRotEulerX;LeftMovementAnchorRotEulerY;LeftMovementAnchorRotEulerZ;LeftMovementAnchorSource;LineLengthMeters;LineZMeters;LongerSide;MeanCm;MoleId;MoleIndexX;MoleIndexY;MolePositionLocalX;MolePositionLocalY;MolePositionLocalZ;MolePositionWorldX;MolePositionWorldY;MolePositionWorldZ;RightControllerLaserPosWorldX;RightControllerLaserPosWorldY;RightControllerLaserPosWorldZ;RightControllerLaserRotEulerX;RightControllerLaserRotEulerY;RightControllerLaserRotEulerZ;RightControllerPosWorldX;RightControllerPosWorldY;RightControllerPosWorldZ;RightControllerRotEulerX;RightControllerRotEulerY;RightControllerRotEulerZ;RightControllerTrigger;RightLengthMeters;RightMovementAnchorPosWorldX;RightMovementAnchorPosWorldY;RightMovementAnchorPosWorldZ;RightMovementAnchorRotEulerX;RightMovementAnchorRotEulerY;RightMovementAnchorRotEulerZ;RightMovementAnchorSource;SdCm;SessionID;SignedOffsetCm;SourceTaskMode;SuccessCount;TargetIndex;TargetRadiusMeters;TargetWorldX;TargetWorldY;TargetWorldZ;TaskMode;TimeSinceLastEvent;Timestamp;TrackingMode;TrialIndex;TrialsPerBlock;XRBackend
NULL;Right;NULL;NULL;Baseline;NULL;NoMitigation;NULL;NULL;NULL;NULL;NULL;NULL;NULL;NULL;NULL;NULL;None;anonymous;NULL;Game Started;GameEvent;1;8e120f03-0d4b-42bd-8227-9160ece8e376;NULL;0.0000;0.3614;0.0000;0.0000;0.0000;0.0000;NULL;NULL;NULL;NULL;NULL;NULL;NULL;NULL;NULL;0.0000;0.3614;0.0075;0.0000;0.0000;0.0000;0.0000;0.0000;0.0000;0.0000;0.0000;0.0000;0;NULL;0.0000;0.0000;0.0000;0.0000;0.0000;0.0000;ControllerBody;NULL;NULL;NULL;NULL;NULL;NULL;NULL;NULL;NULL;NULL;NULL;NULL;NULL;0.0000;0.3614;0.0075;0.0000;0.0000;0.0000;0.0000;0.0000;0.0000;0.0000;0.0000;0.0000;0;NULL;0.0000;0.0000;0.0000;0.0000;0.0000;0.0000;ControllerBody;NULL;a08a302b-aead-4f6e-a9a6-2a0b3992ba8e;NULL;NULL;NULL;NULL;NULL;NULL;NULL;NULL;OpenLoop;0.0000;2026-03-26 11:07:56.8032;Controllers;NULL;NULL;OpenXR
NULL;Right;NULL;NULL;Baseline;NULL;NoMitigation;NULL;NULL;NULL;NULL;NULL;NULL;NULL;NULL;NULL;NULL;None;anonymous;NULL;Block Started;BlockEvent;1;8e120f03-0d4b-42bd-8227-9160ece8e376;NULL;0.0000;0.3614;0.0000;0.0000;0.0000;0.0000;NULL;NULL;NULL;NULL;NULL;NULL;NULL;NULL;NULL;0.0000;0.3614;0.0075;0.0000;0.0000;0.0000;0.0000;0.0000;0.0000;0.0000;0.0000;0.0000;0;NULL;0.0000;0.0000;0.0000;0.0000;0.0000;0.0000;ControllerBody;NULL;NULL;NULL;NULL;NULL;NULL;NULL;NULL;NULL;NULL;NULL;NULL;NULL;0.0000;0.3614;0.0075;0.0000;0.0000;0.0000;0.0000;0.0000;0.0000;0.0000;0.0000;0.0000;0;NULL;0.0000;0.0000;0.0000;0.0000;0.0000;0.0000;ControllerBody;NULL;a08a302b-aead-4f6e-a9a6-2a0b3992ba8e;NULL;NULL;NULL;NULL;NULL;NULL;NULL;NULL;OpenLoop;0.0000;2026-03-26 11:07:56.8052;Controllers;NULL;NULL;OpenXR
NULL;Right;NULL;NULL;Baseline;NULL;NoMitigation;NULL;NULL;NULL;NULL;NULL;NULL;NULL;NULL;NULL;NULL;None;anonymous;NULL;Trial Started;TaskEvent;1;8e120f03-0d4b-42bd-8227-9160ece8e376;NULL;0.0000;0.3614;0.0000;0.0000;0.0000;0.0000;NULL;NULL;NULL;NULL;NULL;NULL;NULL;NULL;NULL;0.0000;0.3614;0.0075;0.0000;0.0000;0.0000;0.0000;0.0000;0.0000;0.0000;0.0000;0.0000;0;NULL;0.0000;0.0000;0.0000;0.0000;0.0000;0.0000;ControllerBody;NULL;NULL;NULL;NULL;NULL;NULL;NULL;NULL;NULL;NULL;NULL;NULL;NULL;0.0000;0.3614;0.0075;0.0000;0.0000;0.0000;0.0000;0.0000;0.0000;0.0000;0.0000;0.0000;0;NULL;0.0000;0.0000;0.0000;0.0000;0.0000;0.0000;ControllerBody;NULL;a08a302b-aead-4f6e-a9a6-2a0b3992ba8e;NULL;NULL;NULL;NULL;0.0300;0.0000;0.0000;2.0000;OpenLoop;0.0000;2026-03-26 11:07:56.8068;Controllers;1;30;OpenXR
NULL;Right;NULL;NULL;Baseline;NULL;NoMitigation;NULL;NULL;NULL;NULL;NULL;NULL;NULL;NULL;NULL;NULL;None;anonymous;NULL;Trial Accepted;TaskEvent;1440;8e120f03-0d4b-42bd-8227-9160ece8e376;NULL;-0.0169;0.0052;-0.0384;356.0830;357.8708;0.4175;NULL;NULL;NULL;NULL;-0.0204;0.0000;2.0000;NULL;NULL;0.0192;-1.3611;0.0065;0.0000;11.2316;0.0000;0.0000;0.0000;0.0000;0.0000;0.0000;0.0000;0;NULL;0.0000;0.0000;0.0000;0.0000;0.0000;0.0000;ControllerBody;NULL;NULL;NULL;NULL;NULL;NULL;NULL;NULL;NULL;NULL;NULL;NULL;NULL;0.0165;-0.0189;0.5449;355.9798;358.5488;0.9050;0.0155;-0.0183;0.5401;355.8119;358.8169;1.3787;1;NULL;0.0155;-0.0183;0.5401;355.8119;358.8169;1.3787;ControllerBody;NULL;a08a302b-aead-4f6e-a9a6-2a0b3992ba8e;-2.0374;NULL;NULL;NULL;NULL;NULL;NULL;NULL;OpenLoop;12.8079;2026-03-26 11:08:13.3037;Controllers;1;30;OpenXR
NULL;Right;NULL;NULL;Baseline;NULL;NoMitigation;NULL;NULL;NULL;NULL;NULL;NULL;NULL;NULL;NULL;NULL;None;anonymous;NULL;Trial Started;TaskEvent;1440;8e120f03-0d4b-42bd-8227-9160ece8e376;NULL;-0.0169;0.0052;-0.0384;356.0830;357.8708;0.4175;NULL;NULL;NULL;NULL;NULL;NULL;NULL;NULL;NULL;0.0192;-1.3611;0.0065;0.0000;11.2316;0.0000;0.0000;0.0000;0.0000;0.0000;0.0000;0.0000;0;NULL;0.0000;0.0000;0.0000;0.0000;0.0000;0.0000;ControllerBody;NULL;NULL;NULL;NULL;NULL;NULL;NULL;NULL;NULL;NULL;NULL;NULL;NULL;0.0165;-0.0189;0.5449;355.9798;358.5488;0.9050;0.0155;-0.0183;0.5401;355.8119;358.8169;1.3787;1;NULL;0.0155;-0.0183;0.5401;355.8119;358.8169;1.3787;ControllerBody;NULL;a08a302b-aead-4f6e-a9a6-2a0b3992ba8e;NULL;NULL;NULL;NULL;0.0300;0.0000;0.0000;2.0000;OpenLoop;0.0000;2026-03-26 11:08:13.3068;Controllers;2;30;OpenXR
NULL;Right;NULL;NULL;Baseline;NULL;NoMitigation;NULL;NULL;NULL;NULL;NULL;NULL;NULL;NULL;NULL;NULL;None;anonymous;NULL;Trial Accepted;TaskEvent;1495;8e120f03-0d4b-42bd-8227-9160ece8e376;NULL;-0.0145;0.0054;-0.0368;356.1604;358.0998;0.1810;NULL;NULL;NULL;NULL;-0.0163;0.0000;2.0000;NULL;NULL;0.0192;-1.3611;0.0065;0.0000;11.2316;0.0000;0.0000;0.0000;0.0000;0.0000;0.0000;0.0000;0;NULL;0.0000;0.0000;0.0000;0.0000;0.0000;0.0000;ControllerBody;NULL;NULL;NULL;NULL;NULL;NULL;NULL;NULL;NULL;NULL;NULL;NULL;NULL;0.0165;-0.0187;0.5456;355.7724;358.7057;1.2477;0.0178;-0.0184;0.5386;355.4243;358.7352;1.3665;1;NULL;0.0178;-0.0184;0.5386;355.4243;358.7352;1.3665;ControllerBody;NULL;a08a302b-aead-4f6e-a9a6-2a0b3992ba8e;-1.6332;NULL;NULL;NULL;NULL;NULL;NULL;NULL;OpenLoop;0.5087;2026-03-26 11:08:13.8073;Controllers;2;30;OpenXR
NULL;Right;NULL;NULL;Baseline;NULL;NoMitigation;NULL;NULL;NULL;NULL;NULL;NULL;NULL;NULL;NULL;NULL;None;anonymous;NULL;Trial Started;TaskEvent;1495;8e120f03-0d4b-42bd-8227-9160ece8e376;NULL;-0.0145;0.0054;-0.0368;356.1604;358.0998;0.1810;NULL;NULL;NULL;NULL;NULL;NULL;NULL;NULL;NULL;0.0192;-1.3611;0.0065;0.0000;11.2316;0.0000;0.0000;0.0000;0.0000;0.0000;0.0000;0.0000;0;NULL;0.0000;0.0000;0.0000;0.0000;0.0000;0.0000;ControllerBody;NULL;NULL;NULL;NULL;NULL;NULL;NULL;NULL;NULL;NULL;NULL;NULL;NULL;0.0165;-0.0187;0.5456;355.7724;358.7057;1.2477;0.0178;-0.0184;0.5386;355.4243;358.7352;1.3665;1;NULL;0.0178;-0.0184;0.5386;355.4243;358.7352;1.3665;ControllerBody;NULL;a08a302b-aead-4f6e-a9a6-2a0b3992ba8e;NULL;NULL;NULL;NULL;0.0300;0.0000;0.0000;2.0000;OpenLoop;0.0000;2026-03-26 11:08:13.8104;Controllers;3;30;OpenXR
NULL;Right;NULL;NULL;Baseline;NULL;NoMitigation;NULL;NULL;NULL;NULL;NULL;NULL;NULL;NULL;NULL;NULL;None;anonymous;NULL;Trial Accepted;TaskEvent;1556;8e120f03-0d4b-42bd-8227-9160ece8e376;NULL;-0.0121;0.0060;-0.0370;355.8186;358.7514;359.9111;NULL;NULL;NULL;NULL;-0.0169;0.0000;2.0000;NULL;NULL;0.0192;-1.3611;0.0065;0.0000;11.2316;0.0000;0.0000;0.0000;0.0000;0.0000;0.0000;0.0000;0;NULL;0.0000;0.0000;0.0000;0.0000;0.0000;0.0000;ControllerBody;NULL;NULL;NULL;NULL;NULL;NULL;NULL;NULL;NULL;NULL;NULL;NULL;NULL;0.0168;-0.0188;0.5457;355.7137;358.6717;1.4866;0.0184;-0.0182;0.5371;355.1790;358.6989;1.5456;1;NULL;0.0184;-0.0182;0.5371;355.1790;358.6989;1.5456;ControllerBody;NULL;a08a302b-aead-4f6e-a9a6-2a0b3992ba8e;-1.6897;NULL;NULL;NULL;NULL;NULL;NULL;NULL;OpenLoop;0.5577;2026-03-26 11:08:14.3658;Controllers;3;30;OpenXR
NULL;Right;NULL;NULL;Baseline;NULL;NoMitigation;NULL;NULL;NULL;NULL;NULL;NULL;NULL;NULL;NULL;NULL;None;anonymous;NULL;Trial Started;TaskEvent;1556;8e120f03-0d4b-42bd-8227-9160ece8e376;NULL;-0.0121;0.0060;-0.0370;355.8186;358.7514;359.9111;NULL;NULL;NULL;NULL;NULL;NULL;NULL;NULL;NULL;0.0192;-1.3611;0.0065;0.0000;11.2316;0.0000;0.0000;0.0000;0.0000;0.0000;0.0000;0.0000;0;NULL;0.0000;0.0000;0.0000;0.0000;0.0000;0.0000;ControllerBody;NULL;NULL;NULL;NULL;NULL;NULL;NULL;NULL;NULL;NULL;NULL;NULL;NULL;0.0168;-0.0188;0.5457;355.7137;358.6717;1.4866;0.0184;-0.0182;0.5371;355.1790;358.6989;1.5456;1;NULL;0.0184;-0.0182;0.5371;355.1790;358.6989;1.5456;ControllerBody;NULL;a08a302b-aead-4f6e-a9a6-2a0b3992ba8e;NULL;NULL;NULL;NULL;0.0300;0.0000;0.0000;2.0000;OpenLoop;0.0000;2026-03-26 11:08:14.3705;Controllers;4;30;OpenXR
NULL;Right;NULL;NULL;Baseline;NULL;NoMitigation;NULL;NULL;NULL;NULL;NULL;NULL;NULL;NULL;NULL;NULL;None;anonymous;NULL;Trial Accepted;TaskEvent;1621;8e120f03-0d4b-42bd-8227-9160ece8e376;NULL;-0.0125;0.0044;-0.0368;356.6666;358.6768;359.9018;NULL;NULL;NULL;NULL;-0.0244;0.0000;2.0000;NULL;NULL;0.0192;-1.3611;0.0065;0.0000;11.2316;0.0000;0.0000;0.0000;0.0000;0.0000;0.0000;0.0000;0;NULL;0.0000;0.0000;0.0000;0.0000;0.0000;0.0000;ControllerBody;NULL;NULL;NULL;NULL;NULL;NULL;NULL;NULL;NULL;NULL;NULL;NULL;NULL;0.0177;-0.0164;0.5449;356.9279;358.3443;1.2769;0.0178;-0.0136;0.5363;357.5283;357.9662;1.2366;1;NULL;0.0178;-0.0136;0.5363;357.5283;357.9662;1.2366;ControllerBody;NULL;a08a302b-aead-4f6e-a9a6-2a0b3992ba8e;-2.4398;NULL;NULL;NULL;NULL;NULL;NULL;NULL;OpenLoop;0.6164;2026-03-26 11:08:14.9820;Controllers;4;30;OpenXR
NULL;Right;NULL;NULL;Baseline;NULL;NoMitigation;NULL;NULL;NULL;NULL;NULL;NULL;NULL;NULL;NULL;NULL;None;anonymous;NULL;Trial Started;TaskEvent;1621;8e120f03-0d4b-42bd-8227-9160ece8e376;NULL;-0.0125;0.0044;-0.0368;356.6666;358.6768;359.9018;NULL;NULL;NULL;NULL;NULL;NULL;NULL;NULL;NULL;0.0192;-1.3611;0.0065;0.0000;11.2316;0.0000;0.0000;0.0000;0.0000;0.0000;0.0000;0.0000;0;NULL;0.0000;0.0000;0.0000;0.0000;0.0000;0.0000;ControllerBody;NULL;NULL;NULL;NULL;NULL;NULL;NULL;NULL;NULL;NULL;NULL;NULL;NULL;0.0177;-0.0164;0.5449;356.9279;358.3443;1.2769;0.0178;-0.0136;0.5363;357.5283;357.9662;1.2366;1;NULL;0.0178;-0.0136;0.5363;357.5283;357.9662;1.2366;ControllerBody;NULL;a08a302b-aead-4f6e-a9a6-2a0b3992ba8e;NULL;NULL;NULL;NULL;0.0300;0.0000;0.0000;2.0000;OpenLoop;0.0000;2026-03-26 11:08:14.9851;Controllers;5;30;OpenXR
NULL;Right;NULL;NULL;Baseline;NULL;NoMitigation;NULL;NULL;NULL;NULL;NULL;NULL;NULL;NULL;NULL;NULL;None;anonymous;NULL;Trial Accepted;TaskEvent;1677;8e120f03-0d4b-42bd-8227-9160ece8e376;NULL;-0.0128;0.0026;-0.0356;357.4823;358.7350;359.8380;NULL;NULL;NULL;NULL;-0.0213;0.0000;2.0000;NULL;NULL;0.0192;-1.3611;0.0065;0.0000;11.2316;0.0000;0.0000;0.0000;0.0000;0.0000;0.0000;0.0000;0;NULL;0.0000;0.0000;0.0000;0.0000;0.0000;0.0000;ControllerBody;NULL;NULL;NULL;NULL;NULL;NULL;NULL;NULL;NULL;NULL;NULL;NULL;NULL;0.0180;-0.0147;0.5454;357.7183;358.4529;1.0521;0.0177;-0.0114;0.5393;358.1002;358.7363;1.3139;1;NULL;0.0177;-0.0114;0.5393;358.1002;358.7363;1.3139;ControllerBody;NULL;a08a302b-aead-4f6e-a9a6-2a0b3992ba8e;-2.1279;NULL;NULL;NULL;NULL;NULL;NULL;NULL;OpenLoop;0.5000;2026-03-26 11:08:15.4817;Controllers;5;30;OpenXR
NULL;Right;NULL;NULL;Baseline;NULL;NoMitigation;NULL;NULL;NULL;NULL;NULL;NULL;NULL;NULL;NULL;NULL;None;anonymous;NULL;Trial Started;TaskEvent;1677;8e120f03-0d4b-42bd-8227-9160ece8e376;NULL;-0.0128;0.0026;-0.0356;357.4823;358.7350;359.8380;NULL;NULL;NULL;NULL;NULL;NULL;NULL;NULL;NULL;0.0192;-1.3611;0.0065;0.0000;11.2316;0.0000;0.0000;0.0000;0.0000;0.0000;0.0000;0.0000;0;NULL;0.0000;0.0000;0.0000;0.0000;0.0000;0.0000;ControllerBody;NULL;NULL;NULL;NULL;NULL;NULL;NULL;NULL;NULL;NULL;NULL;NULL;NULL;0.0180;-0.0147;0.5454;357.7183;358.4529;1.0521;0.0177;-0.0114;0.5393;358.1002;358.7363;1.3139;1;NULL;0.0177;-0.0114;0.5393;358.1002;358.7363;1.3139;ControllerBody;NULL;a08a302b-aead-4f6e-a9a6-2a0b3992ba8e;NULL;NULL;NULL;NULL;0.0300;0.0000;0.0000;2.0000;OpenLoop;0.0000;2026-03-26 11:08:15.4838;Controllers;6;30;OpenXR
NULL;Right;NULL;NULL;Baseline;NULL;NoMitigation;NULL;NULL;NULL;NULL;NULL;NULL;NULL;NULL;NULL;NULL;None;anonymous;NULL;Trial Accepted;TaskEvent;1733;8e120f03-0d4b-42bd-8227-9160ece8e376;NULL;-0.0119;0.0033;-0.0351;357.3713;358.9212;359.8251;NULL;NULL;NULL;NULL;-0.0154;0.0000;2.0000;NULL;NULL;0.0192;-1.3611;0.0065;0.0000;11.2316;0.0000;0.0000;0.0000;0.0000;0.0000;0.0000;0.0000;0;NULL;0.0000;0.0000;0.0000;0.0000;0.0000;0.0000;ControllerBody;NULL;NULL;NULL;NULL;NULL;NULL;NULL;NULL;NULL;NULL;NULL;NULL;NULL;0.0169;-0.0126;0.5460;357.8623;358.7271;1.3956;0.0151;-0.0105;0.5389;357.6411;358.8477;1.9173;1;NULL;0.0151;-0.0105;0.5389;357.6411;358.8477;1.9173;ControllerBody;NULL;a08a302b-aead-4f6e-a9a6-2a0b3992ba8e;-1.5418;NULL;NULL;NULL;NULL;NULL;NULL;NULL;OpenLoop;0.4921;2026-03-26 11:08:15.9731;Controllers;6;30;OpenXR
NULL;Right;NULL;NULL;Baseline;NULL;NoMitigation;NULL;NULL;NULL;NULL;NULL;NULL;NULL;NULL;NULL;NULL;None;anonymous;NULL;Trial Started;TaskEvent;1733;8e120f03-0d4b-42bd-8227-9160ece8e376;NULL;-0.0119;0.0033;-0.0351;357.3713;358.9212;359.8251;NULL;NULL;NULL;NULL;NULL;NULL;NULL;NULL;NULL;0.0192;-1.3611;0.0065;0.0000;11.2316;0.0000;0.0000;0.0000;0.0000;0.0000;0.0000;0.0000;0;NULL;0.0000;0.0000;0.0000;0.0000;0.0000;0.0000;ControllerBody;NULL;NULL;NULL;NULL;NULL;NULL;NULL;NULL;NULL;NULL;NULL;NULL;NULL;0.0169;-0.0126;0.5460;357.8623;358.7271;1.3956;0.0151;-0.0105;0.5389;357.6411;358.8477;1.9173;1;NULL;0.0151;-0.0105;0.5389;357.6411;358.8477;1.9173;ControllerBody;NULL;a08a302b-aead-4f6e-a9a6-2a0b3992ba8e;NULL;NULL;NULL;NULL;0.0300;0.0000;0.0000;2.0000;OpenLoop;0.0000;2026-03-26 11:08:15.9762;Controllers;7;30;OpenXR
NULL;Right;NULL;NULL;Baseline;NULL;NoMitigation;NULL;NULL;NULL;NULL;NULL;NULL;NULL;NULL;NULL;NULL;None;anonymous;NULL;Trial Accepted;TaskEvent;1787;8e120f03-0d4b-42bd-8227-9160ece8e376;NULL;-0.0115;0.0033;-0.0342;357.3777;358.9974;359.8138;NULL;NULL;NULL;NULL;-0.0160;0.0000;2.0000;NULL;NULL;0.0192;-1.3611;0.0065;0.0000;11.2316;0.0000;0.0000;0.0000;0.0000;0.0000;0.0000;0.0000;0;NULL;0.0000;0.0000;0.0000;0.0000;0.0000;0.0000;ControllerBody;NULL;NULL;NULL;NULL;NULL;NULL;NULL;NULL;NULL;NULL;NULL;NULL;NULL;0.0158;-0.0110;0.5465;357.8180;358.7482;1.5747;0.0132;-0.0103;0.5397;357.9368;358.5319;1.7496;1;NULL;0.0132;-0.0103;0.5397;357.9368;358.5319;1.7496;ControllerBody;NULL;a08a302b-aead-4f6e-a9a6-2a0b3992ba8e;-1.5953;NULL;NULL;NULL;NULL;NULL;NULL;NULL;OpenLoop;0.5078;2026-03-26 11:08:16.4824;Controllers;7;30;OpenXR
NULL;Right;NULL;NULL;Baseline;NULL;NoMitigation;NULL;NULL;NULL;NULL;NULL;NULL;NULL;NULL;NULL;NULL;None;anonymous;NULL;Trial Started;TaskEvent;1787;8e120f03-0d4b-42bd-8227-9160ece8e376;NULL;-0.0115;0.0033;-0.0342;357.3777;358.9974;359.8138;NULL;NULL;NULL;NULL;NULL;NULL;NULL;NULL;NULL;0.0192;-1.3611;0.0065;0.0000;11.2316;0.0000;0.0000;0.0000;0.0000;0.0000;0.0000;0.0000;0;NULL;0.0000;0.0000;0.0000;0.0000;0.0000;0.0000;ControllerBody;NULL;NULL;NULL;NULL;NULL;NULL;NULL;NULL;NULL;NULL;NULL;NULL;NULL;0.0158;-0.0110;0.5465;357.8180;358.7482;1.5747;0.0132;-0.0103;0.5397;357.9368;358.5319;1.7496;1;NULL;0.0132;-0.0103;0.5397;357.9368;358.5319;1.7496;ControllerBody;NULL;a08a302b-aead-4f6e-a9a6-2a0b3992ba8e;NULL;NULL;NULL;NULL;0.0300;0.0000;0.0000;2.0000;OpenLoop;0.0000;2026-03-26 11:08:16.4860;Controllers;8;30;OpenXR
NULL;Right;NULL;NULL;Baseline;NULL;NoMitigation;NULL;NULL;NULL;NULL;NULL;NULL;NULL;NULL;NULL;NULL;None;anonymous;NULL;Trial Accepted;TaskEvent;1949;8e120f03-0d4b-42bd-8227-9160ece8e376;NULL;-0.0124;0.0039;-0.0334;357.0387;358.8253;359.8995;NULL;NULL;NULL;NULL;-0.0259;0.0000;2.0000;NULL;NULL;0.0192;-1.3611;0.0065;0.0000;11.2316;0.0000;0.0000;0.0000;0.0000;0.0000;0.0000;0.0000;0;NULL;0.0000;0.0000;0.0000;0.0000;0.0000;0.0000;ControllerBody;NULL;NULL;NULL;NULL;NULL;NULL;NULL;NULL;NULL;NULL;NULL;NULL;NULL;0.0148;-0.0087;0.5464;359.3047;358.3971;0.2314;0.0159;-0.0053;0.5382;359.1313;358.6194;0.4889;1;NULL;0.0159;-0.0053;0.5382;359.1313;358.6194;0.4889;ControllerBody;NULL;a08a302b-aead-4f6e-a9a6-2a0b3992ba8e;-2.5862;NULL;NULL;NULL;NULL;NULL;NULL;NULL;OpenLoop;1.3586;2026-03-26 11:08:17.8388;Controllers;8;30;OpenXR
NULL;Right;NULL;NULL;Baseline;NULL;NoMitigation;NULL;NULL;NULL;NULL;NULL;NULL;NULL;NULL;NULL;NULL;None;anonymous;NULL;Trial Started;TaskEvent;1949;8e120f03-0d4b-42bd-8227-9160ece8e376;NULL;-0.0124;0.0039;-0.0334;357.0387;358.8253;359.8995;NULL;NULL;NULL;NULL;NULL;NULL;NULL;NULL;NULL;0.0192;-1.3611;0.0065;0.0000;11.2316;0.0000;0.0000;0.0000;0.0000;0.0000;0.0000;0.0000;0;NULL;0.0000;0.0000;0.0000;0.0000;0.0000;0.0000;ControllerBody;NULL;NULL;NULL;NULL;NULL;NULL;NULL;NULL;NULL;NULL;NULL;NULL;NULL;0.0148;-0.0087;0.5464;359.3047;358.3971;0.2314;0.0159;-0.0053;0.5382;359.1313;358.6194;0.4889;1;NULL;0.0159;-0.0053;0.5382;359.1313;358.6194;0.4889;ControllerBody;NULL;a08a302b-aead-4f6e-a9a6-2a0b3992ba8e;NULL;NULL;NULL;NULL;0.0300;0.0000;0.0000;2.0000;OpenLoop;0.0000;2026-03-26 11:08:17.8413;Controllers;9;30;OpenXR
NULL;Right;NULL;NULL;Baseline;NULL;NoMitigation;NULL;NULL;NULL;NULL;NULL;NULL;NULL;NULL;NULL;NULL;None;anonymous;NULL;Trial Accepted;TaskEvent;2033;8e120f03-0d4b-42bd-8227-9160ece8e376;NULL;-0.0115;0.0042;-0.0334;357.1006;358.9204;359.8320;NULL;NULL;NULL;NULL;-0.0252;0.0000;2.0000;NULL;NULL;0.0192;-1.3611;0.0065;0.0000;11.2316;0.0000;0.0000;0.0000;0.0000;0.0000;0.0000;0.0000;0;NULL;0.0000;0.0000;0.0000;0.0000;0.0000;0.0000;ControllerBody;NULL;NULL;NULL;NULL;NULL;NULL;NULL;NULL;NULL;NULL;NULL;NULL;NULL;0.0148;-0.0078;0.5462;359.2741;358.4255;0.6693;0.0155;-0.0064;0.5382;358.9540;358.5938;1.2592;1;NULL;0.0155;-0.0064;0.5382;358.9540;358.5938;1.2592;ControllerBody;NULL;a08a302b-aead-4f6e-a9a6-2a0b3992ba8e;-2.5197;NULL;NULL;NULL;NULL;NULL;NULL;NULL;OpenLoop;0.6997;2026-03-26 11:08:18.5393;Controllers;9;30;OpenXR
NULL;Right;NULL;NULL;Baseline;NULL;NoMitigation;NULL;NULL;NULL;NULL;NULL;NULL;NULL;NULL;NULL;NULL;None;anonymous;NULL;Trial Started;TaskEvent;2033;8e120f03-0d4b-42bd-8227-9160ece8e376;NULL;-0.0115;0.0042;-0.0334;357.1006;358.9204;359.8320;NULL;NULL;NULL;NULL;NULL;NULL;NULL;NULL;NULL;0.0192;-1.3611;0.0065;0.0000;11.2316;0.0000;0.0000;0.0000;0.0000;0.0000;0.0000;0.0000;0;NULL;0.0000;0.0000;0.0000;0.0000;0.0000;0.0000;ControllerBody;NULL;NULL;NULL;NULL;NULL;NULL;NULL;NULL;NULL;NULL;NULL;NULL;NULL;0.0148;-0.0078;0.5462;359.2741;358.4255;0.6693;0.0155;-0.0064;0.5382;358.9540;358.5938;1.2592;1;NULL;0.0155;-0.0064;0.5382;358.9540;358.5938;1.2592;ControllerBody;NULL;a08a302b-aead-4f6e-a9a6-2a0b3992ba8e;NULL;NULL;NULL;NULL;0.0300;0.0000;0.0000;2.0000;OpenLoop;0.0000;2026-03-26 11:08:18.5419;Controllers;10;30;OpenXR
NULL;Right;NULL;NULL;Baseline;NULL;NoMitigation;NULL;NULL;NULL;NULL;NULL;NULL;NULL;NULL;NULL;NULL;None;anonymous;NULL;Trial Accepted;TaskEvent;2080;8e120f03-0d4b-42bd-8227-9160ece8e376;NULL;-0.0115;0.0036;-0.0342;356.9701;358.9886;359.9358;NULL;NULL;NULL;NULL;-0.0240;0.0000;2.0000;NULL;NULL;0.0192;-1.3611;0.0065;0.0000;11.2316;0.0000;0.0000;0.0000;0.0000;0.0000;0.0000;0.0000;0;NULL;0.0000;0.0000;0.0000;0.0000;0.0000;0.0000;ControllerBody;NULL;NULL;NULL;NULL;NULL;NULL;NULL;NULL;NULL;NULL;NULL;NULL;NULL;0.0150;-0.0075;0.5463;359.2550;358.4653;0.6938;0.0162;-0.0076;0.5397;359.1252;358.9734;0.4259;1;NULL;0.0162;-0.0076;0.5397;359.1252;358.9734;0.4259;ControllerBody;NULL;a08a302b-aead-4f6e-a9a6-2a0b3992ba8e;-2.3962;NULL;NULL;NULL;NULL;NULL;NULL;NULL;OpenLoop;0.3995;2026-03-26 11:08:18.9399;Controllers;10;30;OpenXR
NULL;Right;NULL;NULL;Baseline;NULL;NoMitigation;NULL;NULL;NULL;NULL;NULL;NULL;NULL;NULL;NULL;NULL;None;anonymous;NULL;Trial Started;TaskEvent;2080;8e120f03-0d4b-42bd-8227-9160ece8e376;NULL;-0.0115;0.0036;-0.0342;356.9701;358.9886;359.9358;NULL;NULL;NULL;NULL;NULL;NULL;NULL;NULL;NULL;0.0192;-1.3611;0.0065;0.0000;11.2316;0.0000;0.0000;0.0000;0.0000;0.0000;0.0000;0.0000;0;NULL;0.0000;0.0000;0.0000;0.0000;0.0000;0.0000;ControllerBody;NULL;NULL;NULL;NULL;NULL;NULL;NULL;NULL;NULL;NULL;NULL;NULL;NULL;0.0150;-0.0075;0.5463;359.2550;358.4653;0.6938;0.0162;-0.0076;0.5397;359.1252;358.9734;0.4259;1;NULL;0.0162;-0.0076;0.5397;359.1252;358.9734;0.4259;ControllerBody;NULL;a08a302b-aead-4f6e-a9a6-2a0b3992ba8e;NULL;NULL;NULL;NULL;0.0300;0.0000;0.0000;2.0000;OpenLoop;0.0000;2026-03-26 11:08:18.9420;Controllers;11;30;OpenXR
NULL;Right;NULL;NULL;Baseline;NULL;NoMitigation;NULL;NULL;NULL;NULL;NULL;NULL;NULL;NULL;NULL;NULL;None;anonymous;NULL;Trial Accepted;TaskEvent;2125;8e120f03-0d4b-42bd-8227-9160ece8e376;NULL;-0.0121;0.0034;-0.0360;356.9524;358.9753;359.9665;NULL;NULL;NULL;NULL;-0.0247;0.0000;2.0000;NULL;NULL;0.0192;-1.3611;0.0065;0.0000;11.2316;0.0000;0.0000;0.0000;0.0000;0.0000;0.0000;0.0000;0;NULL;0.0000;0.0000;0.0000;0.0000;0.0000;0.0000;ControllerBody;NULL;NULL;NULL;NULL;NULL;NULL;NULL;NULL;NULL;NULL;NULL;NULL;NULL;0.0146;-0.0076;0.5462;359.2495;358.4534;0.6865;0.0126;-0.0075;0.5376;359.0286;358.2781;0.5730;1;NULL;0.0126;-0.0075;0.5376;359.0286;358.2781;0.5730;ControllerBody;NULL;a08a302b-aead-4f6e-a9a6-2a0b3992ba8e;-2.4660;NULL;NULL;NULL;NULL;NULL;NULL;NULL;OpenLoop;0.3915;2026-03-26 11:08:19.3309;Controllers;11;30;OpenXR
NULL;Right;NULL;NULL;Baseline;NULL;NoMitigation;NULL;NULL;NULL;NULL;NULL;NULL;NULL;NULL;NULL;NULL;None;anonymous;NULL;Trial Started;TaskEvent;2125;8e120f03-0d4b-42bd-8227-9160ece8e376;NULL;-0.0121;0.0034;-0.0360;356.9524;358.9753;359.9665;NULL;NULL;NULL;NULL;NULL;NULL;NULL;NULL;NULL;0.0192;-1.3611;0.0065;0.0000;11.2316;0.0000;0.0000;0.0000;0.0000;0.0000;0.0000;0.0000;0;NULL;0.0000;0.0000;0.0000;0.0000;0.0000;0.0000;ControllerBody;NULL;NULL;NULL;NULL;NULL;NULL;NULL;NULL;NULL;NULL;NULL;NULL;NULL;0.0146;-0.0076;0.5462;359.2495;358.4534;0.6865;0.0126;-0.0075;0.5376;359.0286;358.2781;0.5730;1;NULL;0.0126;-0.0075;0.5376;359.0286;358.2781;0.5730;ControllerBody;NULL;a08a302b-aead-4f6e-a9a6-2a0b3992ba8e;NULL;NULL;NULL;NULL;0.0300;0.0000;0.0000;2.0000;OpenLoop;0.0000;2026-03-26 11:08:19.3340;Controllers;12;30;OpenXR
NULL;Right;NULL;NULL;Baseline;NULL;NoMitigation;NULL;NULL;NULL;NULL;NULL;NULL;NULL;NULL;NULL;NULL;None;anonymous;NULL;Trial Accepted;TaskEvent;2161;8e120f03-0d4b-42bd-8227-9160ece8e376;NULL;-0.0121;0.0037;-0.0362;356.9366;359.0217;0.1594;NULL;NULL;NULL;NULL;-0.0250;0.0000;2.0000;NULL;NULL;0.0192;-1.3611;0.0065;0.0000;11.2316;0.0000;0.0000;0.0000;0.0000;0.0000;0.0000;0.0000;0;NULL;0.0000;0.0000;0.0000;0.0000;0.0000;0.0000;ControllerBody;NULL;NULL;NULL;NULL;NULL;NULL;NULL;NULL;NULL;NULL;NULL;NULL;NULL;0.0142;-0.0076;0.5460;359.2221;358.4582;0.6741;0.0142;-0.0078;0.5384;359.0682;358.9620;0.5529;1;NULL;0.0142;-0.0078;0.5384;359.0682;358.9620;0.5529;ControllerBody;NULL;a08a302b-aead-4f6e-a9a6-2a0b3992ba8e;-2.4974;NULL;NULL;NULL;NULL;NULL;NULL;NULL;OpenLoop;0.3168;2026-03-26 11:08:19.6480;Controllers;12;30;OpenXR
NULL;Right;NULL;NULL;Baseline;NULL;NoMitigation;NULL;NULL;NULL;NULL;NULL;NULL;NULL;NULL;NULL;NULL;None;anonymous;NULL;Trial Started;TaskEvent;2161;8e120f03-0d4b-42bd-8227-9160ece8e376;NULL;-0.0121;0.0037;-0.0362;356.9366;359.0217;0.1594;NULL;NULL;NULL;NULL;NULL;NULL;NULL;NULL;NULL;0.0192;-1.3611;0.0065;0.0000;11.2316;0.0000;0.0000;0.0000;0.0000;0.0000;0.0000;0.0000;0;NULL;0.0000;0.0000;0.0000;0.0000;0.0000;0.0000;ControllerBody;NULL;NULL;NULL;NULL;NULL;NULL;NULL;NULL;NULL;NULL;NULL;NULL;NULL;0.0142;-0.0076;0.5460;359.2221;358.4582;0.6741;0.0142;-0.0078;0.5384;359.0682;358.9620;0.5529;1;NULL;0.0142;-0.0078;0.5384;359.0682;358.9620;0.5529;ControllerBody;NULL;a08a302b-aead-4f6e-a9a6-2a0b3992ba8e;NULL;NULL;NULL;NULL;0.0300;0.0000;0.0000;2.0000;OpenLoop;0.0000;2026-03-26 11:08:19.6523;Controllers;13;30;OpenXR
NULL;Right;NULL;NULL;Baseline;NULL;NoMitigation;NULL;NULL;NULL;NULL;NULL;NULL;NULL;NULL;NULL;NULL;None;anonymous;NULL;Trial Accepted;TaskEvent;2200;8e120f03-0d4b-42bd-8227-9160ece8e376;NULL;-0.0120;0.0041;-0.0357;356.8756;359.1126;0.2060;NULL;NULL;NULL;NULL;-0.0255;0.0000;2.0000;NULL;NULL;0.0192;-1.3611;0.0065;0.0000;11.2316;0.0000;0.0000;0.0000;0.0000;0.0000;0.0000;0.0000;0;NULL;0.0000;0.0000;0.0000;0.0000;0.0000;0.0000;ControllerBody;NULL;NULL;NULL;NULL;NULL;NULL;NULL;NULL;NULL;NULL;NULL;NULL;NULL;0.0140;-0.0076;0.5459;359.2123;358.4465;0.6681;0.0142;-0.0079;0.5376;359.0794;358.5087;0.5595;1;NULL;0.0142;-0.0079;0.5376;359.0794;358.5087;0.5595;ControllerBody;NULL;a08a302b-aead-4f6e-a9a6-2a0b3992ba8e;-2.5458;NULL;NULL;NULL;NULL;NULL;NULL;NULL;OpenLoop;0.3413;2026-03-26 11:08:19.9886;Controllers;13;30;OpenXR
NULL;Right;NULL;NULL;Baseline;NULL;NoMitigation;NULL;NULL;NULL;NULL;NULL;NULL;NULL;NULL;NULL;NULL;None;anonymous;NULL;Trial Started;TaskEvent;2200;8e120f03-0d4b-42bd-8227-9160ece8e376;NULL;-0.0120;0.0041;-0.0357;356.8756;359.1126;0.2060;NULL;NULL;NULL;NULL;NULL;NULL;NULL;NULL;NULL;0.0192;-1.3611;0.0065;0.0000;11.2316;0.0000;0.0000;0.0000;0.0000;0.0000;0.0000;0.0000;0;NULL;0.0000;0.0000;0.0000;0.0000;0.0000;0.0000;ControllerBody;NULL;NULL;NULL;NULL;NULL;NULL;NULL;NULL;NULL;NULL;NULL;NULL;NULL;0.0140;-0.0076;0.5459;359.2123;358.4465;0.6681;0.0142;-0.0079;0.5376;359.0794;358.5087;0.5595;1;NULL;0.0142;-0.0079;0.5376;359.0794;358.5087;0.5595;ControllerBody;NULL;a08a302b-aead-4f6e-a9a6-2a0b3992ba8e;NULL;NULL;NULL;NULL;0.0300;0.0000;0.0000;2.0000;OpenLoop;0.0000;2026-03-26 11:08:19.9917;Controllers;14;30;OpenXR
NULL;Right;NULL;NULL;Baseline;NULL;NoMitigation;NULL;NULL;NULL;NULL;NULL;NULL;NULL;NULL;NULL;NULL;None;anonymous;NULL;Trial Accepted;TaskEvent;2258;8e120f03-0d4b-42bd-8227-9160ece8e376;NULL;-0.0137;0.0027;-0.0348;357.6417;358.6247;0.4320;NULL;NULL;NULL;NULL;-0.0269;0.0000;2.0000;NULL;NULL;0.0192;-1.3611;0.0065;0.0000;11.2316;0.0000;0.0000;0.0000;0.0000;0.0000;0.0000;0.0000;0;NULL;0.0000;0.0000;0.0000;0.0000;0.0000;0.0000;ControllerBody;NULL;NULL;NULL;NULL;NULL;NULL;NULL;NULL;NULL;NULL;NULL;NULL;NULL;0.0138;-0.0082;0.5455;359.3622;358.3973;0.4756;0.0136;-0.0113;0.5366;359.6562;358.1708;0.3963;1;NULL;0.0136;-0.0113;0.5366;359.6562;358.1708;0.3963;ControllerBody;NULL;a08a302b-aead-4f6e-a9a6-2a0b3992ba8e;-2.6873;NULL;NULL;NULL;NULL;NULL;NULL;NULL;OpenLoop;0.5000;2026-03-26 11:08:20.4894;Controllers;14;30;OpenXR
NULL;Right;NULL;NULL;Baseline;NULL;NoMitigation;NULL;NULL;NULL;NULL;NULL;NULL;NULL;NULL;NULL;NULL;None;anonymous;NULL;Trial Started;TaskEvent;2258;8e120f03-0d4b-42bd-8227-9160ece8e376;NULL;-0.0137;0.0027;-0.0348;357.6417;358.6247;0.4320;NULL;NULL;NULL;NULL;NULL;NULL;NULL;NULL;NULL;0.0192;-1.3611;0.0065;0.0000;11.2316;0.0000;0.0000;0.0000;0.0000;0.0000;0.0000;0.0000;0;NULL;0.0000;0.0000;0.0000;0.0000;0.0000;0.0000;ControllerBody;NULL;NULL;NULL;NULL;NULL;NULL;NULL;NULL;NULL;NULL;NULL;NULL;NULL;0.0138;-0.0082;0.5455;359.3622;358.3973;0.4756;0.0136;-0.0113;0.5366;359.6562;358.1708;0.3963;1;NULL;0.0136;-0.0113;0.5366;359.6562;358.1708;0.3963;ControllerBody;NULL;a08a302b-aead-4f6e-a9a6-2a0b3992ba8e;NULL;NULL;NULL;NULL;0.0300;0.0000;0.0000;2.0000;OpenLoop;0.0000;2026-03-26 11:08:20.4919;Controllers;15;30;OpenXR
NULL;Right;NULL;NULL;Baseline;NULL;NoMitigation;NULL;NULL;NULL;NULL;NULL;NULL;NULL;NULL;NULL;NULL;None;anonymous;NULL;Trial Accepted;TaskEvent;2303;8e120f03-0d4b-42bd-8227-9160ece8e376;NULL;-0.0147;0.0020;-0.0338;358.1879;358.3210;0.5213;NULL;NULL;NULL;NULL;-0.0310;0.0000;2.0000;NULL;NULL;0.0192;-1.3611;0.0065;0.0000;11.2316;0.0000;0.0000;0.0000;0.0000;0.0000;0.0000;0.0000;0;NULL;0.0000;0.0000;0.0000;0.0000;0.0000;0.0000;ControllerBody;NULL;NULL;NULL;NULL;NULL;NULL;NULL;NULL;NULL;NULL;NULL;NULL;NULL;0.0135;-0.0092;0.5443;359.8508;358.2482;0.2529;0.0124;-0.0116;0.5343;0.2756;357.9623;0.0824;1;NULL;0.0124;-0.0116;0.5343;0.2756;357.9623;0.0824;ControllerBody;NULL;a08a302b-aead-4f6e-a9a6-2a0b3992ba8e;-3.1000;NULL;NULL;NULL;NULL;NULL;NULL;NULL;OpenLoop;0.4161;2026-03-26 11:08:20.9060;Controllers;15;30;OpenXR
NULL;Right;NULL;NULL;Baseline;NULL;NoMitigation;NULL;NULL;NULL;NULL;NULL;NULL;NULL;NULL;NULL;NULL;None;anonymous;NULL;Trial Started;TaskEvent;2303;8e120f03-0d4b-42bd-8227-9160ece8e376;NULL;-0.0147;0.0020;-0.0338;358.1879;358.3210;0.5213;NULL;NULL;NULL;NULL;NULL;NULL;NULL;NULL;NULL;0.0192;-1.3611;0.0065;0.0000;11.2316;0.0000;0.0000;0.0000;0.0000;0.0000;0.0000;0.0000;0;NULL;0.0000;0.0000;0.0000;0.0000;0.0000;0.0000;ControllerBody;NULL;NULL;NULL;NULL;NULL;NULL;NULL;NULL;NULL;NULL;NULL;NULL;NULL;0.0135;-0.0092;0.5443;359.8508;358.2482;0.2529;0.0124;-0.0116;0.5343;0.2756;357.9623;0.0824;1;NULL;0.0124;-0.0116;0.5343;0.2756;357.9623;0.0824;ControllerBody;NULL;a08a302b-aead-4f6e-a9a6-2a0b3992ba8e;NULL;NULL;NULL;NULL;0.0300;0.0000;0.0000;2.0000;OpenLoop;0.0000;2026-03-26 11:08:20.9085;Controllers;16;30;OpenXR
NULL;Right;NULL;NULL;Baseline;NULL;NoMitigation;NULL;NULL;NULL;NULL;NULL;NULL;NULL;NULL;NULL;NULL;None;anonymous;NULL;Trial Accepted;TaskEvent;2349;8e120f03-0d4b-42bd-8227-9160ece8e376;NULL;-0.0143;0.0020;-0.0338;358.1474;358.3562;0.5065;NULL;NULL;NULL;NULL;-0.0325;0.0000;2.0000;NULL;NULL;0.0192;-1.3611;0.0065;0.0000;11.2316;0.0000;0.0000;0.0000;0.0000;0.0000;0.0000;0.0000;0;NULL;0.0000;0.0000;0.0000;0.0000;0.0000;0.0000;ControllerBody;NULL;NULL;NULL;NULL;NULL;NULL;NULL;NULL;NULL;NULL;NULL;NULL;NULL;0.0129;-0.0101;0.5437;0.0502;358.2121;0.2097;0.0138;-0.0107;0.5350;0.1130;358.4018;0.1110;1;NULL;0.0138;-0.0107;0.5350;0.1130;358.4018;0.1110;ControllerBody;NULL;a08a302b-aead-4f6e-a9a6-2a0b3992ba8e;-3.2513;NULL;NULL;NULL;NULL;NULL;NULL;NULL;OpenLoop;0.3923;2026-03-26 11:08:21.2981;Controllers;16;30;OpenXR
NULL;Right;NULL;NULL;Baseline;NULL;NoMitigation;NULL;NULL;NULL;NULL;NULL;NULL;NULL;NULL;NULL;NULL;None;anonymous;NULL;Trial Started;TaskEvent;2349;8e120f03-0d4b-42bd-8227-9160ece8e376;NULL;-0.0143;0.0020;-0.0338;358.1474;358.3562;0.5065;NULL;NULL;NULL;NULL;NULL;NULL;NULL;NULL;NULL;0.0192;-1.3611;0.0065;0.0000;11.2316;0.0000;0.0000;0.0000;0.0000;0.0000;0.0000;0.0000;0;NULL;0.0000;0.0000;0.0000;0.0000;0.0000;0.0000;ControllerBody;NULL;NULL;NULL;NULL;NULL;NULL;NULL;NULL;NULL;NULL;NULL;NULL;NULL;0.0129;-0.0101;0.5437;0.0502;358.2121;0.2097;0.0138;-0.0107;0.5350;0.1130;358.4018;0.1110;1;NULL;0.0138;-0.0107;0.5350;0.1130;358.4018;0.1110;ControllerBody;NULL;a08a302b-aead-4f6e-a9a6-2a0b3992ba8e;NULL;NULL;NULL;NULL;0.0300;0.0000;0.0000;2.0000;OpenLoop;0.0000;2026-03-26 11:08:21.3002;Controllers;17;30;OpenXR
NULL;Right;NULL;NULL;Baseline;NULL;NoMitigation;NULL;NULL;NULL;NULL;NULL;NULL;NULL;NULL;NULL;NULL;None;anonymous;NULL;Trial Accepted;TaskEvent;2398;8e120f03-0d4b-42bd-8227-9160ece8e376;NULL;-0.0134;0.0022;-0.0345;357.8791;358.4780;0.4513;NULL;NULL;NULL;NULL;-0.0289;0.0000;2.0000;NULL;NULL;0.0192;-1.3611;0.0065;0.0000;11.2316;0.0000;0.0000;0.0000;0.0000;0.0000;0.0000;0.0000;0;NULL;0.0000;0.0000;0.0000;0.0000;0.0000;0.0000;ControllerBody;NULL;NULL;NULL;NULL;NULL;NULL;NULL;NULL;NULL;NULL;NULL;NULL;NULL;0.0136;-0.0103;0.5433;0.1166;358.3307;0.1078;0.0163;-0.0111;0.5351;0.0873;358.5734;0.0014;1;NULL;0.0163;-0.0111;0.5351;0.0873;358.5734;0.0014;ControllerBody;NULL;a08a302b-aead-4f6e-a9a6-2a0b3992ba8e;-2.8877;NULL;NULL;NULL;NULL;NULL;NULL;NULL;OpenLoop;0.4324;2026-03-26 11:08:21.7301;Controllers;17;30;OpenXR
NULL;Right;NULL;NULL;Baseline;NULL;NoMitigation;NULL;NULL;NULL;NULL;NULL;NULL;NULL;NULL;NULL;NULL;None;anonymous;NULL;Trial Started;TaskEvent;2398;8e120f03-0d4b-42bd-8227-9160ece8e376;NULL;-0.0134;0.0022;-0.0345;357.8791;358.4780;0.4513;NULL;NULL;NULL;NULL;NULL;NULL;NULL;NULL;NULL;0.0192;-1.3611;0.0065;0.0000;11.2316;0.0000;0.0000;0.0000;0.0000;0.0000;0.0000;0.0000;0;NULL;0.0000;0.0000;0.0000;0.0000;0.0000;0.0000;ControllerBody;NULL;NULL;NULL;NULL;NULL;NULL;NULL;NULL;NULL;NULL;NULL;NULL;NULL;0.0136;-0.0103;0.5433;0.1166;358.3307;0.1078;0.0163;-0.0111;0.5351;0.0873;358.5734;0.0014;1;NULL;0.0163;-0.0111;0.5351;0.0873;358.5734;0.0014;ControllerBody;NULL;a08a302b-aead-4f6e-a9a6-2a0b3992ba8e;NULL;NULL;NULL;NULL;0.0300;0.0000;0.0000;2.0000;OpenLoop;0.0000;2026-03-26 11:08:21.7316;Controllers;18;30;OpenXR
NULL;Right;NULL;NULL;Baseline;NULL;NoMitigation;NULL;NULL;NULL;NULL;NULL;NULL;NULL;NULL;NULL;NULL;None;anonymous;NULL;Trial Accepted;TaskEvent;2439;8e120f03-0d4b-42bd-8227-9160ece8e376;NULL;-0.0128;0.0026;-0.0341;357.8199;358.5284;0.4166;NULL;NULL;NULL;NULL;-0.0264;0.0000;2.0000;NULL;NULL;0.0192;-1.3611;0.0065;0.0000;11.2316;0.0000;0.0000;0.0000;0.0000;0.0000;0.0000;0.0000;0;NULL;0.0000;0.0000;0.0000;0.0000;0.0000;0.0000;ControllerBody;NULL;NULL;NULL;NULL;NULL;NULL;NULL;NULL;NULL;NULL;NULL;NULL;NULL;0.0144;-0.0104;0.5435;0.1104;358.3950;0.0522;0.0171;-0.0108;0.5375;0.0849;358.6022;359.8710;1;NULL;0.0171;-0.0108;0.5375;0.0849;358.6022;359.8710;ControllerBody;NULL;a08a302b-aead-4f6e-a9a6-2a0b3992ba8e;-2.6443;NULL;NULL;NULL;NULL;NULL;NULL;NULL;OpenLoop;0.3508;2026-03-26 11:08:22.0803;Controllers;18;30;OpenXR
NULL;Right;NULL;NULL;Baseline;NULL;NoMitigation;NULL;NULL;NULL;NULL;NULL;NULL;NULL;NULL;NULL;NULL;None;anonymous;NULL;Trial Started;TaskEvent;2439;8e120f03-0d4b-42bd-8227-9160ece8e376;NULL;-0.0128;0.0026;-0.0341;357.8199;358.5284;0.4166;NULL;NULL;NULL;NULL;NULL;NULL;NULL;NULL;NULL;0.0192;-1.3611;0.0065;0.0000;11.2316;0.0000;0.0000;0.0000;0.0000;0.0000;0.0000;0.0000;0;NULL;0.0000;0.0000;0.0000;0.0000;0.0000;0.0000;ControllerBody;NULL;NULL;NULL;NULL;NULL;NULL;NULL;NULL;NULL;NULL;NULL;NULL;NULL;0.0144;-0.0104;0.5435;0.1104;358.3950;0.0522;0.0171;-0.0108;0.5375;0.0849;358.6022;359.8710;1;NULL;0.0171;-0.0108;0.5375;0.0849;358.6022;359.8710;ControllerBody;NULL;a08a302b-aead-4f6e-a9a6-2a0b3992ba8e;NULL;NULL;NULL;NULL;0.0300;0.0000;0.0000;2.0000;OpenLoop;0.0000;2026-03-26 11:08:22.0818;Controllers;19;30;OpenXR
NULL;Right;NULL;NULL;Baseline;NULL;NoMitigation;NULL;NULL;NULL;NULL;NULL;NULL;NULL;NULL;NULL;NULL;None;anonymous;NULL;Trial Accepted;TaskEvent;2486;8e120f03-0d4b-42bd-8227-9160ece8e376;NULL;-0.0119;0.0025;-0.0343;357.7898;358.6800;0.2539;NULL;NULL;NULL;NULL;-0.0262;0.0000;2.0000;NULL;NULL;0.0192;-1.3611;0.0065;0.0000;11.2316;0.0000;0.0000;0.0000;0.0000;0.0000;0.0000;0.0000;0;NULL;0.0000;0.0000;0.0000;0.0000;0.0000;0.0000;ControllerBody;NULL;NULL;NULL;NULL;NULL;NULL;NULL;NULL;NULL;NULL;NULL;NULL;NULL;0.0149;-0.0102;0.5441;0.0812;358.3844;0.0088;0.0169;-0.0106;0.5388;0.0252;358.4160;0.1000;1;NULL;0.0169;-0.0106;0.5388;0.0252;358.4160;0.1000;ControllerBody;NULL;a08a302b-aead-4f6e-a9a6-2a0b3992ba8e;-2.6156;NULL;NULL;NULL;NULL;NULL;NULL;NULL;OpenLoop;0.3916;2026-03-26 11:08:22.4724;Controllers;19;30;OpenXR
NULL;Right;NULL;NULL;Baseline;NULL;NoMitigation;NULL;NULL;NULL;NULL;NULL;NULL;NULL;NULL;NULL;NULL;None;anonymous;NULL;Trial Started;TaskEvent;2486;8e120f03-0d4b-42bd-8227-9160ece8e376;NULL;-0.0119;0.0025;-0.0343;357.7898;358.6800;0.2539;NULL;NULL;NULL;NULL;NULL;NULL;NULL;NULL;NULL;0.0192;-1.3611;0.0065;0.0000;11.2316;0.0000;0.0000;0.0000;0.0000;0.0000;0.0000;0.0000;0;NULL;0.0000;0.0000;0.0000;0.0000;0.0000;0.0000;ControllerBody;NULL;NULL;NULL;NULL;NULL;NULL;NULL;NULL;NULL;NULL;NULL;NULL;NULL;0.0149;-0.0102;0.5441;0.0812;358.3844;0.0088;0.0169;-0.0106;0.5388;0.0252;358.4160;0.1000;1;NULL;0.0169;-0.0106;0.5388;0.0252;358.4160;0.1000;ControllerBody;NULL;a08a302b-aead-4f6e-a9a6-2a0b3992ba8e;NULL;NULL;NULL;NULL;0.0300;0.0000;0.0000;2.0000;OpenLoop;0.0000;2026-03-26 11:08:22.4749;Controllers;20;30;OpenXR
NULL;Right;NULL;NULL;Baseline;NULL;NoMitigation;NULL;NULL;NULL;NULL;NULL;NULL;NULL;NULL;NULL;NULL;None;anonymous;NULL;Trial Accepted;TaskEvent;2529;8e120f03-0d4b-42bd-8227-9160ece8e376;NULL;-0.0120;0.0027;-0.0324;357.9684;358.6634;0.3253;NULL;NULL;NULL;NULL;-0.0266;0.0000;2.0000;NULL;NULL;0.0192;-1.3611;0.0065;0.0000;11.2316;0.0000;0.0000;0.0000;0.0000;0.0000;0.0000;0.0000;0;NULL;0.0000;0.0000;0.0000;0.0000;0.0000;0.0000;ControllerBody;NULL;NULL;NULL;NULL;NULL;NULL;NULL;NULL;NULL;NULL;NULL;NULL;NULL;0.0153;-0.0100;0.5446;0.0518;358.3525;0.0035;0.0167;-0.0085;0.5384;359.9275;358.2199;-0.0011;1;NULL;0.0167;-0.0085;0.5384;359.9275;358.2199;-0.0011;ControllerBody;NULL;a08a302b-aead-4f6e-a9a6-2a0b3992ba8e;-2.6582;NULL;NULL;NULL;NULL;NULL;NULL;NULL;OpenLoop;0.3664;2026-03-26 11:08:22.8395;Controllers;20;30;OpenXR
NULL;Right;NULL;NULL;Baseline;NULL;NoMitigation;NULL;NULL;NULL;NULL;NULL;NULL;NULL;NULL;NULL;NULL;None;anonymous;NULL;Trial Started;TaskEvent;2529;8e120f03-0d4b-42bd-8227-9160ece8e376;NULL;-0.0120;0.0027;-0.0324;357.9684;358.6634;0.3253;NULL;NULL;NULL;NULL;NULL;NULL;NULL;NULL;NULL;0.0192;-1.3611;0.0065;0.0000;11.2316;0.0000;0.0000;0.0000;0.0000;0.0000;0.0000;0.0000;0;NULL;0.0000;0.0000;0.0000;0.0000;0.0000;0.0000;ControllerBody;NULL;NULL;NULL;NULL;NULL;NULL;NULL;NULL;NULL;NULL;NULL;NULL;NULL;0.0153;-0.0100;0.5446;0.0518;358.3525;0.0035;0.0167;-0.0085;0.5384;359.9275;358.2199;-0.0011;1;NULL;0.0167;-0.0085;0.5384;359.9275;358.2199;-0.0011;ControllerBody;NULL;a08a302b-aead-4f6e-a9a6-2a0b3992ba8e;NULL;NULL;NULL;NULL;0.0300;0.0000;0.0000;2.0000;OpenLoop;0.0000;2026-03-26 11:08:22.8421;Controllers;21;30;OpenXR
NULL;Right;NULL;NULL;Baseline;NULL;NoMitigation;NULL;NULL;NULL;NULL;NULL;NULL;NULL;NULL;NULL;NULL;None;anonymous;NULL;Trial Accepted;TaskEvent;2566;8e120f03-0d4b-42bd-8227-9160ece8e376;NULL;-0.0114;0.0025;-0.0318;358.0499;358.7391;0.2012;NULL;NULL;NULL;NULL;-0.0279;0.0000;2.0000;NULL;NULL;0.0192;-1.3611;0.0065;0.0000;11.2316;0.0000;0.0000;0.0000;0.0000;0.0000;0.0000;0.0000;0;NULL;0.0000;0.0000;0.0000;0.0000;0.0000;0.0000;ControllerBody;NULL;NULL;NULL;NULL;NULL;NULL;NULL;NULL;NULL;NULL;NULL;NULL;NULL;0.0154;-0.0096;0.5449;-0.0037;358.2921;359.9887;0.0160;-0.0073;0.5377;359.6100;358.1195;359.9391;1;NULL;0.0160;-0.0073;0.5377;359.6100;358.1195;359.9391;ControllerBody;NULL;a08a302b-aead-4f6e-a9a6-2a0b3992ba8e;-2.7944;NULL;NULL;NULL;NULL;NULL;NULL;NULL;OpenLoop;0.3165;2026-03-26 11:08:23.1548;Controllers;21;30;OpenXR
NULL;Right;NULL;NULL;Baseline;NULL;NoMitigation;NULL;NULL;NULL;NULL;NULL;NULL;NULL;NULL;NULL;NULL;None;anonymous;NULL;Trial Started;TaskEvent;2566;8e120f03-0d4b-42bd-8227-9160ece8e376;NULL;-0.0114;0.0025;-0.0318;358.0499;358.7391;0.2012;NULL;NULL;NULL;NULL;NULL;NULL;NULL;NULL;NULL;0.0192;-1.3611;0.0065;0.0000;11.2316;0.0000;0.0000;0.0000;0.0000;0.0000;0.0000;0.0000;0;NULL;0.0000;0.0000;0.0000;0.0000;0.0000;0.0000;ControllerBody;NULL;NULL;NULL;NULL;NULL;NULL;NULL;NULL;NULL;NULL;NULL;NULL;NULL;0.0154;-0.0096;0.5449;-0.0037;358.2921;359.9887;0.0160;-0.0073;0.5377;359.6100;358.1195;359.9391;1;NULL;0.0160;-0.0073;0.5377;359.6100;358.1195;359.9391;ControllerBody;NULL;a08a302b-aead-4f6e-a9a6-2a0b3992ba8e;NULL;NULL;NULL;NULL;0.0300;0.0000;0.0000;2.0000;OpenLoop;0.0000;2026-03-26 11:08:23.1584;Controllers;22;30;OpenXR
NULL;Right;NULL;NULL;Baseline;NULL;NoMitigation;NULL;NULL;NULL;NULL;NULL;NULL;NULL;NULL;NULL;NULL;None;anonymous;NULL;Trial Accepted;TaskEvent;2602;8e120f03-0d4b-42bd-8227-9160ece8e376;NULL;-0.0115;0.0026;-0.0319;357.9154;358.7646;0.3202;NULL;NULL;NULL;NULL;-0.0283;0.0000;2.0000;NULL;NULL;0.0192;-1.3611;0.0065;0.0000;11.2316;0.0000;0.0000;0.0000;0.0000;0.0000;0.0000;0.0000;0;NULL;0.0000;0.0000;0.0000;0.0000;0.0000;0.0000;ControllerBody;NULL;NULL;NULL;NULL;NULL;NULL;NULL;NULL;NULL;NULL;NULL;NULL;NULL;0.0158;-0.0094;0.5452;359.9676;358.2666;359.9815;0.0180;-0.0089;0.5390;359.7910;358.1804;0.0568;1;NULL;0.0180;-0.0089;0.5390;359.7910;358.1804;0.0568;ControllerBody;NULL;a08a302b-aead-4f6e-a9a6-2a0b3992ba8e;-2.8261;NULL;NULL;NULL;NULL;NULL;NULL;NULL;OpenLoop;0.3170;2026-03-26 11:08:23.4732;Controllers;22;30;OpenXR
NULL;Right;NULL;NULL;Baseline;NULL;NoMitigation;NULL;NULL;NULL;NULL;NULL;NULL;NULL;NULL;NULL;NULL;None;anonymous;NULL;Trial Started;TaskEvent;2602;8e120f03-0d4b-42bd-8227-9160ece8e376;NULL;-0.0115;0.0026;-0.0319;357.9154;358.7646;0.3202;NULL;NULL;NULL;NULL;NULL;NULL;NULL;NULL;NULL;0.0192;-1.3611;0.0065;0.0000;11.2316;0.0000;0.0000;0.0000;0.0000;0.0000;0.0000;0.0000;0;NULL;0.0000;0.0000;0.0000;0.0000;0.0000;0.0000;ControllerBody;NULL;NULL;NULL;NULL;NULL;NULL;NULL;NULL;NULL;NULL;NULL;NULL;NULL;0.0158;-0.0094;0.5452;359.9676;358.2666;359.9815;0.0180;-0.0089;0.5390;359.7910;358.1804;0.0568;1;NULL;0.0180;-0.0089;0.5390;359.7910;358.1804;0.0568;ControllerBody;NULL;a08a302b-aead-4f6e-a9a6-2a0b3992ba8e;NULL;NULL;NULL;NULL;0.0300;0.0000;0.0000;2.0000;OpenLoop;0.0000;2026-03-26 11:08:23.4758;Controllers;23;30;OpenXR
NULL;Right;NULL;NULL;Baseline;NULL;NoMitigation;NULL;NULL;NULL;NULL;NULL;NULL;NULL;NULL;NULL;NULL;None;anonymous;NULL;Trial Accepted;TaskEvent;2634;8e120f03-0d4b-42bd-8227-9160ece8e376;NULL;-0.0122;0.0021;-0.0317;358.1212;358.5698;0.3805;NULL;NULL;NULL;NULL;-0.0294;0.0000;2.0000;NULL;NULL;0.0192;-1.3611;0.0065;0.0000;11.2316;0.0000;0.0000;0.0000;0.0000;0.0000;0.0000;0.0000;0;NULL;0.0000;0.0000;0.0000;0.0000;0.0000;0.0000;ControllerBody;NULL;NULL;NULL;NULL;NULL;NULL;NULL;NULL;NULL;NULL;NULL;NULL;NULL;0.0161;-0.0094;0.5454;359.9525;358.2110;0.0323;0.0158;-0.0104;0.5387;359.8683;357.8855;0.3362;1;NULL;0.0158;-0.0104;0.5387;359.8683;357.8855;0.3362;ControllerBody;NULL;a08a302b-aead-4f6e-a9a6-2a0b3992ba8e;-2.9360;NULL;NULL;NULL;NULL;NULL;NULL;NULL;OpenLoop;0.2827;2026-03-26 11:08:23.7553;Controllers;23;30;OpenXR
NULL;Right;NULL;NULL;Baseline;NULL;NoMitigation;NULL;NULL;NULL;NULL;NULL;NULL;NULL;NULL;NULL;NULL;None;anonymous;NULL;Trial Started;TaskEvent;2634;8e120f03-0d4b-42bd-8227-9160ece8e376;NULL;-0.0122;0.0021;-0.0317;358.1212;358.5698;0.3805;NULL;NULL;NULL;NULL;NULL;NULL;NULL;NULL;NULL;0.0192;-1.3611;0.0065;0.0000;11.2316;0.0000;0.0000;0.0000;0.0000;0.0000;0.0000;0.0000;0;NULL;0.0000;0.0000;0.0000;0.0000;0.0000;0.0000;ControllerBody;NULL;NULL;NULL;NULL;NULL;NULL;NULL;NULL;NULL;NULL;NULL;NULL;NULL;0.0161;-0.0094;0.5454;359.9525;358.2110;0.0323;0.0158;-0.0104;0.5387;359.8683;357.8855;0.3362;1;NULL;0.0158;-0.0104;0.5387;359.8683;357.8855;0.3362;ControllerBody;NULL;a08a302b-aead-4f6e-a9a6-2a0b3992ba8e;NULL;NULL;NULL;NULL;0.0300;0.0000;0.0000;2.0000;OpenLoop;0.0000;2026-03-26 11:08:23.7589;Controllers;24;30;OpenXR
NULL;Right;NULL;NULL;Baseline;NULL;NoMitigation;NULL;NULL;NULL;NULL;NULL;NULL;NULL;NULL;NULL;NULL;None;anonymous;NULL;Trial Accepted;TaskEvent;2661;8e120f03-0d4b-42bd-8227-9160ece8e376;NULL;-0.0120;0.0023;-0.0318;358.0138;358.8013;0.3228;NULL;NULL;NULL;NULL;-0.0310;0.0000;2.0000;NULL;NULL;0.0192;-1.3611;0.0065;0.0000;11.2316;0.0000;0.0000;0.0000;0.0000;0.0000;0.0000;0.0000;0;NULL;0.0000;0.0000;0.0000;0.0000;0.0000;0.0000;ControllerBody;NULL;NULL;NULL;NULL;NULL;NULL;NULL;NULL;NULL;NULL;NULL;NULL;NULL;0.0160;-0.0096;0.5455;359.9420;358.1473;0.1240;0.0165;-0.0106;0.5377;359.7123;358.3566;0.2117;1;NULL;0.0165;-0.0106;0.5377;359.7123;358.3566;0.2117;ControllerBody;NULL;a08a302b-aead-4f6e-a9a6-2a0b3992ba8e;-3.1026;NULL;NULL;NULL;NULL;NULL;NULL;NULL;OpenLoop;0.2669;2026-03-26 11:08:24.0231;Controllers;24;30;OpenXR
NULL;Right;NULL;NULL;Baseline;NULL;NoMitigation;NULL;NULL;NULL;NULL;NULL;NULL;NULL;NULL;NULL;NULL;None;anonymous;NULL;Trial Started;TaskEvent;2661;8e120f03-0d4b-42bd-8227-9160ece8e376;NULL;-0.0120;0.0023;-0.0318;358.0138;358.8013;0.3228;NULL;NULL;NULL;NULL;NULL;NULL;NULL;NULL;NULL;0.0192;-1.3611;0.0065;0.0000;11.2316;0.0000;0.0000;0.0000;0.0000;0.0000;0.0000;0.0000;0;NULL;0.0000;0.0000;0.0000;0.0000;0.0000;0.0000;ControllerBody;NULL;NULL;NULL;NULL;NULL;NULL;NULL;NULL;NULL;NULL;NULL;NULL;NULL;0.0160;-0.0096;0.5455;359.9420;358.1473;0.1240;0.0165;-0.0106;0.5377;359.7123;358.3566;0.2117;1;NULL;0.0165;-0.0106;0.5377;359.7123;358.3566;0.2117;ControllerBody;NULL;a08a302b-aead-4f6e-a9a6-2a0b3992ba8e;NULL;NULL;NULL;NULL;0.0300;0.0000;0.0000;2.0000;OpenLoop;0.0000;2026-03-26 11:08:24.0269;Controllers;25;30;OpenXR
NULL;Right;NULL;NULL;Baseline;NULL;NoMitigation;NULL;NULL;NULL;NULL;NULL;NULL;NULL;NULL;NULL;NULL;None;anonymous;NULL;Trial Accepted;TaskEvent;2688;8e120f03-0d4b-42bd-8227-9160ece8e376;NULL;-0.0119;0.0024;-0.0314;358.0409;358.7542;0.3120;NULL;NULL;NULL;NULL;-0.0327;0.0000;2.0000;NULL;NULL;0.0192;-1.3611;0.0065;0.0000;11.2316;0.0000;0.0000;0.0000;0.0000;0.0000;0.0000;0.0000;0;NULL;0.0000;0.0000;0.0000;0.0000;0.0000;0.0000;ControllerBody;NULL;NULL;NULL;NULL;NULL;NULL;NULL;NULL;NULL;NULL;NULL;NULL;NULL;0.0158;-0.0098;0.5454;359.9195;358.0910;0.1557;0.0146;-0.0104;0.5368;359.6212;358.0067;0.0890;1;NULL;0.0146;-0.0104;0.5368;359.6212;358.0067;0.0890;ControllerBody;NULL;a08a302b-aead-4f6e-a9a6-2a0b3992ba8e;-3.2664;NULL;NULL;NULL;NULL;NULL;NULL;NULL;OpenLoop;0.2495;2026-03-26 11:08:24.2716;Controllers;25;30;OpenXR
NULL;Right;NULL;NULL;Baseline;NULL;NoMitigation;NULL;NULL;NULL;NULL;NULL;NULL;NULL;NULL;NULL;NULL;None;anonymous;NULL;Trial Started;TaskEvent;2688;8e120f03-0d4b-42bd-8227-9160ece8e376;NULL;-0.0119;0.0024;-0.0314;358.0409;358.7542;0.3120;NULL;NULL;NULL;NULL;NULL;NULL;NULL;NULL;NULL;0.0192;-1.3611;0.0065;0.0000;11.2316;0.0000;0.0000;0.0000;0.0000;0.0000;0.0000;0.0000;0;NULL;0.0000;0.0000;0.0000;0.0000;0.0000;0.0000;ControllerBody;NULL;NULL;NULL;NULL;NULL;NULL;NULL;NULL;NULL;NULL;NULL;NULL;NULL;0.0158;-0.0098;0.5454;359.9195;358.0910;0.1557;0.0146;-0.0104;0.5368;359.6212;358.0067;0.0890;1;NULL;0.0146;-0.0104;0.5368;359.6212;358.0067;0.0890;ControllerBody;NULL;a08a302b-aead-4f6e-a9a6-2a0b3992ba8e;NULL;NULL;NULL;NULL;0.0300;0.0000;0.0000;2.0000;OpenLoop;0.0000;2026-03-26 11:08:24.2732;Controllers;26;30;OpenXR
NULL;Right;NULL;NULL;Baseline;NULL;NoMitigation;NULL;NULL;NULL;NULL;NULL;NULL;NULL;NULL;NULL;NULL;None;anonymous;NULL;Trial Accepted;TaskEvent;2718;8e120f03-0d4b-42bd-8227-9160ece8e376;NULL;-0.0125;0.0017;-0.0311;358.2847;358.6960;0.3816;NULL;NULL;NULL;NULL;-0.0339;0.0000;2.0000;NULL;NULL;0.0192;-1.3611;0.0065;0.0000;11.2316;0.0000;0.0000;0.0000;0.0000;0.0000;0.0000;0.0000;0;NULL;0.0000;0.0000;0.0000;0.0000;0.0000;0.0000;ControllerBody;NULL;NULL;NULL;NULL;NULL;NULL;NULL;NULL;NULL;NULL;NULL;NULL;NULL;0.0156;-0.0100;0.5453;359.8995;358.0511;0.1654;0.0154;-0.0113;0.5370;359.9120;358.0127;0.2560;1;NULL;0.0154;-0.0113;0.5370;359.9120;358.0127;0.2560;ControllerBody;NULL;a08a302b-aead-4f6e-a9a6-2a0b3992ba8e;-3.3875;NULL;NULL;NULL;NULL;NULL;NULL;NULL;OpenLoop;0.2589;2026-03-26 11:08:24.5307;Controllers;26;30;OpenXR
NULL;Right;NULL;NULL;Baseline;NULL;NoMitigation;NULL;NULL;NULL;NULL;NULL;NULL;NULL;NULL;NULL;NULL;None;anonymous;NULL;Trial Started;TaskEvent;2718;8e120f03-0d4b-42bd-8227-9160ece8e376;NULL;-0.0125;0.0017;-0.0311;358.2847;358.6960;0.3816;NULL;NULL;NULL;NULL;NULL;NULL;NULL;NULL;NULL;0.0192;-1.3611;0.0065;0.0000;11.2316;0.0000;0.0000;0.0000;0.0000;0.0000;0.0000;0.0000;0;NULL;0.0000;0.0000;0.0000;0.0000;0.0000;0.0000;ControllerBody;NULL;NULL;NULL;NULL;NULL;NULL;NULL;NULL;NULL;NULL;NULL;NULL;NULL;0.0156;-0.0100;0.5453;359.8995;358.0511;0.1654;0.0154;-0.0113;0.5370;359.9120;358.0127;0.2560;1;NULL;0.0154;-0.0113;0.5370;359.9120;358.0127;0.2560;ControllerBody;NULL;a08a302b-aead-4f6e-a9a6-2a0b3992ba8e;NULL;NULL;NULL;NULL;0.0300;0.0000;0.0000;2.0000;OpenLoop;0.0000;2026-03-26 11:08:24.5343;Controllers;27;30;OpenXR
NULL;Right;NULL;NULL;Baseline;NULL;NoMitigation;NULL;NULL;NULL;NULL;NULL;NULL;NULL;NULL;NULL;NULL;None;anonymous;NULL;Trial Accepted;TaskEvent;2760;8e120f03-0d4b-42bd-8227-9160ece8e376;NULL;-0.0125;0.0018;-0.0317;358.1271;358.6721;0.3873;NULL;NULL;NULL;NULL;-0.0333;0.0000;2.0000;NULL;NULL;0.0192;-1.3611;0.0065;0.0000;11.2316;0.0000;0.0000;0.0000;0.0000;0.0000;0.0000;0.0000;0;NULL;0.0000;0.0000;0.0000;0.0000;0.0000;0.0000;ControllerBody;NULL;NULL;NULL;NULL;NULL;NULL;NULL;NULL;NULL;NULL;NULL;NULL;NULL;0.0157;-0.0100;0.5450;359.8943;358.0711;0.1126;0.0166;-0.0106;0.5360;359.7750;358.0418;0.1334;1;NULL;0.0166;-0.0106;0.5360;359.7750;358.0418;0.1334;ControllerBody;NULL;a08a302b-aead-4f6e-a9a6-2a0b3992ba8e;-3.3335;NULL;NULL;NULL;NULL;NULL;NULL;NULL;OpenLoop;0.4079;2026-03-26 11:08:24.9385;Controllers;27;30;OpenXR
NULL;Right;NULL;NULL;Baseline;NULL;NoMitigation;NULL;NULL;NULL;NULL;NULL;NULL;NULL;NULL;NULL;NULL;None;anonymous;NULL;Trial Started;TaskEvent;2760;8e120f03-0d4b-42bd-8227-9160ece8e376;NULL;-0.0125;0.0018;-0.0317;358.1271;358.6721;0.3873;NULL;NULL;NULL;NULL;NULL;NULL;NULL;NULL;NULL;0.0192;-1.3611;0.0065;0.0000;11.2316;0.0000;0.0000;0.0000;0.0000;0.0000;0.0000;0.0000;0;NULL;0.0000;0.0000;0.0000;0.0000;0.0000;0.0000;ControllerBody;NULL;NULL;NULL;NULL;NULL;NULL;NULL;NULL;NULL;NULL;NULL;NULL;NULL;0.0157;-0.0100;0.5450;359.8943;358.0711;0.1126;0.0166;-0.0106;0.5360;359.7750;358.0418;0.1334;1;NULL;0.0166;-0.0106;0.5360;359.7750;358.0418;0.1334;ControllerBody;NULL;a08a302b-aead-4f6e-a9a6-2a0b3992ba8e;NULL;NULL;NULL;NULL;0.0300;0.0000;0.0000;2.0000;OpenLoop;0.0000;2026-03-26 11:08:24.9426;Controllers;28;30;OpenXR
NULL;Right;NULL;NULL;Baseline;NULL;NoMitigation;NULL;NULL;NULL;NULL;NULL;NULL;NULL;NULL;NULL;NULL;None;anonymous;NULL;Trial Accepted;TaskEvent;2791;8e120f03-0d4b-42bd-8227-9160ece8e376;NULL;-0.0124;0.0020;-0.0316;358.0789;358.7809;0.3092;NULL;NULL;NULL;NULL;-0.0318;0.0000;2.0000;NULL;NULL;0.0192;-1.3611;0.0065;0.0000;11.2316;0.0000;0.0000;0.0000;0.0000;0.0000;0.0000;0.0000;0;NULL;0.0000;0.0000;0.0000;0.0000;0.0000;0.0000;ControllerBody;NULL;NULL;NULL;NULL;NULL;NULL;NULL;NULL;NULL;NULL;NULL;NULL;NULL;0.0158;-0.0100;0.5448;359.8320;358.1287;0.1028;0.0176;-0.0090;0.5359;359.3985;358.6883;359.8640;1;NULL;0.0176;-0.0090;0.5359;359.3985;358.6883;359.8640;ControllerBody;NULL;a08a302b-aead-4f6e-a9a6-2a0b3992ba8e;-3.1790;NULL;NULL;NULL;NULL;NULL;NULL;NULL;OpenLoop;0.2912;2026-03-26 11:08:25.2294;Controllers;28;30;OpenXR
NULL;Right;NULL;NULL;Baseline;NULL;NoMitigation;NULL;NULL;NULL;NULL;NULL;NULL;NULL;NULL;NULL;NULL;None;anonymous;NULL;Trial Started;TaskEvent;2791;8e120f03-0d4b-42bd-8227-9160ece8e376;NULL;-0.0124;0.0020;-0.0316;358.0789;358.7809;0.3092;NULL;NULL;NULL;NULL;NULL;NULL;NULL;NULL;NULL;0.0192;-1.3611;0.0065;0.0000;11.2316;0.0000;0.0000;0.0000;0.0000;0.0000;0.0000;0.0000;0;NULL;0.0000;0.0000;0.0000;0.0000;0.0000;0.0000;ControllerBody;NULL;NULL;NULL;NULL;NULL;NULL;NULL;NULL;NULL;NULL;NULL;NULL;NULL;0.0158;-0.0100;0.5448;359.8320;358.1287;0.1028;0.0176;-0.0090;0.5359;359.3985;358.6883;359.8640;1;NULL;0.0176;-0.0090;0.5359;359.3985;358.6883;359.8640;ControllerBody;NULL;a08a302b-aead-4f6e-a9a6-2a0b3992ba8e;NULL;NULL;NULL;NULL;0.0300;0.0000;0.0000;2.0000;OpenLoop;0.0000;2026-03-26 11:08:25.2321;Controllers;29;30;OpenXR
NULL;Right;NULL;NULL;Baseline;NULL;NoMitigation;NULL;NULL;NULL;NULL;NULL;NULL;NULL;NULL;NULL;NULL;None;anonymous;NULL;Trial Accepted;TaskEvent;2826;8e120f03-0d4b-42bd-8227-9160ece8e376;NULL;-0.0131;0.0015;-0.0329;357.9330;358.7590;0.2900;NULL;NULL;NULL;NULL;-0.0280;0.0000;2.0000;NULL;NULL;0.0192;-1.3611;0.0065;0.0000;11.2316;0.0000;0.0000;0.0000;0.0000;0.0000;0.0000;0.0000;0;NULL;0.0000;0.0000;0.0000;0.0000;0.0000;0.0000;ControllerBody;NULL;NULL;NULL;NULL;NULL;NULL;NULL;NULL;NULL;NULL;NULL;NULL;NULL;0.0159;-0.0096;0.5445;359.7067;358.2707;0.1358;0.0168;-0.0071;0.5348;359.1535;358.5229;0.4152;1;NULL;0.0168;-0.0071;0.5348;359.1535;358.5229;0.4152;ControllerBody;NULL;a08a302b-aead-4f6e-a9a6-2a0b3992ba8e;-2.8006;NULL;NULL;NULL;NULL;NULL;NULL;NULL;OpenLoop;0.3163;2026-03-26 11:08:25.5453;Controllers;29;30;OpenXR
NULL;Right;NULL;NULL;Baseline;NULL;NoMitigation;NULL;NULL;NULL;NULL;NULL;NULL;NULL;NULL;NULL;NULL;None;anonymous;NULL;Trial Started;TaskEvent;2826;8e120f03-0d4b-42bd-8227-9160ece8e376;NULL;-0.0131;0.0015;-0.0329;357.9330;358.7590;0.2900;NULL;NULL;NULL;NULL;NULL;NULL;NULL;NULL;NULL;0.0192;-1.3611;0.0065;0.0000;11.2316;0.0000;0.0000;0.0000;0.0000;0.0000;0.0000;0.0000;0;NULL;0.0000;0.0000;0.0000;0.0000;0.0000;0.0000;ControllerBody;NULL;NULL;NULL;NULL;NULL;NULL;NULL;NULL;NULL;NULL;NULL;NULL;NULL;0.0159;-0.0096;0.5445;359.7067;358.2707;0.1358;0.0168;-0.0071;0.5348;359.1535;358.5229;0.4152;1;NULL;0.0168;-0.0071;0.5348;359.1535;358.5229;0.4152;ControllerBody;NULL;a08a302b-aead-4f6e-a9a6-2a0b3992ba8e;NULL;NULL;NULL;NULL;0.0300;0.0000;0.0000;2.0000;OpenLoop;0.0000;2026-03-26 11:08:25.5483;Controllers;30;30;OpenXR
NULL;Right;NULL;NULL;Baseline;NULL;NoMitigation;NULL;NULL;NULL;NULL;NULL;NULL;NULL;NULL;NULL;NULL;None;anonymous;NULL;Trial Accepted;TaskEvent;2860;8e120f03-0d4b-42bd-8227-9160ece8e376;NULL;-0.0136;0.0011;-0.0340;357.8913;358.6861;0.3309;NULL;NULL;NULL;NULL;-0.0249;0.0000;2.0000;NULL;NULL;0.0192;-1.3611;0.0065;0.0000;11.2316;0.0000;0.0000;0.0000;0.0000;0.0000;0.0000;0.0000;0;NULL;0.0000;0.0000;0.0000;0.0000;0.0000;0.0000;ControllerBody;NULL;NULL;NULL;NULL;NULL;NULL;NULL;NULL;NULL;NULL;NULL;NULL;NULL;0.0159;-0.0091;0.5443;359.5776;358.3921;0.2477;0.0151;-0.0077;0.5368;359.5837;358.2300;0.4439;1;NULL;0.0151;-0.0077;0.5368;359.5837;358.2300;0.4439;ControllerBody;NULL;a08a302b-aead-4f6e-a9a6-2a0b3992ba8e;-2.4920;NULL;NULL;NULL;NULL;NULL;NULL;NULL;OpenLoop;0.3087;2026-03-26 11:08:25.8539;Controllers;30;30;OpenXR
NULL;Right;NULL;NULL;Baseline;NULL;NoMitigation;NULL;NULL;NULL;NULL;NULL;NULL;NULL;NULL;NULL;NULL;None;anonymous;NULL;Block Completed;BlockEvent;2860;8e120f03-0d4b-42bd-8227-9160ece8e376;NULL;-0.0136;0.0011;-0.0340;357.8913;358.6861;0.3309;NULL;NULL;NULL;NULL;NULL;NULL;NULL;NULL;NULL;0.0192;-1.3611;0.0065;0.0000;11.2316;0.0000;0.0000;0.0000;0.0000;0.0000;0.0000;0.0000;0;NULL;0.0000;0.0000;0.0000;0.0000;0.0000;0.0000;ControllerBody;NULL;NULL;NULL;-2.6013;NULL;NULL;NULL;NULL;NULL;NULL;NULL;NULL;NULL;0.0159;-0.0091;0.5443;359.5776;358.3921;0.2477;0.0151;-0.0077;0.5368;359.5837;358.2300;0.4439;1;NULL;0.0151;-0.0077;0.5368;359.5837;358.2300;0.4439;ControllerBody;0.5170;a08a302b-aead-4f6e-a9a6-2a0b3992ba8e;NULL;NULL;NULL;NULL;NULL;NULL;NULL;NULL;OpenLoop;0.0000;2026-03-26 11:08:25.8637;Controllers;NULL;30;OpenXR
NULL;Right;NULL;NULL;Exposure;NULL;NoMitigation;NULL;NULL;NULL;NULL;NULL;NULL;NULL;NULL;NULL;NULL;None;anonymous;NULL;Exposure Started;BlockEvent;3080;8e120f03-0d4b-42bd-8227-9160ece8e376;NULL;-0.0036;0.0020;-0.0130;358.2940;359.4267;359.9495;NULL;NULL;NULL;NULL;NULL;NULL;NULL;NULL;NULL;0.0192;-1.3611;0.0065;0.0000;11.2316;0.0000;0.0000;0.0000;0.0000;0.0000;0.0000;0.0000;0;NULL;0.0000;0.0000;0.0000;0.0000;0.0000;0.0000;ControllerBody;NULL;NULL;NULL;NULL;NULL;NULL;NULL;NULL;NULL;NULL;NULL;NULL;NULL;0.0212;-0.1686;0.4713;341.9562;353.2027;3.8962;0.0264;-0.1732;0.4664;342.1538;353.2658;3.1799;0;NULL;0.0264;-0.1732;0.4664;342.1538;353.2658;3.1799;ControllerBody;NULL;a08a302b-aead-4f6e-a9a6-2a0b3992ba8e;NULL;OpenLoop;NULL;NULL;NULL;NULL;NULL;NULL;Exposure;2.0080;2026-03-26 11:08:27.8632;Controllers;NULL;NULL;OpenXR
NULL;Right;NULL;NULL;Exposure;NULL;NoMitigation;2;1;0;0;0;0;0.5000;0.0000;2.0000;NULL;Translation;anonymous;NULL;Mole Spawned;MoleEvent;3080;8e120f03-0d4b-42bd-8227-9160ece8e376;NULL;-0.0036;0.0020;-0.0130;358.2940;359.4267;359.9495;NULL;NULL;NULL;NULL;NULL;NULL;NULL;NULL;NULL;0.0192;-1.3611;0.0065;0.0000;11.2316;0.0000;0.0000;0.0000;0.0000;0.0000;0.0000;0.0000;0;NULL;0.0000;0.0000;0.0000;0.0000;0.0000;0.0000;ControllerBody;NULL;NULL;NULL;NULL;2;1;0;0;0;0;0.5000;0.0000;2.0000;0.0212;-0.1686;0.4713;341.9562;353.2027;3.8962;0.0264;-0.1732;0.4664;342.1538;353.2658;3.1799;0;NULL;0.0264;-0.1732;0.4664;342.1538;353.2658;3.1799;ControllerBody;NULL;a08a302b-aead-4f6e-a9a6-2a0b3992ba8e;NULL;NULL;NULL;1;NULL;0.5000;0.0000;2.0000;Exposure;0.0000;2026-03-26 11:08:27.8750;Controllers;NULL;NULL;OpenXR
NULL;Right;NULL;1;Exposure;NULL;NoMitigation;2;1;0;0;0;0;0.5000;0.0000;2.0000;NULL;Translation;anonymous;NULL;Pointer Shoot;PointerEvent;3199;8e120f03-0d4b-42bd-8227-9160ece8e376;NULL;-0.0113;-0.0003;-0.0295;359.3990;6.4775;0.6119;NULL;0.5075;0.0658;2.0000;0.5075;0.0658;2.0000;NULL;NULL;0.0192;-1.3611;0.0065;0.0000;11.2316;0.0000;0.0000;0.0000;0.0000;0.0000;0.0000;0.0000;0;NULL;0.0000;0.0000;0.0000;0.0000;0.0000;0.0000;ControllerBody;NULL;NULL;NULL;NULL;2;1;0;0;0;0;0.5000;0.0000;2.0000;0.1583;-0.0121;0.5471;356.9758;9.7319;357.5429;0.1587;-0.0092;0.5413;356.9133;10.4134;358.0016;1;NULL;0.1587;-0.0092;0.5413;356.9133;10.4134;358.0016;ControllerBody;NULL;a08a302b-aead-4f6e-a9a6-2a0b3992ba8e;NULL;NULL;0;1;NULL;0.5000;0.0000;2.0000;Exposure;1.1502;2026-03-26 11:08:29.0159;Controllers;NULL;NULL;OpenXR
NULL;Right;NULL;1;Exposure;NULL;NoMitigation;2;1;0;0;0;0;0.5000;0.0000;2.0000;NULL;Translation;anonymous;NULL;Mole Hit;MoleEvent;3199;8e120f03-0d4b-42bd-8227-9160ece8e376;NULL;-0.0113;-0.0003;-0.0295;359.3990;6.4775;0.6119;0.0662;0.5075;0.0658;2.0000;0.5075;0.0658;2.0000;NULL;1;0.0192;-1.3611;0.0065;0.0000;11.2316;0.0000;0.0000;0.0000;0.0000;0.0000;0.0000;0.0000;0;NULL;0.0000;0.0000;0.0000;0.0000;0.0000;0.0000;ControllerBody;NULL;NULL;NULL;NULL;2;1;0;0;0;0;0.5000;0.0000;2.0000;0.1583;-0.0121;0.5471;356.9758;9.7319;357.5429;0.1587;-0.0092;0.5413;356.9133;10.4134;358.0016;1;NULL;0.1587;-0.0092;0.5413;356.9133;10.4134;358.0016;ControllerBody;NULL;a08a302b-aead-4f6e-a9a6-2a0b3992ba8e;NULL;NULL;0;1;NULL;0.5000;0.0000;2.0000;Exposure;0.0000;2026-03-26 11:08:29.0206;Controllers;NULL;NULL;OpenXR
NULL;Right;NULL;NULL;Exposure;NULL;NoMitigation;1;0;0;-1;0;0;0.0000;0.0000;2.0000;NULL;Translation;anonymous;NULL;Mole Spawned;MoleEvent;3199;8e120f03-0d4b-42bd-8227-9160ece8e376;NULL;-0.0113;-0.0003;-0.0295;359.3990;6.4775;0.6119;NULL;NULL;NULL;NULL;NULL;NULL;NULL;NULL;NULL;0.0192;-1.3611;0.0065;0.0000;11.2316;0.0000;0.0000;0.0000;0.0000;0.0000;0.0000;0.0000;0;NULL;0.0000;0.0000;0.0000;0.0000;0.0000;0.0000;ControllerBody;NULL;NULL;NULL;NULL;1;0;0;-1;0;0;0.0000;0.0000;2.0000;0.1583;-0.0121;0.5471;356.9758;9.7319;357.5429;0.1587;-0.0092;0.5413;356.9133;10.4134;358.0016;1;NULL;0.1587;-0.0092;0.5413;356.9133;10.4134;358.0016;ControllerBody;NULL;a08a302b-aead-4f6e-a9a6-2a0b3992ba8e;NULL;NULL;NULL;0;NULL;0.0000;0.0000;2.0000;Exposure;0.0000;2026-03-26 11:08:29.0252;Controllers;NULL;NULL;OpenXR
NULL;Right;NULL;2;Exposure;NULL;NoMitigation;1;0;0;-1;0;0;0.0000;0.0000;2.0000;NULL;Translation;anonymous;NULL;Pointer Shoot;PointerEvent;3330;8e120f03-0d4b-42bd-8227-9160ece8e376;NULL;-0.0140;-0.0001;-0.0306;358.8232;1.5929;0.3673;NULL;0.0437;0.0046;2.0000;0.0437;0.0046;2.0000;NULL;NULL;0.0192;-1.3611;0.0065;0.0000;11.2316;0.0000;0.0000;0.0000;0.0000;0.0000;0.0000;0.0000;0;NULL;0.0000;0.0000;0.0000;0.0000;0.0000;0.0000;ControllerBody;NULL;NULL;NULL;NULL;1;0;0;-1;0;0;0.0000;0.0000;2.0000;0.0172;-0.0121;0.5452;359.3432;357.1075;0.8968;0.0183;-0.0134;0.5400;359.3749;357.8244;0.7765;1;NULL;0.0183;-0.0134;0.5400;359.3749;357.8244;0.7765;ControllerBody;NULL;a08a302b-aead-4f6e-a9a6-2a0b3992ba8e;NULL;NULL;1;0;NULL;0.0000;0.0000;2.0000;Exposure;1.1403;2026-03-26 11:08:30.1550;Controllers;NULL;NULL;OpenXR
NULL;Right;NULL;2;Exposure;NULL;NoMitigation;1;0;0;-1;0;0;0.0000;0.0000;2.0000;NULL;Translation;anonymous;NULL;Mole Hit;MoleEvent;3330;8e120f03-0d4b-42bd-8227-9160ece8e376;NULL;-0.0140;-0.0001;-0.0306;358.8232;1.5929;0.3673;0.0439;0.0437;0.0046;2.0000;0.0437;0.0046;2.0000;NULL;1;0.0192;-1.3611;0.0065;0.0000;11.2316;0.0000;0.0000;0.0000;0.0000;0.0000;0.0000;0.0000;0;NULL;0.0000;0.0000;0.0000;0.0000;0.0000;0.0000;ControllerBody;NULL;NULL;NULL;NULL;1;0;0;-1;0;0;0.0000;0.0000;2.0000;0.0172;-0.0121;0.5452;359.3432;357.1075;0.8968;0.0183;-0.0134;0.5400;359.3749;357.8244;0.7765;1;NULL;0.0183;-0.0134;0.5400;359.3749;357.8244;0.7765;ControllerBody;NULL;a08a302b-aead-4f6e-a9a6-2a0b3992ba8e;NULL;NULL;1;0;NULL;0.0000;0.0000;2.0000;Exposure;0.0000;2026-03-26 11:08:30.1565;Controllers;NULL;NULL;OpenXR
NULL;Right;NULL;NULL;Exposure;NULL;NoMitigation;3;2;0;1;0;0;-0.5000;0.0000;2.0000;NULL;Translation;anonymous;NULL;Mole Spawned;MoleEvent;3330;8e120f03-0d4b-42bd-8227-9160ece8e376;NULL;-0.0140;-0.0001;-0.0306;358.8232;1.5929;0.3673;NULL;NULL;NULL;NULL;NULL;NULL;NULL;NULL;NULL;0.0192;-1.3611;0.0065;0.0000;11.2316;0.0000;0.0000;0.0000;0.0000;0.0000;0.0000;0.0000;0;NULL;0.0000;0.0000;0.0000;0.0000;0.0000;0.0000;ControllerBody;NULL;NULL;NULL;NULL;3;2;0;1;0;0;-0.5000;0.0000;2.0000;0.0172;-0.0121;0.5452;359.3432;357.1075;0.8968;0.0183;-0.0134;0.5400;359.3749;357.8244;0.7765;1;NULL;0.0183;-0.0134;0.5400;359.3749;357.8244;0.7765;ControllerBody;NULL;a08a302b-aead-4f6e-a9a6-2a0b3992ba8e;NULL;NULL;NULL;2;NULL;-0.5000;0.0000;2.0000;Exposure;0.0000;2026-03-26 11:08:30.1611;Controllers;NULL;NULL;OpenXR
NULL;Right;NULL;3;Exposure;NULL;NoMitigation;3;2;0;1;0;0;-0.5000;0.0000;2.0000;NULL;Translation;anonymous;NULL;Pointer Shoot;PointerEvent;3427;8e120f03-0d4b-42bd-8227-9160ece8e376;NULL;-0.0188;-0.0001;-0.0344;358.7386;355.7863;359.1633;NULL;-0.4165;-0.0020;2.0000;-0.4165;-0.0020;2.0000;NULL;NULL;0.0192;-1.3611;0.0065;0.0000;11.2316;0.0000;0.0000;0.0000;0.0000;0.0000;0.0000;0.0000;0;NULL;0.0000;0.0000;0.0000;0.0000;0.0000;0.0000;ControllerBody;NULL;NULL;NULL;NULL;3;2;0;1;0;0;-0.5000;0.0000;2.0000;-0.1087;-0.0164;0.5155;359.4670;344.6398;359.7077;-0.1172;-0.0153;0.5056;359.3510;343.8693;0.1934;1;NULL;-0.1172;-0.0153;0.5056;359.3510;343.8693;0.1934;ControllerBody;NULL;a08a302b-aead-4f6e-a9a6-2a0b3992ba8e;NULL;NULL;2;2;NULL;-0.5000;0.0000;2.0000;Exposure;0.8425;2026-03-26 11:08:30.9968;Controllers;NULL;NULL;OpenXR
NULL;Right;NULL;3;Exposure;NULL;NoMitigation;3;2;0;1;0;0;-0.5000;0.0000;2.0000;NULL;Translation;anonymous;NULL;Mole Hit;MoleEvent;3427;8e120f03-0d4b-42bd-8227-9160ece8e376;NULL;-0.0188;-0.0001;-0.0344;358.7386;355.7863;359.1633;0.0835;-0.4165;-0.0020;2.0000;-0.4165;-0.0020;2.0000;NULL;1;0.0192;-1.3611;0.0065;0.0000;11.2316;0.0000;0.0000;0.0000;0.0000;0.0000;0.0000;0.0000;0;NULL;0.0000;0.0000;0.0000;0.0000;0.0000;0.0000;ControllerBody;NULL;NULL;NULL;NULL;3;2;0;1;0;0;-0.5000;0.0000;2.0000;-0.1087;-0.0164;0.5155;359.4670;344.6398;359.7077;-0.1172;-0.0153;0.5056;359.3510;343.8693;0.1934;1;NULL;-0.1172;-0.0153;0.5056;359.3510;343.8693;0.1934;ControllerBody;NULL;a08a302b-aead-4f6e-a9a6-2a0b3992ba8e;NULL;NULL;2;2;NULL;-0.5000;0.0000;2.0000;Exposure;0.0000;2026-03-26 11:08:30.9994;Controllers;NULL;NULL;OpenXR
NULL;Right;NULL;NULL;Exposure;NULL;NoMitigation;2;1;0;0;0;0;0.5000;0.0000;2.0000;NULL;Translation;anonymous;NULL;Mole Spawned;MoleEvent;3427;8e120f03-0d4b-42bd-8227-9160ece8e376;NULL;-0.0188;-0.0001;-0.0344;358.7386;355.7863;359.1633;NULL;NULL;NULL;NULL;NULL;NULL;NULL;NULL;NULL;0.0192;-1.3611;0.0065;0.0000;11.2316;0.0000;0.0000;0.0000;0.0000;0.0000;0.0000;0.0000;0;NULL;0.0000;0.0000;0.0000;0.0000;0.0000;0.0000;ControllerBody;NULL;NULL;NULL;NULL;2;1;0;0;0;0;0.5000;0.0000;2.0000;-0.1087;-0.0164;0.5155;359.4670;344.6398;359.7077;-0.1172;-0.0153;0.5056;359.3510;343.8693;0.1934;1;NULL;-0.1172;-0.0153;0.5056;359.3510;343.8693;0.1934;ControllerBody;NULL;a08a302b-aead-4f6e-a9a6-2a0b3992ba8e;NULL;NULL;NULL;1;NULL;0.5000;0.0000;2.0000;Exposure;0.0000;2026-03-26 11:08:31.0015;Controllers;NULL;NULL;OpenXR
NULL;Right;NULL;4;Exposure;NULL;NoMitigation;2;1;0;0;0;0;0.5000;0.0000;2.0000;NULL;Translation;anonymous;NULL;Pointer Shoot;PointerEvent;3550;8e120f03-0d4b-42bd-8227-9160ece8e376;NULL;-0.0083;-0.0005;-0.0347;358.7709;5.3473;0.1300;NULL;0.5067;0.0152;2.0000;0.5067;0.0152;2.0000;NULL;NULL;0.0192;-1.3611;0.0065;0.0000;11.2316;0.0000;0.0000;0.0000;0.0000;0.0000;0.0000;0.0000;0;NULL;0.0000;0.0000;0.0000;0.0000;0.0000;0.0000;ControllerBody;NULL;NULL;NULL;NULL;2;1;0;0;0;0;0.5000;0.0000;2.0000;0.1565;-0.0097;0.5404;359.0345;9.7247;358.3252;0.1670;-0.0082;0.5299;358.6062;11.2253;358.8254;1;NULL;0.1670;-0.0082;0.5299;358.6062;11.2253;358.8254;ControllerBody;NULL;a08a302b-aead-4f6e-a9a6-2a0b3992ba8e;NULL;NULL;3;1;NULL;0.5000;0.0000;2.0000;Exposure;1.0407;2026-03-26 11:08:32.0365;Controllers;NULL;NULL;OpenXR
NULL;Right;NULL;4;Exposure;NULL;NoMitigation;2;1;0;0;0;0;0.5000;0.0000;2.0000;NULL;Translation;anonymous;NULL;Mole Hit;MoleEvent;3550;8e120f03-0d4b-42bd-8227-9160ece8e376;NULL;-0.0083;-0.0005;-0.0347;358.7709;5.3473;0.1300;0.0166;0.5067;0.0152;2.0000;0.5067;0.0152;2.0000;NULL;1;0.0192;-1.3611;0.0065;0.0000;11.2316;0.0000;0.0000;0.0000;0.0000;0.0000;0.0000;0.0000;0;NULL;0.0000;0.0000;0.0000;0.0000;0.0000;0.0000;ControllerBody;NULL;NULL;NULL;NULL;2;1;0;0;0;0;0.5000;0.0000;2.0000;0.1565;-0.0097;0.5404;359.0345;9.7247;358.3252;0.1670;-0.0082;0.5299;358.6062;11.2253;358.8254;1;NULL;0.1670;-0.0082;0.5299;358.6062;11.2253;358.8254;ControllerBody;NULL;a08a302b-aead-4f6e-a9a6-2a0b3992ba8e;NULL;NULL;3;1;NULL;0.5000;0.0000;2.0000;Exposure;0.0000;2026-03-26 11:08:32.0386;Controllers;NULL;NULL;OpenXR
NULL;Right;NULL;NULL;Exposure;NULL;NoMitigation;1;0;0;-1;0;0;0.0000;0.0000;2.0000;NULL;Translation;anonymous;NULL;Mole Spawned;MoleEvent;3550;8e120f03-0d4b-42bd-8227-9160ece8e376;NULL;-0.0083;-0.0005;-0.0347;358.7709;5.3473;0.1300;NULL;NULL;NULL;NULL;NULL;NULL;NULL;NULL;NULL;0.0192;-1.3611;0.0065;0.0000;11.2316;0.0000;0.0000;0.0000;0.0000;0.0000;0.0000;0.0000;0;NULL;0.0000;0.0000;0.0000;0.0000;0.0000;0.0000;ControllerBody;NULL;NULL;NULL;NULL;1;0;0;-1;0;0;0.0000;0.0000;2.0000;0.1565;-0.0097;0.5404;359.0345;9.7247;358.3252;0.1670;-0.0082;0.5299;358.6062;11.2253;358.8254;1;NULL;0.1670;-0.0082;0.5299;358.6062;11.2253;358.8254;ControllerBody;NULL;a08a302b-aead-4f6e-a9a6-2a0b3992ba8e;NULL;NULL;NULL;0;NULL;0.0000;0.0000;2.0000;Exposure;0.0000;2026-03-26 11:08:32.0422;Controllers;NULL;NULL;OpenXR
NULL;Right;NULL;5;Exposure;NULL;NoMitigation;1;0;0;-1;0;0;0.0000;0.0000;2.0000;NULL;Translation;anonymous;NULL;Pointer Shoot;PointerEvent;3636;8e120f03-0d4b-42bd-8227-9160ece8e376;NULL;-0.0129;0.0011;-0.0376;357.8328;1.1132;359.4578;NULL;0.0489;0.0168;2.0000;0.0489;0.0168;2.0000;NULL;NULL;0.0192;-1.3611;0.0065;0.0000;11.2316;0.0000;0.0000;0.0000;0.0000;0.0000;0.0000;0.0000;0;NULL;0.0000;0.0000;0.0000;0.0000;0.0000;0.0000;ControllerBody;NULL;NULL;NULL;NULL;1;0;0;-1;0;0;0.0000;0.0000;2.0000;0.0171;-0.0139;0.5362;358.8011;357.3315;0.6337;0.0131;-0.0089;0.5285;358.0896;357.6392;0.7810;1;NULL;0.0131;-0.0089;0.5285;358.0896;357.6392;0.7810;ControllerBody;NULL;a08a302b-aead-4f6e-a9a6-2a0b3992ba8e;NULL;NULL;4;0;NULL;0.0000;0.0000;2.0000;Exposure;0.8253;2026-03-26 11:08:32.8637;Controllers;NULL;NULL;OpenXR
NULL;Right;NULL;5;Exposure;NULL;NoMitigation;1;0;0;-1;0;0;0.0000;0.0000;2.0000;NULL;Translation;anonymous;NULL;Mole Hit;MoleEvent;3636;8e120f03-0d4b-42bd-8227-9160ece8e376;NULL;-0.0129;0.0011;-0.0376;357.8328;1.1132;359.4578;0.0517;0.0489;0.0168;2.0000;0.0489;0.0168;2.0000;NULL;1;0.0192;-1.3611;0.0065;0.0000;11.2316;0.0000;0.0000;0.0000;0.0000;0.0000;0.0000;0.0000;0;NULL;0.0000;0.0000;0.0000;0.0000;0.0000;0.0000;ControllerBody;NULL;NULL;NULL;NULL;1;0;0;-1;0;0;0.0000;0.0000;2.0000;0.0171;-0.0139;0.5362;358.8011;357.3315;0.6337;0.0131;-0.0089;0.5285;358.0896;357.6392;0.7810;1;NULL;0.0131;-0.0089;0.5285;358.0896;357.6392;0.7810;ControllerBody;NULL;a08a302b-aead-4f6e-a9a6-2a0b3992ba8e;NULL;NULL;4;0;NULL;0.0000;0.0000;2.0000;Exposure;0.0000;2026-03-26 11:08:32.8667;Controllers;NULL;NULL;OpenXR
NULL;Right;NULL;NULL;Exposure;NULL;NoMitigation;2;1;0;0;0;0;0.5000;0.0000;2.0000;NULL;Translation;anonymous;NULL;Mole Spawned;MoleEvent;3636;8e120f03-0d4b-42bd-8227-9160ece8e376;NULL;-0.0129;0.0011;-0.0376;357.8328;1.1132;359.4578;NULL;NULL;NULL;NULL;NULL;NULL;NULL;NULL;NULL;0.0192;-1.3611;0.0065;0.0000;11.2316;0.0000;0.0000;0.0000;0.0000;0.0000;0.0000;0.0000;0;NULL;0.0000;0.0000;0.0000;0.0000;0.0000;0.0000;ControllerBody;NULL;NULL;NULL;NULL;2;1;0;0;0;0;0.5000;0.0000;2.0000;0.0171;-0.0139;0.5362;358.8011;357.3315;0.6337;0.0131;-0.0089;0.5285;358.0896;357.6392;0.7810;1;NULL;0.0131;-0.0089;0.5285;358.0896;357.6392;0.7810;ControllerBody;NULL;a08a302b-aead-4f6e-a9a6-2a0b3992ba8e;NULL;NULL;NULL;1;NULL;0.5000;0.0000;2.0000;Exposure;0.0000;2026-03-26 11:08:32.8719;Controllers;NULL;NULL;OpenXR
NULL;Right;NULL;6;Exposure;NULL;NoMitigation;2;1;0;0;0;0;0.5000;0.0000;2.0000;NULL;Translation;anonymous;NULL;Pointer Shoot;PointerEvent;3717;8e120f03-0d4b-42bd-8227-9160ece8e376;NULL;-0.0063;-0.0014;-0.0378;358.6089;5.1644;359.9298;NULL;0.5426;-0.0069;2.0000;0.5426;-0.0069;2.0000;NULL;NULL;0.0192;-1.3611;0.0065;0.0000;11.2316;0.0000;0.0000;0.0000;0.0000;0.0000;0.0000;0.0000;0;NULL;0.0000;0.0000;0.0000;0.0000;0.0000;0.0000;ControllerBody;NULL;NULL;NULL;NULL;2;1;0;0;0;0;0.5000;0.0000;2.0000;0.1659;-0.0171;0.5413;359.6068;10.7395;359.3458;0.1668;-0.0141;0.5312;359.2960;10.5735;359.0614;1;NULL;0.1668;-0.0141;0.5312;359.2960;10.5735;359.0614;ControllerBody;NULL;a08a302b-aead-4f6e-a9a6-2a0b3992ba8e;NULL;NULL;5;1;NULL;0.5000;0.0000;2.0000;Exposure;0.8243;2026-03-26 11:08:33.6868;Controllers;NULL;NULL;OpenXR
NULL;Right;NULL;6;Exposure;NULL;NoMitigation;2;1;0;0;0;0;0.5000;0.0000;2.0000;NULL;Translation;anonymous;NULL;Mole Hit;MoleEvent;3717;8e120f03-0d4b-42bd-8227-9160ece8e376;NULL;-0.0063;-0.0014;-0.0378;358.6089;5.1644;359.9298;0.0431;0.5426;-0.0069;2.0000;0.5426;-0.0069;2.0000;NULL;1;0.0192;-1.3611;0.0065;0.0000;11.2316;0.0000;0.0000;0.0000;0.0000;0.0000;0.0000;0.0000;0;NULL;0.0000;0.0000;0.0000;0.0000;0.0000;0.0000;ControllerBody;NULL;NULL;NULL;NULL;2;1;0;0;0;0;0.5000;0.0000;2.0000;0.1659;-0.0171;0.5413;359.6068;10.7395;359.3458;0.1668;-0.0141;0.5312;359.2960;10.5735;359.0614;1;NULL;0.1668;-0.0141;0.5312;359.2960;10.5735;359.0614;ControllerBody;NULL;a08a302b-aead-4f6e-a9a6-2a0b3992ba8e;NULL;NULL;5;1;NULL;0.5000;0.0000;2.0000;Exposure;0.0000;2026-03-26 11:08:33.6894;Controllers;NULL;NULL;OpenXR
NULL;Right;NULL;NULL;Exposure;NULL;NoMitigation;1;0;0;-1;0;0;0.0000;0.0000;2.0000;NULL;Translation;anonymous;NULL;Mole Spawned;MoleEvent;3717;8e120f03-0d4b-42bd-8227-9160ece8e376;NULL;-0.0063;-0.0014;-0.0378;358.6089;5.1644;359.9298;NULL;NULL;NULL;NULL;NULL;NULL;NULL;NULL;NULL;0.0192;-1.3611;0.0065;0.0000;11.2316;0.0000;0.0000;0.0000;0.0000;0.0000;0.0000;0.0000;0;NULL;0.0000;0.0000;0.0000;0.0000;0.0000;0.0000;ControllerBody;NULL;NULL;NULL;NULL;1;0;0;-1;0;0;0.0000;0.0000;2.0000;0.1659;-0.0171;0.5413;359.6068;10.7395;359.3458;0.1668;-0.0141;0.5312;359.2960;10.5735;359.0614;1;NULL;0.1668;-0.0141;0.5312;359.2960;10.5735;359.0614;ControllerBody;NULL;a08a302b-aead-4f6e-a9a6-2a0b3992ba8e;NULL;NULL;NULL;0;NULL;0.0000;0.0000;2.0000;Exposure;0.0000;2026-03-26 11:08:33.6936;Controllers;NULL;NULL;OpenXR
NULL;Right;NULL;7;Exposure;NULL;NoMitigation;1;0;0;-1;0;0;0.0000;0.0000;2.0000;NULL;Translation;anonymous;NULL;Pointer Shoot;PointerEvent;3826;8e120f03-0d4b-42bd-8227-9160ece8e376;NULL;-0.0134;-0.0004;-0.0378;358.3840;1.2514;359.7981;NULL;0.0392;0.0139;2.0000;0.0392;0.0139;2.0000;NULL;NULL;0.0192;-1.3611;0.0065;0.0000;11.2316;0.0000;0.0000;0.0000;0.0000;0.0000;0.0000;0.0000;0;NULL;0.0000;0.0000;0.0000;0.0000;0.0000;0.0000;ControllerBody;NULL;NULL;NULL;NULL;1;0;0;-1;0;0;0.0000;0.0000;2.0000;0.0158;-0.0149;0.5364;358.8750;357.0047;0.7611;0.0142;-0.0123;0.5285;358.7496;357.7023;1.3041;1;NULL;0.0142;-0.0123;0.5285;358.7496;357.7023;1.3041;ControllerBody;NULL;a08a302b-aead-4f6e-a9a6-2a0b3992ba8e;NULL;NULL;6;0;NULL;0.0000;0.0000;2.0000;Exposure;1.0080;2026-03-26 11:08:34.6949;Controllers;NULL;NULL;OpenXR
NULL;Right;NULL;7;Exposure;NULL;NoMitigation;1;0;0;-1;0;0;0.0000;0.0000;2.0000;NULL;Translation;anonymous;NULL;Mole Hit;MoleEvent;3826;8e120f03-0d4b-42bd-8227-9160ece8e376;NULL;-0.0134;-0.0004;-0.0378;358.3840;1.2514;359.7981;0.0416;0.0392;0.0139;2.0000;0.0392;0.0139;2.0000;NULL;1;0.0192;-1.3611;0.0065;0.0000;11.2316;0.0000;0.0000;0.0000;0.0000;0.0000;0.0000;0.0000;0;NULL;0.0000;0.0000;0.0000;0.0000;0.0000;0.0000;ControllerBody;NULL;NULL;NULL;NULL;1;0;0;-1;0;0;0.0000;0.0000;2.0000;0.0158;-0.0149;0.5364;358.8750;357.0047;0.7611;0.0142;-0.0123;0.5285;358.7496;357.7023;1.3041;1;NULL;0.0142;-0.0123;0.5285;358.7496;357.7023;1.3041;ControllerBody;NULL;a08a302b-aead-4f6e-a9a6-2a0b3992ba8e;NULL;NULL;6;0;NULL;0.0000;0.0000;2.0000;Exposure;0.0000;2026-03-26 11:08:34.6981;Controllers;NULL;NULL;OpenXR
NULL;Right;NULL;NULL;Exposure;NULL;NoMitigation;2;1;0;0;0;0;0.5000;0.0000;2.0000;NULL;Translation;anonymous;NULL;Mole Spawned;MoleEvent;3826;8e120f03-0d4b-42bd-8227-9160ece8e376;NULL;-0.0134;-0.0004;-0.0378;358.3840;1.2514;359.7981;NULL;NULL;NULL;NULL;NULL;NULL;NULL;NULL;NULL;0.0192;-1.3611;0.0065;0.0000;11.2316;0.0000;0.0000;0.0000;0.0000;0.0000;0.0000;0.0000;0;NULL;0.0000;0.0000;0.0000;0.0000;0.0000;0.0000;ControllerBody;NULL;NULL;NULL;NULL;2;1;0;0;0;0;0.5000;0.0000;2.0000;0.0158;-0.0149;0.5364;358.8750;357.0047;0.7611;0.0142;-0.0123;0.5285;358.7496;357.7023;1.3041;1;NULL;0.0142;-0.0123;0.5285;358.7496;357.7023;1.3041;ControllerBody;NULL;a08a302b-aead-4f6e-a9a6-2a0b3992ba8e;NULL;NULL;NULL;1;NULL;0.5000;0.0000;2.0000;Exposure;0.0000;2026-03-26 11:08:34.7027;Controllers;NULL;NULL;OpenXR
NULL;Right;NULL;8;Exposure;NULL;NoMitigation;2;1;0;0;0;0;0.5000;0.0000;2.0000;NULL;Translation;anonymous;NULL;Pointer Shoot;PointerEvent;3924;8e120f03-0d4b-42bd-8227-9160ece8e376;NULL;-0.0064;-0.0009;-0.0381;358.6325;5.5479;359.7029;NULL;0.4679;-0.0174;2.0000;0.4679;-0.0174;2.0000;NULL;NULL;0.0192;-1.3611;0.0065;0.0000;11.2316;0.0000;0.0000;0.0000;0.0000;0.0000;0.0000;0.0000;0;NULL;0.0000;0.0000;0.0000;0.0000;0.0000;0.0000;ControllerBody;NULL;NULL;NULL;NULL;2;1;0;0;0;0;0.5000;0.0000;2.0000;0.1388;-0.0261;0.5439;359.6611;8.9402;0.3837;0.1452;-0.0251;0.5350;359.6747;9.5550;0.0318;1;NULL;0.1452;-0.0251;0.5350;359.6747;9.5550;0.0318;ControllerBody;NULL;a08a302b-aead-4f6e-a9a6-2a0b3992ba8e;NULL;NULL;7;1;NULL;0.5000;0.0000;2.0000;Exposure;0.8330;2026-03-26 11:08:35.5253;Controllers;NULL;NULL;OpenXR
NULL;Right;NULL;8;Exposure;NULL;NoMitigation;2;1;0;0;0;0;0.5000;0.0000;2.0000;NULL;Translation;anonymous;NULL;Mole Hit;MoleEvent;3924;8e120f03-0d4b-42bd-8227-9160ece8e376;NULL;-0.0064;-0.0009;-0.0381;358.6325;5.5479;359.7029;0.0365;0.4679;-0.0174;2.0000;0.4679;-0.0174;2.0000;NULL;1;0.0192;-1.3611;0.0065;0.0000;11.2316;0.0000;0.0000;0.0000;0.0000;0.0000;0.0000;0.0000;0;NULL;0.0000;0.0000;0.0000;0.0000;0.0000;0.0000;ControllerBody;NULL;NULL;NULL;NULL;2;1;0;0;0;0;0.5000;0.0000;2.0000;0.1388;-0.0261;0.5439;359.6611;8.9402;0.3837;0.1452;-0.0251;0.5350;359.6747;9.5550;0.0318;1;NULL;0.1452;-0.0251;0.5350;359.6747;9.5550;0.0318;ControllerBody;NULL;a08a302b-aead-4f6e-a9a6-2a0b3992ba8e;NULL;NULL;7;1;NULL;0.5000;0.0000;2.0000;Exposure;0.0000;2026-03-26 11:08:35.5268;Controllers;NULL;NULL;OpenXR
NULL;Right;NULL;NULL;Exposure;NULL;NoMitigation;1;0;0;-1;0;0;0.0000;0.0000;2.0000;NULL;Translation;anonymous;NULL;Mole Spawned;MoleEvent;3924;8e120f03-0d4b-42bd-8227-9160ece8e376;NULL;-0.0064;-0.0009;-0.0381;358.6325;5.5479;359.7029;NULL;NULL;NULL;NULL;NULL;NULL;NULL;NULL;NULL;0.0192;-1.3611;0.0065;0.0000;11.2316;0.0000;0.0000;0.0000;0.0000;0.0000;0.0000;0.0000;0;NULL;0.0000;0.0000;0.0000;0.0000;0.0000;0.0000;ControllerBody;NULL;NULL;NULL;NULL;1;0;0;-1;0;0;0.0000;0.0000;2.0000;0.1388;-0.0261;0.5439;359.6611;8.9402;0.3837;0.1452;-0.0251;0.5350;359.6747;9.5550;0.0318;1;NULL;0.1452;-0.0251;0.5350;359.6747;9.5550;0.0318;ControllerBody;NULL;a08a302b-aead-4f6e-a9a6-2a0b3992ba8e;NULL;NULL;NULL;0;NULL;0.0000;0.0000;2.0000;Exposure;0.0000;2026-03-26 11:08:35.5283;Controllers;NULL;NULL;OpenXR
NULL;Right;NULL;9;Exposure;NULL;NoMitigation;1;0;0;-1;0;0;0.0000;0.0000;2.0000;NULL;Translation;anonymous;NULL;Pointer Shoot;PointerEvent;4036;8e120f03-0d4b-42bd-8227-9160ece8e376;NULL;-0.0128;-0.0010;-0.0386;358.5407;1.0649;359.5182;NULL;0.0313;0.0010;2.0000;0.0313;0.0010;2.0000;NULL;NULL;0.0192;-1.3611;0.0065;0.0000;11.2316;0.0000;0.0000;0.0000;0.0000;0.0000;0.0000;0.0000;0;NULL;0.0000;0.0000;0.0000;0.0000;0.0000;0.0000;ControllerBody;NULL;NULL;NULL;NULL;1;0;0;-1;0;0;0.0000;0.0000;2.0000;0.0107;-0.0231;0.5361;359.0583;356.8951;1.8853;0.0012;-0.0225;0.5282;359.0873;356.4183;2.5828;1;NULL;0.0012;-0.0225;0.5282;359.0873;356.4183;2.5828;ControllerBody;NULL;a08a302b-aead-4f6e-a9a6-2a0b3992ba8e;NULL;NULL;8;0;NULL;0.0000;0.0000;2.0000;Exposure;0.9332;2026-03-26 11:08:36.4585;Controllers;NULL;NULL;OpenXR
NULL;Right;NULL;9;Exposure;NULL;NoMitigation;1;0;0;-1;0;0;0.0000;0.0000;2.0000;NULL;Translation;anonymous;NULL;Mole Hit;MoleEvent;4036;8e120f03-0d4b-42bd-8227-9160ece8e376;NULL;-0.0128;-0.0010;-0.0386;358.5407;1.0649;359.5182;0.0313;0.0313;0.0010;2.0000;0.0313;0.0010;2.0000;NULL;1;0.0192;-1.3611;0.0065;0.0000;11.2316;0.0000;0.0000;0.0000;0.0000;0.0000;0.0000;0.0000;0;NULL;0.0000;0.0000;0.0000;0.0000;0.0000;0.0000;ControllerBody;NULL;NULL;NULL;NULL;1;0;0;-1;0;0;0.0000;0.0000;2.0000;0.0107;-0.0231;0.5361;359.0583;356.8951;1.8853;0.0012;-0.0225;0.5282;359.0873;356.4183;2.5828;1;NULL;0.0012;-0.0225;0.5282;359.0873;356.4183;2.5828;ControllerBody;NULL;a08a302b-aead-4f6e-a9a6-2a0b3992ba8e;NULL;NULL;8;0;NULL;0.0000;0.0000;2.0000;Exposure;0.0000;2026-03-26 11:08:36.4600;Controllers;NULL;NULL;OpenXR
NULL;Right;NULL;NULL;Exposure;NULL;NoMitigation;2;1;0;0;0;0;0.5000;0.0000;2.0000;NULL;Translation;anonymous;NULL;Mole Spawned;MoleEvent;4036;8e120f03-0d4b-42bd-8227-9160ece8e376;NULL;-0.0128;-0.0010;-0.0386;358.5407;1.0649;359.5182;NULL;NULL;NULL;NULL;NULL;NULL;NULL;NULL;NULL;0.0192;-1.3611;0.0065;0.0000;11.2316;0.0000;0.0000;0.0000;0.0000;0.0000;0.0000;0.0000;0;NULL;0.0000;0.0000;0.0000;0.0000;0.0000;0.0000;ControllerBody;NULL;NULL;NULL;NULL;2;1;0;0;0;0;0.5000;0.0000;2.0000;0.0107;-0.0231;0.5361;359.0583;356.8951;1.8853;0.0012;-0.0225;0.5282;359.0873;356.4183;2.5828;1;NULL;0.0012;-0.0225;0.5282;359.0873;356.4183;2.5828;ControllerBody;NULL;a08a302b-aead-4f6e-a9a6-2a0b3992ba8e;NULL;NULL;NULL;1;NULL;0.5000;0.0000;2.0000;Exposure;0.0000;2026-03-26 11:08:36.4616;Controllers;NULL;NULL;OpenXR
NULL;Right;NULL;10;Exposure;NULL;NoMitigation;2;1;0;0;0;0;0.5000;0.0000;2.0000;NULL;Translation;anonymous;NULL;Pointer Shoot;PointerEvent;4145;8e120f03-0d4b-42bd-8227-9160ece8e376;NULL;-0.0044;-0.0029;-0.0365;359.6182;5.8002;359.2511;NULL;0.5223;-0.0162;2.0000;0.5223;-0.0162;2.0000;NULL;NULL;0.0192;-1.3611;0.0065;0.0000;11.2316;0.0000;0.0000;0.0000;0.0000;0.0000;0.0000;0.0000;0;NULL;0.0000;0.0000;0.0000;0.0000;0.0000;0.0000;ControllerBody;NULL;NULL;NULL;NULL;2;1;0;0;0;0;0.5000;0.0000;2.0000;0.1564;-0.0270;0.5423;359.5806;10.3401;1.4377;0.1547;-0.0260;0.5334;359.3405;9.9643;1.9162;1;NULL;0.1547;-0.0260;0.5334;359.3405;9.9643;1.9162;ControllerBody;NULL;a08a302b-aead-4f6e-a9a6-2a0b3992ba8e;NULL;NULL;9;1;NULL;0.5000;0.0000;2.0000;Exposure;0.9084;2026-03-26 11:08:37.3676;Controllers;NULL;NULL;OpenXR
NULL;Right;NULL;10;Exposure;NULL;NoMitigation;2;1;0;0;0;0;0.5000;0.0000;2.0000;NULL;Translation;anonymous;NULL;Mole Hit;MoleEvent;4145;8e120f03-0d4b-42bd-8227-9160ece8e376;NULL;-0.0044;-0.0029;-0.0365;359.6182;5.8002;359.2511;0.0276;0.5223;-0.0162;2.0000;0.5223;-0.0162;2.0000;NULL;1;0.0192;-1.3611;0.0065;0.0000;11.2316;0.0000;0.0000;0.0000;0.0000;0.0000;0.0000;0.0000;0;NULL;0.0000;0.0000;0.0000;0.0000;0.0000;0.0000;ControllerBody;NULL;NULL;NULL;NULL;2;1;0;0;0;0;0.5000;0.0000;2.0000;0.1564;-0.0270;0.5423;359.5806;10.3401;1.4377;0.1547;-0.0260;0.5334;359.3405;9.9643;1.9162;1;NULL;0.1547;-0.0260;0.5334;359.3405;9.9643;1.9162;ControllerBody;NULL;a08a302b-aead-4f6e-a9a6-2a0b3992ba8e;NULL;NULL;9;1;NULL;0.5000;0.0000;2.0000;Exposure;0.0000;2026-03-26 11:08:37.3686;Controllers;NULL;NULL;OpenXR
NULL;Right;NULL;NULL;Exposure;NULL;NoMitigation;1;0;0;-1;0;0;0.0000;0.0000;2.0000;NULL;Translation;anonymous;NULL;Mole Spawned;MoleEvent;4145;8e120f03-0d4b-42bd-8227-9160ece8e376;NULL;-0.0044;-0.0029;-0.0365;359.6182;5.8002;359.2511;NULL;NULL;NULL;NULL;NULL;NULL;NULL;NULL;NULL;0.0192;-1.3611;0.0065;0.0000;11.2316;0.0000;0.0000;0.0000;0.0000;0.0000;0.0000;0.0000;0;NULL;0.0000;0.0000;0.0000;0.0000;0.0000;0.0000;ControllerBody;NULL;NULL;NULL;NULL;1;0;0;-1;0;0;0.0000;0.0000;2.0000;0.1564;-0.0270;0.5423;359.5806;10.3401;1.4377;0.1547;-0.0260;0.5334;359.3405;9.9643;1.9162;1;NULL;0.1547;-0.0260;0.5334;359.3405;9.9643;1.9162;ControllerBody;NULL;a08a302b-aead-4f6e-a9a6-2a0b3992ba8e;NULL;NULL;NULL;0;NULL;0.0000;0.0000;2.0000;Exposure;0.0000;2026-03-26 11:08:37.3702;Controllers;NULL;NULL;OpenXR
NULL;Right;NULL;11;Exposure;NULL;NoMitigation;1;0;0;-1;0;0;0.0000;0.0000;2.0000;NULL;Translation;anonymous;NULL;Pointer Shoot;PointerEvent;4248;8e120f03-0d4b-42bd-8227-9160ece8e376;NULL;-0.0169;-0.0022;-0.0334;359.7546;0.7170;0.2387;NULL;0.0292;-0.0082;2.0000;0.0292;-0.0082;2.0000;NULL;NULL;0.0192;-1.3611;0.0065;0.0000;11.2316;0.0000;0.0000;0.0000;0.0000;0.0000;0.0000;0.0000;0;NULL;0.0000;0.0000;0.0000;0.0000;0.0000;0.0000;ControllerBody;NULL;NULL;NULL;NULL;1;0;0;-1;0;0;0.0000;0.0000;2.0000;0.0062;-0.0284;0.5385;359.2084;356.9846;3.2581;-0.0026;-0.0243;0.5308;358.7196;356.2989;4.0785;1;NULL;-0.0026;-0.0243;0.5308;358.7196;356.2989;4.0785;ControllerBody;NULL;a08a302b-aead-4f6e-a9a6-2a0b3992ba8e;NULL;NULL;10;0;NULL;0.0000;0.0000;2.0000;Exposure;0.8581;2026-03-26 11:08:38.2250;Controllers;NULL;NULL;OpenXR
NULL;Right;NULL;11;Exposure;NULL;NoMitigation;1;0;0;-1;0;0;0.0000;0.0000;2.0000;NULL;Translation;anonymous;NULL;Mole Hit;MoleEvent;4248;8e120f03-0d4b-42bd-8227-9160ece8e376;NULL;-0.0169;-0.0022;-0.0334;359.7546;0.7170;0.2387;0.0303;0.0292;-0.0082;2.0000;0.0292;-0.0082;2.0000;NULL;1;0.0192;-1.3611;0.0065;0.0000;11.2316;0.0000;0.0000;0.0000;0.0000;0.0000;0.0000;0.0000;0;NULL;0.0000;0.0000;0.0000;0.0000;0.0000;0.0000;ControllerBody;NULL;NULL;NULL;NULL;1;0;0;-1;0;0;0.0000;0.0000;2.0000;0.0062;-0.0284;0.5385;359.2084;356.9846;3.2581;-0.0026;-0.0243;0.5308;358.7196;356.2989;4.0785;1;NULL;-0.0026;-0.0243;0.5308;358.7196;356.2989;4.0785;ControllerBody;NULL;a08a302b-aead-4f6e-a9a6-2a0b3992ba8e;NULL;NULL;10;0;NULL;0.0000;0.0000;2.0000;Exposure;0.0000;2026-03-26 11:08:38.2265;Controllers;NULL;NULL;OpenXR
NULL;Right;NULL;NULL;Exposure;NULL;NoMitigation;3;2;0;1;0;0;-0.5000;0.0000;2.0000;NULL;Translation;anonymous;NULL;Mole Spawned;MoleEvent;4248;8e120f03-0d4b-42bd-8227-9160ece8e376;NULL;-0.0169;-0.0022;-0.0334;359.7546;0.7170;0.2387;NULL;NULL;NULL;NULL;NULL;NULL;NULL;NULL;NULL;0.0192;-1.3611;0.0065;0.0000;11.2316;0.0000;0.0000;0.0000;0.0000;0.0000;0.0000;0.0000;0;NULL;0.0000;0.0000;0.0000;0.0000;0.0000;0.0000;ControllerBody;NULL;NULL;NULL;NULL;3;2;0;1;0;0;-0.5000;0.0000;2.0000;0.0062;-0.0284;0.5385;359.2084;356.9846;3.2581;-0.0026;-0.0243;0.5308;358.7196;356.2989;4.0785;1;NULL;-0.0026;-0.0243;0.5308;358.7196;356.2989;4.0785;ControllerBody;NULL;a08a302b-aead-4f6e-a9a6-2a0b3992ba8e;NULL;NULL;NULL;2;NULL;-0.5000;0.0000;2.0000;Exposure;0.0000;2026-03-26 11:08:38.2286;Controllers;NULL;NULL;OpenXR
NULL;Right;NULL;12;Exposure;NULL;NoMitigation;3;2;0;1;0;0;-0.5000;0.0000;2.0000;NULL;Translation;anonymous;NULL;Pointer Shoot;PointerEvent;4353;8e120f03-0d4b-42bd-8227-9160ece8e376;NULL;-0.0212;-0.0042;-0.0340;1.1141;353.4319;359.0883;NULL;-0.4808;0.0127;2.0000;-0.4808;0.0127;2.0000;NULL;NULL;0.0192;-1.3611;0.0065;0.0000;11.2316;0.0000;0.0000;0.0000;0.0000;0.0000;0.0000;0.0000;0;NULL;0.0000;0.0000;0.0000;0.0000;0.0000;0.0000;ControllerBody;NULL;NULL;NULL;NULL;3;2;0;1;0;0;-0.5000;0.0000;2.0000;-0.1340;-0.0261;0.5053;358.5768;343.3590;3.4592;-0.1361;-0.0219;0.4963;358.2240;343.2332;3.9624;1;NULL;-0.1361;-0.0219;0.4963;358.2240;343.2332;3.9624;ControllerBody;NULL;a08a302b-aead-4f6e-a9a6-2a0b3992ba8e;NULL;NULL;11;2;NULL;-0.5000;0.0000;2.0000;Exposure;0.8748;2026-03-26 11:08:39.1008;Controllers;NULL;NULL;OpenXR
NULL;Right;NULL;12;Exposure;NULL;NoMitigation;3;2;0;1;0;0;-0.5000;0.0000;2.0000;NULL;Translation;anonymous;NULL;Mole Hit;MoleEvent;4353;8e120f03-0d4b-42bd-8227-9160ece8e376;NULL;-0.0212;-0.0042;-0.0340;1.1141;353.4319;359.0883;0.0230;-0.4808;0.0127;2.0000;-0.4808;0.0127;2.0000;NULL;1;0.0192;-1.3611;0.0065;0.0000;11.2316;0.0000;0.0000;0.0000;0.0000;0.0000;0.0000;0.0000;0;NULL;0.0000;0.0000;0.0000;0.0000;0.0000;0.0000;ControllerBody;NULL;NULL;NULL;NULL;3;2;0;1;0;0;-0.5000;0.0000;2.0000;-0.1340;-0.0261;0.5053;358.5768;343.3590;3.4592;-0.1361;-0.0219;0.4963;358.2240;343.2332;3.9624;1;NULL;-0.1361;-0.0219;0.4963;358.2240;343.2332;3.9624;ControllerBody;NULL;a08a302b-aead-4f6e-a9a6-2a0b3992ba8e;NULL;NULL;11;2;NULL;-0.5000;0.0000;2.0000;Exposure;0.0000;2026-03-26 11:08:39.1023;Controllers;NULL;NULL;OpenXR
NULL;Right;NULL;NULL;Exposure;NULL;NoMitigation;1;0;0;-1;0;0;0.0000;0.0000;2.0000;NULL;Translation;anonymous;NULL;Mole Spawned;MoleEvent;4353;8e120f03-0d4b-42bd-8227-9160ece8e376;NULL;-0.0212;-0.0042;-0.0340;1.1141;353.4319;359.0883;NULL;NULL;NULL;NULL;NULL;NULL;NULL;NULL;NULL;0.0192;-1.3611;0.0065;0.0000;11.2316;0.0000;0.0000;0.0000;0.0000;0.0000;0.0000;0.0000;0;NULL;0.0000;0.0000;0.0000;0.0000;0.0000;0.0000;ControllerBody;NULL;NULL;NULL;NULL;1;0;0;-1;0;0;0.0000;0.0000;2.0000;-0.1340;-0.0261;0.5053;358.5768;343.3590;3.4592;-0.1361;-0.0219;0.4963;358.2240;343.2332;3.9624;1;NULL;-0.1361;-0.0219;0.4963;358.2240;343.2332;3.9624;ControllerBody;NULL;a08a302b-aead-4f6e-a9a6-2a0b3992ba8e;NULL;NULL;NULL;0;NULL;0.0000;0.0000;2.0000;Exposure;0.0000;2026-03-26 11:08:39.1038;Controllers;NULL;NULL;OpenXR
NULL;Right;NULL;13;Exposure;NULL;NoMitigation;1;0;0;-1;0;0;0.0000;0.0000;2.0000;NULL;Translation;anonymous;NULL;Pointer Shoot;PointerEvent;4458;8e120f03-0d4b-42bd-8227-9160ece8e376;NULL;-0.0099;-0.0031;-0.0371;359.9467;358.5744;358.9498;NULL;0.0076;0.0202;2.0000;0.0076;0.0202;2.0000;NULL;NULL;0.0192;-1.3611;0.0065;0.0000;11.2316;0.0000;0.0000;0.0000;0.0000;0.0000;0.0000;0.0000;0;NULL;0.0000;0.0000;0.0000;0.0000;0.0000;0.0000;ControllerBody;NULL;NULL;NULL;NULL;1;0;0;-1;0;0;0.0000;0.0000;2.0000;-0.0014;-0.0234;0.5367;358.2987;356.4398;2.5311;0.0084;-0.0288;0.5305;358.6965;357.1711;2.3539;1;NULL;0.0084;-0.0288;0.5305;358.6965;357.1711;2.3539;ControllerBody;NULL;a08a302b-aead-4f6e-a9a6-2a0b3992ba8e;NULL;NULL;12;0;NULL;0.0000;0.0000;2.0000;Exposure;0.8746;2026-03-26 11:08:39.9751;Controllers;NULL;NULL;OpenXR
NULL;Right;NULL;13;Exposure;NULL;NoMitigation;1;0;0;-1;0;0;0.0000;0.0000;2.0000;NULL;Translation;anonymous;NULL;Mole Hit;MoleEvent;4458;8e120f03-0d4b-42bd-8227-9160ece8e376;NULL;-0.0099;-0.0031;-0.0371;359.9467;358.5744;358.9498;0.0216;0.0076;0.0202;2.0000;0.0076;0.0202;2.0000;NULL;1;0.0192;-1.3611;0.0065;0.0000;11.2316;0.0000;0.0000;0.0000;0.0000;0.0000;0.0000;0.0000;0;NULL;0.0000;0.0000;0.0000;0.0000;0.0000;0.0000;ControllerBody;NULL;NULL;NULL;NULL;1;0;0;-1;0;0;0.0000;0.0000;2.0000;-0.0014;-0.0234;0.5367;358.2987;356.4398;2.5311;0.0084;-0.0288;0.5305;358.6965;357.1711;2.3539;1;NULL;0.0084;-0.0288;0.5305;358.6965;357.1711;2.3539;ControllerBody;NULL;a08a302b-aead-4f6e-a9a6-2a0b3992ba8e;NULL;NULL;12;0;NULL;0.0000;0.0000;2.0000;Exposure;0.0000;2026-03-26 11:08:39.9762;Controllers;NULL;NULL;OpenXR
NULL;Right;NULL;NULL;Exposure;NULL;NoMitigation;2;1;0;0;0;0;0.5000;0.0000;2.0000;NULL;Translation;anonymous;NULL;Mole Spawned;MoleEvent;4458;8e120f03-0d4b-42bd-8227-9160ece8e376;NULL;-0.0099;-0.0031;-0.0371;359.9467;358.5744;358.9498;NULL;NULL;NULL;NULL;NULL;NULL;NULL;NULL;NULL;0.0192;-1.3611;0.0065;0.0000;11.2316;0.0000;0.0000;0.0000;0.0000;0.0000;0.0000;0.0000;0;NULL;0.0000;0.0000;0.0000;0.0000;0.0000;0.0000;ControllerBody;NULL;NULL;NULL;NULL;2;1;0;0;0;0;0.5000;0.0000;2.0000;-0.0014;-0.0234;0.5367;358.2987;356.4398;2.5311;0.0084;-0.0288;0.5305;358.6965;357.1711;2.3539;1;NULL;0.0084;-0.0288;0.5305;358.6965;357.1711;2.3539;ControllerBody;NULL;a08a302b-aead-4f6e-a9a6-2a0b3992ba8e;NULL;NULL;NULL;1;NULL;0.5000;0.0000;2.0000;Exposure;0.0000;2026-03-26 11:08:39.9777;Controllers;NULL;NULL;OpenXR
NULL;Right;NULL;14;Exposure;NULL;NoMitigation;2;1;0;0;0;0;0.5000;0.0000;2.0000;NULL;Translation;anonymous;NULL;Pointer Shoot;PointerEvent;4553;8e120f03-0d4b-42bd-8227-9160ece8e376;NULL;-0.0032;-0.0047;-0.0357;1.0179;5.4674;359.2263;NULL;0.5036;-0.0022;2.0000;0.5036;-0.0022;2.0000;NULL;NULL;0.0192;-1.3611;0.0065;0.0000;11.2316;0.0000;0.0000;0.0000;0.0000;0.0000;0.0000;0.0000;0;NULL;0.0000;0.0000;0.0000;0.0000;0.0000;0.0000;ControllerBody;NULL;NULL;NULL;NULL;2;1;0;0;0;0;0.5000;0.0000;2.0000;0.1467;-0.0300;0.5413;358.9229;9.9870;1.5236;0.1517;-0.0322;0.5328;359.0347;10.3982;1.4001;1;NULL;0.1517;-0.0322;0.5328;359.0347;10.3982;1.4001;ControllerBody;NULL;a08a302b-aead-4f6e-a9a6-2a0b3992ba8e;NULL;NULL;13;1;NULL;0.5000;0.0000;2.0000;Exposure;0.7917;2026-03-26 11:08:40.7668;Controllers;NULL;NULL;OpenXR
NULL;Right;NULL;14;Exposure;NULL;NoMitigation;2;1;0;0;0;0;0.5000;0.0000;2.0000;NULL;Translation;anonymous;NULL;Mole Hit;MoleEvent;4553;8e120f03-0d4b-42bd-8227-9160ece8e376;NULL;-0.0032;-0.0047;-0.0357;1.0179;5.4674;359.2263;0.0042;0.5036;-0.0022;2.0000;0.5036;-0.0022;2.0000;NULL;1;0.0192;-1.3611;0.0065;0.0000;11.2316;0.0000;0.0000;0.0000;0.0000;0.0000;0.0000;0.0000;0;NULL;0.0000;0.0000;0.0000;0.0000;0.0000;0.0000;ControllerBody;NULL;NULL;NULL;NULL;2;1;0;0;0;0;0.5000;0.0000;2.0000;0.1467;-0.0300;0.5413;358.9229;9.9870;1.5236;0.1517;-0.0322;0.5328;359.0347;10.3982;1.4001;1;NULL;0.1517;-0.0322;0.5328;359.0347;10.3982;1.4001;ControllerBody;NULL;a08a302b-aead-4f6e-a9a6-2a0b3992ba8e;NULL;NULL;13;1;NULL;0.5000;0.0000;2.0000;Exposure;0.0000;2026-03-26 11:08:40.7683;Controllers;NULL;NULL;OpenXR
NULL;Right;NULL;NULL;Exposure;NULL;NoMitigation;1;0;0;-1;0;0;0.0000;0.0000;2.0000;NULL;Translation;anonymous;NULL;Mole Spawned;MoleEvent;4553;8e120f03-0d4b-42bd-8227-9160ece8e376;NULL;-0.0032;-0.0047;-0.0357;1.0179;5.4674;359.2263;NULL;NULL;NULL;NULL;NULL;NULL;NULL;NULL;NULL;0.0192;-1.3611;0.0065;0.0000;11.2316;0.0000;0.0000;0.0000;0.0000;0.0000;0.0000;0.0000;0;NULL;0.0000;0.0000;0.0000;0.0000;0.0000;0.0000;ControllerBody;NULL;NULL;NULL;NULL;1;0;0;-1;0;0;0.0000;0.0000;2.0000;0.1467;-0.0300;0.5413;358.9229;9.9870;1.5236;0.1517;-0.0322;0.5328;359.0347;10.3982;1.4001;1;NULL;0.1517;-0.0322;0.5328;359.0347;10.3982;1.4001;ControllerBody;NULL;a08a302b-aead-4f6e-a9a6-2a0b3992ba8e;NULL;NULL;NULL;0;NULL;0.0000;0.0000;2.0000;Exposure;0.0000;2026-03-26 11:08:40.7688;Controllers;NULL;NULL;OpenXR
NULL;Right;NULL;15;Exposure;NULL;NoMitigation;1;0;0;-1;0;0;0.0000;0.0000;2.0000;NULL;Translation;anonymous;NULL;Pointer Shoot;PointerEvent;4647;8e120f03-0d4b-42bd-8227-9160ece8e376;NULL;-0.0113;-0.0036;-0.0345;0.7432;0.1070;359.0768;NULL;0.0166;0.0007;2.0000;0.0166;0.0007;2.0000;NULL;NULL;0.0192;-1.3611;0.0065;0.0000;11.2316;0.0000;0.0000;0.0000;0.0000;0.0000;0.0000;0.0000;0;NULL;0.0000;0.0000;0.0000;0.0000;0.0000;0.0000;ControllerBody;NULL;NULL;NULL;NULL;1;0;0;-1;0;0;0.0000;0.0000;2.0000;0.0054;-0.0330;0.5374;358.6835;356.5235;2.8732;-0.0027;-0.0343;0.5303;358.8682;355.9861;3.5072;1;NULL;-0.0027;-0.0343;0.5303;358.8682;355.9861;3.5072;ControllerBody;NULL;a08a302b-aead-4f6e-a9a6-2a0b3992ba8e;NULL;NULL;14;0;NULL;0.0000;0.0000;2.0000;Exposure;0.7832;2026-03-26 11:08:41.5500;Controllers;NULL;NULL;OpenXR
NULL;Right;NULL;15;Exposure;NULL;NoMitigation;1;0;0;-1;0;0;0.0000;0.0000;2.0000;NULL;Translation;anonymous;NULL;Mole Hit;MoleEvent;4647;8e120f03-0d4b-42bd-8227-9160ece8e376;NULL;-0.0113;-0.0036;-0.0345;0.7432;0.1070;359.0768;0.0166;0.0166;0.0007;2.0000;0.0166;0.0007;2.0000;NULL;1;0.0192;-1.3611;0.0065;0.0000;11.2316;0.0000;0.0000;0.0000;0.0000;0.0000;0.0000;0.0000;0;NULL;0.0000;0.0000;0.0000;0.0000;0.0000;0.0000;ControllerBody;NULL;NULL;NULL;NULL;1;0;0;-1;0;0;0.0000;0.0000;2.0000;0.0054;-0.0330;0.5374;358.6835;356.5235;2.8732;-0.0027;-0.0343;0.5303;358.8682;355.9861;3.5072;1;NULL;-0.0027;-0.0343;0.5303;358.8682;355.9861;3.5072;ControllerBody;NULL;a08a302b-aead-4f6e-a9a6-2a0b3992ba8e;NULL;NULL;14;0;NULL;0.0000;0.0000;2.0000;Exposure;0.0000;2026-03-26 11:08:41.5515;Controllers;NULL;NULL;OpenXR
NULL;Right;NULL;NULL;Exposure;NULL;NoMitigation;2;1;0;0;0;0;0.5000;0.0000;2.0000;NULL;Translation;anonymous;NULL;Mole Spawned;MoleEvent;4647;8e120f03-0d4b-42bd-8227-9160ece8e376;NULL;-0.0113;-0.0036;-0.0345;0.7432;0.1070;359.0768;NULL;NULL;NULL;NULL;NULL;NULL;NULL;NULL;NULL;0.0192;-1.3611;0.0065;0.0000;11.2316;0.0000;0.0000;0.0000;0.0000;0.0000;0.0000;0.0000;0;NULL;0.0000;0.0000;0.0000;0.0000;0.0000;0.0000;ControllerBody;NULL;NULL;NULL;NULL;2;1;0;0;0;0;0.5000;0.0000;2.0000;0.0054;-0.0330;0.5374;358.6835;356.5235;2.8732;-0.0027;-0.0343;0.5303;358.8682;355.9861;3.5072;1;NULL;-0.0027;-0.0343;0.5303;358.8682;355.9861;3.5072;ControllerBody;NULL;a08a302b-aead-4f6e-a9a6-2a0b3992ba8e;NULL;NULL;NULL;1;NULL;0.5000;0.0000;2.0000;Exposure;0.0000;2026-03-26 11:08:41.5531;Controllers;NULL;NULL;OpenXR
NULL;Right;NULL;16;Exposure;NULL;NoMitigation;2;1;0;0;0;0;0.5000;0.0000;2.0000;NULL;Translation;anonymous;NULL;Pointer Shoot;PointerEvent;4737;8e120f03-0d4b-42bd-8227-9160ece8e376;NULL;-0.0073;-0.0039;-0.0352;0.6505;4.3771;0.2544;NULL;0.5075;0.0118;2.0000;0.5075;0.0118;2.0000;NULL;NULL;0.0192;-1.3611;0.0065;0.0000;11.2316;0.0000;0.0000;0.0000;0.0000;0.0000;0.0000;0.0000;0;NULL;0.0000;0.0000;0.0000;0.0000;0.0000;0.0000;ControllerBody;NULL;NULL;NULL;NULL;2;1;0;0;0;0;0.5000;0.0000;2.0000;0.1460;-0.0282;0.5414;358.4516;10.1632;2.7363;0.1532;-0.0279;0.5320;358.1795;10.9872;2.2429;1;NULL;0.1532;-0.0279;0.5320;358.1795;10.9872;2.2429;ControllerBody;NULL;a08a302b-aead-4f6e-a9a6-2a0b3992ba8e;NULL;NULL;15;1;NULL;0.5000;0.0000;2.0000;Exposure;0.7501;2026-03-26 11:08:42.3005;Controllers;NULL;NULL;OpenXR
NULL;Right;NULL;16;Exposure;NULL;NoMitigation;2;1;0;0;0;0;0.5000;0.0000;2.0000;NULL;Translation;anonymous;NULL;Mole Hit;MoleEvent;4737;8e120f03-0d4b-42bd-8227-9160ece8e376;NULL;-0.0073;-0.0039;-0.0352;0.6505;4.3771;0.2544;0.0140;0.5075;0.0118;2.0000;0.5075;0.0118;2.0000;NULL;1;0.0192;-1.3611;0.0065;0.0000;11.2316;0.0000;0.0000;0.0000;0.0000;0.0000;0.0000;0.0000;0;NULL;0.0000;0.0000;0.0000;0.0000;0.0000;0.0000;ControllerBody;NULL;NULL;NULL;NULL;2;1;0;0;0;0;0.5000;0.0000;2.0000;0.1460;-0.0282;0.5414;358.4516;10.1632;2.7363;0.1532;-0.0279;0.5320;358.1795;10.9872;2.2429;1;NULL;0.1532;-0.0279;0.5320;358.1795;10.9872;2.2429;ControllerBody;NULL;a08a302b-aead-4f6e-a9a6-2a0b3992ba8e;NULL;NULL;15;1;NULL;0.5000;0.0000;2.0000;Exposure;0.0000;2026-03-26 11:08:42.3021;Controllers;NULL;NULL;OpenXR
NULL;Right;NULL;NULL;Exposure;NULL;NoMitigation;3;2;0;1;0;0;-0.5000;0.0000;2.0000;NULL;Translation;anonymous;NULL;Mole Spawned;MoleEvent;4737;8e120f03-0d4b-42bd-8227-9160ece8e376;NULL;-0.0073;-0.0039;-0.0352;0.6505;4.3771;0.2544;NULL;NULL;NULL;NULL;NULL;NULL;NULL;NULL;NULL;0.0192;-1.3611;0.0065;0.0000;11.2316;0.0000;0.0000;0.0000;0.0000;0.0000;0.0000;0.0000;0;NULL;0.0000;0.0000;0.0000;0.0000;0.0000;0.0000;ControllerBody;NULL;NULL;NULL;NULL;3;2;0;1;0;0;-0.5000;0.0000;2.0000;0.1460;-0.0282;0.5414;358.4516;10.1632;2.7363;0.1532;-0.0279;0.5320;358.1795;10.9872;2.2429;1;NULL;0.1532;-0.0279;0.5320;358.1795;10.9872;2.2429;ControllerBody;NULL;a08a302b-aead-4f6e-a9a6-2a0b3992ba8e;NULL;NULL;NULL;2;NULL;-0.5000;0.0000;2.0000;Exposure;0.0000;2026-03-26 11:08:42.3041;Controllers;NULL;NULL;OpenXR
NULL;Right;NULL;17;Exposure;NULL;NoMitigation;3;2;0;1;0;0;-0.5000;0.0000;2.0000;NULL;Translation;anonymous;NULL;Pointer Shoot;PointerEvent;4840;8e120f03-0d4b-42bd-8227-9160ece8e376;NULL;-0.0202;-0.0032;-0.0359;0.4241;351.9742;358.5906;NULL;-0.4626;0.0016;2.0000;-0.4626;0.0016;2.0000;NULL;NULL;0.0192;-1.3611;0.0065;0.0000;11.2316;0.0000;0.0000;0.0000;0.0000;0.0000;0.0000;0.0000;0;NULL;0.0000;0.0000;0.0000;0.0000;0.0000;0.0000;ControllerBody;NULL;NULL;NULL;NULL;3;2;0;1;0;0;-0.5000;0.0000;2.0000;-0.1338;-0.0362;0.5054;358.6052;343.9900;3.7051;-0.1402;-0.0367;0.4969;358.6400;343.9740;5.1423;1;NULL;-0.1402;-0.0367;0.4969;358.6400;343.9740;5.1423;ControllerBody;NULL;a08a302b-aead-4f6e-a9a6-2a0b3992ba8e;NULL;NULL;16;2;NULL;-0.5000;0.0000;2.0000;Exposure;0.8661;2026-03-26 11:08:43.1663;Controllers;NULL;NULL;OpenXR
NULL;Right;NULL;17;Exposure;NULL;NoMitigation;3;2;0;1;0;0;-0.5000;0.0000;2.0000;NULL;Translation;anonymous;NULL;Mole Hit;MoleEvent;4840;8e120f03-0d4b-42bd-8227-9160ece8e376;NULL;-0.0202;-0.0032;-0.0359;0.4241;351.9742;358.5906;0.0374;-0.4626;0.0016;2.0000;-0.4626;0.0016;2.0000;NULL;1;0.0192;-1.3611;0.0065;0.0000;11.2316;0.0000;0.0000;0.0000;0.0000;0.0000;0.0000;0.0000;0;NULL;0.0000;0.0000;0.0000;0.0000;0.0000;0.0000;ControllerBody;NULL;NULL;NULL;NULL;3;2;0;1;0;0;-0.5000;0.0000;2.0000;-0.1338;-0.0362;0.5054;358.6052;343.9900;3.7051;-0.1402;-0.0367;0.4969;358.6400;343.9740;5.1423;1;NULL;-0.1402;-0.0367;0.4969;358.6400;343.9740;5.1423;ControllerBody;NULL;a08a302b-aead-4f6e-a9a6-2a0b3992ba8e;NULL;NULL;16;2;NULL;-0.5000;0.0000;2.0000;Exposure;0.0000;2026-03-26 11:08:43.1684;Controllers;NULL;NULL;OpenXR
NULL;Right;NULL;NULL;Exposure;NULL;NoMitigation;1;0;0;-1;0;0;0.0000;0.0000;2.0000;NULL;Translation;anonymous;NULL;Mole Spawned;MoleEvent;4840;8e120f03-0d4b-42bd-8227-9160ece8e376;NULL;-0.0202;-0.0032;-0.0359;0.4241;351.9742;358.5906;NULL;NULL;NULL;NULL;NULL;NULL;NULL;NULL;NULL;0.0192;-1.3611;0.0065;0.0000;11.2316;0.0000;0.0000;0.0000;0.0000;0.0000;0.0000;0.0000;0;NULL;0.0000;0.0000;0.0000;0.0000;0.0000;0.0000;ControllerBody;NULL;NULL;NULL;NULL;1;0;0;-1;0;0;0.0000;0.0000;2.0000;-0.1338;-0.0362;0.5054;358.6052;343.9900;3.7051;-0.1402;-0.0367;0.4969;358.6400;343.9740;5.1423;1;NULL;-0.1402;-0.0367;0.4969;358.6400;343.9740;5.1423;ControllerBody;NULL;a08a302b-aead-4f6e-a9a6-2a0b3992ba8e;NULL;NULL;NULL;0;NULL;0.0000;0.0000;2.0000;Exposure;0.0000;2026-03-26 11:08:43.1699;Controllers;NULL;NULL;OpenXR
NULL;Right;NULL;18;Exposure;NULL;NoMitigation;1;0;0;-1;0;0;0.0000;0.0000;2.0000;NULL;Translation;anonymous;NULL;Pointer Shoot;PointerEvent;4951;8e120f03-0d4b-42bd-8227-9160ece8e376;NULL;-0.0078;-0.0022;-0.0387;359.4627;358.0866;358.4692;NULL;0.0222;0.0016;2.0000;0.0222;0.0016;2.0000;NULL;NULL;0.0192;-1.3611;0.0065;0.0000;11.2316;0.0000;0.0000;0.0000;0.0000;0.0000;0.0000;0.0000;0;NULL;0.0000;0.0000;0.0000;0.0000;0.0000;0.0000;ControllerBody;NULL;NULL;NULL;NULL;1;0;0;-1;0;0;0.0000;0.0000;2.0000;0.0045;-0.0379;0.5371;358.4548;356.7810;3.8467;0.0008;-0.0386;0.5295;358.0133;356.7323;4.5282;1;NULL;0.0008;-0.0386;0.5295;358.0133;356.7323;4.5282;ControllerBody;NULL;a08a302b-aead-4f6e-a9a6-2a0b3992ba8e;NULL;NULL;17;0;NULL;0.0000;0.0000;2.0000;Exposure;0.9332;2026-03-26 11:08:44.0995;Controllers;NULL;NULL;OpenXR
NULL;Right;NULL;18;Exposure;NULL;NoMitigation;1;0;0;-1;0;0;0.0000;0.0000;2.0000;NULL;Translation;anonymous;NULL;Mole Hit;MoleEvent;4951;8e120f03-0d4b-42bd-8227-9160ece8e376;NULL;-0.0078;-0.0022;-0.0387;359.4627;358.0866;358.4692;0.0223;0.0222;0.0016;2.0000;0.0222;0.0016;2.0000;NULL;1;0.0192;-1.3611;0.0065;0.0000;11.2316;0.0000;0.0000;0.0000;0.0000;0.0000;0.0000;0.0000;0;NULL;0.0000;0.0000;0.0000;0.0000;0.0000;0.0000;ControllerBody;NULL;NULL;NULL;NULL;1;0;0;-1;0;0;0.0000;0.0000;2.0000;0.0045;-0.0379;0.5371;358.4548;356.7810;3.8467;0.0008;-0.0386;0.5295;358.0133;356.7323;4.5282;1;NULL;0.0008;-0.0386;0.5295;358.0133;356.7323;4.5282;ControllerBody;NULL;a08a302b-aead-4f6e-a9a6-2a0b3992ba8e;NULL;NULL;17;0;NULL;0.0000;0.0000;2.0000;Exposure;0.0000;2026-03-26 11:08:44.1011;Controllers;NULL;NULL;OpenXR
NULL;Right;NULL;NULL;Exposure;NULL;NoMitigation;3;2;0;1;0;0;-0.5000;0.0000;2.0000;NULL;Translation;anonymous;NULL;Mole Spawned;MoleEvent;4951;8e120f03-0d4b-42bd-8227-9160ece8e376;NULL;-0.0078;-0.0022;-0.0387;359.4627;358.0866;358.4692;NULL;NULL;NULL;NULL;NULL;NULL;NULL;NULL;NULL;0.0192;-1.3611;0.0065;0.0000;11.2316;0.0000;0.0000;0.0000;0.0000;0.0000;0.0000;0.0000;0;NULL;0.0000;0.0000;0.0000;0.0000;0.0000;0.0000;ControllerBody;NULL;NULL;NULL;NULL;3;2;0;1;0;0;-0.5000;0.0000;2.0000;0.0045;-0.0379;0.5371;358.4548;356.7810;3.8467;0.0008;-0.0386;0.5295;358.0133;356.7323;4.5282;1;NULL;0.0008;-0.0386;0.5295;358.0133;356.7323;4.5282;ControllerBody;NULL;a08a302b-aead-4f6e-a9a6-2a0b3992ba8e;NULL;NULL;NULL;2;NULL;-0.5000;0.0000;2.0000;Exposure;0.0000;2026-03-26 11:08:44.1016;Controllers;NULL;NULL;OpenXR
NULL;Right;NULL;19;Exposure;NULL;NoMitigation;3;2;0;1;0;0;-0.5000;0.0000;2.0000;NULL;Translation;anonymous;NULL;Pointer Shoot;PointerEvent;5054;8e120f03-0d4b-42bd-8227-9160ece8e376;NULL;-0.0148;-0.0027;-0.0389;359.7860;353.6475;358.4105;NULL;-0.5087;0.0118;2.0000;-0.5087;0.0118;2.0000;NULL;NULL;0.0192;-1.3611;0.0065;0.0000;11.2316;0.0000;0.0000;0.0000;0.0000;0.0000;0.0000;0.0000;0;NULL;0.0000;0.0000;0.0000;0.0000;0.0000;0.0000;ControllerBody;NULL;NULL;NULL;NULL;3;2;0;1;0;0;-0.5000;0.0000;2.0000;-0.1385;-0.0369;0.4985;358.2282;342.6134;4.8501;-0.1421;-0.0358;0.4899;358.0251;342.4178;5.1369;1;NULL;-0.1421;-0.0358;0.4899;358.0251;342.4178;5.1369;ControllerBody;NULL;a08a302b-aead-4f6e-a9a6-2a0b3992ba8e;NULL;NULL;18;2;NULL;-0.5000;0.0000;2.0000;Exposure;0.8904;2026-03-26 11:08:44.9902;Controllers;NULL;NULL;OpenXR
NULL;Right;NULL;19;Exposure;NULL;NoMitigation;3;2;0;1;0;0;-0.5000;0.0000;2.0000;NULL;Translation;anonymous;NULL;Mole Hit;MoleEvent;5054;8e120f03-0d4b-42bd-8227-9160ece8e376;NULL;-0.0148;-0.0027;-0.0389;359.7860;353.6475;358.4105;0.0147;-0.5087;0.0118;2.0000;-0.5087;0.0118;2.0000;NULL;1;0.0192;-1.3611;0.0065;0.0000;11.2316;0.0000;0.0000;0.0000;0.0000;0.0000;0.0000;0.0000;0;NULL;0.0000;0.0000;0.0000;0.0000;0.0000;0.0000;ControllerBody;NULL;NULL;NULL;NULL;3;2;0;1;0;0;-0.5000;0.0000;2.0000;-0.1385;-0.0369;0.4985;358.2282;342.6134;4.8501;-0.1421;-0.0358;0.4899;358.0251;342.4178;5.1369;1;NULL;-0.1421;-0.0358;0.4899;358.0251;342.4178;5.1369;ControllerBody;NULL;a08a302b-aead-4f6e-a9a6-2a0b3992ba8e;NULL;NULL;18;2;NULL;-0.5000;0.0000;2.0000;Exposure;0.0000;2026-03-26 11:08:44.9902;Controllers;NULL;NULL;OpenXR
NULL;Right;NULL;NULL;Exposure;NULL;NoMitigation;1;0;0;-1;0;0;0.0000;0.0000;2.0000;NULL;Translation;anonymous;NULL;Mole Spawned;MoleEvent;5054;8e120f03-0d4b-42bd-8227-9160ece8e376;NULL;-0.0148;-0.0027;-0.0389;359.7860;353.6475;358.4105;NULL;NULL;NULL;NULL;NULL;NULL;NULL;NULL;NULL;0.0192;-1.3611;0.0065;0.0000;11.2316;0.0000;0.0000;0.0000;0.0000;0.0000;0.0000;0.0000;0;NULL;0.0000;0.0000;0.0000;0.0000;0.0000;0.0000;ControllerBody;NULL;NULL;NULL;NULL;1;0;0;-1;0;0;0.0000;0.0000;2.0000;-0.1385;-0.0369;0.4985;358.2282;342.6134;4.8501;-0.1421;-0.0358;0.4899;358.0251;342.4178;5.1369;1;NULL;-0.1421;-0.0358;0.4899;358.0251;342.4178;5.1369;ControllerBody;NULL;a08a302b-aead-4f6e-a9a6-2a0b3992ba8e;NULL;NULL;NULL;0;NULL;0.0000;0.0000;2.0000;Exposure;0.0000;2026-03-26 11:08:44.9927;Controllers;NULL;NULL;OpenXR
NULL;Right;NULL;20;Exposure;NULL;NoMitigation;1;0;0;-1;0;0;0.0000;0.0000;2.0000;NULL;Translation;anonymous;NULL;Pointer Shoot;PointerEvent;5145;8e120f03-0d4b-42bd-8227-9160ece8e376;NULL;-0.0080;-0.0029;-0.0391;359.7757;359.2373;359.1495;NULL;0.0326;0.0258;2.0000;0.0326;0.0258;2.0000;NULL;NULL;0.0192;-1.3611;0.0065;0.0000;11.2316;0.0000;0.0000;0.0000;0.0000;0.0000;0.0000;0.0000;0;NULL;0.0000;0.0000;0.0000;0.0000;0.0000;0.0000;ControllerBody;NULL;NULL;NULL;NULL;1;0;0;-1;0;0;0.0000;0.0000;2.0000;0.0029;-0.0316;0.5330;357.7588;357.2583;4.2704;0.0072;-0.0353;0.5266;357.6549;356.8696;4.5084;1;NULL;0.0072;-0.0353;0.5266;357.6549;356.8696;4.5084;ControllerBody;NULL;a08a302b-aead-4f6e-a9a6-2a0b3992ba8e;NULL;NULL;19;0;NULL;0.0000;0.0000;2.0000;Exposure;0.7584;2026-03-26 11:08:45.7476;Controllers;NULL;NULL;OpenXR
NULL;Right;NULL;20;Exposure;NULL;NoMitigation;1;0;0;-1;0;0;0.0000;0.0000;2.0000;NULL;Translation;anonymous;NULL;Mole Hit;MoleEvent;5145;8e120f03-0d4b-42bd-8227-9160ece8e376;NULL;-0.0080;-0.0029;-0.0391;359.7757;359.2373;359.1495;0.0416;0.0326;0.0258;2.0000;0.0326;0.0258;2.0000;NULL;1;0.0192;-1.3611;0.0065;0.0000;11.2316;0.0000;0.0000;0.0000;0.0000;0.0000;0.0000;0.0000;0;NULL;0.0000;0.0000;0.0000;0.0000;0.0000;0.0000;ControllerBody;NULL;NULL;NULL;NULL;1;0;0;-1;0;0;0.0000;0.0000;2.0000;0.0029;-0.0316;0.5330;357.7588;357.2583;4.2704;0.0072;-0.0353;0.5266;357.6549;356.8696;4.5084;1;NULL;0.0072;-0.0353;0.5266;357.6549;356.8696;4.5084;ControllerBody;NULL;a08a302b-aead-4f6e-a9a6-2a0b3992ba8e;NULL;NULL;19;0;NULL;0.0000;0.0000;2.0000;Exposure;0.0000;2026-03-26 11:08:45.7491;Controllers;NULL;NULL;OpenXR
NULL;Right;NULL;NULL;Exposure;NULL;NoMitigation;3;2;0;1;0;0;-0.5000;0.0000;2.0000;NULL;Translation;anonymous;NULL;Mole Spawned;MoleEvent;5145;8e120f03-0d4b-42bd-8227-9160ece8e376;NULL;-0.0080;-0.0029;-0.0391;359.7757;359.2373;359.1495;NULL;NULL;NULL;NULL;NULL;NULL;NULL;NULL;NULL;0.0192;-1.3611;0.0065;0.0000;11.2316;0.0000;0.0000;0.0000;0.0000;0.0000;0.0000;0.0000;0;NULL;0.0000;0.0000;0.0000;0.0000;0.0000;0.0000;ControllerBody;NULL;NULL;NULL;NULL;3;2;0;1;0;0;-0.5000;0.0000;2.0000;0.0029;-0.0316;0.5330;357.7588;357.2583;4.2704;0.0072;-0.0353;0.5266;357.6549;356.8696;4.5084;1;NULL;0.0072;-0.0353;0.5266;357.6549;356.8696;4.5084;ControllerBody;NULL;a08a302b-aead-4f6e-a9a6-2a0b3992ba8e;NULL;NULL;NULL;2;NULL;-0.5000;0.0000;2.0000;Exposure;0.0000;2026-03-26 11:08:45.7501;Controllers;NULL;NULL;OpenXR
NULL;Right;NULL;21;Exposure;NULL;NoMitigation;3;2;0;1;0;0;-0.5000;0.0000;2.0000;NULL;Translation;anonymous;NULL;Pointer Shoot;PointerEvent;5241;8e120f03-0d4b-42bd-8227-9160ece8e376;NULL;-0.0127;-0.0017;-0.0363;359.5930;356.3578;357.8455;NULL;-0.4781;-0.0032;2.0000;-0.4781;-0.0032;2.0000;NULL;NULL;0.0192;-1.3611;0.0065;0.0000;11.2316;0.0000;0.0000;0.0000;0.0000;0.0000;0.0000;0.0000;0;NULL;0.0000;0.0000;0.0000;0.0000;0.0000;0.0000;ControllerBody;NULL;NULL;NULL;NULL;3;2;0;1;0;0;-0.5000;0.0000;2.0000;-0.1342;-0.0423;0.5018;358.5659;343.4947;5.0926;-0.1402;-0.0416;0.4939;358.1825;343.1431;5.5768;1;NULL;-0.1402;-0.0416;0.4939;358.1825;343.1431;5.5768;ControllerBody;NULL;a08a302b-aead-4f6e-a9a6-2a0b3992ba8e;NULL;NULL;20;2;NULL;-0.5000;0.0000;2.0000;Exposure;0.8008;2026-03-26 11:08:46.5494;Controllers;NULL;NULL;OpenXR
NULL;Right;NULL;21;Exposure;NULL;NoMitigation;3;2;0;1;0;0;-0.5000;0.0000;2.0000;NULL;Translation;anonymous;NULL;Mole Hit;MoleEvent;5241;8e120f03-0d4b-42bd-8227-9160ece8e376;NULL;-0.0127;-0.0017;-0.0363;359.5930;356.3578;357.8455;0.0221;-0.4781;-0.0032;2.0000;-0.4781;-0.0032;2.0000;NULL;1;0.0192;-1.3611;0.0065;0.0000;11.2316;0.0000;0.0000;0.0000;0.0000;0.0000;0.0000;0.0000;0;NULL;0.0000;0.0000;0.0000;0.0000;0.0000;0.0000;ControllerBody;NULL;NULL;NULL;NULL;3;2;0;1;0;0;-0.5000;0.0000;2.0000;-0.1342;-0.0423;0.5018;358.5659;343.4947;5.0926;-0.1402;-0.0416;0.4939;358.1825;343.1431;5.5768;1;NULL;-0.1402;-0.0416;0.4939;358.1825;343.1431;5.5768;ControllerBody;NULL;a08a302b-aead-4f6e-a9a6-2a0b3992ba8e;NULL;NULL;20;2;NULL;-0.5000;0.0000;2.0000;Exposure;0.0000;2026-03-26 11:08:46.5510;Controllers;NULL;NULL;OpenXR
NULL;Right;NULL;NULL;Exposure;NULL;NoMitigation;2;1;0;0;0;0;0.5000;0.0000;2.0000;NULL;Translation;anonymous;NULL;Mole Spawned;MoleEvent;5241;8e120f03-0d4b-42bd-8227-9160ece8e376;NULL;-0.0127;-0.0017;-0.0363;359.5930;356.3578;357.8455;NULL;NULL;NULL;NULL;NULL;NULL;NULL;NULL;NULL;0.0192;-1.3611;0.0065;0.0000;11.2316;0.0000;0.0000;0.0000;0.0000;0.0000;0.0000;0.0000;0;NULL;0.0000;0.0000;0.0000;0.0000;0.0000;0.0000;ControllerBody;NULL;NULL;NULL;NULL;2;1;0;0;0;0;0.5000;0.0000;2.0000;-0.1342;-0.0423;0.5018;358.5659;343.4947;5.0926;-0.1402;-0.0416;0.4939;358.1825;343.1431;5.5768;1;NULL;-0.1402;-0.0416;0.4939;358.1825;343.1431;5.5768;ControllerBody;NULL;a08a302b-aead-4f6e-a9a6-2a0b3992ba8e;NULL;NULL;NULL;1;NULL;0.5000;0.0000;2.0000;Exposure;0.0000;2026-03-26 11:08:46.5530;Controllers;NULL;NULL;OpenXR
NULL;Right;NULL;22;Exposure;NULL;NoMitigation;2;1;0;0;0;0;0.5000;0.0000;2.0000;NULL;Translation;anonymous;NULL;Pointer Shoot;PointerEvent;5343;8e120f03-0d4b-42bd-8227-9160ece8e376;NULL;-0.0048;-0.0024;-0.0386;359.7326;4.9973;0.1156;NULL;0.4894;0.0162;2.0000;0.4894;0.0162;2.0000;NULL;NULL;0.0192;-1.3611;0.0065;0.0000;11.2316;0.0000;0.0000;0.0000;0.0000;0.0000;0.0000;0.0000;0;NULL;0.0000;0.0000;0.0000;0.0000;0.0000;0.0000;ControllerBody;NULL;NULL;NULL;NULL;2;1;0;0;0;0;0.5000;0.0000;2.0000;0.1418;-0.0333;0.5397;358.0857;9.6225;2.5622;0.1478;-0.0310;0.5294;357.8930;9.9109;1.7377;1;NULL;0.1478;-0.0310;0.5294;357.8930;9.9109;1.7377;ControllerBody;NULL;a08a302b-aead-4f6e-a9a6-2a0b3992ba8e;NULL;NULL;21;1;NULL;0.5000;0.0000;2.0000;Exposure;0.8583;2026-03-26 11:08:47.4070;Controllers;NULL;NULL;OpenXR
NULL;Right;NULL;22;Exposure;NULL;NoMitigation;2;1;0;0;0;0;0.5000;0.0000;2.0000;NULL;Translation;anonymous;NULL;Mole Hit;MoleEvent;5343;8e120f03-0d4b-42bd-8227-9160ece8e376;NULL;-0.0048;-0.0024;-0.0386;359.7326;4.9973;0.1156;0.0194;0.4894;0.0162;2.0000;0.4894;0.0162;2.0000;NULL;1;0.0192;-1.3611;0.0065;0.0000;11.2316;0.0000;0.0000;0.0000;0.0000;0.0000;0.0000;0.0000;0;NULL;0.0000;0.0000;0.0000;0.0000;0.0000;0.0000;ControllerBody;NULL;NULL;NULL;NULL;2;1;0;0;0;0;0.5000;0.0000;2.0000;0.1418;-0.0333;0.5397;358.0857;9.6225;2.5622;0.1478;-0.0310;0.5294;357.8930;9.9109;1.7377;1;NULL;0.1478;-0.0310;0.5294;357.8930;9.9109;1.7377;ControllerBody;NULL;a08a302b-aead-4f6e-a9a6-2a0b3992ba8e;NULL;NULL;21;1;NULL;0.5000;0.0000;2.0000;Exposure;0.0000;2026-03-26 11:08:47.4116;Controllers;NULL;NULL;OpenXR
NULL;Right;NULL;NULL;Exposure;NULL;NoMitigation;3;2;0;1;0;0;-0.5000;0.0000;2.0000;NULL;Translation;anonymous;NULL;Mole Spawned;MoleEvent;5343;8e120f03-0d4b-42bd-8227-9160ece8e376;NULL;-0.0048;-0.0024;-0.0386;359.7326;4.9973;0.1156;NULL;NULL;NULL;NULL;NULL;NULL;NULL;NULL;NULL;0.0192;-1.3611;0.0065;0.0000;11.2316;0.0000;0.0000;0.0000;0.0000;0.0000;0.0000;0.0000;0;NULL;0.0000;0.0000;0.0000;0.0000;0.0000;0.0000;ControllerBody;NULL;NULL;NULL;NULL;3;2;0;1;0;0;-0.5000;0.0000;2.0000;0.1418;-0.0333;0.5397;358.0857;9.6225;2.5622;0.1478;-0.0310;0.5294;357.8930;9.9109;1.7377;1;NULL;0.1478;-0.0310;0.5294;357.8930;9.9109;1.7377;ControllerBody;NULL;a08a302b-aead-4f6e-a9a6-2a0b3992ba8e;NULL;NULL;NULL;2;NULL;-0.5000;0.0000;2.0000;Exposure;0.0000;2026-03-26 11:08:47.4127;Controllers;NULL;NULL;OpenXR
NULL;Right;NULL;23;Exposure;NULL;NoMitigation;3;2;0;1;0;0;-0.5000;0.0000;2.0000;NULL;Translation;anonymous;NULL;Pointer Shoot;PointerEvent;5443;8e120f03-0d4b-42bd-8227-9160ece8e376;NULL;-0.0158;-0.0025;-0.0367;359.9500;356.4803;358.4392;NULL;-0.4422;0.0019;2.0000;-0.4422;0.0019;2.0000;NULL;NULL;0.0192;-1.3611;0.0065;0.0000;11.2316;0.0000;0.0000;0.0000;0.0000;0.0000;0.0000;0.0000;0;NULL;0.0000;0.0000;0.0000;0.0000;0.0000;0.0000;ControllerBody;NULL;NULL;NULL;NULL;3;2;0;1;0;0;-0.5000;0.0000;2.0000;-0.1252;-0.0426;0.5068;358.3550;344.3970;2.8469;-0.1265;-0.0388;0.4994;358.4037;343.8351;2.7270;1;NULL;-0.1265;-0.0388;0.4994;358.4037;343.8351;2.7270;ControllerBody;NULL;a08a302b-aead-4f6e-a9a6-2a0b3992ba8e;NULL;NULL;22;2;NULL;-0.5000;0.0000;2.0000;Exposure;0.8407;2026-03-26 11:08:48.2482;Controllers;NULL;NULL;OpenXR
NULL;Right;NULL;23;Exposure;NULL;NoMitigation;3;2;0;1;0;0;-0.5000;0.0000;2.0000;NULL;Translation;anonymous;NULL;Mole Hit;MoleEvent;5443;8e120f03-0d4b-42bd-8227-9160ece8e376;NULL;-0.0158;-0.0025;-0.0367;359.9500;356.4803;358.4392;0.0578;-0.4422;0.0019;2.0000;-0.4422;0.0019;2.0000;NULL;1;0.0192;-1.3611;0.0065;0.0000;11.2316;0.0000;0.0000;0.0000;0.0000;0.0000;0.0000;0.0000;0;NULL;0.0000;0.0000;0.0000;0.0000;0.0000;0.0000;ControllerBody;NULL;NULL;NULL;NULL;3;2;0;1;0;0;-0.5000;0.0000;2.0000;-0.1252;-0.0426;0.5068;358.3550;344.3970;2.8469;-0.1265;-0.0388;0.4994;358.4037;343.8351;2.7270;1;NULL;-0.1265;-0.0388;0.4994;358.4037;343.8351;2.7270;ControllerBody;NULL;a08a302b-aead-4f6e-a9a6-2a0b3992ba8e;NULL;NULL;22;2;NULL;-0.5000;0.0000;2.0000;Exposure;0.0000;2026-03-26 11:08:48.2487;Controllers;NULL;NULL;OpenXR
NULL;Right;NULL;NULL;Exposure;NULL;NoMitigation;2;1;0;0;0;0;0.5000;0.0000;2.0000;NULL;Translation;anonymous;NULL;Mole Spawned;MoleEvent;5443;8e120f03-0d4b-42bd-8227-9160ece8e376;NULL;-0.0158;-0.0025;-0.0367;359.9500;356.4803;358.4392;NULL;NULL;NULL;NULL;NULL;NULL;NULL;NULL;NULL;0.0192;-1.3611;0.0065;0.0000;11.2316;0.0000;0.0000;0.0000;0.0000;0.0000;0.0000;0.0000;0;NULL;0.0000;0.0000;0.0000;0.0000;0.0000;0.0000;ControllerBody;NULL;NULL;NULL;NULL;2;1;0;0;0;0;0.5000;0.0000;2.0000;-0.1252;-0.0426;0.5068;358.3550;344.3970;2.8469;-0.1265;-0.0388;0.4994;358.4037;343.8351;2.7270;1;NULL;-0.1265;-0.0388;0.4994;358.4037;343.8351;2.7270;ControllerBody;NULL;a08a302b-aead-4f6e-a9a6-2a0b3992ba8e;NULL;NULL;NULL;1;NULL;0.5000;0.0000;2.0000;Exposure;0.0000;2026-03-26 11:08:48.2502;Controllers;NULL;NULL;OpenXR
NULL;Right;NULL;24;Exposure;NULL;NoMitigation;2;1;0;0;0;0;0.5000;0.0000;2.0000;NULL;Translation;anonymous;NULL;Pointer Shoot;PointerEvent;5542;8e120f03-0d4b-42bd-8227-9160ece8e376;NULL;-0.0048;-0.0041;-0.0375;0.4840;4.7589;359.5304;NULL;0.5505;0.0318;2.0000;0.5505;0.0318;2.0000;NULL;NULL;0.0192;-1.3611;0.0065;0.0000;11.2316;0.0000;0.0000;0.0000;0.0000;0.0000;0.0000;0.0000;0;NULL;0.0000;0.0000;0.0000;0.0000;0.0000;0.0000;ControllerBody;NULL;NULL;NULL;NULL;2;1;0;0;0;0;0.5000;0.0000;2.0000;0.1509;-0.0334;0.5401;357.4930;11.5991;2.9552;0.1547;-0.0311;0.5297;357.2754;11.4384;2.8055;1;NULL;0.1547;-0.0311;0.5297;357.2754;11.4384;2.8055;ControllerBody;NULL;a08a302b-aead-4f6e-a9a6-2a0b3992ba8e;NULL;NULL;23;1;NULL;0.5000;0.0000;2.0000;Exposure;0.8412;2026-03-26 11:08:49.0899;Controllers;NULL;NULL;OpenXR
NULL;Right;NULL;24;Exposure;NULL;NoMitigation;2;1;0;0;0;0;0.5000;0.0000;2.0000;NULL;Translation;anonymous;NULL;Mole Hit;MoleEvent;5542;8e120f03-0d4b-42bd-8227-9160ece8e376;NULL;-0.0048;-0.0041;-0.0375;0.4840;4.7589;359.5304;0.0597;0.5505;0.0318;2.0000;0.5505;0.0318;2.0000;NULL;1;0.0192;-1.3611;0.0065;0.0000;11.2316;0.0000;0.0000;0.0000;0.0000;0.0000;0.0000;0.0000;0;NULL;0.0000;0.0000;0.0000;0.0000;0.0000;0.0000;ControllerBody;NULL;NULL;NULL;NULL;2;1;0;0;0;0;0.5000;0.0000;2.0000;0.1509;-0.0334;0.5401;357.4930;11.5991;2.9552;0.1547;-0.0311;0.5297;357.2754;11.4384;2.8055;1;NULL;0.1547;-0.0311;0.5297;357.2754;11.4384;2.8055;ControllerBody;NULL;a08a302b-aead-4f6e-a9a6-2a0b3992ba8e;NULL;NULL;23;1;NULL;0.5000;0.0000;2.0000;Exposure;0.0000;2026-03-26 11:08:49.0925;Controllers;NULL;NULL;OpenXR
NULL;Right;NULL;NULL;Exposure;NULL;NoMitigation;3;2;0;1;0;0;-0.5000;0.0000;2.0000;NULL;Translation;anonymous;NULL;Mole Spawned;MoleEvent;5542;8e120f03-0d4b-42bd-8227-9160ece8e376;NULL;-0.0048;-0.0041;-0.0375;0.4840;4.7589;359.5304;NULL;NULL;NULL;NULL;NULL;NULL;NULL;NULL;NULL;0.0192;-1.3611;0.0065;0.0000;11.2316;0.0000;0.0000;0.0000;0.0000;0.0000;0.0000;0.0000;0;NULL;0.0000;0.0000;0.0000;0.0000;0.0000;0.0000;ControllerBody;NULL;NULL;NULL;NULL;3;2;0;1;0;0;-0.5000;0.0000;2.0000;0.1509;-0.0334;0.5401;357.4930;11.5991;2.9552;0.1547;-0.0311;0.5297;357.2754;11.4384;2.8055;1;NULL;0.1547;-0.0311;0.5297;357.2754;11.4384;2.8055;ControllerBody;NULL;a08a302b-aead-4f6e-a9a6-2a0b3992ba8e;NULL;NULL;NULL;2;NULL;-0.5000;0.0000;2.0000;Exposure;0.0000;2026-03-26 11:08:49.0935;Controllers;NULL;NULL;OpenXR
NULL;Right;NULL;25;Exposure;NULL;NoMitigation;3;2;0;1;0;0;-0.5000;0.0000;2.0000;NULL;Translation;anonymous;NULL;Pointer Shoot;PointerEvent;5697;8e120f03-0d4b-42bd-8227-9160ece8e376;NULL;-0.0175;-0.0109;-0.0355;4.7681;355.2874;357.8715;NULL;-0.4344;0.0233;2.0000;-0.4344;0.0233;2.0000;NULL;NULL;0.0192;-1.3611;0.0065;0.0000;11.2316;0.0000;0.0000;0.0000;0.0000;0.0000;0.0000;0.0000;0;NULL;0.0000;0.0000;0.0000;0.0000;0.0000;0.0000;ControllerBody;NULL;NULL;NULL;NULL;3;2;0;1;0;0;-0.5000;0.0000;2.0000;-0.1198;-0.0285;0.5058;358.0871;344.4887;1.6394;-0.1237;-0.0280;0.4966;358.2894;344.2158;2.4500;1;NULL;-0.1237;-0.0280;0.4966;358.2894;344.2158;2.4500;ControllerBody;NULL;a08a302b-aead-4f6e-a9a6-2a0b3992ba8e;NULL;NULL;24;2;NULL;-0.5000;0.0000;2.0000;Exposure;1.3415;2026-03-26 11:08:50.4311;Controllers;NULL;NULL;OpenXR
NULL;Right;NULL;25;Exposure;NULL;NoMitigation;3;2;0;1;0;0;-0.5000;0.0000;2.0000;NULL;Translation;anonymous;NULL;Mole Hit;MoleEvent;5697;8e120f03-0d4b-42bd-8227-9160ece8e376;NULL;-0.0175;-0.0109;-0.0355;4.7681;355.2874;357.8715;0.0696;-0.4344;0.0233;2.0000;-0.4344;0.0233;2.0000;NULL;1;0.0192;-1.3611;0.0065;0.0000;11.2316;0.0000;0.0000;0.0000;0.0000;0.0000;0.0000;0.0000;0;NULL;0.0000;0.0000;0.0000;0.0000;0.0000;0.0000;ControllerBody;NULL;NULL;NULL;NULL;3;2;0;1;0;0;-0.5000;0.0000;2.0000;-0.1198;-0.0285;0.5058;358.0871;344.4887;1.6394;-0.1237;-0.0280;0.4966;358.2894;344.2158;2.4500;1;NULL;-0.1237;-0.0280;0.4966;358.2894;344.2158;2.4500;ControllerBody;NULL;a08a302b-aead-4f6e-a9a6-2a0b3992ba8e;NULL;NULL;24;2;NULL;-0.5000;0.0000;2.0000;Exposure;0.0000;2026-03-26 11:08:50.4316;Controllers;NULL;NULL;OpenXR
NULL;Right;NULL;NULL;Exposure;NULL;NoMitigation;2;1;0;0;0;0;0.5000;0.0000;2.0000;NULL;Translation;anonymous;NULL;Mole Spawned;MoleEvent;5697;8e120f03-0d4b-42bd-8227-9160ece8e376;NULL;-0.0175;-0.0109;-0.0355;4.7681;355.2874;357.8715;NULL;NULL;NULL;NULL;NULL;NULL;NULL;NULL;NULL;0.0192;-1.3611;0.0065;0.0000;11.2316;0.0000;0.0000;0.0000;0.0000;0.0000;0.0000;0.0000;0;NULL;0.0000;0.0000;0.0000;0.0000;0.0000;0.0000;ControllerBody;NULL;NULL;NULL;NULL;2;1;0;0;0;0;0.5000;0.0000;2.0000;-0.1198;-0.0285;0.5058;358.0871;344.4887;1.6394;-0.1237;-0.0280;0.4966;358.2894;344.2158;2.4500;1;NULL;-0.1237;-0.0280;0.4966;358.2894;344.2158;2.4500;ControllerBody;NULL;a08a302b-aead-4f6e-a9a6-2a0b3992ba8e;NULL;NULL;NULL;1;NULL;0.5000;0.0000;2.0000;Exposure;0.0000;2026-03-26 11:08:50.4331;Controllers;NULL;NULL;OpenXR
NULL;Right;NULL;26;Exposure;NULL;NoMitigation;2;1;0;0;0;0;0.5000;0.0000;2.0000;NULL;Translation;anonymous;NULL;Pointer Shoot;PointerEvent;5885;8e120f03-0d4b-42bd-8227-9160ece8e376;NULL;-0.0075;-0.0124;-0.0305;5.7280;5.0390;358.2512;NULL;0.5222;-0.0085;2.0000;0.5222;-0.0085;2.0000;NULL;NULL;0.0192;-1.3611;0.0065;0.0000;11.2316;0.0000;0.0000;0.0000;0.0000;0.0000;0.0000;0.0000;0;NULL;0.0000;0.0000;0.0000;0.0000;0.0000;0.0000;ControllerBody;NULL;NULL;NULL;NULL;2;1;0;0;0;0;0.5000;0.0000;2.0000;0.1532;-0.0251;0.5312;359.3636;10.3770;359.7257;0.1558;-0.0267;0.5239;359.4754;10.4600;359.8884;1;NULL;0.1558;-0.0267;0.5239;359.4754;10.4600;359.8884;ControllerBody;NULL;a08a302b-aead-4f6e-a9a6-2a0b3992ba8e;NULL;NULL;25;1;NULL;0.5000;0.0000;2.0000;Exposure;1.5665;2026-03-26 11:08:51.9975;Controllers;NULL;NULL;OpenXR
NULL;Right;NULL;26;Exposure;NULL;NoMitigation;2;1;0;0;0;0;0.5000;0.0000;2.0000;NULL;Translation;anonymous;NULL;Mole Hit;MoleEvent;5885;8e120f03-0d4b-42bd-8227-9160ece8e376;NULL;-0.0075;-0.0124;-0.0305;5.7280;5.0390;358.2512;0.0238;0.5222;-0.0085;2.0000;0.5222;-0.0085;2.0000;NULL;1;0.0192;-1.3611;0.0065;0.0000;11.2316;0.0000;0.0000;0.0000;0.0000;0.0000;0.0000;0.0000;0;NULL;0.0000;0.0000;0.0000;0.0000;0.0000;0.0000;ControllerBody;NULL;NULL;NULL;NULL;2;1;0;0;0;0;0.5000;0.0000;2.0000;0.1532;-0.0251;0.5312;359.3636;10.3770;359.7257;0.1558;-0.0267;0.5239;359.4754;10.4600;359.8884;1;NULL;0.1558;-0.0267;0.5239;359.4754;10.4600;359.8884;ControllerBody;NULL;a08a302b-aead-4f6e-a9a6-2a0b3992ba8e;NULL;NULL;25;1;NULL;0.5000;0.0000;2.0000;Exposure;0.0000;2026-03-26 11:08:51.9990;Controllers;NULL;NULL;OpenXR
NULL;Right;NULL;NULL;Exposure;NULL;NoMitigation;1;0;0;-1;0;0;0.0000;0.0000;2.0000;NULL;Translation;anonymous;NULL;Mole Spawned;MoleEvent;5885;8e120f03-0d4b-42bd-8227-9160ece8e376;NULL;-0.0075;-0.0124;-0.0305;5.7280;5.0390;358.2512;NULL;NULL;NULL;NULL;NULL;NULL;NULL;NULL;NULL;0.0192;-1.3611;0.0065;0.0000;11.2316;0.0000;0.0000;0.0000;0.0000;0.0000;0.0000;0.0000;0;NULL;0.0000;0.0000;0.0000;0.0000;0.0000;0.0000;ControllerBody;NULL;NULL;NULL;NULL;1;0;0;-1;0;0;0.0000;0.0000;2.0000;0.1532;-0.0251;0.5312;359.3636;10.3770;359.7257;0.1558;-0.0267;0.5239;359.4754;10.4600;359.8884;1;NULL;0.1558;-0.0267;0.5239;359.4754;10.4600;359.8884;ControllerBody;NULL;a08a302b-aead-4f6e-a9a6-2a0b3992ba8e;NULL;NULL;NULL;0;NULL;0.0000;0.0000;2.0000;Exposure;0.0000;2026-03-26 11:08:52.0005;Controllers;NULL;NULL;OpenXR
NULL;Right;NULL;27;Exposure;NULL;NoMitigation;1;0;0;-1;0;0;0.0000;0.0000;2.0000;NULL;Translation;anonymous;NULL;Pointer Shoot;PointerEvent;6074;8e120f03-0d4b-42bd-8227-9160ece8e376;NULL;-0.0113;-0.0119;-0.0301;5.1348;0.2050;358.0956;NULL;0.0181;0.0026;2.0000;0.0181;0.0026;2.0000;NULL;NULL;0.0192;-1.3611;0.0065;0.0000;11.2316;0.0000;0.0000;0.0000;0.0000;0.0000;0.0000;0.0000;0;NULL;0.0000;0.0000;0.0000;0.0000;0.0000;0.0000;ControllerBody;NULL;NULL;NULL;NULL;1;0;0;-1;0;0;0.0000;0.0000;2.0000;0.0150;-0.0241;0.5314;358.9602;356.2233;0.4974;0.0117;-0.0264;0.5249;359.0789;355.5750;0.3436;1;NULL;0.0117;-0.0264;0.5249;359.0789;355.5750;0.3436;ControllerBody;NULL;a08a302b-aead-4f6e-a9a6-2a0b3992ba8e;NULL;NULL;26;0;NULL;0.0000;0.0000;2.0000;Exposure;1.5911;2026-03-26 11:08:53.5888;Controllers;NULL;NULL;OpenXR
NULL;Right;NULL;27;Exposure;NULL;NoMitigation;1;0;0;-1;0;0;0.0000;0.0000;2.0000;NULL;Translation;anonymous;NULL;Mole Hit;MoleEvent;6074;8e120f03-0d4b-42bd-8227-9160ece8e376;NULL;-0.0113;-0.0119;-0.0301;5.1348;0.2050;358.0956;0.0183;0.0181;0.0026;2.0000;0.0181;0.0026;2.0000;NULL;1;0.0192;-1.3611;0.0065;0.0000;11.2316;0.0000;0.0000;0.0000;0.0000;0.0000;0.0000;0.0000;0;NULL;0.0000;0.0000;0.0000;0.0000;0.0000;0.0000;ControllerBody;NULL;NULL;NULL;NULL;1;0;0;-1;0;0;0.0000;0.0000;2.0000;0.0150;-0.0241;0.5314;358.9602;356.2233;0.4974;0.0117;-0.0264;0.5249;359.0789;355.5750;0.3436;1;NULL;0.0117;-0.0264;0.5249;359.0789;355.5750;0.3436;ControllerBody;NULL;a08a302b-aead-4f6e-a9a6-2a0b3992ba8e;NULL;NULL;26;0;NULL;0.0000;0.0000;2.0000;Exposure;0.0000;2026-03-26 11:08:53.5903;Controllers;NULL;NULL;OpenXR
NULL;Right;NULL;NULL;Exposure;NULL;NoMitigation;2;1;0;0;0;0;0.5000;0.0000;2.0000;NULL;Translation;anonymous;NULL;Mole Spawned;MoleEvent;6074;8e120f03-0d4b-42bd-8227-9160ece8e376;NULL;-0.0113;-0.0119;-0.0301;5.1348;0.2050;358.0956;NULL;NULL;NULL;NULL;NULL;NULL;NULL;NULL;NULL;0.0192;-1.3611;0.0065;0.0000;11.2316;0.0000;0.0000;0.0000;0.0000;0.0000;0.0000;0.0000;0;NULL;0.0000;0.0000;0.0000;0.0000;0.0000;0.0000;ControllerBody;NULL;NULL;NULL;NULL;2;1;0;0;0;0;0.5000;0.0000;2.0000;0.0150;-0.0241;0.5314;358.9602;356.2233;0.4974;0.0117;-0.0264;0.5249;359.0789;355.5750;0.3436;1;NULL;0.0117;-0.0264;0.5249;359.0789;355.5750;0.3436;ControllerBody;NULL;a08a302b-aead-4f6e-a9a6-2a0b3992ba8e;NULL;NULL;NULL;1;NULL;0.5000;0.0000;2.0000;Exposure;0.0000;2026-03-26 11:08:53.5919;Controllers;NULL;NULL;OpenXR
NULL;Right;NULL;28;Exposure;NULL;NoMitigation;2;1;0;0;0;0;0.5000;0.0000;2.0000;NULL;Translation;anonymous;NULL;Pointer Shoot;PointerEvent;6235;8e120f03-0d4b-42bd-8227-9160ece8e376;NULL;-0.0110;-0.0096;-0.0319;3.9465;4.5789;359.2174;NULL;0.4924;0.0021;2.0000;0.4924;0.0021;2.0000;NULL;NULL;0.0192;-1.3611;0.0065;0.0000;11.2316;0.0000;0.0000;0.0000;0.0000;0.0000;0.0000;0.0000;0;NULL;0.0000;0.0000;0.0000;0.0000;0.0000;0.0000;ControllerBody;NULL;NULL;NULL;NULL;2;1;0;0;0;0;0.5000;0.0000;2.0000;0.1515;-0.0216;0.5326;359.0873;9.3231;0.0229;0.1466;-0.0233;0.5261;358.9864;9.2490;0.6365;1;NULL;0.1466;-0.0233;0.5261;358.9864;9.2490;0.6365;ControllerBody;NULL;a08a302b-aead-4f6e-a9a6-2a0b3992ba8e;NULL;NULL;27;1;NULL;0.5000;0.0000;2.0000;Exposure;1.3496;2026-03-26 11:08:54.9382;Controllers;NULL;NULL;OpenXR
NULL;Right;NULL;28;Exposure;NULL;NoMitigation;2;1;0;0;0;0;0.5000;0.0000;2.0000;NULL;Translation;anonymous;NULL;Mole Hit;MoleEvent;6235;8e120f03-0d4b-42bd-8227-9160ece8e376;NULL;-0.0110;-0.0096;-0.0319;3.9465;4.5789;359.2174;0.0078;0.4924;0.0021;2.0000;0.4924;0.0021;2.0000;NULL;1;0.0192;-1.3611;0.0065;0.0000;11.2316;0.0000;0.0000;0.0000;0.0000;0.0000;0.0000;0.0000;0;NULL;0.0000;0.0000;0.0000;0.0000;0.0000;0.0000;ControllerBody;NULL;NULL;NULL;NULL;2;1;0;0;0;0;0.5000;0.0000;2.0000;0.1515;-0.0216;0.5326;359.0873;9.3231;0.0229;0.1466;-0.0233;0.5261;358.9864;9.2490;0.6365;1;NULL;0.1466;-0.0233;0.5261;358.9864;9.2490;0.6365;ControllerBody;NULL;a08a302b-aead-4f6e-a9a6-2a0b3992ba8e;NULL;NULL;27;1;NULL;0.5000;0.0000;2.0000;Exposure;0.0000;2026-03-26 11:08:54.9392;Controllers;NULL;NULL;OpenXR
NULL;Right;NULL;NULL;Exposure;NULL;NoMitigation;1;0;0;-1;0;0;0.0000;0.0000;2.0000;NULL;Translation;anonymous;NULL;Mole Spawned;MoleEvent;6235;8e120f03-0d4b-42bd-8227-9160ece8e376;NULL;-0.0110;-0.0096;-0.0319;3.9465;4.5789;359.2174;NULL;NULL;NULL;NULL;NULL;NULL;NULL;NULL;NULL;0.0192;-1.3611;0.0065;0.0000;11.2316;0.0000;0.0000;0.0000;0.0000;0.0000;0.0000;0.0000;0;NULL;0.0000;0.0000;0.0000;0.0000;0.0000;0.0000;ControllerBody;NULL;NULL;NULL;NULL;1;0;0;-1;0;0;0.0000;0.0000;2.0000;0.1515;-0.0216;0.5326;359.0873;9.3231;0.0229;0.1466;-0.0233;0.5261;358.9864;9.2490;0.6365;1;NULL;0.1466;-0.0233;0.5261;358.9864;9.2490;0.6365;ControllerBody;NULL;a08a302b-aead-4f6e-a9a6-2a0b3992ba8e;NULL;NULL;NULL;0;NULL;0.0000;0.0000;2.0000;Exposure;0.0000;2026-03-26 11:08:54.9423;Controllers;NULL;NULL;OpenXR
NULL;Right;NULL;29;Exposure;NULL;NoMitigation;1;0;0;-1;0;0;0.0000;0.0000;2.0000;NULL;Translation;anonymous;NULL;Pointer Shoot;PointerEvent;6389;8e120f03-0d4b-42bd-8227-9160ece8e376;NULL;-0.0176;-0.0082;-0.0327;3.5966;0.2035;358.9031;NULL;0.0245;0.0000;2.0000;0.0245;0.0000;2.0000;NULL;NULL;0.0192;-1.3611;0.0065;0.0000;11.2316;0.0000;0.0000;0.0000;0.0000;0.0000;0.0000;0.0000;0;NULL;0.0000;0.0000;0.0000;0.0000;0.0000;0.0000;ControllerBody;NULL;NULL;NULL;NULL;1;0;0;-1;0;0;0.0000;0.0000;2.0000;0.0118;-0.0254;0.5347;359.0065;356.5883;0.9495;0.0082;-0.0254;0.5280;358.9619;356.0999;1.3177;1;NULL;0.0082;-0.0254;0.5280;358.9619;356.0999;1.3177;ControllerBody;NULL;a08a302b-aead-4f6e-a9a6-2a0b3992ba8e;NULL;NULL;28;0;NULL;0.0000;0.0000;2.0000;Exposure;1.2912;2026-03-26 11:08:56.2282;Controllers;NULL;NULL;OpenXR
NULL;Right;NULL;29;Exposure;NULL;NoMitigation;1;0;0;-1;0;0;0.0000;0.0000;2.0000;NULL;Translation;anonymous;NULL;Mole Hit;MoleEvent;6389;8e120f03-0d4b-42bd-8227-9160ece8e376;NULL;-0.0176;-0.0082;-0.0327;3.5966;0.2035;358.9031;0.0245;0.0245;0.0000;2.0000;0.0245;0.0000;2.0000;NULL;1;0.0192;-1.3611;0.0065;0.0000;11.2316;0.0000;0.0000;0.0000;0.0000;0.0000;0.0000;0.0000;0;NULL;0.0000;0.0000;0.0000;0.0000;0.0000;0.0000;ControllerBody;NULL;NULL;NULL;NULL;1;0;0;-1;0;0;0.0000;0.0000;2.0000;0.0118;-0.0254;0.5347;359.0065;356.5883;0.9495;0.0082;-0.0254;0.5280;358.9619;356.0999;1.3177;1;NULL;0.0082;-0.0254;0.5280;358.9619;356.0999;1.3177;ControllerBody;NULL;a08a302b-aead-4f6e-a9a6-2a0b3992ba8e;NULL;NULL;28;0;NULL;0.0000;0.0000;2.0000;Exposure;0.0000;2026-03-26 11:08:56.2298;Controllers;NULL;NULL;OpenXR
NULL;Right;NULL;NULL;Exposure;NULL;NoMitigation;2;1;0;0;0;0;0.5000;0.0000;2.0000;NULL;Translation;anonymous;NULL;Mole Spawned;MoleEvent;6389;8e120f03-0d4b-42bd-8227-9160ece8e376;NULL;-0.0176;-0.0082;-0.0327;3.5966;0.2035;358.9031;NULL;NULL;NULL;NULL;NULL;NULL;NULL;NULL;NULL;0.0192;-1.3611;0.0065;0.0000;11.2316;0.0000;0.0000;0.0000;0.0000;0.0000;0.0000;0.0000;0;NULL;0.0000;0.0000;0.0000;0.0000;0.0000;0.0000;ControllerBody;NULL;NULL;NULL;NULL;2;1;0;0;0;0;0.5000;0.0000;2.0000;0.0118;-0.0254;0.5347;359.0065;356.5883;0.9495;0.0082;-0.0254;0.5280;358.9619;356.0999;1.3177;1;NULL;0.0082;-0.0254;0.5280;358.9619;356.0999;1.3177;ControllerBody;NULL;a08a302b-aead-4f6e-a9a6-2a0b3992ba8e;NULL;NULL;NULL;1;NULL;0.5000;0.0000;2.0000;Exposure;0.0000;2026-03-26 11:08:56.2323;Controllers;NULL;NULL;OpenXR
NULL;Right;NULL;30;Exposure;NULL;NoMitigation;2;1;0;0;0;0;0.5000;0.0000;2.0000;NULL;Translation;anonymous;NULL;Pointer Shoot;PointerEvent;6547;8e120f03-0d4b-42bd-8227-9160ece8e376;NULL;-0.0097;-0.0093;-0.0343;3.5864;3.1207;358.5509;NULL;0.4976;-0.0094;2.0000;0.4976;-0.0094;2.0000;NULL;NULL;0.0192;-1.3611;0.0065;0.0000;11.2316;0.0000;0.0000;0.0000;0.0000;0.0000;0.0000;0.0000;0;NULL;0.0000;0.0000;0.0000;0.0000;0.0000;0.0000;ControllerBody;NULL;NULL;NULL;NULL;2;1;0;0;0;0;0.5000;0.0000;2.0000;0.1545;-0.0270;0.5364;359.3219;9.4321;0.9563;0.1501;-0.0295;0.5296;359.4540;9.1187;1.4622;1;NULL;0.1501;-0.0295;0.5296;359.4540;9.1187;1.4622;ControllerBody;NULL;a08a302b-aead-4f6e-a9a6-2a0b3992ba8e;NULL;NULL;29;1;NULL;0.5000;0.0000;2.0000;Exposure;1.3414;2026-03-26 11:08:57.5716;Controllers;NULL;NULL;OpenXR
NULL;Right;NULL;30;Exposure;NULL;NoMitigation;2;1;0;0;0;0;0.5000;0.0000;2.0000;NULL;Translation;anonymous;NULL;Mole Hit;MoleEvent;6547;8e120f03-0d4b-42bd-8227-9160ece8e376;NULL;-0.0097;-0.0093;-0.0343;3.5864;3.1207;358.5509;0.0097;0.4976;-0.0094;2.0000;0.4976;-0.0094;2.0000;NULL;1;0.0192;-1.3611;0.0065;0.0000;11.2316;0.0000;0.0000;0.0000;0.0000;0.0000;0.0000;0.0000;0;NULL;0.0000;0.0000;0.0000;0.0000;0.0000;0.0000;ControllerBody;NULL;NULL;NULL;NULL;2;1;0;0;0;0;0.5000;0.0000;2.0000;0.1545;-0.0270;0.5364;359.3219;9.4321;0.9563;0.1501;-0.0295;0.5296;359.4540;9.1187;1.4622;1;NULL;0.1501;-0.0295;0.5296;359.4540;9.1187;1.4622;ControllerBody;NULL;a08a302b-aead-4f6e-a9a6-2a0b3992ba8e;NULL;NULL;29;1;NULL;0.5000;0.0000;2.0000;Exposure;0.0000;2026-03-26 11:08:57.5732;Controllers;NULL;NULL;OpenXR
NULL;Right;NULL;NULL;Exposure;NULL;NoMitigation;1;0;0;-1;0;0;0.0000;0.0000;2.0000;NULL;Translation;anonymous;NULL;Mole Spawned;MoleEvent;6547;8e120f03-0d4b-42bd-8227-9160ece8e376;NULL;-0.0097;-0.0093;-0.0343;3.5864;3.1207;358.5509;NULL;NULL;NULL;NULL;NULL;NULL;NULL;NULL;NULL;0.0192;-1.3611;0.0065;0.0000;11.2316;0.0000;0.0000;0.0000;0.0000;0.0000;0.0000;0.0000;0;NULL;0.0000;0.0000;0.0000;0.0000;0.0000;0.0000;ControllerBody;NULL;NULL;NULL;NULL;1;0;0;-1;0;0;0.0000;0.0000;2.0000;0.1545;-0.0270;0.5364;359.3219;9.4321;0.9563;0.1501;-0.0295;0.5296;359.4540;9.1187;1.4622;1;NULL;0.1501;-0.0295;0.5296;359.4540;9.1187;1.4622;ControllerBody;NULL;a08a302b-aead-4f6e-a9a6-2a0b3992ba8e;NULL;NULL;NULL;0;NULL;0.0000;0.0000;2.0000;Exposure;0.0000;2026-03-26 11:08:57.5758;Controllers;NULL;NULL;OpenXR
NULL;Right;NULL;31;Exposure;NULL;NoMitigation;1;0;0;-1;0;0;0.0000;0.0000;2.0000;NULL;Translation;anonymous;NULL;Pointer Shoot;PointerEvent;6696;8e120f03-0d4b-42bd-8227-9160ece8e376;NULL;-0.0134;-0.0078;-0.0309;3.0693;359.7217;358.2630;NULL;0.0358;0.0098;2.0000;0.0358;0.0098;2.0000;NULL;NULL;0.0192;-1.3611;0.0065;0.0000;11.2316;0.0000;0.0000;0.0000;0.0000;0.0000;0.0000;0.0000;0;NULL;0.0000;0.0000;0.0000;0.0000;0.0000;0.0000;ControllerBody;NULL;NULL;NULL;NULL;1;0;0;-1;0;0;0.0000;0.0000;2.0000;0.0157;-0.0272;0.5378;358.5551;356.8735;1.6797;0.0155;-0.0281;0.5317;358.6202;356.6427;1.5868;1;NULL;0.0155;-0.0281;0.5317;358.6202;356.6427;1.5868;ControllerBody;NULL;a08a302b-aead-4f6e-a9a6-2a0b3992ba8e;NULL;NULL;30;0;NULL;0.0000;0.0000;2.0000;Exposure;1.4488;2026-03-26 11:08:59.0236;Controllers;NULL;NULL;OpenXR
NULL;Right;NULL;31;Exposure;NULL;NoMitigation;1;0;0;-1;0;0;0.0000;0.0000;2.0000;NULL;Translation;anonymous;NULL;Mole Hit;MoleEvent;6696;8e120f03-0d4b-42bd-8227-9160ece8e376;NULL;-0.0134;-0.0078;-0.0309;3.0693;359.7217;358.2630;0.0371;0.0358;0.0098;2.0000;0.0358;0.0098;2.0000;NULL;1;0.0192;-1.3611;0.0065;0.0000;11.2316;0.0000;0.0000;0.0000;0.0000;0.0000;0.0000;0.0000;0;NULL;0.0000;0.0000;0.0000;0.0000;0.0000;0.0000;ControllerBody;NULL;NULL;NULL;NULL;1;0;0;-1;0;0;0.0000;0.0000;2.0000;0.0157;-0.0272;0.5378;358.5551;356.8735;1.6797;0.0155;-0.0281;0.5317;358.6202;356.6427;1.5868;1;NULL;0.0155;-0.0281;0.5317;358.6202;356.6427;1.5868;ControllerBody;NULL;a08a302b-aead-4f6e-a9a6-2a0b3992ba8e;NULL;NULL;30;0;NULL;0.0000;0.0000;2.0000;Exposure;0.0000;2026-03-26 11:08:59.0278;Controllers;NULL;NULL;OpenXR
NULL;Right;NULL;NULL;Exposure;NULL;NoMitigation;3;2;0;1;0;0;-0.5000;0.0000;2.0000;NULL;Translation;anonymous;NULL;Mole Spawned;MoleEvent;6696;8e120f03-0d4b-42bd-8227-9160ece8e376;NULL;-0.0134;-0.0078;-0.0309;3.0693;359.7217;358.2630;NULL;NULL;NULL;NULL;NULL;NULL;NULL;NULL;NULL;0.0192;-1.3611;0.0065;0.0000;11.2316;0.0000;0.0000;0.0000;0.0000;0.0000;0.0000;0.0000;0;NULL;0.0000;0.0000;0.0000;0.0000;0.0000;0.0000;ControllerBody;NULL;NULL;NULL;NULL;3;2;0;1;0;0;-0.5000;0.0000;2.0000;0.0157;-0.0272;0.5378;358.5551;356.8735;1.6797;0.0155;-0.0281;0.5317;358.6202;356.6427;1.5868;1;NULL;0.0155;-0.0281;0.5317;358.6202;356.6427;1.5868;ControllerBody;NULL;a08a302b-aead-4f6e-a9a6-2a0b3992ba8e;NULL;NULL;NULL;2;NULL;-0.5000;0.0000;2.0000;Exposure;0.0000;2026-03-26 11:08:59.0330;Controllers;NULL;NULL;OpenXR
NULL;Right;NULL;32;Exposure;NULL;NoMitigation;3;2;0;1;0;0;-0.5000;0.0000;2.0000;NULL;Translation;anonymous;NULL;Pointer Shoot;PointerEvent;6770;8e120f03-0d4b-42bd-8227-9160ece8e376;NULL;-0.0179;-0.0085;-0.0229;4.0455;352.1225;356.9590;NULL;-0.4498;0.0016;2.0000;-0.4498;0.0016;2.0000;NULL;NULL;0.0192;-1.3611;0.0065;0.0000;11.2316;0.0000;0.0000;0.0000;0.0000;0.0000;0.0000;0.0000;0;NULL;0.0000;0.0000;0.0000;0.0000;0.0000;0.0000;ControllerBody;NULL;NULL;NULL;NULL;3;2;0;1;0;0;-0.5000;0.0000;2.0000;-0.1203;-0.0287;0.5153;358.8758;343.8665;0.6224;-0.1231;-0.0259;0.5078;358.5930;343.5937;0.9601;1;NULL;-0.1231;-0.0259;0.5078;358.5930;343.5937;0.9601;ControllerBody;NULL;a08a302b-aead-4f6e-a9a6-2a0b3992ba8e;NULL;NULL;31;2;NULL;-0.5000;0.0000;2.0000;Exposure;1.2601;2026-03-26 11:09:00.2829;Controllers;NULL;NULL;OpenXR
NULL;Right;NULL;32;Exposure;NULL;NoMitigation;3;2;0;1;0;0;-0.5000;0.0000;2.0000;NULL;Translation;anonymous;NULL;Mole Hit;MoleEvent;6770;8e120f03-0d4b-42bd-8227-9160ece8e376;NULL;-0.0179;-0.0085;-0.0229;4.0455;352.1225;356.9590;0.0502;-0.4498;0.0016;2.0000;-0.4498;0.0016;2.0000;NULL;1;0.0192;-1.3611;0.0065;0.0000;11.2316;0.0000;0.0000;0.0000;0.0000;0.0000;0.0000;0.0000;0;NULL;0.0000;0.0000;0.0000;0.0000;0.0000;0.0000;ControllerBody;NULL;NULL;NULL;NULL;3;2;0;1;0;0;-0.5000;0.0000;2.0000;-0.1203;-0.0287;0.5153;358.8758;343.8665;0.6224;-0.1231;-0.0259;0.5078;358.5930;343.5937;0.9601;1;NULL;-0.1231;-0.0259;0.5078;358.5930;343.5937;0.9601;ControllerBody;NULL;a08a302b-aead-4f6e-a9a6-2a0b3992ba8e;NULL;NULL;31;2;NULL;-0.5000;0.0000;2.0000;Exposure;0.0000;2026-03-26 11:09:00.2881;Controllers;NULL;NULL;OpenXR
NULL;Right;NULL;NULL;Exposure;NULL;NoMitigation;1;0;0;-1;0;0;0.0000;0.0000;2.0000;NULL;Translation;anonymous;NULL;Mole Spawned;MoleEvent;6770;8e120f03-0d4b-42bd-8227-9160ece8e376;NULL;-0.0179;-0.0085;-0.0229;4.0455;352.1225;356.9590;NULL;NULL;NULL;NULL;NULL;NULL;NULL;NULL;NULL;0.0192;-1.3611;0.0065;0.0000;11.2316;0.0000;0.0000;0.0000;0.0000;0.0000;0.0000;0.0000;0;NULL;0.0000;0.0000;0.0000;0.0000;0.0000;0.0000;ControllerBody;NULL;NULL;NULL;NULL;1;0;0;-1;0;0;0.0000;0.0000;2.0000;-0.1203;-0.0287;0.5153;358.8758;343.8665;0.6224;-0.1231;-0.0259;0.5078;358.5930;343.5937;0.9601;1;NULL;-0.1231;-0.0259;0.5078;358.5930;343.5937;0.9601;ControllerBody;NULL;a08a302b-aead-4f6e-a9a6-2a0b3992ba8e;NULL;NULL;NULL;0;NULL;0.0000;0.0000;2.0000;Exposure;0.0000;2026-03-26 11:09:00.2944;Controllers;NULL;NULL;OpenXR
NULL;Right;NULL;33;Exposure;NULL;NoMitigation;1;0;0;-1;0;0;0.0000;0.0000;2.0000;NULL;Translation;anonymous;NULL;Pointer Shoot;PointerEvent;6833;8e120f03-0d4b-42bd-8227-9160ece8e376;NULL;-0.0340;-0.0086;-0.0135;3.5798;359.3379;358.8466;NULL;0.0148;0.0155;2.0000;0.0148;0.0155;2.0000;NULL;NULL;0.0192;-1.3611;0.0065;0.0000;11.2316;0.0000;0.0000;0.0000;0.0000;0.0000;0.0000;0.0000;0;NULL;0.0000;0.0000;0.0000;0.0000;0.0000;0.0000;ControllerBody;NULL;NULL;NULL;NULL;1;0;0;-1;0;0;0.0000;0.0000;2.0000;-0.0077;-0.0214;0.5456;358.5490;356.9473;1.9515;-0.0046;-0.0235;0.5388;358.7738;357.1922;1.8131;1;NULL;-0.0046;-0.0235;0.5388;358.7738;357.1922;1.8131;ControllerBody;NULL;a08a302b-aead-4f6e-a9a6-2a0b3992ba8e;NULL;NULL;32;0;NULL;0.0000;0.0000;2.0000;Exposure;1.1239;2026-03-26 11:09:01.4065;Controllers;NULL;NULL;OpenXR
NULL;Right;NULL;33;Exposure;NULL;NoMitigation;1;0;0;-1;0;0;0.0000;0.0000;2.0000;NULL;Translation;anonymous;NULL;Mole Hit;MoleEvent;6833;8e120f03-0d4b-42bd-8227-9160ece8e376;NULL;-0.0340;-0.0086;-0.0135;3.5798;359.3379;358.8466;0.0214;0.0148;0.0155;2.0000;0.0148;0.0155;2.0000;NULL;1;0.0192;-1.3611;0.0065;0.0000;11.2316;0.0000;0.0000;0.0000;0.0000;0.0000;0.0000;0.0000;0;NULL;0.0000;0.0000;0.0000;0.0000;0.0000;0.0000;ControllerBody;NULL;NULL;NULL;NULL;1;0;0;-1;0;0;0.0000;0.0000;2.0000;-0.0077;-0.0214;0.5456;358.5490;356.9473;1.9515;-0.0046;-0.0235;0.5388;358.7738;357.1922;1.8131;1;NULL;-0.0046;-0.0235;0.5388;358.7738;357.1922;1.8131;ControllerBody;NULL;a08a302b-aead-4f6e-a9a6-2a0b3992ba8e;NULL;NULL;32;0;NULL;0.0000;0.0000;2.0000;Exposure;0.0000;2026-03-26 11:09:01.4144;Controllers;NULL;NULL;OpenXR
NULL;Right;NULL;NULL;Exposure;NULL;NoMitigation;3;2;0;1;0;0;-0.5000;0.0000;2.0000;NULL;Translation;anonymous;NULL;Mole Spawned;MoleEvent;6833;8e120f03-0d4b-42bd-8227-9160ece8e376;NULL;-0.0340;-0.0086;-0.0135;3.5798;359.3379;358.8466;NULL;NULL;NULL;NULL;NULL;NULL;NULL;NULL;NULL;0.0192;-1.3611;0.0065;0.0000;11.2316;0.0000;0.0000;0.0000;0.0000;0.0000;0.0000;0.0000;0;NULL;0.0000;0.0000;0.0000;0.0000;0.0000;0.0000;ControllerBody;NULL;NULL;NULL;NULL;3;2;0;1;0;0;-0.5000;0.0000;2.0000;-0.0077;-0.0214;0.5456;358.5490;356.9473;1.9515;-0.0046;-0.0235;0.5388;358.7738;357.1922;1.8131;1;NULL;-0.0046;-0.0235;0.5388;358.7738;357.1922;1.8131;ControllerBody;NULL;a08a302b-aead-4f6e-a9a6-2a0b3992ba8e;NULL;NULL;NULL;2;NULL;-0.5000;0.0000;2.0000;Exposure;0.0000;2026-03-26 11:09:01.4196;Controllers;NULL;NULL;OpenXR
NULL;Right;NULL;34;Exposure;NULL;NoMitigation;3;2;0;1;0;0;-0.5000;0.0000;2.0000;NULL;Translation;anonymous;NULL;Pointer Shoot;PointerEvent;6905;8e120f03-0d4b-42bd-8227-9160ece8e376;NULL;-0.0393;-0.0081;-0.0193;3.3442;353.3442;357.6012;NULL;-0.4608;-0.0007;2.0000;-0.4608;-0.0007;2.0000;NULL;NULL;0.0192;-1.3611;0.0065;0.0000;11.2316;0.0000;0.0000;0.0000;0.0000;0.0000;0.0000;0.0000;0;NULL;0.0000;0.0000;0.0000;0.0000;0.0000;0.0000;ControllerBody;NULL;NULL;NULL;NULL;3;2;0;1;0;0;-0.5000;0.0000;2.0000;-0.1358;-0.0280;0.5194;358.9860;343.9833;1.6186;-0.1401;-0.0285;0.5111;359.2163;343.5417;2.1018;1;NULL;-0.1401;-0.0285;0.5111;359.2163;343.5417;2.1018;ControllerBody;NULL;a08a302b-aead-4f6e-a9a6-2a0b3992ba8e;NULL;NULL;33;2;NULL;-0.5000;0.0000;2.0000;Exposure;1.1581;2026-03-26 11:09:02.5656;Controllers;NULL;NULL;OpenXR
NULL;Right;NULL;34;Exposure;NULL;NoMitigation;3;2;0;1;0;0;-0.5000;0.0000;2.0000;NULL;Translation;anonymous;NULL;Mole Hit;MoleEvent;6905;8e120f03-0d4b-42bd-8227-9160ece8e376;NULL;-0.0393;-0.0081;-0.0193;3.3442;353.3442;357.6012;0.0392;-0.4608;-0.0007;2.0000;-0.4608;-0.0007;2.0000;NULL;1;0.0192;-1.3611;0.0065;0.0000;11.2316;0.0000;0.0000;0.0000;0.0000;0.0000;0.0000;0.0000;0;NULL;0.0000;0.0000;0.0000;0.0000;0.0000;0.0000;ControllerBody;NULL;NULL;NULL;NULL;3;2;0;1;0;0;-0.5000;0.0000;2.0000;-0.1358;-0.0280;0.5194;358.9860;343.9833;1.6186;-0.1401;-0.0285;0.5111;359.2163;343.5417;2.1018;1;NULL;-0.1401;-0.0285;0.5111;359.2163;343.5417;2.1018;ControllerBody;NULL;a08a302b-aead-4f6e-a9a6-2a0b3992ba8e;NULL;NULL;33;2;NULL;-0.5000;0.0000;2.0000;Exposure;0.0000;2026-03-26 11:09:02.5688;Controllers;NULL;NULL;OpenXR
NULL;Right;NULL;NULL;Exposure;NULL;NoMitigation;2;1;0;0;0;0;0.5000;0.0000;2.0000;NULL;Translation;anonymous;NULL;Mole Spawned;MoleEvent;6905;8e120f03-0d4b-42bd-8227-9160ece8e376;NULL;-0.0393;-0.0081;-0.0193;3.3442;353.3442;357.6012;NULL;NULL;NULL;NULL;NULL;NULL;NULL;NULL;NULL;0.0192;-1.3611;0.0065;0.0000;11.2316;0.0000;0.0000;0.0000;0.0000;0.0000;0.0000;0.0000;0;NULL;0.0000;0.0000;0.0000;0.0000;0.0000;0.0000;ControllerBody;NULL;NULL;NULL;NULL;2;1;0;0;0;0;0.5000;0.0000;2.0000;-0.1358;-0.0280;0.5194;358.9860;343.9833;1.6186;-0.1401;-0.0285;0.5111;359.2163;343.5417;2.1018;1;NULL;-0.1401;-0.0285;0.5111;359.2163;343.5417;2.1018;ControllerBody;NULL;a08a302b-aead-4f6e-a9a6-2a0b3992ba8e;NULL;NULL;NULL;1;NULL;0.5000;0.0000;2.0000;Exposure;0.0000;2026-03-26 11:09:02.5761;Controllers;NULL;NULL;OpenXR
NULL;Right;NULL;35;Exposure;NULL;NoMitigation;2;1;0;0;0;0;0.5000;0.0000;2.0000;NULL;Translation;anonymous;NULL;Pointer Shoot;PointerEvent;6999;8e120f03-0d4b-42bd-8227-9160ece8e376;NULL;-0.0278;-0.0099;-0.0211;3.9619;7.0219;358.1164;NULL;0.5112;0.0040;2.0000;0.5112;0.0040;2.0000;NULL;NULL;0.0192;-1.3611;0.0065;0.0000;11.2316;0.0000;0.0000;0.0000;0.0000;0.0000;0.0000;0.0000;0;NULL;0.0000;0.0000;0.0000;0.0000;0.0000;0.0000;ControllerBody;NULL;NULL;NULL;NULL;2;1;0;0;0;0;0.5000;0.0000;2.0000;0.1413;-0.0293;0.5515;358.7025;10.5559;2.3433;0.1406;-0.0270;0.5428;358.9926;10.0671;1.9191;1;NULL;0.1406;-0.0270;0.5428;358.9926;10.0671;1.9191;ControllerBody;NULL;a08a302b-aead-4f6e-a9a6-2a0b3992ba8e;NULL;NULL;34;1;NULL;0.5000;0.0000;2.0000;Exposure;1.5914;2026-03-26 11:09:04.1587;Controllers;NULL;NULL;OpenXR
NULL;Right;NULL;35;Exposure;NULL;NoMitigation;2;1;0;0;0;0;0.5000;0.0000;2.0000;NULL;Translation;anonymous;NULL;Mole Hit;MoleEvent;6999;8e120f03-0d4b-42bd-8227-9160ece8e376;NULL;-0.0278;-0.0099;-0.0211;3.9619;7.0219;358.1164;0.0119;0.5112;0.0040;2.0000;0.5112;0.0040;2.0000;NULL;1;0.0192;-1.3611;0.0065;0.0000;11.2316;0.0000;0.0000;0.0000;0.0000;0.0000;0.0000;0.0000;0;NULL;0.0000;0.0000;0.0000;0.0000;0.0000;0.0000;ControllerBody;NULL;NULL;NULL;NULL;2;1;0;0;0;0;0.5000;0.0000;2.0000;0.1413;-0.0293;0.5515;358.7025;10.5559;2.3433;0.1406;-0.0270;0.5428;358.9926;10.0671;1.9191;1;NULL;0.1406;-0.0270;0.5428;358.9926;10.0671;1.9191;ControllerBody;NULL;a08a302b-aead-4f6e-a9a6-2a0b3992ba8e;NULL;NULL;34;1;NULL;0.5000;0.0000;2.0000;Exposure;0.0000;2026-03-26 11:09:04.1657;Controllers;NULL;NULL;OpenXR
NULL;Right;NULL;NULL;Exposure;NULL;NoMitigation;1;0;0;-1;0;0;0.0000;0.0000;2.0000;NULL;Translation;anonymous;NULL;Mole Spawned;MoleEvent;6999;8e120f03-0d4b-42bd-8227-9160ece8e376;NULL;-0.0278;-0.0099;-0.0211;3.9619;7.0219;358.1164;NULL;NULL;NULL;NULL;NULL;NULL;NULL;NULL;NULL;0.0192;-1.3611;0.0065;0.0000;11.2316;0.0000;0.0000;0.0000;0.0000;0.0000;0.0000;0.0000;0;NULL;0.0000;0.0000;0.0000;0.0000;0.0000;0.0000;ControllerBody;NULL;NULL;NULL;NULL;1;0;0;-1;0;0;0.0000;0.0000;2.0000;0.1413;-0.0293;0.5515;358.7025;10.5559;2.3433;0.1406;-0.0270;0.5428;358.9926;10.0671;1.9191;1;NULL;0.1406;-0.0270;0.5428;358.9926;10.0671;1.9191;ControllerBody;NULL;a08a302b-aead-4f6e-a9a6-2a0b3992ba8e;NULL;NULL;NULL;0;NULL;0.0000;0.0000;2.0000;Exposure;0.0000;2026-03-26 11:09:04.1721;Controllers;NULL;NULL;OpenXR
NULL;Right;NULL;36;Exposure;NULL;NoMitigation;1;0;0;-1;0;0;0.0000;0.0000;2.0000;NULL;Translation;anonymous;NULL;Pointer Shoot;PointerEvent;7068;8e120f03-0d4b-42bd-8227-9160ece8e376;NULL;-0.0339;-0.0099;-0.0185;4.0145;1.6169;358.2668;NULL;0.0438;0.0045;2.0000;0.0438;0.0045;2.0000;NULL;NULL;0.0192;-1.3611;0.0065;0.0000;11.2316;0.0000;0.0000;0.0000;0.0000;0.0000;0.0000;0.0000;0;NULL;0.0000;0.0000;0.0000;0.0000;0.0000;0.0000;ControllerBody;NULL;NULL;NULL;NULL;1;0;0;-1;0;0;0.0000;0.0000;2.0000;0.0009;-0.0262;0.5497;358.7888;357.7440;2.3380;-0.0005;-0.0263;0.5436;359.1078;357.4490;2.5928;1;NULL;-0.0005;-0.0263;0.5436;359.1078;357.4490;2.5928;ControllerBody;NULL;a08a302b-aead-4f6e-a9a6-2a0b3992ba8e;NULL;NULL;35;0;NULL;0.0000;0.0000;2.0000;Exposure;1.2406;2026-03-26 11:09:05.3974;Controllers;NULL;NULL;OpenXR
NULL;Right;NULL;36;Exposure;NULL;NoMitigation;1;0;0;-1;0;0;0.0000;0.0000;2.0000;NULL;Translation;anonymous;NULL;Mole Hit;MoleEvent;7068;8e120f03-0d4b-42bd-8227-9160ece8e376;NULL;-0.0339;-0.0099;-0.0185;4.0145;1.6169;358.2668;0.0440;0.0438;0.0045;2.0000;0.0438;0.0045;2.0000;NULL;1;0.0192;-1.3611;0.0065;0.0000;11.2316;0.0000;0.0000;0.0000;0.0000;0.0000;0.0000;0.0000;0;NULL;0.0000;0.0000;0.0000;0.0000;0.0000;0.0000;ControllerBody;NULL;NULL;NULL;NULL;1;0;0;-1;0;0;0.0000;0.0000;2.0000;0.0009;-0.0262;0.5497;358.7888;357.7440;2.3380;-0.0005;-0.0263;0.5436;359.1078;357.4490;2.5928;1;NULL;-0.0005;-0.0263;0.5436;359.1078;357.4490;2.5928;ControllerBody;NULL;a08a302b-aead-4f6e-a9a6-2a0b3992ba8e;NULL;NULL;35;0;NULL;0.0000;0.0000;2.0000;Exposure;0.0000;2026-03-26 11:09:05.4020;Controllers;NULL;NULL;OpenXR
NULL;Right;NULL;NULL;Exposure;NULL;NoMitigation;2;1;0;0;0;0;0.5000;0.0000;2.0000;NULL;Translation;anonymous;NULL;Mole Spawned;MoleEvent;7068;8e120f03-0d4b-42bd-8227-9160ece8e376;NULL;-0.0339;-0.0099;-0.0185;4.0145;1.6169;358.2668;NULL;NULL;NULL;NULL;NULL;NULL;NULL;NULL;NULL;0.0192;-1.3611;0.0065;0.0000;11.2316;0.0000;0.0000;0.0000;0.0000;0.0000;0.0000;0.0000;0;NULL;0.0000;0.0000;0.0000;0.0000;0.0000;0.0000;ControllerBody;NULL;NULL;NULL;NULL;2;1;0;0;0;0;0.5000;0.0000;2.0000;0.0009;-0.0262;0.5497;358.7888;357.7440;2.3380;-0.0005;-0.0263;0.5436;359.1078;357.4490;2.5928;1;NULL;-0.0005;-0.0263;0.5436;359.1078;357.4490;2.5928;ControllerBody;NULL;a08a302b-aead-4f6e-a9a6-2a0b3992ba8e;NULL;NULL;NULL;1;NULL;0.5000;0.0000;2.0000;Exposure;0.0000;2026-03-26 11:09:05.4089;Controllers;NULL;NULL;OpenXR
NULL;Right;NULL;37;Exposure;NULL;NoMitigation;2;1;0;0;0;0;0.5000;0.0000;2.0000;NULL;Translation;anonymous;NULL;Pointer Shoot;PointerEvent;7134;8e120f03-0d4b-42bd-8227-9160ece8e376;NULL;-0.0338;-0.0095;-0.0211;3.6159;3.5987;359.0634;NULL;0.4994;0.0057;2.0000;0.4994;0.0057;2.0000;NULL;NULL;0.0192;-1.3611;0.0065;0.0000;11.2316;0.0000;0.0000;0.0000;0.0000;0.0000;0.0000;0.0000;0;NULL;0.0000;0.0000;0.0000;0.0000;0.0000;0.0000;ControllerBody;NULL;NULL;NULL;NULL;2;1;0;0;0;0;0.5000;0.0000;2.0000;0.1351;-0.0233;0.5475;358.8777;10.3128;1.3813;0.1376;-0.0255;0.5398;358.9712;10.2391;1.3801;1;NULL;0.1376;-0.0255;0.5398;358.9712;10.2391;1.3801;ControllerBody;NULL;a08a302b-aead-4f6e-a9a6-2a0b3992ba8e;NULL;NULL;36;1;NULL;0.5000;0.0000;2.0000;Exposure;1.2330;2026-03-26 11:09:06.6316;Controllers;NULL;NULL;OpenXR
NULL;Right;NULL;37;Exposure;NULL;NoMitigation;2;1;0;0;0;0;0.5000;0.0000;2.0000;NULL;Translation;anonymous;NULL;Mole Hit;MoleEvent;7134;8e120f03-0d4b-42bd-8227-9160ece8e376;NULL;-0.0338;-0.0095;-0.0211;3.6159;3.5987;359.0634;0.0057;0.4994;0.0057;2.0000;0.4994;0.0057;2.0000;NULL;1;0.0192;-1.3611;0.0065;0.0000;11.2316;0.0000;0.0000;0.0000;0.0000;0.0000;0.0000;0.0000;0;NULL;0.0000;0.0000;0.0000;0.0000;0.0000;0.0000;ControllerBody;NULL;NULL;NULL;NULL;2;1;0;0;0;0;0.5000;0.0000;2.0000;0.1351;-0.0233;0.5475;358.8777;10.3128;1.3813;0.1376;-0.0255;0.5398;358.9712;10.2391;1.3801;1;NULL;0.1376;-0.0255;0.5398;358.9712;10.2391;1.3801;ControllerBody;NULL;a08a302b-aead-4f6e-a9a6-2a0b3992ba8e;NULL;NULL;36;1;NULL;0.5000;0.0000;2.0000;Exposure;0.0000;2026-03-26 11:09:06.6381;Controllers;NULL;NULL;OpenXR
NULL;Right;NULL;NULL;Exposure;NULL;NoMitigation;1;0;0;-1;0;0;0.0000;0.0000;2.0000;NULL;Translation;anonymous;NULL;Mole Spawned;MoleEvent;7134;8e120f03-0d4b-42bd-8227-9160ece8e376;NULL;-0.0338;-0.0095;-0.0211;3.6159;3.5987;359.0634;NULL;NULL;NULL;NULL;NULL;NULL;NULL;NULL;NULL;0.0192;-1.3611;0.0065;0.0000;11.2316;0.0000;0.0000;0.0000;0.0000;0.0000;0.0000;0.0000;0;NULL;0.0000;0.0000;0.0000;0.0000;0.0000;0.0000;ControllerBody;NULL;NULL;NULL;NULL;1;0;0;-1;0;0;0.0000;0.0000;2.0000;0.1351;-0.0233;0.5475;358.8777;10.3128;1.3813;0.1376;-0.0255;0.5398;358.9712;10.2391;1.3801;1;NULL;0.1376;-0.0255;0.5398;358.9712;10.2391;1.3801;ControllerBody;NULL;a08a302b-aead-4f6e-a9a6-2a0b3992ba8e;NULL;NULL;NULL;0;NULL;0.0000;0.0000;2.0000;Exposure;0.0000;2026-03-26 11:09:06.6449;Controllers;NULL;NULL;OpenXR
NULL;Right;NULL;38;Exposure;NULL;NoMitigation;1;0;0;-1;0;0;0.0000;0.0000;2.0000;NULL;Translation;anonymous;NULL;Pointer Shoot;PointerEvent;7213;8e120f03-0d4b-42bd-8227-9160ece8e376;NULL;-0.0292;-0.0051;-0.0272;1.5222;0.9161;357.5573;NULL;0.0085;0.0066;2.0000;0.0085;0.0066;2.0000;NULL;NULL;0.0192;-1.3611;0.0065;0.0000;11.2316;0.0000;0.0000;0.0000;0.0000;0.0000;0.0000;0.0000;0;NULL;0.0000;0.0000;0.0000;0.0000;0.0000;0.0000;ControllerBody;NULL;NULL;NULL;NULL;1;0;0;-1;0;0;0.0000;0.0000;2.0000;-0.0010;-0.0216;0.5434;358.8930;356.4441;2.0868;-0.0052;-0.0246;0.5365;359.1046;356.3550;1.5875;1;NULL;-0.0052;-0.0246;0.5365;359.1046;356.3550;1.5875;ControllerBody;NULL;a08a302b-aead-4f6e-a9a6-2a0b3992ba8e;NULL;NULL;37;0;NULL;0.0000;0.0000;2.0000;Exposure;1.4673;2026-03-26 11:09:08.0983;Controllers;NULL;NULL;OpenXR
NULL;Right;NULL;38;Exposure;NULL;NoMitigation;1;0;0;-1;0;0;0.0000;0.0000;2.0000;NULL;Translation;anonymous;NULL;Mole Hit;MoleEvent;7213;8e120f03-0d4b-42bd-8227-9160ece8e376;NULL;-0.0292;-0.0051;-0.0272;1.5222;0.9161;357.5573;0.0108;0.0085;0.0066;2.0000;0.0085;0.0066;2.0000;NULL;1;0.0192;-1.3611;0.0065;0.0000;11.2316;0.0000;0.0000;0.0000;0.0000;0.0000;0.0000;0.0000;0;NULL;0.0000;0.0000;0.0000;0.0000;0.0000;0.0000;ControllerBody;NULL;NULL;NULL;NULL;1;0;0;-1;0;0;0.0000;0.0000;2.0000;-0.0010;-0.0216;0.5434;358.8930;356.4441;2.0868;-0.0052;-0.0246;0.5365;359.1046;356.3550;1.5875;1;NULL;-0.0052;-0.0246;0.5365;359.1046;356.3550;1.5875;ControllerBody;NULL;a08a302b-aead-4f6e-a9a6-2a0b3992ba8e;NULL;NULL;37;0;NULL;0.0000;0.0000;2.0000;Exposure;0.0000;2026-03-26 11:09:08.1034;Controllers;NULL;NULL;OpenXR
NULL;Right;NULL;NULL;Exposure;NULL;NoMitigation;3;2;0;1;0;0;-0.5000;0.0000;2.0000;NULL;Translation;anonymous;NULL;Mole Spawned;MoleEvent;7213;8e120f03-0d4b-42bd-8227-9160ece8e376;NULL;-0.0292;-0.0051;-0.0272;1.5222;0.9161;357.5573;NULL;NULL;NULL;NULL;NULL;NULL;NULL;NULL;NULL;0.0192;-1.3611;0.0065;0.0000;11.2316;0.0000;0.0000;0.0000;0.0000;0.0000;0.0000;0.0000;0;NULL;0.0000;0.0000;0.0000;0.0000;0.0000;0.0000;ControllerBody;NULL;NULL;NULL;NULL;3;2;0;1;0;0;-0.5000;0.0000;2.0000;-0.0010;-0.0216;0.5434;358.8930;356.4441;2.0868;-0.0052;-0.0246;0.5365;359.1046;356.3550;1.5875;1;NULL;-0.0052;-0.0246;0.5365;359.1046;356.3550;1.5875;ControllerBody;NULL;a08a302b-aead-4f6e-a9a6-2a0b3992ba8e;NULL;NULL;NULL;2;NULL;-0.5000;0.0000;2.0000;Exposure;0.0000;2026-03-26 11:09:08.1081;Controllers;NULL;NULL;OpenXR
NULL;Right;NULL;39;Exposure;NULL;NoMitigation;3;2;0;1;0;0;-0.5000;0.0000;2.0000;NULL;Translation;anonymous;NULL;Pointer Shoot;PointerEvent;7286;8e120f03-0d4b-42bd-8227-9160ece8e376;NULL;-0.0351;-0.0052;-0.0258;1.6431;353.3225;355.3930;NULL;-0.4742;0.0021;2.0000;-0.4742;0.0021;2.0000;NULL;NULL;0.0192;-1.3611;0.0065;0.0000;11.2316;0.0000;0.0000;0.0000;0.0000;0.0000;0.0000;0.0000;0;NULL;0.0000;0.0000;0.0000;0.0000;0.0000;0.0000;ControllerBody;NULL;NULL;NULL;NULL;3;2;0;1;0;0;-0.5000;0.0000;2.0000;-0.1357;-0.0227;0.5122;359.0858;343.5783;2.7941;-0.1394;-0.0249;0.5042;359.3205;343.1487;3.2190;1;NULL;-0.1394;-0.0249;0.5042;359.3205;343.1487;3.2190;ControllerBody;NULL;a08a302b-aead-4f6e-a9a6-2a0b3992ba8e;NULL;NULL;38;2;NULL;-0.5000;0.0000;2.0000;Exposure;1.2907;2026-03-26 11:09:09.3901;Controllers;NULL;NULL;OpenXR
NULL;Right;NULL;39;Exposure;NULL;NoMitigation;3;2;0;1;0;0;-0.5000;0.0000;2.0000;NULL;Translation;anonymous;NULL;Mole Hit;MoleEvent;7286;8e120f03-0d4b-42bd-8227-9160ece8e376;NULL;-0.0351;-0.0052;-0.0258;1.6431;353.3225;355.3930;0.0259;-0.4742;0.0021;2.0000;-0.4742;0.0021;2.0000;NULL;1;0.0192;-1.3611;0.0065;0.0000;11.2316;0.0000;0.0000;0.0000;0.0000;0.0000;0.0000;0.0000;0;NULL;0.0000;0.0000;0.0000;0.0000;0.0000;0.0000;ControllerBody;NULL;NULL;NULL;NULL;3;2;0;1;0;0;-0.5000;0.0000;2.0000;-0.1357;-0.0227;0.5122;359.0858;343.5783;2.7941;-0.1394;-0.0249;0.5042;359.3205;343.1487;3.2190;1;NULL;-0.1394;-0.0249;0.5042;359.3205;343.1487;3.2190;ControllerBody;NULL;a08a302b-aead-4f6e-a9a6-2a0b3992ba8e;NULL;NULL;38;2;NULL;-0.5000;0.0000;2.0000;Exposure;0.0000;2026-03-26 11:09:09.3969;Controllers;NULL;NULL;OpenXR
NULL;Right;NULL;NULL;Exposure;NULL;NoMitigation;1;0;0;-1;0;0;0.0000;0.0000;2.0000;NULL;Translation;anonymous;NULL;Mole Spawned;MoleEvent;7286;8e120f03-0d4b-42bd-8227-9160ece8e376;NULL;-0.0351;-0.0052;-0.0258;1.6431;353.3225;355.3930;NULL;NULL;NULL;NULL;NULL;NULL;NULL;NULL;NULL;0.0192;-1.3611;0.0065;0.0000;11.2316;0.0000;0.0000;0.0000;0.0000;0.0000;0.0000;0.0000;0;NULL;0.0000;0.0000;0.0000;0.0000;0.0000;0.0000;ControllerBody;NULL;NULL;NULL;NULL;1;0;0;-1;0;0;0.0000;0.0000;2.0000;-0.1357;-0.0227;0.5122;359.0858;343.5783;2.7941;-0.1394;-0.0249;0.5042;359.3205;343.1487;3.2190;1;NULL;-0.1394;-0.0249;0.5042;359.3205;343.1487;3.2190;ControllerBody;NULL;a08a302b-aead-4f6e-a9a6-2a0b3992ba8e;NULL;NULL;NULL;0;NULL;0.0000;0.0000;2.0000;Exposure;0.0000;2026-03-26 11:09:09.4026;Controllers;NULL;NULL;OpenXR
NULL;Right;NULL;40;Exposure;NULL;NoMitigation;1;0;0;-1;0;0;0.0000;0.0000;2.0000;NULL;Translation;anonymous;NULL;Pointer Shoot;PointerEvent;7374;8e120f03-0d4b-42bd-8227-9160ece8e376;NULL;-0.0278;-0.0082;-0.0265;3.4687;359.8033;357.1527;NULL;0.0235;-0.0089;2.0000;0.0235;-0.0089;2.0000;NULL;NULL;0.0192;-1.3611;0.0065;0.0000;11.2316;0.0000;0.0000;0.0000;0.0000;0.0000;0.0000;0.0000;0;NULL;0.0000;0.0000;0.0000;0.0000;0.0000;0.0000;ControllerBody;NULL;NULL;NULL;NULL;1;0;0;-1;0;0;0.0000;0.0000;2.0000;0.0021;-0.0246;0.5387;359.3850;356.9226;1.9889;-0.0020;-0.0284;0.5310;359.7141;356.6783;2.3434;1;NULL;-0.0020;-0.0284;0.5310;359.7141;356.6783;2.3434;ControllerBody;NULL;a08a302b-aead-4f6e-a9a6-2a0b3992ba8e;NULL;NULL;39;0;NULL;0.0000;0.0000;2.0000;Exposure;1.6762;2026-03-26 11:09:11.0681;Controllers;NULL;NULL;OpenXR
NULL;Right;NULL;40;Exposure;NULL;NoMitigation;1;0;0;-1;0;0;0.0000;0.0000;2.0000;NULL;Translation;anonymous;NULL;Mole Hit;MoleEvent;7374;8e120f03-0d4b-42bd-8227-9160ece8e376;NULL;-0.0278;-0.0082;-0.0265;3.4687;359.8033;357.1527;0.0252;0.0235;-0.0089;2.0000;0.0235;-0.0089;2.0000;NULL;1;0.0192;-1.3611;0.0065;0.0000;11.2316;0.0000;0.0000;0.0000;0.0000;0.0000;0.0000;0.0000;0;NULL;0.0000;0.0000;0.0000;0.0000;0.0000;0.0000;ControllerBody;NULL;NULL;NULL;NULL;1;0;0;-1;0;0;0.0000;0.0000;2.0000;0.0021;-0.0246;0.5387;359.3850;356.9226;1.9889;-0.0020;-0.0284;0.5310;359.7141;356.6783;2.3434;1;NULL;-0.0020;-0.0284;0.5310;359.7141;356.6783;2.3434;ControllerBody;NULL;a08a302b-aead-4f6e-a9a6-2a0b3992ba8e;NULL;NULL;39;0;NULL;0.0000;0.0000;2.0000;Exposure;0.0000;2026-03-26 11:09:11.0760;Controllers;NULL;NULL;OpenXR
NULL;Right;NULL;NULL;Exposure;NULL;NoMitigation;2;1;0;0;0;0;0.5000;0.0000;2.0000;NULL;Translation;anonymous;NULL;Mole Spawned;MoleEvent;7374;8e120f03-0d4b-42bd-8227-9160ece8e376;NULL;-0.0278;-0.0082;-0.0265;3.4687;359.8033;357.1527;NULL;NULL;NULL;NULL;NULL;NULL;NULL;NULL;NULL;0.0192;-1.3611;0.0065;0.0000;11.2316;0.0000;0.0000;0.0000;0.0000;0.0000;0.0000;0.0000;0;NULL;0.0000;0.0000;0.0000;0.0000;0.0000;0.0000;ControllerBody;NULL;NULL;NULL;NULL;2;1;0;0;0;0;0.5000;0.0000;2.0000;0.0021;-0.0246;0.5387;359.3850;356.9226;1.9889;-0.0020;-0.0284;0.5310;359.7141;356.6783;2.3434;1;NULL;-0.0020;-0.0284;0.5310;359.7141;356.6783;2.3434;ControllerBody;NULL;a08a302b-aead-4f6e-a9a6-2a0b3992ba8e;NULL;NULL;NULL;1;NULL;0.5000;0.0000;2.0000;Exposure;0.0000;2026-03-26 11:09:11.0824;Controllers;NULL;NULL;OpenXR
NULL;Right;NULL;41;Exposure;NULL;NoMitigation;2;1;0;0;0;0;0.5000;0.0000;2.0000;NULL;Translation;anonymous;NULL;Pointer Shoot;PointerEvent;7438;8e120f03-0d4b-42bd-8227-9160ece8e376;NULL;-0.0198;-0.0074;-0.0262;2.9556;8.1825;357.9735;NULL;0.4720;-0.0140;2.0000;0.4720;-0.0140;2.0000;NULL;NULL;0.0192;-1.3611;0.0065;0.0000;11.2316;0.0000;0.0000;0.0000;0.0000;0.0000;0.0000;0.0000;0;NULL;0.0000;0.0000;0.0000;0.0000;0.0000;0.0000;ControllerBody;NULL;NULL;NULL;NULL;2;1;0;0;0;0;0.5000;0.0000;2.0000;0.1359;-0.0241;0.5455;359.6084;9.2201;0.1296;0.1397;-0.0241;0.5383;359.5754;9.7469;359.7644;1;NULL;0.1397;-0.0241;0.5383;359.5754;9.7469;359.7644;ControllerBody;NULL;a08a302b-aead-4f6e-a9a6-2a0b3992ba8e;NULL;NULL;40;1;NULL;0.5000;0.0000;2.0000;Exposure;1.2570;2026-03-26 11:09:12.3209;Controllers;NULL;NULL;OpenXR
NULL;Right;NULL;41;Exposure;NULL;NoMitigation;2;1;0;0;0;0;0.5000;0.0000;2.0000;NULL;Translation;anonymous;NULL;Mole Hit;MoleEvent;7438;8e120f03-0d4b-42bd-8227-9160ece8e376;NULL;-0.0198;-0.0074;-0.0262;2.9556;8.1825;357.9735;0.0313;0.4720;-0.0140;2.0000;0.4720;-0.0140;2.0000;NULL;1;0.0192;-1.3611;0.0065;0.0000;11.2316;0.0000;0.0000;0.0000;0.0000;0.0000;0.0000;0.0000;0;NULL;0.0000;0.0000;0.0000;0.0000;0.0000;0.0000;ControllerBody;NULL;NULL;NULL;NULL;2;1;0;0;0;0;0.5000;0.0000;2.0000;0.1359;-0.0241;0.5455;359.6084;9.2201;0.1296;0.1397;-0.0241;0.5383;359.5754;9.7469;359.7644;1;NULL;0.1397;-0.0241;0.5383;359.5754;9.7469;359.7644;ControllerBody;NULL;a08a302b-aead-4f6e-a9a6-2a0b3992ba8e;NULL;NULL;40;1;NULL;0.5000;0.0000;2.0000;Exposure;0.0000;2026-03-26 11:09:12.3271;Controllers;NULL;NULL;OpenXR
NULL;Right;NULL;NULL;Exposure;NULL;NoMitigation;3;2;0;1;0;0;-0.5000;0.0000;2.0000;NULL;Translation;anonymous;NULL;Mole Spawned;MoleEvent;7438;8e120f03-0d4b-42bd-8227-9160ece8e376;NULL;-0.0198;-0.0074;-0.0262;2.9556;8.1825;357.9735;NULL;NULL;NULL;NULL;NULL;NULL;NULL;NULL;NULL;0.0192;-1.3611;0.0065;0.0000;11.2316;0.0000;0.0000;0.0000;0.0000;0.0000;0.0000;0.0000;0;NULL;0.0000;0.0000;0.0000;0.0000;0.0000;0.0000;ControllerBody;NULL;NULL;NULL;NULL;3;2;0;1;0;0;-0.5000;0.0000;2.0000;0.1359;-0.0241;0.5455;359.6084;9.2201;0.1296;0.1397;-0.0241;0.5383;359.5754;9.7469;359.7644;1;NULL;0.1397;-0.0241;0.5383;359.5754;9.7469;359.7644;ControllerBody;NULL;a08a302b-aead-4f6e-a9a6-2a0b3992ba8e;NULL;NULL;NULL;2;NULL;-0.5000;0.0000;2.0000;Exposure;0.0000;2026-03-26 11:09:12.3333;Controllers;NULL;NULL;OpenXR
NULL;Right;NULL;42;Exposure;NULL;NoMitigation;3;2;0;1;0;0;-0.5000;0.0000;2.0000;NULL;Translation;anonymous;NULL;Pointer Shoot;PointerEvent;7522;8e120f03-0d4b-42bd-8227-9160ece8e376;NULL;-0.0417;-0.0079;-0.0212;3.5344;351.2994;356.3360;NULL;-0.4874;-0.0067;2.0000;-0.4874;-0.0067;2.0000;NULL;NULL;0.0192;-1.3611;0.0065;0.0000;11.2316;0.0000;0.0000;0.0000;0.0000;0.0000;0.0000;0.0000;0;NULL;0.0000;0.0000;0.0000;0.0000;0.0000;0.0000;ControllerBody;NULL;NULL;NULL;NULL;3;2;0;1;0;0;-0.5000;0.0000;2.0000;-0.1447;-0.0252;0.5127;359.3184;343.4236;1.4211;-0.1403;-0.0267;0.5079;359.2713;343.7350;2.0942;1;NULL;-0.1403;-0.0267;0.5079;359.2713;343.7350;2.0942;ControllerBody;NULL;a08a302b-aead-4f6e-a9a6-2a0b3992ba8e;NULL;NULL;41;2;NULL;-0.5000;0.0000;2.0000;Exposure;1.5591;2026-03-26 11:09:13.8816;Controllers;NULL;NULL;OpenXR
NULL;Right;NULL;42;Exposure;NULL;NoMitigation;3;2;0;1;0;0;-0.5000;0.0000;2.0000;NULL;Translation;anonymous;NULL;Mole Hit;MoleEvent;7522;8e120f03-0d4b-42bd-8227-9160ece8e376;NULL;-0.0417;-0.0079;-0.0212;3.5344;351.2994;356.3360;0.0143;-0.4874;-0.0067;2.0000;-0.4874;-0.0067;2.0000;NULL;1;0.0192;-1.3611;0.0065;0.0000;11.2316;0.0000;0.0000;0.0000;0.0000;0.0000;0.0000;0.0000;0;NULL;0.0000;0.0000;0.0000;0.0000;0.0000;0.0000;ControllerBody;NULL;NULL;NULL;NULL;3;2;0;1;0;0;-0.5000;0.0000;2.0000;-0.1447;-0.0252;0.5127;359.3184;343.4236;1.4211;-0.1403;-0.0267;0.5079;359.2713;343.7350;2.0942;1;NULL;-0.1403;-0.0267;0.5079;359.2713;343.7350;2.0942;ControllerBody;NULL;a08a302b-aead-4f6e-a9a6-2a0b3992ba8e;NULL;NULL;41;2;NULL;-0.5000;0.0000;2.0000;Exposure;0.0000;2026-03-26 11:09:13.8879;Controllers;NULL;NULL;OpenXR
NULL;Right;NULL;NULL;Exposure;NULL;NoMitigation;2;1;0;0;0;0;0.5000;0.0000;2.0000;NULL;Translation;anonymous;NULL;Mole Spawned;MoleEvent;7522;8e120f03-0d4b-42bd-8227-9160ece8e376;NULL;-0.0417;-0.0079;-0.0212;3.5344;351.2994;356.3360;NULL;NULL;NULL;NULL;NULL;NULL;NULL;NULL;NULL;0.0192;-1.3611;0.0065;0.0000;11.2316;0.0000;0.0000;0.0000;0.0000;0.0000;0.0000;0.0000;0;NULL;0.0000;0.0000;0.0000;0.0000;0.0000;0.0000;ControllerBody;NULL;NULL;NULL;NULL;2;1;0;0;0;0;0.5000;0.0000;2.0000;-0.1447;-0.0252;0.5127;359.3184;343.4236;1.4211;-0.1403;-0.0267;0.5079;359.2713;343.7350;2.0942;1;NULL;-0.1403;-0.0267;0.5079;359.2713;343.7350;2.0942;ControllerBody;NULL;a08a302b-aead-4f6e-a9a6-2a0b3992ba8e;NULL;NULL;NULL;1;NULL;0.5000;0.0000;2.0000;Exposure;0.0000;2026-03-26 11:09:13.8936;Controllers;NULL;NULL;OpenXR
NULL;Right;NULL;43;Exposure;NULL;NoMitigation;2;1;0;0;0;0;0.5000;0.0000;2.0000;NULL;Translation;anonymous;NULL;Pointer Shoot;PointerEvent;7605;8e120f03-0d4b-42bd-8227-9160ece8e376;NULL;-0.0275;-0.0083;-0.0225;3.2043;5.6774;358.9643;NULL;0.4752;0.0049;2.0000;0.4752;0.0049;2.0000;NULL;NULL;0.0192;-1.3611;0.0065;0.0000;11.2316;0.0000;0.0000;0.0000;0.0000;0.0000;0.0000;0.0000;0;NULL;0.0000;0.0000;0.0000;0.0000;0.0000;0.0000;ControllerBody;NULL;NULL;NULL;NULL;2;1;0;0;0;0;0.5000;0.0000;2.0000;0.1396;-0.0187;0.5518;359.0792;9.2390;359.2169;0.1431;-0.0225;0.5454;359.4494;9.4712;359.0896;1;NULL;0.1431;-0.0225;0.5454;359.4494;9.4712;359.0896;ControllerBody;NULL;a08a302b-aead-4f6e-a9a6-2a0b3992ba8e;NULL;NULL;42;1;NULL;0.5000;0.0000;2.0000;Exposure;1.5720;2026-03-26 11:09:15.4521;Controllers;NULL;NULL;OpenXR
NULL;Right;NULL;43;Exposure;NULL;NoMitigation;2;1;0;0;0;0;0.5000;0.0000;2.0000;NULL;Translation;anonymous;NULL;Mole Hit;MoleEvent;7605;8e120f03-0d4b-42bd-8227-9160ece8e376;NULL;-0.0275;-0.0083;-0.0225;3.2043;5.6774;358.9643;0.0253;0.4752;0.0049;2.0000;0.4752;0.0049;2.0000;NULL;1;0.0192;-1.3611;0.0065;0.0000;11.2316;0.0000;0.0000;0.0000;0.0000;0.0000;0.0000;0.0000;0;NULL;0.0000;0.0000;0.0000;0.0000;0.0000;0.0000;ControllerBody;NULL;NULL;NULL;NULL;2;1;0;0;0;0;0.5000;0.0000;2.0000;0.1396;-0.0187;0.5518;359.0792;9.2390;359.2169;0.1431;-0.0225;0.5454;359.4494;9.4712;359.0896;1;NULL;0.1431;-0.0225;0.5454;359.4494;9.4712;359.0896;ControllerBody;NULL;a08a302b-aead-4f6e-a9a6-2a0b3992ba8e;NULL;NULL;42;1;NULL;0.5000;0.0000;2.0000;Exposure;0.0000;2026-03-26 11:09:15.4579;Controllers;NULL;NULL;OpenXR
NULL;Right;NULL;NULL;Exposure;NULL;NoMitigation;1;0;0;-1;0;0;0.0000;0.0000;2.0000;NULL;Translation;anonymous;NULL;Mole Spawned;MoleEvent;7605;8e120f03-0d4b-42bd-8227-9160ece8e376;NULL;-0.0275;-0.0083;-0.0225;3.2043;5.6774;358.9643;NULL;NULL;NULL;NULL;NULL;NULL;NULL;NULL;NULL;0.0192;-1.3611;0.0065;0.0000;11.2316;0.0000;0.0000;0.0000;0.0000;0.0000;0.0000;0.0000;0;NULL;0.0000;0.0000;0.0000;0.0000;0.0000;0.0000;ControllerBody;NULL;NULL;NULL;NULL;1;0;0;-1;0;0;0.0000;0.0000;2.0000;0.1396;-0.0187;0.5518;359.0792;9.2390;359.2169;0.1431;-0.0225;0.5454;359.4494;9.4712;359.0896;1;NULL;0.1431;-0.0225;0.5454;359.4494;9.4712;359.0896;ControllerBody;NULL;a08a302b-aead-4f6e-a9a6-2a0b3992ba8e;NULL;NULL;NULL;0;NULL;0.0000;0.0000;2.0000;Exposure;0.0000;2026-03-26 11:09:15.4621;Controllers;NULL;NULL;OpenXR
NULL;Right;NULL;44;Exposure;NULL;NoMitigation;1;0;0;-1;0;0;0.0000;0.0000;2.0000;NULL;Translation;anonymous;NULL;Pointer Shoot;PointerEvent;7670;8e120f03-0d4b-42bd-8227-9160ece8e376;NULL;-0.0285;-0.0074;-0.0246;2.7063;1.4520;357.4305;NULL;0.0475;0.0125;2.0000;0.0475;0.0125;2.0000;NULL;NULL;0.0192;-1.3611;0.0065;0.0000;11.2316;0.0000;0.0000;0.0000;0.0000;0.0000;0.0000;0.0000;0;NULL;0.0000;0.0000;0.0000;0.0000;0.0000;0.0000;ControllerBody;NULL;NULL;NULL;NULL;1;0;0;-1;0;0;0.0000;0.0000;2.0000;0.0102;-0.0210;0.5511;358.6791;357.5217;1.6972;0.0050;-0.0212;0.5441;358.7231;357.1936;2.2402;1;NULL;0.0050;-0.0212;0.5441;358.7231;357.1936;2.2402;ControllerBody;NULL;a08a302b-aead-4f6e-a9a6-2a0b3992ba8e;NULL;NULL;43;0;NULL;0.0000;0.0000;2.0000;Exposure;1.1496;2026-03-26 11:09:16.6022;Controllers;NULL;NULL;OpenXR
NULL;Right;NULL;44;Exposure;NULL;NoMitigation;1;0;0;-1;0;0;0.0000;0.0000;2.0000;NULL;Translation;anonymous;NULL;Mole Hit;MoleEvent;7670;8e120f03-0d4b-42bd-8227-9160ece8e376;NULL;-0.0285;-0.0074;-0.0246;2.7063;1.4520;357.4305;0.0491;0.0475;0.0125;2.0000;0.0475;0.0125;2.0000;NULL;1;0.0192;-1.3611;0.0065;0.0000;11.2316;0.0000;0.0000;0.0000;0.0000;0.0000;0.0000;0.0000;0;NULL;0.0000;0.0000;0.0000;0.0000;0.0000;0.0000;ControllerBody;NULL;NULL;NULL;NULL;1;0;0;-1;0;0;0.0000;0.0000;2.0000;0.0102;-0.0210;0.5511;358.6791;357.5217;1.6972;0.0050;-0.0212;0.5441;358.7231;357.1936;2.2402;1;NULL;0.0050;-0.0212;0.5441;358.7231;357.1936;2.2402;ControllerBody;NULL;a08a302b-aead-4f6e-a9a6-2a0b3992ba8e;NULL;NULL;43;0;NULL;0.0000;0.0000;2.0000;Exposure;0.0000;2026-03-26 11:09:16.6084;Controllers;NULL;NULL;OpenXR
NULL;Right;NULL;NULL;Exposure;NULL;NoMitigation;2;1;0;0;0;0;0.5000;0.0000;2.0000;NULL;Translation;anonymous;NULL;Mole Spawned;MoleEvent;7670;8e120f03-0d4b-42bd-8227-9160ece8e376;NULL;-0.0285;-0.0074;-0.0246;2.7063;1.4520;357.4305;NULL;NULL;NULL;NULL;NULL;NULL;NULL;NULL;NULL;0.0192;-1.3611;0.0065;0.0000;11.2316;0.0000;0.0000;0.0000;0.0000;0.0000;0.0000;0.0000;0;NULL;0.0000;0.0000;0.0000;0.0000;0.0000;0.0000;ControllerBody;NULL;NULL;NULL;NULL;2;1;0;0;0;0;0.5000;0.0000;2.0000;0.0102;-0.0210;0.5511;358.6791;357.5217;1.6972;0.0050;-0.0212;0.5441;358.7231;357.1936;2.2402;1;NULL;0.0050;-0.0212;0.5441;358.7231;357.1936;2.2402;ControllerBody;NULL;a08a302b-aead-4f6e-a9a6-2a0b3992ba8e;NULL;NULL;NULL;1;NULL;0.5000;0.0000;2.0000;Exposure;0.0000;2026-03-26 11:09:16.6149;Controllers;NULL;NULL;OpenXR
NULL;Right;NULL;45;Exposure;NULL;NoMitigation;2;1;0;0;0;0;0.5000;0.0000;2.0000;NULL;Translation;anonymous;NULL;Pointer Shoot;PointerEvent;7746;8e120f03-0d4b-42bd-8227-9160ece8e376;NULL;-0.0281;-0.0075;-0.0250;2.7345;3.6017;358.9747;NULL;0.4845;0.0193;2.0000;0.4845;0.0193;2.0000;NULL;NULL;0.0192;-1.3611;0.0065;0.0000;11.2316;0.0000;0.0000;0.0000;0.0000;0.0000;0.0000;0.0000;0;NULL;0.0000;0.0000;0.0000;0.0000;0.0000;0.0000;ControllerBody;NULL;NULL;NULL;NULL;2;1;0;0;0;0;0.5000;0.0000;2.0000;0.1421;-0.0177;0.5491;358.5575;9.4825;1.0593;0.1399;-0.0212;0.5421;358.7386;9.3016;0.9848;1;NULL;0.1399;-0.0212;0.5421;358.7386;9.3016;0.9848;ControllerBody;NULL;a08a302b-aead-4f6e-a9a6-2a0b3992ba8e;NULL;NULL;44;1;NULL;0.5000;0.0000;2.0000;Exposure;1.3503;2026-03-26 11:09:17.9519;Controllers;NULL;NULL;OpenXR
NULL;Right;NULL;45;Exposure;NULL;NoMitigation;2;1;0;0;0;0;0.5000;0.0000;2.0000;NULL;Translation;anonymous;NULL;Mole Hit;MoleEvent;7746;8e120f03-0d4b-42bd-8227-9160ece8e376;NULL;-0.0281;-0.0075;-0.0250;2.7345;3.6017;358.9747;0.0248;0.4845;0.0193;2.0000;0.4845;0.0193;2.0000;NULL;1;0.0192;-1.3611;0.0065;0.0000;11.2316;0.0000;0.0000;0.0000;0.0000;0.0000;0.0000;0.0000;0;NULL;0.0000;0.0000;0.0000;0.0000;0.0000;0.0000;ControllerBody;NULL;NULL;NULL;NULL;2;1;0;0;0;0;0.5000;0.0000;2.0000;0.1421;-0.0177;0.5491;358.5575;9.4825;1.0593;0.1399;-0.0212;0.5421;358.7386;9.3016;0.9848;1;NULL;0.1399;-0.0212;0.5421;358.7386;9.3016;0.9848;ControllerBody;NULL;a08a302b-aead-4f6e-a9a6-2a0b3992ba8e;NULL;NULL;44;1;NULL;0.5000;0.0000;2.0000;Exposure;0.0000;2026-03-26 11:09:17.9577;Controllers;NULL;NULL;OpenXR
NULL;Right;NULL;NULL;Exposure;NULL;NoMitigation;3;2;0;1;0;0;-0.5000;0.0000;2.0000;NULL;Translation;anonymous;NULL;Mole Spawned;MoleEvent;7746;8e120f03-0d4b-42bd-8227-9160ece8e376;NULL;-0.0281;-0.0075;-0.0250;2.7345;3.6017;358.9747;NULL;NULL;NULL;NULL;NULL;NULL;NULL;NULL;NULL;0.0192;-1.3611;0.0065;0.0000;11.2316;0.0000;0.0000;0.0000;0.0000;0.0000;0.0000;0.0000;0;NULL;0.0000;0.0000;0.0000;0.0000;0.0000;0.0000;ControllerBody;NULL;NULL;NULL;NULL;3;2;0;1;0;0;-0.5000;0.0000;2.0000;0.1421;-0.0177;0.5491;358.5575;9.4825;1.0593;0.1399;-0.0212;0.5421;358.7386;9.3016;0.9848;1;NULL;0.1399;-0.0212;0.5421;358.7386;9.3016;0.9848;ControllerBody;NULL;a08a302b-aead-4f6e-a9a6-2a0b3992ba8e;NULL;NULL;NULL;2;NULL;-0.5000;0.0000;2.0000;Exposure;0.0000;2026-03-26 11:09:17.9651;Controllers;NULL;NULL;OpenXR
NULL;Right;NULL;46;Exposure;NULL;NoMitigation;3;2;0;1;0;0;-0.5000;0.0000;2.0000;NULL;Translation;anonymous;NULL;Pointer Shoot;PointerEvent;7835;8e120f03-0d4b-42bd-8227-9160ece8e376;NULL;-0.0363;-0.0076;-0.0253;2.8171;350.4763;356.1030;NULL;-0.4790;0.0102;2.0000;-0.4790;0.0102;2.0000;NULL;NULL;0.0192;-1.3611;0.0065;0.0000;11.2316;0.0000;0.0000;0.0000;0.0000;0.0000;0.0000;0.0000;0;NULL;0.0000;0.0000;0.0000;0.0000;0.0000;0.0000;ControllerBody;NULL;NULL;NULL;NULL;3;2;0;1;0;0;-0.5000;0.0000;2.0000;-0.1450;-0.0249;0.5176;358.6962;343.6827;2.0108;-0.1412;-0.0263;0.5130;358.8989;344.2281;2.3229;1;NULL;-0.1412;-0.0263;0.5130;358.8989;344.2281;2.3229;ControllerBody;NULL;a08a302b-aead-4f6e-a9a6-2a0b3992ba8e;NULL;NULL;45;2;NULL;-0.5000;0.0000;2.0000;Exposure;1.7325;2026-03-26 11:09:19.6856;Controllers;NULL;NULL;OpenXR
NULL;Right;NULL;46;Exposure;NULL;NoMitigation;3;2;0;1;0;0;-0.5000;0.0000;2.0000;NULL;Translation;anonymous;NULL;Mole Hit;MoleEvent;7835;8e120f03-0d4b-42bd-8227-9160ece8e376;NULL;-0.0363;-0.0076;-0.0253;2.8171;350.4763;356.1030;0.0234;-0.4790;0.0102;2.0000;-0.4790;0.0102;2.0000;NULL;1;0.0192;-1.3611;0.0065;0.0000;11.2316;0.0000;0.0000;0.0000;0.0000;0.0000;0.0000;0.0000;0;NULL;0.0000;0.0000;0.0000;0.0000;0.0000;0.0000;ControllerBody;NULL;NULL;NULL;NULL;3;2;0;1;0;0;-0.5000;0.0000;2.0000;-0.1450;-0.0249;0.5176;358.6962;343.6827;2.0108;-0.1412;-0.0263;0.5130;358.8989;344.2281;2.3229;1;NULL;-0.1412;-0.0263;0.5130;358.8989;344.2281;2.3229;ControllerBody;NULL;a08a302b-aead-4f6e-a9a6-2a0b3992ba8e;NULL;NULL;45;2;NULL;-0.5000;0.0000;2.0000;Exposure;0.0000;2026-03-26 11:09:19.6903;Controllers;NULL;NULL;OpenXR
NULL;Right;NULL;NULL;Exposure;NULL;NoMitigation;1;0;0;-1;0;0;0.0000;0.0000;2.0000;NULL;Translation;anonymous;NULL;Mole Spawned;MoleEvent;7835;8e120f03-0d4b-42bd-8227-9160ece8e376;NULL;-0.0363;-0.0076;-0.0253;2.8171;350.4763;356.1030;NULL;NULL;NULL;NULL;NULL;NULL;NULL;NULL;NULL;0.0192;-1.3611;0.0065;0.0000;11.2316;0.0000;0.0000;0.0000;0.0000;0.0000;0.0000;0.0000;0;NULL;0.0000;0.0000;0.0000;0.0000;0.0000;0.0000;ControllerBody;NULL;NULL;NULL;NULL;1;0;0;-1;0;0;0.0000;0.0000;2.0000;-0.1450;-0.0249;0.5176;358.6962;343.6827;2.0108;-0.1412;-0.0263;0.5130;358.8989;344.2281;2.3229;1;NULL;-0.1412;-0.0263;0.5130;358.8989;344.2281;2.3229;ControllerBody;NULL;a08a302b-aead-4f6e-a9a6-2a0b3992ba8e;NULL;NULL;NULL;0;NULL;0.0000;0.0000;2.0000;Exposure;0.0000;2026-03-26 11:09:19.6956;Controllers;NULL;NULL;OpenXR
NULL;Right;NULL;47;Exposure;NULL;NoMitigation;1;0;0;-1;0;0;0.0000;0.0000;2.0000;NULL;Translation;anonymous;NULL;Pointer Shoot;PointerEvent;7902;8e120f03-0d4b-42bd-8227-9160ece8e376;NULL;-0.0295;-0.0085;-0.0237;3.6287;357.2616;357.4380;NULL;0.0230;0.0058;2.0000;0.0230;0.0058;2.0000;NULL;NULL;0.0192;-1.3611;0.0065;0.0000;11.2316;0.0000;0.0000;0.0000;0.0000;0.0000;0.0000;0.0000;0;NULL;0.0000;0.0000;0.0000;0.0000;0.0000;0.0000;ControllerBody;NULL;NULL;NULL;NULL;1;0;0;-1;0;0;0.0000;0.0000;2.0000;0.0011;-0.0262;0.5516;358.7390;356.9151;0.8085;0.0017;-0.0281;0.5441;358.9514;356.5136;1.3158;1;NULL;0.0017;-0.0281;0.5441;358.9514;356.5136;1.3158;ControllerBody;NULL;a08a302b-aead-4f6e-a9a6-2a0b3992ba8e;NULL;NULL;46;0;NULL;0.0000;0.0000;2.0000;Exposure;1.2751;2026-03-26 11:09:20.9620;Controllers;NULL;NULL;OpenXR
NULL;Right;NULL;47;Exposure;NULL;NoMitigation;1;0;0;-1;0;0;0.0000;0.0000;2.0000;NULL;Translation;anonymous;NULL;Mole Hit;MoleEvent;7902;8e120f03-0d4b-42bd-8227-9160ece8e376;NULL;-0.0295;-0.0085;-0.0237;3.6287;357.2616;357.4380;0.0237;0.0230;0.0058;2.0000;0.0230;0.0058;2.0000;NULL;1;0.0192;-1.3611;0.0065;0.0000;11.2316;0.0000;0.0000;0.0000;0.0000;0.0000;0.0000;0.0000;0;NULL;0.0000;0.0000;0.0000;0.0000;0.0000;0.0000;ControllerBody;NULL;NULL;NULL;NULL;1;0;0;-1;0;0;0.0000;0.0000;2.0000;0.0011;-0.0262;0.5516;358.7390;356.9151;0.8085;0.0017;-0.0281;0.5441;358.9514;356.5136;1.3158;1;NULL;0.0017;-0.0281;0.5441;358.9514;356.5136;1.3158;ControllerBody;NULL;a08a302b-aead-4f6e-a9a6-2a0b3992ba8e;NULL;NULL;46;0;NULL;0.0000;0.0000;2.0000;Exposure;0.0000;2026-03-26 11:09:20.9704;Controllers;NULL;NULL;OpenXR
NULL;Right;NULL;NULL;Exposure;NULL;NoMitigation;2;1;0;0;0;0;0.5000;0.0000;2.0000;NULL;Translation;anonymous;NULL;Mole Spawned;MoleEvent;7902;8e120f03-0d4b-42bd-8227-9160ece8e376;NULL;-0.0295;-0.0085;-0.0237;3.6287;357.2616;357.4380;NULL;NULL;NULL;NULL;NULL;NULL;NULL;NULL;NULL;0.0192;-1.3611;0.0065;0.0000;11.2316;0.0000;0.0000;0.0000;0.0000;0.0000;0.0000;0.0000;0;NULL;0.0000;0.0000;0.0000;0.0000;0.0000;0.0000;ControllerBody;NULL;NULL;NULL;NULL;2;1;0;0;0;0;0.5000;0.0000;2.0000;0.0011;-0.0262;0.5516;358.7390;356.9151;0.8085;0.0017;-0.0281;0.5441;358.9514;356.5136;1.3158;1;NULL;0.0017;-0.0281;0.5441;358.9514;356.5136;1.3158;ControllerBody;NULL;a08a302b-aead-4f6e-a9a6-2a0b3992ba8e;NULL;NULL;NULL;1;NULL;0.5000;0.0000;2.0000;Exposure;0.0000;2026-03-26 11:09:20.9771;Controllers;NULL;NULL;OpenXR
NULL;Right;NULL;48;Exposure;NULL;NoMitigation;2;1;0;0;0;0;0.5000;0.0000;2.0000;NULL;Translation;anonymous;NULL;Pointer Shoot;PointerEvent;7992;8e120f03-0d4b-42bd-8227-9160ece8e376;NULL;-0.0260;-0.0093;-0.0209;3.7847;4.9687;358.6851;NULL;0.5100;0.0292;2.0000;0.5100;0.0292;2.0000;NULL;NULL;0.0192;-1.3611;0.0065;0.0000;11.2316;0.0000;0.0000;0.0000;0.0000;0.0000;0.0000;0.0000;0;NULL;0.0000;0.0000;0.0000;0.0000;0.0000;0.0000;ControllerBody;NULL;NULL;NULL;NULL;2;1;0;0;0;0;0.5000;0.0000;2.0000;0.1431;-0.0309;0.5440;357.6751;10.3875;0.7726;0.1439;-0.0310;0.5370;357.8854;10.3682;1.1259;1;NULL;0.1439;-0.0310;0.5370;357.8854;10.3682;1.1259;ControllerBody;NULL;a08a302b-aead-4f6e-a9a6-2a0b3992ba8e;NULL;NULL;47;1;NULL;0.5000;0.0000;2.0000;Exposure;1.6829;2026-03-26 11:09:22.6432;Controllers;NULL;NULL;OpenXR
NULL;Right;NULL;48;Exposure;NULL;NoMitigation;2;1;0;0;0;0;0.5000;0.0000;2.0000;NULL;Translation;anonymous;NULL;Mole Hit;MoleEvent;7992;8e120f03-0d4b-42bd-8227-9160ece8e376;NULL;-0.0260;-0.0093;-0.0209;3.7847;4.9687;358.6851;0.0308;0.5100;0.0292;2.0000;0.5100;0.0292;2.0000;NULL;1;0.0192;-1.3611;0.0065;0.0000;11.2316;0.0000;0.0000;0.0000;0.0000;0.0000;0.0000;0.0000;0;NULL;0.0000;0.0000;0.0000;0.0000;0.0000;0.0000;ControllerBody;NULL;NULL;NULL;NULL;2;1;0;0;0;0;0.5000;0.0000;2.0000;0.1431;-0.0309;0.5440;357.6751;10.3875;0.7726;0.1439;-0.0310;0.5370;357.8854;10.3682;1.1259;1;NULL;0.1439;-0.0310;0.5370;357.8854;10.3682;1.1259;ControllerBody;NULL;a08a302b-aead-4f6e-a9a6-2a0b3992ba8e;NULL;NULL;47;1;NULL;0.5000;0.0000;2.0000;Exposure;0.0000;2026-03-26 11:09:22.6479;Controllers;NULL;NULL;OpenXR
NULL;Right;NULL;NULL;Exposure;NULL;NoMitigation;3;2;0;1;0;0;-0.5000;0.0000;2.0000;NULL;Translation;anonymous;NULL;Mole Spawned;MoleEvent;7992;8e120f03-0d4b-42bd-8227-9160ece8e376;NULL;-0.0260;-0.0093;-0.0209;3.7847;4.9687;358.6851;NULL;NULL;NULL;NULL;NULL;NULL;NULL;NULL;NULL;0.0192;-1.3611;0.0065;0.0000;11.2316;0.0000;0.0000;0.0000;0.0000;0.0000;0.0000;0.0000;0;NULL;0.0000;0.0000;0.0000;0.0000;0.0000;0.0000;ControllerBody;NULL;NULL;NULL;NULL;3;2;0;1;0;0;-0.5000;0.0000;2.0000;0.1431;-0.0309;0.5440;357.6751;10.3875;0.7726;0.1439;-0.0310;0.5370;357.8854;10.3682;1.1259;1;NULL;0.1439;-0.0310;0.5370;357.8854;10.3682;1.1259;ControllerBody;NULL;a08a302b-aead-4f6e-a9a6-2a0b3992ba8e;NULL;NULL;NULL;2;NULL;-0.5000;0.0000;2.0000;Exposure;0.0000;2026-03-26 11:09:22.6570;Controllers;NULL;NULL;OpenXR
NULL;Right;NULL;49;Exposure;NULL;NoMitigation;3;2;0;1;0;0;-0.5000;0.0000;2.0000;NULL;Translation;anonymous;NULL;Pointer Shoot;PointerEvent;8077;8e120f03-0d4b-42bd-8227-9160ece8e376;NULL;-0.0416;-0.0074;-0.0248;2.5060;354.7578;358.0872;NULL;-0.5102;0.0224;2.0000;-0.5102;0.0224;2.0000;NULL;NULL;0.0192;-1.3611;0.0065;0.0000;11.2316;0.0000;0.0000;0.0000;0.0000;0.0000;0.0000;0.0000;0;NULL;0.0000;0.0000;0.0000;0.0000;0.0000;0.0000;ControllerBody;NULL;NULL;NULL;NULL;3;2;0;1;0;0;-0.5000;0.0000;2.0000;-0.1399;-0.0263;0.5121;358.2152;342.4585;1.0912;-0.1422;-0.0282;0.5026;358.3971;341.9160;1.5151;1;NULL;-0.1422;-0.0282;0.5026;358.3971;341.9160;1.5151;ControllerBody;NULL;a08a302b-aead-4f6e-a9a6-2a0b3992ba8e;NULL;NULL;48;2;NULL;-0.5000;0.0000;2.0000;Exposure;1.5910;2026-03-26 11:09:24.2359;Controllers;NULL;NULL;OpenXR
NULL;Right;NULL;49;Exposure;NULL;NoMitigation;3;2;0;1;0;0;-0.5000;0.0000;2.0000;NULL;Translation;anonymous;NULL;Mole Hit;MoleEvent;8077;8e120f03-0d4b-42bd-8227-9160ece8e376;NULL;-0.0416;-0.0074;-0.0248;2.5060;354.7578;358.0872;0.0246;-0.5102;0.0224;2.0000;-0.5102;0.0224;2.0000;NULL;1;0.0192;-1.3611;0.0065;0.0000;11.2316;0.0000;0.0000;0.0000;0.0000;0.0000;0.0000;0.0000;0;NULL;0.0000;0.0000;0.0000;0.0000;0.0000;0.0000;ControllerBody;NULL;NULL;NULL;NULL;3;2;0;1;0;0;-0.5000;0.0000;2.0000;-0.1399;-0.0263;0.5121;358.2152;342.4585;1.0912;-0.1422;-0.0282;0.5026;358.3971;341.9160;1.5151;1;NULL;-0.1422;-0.0282;0.5026;358.3971;341.9160;1.5151;ControllerBody;NULL;a08a302b-aead-4f6e-a9a6-2a0b3992ba8e;NULL;NULL;48;2;NULL;-0.5000;0.0000;2.0000;Exposure;0.0000;2026-03-26 11:09:24.2406;Controllers;NULL;NULL;OpenXR
NULL;Right;NULL;NULL;Exposure;NULL;NoMitigation;2;1;0;0;0;0;0.5000;0.0000;2.0000;NULL;Translation;anonymous;NULL;Mole Spawned;MoleEvent;8077;8e120f03-0d4b-42bd-8227-9160ece8e376;NULL;-0.0416;-0.0074;-0.0248;2.5060;354.7578;358.0872;NULL;NULL;NULL;NULL;NULL;NULL;NULL;NULL;NULL;0.0192;-1.3611;0.0065;0.0000;11.2316;0.0000;0.0000;0.0000;0.0000;0.0000;0.0000;0.0000;0;NULL;0.0000;0.0000;0.0000;0.0000;0.0000;0.0000;ControllerBody;NULL;NULL;NULL;NULL;2;1;0;0;0;0;0.5000;0.0000;2.0000;-0.1399;-0.0263;0.5121;358.2152;342.4585;1.0912;-0.1422;-0.0282;0.5026;358.3971;341.9160;1.5151;1;NULL;-0.1422;-0.0282;0.5026;358.3971;341.9160;1.5151;ControllerBody;NULL;a08a302b-aead-4f6e-a9a6-2a0b3992ba8e;NULL;NULL;NULL;1;NULL;0.5000;0.0000;2.0000;Exposure;0.0000;2026-03-26 11:09:24.2463;Controllers;NULL;NULL;OpenXR
NULL;Right;NULL;50;Exposure;NULL;NoMitigation;2;1;0;0;0;0;0.5000;0.0000;2.0000;NULL;Translation;anonymous;NULL;Pointer Shoot;PointerEvent;8152;8e120f03-0d4b-42bd-8227-9160ece8e376;NULL;-0.0227;-0.0072;-0.0270;2.2945;4.0621;357.8642;NULL;0.5100;0.0073;2.0000;0.5100;0.0073;2.0000;NULL;NULL;0.0192;-1.3611;0.0065;0.0000;11.2316;0.0000;0.0000;0.0000;0.0000;0.0000;0.0000;0.0000;0;NULL;0.0000;0.0000;0.0000;0.0000;0.0000;0.0000;ControllerBody;NULL;NULL;NULL;NULL;2;1;0;0;0;0;0.5000;0.0000;2.0000;0.1471;-0.0260;0.5457;358.7103;10.2485;358.8655;0.1457;-0.0294;0.5387;358.9419;10.6332;359.0690;1;NULL;0.1457;-0.0294;0.5387;358.9419;10.6332;359.0690;ControllerBody;NULL;a08a302b-aead-4f6e-a9a6-2a0b3992ba8e;NULL;NULL;49;1;NULL;0.5000;0.0000;2.0000;Exposure;1.5069;2026-03-26 11:09:25.7408;Controllers;NULL;NULL;OpenXR
NULL;Right;NULL;50;Exposure;NULL;NoMitigation;2;1;0;0;0;0;0.5000;0.0000;2.0000;NULL;Translation;anonymous;NULL;Mole Hit;MoleEvent;8152;8e120f03-0d4b-42bd-8227-9160ece8e376;NULL;-0.0227;-0.0072;-0.0270;2.2945;4.0621;357.8642;0.0124;0.5100;0.0073;2.0000;0.5100;0.0073;2.0000;NULL;1;0.0192;-1.3611;0.0065;0.0000;11.2316;0.0000;0.0000;0.0000;0.0000;0.0000;0.0000;0.0000;0;NULL;0.0000;0.0000;0.0000;0.0000;0.0000;0.0000;ControllerBody;NULL;NULL;NULL;NULL;2;1;0;0;0;0;0.5000;0.0000;2.0000;0.1471;-0.0260;0.5457;358.7103;10.2485;358.8655;0.1457;-0.0294;0.5387;358.9419;10.6332;359.0690;1;NULL;0.1457;-0.0294;0.5387;358.9419;10.6332;359.0690;ControllerBody;NULL;a08a302b-aead-4f6e-a9a6-2a0b3992ba8e;NULL;NULL;49;1;NULL;0.5000;0.0000;2.0000;Exposure;0.0000;2026-03-26 11:09:25.7461;Controllers;NULL;NULL;OpenXR
NULL;Right;NULL;NULL;Exposure;NULL;NoMitigation;1;0;0;-1;0;0;0.0000;0.0000;2.0000;NULL;Translation;anonymous;NULL;Mole Spawned;MoleEvent;8152;8e120f03-0d4b-42bd-8227-9160ece8e376;NULL;-0.0227;-0.0072;-0.0270;2.2945;4.0621;357.8642;NULL;NULL;NULL;NULL;NULL;NULL;NULL;NULL;NULL;0.0192;-1.3611;0.0065;0.0000;11.2316;0.0000;0.0000;0.0000;0.0000;0.0000;0.0000;0.0000;0;NULL;0.0000;0.0000;0.0000;0.0000;0.0000;0.0000;ControllerBody;NULL;NULL;NULL;NULL;1;0;0;-1;0;0;0.0000;0.0000;2.0000;0.1471;-0.0260;0.5457;358.7103;10.2485;358.8655;0.1457;-0.0294;0.5387;358.9419;10.6332;359.0690;1;NULL;0.1457;-0.0294;0.5387;358.9419;10.6332;359.0690;ControllerBody;NULL;a08a302b-aead-4f6e-a9a6-2a0b3992ba8e;NULL;NULL;NULL;0;NULL;0.0000;0.0000;2.0000;Exposure;0.0000;2026-03-26 11:09:25.7514;Controllers;NULL;NULL;OpenXR
NULL;Right;NULL;51;Exposure;NULL;NoMitigation;1;0;0;-1;0;0;0.0000;0.0000;2.0000;NULL;Translation;anonymous;NULL;Pointer Shoot;PointerEvent;8222;8e120f03-0d4b-42bd-8227-9160ece8e376;NULL;-0.0265;-0.0071;-0.0258;2.1611;1.3864;357.4701;NULL;0.0319;-0.0015;2.0000;0.0319;-0.0015;2.0000;NULL;NULL;0.0192;-1.3611;0.0065;0.0000;11.2316;0.0000;0.0000;0.0000;0.0000;0.0000;0.0000;0.0000;0;NULL;0.0000;0.0000;0.0000;0.0000;0.0000;0.0000;ControllerBody;NULL;NULL;NULL;NULL;1;0;0;-1;0;0;0.0000;0.0000;2.0000;0.0036;-0.0318;0.5454;358.8098;357.1770;0.8513;-0.0007;-0.0334;0.5395;359.0470;356.8485;0.5459;1;NULL;-0.0007;-0.0334;0.5395;359.0470;356.8485;0.5459;ControllerBody;NULL;a08a302b-aead-4f6e-a9a6-2a0b3992ba8e;NULL;NULL;50;0;NULL;0.0000;0.0000;2.0000;Exposure;1.3438;2026-03-26 11:09:27.0865;Controllers;NULL;NULL;OpenXR
NULL;Right;NULL;51;Exposure;NULL;NoMitigation;1;0;0;-1;0;0;0.0000;0.0000;2.0000;NULL;Translation;anonymous;NULL;Mole Hit;MoleEvent;8222;8e120f03-0d4b-42bd-8227-9160ece8e376;NULL;-0.0265;-0.0071;-0.0258;2.1611;1.3864;357.4701;0.0319;0.0319;-0.0015;2.0000;0.0319;-0.0015;2.0000;NULL;1;0.0192;-1.3611;0.0065;0.0000;11.2316;0.0000;0.0000;0.0000;0.0000;0.0000;0.0000;0.0000;0;NULL;0.0000;0.0000;0.0000;0.0000;0.0000;0.0000;ControllerBody;NULL;NULL;NULL;NULL;1;0;0;-1;0;0;0.0000;0.0000;2.0000;0.0036;-0.0318;0.5454;358.8098;357.1770;0.8513;-0.0007;-0.0334;0.5395;359.0470;356.8485;0.5459;1;NULL;-0.0007;-0.0334;0.5395;359.0470;356.8485;0.5459;ControllerBody;NULL;a08a302b-aead-4f6e-a9a6-2a0b3992ba8e;NULL;NULL;50;0;NULL;0.0000;0.0000;2.0000;Exposure;0.0000;2026-03-26 11:09:27.0923;Controllers;NULL;NULL;OpenXR
NULL;Right;NULL;NULL;Exposure;NULL;NoMitigation;3;2;0;1;0;0;-0.5000;0.0000;2.0000;NULL;Translation;anonymous;NULL;Mole Spawned;MoleEvent;8222;8e120f03-0d4b-42bd-8227-9160ece8e376;NULL;-0.0265;-0.0071;-0.0258;2.1611;1.3864;357.4701;NULL;NULL;NULL;NULL;NULL;NULL;NULL;NULL;NULL;0.0192;-1.3611;0.0065;0.0000;11.2316;0.0000;0.0000;0.0000;0.0000;0.0000;0.0000;0.0000;0;NULL;0.0000;0.0000;0.0000;0.0000;0.0000;0.0000;ControllerBody;NULL;NULL;NULL;NULL;3;2;0;1;0;0;-0.5000;0.0000;2.0000;0.0036;-0.0318;0.5454;358.8098;357.1770;0.8513;-0.0007;-0.0334;0.5395;359.0470;356.8485;0.5459;1;NULL;-0.0007;-0.0334;0.5395;359.0470;356.8485;0.5459;ControllerBody;NULL;a08a302b-aead-4f6e-a9a6-2a0b3992ba8e;NULL;NULL;NULL;2;NULL;-0.5000;0.0000;2.0000;Exposure;0.0000;2026-03-26 11:09:27.1001;Controllers;NULL;NULL;OpenXR
NULL;Right;NULL;52;Exposure;NULL;NoMitigation;3;2;0;1;0;0;-0.5000;0.0000;2.0000;NULL;Translation;anonymous;NULL;Pointer Shoot;PointerEvent;8299;8e120f03-0d4b-42bd-8227-9160ece8e376;NULL;-0.0316;-0.0072;-0.0251;2.3442;355.1381;355.7731;NULL;-0.4784;-0.0063;2.0000;-0.4784;-0.0063;2.0000;NULL;NULL;0.0192;-1.3611;0.0065;0.0000;11.2316;0.0000;0.0000;0.0000;0.0000;0.0000;0.0000;0.0000;0;NULL;0.0000;0.0000;0.0000;0.0000;0.0000;0.0000;ControllerBody;NULL;NULL;NULL;NULL;3;2;0;1;0;0;-0.5000;0.0000;2.0000;-0.1369;-0.0306;0.5133;359.1044;343.4591;1.1394;-0.1409;-0.0326;0.5046;359.1984;342.6801;1.2293;1;NULL;-0.1409;-0.0326;0.5046;359.1984;342.6801;1.2293;ControllerBody;NULL;a08a302b-aead-4f6e-a9a6-2a0b3992ba8e;NULL;NULL;51;2;NULL;-0.5000;0.0000;2.0000;Exposure;1.5061;2026-03-26 11:09:28.5930;Controllers;NULL;NULL;OpenXR
NULL;Right;NULL;52;Exposure;NULL;NoMitigation;3;2;0;1;0;0;-0.5000;0.0000;2.0000;NULL;Translation;anonymous;NULL;Mole Hit;MoleEvent;8299;8e120f03-0d4b-42bd-8227-9160ece8e376;NULL;-0.0316;-0.0072;-0.0251;2.3442;355.1381;355.7731;0.0225;-0.4784;-0.0063;2.0000;-0.4784;-0.0063;2.0000;NULL;1;0.0192;-1.3611;0.0065;0.0000;11.2316;0.0000;0.0000;0.0000;0.0000;0.0000;0.0000;0.0000;0;NULL;0.0000;0.0000;0.0000;0.0000;0.0000;0.0000;ControllerBody;NULL;NULL;NULL;NULL;3;2;0;1;0;0;-0.5000;0.0000;2.0000;-0.1369;-0.0306;0.5133;359.1044;343.4591;1.1394;-0.1409;-0.0326;0.5046;359.1984;342.6801;1.2293;1;NULL;-0.1409;-0.0326;0.5046;359.1984;342.6801;1.2293;ControllerBody;NULL;a08a302b-aead-4f6e-a9a6-2a0b3992ba8e;NULL;NULL;51;2;NULL;-0.5000;0.0000;2.0000;Exposure;0.0000;2026-03-26 11:09:28.6018;Controllers;NULL;NULL;OpenXR
NULL;Right;NULL;NULL;Exposure;NULL;NoMitigation;2;1;0;0;0;0;0.5000;0.0000;2.0000;NULL;Translation;anonymous;NULL;Mole Spawned;MoleEvent;8299;8e120f03-0d4b-42bd-8227-9160ece8e376;NULL;-0.0316;-0.0072;-0.0251;2.3442;355.1381;355.7731;NULL;NULL;NULL;NULL;NULL;NULL;NULL;NULL;NULL;0.0192;-1.3611;0.0065;0.0000;11.2316;0.0000;0.0000;0.0000;0.0000;0.0000;0.0000;0.0000;0;NULL;0.0000;0.0000;0.0000;0.0000;0.0000;0.0000;ControllerBody;NULL;NULL;NULL;NULL;2;1;0;0;0;0;0.5000;0.0000;2.0000;-0.1369;-0.0306;0.5133;359.1044;343.4591;1.1394;-0.1409;-0.0326;0.5046;359.1984;342.6801;1.2293;1;NULL;-0.1409;-0.0326;0.5046;359.1984;342.6801;1.2293;ControllerBody;NULL;a08a302b-aead-4f6e-a9a6-2a0b3992ba8e;NULL;NULL;NULL;1;NULL;0.5000;0.0000;2.0000;Exposure;0.0000;2026-03-26 11:09:28.6085;Controllers;NULL;NULL;OpenXR
NULL;Right;NULL;53;Exposure;NULL;NoMitigation;2;1;0;0;0;0;0.5000;0.0000;2.0000;NULL;Translation;anonymous;NULL;Pointer Shoot;PointerEvent;8382;8e120f03-0d4b-42bd-8227-9160ece8e376;NULL;-0.0240;-0.0075;-0.0262;2.2368;4.7135;358.5286;NULL;0.4794;0.0101;2.0000;0.4794;0.0101;2.0000;NULL;NULL;0.0192;-1.3611;0.0065;0.0000;11.2316;0.0000;0.0000;0.0000;0.0000;0.0000;0.0000;0.0000;0;NULL;0.0000;0.0000;0.0000;0.0000;0.0000;0.0000;ControllerBody;NULL;NULL;NULL;NULL;2;1;0;0;0;0;0.5000;0.0000;2.0000;0.1402;-0.0260;0.5466;358.5926;9.3474;359.2140;0.1366;-0.0299;0.5410;358.9348;9.1480;359.3760;1;NULL;0.1366;-0.0299;0.5410;358.9348;9.1480;359.3760;ControllerBody;NULL;a08a302b-aead-4f6e-a9a6-2a0b3992ba8e;NULL;NULL;52;1;NULL;0.5000;0.0000;2.0000;Exposure;1.6345;2026-03-26 11:09:30.2250;Controllers;NULL;NULL;OpenXR
NULL;Right;NULL;53;Exposure;NULL;NoMitigation;2;1;0;0;0;0;0.5000;0.0000;2.0000;NULL;Translation;anonymous;NULL;Mole Hit;MoleEvent;8382;8e120f03-0d4b-42bd-8227-9160ece8e376;NULL;-0.0240;-0.0075;-0.0262;2.2368;4.7135;358.5286;0.0230;0.4794;0.0101;2.0000;0.4794;0.0101;2.0000;NULL;1;0.0192;-1.3611;0.0065;0.0000;11.2316;0.0000;0.0000;0.0000;0.0000;0.0000;0.0000;0.0000;0;NULL;0.0000;0.0000;0.0000;0.0000;0.0000;0.0000;ControllerBody;NULL;NULL;NULL;NULL;2;1;0;0;0;0;0.5000;0.0000;2.0000;0.1402;-0.0260;0.5466;358.5926;9.3474;359.2140;0.1366;-0.0299;0.5410;358.9348;9.1480;359.3760;1;NULL;0.1366;-0.0299;0.5410;358.9348;9.1480;359.3760;ControllerBody;NULL;a08a302b-aead-4f6e-a9a6-2a0b3992ba8e;NULL;NULL;52;1;NULL;0.5000;0.0000;2.0000;Exposure;0.0000;2026-03-26 11:09:30.2324;Controllers;NULL;NULL;OpenXR
NULL;Right;NULL;NULL;Exposure;NULL;NoMitigation;1;0;0;-1;0;0;0.0000;0.0000;2.0000;NULL;Translation;anonymous;NULL;Mole Spawned;MoleEvent;8382;8e120f03-0d4b-42bd-8227-9160ece8e376;NULL;-0.0240;-0.0075;-0.0262;2.2368;4.7135;358.5286;NULL;NULL;NULL;NULL;NULL;NULL;NULL;NULL;NULL;0.0192;-1.3611;0.0065;0.0000;11.2316;0.0000;0.0000;0.0000;0.0000;0.0000;0.0000;0.0000;0;NULL;0.0000;0.0000;0.0000;0.0000;0.0000;0.0000;ControllerBody;NULL;NULL;NULL;NULL;1;0;0;-1;0;0;0.0000;0.0000;2.0000;0.1402;-0.0260;0.5466;358.5926;9.3474;359.2140;0.1366;-0.0299;0.5410;358.9348;9.1480;359.3760;1;NULL;0.1366;-0.0299;0.5410;358.9348;9.1480;359.3760;ControllerBody;NULL;a08a302b-aead-4f6e-a9a6-2a0b3992ba8e;NULL;NULL;NULL;0;NULL;0.0000;0.0000;2.0000;Exposure;0.0000;2026-03-26 11:09:30.2382;Controllers;NULL;NULL;OpenXR
NULL;Right;NULL;54;Exposure;NULL;NoMitigation;1;0;0;-1;0;0;0.0000;0.0000;2.0000;NULL;Translation;anonymous;NULL;Pointer Shoot;PointerEvent;8451;8e120f03-0d4b-42bd-8227-9160ece8e376;NULL;-0.0250;-0.0074;-0.0272;2.0401;1.7900;357.4727;NULL;0.0404;0.0091;2.0000;0.0404;0.0091;2.0000;NULL;NULL;0.0192;-1.3611;0.0065;0.0000;11.2316;0.0000;0.0000;0.0000;0.0000;0.0000;0.0000;0.0000;0;NULL;0.0000;0.0000;0.0000;0.0000;0.0000;0.0000;ControllerBody;NULL;NULL;NULL;NULL;1;0;0;-1;0;0;0.0000;0.0000;2.0000;0.0055;-0.0319;0.5391;358.3925;357.4485;1.4789;-0.0001;-0.0325;0.5321;358.2854;357.5183;2.1970;1;NULL;-0.0001;-0.0325;0.5321;358.2854;357.5183;2.1970;ControllerBody;NULL;a08a302b-aead-4f6e-a9a6-2a0b3992ba8e;NULL;NULL;53;0;NULL;0.0000;0.0000;2.0000;Exposure;1.3398;2026-03-26 11:09:31.5653;Controllers;NULL;NULL;OpenXR
NULL;Right;NULL;54;Exposure;NULL;NoMitigation;1;0;0;-1;0;0;0.0000;0.0000;2.0000;NULL;Translation;anonymous;NULL;Mole Hit;MoleEvent;8451;8e120f03-0d4b-42bd-8227-9160ece8e376;NULL;-0.0250;-0.0074;-0.0272;2.0401;1.7900;357.4727;0.0414;0.0404;0.0091;2.0000;0.0404;0.0091;2.0000;NULL;1;0.0192;-1.3611;0.0065;0.0000;11.2316;0.0000;0.0000;0.0000;0.0000;0.0000;0.0000;0.0000;0;NULL;0.0000;0.0000;0.0000;0.0000;0.0000;0.0000;ControllerBody;NULL;NULL;NULL;NULL;1;0;0;-1;0;0;0.0000;0.0000;2.0000;0.0055;-0.0319;0.5391;358.3925;357.4485;1.4789;-0.0001;-0.0325;0.5321;358.2854;357.5183;2.1970;1;NULL;-0.0001;-0.0325;0.5321;358.2854;357.5183;2.1970;ControllerBody;NULL;a08a302b-aead-4f6e-a9a6-2a0b3992ba8e;NULL;NULL;53;0;NULL;0.0000;0.0000;2.0000;Exposure;0.0000;2026-03-26 11:09:31.5717;Controllers;NULL;NULL;OpenXR
NULL;Right;NULL;NULL;Exposure;NULL;NoMitigation;2;1;0;0;0;0;0.5000;0.0000;2.0000;NULL;Translation;anonymous;NULL;Mole Spawned;MoleEvent;8451;8e120f03-0d4b-42bd-8227-9160ece8e376;NULL;-0.0250;-0.0074;-0.0272;2.0401;1.7900;357.4727;NULL;NULL;NULL;NULL;NULL;NULL;NULL;NULL;NULL;0.0192;-1.3611;0.0065;0.0000;11.2316;0.0000;0.0000;0.0000;0.0000;0.0000;0.0000;0.0000;0;NULL;0.0000;0.0000;0.0000;0.0000;0.0000;0.0000;ControllerBody;NULL;NULL;NULL;NULL;2;1;0;0;0;0;0.5000;0.0000;2.0000;0.0055;-0.0319;0.5391;358.3925;357.4485;1.4789;-0.0001;-0.0325;0.5321;358.2854;357.5183;2.1970;1;NULL;-0.0001;-0.0325;0.5321;358.2854;357.5183;2.1970;ControllerBody;NULL;a08a302b-aead-4f6e-a9a6-2a0b3992ba8e;NULL;NULL;NULL;1;NULL;0.5000;0.0000;2.0000;Exposure;0.0000;2026-03-26 11:09:31.5764;Controllers;NULL;NULL;OpenXR
NULL;Right;NULL;55;Exposure;NULL;NoMitigation;2;1;0;0;0;0;0.5000;0.0000;2.0000;NULL;Translation;anonymous;NULL;Pointer Shoot;PointerEvent;8522;8e120f03-0d4b-42bd-8227-9160ece8e376;NULL;-0.0276;-0.0081;-0.0266;2.6027;4.0039;358.7482;NULL;0.4596;0.0029;2.0000;0.4596;0.0029;2.0000;NULL;NULL;0.0192;-1.3611;0.0065;0.0000;11.2316;0.0000;0.0000;0.0000;0.0000;0.0000;0.0000;0.0000;0;NULL;0.0000;0.0000;0.0000;0.0000;0.0000;0.0000;ControllerBody;NULL;NULL;NULL;NULL;2;1;0;0;0;0;0.5000;0.0000;2.0000;0.1301;-0.0285;0.5424;358.7816;8.9461;0.5290;0.1328;-0.0301;0.5357;358.9218;9.5443;1.0005;1;NULL;0.1328;-0.0301;0.5357;358.9218;9.5443;1.0005;ControllerBody;NULL;a08a302b-aead-4f6e-a9a6-2a0b3992ba8e;NULL;NULL;54;1;NULL;0.5000;0.0000;2.0000;Exposure;1.3005;2026-03-26 11:09:32.8654;Controllers;NULL;NULL;OpenXR
NULL;Right;NULL;55;Exposure;NULL;NoMitigation;2;1;0;0;0;0;0.5000;0.0000;2.0000;NULL;Translation;anonymous;NULL;Mole Hit;MoleEvent;8522;8e120f03-0d4b-42bd-8227-9160ece8e376;NULL;-0.0276;-0.0081;-0.0266;2.6027;4.0039;358.7482;0.0405;0.4596;0.0029;2.0000;0.4596;0.0029;2.0000;NULL;1;0.0192;-1.3611;0.0065;0.0000;11.2316;0.0000;0.0000;0.0000;0.0000;0.0000;0.0000;0.0000;0;NULL;0.0000;0.0000;0.0000;0.0000;0.0000;0.0000;ControllerBody;NULL;NULL;NULL;NULL;2;1;0;0;0;0;0.5000;0.0000;2.0000;0.1301;-0.0285;0.5424;358.7816;8.9461;0.5290;0.1328;-0.0301;0.5357;358.9218;9.5443;1.0005;1;NULL;0.1328;-0.0301;0.5357;358.9218;9.5443;1.0005;ControllerBody;NULL;a08a302b-aead-4f6e-a9a6-2a0b3992ba8e;NULL;NULL;54;1;NULL;0.5000;0.0000;2.0000;Exposure;0.0000;2026-03-26 11:09:32.8729;Controllers;NULL;NULL;OpenXR
NULL;Right;NULL;NULL;Exposure;NULL;NoMitigation;1;0;0;-1;0;0;0.0000;0.0000;2.0000;NULL;Translation;anonymous;NULL;Mole Spawned;MoleEvent;8522;8e120f03-0d4b-42bd-8227-9160ece8e376;NULL;-0.0276;-0.0081;-0.0266;2.6027;4.0039;358.7482;NULL;NULL;NULL;NULL;NULL;NULL;NULL;NULL;NULL;0.0192;-1.3611;0.0065;0.0000;11.2316;0.0000;0.0000;0.0000;0.0000;0.0000;0.0000;0.0000;0;NULL;0.0000;0.0000;0.0000;0.0000;0.0000;0.0000;ControllerBody;NULL;NULL;NULL;NULL;1;0;0;-1;0;0;0.0000;0.0000;2.0000;0.1301;-0.0285;0.5424;358.7816;8.9461;0.5290;0.1328;-0.0301;0.5357;358.9218;9.5443;1.0005;1;NULL;0.1328;-0.0301;0.5357;358.9218;9.5443;1.0005;ControllerBody;NULL;a08a302b-aead-4f6e-a9a6-2a0b3992ba8e;NULL;NULL;NULL;0;NULL;0.0000;0.0000;2.0000;Exposure;0.0000;2026-03-26 11:09:32.8781;Controllers;NULL;NULL;OpenXR
NULL;Right;NULL;56;Exposure;NULL;NoMitigation;1;0;0;-1;0;0;0.0000;0.0000;2.0000;NULL;Translation;anonymous;NULL;Pointer Shoot;PointerEvent;8582;8e120f03-0d4b-42bd-8227-9160ece8e376;NULL;-0.0270;-0.0078;-0.0256;2.6373;1.7414;357.8680;NULL;0.0592;0.0106;2.0000;0.0592;0.0106;2.0000;NULL;NULL;0.0192;-1.3611;0.0065;0.0000;11.2316;0.0000;0.0000;0.0000;0.0000;0.0000;0.0000;0.0000;0;NULL;0.0000;0.0000;0.0000;0.0000;0.0000;0.0000;ControllerBody;NULL;NULL;NULL;NULL;1;0;0;-1;0;0;0.0000;0.0000;2.0000;0.0094;-0.0289;0.5411;358.4515;358.0298;1.2146;0.0059;-0.0277;0.5341;358.2341;357.7700;1.4854;1;NULL;0.0059;-0.0277;0.5341;358.2341;357.7700;1.4854;ControllerBody;NULL;a08a302b-aead-4f6e-a9a6-2a0b3992ba8e;NULL;NULL;55;0;NULL;0.0000;0.0000;2.0000;Exposure;1.1661;2026-03-26 11:09:34.0349;Controllers;NULL;NULL;OpenXR
NULL;Right;NULL;56;Exposure;NULL;NoMitigation;1;0;0;-1;0;0;0.0000;0.0000;2.0000;NULL;Translation;anonymous;NULL;Mole Hit;MoleEvent;8582;8e120f03-0d4b-42bd-8227-9160ece8e376;NULL;-0.0270;-0.0078;-0.0256;2.6373;1.7414;357.8680;0.0601;0.0592;0.0106;2.0000;0.0592;0.0106;2.0000;NULL;1;0.0192;-1.3611;0.0065;0.0000;11.2316;0.0000;0.0000;0.0000;0.0000;0.0000;0.0000;0.0000;0;NULL;0.0000;0.0000;0.0000;0.0000;0.0000;0.0000;ControllerBody;NULL;NULL;NULL;NULL;1;0;0;-1;0;0;0.0000;0.0000;2.0000;0.0094;-0.0289;0.5411;358.4515;358.0298;1.2146;0.0059;-0.0277;0.5341;358.2341;357.7700;1.4854;1;NULL;0.0059;-0.0277;0.5341;358.2341;357.7700;1.4854;ControllerBody;NULL;a08a302b-aead-4f6e-a9a6-2a0b3992ba8e;NULL;NULL;55;0;NULL;0.0000;0.0000;2.0000;Exposure;0.0000;2026-03-26 11:09:34.0407;Controllers;NULL;NULL;OpenXR
NULL;Right;NULL;NULL;Exposure;NULL;NoMitigation;3;2;0;1;0;0;-0.5000;0.0000;2.0000;NULL;Translation;anonymous;NULL;Mole Spawned;MoleEvent;8582;8e120f03-0d4b-42bd-8227-9160ece8e376;NULL;-0.0270;-0.0078;-0.0256;2.6373;1.7414;357.8680;NULL;NULL;NULL;NULL;NULL;NULL;NULL;NULL;NULL;0.0192;-1.3611;0.0065;0.0000;11.2316;0.0000;0.0000;0.0000;0.0000;0.0000;0.0000;0.0000;0;NULL;0.0000;0.0000;0.0000;0.0000;0.0000;0.0000;ControllerBody;NULL;NULL;NULL;NULL;3;2;0;1;0;0;-0.5000;0.0000;2.0000;0.0094;-0.0289;0.5411;358.4515;358.0298;1.2146;0.0059;-0.0277;0.5341;358.2341;357.7700;1.4854;1;NULL;0.0059;-0.0277;0.5341;358.2341;357.7700;1.4854;ControllerBody;NULL;a08a302b-aead-4f6e-a9a6-2a0b3992ba8e;NULL;NULL;NULL;2;NULL;-0.5000;0.0000;2.0000;Exposure;0.0000;2026-03-26 11:09:34.0454;Controllers;NULL;NULL;OpenXR
NULL;Right;NULL;57;Exposure;NULL;NoMitigation;3;2;0;1;0;0;-0.5000;0.0000;2.0000;NULL;Translation;anonymous;NULL;Pointer Shoot;PointerEvent;8824;8e120f03-0d4b-42bd-8227-9160ece8e376;NULL;-0.0322;-0.0080;-0.0433;2.2220;354.1099;358.0591;NULL;-0.5149;-0.0222;2.0000;-0.5149;-0.0222;2.0000;NULL;NULL;0.0192;-1.3611;0.0065;0.0000;11.2316;0.0000;0.0000;0.0000;0.0000;0.0000;0.0000;0.0000;0;NULL;0.0000;0.0000;0.0000;0.0000;0.0000;0.0000;ControllerBody;NULL;NULL;NULL;NULL;3;2;0;1;0;0;-0.5000;0.0000;2.0000;-0.1396;-0.0331;0.5039;359.5994;342.3772;359.8631;-0.1436;-0.0352;0.4952;0.0150;341.6047;359.9824;1;NULL;-0.1436;-0.0352;0.4952;0.0150;341.6047;359.9824;ControllerBody;NULL;a08a302b-aead-4f6e-a9a6-2a0b3992ba8e;NULL;NULL;56;2;NULL;-0.5000;0.0000;2.0000;Exposure;4.9549;2026-03-26 11:09:43.3720;Controllers;NULL;NULL;OpenXR
NULL;Right;NULL;57;Exposure;NULL;NoMitigation;3;2;0;1;0;0;-0.5000;0.0000;2.0000;NULL;Translation;anonymous;NULL;Mole Hit;MoleEvent;8824;8e120f03-0d4b-42bd-8227-9160ece8e376;NULL;-0.0322;-0.0080;-0.0433;2.2220;354.1099;358.0591;0.0267;-0.5149;-0.0222;2.0000;-0.5149;-0.0222;2.0000;NULL;1;0.0192;-1.3611;0.0065;0.0000;11.2316;0.0000;0.0000;0.0000;0.0000;0.0000;0.0000;0.0000;0;NULL;0.0000;0.0000;0.0000;0.0000;0.0000;0.0000;ControllerBody;NULL;NULL;NULL;NULL;3;2;0;1;0;0;-0.5000;0.0000;2.0000;-0.1396;-0.0331;0.5039;359.5994;342.3772;359.8631;-0.1436;-0.0352;0.4952;0.0150;341.6047;359.9824;1;NULL;-0.1436;-0.0352;0.4952;0.0150;341.6047;359.9824;ControllerBody;NULL;a08a302b-aead-4f6e-a9a6-2a0b3992ba8e;NULL;NULL;56;2;NULL;-0.5000;0.0000;2.0000;Exposure;0.0000;2026-03-26 11:09:43.3762;Controllers;NULL;NULL;OpenXR
NULL;Right;NULL;NULL;Exposure;NULL;NoMitigation;2;1;0;0;0;0;0.5000;0.0000;2.0000;NULL;Translation;anonymous;NULL;Mole Spawned;MoleEvent;8824;8e120f03-0d4b-42bd-8227-9160ece8e376;NULL;-0.0322;-0.0080;-0.0433;2.2220;354.1099;358.0591;NULL;NULL;NULL;NULL;NULL;NULL;NULL;NULL;NULL;0.0192;-1.3611;0.0065;0.0000;11.2316;0.0000;0.0000;0.0000;0.0000;0.0000;0.0000;0.0000;0;NULL;0.0000;0.0000;0.0000;0.0000;0.0000;0.0000;ControllerBody;NULL;NULL;NULL;NULL;2;1;0;0;0;0;0.5000;0.0000;2.0000;-0.1396;-0.0331;0.5039;359.5994;342.3772;359.8631;-0.1436;-0.0352;0.4952;0.0150;341.6047;359.9824;1;NULL;-0.1436;-0.0352;0.4952;0.0150;341.6047;359.9824;ControllerBody;NULL;a08a302b-aead-4f6e-a9a6-2a0b3992ba8e;NULL;NULL;NULL;1;NULL;0.5000;0.0000;2.0000;Exposure;0.0000;2026-03-26 11:09:43.3821;Controllers;NULL;NULL;OpenXR
NULL;Right;NULL;58;Exposure;NULL;NoMitigation;2;1;0;0;0;0;0.5000;0.0000;2.0000;NULL;Translation;anonymous;NULL;Pointer Shoot;PointerEvent;8917;8e120f03-0d4b-42bd-8227-9160ece8e376;NULL;-0.0281;-0.0073;-0.0380;2.1410;4.3313;0.5236;NULL;0.5013;0.0070;2.0000;0.5013;0.0070;2.0000;NULL;NULL;0.0192;-1.3611;0.0065;0.0000;11.2316;0.0000;0.0000;0.0000;0.0000;0.0000;0.0000;0.0000;0;NULL;0.0000;0.0000;0.0000;0.0000;0.0000;0.0000;ControllerBody;NULL;NULL;NULL;NULL;2;1;0;0;0;0;0.5000;0.0000;2.0000;0.1394;-0.0267;0.5445;358.6942;10.2006;358.9587;0.1422;-0.0274;0.5376;358.5712;10.6058;359.2038;1;NULL;0.1422;-0.0274;0.5376;358.5712;10.6058;359.2038;ControllerBody;NULL;a08a302b-aead-4f6e-a9a6-2a0b3992ba8e;NULL;NULL;57;1;NULL;0.5000;0.0000;2.0000;Exposure;1.7247;2026-03-26 11:09:45.0977;Controllers;NULL;NULL;OpenXR
NULL;Right;NULL;58;Exposure;NULL;NoMitigation;2;1;0;0;0;0;0.5000;0.0000;2.0000;NULL;Translation;anonymous;NULL;Mole Hit;MoleEvent;8917;8e120f03-0d4b-42bd-8227-9160ece8e376;NULL;-0.0281;-0.0073;-0.0380;2.1410;4.3313;0.5236;0.0071;0.5013;0.0070;2.0000;0.5013;0.0070;2.0000;NULL;1;0.0192;-1.3611;0.0065;0.0000;11.2316;0.0000;0.0000;0.0000;0.0000;0.0000;0.0000;0.0000;0;NULL;0.0000;0.0000;0.0000;0.0000;0.0000;0.0000;ControllerBody;NULL;NULL;NULL;NULL;2;1;0;0;0;0;0.5000;0.0000;2.0000;0.1394;-0.0267;0.5445;358.6942;10.2006;358.9587;0.1422;-0.0274;0.5376;358.5712;10.6058;359.2038;1;NULL;0.1422;-0.0274;0.5376;358.5712;10.6058;359.2038;ControllerBody;NULL;a08a302b-aead-4f6e-a9a6-2a0b3992ba8e;NULL;NULL;57;1;NULL;0.5000;0.0000;2.0000;Exposure;0.0000;2026-03-26 11:09:45.1035;Controllers;NULL;NULL;OpenXR
NULL;Right;NULL;NULL;Exposure;NULL;NoMitigation;1;0;0;-1;0;0;0.0000;0.0000;2.0000;NULL;Translation;anonymous;NULL;Mole Spawned;MoleEvent;8917;8e120f03-0d4b-42bd-8227-9160ece8e376;NULL;-0.0281;-0.0073;-0.0380;2.1410;4.3313;0.5236;NULL;NULL;NULL;NULL;NULL;NULL;NULL;NULL;NULL;0.0192;-1.3611;0.0065;0.0000;11.2316;0.0000;0.0000;0.0000;0.0000;0.0000;0.0000;0.0000;0;NULL;0.0000;0.0000;0.0000;0.0000;0.0000;0.0000;ControllerBody;NULL;NULL;NULL;NULL;1;0;0;-1;0;0;0.0000;0.0000;2.0000;0.1394;-0.0267;0.5445;358.6942;10.2006;358.9587;0.1422;-0.0274;0.5376;358.5712;10.6058;359.2038;1;NULL;0.1422;-0.0274;0.5376;358.5712;10.6058;359.2038;ControllerBody;NULL;a08a302b-aead-4f6e-a9a6-2a0b3992ba8e;NULL;NULL;NULL;0;NULL;0.0000;0.0000;2.0000;Exposure;0.0000;2026-03-26 11:09:45.1107;Controllers;NULL;NULL;OpenXR
NULL;Right;NULL;59;Exposure;NULL;NoMitigation;1;0;0;-1;0;0;0.0000;0.0000;2.0000;NULL;Translation;anonymous;NULL;Pointer Shoot;PointerEvent;8989;8e120f03-0d4b-42bd-8227-9160ece8e376;NULL;-0.0293;-0.0073;-0.0377;2.3240;0.7165;359.2141;NULL;0.0224;0.0021;2.0000;0.0224;0.0021;2.0000;NULL;NULL;0.0192;-1.3611;0.0065;0.0000;11.2316;0.0000;0.0000;0.0000;0.0000;0.0000;0.0000;0.0000;0;NULL;0.0000;0.0000;0.0000;0.0000;0.0000;0.0000;ControllerBody;NULL;NULL;NULL;NULL;1;0;0;-1;0;0;0.0000;0.0000;2.0000;-0.0028;-0.0274;0.5439;358.8391;357.0578;0.3925;-0.0088;-0.0292;0.5372;358.9669;356.4729;0.4347;1;NULL;-0.0088;-0.0292;0.5372;358.9669;356.4729;0.4347;ControllerBody;NULL;a08a302b-aead-4f6e-a9a6-2a0b3992ba8e;NULL;NULL;58;0;NULL;0.0000;0.0000;2.0000;Exposure;1.3989;2026-03-26 11:09:46.4957;Controllers;NULL;NULL;OpenXR
NULL;Right;NULL;59;Exposure;NULL;NoMitigation;1;0;0;-1;0;0;0.0000;0.0000;2.0000;NULL;Translation;anonymous;NULL;Mole Hit;MoleEvent;8989;8e120f03-0d4b-42bd-8227-9160ece8e376;NULL;-0.0293;-0.0073;-0.0377;2.3240;0.7165;359.2141;0.0225;0.0224;0.0021;2.0000;0.0224;0.0021;2.0000;NULL;1;0.0192;-1.3611;0.0065;0.0000;11.2316;0.0000;0.0000;0.0000;0.0000;0.0000;0.0000;0.0000;0;NULL;0.0000;0.0000;0.0000;0.0000;0.0000;0.0000;ControllerBody;NULL;NULL;NULL;NULL;1;0;0;-1;0;0;0.0000;0.0000;2.0000;-0.0028;-0.0274;0.5439;358.8391;357.0578;0.3925;-0.0088;-0.0292;0.5372;358.9669;356.4729;0.4347;1;NULL;-0.0088;-0.0292;0.5372;358.9669;356.4729;0.4347;ControllerBody;NULL;a08a302b-aead-4f6e-a9a6-2a0b3992ba8e;NULL;NULL;58;0;NULL;0.0000;0.0000;2.0000;Exposure;0.0000;2026-03-26 11:09:46.5003;Controllers;NULL;NULL;OpenXR
NULL;Right;NULL;NULL;Exposure;NULL;NoMitigation;3;2;0;1;0;0;-0.5000;0.0000;2.0000;NULL;Translation;anonymous;NULL;Mole Spawned;MoleEvent;8989;8e120f03-0d4b-42bd-8227-9160ece8e376;NULL;-0.0293;-0.0073;-0.0377;2.3240;0.7165;359.2141;NULL;NULL;NULL;NULL;NULL;NULL;NULL;NULL;NULL;0.0192;-1.3611;0.0065;0.0000;11.2316;0.0000;0.0000;0.0000;0.0000;0.0000;0.0000;0.0000;0;NULL;0.0000;0.0000;0.0000;0.0000;0.0000;0.0000;ControllerBody;NULL;NULL;NULL;NULL;3;2;0;1;0;0;-0.5000;0.0000;2.0000;-0.0028;-0.0274;0.5439;358.8391;357.0578;0.3925;-0.0088;-0.0292;0.5372;358.9669;356.4729;0.4347;1;NULL;-0.0088;-0.0292;0.5372;358.9669;356.4729;0.4347;ControllerBody;NULL;a08a302b-aead-4f6e-a9a6-2a0b3992ba8e;NULL;NULL;NULL;2;NULL;-0.5000;0.0000;2.0000;Exposure;0.0000;2026-03-26 11:09:46.5049;Controllers;NULL;NULL;OpenXR
NULL;Right;NULL;60;Exposure;NULL;NoMitigation;3;2;0;1;0;0;-0.5000;0.0000;2.0000;NULL;Translation;anonymous;NULL;Pointer Shoot;PointerEvent;9068;8e120f03-0d4b-42bd-8227-9160ece8e376;NULL;-0.0333;-0.0074;-0.0391;2.0353;355.6398;357.7211;NULL;-0.4490;-0.0012;2.0000;-0.4490;-0.0012;2.0000;NULL;NULL;0.0192;-1.3611;0.0065;0.0000;11.2316;0.0000;0.0000;0.0000;0.0000;0.0000;0.0000;0.0000;0;NULL;0.0000;0.0000;0.0000;0.0000;0.0000;0.0000;ControllerBody;NULL;NULL;NULL;NULL;3;2;0;1;0;0;-0.5000;0.0000;2.0000;-0.1355;-0.0285;0.5121;358.9850;344.4691;0.5099;-0.1378;-0.0274;0.5033;358.8844;344.1092;0.7082;1;NULL;-0.1378;-0.0274;0.5033;358.8844;344.1092;0.7082;ControllerBody;NULL;a08a302b-aead-4f6e-a9a6-2a0b3992ba8e;NULL;NULL;59;2;NULL;-0.5000;0.0000;2.0000;Exposure;1.4173;2026-03-26 11:09:47.9123;Controllers;NULL;NULL;OpenXR
NULL;Right;NULL;60;Exposure;NULL;NoMitigation;3;2;0;1;0;0;-0.5000;0.0000;2.0000;NULL;Translation;anonymous;NULL;Mole Hit;MoleEvent;9068;8e120f03-0d4b-42bd-8227-9160ece8e376;NULL;-0.0333;-0.0074;-0.0391;2.0353;355.6398;357.7211;0.0510;-0.4490;-0.0012;2.0000;-0.4490;-0.0012;2.0000;NULL;1;0.0192;-1.3611;0.0065;0.0000;11.2316;0.0000;0.0000;0.0000;0.0000;0.0000;0.0000;0.0000;0;NULL;0.0000;0.0000;0.0000;0.0000;0.0000;0.0000;ControllerBody;NULL;NULL;NULL;NULL;3;2;0;1;0;0;-0.5000;0.0000;2.0000;-0.1355;-0.0285;0.5121;358.9850;344.4691;0.5099;-0.1378;-0.0274;0.5033;358.8844;344.1092;0.7082;1;NULL;-0.1378;-0.0274;0.5033;358.8844;344.1092;0.7082;ControllerBody;NULL;a08a302b-aead-4f6e-a9a6-2a0b3992ba8e;NULL;NULL;59;2;NULL;-0.5000;0.0000;2.0000;Exposure;0.0000;2026-03-26 11:09:47.9203;Controllers;NULL;NULL;OpenXR
NULL;Right;NULL;60;Exposure;NULL;NoMitigation;NULL;NULL;NULL;NULL;NULL;NULL;NULL;NULL;NULL;NULL;Translation;anonymous;NULL;Exposure Completed;BlockEvent;9068;8e120f03-0d4b-42bd-8227-9160ece8e376;NULL;-0.0333;-0.0074;-0.0391;2.0353;355.6398;357.7211;NULL;NULL;NULL;NULL;NULL;NULL;NULL;NULL;NULL;0.0192;-1.3611;0.0065;0.0000;11.2316;0.0000;0.0000;0.0000;0.0000;0.0000;0.0000;0.0000;0;NULL;0.0000;0.0000;0.0000;0.0000;0.0000;0.0000;ControllerBody;NULL;NULL;NULL;NULL;NULL;NULL;NULL;NULL;NULL;NULL;NULL;NULL;NULL;-0.1355;-0.0285;0.5121;358.9850;344.4691;0.5099;-0.1378;-0.0274;0.5033;358.8844;344.1092;0.7082;1;NULL;-0.1378;-0.0274;0.5033;358.8844;344.1092;0.7082;ControllerBody;NULL;a08a302b-aead-4f6e-a9a6-2a0b3992ba8e;NULL;NULL;60;NULL;NULL;NULL;NULL;NULL;Exposure;0.0000;2026-03-26 11:09:47.9250;Controllers;NULL;NULL;OpenXR
NULL;Right;NULL;NULL;Post;NULL;NoMitigation;NULL;NULL;NULL;NULL;NULL;NULL;NULL;NULL;NULL;NULL;None;anonymous;NULL;Block Started;BlockEvent;9176;8e120f03-0d4b-42bd-8227-9160ece8e376;NULL;-0.0221;-0.0032;-0.0163;0.5797;0.7652;0.6033;NULL;NULL;NULL;NULL;NULL;NULL;NULL;NULL;NULL;0.0192;-1.3611;0.0065;0.0000;11.2316;0.0000;0.0000;0.0000;0.0000;0.0000;0.0000;0.0000;0;NULL;0.0000;0.0000;0.0000;0.0000;0.0000;0.0000;ControllerBody;NULL;NULL;NULL;NULL;NULL;NULL;NULL;NULL;NULL;NULL;NULL;NULL;NULL;0.0200;-0.1550;0.4648;343.3602;354.5318;355.8505;0.0266;-0.1569;0.4671;344.7290;355.4900;355.2027;0;NULL;0.0266;-0.1569;0.4671;344.7290;355.4900;355.2027;ControllerBody;NULL;a08a302b-aead-4f6e-a9a6-2a0b3992ba8e;NULL;NULL;NULL;NULL;NULL;NULL;NULL;NULL;OpenLoop;2.0162;2026-03-26 11:09:49.9289;Controllers;NULL;NULL;OpenXR
NULL;Right;NULL;NULL;Post;NULL;NoMitigation;NULL;NULL;NULL;NULL;NULL;NULL;NULL;NULL;NULL;NULL;None;anonymous;NULL;Trial Started;TaskEvent;9176;8e120f03-0d4b-42bd-8227-9160ece8e376;NULL;-0.0221;-0.0032;-0.0163;0.5797;0.7652;0.6033;NULL;NULL;NULL;NULL;NULL;NULL;NULL;NULL;NULL;0.0192;-1.3611;0.0065;0.0000;11.2316;0.0000;0.0000;0.0000;0.0000;0.0000;0.0000;0.0000;0;NULL;0.0000;0.0000;0.0000;0.0000;0.0000;0.0000;ControllerBody;NULL;NULL;NULL;NULL;NULL;NULL;NULL;NULL;NULL;NULL;NULL;NULL;NULL;0.0200;-0.1550;0.4648;343.3602;354.5318;355.8505;0.0266;-0.1569;0.4671;344.7290;355.4900;355.2027;0;NULL;0.0266;-0.1569;0.4671;344.7290;355.4900;355.2027;ControllerBody;NULL;a08a302b-aead-4f6e-a9a6-2a0b3992ba8e;NULL;NULL;NULL;NULL;0.0300;0.0000;0.0000;2.0000;OpenLoop;0.0000;2026-03-26 11:09:49.9362;Controllers;1;30;OpenXR
NULL;Right;NULL;NULL;Post;NULL;NoMitigation;NULL;NULL;NULL;NULL;NULL;NULL;NULL;NULL;NULL;NULL;None;anonymous;NULL;Trial Accepted;TaskEvent;9246;8e120f03-0d4b-42bd-8227-9160ece8e376;NULL;-0.0358;-0.0112;-0.0352;4.3108;0.3950;359.8523;NULL;NULL;NULL;NULL;-0.0874;0.0000;2.0000;NULL;NULL;0.0192;-1.3611;0.0065;0.0000;11.2316;0.0000;0.0000;0.0000;0.0000;0.0000;0.0000;0.0000;0;NULL;0.0000;0.0000;0.0000;0.0000;0.0000;0.0000;ControllerBody;NULL;NULL;NULL;NULL;NULL;NULL;NULL;NULL;NULL;NULL;NULL;NULL;NULL;-0.0038;-0.0229;0.5494;357.5776;356.7018;358.4509;-0.0022;-0.0200;0.5433;357.7263;356.9315;359.0211;1;NULL;-0.0022;-0.0200;0.5433;357.7263;356.9315;359.0211;ControllerBody;NULL;a08a302b-aead-4f6e-a9a6-2a0b3992ba8e;-8.7367;NULL;NULL;NULL;NULL;NULL;NULL;NULL;OpenLoop;1.3828;2026-03-26 11:09:51.3125;Controllers;1;30;OpenXR
NULL;Right;NULL;NULL;Post;NULL;NoMitigation;NULL;NULL;NULL;NULL;NULL;NULL;NULL;NULL;NULL;NULL;None;anonymous;NULL;Trial Started;TaskEvent;9246;8e120f03-0d4b-42bd-8227-9160ece8e376;NULL;-0.0358;-0.0112;-0.0352;4.3108;0.3950;359.8523;NULL;NULL;NULL;NULL;NULL;NULL;NULL;NULL;NULL;0.0192;-1.3611;0.0065;0.0000;11.2316;0.0000;0.0000;0.0000;0.0000;0.0000;0.0000;0.0000;0;NULL;0.0000;0.0000;0.0000;0.0000;0.0000;0.0000;ControllerBody;NULL;NULL;NULL;NULL;NULL;NULL;NULL;NULL;NULL;NULL;NULL;NULL;NULL;-0.0038;-0.0229;0.5494;357.5776;356.7018;358.4509;-0.0022;-0.0200;0.5433;357.7263;356.9315;359.0211;1;NULL;-0.0022;-0.0200;0.5433;357.7263;356.9315;359.0211;ControllerBody;NULL;a08a302b-aead-4f6e-a9a6-2a0b3992ba8e;NULL;NULL;NULL;NULL;0.0300;0.0000;0.0000;2.0000;OpenLoop;0.0000;2026-03-26 11:09:51.3183;Controllers;2;30;OpenXR
NULL;Right;NULL;NULL;Post;NULL;NoMitigation;NULL;NULL;NULL;NULL;NULL;NULL;NULL;NULL;NULL;NULL;None;anonymous;NULL;Trial Accepted;TaskEvent;9266;8e120f03-0d4b-42bd-8227-9160ece8e376;NULL;-0.0347;-0.0114;-0.0338;4.3402;0.5230;359.5782;NULL;NULL;NULL;NULL;-0.0847;0.0000;2.0000;NULL;NULL;0.0192;-1.3611;0.0065;0.0000;11.2316;0.0000;0.0000;0.0000;0.0000;0.0000;0.0000;0.0000;0;NULL;0.0000;0.0000;0.0000;0.0000;0.0000;0.0000;ControllerBody;NULL;NULL;NULL;NULL;NULL;NULL;NULL;NULL;NULL;NULL;NULL;NULL;NULL;-0.0037;-0.0217;0.5502;357.6310;356.8008;358.7530;-0.0029;-0.0193;0.5447;357.3372;356.9634;359.4203;1;NULL;-0.0029;-0.0193;0.5447;357.3372;356.9634;359.4203;ControllerBody;NULL;a08a302b-aead-4f6e-a9a6-2a0b3992ba8e;-8.4709;NULL;NULL;NULL;NULL;NULL;NULL;NULL;OpenLoop;0.3332;2026-03-26 11:09:51.6439;Controllers;2;30;OpenXR
NULL;Right;NULL;NULL;Post;NULL;NoMitigation;NULL;NULL;NULL;NULL;NULL;NULL;NULL;NULL;NULL;NULL;None;anonymous;NULL;Trial Started;TaskEvent;9266;8e120f03-0d4b-42bd-8227-9160ece8e376;NULL;-0.0347;-0.0114;-0.0338;4.3402;0.5230;359.5782;NULL;NULL;NULL;NULL;NULL;NULL;NULL;NULL;NULL;0.0192;-1.3611;0.0065;0.0000;11.2316;0.0000;0.0000;0.0000;0.0000;0.0000;0.0000;0.0000;0;NULL;0.0000;0.0000;0.0000;0.0000;0.0000;0.0000;ControllerBody;NULL;NULL;NULL;NULL;NULL;NULL;NULL;NULL;NULL;NULL;NULL;NULL;NULL;-0.0037;-0.0217;0.5502;357.6310;356.8008;358.7530;-0.0029;-0.0193;0.5447;357.3372;356.9634;359.4203;1;NULL;-0.0029;-0.0193;0.5447;357.3372;356.9634;359.4203;ControllerBody;NULL;a08a302b-aead-4f6e-a9a6-2a0b3992ba8e;NULL;NULL;NULL;NULL;0.0300;0.0000;0.0000;2.0000;OpenLoop;0.0000;2026-03-26 11:09:51.6492;Controllers;3;30;OpenXR
NULL;Right;NULL;NULL;Post;NULL;NoMitigation;NULL;NULL;NULL;NULL;NULL;NULL;NULL;NULL;NULL;NULL;None;anonymous;NULL;Trial Accepted;TaskEvent;9282;8e120f03-0d4b-42bd-8227-9160ece8e376;NULL;-0.0343;-0.0114;-0.0337;4.2437;0.4304;359.7133;NULL;NULL;NULL;NULL;-0.0834;0.0000;2.0000;NULL;NULL;0.0192;-1.3611;0.0065;0.0000;11.2316;0.0000;0.0000;0.0000;0.0000;0.0000;0.0000;0.0000;0;NULL;0.0000;0.0000;0.0000;0.0000;0.0000;0.0000;ControllerBody;NULL;NULL;NULL;NULL;NULL;NULL;NULL;NULL;NULL;NULL;NULL;NULL;NULL;-0.0036;-0.0210;0.5508;357.6312;356.8486;358.8799;-0.0032;-0.0205;0.5451;357.7346;356.9305;359.1241;1;NULL;-0.0032;-0.0205;0.5451;357.7346;356.9305;359.1241;ControllerBody;NULL;a08a302b-aead-4f6e-a9a6-2a0b3992ba8e;-8.3379;NULL;NULL;NULL;NULL;NULL;NULL;NULL;OpenLoop;0.3073;2026-03-26 11:09:51.9522;Controllers;3;30;OpenXR
NULL;Right;NULL;NULL;Post;NULL;NoMitigation;NULL;NULL;NULL;NULL;NULL;NULL;NULL;NULL;NULL;NULL;None;anonymous;NULL;Trial Started;TaskEvent;9282;8e120f03-0d4b-42bd-8227-9160ece8e376;NULL;-0.0343;-0.0114;-0.0337;4.2437;0.4304;359.7133;NULL;NULL;NULL;NULL;NULL;NULL;NULL;NULL;NULL;0.0192;-1.3611;0.0065;0.0000;11.2316;0.0000;0.0000;0.0000;0.0000;0.0000;0.0000;0.0000;0;NULL;0.0000;0.0000;0.0000;0.0000;0.0000;0.0000;ControllerBody;NULL;NULL;NULL;NULL;NULL;NULL;NULL;NULL;NULL;NULL;NULL;NULL;NULL;-0.0036;-0.0210;0.5508;357.6312;356.8486;358.8799;-0.0032;-0.0205;0.5451;357.7346;356.9305;359.1241;1;NULL;-0.0032;-0.0205;0.5451;357.7346;356.9305;359.1241;ControllerBody;NULL;a08a302b-aead-4f6e-a9a6-2a0b3992ba8e;NULL;NULL;NULL;NULL;0.0300;0.0000;0.0000;2.0000;OpenLoop;0.0000;2026-03-26 11:09:51.9601;Controllers;4;30;OpenXR
NULL;Right;NULL;NULL;Post;NULL;NoMitigation;NULL;NULL;NULL;NULL;NULL;NULL;NULL;NULL;NULL;NULL;None;anonymous;NULL;Trial Accepted;TaskEvent;9300;8e120f03-0d4b-42bd-8227-9160ece8e376;NULL;-0.0338;-0.0106;-0.0328;4.0388;0.4109;359.7274;NULL;NULL;NULL;NULL;-0.0812;0.0000;2.0000;NULL;NULL;0.0192;-1.3611;0.0065;0.0000;11.2316;0.0000;0.0000;0.0000;0.0000;0.0000;0.0000;0.0000;0;NULL;0.0000;0.0000;0.0000;0.0000;0.0000;0.0000;ControllerBody;NULL;NULL;NULL;NULL;NULL;NULL;NULL;NULL;NULL;NULL;NULL;NULL;NULL;-0.0035;-0.0214;0.5515;357.8276;356.9319;359.0887;-0.0024;-0.0225;0.5461;357.7730;357.2980;359.3552;1;NULL;-0.0024;-0.0225;0.5461;357.7730;357.2980;359.3552;ControllerBody;NULL;a08a302b-aead-4f6e-a9a6-2a0b3992ba8e;-8.1161;NULL;NULL;NULL;NULL;NULL;NULL;NULL;OpenLoop;0.3249;2026-03-26 11:09:52.2752;Controllers;4;30;OpenXR
NULL;Right;NULL;NULL;Post;NULL;NoMitigation;NULL;NULL;NULL;NULL;NULL;NULL;NULL;NULL;NULL;NULL;None;anonymous;NULL;Trial Started;TaskEvent;9300;8e120f03-0d4b-42bd-8227-9160ece8e376;NULL;-0.0338;-0.0106;-0.0328;4.0388;0.4109;359.7274;NULL;NULL;NULL;NULL;NULL;NULL;NULL;NULL;NULL;0.0192;-1.3611;0.0065;0.0000;11.2316;0.0000;0.0000;0.0000;0.0000;0.0000;0.0000;0.0000;0;NULL;0.0000;0.0000;0.0000;0.0000;0.0000;0.0000;ControllerBody;NULL;NULL;NULL;NULL;NULL;NULL;NULL;NULL;NULL;NULL;NULL;NULL;NULL;-0.0035;-0.0214;0.5515;357.8276;356.9319;359.0887;-0.0024;-0.0225;0.5461;357.7730;357.2980;359.3552;1;NULL;-0.0024;-0.0225;0.5461;357.7730;357.2980;359.3552;ControllerBody;NULL;a08a302b-aead-4f6e-a9a6-2a0b3992ba8e;NULL;NULL;NULL;NULL;0.0300;0.0000;0.0000;2.0000;OpenLoop;0.0000;2026-03-26 11:09:52.2816;Controllers;5;30;OpenXR
NULL;Right;NULL;NULL;Post;NULL;NoMitigation;NULL;NULL;NULL;NULL;NULL;NULL;NULL;NULL;NULL;NULL;None;anonymous;NULL;Trial Accepted;TaskEvent;9319;8e120f03-0d4b-42bd-8227-9160ece8e376;NULL;-0.0343;-0.0098;-0.0331;3.7579;0.2834;359.8899;NULL;NULL;NULL;NULL;-0.0750;0.0000;2.0000;NULL;NULL;0.0192;-1.3611;0.0065;0.0000;11.2316;0.0000;0.0000;0.0000;0.0000;0.0000;0.0000;0.0000;0;NULL;0.0000;0.0000;0.0000;0.0000;0.0000;0.0000;ControllerBody;NULL;NULL;NULL;NULL;NULL;NULL;NULL;NULL;NULL;NULL;NULL;NULL;NULL;-0.0033;-0.0217;0.5523;357.9395;357.1668;359.1544;-0.0017;-0.0221;0.5471;358.0453;357.5409;359.2220;1;NULL;-0.0017;-0.0221;0.5471;358.0453;357.5409;359.2220;ControllerBody;NULL;a08a302b-aead-4f6e-a9a6-2a0b3992ba8e;-7.4969;NULL;NULL;NULL;NULL;NULL;NULL;NULL;OpenLoop;0.3247;2026-03-26 11:09:52.6009;Controllers;5;30;OpenXR
NULL;Right;NULL;NULL;Post;NULL;NoMitigation;NULL;NULL;NULL;NULL;NULL;NULL;NULL;NULL;NULL;NULL;None;anonymous;NULL;Trial Started;TaskEvent;9319;8e120f03-0d4b-42bd-8227-9160ece8e376;NULL;-0.0343;-0.0098;-0.0331;3.7579;0.2834;359.8899;NULL;NULL;NULL;NULL;NULL;NULL;NULL;NULL;NULL;0.0192;-1.3611;0.0065;0.0000;11.2316;0.0000;0.0000;0.0000;0.0000;0.0000;0.0000;0.0000;0;NULL;0.0000;0.0000;0.0000;0.0000;0.0000;0.0000;ControllerBody;NULL;NULL;NULL;NULL;NULL;NULL;NULL;NULL;NULL;NULL;NULL;NULL;NULL;-0.0033;-0.0217;0.5523;357.9395;357.1668;359.1544;-0.0017;-0.0221;0.5471;358.0453;357.5409;359.2220;1;NULL;-0.0017;-0.0221;0.5471;358.0453;357.5409;359.2220;ControllerBody;NULL;a08a302b-aead-4f6e-a9a6-2a0b3992ba8e;NULL;NULL;NULL;NULL;0.0300;0.0000;0.0000;2.0000;OpenLoop;0.0000;2026-03-26 11:09:52.6056;Controllers;6;30;OpenXR
NULL;Right;NULL;NULL;Post;NULL;NoMitigation;NULL;NULL;NULL;NULL;NULL;NULL;NULL;NULL;NULL;NULL;None;anonymous;NULL;Trial Accepted;TaskEvent;9340;8e120f03-0d4b-42bd-8227-9160ece8e376;NULL;-0.0337;-0.0099;-0.0328;3.9066;0.4234;359.6761;NULL;NULL;NULL;NULL;-0.0656;0.0000;2.0000;NULL;NULL;0.0192;-1.3611;0.0065;0.0000;11.2316;0.0000;0.0000;0.0000;0.0000;0.0000;0.0000;0.0000;0;NULL;0.0000;0.0000;0.0000;0.0000;0.0000;0.0000;ControllerBody;NULL;NULL;NULL;NULL;NULL;NULL;NULL;NULL;NULL;NULL;NULL;NULL;NULL;-0.0024;-0.0218;0.5531;358.0525;357.5006;359.3741;-0.0005;-0.0225;0.5461;358.0674;357.2583;359.8848;1;NULL;-0.0005;-0.0225;0.5461;358.0674;357.2583;359.8848;ControllerBody;NULL;a08a302b-aead-4f6e-a9a6-2a0b3992ba8e;-6.5564;NULL;NULL;NULL;NULL;NULL;NULL;NULL;OpenLoop;0.3499;2026-03-26 11:09:52.9497;Controllers;6;30;OpenXR
NULL;Right;NULL;NULL;Post;NULL;NoMitigation;NULL;NULL;NULL;NULL;NULL;NULL;NULL;NULL;NULL;NULL;None;anonymous;NULL;Trial Started;TaskEvent;9340;8e120f03-0d4b-42bd-8227-9160ece8e376;NULL;-0.0337;-0.0099;-0.0328;3.9066;0.4234;359.6761;NULL;NULL;NULL;NULL;NULL;NULL;NULL;NULL;NULL;0.0192;-1.3611;0.0065;0.0000;11.2316;0.0000;0.0000;0.0000;0.0000;0.0000;0.0000;0.0000;0;NULL;0.0000;0.0000;0.0000;0.0000;0.0000;0.0000;ControllerBody;NULL;NULL;NULL;NULL;NULL;NULL;NULL;NULL;NULL;NULL;NULL;NULL;NULL;-0.0024;-0.0218;0.5531;358.0525;357.5006;359.3741;-0.0005;-0.0225;0.5461;358.0674;357.2583;359.8848;1;NULL;-0.0005;-0.0225;0.5461;358.0674;357.2583;359.8848;ControllerBody;NULL;a08a302b-aead-4f6e-a9a6-2a0b3992ba8e;NULL;NULL;NULL;NULL;0.0300;0.0000;0.0000;2.0000;OpenLoop;0.0000;2026-03-26 11:09:52.9565;Controllers;7;30;OpenXR
NULL;Right;NULL;NULL;Post;NULL;NoMitigation;NULL;NULL;NULL;NULL;NULL;NULL;NULL;NULL;NULL;NULL;None;anonymous;NULL;Trial Accepted;TaskEvent;9359;8e120f03-0d4b-42bd-8227-9160ece8e376;NULL;-0.0335;-0.0098;-0.0329;3.8526;0.4658;359.5965;NULL;NULL;NULL;NULL;-0.0628;0.0000;2.0000;NULL;NULL;0.0192;-1.3611;0.0065;0.0000;11.2316;0.0000;0.0000;0.0000;0.0000;0.0000;0.0000;0.0000;0;NULL;0.0000;0.0000;0.0000;0.0000;0.0000;0.0000;ControllerBody;NULL;NULL;NULL;NULL;NULL;NULL;NULL;NULL;NULL;NULL;NULL;NULL;NULL;-0.0018;-0.0220;0.5531;358.1192;357.5877;359.5498;-0.0003;-0.0229;0.5445;357.8795;357.7898;359.7664;1;NULL;-0.0003;-0.0229;0.5445;357.8795;357.7898;359.7664;ControllerBody;NULL;a08a302b-aead-4f6e-a9a6-2a0b3992ba8e;-6.2796;NULL;NULL;NULL;NULL;NULL;NULL;NULL;OpenLoop;0.3335;2026-03-26 11:09:53.2846;Controllers;7;30;OpenXR
NULL;Right;NULL;NULL;Post;NULL;NoMitigation;NULL;NULL;NULL;NULL;NULL;NULL;NULL;NULL;NULL;NULL;None;anonymous;NULL;Trial Started;TaskEvent;9359;8e120f03-0d4b-42bd-8227-9160ece8e376;NULL;-0.0335;-0.0098;-0.0329;3.8526;0.4658;359.5965;NULL;NULL;NULL;NULL;NULL;NULL;NULL;NULL;NULL;0.0192;-1.3611;0.0065;0.0000;11.2316;0.0000;0.0000;0.0000;0.0000;0.0000;0.0000;0.0000;0;NULL;0.0000;0.0000;0.0000;0.0000;0.0000;0.0000;ControllerBody;NULL;NULL;NULL;NULL;NULL;NULL;NULL;NULL;NULL;NULL;NULL;NULL;NULL;-0.0018;-0.0220;0.5531;358.1192;357.5877;359.5498;-0.0003;-0.0229;0.5445;357.8795;357.7898;359.7664;1;NULL;-0.0003;-0.0229;0.5445;357.8795;357.7898;359.7664;ControllerBody;NULL;a08a302b-aead-4f6e-a9a6-2a0b3992ba8e;NULL;NULL;NULL;NULL;0.0300;0.0000;0.0000;2.0000;OpenLoop;0.0000;2026-03-26 11:09:53.2899;Controllers;8;30;OpenXR
NULL;Right;NULL;NULL;Post;NULL;NoMitigation;NULL;NULL;NULL;NULL;NULL;NULL;NULL;NULL;NULL;NULL;None;anonymous;NULL;Trial Accepted;TaskEvent;9379;8e120f03-0d4b-42bd-8227-9160ece8e376;NULL;-0.0329;-0.0070;-0.0347;2.1967;0.5070;359.5687;NULL;NULL;NULL;NULL;-0.0628;0.0000;2.0000;NULL;NULL;0.0192;-1.3611;0.0065;0.0000;11.2316;0.0000;0.0000;0.0000;0.0000;0.0000;0.0000;0.0000;0;NULL;0.0000;0.0000;0.0000;0.0000;0.0000;0.0000;ControllerBody;NULL;NULL;NULL;NULL;NULL;NULL;NULL;NULL;NULL;NULL;NULL;NULL;NULL;-0.0018;-0.0221;0.5530;358.1604;357.5885;359.6920;-0.0016;-0.0220;0.5456;358.1503;357.5300;359.9244;1;NULL;-0.0016;-0.0220;0.5456;358.1503;357.5300;359.9244;ControllerBody;NULL;a08a302b-aead-4f6e-a9a6-2a0b3992ba8e;-6.2753;NULL;NULL;NULL;NULL;NULL;NULL;NULL;OpenLoop;0.3582;2026-03-26 11:09:53.6428;Controllers;8;30;OpenXR
NULL;Right;NULL;NULL;Post;NULL;NoMitigation;NULL;NULL;NULL;NULL;NULL;NULL;NULL;NULL;NULL;NULL;None;anonymous;NULL;Trial Started;TaskEvent;9379;8e120f03-0d4b-42bd-8227-9160ece8e376;NULL;-0.0329;-0.0070;-0.0347;2.1967;0.5070;359.5687;NULL;NULL;NULL;NULL;NULL;NULL;NULL;NULL;NULL;0.0192;-1.3611;0.0065;0.0000;11.2316;0.0000;0.0000;0.0000;0.0000;0.0000;0.0000;0.0000;0;NULL;0.0000;0.0000;0.0000;0.0000;0.0000;0.0000;ControllerBody;NULL;NULL;NULL;NULL;NULL;NULL;NULL;NULL;NULL;NULL;NULL;NULL;NULL;-0.0018;-0.0221;0.5530;358.1604;357.5885;359.6920;-0.0016;-0.0220;0.5456;358.1503;357.5300;359.9244;1;NULL;-0.0016;-0.0220;0.5456;358.1503;357.5300;359.9244;ControllerBody;NULL;a08a302b-aead-4f6e-a9a6-2a0b3992ba8e;NULL;NULL;NULL;NULL;0.0300;0.0000;0.0000;2.0000;OpenLoop;0.0000;2026-03-26 11:09:53.6491;Controllers;9;30;OpenXR
NULL;Right;NULL;NULL;Post;NULL;NoMitigation;NULL;NULL;NULL;NULL;NULL;NULL;NULL;NULL;NULL;NULL;None;anonymous;NULL;Trial Accepted;TaskEvent;9400;8e120f03-0d4b-42bd-8227-9160ece8e376;NULL;-0.0304;0.0040;-0.0459;354.4781;0.7240;359.2028;NULL;NULL;NULL;NULL;-0.0597;0.0000;2.0000;NULL;NULL;0.0192;-1.3611;0.0065;0.0000;11.2316;0.0000;0.0000;0.0000;0.0000;0.0000;0.0000;0.0000;0;NULL;0.0000;0.0000;0.0000;0.0000;0.0000;0.0000;ControllerBody;NULL;NULL;NULL;NULL;NULL;NULL;NULL;NULL;NULL;NULL;NULL;NULL;NULL;-0.0018;-0.0244;0.5549;358.4076;357.7055;359.9192;-0.0025;-0.0296;0.5512;358.7612;357.7663;0.2712;1;NULL;-0.0025;-0.0296;0.5512;358.7612;357.7663;0.2712;ControllerBody;NULL;a08a302b-aead-4f6e-a9a6-2a0b3992ba8e;-5.9688;NULL;NULL;NULL;NULL;NULL;NULL;NULL;OpenLoop;0.3998;2026-03-26 11:09:54.0421;Controllers;9;30;OpenXR
NULL;Right;NULL;NULL;Post;NULL;NoMitigation;NULL;NULL;NULL;NULL;NULL;NULL;NULL;NULL;NULL;NULL;None;anonymous;NULL;Trial Started;TaskEvent;9400;8e120f03-0d4b-42bd-8227-9160ece8e376;NULL;-0.0304;0.0040;-0.0459;354.4781;0.7240;359.2028;NULL;NULL;NULL;NULL;NULL;NULL;NULL;NULL;NULL;0.0192;-1.3611;0.0065;0.0000;11.2316;0.0000;0.0000;0.0000;0.0000;0.0000;0.0000;0.0000;0;NULL;0.0000;0.0000;0.0000;0.0000;0.0000;0.0000;ControllerBody;NULL;NULL;NULL;NULL;NULL;NULL;NULL;NULL;NULL;NULL;NULL;NULL;NULL;-0.0018;-0.0244;0.5549;358.4076;357.7055;359.9192;-0.0025;-0.0296;0.5512;358.7612;357.7663;0.2712;1;NULL;-0.0025;-0.0296;0.5512;358.7612;357.7663;0.2712;ControllerBody;NULL;a08a302b-aead-4f6e-a9a6-2a0b3992ba8e;NULL;NULL;NULL;NULL;0.0300;0.0000;0.0000;2.0000;OpenLoop;0.0000;2026-03-26 11:09:54.0490;Controllers;10;30;OpenXR
NULL;Right;NULL;NULL;Post;NULL;NoMitigation;NULL;NULL;NULL;NULL;NULL;NULL;NULL;NULL;NULL;NULL;None;anonymous;NULL;Trial Accepted;TaskEvent;9420;8e120f03-0d4b-42bd-8227-9160ece8e376;NULL;-0.0278;0.0026;-0.0450;355.2854;1.4164;358.9456;NULL;NULL;NULL;NULL;-0.0565;0.0000;2.0000;NULL;NULL;0.0192;-1.3611;0.0065;0.0000;11.2316;0.0000;0.0000;0.0000;0.0000;0.0000;0.0000;0.0000;0;NULL;0.0000;0.0000;0.0000;0.0000;0.0000;0.0000;ControllerBody;NULL;NULL;NULL;NULL;NULL;NULL;NULL;NULL;NULL;NULL;NULL;NULL;NULL;-0.0021;-0.0260;0.5569;358.5797;357.8424;0.0606;-0.0005;-0.0278;0.5523;358.5844;358.2339;0.5081;1;NULL;-0.0005;-0.0278;0.5523;358.5844;358.2339;0.5081;ControllerBody;NULL;a08a302b-aead-4f6e-a9a6-2a0b3992ba8e;-5.6517;NULL;NULL;NULL;NULL;NULL;NULL;NULL;OpenLoop;0.3327;2026-03-26 11:09:54.3738;Controllers;10;30;OpenXR
NULL;Right;NULL;NULL;Post;NULL;NoMitigation;NULL;NULL;NULL;NULL;NULL;NULL;NULL;NULL;NULL;NULL;None;anonymous;NULL;Trial Started;TaskEvent;9420;8e120f03-0d4b-42bd-8227-9160ece8e376;NULL;-0.0278;0.0026;-0.0450;355.2854;1.4164;358.9456;NULL;NULL;NULL;NULL;NULL;NULL;NULL;NULL;NULL;0.0192;-1.3611;0.0065;0.0000;11.2316;0.0000;0.0000;0.0000;0.0000;0.0000;0.0000;0.0000;0;NULL;0.0000;0.0000;0.0000;0.0000;0.0000;0.0000;ControllerBody;NULL;NULL;NULL;NULL;NULL;NULL;NULL;NULL;NULL;NULL;NULL;NULL;NULL;-0.0021;-0.0260;0.5569;358.5797;357.8424;0.0606;-0.0005;-0.0278;0.5523;358.5844;358.2339;0.5081;1;NULL;-0.0005;-0.0278;0.5523;358.5844;358.2339;0.5081;ControllerBody;NULL;a08a302b-aead-4f6e-a9a6-2a0b3992ba8e;NULL;NULL;NULL;NULL;0.0300;0.0000;0.0000;2.0000;OpenLoop;0.0000;2026-03-26 11:09:54.3794;Controllers;11;30;OpenXR
NULL;Right;NULL;NULL;Post;NULL;NoMitigation;NULL;NULL;NULL;NULL;NULL;NULL;NULL;NULL;NULL;NULL;None;anonymous;NULL;Trial Accepted;TaskEvent;9437;8e120f03-0d4b-42bd-8227-9160ece8e376;NULL;-0.0277;0.0020;-0.0443;355.7921;1.1489;358.8341;NULL;NULL;NULL;NULL;-0.0517;0.0000;2.0000;NULL;NULL;0.0192;-1.3611;0.0065;0.0000;11.2316;0.0000;0.0000;0.0000;0.0000;0.0000;0.0000;0.0000;0;NULL;0.0000;0.0000;0.0000;0.0000;0.0000;0.0000;ControllerBody;NULL;NULL;NULL;NULL;NULL;NULL;NULL;NULL;NULL;NULL;NULL;NULL;NULL;-0.0015;-0.0262;0.5576;358.5828;358.0071;0.1962;0.0000;-0.0257;0.5520;358.3773;358.3514;0.3790;1;NULL;0.0000;-0.0257;0.5520;358.3773;358.3514;0.3790;ControllerBody;NULL;a08a302b-aead-4f6e-a9a6-2a0b3992ba8e;-5.1695;NULL;NULL;NULL;NULL;NULL;NULL;NULL;OpenLoop;0.3084;2026-03-26 11:09:54.6831;Controllers;11;30;OpenXR
NULL;Right;NULL;NULL;Post;NULL;NoMitigation;NULL;NULL;NULL;NULL;NULL;NULL;NULL;NULL;NULL;NULL;None;anonymous;NULL;Trial Started;TaskEvent;9437;8e120f03-0d4b-42bd-8227-9160ece8e376;NULL;-0.0277;0.0020;-0.0443;355.7921;1.1489;358.8341;NULL;NULL;NULL;NULL;NULL;NULL;NULL;NULL;NULL;0.0192;-1.3611;0.0065;0.0000;11.2316;0.0000;0.0000;0.0000;0.0000;0.0000;0.0000;0.0000;0;NULL;0.0000;0.0000;0.0000;0.0000;0.0000;0.0000;ControllerBody;NULL;NULL;NULL;NULL;NULL;NULL;NULL;NULL;NULL;NULL;NULL;NULL;NULL;-0.0015;-0.0262;0.5576;358.5828;358.0071;0.1962;0.0000;-0.0257;0.5520;358.3773;358.3514;0.3790;1;NULL;0.0000;-0.0257;0.5520;358.3773;358.3514;0.3790;ControllerBody;NULL;a08a302b-aead-4f6e-a9a6-2a0b3992ba8e;NULL;NULL;NULL;NULL;0.0300;0.0000;0.0000;2.0000;OpenLoop;0.0000;2026-03-26 11:09:54.6893;Controllers;12;30;OpenXR
NULL;Right;NULL;NULL;Post;NULL;NoMitigation;NULL;NULL;NULL;NULL;NULL;NULL;NULL;NULL;NULL;NULL;None;anonymous;NULL;Trial Accepted;TaskEvent;9454;8e120f03-0d4b-42bd-8227-9160ece8e376;NULL;-0.0290;0.0017;-0.0433;356.1154;0.8217;358.9313;NULL;NULL;NULL;NULL;-0.0507;0.0000;2.0000;NULL;NULL;0.0192;-1.3611;0.0065;0.0000;11.2316;0.0000;0.0000;0.0000;0.0000;0.0000;0.0000;0.0000;0;NULL;0.0000;0.0000;0.0000;0.0000;0.0000;0.0000;ControllerBody;NULL;NULL;NULL;NULL;NULL;NULL;NULL;NULL;NULL;NULL;NULL;NULL;NULL;-0.0016;-0.0263;0.5580;358.5779;358.0492;0.3433;-0.0026;-0.0269;0.5504;358.0814;358.2102;0.6769;1;NULL;-0.0026;-0.0269;0.5504;358.0814;358.2102;0.6769;ControllerBody;NULL;a08a302b-aead-4f6e-a9a6-2a0b3992ba8e;-5.0689;NULL;NULL;NULL;NULL;NULL;NULL;NULL;OpenLoop;0.2930;2026-03-26 11:09:54.9764;Controllers;12;30;OpenXR
NULL;Right;NULL;NULL;Post;NULL;NoMitigation;NULL;NULL;NULL;NULL;NULL;NULL;NULL;NULL;NULL;NULL;None;anonymous;NULL;Trial Started;TaskEvent;9454;8e120f03-0d4b-42bd-8227-9160ece8e376;NULL;-0.0290;0.0017;-0.0433;356.1154;0.8217;358.9313;NULL;NULL;NULL;NULL;NULL;NULL;NULL;NULL;NULL;0.0192;-1.3611;0.0065;0.0000;11.2316;0.0000;0.0000;0.0000;0.0000;0.0000;0.0000;0.0000;0;NULL;0.0000;0.0000;0.0000;0.0000;0.0000;0.0000;ControllerBody;NULL;NULL;NULL;NULL;NULL;NULL;NULL;NULL;NULL;NULL;NULL;NULL;NULL;-0.0016;-0.0263;0.5580;358.5779;358.0492;0.3433;-0.0026;-0.0269;0.5504;358.0814;358.2102;0.6769;1;NULL;-0.0026;-0.0269;0.5504;358.0814;358.2102;0.6769;ControllerBody;NULL;a08a302b-aead-4f6e-a9a6-2a0b3992ba8e;NULL;NULL;NULL;NULL;0.0300;0.0000;0.0000;2.0000;OpenLoop;0.0000;2026-03-26 11:09:54.9821;Controllers;13;30;OpenXR
NULL;Right;NULL;NULL;Post;NULL;NoMitigation;NULL;NULL;NULL;NULL;NULL;NULL;NULL;NULL;NULL;NULL;None;anonymous;NULL;Trial Accepted;TaskEvent;9473;8e120f03-0d4b-42bd-8227-9160ece8e376;NULL;-0.0287;0.0012;-0.0430;356.2646;0.8576;358.8594;NULL;NULL;NULL;NULL;-0.0523;0.0000;2.0000;NULL;NULL;0.0192;-1.3611;0.0065;0.0000;11.2316;0.0000;0.0000;0.0000;0.0000;0.0000;0.0000;0.0000;0;NULL;0.0000;0.0000;0.0000;0.0000;0.0000;0.0000;ControllerBody;NULL;NULL;NULL;NULL;NULL;NULL;NULL;NULL;NULL;NULL;NULL;NULL;NULL;-0.0023;-0.0268;0.5580;358.5551;358.0113;0.5285;-0.0040;-0.0281;0.5502;358.4234;358.1900;0.7621;1;NULL;-0.0040;-0.0281;0.5502;358.4234;358.1900;0.7621;ControllerBody;NULL;a08a302b-aead-4f6e-a9a6-2a0b3992ba8e;-5.2328;NULL;NULL;NULL;NULL;NULL;NULL;NULL;OpenLoop;0.3244;2026-03-26 11:09:55.3017;Controllers;13;30;OpenXR
NULL;Right;NULL;NULL;Post;NULL;NoMitigation;NULL;NULL;NULL;NULL;NULL;NULL;NULL;NULL;NULL;NULL;None;anonymous;NULL;Trial Started;TaskEvent;9473;8e120f03-0d4b-42bd-8227-9160ece8e376;NULL;-0.0287;0.0012;-0.0430;356.2646;0.8576;358.8594;NULL;NULL;NULL;NULL;NULL;NULL;NULL;NULL;NULL;0.0192;-1.3611;0.0065;0.0000;11.2316;0.0000;0.0000;0.0000;0.0000;0.0000;0.0000;0.0000;0;NULL;0.0000;0.0000;0.0000;0.0000;0.0000;0.0000;ControllerBody;NULL;NULL;NULL;NULL;NULL;NULL;NULL;NULL;NULL;NULL;NULL;NULL;NULL;-0.0023;-0.0268;0.5580;358.5551;358.0113;0.5285;-0.0040;-0.0281;0.5502;358.4234;358.1900;0.7621;1;NULL;-0.0040;-0.0281;0.5502;358.4234;358.1900;0.7621;ControllerBody;NULL;a08a302b-aead-4f6e-a9a6-2a0b3992ba8e;NULL;NULL;NULL;NULL;0.0300;0.0000;0.0000;2.0000;OpenLoop;0.0000;2026-03-26 11:09:55.3079;Controllers;14;30;OpenXR
NULL;Right;NULL;NULL;Post;NULL;NoMitigation;NULL;NULL;NULL;NULL;NULL;NULL;NULL;NULL;NULL;NULL;None;anonymous;NULL;Trial Accepted;TaskEvent;9491;8e120f03-0d4b-42bd-8227-9160ece8e376;NULL;-0.0293;0.0007;-0.0419;356.7036;0.6832;359.0255;NULL;NULL;NULL;NULL;-0.0499;0.0000;2.0000;NULL;NULL;0.0192;-1.3611;0.0065;0.0000;11.2316;0.0000;0.0000;0.0000;0.0000;0.0000;0.0000;0.0000;0;NULL;0.0000;0.0000;0.0000;0.0000;0.0000;0.0000;ControllerBody;NULL;NULL;NULL;NULL;NULL;NULL;NULL;NULL;NULL;NULL;NULL;NULL;NULL;-0.0026;-0.0270;0.5578;358.5037;358.1239;0.7106;-0.0020;-0.0277;0.5483;358.0972;358.4519;0.8111;1;NULL;-0.0020;-0.0277;0.5483;358.0972;358.4519;0.8111;ControllerBody;NULL;a08a302b-aead-4f6e-a9a6-2a0b3992ba8e;-4.9863;NULL;NULL;NULL;NULL;NULL;NULL;NULL;OpenLoop;0.3427;2026-03-26 11:09:55.6436;Controllers;14;30;OpenXR
NULL;Right;NULL;NULL;Post;NULL;NoMitigation;NULL;NULL;NULL;NULL;NULL;NULL;NULL;NULL;NULL;NULL;None;anonymous;NULL;Trial Started;TaskEvent;9491;8e120f03-0d4b-42bd-8227-9160ece8e376;NULL;-0.0293;0.0007;-0.0419;356.7036;0.6832;359.0255;NULL;NULL;NULL;NULL;NULL;NULL;NULL;NULL;NULL;0.0192;-1.3611;0.0065;0.0000;11.2316;0.0000;0.0000;0.0000;0.0000;0.0000;0.0000;0.0000;0;NULL;0.0000;0.0000;0.0000;0.0000;0.0000;0.0000;ControllerBody;NULL;NULL;NULL;NULL;NULL;NULL;NULL;NULL;NULL;NULL;NULL;NULL;NULL;-0.0026;-0.0270;0.5578;358.5037;358.1239;0.7106;-0.0020;-0.0277;0.5483;358.0972;358.4519;0.8111;1;NULL;-0.0020;-0.0277;0.5483;358.0972;358.4519;0.8111;ControllerBody;NULL;a08a302b-aead-4f6e-a9a6-2a0b3992ba8e;NULL;NULL;NULL;NULL;0.0300;0.0000;0.0000;2.0000;OpenLoop;0.0000;2026-03-26 11:09:55.6530;Controllers;15;30;OpenXR
NULL;Right;NULL;NULL;Post;NULL;NoMitigation;NULL;NULL;NULL;NULL;NULL;NULL;NULL;NULL;NULL;NULL;None;anonymous;NULL;Trial Accepted;TaskEvent;9507;8e120f03-0d4b-42bd-8227-9160ece8e376;NULL;-0.0292;0.0003;-0.0419;357.0084;0.5938;358.9928;NULL;NULL;NULL;NULL;-0.0460;0.0000;2.0000;NULL;NULL;0.0192;-1.3611;0.0065;0.0000;11.2316;0.0000;0.0000;0.0000;0.0000;0.0000;0.0000;0.0000;0;NULL;0.0000;0.0000;0.0000;0.0000;0.0000;0.0000;ControllerBody;NULL;NULL;NULL;NULL;NULL;NULL;NULL;NULL;NULL;NULL;NULL;NULL;NULL;-0.0023;-0.0274;0.5573;358.4985;358.2617;0.7674;-0.0007;-0.0286;0.5474;358.3075;358.3957;0.9148;1;NULL;-0.0007;-0.0286;0.5474;358.3075;358.3957;0.9148;ControllerBody;NULL;a08a302b-aead-4f6e-a9a6-2a0b3992ba8e;-4.6043;NULL;NULL;NULL;NULL;NULL;NULL;NULL;OpenLoop;0.2991;2026-03-26 11:09:55.9435;Controllers;15;30;OpenXR
NULL;Right;NULL;NULL;Post;NULL;NoMitigation;NULL;NULL;NULL;NULL;NULL;NULL;NULL;NULL;NULL;NULL;None;anonymous;NULL;Trial Started;TaskEvent;9507;8e120f03-0d4b-42bd-8227-9160ece8e376;NULL;-0.0292;0.0003;-0.0419;357.0084;0.5938;358.9928;NULL;NULL;NULL;NULL;NULL;NULL;NULL;NULL;NULL;0.0192;-1.3611;0.0065;0.0000;11.2316;0.0000;0.0000;0.0000;0.0000;0.0000;0.0000;0.0000;0;NULL;0.0000;0.0000;0.0000;0.0000;0.0000;0.0000;ControllerBody;NULL;NULL;NULL;NULL;NULL;NULL;NULL;NULL;NULL;NULL;NULL;NULL;NULL;-0.0023;-0.0274;0.5573;358.4985;358.2617;0.7674;-0.0007;-0.0286;0.5474;358.3075;358.3957;0.9148;1;NULL;-0.0007;-0.0286;0.5474;358.3075;358.3957;0.9148;ControllerBody;NULL;a08a302b-aead-4f6e-a9a6-2a0b3992ba8e;NULL;NULL;NULL;NULL;0.0300;0.0000;0.0000;2.0000;OpenLoop;0.0000;2026-03-26 11:09:55.9478;Controllers;16;30;OpenXR
NULL;Right;NULL;NULL;Post;NULL;NoMitigation;NULL;NULL;NULL;NULL;NULL;NULL;NULL;NULL;NULL;NULL;None;anonymous;NULL;Trial Accepted;TaskEvent;9520;8e120f03-0d4b-42bd-8227-9160ece8e376;NULL;-0.0287;-0.0001;-0.0417;357.2260;0.6012;359.0114;NULL;NULL;NULL;NULL;-0.0451;0.0000;2.0000;NULL;NULL;0.0192;-1.3611;0.0065;0.0000;11.2316;0.0000;0.0000;0.0000;0.0000;0.0000;0.0000;0.0000;0;NULL;0.0000;0.0000;0.0000;0.0000;0.0000;0.0000;ControllerBody;NULL;NULL;NULL;NULL;NULL;NULL;NULL;NULL;NULL;NULL;NULL;NULL;NULL;-0.0020;-0.0274;0.5569;358.4818;358.2908;0.7900;-0.0011;-0.0270;0.5481;358.3025;358.4300;1.0280;1;NULL;-0.0011;-0.0270;0.5481;358.3025;358.4300;1.0280;ControllerBody;NULL;a08a302b-aead-4f6e-a9a6-2a0b3992ba8e;-4.5111;NULL;NULL;NULL;NULL;NULL;NULL;NULL;OpenLoop;0.2589;2026-03-26 11:09:56.2034;Controllers;16;30;OpenXR
NULL;Right;NULL;NULL;Post;NULL;NoMitigation;NULL;NULL;NULL;NULL;NULL;NULL;NULL;NULL;NULL;NULL;None;anonymous;NULL;Trial Started;TaskEvent;9520;8e120f03-0d4b-42bd-8227-9160ece8e376;NULL;-0.0287;-0.0001;-0.0417;357.2260;0.6012;359.0114;NULL;NULL;NULL;NULL;NULL;NULL;NULL;NULL;NULL;0.0192;-1.3611;0.0065;0.0000;11.2316;0.0000;0.0000;0.0000;0.0000;0.0000;0.0000;0.0000;0;NULL;0.0000;0.0000;0.0000;0.0000;0.0000;0.0000;ControllerBody;NULL;NULL;NULL;NULL;NULL;NULL;NULL;NULL;NULL;NULL;NULL;NULL;NULL;-0.0020;-0.0274;0.5569;358.4818;358.2908;0.7900;-0.0011;-0.0270;0.5481;358.3025;358.4300;1.0280;1;NULL;-0.0011;-0.0270;0.5481;358.3025;358.4300;1.0280;ControllerBody;NULL;a08a302b-aead-4f6e-a9a6-2a0b3992ba8e;NULL;NULL;NULL;NULL;0.0300;0.0000;0.0000;2.0000;OpenLoop;0.0000;2026-03-26 11:09:56.2091;Controllers;17;30;OpenXR
NULL;Right;NULL;NULL;Post;NULL;NoMitigation;NULL;NULL;NULL;NULL;NULL;NULL;NULL;NULL;NULL;NULL;None;anonymous;NULL;Trial Accepted;TaskEvent;9536;8e120f03-0d4b-42bd-8227-9160ece8e376;NULL;-0.0290;-0.0003;-0.0420;357.3875;0.2814;358.9986;NULL;NULL;NULL;NULL;-0.0440;0.0000;2.0000;NULL;NULL;0.0192;-1.3611;0.0065;0.0000;11.2316;0.0000;0.0000;0.0000;0.0000;0.0000;0.0000;0.0000;0;NULL;0.0000;0.0000;0.0000;0.0000;0.0000;0.0000;ControllerBody;NULL;NULL;NULL;NULL;NULL;NULL;NULL;NULL;NULL;NULL;NULL;NULL;NULL;-0.0019;-0.0273;0.5568;358.4239;358.3269;0.8248;-0.0006;-0.0258;0.5488;358.0154;358.4852;0.7593;1;NULL;-0.0006;-0.0258;0.5488;358.0154;358.4852;0.7593;ControllerBody;NULL;a08a302b-aead-4f6e-a9a6-2a0b3992ba8e;-4.4020;NULL;NULL;NULL;NULL;NULL;NULL;NULL;OpenLoop;0.3070;2026-03-26 11:09:56.5088;Controllers;17;30;OpenXR
NULL;Right;NULL;NULL;Post;NULL;NoMitigation;NULL;NULL;NULL;NULL;NULL;NULL;NULL;NULL;NULL;NULL;None;anonymous;NULL;Trial Started;TaskEvent;9536;8e120f03-0d4b-42bd-8227-9160ece8e376;NULL;-0.0290;-0.0003;-0.0420;357.3875;0.2814;358.9986;NULL;NULL;NULL;NULL;NULL;NULL;NULL;NULL;NULL;0.0192;-1.3611;0.0065;0.0000;11.2316;0.0000;0.0000;0.0000;0.0000;0.0000;0.0000;0.0000;0;NULL;0.0000;0.0000;0.0000;0.0000;0.0000;0.0000;ControllerBody;NULL;NULL;NULL;NULL;NULL;NULL;NULL;NULL;NULL;NULL;NULL;NULL;NULL;-0.0019;-0.0273;0.5568;358.4239;358.3269;0.8248;-0.0006;-0.0258;0.5488;358.0154;358.4852;0.7593;1;NULL;-0.0006;-0.0258;0.5488;358.0154;358.4852;0.7593;ControllerBody;NULL;a08a302b-aead-4f6e-a9a6-2a0b3992ba8e;NULL;NULL;NULL;NULL;0.0300;0.0000;0.0000;2.0000;OpenLoop;0.0000;2026-03-26 11:09:56.5159;Controllers;18;30;OpenXR
NULL;Right;NULL;NULL;Post;NULL;NoMitigation;NULL;NULL;NULL;NULL;NULL;NULL;NULL;NULL;NULL;NULL;None;anonymous;NULL;Trial Accepted;TaskEvent;9550;8e120f03-0d4b-42bd-8227-9160ece8e376;NULL;-0.0286;-0.0003;-0.0424;357.2764;0.4491;358.9323;NULL;NULL;NULL;NULL;-0.0448;0.0000;2.0000;NULL;NULL;0.0192;-1.3611;0.0065;0.0000;11.2316;0.0000;0.0000;0.0000;0.0000;0.0000;0.0000;0.0000;0;NULL;0.0000;0.0000;0.0000;0.0000;0.0000;0.0000;ControllerBody;NULL;NULL;NULL;NULL;NULL;NULL;NULL;NULL;NULL;NULL;NULL;NULL;NULL;-0.0018;-0.0271;0.5569;358.3525;358.2937;0.8783;-0.0017;-0.0252;0.5496;357.8716;358.2602;1.1903;1;NULL;-0.0017;-0.0252;0.5496;357.8716;358.2602;1.1903;ControllerBody;NULL;a08a302b-aead-4f6e-a9a6-2a0b3992ba8e;-4.4838;NULL;NULL;NULL;NULL;NULL;NULL;NULL;OpenLoop;0.2677;2026-03-26 11:09:56.7756;Controllers;18;30;OpenXR
NULL;Right;NULL;NULL;Post;NULL;NoMitigation;NULL;NULL;NULL;NULL;NULL;NULL;NULL;NULL;NULL;NULL;None;anonymous;NULL;Trial Started;TaskEvent;9550;8e120f03-0d4b-42bd-8227-9160ece8e376;NULL;-0.0286;-0.0003;-0.0424;357.2764;0.4491;358.9323;NULL;NULL;NULL;NULL;NULL;NULL;NULL;NULL;NULL;0.0192;-1.3611;0.0065;0.0000;11.2316;0.0000;0.0000;0.0000;0.0000;0.0000;0.0000;0.0000;0;NULL;0.0000;0.0000;0.0000;0.0000;0.0000;0.0000;ControllerBody;NULL;NULL;NULL;NULL;NULL;NULL;NULL;NULL;NULL;NULL;NULL;NULL;NULL;-0.0018;-0.0271;0.5569;358.3525;358.2937;0.8783;-0.0017;-0.0252;0.5496;357.8716;358.2602;1.1903;1;NULL;-0.0017;-0.0252;0.5496;357.8716;358.2602;1.1903;ControllerBody;NULL;a08a302b-aead-4f6e-a9a6-2a0b3992ba8e;NULL;NULL;NULL;NULL;0.0300;0.0000;0.0000;2.0000;OpenLoop;0.0000;2026-03-26 11:09:56.7820;Controllers;19;30;OpenXR
NULL;Right;NULL;NULL;Post;NULL;NoMitigation;NULL;NULL;NULL;NULL;NULL;NULL;NULL;NULL;NULL;NULL;None;anonymous;NULL;Trial Accepted;TaskEvent;9565;8e120f03-0d4b-42bd-8227-9160ece8e376;NULL;-0.0282;-0.0006;-0.0419;357.4590;0.6879;358.8942;NULL;NULL;NULL;NULL;-0.0451;0.0000;2.0000;NULL;NULL;0.0192;-1.3611;0.0065;0.0000;11.2316;0.0000;0.0000;0.0000;0.0000;0.0000;0.0000;0.0000;0;NULL;0.0000;0.0000;0.0000;0.0000;0.0000;0.0000;ControllerBody;NULL;NULL;NULL;NULL;NULL;NULL;NULL;NULL;NULL;NULL;NULL;NULL;NULL;-0.0018;-0.0268;0.5569;358.2328;358.2807;0.8598;-0.0014;-0.0249;0.5488;357.7360;358.2927;0.9456;1;NULL;-0.0014;-0.0249;0.5488;357.7360;358.2927;0.9456;ControllerBody;NULL;a08a302b-aead-4f6e-a9a6-2a0b3992ba8e;-4.5115;NULL;NULL;NULL;NULL;NULL;NULL;NULL;OpenLoop;0.2916;2026-03-26 11:09:57.0700;Controllers;19;30;OpenXR
NULL;Right;NULL;NULL;Post;NULL;NoMitigation;NULL;NULL;NULL;NULL;NULL;NULL;NULL;NULL;NULL;NULL;None;anonymous;NULL;Trial Started;TaskEvent;9565;8e120f03-0d4b-42bd-8227-9160ece8e376;NULL;-0.0282;-0.0006;-0.0419;357.4590;0.6879;358.8942;NULL;NULL;NULL;NULL;NULL;NULL;NULL;NULL;NULL;0.0192;-1.3611;0.0065;0.0000;11.2316;0.0000;0.0000;0.0000;0.0000;0.0000;0.0000;0.0000;0;NULL;0.0000;0.0000;0.0000;0.0000;0.0000;0.0000;ControllerBody;NULL;NULL;NULL;NULL;NULL;NULL;NULL;NULL;NULL;NULL;NULL;NULL;NULL;-0.0018;-0.0268;0.5569;358.2328;358.2807;0.8598;-0.0014;-0.0249;0.5488;357.7360;358.2927;0.9456;1;NULL;-0.0014;-0.0249;0.5488;357.7360;358.2927;0.9456;ControllerBody;NULL;a08a302b-aead-4f6e-a9a6-2a0b3992ba8e;NULL;NULL;NULL;NULL;0.0300;0.0000;0.0000;2.0000;OpenLoop;0.0000;2026-03-26 11:09:57.0746;Controllers;20;30;OpenXR
NULL;Right;NULL;NULL;Post;NULL;NoMitigation;NULL;NULL;NULL;NULL;NULL;NULL;NULL;NULL;NULL;NULL;None;anonymous;NULL;Trial Accepted;TaskEvent;9578;8e120f03-0d4b-42bd-8227-9160ece8e376;NULL;-0.0279;-0.0006;-0.0424;357.4377;0.6539;358.9801;NULL;NULL;NULL;NULL;-0.0450;0.0000;2.0000;NULL;NULL;0.0192;-1.3611;0.0065;0.0000;11.2316;0.0000;0.0000;0.0000;0.0000;0.0000;0.0000;0.0000;0;NULL;0.0000;0.0000;0.0000;0.0000;0.0000;0.0000;ControllerBody;NULL;NULL;NULL;NULL;NULL;NULL;NULL;NULL;NULL;NULL;NULL;NULL;NULL;-0.0017;-0.0263;0.5567;358.1599;358.2815;0.8706;-0.0005;-0.0239;0.5477;357.7591;358.4702;0.8664;1;NULL;-0.0005;-0.0239;0.5477;357.7591;358.4702;0.8664;ControllerBody;NULL;a08a302b-aead-4f6e-a9a6-2a0b3992ba8e;-4.5034;NULL;NULL;NULL;NULL;NULL;NULL;NULL;OpenLoop;0.2668;2026-03-26 11:09:57.3354;Controllers;20;30;OpenXR
NULL;Right;NULL;NULL;Post;NULL;NoMitigation;NULL;NULL;NULL;NULL;NULL;NULL;NULL;NULL;NULL;NULL;None;anonymous;NULL;Trial Started;TaskEvent;9578;8e120f03-0d4b-42bd-8227-9160ece8e376;NULL;-0.0279;-0.0006;-0.0424;357.4377;0.6539;358.9801;NULL;NULL;NULL;NULL;NULL;NULL;NULL;NULL;NULL;0.0192;-1.3611;0.0065;0.0000;11.2316;0.0000;0.0000;0.0000;0.0000;0.0000;0.0000;0.0000;0;NULL;0.0000;0.0000;0.0000;0.0000;0.0000;0.0000;ControllerBody;NULL;NULL;NULL;NULL;NULL;NULL;NULL;NULL;NULL;NULL;NULL;NULL;NULL;-0.0017;-0.0263;0.5567;358.1599;358.2815;0.8706;-0.0005;-0.0239;0.5477;357.7591;358.4702;0.8664;1;NULL;-0.0005;-0.0239;0.5477;357.7591;358.4702;0.8664;ControllerBody;NULL;a08a302b-aead-4f6e-a9a6-2a0b3992ba8e;NULL;NULL;NULL;NULL;0.0300;0.0000;0.0000;2.0000;OpenLoop;0.0000;2026-03-26 11:09:57.3422;Controllers;21;30;OpenXR
NULL;Right;NULL;NULL;Post;NULL;NoMitigation;NULL;NULL;NULL;NULL;NULL;NULL;NULL;NULL;NULL;NULL;None;anonymous;NULL;Trial Accepted;TaskEvent;9602;8e120f03-0d4b-42bd-8227-9160ece8e376;NULL;-0.0269;-0.0010;-0.0425;357.5089;0.9718;358.7077;NULL;NULL;NULL;NULL;-0.0438;0.0000;2.0000;NULL;NULL;0.0192;-1.3611;0.0065;0.0000;11.2316;0.0000;0.0000;0.0000;0.0000;0.0000;0.0000;0.0000;0;NULL;0.0000;0.0000;0.0000;0.0000;0.0000;0.0000;ControllerBody;NULL;NULL;NULL;NULL;NULL;NULL;NULL;NULL;NULL;NULL;NULL;NULL;NULL;-0.0012;-0.0254;0.5559;358.0614;358.3087;0.8570;0.0010;-0.0216;0.5450;357.4125;358.5807;0.7462;1;NULL;0.0010;-0.0216;0.5450;357.4125;358.5807;0.7462;ControllerBody;NULL;a08a302b-aead-4f6e-a9a6-2a0b3992ba8e;-4.3831;NULL;NULL;NULL;NULL;NULL;NULL;NULL;OpenLoop;0.2843;2026-03-26 11:09:57.6192;Controllers;21;30;OpenXR
NULL;Right;NULL;NULL;Post;NULL;NoMitigation;NULL;NULL;NULL;NULL;NULL;NULL;NULL;NULL;NULL;NULL;None;anonymous;NULL;Trial Started;TaskEvent;9602;8e120f03-0d4b-42bd-8227-9160ece8e376;NULL;-0.0269;-0.0010;-0.0425;357.5089;0.9718;358.7077;NULL;NULL;NULL;NULL;NULL;NULL;NULL;NULL;NULL;0.0192;-1.3611;0.0065;0.0000;11.2316;0.0000;0.0000;0.0000;0.0000;0.0000;0.0000;0.0000;0;NULL;0.0000;0.0000;0.0000;0.0000;0.0000;0.0000;ControllerBody;NULL;NULL;NULL;NULL;NULL;NULL;NULL;NULL;NULL;NULL;NULL;NULL;NULL;-0.0012;-0.0254;0.5559;358.0614;358.3087;0.8570;0.0010;-0.0216;0.5450;357.4125;358.5807;0.7462;1;NULL;0.0010;-0.0216;0.5450;357.4125;358.5807;0.7462;ControllerBody;NULL;a08a302b-aead-4f6e-a9a6-2a0b3992ba8e;NULL;NULL;NULL;NULL;0.0300;0.0000;0.0000;2.0000;OpenLoop;0.0000;2026-03-26 11:09:57.6239;Controllers;22;30;OpenXR
NULL;Right;NULL;NULL;Post;NULL;NoMitigation;NULL;NULL;NULL;NULL;NULL;NULL;NULL;NULL;NULL;NULL;None;anonymous;NULL;Trial Accepted;TaskEvent;9614;8e120f03-0d4b-42bd-8227-9160ece8e376;NULL;-0.0269;-0.0011;-0.0421;357.6473;0.9284;358.7549;NULL;NULL;NULL;NULL;-0.0428;0.0000;2.0000;NULL;NULL;0.0192;-1.3611;0.0065;0.0000;11.2316;0.0000;0.0000;0.0000;0.0000;0.0000;0.0000;0.0000;0;NULL;0.0000;0.0000;0.0000;0.0000;0.0000;0.0000;ControllerBody;NULL;NULL;NULL;NULL;NULL;NULL;NULL;NULL;NULL;NULL;NULL;NULL;NULL;-0.0007;-0.0238;0.5545;357.9527;358.3329;0.8108;-0.0009;-0.0226;0.5437;357.7031;358.2992;0.8403;1;NULL;-0.0009;-0.0226;0.5437;357.7031;358.2992;0.8403;ControllerBody;NULL;a08a302b-aead-4f6e-a9a6-2a0b3992ba8e;-4.2800;NULL;NULL;NULL;NULL;NULL;NULL;NULL;OpenLoop;0.3143;2026-03-26 11:09:57.9351;Controllers;22;30;OpenXR
NULL;Right;NULL;NULL;Post;NULL;NoMitigation;NULL;NULL;NULL;NULL;NULL;NULL;NULL;NULL;NULL;NULL;None;anonymous;NULL;Trial Started;TaskEvent;9614;8e120f03-0d4b-42bd-8227-9160ece8e376;NULL;-0.0269;-0.0011;-0.0421;357.6473;0.9284;358.7549;NULL;NULL;NULL;NULL;NULL;NULL;NULL;NULL;NULL;0.0192;-1.3611;0.0065;0.0000;11.2316;0.0000;0.0000;0.0000;0.0000;0.0000;0.0000;0.0000;0;NULL;0.0000;0.0000;0.0000;0.0000;0.0000;0.0000;ControllerBody;NULL;NULL;NULL;NULL;NULL;NULL;NULL;NULL;NULL;NULL;NULL;NULL;NULL;-0.0007;-0.0238;0.5545;357.9527;358.3329;0.8108;-0.0009;-0.0226;0.5437;357.7031;358.2992;0.8403;1;NULL;-0.0009;-0.0226;0.5437;357.7031;358.2992;0.8403;ControllerBody;NULL;a08a302b-aead-4f6e-a9a6-2a0b3992ba8e;NULL;NULL;NULL;NULL;0.0300;0.0000;0.0000;2.0000;OpenLoop;0.0000;2026-03-26 11:09:57.9398;Controllers;23;30;OpenXR
NULL;Right;NULL;NULL;Post;NULL;NoMitigation;NULL;NULL;NULL;NULL;NULL;NULL;NULL;NULL;NULL;NULL;None;anonymous;NULL;Trial Accepted;TaskEvent;9626;8e120f03-0d4b-42bd-8227-9160ece8e376;NULL;-0.0277;0.0000;-0.0421;357.7974;0.7155;358.8613;NULL;NULL;NULL;NULL;-0.0431;0.0000;2.0000;NULL;NULL;0.0192;-1.3611;0.0065;0.0000;11.2316;0.0000;0.0000;0.0000;0.0000;0.0000;0.0000;0.0000;0;NULL;0.0000;0.0000;0.0000;0.0000;0.0000;0.0000;ControllerBody;NULL;NULL;NULL;NULL;NULL;NULL;NULL;NULL;NULL;NULL;NULL;NULL;NULL;-0.0009;-0.0235;0.5538;357.9328;358.3273;0.8316;-0.0002;-0.0215;0.5434;357.5904;358.5437;0.9856;1;NULL;-0.0002;-0.0215;0.5434;357.5904;358.5437;0.9856;ControllerBody;NULL;a08a302b-aead-4f6e-a9a6-2a0b3992ba8e;-4.3114;NULL;NULL;NULL;NULL;NULL;NULL;NULL;OpenLoop;0.2333;2026-03-26 11:09:58.1682;Controllers;23;30;OpenXR
NULL;Right;NULL;NULL;Post;NULL;NoMitigation;NULL;NULL;NULL;NULL;NULL;NULL;NULL;NULL;NULL;NULL;None;anonymous;NULL;Trial Started;TaskEvent;9626;8e120f03-0d4b-42bd-8227-9160ece8e376;NULL;-0.0277;0.0000;-0.0421;357.7974;0.7155;358.8613;NULL;NULL;NULL;NULL;NULL;NULL;NULL;NULL;NULL;0.0192;-1.3611;0.0065;0.0000;11.2316;0.0000;0.0000;0.0000;0.0000;0.0000;0.0000;0.0000;0;NULL;0.0000;0.0000;0.0000;0.0000;0.0000;0.0000;ControllerBody;NULL;NULL;NULL;NULL;NULL;NULL;NULL;NULL;NULL;NULL;NULL;NULL;NULL;-0.0009;-0.0235;0.5538;357.9328;358.3273;0.8316;-0.0002;-0.0215;0.5434;357.5904;358.5437;0.9856;1;NULL;-0.0002;-0.0215;0.5434;357.5904;358.5437;0.9856;ControllerBody;NULL;a08a302b-aead-4f6e-a9a6-2a0b3992ba8e;NULL;NULL;NULL;NULL;0.0300;0.0000;0.0000;2.0000;OpenLoop;0.0000;2026-03-26 11:09:58.1767;Controllers;24;30;OpenXR
NULL;Right;NULL;NULL;Post;NULL;NoMitigation;NULL;NULL;NULL;NULL;NULL;NULL;NULL;NULL;NULL;NULL;None;anonymous;NULL;Trial Accepted;TaskEvent;9644;8e120f03-0d4b-42bd-8227-9160ece8e376;NULL;-0.0325;-0.0107;-0.0379;4.6789;357.7137;357.5880;NULL;NULL;NULL;NULL;-0.0446;0.0000;2.0000;NULL;NULL;0.0192;-1.3611;0.0065;0.0000;11.2316;0.0000;0.0000;0.0000;0.0000;0.0000;0.0000;0.0000;0;NULL;0.0000;0.0000;0.0000;0.0000;0.0000;0.0000;ControllerBody;NULL;NULL;NULL;NULL;NULL;NULL;NULL;NULL;NULL;NULL;NULL;NULL;NULL;-0.0005;-0.0223;0.5526;358.0299;358.2547;0.6341;0.0009;-0.0197;0.5421;357.8981;358.1711;0.7511;1;NULL;0.0009;-0.0197;0.5421;357.8981;358.1711;0.7511;ControllerBody;NULL;a08a302b-aead-4f6e-a9a6-2a0b3992ba8e;-4.4606;NULL;NULL;NULL;NULL;NULL;NULL;NULL;OpenLoop;0.3573;2026-03-26 11:09:58.5236;Controllers;24;30;OpenXR
NULL;Right;NULL;NULL;Post;NULL;NoMitigation;NULL;NULL;NULL;NULL;NULL;NULL;NULL;NULL;NULL;NULL;None;anonymous;NULL;Trial Started;TaskEvent;9644;8e120f03-0d4b-42bd-8227-9160ece8e376;NULL;-0.0325;-0.0107;-0.0379;4.6789;357.7137;357.5880;NULL;NULL;NULL;NULL;NULL;NULL;NULL;NULL;NULL;0.0192;-1.3611;0.0065;0.0000;11.2316;0.0000;0.0000;0.0000;0.0000;0.0000;0.0000;0.0000;0;NULL;0.0000;0.0000;0.0000;0.0000;0.0000;0.0000;ControllerBody;NULL;NULL;NULL;NULL;NULL;NULL;NULL;NULL;NULL;NULL;NULL;NULL;NULL;-0.0005;-0.0223;0.5526;358.0299;358.2547;0.6341;0.0009;-0.0197;0.5421;357.8981;358.1711;0.7511;1;NULL;0.0009;-0.0197;0.5421;357.8981;358.1711;0.7511;ControllerBody;NULL;a08a302b-aead-4f6e-a9a6-2a0b3992ba8e;NULL;NULL;NULL;NULL;0.0300;0.0000;0.0000;2.0000;OpenLoop;0.0000;2026-03-26 11:09:58.5294;Controllers;25;30;OpenXR
NULL;Right;NULL;NULL;Post;NULL;NoMitigation;NULL;NULL;NULL;NULL;NULL;NULL;NULL;NULL;NULL;NULL;None;anonymous;NULL;Trial Accepted;TaskEvent;9661;8e120f03-0d4b-42bd-8227-9160ece8e376;NULL;-0.0285;-0.0142;-0.0333;7.1354;359.6905;357.4514;NULL;NULL;NULL;NULL;-0.0399;0.0000;2.0000;NULL;NULL;0.0192;-1.3611;0.0065;0.0000;11.2316;0.0000;0.0000;0.0000;0.0000;0.0000;0.0000;0.0000;0;NULL;0.0000;0.0000;0.0000;0.0000;0.0000;0.0000;ControllerBody;NULL;NULL;NULL;NULL;NULL;NULL;NULL;NULL;NULL;NULL;NULL;NULL;NULL;0.0003;-0.0219;0.5523;358.2643;358.4087;0.4865;0.0025;-0.0201;0.5441;358.2640;358.3118;0.3962;1;NULL;0.0025;-0.0201;0.5441;358.2640;358.3118;0.3962;ControllerBody;NULL;a08a302b-aead-4f6e-a9a6-2a0b3992ba8e;-3.9938;NULL;NULL;NULL;NULL;NULL;NULL;NULL;OpenLoop;0.3182;2026-03-26 11:09:58.8434;Controllers;25;30;OpenXR
NULL;Right;NULL;NULL;Post;NULL;NoMitigation;NULL;NULL;NULL;NULL;NULL;NULL;NULL;NULL;NULL;NULL;None;anonymous;NULL;Trial Started;TaskEvent;9661;8e120f03-0d4b-42bd-8227-9160ece8e376;NULL;-0.0285;-0.0142;-0.0333;7.1354;359.6905;357.4514;NULL;NULL;NULL;NULL;NULL;NULL;NULL;NULL;NULL;0.0192;-1.3611;0.0065;0.0000;11.2316;0.0000;0.0000;0.0000;0.0000;0.0000;0.0000;0.0000;0;NULL;0.0000;0.0000;0.0000;0.0000;0.0000;0.0000;ControllerBody;NULL;NULL;NULL;NULL;NULL;NULL;NULL;NULL;NULL;NULL;NULL;NULL;NULL;0.0003;-0.0219;0.5523;358.2643;358.4087;0.4865;0.0025;-0.0201;0.5441;358.2640;358.3118;0.3962;1;NULL;0.0025;-0.0201;0.5441;358.2640;358.3118;0.3962;ControllerBody;NULL;a08a302b-aead-4f6e-a9a6-2a0b3992ba8e;NULL;NULL;NULL;NULL;0.0300;0.0000;0.0000;2.0000;OpenLoop;0.0000;2026-03-26 11:09:58.8511;Controllers;26;30;OpenXR
NULL;Right;NULL;NULL;Post;NULL;NoMitigation;NULL;NULL;NULL;NULL;NULL;NULL;NULL;NULL;NULL;NULL;None;anonymous;NULL;Trial Accepted;TaskEvent;9677;8e120f03-0d4b-42bd-8227-9160ece8e376;NULL;-0.0282;-0.0134;-0.0338;6.6517;359.7679;357.4966;NULL;NULL;NULL;NULL;-0.0392;0.0000;2.0000;NULL;NULL;0.0192;-1.3611;0.0065;0.0000;11.2316;0.0000;0.0000;0.0000;0.0000;0.0000;0.0000;0.0000;0;NULL;0.0000;0.0000;0.0000;0.0000;0.0000;0.0000;ControllerBody;NULL;NULL;NULL;NULL;NULL;NULL;NULL;NULL;NULL;NULL;NULL;NULL;NULL;0.0010;-0.0216;0.5521;358.3869;358.4106;0.3892;0.0033;-0.0208;0.5428;358.3228;358.4519;0.2187;1;NULL;0.0033;-0.0208;0.5428;358.3228;358.4519;0.2187;ControllerBody;NULL;a08a302b-aead-4f6e-a9a6-2a0b3992ba8e;-3.9216;NULL;NULL;NULL;NULL;NULL;NULL;NULL;OpenLoop;0.3182;2026-03-26 11:09:59.1625;Controllers;26;30;OpenXR
NULL;Right;NULL;NULL;Post;NULL;NoMitigation;NULL;NULL;NULL;NULL;NULL;NULL;NULL;NULL;NULL;NULL;None;anonymous;NULL;Trial Started;TaskEvent;9677;8e120f03-0d4b-42bd-8227-9160ece8e376;NULL;-0.0282;-0.0134;-0.0338;6.6517;359.7679;357.4966;NULL;NULL;NULL;NULL;NULL;NULL;NULL;NULL;NULL;0.0192;-1.3611;0.0065;0.0000;11.2316;0.0000;0.0000;0.0000;0.0000;0.0000;0.0000;0.0000;0;NULL;0.0000;0.0000;0.0000;0.0000;0.0000;0.0000;ControllerBody;NULL;NULL;NULL;NULL;NULL;NULL;NULL;NULL;NULL;NULL;NULL;NULL;NULL;0.0010;-0.0216;0.5521;358.3869;358.4106;0.3892;0.0033;-0.0208;0.5428;358.3228;358.4519;0.2187;1;NULL;0.0033;-0.0208;0.5428;358.3228;358.4519;0.2187;ControllerBody;NULL;a08a302b-aead-4f6e-a9a6-2a0b3992ba8e;NULL;NULL;NULL;NULL;0.0300;0.0000;0.0000;2.0000;OpenLoop;0.0000;2026-03-26 11:09:59.1693;Controllers;27;30;OpenXR
NULL;Right;NULL;NULL;Post;NULL;NoMitigation;NULL;NULL;NULL;NULL;NULL;NULL;NULL;NULL;NULL;NULL;None;anonymous;NULL;Trial Accepted;TaskEvent;9692;8e120f03-0d4b-42bd-8227-9160ece8e376;NULL;-0.0294;-0.0131;-0.0338;6.4146;359.5945;358.1063;NULL;NULL;NULL;NULL;-0.0390;0.0000;2.0000;NULL;NULL;0.0192;-1.3611;0.0065;0.0000;11.2316;0.0000;0.0000;0.0000;0.0000;0.0000;0.0000;0.0000;0;NULL;0.0000;0.0000;0.0000;0.0000;0.0000;0.0000;ControllerBody;NULL;NULL;NULL;NULL;NULL;NULL;NULL;NULL;NULL;NULL;NULL;NULL;NULL;0.0015;-0.0215;0.5517;358.4425;358.3975;0.3836;0.0039;-0.0213;0.5423;358.4380;358.4223;0.3526;1;NULL;0.0039;-0.0213;0.5423;358.4380;358.4223;0.3526;ControllerBody;NULL;a08a302b-aead-4f6e-a9a6-2a0b3992ba8e;-3.8979;NULL;NULL;NULL;NULL;NULL;NULL;NULL;OpenLoop;0.2815;2026-03-26 11:09:59.4436;Controllers;27;30;OpenXR
NULL;Right;NULL;NULL;Post;NULL;NoMitigation;NULL;NULL;NULL;NULL;NULL;NULL;NULL;NULL;NULL;NULL;None;anonymous;NULL;Trial Started;TaskEvent;9692;8e120f03-0d4b-42bd-8227-9160ece8e376;NULL;-0.0294;-0.0131;-0.0338;6.4146;359.5945;358.1063;NULL;NULL;NULL;NULL;NULL;NULL;NULL;NULL;NULL;0.0192;-1.3611;0.0065;0.0000;11.2316;0.0000;0.0000;0.0000;0.0000;0.0000;0.0000;0.0000;0;NULL;0.0000;0.0000;0.0000;0.0000;0.0000;0.0000;ControllerBody;NULL;NULL;NULL;NULL;NULL;NULL;NULL;NULL;NULL;NULL;NULL;NULL;NULL;0.0015;-0.0215;0.5517;358.4425;358.3975;0.3836;0.0039;-0.0213;0.5423;358.4380;358.4223;0.3526;1;NULL;0.0039;-0.0213;0.5423;358.4380;358.4223;0.3526;ControllerBody;NULL;a08a302b-aead-4f6e-a9a6-2a0b3992ba8e;NULL;NULL;NULL;NULL;0.0300;0.0000;0.0000;2.0000;OpenLoop;0.0000;2026-03-26 11:09:59.4520;Controllers;28;30;OpenXR
NULL;Right;NULL;NULL;Post;NULL;NoMitigation;NULL;NULL;NULL;NULL;NULL;NULL;NULL;NULL;NULL;NULL;None;anonymous;NULL;Trial Accepted;TaskEvent;9705;8e120f03-0d4b-42bd-8227-9160ece8e376;NULL;-0.0292;-0.0132;-0.0331;6.4234;359.9423;358.1389;NULL;NULL;NULL;NULL;-0.0393;0.0000;2.0000;NULL;NULL;0.0192;-1.3611;0.0065;0.0000;11.2316;0.0000;0.0000;0.0000;0.0000;0.0000;0.0000;0.0000;0;NULL;0.0000;0.0000;0.0000;0.0000;0.0000;0.0000;ControllerBody;NULL;NULL;NULL;NULL;NULL;NULL;NULL;NULL;NULL;NULL;NULL;NULL;NULL;0.0018;-0.0212;0.5512;358.4449;358.3749;0.3905;0.0029;-0.0201;0.5419;358.3814;358.3129;0.5563;1;NULL;0.0029;-0.0201;0.5419;358.3814;358.3129;0.5563;ControllerBody;NULL;a08a302b-aead-4f6e-a9a6-2a0b3992ba8e;-3.9336;NULL;NULL;NULL;NULL;NULL;NULL;NULL;OpenLoop;0.2494;2026-03-26 11:09:59.6918;Controllers;28;30;OpenXR
NULL;Right;NULL;NULL;Post;NULL;NoMitigation;NULL;NULL;NULL;NULL;NULL;NULL;NULL;NULL;NULL;NULL;None;anonymous;NULL;Trial Started;TaskEvent;9705;8e120f03-0d4b-42bd-8227-9160ece8e376;NULL;-0.0292;-0.0132;-0.0331;6.4234;359.9423;358.1389;NULL;NULL;NULL;NULL;NULL;NULL;NULL;NULL;NULL;0.0192;-1.3611;0.0065;0.0000;11.2316;0.0000;0.0000;0.0000;0.0000;0.0000;0.0000;0.0000;0;NULL;0.0000;0.0000;0.0000;0.0000;0.0000;0.0000;ControllerBody;NULL;NULL;NULL;NULL;NULL;NULL;NULL;NULL;NULL;NULL;NULL;NULL;NULL;0.0018;-0.0212;0.5512;358.4449;358.3749;0.3905;0.0029;-0.0201;0.5419;358.3814;358.3129;0.5563;1;NULL;0.0029;-0.0201;0.5419;358.3814;358.3129;0.5563;ControllerBody;NULL;a08a302b-aead-4f6e-a9a6-2a0b3992ba8e;NULL;NULL;NULL;NULL;0.0300;0.0000;0.0000;2.0000;OpenLoop;0.0000;2026-03-26 11:09:59.6997;Controllers;29;30;OpenXR
NULL;Right;NULL;NULL;Post;NULL;NoMitigation;NULL;NULL;NULL;NULL;NULL;NULL;NULL;NULL;NULL;NULL;None;anonymous;NULL;Trial Accepted;TaskEvent;9722;8e120f03-0d4b-42bd-8227-9160ece8e376;NULL;-0.0288;-0.0136;-0.0327;6.4855;0.1520;358.2457;NULL;NULL;NULL;NULL;-0.0397;0.0000;2.0000;NULL;NULL;0.0192;-1.3611;0.0065;0.0000;11.2316;0.0000;0.0000;0.0000;0.0000;0.0000;0.0000;0.0000;0;NULL;0.0000;0.0000;0.0000;0.0000;0.0000;0.0000;ControllerBody;NULL;NULL;NULL;NULL;NULL;NULL;NULL;NULL;NULL;NULL;NULL;NULL;NULL;0.0021;-0.0210;0.5510;358.4401;358.3482;0.4131;0.0039;-0.0192;0.5424;358.2443;358.3782;0.2108;1;NULL;0.0039;-0.0192;0.5424;358.2443;358.3782;0.2108;ControllerBody;NULL;a08a302b-aead-4f6e-a9a6-2a0b3992ba8e;-3.9680;NULL;NULL;NULL;NULL;NULL;NULL;NULL;OpenLoop;0.3165;2026-03-26 11:10:00.0085;Controllers;29;30;OpenXR
NULL;Right;NULL;NULL;Post;NULL;NoMitigation;NULL;NULL;NULL;NULL;NULL;NULL;NULL;NULL;NULL;NULL;None;anonymous;NULL;Trial Started;TaskEvent;9722;8e120f03-0d4b-42bd-8227-9160ece8e376;NULL;-0.0288;-0.0136;-0.0327;6.4855;0.1520;358.2457;NULL;NULL;NULL;NULL;NULL;NULL;NULL;NULL;NULL;0.0192;-1.3611;0.0065;0.0000;11.2316;0.0000;0.0000;0.0000;0.0000;0.0000;0.0000;0.0000;0;NULL;0.0000;0.0000;0.0000;0.0000;0.0000;0.0000;ControllerBody;NULL;NULL;NULL;NULL;NULL;NULL;NULL;NULL;NULL;NULL;NULL;NULL;NULL;0.0021;-0.0210;0.5510;358.4401;358.3482;0.4131;0.0039;-0.0192;0.5424;358.2443;358.3782;0.2108;1;NULL;0.0039;-0.0192;0.5424;358.2443;358.3782;0.2108;ControllerBody;NULL;a08a302b-aead-4f6e-a9a6-2a0b3992ba8e;NULL;NULL;NULL;NULL;0.0300;0.0000;0.0000;2.0000;OpenLoop;0.0000;2026-03-26 11:10:00.0132;Controllers;30;30;OpenXR
NULL;Right;NULL;NULL;Post;NULL;NoMitigation;NULL;NULL;NULL;NULL;NULL;NULL;NULL;NULL;NULL;NULL;None;anonymous;NULL;Trial Accepted;TaskEvent;9735;8e120f03-0d4b-42bd-8227-9160ece8e376;NULL;-0.0288;-0.0130;-0.0340;6.1141;0.1535;358.1239;NULL;NULL;NULL;NULL;-0.0407;0.0000;2.0000;NULL;NULL;0.0192;-1.3611;0.0065;0.0000;11.2316;0.0000;0.0000;0.0000;0.0000;0.0000;0.0000;0.0000;0;NULL;0.0000;0.0000;0.0000;0.0000;0.0000;0.0000;ControllerBody;NULL;NULL;NULL;NULL;NULL;NULL;NULL;NULL;NULL;NULL;NULL;NULL;NULL;0.0022;-0.0206;0.5508;358.4670;358.3028;0.4644;0.0042;-0.0197;0.5425;358.4234;358.5103;0.5839;1;NULL;0.0042;-0.0197;0.5425;358.4234;358.5103;0.5839;ControllerBody;NULL;a08a302b-aead-4f6e-a9a6-2a0b3992ba8e;-4.0694;NULL;NULL;NULL;NULL;NULL;NULL;NULL;OpenLoop;0.2428;2026-03-26 11:10:00.2511;Controllers;30;30;OpenXR
NULL;Right;-2.7515;NULL;Post;NULL;NoMitigation;NULL;NULL;NULL;NULL;NULL;NULL;NULL;NULL;NULL;NULL;None;anonymous;NULL;Block Completed;BlockEvent;9735;8e120f03-0d4b-42bd-8227-9160ece8e376;NULL;-0.0288;-0.0130;-0.0340;6.1141;0.1535;358.1239;NULL;NULL;NULL;NULL;NULL;NULL;NULL;NULL;NULL;0.0192;-1.3611;0.0065;0.0000;11.2316;0.0000;0.0000;0.0000;0.0000;0.0000;0.0000;0.0000;0;NULL;0.0000;0.0000;0.0000;0.0000;0.0000;0.0000;ControllerBody;NULL;NULL;NULL;-5.3528;NULL;NULL;NULL;NULL;NULL;NULL;NULL;NULL;NULL;0.0022;-0.0206;0.5508;358.4670;358.3028;0.4644;0.0042;-0.0197;0.5425;358.4234;358.5103;0.5839;1;NULL;0.0042;-0.0197;0.5425;358.4234;358.5103;0.5839;ControllerBody;1.5101;a08a302b-aead-4f6e-a9a6-2a0b3992ba8e;NULL;NULL;NULL;NULL;NULL;NULL;NULL;NULL;OpenLoop;0.0000;2026-03-26 11:10:00.2593;Controllers;NULL;30;OpenXR
NULL;Right;NULL;NULL;Post;NULL;NoMitigation;NULL;NULL;NULL;NULL;NULL;NULL;NULL;NULL;NULL;NULL;None;anonymous;NULL;Game Finished;GameEvent;9735;8e120f03-0d4b-42bd-8227-9160ece8e376;NULL;-0.0288;-0.0130;-0.0340;6.1141;0.1535;358.1239;NULL;NULL;NULL;NULL;NULL;NULL;NULL;NULL;NULL;0.0192;-1.3611;0.0065;0.0000;11.2316;0.0000;0.0000;0.0000;0.0000;0.0000;0.0000;0.0000;0;NULL;0.0000;0.0000;0.0000;0.0000;0.0000;0.0000;ControllerBody;NULL;NULL;NULL;NULL;NULL;NULL;NULL;NULL;NULL;NULL;NULL;NULL;NULL;0.0022;-0.0206;0.5508;358.4670;358.3028;0.4644;0.0042;-0.0197;0.5425;358.4234;358.5103;0.5839;1;NULL;0.0042;-0.0197;0.5425;358.4234;358.5103;0.5839;ControllerBody;NULL;a08a302b-aead-4f6e-a9a6-2a0b3992ba8e;NULL;NULL;NULL;NULL;NULL;NULL;NULL;NULL;OpenLoop;0.0000;2026-03-26 11:10:00.2710;Controllers;NULL;NULL;OpenXR
NULL;Right;NULL;NULL;Post;NULL;NoMitigation;NULL;NULL;NULL;NULL;NULL;NULL;NULL;NULL;NULL;NULL;None;anonymous;NULL;Experiment Completed;GameEvent;9735;8e120f03-0d4b-42bd-8227-9160ece8e376;NULL;-0.0288;-0.0130;-0.0340;6.1141;0.1535;358.1239;NULL;NULL;NULL;NULL;NULL;NULL;NULL;NULL;NULL;0.0192;-1.3611;0.0065;0.0000;11.2316;0.0000;0.0000;0.0000;0.0000;0.0000;0.0000;0.0000;0;NULL;0.0000;0.0000;0.0000;0.0000;0.0000;0.0000;ControllerBody;NULL;NULL;NULL;NULL;NULL;NULL;NULL;NULL;NULL;NULL;NULL;NULL;NULL;0.0022;-0.0206;0.5508;358.4670;358.3028;0.4644;0.0042;-0.0197;0.5425;358.4234;358.5103;0.5839;1;NULL;0.0042;-0.0197;0.5425;358.4234;358.5103;0.5839;ControllerBody;NULL;a08a302b-aead-4f6e-a9a6-2a0b3992ba8e;NULL;NULL;NULL;NULL;NULL;NULL;NULL;NULL;OpenLoop;0.0000;2026-03-26 11:10:00.2752;Controllers;NULL;NULL;OpenXR
