Accuracy01;ActiveHand;AfterEffectCm;AttemptIndex;BlockType;ChoiceSide;ConfirmMitigationMode;CurrentMoleToHitId;CurrentMoleToHitIndexX;CurrentMoleToHitIndexY;CurrentMoleToHitPositionLocalX;CurrentMoleToHitPositionLocalY;CurrentMoleToHitPositionLocalZ;CurrentMoleToHitPositionWorldX;CurrentMoleToHitPositionWorldY;CurrentMoleToHitPositionWorldZ;DeltaAccuracyPct;EffectMode;Email;ErrorCm;Event;EventType;Framecount;GameId;GapMeters;HeadCameraPosWorldX;HeadCameraPosWorldY;HeadCameraPosWorldZ;HeadCameraRotEulerX;HeadCameraRotEulerY;HeadCameraRotEulerZ;HitDistanceMeters;HitPositionWorldX;HitPositionWorldY;HitPositionWorldZ;HitWorldX;HitWorldY;HitWorldZ;IsCorrect;IsHit;LeftControllerLaserPosWorldX;LeftControllerLaserPosWorldY;LeftControllerLaserPosWorldZ;LeftControllerLaserRotEulerX;LeftControllerLaserRotEulerY;LeftControllerLaserRotEulerZ;LeftControllerPosWorldX;LeftControllerPosWorldY;LeftControllerPosWorldZ;LeftControllerRotEulerX;LeftControllerRotEulerY;LeftControllerRotEulerZ;LeftControllerTrigger;LeftLengthMeters;LeftMovementAnchorPosWorldX;LeftMovementAnchorPosWorldY;LeftMovementAnchorPosWorldZ;LeftMovementAnchorRotEulerX;LeftMovementAnchorRotEulerY;LeftMovementAnchorRotEulerZ;LeftMovementAnchorSource;LineLengthMeters;LineZMeters;LongerSide;MeanCm;MoleId;MoleIndexX;MoleIndexY;MolePositionLocalX;MolePositionLocalY;MolePositionLocalZ;MolePositionWorldX;MolePositionWorldY;MolePositionWorldZ;RightControllerLaserPosWorldX;RightControllerLaserPosWorldY;RightControllerLaserPosWorldZ;RightControllerLaserRotEulerX;RightControllerLaserRotEulerY;RightControllerLaserRotEulerZ;RightControllerPosWorldX;RightControllerPosWorldY;RightControllerPosWorldZ;RightControllerRotEulerX;RightControllerRotEulerY;RightControllerRotEulerZ;RightControllerTrigger;RightLengthMeters;RightMovementAnchorPosWorldX;RightMovementAnchorPosWorldY;RightMovementAnchorPosWorldZ;RightMovementAnchorRotEulerX;RightMovementAnchorRotEulerY;RightMovementAnchorRotEulerZ;RightMovementAnchorSource;SdCm;SessionID;SignedOffsetCm;SourceTaskMode;SuccessCount;TargetIndex;TargetRadiusMeters;TargetWorldX;TargetWorldY;TargetWorldZ;TaskMode;TimeSinceLastEvent;Timestamp;TrackingMode;TrialIndex;TrialsPerBlock;XRBackend
NULL;Right;NULL;NULL;Baseline;NULL;ControllerHoverConfirm;NULL;NULL;NULL;NULL;NULL;NULL;NULL;NULL;NULL;NULL;None;anonymous;NULL;Game Started;GameEvent;1;76997878-c21b-4394-8be8-49129cf9087b;NULL;0.0000;0.3614;0.0000;0.0000;0.0000;0.0000;NULL;NULL;NULL;NULL;NULL;NULL;NULL;NULL;NULL;0.0000;0.3614;0.0075;0.0000;0.0000;0.0000;0.0000;0.0000;0.0000;0.0000;0.0000;0.0000;0;NULL;0.0000;0.0000;0.0000;0.0000;0.0000;0.0000;ControllerBody;NULL;NULL;NULL;NULL;NULL;NULL;NULL;NULL;NULL;NULL;NULL;NULL;NULL;0.0000;0.3614;0.0075;0.0000;0.0000;0.0000;0.0000;0.0000;0.0000;0.0000;0.0000;0.0000;0;NULL;0.0000;0.0000;0.0000;0.0000;0.0000;0.0000;ControllerBody;NULL;74331e22-d15e-49ae-974a-b7b2b1a343ae;NULL;NULL;NULL;NULL;NULL;NULL;NULL;NULL;OpenLoop;0.0000;2026-03-26 11:36:14.8785;Controllers;NULL;NULL;OpenXR
NULL;Right;NULL;NULL;Baseline;NULL;ControllerHoverConfirm;NULL;NULL;NULL;NULL;NULL;NULL;NULL;NULL;NULL;NULL;None;anonymous;NULL;Block Started;BlockEvent;1;76997878-c21b-4394-8be8-49129cf9087b;NULL;0.0000;0.3614;0.0000;0.0000;0.0000;0.0000;NULL;NULL;NULL;NULL;NULL;NULL;NULL;NULL;NULL;0.0000;0.3614;0.0075;0.0000;0.0000;0.0000;0.0000;0.0000;0.0000;0.0000;0.0000;0.0000;0;NULL;0.0000;0.0000;0.0000;0.0000;0.0000;0.0000;ControllerBody;NULL;NULL;NULL;NULL;NULL;NULL;NULL;NULL;NULL;NULL;NULL;NULL;NULL;0.0000;0.3614;0.0075;0.0000;0.0000;0.0000;0.0000;0.0000;0.0000;0.0000;0.0000;0.0000;0;NULL;0.0000;0.0000;0.0000;0.0000;0.0000;0.0000;ControllerBody;NULL;74331e22-d15e-49ae-974a-b7b2b1a343ae;NULL;NULL;NULL;NULL;NULL;NULL;NULL;NULL;OpenLoop;0.0000;2026-03-26 11:36:14.8800;Controllers;NULL;NULL;OpenXR
NULL;Right;NULL;NULL;Baseline;NULL;ControllerHoverConfirm;NULL;NULL;NULL;NULL;NULL;NULL;NULL;NULL;NULL;NULL;None;anonymous;NULL;Trial Started;TaskEvent;1;76997878-c21b-4394-8be8-49129cf9087b;NULL;0.0000;0.3614;0.0000;0.0000;0.0000;0.0000;NULL;NULL;NULL;NULL;NULL;NULL;NULL;NULL;NULL;0.0000;0.3614;0.0075;0.0000;0.0000;0.0000;0.0000;0.0000;0.0000;0.0000;0.0000;0.0000;0;NULL;0.0000;0.0000;0.0000;0.0000;0.0000;0.0000;ControllerBody;NULL;NULL;NULL;NULL;NULL;NULL;NULL;NULL;NULL;NULL;NULL;NULL;NULL;0.0000;0.3614;0.0075;0.0000;0.0000;0.0000;0.0000;0.0000;0.0000;0.0000;0.0000;0.0000;0;NULL;0.0000;0.0000;0.0000;0.0000;0.0000;0.0000;ControllerBody;NULL;74331e22-d15e-49ae-974a-b7b2b1a343ae;NULL;NULL;NULL;NULL;0.0300;0.0000;0.0000;2.0000;OpenLoop;0.0000;2026-03-26 11:36:14.8831;Controllers;1;30;OpenXR
NULL;Right;NULL;NULL;Baseline;NULL;ControllerHoverConfirm;NULL;NULL;NULL;NULL;NULL;NULL;NULL;NULL;NULL;NULL;None;anonymous;NULL;Trial Accepted;TaskEvent;700;76997878-c21b-4394-8be8-49129cf9087b;NULL;-0.0180;0.0028;-0.0170;359.1302;1.4943;358.6908;NULL;NULL;NULL;NULL;-0.0048;0.0000;2.0000;NULL;NULL;-0.0099;-0.4197;0.4603;46.0740;14.6062;195.3259;-0.0109;-0.4137;0.4545;46.1446;14.7309;195.3009;0;NULL;-0.0109;-0.4137;0.4545;46.1446;14.7309;195.3009;ControllerBody;NULL;NULL;NULL;NULL;NULL;NULL;NULL;NULL;NULL;NULL;NULL;NULL;NULL;0.0133;-0.0187;0.5992;2.7249;359.2594;1.2922;0.0144;-0.0196;0.5934;3.0397;359.7360;1.5906;0;NULL;0.0144;-0.0196;0.5934;3.0397;359.7360;1.5906;ControllerBody;NULL;74331e22-d15e-49ae-974a-b7b2b1a343ae;-0.4839;NULL;NULL;NULL;NULL;NULL;NULL;NULL;OpenLoop;8.3211;2026-03-26 11:36:26.4881;Controllers;1;30;OpenXR
NULL;Right;NULL;NULL;Baseline;NULL;ControllerHoverConfirm;NULL;NULL;NULL;NULL;NULL;NULL;NULL;NULL;NULL;NULL;None;anonymous;NULL;Trial Started;TaskEvent;700;76997878-c21b-4394-8be8-49129cf9087b;NULL;-0.0180;0.0028;-0.0170;359.1302;1.4943;358.6908;NULL;NULL;NULL;NULL;NULL;NULL;NULL;NULL;NULL;-0.0099;-0.4197;0.4603;46.0740;14.6062;195.3259;-0.0109;-0.4137;0.4545;46.1446;14.7309;195.3009;0;NULL;-0.0109;-0.4137;0.4545;46.1446;14.7309;195.3009;ControllerBody;NULL;NULL;NULL;NULL;NULL;NULL;NULL;NULL;NULL;NULL;NULL;NULL;NULL;0.0133;-0.0187;0.5992;2.7249;359.2594;1.2922;0.0144;-0.0196;0.5934;3.0397;359.7360;1.5906;0;NULL;0.0144;-0.0196;0.5934;3.0397;359.7360;1.5906;ControllerBody;NULL;74331e22-d15e-49ae-974a-b7b2b1a343ae;NULL;NULL;NULL;NULL;0.0300;0.0000;0.0000;2.0000;OpenLoop;0.0000;2026-03-26 11:36:26.4923;Controllers;2;30;OpenXR
NULL;Right;NULL;NULL;Baseline;NULL;ControllerHoverConfirm;NULL;NULL;NULL;NULL;NULL;NULL;NULL;NULL;NULL;NULL;None;anonymous;NULL;Trial Accepted;TaskEvent;988;76997878-c21b-4394-8be8-49129cf9087b;NULL;-0.0118;0.0031;-0.0147;359.2232;2.7066;358.0456;NULL;NULL;NULL;NULL;0.0211;0.0000;2.0000;NULL;NULL;-0.0096;-0.4195;0.4602;46.0740;14.6062;195.3259;-0.0106;-0.4139;0.4553;46.0548;14.7266;195.3831;0;NULL;-0.0106;-0.4139;0.4553;46.0548;14.7266;195.3831;ControllerBody;NULL;NULL;NULL;NULL;NULL;NULL;NULL;NULL;NULL;NULL;NULL;NULL;NULL;0.0172;-0.0131;0.5910;1.0913;0.1602;0.1853;0.0199;-0.0124;0.5849;1.2651;0.2415;359.6266;0;NULL;0.0199;-0.0124;0.5849;1.2651;0.2415;359.6266;ControllerBody;NULL;74331e22-d15e-49ae-974a-b7b2b1a343ae;2.1143;NULL;NULL;NULL;NULL;NULL;NULL;NULL;OpenLoop;3.0583;2026-03-26 11:36:29.5430;Controllers;2;30;OpenXR
NULL;Right;NULL;NULL;Baseline;NULL;ControllerHoverConfirm;NULL;NULL;NULL;NULL;NULL;NULL;NULL;NULL;NULL;NULL;None;anonymous;NULL;Trial Started;TaskEvent;988;76997878-c21b-4394-8be8-49129cf9087b;NULL;-0.0118;0.0031;-0.0147;359.2232;2.7066;358.0456;NULL;NULL;NULL;NULL;NULL;NULL;NULL;NULL;NULL;-0.0096;-0.4195;0.4602;46.0740;14.6062;195.3259;-0.0106;-0.4139;0.4553;46.0548;14.7266;195.3831;0;NULL;-0.0106;-0.4139;0.4553;46.0548;14.7266;195.3831;ControllerBody;NULL;NULL;NULL;NULL;NULL;NULL;NULL;NULL;NULL;NULL;NULL;NULL;NULL;0.0172;-0.0131;0.5910;1.0913;0.1602;0.1853;0.0199;-0.0124;0.5849;1.2651;0.2415;359.6266;0;NULL;0.0199;-0.0124;0.5849;1.2651;0.2415;359.6266;ControllerBody;NULL;74331e22-d15e-49ae-974a-b7b2b1a343ae;NULL;NULL;NULL;NULL;0.0300;0.0000;0.0000;2.0000;OpenLoop;0.0000;2026-03-26 11:36:29.5461;Controllers;3;30;OpenXR
NULL;Right;NULL;NULL;Baseline;NULL;ControllerHoverConfirm;NULL;NULL;NULL;NULL;NULL;NULL;NULL;NULL;NULL;NULL;None;anonymous;NULL;Trial Accepted;TaskEvent;1305;76997878-c21b-4394-8be8-49129cf9087b;NULL;-0.0137;0.0032;-0.0154;359.0286;2.3353;358.8528;NULL;NULL;NULL;NULL;-0.0001;0.0000;2.0000;NULL;NULL;-0.0095;-0.4194;0.4602;46.0740;14.6062;195.3259;-0.0106;-0.4139;0.4553;46.0550;14.7265;195.3829;0;NULL;-0.0106;-0.4139;0.4553;46.0550;14.7265;195.3829;ControllerBody;NULL;NULL;NULL;NULL;NULL;NULL;NULL;NULL;NULL;NULL;NULL;NULL;NULL;0.0143;-0.0095;0.5893;1.7940;359.4153;359.5860;0.0147;-0.0093;0.5825;1.9931;359.7176;359.5771;0;NULL;0.0147;-0.0093;0.5825;1.9931;359.7176;359.5771;ControllerBody;NULL;74331e22-d15e-49ae-974a-b7b2b1a343ae;-0.0055;NULL;NULL;NULL;NULL;NULL;NULL;NULL;OpenLoop;3.2327;2026-03-26 11:36:32.7752;Controllers;3;30;OpenXR
NULL;Right;NULL;NULL;Baseline;NULL;ControllerHoverConfirm;NULL;NULL;NULL;NULL;NULL;NULL;NULL;NULL;NULL;NULL;None;anonymous;NULL;Trial Started;TaskEvent;1305;76997878-c21b-4394-8be8-49129cf9087b;NULL;-0.0137;0.0032;-0.0154;359.0286;2.3353;358.8528;NULL;NULL;NULL;NULL;NULL;NULL;NULL;NULL;NULL;-0.0095;-0.4194;0.4602;46.0740;14.6062;195.3259;-0.0106;-0.4139;0.4553;46.0550;14.7265;195.3829;0;NULL;-0.0106;-0.4139;0.4553;46.0550;14.7265;195.3829;ControllerBody;NULL;NULL;NULL;NULL;NULL;NULL;NULL;NULL;NULL;NULL;NULL;NULL;NULL;0.0143;-0.0095;0.5893;1.7940;359.4153;359.5860;0.0147;-0.0093;0.5825;1.9931;359.7176;359.5771;0;NULL;0.0147;-0.0093;0.5825;1.9931;359.7176;359.5771;ControllerBody;NULL;74331e22-d15e-49ae-974a-b7b2b1a343ae;NULL;NULL;NULL;NULL;0.0300;0.0000;0.0000;2.0000;OpenLoop;0.0000;2026-03-26 11:36:32.7793;Controllers;4;30;OpenXR
NULL;Right;NULL;NULL;Baseline;NULL;ControllerHoverConfirm;NULL;NULL;NULL;NULL;NULL;NULL;NULL;NULL;NULL;NULL;None;anonymous;NULL;Trial Accepted;TaskEvent;1627;76997878-c21b-4394-8be8-49129cf9087b;NULL;-0.0147;0.0032;-0.0144;359.2855;2.9153;359.2451;NULL;NULL;NULL;NULL;0.0025;0.0000;2.0000;NULL;NULL;-0.0095;-0.4194;0.4603;46.0740;14.6062;195.3259;-0.0106;-0.4139;0.4553;46.0545;14.7265;195.3830;0;NULL;-0.0106;-0.4139;0.4553;46.0545;14.7265;195.3830;ControllerBody;NULL;NULL;NULL;NULL;NULL;NULL;NULL;NULL;NULL;NULL;NULL;NULL;NULL;0.0133;-0.0100;0.5546;2.2433;359.5718;0.6691;0.0135;-0.0081;0.5478;2.0127;359.6010;1.0901;0;NULL;0.0135;-0.0081;0.5478;2.0127;359.6010;1.0901;ControllerBody;NULL;74331e22-d15e-49ae-974a-b7b2b1a343ae;0.2466;NULL;NULL;NULL;NULL;NULL;NULL;NULL;OpenLoop;3.5493;2026-03-26 11:36:36.3247;Controllers;4;30;OpenXR
NULL;Right;NULL;NULL;Baseline;NULL;ControllerHoverConfirm;NULL;NULL;NULL;NULL;NULL;NULL;NULL;NULL;NULL;NULL;None;anonymous;NULL;Trial Started;TaskEvent;1627;76997878-c21b-4394-8be8-49129cf9087b;NULL;-0.0147;0.0032;-0.0144;359.2855;2.9153;359.2451;NULL;NULL;NULL;NULL;NULL;NULL;NULL;NULL;NULL;-0.0095;-0.4194;0.4603;46.0740;14.6062;195.3259;-0.0106;-0.4139;0.4553;46.0545;14.7265;195.3830;0;NULL;-0.0106;-0.4139;0.4553;46.0545;14.7265;195.3830;ControllerBody;NULL;NULL;NULL;NULL;NULL;NULL;NULL;NULL;NULL;NULL;NULL;NULL;NULL;0.0133;-0.0100;0.5546;2.2433;359.5718;0.6691;0.0135;-0.0081;0.5478;2.0127;359.6010;1.0901;0;NULL;0.0135;-0.0081;0.5478;2.0127;359.6010;1.0901;ControllerBody;NULL;74331e22-d15e-49ae-974a-b7b2b1a343ae;NULL;NULL;NULL;NULL;0.0300;0.0000;0.0000;2.0000;OpenLoop;0.0000;2026-03-26 11:36:36.3289;Controllers;5;30;OpenXR
NULL;Right;NULL;NULL;Baseline;NULL;ControllerHoverConfirm;NULL;NULL;NULL;NULL;NULL;NULL;NULL;NULL;NULL;NULL;None;anonymous;NULL;Trial Accepted;TaskEvent;1957;76997878-c21b-4394-8be8-49129cf9087b;NULL;-0.0119;0.0034;-0.0174;359.1319;2.8364;359.4644;NULL;NULL;NULL;NULL;0.0053;0.0000;2.0000;NULL;NULL;-0.0094;-0.4193;0.4603;46.0740;14.6062;195.3259;-0.0106;-0.4139;0.4553;46.0548;14.7266;195.3832;0;NULL;-0.0106;-0.4139;0.4553;46.0548;14.7266;195.3832;ControllerBody;NULL;NULL;NULL;NULL;NULL;NULL;NULL;NULL;NULL;NULL;NULL;NULL;NULL;0.0169;-0.0097;0.5529;0.4727;359.5388;0.0776;0.0181;-0.0098;0.5460;0.4663;359.3625;359.9003;0;NULL;0.0181;-0.0098;0.5460;0.4663;359.3625;359.9003;ControllerBody;NULL;74331e22-d15e-49ae-974a-b7b2b1a343ae;0.5272;NULL;NULL;NULL;NULL;NULL;NULL;NULL;OpenLoop;3.4399;2026-03-26 11:36:39.7659;Controllers;5;30;OpenXR
NULL;Right;NULL;NULL;Baseline;NULL;ControllerHoverConfirm;NULL;NULL;NULL;NULL;NULL;NULL;NULL;NULL;NULL;NULL;None;anonymous;NULL;Trial Started;TaskEvent;1957;76997878-c21b-4394-8be8-49129cf9087b;NULL;-0.0119;0.0034;-0.0174;359.1319;2.8364;359.4644;NULL;NULL;NULL;NULL;NULL;NULL;NULL;NULL;NULL;-0.0094;-0.4193;0.4603;46.0740;14.6062;195.3259;-0.0106;-0.4139;0.4553;46.0548;14.7266;195.3832;0;NULL;-0.0106;-0.4139;0.4553;46.0548;14.7266;195.3832;ControllerBody;NULL;NULL;NULL;NULL;NULL;NULL;NULL;NULL;NULL;NULL;NULL;NULL;NULL;0.0169;-0.0097;0.5529;0.4727;359.5388;0.0776;0.0181;-0.0098;0.5460;0.4663;359.3625;359.9003;0;NULL;0.0181;-0.0098;0.5460;0.4663;359.3625;359.9003;ControllerBody;NULL;74331e22-d15e-49ae-974a-b7b2b1a343ae;NULL;NULL;NULL;NULL;0.0300;0.0000;0.0000;2.0000;OpenLoop;0.0000;2026-03-26 11:36:39.7695;Controllers;6;30;OpenXR
NULL;Right;NULL;NULL;Baseline;NULL;ControllerHoverConfirm;NULL;NULL;NULL;NULL;NULL;NULL;NULL;NULL;NULL;NULL;None;anonymous;NULL;Trial Accepted;TaskEvent;2319;76997878-c21b-4394-8be8-49129cf9087b;NULL;-0.0106;0.0053;-0.0229;357.4143;2.1879;359.4260;NULL;NULL;NULL;NULL;-0.0138;0.0000;2.0000;NULL;NULL;-0.0094;-0.4193;0.4603;46.0740;14.6062;195.3259;-0.0106;-0.4139;0.4553;46.0545;14.7265;195.3830;0;NULL;-0.0106;-0.4139;0.4553;46.0545;14.7265;195.3830;ControllerBody;NULL;NULL;NULL;NULL;NULL;NULL;NULL;NULL;NULL;NULL;NULL;NULL;NULL;0.0171;-0.0087;0.5516;0.1000;358.7798;359.3527;0.0194;-0.0087;0.5449;0.3132;358.9623;359.2910;0;NULL;0.0194;-0.0087;0.5449;0.3132;358.9623;359.2910;ControllerBody;NULL;74331e22-d15e-49ae-974a-b7b2b1a343ae;-1.3778;NULL;NULL;NULL;NULL;NULL;NULL;NULL;OpenLoop;3.6178;2026-03-26 11:36:43.3832;Controllers;6;30;OpenXR
NULL;Right;NULL;NULL;Baseline;NULL;ControllerHoverConfirm;NULL;NULL;NULL;NULL;NULL;NULL;NULL;NULL;NULL;NULL;None;anonymous;NULL;Trial Started;TaskEvent;2319;76997878-c21b-4394-8be8-49129cf9087b;NULL;-0.0106;0.0053;-0.0229;357.4143;2.1879;359.4260;NULL;NULL;NULL;NULL;NULL;NULL;NULL;NULL;NULL;-0.0094;-0.4193;0.4603;46.0740;14.6062;195.3259;-0.0106;-0.4139;0.4553;46.0545;14.7265;195.3830;0;NULL;-0.0106;-0.4139;0.4553;46.0545;14.7265;195.3830;ControllerBody;NULL;NULL;NULL;NULL;NULL;NULL;NULL;NULL;NULL;NULL;NULL;NULL;NULL;0.0171;-0.0087;0.5516;0.1000;358.7798;359.3527;0.0194;-0.0087;0.5449;0.3132;358.9623;359.2910;0;NULL;0.0194;-0.0087;0.5449;0.3132;358.9623;359.2910;ControllerBody;NULL;74331e22-d15e-49ae-974a-b7b2b1a343ae;NULL;NULL;NULL;NULL;0.0300;0.0000;0.0000;2.0000;OpenLoop;0.0000;2026-03-26 11:36:43.3870;Controllers;7;30;OpenXR
NULL;Right;NULL;NULL;Baseline;NULL;ControllerHoverConfirm;NULL;NULL;NULL;NULL;NULL;NULL;NULL;NULL;NULL;NULL;None;anonymous;NULL;Trial Accepted;TaskEvent;2630;76997878-c21b-4394-8be8-49129cf9087b;NULL;-0.0145;0.0062;-0.0232;357.1889;2.2754;0.5670;NULL;NULL;NULL;NULL;-0.0082;0.0000;2.0000;NULL;NULL;-0.0094;-0.4193;0.4603;46.0740;14.6062;195.3259;-0.0106;-0.4139;0.4553;46.0548;14.7265;195.3829;0;NULL;-0.0106;-0.4139;0.4553;46.0548;14.7265;195.3829;ControllerBody;NULL;NULL;NULL;NULL;NULL;NULL;NULL;NULL;NULL;NULL;NULL;NULL;NULL;0.0138;-0.0060;0.5517;359.6038;359.1316;359.1738;0.0151;-0.0046;0.5440;359.5580;359.0112;359.1210;0;NULL;0.0151;-0.0046;0.5440;359.5580;359.0112;359.1210;ControllerBody;NULL;74331e22-d15e-49ae-974a-b7b2b1a343ae;-0.8175;NULL;NULL;NULL;NULL;NULL;NULL;NULL;OpenLoop;3.4874;2026-03-26 11:36:46.8703;Controllers;7;30;OpenXR
NULL;Right;NULL;NULL;Baseline;NULL;ControllerHoverConfirm;NULL;NULL;NULL;NULL;NULL;NULL;NULL;NULL;NULL;NULL;None;anonymous;NULL;Trial Started;TaskEvent;2630;76997878-c21b-4394-8be8-49129cf9087b;NULL;-0.0145;0.0062;-0.0232;357.1889;2.2754;0.5670;NULL;NULL;NULL;NULL;NULL;NULL;NULL;NULL;NULL;-0.0094;-0.4193;0.4603;46.0740;14.6062;195.3259;-0.0106;-0.4139;0.4553;46.0548;14.7265;195.3829;0;NULL;-0.0106;-0.4139;0.4553;46.0548;14.7265;195.3829;ControllerBody;NULL;NULL;NULL;NULL;NULL;NULL;NULL;NULL;NULL;NULL;NULL;NULL;NULL;0.0138;-0.0060;0.5517;359.6038;359.1316;359.1738;0.0151;-0.0046;0.5440;359.5580;359.0112;359.1210;0;NULL;0.0151;-0.0046;0.5440;359.5580;359.0112;359.1210;ControllerBody;NULL;74331e22-d15e-49ae-974a-b7b2b1a343ae;NULL;NULL;NULL;NULL;0.0300;0.0000;0.0000;2.0000;OpenLoop;0.0000;2026-03-26 11:36:46.8721;Controllers;8;30;OpenXR
NULL;Right;NULL;NULL;Baseline;NULL;ControllerHoverConfirm;NULL;NULL;NULL;NULL;NULL;NULL;NULL;NULL;NULL;NULL;None;anonymous;NULL;Trial Accepted;TaskEvent;2966;76997878-c21b-4394-8be8-49129cf9087b;NULL;-0.0108;0.0053;-0.0215;357.8946;3.2885;359.6931;NULL;NULL;NULL;NULL;-0.0377;0.0000;2.0000;NULL;NULL;-0.0094;-0.4193;0.4603;46.0740;14.6062;195.3259;-0.0106;-0.4139;0.4553;46.0551;14.7271;195.3835;0;NULL;-0.0106;-0.4139;0.4553;46.0551;14.7271;195.3835;ControllerBody;NULL;NULL;NULL;NULL;NULL;NULL;NULL;NULL;NULL;NULL;NULL;NULL;NULL;0.0167;-0.0099;0.5521;359.9599;357.8481;358.8960;0.0184;-0.0098;0.5457;0.0513;358.1294;359.2349;0;NULL;0.0184;-0.0098;0.5457;0.0513;358.1294;359.2349;ControllerBody;NULL;74331e22-d15e-49ae-974a-b7b2b1a343ae;-3.7714;NULL;NULL;NULL;NULL;NULL;NULL;NULL;OpenLoop;3.5346;2026-03-26 11:36:50.4067;Controllers;8;30;OpenXR
NULL;Right;NULL;NULL;Baseline;NULL;ControllerHoverConfirm;NULL;NULL;NULL;NULL;NULL;NULL;NULL;NULL;NULL;NULL;None;anonymous;NULL;Trial Started;TaskEvent;2966;76997878-c21b-4394-8be8-49129cf9087b;NULL;-0.0108;0.0053;-0.0215;357.8946;3.2885;359.6931;NULL;NULL;NULL;NULL;NULL;NULL;NULL;NULL;NULL;-0.0094;-0.4193;0.4603;46.0740;14.6062;195.3259;-0.0106;-0.4139;0.4553;46.0551;14.7271;195.3835;0;NULL;-0.0106;-0.4139;0.4553;46.0551;14.7271;195.3835;ControllerBody;NULL;NULL;NULL;NULL;NULL;NULL;NULL;NULL;NULL;NULL;NULL;NULL;NULL;0.0167;-0.0099;0.5521;359.9599;357.8481;358.8960;0.0184;-0.0098;0.5457;0.0513;358.1294;359.2349;0;NULL;0.0184;-0.0098;0.5457;0.0513;358.1294;359.2349;ControllerBody;NULL;74331e22-d15e-49ae-974a-b7b2b1a343ae;NULL;NULL;NULL;NULL;0.0300;0.0000;0.0000;2.0000;OpenLoop;0.0000;2026-03-26 11:36:50.4119;Controllers;9;30;OpenXR
NULL;Right;NULL;NULL;Baseline;NULL;ControllerHoverConfirm;NULL;NULL;NULL;NULL;NULL;NULL;NULL;NULL;NULL;NULL;None;anonymous;NULL;Trial Accepted;TaskEvent;3286;76997878-c21b-4394-8be8-49129cf9087b;NULL;-0.0105;0.0037;-0.0240;358.4430;2.3911;359.5266;NULL;NULL;NULL;NULL;0.0118;0.0000;2.0000;NULL;NULL;-0.0094;-0.4193;0.4603;46.0740;14.6062;195.3259;-0.0106;-0.4139;0.4553;46.0543;14.7269;195.3835;0;NULL;-0.0106;-0.4139;0.4553;46.0543;14.7269;195.3835;ControllerBody;NULL;NULL;NULL;NULL;NULL;NULL;NULL;NULL;NULL;NULL;NULL;NULL;NULL;0.0178;-0.0103;0.5515;1.7919;359.7626;0.0048;0.0183;-0.0083;0.5430;1.7924;359.7122;359.8985;0;NULL;0.0183;-0.0083;0.5430;1.7924;359.7122;359.8985;ControllerBody;NULL;74331e22-d15e-49ae-974a-b7b2b1a343ae;1.1757;NULL;NULL;NULL;NULL;NULL;NULL;NULL;OpenLoop;3.2496;2026-03-26 11:36:53.6533;Controllers;9;30;OpenXR
NULL;Right;NULL;NULL;Baseline;NULL;ControllerHoverConfirm;NULL;NULL;NULL;NULL;NULL;NULL;NULL;NULL;NULL;NULL;None;anonymous;NULL;Trial Started;TaskEvent;3286;76997878-c21b-4394-8be8-49129cf9087b;NULL;-0.0105;0.0037;-0.0240;358.4430;2.3911;359.5266;NULL;NULL;NULL;NULL;NULL;NULL;NULL;NULL;NULL;-0.0094;-0.4193;0.4603;46.0740;14.6062;195.3259;-0.0106;-0.4139;0.4553;46.0543;14.7269;195.3835;0;NULL;-0.0106;-0.4139;0.4553;46.0543;14.7269;195.3835;ControllerBody;NULL;NULL;NULL;NULL;NULL;NULL;NULL;NULL;NULL;NULL;NULL;NULL;NULL;0.0178;-0.0103;0.5515;1.7919;359.7626;0.0048;0.0183;-0.0083;0.5430;1.7924;359.7122;359.8985;0;NULL;0.0183;-0.0083;0.5430;1.7924;359.7122;359.8985;ControllerBody;NULL;74331e22-d15e-49ae-974a-b7b2b1a343ae;NULL;NULL;NULL;NULL;0.0300;0.0000;0.0000;2.0000;OpenLoop;0.0000;2026-03-26 11:36:53.6575;Controllers;10;30;OpenXR
NULL;Right;NULL;NULL;Baseline;NULL;ControllerHoverConfirm;NULL;NULL;NULL;NULL;NULL;NULL;NULL;NULL;NULL;NULL;None;anonymous;NULL;Trial Accepted;TaskEvent;3637;76997878-c21b-4394-8be8-49129cf9087b;NULL;-0.0120;0.0044;-0.0232;357.7867;2.8314;0.1919;NULL;NULL;NULL;NULL;0.0551;0.0000;2.0000;NULL;NULL;-0.0093;-0.4193;0.4603;46.0740;14.6062;195.3259;-0.0106;-0.4139;0.4553;46.0548;14.7265;195.3831;0;NULL;-0.0106;-0.4139;0.4553;46.0548;14.7265;195.3831;ControllerBody;NULL;NULL;NULL;NULL;NULL;NULL;NULL;NULL;NULL;NULL;NULL;NULL;NULL;0.0188;-0.0110;0.5524;1.9856;1.4380;1.0780;0.0200;-0.0105;0.5459;2.1486;1.8234;1.0252;0;NULL;0.0200;-0.0105;0.5459;2.1486;1.8234;1.0252;ControllerBody;NULL;74331e22-d15e-49ae-974a-b7b2b1a343ae;5.5094;NULL;NULL;NULL;NULL;NULL;NULL;NULL;OpenLoop;3.3982;2026-03-26 11:36:57.0537;Controllers;10;30;OpenXR
NULL;Right;NULL;NULL;Baseline;NULL;ControllerHoverConfirm;NULL;NULL;NULL;NULL;NULL;NULL;NULL;NULL;NULL;NULL;None;anonymous;NULL;Trial Started;TaskEvent;3637;76997878-c21b-4394-8be8-49129cf9087b;NULL;-0.0120;0.0044;-0.0232;357.7867;2.8314;0.1919;NULL;NULL;NULL;NULL;NULL;NULL;NULL;NULL;NULL;-0.0093;-0.4193;0.4603;46.0740;14.6062;195.3259;-0.0106;-0.4139;0.4553;46.0548;14.7265;195.3831;0;NULL;-0.0106;-0.4139;0.4553;46.0548;14.7265;195.3831;ControllerBody;NULL;NULL;NULL;NULL;NULL;NULL;NULL;NULL;NULL;NULL;NULL;NULL;NULL;0.0188;-0.0110;0.5524;1.9856;1.4380;1.0780;0.0200;-0.0105;0.5459;2.1486;1.8234;1.0252;0;NULL;0.0200;-0.0105;0.5459;2.1486;1.8234;1.0252;ControllerBody;NULL;74331e22-d15e-49ae-974a-b7b2b1a343ae;NULL;NULL;NULL;NULL;0.0300;0.0000;0.0000;2.0000;OpenLoop;0.0000;2026-03-26 11:36:57.0578;Controllers;11;30;OpenXR
NULL;Right;NULL;NULL;Baseline;NULL;ControllerHoverConfirm;NULL;NULL;NULL;NULL;NULL;NULL;NULL;NULL;NULL;NULL;None;anonymous;NULL;Trial Accepted;TaskEvent;3982;76997878-c21b-4394-8be8-49129cf9087b;NULL;-0.0124;0.0023;-0.0200;359.4171;3.4866;0.9415;NULL;NULL;NULL;NULL;0.0488;0.0000;2.0000;NULL;NULL;-0.0093;-0.4193;0.4603;46.0740;14.6062;195.3259;-0.0106;-0.4139;0.4553;46.0548;14.7267;195.3833;0;NULL;-0.0106;-0.4139;0.4553;46.0548;14.7267;195.3833;ControllerBody;NULL;NULL;NULL;NULL;NULL;NULL;NULL;NULL;NULL;NULL;NULL;NULL;NULL;0.0194;-0.0067;0.5490;1.8580;1.1578;1.3083;0.0202;-0.0069;0.5422;2.0075;1.5068;1.2366;0;NULL;0.0202;-0.0069;0.5422;2.0075;1.5068;1.2366;ControllerBody;NULL;74331e22-d15e-49ae-974a-b7b2b1a343ae;4.8773;NULL;NULL;NULL;NULL;NULL;NULL;NULL;OpenLoop;3.4510;2026-03-26 11:37:00.5033;Controllers;11;30;OpenXR
NULL;Right;NULL;NULL;Baseline;NULL;ControllerHoverConfirm;NULL;NULL;NULL;NULL;NULL;NULL;NULL;NULL;NULL;NULL;None;anonymous;NULL;Trial Started;TaskEvent;3982;76997878-c21b-4394-8be8-49129cf9087b;NULL;-0.0124;0.0023;-0.0200;359.4171;3.4866;0.9415;NULL;NULL;NULL;NULL;NULL;NULL;NULL;NULL;NULL;-0.0093;-0.4193;0.4603;46.0740;14.6062;195.3259;-0.0106;-0.4139;0.4553;46.0548;14.7267;195.3833;0;NULL;-0.0106;-0.4139;0.4553;46.0548;14.7267;195.3833;ControllerBody;NULL;NULL;NULL;NULL;NULL;NULL;NULL;NULL;NULL;NULL;NULL;NULL;NULL;0.0194;-0.0067;0.5490;1.8580;1.1578;1.3083;0.0202;-0.0069;0.5422;2.0075;1.5068;1.2366;0;NULL;0.0202;-0.0069;0.5422;2.0075;1.5068;1.2366;ControllerBody;NULL;74331e22-d15e-49ae-974a-b7b2b1a343ae;NULL;NULL;NULL;NULL;0.0300;0.0000;0.0000;2.0000;OpenLoop;0.0000;2026-03-26 11:37:00.5112;Controllers;12;30;OpenXR
NULL;Right;NULL;NULL;Baseline;NULL;ControllerHoverConfirm;NULL;NULL;NULL;NULL;NULL;NULL;NULL;NULL;NULL;NULL;None;anonymous;NULL;Trial Accepted;TaskEvent;4269;76997878-c21b-4394-8be8-49129cf9087b;NULL;-0.0144;0.0046;-0.0213;357.5780;3.9329;0.2468;NULL;NULL;NULL;NULL;0.0236;0.0000;2.0000;NULL;NULL;-0.0093;-0.4193;0.4603;46.0740;14.6062;195.3259;-0.0102;-0.4140;0.4554;45.9836;14.7034;195.4619;0;NULL;-0.0102;-0.4140;0.4554;45.9836;14.7034;195.4619;ControllerBody;NULL;NULL;NULL;NULL;NULL;NULL;NULL;NULL;NULL;NULL;NULL;NULL;NULL;0.0157;-0.0070;0.5501;1.8202;0.3101;0.5525;0.0147;-0.0037;0.5417;1.8152;0.3599;0.4526;0;NULL;0.0147;-0.0037;0.5417;1.8152;0.3599;0.4526;ControllerBody;NULL;74331e22-d15e-49ae-974a-b7b2b1a343ae;2.3575;NULL;NULL;NULL;NULL;NULL;NULL;NULL;OpenLoop;3.0235;2026-03-26 11:37:03.5286;Controllers;12;30;OpenXR
NULL;Right;NULL;NULL;Baseline;NULL;ControllerHoverConfirm;NULL;NULL;NULL;NULL;NULL;NULL;NULL;NULL;NULL;NULL;None;anonymous;NULL;Trial Started;TaskEvent;4269;76997878-c21b-4394-8be8-49129cf9087b;NULL;-0.0144;0.0046;-0.0213;357.5780;3.9329;0.2468;NULL;NULL;NULL;NULL;NULL;NULL;NULL;NULL;NULL;-0.0093;-0.4193;0.4603;46.0740;14.6062;195.3259;-0.0102;-0.4140;0.4554;45.9836;14.7034;195.4619;0;NULL;-0.0102;-0.4140;0.4554;45.9836;14.7034;195.4619;ControllerBody;NULL;NULL;NULL;NULL;NULL;NULL;NULL;NULL;NULL;NULL;NULL;NULL;NULL;0.0157;-0.0070;0.5501;1.8202;0.3101;0.5525;0.0147;-0.0037;0.5417;1.8152;0.3599;0.4526;0;NULL;0.0147;-0.0037;0.5417;1.8152;0.3599;0.4526;ControllerBody;NULL;74331e22-d15e-49ae-974a-b7b2b1a343ae;NULL;NULL;NULL;NULL;0.0300;0.0000;0.0000;2.0000;OpenLoop;0.0000;2026-03-26 11:37:03.5322;Controllers;13;30;OpenXR
NULL;Right;NULL;NULL;Baseline;NULL;ControllerHoverConfirm;NULL;NULL;NULL;NULL;NULL;NULL;NULL;NULL;NULL;NULL;None;anonymous;NULL;Trial Accepted;TaskEvent;4570;76997878-c21b-4394-8be8-49129cf9087b;NULL;-0.0174;0.0045;-0.0259;357.2439;1.7507;1.1471;NULL;NULL;NULL;NULL;0.0122;0.0000;2.0000;NULL;NULL;-0.0092;-0.4194;0.4604;46.0216;14.6411;195.3979;-0.0106;-0.4141;0.4553;45.9024;14.7058;195.5402;0;NULL;-0.0106;-0.4141;0.4553;45.9024;14.7058;195.5402;ControllerBody;NULL;NULL;NULL;NULL;NULL;NULL;NULL;NULL;NULL;NULL;NULL;NULL;NULL;0.0124;-0.0044;0.5476;1.7791;359.9919;0.0380;0.0153;-0.0039;0.5400;1.7914;0.3320;359.8241;0;NULL;0.0153;-0.0039;0.5400;1.7914;0.3320;359.8241;ControllerBody;NULL;74331e22-d15e-49ae-974a-b7b2b1a343ae;1.2245;NULL;NULL;NULL;NULL;NULL;NULL;NULL;OpenLoop;3.2143;2026-03-26 11:37:06.7427;Controllers;13;30;OpenXR
NULL;Right;NULL;NULL;Baseline;NULL;ControllerHoverConfirm;NULL;NULL;NULL;NULL;NULL;NULL;NULL;NULL;NULL;NULL;None;anonymous;NULL;Trial Started;TaskEvent;4570;76997878-c21b-4394-8be8-49129cf9087b;NULL;-0.0174;0.0045;-0.0259;357.2439;1.7507;1.1471;NULL;NULL;NULL;NULL;NULL;NULL;NULL;NULL;NULL;-0.0092;-0.4194;0.4604;46.0216;14.6411;195.3979;-0.0106;-0.4141;0.4553;45.9024;14.7058;195.5402;0;NULL;-0.0106;-0.4141;0.4553;45.9024;14.7058;195.5402;ControllerBody;NULL;NULL;NULL;NULL;NULL;NULL;NULL;NULL;NULL;NULL;NULL;NULL;NULL;0.0124;-0.0044;0.5476;1.7791;359.9919;0.0380;0.0153;-0.0039;0.5400;1.7914;0.3320;359.8241;0;NULL;0.0153;-0.0039;0.5400;1.7914;0.3320;359.8241;ControllerBody;NULL;74331e22-d15e-49ae-974a-b7b2b1a343ae;NULL;NULL;NULL;NULL;0.0300;0.0000;0.0000;2.0000;OpenLoop;0.0000;2026-03-26 11:37:06.7485;Controllers;14;30;OpenXR
NULL;Right;NULL;NULL;Baseline;NULL;ControllerHoverConfirm;NULL;NULL;NULL;NULL;NULL;NULL;NULL;NULL;NULL;NULL;None;anonymous;NULL;Trial Accepted;TaskEvent;4876;76997878-c21b-4394-8be8-49129cf9087b;NULL;-0.0163;0.0022;-0.0274;358.9898;1.5374;1.3887;NULL;NULL;NULL;NULL;0.0193;0.0000;2.0000;NULL;NULL;-0.0092;-0.4194;0.4604;46.0216;14.6411;195.3979;-0.0106;-0.4141;0.4553;45.9025;14.7059;195.5400;0;NULL;-0.0106;-0.4141;0.4553;45.9025;14.7059;195.5400;ControllerBody;NULL;NULL;NULL;NULL;NULL;NULL;NULL;NULL;NULL;NULL;NULL;NULL;NULL;0.0154;-0.0065;0.5483;1.9303;0.1510;0.7470;0.0163;-0.0075;0.5410;2.2506;0.2547;0.5652;0;NULL;0.0163;-0.0075;0.5410;2.2506;0.2547;0.5652;ControllerBody;NULL;74331e22-d15e-49ae-974a-b7b2b1a343ae;1.9272;NULL;NULL;NULL;NULL;NULL;NULL;NULL;OpenLoop;3.3669;2026-03-26 11:37:10.1091;Controllers;14;30;OpenXR
NULL;Right;NULL;NULL;Baseline;NULL;ControllerHoverConfirm;NULL;NULL;NULL;NULL;NULL;NULL;NULL;NULL;NULL;NULL;None;anonymous;NULL;Trial Started;TaskEvent;4876;76997878-c21b-4394-8be8-49129cf9087b;NULL;-0.0163;0.0022;-0.0274;358.9898;1.5374;1.3887;NULL;NULL;NULL;NULL;NULL;NULL;NULL;NULL;NULL;-0.0092;-0.4194;0.4604;46.0216;14.6411;195.3979;-0.0106;-0.4141;0.4553;45.9025;14.7059;195.5400;0;NULL;-0.0106;-0.4141;0.4553;45.9025;14.7059;195.5400;ControllerBody;NULL;NULL;NULL;NULL;NULL;NULL;NULL;NULL;NULL;NULL;NULL;NULL;NULL;0.0154;-0.0065;0.5483;1.9303;0.1510;0.7470;0.0163;-0.0075;0.5410;2.2506;0.2547;0.5652;0;NULL;0.0163;-0.0075;0.5410;2.2506;0.2547;0.5652;ControllerBody;NULL;74331e22-d15e-49ae-974a-b7b2b1a343ae;NULL;NULL;NULL;NULL;0.0300;0.0000;0.0000;2.0000;OpenLoop;0.0000;2026-03-26 11:37:10.1135;Controllers;15;30;OpenXR
NULL;Right;NULL;NULL;Baseline;NULL;ControllerHoverConfirm;NULL;NULL;NULL;NULL;NULL;NULL;NULL;NULL;NULL;NULL;None;anonymous;NULL;Trial Accepted;TaskEvent;5187;76997878-c21b-4394-8be8-49129cf9087b;NULL;-0.0175;0.0027;-0.0221;358.7368;1.8653;1.1689;NULL;NULL;NULL;NULL;0.0530;0.0000;2.0000;NULL;NULL;-0.0094;-0.4193;0.4604;45.9536;14.6472;195.4902;-0.0111;-0.4136;0.4552;45.8518;14.6540;195.6236;0;NULL;-0.0111;-0.4136;0.4552;45.8518;14.6540;195.6236;ControllerBody;NULL;NULL;NULL;NULL;NULL;NULL;NULL;NULL;NULL;NULL;NULL;NULL;NULL;0.0162;-0.0082;0.5532;3.7596;1.4593;0.4082;0.0173;-0.0102;0.5471;4.0770;1.7627;0.3006;0;NULL;0.0173;-0.0102;0.5471;4.0770;1.7627;0.3006;ControllerBody;NULL;74331e22-d15e-49ae-974a-b7b2b1a343ae;5.3045;NULL;NULL;NULL;NULL;NULL;NULL;NULL;OpenLoop;3.2562;2026-03-26 11:37:13.3657;Controllers;15;30;OpenXR
NULL;Right;NULL;NULL;Baseline;NULL;ControllerHoverConfirm;NULL;NULL;NULL;NULL;NULL;NULL;NULL;NULL;NULL;NULL;None;anonymous;NULL;Trial Started;TaskEvent;5187;76997878-c21b-4394-8be8-49129cf9087b;NULL;-0.0175;0.0027;-0.0221;358.7368;1.8653;1.1689;NULL;NULL;NULL;NULL;NULL;NULL;NULL;NULL;NULL;-0.0094;-0.4193;0.4604;45.9536;14.6472;195.4902;-0.0111;-0.4136;0.4552;45.8518;14.6540;195.6236;0;NULL;-0.0111;-0.4136;0.4552;45.8518;14.6540;195.6236;ControllerBody;NULL;NULL;NULL;NULL;NULL;NULL;NULL;NULL;NULL;NULL;NULL;NULL;NULL;0.0162;-0.0082;0.5532;3.7596;1.4593;0.4082;0.0173;-0.0102;0.5471;4.0770;1.7627;0.3006;0;NULL;0.0173;-0.0102;0.5471;4.0770;1.7627;0.3006;ControllerBody;NULL;74331e22-d15e-49ae-974a-b7b2b1a343ae;NULL;NULL;NULL;NULL;0.0300;0.0000;0.0000;2.0000;OpenLoop;0.0000;2026-03-26 11:37:13.3684;Controllers;16;30;OpenXR
NULL;Right;NULL;NULL;Baseline;NULL;ControllerHoverConfirm;NULL;NULL;NULL;NULL;NULL;NULL;NULL;NULL;NULL;NULL;None;anonymous;NULL;Trial Accepted;TaskEvent;5501;76997878-c21b-4394-8be8-49129cf9087b;NULL;-0.0196;0.0045;-0.0246;357.7486;2.7560;0.1607;NULL;NULL;NULL;NULL;0.0020;0.0000;2.0000;NULL;NULL;-0.0095;-0.4192;0.4603;45.9479;14.6476;195.4975;-0.0111;-0.4136;0.4552;45.8515;14.6537;195.6233;0;NULL;-0.0111;-0.4136;0.4552;45.8515;14.6537;195.6233;ControllerBody;NULL;NULL;NULL;NULL;NULL;NULL;NULL;NULL;NULL;NULL;NULL;NULL;NULL;0.0115;-0.0054;0.5508;1.7272;359.6252;1.0894;0.0124;-0.0077;0.5436;2.0059;359.8521;1.3246;0;NULL;0.0124;-0.0077;0.5436;2.0059;359.8521;1.3246;ControllerBody;NULL;74331e22-d15e-49ae-974a-b7b2b1a343ae;0.2022;NULL;NULL;NULL;NULL;NULL;NULL;NULL;OpenLoop;3.3493;2026-03-26 11:37:16.7135;Controllers;16;30;OpenXR
NULL;Right;NULL;NULL;Baseline;NULL;ControllerHoverConfirm;NULL;NULL;NULL;NULL;NULL;NULL;NULL;NULL;NULL;NULL;None;anonymous;NULL;Trial Started;TaskEvent;5501;76997878-c21b-4394-8be8-49129cf9087b;NULL;-0.0196;0.0045;-0.0246;357.7486;2.7560;0.1607;NULL;NULL;NULL;NULL;NULL;NULL;NULL;NULL;NULL;-0.0095;-0.4192;0.4603;45.9479;14.6476;195.4975;-0.0111;-0.4136;0.4552;45.8515;14.6537;195.6233;0;NULL;-0.0111;-0.4136;0.4552;45.8515;14.6537;195.6233;ControllerBody;NULL;NULL;NULL;NULL;NULL;NULL;NULL;NULL;NULL;NULL;NULL;NULL;NULL;0.0115;-0.0054;0.5508;1.7272;359.6252;1.0894;0.0124;-0.0077;0.5436;2.0059;359.8521;1.3246;0;NULL;0.0124;-0.0077;0.5436;2.0059;359.8521;1.3246;ControllerBody;NULL;74331e22-d15e-49ae-974a-b7b2b1a343ae;NULL;NULL;NULL;NULL;0.0300;0.0000;0.0000;2.0000;OpenLoop;0.0000;2026-03-26 11:37:16.7183;Controllers;17;30;OpenXR
NULL;Right;NULL;NULL;Baseline;NULL;ControllerHoverConfirm;NULL;NULL;NULL;NULL;NULL;NULL;NULL;NULL;NULL;NULL;None;anonymous;NULL;Trial Accepted;TaskEvent;5833;76997878-c21b-4394-8be8-49129cf9087b;NULL;-0.0260;0.0053;-0.0264;356.8606;2.4913;1.0265;NULL;NULL;NULL;NULL;0.0277;0.0000;2.0000;NULL;NULL;-0.0096;-0.4191;0.4601;45.9021;14.6444;195.5521;-0.0111;-0.4131;0.4545;45.8208;14.5910;195.6420;0;NULL;-0.0111;-0.4131;0.4545;45.8208;14.5910;195.6420;ControllerBody;NULL;NULL;NULL;NULL;NULL;NULL;NULL;NULL;NULL;NULL;NULL;NULL;NULL;0.0054;-0.0050;0.5465;3.3561;0.8789;0.5361;0.0070;-0.0054;0.5400;3.3513;1.1434;0.9642;0;NULL;0.0070;-0.0054;0.5400;3.3513;1.1434;0.9642;ControllerBody;NULL;74331e22-d15e-49ae-974a-b7b2b1a343ae;2.7690;NULL;NULL;NULL;NULL;NULL;NULL;NULL;OpenLoop;3.4736;2026-03-26 11:37:20.1877;Controllers;17;30;OpenXR
NULL;Right;NULL;NULL;Baseline;NULL;ControllerHoverConfirm;NULL;NULL;NULL;NULL;NULL;NULL;NULL;NULL;NULL;NULL;None;anonymous;NULL;Trial Started;TaskEvent;5833;76997878-c21b-4394-8be8-49129cf9087b;NULL;-0.0260;0.0053;-0.0264;356.8606;2.4913;1.0265;NULL;NULL;NULL;NULL;NULL;NULL;NULL;NULL;NULL;-0.0096;-0.4191;0.4601;45.9021;14.6444;195.5521;-0.0111;-0.4131;0.4545;45.8208;14.5910;195.6420;0;NULL;-0.0111;-0.4131;0.4545;45.8208;14.5910;195.6420;ControllerBody;NULL;NULL;NULL;NULL;NULL;NULL;NULL;NULL;NULL;NULL;NULL;NULL;NULL;0.0054;-0.0050;0.5465;3.3561;0.8789;0.5361;0.0070;-0.0054;0.5400;3.3513;1.1434;0.9642;0;NULL;0.0070;-0.0054;0.5400;3.3513;1.1434;0.9642;ControllerBody;NULL;74331e22-d15e-49ae-974a-b7b2b1a343ae;NULL;NULL;NULL;NULL;0.0300;0.0000;0.0000;2.0000;OpenLoop;0.0000;2026-03-26 11:37:20.1909;Controllers;18;30;OpenXR
NULL;Right;NULL;NULL;Baseline;NULL;ControllerHoverConfirm;NULL;NULL;NULL;NULL;NULL;NULL;NULL;NULL;NULL;NULL;None;anonymous;NULL;Trial Accepted;TaskEvent;6166;76997878-c21b-4394-8be8-49129cf9087b;NULL;-0.0258;0.0022;-0.0217;359.1683;1.9348;1.5676;NULL;NULL;NULL;NULL;0.0087;0.0000;2.0000;NULL;NULL;-0.0096;-0.4188;0.4598;45.8847;14.6334;195.5690;-0.0107;-0.4134;0.4548;45.8021;14.5760;195.6460;0;NULL;-0.0107;-0.4134;0.4548;45.8021;14.5760;195.6460;ControllerBody;NULL;NULL;NULL;NULL;NULL;NULL;NULL;NULL;NULL;NULL;NULL;NULL;NULL;0.0082;-0.0074;0.5488;2.3837;0.0197;0.2530;0.0072;-0.0060;0.5409;2.2100;0.2742;0.7197;0;NULL;0.0072;-0.0060;0.5409;2.2100;0.2742;0.7197;ControllerBody;NULL;74331e22-d15e-49ae-974a-b7b2b1a343ae;0.8695;NULL;NULL;NULL;NULL;NULL;NULL;NULL;OpenLoop;3.3919;2026-03-26 11:37:23.5785;Controllers;18;30;OpenXR
NULL;Right;NULL;NULL;Baseline;NULL;ControllerHoverConfirm;NULL;NULL;NULL;NULL;NULL;NULL;NULL;NULL;NULL;NULL;None;anonymous;NULL;Trial Started;TaskEvent;6166;76997878-c21b-4394-8be8-49129cf9087b;NULL;-0.0258;0.0022;-0.0217;359.1683;1.9348;1.5676;NULL;NULL;NULL;NULL;NULL;NULL;NULL;NULL;NULL;-0.0096;-0.4188;0.4598;45.8847;14.6334;195.5690;-0.0107;-0.4134;0.4548;45.8021;14.5760;195.6460;0;NULL;-0.0107;-0.4134;0.4548;45.8021;14.5760;195.6460;ControllerBody;NULL;NULL;NULL;NULL;NULL;NULL;NULL;NULL;NULL;NULL;NULL;NULL;NULL;0.0082;-0.0074;0.5488;2.3837;0.0197;0.2530;0.0072;-0.0060;0.5409;2.2100;0.2742;0.7197;0;NULL;0.0072;-0.0060;0.5409;2.2100;0.2742;0.7197;ControllerBody;NULL;74331e22-d15e-49ae-974a-b7b2b1a343ae;NULL;NULL;NULL;NULL;0.0300;0.0000;0.0000;2.0000;OpenLoop;0.0000;2026-03-26 11:37:23.5822;Controllers;19;30;OpenXR
NULL;Right;NULL;NULL;Baseline;NULL;ControllerHoverConfirm;NULL;NULL;NULL;NULL;NULL;NULL;NULL;NULL;NULL;NULL;None;anonymous;NULL;Trial Accepted;TaskEvent;6530;76997878-c21b-4394-8be8-49129cf9087b;NULL;-0.0233;0.0043;-0.0254;357.5966;2.4012;1.2763;NULL;NULL;NULL;NULL;0.0472;0.0000;2.0000;NULL;NULL;-0.0097;-0.4179;0.4587;45.8571;14.6123;195.5932;-0.0108;-0.4130;0.4539;45.7710;14.5102;195.6176;0;NULL;-0.0108;-0.4130;0.4539;45.7710;14.5102;195.6176;ControllerBody;NULL;NULL;NULL;NULL;NULL;NULL;NULL;NULL;NULL;NULL;NULL;NULL;NULL;0.0099;-0.0098;0.5466;3.6999;1.4723;359.9897;0.0116;-0.0065;0.5383;3.6475;1.4371;359.4177;0;NULL;0.0116;-0.0065;0.5383;3.6475;1.4371;359.4177;ControllerBody;NULL;74331e22-d15e-49ae-974a-b7b2b1a343ae;4.7240;NULL;NULL;NULL;NULL;NULL;NULL;NULL;OpenLoop;4.1647;2026-03-26 11:37:27.7437;Controllers;19;30;OpenXR
NULL;Right;NULL;NULL;Baseline;NULL;ControllerHoverConfirm;NULL;NULL;NULL;NULL;NULL;NULL;NULL;NULL;NULL;NULL;None;anonymous;NULL;Trial Started;TaskEvent;6530;76997878-c21b-4394-8be8-49129cf9087b;NULL;-0.0233;0.0043;-0.0254;357.5966;2.4012;1.2763;NULL;NULL;NULL;NULL;NULL;NULL;NULL;NULL;NULL;-0.0097;-0.4179;0.4587;45.8571;14.6123;195.5932;-0.0108;-0.4130;0.4539;45.7710;14.5102;195.6176;0;NULL;-0.0108;-0.4130;0.4539;45.7710;14.5102;195.6176;ControllerBody;NULL;NULL;NULL;NULL;NULL;NULL;NULL;NULL;NULL;NULL;NULL;NULL;NULL;0.0099;-0.0098;0.5466;3.6999;1.4723;359.9897;0.0116;-0.0065;0.5383;3.6475;1.4371;359.4177;0;NULL;0.0116;-0.0065;0.5383;3.6475;1.4371;359.4177;ControllerBody;NULL;74331e22-d15e-49ae-974a-b7b2b1a343ae;NULL;NULL;NULL;NULL;0.0300;0.0000;0.0000;2.0000;OpenLoop;0.0000;2026-03-26 11:37:27.7462;Controllers;20;30;OpenXR
NULL;Right;NULL;NULL;Baseline;NULL;ControllerHoverConfirm;NULL;NULL;NULL;NULL;NULL;NULL;NULL;NULL;NULL;NULL;None;anonymous;NULL;Trial Accepted;TaskEvent;6878;76997878-c21b-4394-8be8-49129cf9087b;NULL;-0.0222;0.0034;-0.0254;357.7060;1.5192;0.6817;NULL;NULL;NULL;NULL;0.0230;0.0000;2.0000;NULL;NULL;-0.0086;-0.4240;0.4647;45.8307;14.6037;195.6026;-0.0098;-0.4194;0.4603;45.7766;14.4337;195.5005;0;NULL;-0.0098;-0.4194;0.4603;45.7766;14.4337;195.5005;ControllerBody;NULL;NULL;NULL;NULL;NULL;NULL;NULL;NULL;NULL;NULL;NULL;NULL;NULL;0.0098;-0.0062;0.5460;1.9831;0.5205;359.8175;0.0095;-0.0059;0.5409;2.1193;0.6174;359.5923;0;NULL;0.0095;-0.0059;0.5409;2.1193;0.6174;359.5923;ControllerBody;NULL;74331e22-d15e-49ae-974a-b7b2b1a343ae;2.2966;NULL;NULL;NULL;NULL;NULL;NULL;NULL;OpenLoop;3.5745;2026-03-26 11:37:31.3179;Controllers;20;30;OpenXR
NULL;Right;NULL;NULL;Baseline;NULL;ControllerHoverConfirm;NULL;NULL;NULL;NULL;NULL;NULL;NULL;NULL;NULL;NULL;None;anonymous;NULL;Trial Started;TaskEvent;6878;76997878-c21b-4394-8be8-49129cf9087b;NULL;-0.0222;0.0034;-0.0254;357.7060;1.5192;0.6817;NULL;NULL;NULL;NULL;NULL;NULL;NULL;NULL;NULL;-0.0086;-0.4240;0.4647;45.8307;14.6037;195.6026;-0.0098;-0.4194;0.4603;45.7766;14.4337;195.5005;0;NULL;-0.0098;-0.4194;0.4603;45.7766;14.4337;195.5005;ControllerBody;NULL;NULL;NULL;NULL;NULL;NULL;NULL;NULL;NULL;NULL;NULL;NULL;NULL;0.0098;-0.0062;0.5460;1.9831;0.5205;359.8175;0.0095;-0.0059;0.5409;2.1193;0.6174;359.5923;0;NULL;0.0095;-0.0059;0.5409;2.1193;0.6174;359.5923;ControllerBody;NULL;74331e22-d15e-49ae-974a-b7b2b1a343ae;NULL;NULL;NULL;NULL;0.0300;0.0000;0.0000;2.0000;OpenLoop;0.0000;2026-03-26 11:37:31.3226;Controllers;21;30;OpenXR
NULL;Right;NULL;NULL;Baseline;NULL;ControllerHoverConfirm;NULL;NULL;NULL;NULL;NULL;NULL;NULL;NULL;NULL;NULL;None;anonymous;NULL;Trial Accepted;TaskEvent;7220;76997878-c21b-4394-8be8-49129cf9087b;NULL;-0.0199;0.0067;-0.0267;354.8975;2.1797;1.1395;NULL;NULL;NULL;NULL;-0.0055;0.0000;2.0000;NULL;NULL;-0.0085;-0.4235;0.4636;45.8298;14.6011;195.6010;-0.0097;-0.4168;0.4568;45.7648;14.4044;195.4800;0;NULL;-0.0097;-0.4168;0.4568;45.7648;14.4044;195.4800;ControllerBody;NULL;NULL;NULL;NULL;NULL;NULL;NULL;NULL;NULL;NULL;NULL;NULL;NULL;0.0115;-0.0035;0.5425;2.0991;359.3306;0.5482;0.0097;-0.0029;0.5360;2.4133;359.3579;0.3533;0;NULL;0.0097;-0.0029;0.5360;2.4133;359.3579;0.3533;ControllerBody;NULL;74331e22-d15e-49ae-974a-b7b2b1a343ae;-0.5548;NULL;NULL;NULL;NULL;NULL;NULL;NULL;OpenLoop;3.4165;2026-03-26 11:37:34.7358;Controllers;21;30;OpenXR
NULL;Right;NULL;NULL;Baseline;NULL;ControllerHoverConfirm;NULL;NULL;NULL;NULL;NULL;NULL;NULL;NULL;NULL;NULL;None;anonymous;NULL;Trial Started;TaskEvent;7220;76997878-c21b-4394-8be8-49129cf9087b;NULL;-0.0199;0.0067;-0.0267;354.8975;2.1797;1.1395;NULL;NULL;NULL;NULL;NULL;NULL;NULL;NULL;NULL;-0.0085;-0.4235;0.4636;45.8298;14.6011;195.6010;-0.0097;-0.4168;0.4568;45.7648;14.4044;195.4800;0;NULL;-0.0097;-0.4168;0.4568;45.7648;14.4044;195.4800;ControllerBody;NULL;NULL;NULL;NULL;NULL;NULL;NULL;NULL;NULL;NULL;NULL;NULL;NULL;0.0115;-0.0035;0.5425;2.0991;359.3306;0.5482;0.0097;-0.0029;0.5360;2.4133;359.3579;0.3533;0;NULL;0.0097;-0.0029;0.5360;2.4133;359.3579;0.3533;ControllerBody;NULL;74331e22-d15e-49ae-974a-b7b2b1a343ae;NULL;NULL;NULL;NULL;0.0300;0.0000;0.0000;2.0000;OpenLoop;0.0000;2026-03-26 11:37:34.7400;Controllers;22;30;OpenXR
NULL;Right;NULL;NULL;Baseline;NULL;ControllerHoverConfirm;NULL;NULL;NULL;NULL;NULL;NULL;NULL;NULL;NULL;NULL;None;anonymous;NULL;Trial Accepted;TaskEvent;7532;76997878-c21b-4394-8be8-49129cf9087b;NULL;-0.0224;0.0033;-0.0267;357.3807;2.8154;1.2118;NULL;NULL;NULL;NULL;-0.0140;0.0000;2.0000;NULL;NULL;-0.0084;-0.4224;0.4624;45.8315;14.5922;195.5949;-0.0095;-0.4156;0.4572;45.8762;14.3861;195.4556;0;NULL;-0.0095;-0.4156;0.4572;45.8762;14.3861;195.4556;ControllerBody;NULL;NULL;NULL;NULL;NULL;NULL;NULL;NULL;NULL;NULL;NULL;NULL;NULL;0.0093;-0.0038;0.5422;0.9826;359.0848;0.5713;0.0095;-0.0044;0.5362;1.2244;359.2319;0.7282;0;NULL;0.0095;-0.0044;0.5362;1.2244;359.2319;0.7282;ControllerBody;NULL;74331e22-d15e-49ae-974a-b7b2b1a343ae;-1.4010;NULL;NULL;NULL;NULL;NULL;NULL;NULL;OpenLoop;3.2167;2026-03-26 11:37:37.9529;Controllers;22;30;OpenXR
NULL;Right;NULL;NULL;Baseline;NULL;ControllerHoverConfirm;NULL;NULL;NULL;NULL;NULL;NULL;NULL;NULL;NULL;NULL;None;anonymous;NULL;Trial Started;TaskEvent;7532;76997878-c21b-4394-8be8-49129cf9087b;NULL;-0.0224;0.0033;-0.0267;357.3807;2.8154;1.2118;NULL;NULL;NULL;NULL;NULL;NULL;NULL;NULL;NULL;-0.0084;-0.4224;0.4624;45.8315;14.5922;195.5949;-0.0095;-0.4156;0.4572;45.8762;14.3861;195.4556;0;NULL;-0.0095;-0.4156;0.4572;45.8762;14.3861;195.4556;ControllerBody;NULL;NULL;NULL;NULL;NULL;NULL;NULL;NULL;NULL;NULL;NULL;NULL;NULL;0.0093;-0.0038;0.5422;0.9826;359.0848;0.5713;0.0095;-0.0044;0.5362;1.2244;359.2319;0.7282;0;NULL;0.0095;-0.0044;0.5362;1.2244;359.2319;0.7282;ControllerBody;NULL;74331e22-d15e-49ae-974a-b7b2b1a343ae;NULL;NULL;NULL;NULL;0.0300;0.0000;0.0000;2.0000;OpenLoop;0.0000;2026-03-26 11:37:37.9560;Controllers;23;30;OpenXR
NULL;Right;NULL;NULL;Baseline;NULL;ControllerHoverConfirm;NULL;NULL;NULL;NULL;NULL;NULL;NULL;NULL;NULL;NULL;None;anonymous;NULL;Trial Accepted;TaskEvent;7835;76997878-c21b-4394-8be8-49129cf9087b;NULL;-0.0226;0.0054;-0.0278;356.5840;2.6339;0.9418;NULL;NULL;NULL;NULL;0.0203;0.0000;2.0000;NULL;NULL;-0.0090;-0.4216;0.4621;45.8311;14.5847;195.5894;-0.0104;-0.4166;0.4577;45.8033;14.3659;195.4269;0;NULL;-0.0104;-0.4166;0.4577;45.8033;14.3659;195.4269;ControllerBody;NULL;NULL;NULL;NULL;NULL;NULL;NULL;NULL;NULL;NULL;NULL;NULL;NULL;0.0110;-0.0066;0.5460;0.8520;0.3662;0.8516;0.0105;-0.0072;0.5390;0.8832;0.4736;1.0615;0;NULL;0.0105;-0.0072;0.5390;0.8832;0.4736;1.0615;ControllerBody;NULL;74331e22-d15e-49ae-974a-b7b2b1a343ae;2.0284;NULL;NULL;NULL;NULL;NULL;NULL;NULL;OpenLoop;3.2489;2026-03-26 11:37:41.2001;Controllers;23;30;OpenXR
NULL;Right;NULL;NULL;Baseline;NULL;ControllerHoverConfirm;NULL;NULL;NULL;NULL;NULL;NULL;NULL;NULL;NULL;NULL;None;anonymous;NULL;Trial Started;TaskEvent;7835;76997878-c21b-4394-8be8-49129cf9087b;NULL;-0.0226;0.0054;-0.0278;356.5840;2.6339;0.9418;NULL;NULL;NULL;NULL;NULL;NULL;NULL;NULL;NULL;-0.0090;-0.4216;0.4621;45.8311;14.5847;195.5894;-0.0104;-0.4166;0.4577;45.8033;14.3659;195.4269;0;NULL;-0.0104;-0.4166;0.4577;45.8033;14.3659;195.4269;ControllerBody;NULL;NULL;NULL;NULL;NULL;NULL;NULL;NULL;NULL;NULL;NULL;NULL;NULL;0.0110;-0.0066;0.5460;0.8520;0.3662;0.8516;0.0105;-0.0072;0.5390;0.8832;0.4736;1.0615;0;NULL;0.0105;-0.0072;0.5390;0.8832;0.4736;1.0615;ControllerBody;NULL;74331e22-d15e-49ae-974a-b7b2b1a343ae;NULL;NULL;NULL;NULL;0.0300;0.0000;0.0000;2.0000;OpenLoop;0.0000;2026-03-26 11:37:41.2046;Controllers;24;30;OpenXR
NULL;Right;NULL;NULL;Baseline;NULL;ControllerHoverConfirm;NULL;NULL;NULL;NULL;NULL;NULL;NULL;NULL;NULL;NULL;None;anonymous;NULL;Trial Accepted;TaskEvent;8138;76997878-c21b-4394-8be8-49129cf9087b;NULL;-0.0234;0.0054;-0.0300;355.8572;2.4054;0.5187;NULL;NULL;NULL;NULL;0.0270;0.0000;2.0000;NULL;NULL;-0.0092;-0.4199;0.4605;45.8456;14.5116;195.5273;-0.0102;-0.4176;0.4583;45.7823;14.3144;195.3385;0;NULL;-0.0102;-0.4176;0.4583;45.7823;14.3144;195.3385;ControllerBody;NULL;NULL;NULL;NULL;NULL;NULL;NULL;NULL;NULL;NULL;NULL;NULL;NULL;0.0089;-0.0090;0.5506;2.0039;0.7157;1.3546;0.0105;-0.0087;0.5429;2.0852;0.8569;1.2410;0;NULL;0.0105;-0.0087;0.5429;2.0852;0.8569;1.2410;ControllerBody;NULL;74331e22-d15e-49ae-974a-b7b2b1a343ae;2.7050;NULL;NULL;NULL;NULL;NULL;NULL;NULL;OpenLoop;3.1570;2026-03-26 11:37:44.3576;Controllers;24;30;OpenXR
NULL;Right;NULL;NULL;Baseline;NULL;ControllerHoverConfirm;NULL;NULL;NULL;NULL;NULL;NULL;NULL;NULL;NULL;NULL;None;anonymous;NULL;Trial Started;TaskEvent;8138;76997878-c21b-4394-8be8-49129cf9087b;NULL;-0.0234;0.0054;-0.0300;355.8572;2.4054;0.5187;NULL;NULL;NULL;NULL;NULL;NULL;NULL;NULL;NULL;-0.0092;-0.4199;0.4605;45.8456;14.5116;195.5273;-0.0102;-0.4176;0.4583;45.7823;14.3144;195.3385;0;NULL;-0.0102;-0.4176;0.4583;45.7823;14.3144;195.3385;ControllerBody;NULL;NULL;NULL;NULL;NULL;NULL;NULL;NULL;NULL;NULL;NULL;NULL;NULL;0.0089;-0.0090;0.5506;2.0039;0.7157;1.3546;0.0105;-0.0087;0.5429;2.0852;0.8569;1.2410;0;NULL;0.0105;-0.0087;0.5429;2.0852;0.8569;1.2410;ControllerBody;NULL;74331e22-d15e-49ae-974a-b7b2b1a343ae;NULL;NULL;NULL;NULL;0.0300;0.0000;0.0000;2.0000;OpenLoop;0.0000;2026-03-26 11:37:44.3618;Controllers;25;30;OpenXR
NULL;Right;NULL;NULL;Baseline;NULL;ControllerHoverConfirm;NULL;NULL;NULL;NULL;NULL;NULL;NULL;NULL;NULL;NULL;None;anonymous;NULL;Trial Accepted;TaskEvent;8446;76997878-c21b-4394-8be8-49129cf9087b;NULL;-0.0235;0.0052;-0.0313;355.5965;2.1844;0.4776;NULL;NULL;NULL;NULL;0.0089;0.0000;2.0000;NULL;NULL;-0.0092;-0.4185;0.4593;45.8626;14.4462;195.4650;-0.0107;-0.4127;0.4535;45.8269;14.2991;195.2878;0;NULL;-0.0107;-0.4127;0.4535;45.8269;14.2991;195.2878;ControllerBody;NULL;NULL;NULL;NULL;NULL;NULL;NULL;NULL;NULL;NULL;NULL;NULL;NULL;0.0100;-0.0089;0.5500;2.3000;359.9571;1.3093;0.0095;-0.0069;0.5416;2.2505;359.9611;1.2135;0;NULL;0.0095;-0.0069;0.5416;2.2505;359.9611;1.2135;ControllerBody;NULL;74331e22-d15e-49ae-974a-b7b2b1a343ae;0.8926;NULL;NULL;NULL;NULL;NULL;NULL;NULL;OpenLoop;3.1904;2026-03-26 11:37:47.5475;Controllers;25;30;OpenXR
NULL;Right;NULL;NULL;Baseline;NULL;ControllerHoverConfirm;NULL;NULL;NULL;NULL;NULL;NULL;NULL;NULL;NULL;NULL;None;anonymous;NULL;Trial Started;TaskEvent;8446;76997878-c21b-4394-8be8-49129cf9087b;NULL;-0.0235;0.0052;-0.0313;355.5965;2.1844;0.4776;NULL;NULL;NULL;NULL;NULL;NULL;NULL;NULL;NULL;-0.0092;-0.4185;0.4593;45.8626;14.4462;195.4650;-0.0107;-0.4127;0.4535;45.8269;14.2991;195.2878;0;NULL;-0.0107;-0.4127;0.4535;45.8269;14.2991;195.2878;ControllerBody;NULL;NULL;NULL;NULL;NULL;NULL;NULL;NULL;NULL;NULL;NULL;NULL;NULL;0.0100;-0.0089;0.5500;2.3000;359.9571;1.3093;0.0095;-0.0069;0.5416;2.2505;359.9611;1.2135;0;NULL;0.0095;-0.0069;0.5416;2.2505;359.9611;1.2135;ControllerBody;NULL;74331e22-d15e-49ae-974a-b7b2b1a343ae;NULL;NULL;NULL;NULL;0.0300;0.0000;0.0000;2.0000;OpenLoop;0.0000;2026-03-26 11:37:47.5521;Controllers;26;30;OpenXR
NULL;Right;NULL;NULL;Baseline;NULL;ControllerHoverConfirm;NULL;NULL;NULL;NULL;NULL;NULL;NULL;NULL;NULL;NULL;None;anonymous;NULL;Trial Accepted;TaskEvent;8990;76997878-c21b-4394-8be8-49129cf9087b;NULL;-0.0247;0.0053;-0.0313;355.6195;2.1906;1.0597;NULL;NULL;NULL;NULL;0.0144;0.0000;2.0000;NULL;NULL;-0.0091;-0.4211;0.4619;45.8508;14.4141;195.4242;-0.0101;-0.4166;0.4576;45.8070;14.2470;195.2064;0;NULL;-0.0101;-0.4166;0.4576;45.8070;14.2470;195.2064;ControllerBody;NULL;NULL;NULL;NULL;NULL;NULL;NULL;NULL;NULL;NULL;NULL;NULL;NULL;0.0082;-0.0096;0.5498;4.1492;0.2433;0.8433;0.0098;-0.0092;0.5446;4.3899;0.4980;0.7936;0;NULL;0.0098;-0.0092;0.5446;4.3899;0.4980;0.7936;ControllerBody;NULL;74331e22-d15e-49ae-974a-b7b2b1a343ae;1.4405;NULL;NULL;NULL;NULL;NULL;NULL;NULL;OpenLoop;5.8570;2026-03-26 11:37:54.1463;Controllers;26;30;OpenXR
NULL;Right;NULL;NULL;Baseline;NULL;ControllerHoverConfirm;NULL;NULL;NULL;NULL;NULL;NULL;NULL;NULL;NULL;NULL;None;anonymous;NULL;Trial Started;TaskEvent;8990;76997878-c21b-4394-8be8-49129cf9087b;NULL;-0.0247;0.0053;-0.0313;355.6195;2.1906;1.0597;NULL;NULL;NULL;NULL;NULL;NULL;NULL;NULL;NULL;-0.0091;-0.4211;0.4619;45.8508;14.4141;195.4242;-0.0101;-0.4166;0.4576;45.8070;14.2470;195.2064;0;NULL;-0.0101;-0.4166;0.4576;45.8070;14.2470;195.2064;ControllerBody;NULL;NULL;NULL;NULL;NULL;NULL;NULL;NULL;NULL;NULL;NULL;NULL;NULL;0.0082;-0.0096;0.5498;4.1492;0.2433;0.8433;0.0098;-0.0092;0.5446;4.3899;0.4980;0.7936;0;NULL;0.0098;-0.0092;0.5446;4.3899;0.4980;0.7936;ControllerBody;NULL;74331e22-d15e-49ae-974a-b7b2b1a343ae;NULL;NULL;NULL;NULL;0.0300;0.0000;0.0000;2.0000;OpenLoop;0.0000;2026-03-26 11:37:54.1504;Controllers;27;30;OpenXR
NULL;Right;NULL;NULL;Baseline;NULL;ControllerHoverConfirm;NULL;NULL;NULL;NULL;NULL;NULL;NULL;NULL;NULL;NULL;None;anonymous;NULL;Trial Accepted;TaskEvent;9297;76997878-c21b-4394-8be8-49129cf9087b;NULL;-0.0250;0.0047;-0.0307;355.7510;2.1181;1.0432;NULL;NULL;NULL;NULL;0.0023;0.0000;2.0000;NULL;NULL;-0.0090;-0.4218;0.4625;45.8442;14.3874;195.3899;-0.0103;-0.4170;0.4580;45.7956;14.2180;195.1763;0;NULL;-0.0103;-0.4170;0.4580;45.7956;14.2180;195.1763;ControllerBody;NULL;NULL;NULL;NULL;NULL;NULL;NULL;NULL;NULL;NULL;NULL;NULL;NULL;0.0076;-0.0087;0.5504;3.3739;359.7898;0.7972;0.0089;-0.0068;0.5436;3.2843;0.1114;0.8821;0;NULL;0.0089;-0.0068;0.5436;3.2843;0.1114;0.8821;ControllerBody;NULL;74331e22-d15e-49ae-974a-b7b2b1a343ae;0.2266;NULL;NULL;NULL;NULL;NULL;NULL;NULL;OpenLoop;3.0999;2026-03-26 11:37:57.2460;Controllers;27;30;OpenXR
NULL;Right;NULL;NULL;Baseline;NULL;ControllerHoverConfirm;NULL;NULL;NULL;NULL;NULL;NULL;NULL;NULL;NULL;NULL;None;anonymous;NULL;Trial Started;TaskEvent;9297;76997878-c21b-4394-8be8-49129cf9087b;NULL;-0.0250;0.0047;-0.0307;355.7510;2.1181;1.0432;NULL;NULL;NULL;NULL;NULL;NULL;NULL;NULL;NULL;-0.0090;-0.4218;0.4625;45.8442;14.3874;195.3899;-0.0103;-0.4170;0.4580;45.7956;14.2180;195.1763;0;NULL;-0.0103;-0.4170;0.4580;45.7956;14.2180;195.1763;ControllerBody;NULL;NULL;NULL;NULL;NULL;NULL;NULL;NULL;NULL;NULL;NULL;NULL;NULL;0.0076;-0.0087;0.5504;3.3739;359.7898;0.7972;0.0089;-0.0068;0.5436;3.2843;0.1114;0.8821;0;NULL;0.0089;-0.0068;0.5436;3.2843;0.1114;0.8821;ControllerBody;NULL;74331e22-d15e-49ae-974a-b7b2b1a343ae;NULL;NULL;NULL;NULL;0.0300;0.0000;0.0000;2.0000;OpenLoop;0.0000;2026-03-26 11:37:57.2491;Controllers;28;30;OpenXR
NULL;Right;NULL;NULL;Baseline;NULL;ControllerHoverConfirm;NULL;NULL;NULL;NULL;NULL;NULL;NULL;NULL;NULL;NULL;None;anonymous;NULL;Trial Accepted;TaskEvent;9607;76997878-c21b-4394-8be8-49129cf9087b;NULL;-0.0215;0.0043;-0.0305;356.3625;2.7527;0.6071;NULL;NULL;NULL;NULL;0.0067;0.0000;2.0000;NULL;NULL;-0.0090;-0.4220;0.4628;45.8438;14.3862;195.3884;-0.0103;-0.4170;0.4580;45.7956;14.2180;195.1765;0;NULL;-0.0103;-0.4170;0.4580;45.7956;14.2180;195.1765;ControllerBody;NULL;NULL;NULL;NULL;NULL;NULL;NULL;NULL;NULL;NULL;NULL;NULL;NULL;0.0116;-0.0101;0.5498;2.5851;359.8029;1.0599;0.0114;-0.0084;0.5432;2.5958;359.8857;0.9633;0;NULL;0.0114;-0.0084;0.5432;2.5958;359.8857;0.9633;ControllerBody;NULL;74331e22-d15e-49ae-974a-b7b2b1a343ae;0.6656;NULL;NULL;NULL;NULL;NULL;NULL;NULL;OpenLoop;3.0822;2026-03-26 11:38:00.3277;Controllers;28;30;OpenXR
NULL;Right;NULL;NULL;Baseline;NULL;ControllerHoverConfirm;NULL;NULL;NULL;NULL;NULL;NULL;NULL;NULL;NULL;NULL;None;anonymous;NULL;Trial Started;TaskEvent;9607;76997878-c21b-4394-8be8-49129cf9087b;NULL;-0.0215;0.0043;-0.0305;356.3625;2.7527;0.6071;NULL;NULL;NULL;NULL;NULL;NULL;NULL;NULL;NULL;-0.0090;-0.4220;0.4628;45.8438;14.3862;195.3884;-0.0103;-0.4170;0.4580;45.7956;14.2180;195.1765;0;NULL;-0.0103;-0.4170;0.4580;45.7956;14.2180;195.1765;ControllerBody;NULL;NULL;NULL;NULL;NULL;NULL;NULL;NULL;NULL;NULL;NULL;NULL;NULL;0.0116;-0.0101;0.5498;2.5851;359.8029;1.0599;0.0114;-0.0084;0.5432;2.5958;359.8857;0.9633;0;NULL;0.0114;-0.0084;0.5432;2.5958;359.8857;0.9633;ControllerBody;NULL;74331e22-d15e-49ae-974a-b7b2b1a343ae;NULL;NULL;NULL;NULL;0.0300;0.0000;0.0000;2.0000;OpenLoop;0.0000;2026-03-26 11:38:00.3318;Controllers;29;30;OpenXR
NULL;Right;NULL;NULL;Baseline;NULL;ControllerHoverConfirm;NULL;NULL;NULL;NULL;NULL;NULL;NULL;NULL;NULL;NULL;None;anonymous;NULL;Trial Accepted;TaskEvent;9904;76997878-c21b-4394-8be8-49129cf9087b;NULL;-0.0201;0.0033;-0.0307;356.5827;3.2435;0.1796;NULL;NULL;NULL;NULL;-0.0073;0.0000;2.0000;NULL;NULL;-0.0091;-0.4210;0.4618;45.8392;14.3715;195.3693;-0.0105;-0.4150;0.4560;45.7845;14.2054;195.1504;0;NULL;-0.0105;-0.4150;0.4560;45.7845;14.2054;195.1504;ControllerBody;NULL;NULL;NULL;NULL;NULL;NULL;NULL;NULL;NULL;NULL;NULL;NULL;NULL;0.0124;-0.0074;0.5460;1.5618;359.2244;359.8540;0.0100;-0.0041;0.5374;1.2525;359.2280;0.4387;0;NULL;0.0100;-0.0041;0.5374;1.2525;359.2280;0.4387;ControllerBody;NULL;74331e22-d15e-49ae-974a-b7b2b1a343ae;-0.7332;NULL;NULL;NULL;NULL;NULL;NULL;NULL;OpenLoop;3.1409;2026-03-26 11:38:03.4685;Controllers;29;30;OpenXR
NULL;Right;NULL;NULL;Baseline;NULL;ControllerHoverConfirm;NULL;NULL;NULL;NULL;NULL;NULL;NULL;NULL;NULL;NULL;None;anonymous;NULL;Trial Started;TaskEvent;9904;76997878-c21b-4394-8be8-49129cf9087b;NULL;-0.0201;0.0033;-0.0307;356.5827;3.2435;0.1796;NULL;NULL;NULL;NULL;NULL;NULL;NULL;NULL;NULL;-0.0091;-0.4210;0.4618;45.8392;14.3715;195.3693;-0.0105;-0.4150;0.4560;45.7845;14.2054;195.1504;0;NULL;-0.0105;-0.4150;0.4560;45.7845;14.2054;195.1504;ControllerBody;NULL;NULL;NULL;NULL;NULL;NULL;NULL;NULL;NULL;NULL;NULL;NULL;NULL;0.0124;-0.0074;0.5460;1.5618;359.2244;359.8540;0.0100;-0.0041;0.5374;1.2525;359.2280;0.4387;0;NULL;0.0100;-0.0041;0.5374;1.2525;359.2280;0.4387;ControllerBody;NULL;74331e22-d15e-49ae-974a-b7b2b1a343ae;NULL;NULL;NULL;NULL;0.0300;0.0000;0.0000;2.0000;OpenLoop;0.0000;2026-03-26 11:38:03.4716;Controllers;30;30;OpenXR
NULL;Right;NULL;NULL;Baseline;NULL;ControllerHoverConfirm;NULL;NULL;NULL;NULL;NULL;NULL;NULL;NULL;NULL;NULL;None;anonymous;NULL;Trial Accepted;TaskEvent;10202;76997878-c21b-4394-8be8-49129cf9087b;NULL;-0.0203;0.0047;-0.0307;356.1024;2.9628;0.5576;NULL;NULL;NULL;NULL;0.0114;0.0000;2.0000;NULL;NULL;-0.0090;-0.4214;0.4621;45.8375;14.3601;195.3537;-0.0101;-0.4164;0.4573;45.7939;14.2028;195.1358;0;NULL;-0.0101;-0.4164;0.4573;45.7939;14.2028;195.1358;ControllerBody;NULL;NULL;NULL;NULL;NULL;NULL;NULL;NULL;NULL;NULL;NULL;NULL;NULL;0.0121;-0.0095;0.5477;3.3243;359.9739;1.0331;0.0109;-0.0071;0.5413;3.1234;0.0456;1.2306;0;NULL;0.0109;-0.0071;0.5413;3.1234;0.0456;1.2306;ControllerBody;NULL;74331e22-d15e-49ae-974a-b7b2b1a343ae;1.1414;NULL;NULL;NULL;NULL;NULL;NULL;NULL;OpenLoop;3.1403;2026-03-26 11:38:06.6095;Controllers;30;30;OpenXR
NULL;Right;NULL;NULL;Baseline;NULL;ControllerHoverConfirm;NULL;NULL;NULL;NULL;NULL;NULL;NULL;NULL;NULL;NULL;None;anonymous;NULL;Block Completed;BlockEvent;10202;76997878-c21b-4394-8be8-49129cf9087b;NULL;-0.0203;0.0047;-0.0307;356.1024;2.9628;0.5576;NULL;NULL;NULL;NULL;NULL;NULL;NULL;NULL;NULL;-0.0090;-0.4214;0.4621;45.8375;14.3601;195.3537;-0.0101;-0.4164;0.4573;45.7939;14.2028;195.1358;0;NULL;-0.0101;-0.4164;0.4573;45.7939;14.2028;195.1358;ControllerBody;NULL;NULL;NULL;1.2027;NULL;NULL;NULL;NULL;NULL;NULL;NULL;NULL;NULL;0.0121;-0.0095;0.5477;3.3243;359.9739;1.0331;0.0109;-0.0071;0.5413;3.1234;0.0456;1.2306;0;NULL;0.0109;-0.0071;0.5413;3.1234;0.0456;1.2306;ControllerBody;2.0996;74331e22-d15e-49ae-974a-b7b2b1a343ae;NULL;NULL;NULL;NULL;NULL;NULL;NULL;NULL;OpenLoop;0.0000;2026-03-26 11:38:06.6152;Controllers;NULL;30;OpenXR
NULL;Right;NULL;NULL;Exposure;NULL;ControllerHoverConfirm;NULL;NULL;NULL;NULL;NULL;NULL;NULL;NULL;NULL;NULL;None;anonymous;NULL;Exposure Started;BlockEvent;10399;76997878-c21b-4394-8be8-49129cf9087b;NULL;0.0144;0.0052;0.0068;357.9951;1.4963;356.8326;NULL;NULL;NULL;NULL;NULL;NULL;NULL;NULL;NULL;-0.0097;-0.4200;0.4597;45.8029;14.3311;195.3053;-0.0116;-0.4135;0.4528;45.7250;14.2058;195.1068;0;NULL;-0.0116;-0.4135;0.4528;45.7250;14.2058;195.1068;ControllerBody;NULL;NULL;NULL;NULL;NULL;NULL;NULL;NULL;NULL;NULL;NULL;NULL;NULL;-0.1200;-0.2815;0.3478;7.8038;304.2767;75.6132;-0.1118;-0.2763;0.3406;7.4756;303.6191;75.7280;0;NULL;-0.1118;-0.2763;0.3406;7.4756;303.6191;75.7280;ControllerBody;NULL;74331e22-d15e-49ae-974a-b7b2b1a343ae;NULL;OpenLoop;NULL;NULL;NULL;NULL;NULL;NULL;Exposure;2.0077;2026-03-26 11:38:08.6168;Controllers;NULL;NULL;OpenXR
NULL;Right;NULL;NULL;Exposure;NULL;ControllerHoverConfirm;2;1;0;0;0;0;0.5000;0.0000;2.0000;NULL;None;anonymous;NULL;Mole Spawned;MoleEvent;10399;76997878-c21b-4394-8be8-49129cf9087b;NULL;0.0144;0.0052;0.0068;357.9951;1.4963;356.8326;NULL;NULL;NULL;NULL;NULL;NULL;NULL;NULL;NULL;-0.0097;-0.4200;0.4597;45.8029;14.3311;195.3053;-0.0116;-0.4135;0.4528;45.7250;14.2058;195.1068;0;NULL;-0.0116;-0.4135;0.4528;45.7250;14.2058;195.1068;ControllerBody;NULL;NULL;NULL;NULL;2;1;0;0;0;0;0.5000;0.0000;2.0000;-0.1200;-0.2815;0.3478;7.8038;304.2767;75.6132;-0.1118;-0.2763;0.3406;7.4756;303.6191;75.7280;0;NULL;-0.1118;-0.2763;0.3406;7.4756;303.6191;75.7280;ControllerBody;NULL;74331e22-d15e-49ae-974a-b7b2b1a343ae;NULL;NULL;NULL;1;NULL;0.5000;0.0000;2.0000;Exposure;0.0000;2026-03-26 11:38:08.6258;Controllers;NULL;NULL;OpenXR
NULL;Right;NULL;1;Exposure;NULL;ControllerHoverConfirm;2;1;0;0;0;0;0.5000;0.0000;2.0000;NULL;None;anonymous;NULL;Pointer Shoot;PointerEvent;10776;76997878-c21b-4394-8be8-49129cf9087b;NULL;-0.0385;-0.0019;-0.0182;359.3789;13.9752;359.7547;NULL;0.5057;-0.0827;2.0000;0.5057;-0.0827;2.0000;NULL;NULL;-0.0102;-0.4192;0.4583;45.8016;14.3298;195.3032;-0.0116;-0.4135;0.4528;45.7250;14.2059;195.1068;0;NULL;-0.0116;-0.4135;0.4528;45.7250;14.2059;195.1068;ControllerBody;NULL;NULL;NULL;NULL;2;1;0;0;0;0;0.5000;0.0000;2.0000;0.1376;-0.0177;0.5373;2.4684;14.1249;1.3369;0.1386;-0.0168;0.5305;2.6114;14.1508;1.2959;0;NULL;0.1386;-0.0168;0.5305;2.6114;14.1508;1.2959;ControllerBody;NULL;74331e22-d15e-49ae-974a-b7b2b1a343ae;NULL;NULL;0;1;NULL;0.5000;0.0000;2.0000;Exposure;4.0993;2026-03-26 11:38:12.7186;Controllers;NULL;NULL;OpenXR
NULL;Right;NULL;1;Exposure;NULL;ControllerHoverConfirm;2;1;0;0;0;0;0.5000;0.0000;2.0000;NULL;None;anonymous;NULL;Mole Hit;MoleEvent;10776;76997878-c21b-4394-8be8-49129cf9087b;NULL;-0.0385;-0.0019;-0.0182;359.3789;13.9752;359.7547;0.0829;0.5057;-0.0827;2.0000;0.5057;-0.0827;2.0000;NULL;1;-0.0102;-0.4192;0.4583;45.8016;14.3298;195.3032;-0.0116;-0.4135;0.4528;45.7250;14.2059;195.1068;0;NULL;-0.0116;-0.4135;0.4528;45.7250;14.2059;195.1068;ControllerBody;NULL;NULL;NULL;NULL;2;1;0;0;0;0;0.5000;0.0000;2.0000;0.1376;-0.0177;0.5373;2.4684;14.1249;1.3369;0.1386;-0.0168;0.5305;2.6114;14.1508;1.2959;0;NULL;0.1386;-0.0168;0.5305;2.6114;14.1508;1.2959;ControllerBody;NULL;74331e22-d15e-49ae-974a-b7b2b1a343ae;NULL;NULL;0;1;NULL;0.5000;0.0000;2.0000;Exposure;0.0000;2026-03-26 11:38:12.7243;Controllers;NULL;NULL;OpenXR
NULL;Right;NULL;NULL;Exposure;NULL;ControllerHoverConfirm;1;0;0;-1;0;0;0.0000;0.0000;2.0000;NULL;None;anonymous;NULL;Mole Spawned;MoleEvent;10776;76997878-c21b-4394-8be8-49129cf9087b;NULL;-0.0385;-0.0019;-0.0182;359.3789;13.9752;359.7547;NULL;NULL;NULL;NULL;NULL;NULL;NULL;NULL;NULL;-0.0102;-0.4192;0.4583;45.8016;14.3298;195.3032;-0.0116;-0.4135;0.4528;45.7250;14.2059;195.1068;0;NULL;-0.0116;-0.4135;0.4528;45.7250;14.2059;195.1068;ControllerBody;NULL;NULL;NULL;NULL;1;0;0;-1;0;0;0.0000;0.0000;2.0000;0.1376;-0.0177;0.5373;2.4684;14.1249;1.3369;0.1386;-0.0168;0.5305;2.6114;14.1508;1.2959;0;NULL;0.1386;-0.0168;0.5305;2.6114;14.1508;1.2959;ControllerBody;NULL;74331e22-d15e-49ae-974a-b7b2b1a343ae;NULL;NULL;NULL;0;NULL;0.0000;0.0000;2.0000;Exposure;0.0000;2026-03-26 11:38:12.7300;Controllers;NULL;NULL;OpenXR
NULL;Right;NULL;2;Exposure;NULL;ControllerHoverConfirm;1;0;0;-1;0;0;0.0000;0.0000;2.0000;NULL;None;anonymous;NULL;Pointer Shoot;PointerEvent;11064;76997878-c21b-4394-8be8-49129cf9087b;NULL;-0.0349;0.0000;-0.0276;358.6849;1.9787;1.1795;NULL;-0.0144;0.0034;2.0000;-0.0144;0.0034;2.0000;NULL;NULL;-0.0102;-0.4191;0.4582;45.8016;14.3298;195.3032;-0.0116;-0.4135;0.4528;45.7249;14.2058;195.1067;0;NULL;-0.0116;-0.4135;0.4528;45.7249;14.2058;195.1067;ControllerBody;NULL;NULL;NULL;NULL;1;0;0;-1;0;0;0.0000;0.0000;2.0000;-0.0028;-0.0145;0.5496;359.2955;359.5439;-0.0024;-0.0029;-0.0148;0.5445;359.2833;359.7843;0.3028;0;NULL;-0.0029;-0.0148;0.5445;359.2833;359.7843;0.3028;ControllerBody;NULL;74331e22-d15e-49ae-974a-b7b2b1a343ae;NULL;NULL;1;0;NULL;0.0000;0.0000;2.0000;Exposure;3.1008;2026-03-26 11:38:15.8165;Controllers;NULL;NULL;OpenXR
NULL;Right;NULL;2;Exposure;NULL;ControllerHoverConfirm;1;0;0;-1;0;0;0.0000;0.0000;2.0000;NULL;None;anonymous;NULL;Mole Hit;MoleEvent;11064;76997878-c21b-4394-8be8-49129cf9087b;NULL;-0.0349;0.0000;-0.0276;358.6849;1.9787;1.1795;0.0147;-0.0144;0.0034;2.0000;-0.0144;0.0034;2.0000;NULL;1;-0.0102;-0.4191;0.4582;45.8016;14.3298;195.3032;-0.0116;-0.4135;0.4528;45.7249;14.2058;195.1067;0;NULL;-0.0116;-0.4135;0.4528;45.7249;14.2058;195.1067;ControllerBody;NULL;NULL;NULL;NULL;1;0;0;-1;0;0;0.0000;0.0000;2.0000;-0.0028;-0.0145;0.5496;359.2955;359.5439;-0.0024;-0.0029;-0.0148;0.5445;359.2833;359.7843;0.3028;0;NULL;-0.0029;-0.0148;0.5445;359.2833;359.7843;0.3028;ControllerBody;NULL;74331e22-d15e-49ae-974a-b7b2b1a343ae;NULL;NULL;1;0;NULL;0.0000;0.0000;2.0000;Exposure;0.0000;2026-03-26 11:38:15.8207;Controllers;NULL;NULL;OpenXR
NULL;Right;NULL;NULL;Exposure;NULL;ControllerHoverConfirm;2;1;0;0;0;0;0.5000;0.0000;2.0000;NULL;None;anonymous;NULL;Mole Spawned;MoleEvent;11064;76997878-c21b-4394-8be8-49129cf9087b;NULL;-0.0349;0.0000;-0.0276;358.6849;1.9787;1.1795;NULL;NULL;NULL;NULL;NULL;NULL;NULL;NULL;NULL;-0.0102;-0.4191;0.4582;45.8016;14.3298;195.3032;-0.0116;-0.4135;0.4528;45.7249;14.2058;195.1067;0;NULL;-0.0116;-0.4135;0.4528;45.7249;14.2058;195.1067;ControllerBody;NULL;NULL;NULL;NULL;2;1;0;0;0;0;0.5000;0.0000;2.0000;-0.0028;-0.0145;0.5496;359.2955;359.5439;-0.0024;-0.0029;-0.0148;0.5445;359.2833;359.7843;0.3028;0;NULL;-0.0029;-0.0148;0.5445;359.2833;359.7843;0.3028;ControllerBody;NULL;74331e22-d15e-49ae-974a-b7b2b1a343ae;NULL;NULL;NULL;1;NULL;0.5000;0.0000;2.0000;Exposure;0.0000;2026-03-26 11:38:15.8253;Controllers;NULL;NULL;OpenXR
NULL;Right;NULL;3;Exposure;NULL;ControllerHoverConfirm;2;1;0;0;0;0;0.5000;0.0000;2.0000;NULL;None;anonymous;NULL;Pointer Shoot;PointerEvent;11347;76997878-c21b-4394-8be8-49129cf9087b;NULL;-0.0267;0.0009;-0.0249;358.4471;11.3628;0.6298;NULL;0.5260;-0.0224;2.0000;0.5260;-0.0224;2.0000;NULL;NULL;-0.0096;-0.4169;0.4564;45.8011;14.3243;195.2945;-0.0108;-0.4108;0.4506;45.7626;14.2141;195.0946;0;NULL;-0.0108;-0.4108;0.4506;45.7626;14.2141;195.0946;ControllerBody;NULL;NULL;NULL;NULL;2;1;0;0;0;0;0.5000;0.0000;2.0000;0.1521;-0.0275;0.5449;359.8047;14.4133;1.9229;0.1511;-0.0298;0.5400;359.9858;14.7498;1.8301;0;NULL;0.1511;-0.0298;0.5400;359.9858;14.7498;1.8301;ControllerBody;NULL;74331e22-d15e-49ae-974a-b7b2b1a343ae;NULL;NULL;2;1;NULL;0.5000;0.0000;2.0000;Exposure;2.8885;2026-03-26 11:38:18.7070;Controllers;NULL;NULL;OpenXR
NULL;Right;NULL;3;Exposure;NULL;ControllerHoverConfirm;2;1;0;0;0;0;0.5000;0.0000;2.0000;NULL;None;anonymous;NULL;Mole Hit;MoleEvent;11347;76997878-c21b-4394-8be8-49129cf9087b;NULL;-0.0267;0.0009;-0.0249;358.4471;11.3628;0.6298;0.0343;0.5260;-0.0224;2.0000;0.5260;-0.0224;2.0000;NULL;1;-0.0096;-0.4169;0.4564;45.8011;14.3243;195.2945;-0.0108;-0.4108;0.4506;45.7626;14.2141;195.0946;0;NULL;-0.0108;-0.4108;0.4506;45.7626;14.2141;195.0946;ControllerBody;NULL;NULL;NULL;NULL;2;1;0;0;0;0;0.5000;0.0000;2.0000;0.1521;-0.0275;0.5449;359.8047;14.4133;1.9229;0.1511;-0.0298;0.5400;359.9858;14.7498;1.8301;0;NULL;0.1511;-0.0298;0.5400;359.9858;14.7498;1.8301;ControllerBody;NULL;74331e22-d15e-49ae-974a-b7b2b1a343ae;NULL;NULL;2;1;NULL;0.5000;0.0000;2.0000;Exposure;0.0000;2026-03-26 11:38:18.7106;Controllers;NULL;NULL;OpenXR
NULL;Right;NULL;NULL;Exposure;NULL;ControllerHoverConfirm;1;0;0;-1;0;0;0.0000;0.0000;2.0000;NULL;None;anonymous;NULL;Mole Spawned;MoleEvent;11347;76997878-c21b-4394-8be8-49129cf9087b;NULL;-0.0267;0.0009;-0.0249;358.4471;11.3628;0.6298;NULL;NULL;NULL;NULL;NULL;NULL;NULL;NULL;NULL;-0.0096;-0.4169;0.4564;45.8011;14.3243;195.2945;-0.0108;-0.4108;0.4506;45.7626;14.2141;195.0946;0;NULL;-0.0108;-0.4108;0.4506;45.7626;14.2141;195.0946;ControllerBody;NULL;NULL;NULL;NULL;1;0;0;-1;0;0;0.0000;0.0000;2.0000;0.1521;-0.0275;0.5449;359.8047;14.4133;1.9229;0.1511;-0.0298;0.5400;359.9858;14.7498;1.8301;0;NULL;0.1511;-0.0298;0.5400;359.9858;14.7498;1.8301;ControllerBody;NULL;74331e22-d15e-49ae-974a-b7b2b1a343ae;NULL;NULL;NULL;0;NULL;0.0000;0.0000;2.0000;Exposure;0.0000;2026-03-26 11:38:18.7152;Controllers;NULL;NULL;OpenXR
NULL;Right;NULL;4;Exposure;NULL;ControllerHoverConfirm;1;0;0;-1;0;0;0.0000;0.0000;2.0000;NULL;None;anonymous;NULL;Pointer Shoot;PointerEvent;11596;76997878-c21b-4394-8be8-49129cf9087b;NULL;-0.0262;0.0014;-0.0277;358.4165;2.4339;0.4920;NULL;0.0193;-0.0362;2.0000;0.0193;-0.0362;2.0000;NULL;NULL;-0.0096;-0.4165;0.4560;45.8011;14.3243;195.2945;-0.0108;-0.4108;0.4506;45.7630;14.2140;195.0943;0;NULL;-0.0108;-0.4108;0.4506;45.7630;14.2140;195.0943;ControllerBody;NULL;NULL;NULL;NULL;1;0;0;-1;0;0;0.0000;0.0000;2.0000;0.0056;-0.0305;0.5533;0.2235;0.5418;1.3856;0.0079;-0.0340;0.5469;0.5108;0.6989;1.2898;0;NULL;0.0079;-0.0340;0.5469;0.5108;0.6989;1.2898;ControllerBody;NULL;74331e22-d15e-49ae-974a-b7b2b1a343ae;NULL;NULL;3;0;NULL;0.0000;0.0000;2.0000;Exposure;2.5417;2026-03-26 11:38:21.2489;Controllers;NULL;NULL;OpenXR
NULL;Right;NULL;4;Exposure;NULL;ControllerHoverConfirm;1;0;0;-1;0;0;0.0000;0.0000;2.0000;NULL;None;anonymous;NULL;Mole Hit;MoleEvent;11596;76997878-c21b-4394-8be8-49129cf9087b;NULL;-0.0262;0.0014;-0.0277;358.4165;2.4339;0.4920;0.0410;0.0193;-0.0362;2.0000;0.0193;-0.0362;2.0000;NULL;1;-0.0096;-0.4165;0.4560;45.8011;14.3243;195.2945;-0.0108;-0.4108;0.4506;45.7630;14.2140;195.0943;0;NULL;-0.0108;-0.4108;0.4506;45.7630;14.2140;195.0943;ControllerBody;NULL;NULL;NULL;NULL;1;0;0;-1;0;0;0.0000;0.0000;2.0000;0.0056;-0.0305;0.5533;0.2235;0.5418;1.3856;0.0079;-0.0340;0.5469;0.5108;0.6989;1.2898;0;NULL;0.0079;-0.0340;0.5469;0.5108;0.6989;1.2898;ControllerBody;NULL;74331e22-d15e-49ae-974a-b7b2b1a343ae;NULL;NULL;3;0;NULL;0.0000;0.0000;2.0000;Exposure;0.0000;2026-03-26 11:38:21.2530;Controllers;NULL;NULL;OpenXR
NULL;Right;NULL;NULL;Exposure;NULL;ControllerHoverConfirm;2;1;0;0;0;0;0.5000;0.0000;2.0000;NULL;None;anonymous;NULL;Mole Spawned;MoleEvent;11596;76997878-c21b-4394-8be8-49129cf9087b;NULL;-0.0262;0.0014;-0.0277;358.4165;2.4339;0.4920;NULL;NULL;NULL;NULL;NULL;NULL;NULL;NULL;NULL;-0.0096;-0.4165;0.4560;45.8011;14.3243;195.2945;-0.0108;-0.4108;0.4506;45.7630;14.2140;195.0943;0;NULL;-0.0108;-0.4108;0.4506;45.7630;14.2140;195.0943;ControllerBody;NULL;NULL;NULL;NULL;2;1;0;0;0;0;0.5000;0.0000;2.0000;0.0056;-0.0305;0.5533;0.2235;0.5418;1.3856;0.0079;-0.0340;0.5469;0.5108;0.6989;1.2898;0;NULL;0.0079;-0.0340;0.5469;0.5108;0.6989;1.2898;ControllerBody;NULL;74331e22-d15e-49ae-974a-b7b2b1a343ae;NULL;NULL;NULL;1;NULL;0.5000;0.0000;2.0000;Exposure;0.0000;2026-03-26 11:38:21.2576;Controllers;NULL;NULL;OpenXR
NULL;Right;NULL;5;Exposure;NULL;ControllerHoverConfirm;2;1;0;0;0;0;0.5000;0.0000;2.0000;NULL;None;anonymous;NULL;Pointer Shoot;PointerEvent;11854;76997878-c21b-4394-8be8-49129cf9087b;NULL;-0.0243;-0.0008;-0.0284;359.1769;9.6988;0.9655;NULL;0.5215;-0.0266;2.0000;0.5215;-0.0266;2.0000;NULL;NULL;-0.0095;-0.4163;0.4560;45.8008;14.3211;195.2889;-0.0105;-0.4100;0.4512;45.7954;14.2031;195.0714;0;NULL;-0.0105;-0.4100;0.4512;45.7954;14.2031;195.0714;ControllerBody;NULL;NULL;NULL;NULL;2;1;0;0;0;0;0.5000;0.0000;2.0000;0.1486;-0.0294;0.5460;359.8941;14.3834;1.4579;0.1469;-0.0304;0.5396;0.0547;14.2610;1.1282;0;NULL;0.1469;-0.0304;0.5396;0.0547;14.2610;1.1282;ControllerBody;NULL;74331e22-d15e-49ae-974a-b7b2b1a343ae;NULL;NULL;4;1;NULL;0.5000;0.0000;2.0000;Exposure;2.5745;2026-03-26 11:38:23.8227;Controllers;NULL;NULL;OpenXR
NULL;Right;NULL;5;Exposure;NULL;ControllerHoverConfirm;2;1;0;0;0;0;0.5000;0.0000;2.0000;NULL;None;anonymous;NULL;Mole Hit;MoleEvent;11854;76997878-c21b-4394-8be8-49129cf9087b;NULL;-0.0243;-0.0008;-0.0284;359.1769;9.6988;0.9655;0.0342;0.5215;-0.0266;2.0000;0.5215;-0.0266;2.0000;NULL;1;-0.0095;-0.4163;0.4560;45.8008;14.3211;195.2889;-0.0105;-0.4100;0.4512;45.7954;14.2031;195.0714;0;NULL;-0.0105;-0.4100;0.4512;45.7954;14.2031;195.0714;ControllerBody;NULL;NULL;NULL;NULL;2;1;0;0;0;0;0.5000;0.0000;2.0000;0.1486;-0.0294;0.5460;359.8941;14.3834;1.4579;0.1469;-0.0304;0.5396;0.0547;14.2610;1.1282;0;NULL;0.1469;-0.0304;0.5396;0.0547;14.2610;1.1282;ControllerBody;NULL;74331e22-d15e-49ae-974a-b7b2b1a343ae;NULL;NULL;4;1;NULL;0.5000;0.0000;2.0000;Exposure;0.0000;2026-03-26 11:38:23.8277;Controllers;NULL;NULL;OpenXR
NULL;Right;NULL;NULL;Exposure;NULL;ControllerHoverConfirm;3;2;0;1;0;0;-0.5000;0.0000;2.0000;NULL;None;anonymous;NULL;Mole Spawned;MoleEvent;11854;76997878-c21b-4394-8be8-49129cf9087b;NULL;-0.0243;-0.0008;-0.0284;359.1769;9.6988;0.9655;NULL;NULL;NULL;NULL;NULL;NULL;NULL;NULL;NULL;-0.0095;-0.4163;0.4560;45.8008;14.3211;195.2889;-0.0105;-0.4100;0.4512;45.7954;14.2031;195.0714;0;NULL;-0.0105;-0.4100;0.4512;45.7954;14.2031;195.0714;ControllerBody;NULL;NULL;NULL;NULL;3;2;0;1;0;0;-0.5000;0.0000;2.0000;0.1486;-0.0294;0.5460;359.8941;14.3834;1.4579;0.1469;-0.0304;0.5396;0.0547;14.2610;1.1282;0;NULL;0.1469;-0.0304;0.5396;0.0547;14.2610;1.1282;ControllerBody;NULL;74331e22-d15e-49ae-974a-b7b2b1a343ae;NULL;NULL;NULL;2;NULL;-0.5000;0.0000;2.0000;Exposure;0.0000;2026-03-26 11:38:23.8319;Controllers;NULL;NULL;OpenXR
NULL;Right;NULL;6;Exposure;NULL;ControllerHoverConfirm;3;2;0;1;0;0;-0.5000;0.0000;2.0000;NULL;None;anonymous;NULL;Pointer Shoot;PointerEvent;12116;76997878-c21b-4394-8be8-49129cf9087b;NULL;-0.0171;-0.0037;-0.0181;1.9565;349.4849;0.8106;NULL;-0.4773;-0.0058;2.0000;-0.4773;-0.0058;2.0000;NULL;NULL;-0.0094;-0.4159;0.4561;45.8008;14.3211;195.2889;-0.0105;-0.4100;0.4512;45.7956;14.2032;195.0713;0;NULL;-0.0105;-0.4100;0.4512;45.7956;14.2032;195.0713;ControllerBody;NULL;NULL;NULL;NULL;3;2;0;1;0;0;-0.5000;0.0000;2.0000;-0.1227;-0.0365;0.5302;358.8391;346.4345;1.9089;-0.1196;-0.0353;0.5239;358.6879;346.5693;2.2578;0;NULL;-0.1196;-0.0353;0.5239;358.6879;346.5693;2.2578;ControllerBody;NULL;74331e22-d15e-49ae-974a-b7b2b1a343ae;NULL;NULL;5;2;NULL;-0.5000;0.0000;2.0000;Exposure;2.7829;2026-03-26 11:38:26.6055;Controllers;NULL;NULL;OpenXR
NULL;Right;NULL;6;Exposure;NULL;ControllerHoverConfirm;3;2;0;1;0;0;-0.5000;0.0000;2.0000;NULL;None;anonymous;NULL;Mole Hit;MoleEvent;12116;76997878-c21b-4394-8be8-49129cf9087b;NULL;-0.0171;-0.0037;-0.0181;1.9565;349.4849;0.8106;0.0234;-0.4773;-0.0058;2.0000;-0.4773;-0.0058;2.0000;NULL;1;-0.0094;-0.4159;0.4561;45.8008;14.3211;195.2889;-0.0105;-0.4100;0.4512;45.7956;14.2032;195.0713;0;NULL;-0.0105;-0.4100;0.4512;45.7956;14.2032;195.0713;ControllerBody;NULL;NULL;NULL;NULL;3;2;0;1;0;0;-0.5000;0.0000;2.0000;-0.1227;-0.0365;0.5302;358.8391;346.4345;1.9089;-0.1196;-0.0353;0.5239;358.6879;346.5693;2.2578;0;NULL;-0.1196;-0.0353;0.5239;358.6879;346.5693;2.2578;ControllerBody;NULL;74331e22-d15e-49ae-974a-b7b2b1a343ae;NULL;NULL;5;2;NULL;-0.5000;0.0000;2.0000;Exposure;0.0000;2026-03-26 11:38:26.6096;Controllers;NULL;NULL;OpenXR
NULL;Right;NULL;NULL;Exposure;NULL;ControllerHoverConfirm;1;0;0;-1;0;0;0.0000;0.0000;2.0000;NULL;None;anonymous;NULL;Mole Spawned;MoleEvent;12116;76997878-c21b-4394-8be8-49129cf9087b;NULL;-0.0171;-0.0037;-0.0181;1.9565;349.4849;0.8106;NULL;NULL;NULL;NULL;NULL;NULL;NULL;NULL;NULL;-0.0094;-0.4159;0.4561;45.8008;14.3211;195.2889;-0.0105;-0.4100;0.4512;45.7956;14.2032;195.0713;0;NULL;-0.0105;-0.4100;0.4512;45.7956;14.2032;195.0713;ControllerBody;NULL;NULL;NULL;NULL;1;0;0;-1;0;0;0.0000;0.0000;2.0000;-0.1227;-0.0365;0.5302;358.8391;346.4345;1.9089;-0.1196;-0.0353;0.5239;358.6879;346.5693;2.2578;0;NULL;-0.1196;-0.0353;0.5239;358.6879;346.5693;2.2578;ControllerBody;NULL;74331e22-d15e-49ae-974a-b7b2b1a343ae;NULL;NULL;NULL;0;NULL;0.0000;0.0000;2.0000;Exposure;0.0000;2026-03-26 11:38:26.6139;Controllers;NULL;NULL;OpenXR
NULL;Right;NULL;7;Exposure;NULL;ControllerHoverConfirm;1;0;0;-1;0;0;0.0000;0.0000;2.0000;NULL;None;anonymous;NULL;Pointer Shoot;PointerEvent;12375;76997878-c21b-4394-8be8-49129cf9087b;NULL;-0.0193;-0.0010;-0.0221;0.1294;359.3396;1.6853;NULL;0.0149;-0.0039;2.0000;0.0149;-0.0039;2.0000;NULL;NULL;-0.0093;-0.4188;0.4591;45.7919;14.2842;195.2199;-0.0106;-0.4144;0.4551;45.7097;14.2234;195.0561;0;NULL;-0.0106;-0.4144;0.4551;45.7097;14.2234;195.0561;ControllerBody;NULL;NULL;NULL;NULL;1;0;0;-1;0;0;0.0000;0.0000;2.0000;0.0085;-0.0301;0.5489;358.9644;0.2526;1.3867;0.0087;-0.0323;0.5416;359.0710;0.3102;1.2989;0;NULL;0.0087;-0.0323;0.5416;359.0710;0.3102;1.2989;ControllerBody;NULL;74331e22-d15e-49ae-974a-b7b2b1a343ae;NULL;NULL;6;0;NULL;0.0000;0.0000;2.0000;Exposure;2.5654;2026-03-26 11:38:29.1708;Controllers;NULL;NULL;OpenXR
NULL;Right;NULL;7;Exposure;NULL;ControllerHoverConfirm;1;0;0;-1;0;0;0.0000;0.0000;2.0000;NULL;None;anonymous;NULL;Mole Hit;MoleEvent;12375;76997878-c21b-4394-8be8-49129cf9087b;NULL;-0.0193;-0.0010;-0.0221;0.1294;359.3396;1.6853;0.0154;0.0149;-0.0039;2.0000;0.0149;-0.0039;2.0000;NULL;1;-0.0093;-0.4188;0.4591;45.7919;14.2842;195.2199;-0.0106;-0.4144;0.4551;45.7097;14.2234;195.0561;0;NULL;-0.0106;-0.4144;0.4551;45.7097;14.2234;195.0561;ControllerBody;NULL;NULL;NULL;NULL;1;0;0;-1;0;0;0.0000;0.0000;2.0000;0.0085;-0.0301;0.5489;358.9644;0.2526;1.3867;0.0087;-0.0323;0.5416;359.0710;0.3102;1.2989;0;NULL;0.0087;-0.0323;0.5416;359.0710;0.3102;1.2989;ControllerBody;NULL;74331e22-d15e-49ae-974a-b7b2b1a343ae;NULL;NULL;6;0;NULL;0.0000;0.0000;2.0000;Exposure;0.0000;2026-03-26 11:38:29.1739;Controllers;NULL;NULL;OpenXR
NULL;Right;NULL;NULL;Exposure;NULL;ControllerHoverConfirm;3;2;0;1;0;0;-0.5000;0.0000;2.0000;NULL;None;anonymous;NULL;Mole Spawned;MoleEvent;12375;76997878-c21b-4394-8be8-49129cf9087b;NULL;-0.0193;-0.0010;-0.0221;0.1294;359.3396;1.6853;NULL;NULL;NULL;NULL;NULL;NULL;NULL;NULL;NULL;-0.0093;-0.4188;0.4591;45.7919;14.2842;195.2199;-0.0106;-0.4144;0.4551;45.7097;14.2234;195.0561;0;NULL;-0.0106;-0.4144;0.4551;45.7097;14.2234;195.0561;ControllerBody;NULL;NULL;NULL;NULL;3;2;0;1;0;0;-0.5000;0.0000;2.0000;0.0085;-0.0301;0.5489;358.9644;0.2526;1.3867;0.0087;-0.0323;0.5416;359.0710;0.3102;1.2989;0;NULL;0.0087;-0.0323;0.5416;359.0710;0.3102;1.2989;ControllerBody;NULL;74331e22-d15e-49ae-974a-b7b2b1a343ae;NULL;NULL;NULL;2;NULL;-0.5000;0.0000;2.0000;Exposure;0.0000;2026-03-26 11:38:29.1779;Controllers;NULL;NULL;OpenXR
NULL;Right;NULL;8;Exposure;NULL;ControllerHoverConfirm;3;2;0;1;0;0;-0.5000;0.0000;2.0000;NULL;None;anonymous;NULL;Pointer Shoot;PointerEvent;12645;76997878-c21b-4394-8be8-49129cf9087b;NULL;-0.0243;-0.0019;-0.0187;0.4278;353.2045;1.3815;NULL;-0.4977;0.0076;2.0000;-0.4977;0.0076;2.0000;NULL;NULL;-0.0093;-0.4193;0.4597;45.7919;14.2842;195.2199;-0.0104;-0.4143;0.4550;45.7338;14.2180;195.0523;0;NULL;-0.0104;-0.4143;0.4550;45.7338;14.2180;195.0523;ControllerBody;NULL;NULL;NULL;NULL;3;2;0;1;0;0;-0.5000;0.0000;2.0000;-0.1268;-0.0352;0.5229;358.3911;345.9041;1.8068;-0.1205;-0.0397;0.5177;358.7053;346.2816;1.9378;0;NULL;-0.1205;-0.0397;0.5177;358.7053;346.2816;1.9378;ControllerBody;NULL;74331e22-d15e-49ae-974a-b7b2b1a343ae;NULL;NULL;7;2;NULL;-0.5000;0.0000;2.0000;Exposure;2.6408;2026-03-26 11:38:31.8115;Controllers;NULL;NULL;OpenXR
NULL;Right;NULL;8;Exposure;NULL;ControllerHoverConfirm;3;2;0;1;0;0;-0.5000;0.0000;2.0000;NULL;None;anonymous;NULL;Mole Hit;MoleEvent;12645;76997878-c21b-4394-8be8-49129cf9087b;NULL;-0.0243;-0.0019;-0.0187;0.4278;353.2045;1.3815;0.0079;-0.4977;0.0076;2.0000;-0.4977;0.0076;2.0000;NULL;1;-0.0093;-0.4193;0.4597;45.7919;14.2842;195.2199;-0.0104;-0.4143;0.4550;45.7338;14.2180;195.0523;0;NULL;-0.0104;-0.4143;0.4550;45.7338;14.2180;195.0523;ControllerBody;NULL;NULL;NULL;NULL;3;2;0;1;0;0;-0.5000;0.0000;2.0000;-0.1268;-0.0352;0.5229;358.3911;345.9041;1.8068;-0.1205;-0.0397;0.5177;358.7053;346.2816;1.9378;0;NULL;-0.1205;-0.0397;0.5177;358.7053;346.2816;1.9378;ControllerBody;NULL;74331e22-d15e-49ae-974a-b7b2b1a343ae;NULL;NULL;7;2;NULL;-0.5000;0.0000;2.0000;Exposure;0.0000;2026-03-26 11:38:31.8146;Controllers;NULL;NULL;OpenXR
NULL;Right;NULL;NULL;Exposure;NULL;ControllerHoverConfirm;2;1;0;0;0;0;0.5000;0.0000;2.0000;NULL;None;anonymous;NULL;Mole Spawned;MoleEvent;12645;76997878-c21b-4394-8be8-49129cf9087b;NULL;-0.0243;-0.0019;-0.0187;0.4278;353.2045;1.3815;NULL;NULL;NULL;NULL;NULL;NULL;NULL;NULL;NULL;-0.0093;-0.4193;0.4597;45.7919;14.2842;195.2199;-0.0104;-0.4143;0.4550;45.7338;14.2180;195.0523;0;NULL;-0.0104;-0.4143;0.4550;45.7338;14.2180;195.0523;ControllerBody;NULL;NULL;NULL;NULL;2;1;0;0;0;0;0.5000;0.0000;2.0000;-0.1268;-0.0352;0.5229;358.3911;345.9041;1.8068;-0.1205;-0.0397;0.5177;358.7053;346.2816;1.9378;0;NULL;-0.1205;-0.0397;0.5177;358.7053;346.2816;1.9378;ControllerBody;NULL;74331e22-d15e-49ae-974a-b7b2b1a343ae;NULL;NULL;NULL;1;NULL;0.5000;0.0000;2.0000;Exposure;0.0000;2026-03-26 11:38:31.8192;Controllers;NULL;NULL;OpenXR
NULL;Right;NULL;9;Exposure;NULL;ControllerHoverConfirm;2;1;0;0;0;0;0.5000;0.0000;2.0000;NULL;None;anonymous;NULL;Pointer Shoot;PointerEvent;12935;76997878-c21b-4394-8be8-49129cf9087b;NULL;-0.0215;-0.0021;-0.0221;0.7292;7.9257;2.1545;NULL;0.5248;0.0104;2.0000;0.5248;0.0104;2.0000;NULL;NULL;-0.0092;-0.4194;0.4598;45.7919;14.2842;195.2199;-0.0104;-0.4143;0.4550;45.7337;14.2181;195.0523;0;NULL;-0.0104;-0.4143;0.4550;45.7337;14.2181;195.0523;ControllerBody;NULL;NULL;NULL;NULL;2;1;0;0;0;0;0.5000;0.0000;2.0000;0.1532;-0.0190;0.5384;358.8839;14.2624;0.3062;0.1513;-0.0211;0.5335;359.0557;14.0393;0.1749;0;NULL;0.1513;-0.0211;0.5335;359.0557;14.0393;0.1749;ControllerBody;NULL;74331e22-d15e-49ae-974a-b7b2b1a343ae;NULL;NULL;8;1;NULL;0.5000;0.0000;2.0000;Exposure;2.7747;2026-03-26 11:38:34.5862;Controllers;NULL;NULL;OpenXR
NULL;Right;NULL;9;Exposure;NULL;ControllerHoverConfirm;2;1;0;0;0;0;0.5000;0.0000;2.0000;NULL;None;anonymous;NULL;Mole Hit;MoleEvent;12935;76997878-c21b-4394-8be8-49129cf9087b;NULL;-0.0215;-0.0021;-0.0221;0.7292;7.9257;2.1545;0.0269;0.5248;0.0104;2.0000;0.5248;0.0104;2.0000;NULL;1;-0.0092;-0.4194;0.4598;45.7919;14.2842;195.2199;-0.0104;-0.4143;0.4550;45.7337;14.2181;195.0523;0;NULL;-0.0104;-0.4143;0.4550;45.7337;14.2181;195.0523;ControllerBody;NULL;NULL;NULL;NULL;2;1;0;0;0;0;0.5000;0.0000;2.0000;0.1532;-0.0190;0.5384;358.8839;14.2624;0.3062;0.1513;-0.0211;0.5335;359.0557;14.0393;0.1749;0;NULL;0.1513;-0.0211;0.5335;359.0557;14.0393;0.1749;ControllerBody;NULL;74331e22-d15e-49ae-974a-b7b2b1a343ae;NULL;NULL;8;1;NULL;0.5000;0.0000;2.0000;Exposure;0.0000;2026-03-26 11:38:34.5904;Controllers;NULL;NULL;OpenXR
NULL;Right;NULL;NULL;Exposure;NULL;ControllerHoverConfirm;1;0;0;-1;0;0;0.0000;0.0000;2.0000;NULL;None;anonymous;NULL;Mole Spawned;MoleEvent;12935;76997878-c21b-4394-8be8-49129cf9087b;NULL;-0.0215;-0.0021;-0.0221;0.7292;7.9257;2.1545;NULL;NULL;NULL;NULL;NULL;NULL;NULL;NULL;NULL;-0.0092;-0.4194;0.4598;45.7919;14.2842;195.2199;-0.0104;-0.4143;0.4550;45.7337;14.2181;195.0523;0;NULL;-0.0104;-0.4143;0.4550;45.7337;14.2181;195.0523;ControllerBody;NULL;NULL;NULL;NULL;1;0;0;-1;0;0;0.0000;0.0000;2.0000;0.1532;-0.0190;0.5384;358.8839;14.2624;0.3062;0.1513;-0.0211;0.5335;359.0557;14.0393;0.1749;0;NULL;0.1513;-0.0211;0.5335;359.0557;14.0393;0.1749;ControllerBody;NULL;74331e22-d15e-49ae-974a-b7b2b1a343ae;NULL;NULL;NULL;0;NULL;0.0000;0.0000;2.0000;Exposure;0.0000;2026-03-26 11:38:34.5946;Controllers;NULL;NULL;OpenXR
NULL;Right;NULL;10;Exposure;NULL;ControllerHoverConfirm;1;0;0;-1;0;0;0.0000;0.0000;2.0000;NULL;None;anonymous;NULL;Pointer Shoot;PointerEvent;13200;76997878-c21b-4394-8be8-49129cf9087b;NULL;-0.0228;-0.0028;-0.0212;0.7200;1.0331;1.6815;NULL;0.0068;0.0018;2.0000;0.0068;0.0018;2.0000;NULL;NULL;-0.0093;-0.4193;0.4599;45.7832;14.2835;195.2103;-0.0110;-0.4139;0.4552;45.6925;14.2883;195.0995;0;NULL;-0.0110;-0.4139;0.4552;45.6925;14.2883;195.0995;ControllerBody;NULL;NULL;NULL;NULL;1;0;0;-1;0;0;0.0000;0.0000;2.0000;0.0100;-0.0273;0.5468;358.8506;359.8731;0.8864;0.0122;-0.0274;0.5397;358.8334;359.9785;0.7402;0;NULL;0.0122;-0.0274;0.5397;358.8334;359.9785;0.7402;ControllerBody;NULL;74331e22-d15e-49ae-974a-b7b2b1a343ae;NULL;NULL;9;0;NULL;0.0000;0.0000;2.0000;Exposure;2.6500;2026-03-26 11:38:37.2363;Controllers;NULL;NULL;OpenXR
NULL;Right;NULL;10;Exposure;NULL;ControllerHoverConfirm;1;0;0;-1;0;0;0.0000;0.0000;2.0000;NULL;None;anonymous;NULL;Mole Hit;MoleEvent;13200;76997878-c21b-4394-8be8-49129cf9087b;NULL;-0.0228;-0.0028;-0.0212;0.7200;1.0331;1.6815;0.0070;0.0068;0.0018;2.0000;0.0068;0.0018;2.0000;NULL;1;-0.0093;-0.4193;0.4599;45.7832;14.2835;195.2103;-0.0110;-0.4139;0.4552;45.6925;14.2883;195.0995;0;NULL;-0.0110;-0.4139;0.4552;45.6925;14.2883;195.0995;ControllerBody;NULL;NULL;NULL;NULL;1;0;0;-1;0;0;0.0000;0.0000;2.0000;0.0100;-0.0273;0.5468;358.8506;359.8731;0.8864;0.0122;-0.0274;0.5397;358.8334;359.9785;0.7402;0;NULL;0.0122;-0.0274;0.5397;358.8334;359.9785;0.7402;ControllerBody;NULL;74331e22-d15e-49ae-974a-b7b2b1a343ae;NULL;NULL;9;0;NULL;0.0000;0.0000;2.0000;Exposure;0.0000;2026-03-26 11:38:37.2395;Controllers;NULL;NULL;OpenXR
NULL;Right;NULL;NULL;Exposure;NULL;ControllerHoverConfirm;2;1;0;0;0;0;0.5000;0.0000;2.0000;NULL;None;anonymous;NULL;Mole Spawned;MoleEvent;13200;76997878-c21b-4394-8be8-49129cf9087b;NULL;-0.0228;-0.0028;-0.0212;0.7200;1.0331;1.6815;NULL;NULL;NULL;NULL;NULL;NULL;NULL;NULL;NULL;-0.0093;-0.4193;0.4599;45.7832;14.2835;195.2103;-0.0110;-0.4139;0.4552;45.6925;14.2883;195.0995;0;NULL;-0.0110;-0.4139;0.4552;45.6925;14.2883;195.0995;ControllerBody;NULL;NULL;NULL;NULL;2;1;0;0;0;0;0.5000;0.0000;2.0000;0.0100;-0.0273;0.5468;358.8506;359.8731;0.8864;0.0122;-0.0274;0.5397;358.8334;359.9785;0.7402;0;NULL;0.0122;-0.0274;0.5397;358.8334;359.9785;0.7402;ControllerBody;NULL;74331e22-d15e-49ae-974a-b7b2b1a343ae;NULL;NULL;NULL;1;NULL;0.5000;0.0000;2.0000;Exposure;0.0000;2026-03-26 11:38:37.2439;Controllers;NULL;NULL;OpenXR
NULL;Right;NULL;11;Exposure;NULL;ControllerHoverConfirm;2;1;0;0;0;0;0.5000;0.0000;2.0000;NULL;None;anonymous;NULL;Pointer Shoot;PointerEvent;13462;76997878-c21b-4394-8be8-49129cf9087b;NULL;-0.0204;-0.0027;-0.0208;0.9817;7.9232;1.7379;NULL;0.5130;-0.0045;2.0000;0.5130;-0.0045;2.0000;NULL;NULL;-0.0095;-0.4193;0.4599;45.7830;14.2834;195.2102;-0.0108;-0.4140;0.4541;45.6795;14.2501;195.0730;0;NULL;-0.0108;-0.4140;0.4541;45.6795;14.2501;195.0730;ControllerBody;NULL;NULL;NULL;NULL;2;1;0;0;0;0;0.5000;0.0000;2.0000;0.1531;-0.0243;0.5356;359.2484;13.8088;1.3356;0.1501;-0.0249;0.5290;359.3385;13.7888;1.1737;0;NULL;0.1501;-0.0249;0.5290;359.3385;13.7888;1.1737;ControllerBody;NULL;74331e22-d15e-49ae-974a-b7b2b1a343ae;NULL;NULL;10;1;NULL;0.5000;0.0000;2.0000;Exposure;2.6475;2026-03-26 11:38:39.8825;Controllers;NULL;NULL;OpenXR
NULL;Right;NULL;11;Exposure;NULL;ControllerHoverConfirm;2;1;0;0;0;0;0.5000;0.0000;2.0000;NULL;None;anonymous;NULL;Mole Hit;MoleEvent;13462;76997878-c21b-4394-8be8-49129cf9087b;NULL;-0.0204;-0.0027;-0.0208;0.9817;7.9232;1.7379;0.0138;0.5130;-0.0045;2.0000;0.5130;-0.0045;2.0000;NULL;1;-0.0095;-0.4193;0.4599;45.7830;14.2834;195.2102;-0.0108;-0.4140;0.4541;45.6795;14.2501;195.0730;0;NULL;-0.0108;-0.4140;0.4541;45.6795;14.2501;195.0730;ControllerBody;NULL;NULL;NULL;NULL;2;1;0;0;0;0;0.5000;0.0000;2.0000;0.1531;-0.0243;0.5356;359.2484;13.8088;1.3356;0.1501;-0.0249;0.5290;359.3385;13.7888;1.1737;0;NULL;0.1501;-0.0249;0.5290;359.3385;13.7888;1.1737;ControllerBody;NULL;74331e22-d15e-49ae-974a-b7b2b1a343ae;NULL;NULL;10;1;NULL;0.5000;0.0000;2.0000;Exposure;0.0000;2026-03-26 11:38:39.8877;Controllers;NULL;NULL;OpenXR
NULL;Right;NULL;NULL;Exposure;NULL;ControllerHoverConfirm;1;0;0;-1;0;0;0.0000;0.0000;2.0000;NULL;None;anonymous;NULL;Mole Spawned;MoleEvent;13462;76997878-c21b-4394-8be8-49129cf9087b;NULL;-0.0204;-0.0027;-0.0208;0.9817;7.9232;1.7379;NULL;NULL;NULL;NULL;NULL;NULL;NULL;NULL;NULL;-0.0095;-0.4193;0.4599;45.7830;14.2834;195.2102;-0.0108;-0.4140;0.4541;45.6795;14.2501;195.0730;0;NULL;-0.0108;-0.4140;0.4541;45.6795;14.2501;195.0730;ControllerBody;NULL;NULL;NULL;NULL;1;0;0;-1;0;0;0.0000;0.0000;2.0000;0.1531;-0.0243;0.5356;359.2484;13.8088;1.3356;0.1501;-0.0249;0.5290;359.3385;13.7888;1.1737;0;NULL;0.1501;-0.0249;0.5290;359.3385;13.7888;1.1737;ControllerBody;NULL;74331e22-d15e-49ae-974a-b7b2b1a343ae;NULL;NULL;NULL;0;NULL;0.0000;0.0000;2.0000;Exposure;0.0000;2026-03-26 11:38:39.8940;Controllers;NULL;NULL;OpenXR
NULL;Right;NULL;12;Exposure;NULL;ControllerHoverConfirm;1;0;0;-1;0;0;0.0000;0.0000;2.0000;NULL;None;anonymous;NULL;Pointer Shoot;PointerEvent;13722;76997878-c21b-4394-8be8-49129cf9087b;NULL;-0.0208;-0.0026;-0.0222;0.7376;1.8604;0.9173;NULL;0.0117;-0.0167;2.0000;0.0117;-0.0167;2.0000;NULL;NULL;-0.0095;-0.4192;0.4596;45.7830;14.2834;195.2102;-0.0108;-0.4135;0.4543;45.6919;14.2479;195.0749;0;NULL;-0.0108;-0.4135;0.4543;45.6919;14.2479;195.0749;ControllerBody;NULL;NULL;NULL;NULL;1;0;0;-1;0;0;0.0000;0.0000;2.0000;0.0132;-0.0339;0.5473;359.3192;359.9398;1.2889;0.0124;-0.0335;0.5391;359.3546;359.9012;1.4190;0;NULL;0.0124;-0.0335;0.5391;359.3546;359.9012;1.4190;ControllerBody;NULL;74331e22-d15e-49ae-974a-b7b2b1a343ae;NULL;NULL;11;0;NULL;0.0000;0.0000;2.0000;Exposure;2.6171;2026-03-26 11:38:42.5011;Controllers;NULL;NULL;OpenXR
NULL;Right;NULL;12;Exposure;NULL;ControllerHoverConfirm;1;0;0;-1;0;0;0.0000;0.0000;2.0000;NULL;None;anonymous;NULL;Mole Hit;MoleEvent;13722;76997878-c21b-4394-8be8-49129cf9087b;NULL;-0.0208;-0.0026;-0.0222;0.7376;1.8604;0.9173;0.0203;0.0117;-0.0167;2.0000;0.0117;-0.0167;2.0000;NULL;1;-0.0095;-0.4192;0.4596;45.7830;14.2834;195.2102;-0.0108;-0.4135;0.4543;45.6919;14.2479;195.0749;0;NULL;-0.0108;-0.4135;0.4543;45.6919;14.2479;195.0749;ControllerBody;NULL;NULL;NULL;NULL;1;0;0;-1;0;0;0.0000;0.0000;2.0000;0.0132;-0.0339;0.5473;359.3192;359.9398;1.2889;0.0124;-0.0335;0.5391;359.3546;359.9012;1.4190;0;NULL;0.0124;-0.0335;0.5391;359.3546;359.9012;1.4190;ControllerBody;NULL;74331e22-d15e-49ae-974a-b7b2b1a343ae;NULL;NULL;11;0;NULL;0.0000;0.0000;2.0000;Exposure;0.0000;2026-03-26 11:38:42.5043;Controllers;NULL;NULL;OpenXR
NULL;Right;NULL;NULL;Exposure;NULL;ControllerHoverConfirm;2;1;0;0;0;0;0.5000;0.0000;2.0000;NULL;None;anonymous;NULL;Mole Spawned;MoleEvent;13722;76997878-c21b-4394-8be8-49129cf9087b;NULL;-0.0208;-0.0026;-0.0222;0.7376;1.8604;0.9173;NULL;NULL;NULL;NULL;NULL;NULL;NULL;NULL;NULL;-0.0095;-0.4192;0.4596;45.7830;14.2834;195.2102;-0.0108;-0.4135;0.4543;45.6919;14.2479;195.0749;0;NULL;-0.0108;-0.4135;0.4543;45.6919;14.2479;195.0749;ControllerBody;NULL;NULL;NULL;NULL;2;1;0;0;0;0;0.5000;0.0000;2.0000;0.0132;-0.0339;0.5473;359.3192;359.9398;1.2889;0.0124;-0.0335;0.5391;359.3546;359.9012;1.4190;0;NULL;0.0124;-0.0335;0.5391;359.3546;359.9012;1.4190;ControllerBody;NULL;74331e22-d15e-49ae-974a-b7b2b1a343ae;NULL;NULL;NULL;1;NULL;0.5000;0.0000;2.0000;Exposure;0.0000;2026-03-26 11:38:42.5074;Controllers;NULL;NULL;OpenXR
NULL;Right;NULL;13;Exposure;NULL;ControllerHoverConfirm;2;1;0;0;0;0;0.5000;0.0000;2.0000;NULL;None;anonymous;NULL;Pointer Shoot;PointerEvent;13983;76997878-c21b-4394-8be8-49129cf9087b;NULL;-0.0231;-0.0032;-0.0213;1.0551;6.5732;1.9042;NULL;0.4871;-0.0129;2.0000;0.4871;-0.0129;2.0000;NULL;NULL;-0.0095;-0.4188;0.4592;45.7830;14.2834;195.2102;-0.0109;-0.4130;0.4538;45.7066;14.2318;195.0629;0;NULL;-0.0109;-0.4130;0.4538;45.7066;14.2318;195.0629;ControllerBody;NULL;NULL;NULL;NULL;2;1;0;0;0;0;0.5000;0.0000;2.0000;0.1476;-0.0243;0.5365;359.5654;13.0626;0.8802;0.1476;-0.0250;0.5308;359.5581;13.1323;0.6398;0;NULL;0.1476;-0.0250;0.5308;359.5581;13.1323;0.6398;ControllerBody;NULL;74331e22-d15e-49ae-974a-b7b2b1a343ae;NULL;NULL;12;1;NULL;0.5000;0.0000;2.0000;Exposure;2.6822;2026-03-26 11:38:45.1824;Controllers;NULL;NULL;OpenXR
NULL;Right;NULL;13;Exposure;NULL;ControllerHoverConfirm;2;1;0;0;0;0;0.5000;0.0000;2.0000;NULL;None;anonymous;NULL;Mole Hit;MoleEvent;13983;76997878-c21b-4394-8be8-49129cf9087b;NULL;-0.0231;-0.0032;-0.0213;1.0551;6.5732;1.9042;0.0182;0.4871;-0.0129;2.0000;0.4871;-0.0129;2.0000;NULL;1;-0.0095;-0.4188;0.4592;45.7830;14.2834;195.2102;-0.0109;-0.4130;0.4538;45.7066;14.2318;195.0629;0;NULL;-0.0109;-0.4130;0.4538;45.7066;14.2318;195.0629;ControllerBody;NULL;NULL;NULL;NULL;2;1;0;0;0;0;0.5000;0.0000;2.0000;0.1476;-0.0243;0.5365;359.5654;13.0626;0.8802;0.1476;-0.0250;0.5308;359.5581;13.1323;0.6398;0;NULL;0.1476;-0.0250;0.5308;359.5581;13.1323;0.6398;ControllerBody;NULL;74331e22-d15e-49ae-974a-b7b2b1a343ae;NULL;NULL;12;1;NULL;0.5000;0.0000;2.0000;Exposure;0.0000;2026-03-26 11:38:45.1850;Controllers;NULL;NULL;OpenXR
NULL;Right;NULL;NULL;Exposure;NULL;ControllerHoverConfirm;1;0;0;-1;0;0;0.0000;0.0000;2.0000;NULL;None;anonymous;NULL;Mole Spawned;MoleEvent;13983;76997878-c21b-4394-8be8-49129cf9087b;NULL;-0.0231;-0.0032;-0.0213;1.0551;6.5732;1.9042;NULL;NULL;NULL;NULL;NULL;NULL;NULL;NULL;NULL;-0.0095;-0.4188;0.4592;45.7830;14.2834;195.2102;-0.0109;-0.4130;0.4538;45.7066;14.2318;195.0629;0;NULL;-0.0109;-0.4130;0.4538;45.7066;14.2318;195.0629;ControllerBody;NULL;NULL;NULL;NULL;1;0;0;-1;0;0;0.0000;0.0000;2.0000;0.1476;-0.0243;0.5365;359.5654;13.0626;0.8802;0.1476;-0.0250;0.5308;359.5581;13.1323;0.6398;0;NULL;0.1476;-0.0250;0.5308;359.5581;13.1323;0.6398;ControllerBody;NULL;74331e22-d15e-49ae-974a-b7b2b1a343ae;NULL;NULL;NULL;0;NULL;0.0000;0.0000;2.0000;Exposure;0.0000;2026-03-26 11:38:45.1898;Controllers;NULL;NULL;OpenXR
NULL;Right;NULL;14;Exposure;NULL;ControllerHoverConfirm;1;0;0;-1;0;0;0.0000;0.0000;2.0000;NULL;None;anonymous;NULL;Pointer Shoot;PointerEvent;14244;76997878-c21b-4394-8be8-49129cf9087b;NULL;-0.0257;-0.0040;-0.0211;1.1193;1.9376;1.0380;NULL;0.0303;-0.0222;2.0000;0.0303;-0.0222;2.0000;NULL;NULL;-0.0094;-0.4182;0.4589;45.7830;14.2834;195.2102;-0.0104;-0.4117;0.4533;45.7794;14.1920;195.0642;0;NULL;-0.0104;-0.4117;0.4533;45.7794;14.1920;195.0642;ControllerBody;NULL;NULL;NULL;NULL;1;0;0;-1;0;0;0.0000;0.0000;2.0000;0.0097;-0.0215;0.5236;0.0269;0.7999;1.2350;0.0099;-0.0189;0.5150;-0.0046;0.9304;1.3025;0;NULL;0.0099;-0.0189;0.5150;-0.0046;0.9304;1.3025;ControllerBody;NULL;74331e22-d15e-49ae-974a-b7b2b1a343ae;NULL;NULL;13;0;NULL;0.0000;0.0000;2.0000;Exposure;2.5504;2026-03-26 11:38:47.7323;Controllers;NULL;NULL;OpenXR
NULL;Right;NULL;14;Exposure;NULL;ControllerHoverConfirm;1;0;0;-1;0;0;0.0000;0.0000;2.0000;NULL;None;anonymous;NULL;Mole Hit;MoleEvent;14244;76997878-c21b-4394-8be8-49129cf9087b;NULL;-0.0257;-0.0040;-0.0211;1.1193;1.9376;1.0380;0.0375;0.0303;-0.0222;2.0000;0.0303;-0.0222;2.0000;NULL;1;-0.0094;-0.4182;0.4589;45.7830;14.2834;195.2102;-0.0104;-0.4117;0.4533;45.7794;14.1920;195.0642;0;NULL;-0.0104;-0.4117;0.4533;45.7794;14.1920;195.0642;ControllerBody;NULL;NULL;NULL;NULL;1;0;0;-1;0;0;0.0000;0.0000;2.0000;0.0097;-0.0215;0.5236;0.0269;0.7999;1.2350;0.0099;-0.0189;0.5150;-0.0046;0.9304;1.3025;0;NULL;0.0099;-0.0189;0.5150;-0.0046;0.9304;1.3025;ControllerBody;NULL;74331e22-d15e-49ae-974a-b7b2b1a343ae;NULL;NULL;13;0;NULL;0.0000;0.0000;2.0000;Exposure;0.0000;2026-03-26 11:38:47.7350;Controllers;NULL;NULL;OpenXR
NULL;Right;NULL;NULL;Exposure;NULL;ControllerHoverConfirm;2;1;0;0;0;0;0.5000;0.0000;2.0000;NULL;None;anonymous;NULL;Mole Spawned;MoleEvent;14244;76997878-c21b-4394-8be8-49129cf9087b;NULL;-0.0257;-0.0040;-0.0211;1.1193;1.9376;1.0380;NULL;NULL;NULL;NULL;NULL;NULL;NULL;NULL;NULL;-0.0094;-0.4182;0.4589;45.7830;14.2834;195.2102;-0.0104;-0.4117;0.4533;45.7794;14.1920;195.0642;0;NULL;-0.0104;-0.4117;0.4533;45.7794;14.1920;195.0642;ControllerBody;NULL;NULL;NULL;NULL;2;1;0;0;0;0;0.5000;0.0000;2.0000;0.0097;-0.0215;0.5236;0.0269;0.7999;1.2350;0.0099;-0.0189;0.5150;-0.0046;0.9304;1.3025;0;NULL;0.0099;-0.0189;0.5150;-0.0046;0.9304;1.3025;ControllerBody;NULL;74331e22-d15e-49ae-974a-b7b2b1a343ae;NULL;NULL;NULL;1;NULL;0.5000;0.0000;2.0000;Exposure;0.0000;2026-03-26 11:38:47.7395;Controllers;NULL;NULL;OpenXR
NULL;Right;NULL;15;Exposure;NULL;ControllerHoverConfirm;2;1;0;0;0;0;0.5000;0.0000;2.0000;NULL;None;anonymous;NULL;Pointer Shoot;PointerEvent;14504;76997878-c21b-4394-8be8-49129cf9087b;NULL;-0.0271;-0.0013;-0.0148;1.4866;9.3362;1.7390;NULL;0.4875;-0.0179;2.0000;0.4875;-0.0179;2.0000;NULL;NULL;-0.0093;-0.4176;0.4586;45.7830;14.2834;195.2102;-0.0104;-0.4117;0.4533;45.7794;14.1924;195.0641;0;NULL;-0.0104;-0.4117;0.4533;45.7794;14.1924;195.0641;ControllerBody;NULL;NULL;NULL;NULL;2;1;0;0;0;0;0.5000;0.0000;2.0000;0.1395;-0.0191;0.5179;359.9541;13.2167;0.9804;0.1384;-0.0169;0.5108;359.8095;13.2688;0.9016;0;NULL;0.1384;-0.0169;0.5108;359.8095;13.2688;0.9016;ControllerBody;NULL;74331e22-d15e-49ae-974a-b7b2b1a343ae;NULL;NULL;14;1;NULL;0.5000;0.0000;2.0000;Exposure;2.7151;2026-03-26 11:38:50.4492;Controllers;NULL;NULL;OpenXR
NULL;Right;NULL;15;Exposure;NULL;ControllerHoverConfirm;2;1;0;0;0;0;0.5000;0.0000;2.0000;NULL;None;anonymous;NULL;Mole Hit;MoleEvent;14504;76997878-c21b-4394-8be8-49129cf9087b;NULL;-0.0271;-0.0013;-0.0148;1.4866;9.3362;1.7390;0.0218;0.4875;-0.0179;2.0000;0.4875;-0.0179;2.0000;NULL;1;-0.0093;-0.4176;0.4586;45.7830;14.2834;195.2102;-0.0104;-0.4117;0.4533;45.7794;14.1924;195.0641;0;NULL;-0.0104;-0.4117;0.4533;45.7794;14.1924;195.0641;ControllerBody;NULL;NULL;NULL;NULL;2;1;0;0;0;0;0.5000;0.0000;2.0000;0.1395;-0.0191;0.5179;359.9541;13.2167;0.9804;0.1384;-0.0169;0.5108;359.8095;13.2688;0.9016;0;NULL;0.1384;-0.0169;0.5108;359.8095;13.2688;0.9016;ControllerBody;NULL;74331e22-d15e-49ae-974a-b7b2b1a343ae;NULL;NULL;14;1;NULL;0.5000;0.0000;2.0000;Exposure;0.0000;2026-03-26 11:38:50.4522;Controllers;NULL;NULL;OpenXR
NULL;Right;NULL;NULL;Exposure;NULL;ControllerHoverConfirm;3;2;0;1;0;0;-0.5000;0.0000;2.0000;NULL;None;anonymous;NULL;Mole Spawned;MoleEvent;14504;76997878-c21b-4394-8be8-49129cf9087b;NULL;-0.0271;-0.0013;-0.0148;1.4866;9.3362;1.7390;NULL;NULL;NULL;NULL;NULL;NULL;NULL;NULL;NULL;-0.0093;-0.4176;0.4586;45.7830;14.2834;195.2102;-0.0104;-0.4117;0.4533;45.7794;14.1924;195.0641;0;NULL;-0.0104;-0.4117;0.4533;45.7794;14.1924;195.0641;ControllerBody;NULL;NULL;NULL;NULL;3;2;0;1;0;0;-0.5000;0.0000;2.0000;0.1395;-0.0191;0.5179;359.9541;13.2167;0.9804;0.1384;-0.0169;0.5108;359.8095;13.2688;0.9016;0;NULL;0.1384;-0.0169;0.5108;359.8095;13.2688;0.9016;ControllerBody;NULL;74331e22-d15e-49ae-974a-b7b2b1a343ae;NULL;NULL;NULL;2;NULL;-0.5000;0.0000;2.0000;Exposure;0.0000;2026-03-26 11:38:50.4553;Controllers;NULL;NULL;OpenXR
NULL;Right;NULL;16;Exposure;NULL;ControllerHoverConfirm;3;2;0;1;0;0;-0.5000;0.0000;2.0000;NULL;None;anonymous;NULL;Pointer Shoot;PointerEvent;14781;76997878-c21b-4394-8be8-49129cf9087b;NULL;-0.0325;-0.0020;-0.0271;0.7072;349.4203;2.3334;NULL;-0.5035;-0.0025;2.0000;-0.5035;-0.0025;2.0000;NULL;NULL;-0.0092;-0.4174;0.4585;45.7830;14.2834;195.2102;-0.0102;-0.4117;0.4533;45.7902;14.1732;195.0550;0;NULL;-0.0102;-0.4117;0.4533;45.7902;14.1732;195.0550;ControllerBody;NULL;NULL;NULL;NULL;3;2;0;1;0;0;-0.5000;0.0000;2.0000;-0.1284;-0.0218;0.4964;359.2859;345.9959;1.2431;-0.1258;-0.0219;0.4899;359.2721;346.2624;1.5471;0;NULL;-0.1258;-0.0219;0.4899;359.2721;346.2624;1.5471;ControllerBody;NULL;74331e22-d15e-49ae-974a-b7b2b1a343ae;NULL;NULL;15;2;NULL;-0.5000;0.0000;2.0000;Exposure;2.7325;2026-03-26 11:38:53.1816;Controllers;NULL;NULL;OpenXR
NULL;Right;NULL;16;Exposure;NULL;ControllerHoverConfirm;3;2;0;1;0;0;-0.5000;0.0000;2.0000;NULL;None;anonymous;NULL;Mole Hit;MoleEvent;14781;76997878-c21b-4394-8be8-49129cf9087b;NULL;-0.0325;-0.0020;-0.0271;0.7072;349.4203;2.3334;0.0043;-0.5035;-0.0025;2.0000;-0.5035;-0.0025;2.0000;NULL;1;-0.0092;-0.4174;0.4585;45.7830;14.2834;195.2102;-0.0102;-0.4117;0.4533;45.7902;14.1732;195.0550;0;NULL;-0.0102;-0.4117;0.4533;45.7902;14.1732;195.0550;ControllerBody;NULL;NULL;NULL;NULL;3;2;0;1;0;0;-0.5000;0.0000;2.0000;-0.1284;-0.0218;0.4964;359.2859;345.9959;1.2431;-0.1258;-0.0219;0.4899;359.2721;346.2624;1.5471;0;NULL;-0.1258;-0.0219;0.4899;359.2721;346.2624;1.5471;ControllerBody;NULL;74331e22-d15e-49ae-974a-b7b2b1a343ae;NULL;NULL;15;2;NULL;-0.5000;0.0000;2.0000;Exposure;0.0000;2026-03-26 11:38:53.1847;Controllers;NULL;NULL;OpenXR
NULL;Right;NULL;NULL;Exposure;NULL;ControllerHoverConfirm;2;1;0;0;0;0;0.5000;0.0000;2.0000;NULL;None;anonymous;NULL;Mole Spawned;MoleEvent;14781;76997878-c21b-4394-8be8-49129cf9087b;NULL;-0.0325;-0.0020;-0.0271;0.7072;349.4203;2.3334;NULL;NULL;NULL;NULL;NULL;NULL;NULL;NULL;NULL;-0.0092;-0.4174;0.4585;45.7830;14.2834;195.2102;-0.0102;-0.4117;0.4533;45.7902;14.1732;195.0550;0;NULL;-0.0102;-0.4117;0.4533;45.7902;14.1732;195.0550;ControllerBody;NULL;NULL;NULL;NULL;2;1;0;0;0;0;0.5000;0.0000;2.0000;-0.1284;-0.0218;0.4964;359.2859;345.9959;1.2431;-0.1258;-0.0219;0.4899;359.2721;346.2624;1.5471;0;NULL;-0.1258;-0.0219;0.4899;359.2721;346.2624;1.5471;ControllerBody;NULL;74331e22-d15e-49ae-974a-b7b2b1a343ae;NULL;NULL;NULL;1;NULL;0.5000;0.0000;2.0000;Exposure;0.0000;2026-03-26 11:38:53.1889;Controllers;NULL;NULL;OpenXR
NULL;Right;NULL;17;Exposure;NULL;ControllerHoverConfirm;2;1;0;0;0;0;0.5000;0.0000;2.0000;NULL;None;anonymous;NULL;Pointer Shoot;PointerEvent;15078;76997878-c21b-4394-8be8-49129cf9087b;NULL;-0.0333;0.0028;-0.0206;357.0491;6.7641;3.7949;NULL;0.4783;0.0008;2.0000;0.4783;0.0008;2.0000;NULL;NULL;-0.0095;-0.4175;0.4577;45.7830;14.2834;195.2102;-0.0111;-0.4123;0.4518;45.7983;14.1469;195.0470;0;NULL;-0.0111;-0.4123;0.4518;45.7983;14.1469;195.0470;ControllerBody;NULL;NULL;NULL;NULL;2;1;0;0;0;0;0.5000;0.0000;2.0000;0.1370;-0.0124;0.5164;359.5043;12.9569;0.9149;0.1365;-0.0146;0.5127;359.7849;13.0822;0.9791;0;NULL;0.1365;-0.0146;0.5127;359.7849;13.0822;0.9791;ControllerBody;NULL;74331e22-d15e-49ae-974a-b7b2b1a343ae;NULL;NULL;16;1;NULL;0.5000;0.0000;2.0000;Exposure;2.9514;2026-03-26 11:38:56.1326;Controllers;NULL;NULL;OpenXR
NULL;Right;NULL;17;Exposure;NULL;ControllerHoverConfirm;2;1;0;0;0;0;0.5000;0.0000;2.0000;NULL;None;anonymous;NULL;Mole Hit;MoleEvent;15078;76997878-c21b-4394-8be8-49129cf9087b;NULL;-0.0333;0.0028;-0.0206;357.0491;6.7641;3.7949;0.0217;0.4783;0.0008;2.0000;0.4783;0.0008;2.0000;NULL;1;-0.0095;-0.4175;0.4577;45.7830;14.2834;195.2102;-0.0111;-0.4123;0.4518;45.7983;14.1469;195.0470;0;NULL;-0.0111;-0.4123;0.4518;45.7983;14.1469;195.0470;ControllerBody;NULL;NULL;NULL;NULL;2;1;0;0;0;0;0.5000;0.0000;2.0000;0.1370;-0.0124;0.5164;359.5043;12.9569;0.9149;0.1365;-0.0146;0.5127;359.7849;13.0822;0.9791;0;NULL;0.1365;-0.0146;0.5127;359.7849;13.0822;0.9791;ControllerBody;NULL;74331e22-d15e-49ae-974a-b7b2b1a343ae;NULL;NULL;16;1;NULL;0.5000;0.0000;2.0000;Exposure;0.0000;2026-03-26 11:38:56.1367;Controllers;NULL;NULL;OpenXR
NULL;Right;NULL;NULL;Exposure;NULL;ControllerHoverConfirm;1;0;0;-1;0;0;0.0000;0.0000;2.0000;NULL;None;anonymous;NULL;Mole Spawned;MoleEvent;15078;76997878-c21b-4394-8be8-49129cf9087b;NULL;-0.0333;0.0028;-0.0206;357.0491;6.7641;3.7949;NULL;NULL;NULL;NULL;NULL;NULL;NULL;NULL;NULL;-0.0095;-0.4175;0.4577;45.7830;14.2834;195.2102;-0.0111;-0.4123;0.4518;45.7983;14.1469;195.0470;0;NULL;-0.0111;-0.4123;0.4518;45.7983;14.1469;195.0470;ControllerBody;NULL;NULL;NULL;NULL;1;0;0;-1;0;0;0.0000;0.0000;2.0000;0.1370;-0.0124;0.5164;359.5043;12.9569;0.9149;0.1365;-0.0146;0.5127;359.7849;13.0822;0.9791;0;NULL;0.1365;-0.0146;0.5127;359.7849;13.0822;0.9791;ControllerBody;NULL;74331e22-d15e-49ae-974a-b7b2b1a343ae;NULL;NULL;NULL;0;NULL;0.0000;0.0000;2.0000;Exposure;0.0000;2026-03-26 11:38:56.1414;Controllers;NULL;NULL;OpenXR
NULL;Right;NULL;18;Exposure;NULL;ControllerHoverConfirm;1;0;0;-1;0;0;0.0000;0.0000;2.0000;NULL;None;anonymous;NULL;Pointer Shoot;PointerEvent;15333;76997878-c21b-4394-8be8-49129cf9087b;NULL;-0.0394;0.0008;-0.0263;356.6443;0.1591;2.8879;NULL;0.0477;-0.0347;2.0000;0.0477;-0.0347;2.0000;NULL;NULL;-0.0087;-0.4240;0.4648;45.7830;14.2834;195.2102;-0.0101;-0.4186;0.4588;45.7882;14.1542;195.0336;0;NULL;-0.0101;-0.4186;0.4588;45.7882;14.1542;195.0336;ControllerBody;NULL;NULL;NULL;NULL;1;0;0;-1;0;0;0.0000;0.0000;2.0000;0.0004;-0.0166;0.5258;0.7063;1.8365;2.8702;-0.0008;-0.0161;0.5179;0.5979;1.8432;3.3944;0;NULL;-0.0008;-0.0161;0.5179;0.5979;1.8432;3.3944;ControllerBody;NULL;74331e22-d15e-49ae-974a-b7b2b1a343ae;NULL;NULL;17;0;NULL;0.0000;0.0000;2.0000;Exposure;2.5817;2026-03-26 11:38:58.7138;Controllers;NULL;NULL;OpenXR
NULL;Right;NULL;18;Exposure;NULL;ControllerHoverConfirm;1;0;0;-1;0;0;0.0000;0.0000;2.0000;NULL;None;anonymous;NULL;Mole Hit;MoleEvent;15333;76997878-c21b-4394-8be8-49129cf9087b;NULL;-0.0394;0.0008;-0.0263;356.6443;0.1591;2.8879;0.0590;0.0477;-0.0347;2.0000;0.0477;-0.0347;2.0000;NULL;1;-0.0087;-0.4240;0.4648;45.7830;14.2834;195.2102;-0.0101;-0.4186;0.4588;45.7882;14.1542;195.0336;0;NULL;-0.0101;-0.4186;0.4588;45.7882;14.1542;195.0336;ControllerBody;NULL;NULL;NULL;NULL;1;0;0;-1;0;0;0.0000;0.0000;2.0000;0.0004;-0.0166;0.5258;0.7063;1.8365;2.8702;-0.0008;-0.0161;0.5179;0.5979;1.8432;3.3944;0;NULL;-0.0008;-0.0161;0.5179;0.5979;1.8432;3.3944;ControllerBody;NULL;74331e22-d15e-49ae-974a-b7b2b1a343ae;NULL;NULL;17;0;NULL;0.0000;0.0000;2.0000;Exposure;0.0000;2026-03-26 11:38:58.7179;Controllers;NULL;NULL;OpenXR
NULL;Right;NULL;NULL;Exposure;NULL;ControllerHoverConfirm;3;2;0;1;0;0;-0.5000;0.0000;2.0000;NULL;None;anonymous;NULL;Mole Spawned;MoleEvent;15333;76997878-c21b-4394-8be8-49129cf9087b;NULL;-0.0394;0.0008;-0.0263;356.6443;0.1591;2.8879;NULL;NULL;NULL;NULL;NULL;NULL;NULL;NULL;NULL;-0.0087;-0.4240;0.4648;45.7830;14.2834;195.2102;-0.0101;-0.4186;0.4588;45.7882;14.1542;195.0336;0;NULL;-0.0101;-0.4186;0.4588;45.7882;14.1542;195.0336;ControllerBody;NULL;NULL;NULL;NULL;3;2;0;1;0;0;-0.5000;0.0000;2.0000;0.0004;-0.0166;0.5258;0.7063;1.8365;2.8702;-0.0008;-0.0161;0.5179;0.5979;1.8432;3.3944;0;NULL;-0.0008;-0.0161;0.5179;0.5979;1.8432;3.3944;ControllerBody;NULL;74331e22-d15e-49ae-974a-b7b2b1a343ae;NULL;NULL;NULL;2;NULL;-0.5000;0.0000;2.0000;Exposure;0.0000;2026-03-26 11:38:58.7223;Controllers;NULL;NULL;OpenXR
NULL;Right;NULL;19;Exposure;NULL;ControllerHoverConfirm;3;2;0;1;0;0;-0.5000;0.0000;2.0000;NULL;None;anonymous;NULL;Pointer Shoot;PointerEvent;15580;76997878-c21b-4394-8be8-49129cf9087b;NULL;-0.0385;-0.0007;-0.0236;358.0859;352.2274;2.5513;NULL;-0.5099;0.0336;2.0000;-0.5099;0.0336;2.0000;NULL;NULL;-0.0088;-0.4235;0.4638;45.7830;14.2834;195.2102;-0.0100;-0.4180;0.4582;45.7624;14.1482;195.0123;0;NULL;-0.0100;-0.4180;0.4582;45.7624;14.1482;195.0123;ControllerBody;NULL;NULL;NULL;NULL;3;2;0;1;0;0;-0.5000;0.0000;2.0000;-0.1296;-0.0183;0.4943;358.0882;345.8255;2.4909;-0.1283;-0.0202;0.4870;358.2805;345.5336;2.5224;0;NULL;-0.1283;-0.0202;0.4870;358.2805;345.5336;2.5224;ControllerBody;NULL;74331e22-d15e-49ae-974a-b7b2b1a343ae;NULL;NULL;18;2;NULL;-0.5000;0.0000;2.0000;Exposure;2.5486;2026-03-26 11:39:01.2616;Controllers;NULL;NULL;OpenXR
NULL;Right;NULL;19;Exposure;NULL;ControllerHoverConfirm;3;2;0;1;0;0;-0.5000;0.0000;2.0000;NULL;None;anonymous;NULL;Mole Hit;MoleEvent;15580;76997878-c21b-4394-8be8-49129cf9087b;NULL;-0.0385;-0.0007;-0.0236;358.0859;352.2274;2.5513;0.0350;-0.5099;0.0336;2.0000;-0.5099;0.0336;2.0000;NULL;1;-0.0088;-0.4235;0.4638;45.7830;14.2834;195.2102;-0.0100;-0.4180;0.4582;45.7624;14.1482;195.0123;0;NULL;-0.0100;-0.4180;0.4582;45.7624;14.1482;195.0123;ControllerBody;NULL;NULL;NULL;NULL;3;2;0;1;0;0;-0.5000;0.0000;2.0000;-0.1296;-0.0183;0.4943;358.0882;345.8255;2.4909;-0.1283;-0.0202;0.4870;358.2805;345.5336;2.5224;0;NULL;-0.1283;-0.0202;0.4870;358.2805;345.5336;2.5224;ControllerBody;NULL;74331e22-d15e-49ae-974a-b7b2b1a343ae;NULL;NULL;18;2;NULL;-0.5000;0.0000;2.0000;Exposure;0.0000;2026-03-26 11:39:01.2662;Controllers;NULL;NULL;OpenXR
NULL;Right;NULL;NULL;Exposure;NULL;ControllerHoverConfirm;2;1;0;0;0;0;0.5000;0.0000;2.0000;NULL;None;anonymous;NULL;Mole Spawned;MoleEvent;15580;76997878-c21b-4394-8be8-49129cf9087b;NULL;-0.0385;-0.0007;-0.0236;358.0859;352.2274;2.5513;NULL;NULL;NULL;NULL;NULL;NULL;NULL;NULL;NULL;-0.0088;-0.4235;0.4638;45.7830;14.2834;195.2102;-0.0100;-0.4180;0.4582;45.7624;14.1482;195.0123;0;NULL;-0.0100;-0.4180;0.4582;45.7624;14.1482;195.0123;ControllerBody;NULL;NULL;NULL;NULL;2;1;0;0;0;0;0.5000;0.0000;2.0000;-0.1296;-0.0183;0.4943;358.0882;345.8255;2.4909;-0.1283;-0.0202;0.4870;358.2805;345.5336;2.5224;0;NULL;-0.1283;-0.0202;0.4870;358.2805;345.5336;2.5224;ControllerBody;NULL;74331e22-d15e-49ae-974a-b7b2b1a343ae;NULL;NULL;NULL;1;NULL;0.5000;0.0000;2.0000;Exposure;0.0000;2026-03-26 11:39:01.2704;Controllers;NULL;NULL;OpenXR
NULL;Right;NULL;20;Exposure;NULL;ControllerHoverConfirm;2;1;0;0;0;0;0.5000;0.0000;2.0000;NULL;None;anonymous;NULL;Pointer Shoot;PointerEvent;15846;76997878-c21b-4394-8be8-49129cf9087b;NULL;-0.0394;-0.0007;-0.0174;358.9510;9.7585;2.0851;NULL;0.5076;-0.0466;2.0000;0.5076;-0.0466;2.0000;NULL;NULL;-0.0088;-0.4231;0.4634;45.7830;14.2834;195.2102;-0.0101;-0.4172;0.4580;45.7624;14.1392;195.0077;0;NULL;-0.0101;-0.4172;0.4580;45.7624;14.1392;195.0077;ControllerBody;NULL;NULL;NULL;NULL;2;1;0;0;0;0;0.5000;0.0000;2.0000;0.1343;-0.0102;0.5358;1.3787;14.3018;2.8141;0.1338;-0.0101;0.5268;1.0792;14.4031;2.8531;0;NULL;0.1338;-0.0101;0.5268;1.0792;14.4031;2.8531;ControllerBody;NULL;74331e22-d15e-49ae-974a-b7b2b1a343ae;NULL;NULL;19;1;NULL;0.5000;0.0000;2.0000;Exposure;2.7576;2026-03-26 11:39:04.0202;Controllers;NULL;NULL;OpenXR
NULL;Right;NULL;20;Exposure;NULL;ControllerHoverConfirm;2;1;0;0;0;0;0.5000;0.0000;2.0000;NULL;None;anonymous;NULL;Mole Hit;MoleEvent;15846;76997878-c21b-4394-8be8-49129cf9087b;NULL;-0.0394;-0.0007;-0.0174;358.9510;9.7585;2.0851;0.0472;0.5076;-0.0466;2.0000;0.5076;-0.0466;2.0000;NULL;1;-0.0088;-0.4231;0.4634;45.7830;14.2834;195.2102;-0.0101;-0.4172;0.4580;45.7624;14.1392;195.0077;0;NULL;-0.0101;-0.4172;0.4580;45.7624;14.1392;195.0077;ControllerBody;NULL;NULL;NULL;NULL;2;1;0;0;0;0;0.5000;0.0000;2.0000;0.1343;-0.0102;0.5358;1.3787;14.3018;2.8141;0.1338;-0.0101;0.5268;1.0792;14.4031;2.8531;0;NULL;0.1338;-0.0101;0.5268;1.0792;14.4031;2.8531;ControllerBody;NULL;74331e22-d15e-49ae-974a-b7b2b1a343ae;NULL;NULL;19;1;NULL;0.5000;0.0000;2.0000;Exposure;0.0000;2026-03-26 11:39:04.0232;Controllers;NULL;NULL;OpenXR
NULL;Right;NULL;NULL;Exposure;NULL;ControllerHoverConfirm;3;2;0;1;0;0;-0.5000;0.0000;2.0000;NULL;None;anonymous;NULL;Mole Spawned;MoleEvent;15846;76997878-c21b-4394-8be8-49129cf9087b;NULL;-0.0394;-0.0007;-0.0174;358.9510;9.7585;2.0851;NULL;NULL;NULL;NULL;NULL;NULL;NULL;NULL;NULL;-0.0088;-0.4231;0.4634;45.7830;14.2834;195.2102;-0.0101;-0.4172;0.4580;45.7624;14.1392;195.0077;0;NULL;-0.0101;-0.4172;0.4580;45.7624;14.1392;195.0077;ControllerBody;NULL;NULL;NULL;NULL;3;2;0;1;0;0;-0.5000;0.0000;2.0000;0.1343;-0.0102;0.5358;1.3787;14.3018;2.8141;0.1338;-0.0101;0.5268;1.0792;14.4031;2.8531;0;NULL;0.1338;-0.0101;0.5268;1.0792;14.4031;2.8531;ControllerBody;NULL;74331e22-d15e-49ae-974a-b7b2b1a343ae;NULL;NULL;NULL;2;NULL;-0.5000;0.0000;2.0000;Exposure;0.0000;2026-03-26 11:39:04.0280;Controllers;NULL;NULL;OpenXR
NULL;Right;NULL;21;Exposure;NULL;ControllerHoverConfirm;3;2;0;1;0;0;-0.5000;0.0000;2.0000;NULL;None;anonymous;NULL;Pointer Shoot;PointerEvent;16115;76997878-c21b-4394-8be8-49129cf9087b;NULL;-0.0378;-0.0050;-0.0296;0.7599;351.9289;0.4915;NULL;-0.5193;0.0676;2.0000;-0.5193;0.0676;2.0000;NULL;NULL;-0.0090;-0.4403;0.4829;45.7670;14.2536;195.1285;-0.0107;-0.4356;0.4764;45.6652;14.2151;194.9798;0;NULL;-0.0107;-0.4356;0.4764;45.6652;14.2151;194.9798;ControllerBody;NULL;NULL;NULL;NULL;3;2;0;1;0;0;-0.5000;0.0000;2.0000;-0.1314;-0.0151;0.4929;356.9578;345.5660;0.8036;-0.1266;-0.0147;0.4865;357.0721;346.0171;1.0387;0;NULL;-0.1266;-0.0147;0.4865;357.0721;346.0171;1.0387;ControllerBody;NULL;74331e22-d15e-49ae-974a-b7b2b1a343ae;NULL;NULL;20;2;NULL;-0.5000;0.0000;2.0000;Exposure;2.6995;2026-03-26 11:39:06.7200;Controllers;NULL;NULL;OpenXR
NULL;Right;NULL;21;Exposure;NULL;ControllerHoverConfirm;3;2;0;1;0;0;-0.5000;0.0000;2.0000;NULL;None;anonymous;NULL;Mole Hit;MoleEvent;16115;76997878-c21b-4394-8be8-49129cf9087b;NULL;-0.0378;-0.0050;-0.0296;0.7599;351.9289;0.4915;0.0703;-0.5193;0.0676;2.0000;-0.5193;0.0676;2.0000;NULL;1;-0.0090;-0.4403;0.4829;45.7670;14.2536;195.1285;-0.0107;-0.4356;0.4764;45.6652;14.2151;194.9798;0;NULL;-0.0107;-0.4356;0.4764;45.6652;14.2151;194.9798;ControllerBody;NULL;NULL;NULL;NULL;3;2;0;1;0;0;-0.5000;0.0000;2.0000;-0.1314;-0.0151;0.4929;356.9578;345.5660;0.8036;-0.1266;-0.0147;0.4865;357.0721;346.0171;1.0387;0;NULL;-0.1266;-0.0147;0.4865;357.0721;346.0171;1.0387;ControllerBody;NULL;74331e22-d15e-49ae-974a-b7b2b1a343ae;NULL;NULL;20;2;NULL;-0.5000;0.0000;2.0000;Exposure;0.0000;2026-03-26 11:39:06.7243;Controllers;NULL;NULL;OpenXR
NULL;Right;NULL;NULL;Exposure;NULL;ControllerHoverConfirm;1;0;0;-1;0;0;0.0000;0.0000;2.0000;NULL;None;anonymous;NULL;Mole Spawned;MoleEvent;16115;76997878-c21b-4394-8be8-49129cf9087b;NULL;-0.0378;-0.0050;-0.0296;0.7599;351.9289;0.4915;NULL;NULL;NULL;NULL;NULL;NULL;NULL;NULL;NULL;-0.0090;-0.4403;0.4829;45.7670;14.2536;195.1285;-0.0107;-0.4356;0.4764;45.6652;14.2151;194.9798;0;NULL;-0.0107;-0.4356;0.4764;45.6652;14.2151;194.9798;ControllerBody;NULL;NULL;NULL;NULL;1;0;0;-1;0;0;0.0000;0.0000;2.0000;-0.1314;-0.0151;0.4929;356.9578;345.5660;0.8036;-0.1266;-0.0147;0.4865;357.0721;346.0171;1.0387;0;NULL;-0.1266;-0.0147;0.4865;357.0721;346.0171;1.0387;ControllerBody;NULL;74331e22-d15e-49ae-974a-b7b2b1a343ae;NULL;NULL;NULL;0;NULL;0.0000;0.0000;2.0000;Exposure;0.0000;2026-03-26 11:39:06.7274;Controllers;NULL;NULL;OpenXR
NULL;Right;NULL;22;Exposure;NULL;ControllerHoverConfirm;1;0;0;-1;0;0;0.0000;0.0000;2.0000;NULL;None;anonymous;NULL;Pointer Shoot;PointerEvent;16373;76997878-c21b-4394-8be8-49129cf9087b;NULL;-0.0357;-0.0051;-0.0271;0.8324;359.9142;1.3910;NULL;0.0106;-0.0256;2.0000;0.0106;-0.0256;2.0000;NULL;NULL;-0.0093;-0.4407;0.4820;45.7663;14.2532;195.1273;-0.0107;-0.4356;0.4764;45.6652;14.2148;194.9797;0;NULL;-0.0107;-0.4356;0.4764;45.6652;14.2148;194.9797;ControllerBody;NULL;NULL;NULL;NULL;1;0;0;-1;0;0;0.0000;0.0000;2.0000;-0.0002;-0.0205;0.5170;0.1953;0.4172;0.3666;0.0001;-0.0211;0.5104;0.2150;0.3440;0.3131;0;NULL;0.0001;-0.0211;0.5104;0.2150;0.3440;0.3131;ControllerBody;NULL;74331e22-d15e-49ae-974a-b7b2b1a343ae;NULL;NULL;21;0;NULL;0.0000;0.0000;2.0000;Exposure;2.5238;2026-03-26 11:39:09.2436;Controllers;NULL;NULL;OpenXR
NULL;Right;NULL;22;Exposure;NULL;ControllerHoverConfirm;1;0;0;-1;0;0;0.0000;0.0000;2.0000;NULL;None;anonymous;NULL;Mole Hit;MoleEvent;16373;76997878-c21b-4394-8be8-49129cf9087b;NULL;-0.0357;-0.0051;-0.0271;0.8324;359.9142;1.3910;0.0277;0.0106;-0.0256;2.0000;0.0106;-0.0256;2.0000;NULL;1;-0.0093;-0.4407;0.4820;45.7663;14.2532;195.1273;-0.0107;-0.4356;0.4764;45.6652;14.2148;194.9797;0;NULL;-0.0107;-0.4356;0.4764;45.6652;14.2148;194.9797;ControllerBody;NULL;NULL;NULL;NULL;1;0;0;-1;0;0;0.0000;0.0000;2.0000;-0.0002;-0.0205;0.5170;0.1953;0.4172;0.3666;0.0001;-0.0211;0.5104;0.2150;0.3440;0.3131;0;NULL;0.0001;-0.0211;0.5104;0.2150;0.3440;0.3131;ControllerBody;NULL;74331e22-d15e-49ae-974a-b7b2b1a343ae;NULL;NULL;21;0;NULL;0.0000;0.0000;2.0000;Exposure;0.0000;2026-03-26 11:39:09.2467;Controllers;NULL;NULL;OpenXR
NULL;Right;NULL;NULL;Exposure;NULL;ControllerHoverConfirm;2;1;0;0;0;0;0.5000;0.0000;2.0000;NULL;None;anonymous;NULL;Mole Spawned;MoleEvent;16373;76997878-c21b-4394-8be8-49129cf9087b;NULL;-0.0357;-0.0051;-0.0271;0.8324;359.9142;1.3910;NULL;NULL;NULL;NULL;NULL;NULL;NULL;NULL;NULL;-0.0093;-0.4407;0.4820;45.7663;14.2532;195.1273;-0.0107;-0.4356;0.4764;45.6652;14.2148;194.9797;0;NULL;-0.0107;-0.4356;0.4764;45.6652;14.2148;194.9797;ControllerBody;NULL;NULL;NULL;NULL;2;1;0;0;0;0;0.5000;0.0000;2.0000;-0.0002;-0.0205;0.5170;0.1953;0.4172;0.3666;0.0001;-0.0211;0.5104;0.2150;0.3440;0.3131;0;NULL;0.0001;-0.0211;0.5104;0.2150;0.3440;0.3131;ControllerBody;NULL;74331e22-d15e-49ae-974a-b7b2b1a343ae;NULL;NULL;NULL;1;NULL;0.5000;0.0000;2.0000;Exposure;0.0000;2026-03-26 11:39:09.2504;Controllers;NULL;NULL;OpenXR
NULL;Right;NULL;23;Exposure;NULL;ControllerHoverConfirm;2;1;0;0;0;0;0.5000;0.0000;2.0000;NULL;None;anonymous;NULL;Pointer Shoot;PointerEvent;16613;76997878-c21b-4394-8be8-49129cf9087b;NULL;-0.0313;-0.0038;-0.0251;0.1161;7.3947;1.8530;NULL;0.5021;0.0252;2.0000;0.5021;0.0252;2.0000;NULL;NULL;-0.0093;-0.4408;0.4818;45.7663;14.2532;195.1273;-0.0107;-0.4356;0.4764;45.6652;14.2149;194.9797;0;NULL;-0.0107;-0.4356;0.4764;45.6652;14.2149;194.9797;ControllerBody;NULL;NULL;NULL;NULL;2;1;0;0;0;0;0.5000;0.0000;2.0000;0.1373;-0.0160;0.5149;358.4580;13.8000;1.1402;0.1367;-0.0151;0.5063;358.3751;13.8360;1.1454;0;NULL;0.1367;-0.0151;0.5063;358.3751;13.8360;1.1454;ControllerBody;NULL;74331e22-d15e-49ae-974a-b7b2b1a343ae;NULL;NULL;22;1;NULL;0.5000;0.0000;2.0000;Exposure;2.5083;2026-03-26 11:39:11.7525;Controllers;NULL;NULL;OpenXR
NULL;Right;NULL;23;Exposure;NULL;ControllerHoverConfirm;2;1;0;0;0;0;0.5000;0.0000;2.0000;NULL;None;anonymous;NULL;Mole Hit;MoleEvent;16613;76997878-c21b-4394-8be8-49129cf9087b;NULL;-0.0313;-0.0038;-0.0251;0.1161;7.3947;1.8530;0.0253;0.5021;0.0252;2.0000;0.5021;0.0252;2.0000;NULL;1;-0.0093;-0.4408;0.4818;45.7663;14.2532;195.1273;-0.0107;-0.4356;0.4764;45.6652;14.2149;194.9797;0;NULL;-0.0107;-0.4356;0.4764;45.6652;14.2149;194.9797;ControllerBody;NULL;NULL;NULL;NULL;2;1;0;0;0;0;0.5000;0.0000;2.0000;0.1373;-0.0160;0.5149;358.4580;13.8000;1.1402;0.1367;-0.0151;0.5063;358.3751;13.8360;1.1454;0;NULL;0.1367;-0.0151;0.5063;358.3751;13.8360;1.1454;ControllerBody;NULL;74331e22-d15e-49ae-974a-b7b2b1a343ae;NULL;NULL;22;1;NULL;0.5000;0.0000;2.0000;Exposure;0.0000;2026-03-26 11:39:11.7561;Controllers;NULL;NULL;OpenXR
NULL;Right;NULL;NULL;Exposure;NULL;ControllerHoverConfirm;1;0;0;-1;0;0;0.0000;0.0000;2.0000;NULL;None;anonymous;NULL;Mole Spawned;MoleEvent;16613;76997878-c21b-4394-8be8-49129cf9087b;NULL;-0.0313;-0.0038;-0.0251;0.1161;7.3947;1.8530;NULL;NULL;NULL;NULL;NULL;NULL;NULL;NULL;NULL;-0.0093;-0.4408;0.4818;45.7663;14.2532;195.1273;-0.0107;-0.4356;0.4764;45.6652;14.2149;194.9797;0;NULL;-0.0107;-0.4356;0.4764;45.6652;14.2149;194.9797;ControllerBody;NULL;NULL;NULL;NULL;1;0;0;-1;0;0;0.0000;0.0000;2.0000;0.1373;-0.0160;0.5149;358.4580;13.8000;1.1402;0.1367;-0.0151;0.5063;358.3751;13.8360;1.1454;0;NULL;0.1367;-0.0151;0.5063;358.3751;13.8360;1.1454;ControllerBody;NULL;74331e22-d15e-49ae-974a-b7b2b1a343ae;NULL;NULL;NULL;0;NULL;0.0000;0.0000;2.0000;Exposure;0.0000;2026-03-26 11:39:11.7604;Controllers;NULL;NULL;OpenXR
NULL;Right;NULL;24;Exposure;NULL;ControllerHoverConfirm;1;0;0;-1;0;0;0.0000;0.0000;2.0000;NULL;None;anonymous;NULL;Pointer Shoot;PointerEvent;16838;76997878-c21b-4394-8be8-49129cf9087b;NULL;-0.0302;-0.0037;-0.0297;359.4976;1.5445;1.5563;NULL;-0.0105;0.0303;2.0000;-0.0105;0.0303;2.0000;NULL;NULL;-0.0097;-0.4287;0.4688;45.7545;14.2176;195.0956;-0.0110;-0.4222;0.4624;45.6514;14.1957;194.9615;0;NULL;-0.0110;-0.4222;0.4624;45.6514;14.1957;194.9615;ControllerBody;NULL;NULL;NULL;NULL;1;0;0;-1;0;0;0.0000;0.0000;2.0000;0.0061;-0.0145;0.5182;358.2704;359.3572;0.2653;0.0047;-0.0161;0.5122;358.4395;359.2623;0.3407;0;NULL;0.0047;-0.0161;0.5122;358.4395;359.2623;0.3407;ControllerBody;NULL;74331e22-d15e-49ae-974a-b7b2b1a343ae;NULL;NULL;23;0;NULL;0.0000;0.0000;2.0000;Exposure;2.4991;2026-03-26 11:39:14.2517;Controllers;NULL;NULL;OpenXR
NULL;Right;NULL;24;Exposure;NULL;ControllerHoverConfirm;1;0;0;-1;0;0;0.0000;0.0000;2.0000;NULL;None;anonymous;NULL;Mole Hit;MoleEvent;16838;76997878-c21b-4394-8be8-49129cf9087b;NULL;-0.0302;-0.0037;-0.0297;359.4976;1.5445;1.5563;0.0321;-0.0105;0.0303;2.0000;-0.0105;0.0303;2.0000;NULL;1;-0.0097;-0.4287;0.4688;45.7545;14.2176;195.0956;-0.0110;-0.4222;0.4624;45.6514;14.1957;194.9615;0;NULL;-0.0110;-0.4222;0.4624;45.6514;14.1957;194.9615;ControllerBody;NULL;NULL;NULL;NULL;1;0;0;-1;0;0;0.0000;0.0000;2.0000;0.0061;-0.0145;0.5182;358.2704;359.3572;0.2653;0.0047;-0.0161;0.5122;358.4395;359.2623;0.3407;0;NULL;0.0047;-0.0161;0.5122;358.4395;359.2623;0.3407;ControllerBody;NULL;74331e22-d15e-49ae-974a-b7b2b1a343ae;NULL;NULL;23;0;NULL;0.0000;0.0000;2.0000;Exposure;0.0000;2026-03-26 11:39:14.2548;Controllers;NULL;NULL;OpenXR
NULL;Right;NULL;NULL;Exposure;NULL;ControllerHoverConfirm;3;2;0;1;0;0;-0.5000;0.0000;2.0000;NULL;None;anonymous;NULL;Mole Spawned;MoleEvent;16838;76997878-c21b-4394-8be8-49129cf9087b;NULL;-0.0302;-0.0037;-0.0297;359.4976;1.5445;1.5563;NULL;NULL;NULL;NULL;NULL;NULL;NULL;NULL;NULL;-0.0097;-0.4287;0.4688;45.7545;14.2176;195.0956;-0.0110;-0.4222;0.4624;45.6514;14.1957;194.9615;0;NULL;-0.0110;-0.4222;0.4624;45.6514;14.1957;194.9615;ControllerBody;NULL;NULL;NULL;NULL;3;2;0;1;0;0;-0.5000;0.0000;2.0000;0.0061;-0.0145;0.5182;358.2704;359.3572;0.2653;0.0047;-0.0161;0.5122;358.4395;359.2623;0.3407;0;NULL;0.0047;-0.0161;0.5122;358.4395;359.2623;0.3407;ControllerBody;NULL;74331e22-d15e-49ae-974a-b7b2b1a343ae;NULL;NULL;NULL;2;NULL;-0.5000;0.0000;2.0000;Exposure;0.0000;2026-03-26 11:39:14.2600;Controllers;NULL;NULL;OpenXR
NULL;Right;NULL;25;Exposure;NULL;ControllerHoverConfirm;3;2;0;1;0;0;-0.5000;0.0000;2.0000;NULL;None;anonymous;NULL;Pointer Shoot;PointerEvent;17089;76997878-c21b-4394-8be8-49129cf9087b;NULL;-0.0321;-0.0042;-0.0312;359.8684;353.4059;1.1851;NULL;-0.4756;-0.0012;2.0000;-0.4756;-0.0012;2.0000;NULL;NULL;-0.0097;-0.4280;0.4678;45.7545;14.2176;195.0956;-0.0109;-0.4225;0.4618;45.6804;14.1943;194.9586;0;NULL;-0.0109;-0.4225;0.4618;45.6804;14.1943;194.9586;ControllerBody;NULL;NULL;NULL;NULL;3;2;0;1;0;0;-0.5000;0.0000;2.0000;-0.1246;-0.0239;0.4909;359.1599;346.9086;1.0801;-0.1211;-0.0260;0.4843;359.1942;346.9627;1.2821;0;NULL;-0.1211;-0.0260;0.4843;359.1942;346.9627;1.2821;ControllerBody;NULL;74331e22-d15e-49ae-974a-b7b2b1a343ae;NULL;NULL;24;2;NULL;-0.5000;0.0000;2.0000;Exposure;2.5497;2026-03-26 11:39:16.8015;Controllers;NULL;NULL;OpenXR
NULL;Right;NULL;25;Exposure;NULL;ControllerHoverConfirm;3;2;0;1;0;0;-0.5000;0.0000;2.0000;NULL;None;anonymous;NULL;Mole Hit;MoleEvent;17089;76997878-c21b-4394-8be8-49129cf9087b;NULL;-0.0321;-0.0042;-0.0312;359.8684;353.4059;1.1851;0.0245;-0.4756;-0.0012;2.0000;-0.4756;-0.0012;2.0000;NULL;1;-0.0097;-0.4280;0.4678;45.7545;14.2176;195.0956;-0.0109;-0.4225;0.4618;45.6804;14.1943;194.9586;0;NULL;-0.0109;-0.4225;0.4618;45.6804;14.1943;194.9586;ControllerBody;NULL;NULL;NULL;NULL;3;2;0;1;0;0;-0.5000;0.0000;2.0000;-0.1246;-0.0239;0.4909;359.1599;346.9086;1.0801;-0.1211;-0.0260;0.4843;359.1942;346.9627;1.2821;0;NULL;-0.1211;-0.0260;0.4843;359.1942;346.9627;1.2821;ControllerBody;NULL;74331e22-d15e-49ae-974a-b7b2b1a343ae;NULL;NULL;24;2;NULL;-0.5000;0.0000;2.0000;Exposure;0.0000;2026-03-26 11:39:16.8046;Controllers;NULL;NULL;OpenXR
NULL;Right;NULL;NULL;Exposure;NULL;ControllerHoverConfirm;2;1;0;0;0;0;0.5000;0.0000;2.0000;NULL;None;anonymous;NULL;Mole Spawned;MoleEvent;17089;76997878-c21b-4394-8be8-49129cf9087b;NULL;-0.0321;-0.0042;-0.0312;359.8684;353.4059;1.1851;NULL;NULL;NULL;NULL;NULL;NULL;NULL;NULL;NULL;-0.0097;-0.4280;0.4678;45.7545;14.2176;195.0956;-0.0109;-0.4225;0.4618;45.6804;14.1943;194.9586;0;NULL;-0.0109;-0.4225;0.4618;45.6804;14.1943;194.9586;ControllerBody;NULL;NULL;NULL;NULL;2;1;0;0;0;0;0.5000;0.0000;2.0000;-0.1246;-0.0239;0.4909;359.1599;346.9086;1.0801;-0.1211;-0.0260;0.4843;359.1942;346.9627;1.2821;0;NULL;-0.1211;-0.0260;0.4843;359.1942;346.9627;1.2821;ControllerBody;NULL;74331e22-d15e-49ae-974a-b7b2b1a343ae;NULL;NULL;NULL;1;NULL;0.5000;0.0000;2.0000;Exposure;0.0000;2026-03-26 11:39:16.8089;Controllers;NULL;NULL;OpenXR
NULL;Right;NULL;26;Exposure;NULL;ControllerHoverConfirm;2;1;0;0;0;0;0.5000;0.0000;2.0000;NULL;None;anonymous;NULL;Pointer Shoot;PointerEvent;17362;76997878-c21b-4394-8be8-49129cf9087b;NULL;-0.0322;-0.0029;-0.0221;0.7533;11.1985;2.9246;NULL;0.4976;-0.0248;2.0000;0.4976;-0.0248;2.0000;NULL;NULL;-0.0102;-0.4266;0.4659;45.7545;14.2176;195.0956;-0.0118;-0.4203;0.4597;45.7486;14.1630;194.9684;0;NULL;-0.0118;-0.4203;0.4597;45.7486;14.1630;194.9684;ControllerBody;NULL;NULL;NULL;NULL;2;1;0;0;0;0;0.5000;0.0000;2.0000;0.1358;-0.0260;0.5075;359.9567;13.6235;359.7511;0.1305;-0.0259;0.5004;359.8907;13.1579;359.7232;0;NULL;0.1305;-0.0259;0.5004;359.8907;13.1579;359.7232;ControllerBody;NULL;74331e22-d15e-49ae-974a-b7b2b1a343ae;NULL;NULL;25;1;NULL;0.5000;0.0000;2.0000;Exposure;2.7322;2026-03-26 11:39:19.5324;Controllers;NULL;NULL;OpenXR
NULL;Right;NULL;26;Exposure;NULL;ControllerHoverConfirm;2;1;0;0;0;0;0.5000;0.0000;2.0000;NULL;None;anonymous;NULL;Mole Hit;MoleEvent;17362;76997878-c21b-4394-8be8-49129cf9087b;NULL;-0.0322;-0.0029;-0.0221;0.7533;11.1985;2.9246;0.0249;0.4976;-0.0248;2.0000;0.4976;-0.0248;2.0000;NULL;1;-0.0102;-0.4266;0.4659;45.7545;14.2176;195.0956;-0.0118;-0.4203;0.4597;45.7486;14.1630;194.9684;0;NULL;-0.0118;-0.4203;0.4597;45.7486;14.1630;194.9684;ControllerBody;NULL;NULL;NULL;NULL;2;1;0;0;0;0;0.5000;0.0000;2.0000;0.1358;-0.0260;0.5075;359.9567;13.6235;359.7511;0.1305;-0.0259;0.5004;359.8907;13.1579;359.7232;0;NULL;0.1305;-0.0259;0.5004;359.8907;13.1579;359.7232;ControllerBody;NULL;74331e22-d15e-49ae-974a-b7b2b1a343ae;NULL;NULL;25;1;NULL;0.5000;0.0000;2.0000;Exposure;0.0000;2026-03-26 11:39:19.5366;Controllers;NULL;NULL;OpenXR
NULL;Right;NULL;NULL;Exposure;NULL;ControllerHoverConfirm;3;2;0;1;0;0;-0.5000;0.0000;2.0000;NULL;None;anonymous;NULL;Mole Spawned;MoleEvent;17362;76997878-c21b-4394-8be8-49129cf9087b;NULL;-0.0322;-0.0029;-0.0221;0.7533;11.1985;2.9246;NULL;NULL;NULL;NULL;NULL;NULL;NULL;NULL;NULL;-0.0102;-0.4266;0.4659;45.7545;14.2176;195.0956;-0.0118;-0.4203;0.4597;45.7486;14.1630;194.9684;0;NULL;-0.0118;-0.4203;0.4597;45.7486;14.1630;194.9684;ControllerBody;NULL;NULL;NULL;NULL;3;2;0;1;0;0;-0.5000;0.0000;2.0000;0.1358;-0.0260;0.5075;359.9567;13.6235;359.7511;0.1305;-0.0259;0.5004;359.8907;13.1579;359.7232;0;NULL;0.1305;-0.0259;0.5004;359.8907;13.1579;359.7232;ControllerBody;NULL;74331e22-d15e-49ae-974a-b7b2b1a343ae;NULL;NULL;NULL;2;NULL;-0.5000;0.0000;2.0000;Exposure;0.0000;2026-03-26 11:39:19.5397;Controllers;NULL;NULL;OpenXR
NULL;Right;NULL;27;Exposure;NULL;ControllerHoverConfirm;3;2;0;1;0;0;-0.5000;0.0000;2.0000;NULL;None;anonymous;NULL;Pointer Shoot;PointerEvent;17655;76997878-c21b-4394-8be8-49129cf9087b;NULL;-0.0321;-0.0050;-0.0245;1.2845;352.9632;1.1713;NULL;-0.4981;0.0147;2.0000;-0.4981;0.0147;2.0000;NULL;NULL;-0.0104;-0.4260;0.4653;45.7545;14.2176;195.0956;-0.0118;-0.4203;0.4597;45.7486;14.1632;194.9686;0;NULL;-0.0118;-0.4203;0.4597;45.7486;14.1632;194.9686;ControllerBody;NULL;NULL;NULL;NULL;3;2;0;1;0;0;-0.5000;0.0000;2.0000;-0.1242;-0.0257;0.4976;358.5038;346.0277;359.0096;-0.1224;-0.0270;0.4906;358.5335;345.9043;359.1899;0;NULL;-0.1224;-0.0270;0.4906;358.5335;345.9043;359.1899;ControllerBody;NULL;74331e22-d15e-49ae-974a-b7b2b1a343ae;NULL;NULL;26;2;NULL;-0.5000;0.0000;2.0000;Exposure;2.8910;2026-03-26 11:39:22.4232;Controllers;NULL;NULL;OpenXR
NULL;Right;NULL;27;Exposure;NULL;ControllerHoverConfirm;3;2;0;1;0;0;-0.5000;0.0000;2.0000;NULL;None;anonymous;NULL;Mole Hit;MoleEvent;17655;76997878-c21b-4394-8be8-49129cf9087b;NULL;-0.0321;-0.0050;-0.0245;1.2845;352.9632;1.1713;0.0148;-0.4981;0.0147;2.0000;-0.4981;0.0147;2.0000;NULL;1;-0.0104;-0.4260;0.4653;45.7545;14.2176;195.0956;-0.0118;-0.4203;0.4597;45.7486;14.1632;194.9686;0;NULL;-0.0118;-0.4203;0.4597;45.7486;14.1632;194.9686;ControllerBody;NULL;NULL;NULL;NULL;3;2;0;1;0;0;-0.5000;0.0000;2.0000;-0.1242;-0.0257;0.4976;358.5038;346.0277;359.0096;-0.1224;-0.0270;0.4906;358.5335;345.9043;359.1899;0;NULL;-0.1224;-0.0270;0.4906;358.5335;345.9043;359.1899;ControllerBody;NULL;74331e22-d15e-49ae-974a-b7b2b1a343ae;NULL;NULL;26;2;NULL;-0.5000;0.0000;2.0000;Exposure;0.0000;2026-03-26 11:39:22.4263;Controllers;NULL;NULL;OpenXR
NULL;Right;NULL;NULL;Exposure;NULL;ControllerHoverConfirm;1;0;0;-1;0;0;0.0000;0.0000;2.0000;NULL;None;anonymous;NULL;Mole Spawned;MoleEvent;17655;76997878-c21b-4394-8be8-49129cf9087b;NULL;-0.0321;-0.0050;-0.0245;1.2845;352.9632;1.1713;NULL;NULL;NULL;NULL;NULL;NULL;NULL;NULL;NULL;-0.0104;-0.4260;0.4653;45.7545;14.2176;195.0956;-0.0118;-0.4203;0.4597;45.7486;14.1632;194.9686;0;NULL;-0.0118;-0.4203;0.4597;45.7486;14.1632;194.9686;ControllerBody;NULL;NULL;NULL;NULL;1;0;0;-1;0;0;0.0000;0.0000;2.0000;-0.1242;-0.0257;0.4976;358.5038;346.0277;359.0096;-0.1224;-0.0270;0.4906;358.5335;345.9043;359.1899;0;NULL;-0.1224;-0.0270;0.4906;358.5335;345.9043;359.1899;ControllerBody;NULL;74331e22-d15e-49ae-974a-b7b2b1a343ae;NULL;NULL;NULL;0;NULL;0.0000;0.0000;2.0000;Exposure;0.0000;2026-03-26 11:39:22.4301;Controllers;NULL;NULL;OpenXR
NULL;Right;NULL;28;Exposure;NULL;ControllerHoverConfirm;1;0;0;-1;0;0;0.0000;0.0000;2.0000;NULL;None;anonymous;NULL;Pointer Shoot;PointerEvent;17909;76997878-c21b-4394-8be8-49129cf9087b;NULL;-0.0275;-0.0056;-0.0259;1.0546;1.1875;0.9170;NULL;-0.0084;0.0030;2.0000;-0.0084;0.0030;2.0000;NULL;NULL;-0.0104;-0.4257;0.4652;45.7545;14.2176;195.0956;-0.0112;-0.4188;0.4604;45.7624;14.1572;194.9682;0;NULL;-0.0112;-0.4188;0.4604;45.7624;14.1572;194.9682;ControllerBody;NULL;NULL;NULL;NULL;1;0;0;-1;0;0;0.0000;0.0000;2.0000;0.0040;-0.0308;0.5147;358.6959;359.5235;359.7882;0.0063;-0.0318;0.5083;358.7961;359.4146;359.4513;0;NULL;0.0063;-0.0318;0.5083;358.7961;359.4146;359.4513;ControllerBody;NULL;74331e22-d15e-49ae-974a-b7b2b1a343ae;NULL;NULL;27;0;NULL;0.0000;0.0000;2.0000;Exposure;2.5834;2026-03-26 11:39:25.0070;Controllers;NULL;NULL;OpenXR
NULL;Right;NULL;28;Exposure;NULL;ControllerHoverConfirm;1;0;0;-1;0;0;0.0000;0.0000;2.0000;NULL;None;anonymous;NULL;Mole Hit;MoleEvent;17909;76997878-c21b-4394-8be8-49129cf9087b;NULL;-0.0275;-0.0056;-0.0259;1.0546;1.1875;0.9170;0.0089;-0.0084;0.0030;2.0000;-0.0084;0.0030;2.0000;NULL;1;-0.0104;-0.4257;0.4652;45.7545;14.2176;195.0956;-0.0112;-0.4188;0.4604;45.7624;14.1572;194.9682;0;NULL;-0.0112;-0.4188;0.4604;45.7624;14.1572;194.9682;ControllerBody;NULL;NULL;NULL;NULL;1;0;0;-1;0;0;0.0000;0.0000;2.0000;0.0040;-0.0308;0.5147;358.6959;359.5235;359.7882;0.0063;-0.0318;0.5083;358.7961;359.4146;359.4513;0;NULL;0.0063;-0.0318;0.5083;358.7961;359.4146;359.4513;ControllerBody;NULL;74331e22-d15e-49ae-974a-b7b2b1a343ae;NULL;NULL;27;0;NULL;0.0000;0.0000;2.0000;Exposure;0.0000;2026-03-26 11:39:25.0106;Controllers;NULL;NULL;OpenXR
NULL;Right;NULL;NULL;Exposure;NULL;ControllerHoverConfirm;3;2;0;1;0;0;-0.5000;0.0000;2.0000;NULL;None;anonymous;NULL;Mole Spawned;MoleEvent;17909;76997878-c21b-4394-8be8-49129cf9087b;NULL;-0.0275;-0.0056;-0.0259;1.0546;1.1875;0.9170;NULL;NULL;NULL;NULL;NULL;NULL;NULL;NULL;NULL;-0.0104;-0.4257;0.4652;45.7545;14.2176;195.0956;-0.0112;-0.4188;0.4604;45.7624;14.1572;194.9682;0;NULL;-0.0112;-0.4188;0.4604;45.7624;14.1572;194.9682;ControllerBody;NULL;NULL;NULL;NULL;3;2;0;1;0;0;-0.5000;0.0000;2.0000;0.0040;-0.0308;0.5147;358.6959;359.5235;359.7882;0.0063;-0.0318;0.5083;358.7961;359.4146;359.4513;0;NULL;0.0063;-0.0318;0.5083;358.7961;359.4146;359.4513;ControllerBody;NULL;74331e22-d15e-49ae-974a-b7b2b1a343ae;NULL;NULL;NULL;2;NULL;-0.5000;0.0000;2.0000;Exposure;0.0000;2026-03-26 11:39:25.0147;Controllers;NULL;NULL;OpenXR
NULL;Right;NULL;29;Exposure;NULL;ControllerHoverConfirm;3;2;0;1;0;0;-0.5000;0.0000;2.0000;NULL;None;anonymous;NULL;Pointer Shoot;PointerEvent;18145;76997878-c21b-4394-8be8-49129cf9087b;NULL;-0.0278;-0.0041;-0.0197;1.2158;353.4959;359.7507;NULL;-0.4940;0.0090;2.0000;-0.4940;0.0090;2.0000;NULL;NULL;-0.0099;-0.4245;0.4654;45.7545;14.2176;195.0956;-0.0108;-0.4185;0.4604;45.7589;14.1616;194.9681;0;NULL;-0.0108;-0.4185;0.4604;45.7589;14.1616;194.9681;ControllerBody;NULL;NULL;NULL;NULL;3;2;0;1;0;0;-0.5000;0.0000;2.0000;-0.1242;-0.0355;0.4941;358.3565;346.2027;0.4042;-0.1201;-0.0364;0.4882;358.3458;346.4872;0.6254;0;NULL;-0.1201;-0.0364;0.4882;358.3458;346.4872;0.6254;ControllerBody;NULL;74331e22-d15e-49ae-974a-b7b2b1a343ae;NULL;NULL;28;2;NULL;-0.5000;0.0000;2.0000;Exposure;2.6070;2026-03-26 11:39:27.6132;Controllers;NULL;NULL;OpenXR
NULL;Right;NULL;29;Exposure;NULL;ControllerHoverConfirm;3;2;0;1;0;0;-0.5000;0.0000;2.0000;NULL;None;anonymous;NULL;Mole Hit;MoleEvent;18145;76997878-c21b-4394-8be8-49129cf9087b;NULL;-0.0278;-0.0041;-0.0197;1.2158;353.4959;359.7507;0.0108;-0.4940;0.0090;2.0000;-0.4940;0.0090;2.0000;NULL;1;-0.0099;-0.4245;0.4654;45.7545;14.2176;195.0956;-0.0108;-0.4185;0.4604;45.7589;14.1616;194.9681;0;NULL;-0.0108;-0.4185;0.4604;45.7589;14.1616;194.9681;ControllerBody;NULL;NULL;NULL;NULL;3;2;0;1;0;0;-0.5000;0.0000;2.0000;-0.1242;-0.0355;0.4941;358.3565;346.2027;0.4042;-0.1201;-0.0364;0.4882;358.3458;346.4872;0.6254;0;NULL;-0.1201;-0.0364;0.4882;358.3458;346.4872;0.6254;ControllerBody;NULL;74331e22-d15e-49ae-974a-b7b2b1a343ae;NULL;NULL;28;2;NULL;-0.5000;0.0000;2.0000;Exposure;0.0000;2026-03-26 11:39:27.6179;Controllers;NULL;NULL;OpenXR
NULL;Right;NULL;NULL;Exposure;NULL;ControllerHoverConfirm;1;0;0;-1;0;0;0.0000;0.0000;2.0000;NULL;None;anonymous;NULL;Mole Spawned;MoleEvent;18145;76997878-c21b-4394-8be8-49129cf9087b;NULL;-0.0278;-0.0041;-0.0197;1.2158;353.4959;359.7507;NULL;NULL;NULL;NULL;NULL;NULL;NULL;NULL;NULL;-0.0099;-0.4245;0.4654;45.7545;14.2176;195.0956;-0.0108;-0.4185;0.4604;45.7589;14.1616;194.9681;0;NULL;-0.0108;-0.4185;0.4604;45.7589;14.1616;194.9681;ControllerBody;NULL;NULL;NULL;NULL;1;0;0;-1;0;0;0.0000;0.0000;2.0000;-0.1242;-0.0355;0.4941;358.3565;346.2027;0.4042;-0.1201;-0.0364;0.4882;358.3458;346.4872;0.6254;0;NULL;-0.1201;-0.0364;0.4882;358.3458;346.4872;0.6254;ControllerBody;NULL;74331e22-d15e-49ae-974a-b7b2b1a343ae;NULL;NULL;NULL;0;NULL;0.0000;0.0000;2.0000;Exposure;0.0000;2026-03-26 11:39:27.6219;Controllers;NULL;NULL;OpenXR
NULL;Right;NULL;30;Exposure;NULL;ControllerHoverConfirm;1;0;0;-1;0;0;0.0000;0.0000;2.0000;NULL;None;anonymous;NULL;Pointer Shoot;PointerEvent;18399;76997878-c21b-4394-8be8-49129cf9087b;NULL;-0.0480;-0.0031;-0.0164;0.5611;2.5906;3.8048;NULL;0.0116;0.0217;2.0000;0.0116;0.0217;2.0000;NULL;NULL;-0.0095;-0.4238;0.4649;45.7545;14.2176;195.0956;-0.0102;-0.4175;0.4588;45.7515;14.1447;194.9677;0;NULL;-0.0102;-0.4175;0.4588;45.7515;14.1447;194.9677;ControllerBody;NULL;NULL;NULL;NULL;1;0;0;-1;0;0;0.0000;0.0000;2.0000;-0.0072;-0.0289;0.5115;358.0554;0.7226;1.3422;-0.0041;-0.0301;0.5051;358.0533;1.0748;1.0177;0;NULL;-0.0041;-0.0301;0.5051;358.0533;1.0748;1.0177;ControllerBody;NULL;74331e22-d15e-49ae-974a-b7b2b1a343ae;NULL;NULL;29;0;NULL;0.0000;0.0000;2.0000;Exposure;2.5494;2026-03-26 11:39:30.1637;Controllers;NULL;NULL;OpenXR
NULL;Right;NULL;30;Exposure;NULL;ControllerHoverConfirm;1;0;0;-1;0;0;0.0000;0.0000;2.0000;NULL;None;anonymous;NULL;Mole Hit;MoleEvent;18399;76997878-c21b-4394-8be8-49129cf9087b;NULL;-0.0480;-0.0031;-0.0164;0.5611;2.5906;3.8048;0.0246;0.0116;0.0217;2.0000;0.0116;0.0217;2.0000;NULL;1;-0.0095;-0.4238;0.4649;45.7545;14.2176;195.0956;-0.0102;-0.4175;0.4588;45.7515;14.1447;194.9677;0;NULL;-0.0102;-0.4175;0.4588;45.7515;14.1447;194.9677;ControllerBody;NULL;NULL;NULL;NULL;1;0;0;-1;0;0;0.0000;0.0000;2.0000;-0.0072;-0.0289;0.5115;358.0554;0.7226;1.3422;-0.0041;-0.0301;0.5051;358.0533;1.0748;1.0177;0;NULL;-0.0041;-0.0301;0.5051;358.0533;1.0748;1.0177;ControllerBody;NULL;74331e22-d15e-49ae-974a-b7b2b1a343ae;NULL;NULL;29;0;NULL;0.0000;0.0000;2.0000;Exposure;0.0000;2026-03-26 11:39:30.1673;Controllers;NULL;NULL;OpenXR
NULL;Right;NULL;NULL;Exposure;NULL;ControllerHoverConfirm;3;2;0;1;0;0;-0.5000;0.0000;2.0000;NULL;None;anonymous;NULL;Mole Spawned;MoleEvent;18399;76997878-c21b-4394-8be8-49129cf9087b;NULL;-0.0480;-0.0031;-0.0164;0.5611;2.5906;3.8048;NULL;NULL;NULL;NULL;NULL;NULL;NULL;NULL;NULL;-0.0095;-0.4238;0.4649;45.7545;14.2176;195.0956;-0.0102;-0.4175;0.4588;45.7515;14.1447;194.9677;0;NULL;-0.0102;-0.4175;0.4588;45.7515;14.1447;194.9677;ControllerBody;NULL;NULL;NULL;NULL;3;2;0;1;0;0;-0.5000;0.0000;2.0000;-0.0072;-0.0289;0.5115;358.0554;0.7226;1.3422;-0.0041;-0.0301;0.5051;358.0533;1.0748;1.0177;0;NULL;-0.0041;-0.0301;0.5051;358.0533;1.0748;1.0177;ControllerBody;NULL;74331e22-d15e-49ae-974a-b7b2b1a343ae;NULL;NULL;NULL;2;NULL;-0.5000;0.0000;2.0000;Exposure;0.0000;2026-03-26 11:39:30.1714;Controllers;NULL;NULL;OpenXR
NULL;Right;NULL;31;Exposure;NULL;ControllerHoverConfirm;3;2;0;1;0;0;-0.5000;0.0000;2.0000;NULL;None;anonymous;NULL;Pointer Shoot;PointerEvent;18657;76997878-c21b-4394-8be8-49129cf9087b;NULL;-0.0485;-0.0026;-0.0229;0.4647;349.5922;5.1350;NULL;-0.5090;0.0115;2.0000;-0.5090;0.0115;2.0000;NULL;NULL;-0.0092;-0.4232;0.4643;45.7545;14.2176;195.0956;-0.0102;-0.4175;0.4588;45.7513;14.1452;194.9679;0;NULL;-0.0102;-0.4175;0.4588;45.7513;14.1452;194.9679;ControllerBody;NULL;NULL;NULL;NULL;3;2;0;1;0;0;-0.5000;0.0000;2.0000;-0.1351;-0.0258;0.4884;358.6297;346.1068;359.0382;-0.1340;-0.0284;0.4810;358.8533;345.5982;358.6759;0;NULL;-0.1340;-0.0284;0.4810;358.8533;345.5982;358.6759;ControllerBody;NULL;74331e22-d15e-49ae-974a-b7b2b1a343ae;NULL;NULL;30;2;NULL;-0.5000;0.0000;2.0000;Exposure;2.5755;2026-03-26 11:39:32.7392;Controllers;NULL;NULL;OpenXR
NULL;Right;NULL;31;Exposure;NULL;ControllerHoverConfirm;3;2;0;1;0;0;-0.5000;0.0000;2.0000;NULL;None;anonymous;NULL;Mole Hit;MoleEvent;18657;76997878-c21b-4394-8be8-49129cf9087b;NULL;-0.0485;-0.0026;-0.0229;0.4647;349.5922;5.1350;0.0146;-0.5090;0.0115;2.0000;-0.5090;0.0115;2.0000;NULL;1;-0.0092;-0.4232;0.4643;45.7545;14.2176;195.0956;-0.0102;-0.4175;0.4588;45.7513;14.1452;194.9679;0;NULL;-0.0102;-0.4175;0.4588;45.7513;14.1452;194.9679;ControllerBody;NULL;NULL;NULL;NULL;3;2;0;1;0;0;-0.5000;0.0000;2.0000;-0.1351;-0.0258;0.4884;358.6297;346.1068;359.0382;-0.1340;-0.0284;0.4810;358.8533;345.5982;358.6759;0;NULL;-0.1340;-0.0284;0.4810;358.8533;345.5982;358.6759;ControllerBody;NULL;74331e22-d15e-49ae-974a-b7b2b1a343ae;NULL;NULL;30;2;NULL;-0.5000;0.0000;2.0000;Exposure;0.0000;2026-03-26 11:39:32.7423;Controllers;NULL;NULL;OpenXR
NULL;Right;NULL;NULL;Exposure;NULL;ControllerHoverConfirm;1;0;0;-1;0;0;0.0000;0.0000;2.0000;NULL;None;anonymous;NULL;Mole Spawned;MoleEvent;18657;76997878-c21b-4394-8be8-49129cf9087b;NULL;-0.0485;-0.0026;-0.0229;0.4647;349.5922;5.1350;NULL;NULL;NULL;NULL;NULL;NULL;NULL;NULL;NULL;-0.0092;-0.4232;0.4643;45.7545;14.2176;195.0956;-0.0102;-0.4175;0.4588;45.7513;14.1452;194.9679;0;NULL;-0.0102;-0.4175;0.4588;45.7513;14.1452;194.9679;ControllerBody;NULL;NULL;NULL;NULL;1;0;0;-1;0;0;0.0000;0.0000;2.0000;-0.1351;-0.0258;0.4884;358.6297;346.1068;359.0382;-0.1340;-0.0284;0.4810;358.8533;345.5982;358.6759;0;NULL;-0.1340;-0.0284;0.4810;358.8533;345.5982;358.6759;ControllerBody;NULL;74331e22-d15e-49ae-974a-b7b2b1a343ae;NULL;NULL;NULL;0;NULL;0.0000;0.0000;2.0000;Exposure;0.0000;2026-03-26 11:39:32.7471;Controllers;NULL;NULL;OpenXR
NULL;Right;NULL;32;Exposure;NULL;ControllerHoverConfirm;1;0;0;-1;0;0;0.0000;0.0000;2.0000;NULL;None;anonymous;NULL;Pointer Shoot;PointerEvent;18896;76997878-c21b-4394-8be8-49129cf9087b;NULL;-0.0457;-0.0051;-0.0208;1.1324;2.3123;4.3838;NULL;-0.0088;0.0116;2.0000;-0.0088;0.0116;2.0000;NULL;NULL;-0.0099;-0.4190;0.4604;45.7545;14.2176;195.0956;-0.0113;-0.4124;0.4545;45.7721;14.1311;194.9478;0;NULL;-0.0113;-0.4124;0.4545;45.7721;14.1311;194.9478;ControllerBody;NULL;NULL;NULL;NULL;1;0;0;-1;0;0;0.0000;0.0000;2.0000;-0.0068;-0.0212;0.5121;358.7383;359.9203;0.5698;-0.0066;-0.0264;0.5053;359.0993;359.7682;0.4766;0;NULL;-0.0066;-0.0264;0.5053;359.0993;359.7682;0.4766;ControllerBody;NULL;74331e22-d15e-49ae-974a-b7b2b1a343ae;NULL;NULL;31;0;NULL;0.0000;0.0000;2.0000;Exposure;2.5651;2026-03-26 11:39:35.6260;Controllers;NULL;NULL;OpenXR
NULL;Right;NULL;32;Exposure;NULL;ControllerHoverConfirm;1;0;0;-1;0;0;0.0000;0.0000;2.0000;NULL;None;anonymous;NULL;Mole Hit;MoleEvent;18896;76997878-c21b-4394-8be8-49129cf9087b;NULL;-0.0457;-0.0051;-0.0208;1.1324;2.3123;4.3838;0.0146;-0.0088;0.0116;2.0000;-0.0088;0.0116;2.0000;NULL;1;-0.0099;-0.4190;0.4604;45.7545;14.2176;195.0956;-0.0113;-0.4124;0.4545;45.7721;14.1311;194.9478;0;NULL;-0.0113;-0.4124;0.4545;45.7721;14.1311;194.9478;ControllerBody;NULL;NULL;NULL;NULL;1;0;0;-1;0;0;0.0000;0.0000;2.0000;-0.0068;-0.0212;0.5121;358.7383;359.9203;0.5698;-0.0066;-0.0264;0.5053;359.0993;359.7682;0.4766;0;NULL;-0.0066;-0.0264;0.5053;359.0993;359.7682;0.4766;ControllerBody;NULL;74331e22-d15e-49ae-974a-b7b2b1a343ae;NULL;NULL;31;0;NULL;0.0000;0.0000;2.0000;Exposure;0.0000;2026-03-26 11:39:35.6280;Controllers;NULL;NULL;OpenXR
NULL;Right;NULL;NULL;Exposure;NULL;ControllerHoverConfirm;2;1;0;0;0;0;0.5000;0.0000;2.0000;NULL;None;anonymous;NULL;Mole Spawned;MoleEvent;18896;76997878-c21b-4394-8be8-49129cf9087b;NULL;-0.0457;-0.0051;-0.0208;1.1324;2.3123;4.3838;NULL;NULL;NULL;NULL;NULL;NULL;NULL;NULL;NULL;-0.0099;-0.4190;0.4604;45.7545;14.2176;195.0956;-0.0113;-0.4124;0.4545;45.7721;14.1311;194.9478;0;NULL;-0.0113;-0.4124;0.4545;45.7721;14.1311;194.9478;ControllerBody;NULL;NULL;NULL;NULL;2;1;0;0;0;0;0.5000;0.0000;2.0000;-0.0068;-0.0212;0.5121;358.7383;359.9203;0.5698;-0.0066;-0.0264;0.5053;359.0993;359.7682;0.4766;0;NULL;-0.0066;-0.0264;0.5053;359.0993;359.7682;0.4766;ControllerBody;NULL;74331e22-d15e-49ae-974a-b7b2b1a343ae;NULL;NULL;NULL;1;NULL;0.5000;0.0000;2.0000;Exposure;0.0000;2026-03-26 11:39:35.6285;Controllers;NULL;NULL;OpenXR
NULL;Right;NULL;33;Exposure;NULL;ControllerHoverConfirm;2;1;0;0;0;0;0.5000;0.0000;2.0000;NULL;None;anonymous;NULL;Pointer Shoot;PointerEvent;19146;76997878-c21b-4394-8be8-49129cf9087b;NULL;-0.0391;-0.0057;-0.0210;1.5979;10.3689;3.7966;NULL;0.4845;-0.0063;2.0000;0.4845;-0.0063;2.0000;NULL;NULL;-0.0100;-0.4183;0.4598;45.7545;14.2176;195.0956;-0.0113;-0.4124;0.4544;45.8091;14.1106;194.9371;0;NULL;-0.0113;-0.4124;0.4544;45.8091;14.1106;194.9371;ControllerBody;NULL;NULL;NULL;NULL;2;1;0;0;0;0;0.5000;0.0000;2.0000;0.1299;-0.0192;0.5038;359.5195;13.3323;358.8148;0.1286;-0.0167;0.4967;359.2716;13.2261;358.9229;0;NULL;0.1286;-0.0167;0.4967;359.2716;13.2261;358.9229;ControllerBody;NULL;74331e22-d15e-49ae-974a-b7b2b1a343ae;NULL;NULL;32;1;NULL;0.5000;0.0000;2.0000;Exposure;2.6496;2026-03-26 11:39:38.2782;Controllers;NULL;NULL;OpenXR
NULL;Right;NULL;33;Exposure;NULL;ControllerHoverConfirm;2;1;0;0;0;0;0.5000;0.0000;2.0000;NULL;None;anonymous;NULL;Mole Hit;MoleEvent;19146;76997878-c21b-4394-8be8-49129cf9087b;NULL;-0.0391;-0.0057;-0.0210;1.5979;10.3689;3.7966;0.0167;0.4845;-0.0063;2.0000;0.4845;-0.0063;2.0000;NULL;1;-0.0100;-0.4183;0.4598;45.7545;14.2176;195.0956;-0.0113;-0.4124;0.4544;45.8091;14.1106;194.9371;0;NULL;-0.0113;-0.4124;0.4544;45.8091;14.1106;194.9371;ControllerBody;NULL;NULL;NULL;NULL;2;1;0;0;0;0;0.5000;0.0000;2.0000;0.1299;-0.0192;0.5038;359.5195;13.3323;358.8148;0.1286;-0.0167;0.4967;359.2716;13.2261;358.9229;0;NULL;0.1286;-0.0167;0.4967;359.2716;13.2261;358.9229;ControllerBody;NULL;74331e22-d15e-49ae-974a-b7b2b1a343ae;NULL;NULL;32;1;NULL;0.5000;0.0000;2.0000;Exposure;0.0000;2026-03-26 11:39:38.2808;Controllers;NULL;NULL;OpenXR
NULL;Right;NULL;NULL;Exposure;NULL;ControllerHoverConfirm;1;0;0;-1;0;0;0.0000;0.0000;2.0000;NULL;None;anonymous;NULL;Mole Spawned;MoleEvent;19146;76997878-c21b-4394-8be8-49129cf9087b;NULL;-0.0391;-0.0057;-0.0210;1.5979;10.3689;3.7966;NULL;NULL;NULL;NULL;NULL;NULL;NULL;NULL;NULL;-0.0100;-0.4183;0.4598;45.7545;14.2176;195.0956;-0.0113;-0.4124;0.4544;45.8091;14.1106;194.9371;0;NULL;-0.0113;-0.4124;0.4544;45.8091;14.1106;194.9371;ControllerBody;NULL;NULL;NULL;NULL;1;0;0;-1;0;0;0.0000;0.0000;2.0000;0.1299;-0.0192;0.5038;359.5195;13.3323;358.8148;0.1286;-0.0167;0.4967;359.2716;13.2261;358.9229;0;NULL;0.1286;-0.0167;0.4967;359.2716;13.2261;358.9229;ControllerBody;NULL;74331e22-d15e-49ae-974a-b7b2b1a343ae;NULL;NULL;NULL;0;NULL;0.0000;0.0000;2.0000;Exposure;0.0000;2026-03-26 11:39:38.2839;Controllers;NULL;NULL;OpenXR
NULL;Right;NULL;34;Exposure;NULL;ControllerHoverConfirm;1;0;0;-1;0;0;0.0000;0.0000;2.0000;NULL;None;anonymous;NULL;Pointer Shoot;PointerEvent;19403;76997878-c21b-4394-8be8-49129cf9087b;NULL;-0.0409;-0.0062;-0.0269;0.8204;3.0829;2.8857;NULL;0.0095;0.0225;2.0000;0.0095;0.0225;2.0000;NULL;NULL;-0.0099;-0.4182;0.4599;45.7551;14.2152;195.0928;-0.0108;-0.4132;0.4556;45.8207;14.1043;194.9498;0;NULL;-0.0108;-0.4132;0.4556;45.8207;14.1043;194.9498;ControllerBody;NULL;NULL;NULL;NULL;1;0;0;-1;0;0;0.0000;0.0000;2.0000;0.0009;-0.0189;0.5107;358.4060;0.3329;0.5513;0.0000;-0.0206;0.5048;358.6549;0.3404;0.7775;0;NULL;0.0000;-0.0206;0.5048;358.6549;0.3404;0.7775;ControllerBody;NULL;74331e22-d15e-49ae-974a-b7b2b1a343ae;NULL;NULL;33;0;NULL;0.0000;0.0000;2.0000;Exposure;2.5171;2026-03-26 11:39:40.7938;Controllers;NULL;NULL;OpenXR
NULL;Right;NULL;34;Exposure;NULL;ControllerHoverConfirm;1;0;0;-1;0;0;0.0000;0.0000;2.0000;NULL;None;anonymous;NULL;Mole Hit;MoleEvent;19403;76997878-c21b-4394-8be8-49129cf9087b;NULL;-0.0409;-0.0062;-0.0269;0.8204;3.0829;2.8857;0.0245;0.0095;0.0225;2.0000;0.0095;0.0225;2.0000;NULL;1;-0.0099;-0.4182;0.4599;45.7551;14.2152;195.0928;-0.0108;-0.4132;0.4556;45.8207;14.1043;194.9498;0;NULL;-0.0108;-0.4132;0.4556;45.8207;14.1043;194.9498;ControllerBody;NULL;NULL;NULL;NULL;1;0;0;-1;0;0;0.0000;0.0000;2.0000;0.0009;-0.0189;0.5107;358.4060;0.3329;0.5513;0.0000;-0.0206;0.5048;358.6549;0.3404;0.7775;0;NULL;0.0000;-0.0206;0.5048;358.6549;0.3404;0.7775;ControllerBody;NULL;74331e22-d15e-49ae-974a-b7b2b1a343ae;NULL;NULL;33;0;NULL;0.0000;0.0000;2.0000;Exposure;0.0000;2026-03-26 11:39:40.7969;Controllers;NULL;NULL;OpenXR
NULL;Right;NULL;NULL;Exposure;NULL;ControllerHoverConfirm;3;2;0;1;0;0;-0.5000;0.0000;2.0000;NULL;None;anonymous;NULL;Mole Spawned;MoleEvent;19403;76997878-c21b-4394-8be8-49129cf9087b;NULL;-0.0409;-0.0062;-0.0269;0.8204;3.0829;2.8857;NULL;NULL;NULL;NULL;NULL;NULL;NULL;NULL;NULL;-0.0099;-0.4182;0.4599;45.7551;14.2152;195.0928;-0.0108;-0.4132;0.4556;45.8207;14.1043;194.9498;0;NULL;-0.0108;-0.4132;0.4556;45.8207;14.1043;194.9498;ControllerBody;NULL;NULL;NULL;NULL;3;2;0;1;0;0;-0.5000;0.0000;2.0000;0.0009;-0.0189;0.5107;358.4060;0.3329;0.5513;0.0000;-0.0206;0.5048;358.6549;0.3404;0.7775;0;NULL;0.0000;-0.0206;0.5048;358.6549;0.3404;0.7775;ControllerBody;NULL;74331e22-d15e-49ae-974a-b7b2b1a343ae;NULL;NULL;NULL;2;NULL;-0.5000;0.0000;2.0000;Exposure;0.0000;2026-03-26 11:39:40.8015;Controllers;NULL;NULL;OpenXR
NULL;Right;NULL;35;Exposure;NULL;ControllerHoverConfirm;3;2;0;1;0;0;-0.5000;0.0000;2.0000;NULL;None;anonymous;NULL;Pointer Shoot;PointerEvent;19648;76997878-c21b-4394-8be8-49129cf9087b;NULL;-0.0416;-0.0047;-0.0268;0.1094;356.2540;1.5079;NULL;-0.5055;0.0418;2.0000;-0.5055;0.0418;2.0000;NULL;NULL;-0.0097;-0.4183;0.4603;45.7551;14.2152;195.0928;-0.0109;-0.4132;0.4557;45.8118;14.1433;194.9461;0;NULL;-0.0109;-0.4132;0.4557;45.8118;14.1433;194.9461;ControllerBody;NULL;NULL;NULL;NULL;3;2;0;1;0;0;-0.5000;0.0000;2.0000;-0.1265;-0.0168;0.4817;357.8552;345.9806;0.6965;-0.1229;-0.0157;0.4745;357.7219;346.1899;0.5850;0;NULL;-0.1229;-0.0157;0.4745;357.7219;346.1899;0.5850;ControllerBody;NULL;74331e22-d15e-49ae-974a-b7b2b1a343ae;NULL;NULL;34;2;NULL;-0.5000;0.0000;2.0000;Exposure;2.4831;2026-03-26 11:39:43.2786;Controllers;NULL;NULL;OpenXR
NULL;Right;NULL;35;Exposure;NULL;ControllerHoverConfirm;3;2;0;1;0;0;-0.5000;0.0000;2.0000;NULL;None;anonymous;NULL;Mole Hit;MoleEvent;19648;76997878-c21b-4394-8be8-49129cf9087b;NULL;-0.0416;-0.0047;-0.0268;0.1094;356.2540;1.5079;0.0421;-0.5055;0.0418;2.0000;-0.5055;0.0418;2.0000;NULL;1;-0.0097;-0.4183;0.4603;45.7551;14.2152;195.0928;-0.0109;-0.4132;0.4557;45.8118;14.1433;194.9461;0;NULL;-0.0109;-0.4132;0.4557;45.8118;14.1433;194.9461;ControllerBody;NULL;NULL;NULL;NULL;3;2;0;1;0;0;-0.5000;0.0000;2.0000;-0.1265;-0.0168;0.4817;357.8552;345.9806;0.6965;-0.1229;-0.0157;0.4745;357.7219;346.1899;0.5850;0;NULL;-0.1229;-0.0157;0.4745;357.7219;346.1899;0.5850;ControllerBody;NULL;74331e22-d15e-49ae-974a-b7b2b1a343ae;NULL;NULL;34;2;NULL;-0.5000;0.0000;2.0000;Exposure;0.0000;2026-03-26 11:39:43.2833;Controllers;NULL;NULL;OpenXR
NULL;Right;NULL;NULL;Exposure;NULL;ControllerHoverConfirm;1;0;0;-1;0;0;0.0000;0.0000;2.0000;NULL;None;anonymous;NULL;Mole Spawned;MoleEvent;19648;76997878-c21b-4394-8be8-49129cf9087b;NULL;-0.0416;-0.0047;-0.0268;0.1094;356.2540;1.5079;NULL;NULL;NULL;NULL;NULL;NULL;NULL;NULL;NULL;-0.0097;-0.4183;0.4603;45.7551;14.2152;195.0928;-0.0109;-0.4132;0.4557;45.8118;14.1433;194.9461;0;NULL;-0.0109;-0.4132;0.4557;45.8118;14.1433;194.9461;ControllerBody;NULL;NULL;NULL;NULL;1;0;0;-1;0;0;0.0000;0.0000;2.0000;-0.1265;-0.0168;0.4817;357.8552;345.9806;0.6965;-0.1229;-0.0157;0.4745;357.7219;346.1899;0.5850;0;NULL;-0.1229;-0.0157;0.4745;357.7219;346.1899;0.5850;ControllerBody;NULL;74331e22-d15e-49ae-974a-b7b2b1a343ae;NULL;NULL;NULL;0;NULL;0.0000;0.0000;2.0000;Exposure;0.0000;2026-03-26 11:39:43.2864;Controllers;NULL;NULL;OpenXR
NULL;Right;NULL;36;Exposure;NULL;ControllerHoverConfirm;1;0;0;-1;0;0;0.0000;0.0000;2.0000;NULL;None;anonymous;NULL;Pointer Shoot;PointerEvent;19905;76997878-c21b-4394-8be8-49129cf9087b;NULL;-0.0411;-0.0031;-0.0268;359.3017;1.3286;2.6977;NULL;0.0042;0.0273;2.0000;0.0042;0.0273;2.0000;NULL;NULL;-0.0097;-0.4184;0.4605;45.7551;14.2152;195.0928;-0.0109;-0.4132;0.4557;45.8118;14.1432;194.9460;0;NULL;-0.0109;-0.4132;0.4557;45.8118;14.1432;194.9460;ControllerBody;NULL;NULL;NULL;NULL;1;0;0;-1;0;0;0.0000;0.0000;2.0000;-0.0004;-0.0174;0.5057;358.2877;0.1761;0.4143;0.0002;-0.0185;0.4993;358.5246;0.2361;0.3677;0;NULL;0.0002;-0.0185;0.4993;358.5246;0.2361;0.3677;ControllerBody;NULL;74331e22-d15e-49ae-974a-b7b2b1a343ae;NULL;NULL;35;0;NULL;0.0000;0.0000;2.0000;Exposure;2.5650;2026-03-26 11:39:45.8439;Controllers;NULL;NULL;OpenXR
NULL;Right;NULL;36;Exposure;NULL;ControllerHoverConfirm;1;0;0;-1;0;0;0.0000;0.0000;2.0000;NULL;None;anonymous;NULL;Mole Hit;MoleEvent;19905;76997878-c21b-4394-8be8-49129cf9087b;NULL;-0.0411;-0.0031;-0.0268;359.3017;1.3286;2.6977;0.0276;0.0042;0.0273;2.0000;0.0042;0.0273;2.0000;NULL;1;-0.0097;-0.4184;0.4605;45.7551;14.2152;195.0928;-0.0109;-0.4132;0.4557;45.8118;14.1432;194.9460;0;NULL;-0.0109;-0.4132;0.4557;45.8118;14.1432;194.9460;ControllerBody;NULL;NULL;NULL;NULL;1;0;0;-1;0;0;0.0000;0.0000;2.0000;-0.0004;-0.0174;0.5057;358.2877;0.1761;0.4143;0.0002;-0.0185;0.4993;358.5246;0.2361;0.3677;0;NULL;0.0002;-0.0185;0.4993;358.5246;0.2361;0.3677;ControllerBody;NULL;74331e22-d15e-49ae-974a-b7b2b1a343ae;NULL;NULL;35;0;NULL;0.0000;0.0000;2.0000;Exposure;0.0000;2026-03-26 11:39:45.8460;Controllers;NULL;NULL;OpenXR
NULL;Right;NULL;NULL;Exposure;NULL;ControllerHoverConfirm;3;2;0;1;0;0;-0.5000;0.0000;2.0000;NULL;None;anonymous;NULL;Mole Spawned;MoleEvent;19905;76997878-c21b-4394-8be8-49129cf9087b;NULL;-0.0411;-0.0031;-0.0268;359.3017;1.3286;2.6977;NULL;NULL;NULL;NULL;NULL;NULL;NULL;NULL;NULL;-0.0097;-0.4184;0.4605;45.7551;14.2152;195.0928;-0.0109;-0.4132;0.4557;45.8118;14.1432;194.9460;0;NULL;-0.0109;-0.4132;0.4557;45.8118;14.1432;194.9460;ControllerBody;NULL;NULL;NULL;NULL;3;2;0;1;0;0;-0.5000;0.0000;2.0000;-0.0004;-0.0174;0.5057;358.2877;0.1761;0.4143;0.0002;-0.0185;0.4993;358.5246;0.2361;0.3677;0;NULL;0.0002;-0.0185;0.4993;358.5246;0.2361;0.3677;ControllerBody;NULL;74331e22-d15e-49ae-974a-b7b2b1a343ae;NULL;NULL;NULL;2;NULL;-0.5000;0.0000;2.0000;Exposure;0.0000;2026-03-26 11:39:45.8507;Controllers;NULL;NULL;OpenXR
NULL;Right;NULL;37;Exposure;NULL;ControllerHoverConfirm;3;2;0;1;0;0;-0.5000;0.0000;2.0000;NULL;None;anonymous;NULL;Pointer Shoot;PointerEvent;20157;76997878-c21b-4394-8be8-49129cf9087b;NULL;-0.0400;-0.0028;-0.0220;359.4227;354.7523;0.7100;NULL;-0.4887;0.0170;2.0000;-0.4887;0.0170;2.0000;NULL;NULL;-0.0097;-0.4184;0.4605;45.7551;14.2152;195.0928;-0.0109;-0.4132;0.4557;45.8119;14.1434;194.9461;0;NULL;-0.0109;-0.4132;0.4557;45.8119;14.1434;194.9461;ControllerBody;NULL;NULL;NULL;NULL;3;2;0;1;0;0;-0.5000;0.0000;2.0000;-0.1256;-0.0203;0.4863;358.6290;346.5130;1.4765;-0.1255;-0.0233;0.4811;358.7867;346.2705;1.7376;0;NULL;-0.1255;-0.0233;0.4811;358.7867;346.2705;1.7376;ControllerBody;NULL;74331e22-d15e-49ae-974a-b7b2b1a343ae;NULL;NULL;36;2;NULL;-0.5000;0.0000;2.0000;Exposure;2.5164;2026-03-26 11:39:48.3582;Controllers;NULL;NULL;OpenXR
NULL;Right;NULL;37;Exposure;NULL;ControllerHoverConfirm;3;2;0;1;0;0;-0.5000;0.0000;2.0000;NULL;None;anonymous;NULL;Mole Hit;MoleEvent;20157;76997878-c21b-4394-8be8-49129cf9087b;NULL;-0.0400;-0.0028;-0.0220;359.4227;354.7523;0.7100;0.0204;-0.4887;0.0170;2.0000;-0.4887;0.0170;2.0000;NULL;1;-0.0097;-0.4184;0.4605;45.7551;14.2152;195.0928;-0.0109;-0.4132;0.4557;45.8119;14.1434;194.9461;0;NULL;-0.0109;-0.4132;0.4557;45.8119;14.1434;194.9461;ControllerBody;NULL;NULL;NULL;NULL;3;2;0;1;0;0;-0.5000;0.0000;2.0000;-0.1256;-0.0203;0.4863;358.6290;346.5130;1.4765;-0.1255;-0.0233;0.4811;358.7867;346.2705;1.7376;0;NULL;-0.1255;-0.0233;0.4811;358.7867;346.2705;1.7376;ControllerBody;NULL;74331e22-d15e-49ae-974a-b7b2b1a343ae;NULL;NULL;36;2;NULL;-0.5000;0.0000;2.0000;Exposure;0.0000;2026-03-26 11:39:48.3620;Controllers;NULL;NULL;OpenXR
NULL;Right;NULL;NULL;Exposure;NULL;ControllerHoverConfirm;1;0;0;-1;0;0;0.0000;0.0000;2.0000;NULL;None;anonymous;NULL;Mole Spawned;MoleEvent;20157;76997878-c21b-4394-8be8-49129cf9087b;NULL;-0.0400;-0.0028;-0.0220;359.4227;354.7523;0.7100;NULL;NULL;NULL;NULL;NULL;NULL;NULL;NULL;NULL;-0.0097;-0.4184;0.4605;45.7551;14.2152;195.0928;-0.0109;-0.4132;0.4557;45.8119;14.1434;194.9461;0;NULL;-0.0109;-0.4132;0.4557;45.8119;14.1434;194.9461;ControllerBody;NULL;NULL;NULL;NULL;1;0;0;-1;0;0;0.0000;0.0000;2.0000;-0.1256;-0.0203;0.4863;358.6290;346.5130;1.4765;-0.1255;-0.0233;0.4811;358.7867;346.2705;1.7376;0;NULL;-0.1255;-0.0233;0.4811;358.7867;346.2705;1.7376;ControllerBody;NULL;74331e22-d15e-49ae-974a-b7b2b1a343ae;NULL;NULL;NULL;0;NULL;0.0000;0.0000;2.0000;Exposure;0.0000;2026-03-26 11:39:48.3652;Controllers;NULL;NULL;OpenXR
NULL;Right;NULL;38;Exposure;NULL;ControllerHoverConfirm;1;0;0;-1;0;0;0.0000;0.0000;2.0000;NULL;None;anonymous;NULL;Pointer Shoot;PointerEvent;20407;76997878-c21b-4394-8be8-49129cf9087b;NULL;-0.0392;-0.0022;-0.0242;359.2681;0.2913;2.8524;NULL;-0.0097;0.0253;2.0000;-0.0097;0.0253;2.0000;NULL;NULL;-0.0097;-0.4185;0.4606;45.7551;14.2152;195.0928;-0.0112;-0.4135;0.4554;45.8110;14.1340;194.9406;0;NULL;-0.0112;-0.4135;0.4554;45.8110;14.1340;194.9406;ControllerBody;NULL;NULL;NULL;NULL;1;0;0;-1;0;0;0.0000;0.0000;2.0000;0.0013;-0.0169;0.5138;358.3723;359.5763;0.7894;0.0004;-0.0146;0.5069;358.3770;359.4811;1.0009;0;NULL;0.0004;-0.0146;0.5069;358.3770;359.4811;1.0009;ControllerBody;NULL;74331e22-d15e-49ae-974a-b7b2b1a343ae;NULL;NULL;37;0;NULL;0.0000;0.0000;2.0000;Exposure;2.5400;2026-03-26 11:39:50.8981;Controllers;NULL;NULL;OpenXR
NULL;Right;NULL;38;Exposure;NULL;ControllerHoverConfirm;1;0;0;-1;0;0;0.0000;0.0000;2.0000;NULL;None;anonymous;NULL;Mole Hit;MoleEvent;20407;76997878-c21b-4394-8be8-49129cf9087b;NULL;-0.0392;-0.0022;-0.0242;359.2681;0.2913;2.8524;0.0271;-0.0097;0.0253;2.0000;-0.0097;0.0253;2.0000;NULL;1;-0.0097;-0.4185;0.4606;45.7551;14.2152;195.0928;-0.0112;-0.4135;0.4554;45.8110;14.1340;194.9406;0;NULL;-0.0112;-0.4135;0.4554;45.8110;14.1340;194.9406;ControllerBody;NULL;NULL;NULL;NULL;1;0;0;-1;0;0;0.0000;0.0000;2.0000;0.0013;-0.0169;0.5138;358.3723;359.5763;0.7894;0.0004;-0.0146;0.5069;358.3770;359.4811;1.0009;0;NULL;0.0004;-0.0146;0.5069;358.3770;359.4811;1.0009;ControllerBody;NULL;74331e22-d15e-49ae-974a-b7b2b1a343ae;NULL;NULL;37;0;NULL;0.0000;0.0000;2.0000;Exposure;0.0000;2026-03-26 11:39:50.9023;Controllers;NULL;NULL;OpenXR
NULL;Right;NULL;NULL;Exposure;NULL;ControllerHoverConfirm;3;2;0;1;0;0;-0.5000;0.0000;2.0000;NULL;None;anonymous;NULL;Mole Spawned;MoleEvent;20407;76997878-c21b-4394-8be8-49129cf9087b;NULL;-0.0392;-0.0022;-0.0242;359.2681;0.2913;2.8524;NULL;NULL;NULL;NULL;NULL;NULL;NULL;NULL;NULL;-0.0097;-0.4185;0.4606;45.7551;14.2152;195.0928;-0.0112;-0.4135;0.4554;45.8110;14.1340;194.9406;0;NULL;-0.0112;-0.4135;0.4554;45.8110;14.1340;194.9406;ControllerBody;NULL;NULL;NULL;NULL;3;2;0;1;0;0;-0.5000;0.0000;2.0000;0.0013;-0.0169;0.5138;358.3723;359.5763;0.7894;0.0004;-0.0146;0.5069;358.3770;359.4811;1.0009;0;NULL;0.0004;-0.0146;0.5069;358.3770;359.4811;1.0009;ControllerBody;NULL;74331e22-d15e-49ae-974a-b7b2b1a343ae;NULL;NULL;NULL;2;NULL;-0.5000;0.0000;2.0000;Exposure;0.0000;2026-03-26 11:39:50.9064;Controllers;NULL;NULL;OpenXR
NULL;Right;NULL;39;Exposure;NULL;ControllerHoverConfirm;3;2;0;1;0;0;-0.5000;0.0000;2.0000;NULL;None;anonymous;NULL;Pointer Shoot;PointerEvent;20666;76997878-c21b-4394-8be8-49129cf9087b;NULL;-0.0481;0.0001;-0.0196;359.0630;353.1480;2.4976;NULL;-0.4934;0.0062;2.0000;-0.4934;0.0062;2.0000;NULL;NULL;-0.0097;-0.4186;0.4605;45.7551;14.2152;195.0928;-0.0110;-0.4135;0.4553;45.8184;14.1312;194.9469;0;NULL;-0.0110;-0.4135;0.4553;45.8184;14.1312;194.9469;ControllerBody;NULL;NULL;NULL;NULL;3;2;0;1;0;0;-0.5000;0.0000;2.0000;-0.1333;-0.0187;0.4972;359.0781;346.5243;1.3440;-0.1284;-0.0201;0.4915;358.9258;346.5277;1.2485;0;NULL;-0.1284;-0.0201;0.4915;358.9258;346.5277;1.2485;ControllerBody;NULL;74331e22-d15e-49ae-974a-b7b2b1a343ae;NULL;NULL;38;2;NULL;-0.5000;0.0000;2.0000;Exposure;2.5573;2026-03-26 11:39:53.4563;Controllers;NULL;NULL;OpenXR
NULL;Right;NULL;39;Exposure;NULL;ControllerHoverConfirm;3;2;0;1;0;0;-0.5000;0.0000;2.0000;NULL;None;anonymous;NULL;Mole Hit;MoleEvent;20666;76997878-c21b-4394-8be8-49129cf9087b;NULL;-0.0481;0.0001;-0.0196;359.0630;353.1480;2.4976;0.0090;-0.4934;0.0062;2.0000;-0.4934;0.0062;2.0000;NULL;1;-0.0097;-0.4186;0.4605;45.7551;14.2152;195.0928;-0.0110;-0.4135;0.4553;45.8184;14.1312;194.9469;0;NULL;-0.0110;-0.4135;0.4553;45.8184;14.1312;194.9469;ControllerBody;NULL;NULL;NULL;NULL;3;2;0;1;0;0;-0.5000;0.0000;2.0000;-0.1333;-0.0187;0.4972;359.0781;346.5243;1.3440;-0.1284;-0.0201;0.4915;358.9258;346.5277;1.2485;0;NULL;-0.1284;-0.0201;0.4915;358.9258;346.5277;1.2485;ControllerBody;NULL;74331e22-d15e-49ae-974a-b7b2b1a343ae;NULL;NULL;38;2;NULL;-0.5000;0.0000;2.0000;Exposure;0.0000;2026-03-26 11:39:53.4611;Controllers;NULL;NULL;OpenXR
NULL;Right;NULL;NULL;Exposure;NULL;ControllerHoverConfirm;1;0;0;-1;0;0;0.0000;0.0000;2.0000;NULL;None;anonymous;NULL;Mole Spawned;MoleEvent;20666;76997878-c21b-4394-8be8-49129cf9087b;NULL;-0.0481;0.0001;-0.0196;359.0630;353.1480;2.4976;NULL;NULL;NULL;NULL;NULL;NULL;NULL;NULL;NULL;-0.0097;-0.4186;0.4605;45.7551;14.2152;195.0928;-0.0110;-0.4135;0.4553;45.8184;14.1312;194.9469;0;NULL;-0.0110;-0.4135;0.4553;45.8184;14.1312;194.9469;ControllerBody;NULL;NULL;NULL;NULL;1;0;0;-1;0;0;0.0000;0.0000;2.0000;-0.1333;-0.0187;0.4972;359.0781;346.5243;1.3440;-0.1284;-0.0201;0.4915;358.9258;346.5277;1.2485;0;NULL;-0.1284;-0.0201;0.4915;358.9258;346.5277;1.2485;ControllerBody;NULL;74331e22-d15e-49ae-974a-b7b2b1a343ae;NULL;NULL;NULL;0;NULL;0.0000;0.0000;2.0000;Exposure;0.0000;2026-03-26 11:39:53.4643;Controllers;NULL;NULL;OpenXR
NULL;Right;NULL;40;Exposure;NULL;ControllerHoverConfirm;1;0;0;-1;0;0;0.0000;0.0000;2.0000;NULL;None;anonymous;NULL;Pointer Shoot;PointerEvent;20914;76997878-c21b-4394-8be8-49129cf9087b;NULL;-0.0409;-0.0009;-0.0237;359.1757;359.6492;3.0834;NULL;-0.0094;0.0319;2.0000;-0.0094;0.0319;2.0000;NULL;NULL;-0.0097;-0.4187;0.4605;45.7551;14.2152;195.0928;-0.0110;-0.4135;0.4553;45.8187;14.1310;194.9464;0;NULL;-0.0110;-0.4135;0.4553;45.8187;14.1310;194.9464;ControllerBody;NULL;NULL;NULL;NULL;1;0;0;-1;0;0;0.0000;0.0000;2.0000;0.0000;-0.0121;0.5113;358.3074;359.6382;1.2219;-0.0010;-0.0140;0.5057;358.5959;359.5940;1.0372;0;NULL;-0.0010;-0.0140;0.5057;358.5959;359.5940;1.0372;ControllerBody;NULL;74331e22-d15e-49ae-974a-b7b2b1a343ae;NULL;NULL;39;0;NULL;0.0000;0.0000;2.0000;Exposure;2.4926;2026-03-26 11:39:55.9492;Controllers;NULL;NULL;OpenXR
NULL;Right;NULL;40;Exposure;NULL;ControllerHoverConfirm;1;0;0;-1;0;0;0.0000;0.0000;2.0000;NULL;None;anonymous;NULL;Mole Hit;MoleEvent;20914;76997878-c21b-4394-8be8-49129cf9087b;NULL;-0.0409;-0.0009;-0.0237;359.1757;359.6492;3.0834;0.0333;-0.0094;0.0319;2.0000;-0.0094;0.0319;2.0000;NULL;1;-0.0097;-0.4187;0.4605;45.7551;14.2152;195.0928;-0.0110;-0.4135;0.4553;45.8187;14.1310;194.9464;0;NULL;-0.0110;-0.4135;0.4553;45.8187;14.1310;194.9464;ControllerBody;NULL;NULL;NULL;NULL;1;0;0;-1;0;0;0.0000;0.0000;2.0000;0.0000;-0.0121;0.5113;358.3074;359.6382;1.2219;-0.0010;-0.0140;0.5057;358.5959;359.5940;1.0372;0;NULL;-0.0010;-0.0140;0.5057;358.5959;359.5940;1.0372;ControllerBody;NULL;74331e22-d15e-49ae-974a-b7b2b1a343ae;NULL;NULL;39;0;NULL;0.0000;0.0000;2.0000;Exposure;0.0000;2026-03-26 11:39:55.9523;Controllers;NULL;NULL;OpenXR
NULL;Right;NULL;NULL;Exposure;NULL;ControllerHoverConfirm;2;1;0;0;0;0;0.5000;0.0000;2.0000;NULL;None;anonymous;NULL;Mole Spawned;MoleEvent;20914;76997878-c21b-4394-8be8-49129cf9087b;NULL;-0.0409;-0.0009;-0.0237;359.1757;359.6492;3.0834;NULL;NULL;NULL;NULL;NULL;NULL;NULL;NULL;NULL;-0.0097;-0.4187;0.4605;45.7551;14.2152;195.0928;-0.0110;-0.4135;0.4553;45.8187;14.1310;194.9464;0;NULL;-0.0110;-0.4135;0.4553;45.8187;14.1310;194.9464;ControllerBody;NULL;NULL;NULL;NULL;2;1;0;0;0;0;0.5000;0.0000;2.0000;0.0000;-0.0121;0.5113;358.3074;359.6382;1.2219;-0.0010;-0.0140;0.5057;358.5959;359.5940;1.0372;0;NULL;-0.0010;-0.0140;0.5057;358.5959;359.5940;1.0372;ControllerBody;NULL;74331e22-d15e-49ae-974a-b7b2b1a343ae;NULL;NULL;NULL;1;NULL;0.5000;0.0000;2.0000;Exposure;0.0000;2026-03-26 11:39:55.9564;Controllers;NULL;NULL;OpenXR
NULL;Right;NULL;41;Exposure;NULL;ControllerHoverConfirm;2;1;0;0;0;0;0.5000;0.0000;2.0000;NULL;None;anonymous;NULL;Pointer Shoot;PointerEvent;21181;76997878-c21b-4394-8be8-49129cf9087b;NULL;-0.0438;-0.0007;-0.0219;359.2582;7.5450;4.5811;NULL;0.4424;0.0147;2.0000;0.4424;0.0147;2.0000;NULL;NULL;-0.0097;-0.4187;0.4605;45.7551;14.2152;195.0928;-0.0110;-0.4135;0.4553;45.8184;14.1312;194.9469;0;NULL;-0.0110;-0.4135;0.4553;45.8184;14.1312;194.9469;ControllerBody;NULL;NULL;NULL;NULL;2;1;0;0;0;0;0.5000;0.0000;2.0000;0.1249;-0.0125;0.5064;358.9809;12.0040;359.2970;0.1238;-0.0133;0.5001;359.0172;11.8612;359.2769;0;NULL;0.1238;-0.0133;0.5001;359.0172;11.8612;359.2769;ControllerBody;NULL;74331e22-d15e-49ae-974a-b7b2b1a343ae;NULL;NULL;40;1;NULL;0.5000;0.0000;2.0000;Exposure;2.6486;2026-03-26 11:39:58.5974;Controllers;NULL;NULL;OpenXR
NULL;Right;NULL;41;Exposure;NULL;ControllerHoverConfirm;2;1;0;0;0;0;0.5000;0.0000;2.0000;NULL;None;anonymous;NULL;Mole Hit;MoleEvent;21181;76997878-c21b-4394-8be8-49129cf9087b;NULL;-0.0438;-0.0007;-0.0219;359.2582;7.5450;4.5811;0.0594;0.4424;0.0147;2.0000;0.4424;0.0147;2.0000;NULL;1;-0.0097;-0.4187;0.4605;45.7551;14.2152;195.0928;-0.0110;-0.4135;0.4553;45.8184;14.1312;194.9469;0;NULL;-0.0110;-0.4135;0.4553;45.8184;14.1312;194.9469;ControllerBody;NULL;NULL;NULL;NULL;2;1;0;0;0;0;0.5000;0.0000;2.0000;0.1249;-0.0125;0.5064;358.9809;12.0040;359.2970;0.1238;-0.0133;0.5001;359.0172;11.8612;359.2769;0;NULL;0.1238;-0.0133;0.5001;359.0172;11.8612;359.2769;ControllerBody;NULL;74331e22-d15e-49ae-974a-b7b2b1a343ae;NULL;NULL;40;1;NULL;0.5000;0.0000;2.0000;Exposure;0.0000;2026-03-26 11:39:58.6015;Controllers;NULL;NULL;OpenXR
NULL;Right;NULL;NULL;Exposure;NULL;ControllerHoverConfirm;1;0;0;-1;0;0;0.0000;0.0000;2.0000;NULL;None;anonymous;NULL;Mole Spawned;MoleEvent;21181;76997878-c21b-4394-8be8-49129cf9087b;NULL;-0.0438;-0.0007;-0.0219;359.2582;7.5450;4.5811;NULL;NULL;NULL;NULL;NULL;NULL;NULL;NULL;NULL;-0.0097;-0.4187;0.4605;45.7551;14.2152;195.0928;-0.0110;-0.4135;0.4553;45.8184;14.1312;194.9469;0;NULL;-0.0110;-0.4135;0.4553;45.8184;14.1312;194.9469;ControllerBody;NULL;NULL;NULL;NULL;1;0;0;-1;0;0;0.0000;0.0000;2.0000;0.1249;-0.0125;0.5064;358.9809;12.0040;359.2970;0.1238;-0.0133;0.5001;359.0172;11.8612;359.2769;0;NULL;0.1238;-0.0133;0.5001;359.0172;11.8612;359.2769;ControllerBody;NULL;74331e22-d15e-49ae-974a-b7b2b1a343ae;NULL;NULL;NULL;0;NULL;0.0000;0.0000;2.0000;Exposure;0.0000;2026-03-26 11:39:58.6051;Controllers;NULL;NULL;OpenXR
NULL;Right;NULL;42;Exposure;NULL;ControllerHoverConfirm;1;0;0;-1;0;0;0.0000;0.0000;2.0000;NULL;None;anonymous;NULL;Pointer Shoot;PointerEvent;21429;76997878-c21b-4394-8be8-49129cf9087b;NULL;-0.0374;-0.0019;-0.0236;359.7229;2.6547;2.0116;NULL;0.0144;-0.0001;2.0000;0.0144;-0.0001;2.0000;NULL;NULL;-0.0097;-0.4188;0.4604;45.7551;14.2152;195.0928;-0.0110;-0.4135;0.4553;45.8178;14.1309;194.9474;0;NULL;-0.0110;-0.4135;0.4553;45.8178;14.1309;194.9474;ControllerBody;NULL;NULL;NULL;NULL;1;0;0;-1;0;0;0.0000;0.0000;2.0000;0.0035;-0.0165;0.5135;359.3665;0.4178;0.5657;0.0048;-0.0188;0.5080;359.6815;0.4208;0.6882;0;NULL;0.0048;-0.0188;0.5080;359.6815;0.4208;0.6882;ControllerBody;NULL;74331e22-d15e-49ae-974a-b7b2b1a343ae;NULL;NULL;41;0;NULL;0.0000;0.0000;2.0000;Exposure;2.5674;2026-03-26 11:40:01.1652;Controllers;NULL;NULL;OpenXR
NULL;Right;NULL;42;Exposure;NULL;ControllerHoverConfirm;1;0;0;-1;0;0;0.0000;0.0000;2.0000;NULL;None;anonymous;NULL;Mole Hit;MoleEvent;21429;76997878-c21b-4394-8be8-49129cf9087b;NULL;-0.0374;-0.0019;-0.0236;359.7229;2.6547;2.0116;0.0144;0.0144;-0.0001;2.0000;0.0144;-0.0001;2.0000;NULL;1;-0.0097;-0.4188;0.4604;45.7551;14.2152;195.0928;-0.0110;-0.4135;0.4553;45.8178;14.1309;194.9474;0;NULL;-0.0110;-0.4135;0.4553;45.8178;14.1309;194.9474;ControllerBody;NULL;NULL;NULL;NULL;1;0;0;-1;0;0;0.0000;0.0000;2.0000;0.0035;-0.0165;0.5135;359.3665;0.4178;0.5657;0.0048;-0.0188;0.5080;359.6815;0.4208;0.6882;0;NULL;0.0048;-0.0188;0.5080;359.6815;0.4208;0.6882;ControllerBody;NULL;74331e22-d15e-49ae-974a-b7b2b1a343ae;NULL;NULL;41;0;NULL;0.0000;0.0000;2.0000;Exposure;0.0000;2026-03-26 11:40:01.1688;Controllers;NULL;NULL;OpenXR
NULL;Right;NULL;NULL;Exposure;NULL;ControllerHoverConfirm;2;1;0;0;0;0;0.5000;0.0000;2.0000;NULL;None;anonymous;NULL;Mole Spawned;MoleEvent;21429;76997878-c21b-4394-8be8-49129cf9087b;NULL;-0.0374;-0.0019;-0.0236;359.7229;2.6547;2.0116;NULL;NULL;NULL;NULL;NULL;NULL;NULL;NULL;NULL;-0.0097;-0.4188;0.4604;45.7551;14.2152;195.0928;-0.0110;-0.4135;0.4553;45.8178;14.1309;194.9474;0;NULL;-0.0110;-0.4135;0.4553;45.8178;14.1309;194.9474;ControllerBody;NULL;NULL;NULL;NULL;2;1;0;0;0;0;0.5000;0.0000;2.0000;0.0035;-0.0165;0.5135;359.3665;0.4178;0.5657;0.0048;-0.0188;0.5080;359.6815;0.4208;0.6882;0;NULL;0.0048;-0.0188;0.5080;359.6815;0.4208;0.6882;ControllerBody;NULL;74331e22-d15e-49ae-974a-b7b2b1a343ae;NULL;NULL;NULL;1;NULL;0.5000;0.0000;2.0000;Exposure;0.0000;2026-03-26 11:40:01.1730;Controllers;NULL;NULL;OpenXR
NULL;Right;NULL;43;Exposure;NULL;ControllerHoverConfirm;2;1;0;0;0;0;0.5000;0.0000;2.0000;NULL;None;anonymous;NULL;Pointer Shoot;PointerEvent;21669;76997878-c21b-4394-8be8-49129cf9087b;NULL;-0.0380;-0.0014;-0.0257;358.7249;7.8357;3.1608;NULL;0.4744;-0.0140;2.0000;0.4744;-0.0140;2.0000;NULL;NULL;-0.0101;-0.4182;0.4596;45.7551;14.2152;195.0928;-0.0118;-0.4113;0.4531;45.8539;14.1190;194.9253;0;NULL;-0.0118;-0.4113;0.4531;45.8539;14.1190;194.9253;ControllerBody;NULL;NULL;NULL;NULL;2;1;0;0;0;0;0.5000;0.0000;2.0000;0.1322;-0.0129;0.5089;0.0411;12.9275;0.4686;0.1321;-0.0120;0.5008;359.9315;12.9234;0.3462;0;NULL;0.1321;-0.0120;0.5008;359.9315;12.9234;0.3462;ControllerBody;NULL;74331e22-d15e-49ae-974a-b7b2b1a343ae;NULL;NULL;42;1;NULL;0.5000;0.0000;2.0000;Exposure;2.5908;2026-03-26 11:40:03.7564;Controllers;NULL;NULL;OpenXR
NULL;Right;NULL;43;Exposure;NULL;ControllerHoverConfirm;2;1;0;0;0;0;0.5000;0.0000;2.0000;NULL;None;anonymous;NULL;Mole Hit;MoleEvent;21669;76997878-c21b-4394-8be8-49129cf9087b;NULL;-0.0380;-0.0014;-0.0257;358.7249;7.8357;3.1608;0.0291;0.4744;-0.0140;2.0000;0.4744;-0.0140;2.0000;NULL;1;-0.0101;-0.4182;0.4596;45.7551;14.2152;195.0928;-0.0118;-0.4113;0.4531;45.8539;14.1190;194.9253;0;NULL;-0.0118;-0.4113;0.4531;45.8539;14.1190;194.9253;ControllerBody;NULL;NULL;NULL;NULL;2;1;0;0;0;0;0.5000;0.0000;2.0000;0.1322;-0.0129;0.5089;0.0411;12.9275;0.4686;0.1321;-0.0120;0.5008;359.9315;12.9234;0.3462;0;NULL;0.1321;-0.0120;0.5008;359.9315;12.9234;0.3462;ControllerBody;NULL;74331e22-d15e-49ae-974a-b7b2b1a343ae;NULL;NULL;42;1;NULL;0.5000;0.0000;2.0000;Exposure;0.0000;2026-03-26 11:40:03.7595;Controllers;NULL;NULL;OpenXR
NULL;Right;NULL;NULL;Exposure;NULL;ControllerHoverConfirm;1;0;0;-1;0;0;0.0000;0.0000;2.0000;NULL;None;anonymous;NULL;Mole Spawned;MoleEvent;21669;76997878-c21b-4394-8be8-49129cf9087b;NULL;-0.0380;-0.0014;-0.0257;358.7249;7.8357;3.1608;NULL;NULL;NULL;NULL;NULL;NULL;NULL;NULL;NULL;-0.0101;-0.4182;0.4596;45.7551;14.2152;195.0928;-0.0118;-0.4113;0.4531;45.8539;14.1190;194.9253;0;NULL;-0.0118;-0.4113;0.4531;45.8539;14.1190;194.9253;ControllerBody;NULL;NULL;NULL;NULL;1;0;0;-1;0;0;0.0000;0.0000;2.0000;0.1322;-0.0129;0.5089;0.0411;12.9275;0.4686;0.1321;-0.0120;0.5008;359.9315;12.9234;0.3462;0;NULL;0.1321;-0.0120;0.5008;359.9315;12.9234;0.3462;ControllerBody;NULL;74331e22-d15e-49ae-974a-b7b2b1a343ae;NULL;NULL;NULL;0;NULL;0.0000;0.0000;2.0000;Exposure;0.0000;2026-03-26 11:40:03.7632;Controllers;NULL;NULL;OpenXR
NULL;Right;NULL;44;Exposure;NULL;ControllerHoverConfirm;1;0;0;-1;0;0;0.0000;0.0000;2.0000;NULL;None;anonymous;NULL;Pointer Shoot;PointerEvent;21919;76997878-c21b-4394-8be8-49129cf9087b;NULL;-0.0369;-0.0035;-0.0269;359.8074;2.4122;2.4988;NULL;0.0096;-0.0043;2.0000;0.0096;-0.0043;2.0000;NULL;NULL;-0.0104;-0.4172;0.4587;45.7551;14.2152;195.0928;-0.0118;-0.4113;0.4531;45.8542;14.1184;194.9248;0;NULL;-0.0118;-0.4113;0.4531;45.8542;14.1184;194.9248;ControllerBody;NULL;NULL;NULL;NULL;1;0;0;-1;0;0;0.0000;0.0000;2.0000;0.0020;-0.0130;0.5184;359.6644;0.2959;1.2236;0.0027;-0.0154;0.5117;359.8813;0.0406;1.2095;0;NULL;0.0027;-0.0154;0.5117;359.8813;0.0406;1.2095;ControllerBody;NULL;74331e22-d15e-49ae-974a-b7b2b1a343ae;NULL;NULL;43;0;NULL;0.0000;0.0000;2.0000;Exposure;2.5403;2026-03-26 11:40:06.2957;Controllers;NULL;NULL;OpenXR
NULL;Right;NULL;44;Exposure;NULL;ControllerHoverConfirm;1;0;0;-1;0;0;0.0000;0.0000;2.0000;NULL;None;anonymous;NULL;Mole Hit;MoleEvent;21919;76997878-c21b-4394-8be8-49129cf9087b;NULL;-0.0369;-0.0035;-0.0269;359.8074;2.4122;2.4988;0.0105;0.0096;-0.0043;2.0000;0.0096;-0.0043;2.0000;NULL;1;-0.0104;-0.4172;0.4587;45.7551;14.2152;195.0928;-0.0118;-0.4113;0.4531;45.8542;14.1184;194.9248;0;NULL;-0.0118;-0.4113;0.4531;45.8542;14.1184;194.9248;ControllerBody;NULL;NULL;NULL;NULL;1;0;0;-1;0;0;0.0000;0.0000;2.0000;0.0020;-0.0130;0.5184;359.6644;0.2959;1.2236;0.0027;-0.0154;0.5117;359.8813;0.0406;1.2095;0;NULL;0.0027;-0.0154;0.5117;359.8813;0.0406;1.2095;ControllerBody;NULL;74331e22-d15e-49ae-974a-b7b2b1a343ae;NULL;NULL;43;0;NULL;0.0000;0.0000;2.0000;Exposure;0.0000;2026-03-26 11:40:06.2998;Controllers;NULL;NULL;OpenXR
NULL;Right;NULL;NULL;Exposure;NULL;ControllerHoverConfirm;2;1;0;0;0;0;0.5000;0.0000;2.0000;NULL;None;anonymous;NULL;Mole Spawned;MoleEvent;21919;76997878-c21b-4394-8be8-49129cf9087b;NULL;-0.0369;-0.0035;-0.0269;359.8074;2.4122;2.4988;NULL;NULL;NULL;NULL;NULL;NULL;NULL;NULL;NULL;-0.0104;-0.4172;0.4587;45.7551;14.2152;195.0928;-0.0118;-0.4113;0.4531;45.8542;14.1184;194.9248;0;NULL;-0.0118;-0.4113;0.4531;45.8542;14.1184;194.9248;ControllerBody;NULL;NULL;NULL;NULL;2;1;0;0;0;0;0.5000;0.0000;2.0000;0.0020;-0.0130;0.5184;359.6644;0.2959;1.2236;0.0027;-0.0154;0.5117;359.8813;0.0406;1.2095;0;NULL;0.0027;-0.0154;0.5117;359.8813;0.0406;1.2095;ControllerBody;NULL;74331e22-d15e-49ae-974a-b7b2b1a343ae;NULL;NULL;NULL;1;NULL;0.5000;0.0000;2.0000;Exposure;0.0000;2026-03-26 11:40:06.3055;Controllers;NULL;NULL;OpenXR
NULL;Right;NULL;45;Exposure;NULL;ControllerHoverConfirm;2;1;0;0;0;0;0.5000;0.0000;2.0000;NULL;None;anonymous;NULL;Pointer Shoot;PointerEvent;22171;76997878-c21b-4394-8be8-49129cf9087b;NULL;-0.0381;-0.0017;-0.0287;358.6090;8.1335;3.3831;NULL;0.4752;0.0054;2.0000;0.4752;0.0054;2.0000;NULL;NULL;-0.0104;-0.4170;0.4585;45.7551;14.2152;195.0928;-0.0118;-0.4113;0.4531;45.8541;14.1186;194.9251;0;NULL;-0.0118;-0.4113;0.4531;45.8541;14.1186;194.9251;ControllerBody;NULL;NULL;NULL;NULL;2;1;0;0;0;0;0.5000;0.0000;2.0000;0.1318;-0.0126;0.5087;359.3239;12.9679;0.2961;0.1315;-0.0112;0.5010;359.1104;13.1013;0.2436;0;NULL;0.1315;-0.0112;0.5010;359.1104;13.1013;0.2436;ControllerBody;NULL;74331e22-d15e-49ae-974a-b7b2b1a343ae;NULL;NULL;44;1;NULL;0.5000;0.0000;2.0000;Exposure;2.5571;2026-03-26 11:40:08.8537;Controllers;NULL;NULL;OpenXR
NULL;Right;NULL;45;Exposure;NULL;ControllerHoverConfirm;2;1;0;0;0;0;0.5000;0.0000;2.0000;NULL;None;anonymous;NULL;Mole Hit;MoleEvent;22171;76997878-c21b-4394-8be8-49129cf9087b;NULL;-0.0381;-0.0017;-0.0287;358.6090;8.1335;3.3831;0.0253;0.4752;0.0054;2.0000;0.4752;0.0054;2.0000;NULL;1;-0.0104;-0.4170;0.4585;45.7551;14.2152;195.0928;-0.0118;-0.4113;0.4531;45.8541;14.1186;194.9251;0;NULL;-0.0118;-0.4113;0.4531;45.8541;14.1186;194.9251;ControllerBody;NULL;NULL;NULL;NULL;2;1;0;0;0;0;0.5000;0.0000;2.0000;0.1318;-0.0126;0.5087;359.3239;12.9679;0.2961;0.1315;-0.0112;0.5010;359.1104;13.1013;0.2436;0;NULL;0.1315;-0.0112;0.5010;359.1104;13.1013;0.2436;ControllerBody;NULL;74331e22-d15e-49ae-974a-b7b2b1a343ae;NULL;NULL;44;1;NULL;0.5000;0.0000;2.0000;Exposure;0.0000;2026-03-26 11:40:08.8568;Controllers;NULL;NULL;OpenXR
NULL;Right;NULL;NULL;Exposure;NULL;ControllerHoverConfirm;3;2;0;1;0;0;-0.5000;0.0000;2.0000;NULL;None;anonymous;NULL;Mole Spawned;MoleEvent;22171;76997878-c21b-4394-8be8-49129cf9087b;NULL;-0.0381;-0.0017;-0.0287;358.6090;8.1335;3.3831;NULL;NULL;NULL;NULL;NULL;NULL;NULL;NULL;NULL;-0.0104;-0.4170;0.4585;45.7551;14.2152;195.0928;-0.0118;-0.4113;0.4531;45.8541;14.1186;194.9251;0;NULL;-0.0118;-0.4113;0.4531;45.8541;14.1186;194.9251;ControllerBody;NULL;NULL;NULL;NULL;3;2;0;1;0;0;-0.5000;0.0000;2.0000;0.1318;-0.0126;0.5087;359.3239;12.9679;0.2961;0.1315;-0.0112;0.5010;359.1104;13.1013;0.2436;0;NULL;0.1315;-0.0112;0.5010;359.1104;13.1013;0.2436;ControllerBody;NULL;74331e22-d15e-49ae-974a-b7b2b1a343ae;NULL;NULL;NULL;2;NULL;-0.5000;0.0000;2.0000;Exposure;0.0000;2026-03-26 11:40:08.8599;Controllers;NULL;NULL;OpenXR
NULL;Right;NULL;46;Exposure;NULL;ControllerHoverConfirm;3;2;0;1;0;0;-0.5000;0.0000;2.0000;NULL;None;anonymous;NULL;Pointer Shoot;PointerEvent;22411;76997878-c21b-4394-8be8-49129cf9087b;NULL;-0.0498;-0.0040;-0.0314;359.2828;351.9098;1.4148;NULL;-0.4804;0.0120;2.0000;-0.4804;0.0120;2.0000;NULL;NULL;-0.0104;-0.4169;0.4584;45.7551;14.2152;195.0928;-0.0118;-0.4113;0.4531;45.8542;14.1185;194.9250;0;NULL;-0.0118;-0.4113;0.4531;45.8542;14.1185;194.9250;ControllerBody;NULL;NULL;NULL;NULL;3;2;0;1;0;0;-0.5000;0.0000;2.0000;-0.1356;-0.0169;0.4939;358.9284;347.1027;1.6972;-0.1347;-0.0141;0.4870;358.6449;346.9420;2.0723;0;NULL;-0.1347;-0.0141;0.4870;358.6449;346.9420;2.0723;ControllerBody;NULL;74331e22-d15e-49ae-974a-b7b2b1a343ae;NULL;NULL;45;2;NULL;-0.5000;0.0000;2.0000;Exposure;2.7410;2026-03-26 11:40:11.5949;Controllers;NULL;NULL;OpenXR
NULL;Right;NULL;46;Exposure;NULL;ControllerHoverConfirm;3;2;0;1;0;0;-0.5000;0.0000;2.0000;NULL;None;anonymous;NULL;Mole Hit;MoleEvent;22411;76997878-c21b-4394-8be8-49129cf9087b;NULL;-0.0498;-0.0040;-0.0314;359.2828;351.9098;1.4148;0.0229;-0.4804;0.0120;2.0000;-0.4804;0.0120;2.0000;NULL;1;-0.0104;-0.4169;0.4584;45.7551;14.2152;195.0928;-0.0118;-0.4113;0.4531;45.8542;14.1185;194.9250;0;NULL;-0.0118;-0.4113;0.4531;45.8542;14.1185;194.9250;ControllerBody;NULL;NULL;NULL;NULL;3;2;0;1;0;0;-0.5000;0.0000;2.0000;-0.1356;-0.0169;0.4939;358.9284;347.1027;1.6972;-0.1347;-0.0141;0.4870;358.6449;346.9420;2.0723;0;NULL;-0.1347;-0.0141;0.4870;358.6449;346.9420;2.0723;ControllerBody;NULL;74331e22-d15e-49ae-974a-b7b2b1a343ae;NULL;NULL;45;2;NULL;-0.5000;0.0000;2.0000;Exposure;0.0000;2026-03-26 11:40:11.5979;Controllers;NULL;NULL;OpenXR
NULL;Right;NULL;NULL;Exposure;NULL;ControllerHoverConfirm;2;1;0;0;0;0;0.5000;0.0000;2.0000;NULL;None;anonymous;NULL;Mole Spawned;MoleEvent;22411;76997878-c21b-4394-8be8-49129cf9087b;NULL;-0.0498;-0.0040;-0.0314;359.2828;351.9098;1.4148;NULL;NULL;NULL;NULL;NULL;NULL;NULL;NULL;NULL;-0.0104;-0.4169;0.4584;45.7551;14.2152;195.0928;-0.0118;-0.4113;0.4531;45.8542;14.1185;194.9250;0;NULL;-0.0118;-0.4113;0.4531;45.8542;14.1185;194.9250;ControllerBody;NULL;NULL;NULL;NULL;2;1;0;0;0;0;0.5000;0.0000;2.0000;-0.1356;-0.0169;0.4939;358.9284;347.1027;1.6972;-0.1347;-0.0141;0.4870;358.6449;346.9420;2.0723;0;NULL;-0.1347;-0.0141;0.4870;358.6449;346.9420;2.0723;ControllerBody;NULL;74331e22-d15e-49ae-974a-b7b2b1a343ae;NULL;NULL;NULL;1;NULL;0.5000;0.0000;2.0000;Exposure;0.0000;2026-03-26 11:40:11.6022;Controllers;NULL;NULL;OpenXR
NULL;Right;NULL;47;Exposure;NULL;ControllerHoverConfirm;2;1;0;0;0;0;0.5000;0.0000;2.0000;NULL;None;anonymous;NULL;Pointer Shoot;PointerEvent;22661;76997878-c21b-4394-8be8-49129cf9087b;NULL;-0.0440;-0.0015;-0.0275;359.1751;8.8460;3.0364;NULL;0.4944;-0.0202;2.0000;0.4944;-0.0202;2.0000;NULL;NULL;-0.0104;-0.4169;0.4583;45.7551;14.2152;195.0928;-0.0118;-0.4113;0.4531;45.8540;14.1187;194.9251;0;NULL;-0.0118;-0.4113;0.4531;45.8540;14.1187;194.9251;ControllerBody;NULL;NULL;NULL;NULL;2;1;0;0;0;0;0.5000;0.0000;2.0000;0.1276;-0.0147;0.5104;0.2056;13.8320;0.0903;0.1297;-0.0157;0.5039;0.3890;13.9617;359.9587;0;NULL;0.1297;-0.0157;0.5039;0.3890;13.9617;359.9587;ControllerBody;NULL;74331e22-d15e-49ae-974a-b7b2b1a343ae;NULL;NULL;46;1;NULL;0.5000;0.0000;2.0000;Exposure;2.7830;2026-03-26 11:40:14.3772;Controllers;NULL;NULL;OpenXR
NULL;Right;NULL;47;Exposure;NULL;ControllerHoverConfirm;2;1;0;0;0;0;0.5000;0.0000;2.0000;NULL;None;anonymous;NULL;Mole Hit;MoleEvent;22661;76997878-c21b-4394-8be8-49129cf9087b;NULL;-0.0440;-0.0015;-0.0275;359.1751;8.8460;3.0364;0.0210;0.4944;-0.0202;2.0000;0.4944;-0.0202;2.0000;NULL;1;-0.0104;-0.4169;0.4583;45.7551;14.2152;195.0928;-0.0118;-0.4113;0.4531;45.8540;14.1187;194.9251;0;NULL;-0.0118;-0.4113;0.4531;45.8540;14.1187;194.9251;ControllerBody;NULL;NULL;NULL;NULL;2;1;0;0;0;0;0.5000;0.0000;2.0000;0.1276;-0.0147;0.5104;0.2056;13.8320;0.0903;0.1297;-0.0157;0.5039;0.3890;13.9617;359.9587;0;NULL;0.1297;-0.0157;0.5039;0.3890;13.9617;359.9587;ControllerBody;NULL;74331e22-d15e-49ae-974a-b7b2b1a343ae;NULL;NULL;46;1;NULL;0.5000;0.0000;2.0000;Exposure;0.0000;2026-03-26 11:40:14.3798;Controllers;NULL;NULL;OpenXR
NULL;Right;NULL;NULL;Exposure;NULL;ControllerHoverConfirm;1;0;0;-1;0;0;0.0000;0.0000;2.0000;NULL;None;anonymous;NULL;Mole Spawned;MoleEvent;22661;76997878-c21b-4394-8be8-49129cf9087b;NULL;-0.0440;-0.0015;-0.0275;359.1751;8.8460;3.0364;NULL;NULL;NULL;NULL;NULL;NULL;NULL;NULL;NULL;-0.0104;-0.4169;0.4583;45.7551;14.2152;195.0928;-0.0118;-0.4113;0.4531;45.8540;14.1187;194.9251;0;NULL;-0.0118;-0.4113;0.4531;45.8540;14.1187;194.9251;ControllerBody;NULL;NULL;NULL;NULL;1;0;0;-1;0;0;0.0000;0.0000;2.0000;0.1276;-0.0147;0.5104;0.2056;13.8320;0.0903;0.1297;-0.0157;0.5039;0.3890;13.9617;359.9587;0;NULL;0.1297;-0.0157;0.5039;0.3890;13.9617;359.9587;ControllerBody;NULL;74331e22-d15e-49ae-974a-b7b2b1a343ae;NULL;NULL;NULL;0;NULL;0.0000;0.0000;2.0000;Exposure;0.0000;2026-03-26 11:40:14.3840;Controllers;NULL;NULL;OpenXR
NULL;Right;NULL;48;Exposure;NULL;ControllerHoverConfirm;1;0;0;-1;0;0;0.0000;0.0000;2.0000;NULL;None;anonymous;NULL;Pointer Shoot;PointerEvent;22908;76997878-c21b-4394-8be8-49129cf9087b;NULL;-0.0461;-0.0034;-0.0243;0.1877;1.4752;2.9643;NULL;0.0123;-0.0032;2.0000;0.0123;-0.0032;2.0000;NULL;NULL;-0.0104;-0.4168;0.4583;45.7551;14.2152;195.0928;-0.0118;-0.4113;0.4531;45.8542;14.1185;194.9251;0;NULL;-0.0118;-0.4113;0.4531;45.8542;14.1185;194.9251;ControllerBody;NULL;NULL;NULL;NULL;1;0;0;-1;0;0;0.0000;0.0000;2.0000;-0.0025;-0.0188;0.5196;359.3963;0.5739;0.6170;-0.0032;-0.0199;0.5137;359.2775;0.4444;0.5656;0;NULL;-0.0032;-0.0199;0.5137;359.2775;0.4444;0.5656;ControllerBody;NULL;74331e22-d15e-49ae-974a-b7b2b1a343ae;NULL;NULL;47;0;NULL;0.0000;0.0000;2.0000;Exposure;2.5325;2026-03-26 11:40:16.9095;Controllers;NULL;NULL;OpenXR
NULL;Right;NULL;48;Exposure;NULL;ControllerHoverConfirm;1;0;0;-1;0;0;0.0000;0.0000;2.0000;NULL;None;anonymous;NULL;Mole Hit;MoleEvent;22908;76997878-c21b-4394-8be8-49129cf9087b;NULL;-0.0461;-0.0034;-0.0243;0.1877;1.4752;2.9643;0.0127;0.0123;-0.0032;2.0000;0.0123;-0.0032;2.0000;NULL;1;-0.0104;-0.4168;0.4583;45.7551;14.2152;195.0928;-0.0118;-0.4113;0.4531;45.8542;14.1185;194.9251;0;NULL;-0.0118;-0.4113;0.4531;45.8542;14.1185;194.9251;ControllerBody;NULL;NULL;NULL;NULL;1;0;0;-1;0;0;0.0000;0.0000;2.0000;-0.0025;-0.0188;0.5196;359.3963;0.5739;0.6170;-0.0032;-0.0199;0.5137;359.2775;0.4444;0.5656;0;NULL;-0.0032;-0.0199;0.5137;359.2775;0.4444;0.5656;ControllerBody;NULL;74331e22-d15e-49ae-974a-b7b2b1a343ae;NULL;NULL;47;0;NULL;0.0000;0.0000;2.0000;Exposure;0.0000;2026-03-26 11:40:16.9121;Controllers;NULL;NULL;OpenXR
NULL;Right;NULL;NULL;Exposure;NULL;ControllerHoverConfirm;3;2;0;1;0;0;-0.5000;0.0000;2.0000;NULL;None;anonymous;NULL;Mole Spawned;MoleEvent;22908;76997878-c21b-4394-8be8-49129cf9087b;NULL;-0.0461;-0.0034;-0.0243;0.1877;1.4752;2.9643;NULL;NULL;NULL;NULL;NULL;NULL;NULL;NULL;NULL;-0.0104;-0.4168;0.4583;45.7551;14.2152;195.0928;-0.0118;-0.4113;0.4531;45.8542;14.1185;194.9251;0;NULL;-0.0118;-0.4113;0.4531;45.8542;14.1185;194.9251;ControllerBody;NULL;NULL;NULL;NULL;3;2;0;1;0;0;-0.5000;0.0000;2.0000;-0.0025;-0.0188;0.5196;359.3963;0.5739;0.6170;-0.0032;-0.0199;0.5137;359.2775;0.4444;0.5656;0;NULL;-0.0032;-0.0199;0.5137;359.2775;0.4444;0.5656;ControllerBody;NULL;74331e22-d15e-49ae-974a-b7b2b1a343ae;NULL;NULL;NULL;2;NULL;-0.5000;0.0000;2.0000;Exposure;0.0000;2026-03-26 11:40:16.9167;Controllers;NULL;NULL;OpenXR
NULL;Right;NULL;49;Exposure;NULL;ControllerHoverConfirm;3;2;0;1;0;0;-0.5000;0.0000;2.0000;NULL;None;anonymous;NULL;Pointer Shoot;PointerEvent;23156;76997878-c21b-4394-8be8-49129cf9087b;NULL;-0.0442;-0.0045;-0.0215;1.1725;354.4797;0.9377;NULL;-0.4706;0.0006;2.0000;-0.4706;0.0006;2.0000;NULL;NULL;-0.0092;-0.4345;0.4778;45.8559;14.2399;195.0789;-0.0105;-0.4301;0.4738;45.9858;14.1220;194.9490;0;NULL;-0.0105;-0.4301;0.4738;45.9858;14.1220;194.9490;ControllerBody;NULL;NULL;NULL;NULL;3;2;0;1;0;0;-0.5000;0.0000;2.0000;-0.1300;-0.0198;0.4988;359.2425;347.2204;1.2046;-0.1269;-0.0188;0.4936;359.2274;347.3236;1.1085;0;NULL;-0.1269;-0.0188;0.4936;359.2274;347.3236;1.1085;ControllerBody;NULL;74331e22-d15e-49ae-974a-b7b2b1a343ae;NULL;NULL;48;2;NULL;-0.5000;0.0000;2.0000;Exposure;2.5749;2026-03-26 11:40:19.4845;Controllers;NULL;NULL;OpenXR
NULL;Right;NULL;49;Exposure;NULL;ControllerHoverConfirm;3;2;0;1;0;0;-0.5000;0.0000;2.0000;NULL;None;anonymous;NULL;Mole Hit;MoleEvent;23156;76997878-c21b-4394-8be8-49129cf9087b;NULL;-0.0442;-0.0045;-0.0215;1.1725;354.4797;0.9377;0.0294;-0.4706;0.0006;2.0000;-0.4706;0.0006;2.0000;NULL;1;-0.0092;-0.4345;0.4778;45.8559;14.2399;195.0789;-0.0105;-0.4301;0.4738;45.9858;14.1220;194.9490;0;NULL;-0.0105;-0.4301;0.4738;45.9858;14.1220;194.9490;ControllerBody;NULL;NULL;NULL;NULL;3;2;0;1;0;0;-0.5000;0.0000;2.0000;-0.1300;-0.0198;0.4988;359.2425;347.2204;1.2046;-0.1269;-0.0188;0.4936;359.2274;347.3236;1.1085;0;NULL;-0.1269;-0.0188;0.4936;359.2274;347.3236;1.1085;ControllerBody;NULL;74331e22-d15e-49ae-974a-b7b2b1a343ae;NULL;NULL;48;2;NULL;-0.5000;0.0000;2.0000;Exposure;0.0000;2026-03-26 11:40:19.4887;Controllers;NULL;NULL;OpenXR
NULL;Right;NULL;NULL;Exposure;NULL;ControllerHoverConfirm;1;0;0;-1;0;0;0.0000;0.0000;2.0000;NULL;None;anonymous;NULL;Mole Spawned;MoleEvent;23156;76997878-c21b-4394-8be8-49129cf9087b;NULL;-0.0442;-0.0045;-0.0215;1.1725;354.4797;0.9377;NULL;NULL;NULL;NULL;NULL;NULL;NULL;NULL;NULL;-0.0092;-0.4345;0.4778;45.8559;14.2399;195.0789;-0.0105;-0.4301;0.4738;45.9858;14.1220;194.9490;0;NULL;-0.0105;-0.4301;0.4738;45.9858;14.1220;194.9490;ControllerBody;NULL;NULL;NULL;NULL;1;0;0;-1;0;0;0.0000;0.0000;2.0000;-0.1300;-0.0198;0.4988;359.2425;347.2204;1.2046;-0.1269;-0.0188;0.4936;359.2274;347.3236;1.1085;0;NULL;-0.1269;-0.0188;0.4936;359.2274;347.3236;1.1085;ControllerBody;NULL;74331e22-d15e-49ae-974a-b7b2b1a343ae;NULL;NULL;NULL;0;NULL;0.0000;0.0000;2.0000;Exposure;0.0000;2026-03-26 11:40:19.4930;Controllers;NULL;NULL;OpenXR
NULL;Right;NULL;50;Exposure;NULL;ControllerHoverConfirm;1;0;0;-1;0;0;0.0000;0.0000;2.0000;NULL;None;anonymous;NULL;Pointer Shoot;PointerEvent;23406;76997878-c21b-4394-8be8-49129cf9087b;NULL;-0.0440;-0.0044;-0.0207;0.6908;1.7439;3.5076;NULL;0.0293;0.0053;2.0000;0.0293;0.0053;2.0000;NULL;NULL;-0.0092;-0.4350;0.4784;45.8586;14.2377;195.0764;-0.0105;-0.4301;0.4738;45.9859;14.1220;194.9488;0;NULL;-0.0105;-0.4301;0.4738;45.9859;14.1220;194.9488;ControllerBody;NULL;NULL;NULL;NULL;1;0;0;-1;0;0;0.0000;0.0000;2.0000;-0.0023;-0.0169;0.5205;359.1406;1.2215;1.7851;-0.0035;-0.0149;0.5119;358.8678;1.1925;2.2473;0;NULL;-0.0035;-0.0149;0.5119;358.8678;1.1925;2.2473;ControllerBody;NULL;74331e22-d15e-49ae-974a-b7b2b1a343ae;NULL;NULL;49;0;NULL;0.0000;0.0000;2.0000;Exposure;2.5664;2026-03-26 11:40:22.0515;Controllers;NULL;NULL;OpenXR
NULL;Right;NULL;50;Exposure;NULL;ControllerHoverConfirm;1;0;0;-1;0;0;0.0000;0.0000;2.0000;NULL;None;anonymous;NULL;Mole Hit;MoleEvent;23406;76997878-c21b-4394-8be8-49129cf9087b;NULL;-0.0440;-0.0044;-0.0207;0.6908;1.7439;3.5076;0.0298;0.0293;0.0053;2.0000;0.0293;0.0053;2.0000;NULL;1;-0.0092;-0.4350;0.4784;45.8586;14.2377;195.0764;-0.0105;-0.4301;0.4738;45.9859;14.1220;194.9488;0;NULL;-0.0105;-0.4301;0.4738;45.9859;14.1220;194.9488;ControllerBody;NULL;NULL;NULL;NULL;1;0;0;-1;0;0;0.0000;0.0000;2.0000;-0.0023;-0.0169;0.5205;359.1406;1.2215;1.7851;-0.0035;-0.0149;0.5119;358.8678;1.1925;2.2473;0;NULL;-0.0035;-0.0149;0.5119;358.8678;1.1925;2.2473;ControllerBody;NULL;74331e22-d15e-49ae-974a-b7b2b1a343ae;NULL;NULL;49;0;NULL;0.0000;0.0000;2.0000;Exposure;0.0000;2026-03-26 11:40:22.0546;Controllers;NULL;NULL;OpenXR
NULL;Right;NULL;NULL;Exposure;NULL;ControllerHoverConfirm;3;2;0;1;0;0;-0.5000;0.0000;2.0000;NULL;None;anonymous;NULL;Mole Spawned;MoleEvent;23406;76997878-c21b-4394-8be8-49129cf9087b;NULL;-0.0440;-0.0044;-0.0207;0.6908;1.7439;3.5076;NULL;NULL;NULL;NULL;NULL;NULL;NULL;NULL;NULL;-0.0092;-0.4350;0.4784;45.8586;14.2377;195.0764;-0.0105;-0.4301;0.4738;45.9859;14.1220;194.9488;0;NULL;-0.0105;-0.4301;0.4738;45.9859;14.1220;194.9488;ControllerBody;NULL;NULL;NULL;NULL;3;2;0;1;0;0;-0.5000;0.0000;2.0000;-0.0023;-0.0169;0.5205;359.1406;1.2215;1.7851;-0.0035;-0.0149;0.5119;358.8678;1.1925;2.2473;0;NULL;-0.0035;-0.0149;0.5119;358.8678;1.1925;2.2473;ControllerBody;NULL;74331e22-d15e-49ae-974a-b7b2b1a343ae;NULL;NULL;NULL;2;NULL;-0.5000;0.0000;2.0000;Exposure;0.0000;2026-03-26 11:40:22.0589;Controllers;NULL;NULL;OpenXR
NULL;Right;NULL;51;Exposure;NULL;ControllerHoverConfirm;3;2;0;1;0;0;-0.5000;0.0000;2.0000;NULL;None;anonymous;NULL;Pointer Shoot;PointerEvent;23651;76997878-c21b-4394-8be8-49129cf9087b;NULL;-0.0482;-0.0045;-0.0236;0.7263;352.7880;2.4599;NULL;-0.4707;0.0137;2.0000;-0.4707;0.0137;2.0000;NULL;NULL;-0.0090;-0.4354;0.4804;45.8586;14.2377;195.0764;-0.0101;-0.4302;0.4766;45.8993;14.1117;194.9176;0;NULL;-0.0101;-0.4302;0.4766;45.8993;14.1117;194.9176;ControllerBody;NULL;NULL;NULL;NULL;3;2;0;1;0;0;-0.5000;0.0000;2.0000;-0.1349;-0.0201;0.4971;358.7418;347.4032;0.5213;-0.1303;-0.0194;0.4914;358.8415;347.8505;0.6806;0;NULL;-0.1303;-0.0194;0.4914;358.8415;347.8505;0.6806;ControllerBody;NULL;74331e22-d15e-49ae-974a-b7b2b1a343ae;NULL;NULL;50;2;NULL;-0.5000;0.0000;2.0000;Exposure;2.5672;2026-03-26 11:40:24.6181;Controllers;NULL;NULL;OpenXR
NULL;Right;NULL;51;Exposure;NULL;ControllerHoverConfirm;3;2;0;1;0;0;-0.5000;0.0000;2.0000;NULL;None;anonymous;NULL;Mole Hit;MoleEvent;23651;76997878-c21b-4394-8be8-49129cf9087b;NULL;-0.0482;-0.0045;-0.0236;0.7263;352.7880;2.4599;0.0324;-0.4707;0.0137;2.0000;-0.4707;0.0137;2.0000;NULL;1;-0.0090;-0.4354;0.4804;45.8586;14.2377;195.0764;-0.0101;-0.4302;0.4766;45.8993;14.1117;194.9176;0;NULL;-0.0101;-0.4302;0.4766;45.8993;14.1117;194.9176;ControllerBody;NULL;NULL;NULL;NULL;3;2;0;1;0;0;-0.5000;0.0000;2.0000;-0.1349;-0.0201;0.4971;358.7418;347.4032;0.5213;-0.1303;-0.0194;0.4914;358.8415;347.8505;0.6806;0;NULL;-0.1303;-0.0194;0.4914;358.8415;347.8505;0.6806;ControllerBody;NULL;74331e22-d15e-49ae-974a-b7b2b1a343ae;NULL;NULL;50;2;NULL;-0.5000;0.0000;2.0000;Exposure;0.0000;2026-03-26 11:40:24.6235;Controllers;NULL;NULL;OpenXR
NULL;Right;NULL;NULL;Exposure;NULL;ControllerHoverConfirm;1;0;0;-1;0;0;0.0000;0.0000;2.0000;NULL;None;anonymous;NULL;Mole Spawned;MoleEvent;23651;76997878-c21b-4394-8be8-49129cf9087b;NULL;-0.0482;-0.0045;-0.0236;0.7263;352.7880;2.4599;NULL;NULL;NULL;NULL;NULL;NULL;NULL;NULL;NULL;-0.0090;-0.4354;0.4804;45.8586;14.2377;195.0764;-0.0101;-0.4302;0.4766;45.8993;14.1117;194.9176;0;NULL;-0.0101;-0.4302;0.4766;45.8993;14.1117;194.9176;ControllerBody;NULL;NULL;NULL;NULL;1;0;0;-1;0;0;0.0000;0.0000;2.0000;-0.1349;-0.0201;0.4971;358.7418;347.4032;0.5213;-0.1303;-0.0194;0.4914;358.8415;347.8505;0.6806;0;NULL;-0.1303;-0.0194;0.4914;358.8415;347.8505;0.6806;ControllerBody;NULL;74331e22-d15e-49ae-974a-b7b2b1a343ae;NULL;NULL;NULL;0;NULL;0.0000;0.0000;2.0000;Exposure;0.0000;2026-03-26 11:40:24.6276;Controllers;NULL;NULL;OpenXR
NULL;Right;NULL;52;Exposure;NULL;ControllerHoverConfirm;1;0;0;-1;0;0;0.0000;0.0000;2.0000;NULL;None;anonymous;NULL;Pointer Shoot;PointerEvent;23897;76997878-c21b-4394-8be8-49129cf9087b;NULL;-0.0403;-0.0038;-0.0253;0.2982;1.4861;2.4470;NULL;0.0156;-0.0109;2.0000;0.0156;-0.0109;2.0000;NULL;NULL;-0.0089;-0.4355;0.4811;45.8586;14.2377;195.0764;-0.0101;-0.4302;0.4766;45.8995;14.1118;194.9177;0;NULL;-0.0101;-0.4302;0.4766;45.8995;14.1118;194.9177;ControllerBody;NULL;NULL;NULL;NULL;1;0;0;-1;0;0;0.0000;0.0000;2.0000;-0.0025;-0.0203;0.5199;359.6333;0.7010;0.9819;-0.0003;-0.0201;0.5126;359.7143;0.9031;0.9616;0;NULL;-0.0003;-0.0201;0.5126;359.7143;0.9031;0.9616;ControllerBody;NULL;74331e22-d15e-49ae-974a-b7b2b1a343ae;NULL;NULL;51;0;NULL;0.0000;0.0000;2.0000;Exposure;2.6561;2026-03-26 11:40:27.2730;Controllers;NULL;NULL;OpenXR
NULL;Right;NULL;52;Exposure;NULL;ControllerHoverConfirm;1;0;0;-1;0;0;0.0000;0.0000;2.0000;NULL;None;anonymous;NULL;Mole Hit;MoleEvent;23897;76997878-c21b-4394-8be8-49129cf9087b;NULL;-0.0403;-0.0038;-0.0253;0.2982;1.4861;2.4470;0.0190;0.0156;-0.0109;2.0000;0.0156;-0.0109;2.0000;NULL;1;-0.0089;-0.4355;0.4811;45.8586;14.2377;195.0764;-0.0101;-0.4302;0.4766;45.8995;14.1118;194.9177;0;NULL;-0.0101;-0.4302;0.4766;45.8995;14.1118;194.9177;ControllerBody;NULL;NULL;NULL;NULL;1;0;0;-1;0;0;0.0000;0.0000;2.0000;-0.0025;-0.0203;0.5199;359.6333;0.7010;0.9819;-0.0003;-0.0201;0.5126;359.7143;0.9031;0.9616;0;NULL;-0.0003;-0.0201;0.5126;359.7143;0.9031;0.9616;ControllerBody;NULL;74331e22-d15e-49ae-974a-b7b2b1a343ae;NULL;NULL;51;0;NULL;0.0000;0.0000;2.0000;Exposure;0.0000;2026-03-26 11:40:27.2772;Controllers;NULL;NULL;OpenXR
NULL;Right;NULL;NULL;Exposure;NULL;ControllerHoverConfirm;3;2;0;1;0;0;-0.5000;0.0000;2.0000;NULL;None;anonymous;NULL;Mole Spawned;MoleEvent;23897;76997878-c21b-4394-8be8-49129cf9087b;NULL;-0.0403;-0.0038;-0.0253;0.2982;1.4861;2.4470;NULL;NULL;NULL;NULL;NULL;NULL;NULL;NULL;NULL;-0.0089;-0.4355;0.4811;45.8586;14.2377;195.0764;-0.0101;-0.4302;0.4766;45.8995;14.1118;194.9177;0;NULL;-0.0101;-0.4302;0.4766;45.8995;14.1118;194.9177;ControllerBody;NULL;NULL;NULL;NULL;3;2;0;1;0;0;-0.5000;0.0000;2.0000;-0.0025;-0.0203;0.5199;359.6333;0.7010;0.9819;-0.0003;-0.0201;0.5126;359.7143;0.9031;0.9616;0;NULL;-0.0003;-0.0201;0.5126;359.7143;0.9031;0.9616;ControllerBody;NULL;74331e22-d15e-49ae-974a-b7b2b1a343ae;NULL;NULL;NULL;2;NULL;-0.5000;0.0000;2.0000;Exposure;0.0000;2026-03-26 11:40:27.2814;Controllers;NULL;NULL;OpenXR
NULL;Right;NULL;53;Exposure;NULL;ControllerHoverConfirm;3;2;0;1;0;0;-0.5000;0.0000;2.0000;NULL;None;anonymous;NULL;Pointer Shoot;PointerEvent;24156;76997878-c21b-4394-8be8-49129cf9087b;NULL;-0.0449;-0.0041;-0.0235;0.0484;353.4123;1.9642;NULL;-0.4502;0.0066;2.0000;-0.4502;0.0066;2.0000;NULL;NULL;-0.0089;-0.4356;0.4813;45.8586;14.2377;195.0764;-0.0101;-0.4302;0.4766;45.8993;14.1116;194.9176;0;NULL;-0.0101;-0.4302;0.4766;45.8993;14.1116;194.9176;ControllerBody;NULL;NULL;NULL;NULL;3;2;0;1;0;0;-0.5000;0.0000;2.0000;-0.1313;-0.0190;0.4982;359.0450;348.0105;2.1354;-0.1281;-0.0184;0.4917;358.9384;348.0078;2.2480;0;NULL;-0.1281;-0.0184;0.4917;358.9384;348.0078;2.2480;ControllerBody;NULL;74331e22-d15e-49ae-974a-b7b2b1a343ae;NULL;NULL;52;2;NULL;-0.5000;0.0000;2.0000;Exposure;2.6160;2026-03-26 11:40:29.8902;Controllers;NULL;NULL;OpenXR
NULL;Right;NULL;53;Exposure;NULL;ControllerHoverConfirm;3;2;0;1;0;0;-0.5000;0.0000;2.0000;NULL;None;anonymous;NULL;Mole Hit;MoleEvent;24156;76997878-c21b-4394-8be8-49129cf9087b;NULL;-0.0449;-0.0041;-0.0235;0.0484;353.4123;1.9642;0.0502;-0.4502;0.0066;2.0000;-0.4502;0.0066;2.0000;NULL;1;-0.0089;-0.4356;0.4813;45.8586;14.2377;195.0764;-0.0101;-0.4302;0.4766;45.8993;14.1116;194.9176;0;NULL;-0.0101;-0.4302;0.4766;45.8993;14.1116;194.9176;ControllerBody;NULL;NULL;NULL;NULL;3;2;0;1;0;0;-0.5000;0.0000;2.0000;-0.1313;-0.0190;0.4982;359.0450;348.0105;2.1354;-0.1281;-0.0184;0.4917;358.9384;348.0078;2.2480;0;NULL;-0.1281;-0.0184;0.4917;358.9384;348.0078;2.2480;ControllerBody;NULL;74331e22-d15e-49ae-974a-b7b2b1a343ae;NULL;NULL;52;2;NULL;-0.5000;0.0000;2.0000;Exposure;0.0000;2026-03-26 11:40:29.8934;Controllers;NULL;NULL;OpenXR
NULL;Right;NULL;NULL;Exposure;NULL;ControllerHoverConfirm;2;1;0;0;0;0;0.5000;0.0000;2.0000;NULL;None;anonymous;NULL;Mole Spawned;MoleEvent;24156;76997878-c21b-4394-8be8-49129cf9087b;NULL;-0.0449;-0.0041;-0.0235;0.0484;353.4123;1.9642;NULL;NULL;NULL;NULL;NULL;NULL;NULL;NULL;NULL;-0.0089;-0.4356;0.4813;45.8586;14.2377;195.0764;-0.0101;-0.4302;0.4766;45.8993;14.1116;194.9176;0;NULL;-0.0101;-0.4302;0.4766;45.8993;14.1116;194.9176;ControllerBody;NULL;NULL;NULL;NULL;2;1;0;0;0;0;0.5000;0.0000;2.0000;-0.1313;-0.0190;0.4982;359.0450;348.0105;2.1354;-0.1281;-0.0184;0.4917;358.9384;348.0078;2.2480;0;NULL;-0.1281;-0.0184;0.4917;358.9384;348.0078;2.2480;ControllerBody;NULL;74331e22-d15e-49ae-974a-b7b2b1a343ae;NULL;NULL;NULL;1;NULL;0.5000;0.0000;2.0000;Exposure;0.0000;2026-03-26 11:40:29.8980;Controllers;NULL;NULL;OpenXR
NULL;Right;NULL;54;Exposure;NULL;ControllerHoverConfirm;2;1;0;0;0;0;0.5000;0.0000;2.0000;NULL;None;anonymous;NULL;Pointer Shoot;PointerEvent;24423;76997878-c21b-4394-8be8-49129cf9087b;NULL;-0.0466;-0.0044;-0.0236;0.5298;8.3245;4.6442;NULL;0.4834;0.0076;2.0000;0.4834;0.0076;2.0000;NULL;NULL;-0.0089;-0.4356;0.4814;45.8586;14.2377;195.0764;-0.0101;-0.4302;0.4766;45.8993;14.1115;194.9176;0;NULL;-0.0101;-0.4302;0.4766;45.8993;14.1115;194.9176;ControllerBody;NULL;NULL;NULL;NULL;2;1;0;0;0;0;0.5000;0.0000;2.0000;0.1263;-0.0179;0.5122;359.0443;13.4980;1.1287;0.1239;-0.0194;0.5074;359.1548;13.4240;1.1496;0;NULL;0.1239;-0.0194;0.5074;359.1548;13.4240;1.1496;ControllerBody;NULL;74331e22-d15e-49ae-974a-b7b2b1a343ae;NULL;NULL;53;1;NULL;0.5000;0.0000;2.0000;Exposure;2.6902;2026-03-26 11:40:32.5800;Controllers;NULL;NULL;OpenXR
NULL;Right;NULL;54;Exposure;NULL;ControllerHoverConfirm;2;1;0;0;0;0;0.5000;0.0000;2.0000;NULL;None;anonymous;NULL;Mole Hit;MoleEvent;24423;76997878-c21b-4394-8be8-49129cf9087b;NULL;-0.0466;-0.0044;-0.0236;0.5298;8.3245;4.6442;0.0182;0.4834;0.0076;2.0000;0.4834;0.0076;2.0000;NULL;1;-0.0089;-0.4356;0.4814;45.8586;14.2377;195.0764;-0.0101;-0.4302;0.4766;45.8993;14.1115;194.9176;0;NULL;-0.0101;-0.4302;0.4766;45.8993;14.1115;194.9176;ControllerBody;NULL;NULL;NULL;NULL;2;1;0;0;0;0;0.5000;0.0000;2.0000;0.1263;-0.0179;0.5122;359.0443;13.4980;1.1287;0.1239;-0.0194;0.5074;359.1548;13.4240;1.1496;0;NULL;0.1239;-0.0194;0.5074;359.1548;13.4240;1.1496;ControllerBody;NULL;74331e22-d15e-49ae-974a-b7b2b1a343ae;NULL;NULL;53;1;NULL;0.5000;0.0000;2.0000;Exposure;0.0000;2026-03-26 11:40:32.5832;Controllers;NULL;NULL;OpenXR
NULL;Right;NULL;NULL;Exposure;NULL;ControllerHoverConfirm;3;2;0;1;0;0;-0.5000;0.0000;2.0000;NULL;None;anonymous;NULL;Mole Spawned;MoleEvent;24423;76997878-c21b-4394-8be8-49129cf9087b;NULL;-0.0466;-0.0044;-0.0236;0.5298;8.3245;4.6442;NULL;NULL;NULL;NULL;NULL;NULL;NULL;NULL;NULL;-0.0089;-0.4356;0.4814;45.8586;14.2377;195.0764;-0.0101;-0.4302;0.4766;45.8993;14.1115;194.9176;0;NULL;-0.0101;-0.4302;0.4766;45.8993;14.1115;194.9176;ControllerBody;NULL;NULL;NULL;NULL;3;2;0;1;0;0;-0.5000;0.0000;2.0000;0.1263;-0.0179;0.5122;359.0443;13.4980;1.1287;0.1239;-0.0194;0.5074;359.1548;13.4240;1.1496;0;NULL;0.1239;-0.0194;0.5074;359.1548;13.4240;1.1496;ControllerBody;NULL;74331e22-d15e-49ae-974a-b7b2b1a343ae;NULL;NULL;NULL;2;NULL;-0.5000;0.0000;2.0000;Exposure;0.0000;2026-03-26 11:40:32.5863;Controllers;NULL;NULL;OpenXR
NULL;Right;NULL;55;Exposure;NULL;ControllerHoverConfirm;3;2;0;1;0;0;-0.5000;0.0000;2.0000;NULL;None;anonymous;NULL;Pointer Shoot;PointerEvent;24665;76997878-c21b-4394-8be8-49129cf9087b;NULL;-0.0414;-0.0053;-0.0290;0.8899;353.5942;2.7318;NULL;-0.4678;0.0332;2.0000;-0.4678;0.0332;2.0000;NULL;NULL;-0.0089;-0.4356;0.4814;45.8586;14.2377;195.0764;-0.0101;-0.4302;0.4766;45.8991;14.1117;194.9177;0;NULL;-0.0101;-0.4302;0.4766;45.8991;14.1117;194.9177;ControllerBody;NULL;NULL;NULL;NULL;3;2;0;1;0;0;-0.5000;0.0000;2.0000;-0.1281;-0.0186;0.4950;358.0756;347.2778;1.9038;-0.1278;-0.0202;0.4882;358.2648;347.1167;2.1181;0;NULL;-0.1278;-0.0202;0.4882;358.2648;347.1167;2.1181;ControllerBody;NULL;74331e22-d15e-49ae-974a-b7b2b1a343ae;NULL;NULL;54;2;NULL;-0.5000;0.0000;2.0000;Exposure;2.6915;2026-03-26 11:40:35.2733;Controllers;NULL;NULL;OpenXR
NULL;Right;NULL;55;Exposure;NULL;ControllerHoverConfirm;3;2;0;1;0;0;-0.5000;0.0000;2.0000;NULL;None;anonymous;NULL;Mole Hit;MoleEvent;24665;76997878-c21b-4394-8be8-49129cf9087b;NULL;-0.0414;-0.0053;-0.0290;0.8899;353.5942;2.7318;0.0462;-0.4678;0.0332;2.0000;-0.4678;0.0332;2.0000;NULL;1;-0.0089;-0.4356;0.4814;45.8586;14.2377;195.0764;-0.0101;-0.4302;0.4766;45.8991;14.1117;194.9177;0;NULL;-0.0101;-0.4302;0.4766;45.8991;14.1117;194.9177;ControllerBody;NULL;NULL;NULL;NULL;3;2;0;1;0;0;-0.5000;0.0000;2.0000;-0.1281;-0.0186;0.4950;358.0756;347.2778;1.9038;-0.1278;-0.0202;0.4882;358.2648;347.1167;2.1181;0;NULL;-0.1278;-0.0202;0.4882;358.2648;347.1167;2.1181;ControllerBody;NULL;74331e22-d15e-49ae-974a-b7b2b1a343ae;NULL;NULL;54;2;NULL;-0.5000;0.0000;2.0000;Exposure;0.0000;2026-03-26 11:40:35.2774;Controllers;NULL;NULL;OpenXR
NULL;Right;NULL;NULL;Exposure;NULL;ControllerHoverConfirm;2;1;0;0;0;0;0.5000;0.0000;2.0000;NULL;None;anonymous;NULL;Mole Spawned;MoleEvent;24665;76997878-c21b-4394-8be8-49129cf9087b;NULL;-0.0414;-0.0053;-0.0290;0.8899;353.5942;2.7318;NULL;NULL;NULL;NULL;NULL;NULL;NULL;NULL;NULL;-0.0089;-0.4356;0.4814;45.8586;14.2377;195.0764;-0.0101;-0.4302;0.4766;45.8991;14.1117;194.9177;0;NULL;-0.0101;-0.4302;0.4766;45.8991;14.1117;194.9177;ControllerBody;NULL;NULL;NULL;NULL;2;1;0;0;0;0;0.5000;0.0000;2.0000;-0.1281;-0.0186;0.4950;358.0756;347.2778;1.9038;-0.1278;-0.0202;0.4882;358.2648;347.1167;2.1181;0;NULL;-0.1278;-0.0202;0.4882;358.2648;347.1167;2.1181;ControllerBody;NULL;74331e22-d15e-49ae-974a-b7b2b1a343ae;NULL;NULL;NULL;1;NULL;0.5000;0.0000;2.0000;Exposure;0.0000;2026-03-26 11:40:35.2820;Controllers;NULL;NULL;OpenXR
NULL;Right;NULL;56;Exposure;NULL;ControllerHoverConfirm;2;1;0;0;0;0;0.5000;0.0000;2.0000;NULL;None;anonymous;NULL;Pointer Shoot;PointerEvent;24886;76997878-c21b-4394-8be8-49129cf9087b;NULL;-0.0437;-0.0028;-0.0263;359.3816;8.2907;4.3932;NULL;0.5115;0.0283;2.0000;0.5115;0.0283;2.0000;NULL;NULL;-0.0089;-0.4356;0.4815;45.8586;14.2377;195.0764;-0.0101;-0.4302;0.4766;45.8993;14.1119;194.9179;0;NULL;-0.0101;-0.4302;0.4766;45.8993;14.1119;194.9179;ControllerBody;NULL;NULL;NULL;NULL;2;1;0;0;0;0;0.5000;0.0000;2.0000;0.1296;-0.0142;0.5088;358.4197;14.3628;1.6392;0.1287;-0.0134;0.5026;358.3485;14.2761;1.5999;0;NULL;0.1287;-0.0134;0.5026;358.3485;14.2761;1.5999;ControllerBody;NULL;74331e22-d15e-49ae-974a-b7b2b1a343ae;NULL;NULL;55;1;NULL;0.5000;0.0000;2.0000;Exposure;2.6745;2026-03-26 11:40:37.9464;Controllers;NULL;NULL;OpenXR
NULL;Right;NULL;56;Exposure;NULL;ControllerHoverConfirm;2;1;0;0;0;0;0.5000;0.0000;2.0000;NULL;None;anonymous;NULL;Mole Hit;MoleEvent;24886;76997878-c21b-4394-8be8-49129cf9087b;NULL;-0.0437;-0.0028;-0.0263;359.3816;8.2907;4.3932;0.0305;0.5115;0.0283;2.0000;0.5115;0.0283;2.0000;NULL;1;-0.0089;-0.4356;0.4815;45.8586;14.2377;195.0764;-0.0101;-0.4302;0.4766;45.8993;14.1119;194.9179;0;NULL;-0.0101;-0.4302;0.4766;45.8993;14.1119;194.9179;ControllerBody;NULL;NULL;NULL;NULL;2;1;0;0;0;0;0.5000;0.0000;2.0000;0.1296;-0.0142;0.5088;358.4197;14.3628;1.6392;0.1287;-0.0134;0.5026;358.3485;14.2761;1.5999;0;NULL;0.1287;-0.0134;0.5026;358.3485;14.2761;1.5999;ControllerBody;NULL;74331e22-d15e-49ae-974a-b7b2b1a343ae;NULL;NULL;55;1;NULL;0.5000;0.0000;2.0000;Exposure;0.0000;2026-03-26 11:40:37.9491;Controllers;NULL;NULL;OpenXR
NULL;Right;NULL;NULL;Exposure;NULL;ControllerHoverConfirm;3;2;0;1;0;0;-0.5000;0.0000;2.0000;NULL;None;anonymous;NULL;Mole Spawned;MoleEvent;24886;76997878-c21b-4394-8be8-49129cf9087b;NULL;-0.0437;-0.0028;-0.0263;359.3816;8.2907;4.3932;NULL;NULL;NULL;NULL;NULL;NULL;NULL;NULL;NULL;-0.0089;-0.4356;0.4815;45.8586;14.2377;195.0764;-0.0101;-0.4302;0.4766;45.8993;14.1119;194.9179;0;NULL;-0.0101;-0.4302;0.4766;45.8993;14.1119;194.9179;ControllerBody;NULL;NULL;NULL;NULL;3;2;0;1;0;0;-0.5000;0.0000;2.0000;0.1296;-0.0142;0.5088;358.4197;14.3628;1.6392;0.1287;-0.0134;0.5026;358.3485;14.2761;1.5999;0;NULL;0.1287;-0.0134;0.5026;358.3485;14.2761;1.5999;ControllerBody;NULL;74331e22-d15e-49ae-974a-b7b2b1a343ae;NULL;NULL;NULL;2;NULL;-0.5000;0.0000;2.0000;Exposure;0.0000;2026-03-26 11:40:37.9539;Controllers;NULL;NULL;OpenXR
NULL;Right;NULL;57;Exposure;NULL;ControllerHoverConfirm;3;2;0;1;0;0;-0.5000;0.0000;2.0000;NULL;None;anonymous;NULL;Pointer Shoot;PointerEvent;25112;76997878-c21b-4394-8be8-49129cf9087b;NULL;-0.0407;-0.0043;-0.0307;359.6741;353.6443;1.4662;NULL;-0.4876;0.0069;2.0000;-0.4876;0.0069;2.0000;NULL;NULL;-0.0089;-0.4356;0.4815;45.8586;14.2377;195.0764;-0.0101;-0.4302;0.4766;45.8991;14.1117;194.9176;0;NULL;-0.0101;-0.4302;0.4766;45.8991;14.1117;194.9176;ControllerBody;NULL;NULL;NULL;NULL;3;2;0;1;0;0;-0.5000;0.0000;2.0000;-0.1264;-0.0202;0.4908;359.0001;346.5401;359.7198;-0.1254;-0.0186;0.4846;358.9259;346.2906;359.6284;0;NULL;-0.1254;-0.0186;0.4846;358.9259;346.2906;359.6284;ControllerBody;NULL;74331e22-d15e-49ae-974a-b7b2b1a343ae;NULL;NULL;56;2;NULL;-0.5000;0.0000;2.0000;Exposure;2.7735;2026-03-26 11:40:40.7193;Controllers;NULL;NULL;OpenXR
NULL;Right;NULL;57;Exposure;NULL;ControllerHoverConfirm;3;2;0;1;0;0;-0.5000;0.0000;2.0000;NULL;None;anonymous;NULL;Mole Hit;MoleEvent;25112;76997878-c21b-4394-8be8-49129cf9087b;NULL;-0.0407;-0.0043;-0.0307;359.6741;353.6443;1.4662;0.0142;-0.4876;0.0069;2.0000;-0.4876;0.0069;2.0000;NULL;1;-0.0089;-0.4356;0.4815;45.8586;14.2377;195.0764;-0.0101;-0.4302;0.4766;45.8991;14.1117;194.9176;0;NULL;-0.0101;-0.4302;0.4766;45.8991;14.1117;194.9176;ControllerBody;NULL;NULL;NULL;NULL;3;2;0;1;0;0;-0.5000;0.0000;2.0000;-0.1264;-0.0202;0.4908;359.0001;346.5401;359.7198;-0.1254;-0.0186;0.4846;358.9259;346.2906;359.6284;0;NULL;-0.1254;-0.0186;0.4846;358.9259;346.2906;359.6284;ControllerBody;NULL;74331e22-d15e-49ae-974a-b7b2b1a343ae;NULL;NULL;56;2;NULL;-0.5000;0.0000;2.0000;Exposure;0.0000;2026-03-26 11:40:40.7236;Controllers;NULL;NULL;OpenXR
NULL;Right;NULL;NULL;Exposure;NULL;ControllerHoverConfirm;2;1;0;0;0;0;0.5000;0.0000;2.0000;NULL;None;anonymous;NULL;Mole Spawned;MoleEvent;25112;76997878-c21b-4394-8be8-49129cf9087b;NULL;-0.0407;-0.0043;-0.0307;359.6741;353.6443;1.4662;NULL;NULL;NULL;NULL;NULL;NULL;NULL;NULL;NULL;-0.0089;-0.4356;0.4815;45.8586;14.2377;195.0764;-0.0101;-0.4302;0.4766;45.8991;14.1117;194.9176;0;NULL;-0.0101;-0.4302;0.4766;45.8991;14.1117;194.9176;ControllerBody;NULL;NULL;NULL;NULL;2;1;0;0;0;0;0.5000;0.0000;2.0000;-0.1264;-0.0202;0.4908;359.0001;346.5401;359.7198;-0.1254;-0.0186;0.4846;358.9259;346.2906;359.6284;0;NULL;-0.1254;-0.0186;0.4846;358.9259;346.2906;359.6284;ControllerBody;NULL;74331e22-d15e-49ae-974a-b7b2b1a343ae;NULL;NULL;NULL;1;NULL;0.5000;0.0000;2.0000;Exposure;0.0000;2026-03-26 11:40:40.7282;Controllers;NULL;NULL;OpenXR
NULL;Right;NULL;58;Exposure;NULL;ControllerHoverConfirm;2;1;0;0;0;0;0.5000;0.0000;2.0000;NULL;None;anonymous;NULL;Pointer Shoot;PointerEvent;25384;76997878-c21b-4394-8be8-49129cf9087b;NULL;-0.0487;-0.0024;-0.0320;358.5291;9.7649;5.4530;NULL;0.4830;0.0145;2.0000;0.4830;0.0145;2.0000;NULL;NULL;-0.0089;-0.4356;0.4815;45.8586;14.2377;195.0764;-0.0101;-0.4302;0.4766;45.8993;14.1115;194.9176;0;NULL;-0.0101;-0.4302;0.4766;45.8993;14.1115;194.9176;ControllerBody;NULL;NULL;NULL;NULL;2;1;0;0;0;0;0.5000;0.0000;2.0000;0.1262;-0.0151;0.5068;358.8961;13.4398;0.7188;0.1261;-0.0166;0.4999;359.0224;13.3743;0.6187;0;NULL;0.1261;-0.0166;0.4999;359.0224;13.3743;0.6187;ControllerBody;NULL;74331e22-d15e-49ae-974a-b7b2b1a343ae;NULL;NULL;57;1;NULL;0.5000;0.0000;2.0000;Exposure;2.7743;2026-03-26 11:40:43.4948;Controllers;NULL;NULL;OpenXR
NULL;Right;NULL;58;Exposure;NULL;ControllerHoverConfirm;2;1;0;0;0;0;0.5000;0.0000;2.0000;NULL;None;anonymous;NULL;Mole Hit;MoleEvent;25384;76997878-c21b-4394-8be8-49129cf9087b;NULL;-0.0487;-0.0024;-0.0320;358.5291;9.7649;5.4530;0.0223;0.4830;0.0145;2.0000;0.4830;0.0145;2.0000;NULL;1;-0.0089;-0.4356;0.4815;45.8586;14.2377;195.0764;-0.0101;-0.4302;0.4766;45.8993;14.1115;194.9176;0;NULL;-0.0101;-0.4302;0.4766;45.8993;14.1115;194.9176;ControllerBody;NULL;NULL;NULL;NULL;2;1;0;0;0;0;0.5000;0.0000;2.0000;0.1262;-0.0151;0.5068;358.8961;13.4398;0.7188;0.1261;-0.0166;0.4999;359.0224;13.3743;0.6187;0;NULL;0.1261;-0.0166;0.4999;359.0224;13.3743;0.6187;ControllerBody;NULL;74331e22-d15e-49ae-974a-b7b2b1a343ae;NULL;NULL;57;1;NULL;0.5000;0.0000;2.0000;Exposure;0.0000;2026-03-26 11:40:43.4979;Controllers;NULL;NULL;OpenXR
NULL;Right;NULL;NULL;Exposure;NULL;ControllerHoverConfirm;1;0;0;-1;0;0;0.0000;0.0000;2.0000;NULL;None;anonymous;NULL;Mole Spawned;MoleEvent;25384;76997878-c21b-4394-8be8-49129cf9087b;NULL;-0.0487;-0.0024;-0.0320;358.5291;9.7649;5.4530;NULL;NULL;NULL;NULL;NULL;NULL;NULL;NULL;NULL;-0.0089;-0.4356;0.4815;45.8586;14.2377;195.0764;-0.0101;-0.4302;0.4766;45.8993;14.1115;194.9176;0;NULL;-0.0101;-0.4302;0.4766;45.8993;14.1115;194.9176;ControllerBody;NULL;NULL;NULL;NULL;1;0;0;-1;0;0;0.0000;0.0000;2.0000;0.1262;-0.0151;0.5068;358.8961;13.4398;0.7188;0.1261;-0.0166;0.4999;359.0224;13.3743;0.6187;0;NULL;0.1261;-0.0166;0.4999;359.0224;13.3743;0.6187;ControllerBody;NULL;74331e22-d15e-49ae-974a-b7b2b1a343ae;NULL;NULL;NULL;0;NULL;0.0000;0.0000;2.0000;Exposure;0.0000;2026-03-26 11:40:43.5020;Controllers;NULL;NULL;OpenXR
NULL;Right;NULL;59;Exposure;NULL;ControllerHoverConfirm;1;0;0;-1;0;0;0.0000;0.0000;2.0000;NULL;None;anonymous;NULL;Pointer Shoot;PointerEvent;25629;76997878-c21b-4394-8be8-49129cf9087b;NULL;-0.0447;-0.0045;-0.0358;359.3825;2.3529;1.9603;NULL;0.0215;0.0118;2.0000;0.0215;0.0118;2.0000;NULL;NULL;-0.0089;-0.4356;0.4815;45.8586;14.2377;195.0764;-0.0101;-0.4302;0.4766;45.8992;14.1116;194.9177;0;NULL;-0.0101;-0.4302;0.4766;45.8992;14.1116;194.9177;ControllerBody;NULL;NULL;NULL;NULL;1;0;0;-1;0;0;0.0000;0.0000;2.0000;-0.0038;-0.0215;0.5121;358.7185;0.9746;1.3695;-0.0013;-0.0234;0.5047;358.8390;0.9559;1.1294;0;NULL;-0.0013;-0.0234;0.5047;358.8390;0.9559;1.1294;ControllerBody;NULL;74331e22-d15e-49ae-974a-b7b2b1a343ae;NULL;NULL;58;0;NULL;0.0000;0.0000;2.0000;Exposure;2.5179;2026-03-26 11:40:46.0123;Controllers;NULL;NULL;OpenXR
NULL;Right;NULL;59;Exposure;NULL;ControllerHoverConfirm;1;0;0;-1;0;0;0.0000;0.0000;2.0000;NULL;None;anonymous;NULL;Mole Hit;MoleEvent;25629;76997878-c21b-4394-8be8-49129cf9087b;NULL;-0.0447;-0.0045;-0.0358;359.3825;2.3529;1.9603;0.0245;0.0215;0.0118;2.0000;0.0215;0.0118;2.0000;NULL;1;-0.0089;-0.4356;0.4815;45.8586;14.2377;195.0764;-0.0101;-0.4302;0.4766;45.8992;14.1116;194.9177;0;NULL;-0.0101;-0.4302;0.4766;45.8992;14.1116;194.9177;ControllerBody;NULL;NULL;NULL;NULL;1;0;0;-1;0;0;0.0000;0.0000;2.0000;-0.0038;-0.0215;0.5121;358.7185;0.9746;1.3695;-0.0013;-0.0234;0.5047;358.8390;0.9559;1.1294;0;NULL;-0.0013;-0.0234;0.5047;358.8390;0.9559;1.1294;ControllerBody;NULL;74331e22-d15e-49ae-974a-b7b2b1a343ae;NULL;NULL;58;0;NULL;0.0000;0.0000;2.0000;Exposure;0.0000;2026-03-26 11:40:46.0159;Controllers;NULL;NULL;OpenXR
NULL;Right;NULL;NULL;Exposure;NULL;ControllerHoverConfirm;3;2;0;1;0;0;-0.5000;0.0000;2.0000;NULL;None;anonymous;NULL;Mole Spawned;MoleEvent;25629;76997878-c21b-4394-8be8-49129cf9087b;NULL;-0.0447;-0.0045;-0.0358;359.3825;2.3529;1.9603;NULL;NULL;NULL;NULL;NULL;NULL;NULL;NULL;NULL;-0.0089;-0.4356;0.4815;45.8586;14.2377;195.0764;-0.0101;-0.4302;0.4766;45.8992;14.1116;194.9177;0;NULL;-0.0101;-0.4302;0.4766;45.8992;14.1116;194.9177;ControllerBody;NULL;NULL;NULL;NULL;3;2;0;1;0;0;-0.5000;0.0000;2.0000;-0.0038;-0.0215;0.5121;358.7185;0.9746;1.3695;-0.0013;-0.0234;0.5047;358.8390;0.9559;1.1294;0;NULL;-0.0013;-0.0234;0.5047;358.8390;0.9559;1.1294;ControllerBody;NULL;74331e22-d15e-49ae-974a-b7b2b1a343ae;NULL;NULL;NULL;2;NULL;-0.5000;0.0000;2.0000;Exposure;0.0000;2026-03-26 11:40:46.0195;Controllers;NULL;NULL;OpenXR
NULL;Right;NULL;60;Exposure;NULL;ControllerHoverConfirm;3;2;0;1;0;0;-0.5000;0.0000;2.0000;NULL;None;anonymous;NULL;Pointer Shoot;PointerEvent;25865;76997878-c21b-4394-8be8-49129cf9087b;NULL;-0.0436;-0.0075;-0.0335;0.8457;352.6919;359.6219;NULL;-0.4929;0.0007;2.0000;-0.4929;0.0007;2.0000;NULL;NULL;-0.0089;-0.4356;0.4816;45.8586;14.2377;195.0764;-0.0101;-0.4302;0.4766;45.8991;14.1117;194.9177;0;NULL;-0.0101;-0.4302;0.4766;45.8991;14.1117;194.9177;ControllerBody;NULL;NULL;NULL;NULL;3;2;0;1;0;0;-0.5000;0.0000;2.0000;-0.1302;-0.0227;0.4884;359.1377;346.5091;0.4461;-0.1261;-0.0236;0.4832;359.4637;346.9723;0.5285;0;NULL;-0.1261;-0.0236;0.4832;359.4637;346.9723;0.5285;ControllerBody;NULL;74331e22-d15e-49ae-974a-b7b2b1a343ae;NULL;NULL;59;2;NULL;-0.5000;0.0000;2.0000;Exposure;2.5223;2026-03-26 11:40:48.5346;Controllers;NULL;NULL;OpenXR
NULL;Right;NULL;60;Exposure;NULL;ControllerHoverConfirm;3;2;0;1;0;0;-0.5000;0.0000;2.0000;NULL;None;anonymous;NULL;Mole Hit;MoleEvent;25865;76997878-c21b-4394-8be8-49129cf9087b;NULL;-0.0436;-0.0075;-0.0335;0.8457;352.6919;359.6219;0.0072;-0.4929;0.0007;2.0000;-0.4929;0.0007;2.0000;NULL;1;-0.0089;-0.4356;0.4816;45.8586;14.2377;195.0764;-0.0101;-0.4302;0.4766;45.8991;14.1117;194.9177;0;NULL;-0.0101;-0.4302;0.4766;45.8991;14.1117;194.9177;ControllerBody;NULL;NULL;NULL;NULL;3;2;0;1;0;0;-0.5000;0.0000;2.0000;-0.1302;-0.0227;0.4884;359.1377;346.5091;0.4461;-0.1261;-0.0236;0.4832;359.4637;346.9723;0.5285;0;NULL;-0.1261;-0.0236;0.4832;359.4637;346.9723;0.5285;ControllerBody;NULL;74331e22-d15e-49ae-974a-b7b2b1a343ae;NULL;NULL;59;2;NULL;-0.5000;0.0000;2.0000;Exposure;0.0000;2026-03-26 11:40:48.5390;Controllers;NULL;NULL;OpenXR
NULL;Right;NULL;60;Exposure;NULL;ControllerHoverConfirm;NULL;NULL;NULL;NULL;NULL;NULL;NULL;NULL;NULL;NULL;None;anonymous;NULL;Exposure Completed;BlockEvent;25865;76997878-c21b-4394-8be8-49129cf9087b;NULL;-0.0436;-0.0075;-0.0335;0.8457;352.6919;359.6219;NULL;NULL;NULL;NULL;NULL;NULL;NULL;NULL;NULL;-0.0089;-0.4356;0.4816;45.8586;14.2377;195.0764;-0.0101;-0.4302;0.4766;45.8991;14.1117;194.9177;0;NULL;-0.0101;-0.4302;0.4766;45.8991;14.1117;194.9177;ControllerBody;NULL;NULL;NULL;NULL;NULL;NULL;NULL;NULL;NULL;NULL;NULL;NULL;NULL;-0.1302;-0.0227;0.4884;359.1377;346.5091;0.4461;-0.1261;-0.0236;0.4832;359.4637;346.9723;0.5285;0;NULL;-0.1261;-0.0236;0.4832;359.4637;346.9723;0.5285;ControllerBody;NULL;74331e22-d15e-49ae-974a-b7b2b1a343ae;NULL;NULL;60;NULL;NULL;NULL;NULL;NULL;Exposure;0.0000;2026-03-26 11:40:48.5442;Controllers;NULL;NULL;OpenXR
NULL;Right;NULL;NULL;Post;NULL;ControllerHoverConfirm;NULL;NULL;NULL;NULL;NULL;NULL;NULL;NULL;NULL;NULL;None;anonymous;NULL;Block Started;BlockEvent;26037;76997878-c21b-4394-8be8-49129cf9087b;NULL;-0.0342;0.0003;-0.0260;358.0920;4.5083;0.6617;NULL;NULL;NULL;NULL;NULL;NULL;NULL;NULL;NULL;-0.0104;-0.4185;0.4599;45.8575;14.2363;195.0746;-0.0118;-0.4117;0.4530;45.7906;14.1108;194.9106;0;NULL;-0.0118;-0.4117;0.4530;45.7906;14.1108;194.9106;ControllerBody;NULL;NULL;NULL;NULL;NULL;NULL;NULL;NULL;NULL;NULL;NULL;NULL;NULL;0.0760;-0.2433;0.4824;355.6700;0.1792;1.0371;0.0776;-0.2478;0.4771;355.8951;0.6290;1.1226;0;NULL;0.0776;-0.2478;0.4771;355.8951;0.6290;1.1226;ControllerBody;NULL;74331e22-d15e-49ae-974a-b7b2b1a343ae;NULL;NULL;NULL;NULL;NULL;NULL;NULL;NULL;OpenLoop;2.0173;2026-03-26 11:40:50.5522;Controllers;NULL;NULL;OpenXR
NULL;Right;NULL;NULL;Post;NULL;ControllerHoverConfirm;NULL;NULL;NULL;NULL;NULL;NULL;NULL;NULL;NULL;NULL;None;anonymous;NULL;Trial Started;TaskEvent;26037;76997878-c21b-4394-8be8-49129cf9087b;NULL;-0.0342;0.0003;-0.0260;358.0920;4.5083;0.6617;NULL;NULL;NULL;NULL;NULL;NULL;NULL;NULL;NULL;-0.0104;-0.4185;0.4599;45.8575;14.2363;195.0746;-0.0118;-0.4117;0.4530;45.7906;14.1108;194.9106;0;NULL;-0.0118;-0.4117;0.4530;45.7906;14.1108;194.9106;ControllerBody;NULL;NULL;NULL;NULL;NULL;NULL;NULL;NULL;NULL;NULL;NULL;NULL;NULL;0.0760;-0.2433;0.4824;355.6700;0.1792;1.0371;0.0776;-0.2478;0.4771;355.8951;0.6290;1.1226;0;NULL;0.0776;-0.2478;0.4771;355.8951;0.6290;1.1226;ControllerBody;NULL;74331e22-d15e-49ae-974a-b7b2b1a343ae;NULL;NULL;NULL;NULL;0.0300;0.0000;0.0000;2.0000;OpenLoop;0.0000;2026-03-26 11:40:50.5558;Controllers;1;30;OpenXR
NULL;Right;NULL;NULL;Post;NULL;ControllerHoverConfirm;NULL;NULL;NULL;NULL;NULL;NULL;NULL;NULL;NULL;NULL;None;anonymous;NULL;Trial Accepted;TaskEvent;26281;76997878-c21b-4394-8be8-49129cf9087b;NULL;-0.0369;-0.0064;-0.0432;0.3548;1.5078;1.0254;NULL;NULL;NULL;NULL;-0.0095;0.0000;2.0000;NULL;NULL;-0.0105;-0.4177;0.4587;45.8575;14.2363;195.0746;-0.0118;-0.4119;0.4530;45.8146;14.1152;194.9151;0;NULL;-0.0118;-0.4119;0.4530;45.8146;14.1152;194.9151;ControllerBody;NULL;NULL;NULL;NULL;NULL;NULL;NULL;NULL;NULL;NULL;NULL;NULL;NULL;-0.0003;-0.0147;0.5130;359.0557;359.6468;0.0618;-0.0006;-0.0153;0.5068;359.2824;359.6445;0.0051;0;NULL;-0.0006;-0.0153;0.5068;359.2824;359.6445;0.0051;ControllerBody;NULL;74331e22-d15e-49ae-974a-b7b2b1a343ae;-0.9469;NULL;NULL;NULL;NULL;NULL;NULL;NULL;OpenLoop;2.6586;2026-03-26 11:40:53.2098;Controllers;1;30;OpenXR
NULL;Right;NULL;NULL;Post;NULL;ControllerHoverConfirm;NULL;NULL;NULL;NULL;NULL;NULL;NULL;NULL;NULL;NULL;None;anonymous;NULL;Trial Started;TaskEvent;26281;76997878-c21b-4394-8be8-49129cf9087b;NULL;-0.0369;-0.0064;-0.0432;0.3548;1.5078;1.0254;NULL;NULL;NULL;NULL;NULL;NULL;NULL;NULL;NULL;-0.0105;-0.4177;0.4587;45.8575;14.2363;195.0746;-0.0118;-0.4119;0.4530;45.8146;14.1152;194.9151;0;NULL;-0.0118;-0.4119;0.4530;45.8146;14.1152;194.9151;ControllerBody;NULL;NULL;NULL;NULL;NULL;NULL;NULL;NULL;NULL;NULL;NULL;NULL;NULL;-0.0003;-0.0147;0.5130;359.0557;359.6468;0.0618;-0.0006;-0.0153;0.5068;359.2824;359.6445;0.0051;0;NULL;-0.0006;-0.0153;0.5068;359.2824;359.6445;0.0051;ControllerBody;NULL;74331e22-d15e-49ae-974a-b7b2b1a343ae;NULL;NULL;NULL;NULL;0.0300;0.0000;0.0000;2.0000;OpenLoop;0.0000;2026-03-26 11:40:53.2141;Controllers;2;30;OpenXR
NULL;Right;NULL;NULL;Post;NULL;ControllerHoverConfirm;NULL;NULL;NULL;NULL;NULL;NULL;NULL;NULL;NULL;NULL;None;anonymous;NULL;Trial Accepted;TaskEvent;26577;76997878-c21b-4394-8be8-49129cf9087b;NULL;-0.0343;-0.0053;-0.0459;359.3022;1.8395;0.8168;NULL;NULL;NULL;NULL;0.0471;0.0000;2.0000;NULL;NULL;-0.0105;-0.4175;0.4584;45.8575;14.2363;195.0746;-0.0118;-0.4119;0.4530;45.8145;14.1151;194.9151;0;NULL;-0.0118;-0.4119;0.4530;45.8145;14.1151;194.9151;ControllerBody;NULL;NULL;NULL;NULL;NULL;NULL;NULL;NULL;NULL;NULL;NULL;NULL;NULL;0.0034;-0.0186;0.5143;0.2331;1.6830;359.8653;0.0042;-0.0187;0.5066;0.3684;1.4979;359.5745;0;NULL;0.0042;-0.0187;0.5066;0.3684;1.4979;359.5745;ControllerBody;NULL;74331e22-d15e-49ae-974a-b7b2b1a343ae;4.7088;NULL;NULL;NULL;NULL;NULL;NULL;NULL;OpenLoop;2.9227;2026-03-26 11:40:56.1320;Controllers;2;30;OpenXR
NULL;Right;NULL;NULL;Post;NULL;ControllerHoverConfirm;NULL;NULL;NULL;NULL;NULL;NULL;NULL;NULL;NULL;NULL;None;anonymous;NULL;Trial Started;TaskEvent;26577;76997878-c21b-4394-8be8-49129cf9087b;NULL;-0.0343;-0.0053;-0.0459;359.3022;1.8395;0.8168;NULL;NULL;NULL;NULL;NULL;NULL;NULL;NULL;NULL;-0.0105;-0.4175;0.4584;45.8575;14.2363;195.0746;-0.0118;-0.4119;0.4530;45.8145;14.1151;194.9151;0;NULL;-0.0118;-0.4119;0.4530;45.8145;14.1151;194.9151;ControllerBody;NULL;NULL;NULL;NULL;NULL;NULL;NULL;NULL;NULL;NULL;NULL;NULL;NULL;0.0034;-0.0186;0.5143;0.2331;1.6830;359.8653;0.0042;-0.0187;0.5066;0.3684;1.4979;359.5745;0;NULL;0.0042;-0.0187;0.5066;0.3684;1.4979;359.5745;ControllerBody;NULL;74331e22-d15e-49ae-974a-b7b2b1a343ae;NULL;NULL;NULL;NULL;0.0300;0.0000;0.0000;2.0000;OpenLoop;0.0000;2026-03-26 11:40:56.1356;Controllers;3;30;OpenXR
NULL;Right;NULL;NULL;Post;NULL;ControllerHoverConfirm;NULL;NULL;NULL;NULL;NULL;NULL;NULL;NULL;NULL;NULL;None;anonymous;NULL;Trial Accepted;TaskEvent;26890;76997878-c21b-4394-8be8-49129cf9087b;NULL;-0.0336;-0.0041;-0.0453;358.6045;1.2104;0.9889;NULL;NULL;NULL;NULL;0.0661;0.0000;2.0000;NULL;NULL;-0.0105;-0.4175;0.4583;45.8575;14.2363;195.0746;-0.0118;-0.4119;0.4530;45.8146;14.1151;194.9151;0;NULL;-0.0118;-0.4119;0.4530;45.8146;14.1151;194.9151;ControllerBody;NULL;NULL;NULL;NULL;NULL;NULL;NULL;NULL;NULL;NULL;NULL;NULL;NULL;0.0050;-0.0189;0.5154;0.5080;2.3539;1.4996;0.0060;-0.0196;0.5092;0.5392;2.5739;1.5742;0;NULL;0.0060;-0.0196;0.5092;0.5392;2.5739;1.5742;ControllerBody;NULL;74331e22-d15e-49ae-974a-b7b2b1a343ae;6.6054;NULL;NULL;NULL;NULL;NULL;NULL;NULL;OpenLoop;3.0743;2026-03-26 11:40:59.2071;Controllers;3;30;OpenXR
NULL;Right;NULL;NULL;Post;NULL;ControllerHoverConfirm;NULL;NULL;NULL;NULL;NULL;NULL;NULL;NULL;NULL;NULL;None;anonymous;NULL;Trial Started;TaskEvent;26890;76997878-c21b-4394-8be8-49129cf9087b;NULL;-0.0336;-0.0041;-0.0453;358.6045;1.2104;0.9889;NULL;NULL;NULL;NULL;NULL;NULL;NULL;NULL;NULL;-0.0105;-0.4175;0.4583;45.8575;14.2363;195.0746;-0.0118;-0.4119;0.4530;45.8146;14.1151;194.9151;0;NULL;-0.0118;-0.4119;0.4530;45.8146;14.1151;194.9151;ControllerBody;NULL;NULL;NULL;NULL;NULL;NULL;NULL;NULL;NULL;NULL;NULL;NULL;NULL;0.0050;-0.0189;0.5154;0.5080;2.3539;1.4996;0.0060;-0.0196;0.5092;0.5392;2.5739;1.5742;0;NULL;0.0060;-0.0196;0.5092;0.5392;2.5739;1.5742;ControllerBody;NULL;74331e22-d15e-49ae-974a-b7b2b1a343ae;NULL;NULL;NULL;NULL;0.0300;0.0000;0.0000;2.0000;OpenLoop;0.0000;2026-03-26 11:40:59.2102;Controllers;4;30;OpenXR
NULL;Right;NULL;NULL;Post;NULL;ControllerHoverConfirm;NULL;NULL;NULL;NULL;NULL;NULL;NULL;NULL;NULL;NULL;None;anonymous;NULL;Trial Accepted;TaskEvent;27169;76997878-c21b-4394-8be8-49129cf9087b;NULL;-0.0362;-0.0039;-0.0447;358.3508;0.4117;1.3618;NULL;NULL;NULL;NULL;0.0165;0.0000;2.0000;NULL;NULL;-0.0106;-0.4175;0.4584;45.8575;14.2363;195.0746;-0.0120;-0.4122;0.4539;45.8131;14.1129;194.9172;0;NULL;-0.0120;-0.4122;0.4539;45.8131;14.1129;194.9172;ControllerBody;NULL;NULL;NULL;NULL;NULL;NULL;NULL;NULL;NULL;NULL;NULL;NULL;NULL;0.0009;-0.0160;0.5135;0.1130;0.6040;0.1663;0.0027;-0.0170;0.5070;0.3646;0.8727;0.1173;0;NULL;0.0027;-0.0170;0.5070;0.3646;0.8727;0.1173;ControllerBody;NULL;74331e22-d15e-49ae-974a-b7b2b1a343ae;1.6535;NULL;NULL;NULL;NULL;NULL;NULL;NULL;OpenLoop;2.9491;2026-03-26 11:41:02.1558;Controllers;4;30;OpenXR
NULL;Right;NULL;NULL;Post;NULL;ControllerHoverConfirm;NULL;NULL;NULL;NULL;NULL;NULL;NULL;NULL;NULL;NULL;None;anonymous;NULL;Trial Started;TaskEvent;27169;76997878-c21b-4394-8be8-49129cf9087b;NULL;-0.0362;-0.0039;-0.0447;358.3508;0.4117;1.3618;NULL;NULL;NULL;NULL;NULL;NULL;NULL;NULL;NULL;-0.0106;-0.4175;0.4584;45.8575;14.2363;195.0746;-0.0120;-0.4122;0.4539;45.8131;14.1129;194.9172;0;NULL;-0.0120;-0.4122;0.4539;45.8131;14.1129;194.9172;ControllerBody;NULL;NULL;NULL;NULL;NULL;NULL;NULL;NULL;NULL;NULL;NULL;NULL;NULL;0.0009;-0.0160;0.5135;0.1130;0.6040;0.1663;0.0027;-0.0170;0.5070;0.3646;0.8727;0.1173;0;NULL;0.0027;-0.0170;0.5070;0.3646;0.8727;0.1173;ControllerBody;NULL;74331e22-d15e-49ae-974a-b7b2b1a343ae;NULL;NULL;NULL;NULL;0.0300;0.0000;0.0000;2.0000;OpenLoop;0.0000;2026-03-26 11:41:02.1594;Controllers;5;30;OpenXR
NULL;Right;NULL;NULL;Post;NULL;ControllerHoverConfirm;NULL;NULL;NULL;NULL;NULL;NULL;NULL;NULL;NULL;NULL;None;anonymous;NULL;Trial Accepted;TaskEvent;27470;76997878-c21b-4394-8be8-49129cf9087b;NULL;-0.0379;-0.0039;-0.0415;358.9370;1.5077;1.9903;NULL;NULL;NULL;NULL;0.0202;0.0000;2.0000;NULL;NULL;-0.0106;-0.4175;0.4586;45.8575;14.2363;195.0746;-0.0120;-0.4122;0.4539;45.8132;14.1130;194.9173;0;NULL;-0.0120;-0.4122;0.4539;45.8132;14.1130;194.9173;ControllerBody;NULL;NULL;NULL;NULL;NULL;NULL;NULL;NULL;NULL;NULL;NULL;NULL;NULL;0.0003;-0.0161;0.5142;0.9479;0.7700;0.2301;0.0004;-0.0176;0.5090;1.0679;0.9381;0.3654;0;NULL;0.0004;-0.0176;0.5090;1.0679;0.9381;0.3654;ControllerBody;NULL;74331e22-d15e-49ae-974a-b7b2b1a343ae;2.0239;NULL;NULL;NULL;NULL;NULL;NULL;NULL;OpenLoop;3.0404;2026-03-26 11:41:05.1964;Controllers;5;30;OpenXR
NULL;Right;NULL;NULL;Post;NULL;ControllerHoverConfirm;NULL;NULL;NULL;NULL;NULL;NULL;NULL;NULL;NULL;NULL;None;anonymous;NULL;Trial Started;TaskEvent;27470;76997878-c21b-4394-8be8-49129cf9087b;NULL;-0.0379;-0.0039;-0.0415;358.9370;1.5077;1.9903;NULL;NULL;NULL;NULL;NULL;NULL;NULL;NULL;NULL;-0.0106;-0.4175;0.4586;45.8575;14.2363;195.0746;-0.0120;-0.4122;0.4539;45.8132;14.1130;194.9173;0;NULL;-0.0120;-0.4122;0.4539;45.8132;14.1130;194.9173;ControllerBody;NULL;NULL;NULL;NULL;NULL;NULL;NULL;NULL;NULL;NULL;NULL;NULL;NULL;0.0003;-0.0161;0.5142;0.9479;0.7700;0.2301;0.0004;-0.0176;0.5090;1.0679;0.9381;0.3654;0;NULL;0.0004;-0.0176;0.5090;1.0679;0.9381;0.3654;ControllerBody;NULL;74331e22-d15e-49ae-974a-b7b2b1a343ae;NULL;NULL;NULL;NULL;0.0300;0.0000;0.0000;2.0000;OpenLoop;0.0000;2026-03-26 11:41:05.2006;Controllers;6;30;OpenXR
NULL;Right;NULL;NULL;Post;NULL;ControllerHoverConfirm;NULL;NULL;NULL;NULL;NULL;NULL;NULL;NULL;NULL;NULL;None;anonymous;NULL;Trial Accepted;TaskEvent;27771;76997878-c21b-4394-8be8-49129cf9087b;NULL;-0.0347;-0.0052;-0.0416;359.1485;1.9089;1.7300;NULL;NULL;NULL;NULL;0.0425;0.0000;2.0000;NULL;NULL;-0.0106;-0.4175;0.4587;45.8575;14.2363;195.0746;-0.0120;-0.4122;0.4539;45.8132;14.1130;194.9174;0;NULL;-0.0120;-0.4122;0.4539;45.8132;14.1130;194.9174;ControllerBody;NULL;NULL;NULL;NULL;NULL;NULL;NULL;NULL;NULL;NULL;NULL;NULL;NULL;0.0011;-0.0135;0.5129;359.2772;1.5973;0.0211;0.0030;-0.0138;0.5063;359.3223;1.7644;359.9473;0;NULL;0.0030;-0.0138;0.5063;359.3223;1.7644;359.9473;ControllerBody;NULL;74331e22-d15e-49ae-974a-b7b2b1a343ae;4.2532;NULL;NULL;NULL;NULL;NULL;NULL;NULL;OpenLoop;2.9997;2026-03-26 11:41:08.1962;Controllers;6;30;OpenXR
NULL;Right;NULL;NULL;Post;NULL;ControllerHoverConfirm;NULL;NULL;NULL;NULL;NULL;NULL;NULL;NULL;NULL;NULL;None;anonymous;NULL;Trial Started;TaskEvent;27771;76997878-c21b-4394-8be8-49129cf9087b;NULL;-0.0347;-0.0052;-0.0416;359.1485;1.9089;1.7300;NULL;NULL;NULL;NULL;NULL;NULL;NULL;NULL;NULL;-0.0106;-0.4175;0.4587;45.8575;14.2363;195.0746;-0.0120;-0.4122;0.4539;45.8132;14.1130;194.9174;0;NULL;-0.0120;-0.4122;0.4539;45.8132;14.1130;194.9174;ControllerBody;NULL;NULL;NULL;NULL;NULL;NULL;NULL;NULL;NULL;NULL;NULL;NULL;NULL;0.0011;-0.0135;0.5129;359.2772;1.5973;0.0211;0.0030;-0.0138;0.5063;359.3223;1.7644;359.9473;0;NULL;0.0030;-0.0138;0.5063;359.3223;1.7644;359.9473;ControllerBody;NULL;74331e22-d15e-49ae-974a-b7b2b1a343ae;NULL;NULL;NULL;NULL;0.0300;0.0000;0.0000;2.0000;OpenLoop;0.0000;2026-03-26 11:41:08.1993;Controllers;7;30;OpenXR
NULL;Right;NULL;NULL;Post;NULL;ControllerHoverConfirm;NULL;NULL;NULL;NULL;NULL;NULL;NULL;NULL;NULL;NULL;None;anonymous;NULL;Trial Accepted;TaskEvent;28087;76997878-c21b-4394-8be8-49129cf9087b;NULL;-0.0372;-0.0046;-0.0439;358.4173;2.2343;2.0526;NULL;NULL;NULL;NULL;0.0251;0.0000;2.0000;NULL;NULL;-0.0106;-0.4175;0.4587;45.8575;14.2363;195.0746;-0.0120;-0.4122;0.4539;45.8134;14.1131;194.9173;0;NULL;-0.0120;-0.4122;0.4539;45.8134;14.1131;194.9173;ControllerBody;NULL;NULL;NULL;NULL;NULL;NULL;NULL;NULL;NULL;NULL;NULL;NULL;NULL;-0.0011;-0.0166;0.5148;359.5204;1.0114;1.1355;0.0006;-0.0193;0.5086;359.5664;1.2051;1.2368;0;NULL;0.0006;-0.0193;0.5086;359.5664;1.2051;1.2368;ControllerBody;NULL;74331e22-d15e-49ae-974a-b7b2b1a343ae;2.5078;NULL;NULL;NULL;NULL;NULL;NULL;NULL;OpenLoop;3.1676;2026-03-26 11:41:11.3622;Controllers;7;30;OpenXR
NULL;Right;NULL;NULL;Post;NULL;ControllerHoverConfirm;NULL;NULL;NULL;NULL;NULL;NULL;NULL;NULL;NULL;NULL;None;anonymous;NULL;Trial Started;TaskEvent;28087;76997878-c21b-4394-8be8-49129cf9087b;NULL;-0.0372;-0.0046;-0.0439;358.4173;2.2343;2.0526;NULL;NULL;NULL;NULL;NULL;NULL;NULL;NULL;NULL;-0.0106;-0.4175;0.4587;45.8575;14.2363;195.0746;-0.0120;-0.4122;0.4539;45.8134;14.1131;194.9173;0;NULL;-0.0120;-0.4122;0.4539;45.8134;14.1131;194.9173;ControllerBody;NULL;NULL;NULL;NULL;NULL;NULL;NULL;NULL;NULL;NULL;NULL;NULL;NULL;-0.0011;-0.0166;0.5148;359.5204;1.0114;1.1355;0.0006;-0.0193;0.5086;359.5664;1.2051;1.2368;0;NULL;0.0006;-0.0193;0.5086;359.5664;1.2051;1.2368;ControllerBody;NULL;74331e22-d15e-49ae-974a-b7b2b1a343ae;NULL;NULL;NULL;NULL;0.0300;0.0000;0.0000;2.0000;OpenLoop;0.0000;2026-03-26 11:41:11.3668;Controllers;8;30;OpenXR
NULL;Right;NULL;NULL;Post;NULL;ControllerHoverConfirm;NULL;NULL;NULL;NULL;NULL;NULL;NULL;NULL;NULL;NULL;None;anonymous;NULL;Trial Accepted;TaskEvent;28382;76997878-c21b-4394-8be8-49129cf9087b;NULL;-0.0278;-0.0043;-0.0431;358.5652;4.1093;0.3258;NULL;NULL;NULL;NULL;0.0349;0.0000;2.0000;NULL;NULL;-0.0107;-0.4175;0.4588;45.8575;14.2363;195.0746;-0.0120;-0.4122;0.4539;45.8131;14.1129;194.9173;0;NULL;-0.0120;-0.4122;0.4539;45.8131;14.1129;194.9173;ControllerBody;NULL;NULL;NULL;NULL;NULL;NULL;NULL;NULL;NULL;NULL;NULL;NULL;NULL;0.0041;-0.0260;0.5202;359.8650;1.1942;0.6299;0.0051;-0.0291;0.5143;0.1836;1.1774;0.3842;0;NULL;0.0051;-0.0291;0.5143;0.1836;1.1774;0.3842;ControllerBody;NULL;74331e22-d15e-49ae-974a-b7b2b1a343ae;3.4900;NULL;NULL;NULL;NULL;NULL;NULL;NULL;OpenLoop;3.1391;2026-03-26 11:41:14.5020;Controllers;8;30;OpenXR
NULL;Right;NULL;NULL;Post;NULL;ControllerHoverConfirm;NULL;NULL;NULL;NULL;NULL;NULL;NULL;NULL;NULL;NULL;None;anonymous;NULL;Trial Started;TaskEvent;28382;76997878-c21b-4394-8be8-49129cf9087b;NULL;-0.0278;-0.0043;-0.0431;358.5652;4.1093;0.3258;NULL;NULL;NULL;NULL;NULL;NULL;NULL;NULL;NULL;-0.0107;-0.4175;0.4588;45.8575;14.2363;195.0746;-0.0120;-0.4122;0.4539;45.8131;14.1129;194.9173;0;NULL;-0.0120;-0.4122;0.4539;45.8131;14.1129;194.9173;ControllerBody;NULL;NULL;NULL;NULL;NULL;NULL;NULL;NULL;NULL;NULL;NULL;NULL;NULL;0.0041;-0.0260;0.5202;359.8650;1.1942;0.6299;0.0051;-0.0291;0.5143;0.1836;1.1774;0.3842;0;NULL;0.0051;-0.0291;0.5143;0.1836;1.1774;0.3842;ControllerBody;NULL;74331e22-d15e-49ae-974a-b7b2b1a343ae;NULL;NULL;NULL;NULL;0.0300;0.0000;0.0000;2.0000;OpenLoop;0.0000;2026-03-26 11:41:14.5056;Controllers;9;30;OpenXR
NULL;Right;NULL;NULL;Post;NULL;ControllerHoverConfirm;NULL;NULL;NULL;NULL;NULL;NULL;NULL;NULL;NULL;NULL;None;anonymous;NULL;Trial Accepted;TaskEvent;28666;76997878-c21b-4394-8be8-49129cf9087b;NULL;-0.0278;-0.0058;-0.0423;359.0768;3.6880;0.3261;NULL;NULL;NULL;NULL;0.0339;0.0000;2.0000;NULL;NULL;-0.0107;-0.4175;0.4588;45.8575;14.2363;195.0746;-0.0120;-0.4122;0.4539;45.8132;14.1132;194.9175;0;NULL;-0.0120;-0.4122;0.4539;45.8132;14.1132;194.9175;ControllerBody;NULL;NULL;NULL;NULL;NULL;NULL;NULL;NULL;NULL;NULL;NULL;NULL;NULL;0.0070;-0.0161;0.5150;0.4321;1.0363;1.1357;0.0077;-0.0162;0.5090;0.4888;0.9835;0.9053;0;NULL;0.0077;-0.0162;0.5090;0.4888;0.9835;0.9053;ControllerBody;NULL;74331e22-d15e-49ae-974a-b7b2b1a343ae;3.3851;NULL;NULL;NULL;NULL;NULL;NULL;NULL;OpenLoop;2.9492;2026-03-26 11:41:17.4521;Controllers;9;30;OpenXR
NULL;Right;NULL;NULL;Post;NULL;ControllerHoverConfirm;NULL;NULL;NULL;NULL;NULL;NULL;NULL;NULL;NULL;NULL;None;anonymous;NULL;Trial Started;TaskEvent;28666;76997878-c21b-4394-8be8-49129cf9087b;NULL;-0.0278;-0.0058;-0.0423;359.0768;3.6880;0.3261;NULL;NULL;NULL;NULL;NULL;NULL;NULL;NULL;NULL;-0.0107;-0.4175;0.4588;45.8575;14.2363;195.0746;-0.0120;-0.4122;0.4539;45.8132;14.1132;194.9175;0;NULL;-0.0120;-0.4122;0.4539;45.8132;14.1132;194.9175;ControllerBody;NULL;NULL;NULL;NULL;NULL;NULL;NULL;NULL;NULL;NULL;NULL;NULL;NULL;0.0070;-0.0161;0.5150;0.4321;1.0363;1.1357;0.0077;-0.0162;0.5090;0.4888;0.9835;0.9053;0;NULL;0.0077;-0.0162;0.5090;0.4888;0.9835;0.9053;ControllerBody;NULL;74331e22-d15e-49ae-974a-b7b2b1a343ae;NULL;NULL;NULL;NULL;0.0300;0.0000;0.0000;2.0000;OpenLoop;0.0000;2026-03-26 11:41:17.4547;Controllers;10;30;OpenXR
NULL;Right;NULL;NULL;Post;NULL;ControllerHoverConfirm;NULL;NULL;NULL;NULL;NULL;NULL;NULL;NULL;NULL;NULL;None;anonymous;NULL;Trial Accepted;TaskEvent;28956;76997878-c21b-4394-8be8-49129cf9087b;NULL;-0.0273;-0.0041;-0.0387;358.3677;3.4571;0.7523;NULL;NULL;NULL;NULL;0.0203;0.0000;2.0000;NULL;NULL;-0.0107;-0.4175;0.4588;45.8575;14.2363;195.0746;-0.0120;-0.4122;0.4539;45.8132;14.1128;194.9172;0;NULL;-0.0120;-0.4122;0.4539;45.8132;14.1128;194.9172;ControllerBody;NULL;NULL;NULL;NULL;NULL;NULL;NULL;NULL;NULL;NULL;NULL;NULL;NULL;0.0078;-0.0134;0.5207;0.5211;0.4864;1.3076;0.0080;-0.0128;0.5162;0.3717;0.6756;1.3054;0;NULL;0.0080;-0.0128;0.5162;0.3717;0.6756;1.3054;ControllerBody;NULL;74331e22-d15e-49ae-974a-b7b2b1a343ae;2.0332;NULL;NULL;NULL;NULL;NULL;NULL;NULL;OpenLoop;3.0512;2026-03-26 11:41:20.8424;Controllers;10;30;OpenXR
NULL;Right;NULL;NULL;Post;NULL;ControllerHoverConfirm;NULL;NULL;NULL;NULL;NULL;NULL;NULL;NULL;NULL;NULL;None;anonymous;NULL;Trial Started;TaskEvent;28956;76997878-c21b-4394-8be8-49129cf9087b;NULL;-0.0273;-0.0041;-0.0387;358.3677;3.4571;0.7523;NULL;NULL;NULL;NULL;NULL;NULL;NULL;NULL;NULL;-0.0107;-0.4175;0.4588;45.8575;14.2363;195.0746;-0.0120;-0.4122;0.4539;45.8132;14.1128;194.9172;0;NULL;-0.0120;-0.4122;0.4539;45.8132;14.1128;194.9172;ControllerBody;NULL;NULL;NULL;NULL;NULL;NULL;NULL;NULL;NULL;NULL;NULL;NULL;NULL;0.0078;-0.0134;0.5207;0.5211;0.4864;1.3076;0.0080;-0.0128;0.5162;0.3717;0.6756;1.3054;0;NULL;0.0080;-0.0128;0.5162;0.3717;0.6756;1.3054;ControllerBody;NULL;74331e22-d15e-49ae-974a-b7b2b1a343ae;NULL;NULL;NULL;NULL;0.0300;0.0000;0.0000;2.0000;OpenLoop;0.0000;2026-03-26 11:41:20.8455;Controllers;11;30;OpenXR
NULL;Right;NULL;NULL;Post;NULL;ControllerHoverConfirm;NULL;NULL;NULL;NULL;NULL;NULL;NULL;NULL;NULL;NULL;None;anonymous;NULL;Trial Accepted;TaskEvent;29251;76997878-c21b-4394-8be8-49129cf9087b;NULL;-0.0236;-0.0056;-0.0422;358.8225;4.1131;359.8972;NULL;NULL;NULL;NULL;0.0211;0.0000;2.0000;NULL;NULL;-0.0107;-0.4175;0.4588;45.8575;14.2363;195.0746;-0.0120;-0.4122;0.4539;45.8132;14.1130;194.9173;0;NULL;-0.0120;-0.4122;0.4539;45.8132;14.1130;194.9173;ControllerBody;NULL;NULL;NULL;NULL;NULL;NULL;NULL;NULL;NULL;NULL;NULL;NULL;NULL;0.0100;-0.0182;0.5122;0.4342;0.4274;0.6974;0.0115;-0.0174;0.5057;0.3054;0.7864;0.8172;0;NULL;0.0115;-0.0174;0.5057;0.3054;0.7864;0.8172;ControllerBody;NULL;74331e22-d15e-49ae-974a-b7b2b1a343ae;2.1061;NULL;NULL;NULL;NULL;NULL;NULL;NULL;OpenLoop;2.9924;2026-03-26 11:41:23.8367;Controllers;11;30;OpenXR
NULL;Right;NULL;NULL;Post;NULL;ControllerHoverConfirm;NULL;NULL;NULL;NULL;NULL;NULL;NULL;NULL;NULL;NULL;None;anonymous;NULL;Trial Started;TaskEvent;29251;76997878-c21b-4394-8be8-49129cf9087b;NULL;-0.0236;-0.0056;-0.0422;358.8225;4.1131;359.8972;NULL;NULL;NULL;NULL;NULL;NULL;NULL;NULL;NULL;-0.0107;-0.4175;0.4588;45.8575;14.2363;195.0746;-0.0120;-0.4122;0.4539;45.8132;14.1130;194.9173;0;NULL;-0.0120;-0.4122;0.4539;45.8132;14.1130;194.9173;ControllerBody;NULL;NULL;NULL;NULL;NULL;NULL;NULL;NULL;NULL;NULL;NULL;NULL;NULL;0.0100;-0.0182;0.5122;0.4342;0.4274;0.6974;0.0115;-0.0174;0.5057;0.3054;0.7864;0.8172;0;NULL;0.0115;-0.0174;0.5057;0.3054;0.7864;0.8172;ControllerBody;NULL;74331e22-d15e-49ae-974a-b7b2b1a343ae;NULL;NULL;NULL;NULL;0.0300;0.0000;0.0000;2.0000;OpenLoop;0.0000;2026-03-26 11:41:23.8399;Controllers;12;30;OpenXR
NULL;Right;NULL;NULL;Post;NULL;ControllerHoverConfirm;NULL;NULL;NULL;NULL;NULL;NULL;NULL;NULL;NULL;NULL;None;anonymous;NULL;Trial Accepted;TaskEvent;29520;76997878-c21b-4394-8be8-49129cf9087b;NULL;-0.0276;-0.0060;-0.0443;358.8691;3.3709;0.5681;NULL;NULL;NULL;NULL;0.0303;0.0000;2.0000;NULL;NULL;-0.0107;-0.4175;0.4588;45.8575;14.2363;195.0746;-0.0120;-0.4122;0.4539;45.8132;14.1130;194.9173;0;NULL;-0.0120;-0.4122;0.4539;45.8132;14.1130;194.9173;ControllerBody;NULL;NULL;NULL;NULL;NULL;NULL;NULL;NULL;NULL;NULL;NULL;NULL;NULL;0.0065;-0.0160;0.5145;0.3472;0.9167;1.2241;0.0088;-0.0140;0.5072;0.1861;1.0260;1.1449;0;NULL;0.0088;-0.0140;0.5072;0.1861;1.0260;1.1449;ControllerBody;NULL;74331e22-d15e-49ae-974a-b7b2b1a343ae;3.0303;NULL;NULL;NULL;NULL;NULL;NULL;NULL;OpenLoop;2.9639;2026-03-26 11:41:26.7999;Controllers;12;30;OpenXR
NULL;Right;NULL;NULL;Post;NULL;ControllerHoverConfirm;NULL;NULL;NULL;NULL;NULL;NULL;NULL;NULL;NULL;NULL;None;anonymous;NULL;Trial Started;TaskEvent;29520;76997878-c21b-4394-8be8-49129cf9087b;NULL;-0.0276;-0.0060;-0.0443;358.8691;3.3709;0.5681;NULL;NULL;NULL;NULL;NULL;NULL;NULL;NULL;NULL;-0.0107;-0.4175;0.4588;45.8575;14.2363;195.0746;-0.0120;-0.4122;0.4539;45.8132;14.1130;194.9173;0;NULL;-0.0120;-0.4122;0.4539;45.8132;14.1130;194.9173;ControllerBody;NULL;NULL;NULL;NULL;NULL;NULL;NULL;NULL;NULL;NULL;NULL;NULL;NULL;0.0065;-0.0160;0.5145;0.3472;0.9167;1.2241;0.0088;-0.0140;0.5072;0.1861;1.0260;1.1449;0;NULL;0.0088;-0.0140;0.5072;0.1861;1.0260;1.1449;ControllerBody;NULL;74331e22-d15e-49ae-974a-b7b2b1a343ae;NULL;NULL;NULL;NULL;0.0300;0.0000;0.0000;2.0000;OpenLoop;0.0000;2026-03-26 11:41:26.8021;Controllers;13;30;OpenXR
NULL;Right;NULL;NULL;Post;NULL;ControllerHoverConfirm;NULL;NULL;NULL;NULL;NULL;NULL;NULL;NULL;NULL;NULL;None;anonymous;NULL;Trial Accepted;TaskEvent;29845;76997878-c21b-4394-8be8-49129cf9087b;NULL;-0.0283;-0.0067;-0.0385;359.6128;3.1267;0.7033;NULL;NULL;NULL;NULL;0.0464;0.0000;2.0000;NULL;NULL;-0.0107;-0.4175;0.4588;45.8575;14.2363;195.0746;-0.0120;-0.4122;0.4539;45.8133;14.1130;194.9173;0;NULL;-0.0120;-0.4122;0.4539;45.8133;14.1130;194.9173;ControllerBody;NULL;NULL;NULL;NULL;NULL;NULL;NULL;NULL;NULL;NULL;NULL;NULL;NULL;0.0065;-0.0223;0.5097;2.4424;1.5335;2.5738;0.0096;-0.0215;0.5031;2.4048;2.2147;2.8192;0;NULL;0.0096;-0.0215;0.5031;2.4048;2.2147;2.8192;ControllerBody;NULL;74331e22-d15e-49ae-974a-b7b2b1a343ae;4.6381;NULL;NULL;NULL;NULL;NULL;NULL;NULL;OpenLoop;3.2496;2026-03-26 11:41:30.0495;Controllers;13;30;OpenXR
NULL;Right;NULL;NULL;Post;NULL;ControllerHoverConfirm;NULL;NULL;NULL;NULL;NULL;NULL;NULL;NULL;NULL;NULL;None;anonymous;NULL;Trial Started;TaskEvent;29845;76997878-c21b-4394-8be8-49129cf9087b;NULL;-0.0283;-0.0067;-0.0385;359.6128;3.1267;0.7033;NULL;NULL;NULL;NULL;NULL;NULL;NULL;NULL;NULL;-0.0107;-0.4175;0.4588;45.8575;14.2363;195.0746;-0.0120;-0.4122;0.4539;45.8133;14.1130;194.9173;0;NULL;-0.0120;-0.4122;0.4539;45.8133;14.1130;194.9173;ControllerBody;NULL;NULL;NULL;NULL;NULL;NULL;NULL;NULL;NULL;NULL;NULL;NULL;NULL;0.0065;-0.0223;0.5097;2.4424;1.5335;2.5738;0.0096;-0.0215;0.5031;2.4048;2.2147;2.8192;0;NULL;0.0096;-0.0215;0.5031;2.4048;2.2147;2.8192;ControllerBody;NULL;74331e22-d15e-49ae-974a-b7b2b1a343ae;NULL;NULL;NULL;NULL;0.0300;0.0000;0.0000;2.0000;OpenLoop;0.0000;2026-03-26 11:41:30.0537;Controllers;14;30;OpenXR
NULL;Right;NULL;NULL;Post;NULL;ControllerHoverConfirm;NULL;NULL;NULL;NULL;NULL;NULL;NULL;NULL;NULL;NULL;None;anonymous;NULL;Trial Accepted;TaskEvent;30148;76997878-c21b-4394-8be8-49129cf9087b;NULL;-0.0240;-0.0072;-0.0431;0.1345;4.0307;0.4232;NULL;NULL;NULL;NULL;0.0748;0.0000;2.0000;NULL;NULL;-0.0106;-0.4176;0.4590;45.8575;14.2363;195.0746;-0.0116;-0.4124;0.4545;45.8070;14.1197;194.9214;0;NULL;-0.0116;-0.4124;0.4545;45.8070;14.1197;194.9214;ControllerBody;NULL;NULL;NULL;NULL;NULL;NULL;NULL;NULL;NULL;NULL;NULL;NULL;NULL;0.0084;-0.0212;0.5081;2.4449;2.5481;0.1425;0.0109;-0.0198;0.5018;2.6326;2.3243;359.6020;0;NULL;0.0109;-0.0198;0.5018;2.6326;2.3243;359.6020;ControllerBody;NULL;74331e22-d15e-49ae-974a-b7b2b1a343ae;7.4800;NULL;NULL;NULL;NULL;NULL;NULL;NULL;OpenLoop;3.1236;2026-03-26 11:41:33.1729;Controllers;14;30;OpenXR
NULL;Right;NULL;NULL;Post;NULL;ControllerHoverConfirm;NULL;NULL;NULL;NULL;NULL;NULL;NULL;NULL;NULL;NULL;None;anonymous;NULL;Trial Started;TaskEvent;30148;76997878-c21b-4394-8be8-49129cf9087b;NULL;-0.0240;-0.0072;-0.0431;0.1345;4.0307;0.4232;NULL;NULL;NULL;NULL;NULL;NULL;NULL;NULL;NULL;-0.0106;-0.4176;0.4590;45.8575;14.2363;195.0746;-0.0116;-0.4124;0.4545;45.8070;14.1197;194.9214;0;NULL;-0.0116;-0.4124;0.4545;45.8070;14.1197;194.9214;ControllerBody;NULL;NULL;NULL;NULL;NULL;NULL;NULL;NULL;NULL;NULL;NULL;NULL;NULL;0.0084;-0.0212;0.5081;2.4449;2.5481;0.1425;0.0109;-0.0198;0.5018;2.6326;2.3243;359.6020;0;NULL;0.0109;-0.0198;0.5018;2.6326;2.3243;359.6020;ControllerBody;NULL;74331e22-d15e-49ae-974a-b7b2b1a343ae;NULL;NULL;NULL;NULL;0.0300;0.0000;0.0000;2.0000;OpenLoop;0.0000;2026-03-26 11:41:33.1765;Controllers;15;30;OpenXR
NULL;Right;NULL;NULL;Post;NULL;ControllerHoverConfirm;NULL;NULL;NULL;NULL;NULL;NULL;NULL;NULL;NULL;NULL;None;anonymous;NULL;Trial Accepted;TaskEvent;30412;76997878-c21b-4394-8be8-49129cf9087b;NULL;-0.0252;-0.0062;-0.0437;359.3926;4.3650;0.5424;NULL;NULL;NULL;NULL;0.0497;0.0000;2.0000;NULL;NULL;-0.0105;-0.4177;0.4592;45.8575;14.2363;195.0746;-0.0116;-0.4124;0.4545;45.8071;14.1197;194.9216;0;NULL;-0.0116;-0.4124;0.4545;45.8071;14.1197;194.9216;ControllerBody;NULL;NULL;NULL;NULL;NULL;NULL;NULL;NULL;NULL;NULL;NULL;NULL;NULL;0.0093;-0.0164;0.5073;2.0915;1.5481;359.6771;0.0107;-0.0167;0.5012;2.4211;1.7012;359.6857;0;NULL;0.0107;-0.0167;0.5012;2.4211;1.7012;359.6857;ControllerBody;NULL;74331e22-d15e-49ae-974a-b7b2b1a343ae;4.9656;NULL;NULL;NULL;NULL;NULL;NULL;NULL;OpenLoop;2.8913;2026-03-26 11:41:36.0643;Controllers;15;30;OpenXR
NULL;Right;NULL;NULL;Post;NULL;ControllerHoverConfirm;NULL;NULL;NULL;NULL;NULL;NULL;NULL;NULL;NULL;NULL;None;anonymous;NULL;Trial Started;TaskEvent;30412;76997878-c21b-4394-8be8-49129cf9087b;NULL;-0.0252;-0.0062;-0.0437;359.3926;4.3650;0.5424;NULL;NULL;NULL;NULL;NULL;NULL;NULL;NULL;NULL;-0.0105;-0.4177;0.4592;45.8575;14.2363;195.0746;-0.0116;-0.4124;0.4545;45.8071;14.1197;194.9216;0;NULL;-0.0116;-0.4124;0.4545;45.8071;14.1197;194.9216;ControllerBody;NULL;NULL;NULL;NULL;NULL;NULL;NULL;NULL;NULL;NULL;NULL;NULL;NULL;0.0093;-0.0164;0.5073;2.0915;1.5481;359.6771;0.0107;-0.0167;0.5012;2.4211;1.7012;359.6857;0;NULL;0.0107;-0.0167;0.5012;2.4211;1.7012;359.6857;ControllerBody;NULL;74331e22-d15e-49ae-974a-b7b2b1a343ae;NULL;NULL;NULL;NULL;0.0300;0.0000;0.0000;2.0000;OpenLoop;0.0000;2026-03-26 11:41:36.0689;Controllers;16;30;OpenXR
NULL;Right;NULL;NULL;Post;NULL;ControllerHoverConfirm;NULL;NULL;NULL;NULL;NULL;NULL;NULL;NULL;NULL;NULL;None;anonymous;NULL;Trial Accepted;TaskEvent;30666;76997878-c21b-4394-8be8-49129cf9087b;NULL;-0.0351;-0.0071;-0.0387;359.7550;2.7346;1.5566;NULL;NULL;NULL;NULL;0.0698;0.0000;2.0000;NULL;NULL;-0.0104;-0.4177;0.4593;45.8575;14.2363;195.0746;-0.0113;-0.4126;0.4543;45.8181;14.1111;194.9135;0;NULL;-0.0113;-0.4126;0.4543;45.8181;14.1111;194.9135;ControllerBody;NULL;NULL;NULL;NULL;NULL;NULL;NULL;NULL;NULL;NULL;NULL;NULL;NULL;0.0018;-0.0232;0.5080;3.6703;2.6111;0.4909;0.0047;-0.0238;0.4998;3.8713;2.6335;0.8476;0;NULL;0.0047;-0.0238;0.4998;3.8713;2.6335;0.8476;ControllerBody;NULL;74331e22-d15e-49ae-974a-b7b2b1a343ae;6.9820;NULL;NULL;NULL;NULL;NULL;NULL;NULL;OpenLoop;3.0982;2026-03-26 11:41:39.1793;Controllers;16;30;OpenXR
NULL;Right;NULL;NULL;Post;NULL;ControllerHoverConfirm;NULL;NULL;NULL;NULL;NULL;NULL;NULL;NULL;NULL;NULL;None;anonymous;NULL;Trial Started;TaskEvent;30666;76997878-c21b-4394-8be8-49129cf9087b;NULL;-0.0351;-0.0071;-0.0387;359.7550;2.7346;1.5566;NULL;NULL;NULL;NULL;NULL;NULL;NULL;NULL;NULL;-0.0104;-0.4177;0.4593;45.8575;14.2363;195.0746;-0.0113;-0.4126;0.4543;45.8181;14.1111;194.9135;0;NULL;-0.0113;-0.4126;0.4543;45.8181;14.1111;194.9135;ControllerBody;NULL;NULL;NULL;NULL;NULL;NULL;NULL;NULL;NULL;NULL;NULL;NULL;NULL;0.0018;-0.0232;0.5080;3.6703;2.6111;0.4909;0.0047;-0.0238;0.4998;3.8713;2.6335;0.8476;0;NULL;0.0047;-0.0238;0.4998;3.8713;2.6335;0.8476;ControllerBody;NULL;74331e22-d15e-49ae-974a-b7b2b1a343ae;NULL;NULL;NULL;NULL;0.0300;0.0000;0.0000;2.0000;OpenLoop;0.0000;2026-03-26 11:41:39.1824;Controllers;17;30;OpenXR
NULL;Right;NULL;NULL;Post;NULL;ControllerHoverConfirm;NULL;NULL;NULL;NULL;NULL;NULL;NULL;NULL;NULL;NULL;None;anonymous;NULL;Trial Accepted;TaskEvent;31083;76997878-c21b-4394-8be8-49129cf9087b;NULL;-0.0340;-0.0059;-0.0395;359.3630;3.2322;1.7769;NULL;NULL;NULL;NULL;0.0193;0.0000;2.0000;NULL;NULL;-0.0102;-0.4178;0.4593;45.8575;14.2363;195.0746;-0.0113;-0.4126;0.4543;45.8181;14.1111;194.9136;0;NULL;-0.0113;-0.4126;0.4543;45.8181;14.1111;194.9136;ControllerBody;NULL;NULL;NULL;NULL;NULL;NULL;NULL;NULL;NULL;NULL;NULL;NULL;NULL;0.0047;-0.0208;0.5094;359.2363;0.5606;358.7123;0.0045;-0.0215;0.5016;359.2031;0.4926;359.0267;0;NULL;0.0045;-0.0215;0.5016;359.2031;0.4926;359.0267;ControllerBody;NULL;74331e22-d15e-49ae-974a-b7b2b1a343ae;1.9290;NULL;NULL;NULL;NULL;NULL;NULL;NULL;OpenLoop;4.2650;2026-03-26 11:41:43.4441;Controllers;17;30;OpenXR
NULL;Right;NULL;NULL;Post;NULL;ControllerHoverConfirm;NULL;NULL;NULL;NULL;NULL;NULL;NULL;NULL;NULL;NULL;None;anonymous;NULL;Trial Started;TaskEvent;31083;76997878-c21b-4394-8be8-49129cf9087b;NULL;-0.0340;-0.0059;-0.0395;359.3630;3.2322;1.7769;NULL;NULL;NULL;NULL;NULL;NULL;NULL;NULL;NULL;-0.0102;-0.4178;0.4593;45.8575;14.2363;195.0746;-0.0113;-0.4126;0.4543;45.8181;14.1111;194.9136;0;NULL;-0.0113;-0.4126;0.4543;45.8181;14.1111;194.9136;ControllerBody;NULL;NULL;NULL;NULL;NULL;NULL;NULL;NULL;NULL;NULL;NULL;NULL;NULL;0.0047;-0.0208;0.5094;359.2363;0.5606;358.7123;0.0045;-0.0215;0.5016;359.2031;0.4926;359.0267;0;NULL;0.0045;-0.0215;0.5016;359.2031;0.4926;359.0267;ControllerBody;NULL;74331e22-d15e-49ae-974a-b7b2b1a343ae;NULL;NULL;NULL;NULL;0.0300;0.0000;0.0000;2.0000;OpenLoop;0.0000;2026-03-26 11:41:43.4472;Controllers;18;30;OpenXR
NULL;Right;NULL;NULL;Post;NULL;ControllerHoverConfirm;NULL;NULL;NULL;NULL;NULL;NULL;NULL;NULL;NULL;NULL;None;anonymous;NULL;Trial Accepted;TaskEvent;31487;76997878-c21b-4394-8be8-49129cf9087b;NULL;-0.0377;-0.0070;-0.0392;359.8800;2.1324;2.1333;NULL;NULL;NULL;NULL;0.0293;0.0000;2.0000;NULL;NULL;-0.0102;-0.4178;0.4594;45.8575;14.2363;195.0746;-0.0113;-0.4126;0.4543;45.8181;14.1110;194.9136;0;NULL;-0.0113;-0.4126;0.4543;45.8181;14.1110;194.9136;ControllerBody;NULL;NULL;NULL;NULL;NULL;NULL;NULL;NULL;NULL;NULL;NULL;NULL;NULL;-0.0016;-0.0221;0.5071;1.5187;1.1843;359.4617;0.0002;-0.0209;0.4977;1.3731;1.4223;359.6390;0;NULL;0.0002;-0.0209;0.4977;1.3731;1.4223;359.6390;ControllerBody;NULL;74331e22-d15e-49ae-974a-b7b2b1a343ae;2.9312;NULL;NULL;NULL;NULL;NULL;NULL;NULL;OpenLoop;4.1730;2026-03-26 11:41:47.6182;Controllers;18;30;OpenXR
NULL;Right;NULL;NULL;Post;NULL;ControllerHoverConfirm;NULL;NULL;NULL;NULL;NULL;NULL;NULL;NULL;NULL;NULL;None;anonymous;NULL;Trial Started;TaskEvent;31487;76997878-c21b-4394-8be8-49129cf9087b;NULL;-0.0377;-0.0070;-0.0392;359.8800;2.1324;2.1333;NULL;NULL;NULL;NULL;NULL;NULL;NULL;NULL;NULL;-0.0102;-0.4178;0.4594;45.8575;14.2363;195.0746;-0.0113;-0.4126;0.4543;45.8181;14.1110;194.9136;0;NULL;-0.0113;-0.4126;0.4543;45.8181;14.1110;194.9136;ControllerBody;NULL;NULL;NULL;NULL;NULL;NULL;NULL;NULL;NULL;NULL;NULL;NULL;NULL;-0.0016;-0.0221;0.5071;1.5187;1.1843;359.4617;0.0002;-0.0209;0.4977;1.3731;1.4223;359.6390;0;NULL;0.0002;-0.0209;0.4977;1.3731;1.4223;359.6390;ControllerBody;NULL;74331e22-d15e-49ae-974a-b7b2b1a343ae;NULL;NULL;NULL;NULL;0.0300;0.0000;0.0000;2.0000;OpenLoop;0.0000;2026-03-26 11:41:47.6223;Controllers;19;30;OpenXR
NULL;Right;NULL;NULL;Post;NULL;ControllerHoverConfirm;NULL;NULL;NULL;NULL;NULL;NULL;NULL;NULL;NULL;NULL;None;anonymous;NULL;Trial Accepted;TaskEvent;31769;76997878-c21b-4394-8be8-49129cf9087b;NULL;-0.0362;-0.0072;-0.0373;0.1187;2.4473;1.6439;NULL;NULL;NULL;NULL;0.0399;0.0000;2.0000;NULL;NULL;-0.0101;-0.4179;0.4594;45.8575;14.2363;195.0746;-0.0113;-0.4126;0.4543;45.8181;14.1109;194.9135;0;NULL;-0.0113;-0.4126;0.4543;45.8181;14.1109;194.9135;ControllerBody;NULL;NULL;NULL;NULL;NULL;NULL;NULL;NULL;NULL;NULL;NULL;NULL;NULL;0.0011;-0.0174;0.5055;1.1441;1.4856;0.8147;0.0018;-0.0158;0.4974;1.1596;1.5760;0.4683;0;NULL;0.0018;-0.0158;0.4974;1.1596;1.5760;0.4683;ControllerBody;NULL;74331e22-d15e-49ae-974a-b7b2b1a343ae;3.9867;NULL;NULL;NULL;NULL;NULL;NULL;NULL;OpenLoop;3.1340;2026-03-26 11:41:50.7521;Controllers;19;30;OpenXR
NULL;Right;NULL;NULL;Post;NULL;ControllerHoverConfirm;NULL;NULL;NULL;NULL;NULL;NULL;NULL;NULL;NULL;NULL;None;anonymous;NULL;Trial Started;TaskEvent;31769;76997878-c21b-4394-8be8-49129cf9087b;NULL;-0.0362;-0.0072;-0.0373;0.1187;2.4473;1.6439;NULL;NULL;NULL;NULL;NULL;NULL;NULL;NULL;NULL;-0.0101;-0.4179;0.4594;45.8575;14.2363;195.0746;-0.0113;-0.4126;0.4543;45.8181;14.1109;194.9135;0;NULL;-0.0113;-0.4126;0.4543;45.8181;14.1109;194.9135;ControllerBody;NULL;NULL;NULL;NULL;NULL;NULL;NULL;NULL;NULL;NULL;NULL;NULL;NULL;0.0011;-0.0174;0.5055;1.1441;1.4856;0.8147;0.0018;-0.0158;0.4974;1.1596;1.5760;0.4683;0;NULL;0.0018;-0.0158;0.4974;1.1596;1.5760;0.4683;ControllerBody;NULL;74331e22-d15e-49ae-974a-b7b2b1a343ae;NULL;NULL;NULL;NULL;0.0300;0.0000;0.0000;2.0000;OpenLoop;0.0000;2026-03-26 11:41:50.7563;Controllers;20;30;OpenXR
NULL;Right;NULL;NULL;Post;NULL;ControllerHoverConfirm;NULL;NULL;NULL;NULL;NULL;NULL;NULL;NULL;NULL;NULL;None;anonymous;NULL;Trial Accepted;TaskEvent;32066;76997878-c21b-4394-8be8-49129cf9087b;NULL;-0.0344;-0.0077;-0.0349;0.5694;2.9367;1.4552;NULL;NULL;NULL;NULL;0.0476;0.0000;2.0000;NULL;NULL;-0.0101;-0.4179;0.4594;45.8575;14.2363;195.0746;-0.0113;-0.4126;0.4543;45.8181;14.1111;194.9137;0;NULL;-0.0113;-0.4126;0.4543;45.8181;14.1111;194.9137;ControllerBody;NULL;NULL;NULL;NULL;NULL;NULL;NULL;NULL;NULL;NULL;NULL;NULL;NULL;0.0039;-0.0178;0.5078;0.5321;1.6772;0.8692;0.0030;-0.0156;0.4997;0.5378;1.4306;0.6647;0;NULL;0.0030;-0.0156;0.4997;0.5378;1.4306;0.6647;ControllerBody;NULL;74331e22-d15e-49ae-974a-b7b2b1a343ae;4.7582;NULL;NULL;NULL;NULL;NULL;NULL;NULL;OpenLoop;3.0987;2026-03-26 11:41:53.8510;Controllers;20;30;OpenXR
NULL;Right;NULL;NULL;Post;NULL;ControllerHoverConfirm;NULL;NULL;NULL;NULL;NULL;NULL;NULL;NULL;NULL;NULL;None;anonymous;NULL;Trial Started;TaskEvent;32066;76997878-c21b-4394-8be8-49129cf9087b;NULL;-0.0344;-0.0077;-0.0349;0.5694;2.9367;1.4552;NULL;NULL;NULL;NULL;NULL;NULL;NULL;NULL;NULL;-0.0101;-0.4179;0.4594;45.8575;14.2363;195.0746;-0.0113;-0.4126;0.4543;45.8181;14.1111;194.9137;0;NULL;-0.0113;-0.4126;0.4543;45.8181;14.1111;194.9137;ControllerBody;NULL;NULL;NULL;NULL;NULL;NULL;NULL;NULL;NULL;NULL;NULL;NULL;NULL;0.0039;-0.0178;0.5078;0.5321;1.6772;0.8692;0.0030;-0.0156;0.4997;0.5378;1.4306;0.6647;0;NULL;0.0030;-0.0156;0.4997;0.5378;1.4306;0.6647;ControllerBody;NULL;74331e22-d15e-49ae-974a-b7b2b1a343ae;NULL;NULL;NULL;NULL;0.0300;0.0000;0.0000;2.0000;OpenLoop;0.0000;2026-03-26 11:41:53.8541;Controllers;21;30;OpenXR
NULL;Right;NULL;NULL;Post;NULL;ControllerHoverConfirm;NULL;NULL;NULL;NULL;NULL;NULL;NULL;NULL;NULL;NULL;None;anonymous;NULL;Trial Accepted;TaskEvent;32375;76997878-c21b-4394-8be8-49129cf9087b;NULL;-0.0352;-0.0070;-0.0336;0.7704;3.1416;1.9423;NULL;NULL;NULL;NULL;0.0035;0.0000;2.0000;NULL;NULL;-0.0101;-0.4179;0.4594;45.8575;14.2363;195.0746;-0.0113;-0.4126;0.4543;45.8180;14.1110;194.9137;0;NULL;-0.0113;-0.4126;0.4543;45.8180;14.1110;194.9137;ControllerBody;NULL;NULL;NULL;NULL;NULL;NULL;NULL;NULL;NULL;NULL;NULL;NULL;NULL;0.0017;-0.0141;0.5062;359.2592;0.0672;359.3990;0.0012;-0.0140;0.4986;359.1367;0.2144;359.5291;0;NULL;0.0012;-0.0140;0.4986;359.1367;0.2144;359.5291;ControllerBody;NULL;74331e22-d15e-49ae-974a-b7b2b1a343ae;0.3473;NULL;NULL;NULL;NULL;NULL;NULL;NULL;OpenLoop;3.1263;2026-03-26 11:41:56.9778;Controllers;21;30;OpenXR
NULL;Right;NULL;NULL;Post;NULL;ControllerHoverConfirm;NULL;NULL;NULL;NULL;NULL;NULL;NULL;NULL;NULL;NULL;None;anonymous;NULL;Trial Started;TaskEvent;32375;76997878-c21b-4394-8be8-49129cf9087b;NULL;-0.0352;-0.0070;-0.0336;0.7704;3.1416;1.9423;NULL;NULL;NULL;NULL;NULL;NULL;NULL;NULL;NULL;-0.0101;-0.4179;0.4594;45.8575;14.2363;195.0746;-0.0113;-0.4126;0.4543;45.8180;14.1110;194.9137;0;NULL;-0.0113;-0.4126;0.4543;45.8180;14.1110;194.9137;ControllerBody;NULL;NULL;NULL;NULL;NULL;NULL;NULL;NULL;NULL;NULL;NULL;NULL;NULL;0.0017;-0.0141;0.5062;359.2592;0.0672;359.3990;0.0012;-0.0140;0.4986;359.1367;0.2144;359.5291;0;NULL;0.0012;-0.0140;0.4986;359.1367;0.2144;359.5291;ControllerBody;NULL;74331e22-d15e-49ae-974a-b7b2b1a343ae;NULL;NULL;NULL;NULL;0.0300;0.0000;0.0000;2.0000;OpenLoop;0.0000;2026-03-26 11:41:56.9809;Controllers;22;30;OpenXR
NULL;Right;NULL;NULL;Post;NULL;ControllerHoverConfirm;NULL;NULL;NULL;NULL;NULL;NULL;NULL;NULL;NULL;NULL;None;anonymous;NULL;Trial Accepted;TaskEvent;32677;76997878-c21b-4394-8be8-49129cf9087b;NULL;-0.0362;-0.0068;-0.0387;359.9816;3.3345;2.0920;NULL;NULL;NULL;NULL;0.0052;0.0000;2.0000;NULL;NULL;-0.0101;-0.4179;0.4594;45.8575;14.2363;195.0746;-0.0113;-0.4126;0.4543;45.8181;14.1110;194.9136;0;NULL;-0.0113;-0.4126;0.4543;45.8181;14.1110;194.9136;ControllerBody;NULL;NULL;NULL;NULL;NULL;NULL;NULL;NULL;NULL;NULL;NULL;NULL;NULL;-0.0004;-0.0129;0.5059;0.0314;0.2151;0.1428;-0.0011;-0.0136;0.4992;359.9328;0.2185;0.3343;0;NULL;-0.0011;-0.0136;0.4992;359.9328;0.2185;0.3343;ControllerBody;NULL;74331e22-d15e-49ae-974a-b7b2b1a343ae;0.5241;NULL;NULL;NULL;NULL;NULL;NULL;NULL;OpenLoop;3.1061;2026-03-26 11:42:00.0833;Controllers;22;30;OpenXR
NULL;Right;NULL;NULL;Post;NULL;ControllerHoverConfirm;NULL;NULL;NULL;NULL;NULL;NULL;NULL;NULL;NULL;NULL;None;anonymous;NULL;Trial Started;TaskEvent;32677;76997878-c21b-4394-8be8-49129cf9087b;NULL;-0.0362;-0.0068;-0.0387;359.9816;3.3345;2.0920;NULL;NULL;NULL;NULL;NULL;NULL;NULL;NULL;NULL;-0.0101;-0.4179;0.4594;45.8575;14.2363;195.0746;-0.0113;-0.4126;0.4543;45.8181;14.1110;194.9136;0;NULL;-0.0113;-0.4126;0.4543;45.8181;14.1110;194.9136;ControllerBody;NULL;NULL;NULL;NULL;NULL;NULL;NULL;NULL;NULL;NULL;NULL;NULL;NULL;-0.0004;-0.0129;0.5059;0.0314;0.2151;0.1428;-0.0011;-0.0136;0.4992;359.9328;0.2185;0.3343;0;NULL;-0.0011;-0.0136;0.4992;359.9328;0.2185;0.3343;ControllerBody;NULL;74331e22-d15e-49ae-974a-b7b2b1a343ae;NULL;NULL;NULL;NULL;0.0300;0.0000;0.0000;2.0000;OpenLoop;0.0000;2026-03-26 11:42:00.0864;Controllers;23;30;OpenXR
NULL;Right;NULL;NULL;Post;NULL;ControllerHoverConfirm;NULL;NULL;NULL;NULL;NULL;NULL;NULL;NULL;NULL;NULL;None;anonymous;NULL;Trial Accepted;TaskEvent;32984;76997878-c21b-4394-8be8-49129cf9087b;NULL;-0.0341;-0.0078;-0.0383;0.4300;3.5328;1.4823;NULL;NULL;NULL;NULL;0.0309;0.0000;2.0000;NULL;NULL;-0.0101;-0.4179;0.4594;45.8575;14.2363;195.0746;-0.0113;-0.4126;0.4543;45.8180;14.1111;194.9136;0;NULL;-0.0113;-0.4126;0.4543;45.8180;14.1111;194.9136;ControllerBody;NULL;NULL;NULL;NULL;NULL;NULL;NULL;NULL;NULL;NULL;NULL;NULL;NULL;0.0016;-0.0136;0.5052;359.2119;1.1226;0.3822;0.0026;-0.0142;0.4979;359.4641;1.0570;0.0210;0;NULL;0.0026;-0.0142;0.4979;359.4641;1.0570;0.0210;ControllerBody;NULL;74331e22-d15e-49ae-974a-b7b2b1a343ae;3.0907;NULL;NULL;NULL;NULL;NULL;NULL;NULL;OpenLoop;3.2657;2026-03-26 11:42:03.3481;Controllers;23;30;OpenXR
NULL;Right;NULL;NULL;Post;NULL;ControllerHoverConfirm;NULL;NULL;NULL;NULL;NULL;NULL;NULL;NULL;NULL;NULL;None;anonymous;NULL;Trial Started;TaskEvent;32984;76997878-c21b-4394-8be8-49129cf9087b;NULL;-0.0341;-0.0078;-0.0383;0.4300;3.5328;1.4823;NULL;NULL;NULL;NULL;NULL;NULL;NULL;NULL;NULL;-0.0101;-0.4179;0.4594;45.8575;14.2363;195.0746;-0.0113;-0.4126;0.4543;45.8180;14.1111;194.9136;0;NULL;-0.0113;-0.4126;0.4543;45.8180;14.1111;194.9136;ControllerBody;NULL;NULL;NULL;NULL;NULL;NULL;NULL;NULL;NULL;NULL;NULL;NULL;NULL;0.0016;-0.0136;0.5052;359.2119;1.1226;0.3822;0.0026;-0.0142;0.4979;359.4641;1.0570;0.0210;0;NULL;0.0026;-0.0142;0.4979;359.4641;1.0570;0.0210;ControllerBody;NULL;74331e22-d15e-49ae-974a-b7b2b1a343ae;NULL;NULL;NULL;NULL;0.0300;0.0000;0.0000;2.0000;OpenLoop;0.0000;2026-03-26 11:42:03.3526;Controllers;24;30;OpenXR
NULL;Right;NULL;NULL;Post;NULL;ControllerHoverConfirm;NULL;NULL;NULL;NULL;NULL;NULL;NULL;NULL;NULL;NULL;None;anonymous;NULL;Trial Accepted;TaskEvent;33288;76997878-c21b-4394-8be8-49129cf9087b;NULL;-0.0327;-0.0077;-0.0383;0.6233;3.8881;1.3744;NULL;NULL;NULL;NULL;0.0107;0.0000;2.0000;NULL;NULL;-0.0101;-0.4179;0.4594;45.8575;14.2363;195.0746;-0.0113;-0.4126;0.4543;45.8181;14.1110;194.9136;0;NULL;-0.0113;-0.4126;0.4543;45.8181;14.1110;194.9136;ControllerBody;NULL;NULL;NULL;NULL;NULL;NULL;NULL;NULL;NULL;NULL;NULL;NULL;NULL;0.0014;-0.0171;0.5033;1.2972;0.3591;0.8356;0.0030;-0.0166;0.4964;1.3270;0.4776;0.7182;0;NULL;0.0030;-0.0166;0.4964;1.3270;0.4776;0.7182;ControllerBody;NULL;74331e22-d15e-49ae-974a-b7b2b1a343ae;1.0731;NULL;NULL;NULL;NULL;NULL;NULL;NULL;OpenLoop;3.0670;2026-03-26 11:42:06.4153;Controllers;24;30;OpenXR
NULL;Right;NULL;NULL;Post;NULL;ControllerHoverConfirm;NULL;NULL;NULL;NULL;NULL;NULL;NULL;NULL;NULL;NULL;None;anonymous;NULL;Trial Started;TaskEvent;33288;76997878-c21b-4394-8be8-49129cf9087b;NULL;-0.0327;-0.0077;-0.0383;0.6233;3.8881;1.3744;NULL;NULL;NULL;NULL;NULL;NULL;NULL;NULL;NULL;-0.0101;-0.4179;0.4594;45.8575;14.2363;195.0746;-0.0113;-0.4126;0.4543;45.8181;14.1110;194.9136;0;NULL;-0.0113;-0.4126;0.4543;45.8181;14.1110;194.9136;ControllerBody;NULL;NULL;NULL;NULL;NULL;NULL;NULL;NULL;NULL;NULL;NULL;NULL;NULL;0.0014;-0.0171;0.5033;1.2972;0.3591;0.8356;0.0030;-0.0166;0.4964;1.3270;0.4776;0.7182;0;NULL;0.0030;-0.0166;0.4964;1.3270;0.4776;0.7182;ControllerBody;NULL;74331e22-d15e-49ae-974a-b7b2b1a343ae;NULL;NULL;NULL;NULL;0.0300;0.0000;0.0000;2.0000;OpenLoop;0.0000;2026-03-26 11:42:06.4200;Controllers;25;30;OpenXR
NULL;Right;NULL;NULL;Post;NULL;ControllerHoverConfirm;NULL;NULL;NULL;NULL;NULL;NULL;NULL;NULL;NULL;NULL;None;anonymous;NULL;Trial Accepted;TaskEvent;33599;76997878-c21b-4394-8be8-49129cf9087b;NULL;-0.0326;-0.0076;-0.0383;0.4175;3.4947;1.4138;NULL;NULL;NULL;NULL;0.0282;0.0000;2.0000;NULL;NULL;-0.0101;-0.4179;0.4594;45.8575;14.2363;195.0746;-0.0113;-0.4126;0.4543;45.8180;14.1110;194.9137;0;NULL;-0.0113;-0.4126;0.4543;45.8180;14.1110;194.9137;ControllerBody;NULL;NULL;NULL;NULL;NULL;NULL;NULL;NULL;NULL;NULL;NULL;NULL;NULL;0.0036;-0.0171;0.5069;0.9314;0.9454;0.4531;0.0042;-0.0158;0.4991;1.1591;0.9439;0.6555;0;NULL;0.0042;-0.0158;0.4991;1.1591;0.9439;0.6555;ControllerBody;NULL;74331e22-d15e-49ae-974a-b7b2b1a343ae;2.8215;NULL;NULL;NULL;NULL;NULL;NULL;NULL;OpenLoop;3.0229;2026-03-26 11:42:09.4384;Controllers;25;30;OpenXR
NULL;Right;NULL;NULL;Post;NULL;ControllerHoverConfirm;NULL;NULL;NULL;NULL;NULL;NULL;NULL;NULL;NULL;NULL;None;anonymous;NULL;Trial Started;TaskEvent;33599;76997878-c21b-4394-8be8-49129cf9087b;NULL;-0.0326;-0.0076;-0.0383;0.4175;3.4947;1.4138;NULL;NULL;NULL;NULL;NULL;NULL;NULL;NULL;NULL;-0.0101;-0.4179;0.4594;45.8575;14.2363;195.0746;-0.0113;-0.4126;0.4543;45.8180;14.1110;194.9137;0;NULL;-0.0113;-0.4126;0.4543;45.8180;14.1110;194.9137;ControllerBody;NULL;NULL;NULL;NULL;NULL;NULL;NULL;NULL;NULL;NULL;NULL;NULL;NULL;0.0036;-0.0171;0.5069;0.9314;0.9454;0.4531;0.0042;-0.0158;0.4991;1.1591;0.9439;0.6555;0;NULL;0.0042;-0.0158;0.4991;1.1591;0.9439;0.6555;ControllerBody;NULL;74331e22-d15e-49ae-974a-b7b2b1a343ae;NULL;NULL;NULL;NULL;0.0300;0.0000;0.0000;2.0000;OpenLoop;0.0000;2026-03-26 11:42:09.4414;Controllers;26;30;OpenXR
NULL;Right;NULL;NULL;Post;NULL;ControllerHoverConfirm;NULL;NULL;NULL;NULL;NULL;NULL;NULL;NULL;NULL;NULL;None;anonymous;NULL;Trial Accepted;TaskEvent;33888;76997878-c21b-4394-8be8-49129cf9087b;NULL;-0.0331;-0.0081;-0.0382;0.8275;3.5347;1.4079;NULL;NULL;NULL;NULL;-0.0092;0.0000;2.0000;NULL;NULL;-0.0101;-0.4179;0.4594;45.8575;14.2363;195.0746;-0.0113;-0.4126;0.4543;45.8181;14.1110;194.9136;0;NULL;-0.0113;-0.4126;0.4543;45.8181;14.1110;194.9136;ControllerBody;NULL;NULL;NULL;NULL;NULL;NULL;NULL;NULL;NULL;NULL;NULL;NULL;NULL;0.0008;-0.0199;0.5057;1.0402;359.6182;0.2522;0.0032;-0.0193;0.4985;1.1135;359.8388;0.4375;0;NULL;0.0032;-0.0193;0.4985;1.1135;359.8388;0.4375;ControllerBody;NULL;74331e22-d15e-49ae-974a-b7b2b1a343ae;-0.9201;NULL;NULL;NULL;NULL;NULL;NULL;NULL;OpenLoop;2.9167;2026-03-26 11:42:12.3569;Controllers;26;30;OpenXR
NULL;Right;NULL;NULL;Post;NULL;ControllerHoverConfirm;NULL;NULL;NULL;NULL;NULL;NULL;NULL;NULL;NULL;NULL;None;anonymous;NULL;Trial Started;TaskEvent;33888;76997878-c21b-4394-8be8-49129cf9087b;NULL;-0.0331;-0.0081;-0.0382;0.8275;3.5347;1.4079;NULL;NULL;NULL;NULL;NULL;NULL;NULL;NULL;NULL;-0.0101;-0.4179;0.4594;45.8575;14.2363;195.0746;-0.0113;-0.4126;0.4543;45.8181;14.1110;194.9136;0;NULL;-0.0113;-0.4126;0.4543;45.8181;14.1110;194.9136;ControllerBody;NULL;NULL;NULL;NULL;NULL;NULL;NULL;NULL;NULL;NULL;NULL;NULL;NULL;0.0008;-0.0199;0.5057;1.0402;359.6182;0.2522;0.0032;-0.0193;0.4985;1.1135;359.8388;0.4375;0;NULL;0.0032;-0.0193;0.4985;1.1135;359.8388;0.4375;ControllerBody;NULL;74331e22-d15e-49ae-974a-b7b2b1a343ae;NULL;NULL;NULL;NULL;0.0300;0.0000;0.0000;2.0000;OpenLoop;0.0000;2026-03-26 11:42:12.3608;Controllers;27;30;OpenXR
NULL;Right;NULL;NULL;Post;NULL;ControllerHoverConfirm;NULL;NULL;NULL;NULL;NULL;NULL;NULL;NULL;NULL;NULL;None;anonymous;NULL;Trial Accepted;TaskEvent;34164;76997878-c21b-4394-8be8-49129cf9087b;NULL;-0.0335;-0.0082;-0.0395;0.6535;4.1794;1.2460;NULL;NULL;NULL;NULL;-0.0040;0.0000;2.0000;NULL;NULL;-0.0101;-0.4179;0.4594;45.8575;14.2363;195.0746;-0.0113;-0.4126;0.4543;45.8182;14.1112;194.9136;0;NULL;-0.0113;-0.4126;0.4543;45.8182;14.1112;194.9136;ControllerBody;NULL;NULL;NULL;NULL;NULL;NULL;NULL;NULL;NULL;NULL;NULL;NULL;NULL;0.0003;-0.0169;0.5022;1.5651;359.8328;359.7340;0.0016;-0.0162;0.4961;1.5647;359.9246;359.8843;0;NULL;0.0016;-0.0162;0.4961;1.5647;359.9246;359.8843;ControllerBody;NULL;74331e22-d15e-49ae-974a-b7b2b1a343ae;-0.4024;NULL;NULL;NULL;NULL;NULL;NULL;NULL;OpenLoop;3.0154;2026-03-26 11:42:15.3712;Controllers;27;30;OpenXR
NULL;Right;NULL;NULL;Post;NULL;ControllerHoverConfirm;NULL;NULL;NULL;NULL;NULL;NULL;NULL;NULL;NULL;NULL;None;anonymous;NULL;Trial Started;TaskEvent;34164;76997878-c21b-4394-8be8-49129cf9087b;NULL;-0.0335;-0.0082;-0.0395;0.6535;4.1794;1.2460;NULL;NULL;NULL;NULL;NULL;NULL;NULL;NULL;NULL;-0.0101;-0.4179;0.4594;45.8575;14.2363;195.0746;-0.0113;-0.4126;0.4543;45.8182;14.1112;194.9136;0;NULL;-0.0113;-0.4126;0.4543;45.8182;14.1112;194.9136;ControllerBody;NULL;NULL;NULL;NULL;NULL;NULL;NULL;NULL;NULL;NULL;NULL;NULL;NULL;0.0003;-0.0169;0.5022;1.5651;359.8328;359.7340;0.0016;-0.0162;0.4961;1.5647;359.9246;359.8843;0;NULL;0.0016;-0.0162;0.4961;1.5647;359.9246;359.8843;ControllerBody;NULL;74331e22-d15e-49ae-974a-b7b2b1a343ae;NULL;NULL;NULL;NULL;0.0300;0.0000;0.0000;2.0000;OpenLoop;0.0000;2026-03-26 11:42:15.3738;Controllers;28;30;OpenXR
NULL;Right;NULL;NULL;Post;NULL;ControllerHoverConfirm;NULL;NULL;NULL;NULL;NULL;NULL;NULL;NULL;NULL;NULL;None;anonymous;NULL;Trial Accepted;TaskEvent;34441;76997878-c21b-4394-8be8-49129cf9087b;NULL;-0.0328;-0.0085;-0.0387;0.7534;4.4847;1.0804;NULL;NULL;NULL;NULL;0.0245;0.0000;2.0000;NULL;NULL;-0.0101;-0.4179;0.4594;45.8575;14.2363;195.0746;-0.0113;-0.4126;0.4543;45.8182;14.1109;194.9134;0;NULL;-0.0113;-0.4126;0.4543;45.8182;14.1109;194.9134;ControllerBody;NULL;NULL;NULL;NULL;NULL;NULL;NULL;NULL;NULL;NULL;NULL;NULL;NULL;0.0048;-0.0180;0.5039;1.7536;0.7514;0.5019;0.0036;-0.0164;0.4960;1.5681;0.8932;1.0797;0;NULL;0.0036;-0.0164;0.4960;1.5681;0.8932;1.0797;ControllerBody;NULL;74331e22-d15e-49ae-974a-b7b2b1a343ae;2.4471;NULL;NULL;NULL;NULL;NULL;NULL;NULL;OpenLoop;2.8079;2026-03-26 11:42:18.1799;Controllers;28;30;OpenXR
NULL;Right;NULL;NULL;Post;NULL;ControllerHoverConfirm;NULL;NULL;NULL;NULL;NULL;NULL;NULL;NULL;NULL;NULL;None;anonymous;NULL;Trial Started;TaskEvent;34441;76997878-c21b-4394-8be8-49129cf9087b;NULL;-0.0328;-0.0085;-0.0387;0.7534;4.4847;1.0804;NULL;NULL;NULL;NULL;NULL;NULL;NULL;NULL;NULL;-0.0101;-0.4179;0.4594;45.8575;14.2363;195.0746;-0.0113;-0.4126;0.4543;45.8182;14.1109;194.9134;0;NULL;-0.0113;-0.4126;0.4543;45.8182;14.1109;194.9134;ControllerBody;NULL;NULL;NULL;NULL;NULL;NULL;NULL;NULL;NULL;NULL;NULL;NULL;NULL;0.0048;-0.0180;0.5039;1.7536;0.7514;0.5019;0.0036;-0.0164;0.4960;1.5681;0.8932;1.0797;0;NULL;0.0036;-0.0164;0.4960;1.5681;0.8932;1.0797;ControllerBody;NULL;74331e22-d15e-49ae-974a-b7b2b1a343ae;NULL;NULL;NULL;NULL;0.0300;0.0000;0.0000;2.0000;OpenLoop;0.0000;2026-03-26 11:42:18.1852;Controllers;29;30;OpenXR
NULL;Right;NULL;NULL;Post;NULL;ControllerHoverConfirm;NULL;NULL;NULL;NULL;NULL;NULL;NULL;NULL;NULL;NULL;None;anonymous;NULL;Trial Accepted;TaskEvent;34738;76997878-c21b-4394-8be8-49129cf9087b;NULL;-0.0318;-0.0089;-0.0380;0.8993;4.3393;0.9609;NULL;NULL;NULL;NULL;0.0161;0.0000;2.0000;NULL;NULL;-0.0101;-0.4179;0.4594;45.8575;14.2363;195.0746;-0.0113;-0.4126;0.4543;45.8181;14.1110;194.9137;0;NULL;-0.0113;-0.4126;0.4543;45.8181;14.1110;194.9137;ControllerBody;NULL;NULL;NULL;NULL;NULL;NULL;NULL;NULL;NULL;NULL;NULL;NULL;NULL;0.0023;-0.0173;0.5019;1.2980;0.5288;1.1350;0.0038;-0.0169;0.4949;1.4417;0.6096;0.9353;0;NULL;0.0038;-0.0169;0.4949;1.4417;0.6096;0.9353;ControllerBody;NULL;74331e22-d15e-49ae-974a-b7b2b1a343ae;1.6078;NULL;NULL;NULL;NULL;NULL;NULL;NULL;OpenLoop;3.0241;2026-03-26 11:42:21.2035;Controllers;29;30;OpenXR
NULL;Right;NULL;NULL;Post;NULL;ControllerHoverConfirm;NULL;NULL;NULL;NULL;NULL;NULL;NULL;NULL;NULL;NULL;None;anonymous;NULL;Trial Started;TaskEvent;34738;76997878-c21b-4394-8be8-49129cf9087b;NULL;-0.0318;-0.0089;-0.0380;0.8993;4.3393;0.9609;NULL;NULL;NULL;NULL;NULL;NULL;NULL;NULL;NULL;-0.0101;-0.4179;0.4594;45.8575;14.2363;195.0746;-0.0113;-0.4126;0.4543;45.8181;14.1110;194.9137;0;NULL;-0.0113;-0.4126;0.4543;45.8181;14.1110;194.9137;ControllerBody;NULL;NULL;NULL;NULL;NULL;NULL;NULL;NULL;NULL;NULL;NULL;NULL;NULL;0.0023;-0.0173;0.5019;1.2980;0.5288;1.1350;0.0038;-0.0169;0.4949;1.4417;0.6096;0.9353;0;NULL;0.0038;-0.0169;0.4949;1.4417;0.6096;0.9353;ControllerBody;NULL;74331e22-d15e-49ae-974a-b7b2b1a343ae;NULL;NULL;NULL;NULL;0.0300;0.0000;0.0000;2.0000;OpenLoop;0.0000;2026-03-26 11:42:21.2062;Controllers;30;30;OpenXR
NULL;Right;NULL;NULL;Post;NULL;ControllerHoverConfirm;NULL;NULL;NULL;NULL;NULL;NULL;NULL;NULL;NULL;NULL;None;anonymous;NULL;Trial Accepted;TaskEvent;35039;76997878-c21b-4394-8be8-49129cf9087b;NULL;-0.0296;-0.0094;-0.0363;1.3766;4.7493;0.5956;NULL;NULL;NULL;NULL;0.0188;0.0000;2.0000;NULL;NULL;-0.0101;-0.4179;0.4594;45.8575;14.2363;195.0746;-0.0113;-0.4126;0.4543;45.8180;14.1113;194.9136;0;NULL;-0.0113;-0.4126;0.4543;45.8180;14.1113;194.9136;ControllerBody;NULL;NULL;NULL;NULL;NULL;NULL;NULL;NULL;NULL;NULL;NULL;NULL;NULL;0.0042;-0.0159;0.5004;0.9634;0.5575;359.8760;0.0053;-0.0158;0.4930;1.0149;0.6442;359.9647;0;NULL;0.0053;-0.0158;0.4930;1.0149;0.6442;359.9647;ControllerBody;NULL;74331e22-d15e-49ae-974a-b7b2b1a343ae;1.8812;NULL;NULL;NULL;NULL;NULL;NULL;NULL;OpenLoop;3.0659;2026-03-26 11:42:24.2684;Controllers;30;30;OpenXR
NULL;Right;1.6304;NULL;Post;NULL;ControllerHoverConfirm;NULL;NULL;NULL;NULL;NULL;NULL;NULL;NULL;NULL;NULL;None;anonymous;NULL;Block Completed;BlockEvent;35039;76997878-c21b-4394-8be8-49129cf9087b;NULL;-0.0296;-0.0094;-0.0363;1.3766;4.7493;0.5956;NULL;NULL;NULL;NULL;NULL;NULL;NULL;NULL;NULL;-0.0101;-0.4179;0.4594;45.8575;14.2363;195.0746;-0.0113;-0.4126;0.4543;45.8180;14.1113;194.9136;0;NULL;-0.0113;-0.4126;0.4543;45.8180;14.1113;194.9136;ControllerBody;NULL;NULL;NULL;2.8330;NULL;NULL;NULL;NULL;NULL;NULL;NULL;NULL;NULL;0.0042;-0.0159;0.5004;0.9634;0.5575;359.8760;0.0053;-0.0158;0.4930;1.0149;0.6442;359.9647;0;NULL;0.0053;-0.0158;0.4930;1.0149;0.6442;359.9647;ControllerBody;2.1368;74331e22-d15e-49ae-974a-b7b2b1a343ae;NULL;NULL;NULL;NULL;NULL;NULL;NULL;NULL;OpenLoop;0.0000;2026-03-26 11:42:24.2738;Controllers;NULL;30;OpenXR
NULL;Right;NULL;NULL;Post;NULL;ControllerHoverConfirm;NULL;NULL;NULL;NULL;NULL;NULL;NULL;NULL;NULL;NULL;None;anonymous;NULL;Game Finished;GameEvent;35039;76997878-c21b-4394-8be8-49129cf9087b;NULL;-0.0296;-0.0094;-0.0363;1.3766;4.7493;0.5956;NULL;NULL;NULL;NULL;NULL;NULL;NULL;NULL;NULL;-0.0101;-0.4179;0.4594;45.8575;14.2363;195.0746;-0.0113;-0.4126;0.4543;45.8180;14.1113;194.9136;0;NULL;-0.0113;-0.4126;0.4543;45.8180;14.1113;194.9136;ControllerBody;NULL;NULL;NULL;NULL;NULL;NULL;NULL;NULL;NULL;NULL;NULL;NULL;NULL;0.0042;-0.0159;0.5004;0.9634;0.5575;359.8760;0.0053;-0.0158;0.4930;1.0149;0.6442;359.9647;0;NULL;0.0053;-0.0158;0.4930;1.0149;0.6442;359.9647;ControllerBody;NULL;74331e22-d15e-49ae-974a-b7b2b1a343ae;NULL;NULL;NULL;NULL;NULL;NULL;NULL;NULL;OpenLoop;0.0000;2026-03-26 11:42:24.2814;Controllers;NULL;NULL;OpenXR
NULL;Right;NULL;NULL;Post;NULL;ControllerHoverConfirm;NULL;NULL;NULL;NULL;NULL;NULL;NULL;NULL;NULL;NULL;None;anonymous;NULL;Experiment Completed;GameEvent;35039;76997878-c21b-4394-8be8-49129cf9087b;NULL;-0.0296;-0.0094;-0.0363;1.3766;4.7493;0.5956;NULL;NULL;NULL;NULL;NULL;NULL;NULL;NULL;NULL;-0.0101;-0.4179;0.4594;45.8575;14.2363;195.0746;-0.0113;-0.4126;0.4543;45.8180;14.1113;194.9136;0;NULL;-0.0113;-0.4126;0.4543;45.8180;14.1113;194.9136;ControllerBody;NULL;NULL;NULL;NULL;NULL;NULL;NULL;NULL;NULL;NULL;NULL;NULL;NULL;0.0042;-0.0159;0.5004;0.9634;0.5575;359.8760;0.0053;-0.0158;0.4930;1.0149;0.6442;359.9647;0;NULL;0.0053;-0.0158;0.4930;1.0149;0.6442;359.9647;ControllerBody;NULL;74331e22-d15e-49ae-974a-b7b2b1a343ae;NULL;NULL;NULL;NULL;NULL;NULL;NULL;NULL;OpenLoop;0.0000;2026-03-26 11:42:24.2836;Controllers;NULL;NULL;OpenXR
