ActiveHand;AttemptIndex;BlockType;ConfirmDown;ConfirmMitigationMode;EffectMode;Email;Event;Framecount;HandDwellProgress01;HeadCameraPosWorldX;HeadCameraPosWorldY;HeadCameraPosWorldZ;HeadCameraRotEulerX;HeadCameraRotEulerY;HeadCameraRotEulerZ;HmdPosX;HmdPosY;HmdPosZ;HmdRotW;HmdRotX;HmdRotY;HmdRotZ;IsHandPointing;LeftControllerLaserPosWorldX;LeftControllerLaserPosWorldY;LeftControllerLaserPosWorldZ;LeftControllerLaserRotEulerX;LeftControllerLaserRotEulerY;LeftControllerLaserRotEulerZ;LeftControllerPosWorldX;LeftControllerPosWorldY;LeftControllerPosWorldZ;LeftControllerRotEulerX;LeftControllerRotEulerY;LeftControllerRotEulerZ;LeftControllerTrigger;LeftMovementAnchorPosWorldX;LeftMovementAnchorPosWorldY;LeftMovementAnchorPosWorldZ;LeftMovementAnchorRotEulerX;LeftMovementAnchorRotEulerY;LeftMovementAnchorRotEulerZ;LeftMovementAnchorSource;PointerForwardX;PointerForwardY;PointerForwardZ;PointerOriginX;PointerOriginY;PointerOriginZ;PointerRotationW;PointerRotationX;PointerRotationY;PointerRotationZ;RightControllerLaserPosWorldX;RightControllerLaserPosWorldY;RightControllerLaserPosWorldZ;RightControllerLaserRotEulerX;RightControllerLaserRotEulerY;RightControllerLaserRotEulerZ;RightControllerPosWorldX;RightControllerPosWorldY;RightControllerPosWorldZ;RightControllerRotEulerX;RightControllerRotEulerY;RightControllerRotEulerZ;RightControllerTrigger;RightMovementAnchorPosWorldX;RightMovementAnchorPosWorldY;RightMovementAnchorPosWorldZ;RightMovementAnchorRotEulerX;RightMovementAnchorRotEulerY;RightMovementAnchorRotEulerZ;RightMovementAnchorSource;SessionID;TargetIndex;TaskMode;Timestamp;TrackingMode;TrialIndex;XRBackend
Right;1;Exposure;0;NoMitigation;Translation;anonymous;Sample;-1;0.0000;0.0000;0.3614;0.0000;0.0000;0.0000;0.0000;0.0000;0.3614;0.0000;1.0000;0.0000;0.0000;0.0000;0;0.0000;0.3614;0.0075;0.0000;0.0000;0.0000;0.0000;0.0000;0.0000;0.0000;0.0000;0.0000;0;0.0000;0.0000;0.0000;0.0000;0.0000;0.0000;ControllerBody;0.0000;0.0000;1.0000;0.0000;0.0000;0.0000;1.0000;0.0000;0.0000;0.0000;0.0000;0.3614;0.0075;0.0000;0.0000;0.0000;0.0000;0.0000;0.0000;0.0000;0.0000;0.0000;0;0.0000;0.0000;0.0000;0.0000;0.0000;0.0000;ControllerBody;b8809a6a-d42c-4388-8464-0275ba58c74f;1;Exposure;2026-03-26 11:07:25.5390;Controllers;;OpenXR
Right;1;Exposure;0;NoMitigation;Translation;anonymous;Sample;3;0.0000;0.0000;-1.0000;0.0000;0.0000;0.0000;0.0000;0.0000;-1.0000;0.0000;1.0000;0.0000;0.0000;0.0000;0;0.0000;-1.0000;0.0075;0.0000;0.0000;0.0000;0.0000;0.0000;0.0000;0.0000;0.0000;0.0000;0;0.0000;0.0000;0.0000;0.0000;0.0000;0.0000;ControllerBody;0.0000;0.0000;1.0000;0.0000;0.0000;0.0000;1.0000;0.0000;0.0000;0.0000;0.0000;-1.0000;0.0075;0.0000;0.0000;0.0000;0.0000;0.0000;0.0000;0.0000;0.0000;0.0000;0;0.0000;0.0000;0.0000;0.0000;0.0000;0.0000;ControllerBody;b8809a6a-d42c-4388-8464-0275ba58c74f;1;Exposure;2026-03-26 11:07:31.0165;Controllers;;OpenXR
Right;1;Exposure;0;NoMitigation;Translation;anonymous;Sample;4;0.0000;0.0000;-1.0000;0.0000;0.0000;0.0000;0.0000;0.0000;-1.0000;0.0000;1.0000;0.0000;0.0000;0.0000;0;0.0000;-1.0000;0.0075;0.0000;0.0000;0.0000;0.0000;0.0000;0.0000;0.0000;0.0000;0.0000;0;0.0000;0.0000;0.0000;0.0000;0.0000;0.0000;ControllerBody;0.0000;0.0000;1.0000;0.0000;0.0000;0.0000;1.0000;0.0000;0.0000;0.0000;0.0000;-1.0000;0.0075;0.0000;0.0000;0.0000;0.0000;0.0000;0.0000;0.0000;0.0000;0.0000;0;0.0000;0.0000;0.0000;0.0000;0.0000;0.0000;ControllerBody;b8809a6a-d42c-4388-8464-0275ba58c74f;1;Exposure;2026-03-26 11:07:31.0489;Controllers;;OpenXR
Right;1;Exposure;0;NoMitigation;Translation;anonymous;Sample;5;0.0000;0.0000;-1.0000;0.0000;0.0000;0.0000;0.0000;0.0000;-1.0000;0.0000;1.0000;0.0000;0.0000;0.0000;0;0.0000;-1.0000;0.0075;0.0000;0.0000;0.0000;0.0000;0.0000;0.0000;0.0000;0.0000;0.0000;0;0.0000;0.0000;0.0000;0.0000;0.0000;0.0000;ControllerBody;0.0000;0.0000;1.0000;0.0000;0.0000;0.0000;1.0000;0.0000;0.0000;0.0000;0.0000;-1.0000;0.0075;0.0000;0.0000;0.0000;0.0000;0.0000;0.0000;0.0000;0.0000;0.0000;0;0.0000;0.0000;0.0000;0.0000;0.0000;0.0000;ControllerBody;b8809a6a-d42c-4388-8464-0275ba58c74f;1;Exposure;2026-03-26 11:07:31.0921;Controllers;;OpenXR
Right;1;Exposure;0;NoMitigation;Translation;anonymous;Sample;6;0.0000;0.0000;-1.0000;0.0000;0.0000;0.0000;0.0000;0.0000;-1.0000;0.0000;1.0000;0.0000;0.0000;0.0000;0;0.0000;-1.0000;0.0075;0.0000;0.0000;0.0000;0.0000;0.0000;0.0000;0.0000;0.0000;0.0000;0;0.0000;0.0000;0.0000;0.0000;0.0000;0.0000;ControllerBody;0.0000;0.0000;1.0000;0.0000;0.0000;0.0000;1.0000;0.0000;0.0000;0.0000;0.0000;-1.0000;0.0075;0.0000;0.0000;0.0000;0.0000;0.0000;0.0000;0.0000;0.0000;0.0000;0;0.0000;0.0000;0.0000;0.0000;0.0000;0.0000;ControllerBody;b8809a6a-d42c-4388-8464-0275ba58c74f;1;Exposure;2026-03-26 11:07:31.1159;Controllers;;OpenXR
Right;1;Exposure;0;NoMitigation;Translation;anonymous;Sample;9;0.0000;0.0000;-1.0000;0.0000;0.0000;0.0000;0.0000;0.0000;-1.0000;0.0000;1.0000;0.0000;0.0000;0.0000;0;0.0000;-1.0000;0.0075;0.0000;0.0000;0.0000;0.0000;0.0000;0.0000;0.0000;0.0000;0.0000;0;0.0000;0.0000;0.0000;0.0000;0.0000;0.0000;ControllerBody;0.0000;0.0000;1.0000;0.0000;0.0000;0.0000;1.0000;0.0000;0.0000;0.0000;0.0000;-1.0000;0.0075;0.0000;0.0000;0.0000;0.0000;0.0000;0.0000;0.0000;0.0000;0.0000;0;0.0000;0.0000;0.0000;0.0000;0.0000;0.0000;ControllerBody;b8809a6a-d42c-4388-8464-0275ba58c74f;1;Exposure;2026-03-26 11:07:31.1379;Controllers;;OpenXR
Right;1;Exposure;0;NoMitigation;Translation;anonymous;Sample;12;0.0000;0.0000;-1.0000;0.0000;0.0000;0.0000;0.0000;0.0000;-1.0000;0.0000;1.0000;0.0000;0.0000;0.0000;0;0.0000;-1.0000;0.0075;0.0000;0.0000;0.0000;0.0000;0.0000;0.0000;0.0000;0.0000;0.0000;0;0.0000;0.0000;0.0000;0.0000;0.0000;0.0000;ControllerBody;0.0000;0.0000;1.0000;0.0000;0.0000;0.0000;1.0000;0.0000;0.0000;0.0000;0.0000;-1.0000;0.0075;0.0000;0.0000;0.0000;0.0000;0.0000;0.0000;0.0000;0.0000;0.0000;0;0.0000;0.0000;0.0000;0.0000;0.0000;0.0000;ControllerBody;b8809a6a-d42c-4388-8464-0275ba58c74f;1;Exposure;2026-03-26 11:07:31.1654;Controllers;;OpenXR
Right;1;Exposure;0;NoMitigation;Translation;anonymous;Sample;15;0.0000;0.0000;-1.0000;0.0000;0.0000;0.0000;0.0000;0.0000;-1.0000;0.0000;1.0000;0.0000;0.0000;0.0000;0;0.0000;-1.0000;0.0075;0.0000;0.0000;0.0000;0.0000;0.0000;0.0000;0.0000;0.0000;0.0000;0;0.0000;0.0000;0.0000;0.0000;0.0000;0.0000;ControllerBody;0.0000;0.0000;1.0000;0.0000;0.0000;0.0000;1.0000;0.0000;0.0000;0.0000;0.0000;-1.0000;0.0075;0.0000;0.0000;0.0000;0.0000;0.0000;0.0000;0.0000;0.0000;0.0000;0;0.0000;0.0000;0.0000;0.0000;0.0000;0.0000;ControllerBody;b8809a6a-d42c-4388-8464-0275ba58c74f;1;Exposure;2026-03-26 11:07:31.1886;Controllers;;OpenXR
Right;1;Exposure;0;NoMitigation;Translation;anonymous;Sample;18;0.0000;0.0000;-1.0000;0.0000;0.0000;0.0000;0.0000;0.0000;-1.0000;0.0000;1.0000;0.0000;0.0000;0.0000;0;0.0000;-1.0000;0.0075;0.0000;0.0000;0.0000;0.0000;0.0000;0.0000;0.0000;0.0000;0.0000;0;0.0000;0.0000;0.0000;0.0000;0.0000;0.0000;ControllerBody;0.0000;0.0000;1.0000;0.0000;0.0000;0.0000;1.0000;0.0000;0.0000;0.0000;0.0000;-1.0000;0.0075;0.0000;0.0000;0.0000;0.0000;0.0000;0.0000;0.0000;0.0000;0.0000;0;0.0000;0.0000;0.0000;0.0000;0.0000;0.0000;ControllerBody;b8809a6a-d42c-4388-8464-0275ba58c74f;1;Exposure;2026-03-26 11:07:31.2135;Controllers;;OpenXR
Right;1;Exposure;0;NoMitigation;Translation;anonymous;Sample;21;0.0000;0.0000;-1.0000;0.0000;0.0000;0.0000;0.0000;0.0000;-1.0000;0.0000;1.0000;0.0000;0.0000;0.0000;0;0.0000;-1.0000;0.0075;0.0000;0.0000;0.0000;0.0000;0.0000;0.0000;0.0000;0.0000;0.0000;0;0.0000;0.0000;0.0000;0.0000;0.0000;0.0000;ControllerBody;0.0000;0.0000;1.0000;0.0000;0.0000;0.0000;1.0000;0.0000;0.0000;0.0000;0.0000;-1.0000;0.0075;0.0000;0.0000;0.0000;0.0000;0.0000;0.0000;0.0000;0.0000;0.0000;0;0.0000;0.0000;0.0000;0.0000;0.0000;0.0000;ControllerBody;b8809a6a-d42c-4388-8464-0275ba58c74f;1;Exposure;2026-03-26 11:07:31.2385;Controllers;;OpenXR
Right;1;Exposure;0;NoMitigation;Translation;anonymous;Sample;24;0.0000;0.0000;-1.0000;0.0000;0.0000;0.0000;0.0000;0.0000;-1.0000;0.0000;1.0000;0.0000;0.0000;0.0000;0;0.0000;-1.0000;0.0075;0.0000;0.0000;0.0000;0.0000;0.0000;0.0000;0.0000;0.0000;0.0000;0;0.0000;0.0000;0.0000;0.0000;0.0000;0.0000;ControllerBody;0.0000;0.0000;1.0000;0.0000;0.0000;0.0000;1.0000;0.0000;0.0000;0.0000;0.0000;-1.0000;0.0075;0.0000;0.0000;0.0000;0.0000;0.0000;0.0000;0.0000;0.0000;0.0000;0;0.0000;0.0000;0.0000;0.0000;0.0000;0.0000;ControllerBody;b8809a6a-d42c-4388-8464-0275ba58c74f;1;Exposure;2026-03-26 11:07:31.2641;Controllers;;OpenXR
Right;1;Exposure;0;NoMitigation;Translation;anonymous;Sample;27;0.0000;0.0000;-1.0000;0.0000;0.0000;0.0000;0.0000;0.0000;-1.0000;0.0000;1.0000;0.0000;0.0000;0.0000;0;0.0000;-1.0000;0.0075;0.0000;0.0000;0.0000;0.0000;0.0000;0.0000;0.0000;0.0000;0.0000;0;0.0000;0.0000;0.0000;0.0000;0.0000;0.0000;ControllerBody;0.0000;0.0000;1.0000;0.0000;0.0000;0.0000;1.0000;0.0000;0.0000;0.0000;0.0000;-1.0000;0.0075;0.0000;0.0000;0.0000;0.0000;0.0000;0.0000;0.0000;0.0000;0.0000;0;0.0000;0.0000;0.0000;0.0000;0.0000;0.0000;ControllerBody;b8809a6a-d42c-4388-8464-0275ba58c74f;1;Exposure;2026-03-26 11:07:31.2878;Controllers;;OpenXR
Right;1;Exposure;0;NoMitigation;Translation;anonymous;Sample;30;0.0000;0.0000;-1.0000;0.0000;0.0000;0.0000;0.0000;0.0000;-1.0000;0.0000;1.0000;0.0000;0.0000;0.0000;0;0.0000;-1.0000;0.0075;0.0000;0.0000;0.0000;0.0000;0.0000;0.0000;0.0000;0.0000;0.0000;0;0.0000;0.0000;0.0000;0.0000;0.0000;0.0000;ControllerBody;0.0000;0.0000;1.0000;0.0000;0.0000;0.0000;1.0000;0.0000;0.0000;0.0000;0.0000;-1.0000;0.0075;0.0000;0.0000;0.0000;0.0000;0.0000;0.0000;0.0000;0.0000;0.0000;0;0.0000;0.0000;0.0000;0.0000;0.0000;0.0000;ControllerBody;b8809a6a-d42c-4388-8464-0275ba58c74f;1;Exposure;2026-03-26 11:07:31.3131;Controllers;;OpenXR
Right;1;Exposure;0;NoMitigation;Translation;anonymous;Sample;33;0.0000;0.0000;-1.0000;0.0000;0.0000;0.0000;0.0000;0.0000;-1.0000;0.0000;1.0000;0.0000;0.0000;0.0000;0;0.0000;-1.0000;0.0075;0.0000;0.0000;0.0000;0.0000;0.0000;0.0000;0.0000;0.0000;0.0000;0;0.0000;0.0000;0.0000;0.0000;0.0000;0.0000;ControllerBody;0.0000;0.0000;1.0000;0.0000;0.0000;0.0000;1.0000;0.0000;0.0000;0.0000;0.0000;-1.0000;0.0075;0.0000;0.0000;0.0000;0.0000;0.0000;0.0000;0.0000;0.0000;0.0000;0;0.0000;0.0000;0.0000;0.0000;0.0000;0.0000;ControllerBody;b8809a6a-d42c-4388-8464-0275ba58c74f;1;Exposure;2026-03-26 11:07:31.3393;Controllers;;OpenXR
Right;1;Exposure;0;NoMitigation;Translation;anonymous;Sample;36;0.0000;0.0000;-1.0000;0.0000;0.0000;0.0000;0.0000;0.0000;-1.0000;0.0000;1.0000;0.0000;0.0000;0.0000;0;0.0000;-1.0000;0.0075;0.0000;0.0000;0.0000;0.0000;0.0000;0.0000;0.0000;0.0000;0.0000;0;0.0000;0.0000;0.0000;0.0000;0.0000;0.0000;ControllerBody;0.0000;0.0000;1.0000;0.0000;0.0000;0.0000;1.0000;0.0000;0.0000;0.0000;0.0000;-1.0000;0.0075;0.0000;0.0000;0.0000;0.0000;0.0000;0.0000;0.0000;0.0000;0.0000;0;0.0000;0.0000;0.0000;0.0000;0.0000;0.0000;ControllerBody;b8809a6a-d42c-4388-8464-0275ba58c74f;1;Exposure;2026-03-26 11:07:31.3625;Controllers;;OpenXR
Right;1;Exposure;0;NoMitigation;Translation;anonymous;Sample;39;0.0000;0.0000;-1.0000;0.0000;0.0000;0.0000;0.0000;0.0000;-1.0000;0.0000;1.0000;0.0000;0.0000;0.0000;0;0.0000;-1.0000;0.0075;0.0000;0.0000;0.0000;0.0000;0.0000;0.0000;0.0000;0.0000;0.0000;0;0.0000;0.0000;0.0000;0.0000;0.0000;0.0000;ControllerBody;0.0000;0.0000;1.0000;0.0000;0.0000;0.0000;1.0000;0.0000;0.0000;0.0000;0.0000;-1.0000;0.0075;0.0000;0.0000;0.0000;0.0000;0.0000;0.0000;0.0000;0.0000;0.0000;0;0.0000;0.0000;0.0000;0.0000;0.0000;0.0000;ControllerBody;b8809a6a-d42c-4388-8464-0275ba58c74f;1;Exposure;2026-03-26 11:07:31.3875;Controllers;;OpenXR
Right;1;Exposure;0;NoMitigation;Translation;anonymous;Sample;42;0.0000;0.0000;-1.0000;0.0000;0.0000;0.0000;0.0000;0.0000;-1.0000;0.0000;1.0000;0.0000;0.0000;0.0000;0;0.0000;-1.0000;0.0075;0.0000;0.0000;0.0000;0.0000;0.0000;0.0000;0.0000;0.0000;0.0000;0;0.0000;0.0000;0.0000;0.0000;0.0000;0.0000;ControllerBody;0.0000;0.0000;1.0000;0.0000;0.0000;0.0000;1.0000;0.0000;0.0000;0.0000;0.0000;-1.0000;0.0075;0.0000;0.0000;0.0000;0.0000;0.0000;0.0000;0.0000;0.0000;0.0000;0;0.0000;0.0000;0.0000;0.0000;0.0000;0.0000;ControllerBody;b8809a6a-d42c-4388-8464-0275ba58c74f;1;Exposure;2026-03-26 11:07:31.4132;Controllers;;OpenXR
Right;1;Exposure;0;NoMitigation;Translation;anonymous;Sample;45;0.0000;0.0000;-1.0000;0.0000;0.0000;0.0000;0.0000;0.0000;-1.0000;0.0000;1.0000;0.0000;0.0000;0.0000;0;0.0000;-1.0000;0.0075;0.0000;0.0000;0.0000;0.0000;0.0000;0.0000;0.0000;0.0000;0.0000;0;0.0000;0.0000;0.0000;0.0000;0.0000;0.0000;ControllerBody;0.0000;0.0000;1.0000;0.0000;0.0000;0.0000;1.0000;0.0000;0.0000;0.0000;0.0000;-1.0000;0.0075;0.0000;0.0000;0.0000;0.0000;0.0000;0.0000;0.0000;0.0000;0.0000;0;0.0000;0.0000;0.0000;0.0000;0.0000;0.0000;ControllerBody;b8809a6a-d42c-4388-8464-0275ba58c74f;1;Exposure;2026-03-26 11:07:31.4383;Controllers;;OpenXR
Right;1;Exposure;0;NoMitigation;Translation;anonymous;Sample;48;0.0000;0.0000;-1.0000;0.0000;0.0000;0.0000;0.0000;0.0000;-1.0000;0.0000;1.0000;0.0000;0.0000;0.0000;0;0.0000;-1.0000;0.0075;0.0000;0.0000;0.0000;0.0000;0.0000;0.0000;0.0000;0.0000;0.0000;0;0.0000;0.0000;0.0000;0.0000;0.0000;0.0000;ControllerBody;0.0000;0.0000;1.0000;0.0000;0.0000;0.0000;1.0000;0.0000;0.0000;0.0000;0.0000;-1.0000;0.0075;0.0000;0.0000;0.0000;0.0000;0.0000;0.0000;0.0000;0.0000;0.0000;0;0.0000;0.0000;0.0000;0.0000;0.0000;0.0000;ControllerBody;b8809a6a-d42c-4388-8464-0275ba58c74f;1;Exposure;2026-03-26 11:07:31.4641;Controllers;;OpenXR
Right;1;Exposure;0;NoMitigation;Translation;anonymous;Sample;51;0.0000;0.0000;-1.0000;0.0000;0.0000;0.0000;0.0000;0.0000;-1.0000;0.0000;1.0000;0.0000;0.0000;0.0000;0;0.0000;-1.0000;0.0075;0.0000;0.0000;0.0000;0.0000;0.0000;0.0000;0.0000;0.0000;0.0000;0;0.0000;0.0000;0.0000;0.0000;0.0000;0.0000;ControllerBody;0.0000;0.0000;1.0000;0.0000;0.0000;0.0000;1.0000;0.0000;0.0000;0.0000;0.0000;-1.0000;0.0075;0.0000;0.0000;0.0000;0.0000;0.0000;0.0000;0.0000;0.0000;0.0000;0;0.0000;0.0000;0.0000;0.0000;0.0000;0.0000;ControllerBody;b8809a6a-d42c-4388-8464-0275ba58c74f;1;Exposure;2026-03-26 11:07:31.4883;Controllers;;OpenXR
Right;1;Exposure;0;NoMitigation;Translation;anonymous;Sample;54;0.0000;0.0000;-1.0000;0.0000;0.0000;0.0000;0.0000;0.0000;-1.0000;0.0000;1.0000;0.0000;0.0000;0.0000;0;0.0000;-1.0000;0.0075;0.0000;0.0000;0.0000;0.0000;0.0000;0.0000;0.0000;0.0000;0.0000;0;0.0000;0.0000;0.0000;0.0000;0.0000;0.0000;ControllerBody;0.0000;0.0000;1.0000;0.0000;0.0000;0.0000;1.0000;0.0000;0.0000;0.0000;0.0000;-1.0000;0.0075;0.0000;0.0000;0.0000;0.0000;0.0000;0.0000;0.0000;0.0000;0.0000;0;0.0000;0.0000;0.0000;0.0000;0.0000;0.0000;ControllerBody;b8809a6a-d42c-4388-8464-0275ba58c74f;1;Exposure;2026-03-26 11:07:31.5131;Controllers;;OpenXR
Right;1;Exposure;0;NoMitigation;Translation;anonymous;Sample;57;0.0000;0.0000;-1.0000;0.0000;0.0000;0.0000;0.0000;0.0000;-1.0000;0.0000;1.0000;0.0000;0.0000;0.0000;0;0.0000;-1.0000;0.0075;0.0000;0.0000;0.0000;0.0000;0.0000;0.0000;0.0000;0.0000;0.0000;0;0.0000;0.0000;0.0000;0.0000;0.0000;0.0000;ControllerBody;0.0000;0.0000;1.0000;0.0000;0.0000;0.0000;1.0000;0.0000;0.0000;0.0000;0.0000;-1.0000;0.0075;0.0000;0.0000;0.0000;0.0000;0.0000;0.0000;0.0000;0.0000;0.0000;0;0.0000;0.0000;0.0000;0.0000;0.0000;0.0000;ControllerBody;b8809a6a-d42c-4388-8464-0275ba58c74f;1;Exposure;2026-03-26 11:07:31.5385;Controllers;;OpenXR
Right;1;Exposure;0;NoMitigation;Translation;anonymous;Sample;60;0.0000;0.0000;-1.0000;0.0000;0.0000;0.0000;0.0000;0.0000;-1.0000;0.0000;1.0000;0.0000;0.0000;0.0000;0;0.0000;-1.0000;0.0075;0.0000;0.0000;0.0000;0.0000;0.0000;0.0000;0.0000;0.0000;0.0000;0;0.0000;0.0000;0.0000;0.0000;0.0000;0.0000;ControllerBody;0.0000;0.0000;1.0000;0.0000;0.0000;0.0000;1.0000;0.0000;0.0000;0.0000;0.0000;-1.0000;0.0075;0.0000;0.0000;0.0000;0.0000;0.0000;0.0000;0.0000;0.0000;0.0000;0;0.0000;0.0000;0.0000;0.0000;0.0000;0.0000;ControllerBody;b8809a6a-d42c-4388-8464-0275ba58c74f;1;Exposure;2026-03-26 11:07:31.5625;Controllers;;OpenXR
Right;1;Exposure;0;NoMitigation;Translation;anonymous;Sample;63;0.0000;0.0000;-1.0000;0.0000;0.0000;0.0000;0.0000;0.0000;-1.0000;0.0000;1.0000;0.0000;0.0000;0.0000;0;0.0000;-1.0000;0.0075;0.0000;0.0000;0.0000;0.0000;0.0000;0.0000;0.0000;0.0000;0.0000;0;0.0000;0.0000;0.0000;0.0000;0.0000;0.0000;ControllerBody;0.0000;0.0000;1.0000;0.0000;0.0000;0.0000;1.0000;0.0000;0.0000;0.0000;0.0000;-1.0000;0.0075;0.0000;0.0000;0.0000;0.0000;0.0000;0.0000;0.0000;0.0000;0.0000;0;0.0000;0.0000;0.0000;0.0000;0.0000;0.0000;ControllerBody;b8809a6a-d42c-4388-8464-0275ba58c74f;1;Exposure;2026-03-26 11:07:31.5876;Controllers;;OpenXR
Right;1;Exposure;0;NoMitigation;Translation;anonymous;Sample;66;0.0000;0.0000;-1.0000;0.0000;0.0000;0.0000;0.0000;0.0000;-1.0000;0.0000;1.0000;0.0000;0.0000;0.0000;0;0.0000;-1.0000;0.0075;0.0000;0.0000;0.0000;0.0000;0.0000;0.0000;0.0000;0.0000;0.0000;0;0.0000;0.0000;0.0000;0.0000;0.0000;0.0000;ControllerBody;0.0000;0.0000;1.0000;0.0000;0.0000;0.0000;1.0000;0.0000;0.0000;0.0000;0.0000;-1.0000;0.0075;0.0000;0.0000;0.0000;0.0000;0.0000;0.0000;0.0000;0.0000;0.0000;0;0.0000;0.0000;0.0000;0.0000;0.0000;0.0000;ControllerBody;b8809a6a-d42c-4388-8464-0275ba58c74f;1;Exposure;2026-03-26 11:07:31.6152;Controllers;;OpenXR
Right;1;Exposure;0;NoMitigation;Translation;anonymous;Sample;69;0.0000;0.0000;-1.0000;0.0000;0.0000;0.0000;0.0000;0.0000;-1.0000;0.0000;1.0000;0.0000;0.0000;0.0000;0;0.0000;-1.0000;0.0075;0.0000;0.0000;0.0000;0.0000;0.0000;0.0000;0.0000;0.0000;0.0000;0;0.0000;0.0000;0.0000;0.0000;0.0000;0.0000;ControllerBody;0.0000;0.0000;1.0000;0.0000;0.0000;0.0000;1.0000;0.0000;0.0000;0.0000;0.0000;-1.0000;0.0075;0.0000;0.0000;0.0000;0.0000;0.0000;0.0000;0.0000;0.0000;0.0000;0;0.0000;0.0000;0.0000;0.0000;0.0000;0.0000;ControllerBody;b8809a6a-d42c-4388-8464-0275ba58c74f;1;Exposure;2026-03-26 11:07:31.6378;Controllers;;OpenXR
Right;1;Exposure;0;NoMitigation;Translation;anonymous;Sample;72;0.0000;0.0000;-1.0000;0.0000;0.0000;0.0000;0.0000;0.0000;-1.0000;0.0000;1.0000;0.0000;0.0000;0.0000;0;0.0000;-1.0000;0.0075;0.0000;0.0000;0.0000;0.0000;0.0000;0.0000;0.0000;0.0000;0.0000;0;0.0000;0.0000;0.0000;0.0000;0.0000;0.0000;ControllerBody;0.0000;0.0000;1.0000;0.0000;0.0000;0.0000;1.0000;0.0000;0.0000;0.0000;0.0000;-1.0000;0.0075;0.0000;0.0000;0.0000;0.0000;0.0000;0.0000;0.0000;0.0000;0.0000;0;0.0000;0.0000;0.0000;0.0000;0.0000;0.0000;ControllerBody;b8809a6a-d42c-4388-8464-0275ba58c74f;1;Exposure;2026-03-26 11:07:31.6643;Controllers;;OpenXR
Right;1;Exposure;0;NoMitigation;Translation;anonymous;Sample;75;0.0000;0.0000;-1.0000;0.0000;0.0000;0.0000;0.0000;0.0000;-1.0000;0.0000;1.0000;0.0000;0.0000;0.0000;0;0.0000;-1.0000;0.0075;0.0000;0.0000;0.0000;0.0000;0.0000;0.0000;0.0000;0.0000;0.0000;0;0.0000;0.0000;0.0000;0.0000;0.0000;0.0000;ControllerBody;0.0000;0.0000;1.0000;0.0000;0.0000;0.0000;1.0000;0.0000;0.0000;0.0000;0.0000;-1.0000;0.0075;0.0000;0.0000;0.0000;0.0000;0.0000;0.0000;0.0000;0.0000;0.0000;0;0.0000;0.0000;0.0000;0.0000;0.0000;0.0000;ControllerBody;b8809a6a-d42c-4388-8464-0275ba58c74f;1;Exposure;2026-03-26 11:07:31.6888;Controllers;;OpenXR
Right;1;Exposure;0;NoMitigation;Translation;anonymous;Sample;77;0.0000;0.0969;0.3611;-0.0023;359.6376;339.0419;0.2518;0.0969;0.3611;-0.0023;-0.9833;0.0035;0.1819;-0.0016;0;0.0000;-1.0000;0.0075;0.0000;0.0000;0.0000;0.0000;0.0000;0.0000;0.0000;0.0000;0.0000;0;0.0000;0.0000;0.0000;0.0000;0.0000;0.0000;ControllerBody;0.0000;0.0000;1.0000;0.1000;-1.0000;0.0075;1.0000;0.0000;0.0000;0.0000;0.0000;-1.0000;0.0075;0.0000;0.0000;0.0000;0.0000;-1.0000;0.0000;0.0000;0.0000;0.0000;0;0.0000;-1.0000;0.0000;0.0000;0.0000;0.0000;ControllerBody;b8809a6a-d42c-4388-8464-0275ba58c74f;1;Exposure;2026-03-26 11:07:31.8911;Controllers;;OpenXR
Right;1;Exposure;0;NoMitigation;Translation;anonymous;Sample;78;0.0000;0.0965;0.3613;-0.0024;359.5592;338.9868;0.3238;0.0965;0.3613;-0.0024;-0.9832;0.0043;0.1823;-0.0021;0;0.0000;-1.0000;0.0075;0.0000;0.0000;0.0000;0.0000;0.0000;0.0000;0.0000;0.0000;0.0000;0;0.0000;0.0000;0.0000;0.0000;0.0000;0.0000;ControllerBody;-0.1538;0.7533;0.6395;0.0912;0.2700;0.3936;0.9051;-0.4137;-0.0955;-0.0230;-0.0088;0.2700;0.3936;311.1254;346.4775;3.2554;-0.0077;0.2643;0.3888;311.1254;346.4775;3.2554;0;-0.0077;0.2643;0.3888;311.1254;346.4775;3.2554;ControllerBody;b8809a6a-d42c-4388-8464-0275ba58c74f;1;Exposure;2026-03-26 11:07:31.9152;Controllers;;OpenXR
Right;1;Exposure;0;NoMitigation;Translation;anonymous;Sample;80;0.0000;0.0966;0.3613;-0.0022;359.5848;339.0424;0.2365;0.0966;0.3613;-0.0022;-0.9833;0.0039;0.1819;-0.0014;0;0.0000;-1.0000;0.0075;0.0000;0.0000;0.0000;0.0000;0.0000;0.0000;0.0000;0.0000;0.0000;0;0.0000;0.0000;0.0000;0.0000;0.0000;0.0000;ControllerBody;-0.1538;0.7533;0.6395;0.0912;0.2700;0.3936;0.9051;-0.4137;-0.0955;-0.0230;-0.0088;0.2700;0.3936;311.1254;346.4775;3.2554;-0.0075;0.2642;0.3891;311.2156;346.4400;3.1939;0;-0.0075;0.2642;0.3891;311.2156;346.4400;3.1939;ControllerBody;b8809a6a-d42c-4388-8464-0275ba58c74f;1;Exposure;2026-03-26 11:07:31.9413;Controllers;;OpenXR
Right;1;Exposure;0;NoMitigation;Translation;anonymous;Sample;82;0.0000;0.0966;0.3612;-0.0022;359.5956;339.0742;0.1695;0.0966;0.3612;-0.0022;-0.9834;0.0037;0.1816;-0.0008;0;0.0000;-1.0000;0.0075;0.0000;0.0000;0.0000;0.0000;0.0000;0.0000;0.0000;0.0000;0.0000;0;0.0000;0.0000;0.0000;0.0000;0.0000;0.0000;ControllerBody;-0.1538;0.7531;0.6396;0.0912;0.2700;0.3937;0.9051;-0.4136;-0.0955;-0.0231;-0.0088;0.2700;0.3937;311.1381;346.4766;3.2435;-0.0074;0.2640;0.3896;311.4450;346.4577;2.9516;0;-0.0074;0.2640;0.3896;311.4450;346.4577;2.9516;ControllerBody;b8809a6a-d42c-4388-8464-0275ba58c74f;1;Exposure;2026-03-26 11:07:31.9736;Controllers;;OpenXR
Right;1;Exposure;0;NoMitigation;Translation;anonymous;Sample;85;0.0000;0.0967;0.3612;-0.0022;359.6058;339.1164;0.2096;0.0967;0.3612;-0.0022;-0.9834;0.0037;0.1812;-0.0012;0;0.0000;-1.0000;0.0075;0.0000;0.0000;0.0000;0.0000;0.0000;0.0000;0.0000;0.0000;0.0000;0;0.0000;0.0000;0.0000;0.0000;0.0000;0.0000;ControllerBody;-0.1544;0.7522;0.6406;0.0912;0.2700;0.3937;0.9054;-0.4129;-0.0962;-0.0239;-0.0088;0.2700;0.3937;311.2191;346.4483;3.1417;-0.0073;0.2639;0.3900;311.8580;346.1537;2.3007;0;-0.0073;0.2639;0.3900;311.8580;346.1537;2.3007;ControllerBody;b8809a6a-d42c-4388-8464-0275ba58c74f;1;Exposure;2026-03-26 11:07:32.0018;Controllers;;OpenXR
Right;1;Exposure;0;NoMitigation;Translation;anonymous;Sample;87;0.0000;0.0967;0.3612;-0.0022;359.6103;339.1542;0.2571;0.0967;0.3612;-0.0022;-0.9835;0.0038;0.1809;-0.0016;0;0.0000;-1.0000;0.0075;0.0000;0.0000;0.0000;0.0000;0.0000;0.0000;0.0000;0.0000;0.0000;0;0.0000;0.0000;0.0000;0.0000;0.0000;0.0000;ControllerBody;-0.1557;0.7508;0.6419;0.0912;0.2700;0.3937;0.9057;-0.4117;-0.0975;-0.0255;-0.0088;0.2700;0.3937;311.3388;346.3698;2.9645;-0.0074;0.2640;0.3900;312.0511;345.8591;1.8833;0;-0.0074;0.2640;0.3900;312.0511;345.8591;1.8833;ControllerBody;b8809a6a-d42c-4388-8464-0275ba58c74f;1;Exposure;2026-03-26 11:07:32.0237;Controllers;;OpenXR
Right;1;Exposure;0;NoMitigation;Translation;anonymous;Sample;90;0.0000;0.0966;0.3611;-0.0022;359.6273;339.1696;0.2731;0.0966;0.3611;-0.0022;-0.9835;0.0036;0.1808;-0.0018;0;0.0000;-1.0000;0.0075;0.0000;0.0000;0.0000;0.0000;0.0000;0.0000;0.0000;0.0000;0.0000;0;0.0000;0.0000;0.0000;0.0000;0.0000;0.0000;ControllerBody;-0.1573;0.7491;0.6436;0.0912;0.2699;0.3937;0.9061;-0.4103;-0.0993;-0.0276;-0.0088;0.2699;0.3937;311.4916;346.2690;2.7171;-0.0072;0.2641;0.3900;312.1496;345.8907;1.5664;0;-0.0072;0.2641;0.3900;312.1496;345.8907;1.5664;ControllerBody;b8809a6a-d42c-4388-8464-0275ba58c74f;1;Exposure;2026-03-26 11:07:32.0500;Controllers;;OpenXR
Right;1;Exposure;0;NoMitigation;Translation;anonymous;Sample;92;0.0000;0.0000;0.0000;0.0000;359.6196;359.9825;0.2845;0.0000;0.0000;0.0000;-1.0000;0.0033;0.0001;-0.0025;0;-0.0868;-1.3611;0.0435;0.0000;20.8518;0.0000;0.0000;0.0000;0.0000;0.0000;0.0000;0.0000;0;0.0000;0.0000;0.0000;0.0000;0.0000;0.0000;ControllerBody;0.0822;0.7480;0.6586;0.1425;-0.0912;0.4075;0.9095;-0.4080;0.0654;0.0452;0.0425;-0.0912;0.4075;311.5825;7.1102;2.4844;0.0431;-0.0971;0.4033;311.9637;7.0749;1.3718;0;0.0431;-0.0971;0.4033;311.9637;7.0749;1.3718;ControllerBody;b8809a6a-d42c-4388-8464-0275ba58c74f;1;Exposure;2026-03-26 11:07:32.0822;Controllers;;OpenXR
Right;1;Exposure;0;NoMitigation;Translation;anonymous;Sample;95;0.0000;-0.0001;0.0000;-0.0001;359.6176;359.9400;0.2714;-0.0001;0.0000;-0.0001;-1.0000;0.0033;0.0005;-0.0024;0;-0.0868;-1.3611;0.0435;0.0000;20.8518;0.0000;0.0000;0.0000;0.0000;0.0000;0.0000;0.0000;0;0.0000;0.0000;0.0000;0.0000;0.0000;0.0000;ControllerBody;0.0822;0.7475;0.6592;0.1425;-0.0912;0.4075;0.9097;-0.4076;0.0650;0.0443;0.0425;-0.0912;0.4075;311.6283;7.1048;2.3781;0.0431;-0.0970;0.4035;312.0293;7.1187;1.5575;0;0.0431;-0.0970;0.4035;312.0293;7.1187;1.5575;ControllerBody;b8809a6a-d42c-4388-8464-0275ba58c74f;1;Exposure;2026-03-26 11:07:32.1073;Controllers;;OpenXR
Right;1;Exposure;0;NoMitigation;Translation;anonymous;Sample;97;0.0000;-0.0002;0.0000;-0.0002;359.6672;359.9055;0.2537;-0.0002;0.0000;-0.0002;-1.0000;0.0029;0.0008;-0.0022;0;-0.0868;-1.3611;0.0435;0.0000;20.8518;0.0000;0.0000;0.0000;0.0000;0.0000;0.0000;0.0000;0;0.0000;0.0000;0.0000;0.0000;0.0000;0.0000;ControllerBody;0.0823;0.7471;0.6596;0.1425;-0.0912;0.4075;0.9099;-0.4074;0.0648;0.0437;0.0425;-0.0912;0.4075;311.6596;7.1140;2.3060;0.0433;-0.0970;0.4034;311.9922;7.2173;1.4651;0;0.0433;-0.0970;0.4034;311.9922;7.2173;1.4651;ControllerBody;b8809a6a-d42c-4388-8464-0275ba58c74f;1;Exposure;2026-03-26 11:07:32.1278;Controllers;;OpenXR
Right;1;Exposure;0;NoMitigation;Translation;anonymous;Sample;99;0.0000;-0.0002;0.0000;-0.0002;359.6544;359.8684;0.2996;-0.0002;0.0000;-0.0002;-1.0000;0.0030;0.0011;-0.0026;0;-0.0868;-1.3611;0.0435;0.0000;20.8518;0.0000;0.0000;0.0000;0.0000;0.0000;0.0000;0.0000;0;0.0000;0.0000;0.0000;0.0000;0.0000;0.0000;ControllerBody;0.0824;0.7468;0.6599;0.1425;-0.0912;0.4075;0.9100;-0.4073;0.0646;0.0432;0.0425;-0.0912;0.4075;311.6863;7.1208;2.2339;0.0434;-0.0969;0.4035;311.9934;7.1940;1.4386;0;0.0434;-0.0969;0.4035;311.9934;7.1940;1.4386;ControllerBody;b8809a6a-d42c-4388-8464-0275ba58c74f;1;Exposure;2026-03-26 11:07:32.1492;Controllers;;OpenXR
Right;1;Exposure;0;NoMitigation;Translation;anonymous;Sample;102;0.0000;-0.0002;0.0000;-0.0001;359.5932;359.8144;0.3434;-0.0002;0.0000;-0.0001;-1.0000;0.0036;0.0016;-0.0030;0;-0.0868;-1.3611;0.0435;0.0000;20.8518;0.0000;0.0000;0.0000;0.0000;0.0000;0.0000;0.0000;0;0.0000;0.0000;0.0000;0.0000;0.0000;0.0000;ControllerBody;0.0826;0.7464;0.6603;0.1426;-0.0912;0.4076;0.9101;-0.4070;0.0644;0.0426;0.0426;-0.0912;0.4076;311.7193;7.1311;2.1551;0.0437;-0.0969;0.4035;312.0515;7.2451;1.3450;0;0.0437;-0.0969;0.4035;312.0515;7.2451;1.3450;ControllerBody;b8809a6a-d42c-4388-8464-0275ba58c74f;1;Exposure;2026-03-26 11:07:32.1766;Controllers;;OpenXR
Right;1;Exposure;0;NoMitigation;Translation;anonymous;Sample;104;0.0000;-0.0003;0.0001;-0.0002;359.5498;359.8080;0.2836;-0.0003;0.0001;-0.0002;-1.0000;0.0039;0.0017;-0.0025;0;-0.0868;-1.3611;0.0435;0.0000;20.8518;0.0000;0.0000;0.0000;0.0000;0.0000;0.0000;0.0000;0;0.0000;0.0000;0.0000;0.0000;0.0000;0.0000;ControllerBody;0.0828;0.7461;0.6607;0.1426;-0.0912;0.4076;0.9103;-0.4069;0.0642;0.0420;0.0426;-0.0912;0.4076;311.7480;7.1415;2.0784;0.0438;-0.0969;0.4035;312.0571;7.2512;1.2454;0;0.0438;-0.0969;0.4035;312.0571;7.2512;1.2454;ControllerBody;b8809a6a-d42c-4388-8464-0275ba58c74f;1;Exposure;2026-03-26 11:07:32.1991;Controllers;;OpenXR
Right;1;Exposure;0;NoMitigation;Translation;anonymous;Sample;107;0.0000;-0.0003;0.0002;-0.0002;359.5273;359.8017;0.2962;-0.0003;0.0002;-0.0002;-1.0000;0.0041;0.0017;-0.0026;0;-0.0868;-1.3611;0.0435;0.0000;20.8518;0.0000;0.0000;0.0000;0.0000;0.0000;0.0000;0.0000;0;0.0000;0.0000;0.0000;0.0000;0.0000;0.0000;ControllerBody;0.0830;0.7457;0.6610;0.1426;-0.0912;0.4076;0.9104;-0.4067;0.0640;0.0414;0.0426;-0.0912;0.4076;311.7770;7.1526;1.9994;0.0439;-0.0969;0.4035;312.0705;7.2602;1.2222;0;0.0439;-0.0969;0.4035;312.0705;7.2602;1.2222;ControllerBody;b8809a6a-d42c-4388-8464-0275ba58c74f;1;Exposure;2026-03-26 11:07:32.2241;Controllers;;OpenXR
Right;1;Exposure;0;NoMitigation;Translation;anonymous;Sample;110;0.0000;-0.0003;0.0001;-0.0003;359.5401;359.8086;0.3341;-0.0003;0.0001;-0.0003;-1.0000;0.0040;0.0017;-0.0029;0;-0.0868;-1.3611;0.0435;0.0000;20.8518;0.0000;0.0000;0.0000;0.0000;0.0000;0.0000;0.0000;0;0.0000;0.0000;0.0000;0.0000;0.0000;0.0000;ControllerBody;0.0831;0.7455;0.6614;0.1427;-0.0912;0.4076;0.9105;-0.4065;0.0639;0.0409;0.0427;-0.0912;0.4076;311.8016;7.1599;1.9402;0.0439;-0.0971;0.4036;312.1039;7.2160;1.2694;0;0.0439;-0.0971;0.4036;312.1039;7.2160;1.2694;ControllerBody;b8809a6a-d42c-4388-8464-0275ba58c74f;1;Exposure;2026-03-26 11:07:32.2497;Controllers;;OpenXR
Right;1;Exposure;0;NoMitigation;Translation;anonymous;Sample;113;0.0000;-0.0003;0.0001;-0.0003;359.5690;359.8392;0.3516;-0.0003;0.0001;-0.0003;-1.0000;0.0038;0.0014;-0.0031;0;-0.0868;-1.3611;0.0435;0.0000;20.8518;0.0000;0.0000;0.0000;0.0000;0.0000;0.0000;0.0000;0;0.0000;0.0000;0.0000;0.0000;0.0000;0.0000;ControllerBody;0.0831;0.7452;0.6616;0.1427;-0.0912;0.4076;0.9106;-0.4063;0.0637;0.0406;0.0427;-0.0912;0.4076;311.8238;7.1561;1.9040;0.0437;-0.0974;0.4038;312.1496;7.1133;1.4453;0;0.0437;-0.0974;0.4038;312.1496;7.1133;1.4453;ControllerBody;b8809a6a-d42c-4388-8464-0275ba58c74f;1;Exposure;2026-03-26 11:07:32.2746;Controllers;;OpenXR
Right;1;Exposure;0;NoMitigation;Translation;anonymous;Sample;116;0.0000;-0.0003;0.0002;-0.0003;359.5635;359.8685;0.3362;-0.0003;0.0002;-0.0003;-1.0000;0.0038;0.0011;-0.0029;0;-0.0868;-1.3611;0.0435;0.0000;20.8518;0.0000;0.0000;0.0000;0.0000;0.0000;0.0000;0.0000;0;0.0000;0.0000;0.0000;0.0000;0.0000;0.0000;ControllerBody;0.0831;0.7450;0.6619;0.1427;-0.0912;0.4077;0.9107;-0.4062;0.0636;0.0404;0.0427;-0.0912;0.4077;311.8422;7.1528;1.8817;0.0436;-0.0975;0.4039;312.1364;7.0957;1.5331;0;0.0436;-0.0975;0.4039;312.1364;7.0957;1.5331;ControllerBody;b8809a6a-d42c-4388-8464-0275ba58c74f;1;Exposure;2026-03-26 11:07:32.2998;Controllers;;OpenXR
Right;1;Exposure;0;NoMitigation;Translation;anonymous;Sample;119;0.0000;-0.0003;0.0002;-0.0003;359.5210;359.8832;0.3201;-0.0003;0.0002;-0.0003;-1.0000;0.0042;0.0010;-0.0028;0;-0.0868;-1.3611;0.0435;0.0000;20.8518;0.0000;0.0000;0.0000;0.0000;0.0000;0.0000;0.0000;0;0.0000;0.0000;0.0000;0.0000;0.0000;0.0000;ControllerBody;0.0831;0.7448;0.6621;0.1428;-0.0913;0.4077;0.9107;-0.4061;0.0635;0.0402;0.0428;-0.0913;0.4077;311.8582;7.1497;1.8630;0.0435;-0.0976;0.4040;312.1571;7.0864;1.5292;0;0.0435;-0.0976;0.4040;312.1571;7.0864;1.5292;ControllerBody;b8809a6a-d42c-4388-8464-0275ba58c74f;1;Exposure;2026-03-26 11:07:32.3251;Controllers;;OpenXR
Right;1;Exposure;0;NoMitigation;Translation;anonymous;Sample;122;0.0000;-0.0002;0.0003;-0.0004;359.5053;359.8997;0.2750;-0.0002;0.0003;-0.0004;-1.0000;0.0043;0.0009;-0.0024;0;-0.0868;-1.3611;0.0435;0.0000;20.8518;0.0000;0.0000;0.0000;0.0000;0.0000;0.0000;0.0000;0;0.0000;0.0000;0.0000;0.0000;0.0000;0.0000;ControllerBody;0.0830;0.7445;0.6624;0.1428;-0.0913;0.4077;0.9108;-0.4059;0.0634;0.0400;0.0428;-0.0913;0.4077;311.8820;7.1423;1.8379;0.0434;-0.0976;0.4041;312.2529;7.0064;1.4465;0;0.0434;-0.0976;0.4041;312.2529;7.0064;1.4465;ControllerBody;b8809a6a-d42c-4388-8464-0275ba58c74f;1;Exposure;2026-03-26 11:07:32.3484;Controllers;;OpenXR
Right;1;Exposure;0;NoMitigation;Translation;anonymous;Sample;125;0.0000;-0.0002;0.0003;-0.0004;359.5313;359.9319;0.2378;-0.0002;0.0003;-0.0004;-1.0000;0.0041;0.0006;-0.0021;0;-0.0868;-1.3611;0.0435;0.0000;20.8518;0.0000;0.0000;0.0000;0.0000;0.0000;0.0000;0.0000;0;0.0000;0.0000;0.0000;0.0000;0.0000;0.0000;ControllerBody;0.0829;0.7441;0.6629;0.1428;-0.0913;0.4077;0.9110;-0.4057;0.0631;0.0396;0.0428;-0.0913;0.4077;311.9163;7.1244;1.8020;0.0432;-0.0975;0.4040;312.2991;6.8940;1.4001;0;0.0432;-0.0975;0.4040;312.2991;6.8940;1.4001;ControllerBody;b8809a6a-d42c-4388-8464-0275ba58c74f;1;Exposure;2026-03-26 11:07:32.3764;Controllers;;OpenXR
Right;1;Exposure;0;NoMitigation;Translation;anonymous;Sample;128;0.0000;-0.0001;0.0002;-0.0002;359.5363;359.9422;0.2378;-0.0001;0.0002;-0.0002;-1.0000;0.0040;0.0005;-0.0021;0;-0.0868;-1.3611;0.0435;0.0000;20.8518;0.0000;0.0000;0.0000;0.0000;0.0000;0.0000;0.0000;0;0.0000;0.0000;0.0000;0.0000;0.0000;0.0000;ControllerBody;0.0827;0.7438;0.6633;0.1428;-0.0913;0.4078;0.9111;-0.4055;0.0629;0.0393;0.0428;-0.0913;0.4078;311.9427;7.1055;1.7746;0.0430;-0.0975;0.4039;312.2834;6.8370;1.4267;0;0.0430;-0.0975;0.4039;312.2834;6.8370;1.4267;ControllerBody;b8809a6a-d42c-4388-8464-0275ba58c74f;1;Exposure;2026-03-26 11:07:32.3995;Controllers;;OpenXR
Right;1;Exposure;0;NoMitigation;Translation;anonymous;Sample;131;0.0000;-0.0001;0.0002;-0.0002;359.5065;359.9500;0.2569;-0.0001;0.0002;-0.0002;-1.0000;0.0043;0.0004;-0.0022;0;-0.0868;-1.3611;0.0435;0.0000;20.8518;0.0000;0.0000;0.0000;0.0000;0.0000;0.0000;0.0000;0;0.0000;0.0000;0.0000;0.0000;0.0000;0.0000;ControllerBody;0.0824;0.7435;0.6636;0.1428;-0.0913;0.4078;0.9112;-0.4053;0.0626;0.0391;0.0428;-0.0913;0.4078;311.9667;7.0811;1.7532;0.0428;-0.0975;0.4038;312.2561;6.7271;1.5358;0;0.0428;-0.0975;0.4038;312.2561;6.7271;1.5358;ControllerBody;b8809a6a-d42c-4388-8464-0275ba58c74f;1;Exposure;2026-03-26 11:07:32.4248;Controllers;;OpenXR
Right;1;Exposure;0;NoMitigation;Translation;anonymous;Sample;134;0.0000;-0.0001;0.0002;-0.0002;359.5171;359.9624;0.2632;-0.0001;0.0002;-0.0002;-1.0000;0.0042;0.0003;-0.0023;0;-0.0868;-1.3611;0.0435;0.0000;20.8518;0.0000;0.0000;0.0000;0.0000;0.0000;0.0000;0.0000;0;0.0000;0.0000;0.0000;0.0000;0.0000;0.0000;ControllerBody;0.0822;0.7433;0.6639;0.1428;-0.0913;0.4078;0.9113;-0.4052;0.0624;0.0389;0.0428;-0.0913;0.4078;311.9846;7.0552;1.7464;0.0426;-0.0976;0.4039;312.2575;6.6386;1.6846;0;0.0426;-0.0976;0.4039;312.2575;6.6386;1.6846;ControllerBody;b8809a6a-d42c-4388-8464-0275ba58c74f;1;Exposure;2026-03-26 11:07:32.4494;Controllers;;OpenXR
Right;1;Exposure;0;NoMitigation;Translation;anonymous;Sample;137;0.0000;-0.0002;0.0002;-0.0002;359.5414;359.9673;0.2755;-0.0002;0.0002;-0.0002;-1.0000;0.0040;0.0003;-0.0024;0;-0.0868;-1.3611;0.0435;0.0000;20.8518;0.0000;0.0000;0.0000;0.0000;0.0000;0.0000;0.0000;0;0.0000;0.0000;0.0000;0.0000;0.0000;0.0000;ControllerBody;0.0818;0.7430;0.6642;0.1428;-0.0913;0.4078;0.9114;-0.4050;0.0621;0.0388;0.0428;-0.0913;0.4078;312.0083;7.0175;1.7530;0.0423;-0.0979;0.4042;312.3755;6.4349;1.8894;0;0.0423;-0.0979;0.4042;312.3755;6.4349;1.8894;ControllerBody;b8809a6a-d42c-4388-8464-0275ba58c74f;1;Exposure;2026-03-26 11:07:32.4756;Controllers;;OpenXR
Right;1;Exposure;0;NoMitigation;Translation;anonymous;Sample;140;0.0000;-0.0002;0.0002;-0.0002;359.5533;359.9518;0.2996;-0.0002;0.0002;-0.0002;-1.0000;0.0039;0.0004;-0.0026;0;-0.0868;-1.3611;0.0435;0.0000;20.8518;0.0000;0.0000;0.0000;0.0000;0.0000;0.0000;0.0000;0;0.0000;0.0000;0.0000;0.0000;0.0000;0.0000;ControllerBody;0.0813;0.7427;0.6646;0.1428;-0.0913;0.4078;0.9115;-0.4048;0.0618;0.0388;0.0428;-0.0913;0.4078;312.0348;6.9759;1.7639;0.0422;-0.0980;0.4043;312.4113;6.3899;1.9198;0;0.0422;-0.0980;0.4043;312.4113;6.3899;1.9198;ControllerBody;b8809a6a-d42c-4388-8464-0275ba58c74f;1;Exposure;2026-03-26 11:07:32.5008;Controllers;;OpenXR
Right;1;Exposure;0;NoMitigation;Translation;anonymous;Sample;142;0.0000;-0.0003;0.0004;-0.0001;359.4990;359.9150;0.3324;-0.0003;0.0004;-0.0001;-1.0000;0.0044;0.0007;-0.0029;0;-0.0868;-1.3611;0.0435;0.0000;20.8518;0.0000;0.0000;0.0000;0.0000;0.0000;0.0000;0.0000;0;0.0000;0.0000;0.0000;0.0000;0.0000;0.0000;ControllerBody;0.0808;0.7423;0.6651;0.1428;-0.0914;0.4079;0.9116;-0.4045;0.0615;0.0387;0.0428;-0.0914;0.4079;312.0695;6.9257;1.7779;0.0422;-0.0981;0.4046;312.5324;6.2866;1.9426;0;0.0422;-0.0981;0.4046;312.5324;6.2866;1.9426;ControllerBody;b8809a6a-d42c-4388-8464-0275ba58c74f;1;Exposure;2026-03-26 11:07:32.5240;Controllers;;OpenXR
Right;1;Exposure;0;NoMitigation;Translation;anonymous;Sample;145;0.0000;-0.0005;0.0005;-0.0001;359.4729;359.8945;0.3209;-0.0005;0.0005;-0.0001;-1.0000;0.0046;0.0009;-0.0028;0;-0.0868;-1.3611;0.0435;0.0000;20.8518;0.0000;0.0000;0.0000;0.0000;0.0000;0.0000;0.0000;0;0.0000;0.0000;0.0000;0.0000;0.0000;0.0000;ControllerBody;0.0799;0.7414;0.6662;0.1428;-0.0914;0.4079;0.9119;-0.4040;0.0608;0.0384;0.0428;-0.0914;0.4079;312.1457;6.8420;1.7817;0.0423;-0.0981;0.4052;312.8821;6.1117;1.7312;0;0.0423;-0.0981;0.4052;312.8821;6.1117;1.7312;ControllerBody;b8809a6a-d42c-4388-8464-0275ba58c74f;1;Exposure;2026-03-26 11:07:32.5511;Controllers;;OpenXR
Right;1;Exposure;0;NoMitigation;Translation;anonymous;Sample;148;0.0000;-0.0006;0.0006;-0.0002;359.4997;359.8755;0.2543;-0.0006;0.0006;-0.0002;-1.0000;0.0044;0.0011;-0.0022;0;-0.0868;-1.3611;0.0435;0.0000;20.8518;0.0000;0.0000;0.0000;0.0000;0.0000;0.0000;0.0000;0;0.0000;0.0000;0.0000;0.0000;0.0000;0.0000;ControllerBody;0.0786;0.7396;0.6684;0.1428;-0.0914;0.4080;0.9126;-0.4028;0.0596;0.0376;0.0428;-0.0914;0.4080;312.3011;6.7054;1.7462;0.0423;-0.0980;0.4061;313.3446;5.8075;1.4663;0;0.0423;-0.0980;0.4061;313.3446;5.8075;1.4663;ControllerBody;b8809a6a-d42c-4388-8464-0275ba58c74f;1;Exposure;2026-03-26 11:07:32.5755;Controllers;;OpenXR
Right;1;Exposure;0;NoMitigation;Translation;anonymous;Sample;151;0.0000;-0.0008;0.0006;-0.0005;359.5532;359.8833;0.1416;-0.0008;0.0006;-0.0005;-1.0000;0.0039;0.0010;-0.0012;0;-0.0868;-1.3611;0.0435;0.0000;20.8518;0.0000;0.0000;0.0000;0.0000;0.0000;0.0000;0.0000;0;0.0000;0.0000;0.0000;0.0000;0.0000;0.0000;ControllerBody;0.0755;0.7350;0.6739;0.1428;-0.0915;0.4082;0.9142;-0.3998;0.0568;0.0354;0.0428;-0.0915;0.4082;312.6932;6.3944;1.6261;0.0418;-0.0982;0.4078;314.2961;5.2030;1.0647;0;0.0418;-0.0982;0.4078;314.2961;5.2030;1.0647;ControllerBody;b8809a6a-d42c-4388-8464-0275ba58c74f;1;Exposure;2026-03-26 11:07:32.6008;Controllers;;OpenXR
Right;1;Exposure;0;NoMitigation;Translation;anonymous;Sample;154;0.0000;-0.0011;0.0008;-0.0010;359.5503;359.9559;0.0088;-0.0011;0.0008;-0.0010;-1.0000;0.0039;0.0004;-0.0001;0;-0.0868;-1.3611;0.0435;0.0000;20.8518;0.0000;0.0000;0.0000;0.0000;0.0000;0.0000;0.0000;0;0.0000;0.0000;0.0000;0.0000;0.0000;0.0000;ControllerBody;0.0687;0.7208;0.6897;0.1427;-0.0917;0.4087;0.9187;-0.3907;0.0501;0.0300;0.0427;-0.0917;0.4087;313.8795;5.6883;1.3125;0.0411;-0.0999;0.4122;316.7268;4.1130;0.6095;0;0.0411;-0.0999;0.4122;316.7268;4.1130;0.6095;ControllerBody;b8809a6a-d42c-4388-8464-0275ba58c74f;1;Exposure;2026-03-26 11:07:32.6265;Controllers;;OpenXR
Right;1;Exposure;0;NoMitigation;Translation;anonymous;Sample;156;0.0000;-0.0015;0.0012;-0.0014;359.4079;359.9688;0.0301;-0.0015;0.0012;-0.0014;-1.0000;0.0052;0.0003;-0.0003;0;-0.0868;-1.3611;0.0435;0.0000;20.8518;0.0000;0.0000;0.0000;0.0000;0.0000;0.0000;0.0000;0;0.0000;0.0000;0.0000;0.0000;0.0000;0.0000;ControllerBody;0.0597;0.6957;0.7159;0.1425;-0.0922;0.4101;0.9260;-0.3746;0.0416;0.0232;0.0425;-0.0922;0.4101;315.9201;4.7645;0.9415;0.0404;-0.1023;0.4175;319.4765;3.3185;0.2553;0;0.0404;-0.1023;0.4175;319.4765;3.3185;0.2553;ControllerBody;b8809a6a-d42c-4388-8464-0275ba58c74f;1;Exposure;2026-03-26 11:07:32.6491;Controllers;;OpenXR
Right;1;Exposure;0;NoMitigation;Translation;anonymous;Sample;159;0.0000;-0.0018;0.0016;-0.0018;359.1906;359.9075;0.0568;-0.0018;0.0016;-0.0018;-1.0000;0.0071;0.0008;-0.0005;0;-0.0868;-1.3611;0.0435;0.0000;20.8518;0.0000;0.0000;0.0000;0.0000;0.0000;0.0000;0.0000;0;0.0000;0.0000;0.0000;0.0000;0.0000;0.0000;ControllerBody;0.0467;0.6570;0.7525;0.1421;-0.0935;0.4131;0.9360;-0.3505;0.0304;0.0146;0.0421;-0.0935;0.4131;318.9309;3.5493;0.4636;0.0393;-0.1058;0.4243;322.5884;1.9565;359.8188;0;0.0393;-0.1058;0.4243;322.5884;1.9565;359.8188;ControllerBody;b8809a6a-d42c-4388-8464-0275ba58c74f;1;Exposure;2026-03-26 11:07:32.6761;Controllers;;OpenXR
Right;1;Exposure;0;NoMitigation;Translation;anonymous;Sample;162;0.0000;-0.0022;0.0019;-0.0022;358.9859;359.8154;0.0538;-0.0022;0.0019;-0.0022;-1.0000;0.0089;0.0016;-0.0005;0;-0.0868;-1.3611;0.0435;0.0000;20.8518;0.0000;0.0000;0.0000;0.0000;0.0000;0.0000;0.0000;0;0.0000;0.0000;0.0000;0.0000;0.0000;0.0000;ControllerBody;0.0262;0.6176;0.7861;0.1413;-0.0954;0.4175;0.9450;-0.3267;0.0157;0.0052;0.0413;-0.0954;0.4175;321.8590;1.9123;359.9700;0.0369;-0.1082;0.4324;325.5493;359.6866;359.2565;0;0.0369;-0.1082;0.4324;325.5493;359.6866;359.2565;ControllerBody;b8809a6a-d42c-4388-8464-0275ba58c74f;1;Exposure;2026-03-26 11:07:32.7004;Controllers;;OpenXR
Right;1;Exposure;0;NoMitigation;Translation;anonymous;Sample;165;0.0000;-0.0025;0.0021;-0.0026;358.8953;359.7061;0.0823;-0.0025;0.0021;-0.0026;-1.0000;0.0096;0.0026;-0.0007;0;-0.0868;-1.3611;0.0435;0.0000;20.8518;0.0000;0.0000;0.0000;0.0000;0.0000;0.0000;0.0000;0;0.0000;0.0000;0.0000;0.0000;0.0000;0.0000;ControllerBody;0.0088;0.5821;0.8130;0.1399;-0.0976;0.4242;0.9521;-0.3057;0.0044;-0.0006;0.0399;-0.0976;0.4242;324.3992;0.6173;359.7346;0.0356;-0.1089;0.4433;328.0216;359.4441;359.5609;0;0.0356;-0.1089;0.4433;328.0216;359.4441;359.5609;ControllerBody;b8809a6a-d42c-4388-8464-0275ba58c74f;1;Exposure;2026-03-26 11:07:32.7253;Controllers;;OpenXR
Right;1;Exposure;0;NoMitigation;Translation;anonymous;Sample;168;0.0000;-0.0027;0.0019;-0.0030;358.8934;359.6216;0.0567;-0.0027;0.0019;-0.0030;-0.9999;0.0097;0.0033;-0.0005;0;-0.0868;-1.3611;0.0435;0.0000;20.8518;0.0000;0.0000;0.0000;0.0000;0.0000;0.0000;0.0000;0;0.0000;0.0000;0.0000;0.0000;0.0000;0.0000;ControllerBody;0.0099;0.5463;0.8376;0.1389;-0.0994;0.4328;0.9585;-0.2849;0.0055;0.0013;0.0389;-0.0994;0.4328;326.8889;0.6742;359.9539;0.0359;-0.1087;0.4556;330.9813;1.1739;0.3837;0;0.0359;-0.1087;0.4556;330.9813;1.1739;0.3837;ControllerBody;b8809a6a-d42c-4388-8464-0275ba58c74f;1;Exposure;2026-03-26 11:07:32.7486;Controllers;;OpenXR
Right;1;Exposure;0;NoMitigation;Translation;anonymous;Sample;171;0.0000;-0.0029;0.0016;-0.0036;359.0513;359.5796;0.0754;-0.0029;0.0016;-0.0036;-1.0000;0.0083;0.0037;-0.0006;0;-0.0868;-1.3611;0.0435;0.0000;20.8518;0.0000;0.0000;0.0000;0.0000;0.0000;0.0000;0.0000;0;0.0000;0.0000;0.0000;0.0000;0.0000;0.0000;ControllerBody;0.0117;0.4968;0.8678;0.1379;-0.1008;0.4435;0.9664;-0.2570;0.0072;0.0043;0.0379;-0.1008;0.4435;330.2125;0.7714;0.3012;0.0340;-0.1074;0.4679;334.7606;0.2381;0.7597;0;0.0340;-0.1074;0.4679;334.7606;0.2381;0.7597;ControllerBody;b8809a6a-d42c-4388-8464-0275ba58c74f;1;Exposure;2026-03-26 11:07:32.7750;Controllers;;OpenXR
Right;1;Exposure;0;NoMitigation;Translation;anonymous;Sample;174;0.0000;-0.0031;0.0013;-0.0043;359.2369;359.5914;-0.0040;-0.0031;0.0013;-0.0043;-1.0000;0.0067;0.0036;0.0001;0;-0.0868;-1.3611;0.0435;0.0000;20.8518;0.0000;0.0000;0.0000;0.0000;0.0000;0.0000;0.0000;0;0.0000;0.0000;0.0000;0.0000;0.0000;0.0000;ControllerBody;-0.0119;0.4457;0.8951;0.1358;-0.1010;0.4541;0.9734;-0.2289;-0.0061;-0.0001;0.0358;-0.1010;0.4541;333.5343;359.2400;0.1721;0.0297;-0.1022;0.4763;336.9585;357.0960;359.4656;0;0.0297;-0.1022;0.4763;336.9585;357.0960;359.4656;ControllerBody;b8809a6a-d42c-4388-8464-0275ba58c74f;1;Exposure;2026-03-26 11:07:32.7996;Controllers;;OpenXR
Right;1;Exposure;0;NoMitigation;Translation;anonymous;Sample;177;0.0000;-0.0034;0.0010;-0.0050;359.5331;359.6834;359.8903;-0.0034;0.0010;-0.0050;-1.0000;0.0041;0.0028;0.0010;0;-0.0868;-1.3611;0.0435;0.0000;20.8518;0.0000;0.0000;0.0000;0.0000;0.0000;0.0000;0.0000;0;0.0000;0.0000;0.0000;0.0000;0.0000;0.0000;ControllerBody;-0.0405;0.4121;0.9102;0.1336;-0.0992;0.4630;0.9773;-0.2107;-0.0227;-0.0090;0.0336;-0.0992;0.4630;335.6602;357.4527;359.4897;0.0270;-0.0950;0.4833;338.4654;354.8469;358.5298;0;0.0270;-0.0950;0.4833;338.4654;354.8469;358.5298;ControllerBody;b8809a6a-d42c-4388-8464-0275ba58c74f;1;Exposure;2026-03-26 11:07:32.8244;Controllers;;OpenXR
Right;1;Exposure;0;NoMitigation;Translation;anonymous;Sample;180;0.0000;-0.0037;0.0009;-0.0057;359.6374;359.7506;359.8316;-0.0037;0.0009;-0.0057;-1.0000;0.0032;0.0022;0.0015;0;-0.0868;-1.3611;0.0435;0.0000;20.8518;0.0000;0.0000;0.0000;0.0000;0.0000;0.0000;0.0000;0;0.0000;0.0000;0.0000;0.0000;0.0000;0.0000;ControllerBody;-0.0613;0.3809;0.9226;0.1317;-0.0961;0.4720;0.9803;-0.1937;-0.0344;-0.0158;0.0317;-0.0961;0.4720;337.6097;356.1979;358.9052;0.0274;-0.0879;0.4924;340.6663;354.7291;357.9622;0;0.0274;-0.0879;0.4924;340.6663;354.7291;357.9622;ControllerBody;b8809a6a-d42c-4388-8464-0275ba58c74f;1;Exposure;2026-03-26 11:07:32.8501;Controllers;;OpenXR
Right;1;Exposure;0;NoMitigation;Translation;anonymous;Sample;183;0.0000;-0.0040;0.0006;-0.0064;359.6725;359.7674;359.8786;-0.0040;0.0006;-0.0064;-1.0000;0.0029;0.0020;0.0011;0;-0.0868;-1.3611;0.0435;0.0000;20.8518;0.0000;0.0000;0.0000;0.0000;0.0000;0.0000;0.0000;0;0.0000;0.0000;0.0000;0.0000;0.0000;0.0000;ControllerBody;-0.0626;0.3565;0.9322;0.1309;-0.0915;0.4821;0.9828;-0.1807;-0.0350;-0.0175;0.0309;-0.0915;0.4821;339.1174;356.1611;358.6681;0.0303;-0.0806;0.5026;341.8280;357.0516;358.7186;0;0.0303;-0.0806;0.5026;341.8280;357.0516;358.7186;ControllerBody;b8809a6a-d42c-4388-8464-0275ba58c74f;1;Exposure;2026-03-26 11:07:32.8763;Controllers;;OpenXR
Right;1;Exposure;0;NoMitigation;Translation;anonymous;Sample;186;0.0000;-0.0042;0.0001;-0.0073;359.8195;359.8102;359.8915;-0.0042;0.0001;-0.0073;-1.0000;0.0016;0.0017;0.0009;0;-0.0868;-1.3611;0.0435;0.0000;20.8518;0.0000;0.0000;0.0000;0.0000;0.0000;0.0000;0.0000;0;0.0000;0.0000;0.0000;0.0000;0.0000;0.0000;ControllerBody;-0.0482;0.3305;0.9426;0.1308;-0.0870;0.4911;0.9855;-0.1674;-0.0264;-0.0116;0.0308;-0.0870;0.4911;340.7008;357.0737;359.1538;0.0305;-0.0748;0.5130;343.9077;359.0305;0.4092;0;0.0305;-0.0748;0.5130;343.9077;359.0305;0.4092;ControllerBody;b8809a6a-d42c-4388-8464-0275ba58c74f;1;Exposure;2026-03-26 11:07:32.8995;Controllers;;OpenXR
Right;1;Exposure;0;NoMitigation;Translation;anonymous;Sample;189;0.0000;-0.0045;-0.0005;-0.0083;0.1312;359.8661;359.9026;-0.0045;-0.0005;-0.0083;-1.0000;-0.0011;0.0012;0.0008;0;-0.0868;-1.3611;0.0435;0.0000;20.8518;0.0000;0.0000;0.0000;0.0000;0.0000;0.0000;0.0000;0;0.0000;0.0000;0.0000;0.0000;0.0000;0.0000;ControllerBody;-0.0538;0.2797;0.9586;0.1293;-0.0823;0.5013;0.9895;-0.1411;-0.0286;-0.0101;0.0293;-0.0823;0.5013;343.7549;356.7852;359.2909;0.0241;-0.0709;0.5213;347.5785;355.0457;358.7098;0;0.0241;-0.0709;0.5213;347.5785;355.0457;358.7098;ControllerBody;b8809a6a-d42c-4388-8464-0275ba58c74f;1;Exposure;2026-03-26 11:07:32.9239;Controllers;;OpenXR
Right;1;Exposure;0;NoMitigation;Translation;anonymous;Sample;192;0.0000;-0.0048;-0.0010;-0.0094;0.4246;359.9171;359.9476;-0.0048;-0.0010;-0.0094;-1.0000;-0.0037;0.0007;0.0005;0;-0.0868;-1.3611;0.0435;0.0000;20.8518;0.0000;0.0000;0.0000;0.0000;0.0000;0.0000;0.0000;0;0.0000;0.0000;0.0000;0.0000;0.0000;0.0000;ControllerBody;-0.0651;0.2498;0.9661;0.1274;-0.0774;0.5099;0.9914;-0.1255;-0.0345;-0.0135;0.0274;-0.0774;0.5099;345.5345;356.1478;358.9245;0.0233;-0.0639;0.5271;347.6231;355.5734;359.1110;0;0.0233;-0.0639;0.5271;347.6231;355.5734;359.1110;ControllerBody;b8809a6a-d42c-4388-8464-0275ba58c74f;1;Exposure;2026-03-26 11:07:32.9506;Controllers;;OpenXR
Right;1;Exposure;0;NoMitigation;Translation;anonymous;Sample;195;0.0000;-0.0050;-0.0015;-0.0104;0.6358;359.9242;0.0638;-0.0050;-0.0015;-0.0104;-1.0000;-0.0055;0.0007;-0.0006;0;-0.0868;-1.3611;0.0435;0.0000;20.8518;0.0000;0.0000;0.0000;0.0000;0.0000;0.0000;0.0000;0;0.0000;0.0000;0.0000;0.0000;0.0000;0.0000;ControllerBody;-0.0549;0.2371;0.9699;0.1264;-0.0721;0.5172;0.9925;-0.1193;-0.0281;-0.0034;0.0264;-0.0721;0.5172;346.2856;356.7615;-0.0042;0.0239;-0.0562;0.5326;346.8166;358.3637;2.8292;0;0.0239;-0.0562;0.5326;346.8166;358.3637;2.8292;ControllerBody;b8809a6a-d42c-4388-8464-0275ba58c74f;1;Exposure;2026-03-26 11:07:32.9752;Controllers;;OpenXR
Right;1;Exposure;0;NoMitigation;Translation;anonymous;Sample;198;0.0000;-0.0053;-0.0018;-0.0115;0.7940;359.9194;0.0740;-0.0053;-0.0018;-0.0115;-1.0000;-0.0069;0.0007;-0.0007;0;-0.0868;-1.3611;0.0435;0.0000;20.8518;0.0000;0.0000;0.0000;0.0000;0.0000;0.0000;0.0000;0;0.0000;0.0000;0.0000;0.0000;0.0000;0.0000;ControllerBody;-0.0445;0.2252;0.9733;0.1256;-0.0669;0.5238;0.9933;-0.1135;-0.0219;0.0050;0.0256;-0.0669;0.5238;346.9868;357.3795;0.8722;0.0231;-0.0515;0.5380;348.0323;358.3788;2.3138;0;0.0231;-0.0515;0.5380;348.0323;358.3788;2.3138;ControllerBody;b8809a6a-d42c-4388-8464-0275ba58c74f;1;Exposure;2026-03-26 11:07:32.9987;Controllers;;OpenXR
Right;1;Exposure;0;NoMitigation;Translation;anonymous;Sample;201;0.0000;-0.0055;-0.0022;-0.0126;0.9498;359.9355;0.0320;-0.0055;-0.0022;-0.0126;-1.0000;-0.0083;0.0006;-0.0003;0;-0.0868;-1.3611;0.0435;0.0000;20.8518;0.0000;0.0000;0.0000;0.0000;0.0000;0.0000;0.0000;0;0.0000;0.0000;0.0000;0.0000;0.0000;0.0000;ControllerBody;-0.0435;0.2098;0.9768;0.1247;-0.0619;0.5301;0.9942;-0.1056;-0.0217;0.0020;0.0247;-0.0619;0.5301;347.8892;357.4485;0.5001;0.0220;-0.0476;0.5421;349.6642;357.1076;358.6869;0;0.0220;-0.0476;0.5421;349.6642;357.1076;358.6869;ControllerBody;b8809a6a-d42c-4388-8464-0275ba58c74f;1;Exposure;2026-03-26 11:07:33.0280;Controllers;;OpenXR
Right;1;Exposure;0;NoMitigation;Translation;anonymous;Sample;203;0.0000;-0.0058;-0.0028;-0.0138;1.0955;359.9339;0.0328;-0.0058;-0.0028;-0.0138;-1.0000;-0.0096;0.0006;-0.0003;0;-0.0868;-1.3611;0.0435;0.0000;20.8518;0.0000;0.0000;0.0000;0.0000;0.0000;0.0000;0.0000;0;0.0000;0.0000;0.0000;0.0000;0.0000;0.0000;ControllerBody;-0.0481;0.1942;0.9798;0.1238;-0.0582;0.5345;0.9949;-0.0974;-0.0247;-0.0061;0.0238;-0.0582;0.5345;348.8022;357.1914;359.5777;0.0203;-0.0432;0.5457;350.2149;356.3322;357.4214;0;0.0203;-0.0432;0.5457;350.2149;356.3322;357.4214;ControllerBody;b8809a6a-d42c-4388-8464-0275ba58c74f;1;Exposure;2026-03-26 11:07:33.0490;Controllers;;OpenXR
Right;1;Exposure;0;NoMitigation;Translation;anonymous;Sample;206;0.0000;-0.0062;-0.0033;-0.0149;1.2314;359.9133;0.0765;-0.0062;-0.0033;-0.0149;-0.9999;-0.0107;0.0008;-0.0007;0;-0.0868;-1.3611;0.0435;0.0000;20.8518;0.0000;0.0000;0.0000;0.0000;0.0000;0.0000;0.0000;0;0.0000;0.0000;0.0000;0.0000;0.0000;0.0000;ControllerBody;-0.0475;0.1848;0.9816;0.1229;-0.0540;0.5391;0.9954;-0.0927;-0.0246;-0.0075;0.0229;-0.0540;0.5391;349.3495;357.2288;359.3906;0.0203;-0.0392;0.5486;350.2706;357.5173;359.1742;0;0.0203;-0.0392;0.5486;350.2706;357.5173;359.1742;ControllerBody;b8809a6a-d42c-4388-8464-0275ba58c74f;1;Exposure;2026-03-26 11:07:33.0752;Controllers;;OpenXR
Right;1;Exposure;0;NoMitigation;Translation;anonymous;Sample;209;0.0000;-0.0067;-0.0036;-0.0161;1.3376;359.8601;359.9906;-0.0067;-0.0036;-0.0161;-0.9999;-0.0117;0.0012;0.0001;0;-0.0868;-1.3611;0.0435;0.0000;20.8518;0.0000;0.0000;0.0000;0.0000;0.0000;0.0000;0.0000;0;0.0000;0.0000;0.0000;0.0000;0.0000;0.0000;ControllerBody;-0.0453;0.1776;0.9831;0.1224;-0.0503;0.5426;0.9957;-0.0890;-0.0234;-0.0077;0.0224;-0.0503;0.5426;349.7689;357.3618;359.3550;0.0202;-0.0355;0.5503;350.6510;358.0828;359.0069;0;0.0202;-0.0355;0.5503;350.6510;358.0828;359.0069;ControllerBody;b8809a6a-d42c-4388-8464-0275ba58c74f;1;Exposure;2026-03-26 11:07:33.0986;Controllers;;OpenXR
Right;1;Exposure;0;NoMitigation;Translation;anonymous;Sample;212;0.0000;-0.0072;-0.0038;-0.0173;1.4498;359.8050;359.7897;-0.0072;-0.0038;-0.0173;-0.9999;-0.0127;0.0017;0.0018;0;-0.0868;-1.3611;0.0435;0.0000;20.8518;0.0000;0.0000;0.0000;0.0000;0.0000;0.0000;0.0000;0;0.0000;0.0000;0.0000;0.0000;0.0000;0.0000;ControllerBody;-0.0457;0.1691;0.9845;0.1215;-0.0470;0.5454;0.9961;-0.0847;-0.0237;-0.0092;0.0215;-0.0470;0.5454;350.2616;357.3414;359.1674;0.0169;-0.0330;0.5499;351.3737;356.3393;358.1163;0;0.0169;-0.0330;0.5499;351.3737;356.3393;358.1163;ControllerBody;b8809a6a-d42c-4388-8464-0275ba58c74f;1;Exposure;2026-03-26 11:07:33.1242;Controllers;;OpenXR
Right;1;Exposure;0;NoMitigation;Translation;anonymous;Sample;215;0.0000;-0.0076;-0.0042;-0.0184;1.4533;359.7609;359.7651;-0.0076;-0.0042;-0.0184;-0.9999;-0.0127;0.0021;0.0020;0;-0.0868;-1.3611;0.0435;0.0000;20.8518;0.0000;0.0000;0.0000;0.0000;0.0000;0.0000;0.0000;0;0.0000;0.0000;0.0000;0.0000;0.0000;0.0000;ControllerBody;-0.0505;0.1587;0.9860;0.1204;-0.0443;0.5475;0.9964;-0.0793;-0.0263;-0.0119;0.0204;-0.0443;0.5475;350.8701;357.0710;358.8673;0.0157;-0.0318;0.5506;352.0893;356.0082;358.0957;0;0.0157;-0.0318;0.5506;352.0893;356.0082;358.0957;ControllerBody;b8809a6a-d42c-4388-8464-0275ba58c74f;1;Exposure;2026-03-26 11:07:33.1498;Controllers;;OpenXR
Right;1;Exposure;0;NoMitigation;Translation;anonymous;Sample;218;0.0000;-0.0082;-0.0044;-0.0196;1.4479;359.7457;359.8693;-0.0082;-0.0044;-0.0196;-0.9999;-0.0126;0.0022;0.0011;0;-0.0868;-1.3611;0.0435;0.0000;20.8518;0.0000;0.0000;0.0000;0.0000;0.0000;0.0000;0.0000;0;0.0000;0.0000;0.0000;0.0000;0.0000;0.0000;ControllerBody;-0.0496;0.1523;0.9871;0.1199;-0.0422;0.5492;0.9967;-0.0761;-0.0258;-0.0118;0.0199;-0.0422;0.5492;351.2372;357.1234;358.8688;0.0179;-0.0311;0.5522;352.2709;357.7212;359.4456;0;0.0179;-0.0311;0.5522;352.2709;357.7212;359.4456;ControllerBody;b8809a6a-d42c-4388-8464-0275ba58c74f;1;Exposure;2026-03-26 11:07:33.1749;Controllers;;OpenXR
Right;1;Exposure;0;NoMitigation;Translation;anonymous;Sample;221;0.0000;-0.0088;-0.0046;-0.0208;1.4045;359.7505;359.9457;-0.0088;-0.0046;-0.0208;-0.9999;-0.0123;0.0022;0.0004;0;-0.0868;-1.3611;0.0435;0.0000;20.8518;0.0000;0.0000;0.0000;0.0000;0.0000;0.0000;0.0000;0;0.0000;0.0000;0.0000;0.0000;0.0000;0.0000;ControllerBody;-0.0413;0.1427;0.9889;0.1198;-0.0406;0.5509;0.9972;-0.0714;-0.0213;-0.0079;0.0198;-0.0406;0.5509;351.7938;357.6097;359.2593;0.0204;-0.0320;0.5545;353.3050;359.2765;0.4320;0;0.0204;-0.0320;0.5545;353.3050;359.2765;0.4320;ControllerBody;b8809a6a-d42c-4388-8464-0275ba58c74f;1;Exposure;2026-03-26 11:07:33.2001;Controllers;;OpenXR
Right;1;Exposure;0;NoMitigation;Translation;anonymous;Sample;224;0.0000;-0.0094;-0.0045;-0.0219;1.3816;359.7949;359.9689;-0.0094;-0.0045;-0.0219;-0.9999;-0.0121;0.0018;0.0003;0;-0.0868;-1.3611;0.0435;0.0000;20.8518;0.0000;0.0000;0.0000;0.0000;0.0000;0.0000;0.0000;0;0.0000;0.0000;0.0000;0.0000;0.0000;0.0000;ControllerBody;-0.0337;0.1294;0.9910;0.1200;-0.0395;0.5523;0.9977;-0.0647;-0.0174;-0.0069;0.0200;-0.0395;0.5523;352.5653;358.0497;359.3391;0.0206;-0.0322;0.5549;354.4649;358.8373;358.8531;0;0.0206;-0.0322;0.5549;354.4649;358.8373;358.8531;ControllerBody;b8809a6a-d42c-4388-8464-0275ba58c74f;1;Exposure;2026-03-26 11:07:33.2246;Controllers;;OpenXR
Right;1;Exposure;0;NoMitigation;Translation;anonymous;Sample;227;0.0000;-0.0100;-0.0044;-0.0230;1.3104;359.8678;359.9353;-0.0100;-0.0044;-0.0230;-0.9999;-0.0114;0.0011;0.0006;0;-0.0868;-1.3611;0.0435;0.0000;20.8518;0.0000;0.0000;0.0000;0.0000;0.0000;0.0000;0.0000;0;0.0000;0.0000;0.0000;0.0000;0.0000;0.0000;ControllerBody;-0.0343;0.1234;0.9918;0.1198;-0.0385;0.5532;0.9979;-0.0617;-0.0177;-0.0082;0.0198;-0.0385;0.5532;352.9109;358.0189;359.1764;0.0184;-0.0307;0.5533;354.0203;357.4193;358.4160;0;0.0184;-0.0307;0.5533;354.0203;357.4193;358.4160;ControllerBody;b8809a6a-d42c-4388-8464-0275ba58c74f;1;Exposure;2026-03-26 11:07:33.2508;Controllers;;OpenXR
Right;1;Exposure;0;NoMitigation;Translation;anonymous;Sample;230;0.0000;-0.0107;-0.0044;-0.0241;1.2538;359.9497;0.0346;-0.0107;-0.0044;-0.0241;-0.9999;-0.0109;0.0004;-0.0003;0;-0.0868;-1.3611;0.0435;0.0000;20.8518;0.0000;0.0000;0.0000;0.0000;0.0000;0.0000;0.0000;0;0.0000;0.0000;0.0000;0.0000;0.0000;0.0000;ControllerBody;-0.0347;0.1200;0.9922;0.1197;-0.0376;0.5539;0.9980;-0.0600;-0.0179;-0.0083;0.0197;-0.0376;0.5539;353.1092;357.9953;359.1672;0.0200;-0.0301;0.5530;353.8099;358.2148;359.5495;0;0.0200;-0.0301;0.5530;353.8099;358.2148;359.5495;ControllerBody;b8809a6a-d42c-4388-8464-0275ba58c74f;1;Exposure;2026-03-26 11:07:33.2749;Controllers;;OpenXR
Right;1;Exposure;0;NoMitigation;Translation;anonymous;Sample;233;0.0000;-0.0115;-0.0043;-0.0250;1.1794;0.0608;0.0759;-0.0115;-0.0043;-0.0250;-0.9999;-0.0103;-0.0005;-0.0007;0;-0.0868;-1.3611;0.0435;0.0000;20.8518;0.0000;0.0000;0.0000;0.0000;0.0000;0.0000;0.0000;0;0.0000;0.0000;0.0000;0.0000;0.0000;0.0000;ControllerBody;-0.0319;0.1171;0.9926;0.1200;-0.0369;0.5546;0.9981;-0.0585;-0.0164;-0.0073;0.0200;-0.0369;0.5546;353.2765;358.1606;359.2722;0.0245;-0.0308;0.5538;354.1017;359.4843;359.8142;0;0.0245;-0.0308;0.5538;354.1017;359.4843;359.8142;ControllerBody;b8809a6a-d42c-4388-8464-0275ba58c74f;1;Exposure;2026-03-26 11:07:33.3012;Controllers;;OpenXR
Right;1;Exposure;0;NoMitigation;Translation;anonymous;Sample;236;0.0000;-0.0124;-0.0040;-0.0258;0.9924;0.1588;0.0692;-0.0124;-0.0040;-0.0258;-1.0000;-0.0087;-0.0014;-0.0006;0;-0.0868;-1.3611;0.0435;0.0000;20.8518;0.0000;0.0000;0.0000;0.0000;0.0000;0.0000;0.0000;0;0.0000;0.0000;0.0000;0.0000;0.0000;0.0000;ControllerBody;-0.0256;0.1117;0.9934;0.1209;-0.0363;0.5554;0.9983;-0.0558;-0.0132;-0.0073;0.0209;-0.0363;0.5554;353.5891;358.5267;359.2466;0.0298;-0.0324;0.5547;354.9744;359.8663;358.8766;0;0.0298;-0.0324;0.5547;354.9744;359.8663;358.8766;ControllerBody;b8809a6a-d42c-4388-8464-0275ba58c74f;1;Exposure;2026-03-26 11:07:33.3250;Controllers;;OpenXR
Right;1;Exposure;0;NoMitigation;Translation;anonymous;Sample;239;0.0000;-0.0133;-0.0040;-0.0266;0.7651;0.3149;0.2423;-0.0133;-0.0040;-0.0266;-1.0000;-0.0067;-0.0027;-0.0021;0;-0.0868;-1.3611;0.0435;0.0000;20.8518;0.0000;0.0000;0.0000;0.0000;0.0000;0.0000;0.0000;0;0.0000;0.0000;0.0000;0.0000;0.0000;0.0000;ControllerBody;-0.0206;0.1065;0.9941;0.1224;-0.0358;0.5563;0.9985;-0.0532;-0.0107;-0.0080;0.0224;-0.0358;0.5563;353.8883;358.8119;359.1487;0.0355;-0.0330;0.5553;355.0523;0.0184;358.8944;0;0.0355;-0.0330;0.5553;355.0523;0.0184;358.8944;ControllerBody;b8809a6a-d42c-4388-8464-0275ba58c74f;1;Exposure;2026-03-26 11:07:33.3488;Controllers;;OpenXR
Right;1;Exposure;0;NoMitigation;Translation;anonymous;Sample;240;0.0000;-0.0161;-0.0032;-0.0280;0.2508;1.4088;0.7171;-0.0161;-0.0032;-0.0280;-0.9999;-0.0023;-0.0123;-0.0062;0;-0.0868;-1.3611;0.0435;0.0000;20.8518;0.0000;0.0000;0.0000;0.0000;0.0000;0.0000;0.0000;0;0.0000;0.0000;0.0000;0.0000;0.0000;0.0000;ControllerBody;0.0351;0.0904;0.9953;0.1432;-0.0342;0.5605;0.9988;-0.0454;0.0173;-0.0059;0.0432;-0.0342;0.5605;354.8135;2.0185;359.2365;0.0732;-0.0323;0.5592;355.5485;4.5792;359.3438;0;0.0732;-0.0323;0.5592;355.5485;4.5792;359.3438;ControllerBody;b8809a6a-d42c-4388-8464-0275ba58c74f;1;Exposure;2026-03-26 11:07:33.4694;Controllers;;OpenXR
Right;1;Exposure;0;NoMitigation;Translation;anonymous;Sample;242;0.0000;-0.0181;-0.0028;-0.0285;0.0473;2.5071;1.3700;-0.0181;-0.0028;-0.0285;-0.9997;-0.0007;-0.0219;-0.0119;0;-0.0868;-1.3611;0.0435;0.0000;20.8518;0.0000;0.0000;0.0000;0.0000;0.0000;0.0000;0.0000;0;0.0000;0.0000;0.0000;0.0000;0.0000;0.0000;ControllerBody;0.0683;0.0806;0.9944;0.1630;-0.0333;0.5630;0.9986;-0.0405;0.0340;-0.0047;0.0630;-0.0333;0.5630;355.3781;3.9268;359.2990;0.1090;-0.0323;0.5604;356.5744;7.8595;359.5226;0;0.1090;-0.0323;0.5604;356.5744;7.8595;359.5226;ControllerBody;b8809a6a-d42c-4388-8464-0275ba58c74f;1;Exposure;2026-03-26 11:07:33.4922;Controllers;;OpenXR
Right;1;Exposure;0;NoMitigation;Translation;anonymous;Sample;245;0.0000;-0.0188;-0.0026;-0.0285;0.0933;2.9644;1.3954;-0.0188;-0.0026;-0.0285;-0.9996;-0.0011;-0.0259;-0.0122;0;-0.0868;-1.3611;0.0435;0.0000;20.8518;0.0000;0.0000;0.0000;0.0000;0.0000;0.0000;0.0000;0;0.0000;0.0000;0.0000;0.0000;0.0000;0.0000;ControllerBody;0.0996;0.0709;0.9925;0.1834;-0.0328;0.5647;0.9981;-0.0357;0.0497;-0.0038;0.0834;-0.0328;0.5647;355.9349;5.7288;359.3630;0.1223;-0.0323;0.5601;356.8773;8.9378;359.4121;0;0.1223;-0.0323;0.5601;356.8773;8.9378;359.4121;ControllerBody;b8809a6a-d42c-4388-8464-0275ba58c74f;1;Exposure;2026-03-26 11:07:33.5169;Controllers;;OpenXR
Right;1;Exposure;0;NoMitigation;Translation;anonymous;Sample;248;0.0000;-0.0194;-0.0025;-0.0285;0.0372;3.3453;1.4264;-0.0194;-0.0025;-0.0285;-0.9995;-0.0007;-0.0292;-0.0124;0;-0.0868;-1.3611;0.0435;0.0000;20.8518;0.0000;0.0000;0.0000;0.0000;0.0000;0.0000;0.0000;0;0.0000;0.0000;0.0000;0.0000;0.0000;0.0000;ControllerBody;0.1237;0.0658;0.9901;0.2004;-0.0322;0.5654;0.9975;-0.0332;0.0619;-0.0032;0.1004;-0.0322;0.5654;356.2249;7.1232;359.4008;0.1344;-0.0310;0.5592;356.6130;9.9530;359.6375;0;0.1344;-0.0310;0.5592;356.6130;9.9530;359.6375;ControllerBody;b8809a6a-d42c-4388-8464-0275ba58c74f;1;Exposure;2026-03-26 11:07:33.5435;Controllers;;OpenXR
Right;1;Exposure;0;NoMitigation;Translation;anonymous;Sample;250;0.0000;-0.0197;-0.0022;-0.0284;359.9529;3.6517;1.5502;-0.0197;-0.0022;-0.0284;-0.9994;0.0000;-0.0319;-0.0135;0;-0.0868;-1.3611;0.0435;0.0000;20.8518;0.0000;0.0000;0.0000;0.0000;0.0000;0.0000;0.0000;0;0.0000;0.0000;0.0000;0.0000;0.0000;0.0000;ControllerBody;0.1452;0.0655;0.9872;0.2131;-0.0313;0.5655;0.9968;-0.0329;0.0728;-0.0007;0.1131;-0.0313;0.5655;356.2418;8.3656;359.6483;0.1460;-0.0293;0.5576;356.1641;11.4408;0.3597;0;0.1460;-0.0293;0.5576;356.1641;11.4408;0.3597;ControllerBody;b8809a6a-d42c-4388-8464-0275ba58c74f;1;Exposure;2026-03-26 11:07:33.5672;Controllers;;OpenXR
Right;1;Exposure;0;NoMitigation;Translation;anonymous;Sample;253;0.0000;-0.0200;-0.0022;-0.0283;359.7708;3.8913;1.6402;-0.0200;-0.0022;-0.0283;-0.9993;0.0015;-0.0340;-0.0144;0;-0.0868;-1.3611;0.0435;0.0000;20.8518;0.0000;0.0000;0.0000;0.0000;0.0000;0.0000;0.0000;0;0.0000;0.0000;0.0000;0.0000;0.0000;0.0000;ControllerBody;0.1760;0.0676;0.9821;0.2268;-0.0303;0.5649;0.9955;-0.0336;0.0885;0.0040;0.1268;-0.0303;0.5649;356.1225;10.1599;0.1144;0.1555;-0.0284;0.5558;355.8273;13.0604;0.9156;0;0.1555;-0.0284;0.5558;355.8273;13.0604;0.9156;ControllerBody;b8809a6a-d42c-4388-8464-0275ba58c74f;1;Exposure;2026-03-26 11:07:33.5935;Controllers;;OpenXR
Right;1;Exposure;0;NoMitigation;Translation;anonymous;Sample;255;0.0000;-0.0198;-0.0021;-0.0282;359.6252;4.2885;1.7976;-0.0198;-0.0021;-0.0282;-0.9992;0.0027;-0.0375;-0.0158;0;-0.0868;-1.3611;0.0435;0.0000;20.8518;0.0000;0.0000;0.0000;0.0000;0.0000;0.0000;0.0000;0;0.0000;0.0000;0.0000;0.0000;0.0000;0.0000;ControllerBody;0.1895;0.0690;0.9794;0.2347;-0.0297;0.5643;0.9948;-0.0340;0.0955;0.0069;0.1347;-0.0297;0.5643;356.0422;10.9521;0.4098;0.1614;-0.0284;0.5544;355.8060;13.2479;1.3309;0;0.1614;-0.0284;0.5544;355.8060;13.2479;1.3309;ControllerBody;b8809a6a-d42c-4388-8464-0275ba58c74f;1;Exposure;2026-03-26 11:07:33.6165;Controllers;;OpenXR
Right;1;Exposure;0;NoMitigation;Translation;anonymous;Sample;258;0.0000;-0.0192;-0.0022;-0.0282;359.7099;4.6616;1.8488;-0.0192;-0.0022;-0.0282;-0.9990;0.0019;-0.0407;-0.0162;0;-0.0868;-1.3611;0.0435;0.0000;20.8518;0.0000;0.0000;0.0000;0.0000;0.0000;0.0000;0.0000;0;0.0000;0.0000;0.0000;0.0000;0.0000;0.0000;ControllerBody;0.1970;0.0687;0.9780;0.2420;-0.0293;0.5634;0.9945;-0.0338;0.0993;0.0072;0.1420;-0.0293;0.5634;356.0600;11.3909;0.4377;0.1646;-0.0289;0.5532;356.3103;12.8607;359.9402;0;0.1646;-0.0289;0.5532;356.3103;12.8607;359.9402;ControllerBody;b8809a6a-d42c-4388-8464-0275ba58c74f;1;Exposure;2026-03-26 11:07:33.6421;Controllers;;OpenXR
Right;1;Exposure;0;NoMitigation;Translation;anonymous;Sample;261;0.0000;-0.0185;-0.0023;-0.0285;359.8173;5.0414;1.9199;-0.0185;-0.0023;-0.0285;-0.9989;0.0009;-0.0440;-0.0168;0;-0.0868;-1.3611;0.0435;0.0000;20.8518;0.0000;0.0000;0.0000;0.0000;0.0000;0.0000;0.0000;0;0.0000;0.0000;0.0000;0.0000;0.0000;0.0000;ControllerBody;0.2010;0.0675;0.9773;0.2470;-0.0293;0.5628;0.9943;-0.0334;0.1013;0.0056;0.1470;-0.0293;0.5628;356.1307;11.6233;0.2470;0.1663;-0.0297;0.5522;356.5172;12.7603;359.2090;0;0.1663;-0.0297;0.5522;356.5172;12.7603;359.2090;ControllerBody;b8809a6a-d42c-4388-8464-0275ba58c74f;1;Exposure;2026-03-26 11:07:33.6698;Controllers;;OpenXR
Right;1;Exposure;0;NoMitigation;Translation;anonymous;Sample;263;0.0000;-0.0175;-0.0024;-0.0286;359.6712;5.3475;2.0762;-0.0175;-0.0024;-0.0286;-0.9987;0.0020;-0.0467;-0.0182;0;-0.0868;-1.3611;0.0435;0.0000;20.8518;0.0000;0.0000;0.0000;0.0000;0.0000;0.0000;0.0000;0;0.0000;0.0000;0.0000;0.0000;0.0000;0.0000;ControllerBody;0.2038;0.0666;0.9767;0.2504;-0.0294;0.5622;0.9942;-0.0330;0.1027;0.0052;0.1504;-0.0294;0.5622;356.1815;11.7847;0.2012;0.1658;-0.0311;0.5519;356.5551;12.8575;0.1093;0;0.1658;-0.0311;0.5519;356.5551;12.8575;0.1093;ControllerBody;b8809a6a-d42c-4388-8464-0275ba58c74f;1;Exposure;2026-03-26 11:07:33.6924;Controllers;;OpenXR
Right;1;Exposure;0;NoMitigation;Translation;anonymous;Sample;266;0.0000;-0.0166;-0.0026;-0.0289;359.6807;5.6021;2.1728;-0.0166;-0.0026;-0.0289;-0.9986;0.0019;-0.0489;-0.0191;0;-0.0868;-1.3611;0.0435;0.0000;20.8518;0.0000;0.0000;0.0000;0.0000;0.0000;0.0000;0.0000;0;0.0000;0.0000;0.0000;0.0000;0.0000;0.0000;ControllerBody;0.2061;0.0654;0.9763;0.2525;-0.0297;0.5618;0.9941;-0.0323;0.1038;0.0056;0.1525;-0.0297;0.5618;356.2486;11.9179;0.2575;0.1640;-0.0322;0.5518;356.6917;12.7805;0.8300;0;0.1640;-0.0322;0.5518;356.6917;12.7805;0.8300;ControllerBody;b8809a6a-d42c-4388-8464-0275ba58c74f;1;Exposure;2026-03-26 11:07:33.7178;Controllers;;OpenXR
Right;1;Exposure;0;NoMitigation;Translation;anonymous;Sample;269;0.0000;-0.0159;-0.0027;-0.0290;359.6154;5.8185;2.0665;-0.0159;-0.0027;-0.0290;-0.9985;0.0024;-0.0508;-0.0182;0;-0.0868;-1.3611;0.0435;0.0000;20.8518;0.0000;0.0000;0.0000;0.0000;0.0000;0.0000;0.0000;0;0.0000;0.0000;0.0000;0.0000;0.0000;0.0000;ControllerBody;0.2075;0.0649;0.9761;0.2538;-0.0299;0.5615;0.9940;-0.0320;0.1046;0.0063;0.1538;-0.0299;0.5615;356.2760;12.0029;0.3392;0.1626;-0.0319;0.5514;356.3877;12.6398;0.9547;0;0.1626;-0.0319;0.5514;356.3877;12.6398;0.9547;ControllerBody;b8809a6a-d42c-4388-8464-0275ba58c74f;1;Exposure;2026-03-26 11:07:33.7436;Controllers;;OpenXR
Right;1;Exposure;0;NoMitigation;Translation;anonymous;Sample;272;0.0000;-0.0153;-0.0027;-0.0292;359.5266;5.9217;1.9220;-0.0153;-0.0027;-0.0292;-0.9985;0.0033;-0.0517;-0.0170;0;-0.0868;-1.3611;0.0435;0.0000;20.8518;0.0000;0.0000;0.0000;0.0000;0.0000;0.0000;0.0000;0;0.0000;0.0000;0.0000;0.0000;0.0000;0.0000;ControllerBody;0.2083;0.0648;0.9759;0.2547;-0.0300;0.5612;0.9939;-0.0319;0.1050;0.0065;0.1547;-0.0300;0.5612;356.2837;12.0507;0.3616;0.1624;-0.0319;0.5515;356.3540;12.5941;0.4385;0;0.1624;-0.0319;0.5515;356.3540;12.5941;0.4385;ControllerBody;b8809a6a-d42c-4388-8464-0275ba58c74f;1;Exposure;2026-03-26 11:07:33.7662;Controllers;;OpenXR
Right;1;Exposure;0;NoMitigation;Translation;anonymous;Sample;275;0.0000;-0.0149;-0.0028;-0.0294;359.5145;5.9344;1.7973;-0.0149;-0.0028;-0.0294;-0.9985;0.0034;-0.0518;-0.0159;0;-0.0868;-1.3611;0.0435;0.0000;20.8518;0.0000;0.0000;0.0000;0.0000;0.0000;0.0000;0.0000;0;0.0000;0.0000;0.0000;0.0000;0.0000;0.0000;ControllerBody;0.2090;0.0647;0.9758;0.2555;-0.0302;0.5610;0.9939;-0.0319;0.1054;0.0063;0.1555;-0.0302;0.5610;356.2930;12.0918;0.3357;0.1627;-0.0331;0.5517;356.4888;12.6307;359.8536;0;0.1627;-0.0331;0.5517;356.4888;12.6307;359.8536;ControllerBody;b8809a6a-d42c-4388-8464-0275ba58c74f;1;Exposure;2026-03-26 11:07:33.7930;Controllers;;OpenXR
Right;1;Exposure;0;NoMitigation;Translation;anonymous;Sample;278;0.0000;-0.0146;-0.0028;-0.0297;359.6073;5.8999;1.6581;-0.0146;-0.0028;-0.0297;-0.9986;0.0027;-0.0515;-0.0146;0;-0.0868;-1.3611;0.0435;0.0000;20.8518;0.0000;0.0000;0.0000;0.0000;0.0000;0.0000;0.0000;0;0.0000;0.0000;0.0000;0.0000;0.0000;0.0000;ControllerBody;0.2098;0.0640;0.9756;0.2563;-0.0305;0.5609;0.9939;-0.0316;0.1058;0.0060;0.1563;-0.0305;0.5609;356.3313;12.1378;0.3038;0.1628;-0.0352;0.5525;356.8700;12.6496;0.0906;0;0.1628;-0.0352;0.5525;356.8700;12.6496;0.0906;ControllerBody;b8809a6a-d42c-4388-8464-0275ba58c74f;1;Exposure;2026-03-26 11:07:33.8170;Controllers;;OpenXR
Right;1;Exposure;0;NoMitigation;Translation;anonymous;Sample;281;0.0000;-0.0141;-0.0028;-0.0298;359.6336;5.7268;1.5491;-0.0141;-0.0028;-0.0298;-0.9987;0.0025;-0.0500;-0.0137;0;-0.0868;-1.3611;0.0435;0.0000;20.8518;0.0000;0.0000;0.0000;0.0000;0.0000;0.0000;0.0000;0;0.0000;0.0000;0.0000;0.0000;0.0000;0.0000;ControllerBody;0.2112;0.0626;0.9754;0.2569;-0.0310;0.5609;0.9938;-0.0308;0.1064;0.0065;0.1569;-0.0310;0.5609;356.4108;12.2144;0.3602;0.1625;-0.0370;0.5531;356.9496;12.8309;1.1672;0;0.1625;-0.0370;0.5531;356.9496;12.8309;1.1672;ControllerBody;b8809a6a-d42c-4388-8464-0275ba58c74f;1;Exposure;2026-03-26 11:07:33.8424;Controllers;;OpenXR
Right;1;Exposure;0;NoMitigation;Translation;anonymous;Sample;284;0.0000;-0.0140;-0.0027;-0.0299;359.4815;5.5162;1.5084;-0.0140;-0.0027;-0.0299;-0.9987;0.0039;-0.0482;-0.0134;0;-0.0868;-1.3611;0.0435;0.0000;20.8518;0.0000;0.0000;0.0000;0.0000;0.0000;0.0000;0.0000;0;0.0000;0.0000;0.0000;0.0000;0.0000;0.0000;ControllerBody;0.2130;0.0626;0.9750;0.2575;-0.0314;0.5608;0.9937;-0.0306;0.1074;0.0081;0.1575;-0.0314;0.5608;356.4135;12.3225;0.5471;0.1622;-0.0359;0.5528;356.1775;12.9052;1.5581;0;0.1622;-0.0359;0.5528;356.1775;12.9052;1.5581;ControllerBody;b8809a6a-d42c-4388-8464-0275ba58c74f;1;Exposure;2026-03-26 11:07:33.8690;Controllers;;OpenXR
Right;1;Exposure;0;NoMitigation;Translation;anonymous;Sample;286;0.0000;-0.0140;-0.0026;-0.0299;359.3310;5.2988;1.4305;-0.0140;-0.0026;-0.0299;-0.9988;0.0053;-0.0463;-0.0127;0;-0.0868;-1.3611;0.0435;0.0000;20.8518;0.0000;0.0000;0.0000;0.0000;0.0000;0.0000;0.0000;0;0.0000;0.0000;0.0000;0.0000;0.0000;0.0000;ControllerBody;0.2133;0.0629;0.9750;0.2579;-0.0316;0.5608;0.9937;-0.0308;0.1076;0.0082;0.1579;-0.0316;0.5608;356.3941;12.3385;0.5512;0.1623;-0.0351;0.5525;355.9791;12.5226;0.3194;0;0.1623;-0.0351;0.5525;355.9791;12.5226;0.3194;ControllerBody;b8809a6a-d42c-4388-8464-0275ba58c74f;1;Exposure;2026-03-26 11:07:33.8920;Controllers;;OpenXR
Right;1;Exposure;0;NoMitigation;Translation;anonymous;Sample;289;0.0000;-0.0141;-0.0025;-0.0299;359.3507;5.1140;1.3846;-0.0141;-0.0025;-0.0299;-0.9989;0.0051;-0.0447;-0.0123;0;-0.0868;-1.3611;0.0435;0.0000;20.8518;0.0000;0.0000;0.0000;0.0000;0.0000;0.0000;0.0000;0;0.0000;0.0000;0.0000;0.0000;0.0000;0.0000;ControllerBody;0.2135;0.0631;0.9749;0.2583;-0.0318;0.5607;0.9937;-0.0310;0.1076;0.0074;0.1583;-0.0318;0.5607;356.3811;12.3501;0.4652;0.1633;-0.0357;0.5528;356.3891;12.5231;359.6152;0;0.1633;-0.0357;0.5528;356.3891;12.5231;359.6152;ControllerBody;b8809a6a-d42c-4388-8464-0275ba58c74f;1;Exposure;2026-03-26 11:07:33.9166;Controllers;;OpenXR
Right;1;Exposure;0;NoMitigation;Translation;anonymous;Sample;292;0.0000;-0.0142;-0.0025;-0.0299;359.4116;4.9186;1.4063;-0.0142;-0.0025;-0.0299;-0.9990;0.0046;-0.0430;-0.0125;0;-0.0868;-1.3611;0.0435;0.0000;20.8518;0.0000;0.0000;0.0000;0.0000;0.0000;0.0000;0.0000;0;0.0000;0.0000;0.0000;0.0000;0.0000;0.0000;ControllerBody;0.2139;0.0630;0.9748;0.2588;-0.0321;0.5607;0.9937;-0.0309;0.1078;0.0072;0.1588;-0.0321;0.5607;356.3856;12.3734;0.4413;0.1636;-0.0360;0.5530;356.4679;12.8239;0.2932;0;0.1636;-0.0360;0.5530;356.4679;12.8239;0.2932;ControllerBody;b8809a6a-d42c-4388-8464-0275ba58c74f;1;Exposure;2026-03-26 11:07:33.9428;Controllers;;OpenXR
Right;1;Exposure;0;NoMitigation;Translation;anonymous;Sample;295;0.0000;-0.0143;-0.0025;-0.0296;359.3599;4.7617;1.3805;-0.0143;-0.0025;-0.0296;-0.9990;0.0051;-0.0416;-0.0123;0;-0.0868;-1.3611;0.0435;0.0000;20.8518;0.0000;0.0000;0.0000;0.0000;0.0000;0.0000;0.0000;0;0.0000;0.0000;0.0000;0.0000;0.0000;0.0000;ControllerBody;0.2142;0.0630;0.9748;0.2591;-0.0323;0.5606;0.9936;-0.0309;0.1080;0.0073;0.1591;-0.0323;0.5606;356.3864;12.3940;0.4481;0.1631;-0.0360;0.5527;356.3168;12.7225;0.7188;0;0.1631;-0.0360;0.5527;356.3168;12.7225;0.7188;ControllerBody;b8809a6a-d42c-4388-8464-0275ba58c74f;1;Exposure;2026-03-26 11:07:33.9665;Controllers;;OpenXR
Right;1;Exposure;0;NoMitigation;Translation;anonymous;Sample;298;0.0000;-0.0143;-0.0025;-0.0294;359.3692;4.6872;1.2398;-0.0143;-0.0025;-0.0294;-0.9991;0.0051;-0.0409;-0.0110;0;-0.0868;-1.3611;0.0435;0.0000;20.8518;0.0000;0.0000;0.0000;0.0000;0.0000;0.0000;0.0000;0;0.0000;0.0000;0.0000;0.0000;0.0000;0.0000;ControllerBody;0.2141;0.0634;0.9747;0.2594;-0.0324;0.5606;0.9936;-0.0311;0.1080;0.0075;0.1594;-0.0324;0.5606;356.3661;12.3898;0.4691;0.1623;-0.0355;0.5523;356.0266;12.3239;0.8036;0;0.1623;-0.0355;0.5523;356.0266;12.3239;0.8036;ControllerBody;b8809a6a-d42c-4388-8464-0275ba58c74f;1;Exposure;2026-03-26 11:07:33.9928;Controllers;;OpenXR
Right;1;Exposure;0;NoMitigation;Translation;anonymous;Sample;300;0.0000;-0.0143;-0.0027;-0.0293;359.4915;4.6404;1.1244;-0.0143;-0.0027;-0.0293;-0.9991;0.0040;-0.0405;-0.0100;0;-0.0868;-1.3611;0.0435;0.0000;20.8518;0.0000;0.0000;0.0000;0.0000;0.0000;0.0000;0.0000;0;0.0000;0.0000;0.0000;0.0000;0.0000;0.0000;ControllerBody;0.2139;0.0637;0.9748;0.2597;-0.0325;0.5605;0.9936;-0.0312;0.1079;0.0076;0.1597;-0.0325;0.5605;356.3491;12.3766;0.4790;0.1627;-0.0355;0.5525;356.1205;12.4332;0.7061;0;0.1627;-0.0355;0.5525;356.1205;12.4332;0.7061;ControllerBody;b8809a6a-d42c-4388-8464-0275ba58c74f;1;Exposure;2026-03-26 11:07:34.0185;Controllers;;OpenXR
Right;1;Exposure;0;NoMitigation;Translation;anonymous;Sample;303;0.0000;-0.0142;-0.0028;-0.0292;359.5644;4.6670;1.0618;-0.0142;-0.0028;-0.0292;-0.9991;0.0034;-0.0407;-0.0094;0;-0.0868;-1.3611;0.0435;0.0000;20.8518;0.0000;0.0000;0.0000;0.0000;0.0000;0.0000;0.0000;0;0.0000;0.0000;0.0000;0.0000;0.0000;0.0000;ControllerBody;0.2140;0.0639;0.9747;0.2599;-0.0327;0.5605;0.9936;-0.0313;0.1079;0.0077;0.1599;-0.0327;0.5605;356.3342;12.3836;0.4945;0.1630;-0.0353;0.5523;355.9850;12.5565;0.8591;0;0.1630;-0.0353;0.5523;355.9850;12.5565;0.8591;ControllerBody;b8809a6a-d42c-4388-8464-0275ba58c74f;1;Exposure;2026-03-26 11:07:34.0418;Controllers;;OpenXR
Right;1;Exposure;0;NoMitigation;Translation;anonymous;Sample;306;0.0000;-0.0141;-0.0026;-0.0289;359.5548;4.6919;0.9904;-0.0141;-0.0026;-0.0289;-0.9991;0.0035;-0.0410;-0.0088;0;-0.0868;-1.3611;0.0435;0.0000;20.8518;0.0000;0.0000;0.0000;0.0000;0.0000;0.0000;0.0000;0;0.0000;0.0000;0.0000;0.0000;0.0000;0.0000;ControllerBody;0.2143;0.0647;0.9746;0.2601;-0.0327;0.5605;0.9936;-0.0317;0.1081;0.0081;0.1601;-0.0327;0.5605;356.2900;12.4034;0.5293;0.1631;-0.0349;0.5519;355.6687;12.6611;0.9390;0;0.1631;-0.0349;0.5519;355.6687;12.6611;0.9390;ControllerBody;b8809a6a-d42c-4388-8464-0275ba58c74f;1;Exposure;2026-03-26 11:07:34.0674;Controllers;;OpenXR
Right;1;Exposure;0;NoMitigation;Translation;anonymous;Sample;309;0.0000;-0.0141;-0.0024;-0.0287;359.5594;4.7655;0.9753;-0.0141;-0.0024;-0.0287;-0.9991;0.0035;-0.0416;-0.0087;0;-0.0868;-1.3611;0.0435;0.0000;20.8518;0.0000;0.0000;0.0000;0.0000;0.0000;0.0000;0.0000;0;0.0000;0.0000;0.0000;0.0000;0.0000;0.0000;ControllerBody;0.2150;0.0674;0.9743;0.2603;-0.0328;0.5604;0.9935;-0.0329;0.1085;0.0091;0.1603;-0.0328;0.5604;356.1337;12.4452;0.6251;0.1621;-0.0338;0.5510;354.9508;12.6839;1.3882;0;0.1621;-0.0338;0.5510;354.9508;12.6839;1.3882;ControllerBody;b8809a6a-d42c-4388-8464-0275ba58c74f;1;Exposure;2026-03-26 11:07:34.0923;Controllers;;OpenXR
Right;1;Exposure;0;NoMitigation;Translation;anonymous;Sample;312;0.0000;-0.0141;-0.0025;-0.0286;359.6321;4.8229;1.0127;-0.0141;-0.0025;-0.0286;-0.9991;0.0028;-0.0421;-0.0090;0;-0.0868;-1.3611;0.0435;0.0000;20.8518;0.0000;0.0000;0.0000;0.0000;0.0000;0.0000;0.0000;0;0.0000;0.0000;0.0000;0.0000;0.0000;0.0000;ControllerBody;0.2143;0.0757;0.9738;0.2603;-0.0327;0.5603;0.9934;-0.0368;0.1083;0.0125;0.1603;-0.0327;0.5603;355.6570;12.4130;0.9691;0.1588;-0.0319;0.5495;353.6524;12.0912;2.4439;0;0.1588;-0.0319;0.5495;353.6524;12.0912;2.4439;ControllerBody;b8809a6a-d42c-4388-8464-0275ba58c74f;1;Exposure;2026-03-26 11:07:34.1162;Controllers;;OpenXR
Right;1;Exposure;0;NoMitigation;Translation;anonymous;Sample;315;0.0000;-0.0143;-0.0024;-0.0286;359.6277;4.8763;1.1466;-0.0143;-0.0024;-0.0286;-0.9990;0.0028;-0.0426;-0.0101;0;-0.0868;-1.3611;0.0435;0.0000;20.8518;0.0000;0.0000;0.0000;0.0000;0.0000;0.0000;0.0000;0;0.0000;0.0000;0.0000;0.0000;0.0000;0.0000;ControllerBody;0.2099;0.0933;0.9733;0.2601;-0.0326;0.5600;0.9931;-0.0448;0.1066;0.0202;0.1601;-0.0326;0.5600;354.6472;12.1680;1.7640;0.1544;-0.0299;0.5470;352.2599;11.4807;3.7704;0;0.1544;-0.0299;0.5470;352.2599;11.4807;3.7704;ControllerBody;b8809a6a-d42c-4388-8464-0275ba58c74f;1;Exposure;2026-03-26 11:07:34.1421;Controllers;;OpenXR
Right;1;Exposure;0;NoMitigation;Translation;anonymous;Sample;318;0.0000;-0.0146;-0.0022;-0.0284;359.4887;4.8552;1.1892;-0.0146;-0.0022;-0.0284;-0.9990;0.0040;-0.0424;-0.0106;0;-0.0868;-1.3611;0.0435;0.0000;20.8518;0.0000;0.0000;0.0000;0.0000;0.0000;0.0000;0.0000;0;0.0000;0.0000;0.0000;0.0000;0.0000;0.0000;ControllerBody;0.1987;0.1230;0.9723;0.2589;-0.0319;0.5590;0.9924;-0.0582;0.1023;0.0366;0.1589;-0.0319;0.5590;352.9359;11.5514;3.5144;0.1458;-0.0275;0.5433;350.2738;10.2504;6.6513;0;0.1458;-0.0275;0.5433;350.2738;10.2504;6.6513;ControllerBody;b8809a6a-d42c-4388-8464-0275ba58c74f;1;Exposure;2026-03-26 11:07:34.1674;Controllers;;OpenXR
Right;1;Exposure;0;NoMitigation;Translation;anonymous;Sample;321;0.0000;-0.0151;-0.0021;-0.0280;359.4503;4.7478;1.2426;-0.0151;-0.0021;-0.0280;-0.9991;0.0043;-0.0415;-0.0110;0;-0.0868;-1.3611;0.0435;0.0000;20.8518;0.0000;0.0000;0.0000;0.0000;0.0000;0.0000;0.0000;0;0.0000;0.0000;0.0000;0.0000;0.0000;0.0000;ControllerBody;0.1264;0.1878;0.9740;0.2519;-0.0306;0.5561;0.9869;-0.0866;0.0740;0.1144;0.1519;-0.0306;0.5561;349.1763;7.3915;12.5184;0.1225;-0.0292;0.5387;347.7585;4.6704;17.9613;0;0.1225;-0.0292;0.5387;347.7585;4.6704;17.9613;ControllerBody;b8809a6a-d42c-4388-8464-0275ba58c74f;1;Exposure;2026-03-26 11:07:34.1920;Controllers;;OpenXR
Right;1;Exposure;0;NoMitigation;Translation;anonymous;Sample;324;0.0000;-0.0158;-0.0016;-0.0274;359.3645;4.5440;1.4335;-0.0158;-0.0016;-0.0274;-0.9991;0.0050;-0.0397;-0.0127;0;-0.0868;-1.3611;0.0435;0.0000;20.8518;0.0000;0.0000;0.0000;0.0000;0.0000;0.0000;0.0000;0;0.0000;0.0000;0.0000;0.0000;0.0000;0.0000;ControllerBody;0.0059;0.2117;0.9773;0.2349;-0.0322;0.5513;0.9650;-0.1026;0.0285;0.2395;0.1349;-0.0322;0.5513;347.7774;0.3458;27.8419;0.0953;-0.0406;0.5333;347.9642;357.7366;33.9848;0;0.0953;-0.0406;0.5333;347.9642;357.7366;33.9848;ControllerBody;b8809a6a-d42c-4388-8464-0275ba58c74f;1;Exposure;2026-03-26 11:07:34.2168;Controllers;;OpenXR
Right;1;Exposure;0;NoMitigation;Translation;anonymous;Sample;326;0.0000;-0.0163;-0.0014;-0.0269;359.2212;4.2833;1.4288;-0.0163;-0.0014;-0.0269;-0.9992;0.0063;-0.0375;-0.0127;0;-0.0868;-1.3611;0.0435;0.0000;20.8518;0.0000;0.0000;0.0000;0.0000;0.0000;0.0000;0.0000;0;0.0000;0.0000;0.0000;0.0000;0.0000;0.0000;ControllerBody;-0.0995;0.1680;0.9807;0.2102;-0.0418;0.5449;0.9180;-0.0972;-0.0135;0.3843;0.1102;-0.0418;0.5449;350.3263;354.2043;45.9287;0.0702;-0.0626;0.5271;351.5606;352.5337;51.3520;0;0.0702;-0.0626;0.5271;351.5606;352.5337;51.3520;ControllerBody;b8809a6a-d42c-4388-8464-0275ba58c74f;1;Exposure;2026-03-26 11:07:34.2429;Controllers;;OpenXR
Right;1;Exposure;0;NoMitigation;Translation;anonymous;Sample;329;0.0000;-0.0168;-0.0011;-0.0264;359.1527;4.0517;1.3775;-0.0168;-0.0011;-0.0264;-0.9993;0.0070;-0.0354;-0.0123;0;-0.0868;-1.3611;0.0435;0.0000;20.8518;0.0000;0.0000;0.0000;0.0000;0.0000;0.0000;0.0000;0;0.0000;0.0000;0.0000;0.0000;0.0000;0.0000;ControllerBody;-0.1728;0.0785;0.9818;0.1853;-0.0603;0.5377;0.8531;-0.0785;-0.0540;0.5130;0.0853;-0.0603;0.5377;355.4971;350.0209;62.4336;0.0501;-0.0932;0.5187;357.8026;348.9551;68.2508;0;0.0501;-0.0932;0.5187;357.8026;348.9551;68.2508;ControllerBody;b8809a6a-d42c-4388-8464-0275ba58c74f;1;Exposure;2026-03-26 11:07:34.2675;Controllers;;OpenXR
Right;1;Exposure;0;NoMitigation;Translation;anonymous;Sample;332;0.0000;-0.0171;-0.0008;-0.0259;359.0406;3.7825;1.5765;-0.0171;-0.0008;-0.0259;-0.9993;0.0079;-0.0331;-0.0140;0;-0.0868;-1.3611;0.0435;0.0000;20.8518;0.0000;0.0000;0.0000;0.0000;0.0000;0.0000;0.0000;0;0.0000;0.0000;0.0000;0.0000;0.0000;0.0000;ControllerBody;-0.1990;-0.0067;0.9800;0.1653;-0.0850;0.5287;0.7697;-0.0608;-0.0795;0.6305;0.0653;-0.0850;0.5287;0.3820;348.5218;78.6007;0.0406;-0.1223;0.5069;1.5942;348.4518;85.0711;0;0.0406;-0.1223;0.5069;1.5942;348.4518;85.0711;ControllerBody;b8809a6a-d42c-4388-8464-0275ba58c74f;1;Exposure;2026-03-26 11:07:34.2923;Controllers;;OpenXR
Right;1;Exposure;0;NoMitigation;Translation;anonymous;Sample;335;0.0000;-0.0175;-0.0004;-0.0249;358.8963;3.5618;1.6891;-0.0175;-0.0004;-0.0249;-0.9994;0.0092;-0.0312;-0.0150;0;-0.0868;-1.3611;0.0435;0.0000;20.8518;0.0000;0.0000;0.0000;0.0000;0.0000;0.0000;0.0000;0;0.0000;0.0000;0.0000;0.0000;0.0000;0.0000;ControllerBody;-0.2103;-0.0304;0.9772;0.1525;-0.1070;0.5186;0.6990;-0.0645;-0.0852;0.7071;0.0525;-0.1070;0.5186;1.7414;347.8545;90.4728;0.0349;-0.1426;0.4935;2.5232;347.4725;96.1565;0;0.0349;-0.1426;0.4935;2.5232;347.4725;96.1565;ControllerBody;b8809a6a-d42c-4388-8464-0275ba58c74f;1;Exposure;2026-03-26 11:07:34.3171;Controllers;;OpenXR
Right;1;Exposure;0;NoMitigation;Translation;anonymous;Sample;338;0.0000;-0.0179;-0.0003;-0.0242;358.8747;3.3792;1.6475;-0.0179;-0.0003;-0.0242;-0.9994;0.0094;-0.0296;-0.0147;0;-0.0868;-1.3611;0.0435;0.0000;20.8518;0.0000;0.0000;0.0000;0.0000;0.0000;0.0000;0.0000;0;0.0000;0.0000;0.0000;0.0000;0.0000;0.0000;ControllerBody;-0.2191;-0.0660;0.9735;0.1428;-0.1270;0.5078;0.6593;-0.0605;-0.0981;0.7430;0.0428;-0.1270;0.5078;3.7826;347.3130;96.4084;0.0274;-0.1626;0.4799;6.0476;346.8641;101.1030;0;0.0274;-0.1626;0.4799;6.0476;346.8641;101.1030;ControllerBody;b8809a6a-d42c-4388-8464-0275ba58c74f;1;Exposure;2026-03-26 11:07:34.3418;Controllers;;OpenXR
Right;1;Exposure;0;NoMitigation;Translation;anonymous;Sample;341;0.0000;-0.0181;0.0001;-0.0236;358.9073;3.2305;1.7117;-0.0181;0.0001;-0.0236;-0.9994;0.0091;-0.0283;-0.0152;0;-0.0868;-1.3611;0.0435;0.0000;20.8518;0.0000;0.0000;0.0000;0.0000;0.0000;0.0000;0.0000;0;0.0000;0.0000;0.0000;0.0000;0.0000;0.0000;ControllerBody;-0.2427;-0.0922;0.9657;0.1326;-0.1467;0.4946;0.6185;-0.0667;-0.1127;0.7748;0.0326;-0.1467;0.4946;5.2884;345.8902;102.1421;0.0165;-0.1774;0.4640;5.9041;344.2094;106.7709;0;0.0165;-0.1774;0.4640;5.9041;344.2094;106.7709;ControllerBody;b8809a6a-d42c-4388-8464-0275ba58c74f;1;Exposure;2026-03-26 11:07:34.3666;Controllers;;OpenXR
Right;1;Exposure;0;NoMitigation;Translation;anonymous;Sample;344;0.0000;-0.0183;0.0002;-0.0229;358.6913;3.0487;1.9167;-0.0183;0.0002;-0.0229;-0.9994;0.0110;-0.0268;-0.0170;0;-0.0868;-1.3611;0.0435;0.0000;20.8518;0.0000;0.0000;0.0000;0.0000;0.0000;0.0000;0.0000;0;0.0000;0.0000;0.0000;0.0000;0.0000;0.0000;ControllerBody;-0.2897;-0.1123;0.9505;0.1213;-0.1647;0.4795;0.5875;-0.0841;-0.1330;0.7938;0.0213;-0.1647;0.4795;6.4499;343.0472;106.0256;0.0033;-0.1965;0.4442;8.4244;339.9929;109.5704;0;0.0033;-0.1965;0.4442;8.4244;339.9929;109.5704;ControllerBody;b8809a6a-d42c-4388-8464-0275ba58c74f;1;Exposure;2026-03-26 11:07:34.3907;Controllers;;OpenXR
Right;1;Exposure;0;NoMitigation;Translation;anonymous;Sample;347;0.0000;-0.0185;-0.0001;-0.0225;358.6895;2.8789;1.9881;-0.0185;-0.0001;-0.0225;-0.9995;0.0110;-0.0253;-0.0176;0;-0.0868;-1.3611;0.0435;0.0000;20.8518;0.0000;0.0000;0.0000;0.0000;0.0000;0.0000;0.0000;0;0.0000;0.0000;0.0000;0.0000;0.0000;0.0000;ControllerBody;-0.3460;-0.1661;0.9234;0.1083;-0.1872;0.4594;0.5559;-0.0973;-0.1698;0.8079;0.0083;-0.1872;0.4594;9.5614;339.4583;109.2036;-0.0068;-0.2181;0.4232;12.3067;336.5637;111.8366;0;-0.0068;-0.2181;0.4232;12.3067;336.5637;111.8366;ControllerBody;b8809a6a-d42c-4388-8464-0275ba58c74f;1;Exposure;2026-03-26 11:07:34.4169;Controllers;;OpenXR
Right;1;Exposure;0;NoMitigation;Translation;anonymous;Sample;350;0.0000;-0.0186;-0.0002;-0.0218;359.0337;2.7769;2.0270;-0.0186;-0.0002;-0.0218;-0.9995;0.0080;-0.0244;-0.0179;0;-0.0868;-1.3611;0.0435;0.0000;20.8518;0.0000;0.0000;0.0000;0.0000;0.0000;0.0000;0.0000;0;0.0000;0.0000;0.0000;0.0000;0.0000;0.0000;ControllerBody;-0.3942;-0.2062;0.8956;0.0987;-0.2068;0.4414;0.5135;-0.1162;-0.1968;0.8271;-0.0013;-0.2068;0.4414;11.8984;336.2415;113.8166;-0.0129;-0.2384;0.4045;13.8721;333.8510;118.2458;0;-0.0129;-0.2384;0.4045;13.8721;333.8510;118.2458;ControllerBody;b8809a6a-d42c-4388-8464-0275ba58c74f;1;Exposure;2026-03-26 11:07:34.4430;Controllers;;OpenXR
Right;1;Exposure;0;NoMitigation;Translation;anonymous;Sample;353;0.0000;-0.0188;-0.0004;-0.0216;359.1322;2.5891;2.1760;-0.0188;-0.0004;-0.0216;-0.9995;0.0071;-0.0227;-0.0192;0;-0.0868;-1.3611;0.0435;0.0000;20.8518;0.0000;0.0000;0.0000;0.0000;0.0000;0.0000;0.0000;0;0.0000;0.0000;0.0000;0.0000;0.0000;0.0000;ControllerBody;-0.4116;-0.2739;0.8692;0.0924;-0.2305;0.4227;0.4496;-0.1226;-0.2244;0.8558;-0.0076;-0.2305;0.4227;15.8948;334.6602;120.9742;-0.0116;-0.2654;0.3888;18.7617;334.3719;125.6726;0;-0.0116;-0.2654;0.3888;18.7617;334.3719;125.6726;ControllerBody;b8809a6a-d42c-4388-8464-0275ba58c74f;1;Exposure;2026-03-26 11:07:34.4679;Controllers;;OpenXR
Right;1;Exposure;0;NoMitigation;Translation;anonymous;Sample;356;0.0000;-0.0190;-0.0005;-0.0213;358.9668;2.3259;2.4206;-0.0190;-0.0005;-0.0213;-0.9995;0.0086;-0.0205;-0.0213;0;-0.0868;-1.3611;0.0435;0.0000;20.8518;0.0000;0.0000;0.0000;0.0000;0.0000;0.0000;0.0000;0;0.0000;0.0000;0.0000;0.0000;0.0000;0.0000;ControllerBody;-0.4038;-0.3429;0.8482;0.0899;-0.2540;0.4063;0.4038;-0.1157;-0.2501;0.8724;-0.0101;-0.2540;0.4063;20.0526;334.5406;125.7452;-0.0101;-0.2911;0.3726;24.1826;334.8519;129.4504;0;-0.0101;-0.2911;0.3726;24.1826;334.8519;129.4504;ControllerBody;b8809a6a-d42c-4388-8464-0275ba58c74f;1;Exposure;2026-03-26 11:07:34.4916;Controllers;;OpenXR
Right;1;Exposure;0;NoMitigation;Translation;anonymous;Sample;358;0.0000;-0.0192;-0.0008;-0.0213;359.0796;2.0622;2.5355;-0.0192;-0.0008;-0.0213;-0.9996;0.0076;-0.0182;-0.0223;0;-0.0868;-1.3611;0.0435;0.0000;20.8518;0.0000;0.0000;0.0000;0.0000;0.0000;0.0000;0.0000;0;0.0000;0.0000;0.0000;0.0000;0.0000;0.0000;ControllerBody;-0.3764;-0.4198;0.8259;0.0900;-0.2785;0.3907;0.3719;-0.0960;-0.2790;0.8801;-0.0100;-0.2785;0.3907;24.8223;335.4966;128.7180;-0.0060;-0.3154;0.3594;29.3317;336.8464;131.9955;0;-0.0060;-0.3154;0.3594;29.3317;336.8464;131.9955;ControllerBody;b8809a6a-d42c-4388-8464-0275ba58c74f;1;Exposure;2026-03-26 11:07:34.5163;Controllers;;OpenXR
Right;1;Exposure;0;NoMitigation;Translation;anonymous;Sample;361;0.0000;-0.0192;-0.0013;-0.0216;359.3647;1.8810;2.5428;-0.0192;-0.0013;-0.0216;-0.9996;0.0052;-0.0165;-0.0223;0;-0.0868;-1.3611;0.0435;0.0000;20.8518;0.0000;0.0000;0.0000;0.0000;0.0000;0.0000;0.0000;0;0.0000;0.0000;0.0000;0.0000;0.0000;0.0000;ControllerBody;-0.3433;-0.4827;0.8057;0.0921;-0.3014;0.3776;0.3391;-0.0781;-0.3018;0.8876;-0.0079;-0.3014;0.3776;28.8624;336.9203;132.1658;-0.0012;-0.3367;0.3504;32.5525;338.5460;136.1037;0;-0.0012;-0.3367;0.3504;32.5525;338.5460;136.1037;ControllerBody;b8809a6a-d42c-4388-8464-0275ba58c74f;1;Exposure;2026-03-26 11:07:34.5416;Controllers;;OpenXR
Right;1;Exposure;0;NoMitigation;Translation;anonymous;Sample;364;0.0000;-0.0192;-0.0017;-0.0218;359.5026;1.7149;2.4475;-0.0192;-0.0017;-0.0218;-0.9996;0.0040;-0.0151;-0.0214;0;-0.0868;-1.3611;0.0435;0.0000;20.8518;0.0000;0.0000;0.0000;0.0000;0.0000;0.0000;0.0000;0;0.0000;0.0000;0.0000;0.0000;0.0000;0.0000;ControllerBody;-0.3133;-0.5292;0.7885;0.0952;-0.3223;0.3673;0.3046;-0.0667;-0.3183;0.8952;-0.0048;-0.3223;0.3673;31.9538;338.3272;136.1427;0.0036;-0.3553;0.3437;34.8678;340.2090;140.8468;0;0.0036;-0.3553;0.3437;34.8678;340.2090;140.8468;ControllerBody;b8809a6a-d42c-4388-8464-0275ba58c74f;1;Exposure;2026-03-26 11:07:34.5672;Controllers;;OpenXR
Right;1;Exposure;0;NoMitigation;Translation;anonymous;Sample;367;0.0000;-0.0193;-0.0018;-0.0223;359.4780;1.6519;2.3439;-0.0193;-0.0018;-0.0223;-0.9997;0.0043;-0.0145;-0.0205;0;-0.0868;-1.3611;0.0435;0.0000;20.8518;0.0000;0.0000;0.0000;0.0000;0.0000;0.0000;0.0000;0;0.0000;0.0000;0.0000;0.0000;0.0000;0.0000;ControllerBody;-0.2874;-0.5586;0.7781;0.0984;-0.3396;0.3596;0.2711;-0.0608;-0.3275;0.9031;-0.0016;-0.3396;0.3596;33.9591;339.7285;140.3324;0.0069;-0.3701;0.3387;35.8021;341.1719;144.9372;0;0.0069;-0.3701;0.3387;35.8021;341.1719;144.9372;ControllerBody;b8809a6a-d42c-4388-8464-0275ba58c74f;1;Exposure;2026-03-26 11:07:34.5921;Controllers;;OpenXR
Right;1;Exposure;0;NoMitigation;Translation;anonymous;Sample;370;0.0000;-0.0194;-0.0018;-0.0228;359.4144;1.5347;2.1297;-0.0194;-0.0018;-0.0228;-0.9997;0.0049;-0.0135;-0.0187;0;-0.0868;-1.3611;0.0435;0.0000;20.8518;0.0000;0.0000;0.0000;0.0000;0.0000;0.0000;0.0000;0;0.0000;0.0000;0.0000;0.0000;0.0000;0.0000;ControllerBody;-0.2768;-0.5772;0.7683;0.1009;-0.3547;0.3531;0.2504;-0.0601;-0.3350;0.9063;0.0009;-0.3547;0.3531;35.2506;340.1851;142.7537;0.0080;-0.3830;0.3337;37.3373;340.7760;146.0172;0;0.0080;-0.3830;0.3337;37.3373;340.7760;146.0172;ControllerBody;b8809a6a-d42c-4388-8464-0275ba58c74f;1;Exposure;2026-03-26 11:07:34.6176;Controllers;;OpenXR
Right;1;Exposure;0;NoMitigation;Translation;anonymous;Sample;373;0.0000;-0.0198;-0.0016;-0.0235;359.3042;1.4287;2.0004;-0.0198;-0.0016;-0.0235;-0.9998;0.0059;-0.0126;-0.0175;0;-0.0868;-1.3611;0.0435;0.0000;20.8518;0.0000;0.0000;0.0000;0.0000;0.0000;0.0000;0.0000;0;0.0000;0.0000;0.0000;0.0000;0.0000;0.0000;ControllerBody;-0.2643;-0.5984;0.7564;0.1031;-0.3676;0.3479;0.2353;-0.0563;-0.3444;0.9071;0.0031;-0.3676;0.3479;36.7526;340.7394;144.4677;0.0105;-0.3940;0.3299;39.5461;342.1098;147.3087;0;0.0105;-0.3940;0.3299;39.5461;342.1098;147.3087;ControllerBody;b8809a6a-d42c-4388-8464-0275ba58c74f;1;Exposure;2026-03-26 11:07:34.6424;Controllers;;OpenXR
Right;1;Exposure;0;NoMitigation;Translation;anonymous;Sample;376;0.0000;-0.0202;-0.0013;-0.0239;359.0696;1.2813;1.9527;-0.0202;-0.0013;-0.0239;-0.9998;0.0079;-0.0113;-0.0171;0;-0.0868;-1.3611;0.0435;0.0000;20.8518;0.0000;0.0000;0.0000;0.0000;0.0000;0.0000;0.0000;0;0.0000;0.0000;0.0000;0.0000;0.0000;0.0000;ControllerBody;-0.2465;-0.6220;0.7432;0.1051;-0.3786;0.3439;0.2239;-0.0483;-0.3550;0.9064;0.0051;-0.3786;0.3439;38.4589;341.6506;145.7953;0.0119;-0.4024;0.3289;41.3918;343.4964;148.0196;0;0.0119;-0.4024;0.3289;41.3918;343.4964;148.0196;ControllerBody;b8809a6a-d42c-4388-8464-0275ba58c74f;1;Exposure;2026-03-26 11:07:34.6673;Controllers;;OpenXR
Right;1;Exposure;0;NoMitigation;Translation;anonymous;Sample;379;0.0000;-0.0203;-0.0011;-0.0240;358.8322;1.0964;1.9383;-0.0203;-0.0011;-0.0240;-0.9998;0.0100;-0.0097;-0.0170;0;-0.0868;-1.3611;0.0435;0.0000;20.8518;0.0000;0.0000;0.0000;0.0000;0.0000;0.0000;0.0000;0;0.0000;0.0000;0.0000;0.0000;0.0000;0.0000;ControllerBody;-0.2217;-0.6433;0.7328;0.1070;-0.3876;0.3416;0.2140;-0.0364;-0.3637;0.9059;0.0070;-0.3876;0.3416;40.0415;343.1649;147.2384;0.0149;-0.4099;0.3308;42.4908;346.7261;150.3757;0;0.0149;-0.4099;0.3308;42.4908;346.7261;150.3757;ControllerBody;b8809a6a-d42c-4388-8464-0275ba58c74f;1;Exposure;2026-03-26 11:07:34.6920;Controllers;;OpenXR
Right;1;Exposure;0;NoMitigation;Translation;anonymous;Sample;382;0.0000;-0.0205;-0.0008;-0.0242;358.6805;0.9380;1.9681;-0.0205;-0.0008;-0.0242;-0.9998;0.0114;-0.0084;-0.0173;0;-0.0868;-1.3611;0.0435;0.0000;20.8518;0.0000;0.0000;0.0000;0.0000;0.0000;0.0000;0.0000;0;0.0000;0.0000;0.0000;0.0000;0.0000;0.0000;ControllerBody;-0.1694;-0.6583;0.7334;0.1098;-0.3954;0.3411;0.2001;-0.0128;-0.3648;0.9092;0.0098;-0.3954;0.3411;41.1712;346.9956;150.2715;0.0214;-0.4151;0.3359;41.9534;352.9204;154.8223;0;0.0214;-0.4151;0.3359;41.9534;352.9204;154.8223;ControllerBody;b8809a6a-d42c-4388-8464-0275ba58c74f;1;Exposure;2026-03-26 11:07:34.7178;Controllers;;OpenXR
Right;1;Exposure;0;NoMitigation;Translation;anonymous;Sample;385;0.0000;-0.0208;-0.0006;-0.0245;358.6241;0.7478;2.0378;-0.0208;-0.0006;-0.0245;-0.9997;0.0119;-0.0067;-0.0179;0;-0.0868;-1.3611;0.0435;0.0000;20.8518;0.0000;0.0000;0.0000;0.0000;0.0000;0.0000;0.0000;0;0.0000;0.0000;0.0000;0.0000;0.0000;0.0000;ControllerBody;-0.1213;-0.6633;0.7384;0.1131;-0.4021;0.3419;0.1872;0.0077;-0.3616;0.9133;0.0131;-0.4021;0.3419;41.5551;350.6730;153.2943;0.0247;-0.4196;0.3401;41.6700;355.1695;157.4261;0;0.0247;-0.4196;0.3401;41.6700;355.1695;157.4261;ControllerBody;b8809a6a-d42c-4388-8464-0275ba58c74f;1;Exposure;2026-03-26 11:07:34.7439;Controllers;;OpenXR
Right;1;Exposure;0;NoMitigation;Translation;anonymous;Sample;388;0.0000;-0.0209;-0.0006;-0.0245;358.6214;0.5472;2.1850;-0.0209;-0.0006;-0.0245;-0.9997;0.0119;-0.0050;-0.0191;0;-0.0868;-1.3611;0.0435;0.0000;20.8518;0.0000;0.0000;0.0000;0.0000;0.0000;0.0000;0.0000;0;0.0000;0.0000;0.0000;0.0000;0.0000;0.0000;ControllerBody;-0.1048;-0.6617;0.7424;0.1154;-0.4072;0.3432;0.1795;0.0131;-0.3587;0.9159;0.0154;-0.4072;0.3432;41.4328;351.9673;154.7788;0.0247;-0.4235;0.3441;40.8176;354.6568;158.3739;0;0.0247;-0.4235;0.3441;40.8176;354.6568;158.3739;ControllerBody;b8809a6a-d42c-4388-8464-0275ba58c74f;1;Exposure;2026-03-26 11:07:34.7667;Controllers;;OpenXR
Right;1;Exposure;0;NoMitigation;Translation;anonymous;Sample;391;0.0000;-0.0210;-0.0005;-0.0244;358.6135;0.3713;2.1241;-0.0210;-0.0005;-0.0244;-0.9997;0.0120;-0.0035;-0.0186;0;-0.0868;-1.3611;0.0435;0.0000;20.8518;0.0000;0.0000;0.0000;0.0000;0.0000;0.0000;0.0000;0;0.0000;0.0000;0.0000;0.0000;0.0000;0.0000;ControllerBody;-0.0972;-0.6580;0.7467;0.1170;-0.4122;0.3451;0.1720;0.0137;-0.3556;0.9186;0.0170;-0.4122;0.3451;41.1492;352.5809;155.9944;0.0240;-0.4277;0.3474;40.3506;354.0454;159.1825;0;0.0240;-0.4277;0.3474;40.3506;354.0454;159.1825;ControllerBody;b8809a6a-d42c-4388-8464-0275ba58c74f;1;Exposure;2026-03-26 11:07:34.7920;Controllers;;OpenXR
Right;1;Exposure;0;NoMitigation;Translation;anonymous;Sample;394;0.0000;-0.0210;-0.0003;-0.0241;358.5701;0.2869;1.8742;-0.0210;-0.0003;-0.0241;-0.9998;0.0124;-0.0027;-0.0164;0;-0.0868;-1.3611;0.0435;0.0000;20.8518;0.0000;0.0000;0.0000;0.0000;0.0000;0.0000;0.0000;0;0.0000;0.0000;0.0000;0.0000;0.0000;0.0000;ControllerBody;-0.0894;-0.6546;0.7506;0.1185;-0.4168;0.3469;0.1656;0.0149;-0.3528;0.9208;0.0185;-0.4168;0.3469;40.8926;353.2068;157.0762;0.0259;-0.4319;0.3492;40.2332;355.1996;160.1831;0;0.0259;-0.4319;0.3492;40.2332;355.1996;160.1831;ControllerBody;b8809a6a-d42c-4388-8464-0275ba58c74f;1;Exposure;2026-03-26 11:07:34.8162;Controllers;;OpenXR
Right;1;Exposure;0;NoMitigation;Translation;anonymous;Sample;397;0.0000;-0.0210;-0.0001;-0.0237;358.5079;0.1617;1.7255;-0.0210;-0.0001;-0.0237;-0.9998;0.0130;-0.0016;-0.0151;0;-0.0868;-1.3611;0.0435;0.0000;20.8518;0.0000;0.0000;0.0000;0.0000;0.0000;0.0000;0.0000;0;0.0000;0.0000;0.0000;0.0000;0.0000;0.0000;ControllerBody;-0.0764;-0.6550;0.7518;0.1205;-0.4217;0.3487;0.1574;0.0186;-0.3518;0.9226;0.0205;-0.4217;0.3487;40.9197;354.1991;158.4756;0.0294;-0.4364;0.3499;41.0751;356.9431;162.2807;0;0.0294;-0.4364;0.3499;41.0751;356.9431;162.2807;ControllerBody;b8809a6a-d42c-4388-8464-0275ba58c74f;1;Exposure;2026-03-26 11:07:34.8423;Controllers;;OpenXR
Right;1;Exposure;0;NoMitigation;Translation;anonymous;Sample;400;0.0000;-0.0210;0.0002;-0.0231;358.4179;0.0044;1.5810;-0.0210;0.0002;-0.0231;-0.9998;0.0138;-0.0002;-0.0138;0;-0.0868;-1.3611;0.0435;0.0000;20.8518;0.0000;0.0000;0.0000;0.0000;0.0000;0.0000;0.0000;0;0.0000;0.0000;0.0000;0.0000;0.0000;0.0000;ControllerBody;-0.0072;-0.6946;0.7194;0.1245;-0.4274;0.3489;0.1324;0.0496;-0.3713;0.9177;0.0245;-0.4274;0.3489;43.9938;359.4247;163.3523;0.0394;-0.4423;0.3441;45.9931;4.8602;168.0959;0;0.0394;-0.4423;0.3441;45.9931;4.8602;168.0959;ControllerBody;b8809a6a-d42c-4388-8464-0275ba58c74f;1;Exposure;2026-03-26 11:07:34.8671;Controllers;;OpenXR
Right;1;Exposure;0;NoMitigation;Translation;anonymous;Sample;403;0.0000;-0.0210;0.0002;-0.0226;358.4420;359.8301;1.5517;-0.0210;0.0002;-0.0226;-0.9998;0.0136;0.0013;-0.0135;0;-0.0868;-1.3611;0.0435;0.0000;20.8518;0.0000;0.0000;0.0000;0.0000;0.0000;0.0000;0.0000;0;0.0000;0.0000;0.0000;0.0000;0.0000;0.0000;ControllerBody;0.0390;-0.7097;0.7034;0.1285;-0.4320;0.3490;0.1296;0.0749;-0.3777;0.9137;0.0285;-0.4320;0.3490;45.2092;3.1712;165.1734;0.0431;-0.4440;0.3440;46.6895;8.1571;167.0858;0;0.0431;-0.4440;0.3440;46.6895;8.1571;167.0858;ControllerBody;b8809a6a-d42c-4388-8464-0275ba58c74f;1;Exposure;2026-03-26 11:07:34.8920;Controllers;;OpenXR
Right;1;Exposure;0;NoMitigation;Translation;anonymous;Sample;406;0.0000;-0.0213;0.0000;-0.0219;358.5442;359.5864;1.6263;-0.0213;0.0000;-0.0219;-0.9998;0.0128;0.0034;-0.0141;0;-0.0868;-1.3611;0.0435;0.0000;20.8518;0.0000;0.0000;0.0000;0.0000;0.0000;0.0000;0.0000;0;0.0000;0.0000;0.0000;0.0000;0.0000;0.0000;ControllerBody;0.0485;-0.7144;0.6980;0.1305;-0.4349;0.3491;0.1305;0.0809;-0.3800;0.9121;0.0305;-0.4349;0.3491;45.5954;3.9732;165.3888;0.0399;-0.4425;0.3462;45.5451;6.1999;166.6113;0;0.0399;-0.4425;0.3462;45.5451;6.1999;166.6113;ControllerBody;b8809a6a-d42c-4388-8464-0275ba58c74f;1;Exposure;2026-03-26 11:07:34.9175;Controllers;;OpenXR
Right;1;Exposure;0;NoMitigation;Translation;anonymous;Sample;409;0.0000;-0.0217;-0.0001;-0.0213;358.6023;359.0777;1.6364;-0.0217;-0.0001;-0.0213;-0.9998;0.0123;0.0079;-0.0142;0;-0.0868;-1.3611;0.0435;0.0000;20.8518;0.0000;0.0000;0.0000;0.0000;0.0000;0.0000;0.0000;0;0.0000;0.0000;0.0000;0.0000;0.0000;0.0000;ControllerBody;0.0476;-0.7138;0.6988;0.1314;-0.4364;0.3495;0.1308;0.0805;-0.3796;0.9123;0.0314;-0.4364;0.3495;45.5415;3.8931;165.3194;0.0369;-0.4420;0.3474;45.3393;3.9837;165.1362;0;0.0369;-0.4420;0.3474;45.3393;3.9837;165.1362;ControllerBody;b8809a6a-d42c-4388-8464-0275ba58c74f;1;Exposure;2026-03-26 11:07:34.9416;Controllers;;OpenXR
Right;1;Exposure;0;NoMitigation;Translation;anonymous;Sample;412;0.0000;-0.0227;-0.0003;-0.0206;358.7109;358.1854;1.5577;-0.0227;-0.0003;-0.0206;-0.9997;0.0115;0.0157;-0.0134;0;-0.0868;-1.3611;0.0435;0.0000;20.8518;0.0000;0.0000;0.0000;0.0000;0.0000;0.0000;0.0000;0;0.0000;0.0000;0.0000;0.0000;0.0000;0.0000;ControllerBody;0.0472;-0.7135;0.6991;0.1319;-0.4376;0.3499;0.1309;0.0803;-0.3795;0.9124;0.0319;-0.4376;0.3499;45.5206;3.8661;165.2955;0.0364;-0.4419;0.3477;45.4514;3.8720;165.1293;0;0.0364;-0.4419;0.3477;45.4514;3.8720;165.1293;ControllerBody;b8809a6a-d42c-4388-8464-0275ba58c74f;1;Exposure;2026-03-26 11:07:34.9664;Controllers;;OpenXR
Right;1;Exposure;0;NoMitigation;Translation;anonymous;Sample;415;0.0000;-0.0235;-0.0006;-0.0201;358.9269;356.9963;1.5104;-0.0235;-0.0006;-0.0201;-0.9995;0.0097;0.0261;-0.0129;0;-0.0868;-1.3611;0.0435;0.0000;20.8518;0.0000;0.0000;0.0000;0.0000;0.0000;0.0000;0.0000;0;0.0000;0.0000;0.0000;0.0000;0.0000;0.0000;ControllerBody;0.0477;-0.7135;0.6990;0.1325;-0.4388;0.3503;0.1311;0.0807;-0.3795;0.9123;0.0325;-0.4388;0.3503;45.5234;3.9079;165.2825;0.0367;-0.4435;0.3493;45.5671;4.5494;164.9859;0;0.0367;-0.4435;0.3493;45.5671;4.5494;164.9859;ControllerBody;b8809a6a-d42c-4388-8464-0275ba58c74f;1;Exposure;2026-03-26 11:07:34.9917;Controllers;;OpenXR
Right;1;Exposure;0;NoMitigation;Translation;anonymous;Sample;418;0.0000;-0.0245;-0.0009;-0.0195;359.1664;356.0068;1.3796;-0.0245;-0.0009;-0.0195;-0.9993;0.0077;0.0347;-0.0118;0;-0.0868;-1.3611;0.0435;0.0000;20.8518;0.0000;0.0000;0.0000;0.0000;0.0000;0.0000;0.0000;0;0.0000;0.0000;0.0000;0.0000;0.0000;0.0000;ControllerBody;0.0497;-0.7136;0.6988;0.1330;-0.4398;0.3508;0.1317;0.0820;-0.3793;0.9122;0.0330;-0.4398;0.3508;45.5266;4.0686;165.2760;0.0367;-0.4434;0.3509;45.6051;5.1163;165.2299;0;0.0367;-0.4434;0.3509;45.6051;5.1163;165.2299;ControllerBody;b8809a6a-d42c-4388-8464-0275ba58c74f;1;Exposure;2026-03-26 11:07:35.0167;Controllers;;OpenXR
Right;1;Exposure;0;NoMitigation;Translation;anonymous;Sample;421;0.0000;-0.0256;-0.0013;-0.0191;359.3612;354.9348;1.0926;-0.0256;-0.0013;-0.0191;-0.9990;0.0060;0.0441;-0.0093;0;-0.0868;-1.3611;0.0435;0.0000;20.8518;0.0000;0.0000;0.0000;0.0000;0.0000;0.0000;0.0000;0;0.0000;0.0000;0.0000;0.0000;0.0000;0.0000;ControllerBody;0.0522;-0.7136;0.6986;0.1334;-0.4407;0.3515;0.1325;0.0837;-0.3791;0.9120;0.0334;-0.4407;0.3515;45.5322;4.2732;165.2620;0.0359;-0.4433;0.3529;45.5404;5.6036;165.1350;0;0.0359;-0.4433;0.3529;45.5404;5.6036;165.1350;ControllerBody;b8809a6a-d42c-4388-8464-0275ba58c74f;1;Exposure;2026-03-26 11:07:35.0417;Controllers;;OpenXR
Right;1;Exposure;0;NoMitigation;Translation;anonymous;Sample;424;0.0000;-0.0265;-0.0015;-0.0186;359.5542;353.8863;0.9321;-0.0265;-0.0015;-0.0186;-0.9985;0.0043;0.0533;-0.0079;0;-0.0868;-1.3611;0.0435;0.0000;20.8518;0.0000;0.0000;0.0000;0.0000;0.0000;0.0000;0.0000;0;0.0000;0.0000;0.0000;0.0000;0.0000;0.0000;ControllerBody;0.0566;-0.7137;0.6982;0.1336;-0.4414;0.3523;0.1337;0.0866;-0.3787;0.9117;0.0336;-0.4414;0.3523;45.5361;4.6333;165.2639;0.0352;-0.4433;0.3548;45.4653;6.3551;165.2447;0;0.0352;-0.4433;0.3548;45.4653;6.3551;165.2447;ControllerBody;b8809a6a-d42c-4388-8464-0275ba58c74f;1;Exposure;2026-03-26 11:07:35.0667;Controllers;;OpenXR
Right;1;Exposure;0;NoMitigation;Translation;anonymous;Sample;427;0.0000;-0.0273;-0.0018;-0.0180;359.6888;352.9763;0.8444;-0.0273;-0.0018;-0.0180;-0.9981;0.0032;0.0612;-0.0072;0;-0.0868;-1.3611;0.0435;0.0000;20.8518;0.0000;0.0000;0.0000;0.0000;0.0000;0.0000;0.0000;0;0.0000;0.0000;0.0000;0.0000;0.0000;0.0000;ControllerBody;0.0603;-0.7138;0.6978;0.1338;-0.4421;0.3530;0.1346;0.0889;-0.3784;0.9115;0.0338;-0.4421;0.3530;45.5434;4.9351;165.2718;0.0352;-0.4429;0.3548;45.5960;6.3900;165.3626;0;0.0352;-0.4429;0.3548;45.5960;6.3900;165.3626;ControllerBody;b8809a6a-d42c-4388-8464-0275ba58c74f;1;Exposure;2026-03-26 11:07:35.0918;Controllers;;OpenXR
Right;1;Exposure;0;NoMitigation;Translation;anonymous;Sample;430;0.0000;-0.0280;-0.0021;-0.0175;359.8698;352.2425;0.6485;-0.0280;-0.0021;-0.0175;-0.9977;0.0015;0.0676;-0.0056;0;-0.0868;-1.3611;0.0435;0.0000;20.8518;0.0000;0.0000;0.0000;0.0000;0.0000;0.0000;0.0000;0;0.0000;0.0000;0.0000;0.0000;0.0000;0.0000;ControllerBody;0.0618;-0.7137;0.6977;0.1340;-0.4425;0.3534;0.1350;0.0900;-0.3782;0.9114;0.0340;-0.4425;0.3534;45.5403;5.0644;165.2716;0.0355;-0.4418;0.3539;45.4731;5.9563;165.2427;0;0.0355;-0.4418;0.3539;45.4731;5.9563;165.2427;ControllerBody;b8809a6a-d42c-4388-8464-0275ba58c74f;1;Exposure;2026-03-26 11:07:35.1163;Controllers;;OpenXR
Right;1;Exposure;0;NoMitigation;Translation;anonymous;Sample;433;0.0000;-0.0289;-0.0022;-0.0168;359.9480;351.3951;0.3104;-0.0289;-0.0022;-0.0168;-0.9972;0.0007;0.0750;-0.0027;0;-0.0868;-1.3611;0.0435;0.0000;20.8518;0.0000;0.0000;0.0000;0.0000;0.0000;0.0000;0.0000;0;0.0000;0.0000;0.0000;0.0000;0.0000;0.0000;ControllerBody;0.0629;-0.7137;0.6976;0.1341;-0.4427;0.3538;0.1353;0.0906;-0.3781;0.9113;0.0341;-0.4427;0.3538;45.5367;5.1485;165.2711;0.0355;-0.4414;0.3540;45.4820;5.9890;165.3030;0;0.0355;-0.4414;0.3540;45.4820;5.9890;165.3030;ControllerBody;b8809a6a-d42c-4388-8464-0275ba58c74f;1;Exposure;2026-03-26 11:07:35.1414;Controllers;;OpenXR
Right;1;Exposure;0;NoMitigation;Translation;anonymous;Sample;436;0.0000;-0.0298;-0.0021;-0.0162;0.0213;350.5196;0.0888;-0.0298;-0.0021;-0.0162;-0.9966;-0.0001;0.0826;-0.0008;0;-0.0868;-1.3611;0.0435;0.0000;20.8518;0.0000;0.0000;0.0000;0.0000;0.0000;0.0000;0.0000;0;0.0000;0.0000;0.0000;0.0000;0.0000;0.0000;ControllerBody;0.0637;-0.7137;0.6976;0.1342;-0.4430;0.3541;0.1355;0.0912;-0.3780;0.9113;0.0342;-0.4430;0.3541;45.5332;5.2207;165.2741;0.0355;-0.4410;0.3540;45.4785;5.9782;165.2948;0;0.0355;-0.4410;0.3540;45.4785;5.9782;165.2948;ControllerBody;b8809a6a-d42c-4388-8464-0275ba58c74f;1;Exposure;2026-03-26 11:07:35.1666;Controllers;;OpenXR
Right;1;Exposure;0;NoMitigation;Translation;anonymous;Sample;439;0.0000;-0.0305;-0.0021;-0.0156;0.1423;349.7603;0.0164;-0.0305;-0.0021;-0.0156;-0.9960;-0.0012;0.0892;-0.0003;0;-0.0868;-1.3611;0.0435;0.0000;20.8518;0.0000;0.0000;0.0000;0.0000;0.0000;0.0000;0.0000;0;0.0000;0.0000;0.0000;0.0000;0.0000;0.0000;ControllerBody;0.0645;-0.7136;0.6976;0.1343;-0.4431;0.3544;0.1357;0.0917;-0.3779;0.9112;0.0343;-0.4431;0.3544;45.5296;5.2822;165.2777;0.0354;-0.4407;0.3541;45.4804;5.9954;165.3216;0;0.0354;-0.4407;0.3541;45.4804;5.9954;165.3216;ControllerBody;b8809a6a-d42c-4388-8464-0275ba58c74f;1;Exposure;2026-03-26 11:07:35.1917;Controllers;;OpenXR
Right;1;Exposure;0;NoMitigation;Translation;anonymous;Sample;442;0.0000;-0.0311;-0.0019;-0.0147;0.1472;349.1698;359.8745;-0.0311;-0.0019;-0.0147;-0.9955;-0.0014;0.0944;0.0010;0;-0.0868;-1.3611;0.0435;0.0000;20.8518;0.0000;0.0000;0.0000;0.0000;0.0000;0.0000;0.0000;0;0.0000;0.0000;0.0000;0.0000;0.0000;0.0000;ControllerBody;0.0651;-0.7136;0.6976;0.1344;-0.4433;0.3547;0.1358;0.0921;-0.3778;0.9112;0.0344;-0.4433;0.3547;45.5256;5.3354;165.2819;0.0354;-0.4402;0.3541;45.4717;6.0103;165.3431;0;0.0354;-0.4402;0.3541;45.4717;6.0103;165.3431;ControllerBody;b8809a6a-d42c-4388-8464-0275ba58c74f;1;Exposure;2026-03-26 11:07:35.2169;Controllers;;OpenXR
Right;1;Exposure;0;NoMitigation;Translation;anonymous;Sample;445;0.0000;-0.0317;-0.0016;-0.0137;0.0854;348.8169;359.8095;-0.0317;-0.0016;-0.0137;-0.9952;-0.0009;0.0974;0.0016;0;-0.0868;-1.3611;0.0435;0.0000;20.8518;0.0000;0.0000;0.0000;0.0000;0.0000;0.0000;0.0000;0;0.0000;0.0000;0.0000;0.0000;0.0000;0.0000;ControllerBody;0.0657;-0.7135;0.6976;0.1345;-0.4434;0.3549;0.1360;0.0924;-0.3777;0.9112;0.0345;-0.4434;0.3549;45.5216;5.3813;165.2862;0.0354;-0.4401;0.3542;45.4664;6.0119;165.3475;0;0.0354;-0.4401;0.3542;45.4664;6.0119;165.3475;ControllerBody;b8809a6a-d42c-4388-8464-0275ba58c74f;1;Exposure;2026-03-26 11:07:35.2421;Controllers;;OpenXR
Right;1;Exposure;0;NoMitigation;Translation;anonymous;Sample;448;0.0000;-0.0325;-0.0011;-0.0126;359.9197;348.3682;359.8578;-0.0325;-0.0011;-0.0126;-0.9949;0.0006;0.1013;0.0013;0;-0.0868;-1.3611;0.0435;0.0000;20.8518;0.0000;0.0000;0.0000;0.0000;0.0000;0.0000;0.0000;0;0.0000;0.0000;0.0000;0.0000;0.0000;0.0000;ControllerBody;0.0662;-0.7135;0.6976;0.1345;-0.4435;0.3551;0.1361;0.0927;-0.3777;0.9112;0.0345;-0.4435;0.3551;45.5178;5.4201;165.2903;0.0354;-0.4399;0.3544;45.4590;6.0118;165.3548;0;0.0354;-0.4399;0.3544;45.4590;6.0118;165.3548;ControllerBody;b8809a6a-d42c-4388-8464-0275ba58c74f;1;Exposure;2026-03-26 11:07:35.2651;Controllers;;OpenXR
Right;1;Exposure;0;NoMitigation;Translation;anonymous;Sample;451;0.0000;-0.0332;-0.0008;-0.0115;359.7568;347.8055;-0.0002;-0.0332;-0.0008;-0.0115;-0.9943;0.0021;0.1062;0.0002;0;-0.0868;-1.3611;0.0435;0.0000;20.8518;0.0000;0.0000;0.0000;0.0000;0.0000;0.0000;0.0000;0;0.0000;0.0000;0.0000;0.0000;0.0000;0.0000;ControllerBody;0.0666;-0.7134;0.6976;0.1346;-0.4435;0.3553;0.1361;0.0930;-0.3776;0.9112;0.0346;-0.4435;0.3553;45.5139;5.4556;165.2947;0.0354;-0.4394;0.3543;45.4469;6.0182;165.3672;0;0.0354;-0.4394;0.3543;45.4469;6.0182;165.3672;ControllerBody;b8809a6a-d42c-4388-8464-0275ba58c74f;1;Exposure;2026-03-26 11:07:35.2912;Controllers;;OpenXR
Right;1;Exposure;0;NoMitigation;Translation;anonymous;Sample;454;0.0000;-0.0338;-0.0008;-0.0103;359.8099;347.3218;0.0925;-0.0338;-0.0008;-0.0103;-0.9939;0.0017;0.1104;-0.0006;0;-0.0868;-1.3611;0.0435;0.0000;20.8518;0.0000;0.0000;0.0000;0.0000;0.0000;0.0000;0.0000;0;0.0000;0.0000;0.0000;0.0000;0.0000;0.0000;ControllerBody;0.0670;-0.7134;0.6976;0.1346;-0.4436;0.3555;0.1362;0.0932;-0.3775;0.9112;0.0346;-0.4436;0.3555;45.5098;5.4874;165.2993;0.0353;-0.4389;0.3542;45.4382;6.0224;165.3765;0;0.0353;-0.4389;0.3542;45.4382;6.0224;165.3765;ControllerBody;b8809a6a-d42c-4388-8464-0275ba58c74f;1;Exposure;2026-03-26 11:07:35.3168;Controllers;;OpenXR
Right;1;Exposure;0;NoMitigation;Translation;anonymous;Sample;457;0.0000;-0.0344;-0.0010;-0.0091;0.0113;346.9863;0.0199;-0.0344;-0.0010;-0.0091;-0.9936;-0.0001;0.1133;-0.0002;0;-0.0868;-1.3611;0.0435;0.0000;20.8518;0.0000;0.0000;0.0000;0.0000;0.0000;0.0000;0.0000;0;0.0000;0.0000;0.0000;0.0000;0.0000;0.0000;ControllerBody;0.0674;-0.7133;0.6976;0.1347;-0.4436;0.3556;0.1363;0.0934;-0.3775;0.9112;0.0347;-0.4436;0.3556;45.5058;5.5153;165.3037;0.0353;-0.4384;0.3540;45.4289;6.0261;165.3865;0;0.0353;-0.4384;0.3540;45.4289;6.0261;165.3865;ControllerBody;b8809a6a-d42c-4388-8464-0275ba58c74f;1;Exposure;2026-03-26 11:07:35.3411;Controllers;;OpenXR
Right;1;Exposure;0;NoMitigation;Translation;anonymous;Sample;460;0.0000;-0.0352;-0.0011;-0.0079;0.1628;346.8444;359.8523;-0.0352;-0.0011;-0.0079;-0.9934;-0.0016;0.1146;0.0011;0;-0.0868;-1.3611;0.0435;0.0000;20.8518;0.0000;0.0000;0.0000;0.0000;0.0000;0.0000;0.0000;0;0.0000;0.0000;0.0000;0.0000;0.0000;0.0000;ControllerBody;0.0677;-0.7133;0.6976;0.1347;-0.4436;0.3557;0.1363;0.0936;-0.3774;0.9112;0.0347;-0.4436;0.3557;45.5019;5.5411;165.3082;0.0353;-0.4380;0.3539;45.4253;6.0336;165.3960;0;0.0353;-0.4380;0.3539;45.4253;6.0336;165.3960;ControllerBody;b8809a6a-d42c-4388-8464-0275ba58c74f;1;Exposure;2026-03-26 11:07:35.3651;Controllers;;OpenXR
Right;1;Exposure;0;NoMitigation;Translation;anonymous;Sample;463;0.0000;-0.0361;-0.0011;-0.0067;0.2348;346.7685;359.6697;-0.0361;-0.0011;-0.0067;-0.9933;-0.0024;0.1152;0.0026;0;-0.0868;-1.3611;0.0435;0.0000;20.8518;0.0000;0.0000;0.0000;0.0000;0.0000;0.0000;0.0000;0;0.0000;0.0000;0.0000;0.0000;0.0000;0.0000;ControllerBody;0.0680;-0.7132;0.6976;0.1348;-0.4435;0.3558;0.1364;0.0938;-0.3773;0.9112;0.0348;-0.4435;0.3558;45.4980;5.5645;165.3124;0.0352;-0.4377;0.3537;45.4176;6.0368;165.4004;0;0.0352;-0.4377;0.3537;45.4176;6.0368;165.4004;ControllerBody;b8809a6a-d42c-4388-8464-0275ba58c74f;1;Exposure;2026-03-26 11:07:35.3910;Controllers;;OpenXR
Right;1;Exposure;0;NoMitigation;Translation;anonymous;Sample;466;0.0000;-0.0371;-0.0013;-0.0057;0.2981;346.5633;359.6363;-0.0371;-0.0013;-0.0057;-0.9931;-0.0030;0.1170;0.0028;0;-0.0868;-1.3611;0.0435;0.0000;20.8518;0.0000;0.0000;0.0000;0.0000;0.0000;0.0000;0.0000;0;0.0000;0.0000;0.0000;0.0000;0.0000;0.0000;ControllerBody;0.0682;-0.7132;0.6977;0.1348;-0.4435;0.3559;0.1364;0.0939;-0.3773;0.9112;0.0348;-0.4435;0.3559;45.4940;5.5868;165.3167;0.0352;-0.4372;0.3534;45.4087;6.0425;165.4030;0;0.0352;-0.4372;0.3534;45.4087;6.0425;165.4030;ControllerBody;b8809a6a-d42c-4388-8464-0275ba58c74f;1;Exposure;2026-03-26 11:07:35.4161;Controllers;;OpenXR
Right;1;Exposure;0;NoMitigation;Translation;anonymous;Sample;469;0.0000;-0.0381;-0.0017;-0.0047;0.3817;346.3714;359.8936;-0.0381;-0.0017;-0.0047;-0.9929;-0.0034;0.1186;0.0005;0;-0.0868;-1.3611;0.0435;0.0000;20.8518;0.0000;0.0000;0.0000;0.0000;0.0000;0.0000;0.0000;0;0.0000;0.0000;0.0000;0.0000;0.0000;0.0000;ControllerBody;0.0686;-0.7131;0.6977;0.1348;-0.4435;0.3560;0.1364;0.0941;-0.3772;0.9112;0.0348;-0.4435;0.3560;45.4887;5.6134;165.3216;0.0352;-0.4368;0.3533;45.4031;6.0397;165.4005;0;0.0352;-0.4368;0.3533;45.4031;6.0397;165.4005;ControllerBody;b8809a6a-d42c-4388-8464-0275ba58c74f;1;Exposure;2026-03-26 11:07:35.4505;Controllers;;OpenXR
Right;1;Exposure;0;NoMitigation;Translation;anonymous;Sample;472;0.0000;-0.0393;-0.0021;-0.0036;0.7265;346.2329;0.2248;-0.0393;-0.0021;-0.0036;-0.9928;-0.0061;0.1199;-0.0027;0;-0.0868;-1.3611;0.0435;0.0000;20.8518;0.0000;0.0000;0.0000;0.0000;0.0000;0.0000;0.0000;0;0.0000;0.0000;0.0000;0.0000;0.0000;0.0000;ControllerBody;0.0688;-0.7131;0.6977;0.1348;-0.4434;0.3561;0.1365;0.0942;-0.3772;0.9112;0.0348;-0.4434;0.3561;45.4852;5.6306;165.3248;0.0351;-0.4365;0.3531;45.3981;6.0390;165.4005;0;0.0351;-0.4365;0.3531;45.3981;6.0390;165.4005;ControllerBody;b8809a6a-d42c-4388-8464-0275ba58c74f;1;Exposure;2026-03-26 11:07:35.4744;Controllers;;OpenXR
Right;1;Exposure;0;NoMitigation;Translation;anonymous;Sample;475;0.0000;-0.0402;-0.0024;-0.0028;1.0124;346.2045;0.4759;-0.0402;-0.0024;-0.0028;-0.9927;-0.0083;0.1201;-0.0052;0;-0.0868;-1.3611;0.0435;0.0000;20.8518;0.0000;0.0000;0.0000;0.0000;0.0000;0.0000;0.0000;0;0.0000;0.0000;0.0000;0.0000;0.0000;0.0000;ControllerBody;0.0690;-0.7130;0.6977;0.1349;-0.4434;0.3561;0.1365;0.0944;-0.3771;0.9112;0.0349;-0.4434;0.3561;45.4815;5.6474;165.3280;0.0351;-0.4361;0.3529;45.3949;6.0432;165.4015;0;0.0351;-0.4361;0.3529;45.3949;6.0432;165.4015;ControllerBody;b8809a6a-d42c-4388-8464-0275ba58c74f;1;Exposure;2026-03-26 11:07:35.4994;Controllers;;OpenXR
Right;1;Exposure;0;NoMitigation;Translation;anonymous;Sample;478;0.0000;-0.0409;-0.0024;-0.0020;1.1339;346.1450;0.7877;-0.0409;-0.0024;-0.0020;-0.9926;-0.0090;0.1207;-0.0080;0;-0.0868;-1.3611;0.0435;0.0000;20.8518;0.0000;0.0000;0.0000;0.0000;0.0000;0.0000;0.0000;0;0.0000;0.0000;0.0000;0.0000;0.0000;0.0000;ControllerBody;0.0692;-0.7130;0.6978;0.1349;-0.4433;0.3562;0.1365;0.0945;-0.3771;0.9112;0.0349;-0.4433;0.3562;45.4783;5.6622;165.3307;0.0350;-0.4359;0.3528;45.3939;6.0449;165.4027;0;0.0350;-0.4359;0.3528;45.3939;6.0449;165.4027;ControllerBody;b8809a6a-d42c-4388-8464-0275ba58c74f;1;Exposure;2026-03-26 11:07:35.5244;Controllers;;OpenXR
Right;1;Exposure;0;NoMitigation;Translation;anonymous;Sample;481;0.0000;-0.0415;-0.0023;-0.0011;1.1654;346.1111;1.1641;-0.0415;-0.0023;-0.0011;-0.9925;-0.0089;0.1210;-0.0113;0;-0.0868;-1.3611;0.0435;0.0000;20.8518;0.0000;0.0000;0.0000;0.0000;0.0000;0.0000;0.0000;0;0.0000;0.0000;0.0000;0.0000;0.0000;0.0000;ControllerBody;0.0694;-0.7129;0.6978;0.1349;-0.4433;0.3562;0.1366;0.0946;-0.3770;0.9112;0.0349;-0.4433;0.3562;45.4751;5.6770;165.3335;0.0349;-0.4356;0.3527;45.3943;6.0430;165.4012;0;0.0349;-0.4356;0.3527;45.3943;6.0430;165.4012;ControllerBody;b8809a6a-d42c-4388-8464-0275ba58c74f;1;Exposure;2026-03-26 11:07:35.5512;Controllers;;OpenXR
Right;1;Exposure;0;NoMitigation;Translation;anonymous;Sample;484;0.0000;-0.0420;-0.0024;-0.0003;1.1754;346.1318;1.3870;-0.0420;-0.0024;-0.0003;-0.9925;-0.0087;0.1208;-0.0133;0;-0.0868;-1.3611;0.0435;0.0000;20.8518;0.0000;0.0000;0.0000;0.0000;0.0000;0.0000;0.0000;0;0.0000;0.0000;0.0000;0.0000;0.0000;0.0000;ControllerBody;0.0695;-0.7129;0.6978;0.1349;-0.4432;0.3563;0.1366;0.0947;-0.3770;0.9112;0.0349;-0.4432;0.3563;45.4722;5.6900;165.3358;0.0349;-0.4353;0.3525;45.3938;6.0388;165.3953;0;0.0349;-0.4353;0.3525;45.3938;6.0388;165.3953;ControllerBody;b8809a6a-d42c-4388-8464-0275ba58c74f;1;Exposure;2026-03-26 11:07:35.5756;Controllers;;OpenXR
Right;1;Exposure;0;NoMitigation;Translation;anonymous;Sample;487;0.0000;-0.0425;-0.0025;0.0005;1.2059;346.2118;1.4160;-0.0425;-0.0025;0.0005;-0.9926;-0.0090;0.1201;-0.0135;0;-0.0868;-1.3611;0.0435;0.0000;20.8518;0.0000;0.0000;0.0000;0.0000;0.0000;0.0000;0.0000;0;0.0000;0.0000;0.0000;0.0000;0.0000;0.0000;ControllerBody;0.0697;-0.7129;0.6978;0.1349;-0.4431;0.3563;0.1366;0.0947;-0.3770;0.9112;0.0349;-0.4431;0.3563;45.4696;5.7017;165.3378;0.0349;-0.4350;0.3524;45.3954;6.0362;165.3944;0;0.0349;-0.4350;0.3524;45.3954;6.0362;165.3944;ControllerBody;b8809a6a-d42c-4388-8464-0275ba58c74f;1;Exposure;2026-03-26 11:07:35.5996;Controllers;;OpenXR
Right;1;Exposure;0;NoMitigation;Translation;anonymous;Sample;490;0.0000;-0.0428;-0.0026;0.0011;1.3048;346.2642;1.5546;-0.0428;-0.0026;0.0011;-0.9927;-0.0097;0.1197;-0.0148;0;-0.0868;-1.3611;0.0435;0.0000;20.8518;0.0000;0.0000;0.0000;0.0000;0.0000;0.0000;0.0000;0;0.0000;0.0000;0.0000;0.0000;0.0000;0.0000;ControllerBody;0.0698;-0.7128;0.6978;0.1349;-0.4430;0.3563;0.1366;0.0948;-0.3769;0.9112;0.0349;-0.4430;0.3563;45.4672;5.7123;165.3396;0.0349;-0.4347;0.3524;45.3960;6.0321;165.3917;0;0.0349;-0.4347;0.3524;45.3960;6.0321;165.3917;ControllerBody;b8809a6a-d42c-4388-8464-0275ba58c74f;1;Exposure;2026-03-26 11:07:35.6247;Controllers;;OpenXR
Right;1;Exposure;0;NoMitigation;Translation;anonymous;Sample;493;0.0000;-0.0429;-0.0027;0.0016;1.4188;346.3763;1.8468;-0.0429;-0.0027;0.0016;-0.9927;-0.0104;0.1188;-0.0175;0;-0.0868;-1.3611;0.0435;0.0000;20.8518;0.0000;0.0000;0.0000;0.0000;0.0000;0.0000;0.0000;0;0.0000;0.0000;0.0000;0.0000;0.0000;0.0000;ControllerBody;0.0699;-0.7129;0.6978;0.1350;-0.4429;0.3564;0.1367;0.0949;-0.3769;0.9112;0.0350;-0.4429;0.3564;45.4679;5.7223;165.3409;0.0348;-0.4345;0.3522;45.3954;6.0353;165.3896;0;0.0348;-0.4345;0.3522;45.3954;6.0353;165.3896;ControllerBody;b8809a6a-d42c-4388-8464-0275ba58c74f;1;Exposure;2026-03-26 11:07:35.6507;Controllers;;OpenXR
Right;1;Exposure;0;NoMitigation;Translation;anonymous;Sample;496;0.0000;-0.0429;-0.0033;0.0023;1.3565;346.6677;2.1339;-0.0429;-0.0033;0.0023;-0.9930;-0.0096;0.1163;-0.0199;0;-0.0868;-1.3611;0.0435;0.0000;20.8518;0.0000;0.0000;0.0000;0.0000;0.0000;0.0000;0.0000;0;0.0000;0.0000;0.0000;0.0000;0.0000;0.0000;ControllerBody;0.0700;-0.7128;0.6978;0.1350;-0.4428;0.3564;0.1367;0.0950;-0.3769;0.9112;0.0350;-0.4428;0.3564;45.4656;5.7321;165.3423;0.0348;-0.4342;0.3521;45.3944;6.0347;165.3839;0;0.0348;-0.4342;0.3521;45.3944;6.0347;165.3839;ControllerBody;b8809a6a-d42c-4388-8464-0275ba58c74f;1;Exposure;2026-03-26 11:07:35.6757;Controllers;;OpenXR
Right;1;Exposure;0;NoMitigation;Translation;anonymous;Sample;499;0.0000;-0.0429;-0.0038;0.0026;1.7103;346.9563;2.4268;-0.0429;-0.0038;0.0026;-0.9932;-0.0124;0.1139;-0.0227;0;-0.0868;-1.3611;0.0435;0.0000;20.8518;0.0000;0.0000;0.0000;0.0000;0.0000;0.0000;0.0000;0;0.0000;0.0000;0.0000;0.0000;0.0000;0.0000;ControllerBody;0.0702;-0.7128;0.6978;0.1350;-0.4427;0.3564;0.1367;0.0950;-0.3769;0.9112;0.0350;-0.4427;0.3564;45.4635;5.7414;165.3434;0.0348;-0.4340;0.3518;45.3949;6.0312;165.3783;0;0.0348;-0.4340;0.3518;45.3949;6.0312;165.3783;ControllerBody;b8809a6a-d42c-4388-8464-0275ba58c74f;1;Exposure;2026-03-26 11:07:35.7013;Controllers;;OpenXR
Right;1;Exposure;0;NoMitigation;Translation;anonymous;Sample;502;0.0000;-0.0429;-0.0039;0.0031;1.9270;347.2798;2.7261;-0.0429;-0.0039;0.0031;-0.9934;-0.0141;0.1111;-0.0255;0;-0.0868;-1.3611;0.0435;0.0000;20.8518;0.0000;0.0000;0.0000;0.0000;0.0000;0.0000;0.0000;0;0.0000;0.0000;0.0000;0.0000;0.0000;0.0000;ControllerBody;0.0703;-0.7128;0.6979;0.1350;-0.4426;0.3564;0.1367;0.0951;-0.3769;0.9112;0.0350;-0.4426;0.3564;45.4615;5.7496;165.3443;0.0348;-0.4338;0.3517;45.3959;6.0236;165.3700;0;0.0348;-0.4338;0.3517;45.3959;6.0236;165.3700;ControllerBody;b8809a6a-d42c-4388-8464-0275ba58c74f;1;Exposure;2026-03-26 11:07:35.7257;Controllers;;OpenXR
Right;1;Exposure;0;NoMitigation;Translation;anonymous;Sample;505;0.0000;-0.0429;-0.0042;0.0033;1.8455;347.5680;2.9530;-0.0429;-0.0042;0.0033;-0.9936;-0.0132;0.1086;-0.0274;0;-0.0868;-1.3611;0.0435;0.0000;20.8518;0.0000;0.0000;0.0000;0.0000;0.0000;0.0000;0.0000;0;0.0000;0.0000;0.0000;0.0000;0.0000;0.0000;ControllerBody;0.0704;-0.7128;0.6979;0.1350;-0.4425;0.3565;0.1367;0.0952;-0.3768;0.9112;0.0350;-0.4425;0.3565;45.4597;5.7574;165.3450;0.0348;-0.4337;0.3516;45.3987;6.0189;165.3639;0;0.0348;-0.4337;0.3516;45.3987;6.0189;165.3639;ControllerBody;b8809a6a-d42c-4388-8464-0275ba58c74f;1;Exposure;2026-03-26 11:07:35.7509;Controllers;;OpenXR
Right;1;Exposure;0;NoMitigation;Translation;anonymous;Sample;508;0.0000;-0.0430;-0.0045;0.0036;2.0262;347.8699;3.3212;-0.0430;-0.0045;0.0036;-0.9938;-0.0145;0.1061;-0.0307;0;-0.0868;-1.3611;0.0435;0.0000;20.8518;0.0000;0.0000;0.0000;0.0000;0.0000;0.0000;0.0000;0;0.0000;0.0000;0.0000;0.0000;0.0000;0.0000;ControllerBody;0.0705;-0.7127;0.6979;0.1350;-0.4424;0.3565;0.1368;0.0952;-0.3768;0.9112;0.0350;-0.4424;0.3565;45.4579;5.7646;165.3454;0.0348;-0.4336;0.3514;45.3955;6.0165;165.3524;0;0.0348;-0.4336;0.3514;45.3955;6.0165;165.3524;ControllerBody;b8809a6a-d42c-4388-8464-0275ba58c74f;1;Exposure;2026-03-26 11:07:35.7762;Controllers;;OpenXR
Right;1;Exposure;0;NoMitigation;Translation;anonymous;Sample;511;0.0000;-0.0431;-0.0047;0.0034;2.1138;348.1114;3.8713;-0.0431;-0.0047;0.0034;-0.9938;-0.0148;0.1041;-0.0355;0;-0.0868;-1.3611;0.0435;0.0000;20.8518;0.0000;0.0000;0.0000;0.0000;0.0000;0.0000;0.0000;0;0.0000;0.0000;0.0000;0.0000;0.0000;0.0000;ControllerBody;0.0705;-0.7127;0.6979;0.1350;-0.4423;0.3565;0.1368;0.0953;-0.3768;0.9112;0.0350;-0.4423;0.3565;45.4589;5.7713;165.3452;0.0348;-0.4336;0.3514;45.3966;6.0179;165.3481;0;0.0348;-0.4336;0.3514;45.3966;6.0179;165.3481;ControllerBody;b8809a6a-d42c-4388-8464-0275ba58c74f;1;Exposure;2026-03-26 11:07:35.8014;Controllers;;OpenXR
Right;1;Exposure;0;NoMitigation;Translation;anonymous;Sample;514;0.0000;-0.0436;-0.0048;0.0033;1.9900;348.1697;4.3736;-0.0436;-0.0048;0.0033;-0.9937;-0.0133;0.1036;-0.0397;0;-0.0868;-1.3611;0.0435;0.0000;20.8518;0.0000;0.0000;0.0000;0.0000;0.0000;0.0000;0.0000;0;0.0000;0.0000;0.0000;0.0000;0.0000;0.0000;ControllerBody;0.0706;-0.7128;0.6978;0.1350;-0.4422;0.3565;0.1368;0.0953;-0.3768;0.9112;0.0350;-0.4422;0.3565;45.4597;5.7775;165.3448;0.0348;-0.4335;0.3513;45.3982;6.0144;165.3400;0;0.0348;-0.4335;0.3513;45.3982;6.0144;165.3400;ControllerBody;b8809a6a-d42c-4388-8464-0275ba58c74f;1;Exposure;2026-03-26 11:07:35.8261;Controllers;;OpenXR
Right;1;Exposure;0;NoMitigation;Translation;anonymous;Sample;517;0.0000;-0.0441;-0.0047;0.0031;1.9546;348.0906;4.9872;-0.0441;-0.0047;0.0031;-0.9934;-0.0124;0.1044;-0.0450;0;-0.0868;-1.3611;0.0435;0.0000;20.8518;0.0000;0.0000;0.0000;0.0000;0.0000;0.0000;0.0000;0;0.0000;0.0000;0.0000;0.0000;0.0000;0.0000;ControllerBody;0.0707;-0.7127;0.6979;0.1350;-0.4421;0.3565;0.1368;0.0954;-0.3768;0.9112;0.0350;-0.4421;0.3565;45.4582;5.7835;165.3447;0.0347;-0.4333;0.3512;45.3993;6.0103;165.3367;0;0.0347;-0.4333;0.3512;45.3993;6.0103;165.3367;ControllerBody;b8809a6a-d42c-4388-8464-0275ba58c74f;1;Exposure;2026-03-26 11:07:35.8505;Controllers;;OpenXR
Right;1;Exposure;0;NoMitigation;Translation;anonymous;Sample;520;0.0000;-0.0445;-0.0045;0.0028;1.7653;347.9921;5.6144;-0.0445;-0.0045;0.0028;-0.9931;-0.0102;0.1052;-0.0503;0;-0.0868;-1.3611;0.0435;0.0000;20.8518;0.0000;0.0000;0.0000;0.0000;0.0000;0.0000;0.0000;0;0.0000;0.0000;0.0000;0.0000;0.0000;0.0000;ControllerBody;0.0708;-0.7127;0.6979;0.1351;-0.4420;0.3565;0.1368;0.0954;-0.3768;0.9112;0.0351;-0.4420;0.3565;45.4567;5.7892;165.3444;0.0346;-0.4329;0.3511;45.3998;6.0055;165.3309;0;0.0346;-0.4329;0.3511;45.3998;6.0055;165.3309;ControllerBody;b8809a6a-d42c-4388-8464-0275ba58c74f;1;Exposure;2026-03-26 11:07:35.8746;Controllers;;OpenXR
Right;1;Exposure;0;NoMitigation;Translation;anonymous;Sample;523;0.0000;-0.0452;-0.0040;0.0023;1.6723;347.8607;6.1314;-0.0452;-0.0040;0.0023;-0.9928;-0.0088;0.1064;-0.0547;0;-0.0868;-1.3611;0.0435;0.0000;20.8518;0.0000;0.0000;0.0000;0.0000;0.0000;0.0000;0.0000;0;0.0000;0.0000;0.0000;0.0000;0.0000;0.0000;ControllerBody;0.0708;-0.7127;0.6979;0.1351;-0.4418;0.3565;0.1369;0.0955;-0.3768;0.9112;0.0351;-0.4418;0.3565;45.4552;5.7948;165.3440;0.0346;-0.4327;0.3510;45.4024;6.0032;165.3225;0;0.0346;-0.4327;0.3510;45.4024;6.0032;165.3225;ControllerBody;b8809a6a-d42c-4388-8464-0275ba58c74f;1;Exposure;2026-03-26 11:07:35.9019;Controllers;;OpenXR
Right;1;Exposure;0;NoMitigation;Translation;anonymous;Sample;526;0.0000;-0.0458;-0.0035;0.0022;1.2616;347.6584;6.6536;-0.0458;-0.0035;0.0022;-0.9924;-0.0047;0.1079;-0.0589;0;-0.0868;-1.3611;0.0435;0.0000;20.8518;0.0000;0.0000;0.0000;0.0000;0.0000;0.0000;0.0000;0;0.0000;0.0000;0.0000;0.0000;0.0000;0.0000;ControllerBody;0.0709;-0.7127;0.6979;0.1351;-0.4417;0.3565;0.1369;0.0955;-0.3767;0.9112;0.0351;-0.4417;0.3565;45.4538;5.7998;165.3434;0.0346;-0.4326;0.3509;45.4008;5.9980;165.3161;0;0.0346;-0.4326;0.3509;45.4008;5.9980;165.3161;ControllerBody;b8809a6a-d42c-4388-8464-0275ba58c74f;1;Exposure;2026-03-26 11:07:35.9261;Controllers;;OpenXR
Right;1;Exposure;0;NoMitigation;Translation;anonymous;Sample;529;0.0000;-0.0464;-0.0031;0.0019;0.9017;347.3598;7.1615;-0.0464;-0.0031;0.0019;-0.9919;-0.0009;0.1104;-0.0629;0;-0.0868;-1.3611;0.0435;0.0000;20.8518;0.0000;0.0000;0.0000;0.0000;0.0000;0.0000;0.0000;0;0.0000;0.0000;0.0000;0.0000;0.0000;0.0000;ControllerBody;0.0709;-0.7127;0.6979;0.1351;-0.4416;0.3564;0.1369;0.0955;-0.3767;0.9112;0.0351;-0.4416;0.3564;45.4525;5.8046;165.3427;0.0345;-0.4324;0.3508;45.3995;5.9952;165.3112;0;0.0345;-0.4324;0.3508;45.3995;5.9952;165.3112;ControllerBody;b8809a6a-d42c-4388-8464-0275ba58c74f;1;Exposure;2026-03-26 11:07:35.9515;Controllers;;OpenXR
Right;1;Exposure;0;NoMitigation;Translation;anonymous;Sample;532;0.0000;-0.0468;-0.0028;0.0015;0.7757;346.9901;7.5795;-0.0468;-0.0028;0.0015;-0.9913;0.0008;0.1135;-0.0664;0;-0.0868;-1.3611;0.0435;0.0000;20.8518;0.0000;0.0000;0.0000;0.0000;0.0000;0.0000;0.0000;0;0.0000;0.0000;0.0000;0.0000;0.0000;0.0000;ControllerBody;0.0710;-0.7127;0.6979;0.1351;-0.4414;0.3564;0.1369;0.0956;-0.3767;0.9112;0.0351;-0.4414;0.3564;45.4513;5.8089;165.3420;0.0345;-0.4322;0.3506;45.4000;5.9944;165.3068;0;0.0345;-0.4322;0.3506;45.4000;5.9944;165.3068;ControllerBody;b8809a6a-d42c-4388-8464-0275ba58c74f;1;Exposure;2026-03-26 11:07:35.9758;Controllers;;OpenXR
Right;1;Exposure;0;NoMitigation;Translation;anonymous;Sample;535;0.0000;-0.0462;-0.0011;0.0011;0.5554;347.3504;8.1090;-0.0462;-0.0011;0.0011;-0.9914;0.0030;0.1102;-0.0708;0;-0.0868;-1.3611;0.0435;0.0000;20.8518;0.0000;0.0000;0.0000;0.0000;0.0000;0.0000;0.0000;0;0.0000;0.0000;0.0000;0.0000;0.0000;0.0000;ControllerBody;0.0711;-0.7126;0.6979;0.1351;-0.4413;0.3564;0.1369;0.0956;-0.3767;0.9112;0.0351;-0.4413;0.3564;45.4501;5.8132;165.3410;0.0345;-0.4320;0.3505;45.4037;5.9882;165.2983;0;0.0345;-0.4320;0.3505;45.4037;5.9882;165.2983;ControllerBody;b8809a6a-d42c-4388-8464-0275ba58c74f;1;Exposure;2026-03-26 11:07:36.0015;Controllers;;OpenXR
Right;1;Exposure;0;NoMitigation;Translation;anonymous;Sample;538;0.0000;-0.0462;-0.0002;0.0013;359.3461;347.2331;7.5648;-0.0462;-0.0002;0.0013;-0.9917;0.0130;0.1106;-0.0649;0;-0.0868;-1.3611;0.0435;0.0000;20.8518;0.0000;0.0000;0.0000;0.0000;0.0000;0.0000;0.0000;0;0.0000;0.0000;0.0000;0.0000;0.0000;0.0000;ControllerBody;0.0711;-0.7126;0.6979;0.1351;-0.4411;0.3564;0.1370;0.0956;-0.3767;0.9112;0.0351;-0.4411;0.3564;45.4491;5.8172;165.3399;0.0345;-0.4318;0.3504;45.4068;5.9820;165.2903;0;0.0345;-0.4318;0.3504;45.4068;5.9820;165.2903;ControllerBody;b8809a6a-d42c-4388-8464-0275ba58c74f;1;Exposure;2026-03-26 11:07:36.0281;Controllers;;OpenXR
Right;1;Exposure;0;NoMitigation;Translation;anonymous;Sample;540;0.0000;-0.0460;0.0011;0.0016;358.2155;347.2515;7.3854;-0.0460;0.0011;0.0016;-0.9917;0.0226;0.1098;-0.0623;0;-0.0868;-1.3611;0.0435;0.0000;20.8518;0.0000;0.0000;0.0000;0.0000;0.0000;0.0000;0.0000;0;0.0000;0.0000;0.0000;0.0000;0.0000;0.0000;ControllerBody;0.0711;-0.7126;0.6979;0.1351;-0.4410;0.3563;0.1370;0.0957;-0.3767;0.9112;0.0351;-0.4410;0.3563;45.4483;5.8204;165.3388;0.0344;-0.4318;0.3503;45.4090;5.9774;165.2814;0;0.0344;-0.4318;0.3503;45.4090;5.9774;165.2814;ControllerBody;b8809a6a-d42c-4388-8464-0275ba58c74f;1;Exposure;2026-03-26 11:07:36.0497;Controllers;;OpenXR
Right;1;Exposure;0;NoMitigation;Translation;anonymous;Sample;543;0.0000;-0.0455;0.0006;0.0024;356.4417;346.9305;7.3906;-0.0455;0.0006;0.0024;-0.9912;0.0381;0.1115;-0.0605;0;-0.0868;-1.3611;0.0435;0.0000;20.8518;0.0000;0.0000;0.0000;0.0000;0.0000;0.0000;0.0000;0;0.0000;0.0000;0.0000;0.0000;0.0000;0.0000;ControllerBody;0.0712;-0.7126;0.6979;0.1350;-0.4409;0.3563;0.1370;0.0957;-0.3767;0.9112;0.0350;-0.4409;0.3563;45.4474;5.8238;165.3374;0.0344;-0.4317;0.3502;45.4112;5.9738;165.2748;0;0.0344;-0.4317;0.3502;45.4112;5.9738;165.2748;ControllerBody;b8809a6a-d42c-4388-8464-0275ba58c74f;1;Exposure;2026-03-26 11:07:36.0759;Controllers;;OpenXR
Right;1;Exposure;0;NoMitigation;Translation;anonymous;Sample;546;0.0000;-0.0465;0.0010;0.0033;355.2770;346.7266;7.4973;-0.0465;0.0010;0.0033;-0.9906;0.0484;0.1126;-0.0601;0;-0.0868;-1.3611;0.0435;0.0000;20.8518;0.0000;0.0000;0.0000;0.0000;0.0000;0.0000;0.0000;0;0.0000;0.0000;0.0000;0.0000;0.0000;0.0000;ControllerBody;0.0712;-0.7126;0.6979;0.1350;-0.4407;0.3563;0.1370;0.0957;-0.3766;0.9112;0.0350;-0.4407;0.3563;45.4467;5.8268;165.3361;0.0343;-0.4316;0.3501;45.4119;5.9706;165.2704;0;0.0343;-0.4316;0.3501;45.4119;5.9706;165.2704;ControllerBody;b8809a6a-d42c-4388-8464-0275ba58c74f;1;Exposure;2026-03-26 11:07:36.1010;Controllers;;OpenXR
Right;1;Exposure;0;NoMitigation;Translation;anonymous;Sample;549;0.0000;-0.0480;0.0027;0.0041;353.5837;345.9379;7.2446;-0.0480;0.0027;0.0041;-0.9894;0.0632;0.1185;-0.0558;0;-0.0868;-1.3611;0.0435;0.0000;20.8518;0.0000;0.0000;0.0000;0.0000;0.0000;0.0000;0.0000;0;0.0000;0.0000;0.0000;0.0000;0.0000;0.0000;ControllerBody;0.0713;-0.7126;0.6980;0.1350;-0.4406;0.3562;0.1371;0.0958;-0.3766;0.9111;0.0350;-0.4406;0.3562;45.4459;5.8299;165.3346;0.0343;-0.4315;0.3500;45.4089;5.9682;165.2648;0;0.0343;-0.4315;0.3500;45.4089;5.9682;165.2648;ControllerBody;b8809a6a-d42c-4388-8464-0275ba58c74f;1;Exposure;2026-03-26 11:07:36.1258;Controllers;;OpenXR
Right;1;Exposure;0;NoMitigation;Translation;anonymous;Sample;552;0.0000;-0.0489;0.0045;0.0045;352.1050;345.3018;7.4487;-0.0489;0.0045;0.0045;-0.9879;0.0764;0.1229;-0.0555;0;-0.0868;-1.3611;0.0435;0.0000;20.8518;0.0000;0.0000;0.0000;0.0000;0.0000;0.0000;0.0000;0;0.0000;0.0000;0.0000;0.0000;0.0000;0.0000;ControllerBody;0.0713;-0.7126;0.6980;0.1350;-0.4404;0.3562;0.1371;0.0958;-0.3766;0.9111;0.0350;-0.4404;0.3562;45.4451;5.8327;165.3331;0.0342;-0.4314;0.3499;45.4060;5.9637;165.2590;0;0.0342;-0.4314;0.3499;45.4060;5.9637;165.2590;ControllerBody;b8809a6a-d42c-4388-8464-0275ba58c74f;1;Exposure;2026-03-26 11:07:36.1505;Controllers;;OpenXR
Right;1;Exposure;0;NoMitigation;Translation;anonymous;Sample;555;0.0000;-0.0497;0.0059;0.0048;350.8342;344.8580;7.5662;-0.0497;0.0059;0.0048;-0.9867;0.0877;0.1258;-0.0547;0;-0.0868;-1.3611;0.0435;0.0000;20.8518;0.0000;0.0000;0.0000;0.0000;0.0000;0.0000;0.0000;0;0.0000;0.0000;0.0000;0.0000;0.0000;0.0000;ControllerBody;0.0713;-0.7126;0.6980;0.1350;-0.4403;0.3562;0.1371;0.0958;-0.3766;0.9111;0.0350;-0.4403;0.3562;45.4443;5.8354;165.3315;0.0342;-0.4314;0.3498;45.4041;5.9627;165.2564;0;0.0342;-0.4314;0.3498;45.4041;5.9627;165.2564;ControllerBody;b8809a6a-d42c-4388-8464-0275ba58c74f;1;Exposure;2026-03-26 11:07:36.1753;Controllers;;OpenXR
Right;1;Exposure;0;NoMitigation;Translation;anonymous;Sample;558;0.0000;-0.0506;0.0074;0.0048;349.6787;344.2331;7.5118;-0.0506;0.0074;0.0048;-0.9852;0.0979;0.1305;-0.0523;0;-0.0868;-1.3611;0.0435;0.0000;20.8518;0.0000;0.0000;0.0000;0.0000;0.0000;0.0000;0.0000;0;0.0000;0.0000;0.0000;0.0000;0.0000;0.0000;ControllerBody;0.0714;-0.7126;0.6980;0.1350;-0.4402;0.3561;0.1371;0.0958;-0.3766;0.9111;0.0350;-0.4402;0.3561;45.4435;5.8379;165.3300;0.0341;-0.4313;0.3496;45.4038;5.9617;165.2526;0;0.0341;-0.4313;0.3496;45.4038;5.9617;165.2526;ControllerBody;b8809a6a-d42c-4388-8464-0275ba58c74f;1;Exposure;2026-03-26 11:07:36.2032;Controllers;;OpenXR
Right;1;Exposure;0;NoMitigation;Translation;anonymous;Sample;559;0.0000;-0.0516;0.0094;0.0050;348.2324;343.6570;7.5299;-0.0516;0.0094;0.0050;-0.9835;0.1105;0.1344;-0.0501;0;-0.0868;-1.3611;0.0435;0.0000;20.8518;0.0000;0.0000;0.0000;0.0000;0.0000;0.0000;0.0000;0;0.0000;0.0000;0.0000;0.0000;0.0000;0.0000;ControllerBody;0.0714;-0.7125;0.6980;0.1350;-0.4401;0.3561;0.1371;0.0959;-0.3766;0.9111;0.0350;-0.4401;0.3561;45.4427;5.8401;165.3283;0.0340;-0.4311;0.3493;45.4004;5.9555;165.2381;0;0.0340;-0.4311;0.3493;45.4004;5.9555;165.2381;ControllerBody;b8809a6a-d42c-4388-8464-0275ba58c74f;1;Exposure;2026-03-26 11:07:36.2706;Controllers;;OpenXR
Right;1;Exposure;0;NoMitigation;Translation;anonymous;Sample;562;0.0000;-0.0533;0.0136;0.0056;344.6505;342.7521;7.7987;-0.0533;0.0136;0.0056;-0.9789;0.1418;0.1393;-0.0467;0;-0.0868;-1.3611;0.0435;0.0000;20.8518;0.0000;0.0000;0.0000;0.0000;0.0000;0.0000;0.0000;0;0.0000;0.0000;0.0000;0.0000;0.0000;0.0000;ControllerBody;0.0714;-0.7125;0.6980;0.1350;-0.4399;0.3560;0.1372;0.0959;-0.3766;0.9111;0.0350;-0.4399;0.3560;45.4419;5.8421;165.3267;0.0339;-0.4309;0.3491;45.3988;5.9555;165.2369;0;0.0339;-0.4309;0.3491;45.3988;5.9555;165.2369;ControllerBody;b8809a6a-d42c-4388-8464-0275ba58c74f;1;Exposure;2026-03-26 11:07:36.2911;Controllers;;OpenXR
Right;1;Exposure;0;NoMitigation;Translation;anonymous;Sample;565;0.0000;-0.0536;0.0145;0.0052;343.7855;342.6058;7.8180;-0.0536;0.0145;0.0052;-0.9778;0.1493;0.1398;-0.0454;0;-0.0868;-1.3611;0.0435;0.0000;20.8518;0.0000;0.0000;0.0000;0.0000;0.0000;0.0000;0.0000;0;0.0000;0.0000;0.0000;0.0000;0.0000;0.0000;ControllerBody;0.0714;-0.7125;0.6980;0.1350;-0.4398;0.3560;0.1372;0.0959;-0.3766;0.9111;0.0350;-0.4398;0.3560;45.4409;5.8444;165.3248;0.0338;-0.4307;0.3489;45.3939;5.9544;165.2338;0;0.0338;-0.4307;0.3489;45.3939;5.9544;165.2338;ControllerBody;b8809a6a-d42c-4388-8464-0275ba58c74f;1;Exposure;2026-03-26 11:07:36.3163;Controllers;;OpenXR
Right;1;Exposure;0;NoMitigation;Translation;anonymous;Sample;568;0.0000;-0.0538;0.0149;0.0048;343.6032;342.6135;7.5211;-0.0538;0.0149;0.0048;-0.9777;0.1505;0.1400;-0.0427;0;-0.0868;-1.3611;0.0435;0.0000;20.8518;0.0000;0.0000;0.0000;0.0000;0.0000;0.0000;0.0000;0;0.0000;0.0000;0.0000;0.0000;0.0000;0.0000;ControllerBody;0.0715;-0.7125;0.6980;0.1349;-0.4397;0.3559;0.1372;0.0959;-0.3766;0.9111;0.0349;-0.4397;0.3559;45.4415;5.8472;165.3235;0.0338;-0.4306;0.3487;45.3927;5.9523;165.2314;0;0.0338;-0.4306;0.3487;45.3927;5.9523;165.2314;ControllerBody;b8809a6a-d42c-4388-8464-0275ba58c74f;1;Exposure;2026-03-26 11:07:36.3423;Controllers;;OpenXR
Right;1;Exposure;0;NoMitigation;Translation;anonymous;Sample;571;0.0000;-0.0541;0.0152;0.0046;343.9424;342.4981;7.1060;-0.0541;0.0152;0.0046;-0.9781;0.1471;0.1418;-0.0394;0;-0.0868;-1.3611;0.0435;0.0000;20.8518;0.0000;0.0000;0.0000;0.0000;0.0000;0.0000;0.0000;0;0.0000;0.0000;0.0000;0.0000;0.0000;0.0000;ControllerBody;0.0715;-0.7125;0.6980;0.1349;-0.4395;0.3558;0.1372;0.0960;-0.3766;0.9111;0.0349;-0.4395;0.3558;45.4405;5.8492;165.3216;0.0338;-0.4304;0.3485;45.3880;5.9491;165.2240;0;0.0338;-0.4304;0.3485;45.3880;5.9491;165.2240;ControllerBody;b8809a6a-d42c-4388-8464-0275ba58c74f;1;Exposure;2026-03-26 11:07:36.3672;Controllers;;OpenXR
Right;1;Exposure;0;NoMitigation;Translation;anonymous;Sample;574;0.0000;-0.0543;0.0156;0.0045;343.8676;342.1829;6.8405;-0.0543;0.0156;0.0045;-0.9777;0.1475;0.1448;-0.0367;0;-0.0868;-1.3611;0.0435;0.0000;20.8518;0.0000;0.0000;0.0000;0.0000;0.0000;0.0000;0.0000;0;0.0000;0.0000;0.0000;0.0000;0.0000;0.0000;ControllerBody;0.0715;-0.7125;0.6980;0.1349;-0.4394;0.3557;0.1372;0.0960;-0.3765;0.9111;0.0349;-0.4394;0.3557;45.4393;5.8513;165.3194;0.0337;-0.4303;0.3483;45.3831;5.9438;165.2149;0;0.0337;-0.4303;0.3483;45.3831;5.9438;165.2149;ControllerBody;b8809a6a-d42c-4388-8464-0275ba58c74f;1;Exposure;2026-03-26 11:07:36.3922;Controllers;;OpenXR
Right;1;Exposure;0;NoMitigation;Translation;anonymous;Sample;577;0.0000;-0.0541;0.0161;0.0047;343.3906;341.8485;6.8921;-0.0541;0.0161;0.0047;-0.9767;0.1518;0.1472;-0.0360;0;-0.0868;-1.3611;0.0435;0.0000;20.8518;0.0000;0.0000;0.0000;0.0000;0.0000;0.0000;0.0000;0;0.0000;0.0000;0.0000;0.0000;0.0000;0.0000;ControllerBody;0.0716;-0.7125;0.6980;0.1349;-0.4392;0.3556;0.1373;0.0960;-0.3765;0.9111;0.0349;-0.4392;0.3556;45.4381;5.8531;165.3173;0.0337;-0.4302;0.3482;45.3825;5.9419;165.2084;0;0.0337;-0.4302;0.3482;45.3825;5.9419;165.2084;ControllerBody;b8809a6a-d42c-4388-8464-0275ba58c74f;1;Exposure;2026-03-26 11:07:36.4179;Controllers;;OpenXR
Right;1;Exposure;0;NoMitigation;Translation;anonymous;Sample;580;0.0000;-0.0539;0.0166;0.0050;343.1665;341.7659;6.8306;-0.0539;0.0166;0.0050;-0.9764;0.1536;0.1479;-0.0350;0;-0.0868;-1.3611;0.0435;0.0000;20.8518;0.0000;0.0000;0.0000;0.0000;0.0000;0.0000;0.0000;0;0.0000;0.0000;0.0000;0.0000;0.0000;0.0000;ControllerBody;0.0716;-0.7125;0.6980;0.1348;-0.4391;0.3555;0.1373;0.0960;-0.3765;0.9111;0.0348;-0.4391;0.3555;45.4370;5.8549;165.3151;0.0337;-0.4301;0.3482;45.3788;5.9449;165.2075;0;0.0337;-0.4301;0.3482;45.3788;5.9449;165.2075;ControllerBody;b8809a6a-d42c-4388-8464-0275ba58c74f;1;Exposure;2026-03-26 11:07:36.4432;Controllers;;OpenXR
Right;1;Exposure;0;NoMitigation;Translation;anonymous;Sample;582;0.0000;-0.0535;0.0165;0.0052;343.2757;341.6817;6.4732;-0.0535;0.0165;0.0052;-0.9765;0.1522;0.1491;-0.0320;0;-0.0868;-1.3611;0.0435;0.0000;20.8518;0.0000;0.0000;0.0000;0.0000;0.0000;0.0000;0.0000;0;0.0000;0.0000;0.0000;0.0000;0.0000;0.0000;ControllerBody;0.0716;-0.7125;0.6980;0.1348;-0.4389;0.3554;0.1373;0.0960;-0.3765;0.9111;0.0348;-0.4389;0.3554;45.4357;5.8569;165.3124;0.0336;-0.4298;0.3480;45.3834;5.9372;165.1987;0;0.0336;-0.4298;0.3480;45.3834;5.9372;165.1987;ControllerBody;b8809a6a-d42c-4388-8464-0275ba58c74f;1;Exposure;2026-03-26 11:07:36.5141;Controllers;;OpenXR
Right;1;Exposure;0;NoMitigation;Translation;anonymous;Sample;583;0.0000;-0.0532;0.0166;0.0052;343.2976;341.6595;6.2366;-0.0532;0.0166;0.0052;-0.9766;0.1517;0.1496;-0.0300;0;-0.0868;-1.3611;0.0435;0.0000;20.8518;0.0000;0.0000;0.0000;0.0000;0.0000;0.0000;0.0000;0;0.0000;0.0000;0.0000;0.0000;0.0000;0.0000;ControllerBody;0.0716;-0.7125;0.6981;0.1348;-0.4387;0.3554;0.1373;0.0961;-0.3765;0.9111;0.0348;-0.4387;0.3554;45.4348;5.8582;165.3103;0.0335;-0.4297;0.3480;45.3835;5.9313;165.1922;0;0.0335;-0.4297;0.3480;45.3835;5.9313;165.1922;ControllerBody;b8809a6a-d42c-4388-8464-0275ba58c74f;1;Exposure;2026-03-26 11:07:36.5379;Controllers;;OpenXR
Right;1;Exposure;0;NoMitigation;Translation;anonymous;Sample;585;0.0000;-0.0524;0.0167;0.0058;343.1995;341.6745;6.0205;-0.0524;0.0167;0.0058;-0.9765;0.1523;0.1497;-0.0281;0;-0.0868;-1.3611;0.0435;0.0000;20.8518;0.0000;0.0000;0.0000;0.0000;0.0000;0.0000;0.0000;0;0.0000;0.0000;0.0000;0.0000;0.0000;0.0000;ControllerBody;0.0716;-0.7124;0.6981;0.1348;-0.4386;0.3553;0.1374;0.0961;-0.3765;0.9111;0.0348;-0.4386;0.3553;45.4339;5.8594;165.3082;0.0335;-0.4295;0.3478;45.3818;5.9298;165.1867;0;0.0335;-0.4295;0.3478;45.3818;5.9298;165.1867;ControllerBody;b8809a6a-d42c-4388-8464-0275ba58c74f;1;Exposure;2026-03-26 11:07:36.5580;Controllers;;OpenXR
Right;1;Exposure;0;NoMitigation;Translation;anonymous;Sample;588;0.0000;-0.0524;0.0162;0.0061;343.4111;341.6256;5.7894;-0.0524;0.0162;0.0061;-0.9768;0.1502;0.1506;-0.0263;0;-0.0868;-1.3611;0.0435;0.0000;20.8518;0.0000;0.0000;0.0000;0.0000;0.0000;0.0000;0.0000;0;0.0000;0.0000;0.0000;0.0000;0.0000;0.0000;ControllerBody;0.0717;-0.7124;0.6981;0.1347;-0.4384;0.3552;0.1374;0.0961;-0.3765;0.9111;0.0347;-0.4384;0.3552;45.4328;5.8608;165.3056;0.0335;-0.4294;0.3477;45.3800;5.9258;165.1790;0;0.0335;-0.4294;0.3477;45.3800;5.9258;165.1790;ControllerBody;b8809a6a-d42c-4388-8464-0275ba58c74f;1;Exposure;2026-03-26 11:07:36.5855;Controllers;;OpenXR
Right;1;Exposure;0;NoMitigation;Translation;anonymous;Sample;591;0.0000;-0.0524;0.0158;0.0066;343.6885;341.3069;6.1975;-0.0524;0.0158;0.0066;-0.9766;0.1485;0.1530;-0.0298;0;-0.0868;-1.3611;0.0435;0.0000;20.8518;0.0000;0.0000;0.0000;0.0000;0.0000;0.0000;0.0000;0;0.0000;0.0000;0.0000;0.0000;0.0000;0.0000;ControllerBody;0.0717;-0.7124;0.6981;0.1347;-0.4383;0.3551;0.1374;0.0961;-0.3765;0.9111;0.0347;-0.4383;0.3551;45.4318;5.8620;165.3033;0.0335;-0.4293;0.3477;45.3787;5.9238;165.1744;0;0.0335;-0.4293;0.3477;45.3787;5.9238;165.1744;ControllerBody;b8809a6a-d42c-4388-8464-0275ba58c74f;1;Exposure;2026-03-26 11:07:36.6077;Controllers;;OpenXR
Right;1;Exposure;0;NoMitigation;Translation;anonymous;Sample;594;0.0000;-0.0521;0.0159;0.0070;343.6759;340.9615;6.5668;-0.0521;0.0159;0.0070;-0.9760;0.1492;0.1554;-0.0325;0;-0.0868;-1.3611;0.0435;0.0000;20.8518;0.0000;0.0000;0.0000;0.0000;0.0000;0.0000;0.0000;0;0.0000;0.0000;0.0000;0.0000;0.0000;0.0000;ControllerBody;0.0717;-0.7124;0.6981;0.1347;-0.4382;0.3550;0.1374;0.0961;-0.3764;0.9111;0.0347;-0.4382;0.3550;45.4306;5.8632;165.3005;0.0334;-0.4291;0.3475;45.3725;5.9192;165.1669;0;0.0334;-0.4291;0.3475;45.3725;5.9192;165.1669;ControllerBody;b8809a6a-d42c-4388-8464-0275ba58c74f;1;Exposure;2026-03-26 11:07:36.6339;Controllers;;OpenXR
Right;1;Exposure;0;NoMitigation;Translation;anonymous;Sample;597;0.0000;-0.0520;0.0161;0.0074;343.6653;340.4779;6.6492;-0.0520;0.0161;0.0074;-0.9753;0.1495;0.1594;-0.0325;0;-0.0868;-1.3611;0.0435;0.0000;20.8518;0.0000;0.0000;0.0000;0.0000;0.0000;0.0000;0.0000;0;0.0000;0.0000;0.0000;0.0000;0.0000;0.0000;ControllerBody;0.0717;-0.7124;0.6981;0.1346;-0.4380;0.3549;0.1375;0.0961;-0.3764;0.9111;0.0346;-0.4380;0.3549;45.4294;5.8643;165.2979;0.0332;-0.4288;0.3474;45.3709;5.9193;165.1668;0;0.0332;-0.4288;0.3474;45.3709;5.9193;165.1668;ControllerBody;b8809a6a-d42c-4388-8464-0275ba58c74f;1;Exposure;2026-03-26 11:07:36.6596;Controllers;;OpenXR
Right;1;Exposure;0;NoMitigation;Translation;anonymous;Sample;600;0.0000;-0.0523;0.0164;0.0078;343.7499;340.1023;6.3651;-0.0523;0.0164;0.0078;-0.9749;0.1485;0.1630;-0.0298;0;-0.0868;-1.3611;0.0435;0.0000;20.8518;0.0000;0.0000;0.0000;0.0000;0.0000;0.0000;0.0000;0;0.0000;0.0000;0.0000;0.0000;0.0000;0.0000;ControllerBody;0.0717;-0.7124;0.6981;0.1346;-0.4378;0.3548;0.1375;0.0962;-0.3764;0.9111;0.0346;-0.4378;0.3548;45.4283;5.8653;165.2953;0.0331;-0.4285;0.3473;45.3689;5.9169;165.1632;0;0.0331;-0.4285;0.3473;45.3689;5.9169;165.1632;ControllerBody;b8809a6a-d42c-4388-8464-0275ba58c74f;1;Exposure;2026-03-26 11:07:36.6844;Controllers;;OpenXR
Right;1;Exposure;0;NoMitigation;Translation;anonymous;Sample;603;0.0000;-0.0525;0.0164;0.0083;343.8883;339.6860;6.2725;-0.0525;0.0164;0.0083;-0.9745;0.1473;0.1668;-0.0286;0;-0.0868;-1.3611;0.0435;0.0000;20.8518;0.0000;0.0000;0.0000;0.0000;0.0000;0.0000;0.0000;0;0.0000;0.0000;0.0000;0.0000;0.0000;0.0000;ControllerBody;0.0717;-0.7124;0.6981;0.1345;-0.4377;0.3547;0.1375;0.0962;-0.3764;0.9111;0.0345;-0.4377;0.3547;45.4289;5.8678;165.2938;0.0330;-0.4282;0.3472;45.3690;5.9152;165.1602;0;0.0330;-0.4282;0.3472;45.3690;5.9152;165.1602;ControllerBody;b8809a6a-d42c-4388-8464-0275ba58c74f;1;Exposure;2026-03-26 11:07:36.7082;Controllers;;OpenXR
Right;1;Exposure;0;NoMitigation;Translation;anonymous;Sample;606;0.0000;-0.0528;0.0164;0.0095;343.8023;339.2674;6.3411;-0.0528;0.0164;0.0095;-0.9738;0.1482;0.1702;-0.0286;0;-0.0868;-1.3611;0.0435;0.0000;20.8518;0.0000;0.0000;0.0000;0.0000;0.0000;0.0000;0.0000;0;0.0000;0.0000;0.0000;0.0000;0.0000;0.0000;ControllerBody;0.0718;-0.7124;0.6981;0.1345;-0.4375;0.3546;0.1375;0.0962;-0.3764;0.9111;0.0345;-0.4375;0.3546;45.4277;5.8686;165.2912;0.0329;-0.4280;0.3472;45.3717;5.9109;165.1539;0;0.0329;-0.4280;0.3472;45.3717;5.9109;165.1539;ControllerBody;b8809a6a-d42c-4388-8464-0275ba58c74f;1;Exposure;2026-03-26 11:07:36.7338;Controllers;;OpenXR
Right;1;Exposure;0;NoMitigation;Translation;anonymous;Sample;609;0.0000;-0.0529;0.0166;0.0103;343.7656;338.7525;6.4174;-0.0529;0.0166;0.0103;-0.9729;0.1488;0.1745;-0.0285;0;-0.0868;-1.3611;0.0435;0.0000;20.8518;0.0000;0.0000;0.0000;0.0000;0.0000;0.0000;0.0000;0;0.0000;0.0000;0.0000;0.0000;0.0000;0.0000;ControllerBody;0.0718;-0.7124;0.6981;0.1345;-0.4373;0.3545;0.1376;0.0962;-0.3764;0.9111;0.0345;-0.4373;0.3545;45.4267;5.8694;165.2887;0.0329;-0.4278;0.3471;45.3703;5.9060;165.1474;0;0.0329;-0.4278;0.3471;45.3703;5.9060;165.1474;ControllerBody;b8809a6a-d42c-4388-8464-0275ba58c74f;1;Exposure;2026-03-26 11:07:36.7581;Controllers;;OpenXR
Right;1;Exposure;0;NoMitigation;Translation;anonymous;Sample;612;0.0000;-0.0527;0.0166;0.0114;343.8401;338.4379;6.4541;-0.0527;0.0166;0.0114;-0.9725;0.1483;0.1771;-0.0285;0;-0.0868;-1.3611;0.0435;0.0000;20.8518;0.0000;0.0000;0.0000;0.0000;0.0000;0.0000;0.0000;0;0.0000;0.0000;0.0000;0.0000;0.0000;0.0000;ControllerBody;0.0718;-0.7123;0.6982;0.1344;-0.4371;0.3544;0.1376;0.0962;-0.3764;0.9111;0.0344;-0.4371;0.3544;45.4259;5.8698;165.2867;0.0328;-0.4275;0.3470;45.3679;5.9006;165.1428;0;0.0328;-0.4275;0.3470;45.3679;5.9006;165.1428;ControllerBody;b8809a6a-d42c-4388-8464-0275ba58c74f;1;Exposure;2026-03-26 11:07:36.7850;Controllers;;OpenXR
Right;1;Exposure;0;NoMitigation;Translation;anonymous;Sample;615;0.0000;-0.0523;0.0163;0.0124;343.9151;338.3721;6.2244;-0.0523;0.0163;0.0124;-0.9726;0.1473;0.1780;-0.0266;0;-0.0868;-1.3611;0.0435;0.0000;20.8518;0.0000;0.0000;0.0000;0.0000;0.0000;0.0000;0.0000;0;0.0000;0.0000;0.0000;0.0000;0.0000;0.0000;ControllerBody;0.0718;-0.7123;0.6982;0.1344;-0.4369;0.3543;0.1376;0.0962;-0.3764;0.9111;0.0344;-0.4369;0.3543;45.4249;5.8703;165.2841;0.0327;-0.4272;0.3470;45.3710;5.9002;165.1382;0;0.0327;-0.4272;0.3470;45.3710;5.9002;165.1382;ControllerBody;b8809a6a-d42c-4388-8464-0275ba58c74f;1;Exposure;2026-03-26 11:07:36.8094;Controllers;;OpenXR
Right;1;Exposure;0;NoMitigation;Translation;anonymous;Sample;616;0.0000;-0.0524;0.0162;0.0129;344.0974;338.4988;6.0138;-0.0524;0.0162;0.0129;-0.9730;0.1454;0.1774;-0.0253;0;-0.0868;-1.3611;0.0435;0.0000;20.8518;0.0000;0.0000;0.0000;0.0000;0.0000;0.0000;0.0000;0;0.0000;0.0000;0.0000;0.0000;0.0000;0.0000;ControllerBody;0.0718;-0.7123;0.6982;0.1343;-0.4367;0.3542;0.1376;0.0962;-0.3764;0.9111;0.0343;-0.4367;0.3542;45.4249;5.8703;165.2841;0.0325;-0.4268;0.3469;45.3677;5.9007;165.1387;0;0.0325;-0.4268;0.3469;45.3677;5.9007;165.1387;ControllerBody;b8809a6a-d42c-4388-8464-0275ba58c74f;1;Exposure;2026-03-26 11:07:36.8315;Controllers;;OpenXR
Right;1;Exposure;0;NoMitigation;Translation;anonymous;Sample;618;0.0000;-0.0518;0.0157;0.0141;344.5418;338.5882;5.7104;-0.0518;0.0157;0.0141;-0.9737;0.1412;0.1773;-0.0235;0;-0.0868;-1.3611;0.0435;0.0000;20.8518;0.0000;0.0000;0.0000;0.0000;0.0000;0.0000;0.0000;0;0.0000;0.0000;0.0000;0.0000;0.0000;0.0000;ControllerBody;0.0718;-0.7123;0.6982;0.1342;-0.4364;0.3541;0.1376;0.0962;-0.3764;0.9111;0.0342;-0.4364;0.3541;45.4234;5.8711;165.2804;0.0324;-0.4264;0.3467;45.3606;5.9005;165.1374;0;0.0324;-0.4264;0.3467;45.3606;5.9005;165.1374;ControllerBody;b8809a6a-d42c-4388-8464-0275ba58c74f;1;Exposure;2026-03-26 11:07:36.8649;Controllers;;OpenXR
Right;1;Exposure;0;NoMitigation;Translation;anonymous;Sample;621;0.0000;-0.0509;0.0150;0.0154;344.8876;338.7549;5.6074;-0.0509;0.0150;0.0154;-0.9743;0.1380;0.1762;-0.0234;0;-0.0868;-1.3611;0.0435;0.0000;20.8518;0.0000;0.0000;0.0000;0.0000;0.0000;0.0000;0.0000;0;0.0000;0.0000;0.0000;0.0000;0.0000;0.0000;ControllerBody;0.0718;-0.7123;0.6982;0.1342;-0.4361;0.3540;0.1376;0.0963;-0.3763;0.9111;0.0342;-0.4361;0.3540;45.4220;5.8716;165.2773;0.0323;-0.4264;0.3468;45.3588;5.8957;165.1315;0;0.0323;-0.4264;0.3468;45.3588;5.8957;165.1315;ControllerBody;b8809a6a-d42c-4388-8464-0275ba58c74f;1;Exposure;2026-03-26 11:07:36.8938;Controllers;;OpenXR
Right;1;Exposure;0;NoMitigation;Translation;anonymous;Sample;624;0.0000;-0.0504;0.0148;0.0160;345.0015;338.7840;5.7212;-0.0504;0.0148;0.0160;-0.9745;0.1372;0.1759;-0.0246;0;-0.0868;-1.3611;0.0435;0.0000;20.8518;0.0000;0.0000;0.0000;0.0000;0.0000;0.0000;0.0000;0;0.0000;0.0000;0.0000;0.0000;0.0000;0.0000;ControllerBody;0.0718;-0.7123;0.6982;0.1341;-0.4360;0.3539;0.1377;0.0963;-0.3763;0.9111;0.0341;-0.4360;0.3539;45.4212;5.8719;165.2756;0.0323;-0.4262;0.3468;45.3548;5.8941;165.1282;0;0.0323;-0.4262;0.3468;45.3548;5.8941;165.1282;ControllerBody;b8809a6a-d42c-4388-8464-0275ba58c74f;1;Exposure;2026-03-26 11:07:36.9168;Controllers;;OpenXR
Right;1;Exposure;0;NoMitigation;Translation;anonymous;Sample;627;0.0000;-0.0501;0.0146;0.0165;345.0604;338.8246;5.7068;-0.0501;0.0146;0.0165;-0.9746;0.1367;0.1756;-0.0247;0;-0.0868;-1.3611;0.0435;0.0000;20.8518;0.0000;0.0000;0.0000;0.0000;0.0000;0.0000;0.0000;0;0.0000;0.0000;0.0000;0.0000;0.0000;0.0000;ControllerBody;0.0718;-0.7123;0.6982;0.1340;-0.4357;0.3538;0.1377;0.0963;-0.3763;0.9111;0.0340;-0.4357;0.3538;45.4200;5.8722;165.2726;0.0323;-0.4260;0.3470;45.3573;5.8913;165.1228;0;0.0323;-0.4260;0.3470;45.3573;5.8913;165.1228;ControllerBody;b8809a6a-d42c-4388-8464-0275ba58c74f;1;Exposure;2026-03-26 11:07:36.9426;Controllers;;OpenXR
Right;1;Exposure;0;NoMitigation;Translation;anonymous;Sample;630;0.0000;-0.0497;0.0143;0.0167;345.1664;338.8723;5.5884;-0.0497;0.0143;0.0167;-0.9748;0.1356;0.1754;-0.0239;0;-0.0868;-1.3611;0.0435;0.0000;20.8518;0.0000;0.0000;0.0000;0.0000;0.0000;0.0000;0.0000;0;0.0000;0.0000;0.0000;0.0000;0.0000;0.0000;ControllerBody;0.0718;-0.7123;0.6982;0.1340;-0.4356;0.3538;0.1377;0.0963;-0.3763;0.9111;0.0340;-0.4356;0.3538;45.4196;5.8723;165.2717;0.0323;-0.4260;0.3471;45.3628;5.8851;165.1180;0;0.0323;-0.4260;0.3471;45.3628;5.8851;165.1180;ControllerBody;b8809a6a-d42c-4388-8464-0275ba58c74f;1;Exposure;2026-03-26 11:07:36.9674;Controllers;;OpenXR
Right;1;Exposure;0;NoMitigation;Translation;anonymous;Sample;633;0.0000;-0.0491;0.0142;0.0170;345.2783;338.8798;5.5319;-0.0491;0.0142;0.0170;-0.9750;0.1346;0.1755;-0.0236;0;-0.0868;-1.3611;0.0435;0.0000;20.8518;0.0000;0.0000;0.0000;0.0000;0.0000;0.0000;0.0000;0;0.0000;0.0000;0.0000;0.0000;0.0000;0.0000;ControllerBody;0.0718;-0.7123;0.6982;0.1339;-0.4354;0.3537;0.1377;0.0963;-0.3763;0.9111;0.0339;-0.4354;0.3537;45.4196;5.8723;165.2717;0.0322;-0.4258;0.3471;45.3671;5.8817;165.1124;0;0.0322;-0.4258;0.3471;45.3671;5.8817;165.1124;ControllerBody;b8809a6a-d42c-4388-8464-0275ba58c74f;1;Exposure;2026-03-26 11:07:36.9915;Controllers;;OpenXR
Right;1;Exposure;0;NoMitigation;Translation;anonymous;Sample;636;0.0000;-0.0485;0.0140;0.0173;345.3649;338.9708;5.5289;-0.0485;0.0140;0.0173;-0.9752;0.1338;0.1747;-0.0238;0;-0.0868;-1.3611;0.0435;0.0000;20.8518;0.0000;0.0000;0.0000;0.0000;0.0000;0.0000;0.0000;0;0.0000;0.0000;0.0000;0.0000;0.0000;0.0000;ControllerBody;0.0718;-0.7123;0.6982;0.1339;-0.4352;0.3536;0.1377;0.0963;-0.3763;0.9111;0.0339;-0.4352;0.3536;45.4190;5.8724;165.2697;0.0321;-0.4256;0.3470;45.3679;5.8780;165.1052;0;0.0321;-0.4256;0.3470;45.3679;5.8780;165.1052;ControllerBody;b8809a6a-d42c-4388-8464-0275ba58c74f;1;Exposure;2026-03-26 11:07:37.0177;Controllers;;OpenXR
Right;1;Exposure;0;NoMitigation;Translation;anonymous;Sample;639;0.0000;-0.0480;0.0138;0.0177;345.3679;339.1906;5.4207;-0.0480;0.0138;0.0177;-0.9755;0.1336;0.1730;-0.0232;0;-0.0868;-1.3611;0.0435;0.0000;20.8518;0.0000;0.0000;0.0000;0.0000;0.0000;0.0000;0.0000;0;0.0000;0.0000;0.0000;0.0000;0.0000;0.0000;ControllerBody;0.0718;-0.7123;0.6982;0.1338;-0.4350;0.3536;0.1377;0.0963;-0.3763;0.9111;0.0338;-0.4350;0.3536;45.4211;5.8747;165.2693;0.0320;-0.4254;0.3469;45.3613;5.8778;165.1065;0;0.0320;-0.4254;0.3469;45.3613;5.8778;165.1065;ControllerBody;b8809a6a-d42c-4388-8464-0275ba58c74f;1;Exposure;2026-03-26 11:07:37.0424;Controllers;;OpenXR
Right;1;Exposure;0;NoMitigation;Translation;anonymous;Sample;642;0.0000;-0.0479;0.0137;0.0180;345.4634;339.3340;5.1689;-0.0479;0.0137;0.0180;-0.9759;0.1324;0.1721;-0.0213;0;-0.0868;-1.3611;0.0435;0.0000;20.8518;0.0000;0.0000;0.0000;0.0000;0.0000;0.0000;0.0000;0;0.0000;0.0000;0.0000;0.0000;0.0000;0.0000;ControllerBody;0.0718;-0.7123;0.6982;0.1337;-0.4347;0.3535;0.1378;0.0963;-0.3763;0.9111;0.0337;-0.4347;0.3535;45.4196;5.8748;165.2657;0.0319;-0.4250;0.3468;45.3576;5.8759;165.1072;0;0.0319;-0.4250;0.3468;45.3576;5.8759;165.1072;ControllerBody;b8809a6a-d42c-4388-8464-0275ba58c74f;1;Exposure;2026-03-26 11:07:37.0831;Controllers;;OpenXR
Right;1;Exposure;0;NoMitigation;Translation;anonymous;Sample;644;0.0000;-0.0475;0.0137;0.0183;345.4843;339.4563;5.1358;-0.0475;0.0137;0.0183;-0.9761;0.1321;0.1711;-0.0212;0;-0.0868;-1.3611;0.0435;0.0000;20.8518;0.0000;0.0000;0.0000;0.0000;0.0000;0.0000;0.0000;0;0.0000;0.0000;0.0000;0.0000;0.0000;0.0000;ControllerBody;0.0718;-0.7123;0.6982;0.1337;-0.4345;0.3534;0.1378;0.0963;-0.3763;0.9111;0.0337;-0.4345;0.3534;45.4190;5.8748;165.2641;0.0319;-0.4248;0.3468;45.3592;5.8707;165.1007;0;0.0319;-0.4248;0.3468;45.3592;5.8707;165.1007;ControllerBody;b8809a6a-d42c-4388-8464-0275ba58c74f;1;Exposure;2026-03-26 11:07:37.1117;Controllers;;OpenXR
Right;1;Exposure;0;NoMitigation;Translation;anonymous;Sample;646;0.0000;-0.0470;0.0137;0.0186;345.5736;339.5686;5.1345;-0.0470;0.0137;0.0186;-0.9764;0.1313;0.1702;-0.0215;0;-0.0868;-1.3611;0.0435;0.0000;20.8518;0.0000;0.0000;0.0000;0.0000;0.0000;0.0000;0.0000;0;0.0000;0.0000;0.0000;0.0000;0.0000;0.0000;ControllerBody;0.0719;-0.7123;0.6982;0.1336;-0.4343;0.3534;0.1378;0.0963;-0.3763;0.9111;0.0336;-0.4343;0.3534;45.4205;5.8763;165.2632;0.0319;-0.4247;0.3468;45.3635;5.8678;165.0917;0;0.0319;-0.4247;0.3468;45.3635;5.8678;165.0917;ControllerBody;b8809a6a-d42c-4388-8464-0275ba58c74f;1;Exposure;2026-03-26 11:07:37.1338;Controllers;;OpenXR
Right;1;Exposure;0;NoMitigation;Translation;anonymous;Sample;649;0.0000;-0.0467;0.0136;0.0188;345.6531;339.6934;5.0942;-0.0467;0.0136;0.0188;-0.9766;0.1306;0.1693;-0.0214;0;-0.0868;-1.3611;0.0435;0.0000;20.8518;0.0000;0.0000;0.0000;0.0000;0.0000;0.0000;0.0000;0;0.0000;0.0000;0.0000;0.0000;0.0000;0.0000;ControllerBody;0.0719;-0.7123;0.6982;0.1336;-0.4341;0.3533;0.1378;0.0964;-0.3763;0.9111;0.0336;-0.4341;0.3533;45.4226;5.8781;165.2625;0.0319;-0.4245;0.3468;45.3678;5.8630;165.0875;0;0.0319;-0.4245;0.3468;45.3678;5.8630;165.0875;ControllerBody;b8809a6a-d42c-4388-8464-0275ba58c74f;1;Exposure;2026-03-26 11:07:37.1588;Controllers;;OpenXR
Right;1;Exposure;0;NoMitigation;Translation;anonymous;Sample;652;0.0000;-0.0464;0.0135;0.0190;345.7064;339.7781;4.9254;-0.0464;0.0135;0.0190;-0.9769;0.1299;0.1688;-0.0202;0;-0.0868;-1.3611;0.0435;0.0000;20.8518;0.0000;0.0000;0.0000;0.0000;0.0000;0.0000;0.0000;0;0.0000;0.0000;0.0000;0.0000;0.0000;0.0000;ControllerBody;0.0719;-0.7123;0.6982;0.1335;-0.4339;0.3532;0.1378;0.0964;-0.3763;0.9111;0.0335;-0.4339;0.3532;45.4225;5.8781;165.2625;0.0319;-0.4244;0.3468;45.3717;5.8621;165.0849;0;0.0319;-0.4244;0.3468;45.3717;5.8621;165.0849;ControllerBody;b8809a6a-d42c-4388-8464-0275ba58c74f;1;Exposure;2026-03-26 11:07:37.1852;Controllers;;OpenXR
Right;1;Exposure;0;NoMitigation;Translation;anonymous;Sample;655;0.0000;-0.0462;0.0132;0.0192;345.7339;339.8857;4.8295;-0.0462;0.0132;0.0192;-0.9771;0.1295;0.1680;-0.0195;0;-0.0868;-1.3611;0.0435;0.0000;20.8518;0.0000;0.0000;0.0000;0.0000;0.0000;0.0000;0.0000;0;0.0000;0.0000;0.0000;0.0000;0.0000;0.0000;ControllerBody;0.0719;-0.7123;0.6982;0.1335;-0.4338;0.3532;0.1378;0.0964;-0.3763;0.9111;0.0335;-0.4338;0.3532;45.4222;5.8780;165.2613;0.0318;-0.4243;0.3467;45.3710;5.8625;165.0831;0;0.0318;-0.4243;0.3467;45.3710;5.8625;165.0831;ControllerBody;b8809a6a-d42c-4388-8464-0275ba58c74f;1;Exposure;2026-03-26 11:07:37.2122;Controllers;;OpenXR
Right;1;Exposure;0;NoMitigation;Translation;anonymous;Sample;657;0.0000;-0.0460;0.0130;0.0194;345.8237;340.0463;4.7440;-0.0460;0.0130;0.0194;-0.9774;0.1285;0.1667;-0.0191;0;-0.0868;-1.3611;0.0435;0.0000;20.8518;0.0000;0.0000;0.0000;0.0000;0.0000;0.0000;0.0000;0;0.0000;0.0000;0.0000;0.0000;0.0000;0.0000;ControllerBody;0.0719;-0.7123;0.6982;0.1334;-0.4336;0.3531;0.1378;0.0964;-0.3763;0.9111;0.0334;-0.4336;0.3531;45.4214;5.8777;165.2584;0.0318;-0.4242;0.3467;45.3733;5.8576;165.0788;0;0.0318;-0.4242;0.3467;45.3733;5.8576;165.0788;ControllerBody;b8809a6a-d42c-4388-8464-0275ba58c74f;1;Exposure;2026-03-26 11:07:37.2338;Controllers;;OpenXR
Right;1;Exposure;0;NoMitigation;Translation;anonymous;Sample;660;0.0000;-0.0457;0.0128;0.0196;345.9479;340.0168;4.8145;-0.0457;0.0128;0.0196;-0.9775;0.1276;0.1670;-0.0199;0;-0.0868;-1.3611;0.0435;0.0000;20.8518;0.0000;0.0000;0.0000;0.0000;0.0000;0.0000;0.0000;0;0.0000;0.0000;0.0000;0.0000;0.0000;0.0000;ControllerBody;0.0719;-0.7123;0.6982;0.1334;-0.4334;0.3531;0.1378;0.0964;-0.3763;0.9111;0.0334;-0.4334;0.3531;45.4214;5.8777;165.2584;0.0318;-0.4242;0.3466;45.3754;5.8544;165.0754;0;0.0318;-0.4242;0.3466;45.3754;5.8544;165.0754;ControllerBody;b8809a6a-d42c-4388-8464-0275ba58c74f;1;Exposure;2026-03-26 11:07:37.2597;Controllers;;OpenXR
Right;1;Exposure;0;NoMitigation;Translation;anonymous;Sample;663;0.0000;-0.0455;0.0126;0.0198;346.0076;340.0320;4.9068;-0.0455;0.0126;0.0198;-0.9775;0.1272;0.1668;-0.0207;0;-0.0868;-1.3611;0.0435;0.0000;20.8518;0.0000;0.0000;0.0000;0.0000;0.0000;0.0000;0.0000;0;0.0000;0.0000;0.0000;0.0000;0.0000;0.0000;ControllerBody;0.0719;-0.7123;0.6982;0.1334;-0.4333;0.3530;0.1378;0.0964;-0.3763;0.9111;0.0334;-0.4333;0.3530;45.4211;5.8775;165.2574;0.0318;-0.4242;0.3466;45.3770;5.8510;165.0720;0;0.0318;-0.4242;0.3466;45.3770;5.8510;165.0720;ControllerBody;b8809a6a-d42c-4388-8464-0275ba58c74f;1;Exposure;2026-03-26 11:07:37.2839;Controllers;;OpenXR
Right;1;Exposure;0;NoMitigation;Translation;anonymous;Sample;666;0.0000;-0.0453;0.0125;0.0202;346.0607;340.2398;4.8136;-0.0453;0.0125;0.0202;-0.9779;0.1266;0.1651;-0.0203;0;-0.0868;-1.3611;0.0435;0.0000;20.8518;0.0000;0.0000;0.0000;0.0000;0.0000;0.0000;0.0000;0;0.0000;0.0000;0.0000;0.0000;0.0000;0.0000;ControllerBody;0.0719;-0.7123;0.6982;0.1333;-0.4331;0.3530;0.1378;0.0964;-0.3763;0.9111;0.0333;-0.4331;0.3530;45.4211;5.8775;165.2574;0.0318;-0.4242;0.3466;45.3773;5.8506;165.0716;0;0.0318;-0.4242;0.3466;45.3773;5.8506;165.0716;ControllerBody;b8809a6a-d42c-4388-8464-0275ba58c74f;1;Exposure;2026-03-26 11:07:37.3157;Controllers;;OpenXR
Right;1;Exposure;0;NoMitigation;Translation;anonymous;Sample;669;0.0000;-0.0449;0.0122;0.0204;346.3895;340.4668;4.6640;-0.0449;0.0122;0.0204;-0.9786;0.1235;0.1635;-0.0197;0;-0.0868;-1.3611;0.0435;0.0000;20.8518;0.0000;0.0000;0.0000;0.0000;0.0000;0.0000;0.0000;0;0.0000;0.0000;0.0000;0.0000;0.0000;0.0000;ControllerBody;0.0719;-0.7123;0.6982;0.1333;-0.4330;0.3530;0.1378;0.0964;-0.3763;0.9111;0.0333;-0.4330;0.3530;45.4211;5.8775;165.2574;0.0318;-0.4242;0.3466;45.3773;5.8506;165.0716;0;0.0318;-0.4242;0.3466;45.3773;5.8506;165.0716;ControllerBody;b8809a6a-d42c-4388-8464-0275ba58c74f;1;Exposure;2026-03-26 11:07:37.3419;Controllers;;OpenXR
Right;1;Exposure;0;NoMitigation;Translation;anonymous;Sample;672;0.0000;-0.0442;0.0117;0.0207;346.6165;340.7964;4.4230;-0.0442;0.0117;0.0207;-0.9793;0.1212;0.1611;-0.0184;0;-0.0868;-1.3611;0.0435;0.0000;20.8518;0.0000;0.0000;0.0000;0.0000;0.0000;0.0000;0.0000;0;0.0000;0.0000;0.0000;0.0000;0.0000;0.0000;ControllerBody;0.0719;-0.7123;0.6982;0.1332;-0.4329;0.3529;0.1378;0.0964;-0.3763;0.9111;0.0332;-0.4329;0.3529;45.4211;5.8775;165.2574;0.0318;-0.4242;0.3466;45.3773;5.8506;165.0716;0;0.0318;-0.4242;0.3466;45.3773;5.8506;165.0716;ControllerBody;b8809a6a-d42c-4388-8464-0275ba58c74f;1;Exposure;2026-03-26 11:07:37.3664;Controllers;;OpenXR
Right;1;Exposure;0;NoMitigation;Translation;anonymous;Sample;675;0.0000;-0.0434;0.0114;0.0210;346.9059;341.4584;4.1427;-0.0434;0.0114;0.0210;-0.9805;0.1182;0.1559;-0.0171;0;-0.0868;-1.3611;0.0435;0.0000;20.8518;0.0000;0.0000;0.0000;0.0000;0.0000;0.0000;0.0000;0;0.0000;0.0000;0.0000;0.0000;0.0000;0.0000;ControllerBody;0.0719;-0.7123;0.6982;0.1332;-0.4328;0.3529;0.1378;0.0964;-0.3763;0.9111;0.0332;-0.4328;0.3529;45.4211;5.8775;165.2574;0.0318;-0.4242;0.3466;45.3773;5.8506;165.0716;0;0.0318;-0.4242;0.3466;45.3773;5.8506;165.0716;ControllerBody;b8809a6a-d42c-4388-8464-0275ba58c74f;1;Exposure;2026-03-26 11:07:37.3895;Controllers;;OpenXR
Right;1;Exposure;0;NoMitigation;Translation;anonymous;Sample;678;0.0000;-0.0421;0.0110;0.0214;347.1179;342.2402;4.0651;-0.0421;0.0110;0.0214;-0.9818;0.1162;0.1494;-0.0175;0;-0.0868;-1.3611;0.0435;0.0000;20.8518;0.0000;0.0000;0.0000;0.0000;0.0000;0.0000;0.0000;0;0.0000;0.0000;0.0000;0.0000;0.0000;0.0000;ControllerBody;0.0719;-0.7123;0.6982;0.1332;-0.4327;0.3528;0.1378;0.0964;-0.3763;0.9111;0.0332;-0.4327;0.3528;45.4211;5.8775;165.2574;0.0318;-0.4242;0.3466;45.3773;5.8506;165.0716;0;0.0318;-0.4242;0.3466;45.3773;5.8506;165.0716;ControllerBody;b8809a6a-d42c-4388-8464-0275ba58c74f;1;Exposure;2026-03-26 11:07:37.4170;Controllers;;OpenXR
Right;1;Exposure;0;NoMitigation;Translation;anonymous;Sample;681;0.0000;-0.0409;0.0106;0.0218;347.2304;343.0772;4.0325;-0.0409;0.0106;0.0218;-0.9829;0.1151;0.1423;-0.0182;0;-0.0868;-1.3611;0.0435;0.0000;20.8518;0.0000;0.0000;0.0000;0.0000;0.0000;0.0000;0.0000;0;0.0000;0.0000;0.0000;0.0000;0.0000;0.0000;ControllerBody;0.0719;-0.7123;0.6982;0.1332;-0.4326;0.3528;0.1378;0.0964;-0.3763;0.9111;0.0332;-0.4326;0.3528;45.4211;5.8775;165.2574;0.0318;-0.4242;0.3466;45.3773;5.8506;165.0716;0;0.0318;-0.4242;0.3466;45.3773;5.8506;165.0716;ControllerBody;b8809a6a-d42c-4388-8464-0275ba58c74f;1;Exposure;2026-03-26 11:07:37.4401;Controllers;;OpenXR
Right;1;Exposure;0;NoMitigation;Translation;anonymous;Sample;684;0.0000;-0.0395;0.0102;0.0219;347.4921;343.7759;4.0227;-0.0395;0.0102;0.0219;-0.9840;0.1127;0.1364;-0.0192;0;-0.0868;-1.3611;0.0435;0.0000;20.8518;0.0000;0.0000;0.0000;0.0000;0.0000;0.0000;0.0000;0;0.0000;0.0000;0.0000;0.0000;0.0000;0.0000;ControllerBody;0.0719;-0.7123;0.6982;0.1331;-0.4325;0.3528;0.1378;0.0964;-0.3763;0.9111;0.0331;-0.4325;0.3528;45.4210;5.8775;165.2574;0.0318;-0.4242;0.3466;45.3773;5.8506;165.0716;0;0.0318;-0.4242;0.3466;45.3773;5.8506;165.0716;ControllerBody;b8809a6a-d42c-4388-8464-0275ba58c74f;1;Exposure;2026-03-26 11:07:37.4661;Controllers;;OpenXR
Right;1;Exposure;0;NoMitigation;Translation;anonymous;Sample;687;0.0000;-0.0386;0.0096;0.0221;347.7488;344.3839;3.7704;-0.0386;0.0096;0.0221;-0.9850;0.1101;0.1315;-0.0179;0;-0.0868;-1.3611;0.0435;0.0000;20.8518;0.0000;0.0000;0.0000;0.0000;0.0000;0.0000;0.0000;0;0.0000;0.0000;0.0000;0.0000;0.0000;0.0000;ControllerBody;0.0719;-0.7123;0.6982;0.1331;-0.4324;0.3528;0.1378;0.0964;-0.3763;0.9111;0.0331;-0.4324;0.3528;45.4211;5.8775;165.2574;0.0318;-0.4242;0.3466;45.3773;5.8506;165.0716;0;0.0318;-0.4242;0.3466;45.3773;5.8506;165.0716;ControllerBody;b8809a6a-d42c-4388-8464-0275ba58c74f;1;Exposure;2026-03-26 11:07:37.4918;Controllers;;OpenXR
Right;1;Exposure;0;NoMitigation;Translation;anonymous;Sample;690;0.0000;-0.0378;0.0093;0.0221;348.0986;344.7688;3.6286;-0.0378;0.0093;0.0221;-0.9858;0.1069;0.1285;-0.0175;0;-0.0868;-1.3611;0.0435;0.0000;20.8518;0.0000;0.0000;0.0000;0.0000;0.0000;0.0000;0.0000;0;0.0000;0.0000;0.0000;0.0000;0.0000;0.0000;ControllerBody;0.0719;-0.7123;0.6982;0.1331;-0.4323;0.3527;0.1378;0.0964;-0.3763;0.9111;0.0331;-0.4323;0.3527;45.4211;5.8775;165.2574;0.0318;-0.4242;0.3466;45.3773;5.8506;165.0716;0;0.0318;-0.4242;0.3466;45.3773;5.8506;165.0716;ControllerBody;b8809a6a-d42c-4388-8464-0275ba58c74f;1;Exposure;2026-03-26 11:07:37.5174;Controllers;;OpenXR
Right;1;Exposure;0;NoMitigation;Translation;anonymous;Sample;693;0.0000;-0.0368;0.0090;0.0224;348.2137;345.1052;3.6676;-0.0368;0.0090;0.0224;-0.9862;0.1059;0.1256;-0.0183;0;-0.0868;-1.3611;0.0435;0.0000;20.8518;0.0000;0.0000;0.0000;0.0000;0.0000;0.0000;0.0000;0;0.0000;0.0000;0.0000;0.0000;0.0000;0.0000;ControllerBody;0.0719;-0.7123;0.6982;0.1331;-0.4322;0.3527;0.1378;0.0964;-0.3763;0.9111;0.0331;-0.4322;0.3527;45.4211;5.8775;165.2573;0.0318;-0.4242;0.3466;45.3773;5.8506;165.0716;0;0.0318;-0.4242;0.3466;45.3773;5.8506;165.0716;ControllerBody;b8809a6a-d42c-4388-8464-0275ba58c74f;1;Exposure;2026-03-26 11:07:37.5416;Controllers;;OpenXR
Right;1;Exposure;0;NoMitigation;Translation;anonymous;Sample;696;0.0000;-0.0359;0.0090;0.0227;348.2433;345.3068;3.8967;-0.0359;0.0090;0.0227;-0.9865;0.1058;0.1237;-0.0205;0;-0.0868;-1.3611;0.0435;0.0000;20.8518;0.0000;0.0000;0.0000;0.0000;0.0000;0.0000;0.0000;0;0.0000;0.0000;0.0000;0.0000;0.0000;0.0000;ControllerBody;0.0719;-0.7123;0.6982;0.1331;-0.4322;0.3527;0.1378;0.0964;-0.3763;0.9111;0.0331;-0.4322;0.3527;45.4210;5.8775;165.2573;0.0318;-0.4242;0.3466;45.3773;5.8506;165.0716;0;0.0318;-0.4242;0.3466;45.3773;5.8506;165.0716;ControllerBody;b8809a6a-d42c-4388-8464-0275ba58c74f;1;Exposure;2026-03-26 11:07:37.5664;Controllers;;OpenXR
Right;1;Exposure;0;NoMitigation;Translation;anonymous;Sample;699;0.0000;-0.0353;0.0086;0.0228;348.3741;345.4700;4.0813;-0.0353;0.0086;0.0228;-0.9867;0.1049;0.1222;-0.0223;0;-0.0868;-1.3611;0.0435;0.0000;20.8518;0.0000;0.0000;0.0000;0.0000;0.0000;0.0000;0.0000;0;0.0000;0.0000;0.0000;0.0000;0.0000;0.0000;ControllerBody;0.0719;-0.7123;0.6982;0.1330;-0.4321;0.3527;0.1378;0.0964;-0.3763;0.9111;0.0330;-0.4321;0.3527;45.4210;5.8775;165.2574;0.0318;-0.4242;0.3466;45.3773;5.8506;165.0716;0;0.0318;-0.4242;0.3466;45.3773;5.8506;165.0716;ControllerBody;b8809a6a-d42c-4388-8464-0275ba58c74f;1;Exposure;2026-03-26 11:07:37.5924;Controllers;;OpenXR
Right;1;Exposure;0;NoMitigation;Translation;anonymous;Sample;702;0.0000;-0.0346;0.0084;0.0229;348.6438;345.6835;4.0064;-0.0346;0.0084;0.0229;-0.9872;0.1024;0.1205;-0.0222;0;-0.0868;-1.3611;0.0435;0.0000;20.8518;0.0000;0.0000;0.0000;0.0000;0.0000;0.0000;0.0000;0;0.0000;0.0000;0.0000;0.0000;0.0000;0.0000;ControllerBody;0.0719;-0.7123;0.6982;0.1330;-0.4320;0.3526;0.1378;0.0964;-0.3763;0.9111;0.0330;-0.4320;0.3526;45.4210;5.8775;165.2574;0.0318;-0.4242;0.3466;45.3773;5.8506;165.0716;0;0.0318;-0.4242;0.3466;45.3773;5.8506;165.0716;ControllerBody;b8809a6a-d42c-4388-8464-0275ba58c74f;1;Exposure;2026-03-26 11:07:37.6177;Controllers;;OpenXR
Right;1;Exposure;0;NoMitigation;Translation;anonymous;Sample;705;0.0000;-0.0335;0.0080;0.0230;348.9879;345.9584;4.0459;-0.0335;0.0080;0.0230;-0.9877;0.0995;0.1182;-0.0232;0;-0.0868;-1.3611;0.0435;0.0000;20.8518;0.0000;0.0000;0.0000;0.0000;0.0000;0.0000;0.0000;0;0.0000;0.0000;0.0000;0.0000;0.0000;0.0000;ControllerBody;0.0719;-0.7123;0.6982;0.1330;-0.4320;0.3526;0.1378;0.0964;-0.3763;0.9111;0.0330;-0.4320;0.3526;45.4210;5.8775;165.2573;0.0318;-0.4242;0.3466;45.3773;5.8506;165.0716;0;0.0318;-0.4242;0.3466;45.3773;5.8506;165.0716;ControllerBody;b8809a6a-d42c-4388-8464-0275ba58c74f;1;Exposure;2026-03-26 11:07:37.6425;Controllers;;OpenXR
Right;1;Exposure;0;NoMitigation;Translation;anonymous;Sample;708;0.0000;-0.0330;0.0076;0.0231;349.2674;346.2050;3.7498;-0.0330;0.0076;0.0231;-0.9882;0.0967;0.1165;-0.0211;0;-0.0868;-1.3611;0.0435;0.0000;20.8518;0.0000;0.0000;0.0000;0.0000;0.0000;0.0000;0.0000;0;0.0000;0.0000;0.0000;0.0000;0.0000;0.0000;ControllerBody;0.0719;-0.7123;0.6982;0.1330;-0.4319;0.3526;0.1378;0.0964;-0.3763;0.9111;0.0330;-0.4319;0.3526;45.4210;5.8775;165.2573;0.0318;-0.4242;0.3466;45.3773;5.8506;165.0716;0;0.0318;-0.4242;0.3466;45.3773;5.8506;165.0716;ControllerBody;b8809a6a-d42c-4388-8464-0275ba58c74f;1;Exposure;2026-03-26 11:07:37.6662;Controllers;;OpenXR
Right;1;Exposure;0;NoMitigation;Translation;anonymous;Sample;711;0.0000;-0.0327;0.0074;0.0232;349.4050;346.3504;3.5962;-0.0327;0.0074;0.0232;-0.9885;0.0953;0.1154;-0.0201;0;-0.0868;-1.3611;0.0435;0.0000;20.8518;0.0000;0.0000;0.0000;0.0000;0.0000;0.0000;0.0000;0;0.0000;0.0000;0.0000;0.0000;0.0000;0.0000;ControllerBody;0.0719;-0.7123;0.6982;0.1330;-0.4319;0.3526;0.1378;0.0964;-0.3763;0.9111;0.0330;-0.4319;0.3526;45.4210;5.8775;165.2573;0.0318;-0.4242;0.3466;45.3773;5.8506;165.0716;0;0.0318;-0.4242;0.3466;45.3773;5.8506;165.0716;ControllerBody;b8809a6a-d42c-4388-8464-0275ba58c74f;1;Exposure;2026-03-26 11:07:37.6918;Controllers;;OpenXR
Right;1;Exposure;0;NoMitigation;Translation;anonymous;Sample;714;0.0000;-0.0324;0.0074;0.0235;349.3338;346.4200;3.5042;-0.0324;0.0074;0.0235;-0.9886;0.0959;0.1148;-0.0192;0;-0.0868;-1.3611;0.0435;0.0000;20.8518;0.0000;0.0000;0.0000;0.0000;0.0000;0.0000;0.0000;0;0.0000;0.0000;0.0000;0.0000;0.0000;0.0000;ControllerBody;0.0719;-0.7123;0.6982;0.1330;-0.4318;0.3526;0.1378;0.0964;-0.3763;0.9111;0.0330;-0.4318;0.3526;45.4210;5.8775;165.2573;0.0318;-0.4242;0.3466;45.3773;5.8506;165.0716;0;0.0318;-0.4242;0.3466;45.3773;5.8506;165.0716;ControllerBody;b8809a6a-d42c-4388-8464-0275ba58c74f;1;Exposure;2026-03-26 11:07:37.7167;Controllers;;OpenXR
Right;1;Exposure;0;NoMitigation;Translation;anonymous;Sample;717;0.0000;-0.0320;0.0074;0.0237;349.2410;346.4036;3.5150;-0.0320;0.0074;0.0237;-0.9885;0.0967;0.1149;-0.0192;0;-0.0868;-1.3611;0.0435;0.0000;20.8518;0.0000;0.0000;0.0000;0.0000;0.0000;0.0000;0.0000;0;0.0000;0.0000;0.0000;0.0000;0.0000;0.0000;ControllerBody;0.0719;-0.7123;0.6982;0.1329;-0.4318;0.3526;0.1378;0.0964;-0.3763;0.9111;0.0329;-0.4318;0.3526;45.4210;5.8775;165.2573;0.0318;-0.4242;0.3466;45.3773;5.8506;165.0716;0;0.0318;-0.4242;0.3466;45.3773;5.8506;165.0716;ControllerBody;b8809a6a-d42c-4388-8464-0275ba58c74f;1;Exposure;2026-03-26 11:07:37.7423;Controllers;;OpenXR
Right;1;Exposure;0;NoMitigation;Translation;anonymous;Sample;720;0.0000;-0.0317;0.0077;0.0240;349.0855;346.3517;3.5401;-0.0317;0.0077;0.0240;-0.9883;0.0980;0.1153;-0.0192;0;-0.0868;-1.3611;0.0435;0.0000;20.8518;0.0000;0.0000;0.0000;0.0000;0.0000;0.0000;0.0000;0;0.0000;0.0000;0.0000;0.0000;0.0000;0.0000;ControllerBody;0.0719;-0.7123;0.6982;0.1329;-0.4317;0.3525;0.1378;0.0964;-0.3763;0.9111;0.0329;-0.4317;0.3525;45.4210;5.8775;165.2573;0.0318;-0.4242;0.3466;45.3773;5.8506;165.0716;0;0.0318;-0.4242;0.3466;45.3773;5.8506;165.0716;ControllerBody;b8809a6a-d42c-4388-8464-0275ba58c74f;1;Exposure;2026-03-26 11:07:37.7677;Controllers;;OpenXR
Right;1;Exposure;0;NoMitigation;Translation;anonymous;Sample;723;0.0000;-0.0315;0.0079;0.0241;348.9938;346.2704;3.5241;-0.0315;0.0079;0.0241;-0.9881;0.0988;0.1160;-0.0189;0;-0.0868;-1.3611;0.0435;0.0000;20.8518;0.0000;0.0000;0.0000;0.0000;0.0000;0.0000;0.0000;0;0.0000;0.0000;0.0000;0.0000;0.0000;0.0000;ControllerBody;0.0719;-0.7123;0.6982;0.1329;-0.4317;0.3525;0.1378;0.0964;-0.3763;0.9111;0.0329;-0.4317;0.3525;45.4210;5.8775;165.2573;0.0318;-0.4242;0.3466;45.3773;5.8506;165.0716;0;0.0318;-0.4242;0.3466;45.3773;5.8506;165.0716;ControllerBody;b8809a6a-d42c-4388-8464-0275ba58c74f;1;Exposure;2026-03-26 11:07:37.7931;Controllers;;OpenXR
Right;1;Exposure;0;NoMitigation;Translation;anonymous;Sample;726;0.0000;-0.0315;0.0080;0.0241;348.9423;346.1744;3.4492;-0.0315;0.0080;0.0241;-0.9880;0.0992;0.1169;-0.0181;0;-0.0868;-1.3611;0.0435;0.0000;20.8518;0.0000;0.0000;0.0000;0.0000;0.0000;0.0000;0.0000;0;0.0000;0.0000;0.0000;0.0000;0.0000;0.0000;ControllerBody;0.0719;-0.7123;0.6982;0.1329;-0.4316;0.3525;0.1378;0.0964;-0.3763;0.9111;0.0329;-0.4316;0.3525;45.4210;5.8775;165.2573;0.0318;-0.4242;0.3466;45.3773;5.8506;165.0716;0;0.0318;-0.4242;0.3466;45.3773;5.8506;165.0716;ControllerBody;b8809a6a-d42c-4388-8464-0275ba58c74f;1;Exposure;2026-03-26 11:07:37.8180;Controllers;;OpenXR
Right;1;Exposure;0;NoMitigation;Translation;anonymous;Sample;727;0.0000;-0.0315;0.0080;0.0241;348.9623;346.1100;3.4130;-0.0315;0.0080;0.0241;-0.9880;0.0990;0.1175;-0.0178;0;-0.0868;-1.3611;0.0435;0.0000;20.8518;0.0000;0.0000;0.0000;0.0000;0.0000;0.0000;0.0000;0;0.0000;0.0000;0.0000;0.0000;0.0000;0.0000;ControllerBody;0.0719;-0.7123;0.6982;0.1329;-0.4316;0.3525;0.1378;0.0964;-0.3763;0.9111;0.0329;-0.4316;0.3525;45.4210;5.8775;165.2573;0.0318;-0.4242;0.3466;45.3773;5.8506;165.0716;0;0.0318;-0.4242;0.3466;45.3773;5.8506;165.0716;ControllerBody;b8809a6a-d42c-4388-8464-0275ba58c74f;1;Exposure;2026-03-26 11:07:37.8412;Controllers;;OpenXR
Right;1;Exposure;0;NoMitigation;Translation;anonymous;Sample;730;0.0000;-0.0314;0.0082;0.0242;348.9001;345.9479;3.2829;-0.0314;0.0082;0.0242;-0.9878;0.0994;0.1189;-0.0165;0;-0.0868;-1.3611;0.0435;0.0000;20.8518;0.0000;0.0000;0.0000;0.0000;0.0000;0.0000;0.0000;0;0.0000;0.0000;0.0000;0.0000;0.0000;0.0000;ControllerBody;0.0719;-0.7123;0.6982;0.1329;-0.4315;0.3525;0.1378;0.0964;-0.3763;0.9111;0.0329;-0.4315;0.3525;45.4210;5.8775;165.2573;0.0318;-0.4242;0.3466;45.3773;5.8506;165.0716;0;0.0318;-0.4242;0.3466;45.3773;5.8506;165.0716;ControllerBody;b8809a6a-d42c-4388-8464-0275ba58c74f;1;Exposure;2026-03-26 11:07:37.8668;Controllers;;OpenXR
Right;1;Exposure;0;NoMitigation;Translation;anonymous;Sample;732;0.0000;-0.0313;0.0085;0.0241;348.7744;345.8716;3.2334;-0.0313;0.0085;0.0241;-0.9876;0.1005;0.1196;-0.0158;0;-0.0868;-1.3611;0.0435;0.0000;20.8518;0.0000;0.0000;0.0000;0.0000;0.0000;0.0000;0.0000;0;0.0000;0.0000;0.0000;0.0000;0.0000;0.0000;ControllerBody;0.0719;-0.7123;0.6982;0.1329;-0.4315;0.3525;0.1378;0.0964;-0.3763;0.9111;0.0329;-0.4315;0.3525;45.4210;5.8775;165.2573;0.0318;-0.4242;0.3466;45.3773;5.8506;165.0716;0;0.0318;-0.4242;0.3466;45.3773;5.8506;165.0716;ControllerBody;b8809a6a-d42c-4388-8464-0275ba58c74f;1;Exposure;2026-03-26 11:07:37.9900;Controllers;;OpenXR
Right;1;Exposure;0;NoMitigation;Translation;anonymous;Sample;733;0.0000;-0.0311;0.0087;0.0240;348.7129;345.8361;3.1915;-0.0311;0.0087;0.0240;-0.9875;0.1010;0.1199;-0.0154;0;-0.0868;-1.3611;0.0435;0.0000;20.8518;0.0000;0.0000;0.0000;0.0000;0.0000;0.0000;0.0000;0;0.0000;0.0000;0.0000;0.0000;0.0000;0.0000;ControllerBody;0.0719;-0.7123;0.6982;0.1329;-0.4315;0.3525;0.1378;0.0964;-0.3763;0.9111;0.0329;-0.4315;0.3525;45.4210;5.8775;165.2573;0.0318;-0.4242;0.3466;45.3773;5.8506;165.0716;0;0.0318;-0.4242;0.3466;45.3773;5.8506;165.0716;ControllerBody;b8809a6a-d42c-4388-8464-0275ba58c74f;1;Exposure;2026-03-26 11:07:38.3073;Controllers;;OpenXR
