ActiveHand;AttemptIndex;BlockType;ConfirmDown;ConfirmMitigationMode;EffectMode;Email;Event;Framecount;HandDwellProgress01;HeadCameraPosWorldX;HeadCameraPosWorldY;HeadCameraPosWorldZ;HeadCameraRotEulerX;HeadCameraRotEulerY;HeadCameraRotEulerZ;HmdPosX;HmdPosY;HmdPosZ;HmdRotW;HmdRotX;HmdRotY;HmdRotZ;IsHandPointing;LeftControllerLaserPosWorldX;LeftControllerLaserPosWorldY;LeftControllerLaserPosWorldZ;LeftControllerLaserRotEulerX;LeftControllerLaserRotEulerY;LeftControllerLaserRotEulerZ;LeftControllerPosWorldX;LeftControllerPosWorldY;LeftControllerPosWorldZ;LeftControllerRotEulerX;LeftControllerRotEulerY;LeftControllerRotEulerZ;LeftControllerTrigger;LeftMovementAnchorPosWorldX;LeftMovementAnchorPosWorldY;LeftMovementAnchorPosWorldZ;LeftMovementAnchorRotEulerX;LeftMovementAnchorRotEulerY;LeftMovementAnchorRotEulerZ;LeftMovementAnchorSource;PointerForwardX;PointerForwardY;PointerForwardZ;PointerOriginX;PointerOriginY;PointerOriginZ;PointerRotationW;PointerRotationX;PointerRotationY;PointerRotationZ;RightControllerLaserPosWorldX;RightControllerLaserPosWorldY;RightControllerLaserPosWorldZ;RightControllerLaserRotEulerX;RightControllerLaserRotEulerY;RightControllerLaserRotEulerZ;RightControllerPosWorldX;RightControllerPosWorldY;RightControllerPosWorldZ;RightControllerRotEulerX;RightControllerRotEulerY;RightControllerRotEulerZ;RightControllerTrigger;RightMovementAnchorPosWorldX;RightMovementAnchorPosWorldY;RightMovementAnchorPosWorldZ;RightMovementAnchorRotEulerX;RightMovementAnchorRotEulerY;RightMovementAnchorRotEulerZ;RightMovementAnchorSource;SessionID;TargetIndex;TaskMode;Timestamp;TrackingMode;TrialIndex;XRBackend
Right;1;Exposure;0;NoMitigation;None;anonymous;Sample;-1;0.0000;0.0000;0.3614;-0.5530;0.0000;0.0000;0.0000;0.0000;0.3614;-0.5530;1.0000;0.0000;0.0000;0.0000;0;;;;;;;;;;;;;0;;;;;;;;0.0000;0.0000;1.0000;0.0000;0.0000;0.0000;1.0000;0.0000;0.0000;0.0000;;;;;;;;;;;;;0;;;;;;;;1a8de386-fbfc-45ea-bcfc-bc92c9e075e7;1;Exposure;2026-04-01 13:25:54.1563;Hands;;OpenXR
Right;1;Exposure;0;NoMitigation;None;anonymous;Sample;3;0.0000;0.0000;-1.0000;-0.5530;0.0000;0.0000;0.0000;0.0000;-1.0000;-0.5530;1.0000;0.0000;0.0000;0.0000;0;;;;;;;;;;;;;0;;;;;;;;0.0000;0.0000;1.0000;0.0000;0.0000;0.0000;1.0000;0.0000;0.0000;0.0000;;;;;;;;;;;;;0;;;;;;;;1a8de386-fbfc-45ea-bcfc-bc92c9e075e7;1;Exposure;2026-04-01 13:25:56.5333;Hands;;OpenXR
Right;1;Exposure;0;NoMitigation;None;anonymous;Sample;5;0.0000;0.0000;-1.0000;-0.5530;0.0000;0.0000;0.0000;0.0000;-1.0000;-0.5530;1.0000;0.0000;0.0000;0.0000;0;;;;;;;;;;;;;0;;;;;;;;0.0000;0.0000;1.0000;0.0000;0.0000;0.0000;1.0000;0.0000;0.0000;0.0000;;;;;;;;;;;;;0;;;;;;;;1a8de386-fbfc-45ea-bcfc-bc92c9e075e7;1;Exposure;2026-04-01 13:25:56.5576;Hands;;OpenXR
Right;1;Exposure;0;NoMitigation;None;anonymous;Sample;8;0.0000;0.0000;-1.0000;-0.5530;0.0000;0.0000;0.0000;0.0000;-1.0000;-0.5530;1.0000;0.0000;0.0000;0.0000;0;;;;;;;;;;;;;0;;;;;;;;0.0000;0.0000;1.0000;0.0000;0.0000;0.0000;1.0000;0.0000;0.0000;0.0000;;;;;;;;;;;;;0;;;;;;;;1a8de386-fbfc-45ea-bcfc-bc92c9e075e7;1;Exposure;2026-04-01 13:25:56.5820;Hands;;OpenXR
Right;1;Exposure;0;NoMitigation;None;anonymous;Sample;11;0.0000;0.0000;-1.0000;-0.5530;0.0000;0.0000;0.0000;0.0000;-1.0000;-0.5530;1.0000;0.0000;0.0000;0.0000;0;;;;;;;;;;;;;0;;;;;;;;0.0000;0.0000;1.0000;0.0000;0.0000;0.0000;1.0000;0.0000;0.0000;0.0000;;;;;;;;;;;;;0;;;;;;;;1a8de386-fbfc-45ea-bcfc-bc92c9e075e7;1;Exposure;2026-04-01 13:25:56.6064;Hands;;OpenXR
Right;1;Exposure;0;NoMitigation;None;anonymous;Sample;14;0.0000;0.0000;-1.0000;-0.5530;0.0000;0.0000;0.0000;0.0000;-1.0000;-0.5530;1.0000;0.0000;0.0000;0.0000;0;;;;;;;;;;;;;0;;;;;;;;0.0000;0.0000;1.0000;0.0000;0.0000;0.0000;1.0000;0.0000;0.0000;0.0000;;;;;;;;;;;;;0;;;;;;;;1a8de386-fbfc-45ea-bcfc-bc92c9e075e7;1;Exposure;2026-04-01 13:25:56.6303;Hands;;OpenXR
Right;1;Exposure;0;NoMitigation;None;anonymous;Sample;17;0.0000;0.0000;-1.0000;-0.5530;0.0000;0.0000;0.0000;0.0000;-1.0000;-0.5530;1.0000;0.0000;0.0000;0.0000;0;;;;;;;;;;;;;0;;;;;;;;0.0000;0.0000;1.0000;0.0000;0.0000;0.0000;1.0000;0.0000;0.0000;0.0000;;;;;;;;;;;;;0;;;;;;;;1a8de386-fbfc-45ea-bcfc-bc92c9e075e7;1;Exposure;2026-04-01 13:25:56.6562;Hands;;OpenXR
Right;1;Exposure;0;NoMitigation;None;anonymous;Sample;20;0.0000;0.0000;-1.0000;-0.5530;0.0000;0.0000;0.0000;0.0000;-1.0000;-0.5530;1.0000;0.0000;0.0000;0.0000;0;;;;;;;;;;;;;0;;;;;;;;0.0000;0.0000;1.0000;0.0000;0.0000;0.0000;1.0000;0.0000;0.0000;0.0000;;;;;;;;;;;;;0;;;;;;;;1a8de386-fbfc-45ea-bcfc-bc92c9e075e7;1;Exposure;2026-04-01 13:25:56.6806;Hands;;OpenXR
Right;1;Exposure;0;NoMitigation;None;anonymous;Sample;23;0.0000;0.0000;-1.0000;-0.5530;0.0000;0.0000;0.0000;0.0000;-1.0000;-0.5530;1.0000;0.0000;0.0000;0.0000;0;;;;;;;;;;;;;0;;;;;;;;0.0000;0.0000;1.0000;0.0000;0.0000;0.0000;1.0000;0.0000;0.0000;0.0000;;;;;;;;;;;;;0;;;;;;;;1a8de386-fbfc-45ea-bcfc-bc92c9e075e7;1;Exposure;2026-04-01 13:25:56.7060;Hands;;OpenXR
Right;1;Exposure;0;NoMitigation;None;anonymous;Sample;26;0.0000;0.0000;-1.0000;-0.5530;0.0000;0.0000;0.0000;0.0000;-1.0000;-0.5530;1.0000;0.0000;0.0000;0.0000;0;;;;;;;;;;;;;0;;;;;;;;0.0000;0.0000;1.0000;0.0000;0.0000;0.0000;1.0000;0.0000;0.0000;0.0000;;;;;;;;;;;;;0;;;;;;;;1a8de386-fbfc-45ea-bcfc-bc92c9e075e7;1;Exposure;2026-04-01 13:25:56.7314;Hands;;OpenXR
Right;1;Exposure;0;NoMitigation;None;anonymous;Sample;29;0.0000;0.0000;-1.0000;-0.5530;0.0000;0.0000;0.0000;0.0000;-1.0000;-0.5530;1.0000;0.0000;0.0000;0.0000;0;;;;;;;;;;;;;0;;;;;;;;0.0000;0.0000;1.0000;0.0000;0.0000;0.0000;1.0000;0.0000;0.0000;0.0000;;;;;;;;;;;;;0;;;;;;;;1a8de386-fbfc-45ea-bcfc-bc92c9e075e7;1;Exposure;2026-04-01 13:25:56.7561;Hands;;OpenXR
Right;1;Exposure;0;NoMitigation;None;anonymous;Sample;32;0.0000;0.0000;-1.0000;-0.5530;0.0000;0.0000;0.0000;0.0000;-1.0000;-0.5530;1.0000;0.0000;0.0000;0.0000;0;;;;;;;;;;;;;0;;;;;;;;0.0000;0.0000;1.0000;0.0000;0.0000;0.0000;1.0000;0.0000;0.0000;0.0000;;;;;;;;;;;;;0;;;;;;;;1a8de386-fbfc-45ea-bcfc-bc92c9e075e7;1;Exposure;2026-04-01 13:25:56.7817;Hands;;OpenXR
Right;1;Exposure;0;NoMitigation;None;anonymous;Sample;35;0.0000;0.0000;-1.0000;-0.5530;0.0000;0.0000;0.0000;0.0000;-1.0000;-0.5530;1.0000;0.0000;0.0000;0.0000;0;;;;;;;;;;;;;0;;;;;;;;0.0000;0.0000;1.0000;0.0000;0.0000;0.0000;1.0000;0.0000;0.0000;0.0000;;;;;;;;;;;;;0;;;;;;;;1a8de386-fbfc-45ea-bcfc-bc92c9e075e7;1;Exposure;2026-04-01 13:25:56.8061;Hands;;OpenXR
Right;1;Exposure;0;NoMitigation;None;anonymous;Sample;38;0.0000;0.0000;-1.0000;-0.5530;0.0000;0.0000;0.0000;0.0000;-1.0000;-0.5530;1.0000;0.0000;0.0000;0.0000;0;;;;;;;;;;;;;0;;;;;;;;0.0000;0.0000;1.0000;0.0000;0.0000;0.0000;1.0000;0.0000;0.0000;0.0000;;;;;;;;;;;;;0;;;;;;;;1a8de386-fbfc-45ea-bcfc-bc92c9e075e7;1;Exposure;2026-04-01 13:25:56.8306;Hands;;OpenXR
Right;1;Exposure;0;NoMitigation;None;anonymous;Sample;41;0.0000;0.0000;-1.0000;-0.5530;0.0000;0.0000;0.0000;0.0000;-1.0000;-0.5530;1.0000;0.0000;0.0000;0.0000;0;;;;;;;;;;;;;0;;;;;;;;0.0000;0.0000;1.0000;0.0000;0.0000;0.0000;1.0000;0.0000;0.0000;0.0000;;;;;;;;;;;;;0;;;;;;;;1a8de386-fbfc-45ea-bcfc-bc92c9e075e7;1;Exposure;2026-04-01 13:25:56.8562;Hands;;OpenXR
Right;1;Exposure;0;NoMitigation;None;anonymous;Sample;44;0.0000;0.0000;-1.0000;-0.5530;0.0000;0.0000;0.0000;0.0000;-1.0000;-0.5530;1.0000;0.0000;0.0000;0.0000;0;;;;;;;;;;;;;0;;;;;;;;0.0000;0.0000;1.0000;0.0000;0.0000;0.0000;1.0000;0.0000;0.0000;0.0000;;;;;;;;;;;;;0;;;;;;;;1a8de386-fbfc-45ea-bcfc-bc92c9e075e7;1;Exposure;2026-04-01 13:25:56.8807;Hands;;OpenXR
Right;1;Exposure;0;NoMitigation;None;anonymous;Sample;47;0.0000;0.0000;-1.0000;-0.5530;0.0000;0.0000;0.0000;0.0000;-1.0000;-0.5530;1.0000;0.0000;0.0000;0.0000;0;;;;;;;;;;;;;0;;;;;;;;0.0000;0.0000;1.0000;0.0000;0.0000;0.0000;1.0000;0.0000;0.0000;0.0000;;;;;;;;;;;;;0;;;;;;;;1a8de386-fbfc-45ea-bcfc-bc92c9e075e7;1;Exposure;2026-04-01 13:25:56.9077;Hands;;OpenXR
Right;1;Exposure;0;NoMitigation;None;anonymous;Sample;50;0.0000;0.0000;-1.0000;-0.5530;0.0000;0.0000;0.0000;0.0000;-1.0000;-0.5530;1.0000;0.0000;0.0000;0.0000;0;;;;;;;;;;;;;0;;;;;;;;0.0000;0.0000;1.0000;0.0000;0.0000;0.0000;1.0000;0.0000;0.0000;0.0000;;;;;;;;;;;;;0;;;;;;;;1a8de386-fbfc-45ea-bcfc-bc92c9e075e7;1;Exposure;2026-04-01 13:25:56.9322;Hands;;OpenXR
Right;1;Exposure;0;NoMitigation;None;anonymous;Sample;53;0.0000;0.0000;-1.0000;-0.5530;0.0000;0.0000;0.0000;0.0000;-1.0000;-0.5530;1.0000;0.0000;0.0000;0.0000;0;;;;;;;;;;;;;0;;;;;;;;0.0000;0.0000;1.0000;0.0000;0.0000;0.0000;1.0000;0.0000;0.0000;0.0000;;;;;;;;;;;;;0;;;;;;;;1a8de386-fbfc-45ea-bcfc-bc92c9e075e7;1;Exposure;2026-04-01 13:25:56.9567;Hands;;OpenXR
Right;1;Exposure;0;NoMitigation;None;anonymous;Sample;56;0.0000;0.0000;-1.0000;-0.5530;0.0000;0.0000;0.0000;0.0000;-1.0000;-0.5530;1.0000;0.0000;0.0000;0.0000;0;;;;;;;;;;;;;0;;;;;;;;0.0000;0.0000;1.0000;0.0000;0.0000;0.0000;1.0000;0.0000;0.0000;0.0000;;;;;;;;;;;;;0;;;;;;;;1a8de386-fbfc-45ea-bcfc-bc92c9e075e7;1;Exposure;2026-04-01 13:25:56.9825;Hands;;OpenXR
Right;1;Exposure;0;NoMitigation;None;anonymous;Sample;59;0.0000;0.0000;-1.0000;-0.5530;0.0000;0.0000;0.0000;0.0000;-1.0000;-0.5530;1.0000;0.0000;0.0000;0.0000;0;;;;;;;;;;;;;0;;;;;;;;0.0000;0.0000;1.0000;0.0000;0.0000;0.0000;1.0000;0.0000;0.0000;0.0000;;;;;;;;;;;;;0;;;;;;;;1a8de386-fbfc-45ea-bcfc-bc92c9e075e7;1;Exposure;2026-04-01 13:25:57.0075;Hands;;OpenXR
Right;1;Exposure;0;NoMitigation;None;anonymous;Sample;62;0.0000;0.0000;-1.0000;-0.5530;0.0000;0.0000;0.0000;0.0000;-1.0000;-0.5530;1.0000;0.0000;0.0000;0.0000;0;;;;;;;;;;;;;0;;;;;;;;0.0000;0.0000;1.0000;0.0000;0.0000;0.0000;1.0000;0.0000;0.0000;0.0000;;;;;;;;;;;;;0;;;;;;;;1a8de386-fbfc-45ea-bcfc-bc92c9e075e7;1;Exposure;2026-04-01 13:25:57.0317;Hands;;OpenXR
Right;1;Exposure;0;NoMitigation;None;anonymous;Sample;65;0.0000;0.0000;-1.0000;-0.5530;0.0000;0.0000;0.0000;0.0000;-1.0000;-0.5530;1.0000;0.0000;0.0000;0.0000;0;;;;;;;;;;;;;0;;;;;;;;0.0000;0.0000;1.0000;0.0000;0.0000;0.0000;1.0000;0.0000;0.0000;0.0000;;;;;;;;;;;;;0;;;;;;;;1a8de386-fbfc-45ea-bcfc-bc92c9e075e7;1;Exposure;2026-04-01 13:25:57.0561;Hands;;OpenXR
Right;1;Exposure;0;NoMitigation;None;anonymous;Sample;68;0.0000;0.0000;-1.0000;-0.5530;0.0000;0.0000;0.0000;0.0000;-1.0000;-0.5530;1.0000;0.0000;0.0000;0.0000;0;;;;;;;;;;;;;0;;;;;;;;0.0000;0.0000;1.0000;0.0000;0.0000;0.0000;1.0000;0.0000;0.0000;0.0000;;;;;;;;;;;;;0;;;;;;;;1a8de386-fbfc-45ea-bcfc-bc92c9e075e7;1;Exposure;2026-04-01 13:25:57.0810;Hands;;OpenXR
Right;1;Exposure;0;NoMitigation;None;anonymous;Sample;71;0.0000;0.0000;-1.0000;-0.5530;0.0000;0.0000;0.0000;0.0000;-1.0000;-0.5530;1.0000;0.0000;0.0000;0.0000;0;;;;;;;;;;;;;0;;;;;;;;0.0000;0.0000;1.0000;0.0000;0.0000;0.0000;1.0000;0.0000;0.0000;0.0000;;;;;;;;;;;;;0;;;;;;;;1a8de386-fbfc-45ea-bcfc-bc92c9e075e7;1;Exposure;2026-04-01 13:25:57.1062;Hands;;OpenXR
Right;1;Exposure;0;NoMitigation;None;anonymous;Sample;74;0.0000;0.0000;-1.0000;-0.5530;0.0000;0.0000;0.0000;0.0000;-1.0000;-0.5530;1.0000;0.0000;0.0000;0.0000;0;;;;;;;;;;;;;0;;;;;;;;0.0000;0.0000;1.0000;0.0000;0.0000;0.0000;1.0000;0.0000;0.0000;0.0000;;;;;;;;;;;;;0;;;;;;;;1a8de386-fbfc-45ea-bcfc-bc92c9e075e7;1;Exposure;2026-04-01 13:25:57.1315;Hands;;OpenXR
Right;1;Exposure;0;NoMitigation;None;anonymous;Sample;77;0.0000;0.0000;-1.0000;-0.5530;0.0000;0.0000;0.0000;0.0000;-1.0000;-0.5530;1.0000;0.0000;0.0000;0.0000;0;;;;;;;;;;;;;0;;;;;;;;0.0000;0.0000;1.0000;0.0000;0.0000;0.0000;1.0000;0.0000;0.0000;0.0000;;;;;;;;;;;;;0;;;;;;;;1a8de386-fbfc-45ea-bcfc-bc92c9e075e7;1;Exposure;2026-04-01 13:25:57.1553;Hands;;OpenXR
Right;1;Exposure;0;NoMitigation;None;anonymous;Sample;80;0.0000;0.0000;-1.0000;-0.5530;0.0000;0.0000;0.0000;0.0000;-1.0000;-0.5530;1.0000;0.0000;0.0000;0.0000;0;;;;;;;;;;;;;0;0.0954;0.5449;-0.2934;335.0143;44.0364;28.4623;Palm;-0.4068;-0.5451;0.7330;0.2058;0.5581;-0.2544;0.9281;0.2752;-0.2403;0.0713;;;;;;;;;;;;;0;0.2323;0.5530;-0.3473;328.5605;16.9587;316.1378;Palm;1a8de386-fbfc-45ea-bcfc-bc92c9e075e7;1;Exposure;2026-04-01 13:25:57.1990;Hands;;OpenXR
Right;1;Exposure;0;NoMitigation;None;anonymous;Sample;83;0.0000;-0.0460;0.9628;-0.5522;344.6336;348.6926;10.6538;-0.0460;0.9628;-0.5522;0.9832;-0.1415;-0.0849;0.0784;0;;;;;;;;;;;;;0;0.0954;0.5448;-0.2935;335.0100;44.0368;28.4691;Palm;-0.4069;-0.5451;0.7330;0.2058;0.5581;-0.2544;0.9281;0.2752;-0.2403;0.0713;;;;;;;;;;;;;0;0.2323;0.5529;-0.3472;328.5773;16.9595;316.1260;Palm;1a8de386-fbfc-45ea-bcfc-bc92c9e075e7;1;Exposure;2026-04-01 13:25:57.2246;Hands;;OpenXR
Right;1;Exposure;0;NoMitigation;None;anonymous;Sample;86;0.0000;-0.0461;0.9627;-0.5521;344.7533;348.7251;10.6634;-0.0461;0.9627;-0.5521;0.9833;-0.1405;-0.0847;0.0787;0;;;;;;;;;;;;;0;0.0954;0.5447;-0.2935;334.9934;44.0382;28.4953;Palm;-0.4073;-0.5453;0.7327;0.2059;0.5580;-0.2544;0.9280;0.2753;-0.2406;0.0714;;;;;;;;;;;;;0;0.2325;0.5527;-0.3471;328.6732;16.9638;316.0590;Palm;1a8de386-fbfc-45ea-bcfc-bc92c9e075e7;1;Exposure;2026-04-01 13:25:57.2496;Hands;;OpenXR
Right;1;Exposure;0;NoMitigation;None;anonymous;Sample;89;0.0000;-0.0462;0.9627;-0.5520;344.7024;348.6662;10.6841;-0.0462;0.9627;-0.5520;0.9832;-0.1410;-0.0851;0.0787;0;;;;;;;;;;;;;0;0.0954;0.5447;-0.2935;334.9739;44.0395;28.5186;Palm;-0.4084;-0.5456;0.7318;0.2059;0.5577;-0.2543;0.9278;0.2754;-0.2414;0.0716;;;;;;;;;;;;;0;0.2327;0.5524;-0.3469;328.8596;16.9911;315.9311;Palm;1a8de386-fbfc-45ea-bcfc-bc92c9e075e7;1;Exposure;2026-04-01 13:25:57.2746;Hands;;OpenXR
Right;1;Exposure;0;NoMitigation;None;anonymous;Sample;92;0.0000;-0.0464;0.9624;-0.5521;344.7194;348.5997;10.6396;-0.0464;0.9624;-0.5521;0.9832;-0.1409;-0.0858;0.0783;0;;;;;;;;;;;;;0;0.0954;0.5447;-0.2936;334.9503;44.0354;28.5343;Palm;-0.4097;-0.5462;0.7306;0.2061;0.5574;-0.2541;0.9274;0.2756;-0.2423;0.0720;;;;;;;;;;;;;0;0.2330;0.5522;-0.3468;329.0557;17.0373;315.8130;Palm;1a8de386-fbfc-45ea-bcfc-bc92c9e075e7;1;Exposure;2026-04-01 13:25:57.3006;Hands;;OpenXR
Right;1;Exposure;0;NoMitigation;None;anonymous;Sample;95;0.0000;-0.0466;0.9623;-0.5520;344.7991;348.5505;10.5829;-0.0466;0.9623;-0.5520;0.9833;-0.1402;-0.0863;0.0778;0;;;;;;;;;;;;;0;0.0954;0.5448;-0.2935;334.9329;44.0193;28.5450;Palm;-0.4107;-0.5466;0.7298;0.2063;0.5571;-0.2540;0.9272;0.2758;-0.2430;0.0723;;;;;;;;;;;;;0;0.2332;0.5522;-0.3467;329.1452;17.0301;315.7826;Palm;1a8de386-fbfc-45ea-bcfc-bc92c9e075e7;1;Exposure;2026-04-01 13:25:57.3261;Hands;;OpenXR
Right;1;Exposure;0;NoMitigation;None;anonymous;Sample;98;0.0000;-0.0468;0.9622;-0.5519;344.8020;348.4939;10.5995;-0.0468;0.9622;-0.5519;0.9832;-0.1402;-0.0868;0.0779;0;;;;;;;;;;;;;0;0.0954;0.5448;-0.2935;334.9186;44.0117;28.5547;Palm;-0.4114;-0.5468;0.7292;0.2066;0.5570;-0.2539;0.9270;0.2759;-0.2435;0.0725;;;;;;;;;;;;;0;0.2335;0.5520;-0.3466;329.2429;17.0355;315.7340;Palm;1a8de386-fbfc-45ea-bcfc-bc92c9e075e7;1;Exposure;2026-04-01 13:25:57.3515;Hands;;OpenXR
Right;1;Exposure;0;NoMitigation;None;anonymous;Sample;101;0.0000;-0.0470;0.9622;-0.5518;344.8594;348.4152;10.7187;-0.0470;0.9622;-0.5518;0.9832;-0.1398;-0.0874;0.0789;0;;;;;;;;;;;;;0;0.0955;0.5448;-0.2935;334.9060;44.0096;28.5641;Palm;-0.4122;-0.5470;0.7286;0.2068;0.5567;-0.2538;0.9268;0.2760;-0.2440;0.0727;;;;;;;;;;;;;0;0.2337;0.5519;-0.3466;329.3720;17.0496;315.6616;Palm;1a8de386-fbfc-45ea-bcfc-bc92c9e075e7;1;Exposure;2026-04-01 13:25:57.3775;Hands;;OpenXR
Right;1;Exposure;0;NoMitigation;None;anonymous;Sample;104;0.0000;-0.0472;0.9620;-0.5517;344.9456;348.3882;10.7199;-0.0472;0.9620;-0.5517;0.9832;-0.1391;-0.0877;0.0789;0;;;;;;;;;;;;;0;0.0956;0.5448;-0.2934;334.8914;43.9957;28.5797;Palm;-0.4127;-0.5471;0.7282;0.2071;0.5565;-0.2537;0.9267;0.2760;-0.2444;0.0728;;;;;;;;;;;;;0;0.2339;0.5517;-0.3465;329.4180;17.1069;315.6113;Palm;1a8de386-fbfc-45ea-bcfc-bc92c9e075e7;1;Exposure;2026-04-01 13:25:57.4025;Hands;;OpenXR
Right;1;Exposure;0;NoMitigation;None;anonymous;Sample;107;0.0000;-0.0474;0.9619;-0.5515;344.9851;348.4283;10.6170;-0.0474;0.9619;-0.5515;0.9834;-0.1387;-0.0875;0.0781;0;;;;;;;;;;;;;0;0.0957;0.5447;-0.2934;334.8715;43.9836;28.5957;Palm;-0.4131;-0.5469;0.7282;0.2073;0.5564;-0.2536;0.9267;0.2759;-0.2446;0.0728;;;;;;;;;;;;;0;0.2341;0.5515;-0.3464;329.4412;17.1615;315.5278;Palm;1a8de386-fbfc-45ea-bcfc-bc92c9e075e7;1;Exposure;2026-04-01 13:25:57.4280;Hands;;OpenXR
Right;1;Exposure;0;NoMitigation;None;anonymous;Sample;110;0.0000;-0.0474;0.9617;-0.5515;345.0737;348.4995;10.5964;-0.0474;0.9617;-0.5515;0.9835;-0.1379;-0.0870;0.0781;0;;;;;;;;;;;;;0;0.0958;0.5446;-0.2933;334.8467;43.9716;28.6129;Palm;-0.4137;-0.5463;0.7283;0.2075;0.5563;-0.2535;0.9267;0.2755;-0.2448;0.0728;;;;;;;;;;;;;0;0.2343;0.5514;-0.3463;329.4578;17.2461;315.3689;Palm;1a8de386-fbfc-45ea-bcfc-bc92c9e075e7;1;Exposure;2026-04-01 13:25:57.4523;Hands;;OpenXR
Right;1;Exposure;0;NoMitigation;None;anonymous;Sample;112;0.0000;0.0000;0.0000;0.0001;345.0854;0.0059;10.5962;0.0000;0.0000;0.0001;0.9873;-0.1292;0.0120;0.0916;0;;;;;;;;;;;;;0;0.1917;-0.4171;0.2246;334.8300;55.4230;28.6321;Palm;-0.3777;-0.5468;0.7473;0.2326;0.3203;-0.1320;0.9323;0.2775;-0.2222;0.0661;;;;;;;;;;;;;0;0.3168;-0.4103;0.1451;329.4138;28.7483;315.2867;Palm;1a8de386-fbfc-45ea-bcfc-bc92c9e075e7;1;Exposure;2026-04-01 13:25:57.4782;Hands;;OpenXR
Right;1;Exposure;0;NoMitigation;None;anonymous;Sample;115;0.0000;0.0000;-0.0001;0.0005;345.0923;0.0926;10.6023;0.0000;-0.0001;0.0005;0.9873;-0.1291;0.0128;0.0917;0;;;;;;;;;;;;;0;0.1917;-0.4172;0.2247;334.7931;55.3915;28.6716;Palm;-0.3283;-0.5456;0.7711;0.2661;0.0040;0.0308;0.9393;0.2788;-0.1916;0.0569;;;;;;;;;;;;;0;0.3167;-0.4102;0.1452;329.3172;28.8109;315.1265;Palm;1a8de386-fbfc-45ea-bcfc-bc92c9e075e7;1;Exposure;2026-04-01 13:25:57.5027;Hands;;OpenXR
Right;1;Exposure;0;NoMitigation;None;anonymous;Sample;118;0.0000;0.0000;-0.0002;0.0005;345.1664;0.1866;10.6018;0.0000;-0.0002;0.0005;0.9874;-0.1284;0.0135;0.0918;0;;;;;;;;;;;;;0;0.1917;-0.4173;0.2247;334.7595;55.3991;28.6976;Palm;-0.2971;-0.5437;0.7849;0.2869;-0.1924;0.1319;0.9433;0.2789;-0.1726;0.0510;;;;;;;;;;;;;0;0.3167;-0.4104;0.1452;329.3041;28.8314;315.0975;Palm;1a8de386-fbfc-45ea-bcfc-bc92c9e075e7;1;Exposure;2026-04-01 13:25:57.5311;Hands;;OpenXR
Right;1;Exposure;0;NoMitigation;None;anonymous;Sample;121;0.0000;0.0001;-0.0003;0.0007;345.2086;0.2626;10.6512;0.0001;-0.0003;0.0007;0.9874;-0.1280;0.0142;0.0923;0;;;;;;;;;;;;;0;0.1918;-0.4173;0.2247;334.7313;55.4143;28.7164;Palm;-0.2835;-0.5427;0.7906;0.2958;-0.2764;0.1752;0.9450;0.2787;-0.1643;0.0485;;;;;;;;;;;;;0;0.3168;-0.4104;0.1452;329.2978;28.8299;315.1030;Palm;1a8de386-fbfc-45ea-bcfc-bc92c9e075e7;1;Exposure;2026-04-01 13:25:57.5537;Hands;;OpenXR
Right;1;Exposure;0;NoMitigation;None;anonymous;Sample;124;0.0000;0.0002;-0.0003;0.0009;345.2163;0.3194;10.6562;0.0002;-0.0003;0.0009;0.9874;-0.1278;0.0147;0.0924;0;;;;;;;;;;;;;0;0.1918;-0.4173;0.2247;334.7021;55.4345;28.7348;Palm;-0.2743;-0.5419;0.7945;0.3018;-0.3320;0.2038;0.9461;0.2785;-0.1587;0.0467;;;;;;;;;;;;;0;0.3169;-0.4103;0.1453;329.2908;28.8245;315.1157;Palm;1a8de386-fbfc-45ea-bcfc-bc92c9e075e7;1;Exposure;2026-04-01 13:25:57.5791;Hands;;OpenXR
Right;1;Exposure;0;NoMitigation;None;anonymous;Sample;127;0.0000;0.0002;-0.0004;0.0010;345.2436;0.3576;10.5678;0.0002;-0.0004;0.0010;0.9875;-0.1276;0.0149;0.0917;0;;;;;;;;;;;;;0;0.1920;-0.4174;0.2246;334.6881;55.4963;28.7466;Palm;-0.2687;-0.5418;0.7964;0.3052;-0.3636;0.2202;0.9466;0.2787;-0.1554;0.0458;;;;;;;;;;;;;0;0.3170;-0.4105;0.1453;329.3297;28.8018;315.1937;Palm;1a8de386-fbfc-45ea-bcfc-bc92c9e075e7;1;Exposure;2026-04-01 13:25:57.6044;Hands;;OpenXR
Right;1;Exposure;0;NoMitigation;None;anonymous;Sample;130;0.0000;0.0003;-0.0004;0.0009;345.3445;0.3739;10.6078;0.0003;-0.0004;0.0009;0.9875;-0.1267;0.0150;0.0921;0;;;;;;;;;;;;;0;0.1921;-0.4174;0.2246;334.6636;55.5663;28.7438;Palm;-0.2652;-0.5436;0.7964;0.3074;-0.3819;0.2294;0.9466;0.2798;-0.1535;0.0453;;;;;;;;;;;;;0;0.3175;-0.4111;0.1454;329.4607;28.7645;315.4344;Palm;1a8de386-fbfc-45ea-bcfc-bc92c9e075e7;1;Exposure;2026-04-01 13:25:57.6278;Hands;;OpenXR
Right;1;Exposure;0;NoMitigation;None;anonymous;Sample;133;0.0000;0.0004;-0.0005;0.0011;345.3561;0.3602;10.6161;0.0004;-0.0005;0.0011;0.9876;-0.1266;0.0149;0.0922;0;;;;;;;;;;;;;0;0.1923;-0.4174;0.2247;334.6357;55.6301;28.7281;Palm;-0.2630;-0.5483;0.7938;0.3090;-0.3933;0.2347;0.9460;0.2825;-0.1526;0.0456;;;;;;;;;;;;;0;0.3185;-0.4122;0.1455;329.6561;28.7255;315.7853;Palm;1a8de386-fbfc-45ea-bcfc-bc92c9e075e7;1;Exposure;2026-04-01 13:25:57.6543;Hands;;OpenXR
Right;1;Exposure;0;NoMitigation;None;anonymous;Sample;136;0.0000;0.0004;-0.0005;0.0012;345.3749;0.3595;10.5721;0.0004;-0.0005;0.0012;0.9876;-0.1265;0.0148;0.0918;0;;;;;;;;;;;;;0;0.1923;-0.4175;0.2246;334.5398;55.7289;28.6778;Palm;-0.2638;-0.5565;0.7879;0.3102;-0.4002;0.2372;0.9443;0.2870;-0.1539;0.0468;;;;;;;;;;;;;0;0.3200;-0.4139;0.1449;329.8491;28.7399;316.1680;Palm;1a8de386-fbfc-45ea-bcfc-bc92c9e075e7;1;Exposure;2026-04-01 13:25:57.6785;Hands;;OpenXR
Right;1;Exposure;0;NoMitigation;None;anonymous;Sample;139;0.0000;0.0004;-0.0006;0.0010;345.4157;0.3422;10.5864;0.0004;-0.0006;0.0010;0.9876;-0.1261;0.0147;0.0919;0;;;;;;;;;;;;;0;0.1924;-0.4175;0.2245;334.3804;55.8706;28.5886;Palm;-0.2694;-0.5718;0.7749;0.3111;-0.4064;0.2382;0.9407;0.2955;-0.1588;0.0499;;;;;;;;;;;;;0;0.3210;-0.4149;0.1442;329.8751;28.7381;316.5439;Palm;1a8de386-fbfc-45ea-bcfc-bc92c9e075e7;1;Exposure;2026-04-01 13:25:57.7039;Hands;;OpenXR
Right;1;Exposure;0;NoMitigation;None;anonymous;Sample;142;0.0000;0.0005;-0.0005;0.0009;345.3774;0.3453;10.6386;0.0005;-0.0005;0.0009;0.9876;-0.1264;0.0148;0.0923;0;;;;;;;;;;;;;0;0.1927;-0.4176;0.2245;334.2616;55.9857;28.5106;Palm;-0.2793;-0.5899;0.7576;0.3109;-0.4105;0.2381;0.9359;0.3054;-0.1670;0.0545;;;;;;;;;;;;;0;0.3209;-0.4145;0.1436;329.5323;28.6319;316.9525;Palm;1a8de386-fbfc-45ea-bcfc-bc92c9e075e7;1;Exposure;2026-04-01 13:25:57.7275;Hands;;OpenXR
Right;1;Exposure;0;NoMitigation;None;anonymous;Sample;145;0.0000;0.0005;-0.0003;0.0008;345.2026;0.3198;10.6493;0.0005;-0.0003;0.0008;0.9874;-0.1280;0.0147;0.0924;0;;;;;;;;;;;;;0;0.1930;-0.4179;0.2243;334.2103;56.0347;28.4990;Palm;-0.2964;-0.6157;0.7301;0.3093;-0.4133;0.2365;0.9280;0.3196;-0.1812;0.0624;;;;;;;;;;;;;0;0.3195;-0.4126;0.1419;328.4470;28.5285;317.5110;Palm;1a8de386-fbfc-45ea-bcfc-bc92c9e075e7;1;Exposure;2026-04-01 13:25:57.7536;Hands;;OpenXR
Right;1;Exposure;0;NoMitigation;None;anonymous;Sample;148;0.0000;0.0005;-0.0002;0.0005;345.0407;0.2851;10.6847;0.0005;-0.0002;0.0005;0.9872;-0.1294;0.0146;0.0926;0;;;;;;;;;;;;;0;0.1932;-0.4183;0.2242;334.1739;56.0691;28.4913;Palm;-0.3120;-0.6402;0.7021;0.3071;-0.4147;0.2342;0.9198;0.3330;-0.1952;0.0707;;;;;;;;;;;;;0;0.3182;-0.4109;0.1400;327.4450;28.4220;318.0280;Palm;1a8de386-fbfc-45ea-bcfc-bc92c9e075e7;1;Exposure;2026-04-01 13:25:57.7806;Hands;;OpenXR
Right;1;Exposure;0;NoMitigation;None;anonymous;Sample;151;0.0000;0.0005;-0.0001;0.0003;344.9442;0.2962;10.7015;0.0005;-0.0001;0.0003;0.9870;-0.1302;0.0148;0.0928;0;;;;;;;;;;;;;0;0.1932;-0.4182;0.2240;334.1333;56.1187;28.5118;Palm;-0.3200;-0.6577;0.6820;0.3054;-0.4151;0.2322;0.9139;0.3428;-0.2037;0.0764;;;;;;;;;;;;;0;0.3176;-0.4096;0.1391;326.1892;28.2679;318.8473;Palm;1a8de386-fbfc-45ea-bcfc-bc92c9e075e7;1;Exposure;2026-04-01 13:25:57.8033;Hands;;OpenXR
Right;1;Exposure;0;NoMitigation;None;anonymous;Sample;154;0.0000;0.0005;0.0000;0.0000;344.8966;0.3143;10.6945;0.0005;0.0000;0.0000;0.9870;-0.1306;0.0150;0.0927;0;;;;;;;;;;;;;0;0.1932;-0.4182;0.2238;334.1031;56.1988;28.5060;Palm;-0.3245;-0.6731;0.6646;0.3039;-0.4150;0.2304;0.9087;0.3516;-0.2100;0.0813;;;;;;;;;;;;;0;0.3171;-0.4086;0.1385;325.1472;28.0753;319.5258;Palm;1a8de386-fbfc-45ea-bcfc-bc92c9e075e7;1;Exposure;2026-04-01 13:25:57.8283;Hands;;OpenXR
Right;1;Exposure;0;NoMitigation;None;anonymous;Sample;157;0.0000;0.0005;0.0001;-0.0002;344.7874;0.3125;10.6967;0.0005;0.0001;-0.0002;0.9868;-0.1315;0.0150;0.0928;0;;;;;;;;;;;;;0;0.1931;-0.4182;0.2237;334.0899;56.2685;28.4869;Palm;-0.3266;-0.6851;0.6511;0.3028;-0.4146;0.2289;0.9046;0.3586;-0.2142;0.0849;;;;;;;;;;;;;0;0.3168;-0.4081;0.1381;324.5352;27.9429;319.9256;Palm;1a8de386-fbfc-45ea-bcfc-bc92c9e075e7;1;Exposure;2026-04-01 13:25:57.8493;Hands;;OpenXR
Right;1;Exposure;0;NoMitigation;None;anonymous;Sample;161;0.0000;0.0005;0.0004;-0.0006;344.6295;0.3172;10.7324;0.0005;0.0004;-0.0006;0.9866;-0.1329;0.0152;0.0930;0;;;;;;;;;;;;;0;0.1931;-0.4184;0.2234;334.1020;56.4542;28.3961;Palm;-0.3302;-0.6999;0.6333;0.3013;-0.4142;0.2272;0.8992;0.3672;-0.2203;0.0900;;;;;;;;;;;;;0;0.3161;-0.4071;0.1378;323.6156;27.5190;320.4983;Palm;1a8de386-fbfc-45ea-bcfc-bc92c9e075e7;1;Exposure;2026-04-01 13:25:57.8784;Hands;;OpenXR
Right;1;Exposure;0;NoMitigation;None;anonymous;Sample;164;0.0000;0.0005;0.0004;-0.0009;344.5569;0.3503;10.7110;0.0005;0.0004;-0.0009;0.9866;-0.1335;0.0156;0.0929;0;;;;;;;;;;;;;0;0.1932;-0.4186;0.2233;334.1571;56.6600;28.2602;Palm;-0.3348;-0.7117;0.6176;0.2999;-0.4137;0.2260;0.8943;0.3738;-0.2268;0.0948;;;;;;;;;;;;;0;0.3156;-0.4064;0.1377;323.0699;27.1090;320.8216;Palm;1a8de386-fbfc-45ea-bcfc-bc92c9e075e7;1;Exposure;2026-04-01 13:25:57.9022;Hands;;OpenXR
Right;1;Exposure;0;NoMitigation;None;anonymous;Sample;167;0.0000;0.0005;0.0004;-0.0012;344.5201;0.3918;10.6717;0.0005;0.0004;-0.0012;0.9865;-0.1338;0.0159;0.0926;0;;;;;;;;;;;;;0;0.1935;-0.4185;0.2233;334.0481;56.9449;28.0590;Palm;-0.3388;-0.7205;0.6050;0.2987;-0.4133;0.2251;0.8904;0.3788;-0.2323;0.0989;;;;;;;;;;;;;0;0.3155;-0.4063;0.1378;322.9564;26.9332;320.8684;Palm;1a8de386-fbfc-45ea-bcfc-bc92c9e075e7;1;Exposure;2026-04-01 13:25:57.9298;Hands;;OpenXR
Right;1;Exposure;0;NoMitigation;None;anonymous;Sample;170;0.0000;0.0005;0.0005;-0.0015;344.4835;0.4222;10.6762;0.0005;0.0005;-0.0015;0.9865;-0.1341;0.0162;0.0927;0;;;;;;;;;;;;;0;0.1939;-0.4186;0.2233;333.9641;57.2300;27.8420;Palm;-0.3412;-0.7251;0.5982;0.2980;-0.4131;0.2246;0.8882;0.3814;-0.2355;0.1011;;;;;;;;;;;;;0;0.3155;-0.4062;0.1379;322.8509;26.7973;320.8983;Palm;1a8de386-fbfc-45ea-bcfc-bc92c9e075e7;1;Exposure;2026-04-01 13:25:57.9528;Hands;;OpenXR
Right;1;Exposure;0;NoMitigation;None;anonymous;Sample;173;0.0000;0.0005;0.0006;-0.0017;344.4008;0.4551;10.6915;0.0005;0.0006;-0.0017;0.9864;-0.1348;0.0166;0.0928;0;;;;;;;;;;;;;0;0.1943;-0.4193;0.2239;333.9532;57.4372;27.6624;Palm;-0.3432;-0.7279;0.5936;0.2975;-0.4128;0.2244;0.8867;0.3829;-0.2379;0.1027;;;;;;;;;;;;;0;0.3157;-0.4061;0.1380;322.8078;26.7216;320.8573;Palm;1a8de386-fbfc-45ea-bcfc-bc92c9e075e7;1;Exposure;2026-04-01 13:25:57.9779;Hands;;OpenXR
Right;1;Exposure;0;NoMitigation;None;anonymous;Sample;176;0.0000;0.0005;0.0005;-0.0019;344.3995;0.4878;10.6758;0.0005;0.0005;-0.0019;0.9864;-0.1347;0.0168;0.0927;0;;;;;;;;;;;;;0;0.1946;-0.4196;0.2242;333.9182;57.5836;27.5350;Palm;-0.3449;-0.7292;0.5910;0.2972;-0.4127;0.2242;0.8859;0.3835;-0.2396;0.1037;;;;;;;;;;;;;0;0.3157;-0.4062;0.1381;322.7787;26.6720;320.7905;Palm;1a8de386-fbfc-45ea-bcfc-bc92c9e075e7;1;Exposure;2026-04-01 13:25:58.0024;Hands;;OpenXR
Right;1;Exposure;0;NoMitigation;None;anonymous;Sample;179;0.0000;0.0004;0.0004;-0.0020;344.3677;0.4914;10.6960;0.0004;0.0004;-0.0020;0.9863;-0.1350;0.0169;0.0929;0;;;;;;;;;;;;;0;0.1947;-0.4197;0.2242;333.9087;57.6813;27.4405;Palm;-0.3466;-0.7297;0.5894;0.2970;-0.4126;0.2242;0.8853;0.3837;-0.2410;0.1045;;;;;;;;;;;;;0;0.3158;-0.4063;0.1383;322.8504;26.6496;320.6815;Palm;1a8de386-fbfc-45ea-bcfc-bc92c9e075e7;1;Exposure;2026-04-01 13:25:58.0269;Hands;;OpenXR
Right;1;Exposure;0;NoMitigation;None;anonymous;Sample;182;0.0000;0.0004;0.0004;-0.0022;344.3960;0.4865;10.6801;0.0004;0.0004;-0.0022;0.9864;-0.1348;0.0168;0.0928;0;;;;;;;;;;;;;0;0.1947;-0.4199;0.2243;333.9205;57.7743;27.3421;Palm;-0.3489;-0.7297;0.5881;0.2968;-0.4126;0.2243;0.8849;0.3835;-0.2427;0.1052;;;;;;;;;;;;;0;0.3159;-0.4064;0.1386;323.0162;26.6201;320.5099;Palm;1a8de386-fbfc-45ea-bcfc-bc92c9e075e7;1;Exposure;2026-04-01 13:25:58.0529;Hands;;OpenXR
Right;1;Exposure;0;NoMitigation;None;anonymous;Sample;185;0.0000;0.0004;0.0004;-0.0024;344.4228;0.4876;10.6912;0.0004;0.0004;-0.0024;0.9864;-0.1345;0.0168;0.0929;0;;;;;;;;;;;;;0;0.1947;-0.4199;0.2243;333.9268;57.8527;27.2530;Palm;-0.3512;-0.7289;0.5876;0.2967;-0.4126;0.2245;0.8847;0.3828;-0.2442;0.1057;;;;;;;;;;;;;0;0.3160;-0.4064;0.1388;323.2476;26.6195;320.3467;Palm;1a8de386-fbfc-45ea-bcfc-bc92c9e075e7;1;Exposure;2026-04-01 13:25:58.0779;Hands;;OpenXR
Right;1;Exposure;0;NoMitigation;None;anonymous;Sample;188;0.0000;0.0004;0.0004;-0.0024;344.4412;0.4882;10.6936;0.0004;0.0004;-0.0024;0.9864;-0.1344;0.0168;0.0929;0;;;;;;;;;;;;;0;0.1948;-0.4199;0.2241;333.9162;57.8748;27.2185;Palm;-0.3523;-0.7274;0.5889;0.2967;-0.4127;0.2248;0.8851;0.3818;-0.2445;0.1055;;;;;;;;;;;;;0;0.3161;-0.4065;0.1389;323.6198;26.6926;320.2107;Palm;1a8de386-fbfc-45ea-bcfc-bc92c9e075e7;1;Exposure;2026-04-01 13:25:58.1029;Hands;;OpenXR
Right;1;Exposure;0;NoMitigation;None;anonymous;Sample;191;0.0000;0.0004;0.0004;-0.0025;344.4544;0.4813;10.6667;0.0004;0.0004;-0.0025;0.9865;-0.1343;0.0167;0.0927;0;;;;;;;;;;;;;0;0.1947;-0.4199;0.2241;333.9247;57.8679;27.2013;Palm;-0.3528;-0.7248;0.5917;0.2967;-0.4128;0.2252;0.8859;0.3802;-0.2441;0.1047;;;;;;;;;;;;;0;0.3161;-0.4066;0.1391;324.0034;26.6897;320.0684;Palm;1a8de386-fbfc-45ea-bcfc-bc92c9e075e7;1;Exposure;2026-04-01 13:25:58.1269;Hands;;OpenXR
Right;1;Exposure;0;NoMitigation;None;anonymous;Sample;194;0.0000;0.0004;0.0004;-0.0026;344.4392;0.4702;10.6901;0.0004;0.0004;-0.0026;0.9864;-0.1344;0.0167;0.0928;0;;;;;;;;;;;;;0;0.1946;-0.4199;0.2239;333.9173;57.8439;27.1848;Palm;-0.3520;-0.7218;0.5959;0.2968;-0.4130;0.2256;0.8873;0.3785;-0.2425;0.1034;;;;;;;;;;;;;0;0.3162;-0.4068;0.1392;324.3398;26.7268;320.0322;Palm;1a8de386-fbfc-45ea-bcfc-bc92c9e075e7;1;Exposure;2026-04-01 13:25:58.1518;Hands;;OpenXR
Right;1;Exposure;0;NoMitigation;None;anonymous;Sample;195;0.0000;0.0003;0.0004;-0.0026;344.4583;0.4747;10.7009;0.0003;0.0004;-0.0026;0.9864;-0.1342;0.0167;0.0929;0;;;;;;;;;;;;;0;0.1946;-0.4199;0.2239;333.9115;57.8323;27.1794;Palm;-0.3500;-0.7185;0.6010;0.2971;-0.4132;0.2261;0.8889;0.3767;-0.2400;0.1017;;;;;;;;;;;;;0;0.3163;-0.4069;0.1392;324.4427;26.7455;320.0370;Palm;1a8de386-fbfc-45ea-bcfc-bc92c9e075e7;1;Exposure;2026-04-01 13:25:58.1767;Hands;;OpenXR
Right;1;Exposure;0;NoMitigation;None;anonymous;Sample;196;0.0000;0.0021;0.0001;0.0000;345.0169;0.8562;10.4265;0.0021;0.0001;0.0000;0.9872;-0.1292;0.0192;0.0911;0;;;;;;;;;;;;;0;0.1937;-0.4189;0.2224;334.8395;58.4911;27.3933;Palm;-0.3053;-0.7008;0.6448;0.2983;-0.4113;0.2255;0.9030;0.3694;-0.2030;0.0830;;;;;;;;;;;;;0;0.3161;-0.4048;0.1360;324.4014;26.9323;321.1731;Palm;1a8de386-fbfc-45ea-bcfc-bc92c9e075e7;1;Exposure;2026-04-01 13:25:59.2395;Hands;;OpenXR
Right;1;Exposure;0;NoMitigation;None;anonymous;Sample;199;0.0000;0.0021;0.0003;-0.0001;344.9183;0.8614;10.3038;0.0021;0.0003;-0.0001;0.9872;-0.1300;0.0192;0.0900;0;;;;;;;;;;;;;0;0.1938;-0.4189;0.2226;334.6651;58.3492;27.3681;Palm;-0.3073;-0.7017;0.6428;0.2982;-0.4113;0.2254;0.9024;0.3698;-0.2046;0.0838;;;;;;;;;;;;;0;0.3161;-0.4050;0.1363;324.3951;26.8771;320.9513;Palm;1a8de386-fbfc-45ea-bcfc-bc92c9e075e7;1;Exposure;2026-04-01 13:25:59.2609;Hands;;OpenXR
Right;1;Exposure;0;NoMitigation;None;anonymous;Sample;202;0.0000;0.0021;0.0003;-0.0001;344.8880;0.8473;10.3307;0.0021;0.0003;-0.0001;0.9872;-0.1303;0.0191;0.0902;0;;;;;;;;;;;;;0;0.1938;-0.4190;0.2225;334.6922;58.3154;27.3860;Palm;-0.3098;-0.7028;0.6404;0.2981;-0.4114;0.2254;0.9017;0.3703;-0.2066;0.0848;;;;;;;;;;;;;0;0.3161;-0.4050;0.1364;324.3965;26.8252;320.9680;Palm;1a8de386-fbfc-45ea-bcfc-bc92c9e075e7;1;Exposure;2026-04-01 13:25:59.2858;Hands;;OpenXR
Right;1;Exposure;0;NoMitigation;None;anonymous;Sample;205;0.0000;0.0021;0.0002;0.0000;344.9021;0.8328;10.3672;0.0021;0.0002;0.0000;0.9872;-0.1302;0.0190;0.0905;0;;;;;;;;;;;;;0;0.1939;-0.4191;0.2223;334.7108;58.2857;27.4099;Palm;-0.3114;-0.7035;0.6389;0.2980;-0.4115;0.2254;0.9012;0.3706;-0.2079;0.0855;;;;;;;;;;;;;0;0.3161;-0.4050;0.1365;324.3885;26.7713;320.9798;Palm;1a8de386-fbfc-45ea-bcfc-bc92c9e075e7;1;Exposure;2026-04-01 13:25:59.3107;Hands;;OpenXR
Right;1;Exposure;0;NoMitigation;None;anonymous;Sample;208;0.0000;0.0020;0.0001;0.0000;344.9584;0.8431;10.3961;0.0020;0.0001;0.0000;0.9872;-0.1297;0.0191;0.0908;0;;;;;;;;;;;;;0;0.1939;-0.4188;0.2222;334.7050;58.2789;27.4431;Palm;-0.3123;-0.7037;0.6382;0.2979;-0.4115;0.2254;0.9010;0.3706;-0.2087;0.0858;;;;;;;;;;;;;0;0.3161;-0.4052;0.1365;324.3539;26.7331;320.9770;Palm;1a8de386-fbfc-45ea-bcfc-bc92c9e075e7;1;Exposure;2026-04-01 13:25:59.3347;Hands;;OpenXR
Right;1;Exposure;0;NoMitigation;None;anonymous;Sample;211;0.0000;0.0019;0.0001;0.0001;344.9881;0.8170;10.4263;0.0019;0.0001;0.0001;0.9872;-0.1294;0.0189;0.0910;0;;;;;;;;;;;;;0;0.1939;-0.4188;0.2221;334.7117;58.2639;27.4832;Palm;-0.3130;-0.7035;0.6380;0.2979;-0.4116;0.2255;0.9009;0.3705;-0.2091;0.0860;;;;;;;;;;;;;0;0.3162;-0.4052;0.1366;324.3100;26.7268;320.9342;Palm;1a8de386-fbfc-45ea-bcfc-bc92c9e075e7;1;Exposure;2026-04-01 13:25:59.3604;Hands;;OpenXR
Right;1;Exposure;0;NoMitigation;None;anonymous;Sample;214;0.0000;0.0018;0.0000;0.0002;345.0630;0.7752;10.4840;0.0018;0.0000;0.0002;0.9873;-0.1288;0.0186;0.0915;0;;;;;;;;;;;;;0;0.1938;-0.4187;0.2221;334.7227;58.2521;27.5203;Palm;-0.3131;-0.7029;0.6387;0.2979;-0.4116;0.2256;0.9011;0.3701;-0.2090;0.0858;;;;;;;;;;;;;0;0.3164;-0.4052;0.1367;324.2752;26.7160;320.9261;Palm;1a8de386-fbfc-45ea-bcfc-bc92c9e075e7;1;Exposure;2026-04-01 13:25:59.3857;Hands;;OpenXR
Right;1;Exposure;0;NoMitigation;None;anonymous;Sample;217;0.0000;0.0017;-0.0002;0.0002;345.1456;0.6986;10.5205;0.0017;-0.0002;0.0002;0.9873;-0.1282;0.0179;0.0917;0;;;;;;;;;;;;;0;0.1938;-0.4187;0.2221;334.7326;58.2437;27.5474;Palm;-0.3128;-0.7021;0.6396;0.2979;-0.4116;0.2257;0.9014;0.3697;-0.2086;0.0856;;;;;;;;;;;;;0;0.3164;-0.4053;0.1367;324.2568;26.7029;320.9319;Palm;1a8de386-fbfc-45ea-bcfc-bc92c9e075e7;1;Exposure;2026-04-01 13:25:59.4107;Hands;;OpenXR
Right;1;Exposure;0;NoMitigation;None;anonymous;Sample;220;0.0000;0.0015;-0.0003;0.0003;345.2392;0.6197;10.4885;0.0015;-0.0003;0.0003;0.9875;-0.1274;0.0171;0.0913;0;;;;;;;;;;;;;0;0.1938;-0.4188;0.2220;334.7327;58.2328;27.5807;Palm;-0.3120;-0.7011;0.6412;0.2980;-0.4116;0.2258;0.9019;0.3691;-0.2078;0.0850;;;;;;;;;;;;;0;0.3164;-0.4053;0.1368;324.2426;26.6781;320.9671;Palm;1a8de386-fbfc-45ea-bcfc-bc92c9e075e7;1;Exposure;2026-04-01 13:25:59.4346;Hands;;OpenXR
Right;1;Exposure;0;NoMitigation;None;anonymous;Sample;223;0.0000;0.0014;-0.0004;0.0004;345.2804;0.4932;10.4025;0.0014;-0.0004;0.0004;0.9876;-0.1272;0.0159;0.0905;0;;;;;;;;;;;;;0;0.1937;-0.4188;0.2220;334.7309;58.2144;27.6139;Palm;-0.3102;-0.6996;0.6437;0.2981;-0.4115;0.2259;0.9026;0.3683;-0.2062;0.0841;;;;;;;;;;;;;0;0.3165;-0.4052;0.1368;324.2467;26.6462;321.0465;Palm;1a8de386-fbfc-45ea-bcfc-bc92c9e075e7;1;Exposure;2026-04-01 13:25:59.4607;Hands;;OpenXR
Right;1;Exposure;0;NoMitigation;None;anonymous;Sample;226;0.0000;0.0011;-0.0004;0.0004;345.3766;0.2791;10.3241;0.0011;-0.0004;0.0004;0.9878;-0.1265;0.0139;0.0895;0;;;;;;;;;;;;;0;0.1937;-0.4188;0.2222;334.7377;58.1824;27.6338;Palm;-0.3075;-0.6988;0.6458;0.2982;-0.4115;0.2261;0.9033;0.3680;-0.2041;0.0831;;;;;;;;;;;;;0;0.3164;-0.4051;0.1367;324.3313;26.5962;321.3022;Palm;1a8de386-fbfc-45ea-bcfc-bc92c9e075e7;1;Exposure;2026-04-01 13:25:59.4854;Hands;;OpenXR
Right;1;Exposure;0;NoMitigation;None;anonymous;Sample;229;0.0000;0.0006;-0.0005;0.0004;345.4443;359.8465;10.2013;0.0006;-0.0005;0.0004;0.9880;-0.1263;0.0099;0.0880;0;;;;;;;;;;;;;0;0.1937;-0.4189;0.2223;334.7526;58.1477;27.6526;Palm;-0.3039;-0.6991;0.6472;0.2984;-0.4116;0.2261;0.9038;0.3685;-0.2016;0.0822;;;;;;;;;;;;;0;0.3164;-0.4050;0.1366;324.4943;26.5294;321.5982;Palm;1a8de386-fbfc-45ea-bcfc-bc92c9e075e7;1;Exposure;2026-04-01 13:25:59.5103;Hands;;OpenXR
Right;1;Exposure;0;NoMitigation;None;anonymous;Sample;232;0.0000;0.0000;-0.0007;0.0005;345.5140;359.4191;10.1202;0.0000;-0.0007;0.0005;0.9882;-0.1260;0.0061;0.0869;0;;;;;;;;;;;;;0;0.1938;-0.4191;0.2223;334.7888;58.1083;27.6740;Palm;-0.3011;-0.7006;0.6469;0.2985;-0.4119;0.2262;0.9038;0.3695;-0.2000;0.0818;;;;;;;;;;;;;0;0.3164;-0.4052;0.1366;324.7426;26.4479;321.8071;Palm;1a8de386-fbfc-45ea-bcfc-bc92c9e075e7;1;Exposure;2026-04-01 13:25:59.5349;Hands;;OpenXR
Right;1;Exposure;0;NoMitigation;None;anonymous;Sample;235;0.0000;-0.0005;-0.0008;0.0005;345.6276;359.0213;10.0758;-0.0005;-0.0008;0.0005;0.9884;-0.1254;0.0025;0.0861;0;;;;;;;;;;;;;0;0.1940;-0.4191;0.2223;334.8513;58.0703;27.6937;Palm;-0.2993;-0.7023;0.6459;0.2986;-0.4123;0.2262;0.9035;0.3707;-0.1991;0.0817;;;;;;;;;;;;;0;0.3165;-0.4052;0.1366;324.9200;26.4076;321.8963;Palm;1a8de386-fbfc-45ea-bcfc-bc92c9e075e7;1;Exposure;2026-04-01 13:25:59.5610;Hands;;OpenXR
Right;1;Exposure;0;NoMitigation;None;anonymous;Sample;238;0.0000;-0.0009;-0.0009;0.0005;345.6855;358.6755;10.0581;-0.0009;-0.0009;0.0005;0.9884;-0.1251;-0.0005;0.0855;0;;;;;;;;;;;;;0;0.1940;-0.4191;0.2223;334.9093;58.0467;27.7017;Palm;-0.2981;-0.7036;0.6450;0.2988;-0.4124;0.2262;0.9032;0.3715;-0.1986;0.0817;;;;;;;;;;;;;0;0.3166;-0.4050;0.1367;324.9465;26.3516;321.9465;Palm;1a8de386-fbfc-45ea-bcfc-bc92c9e075e7;1;Exposure;2026-04-01 13:25:59.5854;Hands;;OpenXR
Right;1;Exposure;0;NoMitigation;None;anonymous;Sample;241;0.0000;-0.0012;-0.0010;0.0006;345.7296;358.4376;10.1029;-0.0012;-0.0010;0.0006;0.9885;-0.1249;-0.0025;0.0857;0;;;;;;;;;;;;;0;0.1941;-0.4189;0.2223;334.9577;58.0365;27.6999;Palm;-0.2973;-0.7040;0.6450;0.2988;-0.4123;0.2264;0.9032;0.3718;-0.1981;0.0816;;;;;;;;;;;;;0;0.3166;-0.4046;0.1370;324.8091;26.1625;322.0421;Palm;1a8de386-fbfc-45ea-bcfc-bc92c9e075e7;1;Exposure;2026-04-01 13:25:59.6108;Hands;;OpenXR
Right;1;Exposure;0;NoMitigation;None;anonymous;Sample;244;0.0000;-0.0013;-0.0010;0.0007;345.7663;358.3174;10.1859;-0.0013;-0.0010;0.0007;0.9884;-0.1247;-0.0035;0.0863;0;;;;;;;;;;;;;0;0.1941;-0.4188;0.2222;335.0557;58.0552;27.6575;Palm;-0.2971;-0.7035;0.6457;0.2987;-0.4120;0.2265;0.9034;0.3715;-0.1979;0.0814;;;;;;;;;;;;;0;0.3165;-0.4044;0.1370;324.6508;26.0872;321.9626;Palm;1a8de386-fbfc-45ea-bcfc-bc92c9e075e7;1;Exposure;2026-04-01 13:25:59.6367;Hands;;OpenXR
Right;1;Exposure;0;NoMitigation;None;anonymous;Sample;247;0.0000;-0.0013;-0.0010;0.0007;345.7913;358.2955;10.2018;-0.0013;-0.0010;0.0007;0.9884;-0.1245;-0.0037;0.0864;0;;;;;;;;;;;;;0;0.1941;-0.4188;0.2222;335.2253;58.1019;27.5596;Palm;-0.2986;-0.7021;0.6465;0.2986;-0.4115;0.2265;0.9037;0.3706;-0.1986;0.0814;;;;;;;;;;;;;0;0.3165;-0.4041;0.1369;324.4406;26.1456;321.6488;Palm;1a8de386-fbfc-45ea-bcfc-bc92c9e075e7;1;Exposure;2026-04-01 13:25:59.6611;Hands;;OpenXR
Right;1;Exposure;0;NoMitigation;None;anonymous;Sample;250;0.0000;-0.0012;-0.0010;0.0008;345.8021;358.3864;10.2178;-0.0012;-0.0010;0.0008;0.9884;-0.1243;-0.0029;0.0866;0;;;;;;;;;;;;;0;0.1940;-0.4188;0.2221;335.3734;58.1396;27.4525;Palm;-0.3032;-0.6997;0.6469;0.2983;-0.4106;0.2263;0.9037;0.3688;-0.2013;0.0822;;;;;;;;;;;;;0;0.3163;-0.4038;0.1368;324.0954;26.2674;321.1067;Palm;1a8de386-fbfc-45ea-bcfc-bc92c9e075e7;1;Exposure;2026-04-01 13:25:59.6871;Hands;;OpenXR
Right;1;Exposure;0;NoMitigation;None;anonymous;Sample;253;0.0000;-0.0010;-0.0010;0.0009;345.7891;358.5487;10.1899;-0.0010;-0.0010;0.0009;0.9885;-0.1243;-0.0015;0.0866;0;;;;;;;;;;;;;0;0.1939;-0.4187;0.2221;335.5016;58.1812;27.3620;Palm;-0.3090;-0.6966;0.6475;0.2979;-0.4097;0.2261;0.9038;0.3666;-0.2046;0.0830;;;;;;;;;;;;;0;0.3159;-0.4036;0.1367;323.8509;26.4064;320.5917;Palm;1a8de386-fbfc-45ea-bcfc-bc92c9e075e7;1;Exposure;2026-04-01 13:25:59.7127;Hands;;OpenXR
Right;1;Exposure;0;NoMitigation;None;anonymous;Sample;256;0.0000;-0.0008;-0.0010;0.0009;345.7841;358.7516;10.1609;-0.0008;-0.0010;0.0009;0.9885;-0.1242;0.0002;0.0865;0;;;;;;;;;;;;;0;0.1938;-0.4186;0.2221;335.5934;58.2205;27.3153;Palm;-0.3149;-0.6938;0.6477;0.2973;-0.4089;0.2260;0.9038;0.3645;-0.2081;0.0839;;;;;;;;;;;;;0;0.3152;-0.4036;0.1369;323.7852;26.5497;320.1617;Palm;1a8de386-fbfc-45ea-bcfc-bc92c9e075e7;1;Exposure;2026-04-01 13:25:59.7362;Hands;;OpenXR
Right;1;Exposure;0;NoMitigation;None;anonymous;Sample;259;0.0000;-0.0005;-0.0010;0.0009;345.7830;358.9660;10.1197;-0.0005;-0.0010;0.0009;0.9885;-0.1241;0.0020;0.0864;0;;;;;;;;;;;;;0;0.1937;-0.4186;0.2221;335.7486;58.2261;27.3556;Palm;-0.3196;-0.6913;0.6481;0.2968;-0.4083;0.2261;0.9038;0.3627;-0.2107;0.0846;;;;;;;;;;;;;0;0.3149;-0.4036;0.1371;323.8322;26.6189;320.0162;Palm;1a8de386-fbfc-45ea-bcfc-bc92c9e075e7;1;Exposure;2026-04-01 13:25:59.7626;Hands;;OpenXR
Right;1;Exposure;0;NoMitigation;None;anonymous;Sample;262;0.0000;-0.0002;-0.0010;0.0009;345.7500;359.1825;10.0847;-0.0002;-0.0010;0.0009;0.9885;-0.1242;0.0038;0.0863;0;;;;;;;;;;;;;0;0.1937;-0.4186;0.2222;335.8696;58.1919;27.4433;Palm;-0.3224;-0.6895;0.6486;0.2965;-0.4080;0.2261;0.9039;0.3615;-0.2123;0.0849;;;;;;;;;;;;;0;0.3148;-0.4035;0.1372;323.8823;26.6219;319.9472;Palm;1a8de386-fbfc-45ea-bcfc-bc92c9e075e7;1;Exposure;2026-04-01 13:25:59.7865;Hands;;OpenXR
Right;1;Exposure;0;NoMitigation;None;anonymous;Sample;265;0.0000;0.0000;-0.0010;0.0009;345.7310;359.3054;10.0813;0.0000;-0.0010;0.0009;0.9885;-0.1242;0.0049;0.0864;0;;;;;;;;;;;;;0;0.1936;-0.4187;0.2224;335.9563;58.1303;27.5612;Palm;-0.3248;-0.6881;0.6489;0.2962;-0.4077;0.2263;0.9040;0.3604;-0.2136;0.0852;;;;;;;;;;;;;0;0.3146;-0.4035;0.1373;323.9573;26.5868;319.8918;Palm;1a8de386-fbfc-45ea-bcfc-bc92c9e075e7;1;Exposure;2026-04-01 13:25:59.8147;Hands;;OpenXR
Right;1;Exposure;0;NoMitigation;None;anonymous;Sample;268;0.0000;0.0001;-0.0009;0.0009;345.7043;359.4171;10.1144;0.0001;-0.0009;0.0009;0.9884;-0.1244;0.0059;0.0868;0;;;;;;;;;;;;;0;0.1936;-0.4188;0.2227;336.0782;58.0316;27.7222;Palm;-0.3264;-0.6873;0.6488;0.2959;-0.4076;0.2264;0.9039;0.3599;-0.2146;0.0854;;;;;;;;;;;;;0;0.3145;-0.4035;0.1375;324.0561;26.5263;319.8772;Palm;1a8de386-fbfc-45ea-bcfc-bc92c9e075e7;1;Exposure;2026-04-01 13:25:59.8380;Hands;;OpenXR
Right;1;Exposure;0;NoMitigation;None;anonymous;Sample;271;0.0000;0.0002;-0.0009;0.0009;345.6687;359.4815;10.1243;0.0002;-0.0009;0.0009;0.9884;-0.1246;0.0065;0.0870;0;;;;;;;;;;;;;0;0.1936;-0.4189;0.2229;336.1907;57.9023;27.8851;Palm;-0.3278;-0.6872;0.6483;0.2958;-0.4075;0.2265;0.9038;0.3598;-0.2155;0.0858;;;;;;;;;;;;;0;0.3145;-0.4035;0.1376;324.1641;26.4247;319.9157;Palm;1a8de386-fbfc-45ea-bcfc-bc92c9e075e7;1;Exposure;2026-04-01 13:25:59.8610;Hands;;OpenXR
Right;1;Exposure;0;NoMitigation;None;anonymous;Sample;274;0.0000;0.0002;-0.0008;0.0009;345.6206;359.5167;10.1155;0.0002;-0.0008;0.0009;0.9883;-0.1250;0.0069;0.0869;0;;;;;;;;;;;;;0;0.1936;-0.4191;0.2230;336.2186;57.7915;27.9617;Palm;-0.3291;-0.6877;0.6471;0.2956;-0.4076;0.2267;0.9034;0.3599;-0.2166;0.0863;;;;;;;;;;;;;0;0.3145;-0.4034;0.1378;324.2802;26.2415;320.0169;Palm;1a8de386-fbfc-45ea-bcfc-bc92c9e075e7;1;Exposure;2026-04-01 13:25:59.8914;Hands;;OpenXR
Right;1;Exposure;0;NoMitigation;None;anonymous;Sample;277;0.0000;0.0002;-0.0008;0.0009;345.5742;359.5291;10.1445;0.0002;-0.0008;0.0009;0.9882;-0.1254;0.0070;0.0872;0;;;;;;;;;;;;;0;0.1936;-0.4192;0.2231;336.1624;57.7064;28.0227;Palm;-0.3299;-0.6887;0.6456;0.2953;-0.4076;0.2269;0.9029;0.3605;-0.2173;0.0868;;;;;;;;;;;;;0;0.3143;-0.4033;0.1380;324.3865;26.1402;320.1234;Palm;1a8de386-fbfc-45ea-bcfc-bc92c9e075e7;1;Exposure;2026-04-01 13:25:59.9196;Hands;;OpenXR
Right;1;Exposure;0;NoMitigation;None;anonymous;Sample;279;0.0000;0.0002;-0.0007;0.0010;345.5461;359.5090;10.1792;0.0002;-0.0007;0.0010;0.9882;-0.1257;0.0069;0.0875;0;;;;;;;;;;;;;0;0.1936;-0.4196;0.2234;336.0430;57.5451;28.1203;Palm;-0.3302;-0.6898;0.6443;0.2950;-0.4075;0.2271;0.9025;0.3611;-0.2178;0.0871;;;;;;;;;;;;;0;0.3138;-0.4029;0.1383;324.4720;26.0721;320.1976;Palm;1a8de386-fbfc-45ea-bcfc-bc92c9e075e7;1;Exposure;2026-04-01 13:25:59.9470;Hands;;OpenXR
Right;1;Exposure;0;NoMitigation;None;anonymous;Sample;282;0.0000;0.0001;-0.0006;0.0009;345.4671;359.4419;10.2446;0.0001;-0.0006;0.0009;0.9881;-0.1264;0.0065;0.0880;0;;;;;;;;;;;;;0;0.1936;-0.4209;0.2240;335.7211;57.1212;28.3292;Palm;-0.3304;-0.6903;0.6437;0.2945;-0.4070;0.2274;0.9023;0.3614;-0.2181;0.0873;;;;;;;;;;;;;0;0.3125;-0.4012;0.1391;324.5159;26.0720;320.1926;Palm;1a8de386-fbfc-45ea-bcfc-bc92c9e075e7;1;Exposure;2026-04-01 13:25:59.9700;Hands;;OpenXR
Right;1;Exposure;0;NoMitigation;None;anonymous;Sample;285;0.0000;-0.0001;-0.0004;0.0008;345.2872;359.3519;10.3469;-0.0001;-0.0004;0.0008;0.9878;-0.1280;0.0060;0.0887;0;;;;;;;;;;;;;0;0.1935;-0.4215;0.2244;335.4297;56.8358;28.5188;Palm;-0.3307;-0.6912;0.6426;0.2938;-0.4063;0.2278;0.9020;0.3619;-0.2185;0.0877;;;;;;;;;;;;;0;0.3116;-0.4003;0.1396;324.5725;26.1191;320.2208;Palm;1a8de386-fbfc-45ea-bcfc-bc92c9e075e7;1;Exposure;2026-04-01 13:25:59.9944;Hands;;OpenXR
Right;1;Exposure;0;NoMitigation;None;anonymous;Sample;288;0.0000;-0.0005;-0.0002;0.0005;344.9838;359.2133;10.5358;-0.0005;-0.0002;0.0005;0.9873;-0.1307;0.0052;0.0901;0;;;;;;;;;;;;;0;0.1933;-0.4219;0.2248;335.1422;56.5978;28.7035;Palm;-0.3311;-0.6937;0.6397;0.2930;-0.4058;0.2282;0.9011;0.3634;-0.2194;0.0885;;;;;;;;;;;;;0;0.3109;-0.3997;0.1399;324.6977;26.2670;320.3095;Palm;1a8de386-fbfc-45ea-bcfc-bc92c9e075e7;1;Exposure;2026-04-01 13:26:00.0192;Hands;;OpenXR
Right;1;Exposure;0;NoMitigation;None;anonymous;Sample;291;0.0000;-0.0007;0.0002;0.0002;344.6606;359.0954;10.7063;-0.0007;0.0002;0.0002;0.9868;-0.1336;0.0047;0.0914;0;;;;;;;;;;;;;0;0.1931;-0.4218;0.2249;334.9721;56.4603;28.7266;Palm;-0.3312;-0.6991;0.6337;0.2923;-0.4058;0.2283;0.8993;0.3666;-0.2208;0.0900;;;;;;;;;;;;;0;0.3103;-0.3993;0.1401;324.8043;26.4929;320.5331;Palm;1a8de386-fbfc-45ea-bcfc-bc92c9e075e7;1;Exposure;2026-04-01 13:26:00.0452;Hands;;OpenXR
Right;1;Exposure;0;NoMitigation;None;anonymous;Sample;294;0.0000;-0.0010;0.0009;-0.0001;344.2519;358.9904;10.8087;-0.0010;0.0009;-0.0001;0.9862;-0.1372;0.0042;0.0921;0;;;;;;;;;;;;;0;0.1928;-0.4216;0.2250;334.9268;56.3400;28.7370;Palm;-0.3304;-0.7055;0.6270;0.2918;-0.4060;0.2284;0.8973;0.3705;-0.2220;0.0916;;;;;;;;;;;;;0;0.3099;-0.3992;0.1403;325.0037;26.6077;320.8418;Palm;1a8de386-fbfc-45ea-bcfc-bc92c9e075e7;1;Exposure;2026-04-01 13:26:00.0691;Hands;;OpenXR
Right;1;Exposure;0;NoMitigation;None;anonymous;Sample;297;0.0000;-0.0012;0.0016;-0.0006;343.6985;358.8499;10.8978;-0.0012;0.0016;-0.0006;0.9855;-0.1421;0.0036;0.0926;0;;;;;;;;;;;;;0;0.1925;-0.4214;0.2252;334.9444;56.2062;28.7419;Palm;-0.3289;-0.7125;0.6198;0.2915;-0.4065;0.2285;0.8951;0.3748;-0.2228;0.0933;;;;;;;;;;;;;0;0.3096;-0.3992;0.1405;325.2372;26.6558;321.1760;Palm;1a8de386-fbfc-45ea-bcfc-bc92c9e075e7;1;Exposure;2026-04-01 13:26:00.0960;Hands;;OpenXR
Right;1;Exposure;0;NoMitigation;None;anonymous;Sample;300;0.0000;-0.0013;0.0020;-0.0010;343.3160;358.7795;10.9243;-0.0013;0.0020;-0.0010;0.9850;-0.1454;0.0033;0.0926;1;;;;;;;;;;;;;0;0.1922;-0.4211;0.2252;334.9802;56.0358;28.7803;Palm;-0.3281;-0.7197;0.6119;0.2912;-0.4072;0.2285;0.8927;0.3792;-0.2242;0.0953;;;;;;;;;;;;;0;0.3092;-0.3995;0.1406;325.4471;26.6433;321.4407;Palm;1a8de386-fbfc-45ea-bcfc-bc92c9e075e7;1;Exposure;2026-04-01 13:26:00.1208;Hands;;OpenXR
Right;1;Exposure;0;NoMitigation;None;anonymous;Sample;302;0.0121;-0.0014;0.0025;-0.0015;342.9881;358.8040;10.9353;-0.0014;0.0025;-0.0015;0.9846;-0.1482;0.0038;0.0927;1;;;;;;;;;;;;;0;0.1918;-0.4208;0.2252;335.0477;55.8470;28.8991;Palm;-0.3299;-0.7272;0.6019;0.2907;-0.4083;0.2282;0.8896;0.3836;-0.2278;0.0982;;;;;;;;;;;;;0;0.3085;-0.4007;0.1403;325.6177;26.5317;321.5809;Palm;1a8de386-fbfc-45ea-bcfc-bc92c9e075e7;1;Exposure;2026-04-01 13:26:00.1437;Hands;;OpenXR
Right;1;Exposure;0;NoMitigation;None;anonymous;Sample;305;0.0248;-0.0015;0.0028;-0.0019;342.7042;358.8671;10.9118;-0.0015;0.0028;-0.0019;0.9842;-0.1506;0.0046;0.0925;1;;;;;;;;;;;;;0;0.1917;-0.4207;0.2252;335.1240;55.6703;29.1457;Palm;-0.3365;-0.7365;0.5868;0.2898;-0.4093;0.2276;0.8847;0.3887;-0.2357;0.1035;;;;;;;;;;;;;0;0.3082;-0.4007;0.1406;325.6647;26.1863;321.5640;Palm;1a8de386-fbfc-45ea-bcfc-bc92c9e075e7;1;Exposure;2026-04-01 13:26:00.1692;Hands;;OpenXR
Right;1;Exposure;0;NoMitigation;None;anonymous;Sample;308;0.0371;-0.0015;0.0030;-0.0023;342.3865;358.9442;10.9481;-0.0015;0.0030;-0.0023;0.9838;-0.1533;0.0055;0.0929;1;;;;;;;;;;;;;0;0.1915;-0.4206;0.2253;335.0921;55.4330;29.5135;Palm;-0.3442;-0.7405;0.5772;0.2886;-0.4097;0.2275;0.8815;0.3904;-0.2429;0.1076;;;;;;;;;;;;;0;0.3074;-0.4008;0.1413;325.7723;25.1357;321.4086;Palm;1a8de386-fbfc-45ea-bcfc-bc92c9e075e7;1;Exposure;2026-04-01 13:26:00.1950;Hands;;OpenXR
Right;1;Exposure;0;NoMitigation;None;anonymous;Sample;311;0.0502;-0.0015;0.0034;-0.0027;342.2758;358.9937;11.0373;-0.0015;0.0034;-0.0027;0.9836;-0.1542;0.0062;0.0937;1;;;;;;;;;;;;;0;0.1913;-0.4204;0.2254;334.9865;55.1530;29.9699;Palm;-0.3543;-0.7389;0.5731;0.2868;-0.4095;0.2278;0.8800;0.3885;-0.2500;0.1104;;;;;;;;;;;;;0;0.3065;-0.4009;0.1422;325.8836;23.9191;321.2040;Palm;1a8de386-fbfc-45ea-bcfc-bc92c9e075e7;1;Exposure;2026-04-01 13:26:00.2210;Hands;;OpenXR
Right;1;Exposure;0;NoMitigation;None;anonymous;Sample;314;0.0623;-0.0015;0.0035;-0.0031;342.0733;359.0620;11.0108;-0.0015;0.0035;-0.0031;0.9833;-0.1559;0.0069;0.0935;1;;;;;;;;;;;;;0;0.1910;-0.4201;0.2255;334.8852;54.8840;30.4240;Palm;-0.3640;-0.7366;0.5700;0.2851;-0.4093;0.2282;0.8788;0.3862;-0.2567;0.1128;;;;;;;;;;;;;0;0.3061;-0.4012;0.1427;326.0638;23.1028;321.0047;Palm;1a8de386-fbfc-45ea-bcfc-bc92c9e075e7;1;Exposure;2026-04-01 13:26:00.2454;Hands;;OpenXR
Right;1;Exposure;0;NoMitigation;None;anonymous;Sample;317;0.0742;-0.0014;0.0037;-0.0035;341.9007;359.1370;10.9208;-0.0014;0.0037;-0.0035;0.9832;-0.1573;0.0076;0.0928;1;;;;;;;;;;;;;0;0.1908;-0.4198;0.2255;334.7753;54.6845;30.7988;Palm;-0.3732;-0.7348;0.5664;0.2836;-0.4094;0.2284;0.8775;0.3842;-0.2631;0.1152;;;;;;;;;;;;;0;0.3061;-0.4014;0.1428;326.2296;22.6435;320.7850;Palm;1a8de386-fbfc-45ea-bcfc-bc92c9e075e7;1;Exposure;2026-04-01 13:26:00.2693;Hands;;OpenXR
Right;1;Exposure;0;NoMitigation;None;anonymous;Sample;320;0.0866;-0.0014;0.0036;-0.0037;341.8769;359.2171;10.8706;-0.0014;0.0036;-0.0037;0.9832;-0.1574;0.0082;0.0925;1;;;;;;;;;;;;;0;0.1901;-0.4192;0.2250;334.6527;54.6034;31.0223;Palm;-0.3810;-0.7330;0.5636;0.2830;-0.4094;0.2283;0.8764;0.3823;-0.2684;0.1171;;;;;;;;;;;;;0;0.3072;-0.4017;0.1421;326.3328;22.5449;320.5544;Palm;1a8de386-fbfc-45ea-bcfc-bc92c9e075e7;1;Exposure;2026-04-01 13:26:00.2936;Hands;;OpenXR
Right;1;Exposure;0;NoMitigation;None;anonymous;Sample;323;0.0992;-0.0013;0.0035;-0.0040;341.9959;359.3035;10.9034;-0.0013;0.0035;-0.0040;0.9833;-0.1563;0.0089;0.0929;1;;;;;;;;;;;;;0;0.1900;-0.4191;0.2251;334.6844;54.5439;31.0976;Palm;-0.3871;-0.7306;0.5625;0.2826;-0.4093;0.2281;0.8760;0.3803;-0.2722;0.1182;;;;;;;;;;;;;0;0.3073;-0.4016;0.1423;326.1280;22.4374;320.3282;Palm;1a8de386-fbfc-45ea-bcfc-bc92c9e075e7;1;Exposure;2026-04-01 13:26:00.3191;Hands;;OpenXR
Right;1;Exposure;0;NoMitigation;None;anonymous;Sample;326;0.1121;-0.0012;0.0033;-0.0041;342.1355;359.3887;10.8793;-0.0012;0.0033;-0.0041;0.9835;-0.1551;0.0095;0.0928;1;;;;;;;;;;;;;0;0.1898;-0.4191;0.2251;334.7147;54.4895;31.1664;Palm;-0.3924;-0.7274;0.5629;0.2822;-0.4089;0.2281;0.8760;0.3779;-0.2752;0.1187;;;;;;;;;;;;;0;0.3072;-0.4014;0.1423;325.8841;22.2663;320.0486;Palm;1a8de386-fbfc-45ea-bcfc-bc92c9e075e7;1;Exposure;2026-04-01 13:26:00.3449;Hands;;OpenXR
Right;1;Exposure;0;NoMitigation;None;anonymous;Sample;329;0.1250;-0.0012;0.0031;-0.0043;342.2673;359.4516;10.8640;-0.0012;0.0031;-0.0043;0.9837;-0.1539;0.0099;0.0928;1;;;;;;;;;;;;;0;0.1898;-0.4190;0.2250;334.7323;54.4829;31.2041;Palm;-0.3961;-0.7242;0.5644;0.2822;-0.4087;0.2281;0.8764;0.3757;-0.2768;0.1187;;;;;;;;;;;;;0;0.3079;-0.4020;0.1423;325.7870;22.4428;319.8558;Palm;1a8de386-fbfc-45ea-bcfc-bc92c9e075e7;1;Exposure;2026-04-01 13:26:00.3706;Hands;;OpenXR
Right;1;Exposure;0;NoMitigation;None;anonymous;Sample;332;0.1370;-0.0011;0.0029;-0.0044;342.3862;359.4842;10.8659;-0.0011;0.0029;-0.0044;0.9838;-0.1528;0.0101;0.0929;1;;;;;;;;;;;;;0;0.1898;-0.4189;0.2249;334.7624;54.4700;31.2366;Palm;-0.3976;-0.7213;0.5671;0.2825;-0.4087;0.2281;0.8773;0.3739;-0.2769;0.1180;;;;;;;;;;;;;0;0.3085;-0.4025;0.1423;325.6188;22.6053;319.7199;Palm;1a8de386-fbfc-45ea-bcfc-bc92c9e075e7;1;Exposure;2026-04-01 13:26:00.3934;Hands;;OpenXR
Right;1;Exposure;0;NoMitigation;None;anonymous;Sample;335;0.1495;-0.0012;0.0027;-0.0045;342.4688;359.4661;10.8928;-0.0012;0.0027;-0.0045;0.9839;-0.1521;0.0099;0.0931;1;;;;;;;;;;;;;0;0.1898;-0.4189;0.2249;334.7793;54.4598;31.2573;Palm;-0.3980;-0.7189;0.5699;0.2828;-0.4087;0.2282;0.8782;0.3724;-0.2763;0.1172;;;;;;;;;;;;;0;0.3086;-0.4025;0.1423;325.5864;22.6540;319.7018;Palm;1a8de386-fbfc-45ea-bcfc-bc92c9e075e7;1;Exposure;2026-04-01 13:26:00.4198;Hands;;OpenXR
Right;1;Exposure;0;NoMitigation;None;anonymous;Sample;337;0.1600;-0.0012;0.0027;-0.0045;342.4843;359.4435;10.9198;-0.0012;0.0027;-0.0045;0.9839;-0.1520;0.0097;0.0933;1;;;;;;;;;;;;;0;0.1898;-0.4188;0.2248;334.8009;54.4506;31.2758;Palm;-0.3976;-0.7164;0.5733;0.2831;-0.4086;0.2283;0.8793;0.3711;-0.2751;0.1161;;;;;;;;;;;;;0;0.3087;-0.4026;0.1423;325.5182;22.7104;319.6679;Palm;1a8de386-fbfc-45ea-bcfc-bc92c9e075e7;1;Exposure;2026-04-01 13:26:00.4396;Hands;;OpenXR
Right;1;Exposure;0;NoMitigation;None;anonymous;Sample;340;0.1722;-0.0011;0.0026;-0.0046;342.5066;359.4095;10.9492;-0.0011;0.0026;-0.0046;0.9839;-0.1519;0.0094;0.0935;1;;;;;;;;;;;;;0;0.1900;-0.4188;0.2247;334.8741;54.4393;31.3220;Palm;-0.3954;-0.7119;0.5804;0.2835;-0.4084;0.2284;0.8816;0.3687;-0.2718;0.1137;;;;;;;;;;;;;0;0.3091;-0.4028;0.1421;325.2301;22.9377;319.5263;Palm;1a8de386-fbfc-45ea-bcfc-bc92c9e075e7;1;Exposure;2026-04-01 13:26:00.4640;Hands;;OpenXR
Right;1;Exposure;0;NoMitigation;None;anonymous;Sample;343;0.0000;-0.0009;0.0026;-0.0046;342.5650;359.4077;10.9269;-0.0009;0.0026;-0.0046;0.9840;-0.1514;0.0093;0.0933;0;;;;;;;;;;;;;0;0.1902;-0.4188;0.2245;334.9360;54.4660;31.3447;Palm;-0.3931;-0.7080;0.5867;0.2840;-0.4082;0.2285;0.8837;0.3667;-0.2687;0.1115;;;;;;;;;;;;;0;0.3096;-0.4030;0.1419;324.9745;23.1656;319.3999;Palm;1a8de386-fbfc-45ea-bcfc-bc92c9e075e7;1;Exposure;2026-04-01 13:26:00.4868;Hands;;OpenXR
Right;1;Exposure;0;NoMitigation;None;anonymous;Sample;346;0.0000;-0.0006;0.0025;-0.0046;342.6471;359.4718;10.7884;-0.0006;0.0025;-0.0046;0.9842;-0.1506;0.0096;0.0922;0;;;;;;;;;;;;;0;0.1904;-0.4187;0.2243;334.9767;54.5039;31.3389;Palm;-0.3901;-0.7036;0.5939;0.2848;-0.4080;0.2286;0.8861;0.3645;-0.2649;0.1090;;;;;;;;;;;;;0;0.3103;-0.4034;0.1416;324.7380;23.4636;319.2985;Palm;1a8de386-fbfc-45ea-bcfc-bc92c9e075e7;1;Exposure;2026-04-01 13:26:00.5118;Hands;;OpenXR
Right;1;Exposure;0;NoMitigation;None;anonymous;Sample;349;0.0000;-0.0004;0.0025;-0.0045;342.6548;359.4972;10.7621;-0.0004;0.0025;-0.0045;0.9843;-0.1505;0.0098;0.0920;0;;;;;;;;;;;;;0;0.1905;-0.4187;0.2244;335.0043;54.5528;31.3108;Palm;-0.3861;-0.6991;0.6019;0.2858;-0.4079;0.2286;0.8886;0.3622;-0.2605;0.1062;;;;;;;;;;;;;0;0.3111;-0.4038;0.1413;324.5045;23.8085;319.2066;Palm;1a8de386-fbfc-45ea-bcfc-bc92c9e075e7;1;Exposure;2026-04-01 13:26:00.5361;Hands;;OpenXR
Right;1;Exposure;0;NoMitigation;None;anonymous;Sample;352;0.0000;-0.0002;0.0025;-0.0045;342.6621;359.5317;10.7576;-0.0002;0.0025;-0.0045;0.9843;-0.1504;0.0101;0.0921;0;;;;;;;;;;;;;0;0.1906;-0.4186;0.2243;335.0034;54.6230;31.2540;Palm;-0.3816;-0.6942;0.6102;0.2869;-0.4079;0.2287;0.8913;0.3598;-0.2558;0.1032;;;;;;;;;;;;;0;0.3115;-0.4042;0.1413;324.4363;23.9879;319.1370;Palm;1a8de386-fbfc-45ea-bcfc-bc92c9e075e7;1;Exposure;2026-04-01 13:26:00.5631;Hands;;OpenXR
Right;1;Exposure;0;NoMitigation;None;anonymous;Sample;355;0.0000;0.0000;0.0025;-0.0044;342.7310;359.6045;10.7313;0.0000;0.0025;-0.0044;0.9844;-0.1498;0.0106;0.0919;0;;;;;;;;;;;;;0;0.1907;-0.4185;0.2243;334.9750;54.7443;31.1435;Palm;-0.3788;-0.6910;0.6157;0.2876;-0.4079;0.2288;0.8931;0.3582;-0.2527;0.1014;;;;;;;;;;;;;0;0.3118;-0.4045;0.1413;324.4401;24.0662;319.0983;Palm;1a8de386-fbfc-45ea-bcfc-bc92c9e075e7;1;Exposure;2026-04-01 13:26:00.5860;Hands;;OpenXR
Right;1;Exposure;0;NoMitigation;None;anonymous;Sample;358;0.0000;0.0002;0.0024;-0.0043;342.7971;359.6944;10.6679;0.0002;0.0024;-0.0043;0.9845;-0.1492;0.0113;0.0915;0;;;;;;;;;;;;;0;0.1908;-0.4186;0.2243;334.9470;54.9219;30.9836;Palm;-0.3760;-0.6879;0.6208;0.2883;-0.4081;0.2290;0.8947;0.3566;-0.2498;0.0996;;;;;;;;;;;;;0;0.3121;-0.4049;0.1413;324.4415;24.2507;319.0239;Palm;1a8de386-fbfc-45ea-bcfc-bc92c9e075e7;1;Exposure;2026-04-01 13:26:00.6124;Hands;;OpenXR
Right;1;Exposure;0;NoMitigation;None;anonymous;Sample;361;0.0000;0.0004;0.0023;-0.0042;342.8640;359.7573;10.6280;0.0004;0.0023;-0.0042;0.9846;-0.1485;0.0117;0.0913;0;;;;;;;;;;;;;0;0.1910;-0.4186;0.2240;334.8066;55.1857;30.7383;Palm;-0.3738;-0.6853;0.6250;0.2888;-0.4082;0.2291;0.8960;0.3553;-0.2475;0.0981;;;;;;;;;;;;;0;0.3124;-0.4050;0.1412;324.4423;24.4899;318.9012;Palm;1a8de386-fbfc-45ea-bcfc-bc92c9e075e7;1;Exposure;2026-04-01 13:26:00.6348;Hands;;OpenXR
Right;1;Exposure;0;NoMitigation;None;anonymous;Sample;364;0.0000;0.0007;0.0023;-0.0039;342.9164;359.7831;10.6215;0.0007;0.0023;-0.0039;0.9847;-0.1481;0.0119;0.0913;0;;;;;;;;;;;;;0;0.1911;-0.4186;0.2237;334.6426;55.4667;30.4714;Palm;-0.3713;-0.6825;0.6295;0.2895;-0.4082;0.2292;0.8975;0.3539;-0.2450;0.0966;;;;;;;;;;;;;0;0.3128;-0.4051;0.1411;324.4449;24.7399;318.7726;Palm;1a8de386-fbfc-45ea-bcfc-bc92c9e075e7;1;Exposure;2026-04-01 13:26:00.6608;Hands;;OpenXR
Right;1;Exposure;0;NoMitigation;None;anonymous;Sample;367;0.0000;0.0009;0.0022;-0.0037;343.0393;359.8463;10.5599;0.0009;0.0022;-0.0037;0.9849;-0.1470;0.0122;0.0908;0;;;;;;;;;;;;;0;0.1911;-0.4185;0.2236;334.5717;55.6237;30.3419;Palm;-0.3693;-0.6802;0.6332;0.2901;-0.4083;0.2294;0.8986;0.3527;-0.2429;0.0953;;;;;;;;;;;;;0;0.3129;-0.4054;0.1411;324.5046;24.8719;318.7176;Palm;1a8de386-fbfc-45ea-bcfc-bc92c9e075e7;1;Exposure;2026-04-01 13:26:00.6864;Hands;;OpenXR
Right;1;Exposure;0;NoMitigation;None;anonymous;Sample;370;0.0000;0.0012;0.0021;-0.0035;343.0900;359.8845;10.4844;0.0012;0.0021;-0.0035;0.9850;-0.1465;0.0124;0.0902;0;;;;;;;;;;;;;0;0.1911;-0.4185;0.2237;334.5537;55.7250;30.2556;Palm;-0.3673;-0.6780;0.6367;0.2905;-0.4085;0.2295;0.8997;0.3516;-0.2409;0.0941;;;;;;;;;;;;;0;0.3130;-0.4057;0.1411;324.5275;24.9296;318.6844;Palm;1a8de386-fbfc-45ea-bcfc-bc92c9e075e7;1;Exposure;2026-04-01 13:26:00.7096;Hands;;OpenXR
Right;1;Exposure;0;NoMitigation;None;anonymous;Sample;373;0.0000;0.0013;0.0020;-0.0032;343.1294;359.8934;10.4252;0.0013;0.0020;-0.0032;0.9851;-0.1462;0.0124;0.0897;0;;;;;;;;;;;;;0;0.1913;-0.4186;0.2238;334.5590;55.8012;30.1890;Palm;-0.3651;-0.6754;0.6407;0.2909;-0.4086;0.2296;0.9010;0.3502;-0.2387;0.0928;;;;;;;;;;;;;0;0.3132;-0.4058;0.1409;324.5320;24.9525;318.6598;Palm;1a8de386-fbfc-45ea-bcfc-bc92c9e075e7;1;Exposure;2026-04-01 13:26:00.7356;Hands;;OpenXR
Right;1;Exposure;0;NoMitigation;None;anonymous;Sample;376;0.0000;0.0014;0.0019;-0.0030;343.2287;359.8847;10.4455;0.0014;0.0019;-0.0030;0.9852;-0.1453;0.0123;0.0899;0;;;;;;;;;;;;;0;0.1913;-0.4186;0.2239;334.5822;55.8485;30.1501;Palm;-0.3632;-0.6728;0.6446;0.2913;-0.4086;0.2298;0.9022;0.3488;-0.2367;0.0915;;;;;;;;;;;;;0;0.3133;-0.4058;0.1410;324.5551;24.9594;318.6319;Palm;1a8de386-fbfc-45ea-bcfc-bc92c9e075e7;1;Exposure;2026-04-01 13:26:00.7616;Hands;;OpenXR
Right;1;Exposure;0;NoMitigation;None;anonymous;Sample;379;0.0000;0.0014;0.0018;-0.0027;343.3664;359.8763;10.4792;0.0014;0.0018;-0.0027;0.9854;-0.1441;0.0121;0.0902;0;;;;;;;;;;;;;0;0.1913;-0.4187;0.2241;334.6136;55.8802;30.1284;Palm;-0.3619;-0.6708;0.6474;0.2915;-0.4087;0.2299;0.9030;0.3478;-0.2353;0.0906;;;;;;;;;;;;;0;0.3134;-0.4060;0.1410;324.6362;24.9852;318.5736;Palm;1a8de386-fbfc-45ea-bcfc-bc92c9e075e7;1;Exposure;2026-04-01 13:26:00.7864;Hands;;OpenXR
Right;1;Exposure;0;NoMitigation;None;anonymous;Sample;382;0.0000;0.0013;0.0017;-0.0025;343.3726;359.8436;10.4880;0.0013;0.0017;-0.0025;0.9854;-0.1441;0.0119;0.0902;0;;;;;;;;;;;;;0;0.1913;-0.4188;0.2243;334.6251;55.8961;30.1194;Palm;-0.3615;-0.6693;0.6492;0.2918;-0.4088;0.2300;0.9036;0.3470;-0.2346;0.0901;;;;;;;;;;;;;0;0.3138;-0.4062;0.1410;324.8214;25.0757;318.4572;Palm;1a8de386-fbfc-45ea-bcfc-bc92c9e075e7;1;Exposure;2026-04-01 13:26:00.8113;Hands;;OpenXR
Right;1;Exposure;0;NoMitigation;None;anonymous;Sample;385;0.0000;0.0012;0.0017;-0.0024;343.3734;359.7986;10.4710;0.0012;0.0017;-0.0024;0.9854;-0.1441;0.0115;0.0900;0;;;;;;;;;;;;;0;0.1914;-0.4188;0.2244;334.6374;55.9052;30.1184;Palm;-0.3618;-0.6683;0.6500;0.2922;-0.4092;0.2301;0.9038;0.3464;-0.2346;0.0899;;;;;;;;;;;;;0;0.3143;-0.4066;0.1410;325.0880;25.2012;318.3010;Palm;1a8de386-fbfc-45ea-bcfc-bc92c9e075e7;1;Exposure;2026-04-01 13:26:00.8372;Hands;;OpenXR
Right;1;Exposure;0;NoMitigation;None;anonymous;Sample;388;0.0000;0.0011;0.0017;-0.0022;343.3846;359.7147;10.4965;0.0011;0.0017;-0.0022;0.9854;-0.1441;0.0108;0.0902;0;;;;;;;;;;;;;0;0.1916;-0.4189;0.2244;334.6519;55.9006;30.1335;Palm;-0.3628;-0.6678;0.6499;0.2928;-0.4097;0.2302;0.9038;0.3460;-0.2352;0.0900;;;;;;;;;;;;;0;0.3148;-0.4073;0.1411;325.4470;25.3673;318.1054;Palm;1a8de386-fbfc-45ea-bcfc-bc92c9e075e7;1;Exposure;2026-04-01 13:26:00.8620;Hands;;OpenXR
Right;1;Exposure;0;NoMitigation;None;anonymous;Sample;391;0.0000;0.0011;0.0017;-0.0021;343.3981;359.6544;10.4978;0.0011;0.0017;-0.0021;0.9854;-0.1440;0.0102;0.0901;0;;;;;;;;;;;;;0;0.1918;-0.4191;0.2244;334.6621;55.9064;30.1291;Palm;-0.3636;-0.6674;0.6499;0.2933;-0.4103;0.2302;0.9038;0.3457;-0.2356;0.0901;;;;;;;;;;;;;0;0.3154;-0.4078;0.1409;325.5559;25.5244;317.9974;Palm;1a8de386-fbfc-45ea-bcfc-bc92c9e075e7;1;Exposure;2026-04-01 13:26:00.8859;Hands;;OpenXR
Right;1;Exposure;0;NoMitigation;None;anonymous;Sample;394;0.0000;0.0010;0.0016;-0.0020;343.4502;359.6313;10.4607;0.0010;0.0016;-0.0020;0.9855;-0.1436;0.0099;0.0897;0;;;;;;;;;;;;;0;0.1918;-0.4191;0.2244;334.6615;55.9145;30.1212;Palm;-0.3640;-0.6670;0.6501;0.2939;-0.4109;0.2302;0.9038;0.3455;-0.2358;0.0901;;;;;;;;;;;;;0;0.3157;-0.4082;0.1408;325.6203;25.6158;317.9424;Palm;1a8de386-fbfc-45ea-bcfc-bc92c9e075e7;1;Exposure;2026-04-01 13:26:00.9108;Hands;;OpenXR
Right;1;Exposure;0;NoMitigation;None;anonymous;Sample;397;0.0000;0.0010;0.0016;-0.0019;343.4700;359.6086;10.4484;0.0010;0.0016;-0.0019;0.9855;-0.1435;0.0097;0.0896;0;;;;;;;;;;;;;0;0.1917;-0.4190;0.2243;334.6529;55.9242;30.1107;Palm;-0.3642;-0.6667;0.6502;0.2943;-0.4112;0.2303;0.9039;0.3453;-0.2359;0.0901;;;;;;;;;;;;;0;0.3159;-0.4084;0.1409;325.6645;25.6777;317.9104;Palm;1a8de386-fbfc-45ea-bcfc-bc92c9e075e7;1;Exposure;2026-04-01 13:26:00.9353;Hands;;OpenXR
Right;1;Exposure;0;NoMitigation;None;anonymous;Sample;400;0.0000;0.0009;0.0016;-0.0018;343.5028;359.6056;10.4821;0.0009;0.0016;-0.0018;0.9856;-0.1432;0.0097;0.0899;0;;;;;;;;;;;;;0;0.1916;-0.4188;0.2243;334.6534;55.9392;30.0920;Palm;-0.3641;-0.6666;0.6505;0.2947;-0.4116;0.2303;0.9039;0.3452;-0.2358;0.0900;;;;;;;;;;;;;0;0.3160;-0.4086;0.1409;325.7216;25.7676;317.8904;Palm;1a8de386-fbfc-45ea-bcfc-bc92c9e075e7;1;Exposure;2026-04-01 13:26:00.9595;Hands;;OpenXR
Right;1;Exposure;0;NoMitigation;None;anonymous;Sample;403;0.0000;0.0008;0.0015;-0.0018;343.5259;359.5977;10.5299;0.0008;0.0015;-0.0018;0.9855;-0.1430;0.0097;0.0903;0;;;;;;;;;;;;;0;0.1915;-0.4186;0.2243;334.6677;55.9601;30.0664;Palm;-0.3636;-0.6666;0.6508;0.2951;-0.4119;0.2304;0.9040;0.3452;-0.2354;0.0899;;;;;;;;;;;;;0;0.3162;-0.4088;0.1409;325.7889;25.8597;317.8915;Palm;1a8de386-fbfc-45ea-bcfc-bc92c9e075e7;1;Exposure;2026-04-01 13:26:00.9845;Hands;;OpenXR
Right;1;Exposure;0;NoMitigation;None;anonymous;Sample;406;0.0000;0.0007;0.0016;-0.0017;343.4985;359.5895;10.5724;0.0007;0.0016;-0.0017;0.9855;-0.1432;0.0097;0.0907;0;;;;;;;;;;;;;0;0.1913;-0.4184;0.2242;334.7028;55.9886;30.0345;Palm;-0.3629;-0.6665;0.6512;0.2954;-0.4121;0.2305;0.9042;0.3453;-0.2349;0.0897;;;;;;;;;;;;;0;0.3162;-0.4088;0.1410;325.8210;25.8688;317.9175;Palm;1a8de386-fbfc-45ea-bcfc-bc92c9e075e7;1;Exposure;2026-04-01 13:26:01.0119;Hands;;OpenXR
Right;1;Exposure;0;NoMitigation;None;anonymous;Sample;409;0.0000;0.0007;0.0016;-0.0017;343.4612;359.5979;10.5779;0.0007;0.0016;-0.0017;0.9854;-0.1435;0.0098;0.0907;0;;;;;;;;;;;;;0;0.1913;-0.4183;0.2242;334.7250;56.0117;30.0199;Palm;-0.3623;-0.6665;0.6516;0.2955;-0.4123;0.2305;0.9043;0.3453;-0.2345;0.0895;;;;;;;;;;;;;0;0.3162;-0.4088;0.1411;325.8531;25.8649;317.9526;Palm;1a8de386-fbfc-45ea-bcfc-bc92c9e075e7;1;Exposure;2026-04-01 13:26:01.0353;Hands;;OpenXR
Right;1;Exposure;0;NoMitigation;None;anonymous;Sample;412;0.0000;0.0006;0.0016;-0.0018;343.4065;359.5931;10.5661;0.0006;0.0016;-0.0018;0.9854;-0.1440;0.0098;0.0906;0;;;;;;;;;;;;;0;0.1912;-0.4181;0.2241;334.7481;56.0355;30.0064;Palm;-0.3615;-0.6667;0.6518;0.2957;-0.4124;0.2306;0.9044;0.3454;-0.2340;0.0894;;;;;;;;;;;;;0;0.3162;-0.4089;0.1411;325.8953;25.8539;318.0047;Palm;1a8de386-fbfc-45ea-bcfc-bc92c9e075e7;1;Exposure;2026-04-01 13:26:01.0597;Hands;;OpenXR
Right;1;Exposure;0;NoMitigation;None;anonymous;Sample;415;0.0000;0.0005;0.0016;-0.0018;343.3574;359.5943;10.5898;0.0005;0.0016;-0.0018;0.9853;-0.1444;0.0099;0.0908;0;;;;;;;;;;;;;0;0.1912;-0.4179;0.2241;334.7435;56.0438;29.9841;Palm;-0.3609;-0.6667;0.6521;0.2957;-0.4125;0.2307;0.9045;0.3455;-0.2336;0.0892;;;;;;;;;;;;;0;0.3161;-0.4088;0.1411;325.8957;25.8581;318.0201;Palm;1a8de386-fbfc-45ea-bcfc-bc92c9e075e7;1;Exposure;2026-04-01 13:26:01.0859;Hands;;OpenXR
Right;1;Exposure;0;NoMitigation;None;anonymous;Sample;418;0.0000;0.0003;0.0016;-0.0018;343.3569;359.5676;10.6619;0.0003;0.0016;-0.0018;0.9852;-0.1444;0.0097;0.0914;0;;;;;;;;;;;;;0;0.1913;-0.4179;0.2242;334.7268;56.0487;29.9529;Palm;-0.3604;-0.6666;0.6525;0.2958;-0.4124;0.2307;0.9046;0.3455;-0.2332;0.0891;;;;;;;;;;;;;0;0.3160;-0.4087;0.1410;325.8716;25.8723;318.0125;Palm;1a8de386-fbfc-45ea-bcfc-bc92c9e075e7;1;Exposure;2026-04-01 13:26:01.1104;Hands;;OpenXR
Right;1;Exposure;0;NoMitigation;None;anonymous;Sample;421;0.0000;0.0001;0.0016;-0.0019;343.3630;359.5453;10.6730;0.0001;0.0016;-0.0019;0.9852;-0.1444;0.0095;0.0915;0;;;;;;;;;;;;;0;0.1913;-0.4178;0.2243;334.7002;56.0509;29.9148;Palm;-0.3600;-0.6663;0.6530;0.2957;-0.4123;0.2307;0.9048;0.3454;-0.2329;0.0889;;;;;;;;;;;;;0;0.3159;-0.4086;0.1410;325.8283;25.8938;317.9879;Palm;1a8de386-fbfc-45ea-bcfc-bc92c9e075e7;1;Exposure;2026-04-01 13:26:01.1343;Hands;;OpenXR
Right;1;Exposure;0;NoMitigation;None;anonymous;Sample;424;0.0000;0.0000;0.0016;-0.0019;343.3530;359.5122;10.7068;0.0000;0.0016;-0.0019;0.9852;-0.1445;0.0093;0.0917;0;;;;;;;;;;;;;0;0.1914;-0.4178;0.2244;334.6608;56.0575;29.8371;Palm;-0.3598;-0.6658;0.6537;0.2957;-0.4122;0.2307;0.9050;0.3450;-0.2326;0.0887;;;;;;;;;;;;;0;0.3159;-0.4086;0.1409;325.7979;25.9113;317.9448;Palm;1a8de386-fbfc-45ea-bcfc-bc92c9e075e7;1;Exposure;2026-04-01 13:26:01.1612;Hands;;OpenXR
Right;1;Exposure;0;NoMitigation;None;anonymous;Sample;427;0.0000;-0.0002;0.0015;-0.0018;343.4142;359.4643;10.7827;-0.0002;0.0015;-0.0018;0.9852;-0.1440;0.0089;0.0923;0;;;;;;;;;;;;;0;0.1914;-0.4179;0.2244;334.6083;56.0622;29.7138;Palm;-0.3598;-0.6651;0.6544;0.2957;-0.4121;0.2307;0.9052;0.3447;-0.2324;0.0885;;;;;;;;;;;;;0;0.3159;-0.4086;0.1410;325.7719;25.9052;317.9023;Palm;1a8de386-fbfc-45ea-bcfc-bc92c9e075e7;1;Exposure;2026-04-01 13:26:01.1864;Hands;;OpenXR
Right;1;Exposure;0;NoMitigation;None;anonymous;Sample;430;0.0000;-0.0003;0.0015;-0.0018;343.4216;359.4131;10.7616;-0.0003;0.0015;-0.0018;0.9852;-0.1440;0.0085;0.0921;0;;;;;;;;;;;;;0;0.1913;-0.4179;0.2243;334.5363;56.0520;29.5255;Palm;-0.3602;-0.6641;0.6551;0.2956;-0.4119;0.2307;0.9054;0.3441;-0.2325;0.0883;;;;;;;;;;;;;0;0.3158;-0.4085;0.1411;325.6520;25.8179;317.8349;Palm;1a8de386-fbfc-45ea-bcfc-bc92c9e075e7;1;Exposure;2026-04-01 13:26:01.2102;Hands;;OpenXR
Right;1;Exposure;0;NoMitigation;None;anonymous;Sample;433;0.0000;-0.0004;0.0014;-0.0017;343.4442;359.3751;10.6899;-0.0004;0.0014;-0.0017;0.9853;-0.1438;0.0080;0.0914;0;;;;;;;;;;;;;0;0.1912;-0.4178;0.2242;334.5312;56.0566;29.4938;Palm;-0.3607;-0.6633;0.6557;0.2955;-0.4118;0.2308;0.9056;0.3436;-0.2326;0.0883;;;;;;;;;;;;;0;0.3159;-0.4085;0.1411;325.6189;25.7242;317.8688;Palm;1a8de386-fbfc-45ea-bcfc-bc92c9e075e7;1;Exposure;2026-04-01 13:26:01.2351;Hands;;OpenXR
Right;1;Exposure;0;NoMitigation;None;anonymous;Sample;436;0.0000;-0.0006;0.0014;-0.0016;343.4760;359.3385;10.7376;-0.0006;0.0014;-0.0016;0.9853;-0.1436;0.0078;0.0918;0;;;;;;;;;;;;;0;0.1911;-0.4177;0.2241;334.5283;56.0601;29.4695;Palm;-0.3610;-0.6628;0.6560;0.2954;-0.4118;0.2308;0.9056;0.3433;-0.2328;0.0882;;;;;;;;;;;;;0;0.3160;-0.4086;0.1412;325.5843;25.6108;317.9160;Palm;1a8de386-fbfc-45ea-bcfc-bc92c9e075e7;1;Exposure;2026-04-01 13:26:01.2614;Hands;;OpenXR
Right;1;Exposure;0;NoMitigation;None;anonymous;Sample;439;0.0000;-0.0007;0.0013;-0.0016;343.5450;359.3318;10.7600;-0.0007;0.0013;-0.0016;0.9854;-0.1430;0.0077;0.0920;0;;;;;;;;;;;;;0;0.1911;-0.4176;0.2240;334.4969;56.0859;29.4458;Palm;-0.3611;-0.6623;0.6565;0.2953;-0.4117;0.2309;0.9058;0.3429;-0.2327;0.0881;;;;;;;;;;;;;0;0.3159;-0.4085;0.1413;325.4402;25.5027;317.9619;Palm;1a8de386-fbfc-45ea-bcfc-bc92c9e075e7;1;Exposure;2026-04-01 13:26:01.2863;Hands;;OpenXR
Right;1;Exposure;0;NoMitigation;None;anonymous;Sample;442;0.0000;-0.0008;0.0012;-0.0016;343.5689;359.3482;10.7729;-0.0008;0.0012;-0.0016;0.9854;-0.1428;0.0078;0.0921;0;;;;;;;;;;;;;0;0.1911;-0.4175;0.2239;334.4756;56.1262;29.4281;Palm;-0.3608;-0.6615;0.6574;0.2951;-0.4115;0.2309;0.9061;0.3425;-0.2323;0.0878;;;;;;;;;;;;;0;0.3157;-0.4083;0.1413;325.2543;25.4392;318.0270;Palm;1a8de386-fbfc-45ea-bcfc-bc92c9e075e7;1;Exposure;2026-04-01 13:26:01.3094;Hands;;OpenXR
Right;1;Exposure;0;NoMitigation;None;anonymous;Sample;445;0.0000;-0.0009;0.0012;-0.0016;343.5690;359.3432;10.7887;-0.0009;0.0012;-0.0016;0.9854;-0.1428;0.0078;0.0922;0;;;;;;;;;;;;;0;0.1912;-0.4175;0.2239;334.4606;56.1797;29.4151;Palm;-0.3597;-0.6606;0.6589;0.2950;-0.4112;0.2309;0.9066;0.3421;-0.2313;0.0873;;;;;;;;;;;;;0;0.3156;-0.4081;0.1412;325.0487;25.4151;318.1039;Palm;1a8de386-fbfc-45ea-bcfc-bc92c9e075e7;1;Exposure;2026-04-01 13:26:01.3344;Hands;;OpenXR
Right;1;Exposure;0;NoMitigation;None;anonymous;Sample;448;0.0000;-0.0009;0.0011;-0.0015;343.5925;359.3752;10.8201;-0.0009;0.0011;-0.0015;0.9854;-0.1426;0.0081;0.0925;0;;;;;;;;;;;;;0;0.1913;-0.4176;0.2240;334.4583;56.2784;29.3922;Palm;-0.3585;-0.6596;0.6607;0.2949;-0.4109;0.2309;0.9071;0.3416;-0.2302;0.0867;;;;;;;;;;;;;0;0.3155;-0.4080;0.1412;324.9143;25.4718;318.0714;Palm;1a8de386-fbfc-45ea-bcfc-bc92c9e075e7;1;Exposure;2026-04-01 13:26:01.3602;Hands;;OpenXR
Right;1;Exposure;0;NoMitigation;None;anonymous;Sample;451;0.0000;-0.0009;0.0010;-0.0015;343.6180;359.4092;10.7966;-0.0009;0.0010;-0.0015;0.9855;-0.1423;0.0083;0.0924;0;;;;;;;;;;;;;0;0.1915;-0.4179;0.2243;334.4749;56.3568;29.3802;Palm;-0.3577;-0.6585;0.6621;0.2948;-0.4107;0.2309;0.9075;0.3410;-0.2295;0.0862;;;;;;;;;;;;;0;0.3154;-0.4080;0.1412;324.8632;25.5482;318.0088;Palm;1a8de386-fbfc-45ea-bcfc-bc92c9e075e7;1;Exposure;2026-04-01 13:26:01.3852;Hands;;OpenXR
Right;1;Exposure;0;NoMitigation;None;anonymous;Sample;454;0.0000;-0.0009;0.0010;-0.0015;343.6230;359.4436;10.7763;-0.0009;0.0010;-0.0015;0.9855;-0.1423;0.0086;0.0923;0;;;;;;;;;;;;;0;0.1918;-0.4184;0.2248;334.5112;56.4042;29.3862;Palm;-0.3570;-0.6575;0.6635;0.2948;-0.4105;0.2310;0.9079;0.3405;-0.2288;0.0858;;;;;;;;;;;;;0;0.3154;-0.4079;0.1412;324.8276;25.6582;317.9394;Palm;1a8de386-fbfc-45ea-bcfc-bc92c9e075e7;1;Exposure;2026-04-01 13:26:01.4105;Hands;;OpenXR
Right;1;Exposure;0;NoMitigation;None;anonymous;Sample;457;0.0000;-0.0009;0.0010;-0.0015;343.6151;359.4341;10.8250;-0.0009;0.0010;-0.0015;0.9854;-0.1423;0.0086;0.0927;0;;;;;;;;;;;;;0;0.1919;-0.4186;0.2249;334.6192;56.4579;29.3910;Palm;-0.3567;-0.6568;0.6644;0.2949;-0.4104;0.2310;0.9082;0.3401;-0.2284;0.0855;;;;;;;;;;;;;0;0.3155;-0.4081;0.1412;324.8595;25.6877;317.9040;Palm;1a8de386-fbfc-45ea-bcfc-bc92c9e075e7;1;Exposure;2026-04-01 13:26:01.4364;Hands;;OpenXR
Right;1;Exposure;0;NoMitigation;None;anonymous;Sample;460;0.0000;-0.0009;0.0010;-0.0015;343.6121;359.4121;10.8690;-0.0009;0.0010;-0.0015;0.9854;-0.1424;0.0084;0.0930;0;;;;;;;;;;;;;0;0.1920;-0.4189;0.2250;334.7845;56.5249;29.4030;Palm;-0.3566;-0.6562;0.6650;0.2949;-0.4105;0.2310;0.9084;0.3398;-0.2282;0.0854;;;;;;;;;;;;;0;0.3156;-0.4083;0.1412;324.9154;25.7269;317.8542;Palm;1a8de386-fbfc-45ea-bcfc-bc92c9e075e7;1;Exposure;2026-04-01 13:26:01.4619;Hands;;OpenXR
Right;1;Exposure;0;NoMitigation;None;anonymous;Sample;463;0.0000;-0.0009;0.0010;-0.0015;343.6167;359.4011;10.8082;-0.0009;0.0010;-0.0015;0.9855;-0.1423;0.0083;0.0925;0;;;;;;;;;;;;;0;0.1920;-0.4189;0.2249;334.8045;56.5461;29.4181;Palm;-0.3566;-0.6558;0.6654;0.2950;-0.4105;0.2310;0.9085;0.3395;-0.2281;0.0853;;;;;;;;;;;;;0;0.3156;-0.4083;0.1412;324.9524;25.7350;317.8408;Palm;1a8de386-fbfc-45ea-bcfc-bc92c9e075e7;1;Exposure;2026-04-01 13:26:01.4863;Hands;;OpenXR
Right;1;Exposure;0;NoMitigation;None;anonymous;Sample;466;0.0000;-0.0009;0.0011;-0.0014;343.6242;359.3730;10.7720;-0.0009;0.0011;-0.0014;0.9855;-0.1423;0.0080;0.0921;0;;;;;;;;;;;;;0;0.1919;-0.4188;0.2248;334.8187;56.5651;29.4258;Palm;-0.3566;-0.6555;0.6657;0.2950;-0.4106;0.2310;0.9086;0.3394;-0.2280;0.0852;;;;;;;;;;;;;0;0.3155;-0.4084;0.1412;324.9875;25.7357;317.8358;Palm;1a8de386-fbfc-45ea-bcfc-bc92c9e075e7;1;Exposure;2026-04-01 13:26:01.5096;Hands;;OpenXR
Right;1;Exposure;0;NoMitigation;None;anonymous;Sample;469;0.0000;-0.0009;0.0010;-0.0014;343.6342;359.3480;10.7840;-0.0009;0.0010;-0.0014;0.9855;-0.1422;0.0078;0.0922;0;;;;;;;;;;;;;0;0.1919;-0.4187;0.2247;334.8286;56.5932;29.4192;Palm;-0.3564;-0.6554;0.6659;0.2950;-0.4107;0.2311;0.9087;0.3393;-0.2279;0.0851;;;;;;;;;;;;;0;0.3155;-0.4084;0.1412;325.0097;25.7313;317.8523;Palm;1a8de386-fbfc-45ea-bcfc-bc92c9e075e7;1;Exposure;2026-04-01 13:26:01.5355;Hands;;OpenXR
Right;1;Exposure;0;NoMitigation;None;anonymous;Sample;472;0.0000;-0.0009;0.0010;-0.0014;343.6542;359.3192;10.8022;-0.0009;0.0010;-0.0014;0.9855;-0.1421;0.0075;0.0923;0;;;;;;;;;;;;;0;0.1919;-0.4187;0.2246;334.8242;56.6131;29.4150;Palm;-0.3561;-0.6554;0.6661;0.2951;-0.4107;0.2311;0.9087;0.3393;-0.2276;0.0850;;;;;;;;;;;;;0;0.3157;-0.4084;0.1412;325.0247;25.7415;317.8874;Palm;1a8de386-fbfc-45ea-bcfc-bc92c9e075e7;1;Exposure;2026-04-01 13:26:01.5614;Hands;;OpenXR
Right;1;Exposure;0;NoMitigation;None;anonymous;Sample;475;0.0000;-0.0009;0.0010;-0.0014;343.6458;359.2885;10.8119;-0.0009;0.0010;-0.0014;0.9855;-0.1422;0.0073;0.0924;0;;;;;;;;;;;;;0;0.1920;-0.4188;0.2246;334.7876;56.6140;29.4180;Palm;-0.3556;-0.6557;0.6661;0.2952;-0.4108;0.2311;0.9087;0.3395;-0.2274;0.0849;;;;;;;;;;;;;0;0.3159;-0.4085;0.1411;325.0442;25.7561;317.9456;Palm;1a8de386-fbfc-45ea-bcfc-bc92c9e075e7;1;Exposure;2026-04-01 13:26:01.5847;Hands;;OpenXR
Right;1;Exposure;0;NoMitigation;None;anonymous;Sample;478;0.0000;-0.0008;0.0011;-0.0014;343.6336;359.2674;10.8204;-0.0008;0.0011;-0.0014;0.9855;-0.1423;0.0071;0.0924;0;;;;;;;;;;;;;0;0.1921;-0.4191;0.2246;334.7438;56.6034;29.4083;Palm;-0.3547;-0.6567;0.6655;0.2954;-0.4110;0.2310;0.9086;0.3401;-0.2270;0.0850;;;;;;;;;;;;;0;0.3160;-0.4085;0.1411;325.0855;25.6920;318.1071;Palm;1a8de386-fbfc-45ea-bcfc-bc92c9e075e7;1;Exposure;2026-04-01 13:26:01.6111;Hands;;OpenXR
Right;1;Exposure;0;NoMitigation;None;anonymous;Sample;481;0.0000;-0.0007;0.0012;-0.0014;343.5890;359.2738;10.7937;-0.0007;0.0012;-0.0014;0.9854;-0.1427;0.0072;0.0922;0;;;;;;;;;;;;;0;0.1921;-0.4193;0.2246;334.6284;56.5857;29.4041;Palm;-0.3538;-0.6583;0.6644;0.2955;-0.4111;0.2310;0.9083;0.3411;-0.2268;0.0852;;;;;;;;;;;;;0;0.3160;-0.4084;0.1411;325.1150;25.6122;318.2725;Palm;1a8de386-fbfc-45ea-bcfc-bc92c9e075e7;1;Exposure;2026-04-01 13:26:01.6362;Hands;;OpenXR
Right;1;Exposure;0;NoMitigation;None;anonymous;Sample;484;0.0000;-0.0007;0.0013;-0.0014;343.5314;359.2769;10.7706;-0.0007;0.0013;-0.0014;0.9854;-0.1432;0.0072;0.0920;0;;;;;;;;;;;;;0;0.1921;-0.4192;0.2246;334.4283;56.5568;29.4067;Palm;-0.3532;-0.6602;0.6628;0.2956;-0.4113;0.2310;0.9078;0.3423;-0.2268;0.0855;;;;;;;;;;;;;0;0.3160;-0.4083;0.1411;325.1298;25.5354;318.4106;Palm;1a8de386-fbfc-45ea-bcfc-bc92c9e075e7;1;Exposure;2026-04-01 13:26:01.6609;Hands;;OpenXR
Right;1;Exposure;0;NoMitigation;None;anonymous;Sample;487;0.0000;-0.0007;0.0013;-0.0014;343.4984;359.2950;10.7768;-0.0007;0.0013;-0.0014;0.9853;-0.1434;0.0074;0.0921;0;;;;;;;;;;;;;0;0.1923;-0.4192;0.2247;334.3593;56.5410;29.4044;Palm;-0.3531;-0.6623;0.6608;0.2956;-0.4114;0.2309;0.9072;0.3435;-0.2272;0.0860;;;;;;;;;;;;;0;0.3160;-0.4082;0.1412;325.1727;25.4884;318.4718;Palm;1a8de386-fbfc-45ea-bcfc-bc92c9e075e7;1;Exposure;2026-04-01 13:26:01.6864;Hands;;OpenXR
Right;1;Exposure;0;NoMitigation;None;anonymous;Sample;490;0.0000;-0.0007;0.0013;-0.0015;343.5047;359.3256;10.7752;-0.0007;0.0013;-0.0015;0.9853;-0.1434;0.0077;0.0921;0;;;;;;;;;;;;;0;0.1924;-0.4193;0.2248;334.3170;56.5221;29.3958;Palm;-0.3536;-0.6647;0.6581;0.2955;-0.4116;0.2309;0.9064;0.3448;-0.2281;0.0868;;;;;;;;;;;;;0;0.3161;-0.4081;0.1413;325.2244;25.4406;318.5249;Palm;1a8de386-fbfc-45ea-bcfc-bc92c9e075e7;1;Exposure;2026-04-01 13:26:01.7108;Hands;;OpenXR
Right;1;Exposure;0;NoMitigation;None;anonymous;Sample;493;0.0000;-0.0006;0.0013;-0.0015;343.4991;359.3793;10.7625;-0.0006;0.0013;-0.0015;0.9853;-0.1434;0.0081;0.0920;0;;;;;;;;;;;;;0;0.1924;-0.4193;0.2248;334.2977;56.5004;29.3805;Palm;-0.3544;-0.6668;0.6555;0.2955;-0.4117;0.2309;0.9056;0.3460;-0.2292;0.0876;;;;;;;;;;;;;0;0.3161;-0.4080;0.1415;325.2706;25.4090;318.5495;Palm;1a8de386-fbfc-45ea-bcfc-bc92c9e075e7;1;Exposure;2026-04-01 13:26:01.7351;Hands;;OpenXR
Right;1;Exposure;0;NoMitigation;None;anonymous;Sample;496;0.0000;-0.0006;0.0013;-0.0014;343.4803;359.4161;10.7498;-0.0006;0.0013;-0.0014;0.9853;-0.1435;0.0084;0.0920;0;;;;;;;;;;;;;0;0.1924;-0.4194;0.2248;334.2958;56.4787;29.3757;Palm;-0.3552;-0.6690;0.6529;0.2954;-0.4118;0.2308;0.9048;0.3472;-0.2302;0.0883;;;;;;;;;;;;;0;0.3162;-0.4079;0.1413;325.3394;25.4003;318.6157;Palm;1a8de386-fbfc-45ea-bcfc-bc92c9e075e7;1;Exposure;2026-04-01 13:26:01.7594;Hands;;OpenXR
Right;1;Exposure;0;NoMitigation;None;anonymous;Sample;499;0.0000;-0.0005;0.0013;-0.0014;343.5140;359.4510;10.7618;-0.0005;0.0013;-0.0014;0.9854;-0.1432;0.0087;0.0921;0;;;;;;;;;;;;;0;0.1923;-0.4195;0.2248;334.2980;56.4549;29.3714;Palm;-0.3556;-0.6713;0.6503;0.2955;-0.4120;0.2307;0.9040;0.3485;-0.2311;0.0891;;;;;;;;;;;;;0;0.3163;-0.4079;0.1412;325.4346;25.3944;318.7057;Palm;1a8de386-fbfc-45ea-bcfc-bc92c9e075e7;1;Exposure;2026-04-01 13:26:01.7855;Hands;;OpenXR
Right;1;Exposure;0;NoMitigation;None;anonymous;Sample;502;0.0000;-0.0005;0.0012;-0.0014;343.5851;359.4581;10.7788;-0.0005;0.0012;-0.0014;0.9854;-0.1426;0.0087;0.0923;0;;;;;;;;;;;;;0;0.1924;-0.4194;0.2246;334.2949;56.4464;29.3627;Palm;-0.3561;-0.6733;0.6479;0.2955;-0.4121;0.2307;0.9033;0.3497;-0.2319;0.0898;;;;;;;;;;;;;0;0.3162;-0.4078;0.1413;325.4388;25.3824;318.7354;Palm;1a8de386-fbfc-45ea-bcfc-bc92c9e075e7;1;Exposure;2026-04-01 13:26:01.8104;Hands;;OpenXR
Right;1;Exposure;0;NoMitigation;None;anonymous;Sample;505;0.0000;-0.0005;0.0011;-0.0013;343.5927;359.4615;10.7838;-0.0005;0.0011;-0.0013;0.9854;-0.1425;0.0088;0.0923;0;;;;;;;;;;;;;0;0.1923;-0.4193;0.2245;334.3063;56.4427;29.3482;Palm;-0.3565;-0.6750;0.6459;0.2954;-0.4122;0.2306;0.9027;0.3506;-0.2326;0.0903;;;;;;;;;;;;;0;0.3162;-0.4078;0.1413;325.4295;25.3703;318.7727;Palm;1a8de386-fbfc-45ea-bcfc-bc92c9e075e7;1;Exposure;2026-04-01 13:26:01.8363;Hands;;OpenXR
Right;1;Exposure;0;NoMitigation;None;anonymous;Sample;508;0.0000;-0.0005;0.0010;-0.0014;343.5913;359.4537;10.7596;-0.0005;0.0010;-0.0014;0.9855;-0.1425;0.0087;0.0921;0;;;;;;;;;;;;;0;0.1922;-0.4192;0.2244;334.3294;56.4417;29.3277;Palm;-0.3567;-0.6763;0.6445;0.2955;-0.4122;0.2306;0.9022;0.3513;-0.2330;0.0907;;;;;;;;;;;;;0;0.3163;-0.4077;0.1413;325.4096;25.3561;318.8217;Palm;1a8de386-fbfc-45ea-bcfc-bc92c9e075e7;1;Exposure;2026-04-01 13:26:01.8606;Hands;;OpenXR
Right;1;Exposure;0;NoMitigation;None;anonymous;Sample;511;0.0000;-0.0006;0.0010;-0.0014;343.6030;359.4427;10.7369;-0.0006;0.0010;-0.0014;0.9855;-0.1424;0.0085;0.0919;0;;;;;;;;;;;;;0;0.1922;-0.4191;0.2244;334.3565;56.4432;29.3158;Palm;-0.3566;-0.6774;0.6434;0.2955;-0.4123;0.2305;0.9019;0.3520;-0.2332;0.0910;;;;;;;;;;;;;0;0.3162;-0.4078;0.1413;325.4203;25.3684;318.8899;Palm;1a8de386-fbfc-45ea-bcfc-bc92c9e075e7;1;Exposure;2026-04-01 13:26:01.8846;Hands;;OpenXR
Right;1;Exposure;0;NoMitigation;None;anonymous;Sample;514;0.0000;-0.0006;0.0010;-0.0014;343.6248;359.3978;10.7381;-0.0006;0.0010;-0.0014;0.9855;-0.1423;0.0081;0.0919;0;;;;;;;;;;;;;0;0.1922;-0.4190;0.2244;334.3958;56.4507;29.3063;Palm;-0.3559;-0.6787;0.6424;0.2955;-0.4125;0.2305;0.9016;0.3528;-0.2331;0.0912;;;;;;;;;;;;;0;0.3162;-0.4080;0.1414;325.4596;25.4246;318.9702;Palm;1a8de386-fbfc-45ea-bcfc-bc92c9e075e7;1;Exposure;2026-04-01 13:26:01.9106;Hands;;OpenXR
Right;1;Exposure;0;NoMitigation;None;anonymous;Sample;517;0.0000;-0.0006;0.0009;-0.0014;343.6447;359.3546;10.7940;-0.0006;0.0009;-0.0014;0.9855;-0.1421;0.0078;0.0923;0;;;;;;;;;;;;;0;0.1920;-0.4190;0.2244;334.5086;56.4842;29.2785;Palm;-0.3553;-0.6798;0.6416;0.2956;-0.4126;0.2306;0.9014;0.3535;-0.2329;0.0913;;;;;;;;;;;;;0;0.3162;-0.4081;0.1414;325.4836;25.5029;318.9887;Palm;1a8de386-fbfc-45ea-bcfc-bc92c9e075e7;1;Exposure;2026-04-01 13:26:01.9350;Hands;;OpenXR
Right;1;Exposure;0;NoMitigation;None;anonymous;Sample;520;0.0000;-0.0007;0.0010;-0.0014;343.6245;359.3113;10.8219;-0.0007;0.0010;-0.0014;0.9855;-0.1423;0.0075;0.0925;0;;;;;;;;;;;;;0;0.1919;-0.4190;0.2244;334.6319;56.5250;29.2490;Palm;-0.3547;-0.6807;0.6410;0.2956;-0.4127;0.2306;0.9012;0.3541;-0.2327;0.0914;;;;;;;;;;;;;0;0.3161;-0.4081;0.1414;325.5059;25.5728;318.9889;Palm;1a8de386-fbfc-45ea-bcfc-bc92c9e075e7;1;Exposure;2026-04-01 13:26:01.9594;Hands;;OpenXR
Right;1;Exposure;0;NoMitigation;None;anonymous;Sample;523;0.0000;-0.0007;0.0010;-0.0014;343.6211;359.2919;10.8119;-0.0007;0.0010;-0.0014;0.9855;-0.1424;0.0073;0.0924;0;;;;;;;;;;;;;0;0.1919;-0.4189;0.2243;334.6551;56.5380;29.2427;Palm;-0.3547;-0.6815;0.6401;0.2956;-0.4128;0.2306;0.9009;0.3545;-0.2329;0.0917;;;;;;;;;;;;;0;0.3160;-0.4080;0.1414;325.5229;25.6052;318.9590;Palm;1a8de386-fbfc-45ea-bcfc-bc92c9e075e7;1;Exposure;2026-04-01 13:26:01.9842;Hands;;OpenXR
Right;1;Exposure;0;NoMitigation;None;anonymous;Sample;526;0.0000;-0.0007;0.0010;-0.0015;343.5963;359.2764;10.8024;-0.0007;0.0010;-0.0015;0.9854;-0.1426;0.0072;0.0923;0;;;;;;;;;;;;;0;0.1920;-0.4188;0.2243;334.6775;56.5425;29.2402;Palm;-0.3551;-0.6823;0.6391;0.2955;-0.4128;0.2305;0.9006;0.3549;-0.2334;0.0920;;;;;;;;;;;;;0;0.3158;-0.4079;0.1414;325.5602;25.6367;318.9385;Palm;1a8de386-fbfc-45ea-bcfc-bc92c9e075e7;1;Exposure;2026-04-01 13:26:02.0102;Hands;;OpenXR
Right;1;Exposure;0;NoMitigation;None;anonymous;Sample;529;0.0000;-0.0008;0.0010;-0.0016;343.5543;359.2553;10.8485;-0.0008;0.0010;-0.0016;0.9854;-0.1430;0.0071;0.0926;0;;;;;;;;;;;;;0;0.1920;-0.4188;0.2243;334.6992;56.5380;29.2458;Palm;-0.3556;-0.6830;0.6380;0.2954;-0.4128;0.2305;0.9003;0.3553;-0.2339;0.0923;;;;;;;;;;;;;0;0.3156;-0.4078;0.1414;325.5834;25.6771;318.9131;Palm;1a8de386-fbfc-45ea-bcfc-bc92c9e075e7;1;Exposure;2026-04-01 13:26:02.0340;Hands;;OpenXR
Right;1;Exposure;0;NoMitigation;None;anonymous;Sample;532;0.0000;-0.0008;0.0010;-0.0016;343.5335;359.2530;10.8622;-0.0008;0.0010;-0.0016;0.9853;-0.1432;0.0071;0.0927;0;;;;;;;;;;;;;0;0.1920;-0.4190;0.2243;334.7208;56.5270;29.2577;Palm;-0.3561;-0.6836;0.6371;0.2953;-0.4127;0.2305;0.9000;0.3556;-0.2344;0.0926;;;;;;;;;;;;;0;0.3155;-0.4076;0.1414;325.5932;25.7209;318.8856;Palm;1a8de386-fbfc-45ea-bcfc-bc92c9e075e7;1;Exposure;2026-04-01 13:26:02.0595;Hands;;OpenXR
Right;1;Exposure;0;NoMitigation;None;anonymous;Sample;535;0.0000;-0.0008;0.0010;-0.0015;343.5167;359.2563;10.8489;-0.0008;0.0010;-0.0015;0.9853;-0.1433;0.0072;0.0926;0;;;;;;;;;;;;;0;0.1921;-0.4189;0.2242;334.7333;56.5196;29.2899;Palm;-0.3565;-0.6841;0.6363;0.2953;-0.4127;0.2304;0.8997;0.3559;-0.2349;0.0929;;;;;;;;;;;;;0;0.3156;-0.4076;0.1414;325.6367;25.7655;318.8601;Palm;1a8de386-fbfc-45ea-bcfc-bc92c9e075e7;1;Exposure;2026-04-01 13:26:02.0853;Hands;;OpenXR
Right;1;Exposure;0;NoMitigation;None;anonymous;Sample;538;0.0000;-0.0007;0.0010;-0.0015;343.5598;359.2724;10.8575;-0.0007;0.0010;-0.0015;0.9854;-0.1429;0.0073;0.0927;0;;;;;;;;;;;;;0;0.1921;-0.4187;0.2242;334.7408;56.5169;29.3282;Palm;-0.3569;-0.6845;0.6357;0.2953;-0.4127;0.2304;0.8996;0.3561;-0.2352;0.0931;;;;;;;;;;;;;0;0.3158;-0.4077;0.1413;325.7028;25.8061;318.8406;Palm;1a8de386-fbfc-45ea-bcfc-bc92c9e075e7;1;Exposure;2026-04-01 13:26:02.1103;Hands;;OpenXR
Right;1;Exposure;0;NoMitigation;None;anonymous;Sample;541;0.0000;-0.0007;0.0009;-0.0014;343.6208;359.2628;10.8735;-0.0007;0.0009;-0.0014;0.9854;-0.1424;0.0072;0.0929;0;;;;;;;;;;;;;0;0.1920;-0.4186;0.2243;334.7497;56.5197;29.3518;Palm;-0.3570;-0.6847;0.6354;0.2954;-0.4127;0.2304;0.8994;0.3562;-0.2354;0.0932;;;;;;;;;;;;;0;0.3157;-0.4078;0.1414;325.6996;25.7866;318.8585;Palm;1a8de386-fbfc-45ea-bcfc-bc92c9e075e7;1;Exposure;2026-04-01 13:26:02.1346;Hands;;OpenXR
Right;1;Exposure;0;NoMitigation;None;anonymous;Sample;544;0.0000;-0.0007;0.0009;-0.0013;343.6486;359.2462;10.7570;-0.0007;0.0009;-0.0013;0.9855;-0.1422;0.0068;0.0918;0;;;;;;;;;;;;;0;0.1918;-0.4184;0.2243;334.7743;56.5166;29.3622;Palm;-0.3570;-0.6848;0.6352;0.2954;-0.4128;0.2304;0.8994;0.3563;-0.2354;0.0933;;;;;;;;;;;;;0;0.3158;-0.4079;0.1414;325.6910;25.7404;318.8916;Palm;1a8de386-fbfc-45ea-bcfc-bc92c9e075e7;1;Exposure;2026-04-01 13:26:02.1607;Hands;;OpenXR
Right;1;Exposure;0;NoMitigation;None;anonymous;Sample;547;0.0000;-0.0007;0.0009;-0.0012;343.7199;359.2360;10.7211;-0.0007;0.0009;-0.0012;0.9857;-0.1416;0.0067;0.0915;0;;;;;;;;;;;;;0;0.1916;-0.4181;0.2243;334.8011;56.5130;29.3712;Palm;-0.3569;-0.6849;0.6352;0.2954;-0.4129;0.2304;0.8994;0.3564;-0.2354;0.0933;;;;;;;;;;;;;0;0.3158;-0.4080;0.1415;325.6765;25.6776;318.9353;Palm;1a8de386-fbfc-45ea-bcfc-bc92c9e075e7;1;Exposure;2026-04-01 13:26:02.1853;Hands;;OpenXR
Right;1;Exposure;0;NoMitigation;None;anonymous;Sample;550;0.0000;-0.0007;0.0008;-0.0011;343.8239;359.2285;10.7180;-0.0007;0.0008;-0.0011;0.9858;-0.1407;0.0065;0.0915;0;;;;;;;;;;;;;0;0.1917;-0.4182;0.2243;334.8030;56.5246;29.3565;Palm;-0.3569;-0.6847;0.6354;0.2953;-0.4129;0.2304;0.8995;0.3562;-0.2353;0.0932;;;;;;;;;;;;;0;0.3157;-0.4080;0.1415;325.5620;25.5895;318.9542;Palm;1a8de386-fbfc-45ea-bcfc-bc92c9e075e7;1;Exposure;2026-04-01 13:26:02.2260;Hands;;OpenXR
Right;1;Exposure;0;NoMitigation;None;anonymous;Sample;553;0.0000;-0.0007;0.0005;-0.0009;343.9749;359.2327;10.6749;-0.0007;0.0005;-0.0009;0.9860;-0.1394;0.0064;0.0912;0;;;;;;;;;;;;;0;0.1918;-0.4185;0.2242;334.8035;56.5588;29.3501;Palm;-0.3571;-0.6845;0.6356;0.2952;-0.4129;0.2304;0.8995;0.3561;-0.2354;0.0932;;;;;;;;;;;;;0;0.3158;-0.4081;0.1413;325.4569;25.5343;318.9561;Palm;1a8de386-fbfc-45ea-bcfc-bc92c9e075e7;1;Exposure;2026-04-01 13:26:02.2519;Hands;;OpenXR
Right;1;Exposure;0;NoMitigation;None;anonymous;Sample;556;0.0000;-0.0006;0.0004;-0.0008;344.0575;359.2656;10.6733;-0.0006;0.0004;-0.0008;0.9861;-0.1387;0.0066;0.0912;0;;;;;;;;;;;;;0;0.1918;-0.4185;0.2242;334.7770;56.5728;29.3584;Palm;-0.3575;-0.6843;0.6355;0.2952;-0.4129;0.2303;0.8995;0.3560;-0.2356;0.0933;;;;;;;;;;;;;0;0.3158;-0.4081;0.1413;325.4431;25.5328;318.9088;Palm;1a8de386-fbfc-45ea-bcfc-bc92c9e075e7;1;Exposure;2026-04-01 13:26:02.2763;Hands;;OpenXR
Right;1;Exposure;0;NoMitigation;None;anonymous;Sample;559;0.0000;-0.0006;0.0003;-0.0008;344.1210;359.2942;10.6780;-0.0006;0.0003;-0.0008;0.9862;-0.1381;0.0068;0.0913;0;;;;;;;;;;;;;0;0.1918;-0.4186;0.2242;334.7441;56.5879;29.3683;Palm;-0.3584;-0.6842;0.6352;0.2952;-0.4129;0.2302;0.8994;0.3558;-0.2362;0.0935;;;;;;;;;;;;;0;0.3159;-0.4082;0.1413;325.4275;25.5367;318.8297;Palm;1a8de386-fbfc-45ea-bcfc-bc92c9e075e7;1;Exposure;2026-04-01 13:26:02.3008;Hands;;OpenXR
Right;1;Exposure;0;NoMitigation;None;anonymous;Sample;562;0.0000;-0.0005;0.0002;-0.0007;344.2145;359.3553;10.6490;-0.0005;0.0002;-0.0007;0.9863;-0.1372;0.0072;0.0911;0;;;;;;;;;;;;;0;0.1918;-0.4186;0.2242;334.6901;56.6016;29.3708;Palm;-0.3592;-0.6841;0.6348;0.2952;-0.4130;0.2302;0.8992;0.3557;-0.2368;0.0937;;;;;;;;;;;;;0;0.3160;-0.4084;0.1414;325.4377;25.5601;318.8155;Palm;1a8de386-fbfc-45ea-bcfc-bc92c9e075e7;1;Exposure;2026-04-01 13:26:02.3272;Hands;;OpenXR
Right;1;Exposure;0;NoMitigation;None;anonymous;Sample;565;0.0000;-0.0004;0.0002;-0.0007;344.2834;359.4377;10.5984;-0.0004;0.0002;-0.0007;0.9864;-0.1366;0.0078;0.0908;0;;;;;;;;;;;;;0;0.1918;-0.4187;0.2243;334.6430;56.6036;29.3830;Palm;-0.3597;-0.6842;0.6344;0.2952;-0.4131;0.2302;0.8991;0.3558;-0.2372;0.0939;;;;;;;;;;;;;0;0.3162;-0.4085;0.1415;325.4606;25.5708;318.8044;Palm;1a8de386-fbfc-45ea-bcfc-bc92c9e075e7;1;Exposure;2026-04-01 13:26:02.3516;Hands;;OpenXR
Right;1;Exposure;0;NoMitigation;None;anonymous;Sample;568;0.0000;-0.0002;0.0001;-0.0007;344.3492;359.5057;10.6567;-0.0002;0.0001;-0.0007;0.9865;-0.1360;0.0084;0.0914;0;;;;;;;;;;;;;0;0.1918;-0.4188;0.2244;334.6126;56.5947;29.4008;Palm;-0.3603;-0.6845;0.6338;0.2954;-0.4133;0.2303;0.8989;0.3559;-0.2376;0.0941;;;;;;;;;;;;;0;0.3164;-0.4087;0.1415;325.4924;25.5732;318.7961;Palm;1a8de386-fbfc-45ea-bcfc-bc92c9e075e7;1;Exposure;2026-04-01 13:26:02.3764;Hands;;OpenXR
Right;1;Exposure;0;NoMitigation;None;anonymous;Sample;571;0.0000;0.0000;0.0001;-0.0007;344.3777;359.5841;10.6487;0.0000;0.0001;-0.0007;0.9865;-0.1357;0.0090;0.0914;0;;;;;;;;;;;;;0;0.1920;-0.4191;0.2245;334.5790;56.5901;29.4151;Palm;-0.3608;-0.6849;0.6331;0.2955;-0.4135;0.2303;0.8987;0.3560;-0.2381;0.0943;;;;;;;;;;;;;0;0.3166;-0.4090;0.1416;325.5278;25.5576;318.8123;Palm;1a8de386-fbfc-45ea-bcfc-bc92c9e075e7;1;Exposure;2026-04-01 13:26:02.4007;Hands;;OpenXR
Right;1;Exposure;0;NoMitigation;None;anonymous;Sample;574;0.0000;0.0003;0.0001;-0.0007;344.4062;359.7112;10.5410;0.0003;0.0001;-0.0007;0.9866;-0.1353;0.0100;0.0907;0;;;;;;;;;;;;;0;0.1923;-0.4196;0.2247;334.5529;56.5825;29.4285;Palm;-0.3612;-0.6854;0.6323;0.2957;-0.4138;0.2303;0.8984;0.3563;-0.2385;0.0946;;;;;;;;;;;;;0;0.3168;-0.4093;0.1416;325.5632;25.5362;318.8381;Palm;1a8de386-fbfc-45ea-bcfc-bc92c9e075e7;1;Exposure;2026-04-01 13:26:02.4266;Hands;;OpenXR
Right;1;Exposure;0;NoMitigation;None;anonymous;Sample;577;0.0000;0.0005;0.0001;-0.0007;344.3950;359.8208;10.4764;0.0005;0.0001;-0.0007;0.9866;-0.1353;0.0109;0.0902;0;;;;;;;;;;;;;0;0.1923;-0.4198;0.2247;334.5486;56.5600;29.4467;Palm;-0.3614;-0.6858;0.6317;0.2958;-0.4140;0.2303;0.8983;0.3566;-0.2388;0.0948;;;;;;;;;;;;;0;0.3169;-0.4093;0.1416;325.5909;25.5294;318.8483;Palm;1a8de386-fbfc-45ea-bcfc-bc92c9e075e7;1;Exposure;2026-04-01 13:26:02.4521;Hands;;OpenXR
Right;1;Exposure;0;NoMitigation;None;anonymous;Sample;580;0.0000;0.0007;0.0001;-0.0007;344.3862;359.8958;10.4653;0.0007;0.0001;-0.0007;0.9866;-0.1354;0.0115;0.0902;0;;;;;;;;;;;;;0;0.1924;-0.4199;0.2248;334.5786;56.5323;29.4745;Palm;-0.3614;-0.6861;0.6314;0.2960;-0.4141;0.2304;0.8982;0.3567;-0.2389;0.0949;;;;;;;;;;;;;0;0.3169;-0.4095;0.1418;325.6102;25.5222;318.8651;Palm;1a8de386-fbfc-45ea-bcfc-bc92c9e075e7;1;Exposure;2026-04-01 13:26:02.4769;Hands;;OpenXR
Right;1;Exposure;0;NoMitigation;None;anonymous;Sample;583;0.0000;0.0009;0.0001;-0.0008;344.3932;359.9297;10.4714;0.0009;0.0001;-0.0008;0.9866;-0.1353;0.0118;0.0903;0;;;;;;;;;;;;;0;0.1925;-0.4201;0.2249;334.6301;56.4906;29.5150;Palm;-0.3613;-0.6862;0.6314;0.2960;-0.4143;0.2306;0.8982;0.3568;-0.2388;0.0949;;;;;;;;;;;;;0;0.3169;-0.4096;0.1421;325.6322;25.5143;318.8864;Palm;1a8de386-fbfc-45ea-bcfc-bc92c9e075e7;1;Exposure;2026-04-01 13:26:02.5008;Hands;;OpenXR
Right;1;Exposure;0;NoMitigation;None;anonymous;Sample;586;0.0000;0.0011;0.0001;-0.0008;344.4123;359.9661;10.4484;0.0011;0.0001;-0.0008;0.9867;-0.1351;0.0121;0.0902;0;;;;;;;;;;;;;0;0.1925;-0.4202;0.2249;334.7288;56.4715;29.5426;Palm;-0.3609;-0.6861;0.6317;0.2961;-0.4143;0.2307;0.8983;0.3567;-0.2385;0.0947;;;;;;;;;;;;;0;0.3170;-0.4095;0.1421;325.6082;25.5396;318.8857;Palm;1a8de386-fbfc-45ea-bcfc-bc92c9e075e7;1;Exposure;2026-04-01 13:26:02.5268;Hands;;OpenXR
Right;1;Exposure;0;NoMitigation;None;anonymous;Sample;589;0.0000;0.0012;0.0000;-0.0009;344.4477;359.9906;10.4100;0.0012;0.0000;-0.0009;0.9867;-0.1348;0.0122;0.0899;0;;;;;;;;;;;;;0;0.1926;-0.4202;0.2248;334.8405;56.4339;29.5856;Palm;-0.3605;-0.6859;0.6321;0.2961;-0.4143;0.2308;0.8984;0.3567;-0.2382;0.0946;;;;;;;;;;;;;0;0.3169;-0.4095;0.1422;325.5872;25.5632;318.8845;Palm;1a8de386-fbfc-45ea-bcfc-bc92c9e075e7;1;Exposure;2026-04-01 13:26:02.5506;Hands;;OpenXR
Right;1;Exposure;0;NoMitigation;None;anonymous;Sample;592;0.0000;0.0013;0.0001;-0.0009;344.4330;-0.0048;10.3683;0.0013;0.0001;-0.0009;0.9867;-0.1349;0.0122;0.0895;0;;;;;;;;;;;;;0;0.1927;-0.4202;0.2248;334.9449;56.3877;29.6331;Palm;-0.3602;-0.6858;0.6325;0.2961;-0.4144;0.2310;0.8985;0.3566;-0.2379;0.0944;;;;;;;;;;;;;0;0.3168;-0.4095;0.1423;325.5689;25.5847;318.8828;Palm;1a8de386-fbfc-45ea-bcfc-bc92c9e075e7;1;Exposure;2026-04-01 13:26:02.5769;Hands;;OpenXR
Right;1;Exposure;0;NoMitigation;None;anonymous;Sample;595;0.0000;0.0014;0.0001;-0.0009;344.4064;359.9677;10.3435;0.0014;0.0001;-0.0009;0.9867;-0.1351;0.0120;0.0893;0;;;;;;;;;;;;;0;0.1927;-0.4201;0.2248;334.9877;56.3589;29.6573;Palm;-0.3599;-0.6857;0.6327;0.2961;-0.4144;0.2311;0.8986;0.3566;-0.2377;0.0943;;;;;;;;;;;;;0;0.3168;-0.4097;0.1425;325.5380;25.6193;318.8592;Palm;1a8de386-fbfc-45ea-bcfc-bc92c9e075e7;1;Exposure;2026-04-01 13:26:02.6013;Hands;;OpenXR
Right;1;Exposure;0;NoMitigation;None;anonymous;Sample;598;0.0000;0.0015;0.0001;-0.0010;344.4405;359.9524;10.3151;0.0015;0.0001;-0.0010;0.9868;-0.1349;0.0118;0.0890;0;;;;;;;;;;;;;0;0.1927;-0.4201;0.2247;334.9854;56.3396;29.6690;Palm;-0.3599;-0.6855;0.6329;0.2961;-0.4145;0.2312;0.8987;0.3565;-0.2376;0.0943;;;;;;;;;;;;;0;0.3168;-0.4099;0.1425;325.4828;25.6584;318.8116;Palm;1a8de386-fbfc-45ea-bcfc-bc92c9e075e7;1;Exposure;2026-04-01 13:26:02.6273;Hands;;OpenXR
Right;1;Exposure;0;NoMitigation;None;anonymous;Sample;601;0.0000;0.0016;0.0000;-0.0010;344.5321;0.0085;10.2429;0.0016;0.0000;-0.0010;0.9869;-0.1340;0.0121;0.0885;0;;;;;;;;;;;;;0;0.1926;-0.4201;0.2245;334.9620;56.3194;29.6824;Palm;-0.3602;-0.6852;0.6331;0.2960;-0.4145;0.2312;0.8987;0.3563;-0.2378;0.0943;;;;;;;;;;;;;0;0.3167;-0.4098;0.1425;325.4142;25.6461;318.7679;Palm;1a8de386-fbfc-45ea-bcfc-bc92c9e075e7;1;Exposure;2026-04-01 13:26:02.6510;Hands;;OpenXR
Right;1;Exposure;0;NoMitigation;None;anonymous;Sample;604;0.0000;0.0018;-0.0002;-0.0010;344.6698;0.1805;10.0826;0.0018;-0.0002;-0.0010;0.9872;-0.1327;0.0133;0.0873;0;;;;;;;;;;;;;0;0.1925;-0.4201;0.2244;334.9343;56.3036;29.7015;Palm;-0.3608;-0.6848;0.6331;0.2958;-0.4144;0.2312;0.8987;0.3560;-0.2381;0.0943;;;;;;;;;;;;;0;0.3165;-0.4096;0.1424;325.3415;25.6243;318.7222;Palm;1a8de386-fbfc-45ea-bcfc-bc92c9e075e7;1;Exposure;2026-04-01 13:26:02.6763;Hands;;OpenXR
Right;1;Exposure;0;NoMitigation;None;anonymous;Sample;607;0.0000;0.0023;-0.0004;-0.0010;344.9012;0.4791;9.8595;0.0023;-0.0004;-0.0010;0.9876;-0.1305;0.0154;0.0857;0;;;;;;;;;;;;;0;0.1926;-0.4200;0.2244;334.9052;56.2996;29.7338;Palm;-0.3614;-0.6847;0.6329;0.2957;-0.4143;0.2311;0.8986;0.3559;-0.2385;0.0945;;;;;;;;;;;;;0;0.3165;-0.4096;0.1424;325.3228;25.6081;318.7115;Palm;1a8de386-fbfc-45ea-bcfc-bc92c9e075e7;1;Exposure;2026-04-01 13:26:02.7019;Hands;;OpenXR
Right;1;Exposure;0;NoMitigation;None;anonymous;Sample;610;0.0000;0.0036;-0.0012;-0.0007;345.3541;1.0669;9.4144;0.0036;-0.0012;-0.0007;0.9884;-0.1263;0.0197;0.0826;0;;;;;;;;;;;;;0;0.1924;-0.4201;0.2244;334.8829;56.2857;29.7577;Palm;-0.3620;-0.6848;0.6325;0.2955;-0.4143;0.2311;0.8985;0.3559;-0.2389;0.0946;;;;;;;;;;;;;0;0.3164;-0.4095;0.1424;325.3194;25.5657;318.7181;Palm;1a8de386-fbfc-45ea-bcfc-bc92c9e075e7;1;Exposure;2026-04-01 13:26:02.7267;Hands;;OpenXR
Right;1;Exposure;0;NoMitigation;None;anonymous;Sample;613;0.0000;0.0051;-0.0023;-0.0005;346.2356;2.0940;8.8515;0.0051;-0.0023;-0.0005;0.9895;-0.1181;0.0273;0.0788;0;;;;;;;;;;;;;0;0.1923;-0.4201;0.2244;334.8608;56.2648;29.7841;Palm;-0.3625;-0.6847;0.6322;0.2954;-0.4142;0.2311;0.8984;0.3559;-0.2393;0.0948;;;;;;;;;;;;;0;0.3164;-0.4095;0.1423;325.3003;25.5419;318.7072;Palm;1a8de386-fbfc-45ea-bcfc-bc92c9e075e7;1;Exposure;2026-04-01 13:26:02.7515;Hands;;OpenXR
Right;1;Exposure;0;NoMitigation;None;anonymous;Sample;616;0.0000;0.0071;-0.0038;-0.0004;347.3641;3.3680;8.3158;0.0071;-0.0038;-0.0004;0.9906;-0.1076;0.0371;0.0753;0;;;;;;;;;;;;;0;0.1923;-0.4201;0.2245;334.8386;56.2388;29.8125;Palm;-0.3628;-0.6845;0.6324;0.2954;-0.4141;0.2310;0.8985;0.3557;-0.2394;0.0948;;;;;;;;;;;;;0;0.3164;-0.4093;0.1422;325.2727;25.5238;318.6961;Palm;1a8de386-fbfc-45ea-bcfc-bc92c9e075e7;1;Exposure;2026-04-01 13:26:02.7768;Hands;;OpenXR
Right;1;Exposure;0;NoMitigation;None;anonymous;Sample;619;0.0000;0.0090;-0.0048;-0.0001;348.2998;4.6967;7.7451;0.0090;-0.0048;-0.0001;0.9914;-0.0989;0.0475;0.0713;0;;;;;;;;;;;;;0;0.1923;-0.4202;0.2245;334.8063;56.2133;29.8389;Palm;-0.3627;-0.6840;0.6329;0.2953;-0.4139;0.2309;0.8986;0.3554;-0.2392;0.0946;;;;;;;;;;;;;0;0.3164;-0.4092;0.1420;325.2477;25.4887;318.7136;Palm;1a8de386-fbfc-45ea-bcfc-bc92c9e075e7;1;Exposure;2026-04-01 13:26:02.8017;Hands;;OpenXR
Right;1;Exposure;0;NoMitigation;None;anonymous;Sample;622;0.0000;0.0112;-0.0059;0.0001;349.1798;6.0021;7.1272;0.0112;-0.0059;0.0001;0.9920;-0.0907;0.0579;0.0667;0;;;;;;;;;;;;;0;0.1923;-0.4203;0.2245;334.7691;56.1807;29.8734;Palm;-0.3623;-0.6834;0.6338;0.2953;-0.4138;0.2308;0.8989;0.3551;-0.2388;0.0943;;;;;;;;;;;;;0;0.3163;-0.4091;0.1419;325.2254;25.4566;318.7366;Palm;1a8de386-fbfc-45ea-bcfc-bc92c9e075e7;1;Exposure;2026-04-01 13:26:02.8271;Hands;;OpenXR
Right;1;Exposure;0;NoMitigation;None;anonymous;Sample;625;0.0000;0.0134;-0.0071;0.0003;350.2321;7.3795;6.6158;0.0134;-0.0071;0.0003;0.9923;-0.0811;0.0689;0.0628;0;;;;;;;;;;;;;0;0.1922;-0.4204;0.2245;334.7209;56.1145;29.9475;Palm;-0.3617;-0.6827;0.6349;0.2952;-0.4136;0.2307;0.8992;0.3547;-0.2382;0.0939;;;;;;;;;;;;;0;0.3162;-0.4090;0.1419;325.2074;25.4330;318.7674;Palm;1a8de386-fbfc-45ea-bcfc-bc92c9e075e7;1;Exposure;2026-04-01 13:26:02.8505;Hands;;OpenXR
Right;1;Exposure;0;NoMitigation;None;anonymous;Sample;628;0.0000;0.0155;-0.0080;0.0005;351.0440;8.5349;6.0790;0.0155;-0.0080;0.0005;0.9925;-0.0738;0.0782;0.0585;0;;;;;;;;;;;;;0;0.1920;-0.4203;0.2245;334.6357;56.0660;30.0349;Palm;-0.3609;-0.6820;0.6361;0.2951;-0.4135;0.2307;0.8996;0.3544;-0.2374;0.0935;;;;;;;;;;;;;0;0.3161;-0.4091;0.1419;325.2000;25.4210;318.7961;Palm;1a8de386-fbfc-45ea-bcfc-bc92c9e075e7;1;Exposure;2026-04-01 13:26:02.8768;Hands;;OpenXR
Right;1;Exposure;0;NoMitigation;None;anonymous;Sample;631;0.0000;0.0175;-0.0086;0.0010;351.5952;9.5182;5.5219;0.0175;-0.0086;0.0010;0.9924;-0.0690;0.0862;0.0539;0;;;;;;;;;;;;;0;0.1919;-0.4202;0.2245;334.5396;56.0157;30.1316;Palm;-0.3598;-0.6812;0.6375;0.2951;-0.4135;0.2308;0.9001;0.3540;-0.2365;0.0930;;;;;;;;;;;;;0;0.3160;-0.4091;0.1420;325.1950;25.4108;318.8285;Palm;1a8de386-fbfc-45ea-bcfc-bc92c9e075e7;1;Exposure;2026-04-01 13:26:02.9013;Hands;;OpenXR
Right;1;Exposure;0;NoMitigation;None;anonymous;Sample;634;0.0000;0.0191;-0.0095;0.0012;352.1744;10.2405;5.0758;0.0191;-0.0095;0.0012;0.9924;-0.0640;0.0920;0.0501;0;;;;;;;;;;;;;0;0.1916;-0.4201;0.2244;334.5249;55.9878;30.2008;Palm;-0.3589;-0.6807;0.6387;0.2949;-0.4134;0.2309;0.9004;0.3537;-0.2357;0.0926;;;;;;;;;;;;;0;0.3157;-0.4090;0.1420;325.1807;25.3961;318.8499;Palm;1a8de386-fbfc-45ea-bcfc-bc92c9e075e7;1;Exposure;2026-04-01 13:26:02.9267;Hands;;OpenXR
Right;1;Exposure;0;NoMitigation;None;anonymous;Sample;637;0.0000;0.0205;-0.0104;0.0013;352.8628;10.8029;4.7270;0.0205;-0.0104;0.0013;0.9925;-0.0580;0.0964;0.0468;0;;;;;;;;;;;;;0;0.1914;-0.4200;0.2244;334.5396;55.9446;30.3170;Palm;-0.3581;-0.6803;0.6395;0.2946;-0.4133;0.2308;0.9007;0.3536;-0.2350;0.0923;;;;;;;;;;;;;0;0.3151;-0.4087;0.1417;325.2063;25.4003;318.8644;Palm;1a8de386-fbfc-45ea-bcfc-bc92c9e075e7;1;Exposure;2026-04-01 13:26:02.9516;Hands;;OpenXR
Right;1;Exposure;0;NoMitigation;None;anonymous;Sample;640;0.0000;0.0216;-0.0107;0.0016;353.4065;11.1333;4.4741;0.0216;-0.0107;0.0016;0.9927;-0.0534;0.0990;0.0444;0;;;;;;;;;;;;;0;0.1911;-0.4197;0.2244;334.5895;55.8691;30.5301;Palm;-0.3572;-0.6799;0.6405;0.2942;-0.4130;0.2307;0.9010;0.3534;-0.2343;0.0919;;;;;;;;;;;;;0;0.3144;-0.4080;0.1413;325.2823;25.4253;318.8777;Palm;1a8de386-fbfc-45ea-bcfc-bc92c9e075e7;1;Exposure;2026-04-01 13:26:02.9764;Hands;;OpenXR
Right;1;Exposure;0;NoMitigation;None;anonymous;Sample;643;0.0000;0.0225;-0.0113;0.0018;353.8038;11.2972;4.2133;0.0225;-0.0113;0.0018;0.9928;-0.0501;0.1002;0.0418;0;;;;;;;;;;;;;0;0.1909;-0.4195;0.2244;334.7017;55.7844;30.7617;Palm;-0.3563;-0.6798;0.6410;0.2936;-0.4124;0.2302;0.9012;0.3534;-0.2337;0.0916;;;;;;;;;;;;;0;0.3136;-0.4065;0.1402;325.4302;25.5035;318.8859;Palm;1a8de386-fbfc-45ea-bcfc-bc92c9e075e7;1;Exposure;2026-04-01 13:26:03.0004;Hands;;OpenXR
Right;1;Exposure;0;NoMitigation;None;anonymous;Sample;646;0.0000;0.0231;-0.0120;0.0021;354.2675;11.2901;4.0653;0.0231;-0.0120;0.0021;0.9931;-0.0462;0.0999;0.0402;0;;;;;;;;;;;;;0;0.1908;-0.4196;0.2244;334.8554;55.7077;30.9949;Palm;-0.3557;-0.6806;0.6406;0.2931;-0.4114;0.2294;0.9010;0.3539;-0.2334;0.0917;;;;;;;;;;;;;0;0.3129;-0.4050;0.1391;325.7348;25.6528;318.8877;Palm;1a8de386-fbfc-45ea-bcfc-bc92c9e075e7;1;Exposure;2026-04-01 13:26:03.0267;Hands;;OpenXR
Right;1;Exposure;0;NoMitigation;None;anonymous;Sample;649;0.0000;0.0236;-0.0123;0.0026;354.8059;11.1613;4.0662;0.0236;-0.0123;0.0026;0.9935;-0.0416;0.0987;0.0397;0;;;;;;;;;;;;;0;0.1906;-0.4196;0.2245;335.0255;55.6518;31.2282;Palm;-0.3553;-0.6829;0.6383;0.2927;-0.4110;0.2289;0.9003;0.3553;-0.2337;0.0922;;;;;;;;;;;;;0;0.3125;-0.4045;0.1389;326.4099;25.9252;318.8943;Palm;1a8de386-fbfc-45ea-bcfc-bc92c9e075e7;1;Exposure;2026-04-01 13:26:03.0510;Hands;;OpenXR
Right;1;Exposure;0;NoMitigation;None;anonymous;Sample;652;0.0000;0.0239;-0.0126;0.0032;355.0206;10.8941;3.9279;0.0239;-0.0126;0.0032;0.9938;-0.0400;0.0963;0.0382;0;;;;;;;;;;;;;0;0.1904;-0.4194;0.2242;335.1431;55.6974;31.4255;Palm;-0.3539;-0.6855;0.6362;0.2927;-0.4109;0.2285;0.8997;0.3569;-0.2334;0.0926;;;;;;;;;;;;;0;0.3127;-0.4045;0.1387;326.8183;26.1248;319.0298;Palm;1a8de386-fbfc-45ea-bcfc-bc92c9e075e7;1;Exposure;2026-04-01 13:26:03.0761;Hands;;OpenXR
Right;1;Exposure;0;NoMitigation;None;anonymous;Sample;655;0.0000;0.0239;-0.0129;0.0037;355.2044;10.4792;3.8046;0.0239;-0.0129;0.0037;0.9943;-0.0386;0.0926;0.0368;0;;;;;;;;;;;;;0;0.1902;-0.4191;0.2239;335.2632;55.7525;31.6170;Palm;-0.3516;-0.6879;0.6350;0.2930;-0.4111;0.2283;0.8994;0.3585;-0.2324;0.0926;;;;;;;;;;;;;0;0.3129;-0.4045;0.1384;327.1662;26.2969;319.1418;Palm;1a8de386-fbfc-45ea-bcfc-bc92c9e075e7;1;Exposure;2026-04-01 13:26:03.1005;Hands;;OpenXR
Right;1;Exposure;0;NoMitigation;None;anonymous;Sample;658;0.0000;0.0238;-0.0133;0.0041;355.5190;10.0180;3.7495;0.0238;-0.0133;0.0041;0.9948;-0.0361;0.0885;0.0360;0;;;;;;;;;;;;;0;0.1903;-0.4193;0.2239;335.5903;55.7276;31.9791;Palm;-0.3497;-0.6898;0.6339;0.2930;-0.4112;0.2281;0.8991;0.3597;-0.2316;0.0926;;;;;;;;;;;;;0;0.3125;-0.4041;0.1384;327.2698;26.2668;319.2264;Palm;1a8de386-fbfc-45ea-bcfc-bc92c9e075e7;1;Exposure;2026-04-01 13:26:03.1269;Hands;;OpenXR
Right;1;Exposure;0;NoMitigation;None;anonymous;Sample;661;0.0000;0.0234;-0.0136;0.0046;355.7739;9.4769;3.7421;0.0234;-0.0136;0.0046;0.9953;-0.0340;0.0837;0.0356;0;;;;;;;;;;;;;0;0.1903;-0.4194;0.2240;335.8458;55.6735;32.3474;Palm;-0.3481;-0.6907;0.6339;0.2930;-0.4112;0.2281;0.8991;0.3604;-0.2306;0.0924;;;;;;;;;;;;;0;0.3123;-0.4038;0.1385;327.3206;26.2303;319.2709;Palm;1a8de386-fbfc-45ea-bcfc-bc92c9e075e7;1;Exposure;2026-04-01 13:26:03.1517;Hands;;OpenXR
Right;1;Exposure;0;NoMitigation;None;anonymous;Sample;664;0.0000;0.0231;-0.0138;0.0050;355.9179;8.9486;3.7226;0.0231;-0.0138;0.0050;0.9957;-0.0330;0.0791;0.0351;0;;;;;;;;;;;;;0;0.1903;-0.4193;0.2242;336.0392;55.6132;32.6802;Palm;-0.3462;-0.6904;0.6352;0.2929;-0.4110;0.2282;0.8995;0.3604;-0.2292;0.0918;;;;;;;;;;;;;0;0.3122;-0.4037;0.1385;327.3622;26.1748;319.3108;Palm;1a8de386-fbfc-45ea-bcfc-bc92c9e075e7;1;Exposure;2026-04-01 13:26:03.1771;Hands;;OpenXR
Right;1;Exposure;0;NoMitigation;None;anonymous;Sample;667;0.0000;0.0227;-0.0140;0.0054;356.0759;8.4698;3.7060;0.0227;-0.0140;0.0054;0.9961;-0.0317;0.0749;0.0348;0;;;;;;;;;;;;;0;0.1903;-0.4193;0.2242;336.1974;55.5704;32.9509;Palm;-0.3447;-0.6899;0.6366;0.2929;-0.4109;0.2283;0.9000;0.3602;-0.2281;0.0913;;;;;;;;;;;;;0;0.3121;-0.4036;0.1386;327.3933;26.1234;319.3408;Palm;1a8de386-fbfc-45ea-bcfc-bc92c9e075e7;1;Exposure;2026-04-01 13:26:03.2020;Hands;;OpenXR
Right;1;Exposure;0;NoMitigation;None;anonymous;Sample;670;0.0000;0.0224;-0.0143;0.0056;356.2813;8.0136;3.7376;0.0224;-0.0143;0.0056;0.9964;-0.0301;0.0709;0.0348;0;;;;;;;;;;;;;0;0.1902;-0.4192;0.2242;336.3271;55.5492;33.1626;Palm;-0.3434;-0.6891;0.6381;0.2928;-0.4108;0.2284;0.9005;0.3598;-0.2269;0.0907;;;;;;;;;;;;;0;0.3121;-0.4035;0.1387;327.4204;26.0644;319.3607;Palm;1a8de386-fbfc-45ea-bcfc-bc92c9e075e7;1;Exposure;2026-04-01 13:26:03.2275;Hands;;OpenXR
Right;1;Exposure;0;NoMitigation;None;anonymous;Sample;673;0.0000;0.0220;-0.0146;0.0057;356.5203;7.6414;3.7136;0.0220;-0.0146;0.0057;0.9967;-0.0281;0.0676;0.0343;0;;;;;;;;;;;;;0;0.1902;-0.4191;0.2241;336.3858;55.5648;33.2421;Palm;-0.3422;-0.6875;0.6406;0.2928;-0.4107;0.2286;0.9012;0.3589;-0.2256;0.0899;;;;;;;;;;;;;0;0.3121;-0.4037;0.1389;327.4134;25.9978;319.3228;Palm;1a8de386-fbfc-45ea-bcfc-bc92c9e075e7;1;Exposure;2026-04-01 13:26:03.2520;Hands;;OpenXR
Right;1;Exposure;0;NoMitigation;None;anonymous;Sample;676;0.0000;0.0216;-0.0148;0.0058;356.7101;7.3396;3.6359;0.0216;-0.0148;0.0058;0.9970;-0.0266;0.0649;0.0335;0;;;;;;;;;;;;;0;0.1902;-0.4189;0.2242;336.4015;55.5444;33.2724;Palm;-0.3402;-0.6848;0.6445;0.2930;-0.4109;0.2291;0.9024;0.3575;-0.2236;0.0886;;;;;;;;;;;;;0;0.3127;-0.4044;0.1394;327.4008;25.9608;319.3060;Palm;1a8de386-fbfc-45ea-bcfc-bc92c9e075e7;1;Exposure;2026-04-01 13:26:03.2764;Hands;;OpenXR
Right;1;Exposure;0;NoMitigation;None;anonymous;Sample;679;0.0000;0.0211;-0.0151;0.0060;356.8741;7.0590;3.5846;0.0211;-0.0151;0.0060;0.9972;-0.0253;0.0624;0.0329;0;;;;;;;;;;;;;0;0.1903;-0.4187;0.2242;336.4176;55.5215;33.3040;Palm;-0.3380;-0.6816;0.6490;0.2934;-0.4112;0.2297;0.9038;0.3558;-0.2213;0.0871;;;;;;;;;;;;;0;0.3133;-0.4053;0.1401;327.3859;25.9282;319.2875;Palm;1a8de386-fbfc-45ea-bcfc-bc92c9e075e7;1;Exposure;2026-04-01 13:26:03.3017;Hands;;OpenXR
Right;1;Exposure;0;NoMitigation;None;anonymous;Sample;682;0.0000;0.0208;-0.0152;0.0061;356.9758;6.8145;3.5618;0.0208;-0.0152;0.0061;0.9974;-0.0245;0.0602;0.0326;0;;;;;;;;;;;;;0;0.1903;-0.4184;0.2242;336.4298;55.5114;33.3073;Palm;-0.3351;-0.6776;0.6546;0.2942;-0.4121;0.2304;0.9056;0.3536;-0.2183;0.0853;;;;;;;;;;;;;0;0.3146;-0.4074;0.1407;327.3166;25.9083;319.2559;Palm;1a8de386-fbfc-45ea-bcfc-bc92c9e075e7;1;Exposure;2026-04-01 13:26:03.3265;Hands;;OpenXR
Right;1;Exposure;0;NoMitigation;None;anonymous;Sample;685;0.0000;0.0205;-0.0154;0.0061;357.0891;6.6334;3.5085;0.0205;-0.0154;0.0061;0.9975;-0.0236;0.0586;0.0320;0;;;;;;;;;;;;;0;0.1903;-0.4181;0.2241;336.4363;55.5116;33.2871;Palm;-0.3322;-0.6733;0.6605;0.2952;-0.4131;0.2311;0.9074;0.3512;-0.2153;0.0833;;;;;;;;;;;;;0;0.3157;-0.4088;0.1410;327.2272;25.8962;319.2131;Palm;1a8de386-fbfc-45ea-bcfc-bc92c9e075e7;1;Exposure;2026-04-01 13:26:03.3506;Hands;;OpenXR
Right;1;Exposure;0;NoMitigation;None;anonymous;Sample;688;0.0000;0.0202;-0.0155;0.0063;357.1703;6.4848;3.4793;0.0202;-0.0155;0.0063;0.9976;-0.0229;0.0573;0.0317;0;;;;;;;;;;;;;0;0.1903;-0.4179;0.2241;336.4413;55.5157;33.2460;Palm;-0.3293;-0.6689;0.6665;0.2962;-0.4139;0.2317;0.9092;0.3488;-0.2124;0.0815;;;;;;;;;;;;;0;0.3166;-0.4094;0.1410;327.1361;25.9020;319.1635;Palm;1a8de386-fbfc-45ea-bcfc-bc92c9e075e7;1;Exposure;2026-04-01 13:26:03.3764;Hands;;OpenXR
Right;1;Exposure;0;NoMitigation;None;anonymous;Sample;691;0.0000;0.0200;-0.0156;0.0065;357.2770;6.3790;3.4735;0.0200;-0.0156;0.0065;0.9977;-0.0220;0.0563;0.0316;0;;;;;;;;;;;;;0;0.1902;-0.4180;0.2241;336.4564;55.5100;33.1884;Palm;-0.3263;-0.6638;0.6730;0.2970;-0.4142;0.2321;0.9111;0.3460;-0.2093;0.0795;;;;;;;;;;;;;0;0.3167;-0.4094;0.1411;326.9193;25.8575;319.1042;Palm;1a8de386-fbfc-45ea-bcfc-bc92c9e075e7;1;Exposure;2026-04-01 13:26:03.4006;Hands;;OpenXR
Right;1;Exposure;0;NoMitigation;None;anonymous;Sample;694;0.0000;0.0199;-0.0158;0.0066;357.4280;6.2997;3.5259;0.0199;-0.0158;0.0066;0.9977;-0.0207;0.0556;0.0319;0;;;;;;;;;;;;;0;0.1902;-0.4179;0.2241;336.4644;55.5074;33.1647;Palm;-0.3242;-0.6600;0.6777;0.2973;-0.4142;0.2324;0.9126;0.3439;-0.2071;0.0780;;;;;;;;;;;;;0;0.3166;-0.4093;0.1411;326.8710;25.8424;319.0875;Palm;1a8de386-fbfc-45ea-bcfc-bc92c9e075e7;1;Exposure;2026-04-01 13:26:03.4267;Hands;;OpenXR
Right;1;Exposure;0;NoMitigation;None;anonymous;Sample;697;0.0000;0.0199;-0.0160;0.0067;357.5672;6.2077;3.5570;0.0199;-0.0160;0.0067;0.9978;-0.0195;0.0548;0.0321;0;;;;;;;;;;;;;0;0.1902;-0.4179;0.2241;336.4504;55.4857;33.0378;Palm;-0.3225;-0.6544;0.6839;0.2974;-0.4138;0.2326;0.9144;0.3407;-0.2048;0.0763;;;;;;;;;;;;;0;0.3164;-0.4090;0.1409;326.3488;25.7418;318.8592;Palm;1a8de386-fbfc-45ea-bcfc-bc92c9e075e7;1;Exposure;2026-04-01 13:26:03.4502;Hands;;OpenXR
Right;1;Exposure;0;NoMitigation;None;anonymous;Sample;700;0.0000;0.0199;-0.0163;0.0069;357.7346;6.0676;3.4763;0.0199;-0.0163;0.0069;0.9979;-0.0181;0.0535;0.0313;0;;;;;;;;;;;;;0;0.1902;-0.4178;0.2240;336.4126;55.4746;32.8791;Palm;-0.3212;-0.6473;0.6913;0.2972;-0.4129;0.2326;0.9166;0.3367;-0.2025;0.0744;;;;;;;;;;;;;0;0.3161;-0.4085;0.1407;325.7393;25.5631;318.7487;Palm;1a8de386-fbfc-45ea-bcfc-bc92c9e075e7;1;Exposure;2026-04-01 13:26:03.4767;Hands;;OpenXR
Right;1;Exposure;0;NoMitigation;None;anonymous;Sample;703;0.0000;0.0199;-0.0165;0.0070;357.9779;5.8893;3.3066;0.0199;-0.0165;0.0070;0.9981;-0.0161;0.0519;0.0297;0;;;;;;;;;;;;;0;0.1902;-0.4178;0.2239;336.3673;55.4767;32.7531;Palm;-0.3202;-0.6409;0.6977;0.2968;-0.4119;0.2326;0.9184;0.3330;-0.2007;0.0728;;;;;;;;;;;;;0;0.3158;-0.4081;0.1406;325.2308;25.3854;318.7291;Palm;1a8de386-fbfc-45ea-bcfc-bc92c9e075e7;1;Exposure;2026-04-01 13:26:03.5006;Hands;;OpenXR
Right;1;Exposure;0;NoMitigation;None;anonymous;Sample;706;0.0000;0.0201;-0.0168;0.0072;358.2061;5.7642;3.1654;0.0201;-0.0168;0.0072;0.9982;-0.0142;0.0507;0.0284;0;;;;;;;;;;;;;0;0.1902;-0.4178;0.2239;336.3380;55.4376;32.5939;Palm;-0.3192;-0.6355;0.7030;0.2966;-0.4108;0.2325;0.9200;0.3299;-0.1991;0.0714;;;;;;;;;;;;;0;0.3159;-0.4075;0.1405;324.9832;25.4256;318.6588;Palm;1a8de386-fbfc-45ea-bcfc-bc92c9e075e7;1;Exposure;2026-04-01 13:26:03.5262;Hands;;OpenXR
Right;1;Exposure;0;NoMitigation;None;anonymous;Sample;709;0.0000;0.0203;-0.0170;0.0074;358.4022;5.6697;3.0438;0.0203;-0.0170;0.0074;0.9983;-0.0126;0.0498;0.0272;0;;;;;;;;;;;;;0;0.1902;-0.4178;0.2240;336.3143;55.3639;32.4207;Palm;-0.3175;-0.6315;0.7074;0.2967;-0.4095;0.2324;0.9213;0.3277;-0.1973;0.0702;;;;;;;;;;;;;0;0.3167;-0.4056;0.1401;324.7806;25.4866;318.7333;Palm;1a8de386-fbfc-45ea-bcfc-bc92c9e075e7;1;Exposure;2026-04-01 13:26:03.5511;Hands;;OpenXR
Right;1;Exposure;0;NoMitigation;None;anonymous;Sample;712;0.0000;0.0207;-0.0172;0.0074;358.6043;5.6480;2.9074;0.0207;-0.0172;0.0074;0.9984;-0.0109;0.0496;0.0259;0;;;;;;;;;;;;;0;0.1901;-0.4177;0.2240;336.2932;55.2886;32.3188;Palm;-0.3120;-0.6286;0.7124;0.2977;-0.4073;0.2321;0.9228;0.3263;-0.1932;0.0683;;;;;;;;;;;;;0;0.3184;-0.4025;0.1394;324.2087;25.4192;319.3427;Palm;1a8de386-fbfc-45ea-bcfc-bc92c9e075e7;1;Exposure;2026-04-01 13:26:03.5764;Hands;;OpenXR
Right;1;Exposure;0;NoMitigation;None;anonymous;Sample;715;0.0000;0.0212;-0.0174;0.0074;358.7307;5.6593;2.7710;0.0212;-0.0174;0.0074;0.9984;-0.0099;0.0496;0.0247;0;;;;;;;;;;;;;0;0.1901;-0.4176;0.2240;336.3141;55.2285;32.2181;Palm;-0.3043;-0.6243;0.7195;0.2989;-0.4036;0.2315;0.9249;0.3242;-0.1875;0.0657;;;;;;;;;;;;;0;0.3192;-0.3973;0.1381;323.2918;25.6182;319.5532;Palm;1a8de386-fbfc-45ea-bcfc-bc92c9e075e7;1;Exposure;2026-04-01 13:26:03.6008;Hands;;OpenXR
Right;1;Exposure;0;NoMitigation;None;anonymous;Sample;718;0.0000;0.0220;-0.0178;0.0071;358.8869;5.7232;2.6633;0.0220;-0.0178;0.0071;0.9984;-0.0085;0.0501;0.0237;0;;;;;;;;;;;;;0;0.1901;-0.4176;0.2241;336.3385;55.1642;32.1150;Palm;-0.2956;-0.6187;0.7278;0.3001;-0.3994;0.2308;0.9274;0.3213;-0.1812;0.0628;;;;;;;;;;;;;0;0.3197;-0.3937;0.1371;322.5082;25.7758;319.7414;Palm;1a8de386-fbfc-45ea-bcfc-bc92c9e075e7;1;Exposure;2026-04-01 13:26:03.6266;Hands;;OpenXR
Right;1;Exposure;0;NoMitigation;None;anonymous;Sample;721;0.0000;0.0228;-0.0181;0.0067;359.0829;5.8684;2.5093;0.0228;-0.0181;0.0067;0.9984;-0.0069;0.0514;0.0223;0;;;;;;;;;;;;;0;0.1902;-0.4175;0.2239;336.3546;55.1720;32.0915;Palm;-0.2809;-0.5962;0.7521;0.2969;-0.3873;0.2296;0.9343;0.3090;-0.1688;0.0558;;;;;;;;;;;;;0;0.3108;-0.3746;0.1358;315.6939;23.4360;321.6363;Palm;1a8de386-fbfc-45ea-bcfc-bc92c9e075e7;1;Exposure;2026-04-01 13:26:03.6505;Hands;;OpenXR
Right;1;Exposure;0;NoMitigation;None;anonymous;Sample;724;0.0000;0.0235;-0.0182;0.0062;359.2378;6.0202;2.2692;0.0235;-0.0182;0.0062;0.9984;-0.0056;0.0526;0.0201;0;;;;;;;;;;;;;0;0.1902;-0.4174;0.2238;336.3361;55.1751;32.0979;Palm;-0.2709;-0.5456;0.7930;0.2862;-0.3647;0.2270;0.9457;0.2807;-0.1571;0.0466;;;;;;;;;;;;;0;0.2928;-0.3451;0.1345;305.3163;17.8256;324.5101;Palm;1a8de386-fbfc-45ea-bcfc-bc92c9e075e7;1;Exposure;2026-04-01 13:26:03.6764;Hands;;OpenXR
Right;1;Exposure;0;NoMitigation;None;anonymous;Sample;727;0.0000;0.0243;-0.0184;0.0057;359.3652;6.1479;1.9460;0.0243;-0.0184;0.0057;0.9984;-0.0046;0.0537;0.0173;0;;;;;;;;;;;;;0;0.1902;-0.4173;0.2237;336.2802;55.1580;32.1278;Palm;-0.2695;-0.4838;0.8327;0.2709;-0.3366;0.2240;0.9565;0.2467;-0.1509;0.0389;;;;;;;;;;;;;0;0.2772;-0.3172;0.1354;298.7721;13.5364;327.3043;Palm;1a8de386-fbfc-45ea-bcfc-bc92c9e075e7;1;Exposure;2026-04-01 13:26:03.7007;Hands;;OpenXR
Right;1;Exposure;0;NoMitigation;None;anonymous;Sample;730;0.0000;0.0251;-0.0185;0.0050;359.3783;6.2908;1.6710;0.0251;-0.0185;0.0050;0.9984;-0.0046;0.0549;0.0149;0;;;;;;;;;;;;;0;0.1898;-0.4171;0.2236;336.0667;55.0334;32.2284;Palm;-0.2714;-0.4245;0.8638;0.2544;-0.3057;0.2217;0.9648;0.2150;-0.1480;0.0330;;;;;;;;;;;;;0;0.2637;-0.2906;0.1374;294.0220;9.9243;330.0607;Palm;1a8de386-fbfc-45ea-bcfc-bc92c9e075e7;1;Exposure;2026-04-01 13:26:03.7262;Hands;;OpenXR
Right;1;Exposure;0;NoMitigation;None;anonymous;Sample;733;0.0000;0.0258;-0.0185;0.0043;359.3348;6.4551;1.5151;0.0258;-0.0185;0.0043;0.9983;-0.0051;0.0564;0.0135;0;;;;;;;;;;;;;0;0.1894;-0.4167;0.2236;335.7528;54.8580;32.3532;Palm;-0.2738;-0.3767;0.8850;0.2400;-0.2782;0.2204;0.9704;0.1898;-0.1467;0.0287;;;;;;;;;;;;;0;0.2552;-0.2715;0.1409;291.0242;7.6168;332.0875;Palm;1a8de386-fbfc-45ea-bcfc-bc92c9e075e7;1;Exposure;2026-04-01 13:26:03.7517;Hands;;OpenXR
Right;1;Exposure;0;NoMitigation;None;anonymous;Sample;736;0.0000;0.0266;-0.0185;0.0035;359.2021;6.5817;1.4143;0.0266;-0.0185;0.0035;0.9982;-0.0062;0.0575;0.0127;0;;;;;;;;;;;;;0;0.1887;-0.4161;0.2235;335.3786;54.6675;32.4490;Palm;-0.2732;-0.3449;0.8980;0.2292;-0.2550;0.2219;0.9738;0.1732;-0.1448;0.0258;;;;;;;;;;;;;0;0.2498;-0.2558;0.1467;289.3201;7.5255;332.3963;Palm;1a8de386-fbfc-45ea-bcfc-bc92c9e075e7;1;Exposure;2026-04-01 13:26:03.7766;Hands;;OpenXR
Right;1;Exposure;0;NoMitigation;None;anonymous;Sample;739;0.0000;0.0272;-0.0185;0.0025;359.1822;6.7431;1.1876;0.0272;-0.0185;0.0025;0.9982;-0.0065;0.0589;0.0108;0;;;;;;;;;;;;;0;0.1885;-0.4159;0.2233;335.3173;54.6979;32.3456;Palm;-0.2749;-0.3348;0.9013;0.2220;-0.2365;0.2270;0.9747;0.1680;-0.1453;0.0251;;;;;;;;;;;;;0;0.2481;-0.2426;0.1583;289.4980;7.9578;331.6870;Palm;1a8de386-fbfc-45ea-bcfc-bc92c9e075e7;1;Exposure;2026-04-01 13:26:03.8005;Hands;;OpenXR
Right;1;Exposure;0;NoMitigation;None;anonymous;Sample;742;0.0000;0.0279;-0.0183;0.0016;359.1750;6.9123;0.9852;0.0279;-0.0183;0.0016;0.9981;-0.0067;0.0603;0.0090;0;;;;;;;;;;;;;0;0.1884;-0.4157;0.2232;335.2643;54.7269;32.2513;Palm;-0.2797;-0.3351;0.8997;0.2161;-0.2201;0.2334;0.9743;0.1681;-0.1479;0.0255;;;;;;;;;;;;;0;0.2444;-0.2289;0.1661;289.0329;7.7060;331.4196;Palm;1a8de386-fbfc-45ea-bcfc-bc92c9e075e7;1;Exposure;2026-04-01 13:26:03.8260;Hands;;OpenXR
Right;1;Exposure;0;NoMitigation;None;anonymous;Sample;745;0.0041;0.0285;-0.0182;0.0006;359.0439;7.0935;0.9342;0.0285;-0.0182;0.0006;0.9980;-0.0078;0.0619;0.0087;1;;;;;;;;;;;;;0;0.1882;-0.4149;0.2229;335.2296;54.8104;32.0792;Palm;-0.2911;-0.3651;0.8843;0.2116;-0.2075;0.2429;0.9702;0.1834;-0.1556;0.0294;;;;;;;;;;;;;0;0.2433;-0.2169;0.1827;290.8684;6.5861;331.5483;Palm;1a8de386-fbfc-45ea-bcfc-bc92c9e075e7;1;Exposure;2026-04-01 13:26:03.8508;Hands;;OpenXR
Right;1;Exposure;0;NoMitigation;None;anonymous;Sample;748;0.0168;0.0291;-0.0180;-0.0004;358.8879;7.2835;0.9318;0.0291;-0.0180;-0.0004;0.9979;-0.0092;0.0636;0.0087;1;;;;;;;;;;;;;0;0.1879;-0.4137;0.2226;335.2361;54.8813;31.9069;Palm;-0.3075;-0.4314;0.8482;0.2071;-0.1978;0.2555;0.9605;0.2178;-0.1687;0.0383;;;;;;;;;;;;;0;0.2419;-0.2041;0.2011;294.1502;2.1351;334.7122;Palm;1a8de386-fbfc-45ea-bcfc-bc92c9e075e7;1;Exposure;2026-04-01 13:26:03.8768;Hands;;OpenXR
Right;1;Exposure;0;NoMitigation;None;anonymous;Sample;751;0.0291;0.0296;-0.0176;-0.0012;358.6954;7.4630;0.8439;0.0296;-0.0176;-0.0012;0.9978;-0.0109;0.0652;0.0081;1;;;;;;;;;;;;;0;0.1877;-0.4128;0.2224;335.3014;54.9308;31.7761;Palm;-0.3177;-0.5121;0.7980;0.2026;-0.1910;0.2688;0.9468;0.2608;-0.1815;0.0500;;;;;;;;;;;;;0;0.2382;-0.1935;0.2165;297.5203;356.9891;339.2148;Palm;1a8de386-fbfc-45ea-bcfc-bc92c9e075e7;1;Exposure;2026-04-01 13:26:03.9017;Hands;;OpenXR
Right;1;Exposure;0;NoMitigation;None;anonymous;Sample;754;0.0417;0.0302;-0.0173;-0.0021;358.4233;7.5747;0.8282;0.0302;-0.0173;-0.0021;0.9977;-0.0133;0.0661;0.0081;1;;;;;;;;;;;;;0;0.1877;-0.4126;0.2223;335.4730;54.9767;31.6788;Palm;-0.3141;-0.5835;0.7489;0.1968;-0.1863;0.2823;0.9332;0.3005;-0.1878;0.0605;;;;;;;;;;;;;0;0.2325;-0.1858;0.2287;300.9868;352.1781;343.9200;Palm;1a8de386-fbfc-45ea-bcfc-bc92c9e075e7;1;Exposure;2026-04-01 13:26:03.9267;Hands;;OpenXR
Right;1;Exposure;0;NoMitigation;None;anonymous;Sample;757;0.0541;0.0308;-0.0171;-0.0029;358.1390;7.6258;0.9322;0.0308;-0.0171;-0.0029;0.9976;-0.0157;0.0666;0.0092;1;;;;;;;;;;;;;0;0.1877;-0.4127;0.2222;335.7240;55.0136;31.5970;Palm;-0.3064;-0.6161;0.7256;0.1913;-0.1808;0.2957;0.9266;0.3194;-0.1876;0.0647;;;;;;;;;;;;;0;0.2279;-0.1788;0.2411;304.7168;349.5945;346.6914;Palm;1a8de386-fbfc-45ea-bcfc-bc92c9e075e7;1;Exposure;2026-04-01 13:26:03.9511;Hands;;OpenXR
Right;1;Exposure;0;NoMitigation;None;anonymous;Sample;760;0.0666;0.0311;-0.0169;-0.0036;357.9811;7.6446;0.8880;0.0311;-0.0169;-0.0036;0.9976;-0.0171;0.0668;0.0089;1;;;;;;;;;;;;;0;0.1877;-0.4130;0.2222;336.0731;55.0129;31.5828;Palm;-0.2956;-0.6076;0.7372;0.1862;-0.1754;0.3116;0.9300;0.3149;-0.1795;0.0608;;;;;;;;;;;;;0;0.2239;-0.1743;0.2544;309.6122;347.9116;348.9010;Palm;1a8de386-fbfc-45ea-bcfc-bc92c9e075e7;1;Exposure;2026-04-01 13:26:03.9760;Hands;;OpenXR
Right;1;Exposure;0;NoMitigation;None;anonymous;Sample;763;0.0792;0.0314;-0.0166;-0.0042;357.9171;7.6379;0.6674;0.0314;-0.0166;-0.0042;0.9976;-0.0177;0.0667;0.0070;1;;;;;;;;;;;;;0;0.1878;-0.4133;0.2222;336.2738;54.9995;31.6513;Palm;-0.2764;-0.5345;0.7987;0.1805;-0.1687;0.3281;0.9472;0.2744;-0.1593;0.0461;;;;;;;;;;;;;0;0.2149;-0.1714;0.2639;314.1958;346.5398;351.9336;Palm;1a8de386-fbfc-45ea-bcfc-bc92c9e075e7;1;Exposure;2026-04-01 13:26:04.0014;Hands;;OpenXR
Right;1;Exposure;0;NoMitigation;None;anonymous;Sample;766;0.0916;0.0318;-0.0165;-0.0048;357.7655;7.6077;0.6187;0.0318;-0.0165;-0.0048;0.9976;-0.0191;0.0664;0.0067;1;;;;;;;;;;;;;0;0.1879;-0.4136;0.2222;336.4632;54.9841;31.7249;Palm;-0.2531;-0.4606;0.8508;0.1744;-0.1621;0.3432;0.9614;0.2346;-0.1400;0.0342;;;;;;;;;;;;;0;0.2080;-0.1657;0.2736;317.7099;345.4013;353.8839;Palm;1a8de386-fbfc-45ea-bcfc-bc92c9e075e7;1;Exposure;2026-04-01 13:26:04.0266;Hands;;OpenXR
Right;1;Exposure;0;NoMitigation;None;anonymous;Sample;769;0.1041;0.0321;-0.0164;-0.0053;357.6651;7.6292;0.6155;0.0321;-0.0164;-0.0053;0.9976;-0.0200;0.0666;0.0067;1;;;;;;;;;;;;;0;0.1881;-0.4138;0.2222;336.5776;54.9720;31.8398;Palm;-0.2179;-0.3995;0.8905;0.1707;-0.1605;0.3602;0.9719;0.2026;-0.1172;0.0244;;;;;;;;;;;;;0;0.2042;-0.1707;0.2906;322.1434;348.2567;353.6138;Palm;1a8de386-fbfc-45ea-bcfc-bc92c9e075e7;1;Exposure;2026-04-01 13:26:04.0505;Hands;;OpenXR
Right;1;Exposure;0;NoMitigation;None;anonymous;Sample;772;0.1167;0.0323;-0.0162;-0.0057;357.5882;7.6911;0.5057;0.0323;-0.0162;-0.0057;0.9975;-0.0207;0.0671;0.0058;1;;;;;;;;;;;;;0;0.1881;-0.4140;0.2222;336.6301;54.9473;31.9124;Palm;-0.1754;-0.3422;0.9231;0.1681;-0.1618;0.3774;0.9804;0.1730;-0.0923;0.0163;;;;;;;;;;;;;0;0.1991;-0.1758;0.3034;324.4105;350.1566;354.3061;Palm;1a8de386-fbfc-45ea-bcfc-bc92c9e075e7;1;Exposure;2026-04-01 13:26:04.0769;Hands;;OpenXR
Right;1;Exposure;0;NoMitigation;None;anonymous;Sample;775;0.1291;0.0325;-0.0161;-0.0060;357.4825;7.7626;0.4012;0.0325;-0.0161;-0.0060;0.9975;-0.0217;0.0677;0.0050;1;;;;;;;;;;;;;0;0.1880;-0.4141;0.2223;336.6310;54.9222;31.9315;Palm;-0.1328;-0.2870;0.9487;0.1664;-0.1644;0.3931;0.9870;0.1447;-0.0687;0.0101;;;;;;;;;;;;;0;0.1956;-0.1803;0.3156;326.4521;351.7400;354.8459;Palm;1a8de386-fbfc-45ea-bcfc-bc92c9e075e7;1;Exposure;2026-04-01 13:26:04.1010;Hands;;OpenXR
Right;1;Exposure;0;NoMitigation;None;anonymous;Sample;778;0.1417;0.0327;-0.0161;-0.0064;357.5298;7.8107;0.4325;0.0327;-0.0161;-0.0064;0.9974;-0.0212;0.0682;0.0052;1;;;;;;;;;;;;;0;0.1879;-0.4142;0.2224;336.6018;54.8900;31.9128;Palm;-0.0915;-0.2320;0.9684;0.1662;-0.1677;0.4085;0.9921;0.1167;-0.0468;0.0055;;;;;;;;;;;;;0;0.1942;-0.1844;0.3279;328.8050;353.2477;355.0786;Palm;1a8de386-fbfc-45ea-bcfc-bc92c9e075e7;1;Exposure;2026-04-01 13:26:04.1265;Hands;;OpenXR
Right;1;Exposure;0;NoMitigation;None;anonymous;Sample;781;0.1540;0.0327;-0.0162;-0.0067;357.6061;7.8243;0.4718;0.0327;-0.0162;-0.0067;0.9974;-0.0206;0.0683;0.0055;1;;;;;;;;;;;;;0;0.1878;-0.4142;0.2224;336.5348;54.8531;31.8310;Palm;-0.0548;-0.1822;0.9817;0.1667;-0.1705;0.4226;0.9954;0.0914;-0.0277;0.0025;;;;;;;;;;;;;0;0.1933;-0.1869;0.3382;331.1112;354.8988;354.7562;Palm;1a8de386-fbfc-45ea-bcfc-bc92c9e075e7;1;Exposure;2026-04-01 13:26:04.1509;Hands;;OpenXR
Right;1;Exposure;0;NoMitigation;None;anonymous;Sample;784;0.1666;0.0326;-0.0163;-0.0070;357.6547;7.8110;0.5227;0.0326;-0.0163;-0.0070;0.9975;-0.0201;0.0682;0.0059;1;;;;;;;;;;;;;0;0.1876;-0.4140;0.2223;336.4074;54.8694;31.5763;Palm;-0.0231;-0.1427;0.9895;0.1684;-0.1730;0.4349;0.9974;0.0715;-0.0116;0.0008;;;;;;;;;;;;;0;0.1937;-0.1891;0.3466;333.1385;356.9062;353.5555;Palm;1a8de386-fbfc-45ea-bcfc-bc92c9e075e7;1;Exposure;2026-04-01 13:26:04.1763;Hands;;OpenXR
Right;1;Exposure;0;NoMitigation;None;anonymous;Sample;787;0.1790;0.0324;-0.0163;-0.0071;357.5953;7.7706;0.6081;0.0324;-0.0163;-0.0071;0.9975;-0.0206;0.0679;0.0067;1;;;;;;;;;;;;;0;0.1874;-0.4136;0.2220;336.3015;55.0024;31.1547;Palm;0.0075;-0.1190;0.9929;0.1717;-0.1738;0.4460;0.9982;0.0596;0.0038;-0.0002;;;;;;;;;;;;;0;0.1952;-0.1870;0.3552;334.2204;0.3228;350.4235;Palm;1a8de386-fbfc-45ea-bcfc-bc92c9e075e7;1;Exposure;2026-04-01 13:26:04.2012;Hands;;OpenXR
Right;1;Exposure;0;NoMitigation;None;anonymous;Sample;790;0.1917;0.0321;-0.0162;-0.0071;357.5322;7.6892;0.6958;0.0321;-0.0162;-0.0071;0.9975;-0.0211;0.0672;0.0075;1;;;;;;;;;;;;;0;0.1871;-0.4131;0.2214;336.1944;55.1518;30.7119;Palm;0.0388;-0.1003;0.9942;0.1753;-0.1736;0.4568;0.9985;0.0502;0.0195;-0.0010;;;;;;;;;;;;;0;0.1951;-0.1859;0.3644;335.8893;2.6852;348.7774;Palm;1a8de386-fbfc-45ea-bcfc-bc92c9e075e7;1;Exposure;2026-04-01 13:26:04.2267;Hands;;OpenXR
Right;1;Exposure;0;NoMitigation;None;anonymous;Sample;793;0.2043;0.0319;-0.0161;-0.0070;357.4953;7.5783;0.7268;0.0319;-0.0161;-0.0070;0.9975;-0.0214;0.0662;0.0078;1;;;;;;;;;;;;;0;0.1868;-0.4125;0.2212;336.3074;55.0372;30.5300;Palm;0.0624;-0.0867;0.9943;0.1788;-0.1737;0.4656;0.9986;0.0434;0.0313;-0.0014;;;;;;;;;;;;;0;0.1972;-0.1870;0.3694;335.8912;3.4773;348.1892;Palm;1a8de386-fbfc-45ea-bcfc-bc92c9e075e7;1;Exposure;2026-04-01 13:26:04.2517;Hands;;OpenXR
Right;1;Exposure;0;NoMitigation;None;anonymous;Sample;796;0.2167;0.0317;-0.0160;-0.0068;357.4369;7.4693;0.8188;0.0317;-0.0160;-0.0068;0.9976;-0.0219;0.0653;0.0086;1;;;;;;;;;;;;;0;0.1867;-0.4117;0.2208;336.3936;54.9692;30.3973;Palm;0.0780;-0.0765;0.9940;0.1812;-0.1735;0.4719;0.9985;0.0382;0.0391;-0.0015;;;;;;;;;;;;;0;0.1974;-0.1867;0.3712;335.7397;3.6809;348.0573;Palm;1a8de386-fbfc-45ea-bcfc-bc92c9e075e7;1;Exposure;2026-04-01 13:26:04.2762;Hands;;OpenXR
Right;1;Exposure;0;NoMitigation;None;anonymous;Sample;799;0.2291;0.0316;-0.0160;-0.0067;357.4207;7.3758;0.8987;0.0316;-0.0160;-0.0067;0.9976;-0.0220;0.0645;0.0093;1;;;;;;;;;;;;;0;0.1866;-0.4108;0.2203;336.4471;54.9224;30.3450;Palm;0.0860;-0.0617;0.9944;0.1822;-0.1723;0.4754;0.9986;0.0309;0.0431;-0.0013;;;;;;;;;;;;;0;0.1967;-0.1853;0.3712;334.6623;3.2317;348.3339;Palm;1a8de386-fbfc-45ea-bcfc-bc92c9e075e7;1;Exposure;2026-04-01 13:26:04.3002;Hands;;OpenXR
Right;1;Exposure;0;NoMitigation;None;anonymous;Sample;802;0.2416;0.0314;-0.0160;-0.0066;357.4709;7.3423;0.8426;0.0314;-0.0160;-0.0066;0.9977;-0.0216;0.0642;0.0087;1;;;;;;;;;;;;;0;0.1865;-0.4101;0.2201;336.4818;54.8572;30.3759;Palm;0.0867;-0.0360;0.9956;0.1817;-0.1690;0.4769;0.9989;0.0180;0.0434;-0.0008;;;;;;;;;;;;;0;0.1954;-0.1829;0.3706;332.8579;2.3414;348.9260;Palm;1a8de386-fbfc-45ea-bcfc-bc92c9e075e7;1;Exposure;2026-04-01 13:26:04.3268;Hands;;OpenXR
Right;1;Exposure;0;NoMitigation;None;anonymous;Sample;805;0.2540;0.0313;-0.0161;-0.0066;357.5046;7.3534;0.7875;0.0313;-0.0161;-0.0066;0.9977;-0.0213;0.0643;0.0083;1;;;;;;;;;;;;;0;0.1863;-0.4096;0.2200;336.5162;54.7952;30.4161;Palm;0.0864;-0.0077;0.9962;0.1807;-0.1650;0.4776;0.9991;0.0038;0.0432;-0.0002;;;;;;;;;;;;;0;0.1942;-0.1804;0.3707;331.6455;1.9938;349.2885;Palm;1a8de386-fbfc-45ea-bcfc-bc92c9e075e7;1;Exposure;2026-04-01 13:26:04.3499;Hands;;OpenXR
Right;1;Exposure;0;NoMitigation;None;anonymous;Sample;808;0.2666;0.0313;-0.0161;-0.0066;357.5253;7.3507;0.8026;0.0313;-0.0161;-0.0066;0.9977;-0.0211;0.0642;0.0084;1;;;;;;;;;;;;;0;0.1863;-0.4095;0.2199;336.5191;54.8013;30.4448;Palm;0.0873;0.0219;0.9959;0.1797;-0.1603;0.4776;0.9990;-0.0110;0.0437;0.0005;;;;;;;;;;;;;0;0.1931;-0.1774;0.3707;330.2719;1.8548;349.6393;Palm;1a8de386-fbfc-45ea-bcfc-bc92c9e075e7;1;Exposure;2026-04-01 13:26:04.3762;Hands;;OpenXR
Right;1;Exposure;0;NoMitigation;None;anonymous;Sample;811;0.2790;0.0314;-0.0161;-0.0064;357.5151;7.3626;0.8823;0.0314;-0.0161;-0.0064;0.9977;-0.0211;0.0644;0.0091;1;;;;;;;;;;;;;0;0.1863;-0.4095;0.2200;336.4771;54.8047;30.5278;Palm;0.0894;0.0426;0.9951;0.1790;-0.1569;0.4774;0.9988;-0.0213;0.0448;0.0010;;;;;;;;;;;;;0;0.1929;-0.1770;0.3700;329.8603;1.8730;349.6479;Palm;1a8de386-fbfc-45ea-bcfc-bc92c9e075e7;1;Exposure;2026-04-01 13:26:04.4006;Hands;;OpenXR
Right;1;Exposure;0;NoMitigation;None;anonymous;Sample;814;0.2916;0.0315;-0.0162;-0.0063;357.5903;7.4074;0.8477;0.0315;-0.0162;-0.0063;0.9977;-0.0205;0.0647;0.0087;1;;;;;;;;;;;;;0;0.1863;-0.4096;0.2200;336.4682;54.8017;30.5554;Palm;0.0910;0.0546;0.9944;0.1789;-0.1552;0.4762;0.9986;-0.0273;0.0456;0.0012;;;;;;;;;;;;;0;0.1937;-0.1779;0.3670;329.8673;1.8571;349.6449;Palm;1a8de386-fbfc-45ea-bcfc-bc92c9e075e7;1;Exposure;2026-04-01 13:26:04.4265;Hands;;OpenXR
Right;1;Exposure;0;NoMitigation;None;anonymous;Sample;817;0.3040;0.0315;-0.0163;-0.0062;357.6483;7.4822;0.7349;0.0315;-0.0163;-0.0062;0.9976;-0.0201;0.0654;0.0077;1;;;;;;;;;;;;;0;0.1864;-0.4095;0.2202;335.9310;54.8450;30.8249;Palm;0.0941;0.0606;0.9937;0.1786;-0.1544;0.4756;0.9984;-0.0303;0.0472;0.0014;;;;;;;;;;;;;0;0.1920;-0.1775;0.3683;329.6480;1.7135;349.7143;Palm;1a8de386-fbfc-45ea-bcfc-bc92c9e075e7;1;Exposure;2026-04-01 13:26:04.4508;Hands;;OpenXR
Right;1;Exposure;0;NoMitigation;None;anonymous;Sample;820;0.3166;0.0315;-0.0162;-0.0061;357.6214;7.5350;0.7377;0.0315;-0.0162;-0.0061;0.9976;-0.0203;0.0658;0.0078;1;;;;;;;;;;;;;0;0.1864;-0.4095;0.2206;335.0010;54.8492;31.0895;Palm;0.0984;0.0665;0.9929;0.1777;-0.1539;0.4762;0.9982;-0.0332;0.0493;0.0016;;;;;;;;;;;;;0;0.1905;-0.1777;0.3706;329.5387;1.6227;349.7780;Palm;1a8de386-fbfc-45ea-bcfc-bc92c9e075e7;1;Exposure;2026-04-01 13:26:04.4763;Hands;;OpenXR
Right;1;Exposure;0;NoMitigation;None;anonymous;Sample;823;0.3290;0.0315;-0.0161;-0.0060;357.5513;7.5334;0.8547;0.0315;-0.0161;-0.0060;0.9976;-0.0208;0.0658;0.0088;1;;;;;;;;;;;;;0;0.1863;-0.4098;0.2208;334.1017;54.8156;31.2384;Palm;0.1030;0.0723;0.9920;0.1771;-0.1537;0.4771;0.9980;-0.0361;0.0517;0.0019;;;;;;;;;;;;;0;0.1900;-0.1780;0.3720;329.5536;1.6184;349.8069;Palm;1a8de386-fbfc-45ea-bcfc-bc92c9e075e7;1;Exposure;2026-04-01 13:26:04.5011;Hands;;OpenXR
Right;1;Exposure;0;NoMitigation;None;anonymous;Sample;826;0.3416;0.0314;-0.0161;-0.0060;357.5651;7.5441;0.8853;0.0314;-0.0161;-0.0060;0.9976;-0.0207;0.0659;0.0091;1;;;;;;;;;;;;;0;0.1863;-0.4105;0.2207;333.3699;54.7651;31.2957;Palm;0.1080;0.0776;0.9911;0.1769;-0.1535;0.4779;0.9978;-0.0388;0.0542;0.0021;;;;;;;;;;;;;0;0.1899;-0.1778;0.3723;329.5612;1.6304;349.8428;Palm;1a8de386-fbfc-45ea-bcfc-bc92c9e075e7;1;Exposure;2026-04-01 13:26:04.5264;Hands;;OpenXR
Right;1;Exposure;0;NoMitigation;None;anonymous;Sample;829;0.3540;0.0313;-0.0161;-0.0060;357.6025;7.5620;0.8173;0.0313;-0.0161;-0.0060;0.9976;-0.0204;0.0661;0.0085;1;;;;;;;;;;;;;0;0.1864;-0.4111;0.2208;332.8347;54.7151;31.3068;Palm;0.1131;0.0826;0.9901;0.1769;-0.1531;0.4785;0.9975;-0.0413;0.0568;0.0023;;;;;;;;;;;;;0;0.1896;-0.1773;0.3729;329.5848;1.6865;349.8959;Palm;1a8de386-fbfc-45ea-bcfc-bc92c9e075e7;1;Exposure;2026-04-01 13:26:04.5502;Hands;;OpenXR
Right;1;Exposure;0;NoMitigation;None;anonymous;Sample;832;0.3667;0.0313;-0.0161;-0.0059;357.5813;7.5589;0.7177;0.0313;-0.0161;-0.0059;0.9976;-0.0206;0.0660;0.0076;1;;;;;;;;;;;;;0;0.1869;-0.4119;0.2211;332.5640;54.6636;31.2633;Palm;0.1187;0.0870;0.9891;0.1769;-0.1525;0.4794;0.9973;-0.0435;0.0596;0.0026;;;;;;;;;;;;;0;0.1892;-0.1763;0.3740;329.6646;1.8967;349.9917;Palm;1a8de386-fbfc-45ea-bcfc-bc92c9e075e7;1;Exposure;2026-04-01 13:26:04.5765;Hands;;OpenXR
Right;1;Exposure;0;NoMitigation;None;anonymous;Sample;835;0.3790;0.0311;-0.0161;-0.0058;357.5656;7.5409;0.7422;0.0311;-0.0161;-0.0058;0.9976;-0.0208;0.0659;0.0079;1;;;;;;;;;;;;;0;0.1869;-0.4125;0.2212;332.3670;54.6651;31.2184;Palm;0.1268;0.0898;0.9879;0.1771;-0.1518;0.4801;0.9970;-0.0449;0.0637;0.0029;;;;;;;;;;;;;0;0.1885;-0.1752;0.3745;329.7515;2.4521;350.3309;Palm;1a8de386-fbfc-45ea-bcfc-bc92c9e075e7;1;Exposure;2026-04-01 13:26:04.6009;Hands;;OpenXR
Right;1;Exposure;0;NoMitigation;None;anonymous;Sample;838;0.3915;0.0309;-0.0161;-0.0057;357.5382;7.5270;0.8040;0.0309;-0.0161;-0.0057;0.9976;-0.0210;0.0658;0.0084;1;;;;;;;;;;;;;0;0.1869;-0.4126;0.2214;332.1947;54.6548;31.1953;Palm;0.1376;0.0913;0.9863;0.1778;-0.1511;0.4809;0.9966;-0.0456;0.0692;0.0032;;;;;;;;;;;;;0;0.1884;-0.1743;0.3751;329.8227;2.9941;350.9206;Palm;1a8de386-fbfc-45ea-bcfc-bc92c9e075e7;1;Exposure;2026-04-01 13:26:04.6262;Hands;;OpenXR
Right;1;Exposure;0;NoMitigation;None;anonymous;Sample;841;0.4041;0.0305;-0.0161;-0.0057;357.5437;7.5140;0.8588;0.0305;-0.0161;-0.0057;0.9976;-0.0209;0.0657;0.0089;1;;;;;;;;;;;;;0;0.1869;-0.4125;0.2215;332.0280;54.6373;31.1839;Palm;0.1496;0.0924;0.9844;0.1787;-0.1505;0.4818;0.9961;-0.0461;0.0752;0.0035;;;;;;;;;;;;;0;0.1884;-0.1735;0.3759;329.8727;3.4614;351.5411;Palm;1a8de386-fbfc-45ea-bcfc-bc92c9e075e7;1;Exposure;2026-04-01 13:26:04.6506;Hands;;OpenXR
Right;1;Exposure;0;NoMitigation;None;anonymous;Sample;844;0.4166;0.0302;-0.0161;-0.0056;357.4829;7.4767;0.9397;0.0302;-0.0161;-0.0056;0.9976;-0.0214;0.0654;0.0096;1;;;;;;;;;;;;;0;0.1870;-0.4125;0.2216;331.8987;54.6432;31.1503;Palm;0.1618;0.0938;0.9824;0.1798;-0.1500;0.4824;0.9956;-0.0468;0.0814;0.0038;;;;;;;;;;;;;0;0.1886;-0.1730;0.3760;329.8217;3.9713;352.0597;Palm;1a8de386-fbfc-45ea-bcfc-bc92c9e075e7;1;Exposure;2026-04-01 13:26:04.6761;Hands;;OpenXR
Right;1;Exposure;0;NoMitigation;None;anonymous;Sample;847;0.4290;0.0299;-0.0160;-0.0055;357.4079;7.4300;1.0714;0.0299;-0.0160;-0.0055;0.9976;-0.0220;0.0650;0.0108;1;;;;;;;;;;;;;0;0.1871;-0.4126;0.2216;331.8227;54.6560;31.1158;Palm;0.1739;0.0962;0.9801;0.1811;-0.1494;0.4828;0.9950;-0.0480;0.0876;0.0042;;;;;;;;;;;;;0;0.1890;-0.1727;0.3761;329.7236;4.3638;352.6693;Palm;1a8de386-fbfc-45ea-bcfc-bc92c9e075e7;1;Exposure;2026-04-01 13:26:04.7010;Hands;;OpenXR
Right;1;Exposure;0;NoMitigation;None;anonymous;Sample;850;0.4416;0.0296;-0.0160;-0.0053;357.4328;7.3804;1.1893;0.0296;-0.0160;-0.0053;0.9976;-0.0217;0.0646;0.0118;1;;;;;;;;;;;;;0;0.1871;-0.4128;0.2217;331.7873;54.6574;31.0994;Palm;0.1850;0.0998;0.9777;0.1825;-0.1491;0.4833;0.9944;-0.0497;0.0933;0.0047;;;;;;;;;;;;;0;0.1897;-0.1727;0.3767;329.6096;4.5210;353.4962;Palm;1a8de386-fbfc-45ea-bcfc-bc92c9e075e7;1;Exposure;2026-04-01 13:26:04.7264;Hands;;OpenXR
Right;1;Exposure;0;NoMitigation;None;anonymous;Sample;853;0.4540;0.0294;-0.0161;-0.0053;357.5176;7.3741;1.2470;0.0294;-0.0161;-0.0053;0.9976;-0.0209;0.0645;0.0122;1;;;;;;;;;;;;;0;0.1872;-0.4130;0.2218;331.7374;54.6564;31.0942;Palm;0.1947;0.1040;0.9753;0.1842;-0.1489;0.4840;0.9938;-0.0518;0.0982;0.0051;;;;;;;;;;;;;0;0.1912;-0.1731;0.3779;329.5107;4.7074;354.0907;Palm;1a8de386-fbfc-45ea-bcfc-bc92c9e075e7;1;Exposure;2026-04-01 13:26:04.7507;Hands;;OpenXR
Right;1;Exposure;0;NoMitigation;None;anonymous;Sample;856;0.4666;0.0292;-0.0161;-0.0052;357.5093;7.4029;1.2756;0.0292;-0.0161;-0.0052;0.9976;-0.0210;0.0648;0.0125;1;;;;;;;;;;;;;0;0.1873;-0.4130;0.2218;331.6145;54.6437;31.1445;Palm;0.2027;0.1089;0.9732;0.1863;-0.1491;0.4851;0.9933;-0.0542;0.1023;0.0056;;;;;;;;;;;;;0;0.1936;-0.1742;0.3796;329.4367;4.8959;354.3199;Palm;1a8de386-fbfc-45ea-bcfc-bc92c9e075e7;1;Exposure;2026-04-01 13:26:04.7761;Hands;;OpenXR
Right;1;Exposure;0;NoMitigation;None;anonymous;Sample;859;0.4790;0.0290;-0.0161;-0.0051;357.4716;7.4666;1.3315;0.0290;-0.0161;-0.0051;0.9976;-0.0213;0.0653;0.0130;1;;;;;;;;;;;;;0;0.1873;-0.4131;0.2219;331.5454;54.6492;31.1173;Palm;0.2083;0.1148;0.9713;0.1886;-0.1494;0.4860;0.9928;-0.0572;0.1052;0.0061;;;;;;;;;;;;;0;0.1956;-0.1751;0.3801;329.2871;4.8956;354.4876;Palm;1a8de386-fbfc-45ea-bcfc-bc92c9e075e7;1;Exposure;2026-04-01 13:26:04.8010;Hands;;OpenXR
Right;1;Exposure;0;NoMitigation;None;anonymous;Sample;862;0.4915;0.0288;-0.0161;-0.0050;357.5069;7.5478;1.4133;0.0288;-0.0161;-0.0050;0.9975;-0.0209;0.0661;0.0137;1;;;;;;;;;;;;;0;0.1875;-0.4132;0.2220;331.5046;54.6512;31.1000;Palm;0.2128;0.1218;0.9695;0.1908;-0.1498;0.4868;0.9923;-0.0607;0.1076;0.0066;;;;;;;;;;;;;0;0.1976;-0.1765;0.3808;329.2172;5.0259;354.5735;Palm;1a8de386-fbfc-45ea-bcfc-bc92c9e075e7;1;Exposure;2026-04-01 13:26:04.8264;Hands;;OpenXR
Right;1;Exposure;0;NoMitigation;None;anonymous;Sample;865;0.5040;0.0285;-0.0159;-0.0048;357.4434;7.6671;1.4286;0.0285;-0.0159;-0.0048;0.9974;-0.0214;0.0671;0.0139;1;;;;;;;;;;;;;0;0.1878;-0.4133;0.2222;331.4766;54.6512;31.0869;Palm;0.2174;0.1294;0.9675;0.1932;-0.1504;0.4875;0.9918;-0.0644;0.1101;0.0071;;;;;;;;;;;;;0;0.1996;-0.1779;0.3816;329.1870;5.2797;354.6259;Palm;1a8de386-fbfc-45ea-bcfc-bc92c9e075e7;1;Exposure;2026-04-01 13:26:04.8507;Hands;;OpenXR
Right;1;Exposure;0;NoMitigation;None;anonymous;Sample;868;0.5165;0.0279;-0.0153;-0.0043;357.1782;7.7508;1.4974;0.0279;-0.0153;-0.0043;0.9973;-0.0237;0.0679;0.0147;1;;;;;;;;;;;;;0;0.1879;-0.4133;0.2224;331.4503;54.6472;31.0644;Palm;0.2223;0.1369;0.9653;0.1955;-0.1508;0.4880;0.9913;-0.0682;0.1127;0.0077;;;;;;;;;;;;;0;0.2012;-0.1786;0.3815;329.1191;5.5245;354.6074;Palm;1a8de386-fbfc-45ea-bcfc-bc92c9e075e7;1;Exposure;2026-04-01 13:26:04.8761;Hands;;OpenXR
Right;1;Exposure;0;NoMitigation;None;anonymous;Sample;871;0.5290;0.0272;-0.0149;-0.0041;356.8533;7.7881;1.7054;0.0272;-0.0149;-0.0041;0.9972;-0.0264;0.0683;0.0167;1;;;;;;;;;;;;;0;0.1879;-0.4133;0.2225;331.4293;54.6403;31.0411;Palm;0.2264;0.1434;0.9634;0.1977;-0.1511;0.4879;0.9908;-0.0714;0.1148;0.0083;;;;;;;;;;;;;0;0.2028;-0.1791;0.3807;329.0142;5.6892;354.5265;Palm;1a8de386-fbfc-45ea-bcfc-bc92c9e075e7;1;Exposure;2026-04-01 13:26:04.9014;Hands;;OpenXR
Right;1;Exposure;0;NoMitigation;None;anonymous;Sample;874;0.5415;0.0262;-0.0142;-0.0038;356.5433;7.7396;2.0589;0.0262;-0.0142;-0.0038;0.9971;-0.0289;0.0680;0.0200;1;;;;;;;;;;;;;0;0.1878;-0.4132;0.2226;331.4186;54.6322;31.0301;Palm;0.2291;0.1483;0.9620;0.1998;-0.1512;0.4872;0.9904;-0.0739;0.1163;0.0087;;;;;;;;;;;;;0;0.2048;-0.1795;0.3790;328.8186;5.7792;354.3622;Palm;1a8de386-fbfc-45ea-bcfc-bc92c9e075e7;1;Exposure;2026-04-01 13:26:04.9263;Hands;;OpenXR
Right;1;Exposure;0;NoMitigation;None;anonymous;Sample;877;0.5540;0.0252;-0.0134;-0.0032;355.9457;7.6252;2.6051;0.0252;-0.0134;-0.0032;0.9969;-0.0338;0.0672;0.0250;1;;;;;;;;;;;;;0;0.1875;-0.4131;0.2223;331.4685;54.6257;31.0477;Palm;0.2255;0.1563;0.9616;0.2012;-0.1501;0.4823;0.9903;-0.0778;0.1146;0.0090;;;;;;;;;;;;;0;0.2064;-0.1780;0.3672;327.6467;5.1038;353.6863;Palm;1a8de386-fbfc-45ea-bcfc-bc92c9e075e7;1;Exposure;2026-04-01 13:26:04.9506;Hands;;OpenXR
Right;1;Exposure;0;NoMitigation;None;anonymous;Sample;880;0.5666;0.0239;-0.0124;-0.0029;355.1967;7.5134;3.2318;0.0239;-0.0124;-0.0029;0.9965;-0.0400;0.0666;0.0309;1;;;;;;;;;;;;;0;0.1870;-0.4130;0.2218;331.5885;54.6131;31.0925;Palm;0.2163;0.1661;0.9621;0.2018;-0.1481;0.4757;0.9904;-0.0828;0.1100;0.0092;;;;;;;;;;;;;0;0.2074;-0.1769;0.3599;326.5416;4.4444;353.0760;Palm;1a8de386-fbfc-45ea-bcfc-bc92c9e075e7;1;Exposure;2026-04-01 13:26:04.9760;Hands;;OpenXR
Right;1;Exposure;0;NoMitigation;None;anonymous;Sample;883;0.5790;0.0223;-0.0108;-0.0025;354.4428;7.4344;3.7220;0.0223;-0.0108;-0.0025;0.9961;-0.0462;0.0663;0.0355;1;;;;;;;;;;;;;0;0.1868;-0.4134;0.2222;332.7579;54.4237;31.4153;Palm;0.1918;0.1669;0.9671;0.2002;-0.1457;0.4641;0.9917;-0.0834;0.0974;0.0082;;;;;;;;;;;;;0;0.2071;-0.1750;0.3399;324.2903;2.1638;351.8777;Palm;1a8de386-fbfc-45ea-bcfc-bc92c9e075e7;1;Exposure;2026-04-01 13:26:05.0009;Hands;;OpenXR
Right;1;Exposure;0;NoMitigation;None;anonymous;Sample;886;0.5916;0.0206;-0.0087;-0.0018;353.1081;7.1008;4.5195;0.0206;-0.0087;-0.0018;0.9954;-0.0575;0.0641;0.0430;1;;;;;;;;;;;;;0;0.1867;-0.4133;0.2221;334.1126;54.3676;31.6444;Palm;0.1522;0.1460;0.9775;0.1970;-0.1442;0.4478;0.9943;-0.0730;0.0770;0.0056;;;;;;;;;;;;;0;0.2074;-0.1740;0.3167;322.0996;359.8767;350.5133;Palm;1a8de386-fbfc-45ea-bcfc-bc92c9e075e7;1;Exposure;2026-04-01 13:26:05.0263;Hands;;OpenXR
Right;1;Exposure;0;NoMitigation;None;anonymous;Sample;889;0.6039;0.0187;-0.0068;-0.0013;351.5533;6.5319;5.3754;0.0187;-0.0068;-0.0013;0.9944;-0.0708;0.0602;0.0509;1;;;;;;;;;;;;;0;0.1865;-0.4126;0.2217;335.2751;54.3765;31.7952;Palm;0.1052;0.1134;0.9880;0.1932;-0.1438;0.4291;0.9970;-0.0567;0.0530;0.0030;;;;;;;;;;;;;0;0.2081;-0.1733;0.2969;320.3200;358.0554;349.4534;Palm;1a8de386-fbfc-45ea-bcfc-bc92c9e075e7;1;Exposure;2026-04-01 13:26:05.0498;Hands;;OpenXR
Right;1;Exposure;0;NoMitigation;None;anonymous;Sample;892;0.6165;0.0166;-0.0056;-0.0010;350.4686;5.9661;6.0283;0.0166;-0.0056;-0.0010;0.9936;-0.0801;0.0562;0.0566;1;;;;;;;;;;;;;0;0.1860;-0.4115;0.2212;336.2647;54.3549;31.8471;Palm;0.0562;0.0481;0.9973;0.1907;-0.1468;0.4096;0.9993;-0.0241;0.0282;0.0007;;;;;;;;;;;;;0;0.2119;-0.1766;0.2775;319.1044;357.5105;348.3220;Palm;1a8de386-fbfc-45ea-bcfc-bc92c9e075e7;1;Exposure;2026-04-01 13:26:05.0762;Hands;;OpenXR
Right;1;Exposure;0;NoMitigation;None;anonymous;Sample;895;0.6289;0.0144;-0.0040;-0.0008;349.7062;5.4937;6.5163;0.0144;-0.0040;-0.0008;0.9930;-0.0867;0.0527;0.0608;1;;;;;;;;;;;;;0;0.1848;-0.4093;0.2206;337.2429;54.2858;31.7724;Palm;0.0109;-0.0297;0.9995;0.1897;-0.1521;0.3905;0.9999;0.0148;0.0054;-0.0001;;;;;;;;;;;;;0;0.2155;-0.1796;0.2600;317.9380;357.0852;347.2045;Palm;1a8de386-fbfc-45ea-bcfc-bc92c9e075e7;1;Exposure;2026-04-01 13:26:05.1000;Hands;;OpenXR
Right;1;Exposure;0;NoMitigation;None;anonymous;Sample;898;0.6415;0.0122;-0.0022;0.0000;348.2925;4.7892;7.2717;0.0122;-0.0022;0.0000;0.9916;-0.0991;0.0479;0.0673;1;;;;;;;;;;;;;0;0.1850;-0.4090;0.2202;337.7091;54.3587;31.6405;Palm;-0.0518;-0.1603;0.9857;0.1887;-0.1621;0.3707;0.9964;0.0804;-0.0262;0.0021;;;;;;;;;;;;;0;0.2199;-0.1864;0.2444;315.7651;356.7796;344.7192;Palm;1a8de386-fbfc-45ea-bcfc-bc92c9e075e7;1;Exposure;2026-04-01 13:26:05.1260;Hands;;OpenXR
Right;1;Exposure;0;NoMitigation;None;anonymous;Sample;901;0.6540;0.0096;-0.0010;0.0003;347.1389;3.8996;8.1275;0.0096;-0.0010;0.0003;0.9904;-0.1093;0.0417;0.0742;1;;;;;;;;;;;;;0;0.1852;-0.4089;0.2201;337.8702;54.4289;31.5838;Palm;-0.1235;-0.2909;0.9488;0.1881;-0.1751;0.3516;0.9871;0.1467;-0.0640;0.0095;;;;;;;;;;;;;0;0.2262;-0.1995;0.2318;312.5658;355.0250;343.2076;Palm;1a8de386-fbfc-45ea-bcfc-bc92c9e075e7;1;Exposure;2026-04-01 13:26:05.1504;Hands;;OpenXR
Right;1;Exposure;0;NoMitigation;None;anonymous;Sample;904;0.6665;0.0070;-0.0005;0.0005;346.6328;3.1475;8.6416;0.0070;-0.0005;0.0005;0.9898;-0.1140;0.0360;0.0780;1;;;;;;;;;;;;;0;0.1854;-0.4088;0.2201;337.8875;54.4672;31.5682;Palm;-0.1914;-0.4040;0.8945;0.1879;-0.1881;0.3324;0.9730;0.2053;-0.1029;0.0217;;;;;;;;;;;;;0;0.2311;-0.2081;0.2184;310.1787;353.7581;341.9523;Palm;1a8de386-fbfc-45ea-bcfc-bc92c9e075e7;1;Exposure;2026-04-01 13:26:05.1762;Hands;;OpenXR
Right;1;Exposure;0;NoMitigation;None;anonymous;Sample;907;0.6789;0.0048;0.0005;0.0010;346.0726;2.3485;9.2706;0.0048;0.0005;0.0010;0.9890;-0.1192;0.0301;0.0827;1;;;;;;;;;;;;;0;0.1858;-0.4090;0.2203;337.8771;54.5018;31.5655;Palm;-0.2412;-0.4929;0.8360;0.1901;-0.2017;0.3159;0.9574;0.2524;-0.1354;0.0357;;;;;;;;;;;;;0;0.2397;-0.2216;0.2101;309.7516;353.5506;341.4572;Palm;1a8de386-fbfc-45ea-bcfc-bc92c9e075e7;1;Exposure;2026-04-01 13:26:05.2010;Hands;;OpenXR
Right;1;Exposure;0;NoMitigation;None;anonymous;Sample;910;0.6916;0.0028;0.0013;0.0014;345.1715;1.3732;10.1835;0.0028;0.0013;0.0014;0.9875;-0.1275;0.0233;0.0895;1;;;;;;;;;;;;;0;0.1867;-0.4099;0.2208;337.8240;54.5336;31.5785;Palm;-0.2722;-0.5617;0.7812;0.1955;-0.2167;0.3027;0.9424;0.2897;-0.1595;0.0490;;;;;;;;;;;;;0;0.2495;-0.2358;0.2037;309.7790;353.5760;341.3388;Palm;1a8de386-fbfc-45ea-bcfc-bc92c9e075e7;1;Exposure;2026-04-01 13:26:05.2265;Hands;;OpenXR
Right;1;Exposure;0;NoMitigation;None;anonymous;Sample;913;0.7040;0.0008;0.0014;0.0016;344.7514;0.4878;10.8723;0.0008;0.0014;0.0016;0.9866;-0.1317;0.0168;0.0945;1;;;;;;;;;;;;;0;0.1880;-0.4116;0.2218;337.6563;54.5933;31.6242;Palm;-0.2894;-0.6005;0.7454;0.2029;-0.2312;0.2929;0.9324;0.3111;-0.1747;0.0583;;;;;;;;;;;;;0;0.2595;-0.2493;0.1980;309.7270;353.5674;341.2783;Palm;1a8de386-fbfc-45ea-bcfc-bc92c9e075e7;1;Exposure;2026-04-01 13:26:05.2508;Hands;;OpenXR
Right;1;Exposure;0;NoMitigation;None;anonymous;Sample;916;0.7165;-0.0008;0.0016;0.0018;344.8656;359.9459;10.9381;-0.0008;0.0016;0.0018;0.9868;-0.1311;0.0121;0.0944;1;;;;;;;;;;;;;0;0.1889;-0.4130;0.2224;337.4098;54.6681;31.6996;Palm;-0.3022;-0.6255;0.7193;0.2110;-0.2450;0.2835;0.9248;0.3250;-0.1864;0.0655;;;;;;;;;;;;;0;0.2683;-0.2620;0.1890;309.8021;354.1260;340.3926;Palm;1a8de386-fbfc-45ea-bcfc-bc92c9e075e7;1;Exposure;2026-04-01 13:26:05.2761;Hands;;OpenXR
Right;1;Exposure;0;NoMitigation;None;anonymous;Sample;919;0.7295;-0.0018;0.0017;0.0024;344.6378;359.4848;11.2417;-0.0018;0.0017;0.0024;0.9863;-0.1335;0.0087;0.0965;1;;;;;;;;;;;;;0;0.1896;-0.4145;0.2228;337.0594;54.7487;31.8055;Palm;-0.3158;-0.6377;0.7026;0.2197;-0.2595;0.2742;0.9199;0.3313;-0.1973;0.0711;;;;;;;;;;;;;0;0.2772;-0.2774;0.1802;310.8667;356.3910;337.6286;Palm;1a8de386-fbfc-45ea-bcfc-bc92c9e075e7;1;Exposure;2026-04-01 13:26:05.3025;Hands;;OpenXR
Right;1;Exposure;0;NoMitigation;None;anonymous;Sample;922;0.7421;-0.0027;0.0014;0.0027;344.6315;359.0386;11.5273;-0.0027;0.0014;0.0027;0.9861;-0.1339;0.0052;0.0984;1;;;;;;;;;;;;;0;0.1902;-0.4154;0.2235;336.8142;54.7958;31.8712;Palm;-0.3298;-0.6487;0.6859;0.2274;-0.2745;0.2659;0.9149;0.3370;-0.2086;0.0768;;;;;;;;;;;;;0;0.2846;-0.2933;0.1730;311.3163;357.4143;335.9796;Palm;1a8de386-fbfc-45ea-bcfc-bc92c9e075e7;1;Exposure;2026-04-01 13:26:05.3264;Hands;;OpenXR
Right;1;Exposure;0;NoMitigation;None;anonymous;Sample;925;0.7543;-0.0033;0.0011;0.0030;344.8840;358.9016;11.5723;-0.0033;0.0011;0.0030;0.9863;-0.1318;0.0038;0.0987;1;;;;;;;;;;;;;0;0.1907;-0.4164;0.2240;336.6811;54.8692;31.8866;Palm;-0.3432;-0.6668;0.6615;0.2344;-0.2900;0.2587;0.9075;0.3467;-0.2214;0.0846;;;;;;;;;;;;;0;0.2914;-0.3091;0.1689;311.9677;359.7273;333.7984;Palm;1a8de386-fbfc-45ea-bcfc-bc92c9e075e7;1;Exposure;2026-04-01 13:26:05.3508;Hands;;OpenXR
Right;1;Exposure;0;NoMitigation;None;anonymous;Sample;928;0.7686;-0.0038;0.0010;0.0033;345.1259;358.8223;11.5039;-0.0038;0.0010;0.0033;0.9867;-0.1298;0.0028;0.0981;1;;;;;;;;;;;;;0;0.1911;-0.4174;0.2244;336.6104;54.9455;31.8791;Palm;-0.3610;-0.6974;0.6191;0.2429;-0.3094;0.2497;0.8944;0.3633;-0.2417;0.0982;;;;;;;;;;;;;0;0.2986;-0.3233;0.1628;312.4326;1.5186;331.9273;Palm;1a8de386-fbfc-45ea-bcfc-bc92c9e075e7;1;Exposure;2026-04-01 13:26:05.3808;Hands;;OpenXR
Right;1;Exposure;0;NoMitigation;None;anonymous;Sample;931;0.7796;-0.0043;0.0008;0.0036;345.1232;358.5873;11.7009;-0.0043;0.0008;0.0036;0.9865;-0.1300;0.0010;0.0995;1;;;;;;;;;;;;;0;0.1915;-0.4172;0.2244;336.4857;55.1639;31.8753;Palm;-0.3820;-0.7457;0.5459;0.2480;-0.3213;0.2416;0.8705;0.3896;-0.2743;0.1228;;;;;;;;;;;;;0;0.3032;-0.3266;0.1601;311.9891;2.5172;330.1136;Palm;1a8de386-fbfc-45ea-bcfc-bc92c9e075e7;1;Exposure;2026-04-01 13:26:05.4022;Hands;;OpenXR
Right;1;Exposure;0;NoMitigation;None;anonymous;Sample;934;0.7920;-0.0045;0.0007;0.0040;344.9190;358.2294;12.0975;-0.0045;0.0007;0.0040;0.9859;-0.1321;-0.0014;0.1024;1;;;;;;;;;;;;;0;0.1920;-0.4172;0.2244;336.2497;55.4620;31.7970;Palm;-0.4032;-0.7989;0.4463;0.2535;-0.3331;0.2322;0.8351;0.4166;-0.3214;0.1603;;;;;;;;;;;;;0;0.3092;-0.3363;0.1555;312.5535;5.0242;328.1458;Palm;1a8de386-fbfc-45ea-bcfc-bc92c9e075e7;1;Exposure;2026-04-01 13:26:05.4275;Hands;;OpenXR
Right;1;Exposure;0;NoMitigation;None;anonymous;Sample;937;0.0000;-0.0048;0.0007;0.0042;344.9206;358.0966;12.0421;-0.0048;0.0007;0.0042;0.9860;-0.1322;-0.0026;0.1018;0;;;;;;;;;;;;;0;0.1925;-0.4174;0.2244;335.7753;55.8689;31.5329;Palm;-0.4214;-0.8465;0.3255;0.2612;-0.3468;0.2229;0.7857;0.4340;-0.3859;0.2131;;;;;;;;;;;;;0;0.3173;-0.3508;0.1508;314.9392;10.1934;325.9515;Palm;1a8de386-fbfc-45ea-bcfc-bc92c9e075e7;1;Exposure;2026-04-01 13:26:05.4520;Hands;;OpenXR
Right;1;Exposure;0;NoMitigation;None;anonymous;Sample;940;0.0000;-0.0048;0.0005;0.0043;345.1206;358.1476;11.8887;-0.0048;0.0005;0.0043;0.9863;-0.1304;-0.0025;0.1006;0;;;;;;;;;;;;;0;0.1926;-0.4184;0.2245;334.9081;56.1166;31.2306;Palm;-0.4246;-0.8851;0.1906;0.2690;-0.3611;0.2148;0.7186;0.4340;-0.4651;0.2809;;;;;;;;;;;;;0;0.3195;-0.3617;0.1491;316.8330;13.0290;328.4029;Palm;1a8de386-fbfc-45ea-bcfc-bc92c9e075e7;1;Exposure;2026-04-01 13:26:05.4764;Hands;;OpenXR
Right;1;Exposure;0;NoMitigation;None;anonymous;Sample;943;0.0000;-0.0046;0.0002;0.0044;345.2957;358.1776;11.8627;-0.0046;0.0002;0.0044;0.9866;-0.1289;-0.0025;0.1004;0;;;;;;;;;;;;;0;0.1926;-0.4198;0.2246;334.0398;56.3129;30.8855;Palm;-0.4239;-0.9053;0.0258;0.2765;-0.3745;0.2056;0.6146;0.3906;-0.5784;0.3676;;;;;;;;;;;;;0;0.3203;-0.3700;0.1464;317.4520;15.4981;329.5853;Palm;1a8de386-fbfc-45ea-bcfc-bc92c9e075e7;1;Exposure;2026-04-01 13:26:05.5029;Hands;;OpenXR
Right;1;Exposure;0;NoMitigation;None;anonymous;Sample;946;0.0000;-0.0044;0.0001;0.0046;345.3478;358.1535;11.8893;-0.0044;0.0001;0.0046;0.9866;-0.1285;-0.0027;0.1007;0;;;;;;;;;;;;;0;0.1927;-0.4214;0.2245;333.0839;56.4481;30.4462;Palm;-0.4220;-0.8996;-0.1120;0.2807;-0.3824;0.1985;0.5167;0.3236;-0.6718;0.4207;;;;;;;;;;;;;0;0.3189;-0.3758;0.1441;317.3101;18.1369;330.6747;Palm;1a8de386-fbfc-45ea-bcfc-bc92c9e075e7;1;Exposure;2026-04-01 13:26:05.5264;Hands;;OpenXR
Right;1;Exposure;0;NoMitigation;None;anonymous;Sample;949;0.0000;-0.0041;0.0000;0.0048;345.4165;358.1782;11.8732;-0.0041;0.0000;0.0048;0.9867;-0.1279;-0.0026;0.1006;0;;;;;;;;;;;;;0;0.1929;-0.4235;0.2245;332.5789;56.4638;30.2205;Palm;-0.4241;-0.8700;-0.2514;0.2835;-0.3878;0.1916;-0.4277;-0.2492;0.7507;-0.4374;;;;;;;;;;;;;0;0.3162;-0.3794;0.1439;317.0204;20.4580;329.6993;Palm;1a8de386-fbfc-45ea-bcfc-bc92c9e075e7;1;Exposure;2026-04-01 13:26:05.5517;Hands;;OpenXR
Right;1;Exposure;0;NoMitigation;None;anonymous;Sample;952;0.0000;-0.0038;-0.0001;0.0050;345.4835;358.2013;11.8462;-0.0038;-0.0001;0.0050;0.9868;-0.1273;-0.0025;0.1004;0;;;;;;;;;;;;;0;0.1931;-0.4257;0.2245;332.2861;56.4406;30.0943;Palm;-0.4293;-0.8226;-0.3729;0.2848;-0.3910;0.1860;-0.3674;-0.1927;0.8058;-0.4226;;;;;;;;;;;;;0;0.3147;-0.3839;0.1431;316.8354;22.8526;328.4138;Palm;1a8de386-fbfc-45ea-bcfc-bc92c9e075e7;1;Exposure;2026-04-01 13:26:05.5761;Hands;;OpenXR
Right;1;Exposure;0;NoMitigation;None;anonymous;Sample;955;0.0000;-0.0036;-0.0001;0.0050;345.5241;358.1971;11.8891;-0.0036;-0.0001;0.0050;0.9868;-0.1269;-0.0025;0.1008;0;;;;;;;;;;;;;0;0.1933;-0.4265;0.2244;332.0293;56.4406;29.9319;Palm;-0.4325;-0.7741;-0.4623;0.2841;-0.3922;0.1815;-0.3319;-0.1573;0.8405;-0.3984;;;;;;;;;;;;;0;0.3080;-0.3840;0.1420;316.2765;24.3726;326.7551;Palm;1a8de386-fbfc-45ea-bcfc-bc92c9e075e7;1;Exposure;2026-04-01 13:26:05.6016;Hands;;OpenXR
Right;1;Exposure;0;NoMitigation;None;anonymous;Sample;958;0.0000;-0.0035;0.0000;0.0051;345.4236;358.1236;11.9266;-0.0035;0.0000;0.0051;0.9866;-0.1278;-0.0030;0.1010;0;;;;;;;;;;;;;0;0.1933;-0.4266;0.2243;331.8469;56.4431;29.8018;Palm;-0.4310;-0.7296;-0.5309;0.2812;-0.3913;0.1777;-0.3068;-0.1330;0.8647;-0.3747;;;;;;;;;;;;;0;0.3030;-0.3838;0.1413;316.0461;25.2098;324.9548;Palm;1a8de386-fbfc-45ea-bcfc-bc92c9e075e7;1;Exposure;2026-04-01 13:26:05.6280;Hands;;OpenXR
Right;1;Exposure;0;NoMitigation;None;anonymous;Sample;961;0.0000;-0.0035;0.0002;0.0050;345.2650;357.9930;12.0472;-0.0035;0.0002;0.0050;0.9864;-0.1293;-0.0038;0.1018;0;;;;;;;;;;;;;0;0.1934;-0.4265;0.2242;331.8247;56.4345;29.7953;Palm;-0.4278;-0.6999;-0.5720;0.2789;-0.3901;0.1757;-0.2922;-0.1193;0.8785;-0.3587;;;;;;;;;;;;;0;0.3019;-0.3842;0.1417;316.5971;25.3678;323.1774;Palm;1a8de386-fbfc-45ea-bcfc-bc92c9e075e7;1;Exposure;2026-04-01 13:26:05.6513;Hands;;OpenXR
Right;1;Exposure;0;NoMitigation;None;anonymous;Sample;964;0.0000;-0.0035;0.0005;0.0049;345.1116;357.8559;12.1993;-0.0035;0.0005;0.0049;0.9860;-0.1308;-0.0047;0.1029;0;;;;;;;;;;;;;0;0.1934;-0.4264;0.2240;331.8197;56.4481;29.7556;Palm;-0.4868;-0.8286;-0.2765;0.2762;-0.3919;0.1904;-0.4442;-0.2360;0.7633;-0.4055;;;;;;;;;;;;;0;0.3000;-0.3884;0.1456;321.4126;21.6684;321.7898;Palm;1a8de386-fbfc-45ea-bcfc-bc92c9e075e7;1;Exposure;2026-04-01 13:26:05.6762;Hands;;OpenXR
Right;1;Exposure;0;NoMitigation;None;anonymous;Sample;967;0.0000;-0.0036;0.0009;0.0048;344.8100;357.6772;12.2803;-0.0036;0.0009;0.0048;0.9856;-0.1335;-0.0058;0.1033;0;;;;;;;;;;;;;0;0.1934;-0.4263;0.2238;331.8116;56.4654;29.7072;Palm;-0.5075;-0.8607;-0.0409;0.2740;-0.3934;0.2021;0.5891;0.3360;-0.6384;0.3641;;;;;;;;;;;;;0;0.2987;-0.3917;0.1470;323.9525;20.2394;320.7126;Palm;1a8de386-fbfc-45ea-bcfc-bc92c9e075e7;1;Exposure;2026-04-01 13:26:05.7015;Hands;;OpenXR
Right;1;Exposure;0;NoMitigation;None;anonymous;Sample;970;0.0000;-0.0037;0.0011;0.0047;344.6483;357.5360;12.3040;-0.0037;0.0011;0.0047;0.9854;-0.1351;-0.0069;0.1033;0;;;;;;;;;;;;;0;0.1935;-0.4261;0.2237;331.8492;56.5287;29.6113;Palm;-0.4772;-0.8307;0.2867;0.2791;-0.3985;0.2186;0.7678;0.4098;-0.4345;0.2318;;;;;;;;;;;;;0;0.3055;-0.4110;0.1500;332.2715;20.1949;321.1554;Palm;1a8de386-fbfc-45ea-bcfc-bc92c9e075e7;1;Exposure;2026-04-01 13:26:05.7268;Hands;;OpenXR
Right;1;Exposure;0;NoMitigation;None;anonymous;Sample;973;0.0000;-0.0036;0.0012;0.0046;344.6277;357.5245;12.2044;-0.0036;0.0012;0.0046;0.9855;-0.1352;-0.0071;0.1024;0;;;;;;;;;;;;;0;0.1938;-0.4257;0.2235;331.9481;56.6961;29.4369;Palm;-0.3912;-0.7300;0.5605;0.2872;-0.4030;0.2316;0.8752;0.3795;-0.2752;0.1193;;;;;;;;;;;;;0;0.3105;-0.4166;0.1482;334.7485;18.9189;321.4351;Palm;1a8de386-fbfc-45ea-bcfc-bc92c9e075e7;1;Exposure;2026-04-01 13:26:05.7511;Hands;;OpenXR
Right;1;Exposure;0;NoMitigation;None;anonymous;Sample;976;0.0000;-0.0035;0.0012;0.0045;344.6826;357.5709;12.1239;-0.0035;0.0012;0.0045;0.9856;-0.1347;-0.0068;0.1018;0;;;;;;;;;;;;;0;0.1941;-0.4252;0.2232;332.0984;56.9512;29.2062;Palm;-0.2843;-0.5859;0.7589;0.2955;-0.4042;0.2406;0.9362;0.3030;-0.1696;0.0549;;;;;;;;;;;;;0;0.3137;-0.4201;0.1465;336.5414;17.7403;321.4876;Palm;1a8de386-fbfc-45ea-bcfc-bc92c9e075e7;1;Exposure;2026-04-01 13:26:05.7776;Hands;;OpenXR
Right;1;Exposure;0;NoMitigation;None;anonymous;Sample;979;0.0000;-0.0033;0.0010;0.0045;344.7688;357.6567;12.0730;-0.0033;0.0010;0.0045;0.9858;-0.1339;-0.0062;0.1015;0;;;;;;;;;;;;;0;0.1943;-0.4245;0.2229;332.3253;57.2827;28.9034;Palm;-0.2086;-0.4650;0.8604;0.2995;-0.4036;0.2452;0.9640;0.2378;-0.1152;0.0284;;;;;;;;;;;;;0;0.3114;-0.4194;0.1453;336.5723;15.8329;321.0808;Palm;1a8de386-fbfc-45ea-bcfc-bc92c9e075e7;1;Exposure;2026-04-01 13:26:05.8008;Hands;;OpenXR
Right;1;Exposure;0;NoMitigation;None;anonymous;Sample;982;0.0000;-0.0032;0.0008;0.0045;344.8925;357.7976;12.0269;-0.0032;0.0008;0.0045;0.9859;-0.1327;-0.0052;0.1013;0;;;;;;;;;;;;;0;0.1944;-0.4237;0.2227;332.6088;57.6651;28.5196;Palm;-0.1681;-0.3681;0.9144;0.2980;-0.4017;0.2474;0.9782;0.1866;-0.0892;0.0170;;;;;;;;;;;;;0;0.3071;-0.4161;0.1432;335.5949;13.8168;320.6797;Palm;1a8de386-fbfc-45ea-bcfc-bc92c9e075e7;1;Exposure;2026-04-01 13:26:05.8267;Hands;;OpenXR
Right;1;Exposure;0;NoMitigation;None;anonymous;Sample;985;0.0000;-0.0031;0.0005;0.0045;345.0645;357.9419;11.9931;-0.0031;0.0005;0.0045;0.9862;-0.1311;-0.0041;0.1012;0;;;;;;;;;;;;;0;0.1945;-0.4230;0.2227;332.9269;58.0746;28.0427;Palm;-0.1747;-0.3305;0.9275;0.2926;-0.4005;0.2471;0.9816;0.1669;-0.0916;0.0156;;;;;;;;;;;;;0;0.3039;-0.4131;0.1412;334.1935;12.3133;320.5434;Palm;1a8de386-fbfc-45ea-bcfc-bc92c9e075e7;1;Exposure;2026-04-01 13:26:05.8521;Hands;;OpenXR
Right;1;Exposure;0;NoMitigation;None;anonymous;Sample;988;0.0000;-0.0029;0.0001;0.0046;345.3370;358.1560;11.9063;-0.0029;0.0001;0.0046;0.9866;-0.1286;-0.0026;0.1008;0;;;;;;;;;;;;;0;0.1945;-0.4227;0.2226;333.2634;58.3761;27.5928;Palm;-0.1953;-0.3207;0.9268;0.2864;-0.3988;0.2460;0.9814;0.1616;-0.1023;0.0168;;;;;;;;;;;;;0;0.2983;-0.4092;0.1408;332.4646;10.6732;321.3316;Palm;1a8de386-fbfc-45ea-bcfc-bc92c9e075e7;1;Exposure;2026-04-01 13:26:05.8759;Hands;;OpenXR
Right;1;Exposure;0;NoMitigation;None;anonymous;Sample;991;0.0000;-0.0027;-0.0004;0.0047;345.7079;358.4872;11.7376;-0.0027;-0.0004;0.0047;0.9871;-0.1251;-0.0003;0.0998;0;;;;;;;;;;;;;0;0.1945;-0.4226;0.2225;333.5741;58.6496;27.1847;Palm;-0.2217;-0.3172;0.9221;0.2788;-0.3966;0.2445;0.9801;0.1596;-0.1162;0.0189;;;;;;;;;;;;;0;0.2944;-0.4074;0.1402;331.6063;9.2483;321.7788;Palm;1a8de386-fbfc-45ea-bcfc-bc92c9e075e7;1;Exposure;2026-04-01 13:26:05.9019;Hands;;OpenXR
Right;1;Exposure;0;NoMitigation;None;anonymous;Sample;994;0.0000;-0.0024;-0.0010;0.0049;346.0523;358.7848;11.6697;-0.0024;-0.0010;0.0049;0.9875;-0.1219;0.0019;0.0996;0;;;;;;;;;;;;;0;0.1946;-0.4226;0.2224;334.0348;58.9546;26.7516;Palm;-0.2341;-0.3198;0.9181;0.2741;-0.3952;0.2434;0.9791;0.1608;-0.1229;0.0202;;;;;;;;;;;;;0;0.2941;-0.4063;0.1396;331.5947;8.9975;323.1135;Palm;1a8de386-fbfc-45ea-bcfc-bc92c9e075e7;1;Exposure;2026-04-01 13:26:05.9268;Hands;;OpenXR
Right;1;Exposure;0;NoMitigation;None;anonymous;Sample;997;0.0000;-0.0020;-0.0018;0.0050;346.5357;359.1296;11.6339;-0.0020;-0.0018;0.0050;0.9881;-0.1174;0.0044;0.0998;0;;;;;;;;;;;;;0;0.1948;-0.4225;0.2225;334.5061;59.1309;26.4635;Palm;-0.2290;-0.3239;0.9180;0.2713;-0.3946;0.2428;0.9791;0.1630;-0.1203;0.0200;;;;;;;;;;;;;0;0.2938;-0.4064;0.1395;331.8804;8.3695;325.4422;Palm;1a8de386-fbfc-45ea-bcfc-bc92c9e075e7;1;Exposure;2026-04-01 13:26:05.9563;Hands;;OpenXR
Right;1;Exposure;0;NoMitigation;None;anonymous;Sample;1000;0.0000;-0.0015;-0.0026;0.0051;347.1006;359.5966;11.4916;-0.0015;-0.0026;0.0051;0.9887;-0.1121;0.0078;0.0991;0;;;;;;;;;;;;;0;0.1950;-0.4223;0.2228;334.9698;59.2459;26.2462;Palm;-0.2151;-0.3237;0.9214;0.2707;-0.3947;0.2430;0.9800;0.1630;-0.1129;0.0188;;;;;;;;;;;;;0;0.2936;-0.4067;0.1396;332.2360;7.5798;327.6538;Palm;1a8de386-fbfc-45ea-bcfc-bc92c9e075e7;1;Exposure;2026-04-01 13:26:05.9762;Hands;;OpenXR
Right;1;Exposure;0;NoMitigation;None;anonymous;Sample;1002;0.0000;-0.0011;-0.0031;0.0052;347.5553;0.0134;11.2737;-0.0011;-0.0031;0.0052;0.9893;-0.1079;0.0108;0.0977;0;;;;;;;;;;;;;0;0.1951;-0.4222;0.2227;335.2088;59.3343;26.1553;Palm;-0.1946;-0.3168;0.9283;0.2710;-0.3947;0.2433;0.9818;0.1596;-0.1018;0.0166;;;;;;;;;;;;;0;0.2942;-0.4068;0.1395;332.5860;7.4035;328.5588;Palm;1a8de386-fbfc-45ea-bcfc-bc92c9e075e7;1;Exposure;2026-04-01 13:26:05.9991;Hands;;OpenXR
Right;1;Exposure;0;NoMitigation;None;anonymous;Sample;1006;0.0000;-0.0001;-0.0043;0.0054;348.4390;0.8873;10.8914;-0.0001;-0.0043;0.0054;0.9903;-0.0995;0.0172;0.0952;0;;;;;;;;;;;;;0;0.1953;-0.4223;0.2223;335.4754;59.5327;26.0369;Palm;-0.1515;-0.2894;0.9451;0.2745;-0.3939;0.2440;0.9861;0.1458;-0.0785;0.0116;;;;;;;;;;;;;0;0.2971;-0.4068;0.1388;333.2985;7.4632;329.8801;Palm;1a8de386-fbfc-45ea-bcfc-bc92c9e075e7;1;Exposure;2026-04-01 13:26:06.0345;Hands;;OpenXR
Right;1;Exposure;0;NoMitigation;None;anonymous;Sample;1008;0.0000;0.0008;-0.0052;0.0054;349.2766;1.6953;10.6594;0.0008;-0.0052;0.0054;0.9911;-0.0917;0.0233;0.0938;0;;;;;;;;;;;;;0;0.1956;-0.4223;0.2218;335.4464;59.7418;25.8525;Palm;-0.1282;-0.2784;0.9519;0.2773;-0.3938;0.2438;0.9879;0.1403;-0.0662;0.0094;;;;;;;;;;;;;0;0.2995;-0.4068;0.1374;333.3962;7.5523;330.5665;Palm;1a8de386-fbfc-45ea-bcfc-bc92c9e075e7;1;Exposure;2026-04-01 13:26:06.0564;Hands;;OpenXR
Right;1;Exposure;0;NoMitigation;None;anonymous;Sample;1011;0.0000;0.0014;-0.0056;0.0057;349.5644;2.3365;10.7043;0.0014;-0.0056;0.0057;0.9911;-0.0886;0.0287;0.0947;0;;;;;;;;;;;;;0;0.1965;-0.4225;0.2207;335.3480;60.1865;25.4797;Palm;-0.1107;-0.2734;0.9555;0.2804;-0.3939;0.2427;0.9888;0.1378;-0.0571;0.0080;;;;;;;;;;;;;0;0.3012;-0.4068;0.1356;333.2584;7.5908;330.8164;Palm;1a8de386-fbfc-45ea-bcfc-bc92c9e075e7;1;Exposure;2026-04-01 13:26:06.0917;Hands;;OpenXR
Right;1;Exposure;0;NoMitigation;None;anonymous;Sample;1013;0.0000;0.0020;-0.0058;0.0059;349.5633;2.7902;10.8641;0.0020;-0.0058;0.0059;0.9909;-0.0882;0.0327;0.0964;0;;;;;;;;;;;;;0;0.1976;-0.4226;0.2191;334.9339;61.3108;24.3846;Palm;-0.1064;-0.2857;0.9524;0.2827;-0.3950;0.2410;0.9880;0.1441;-0.0550;0.0080;;;;;;;;;;;;;0;0.3038;-0.4066;0.1336;332.7033;7.9221;330.9993;Palm;1a8de386-fbfc-45ea-bcfc-bc92c9e075e7;1;Exposure;2026-04-01 13:26:06.1233;Hands;;OpenXR
Right;1;Exposure;0;NoMitigation;None;anonymous;Sample;1016;0.0000;0.0025;-0.0060;0.0060;349.5649;3.1262;10.9229;0.0025;-0.0060;0.0060;0.9907;-0.0879;0.0357;0.0972;0;;;;;;;;;;;;;0;0.1987;-0.4223;0.2175;334.4195;62.7060;23.0151;Palm;-0.1066;-0.3011;0.9476;0.2843;-0.3956;0.2394;0.9868;0.1521;-0.0554;0.0085;;;;;;;;;;;;;0;0.3055;-0.4060;0.1320;331.4865;8.4668;331.1631;Palm;1a8de386-fbfc-45ea-bcfc-bc92c9e075e7;1;Exposure;2026-04-01 13:26:06.1467;Hands;;OpenXR
Right;1;Exposure;0;NoMitigation;None;anonymous;Sample;1019;0.0000;0.0027;-0.0060;0.0057;349.7133;3.3140;10.9518;0.0027;-0.0060;0.0057;0.9908;-0.0865;0.0372;0.0976;0;;;;;;;;;;;;;0;0.1995;-0.4221;0.2164;334.0615;63.7490;22.0025;Palm;-0.1083;-0.3165;0.9424;0.2854;-0.3959;0.2380;0.9854;0.1601;-0.0564;0.0092;;;;;;;;;;;;;0;0.3061;-0.4053;0.1310;330.3615;8.8682;331.2981;Palm;1a8de386-fbfc-45ea-bcfc-bc92c9e075e7;1;Exposure;2026-04-01 13:26:06.1676;Hands;;OpenXR
Right;1;Exposure;0;NoMitigation;None;anonymous;Sample;1021;0.0000;0.0027;-0.0062;0.0055;349.9246;3.4185;10.9563;0.0027;-0.0062;0.0055;0.9909;-0.0845;0.0380;0.0977;0;;;;;;;;;;;;;0;0.1999;-0.4221;0.2159;333.8626;64.2737;21.3750;Palm;-0.1107;-0.3389;0.9343;0.2866;-0.3964;0.2363;0.9834;0.1717;-0.0581;0.0101;;;;;;;;;;;;;0;0.3066;-0.4049;0.1303;329.6719;9.1798;331.5990;Palm;1a8de386-fbfc-45ea-bcfc-bc92c9e075e7;1;Exposure;2026-04-01 13:26:06.1920;Hands;;OpenXR
Right;1;Exposure;0;NoMitigation;None;anonymous;Sample;1023;0.0000;0.0028;-0.0063;0.0055;350.0106;3.4845;10.9066;0.0028;-0.0063;0.0055;0.9910;-0.0838;0.0384;0.0973;0;;;;;;;;;;;;;0;0.2006;-0.4226;0.2155;333.6255;64.8519;20.5559;Palm;-0.1134;-0.3798;0.9181;0.2879;-0.3978;0.2340;0.9792;0.1932;-0.0602;0.0119;;;;;;;;;;;;;0;0.3070;-0.4043;0.1296;328.8364;9.6619;332.2165;Palm;1a8de386-fbfc-45ea-bcfc-bc92c9e075e7;1;Exposure;2026-04-01 13:26:06.2268;Hands;;OpenXR
Right;1;Exposure;0;NoMitigation;None;anonymous;Sample;1025;0.0000;0.0029;-0.0065;0.0056;350.1896;3.5641;10.8118;0.0029;-0.0065;0.0056;0.9912;-0.0822;0.0389;0.0965;0;;;;;;;;;;;;;0;0.2014;-0.4235;0.2150;333.4155;65.4576;19.7963;Palm;-0.1168;-0.4158;0.9019;0.2884;-0.3996;0.2326;0.9751;0.2123;-0.0629;0.0137;;;;;;;;;;;;;0;0.3070;-0.4040;0.1291;328.4135;9.9939;332.6663;Palm;1a8de386-fbfc-45ea-bcfc-bc92c9e075e7;1;Exposure;2026-04-01 13:26:06.2548;Hands;;OpenXR
Right;1;Exposure;0;NoMitigation;None;anonymous;Sample;1028;0.0000;0.0030;-0.0069;0.0056;350.5587;3.6961;10.7183;0.0030;-0.0069;0.0056;0.9915;-0.0789;0.0397;0.0957;0;;;;;;;;;;;;;0;0.2017;-0.4239;0.2150;333.4854;65.5080;19.6697;Palm;-0.1168;-0.4391;0.8908;0.2888;-0.4009;0.2316;0.9722;0.2249;-0.0635;0.0147;;;;;;;;;;;;;0;0.3066;-0.4042;0.1283;328.2292;10.6813;333.0003;Palm;1a8de386-fbfc-45ea-bcfc-bc92c9e075e7;1;Exposure;2026-04-01 13:26:06.2766;Hands;;OpenXR
Right;1;Exposure;0;NoMitigation;None;anonymous;Sample;1031;0.0000;0.0031;-0.0073;0.0058;350.7788;3.7848;10.7630;0.0031;-0.0073;0.0058;0.9916;-0.0769;0.0403;0.0961;0;;;;;;;;;;;;;0;0.2019;-0.4241;0.2151;333.5291;65.5677;19.5538;Palm;-0.1159;-0.4713;0.8743;0.2893;-0.4028;0.2302;0.9679;0.2424;-0.0639;0.0160;;;;;;;;;;;;;0;0.3063;-0.4042;0.1277;328.0281;11.2180;333.2862;Palm;1a8de386-fbfc-45ea-bcfc-bc92c9e075e7;1;Exposure;2026-04-01 13:26:06.3037;Hands;;OpenXR
Right;1;Exposure;0;NoMitigation;None;anonymous;Sample;1034;0.0000;0.0033;-0.0076;0.0059;350.9422;3.8550;10.7539;0.0033;-0.0076;0.0059;0.9917;-0.0754;0.0408;0.0960;0;;;;;;;;;;;;;0;0.2021;-0.4242;0.2149;333.6351;65.6836;19.5338;Palm;-0.1155;-0.4930;0.8623;0.2892;-0.4040;0.2290;0.9648;0.2544;-0.0643;0.0170;;;;;;;;;;;;;0;0.3045;-0.4040;0.1269;328.0395;11.5278;333.1608;Palm;1a8de386-fbfc-45ea-bcfc-bc92c9e075e7;1;Exposure;2026-04-01 13:26:06.3266;Hands;;OpenXR
Right;1;Exposure;0;NoMitigation;None;anonymous;Sample;1037;0.0000;0.0036;-0.0079;0.0060;351.1309;3.9779;10.6910;0.0036;-0.0079;0.0060;0.9918;-0.0737;0.0417;0.0955;0;;;;;;;;;;;;;0;0.2024;-0.4243;0.2148;333.8075;65.7545;19.5997;Palm;-0.1155;-0.5072;0.8540;0.2887;-0.4047;0.2281;0.9627;0.2623;-0.0648;0.0177;;;;;;;;;;;;;0;0.3033;-0.4037;0.1267;328.1456;11.8995;332.9361;Palm;1a8de386-fbfc-45ea-bcfc-bc92c9e075e7;1;Exposure;2026-04-01 13:26:06.3506;Hands;;OpenXR
Right;1;Exposure;0;NoMitigation;None;anonymous;Sample;1040;0.0000;0.0038;-0.0080;0.0062;351.2461;4.0920;10.6224;0.0038;-0.0080;0.0062;0.9919;-0.0726;0.0425;0.0949;0;;;;;;;;;;;;;0;0.2026;-0.4243;0.2148;333.9808;65.7646;19.7592;Palm;-0.1153;-0.5193;0.8468;0.2883;-0.4053;0.2277;0.9608;0.2690;-0.0651;0.0182;;;;;;;;;;;;;0;0.3029;-0.4036;0.1270;328.4523;12.4486;332.5457;Palm;1a8de386-fbfc-45ea-bcfc-bc92c9e075e7;1;Exposure;2026-04-01 13:26:06.3803;Hands;;OpenXR
Right;1;Exposure;0;NoMitigation;None;anonymous;Sample;1043;0.0000;0.0040;-0.0081;0.0064;351.2712;4.1389;10.6271;0.0040;-0.0081;0.0064;0.9919;-0.0724;0.0429;0.0950;0;;;;;;;;;;;;;0;0.2026;-0.4242;0.2148;334.0698;65.7474;19.9776;Palm;-0.1154;-0.5266;0.8423;0.2884;-0.4058;0.2277;0.9596;0.2731;-0.0654;0.0186;;;;;;;;;;;;;0;0.3032;-0.4039;0.1275;329.0475;13.1292;332.0213;Palm;1a8de386-fbfc-45ea-bcfc-bc92c9e075e7;1;Exposure;2026-04-01 13:26:06.4012;Hands;;OpenXR
Right;1;Exposure;0;NoMitigation;None;anonymous;Sample;1046;0.0000;0.0041;-0.0082;0.0066;351.3365;4.1635;10.6282;0.0041;-0.0082;0.0066;0.9919;-0.0718;0.0431;0.0950;0;;;;;;;;;;;;;0;0.2027;-0.4240;0.2148;334.1423;65.7044;20.2684;Palm;-0.1162;-0.5364;0.8359;0.2889;-0.4068;0.2279;0.9579;0.2787;-0.0663;0.0193;;;;;;;;;;;;;0;0.3034;-0.4041;0.1279;329.5102;13.6469;331.5667;Palm;1a8de386-fbfc-45ea-bcfc-bc92c9e075e7;1;Exposure;2026-04-01 13:26:06.4303;Hands;;OpenXR
Right;1;Exposure;0;NoMitigation;None;anonymous;Sample;1049;0.0000;0.0042;-0.0082;0.0067;351.3568;4.1918;10.6519;0.0042;-0.0082;0.0067;0.9919;-0.0716;0.0433;0.0952;0;;;;;;;;;;;;;0;0.2029;-0.4235;0.2147;334.2037;65.5922;20.7854;Palm;-0.1180;-0.5419;0.8321;0.2893;-0.4073;0.2282;0.9569;0.2818;-0.0675;0.0199;;;;;;;;;;;;;0;0.3035;-0.4040;0.1282;329.8239;13.9553;331.1492;Palm;1a8de386-fbfc-45ea-bcfc-bc92c9e075e7;1;Exposure;2026-04-01 13:26:06.4541;Hands;;OpenXR
Right;1;Exposure;0;NoMitigation;None;anonymous;Sample;1051;0.0000;0.0042;-0.0081;0.0068;351.2429;4.1988;10.6518;0.0042;-0.0081;0.0068;0.9919;-0.0726;0.0435;0.0953;0;;;;;;;;;;;;;0;0.2028;-0.4234;0.2148;334.2709;65.4508;21.1826;Palm;-0.1201;-0.5464;0.8289;0.2896;-0.4078;0.2285;0.9560;0.2843;-0.0689;0.0205;;;;;;;;;;;;;0;0.3035;-0.4041;0.1285;330.0717;14.1371;330.9373;Palm;1a8de386-fbfc-45ea-bcfc-bc92c9e075e7;1;Exposure;2026-04-01 13:26:06.4796;Hands;;OpenXR
Right;1;Exposure;0;NoMitigation;None;anonymous;Sample;1054;0.0000;0.0041;-0.0079;0.0069;351.1844;4.2149;10.6714;0.0041;-0.0079;0.0069;0.9918;-0.0731;0.0436;0.0955;0;;;;;;;;;;;;;0;0.2027;-0.4233;0.2151;334.3983;65.1825;21.9057;Palm;-0.1228;-0.5498;0.8263;0.2897;-0.4083;0.2290;0.9553;0.2862;-0.0706;0.0212;;;;;;;;;;;;;0;0.3035;-0.4042;0.1291;330.5864;14.4825;330.5111;Palm;1a8de386-fbfc-45ea-bcfc-bc92c9e075e7;1;Exposure;2026-04-01 13:26:06.5077;Hands;;OpenXR
Right;1;Exposure;0;NoMitigation;None;anonymous;Sample;1056;0.0000;0.0041;-0.0079;0.0068;351.2020;4.2281;10.7526;0.0041;-0.0079;0.0068;0.9917;-0.0729;0.0438;0.0962;0;;;;;;;;;;;;;0;0.2028;-0.4232;0.2154;334.5016;64.9981;22.3534;Palm;-0.1258;-0.5514;0.8247;0.2898;-0.4086;0.2297;0.9549;0.2870;-0.0724;0.0218;;;;;;;;;;;;;0;0.3034;-0.4042;0.1297;331.0072;14.6695;330.1799;Palm;1a8de386-fbfc-45ea-bcfc-bc92c9e075e7;1;Exposure;2026-04-01 13:26:06.5393;Hands;;OpenXR
Right;1;Exposure;0;NoMitigation;None;anonymous;Sample;1058;0.0000;0.0041;-0.0078;0.0068;351.1846;4.2260;10.7938;0.0041;-0.0078;0.0068;0.9917;-0.0730;0.0438;0.0965;0;;;;;;;;;;;;;0;0.2029;-0.4231;0.2155;334.6354;64.8854;22.6175;Palm;-0.1266;-0.5495;0.8258;0.2898;-0.4086;0.2303;0.9552;0.2860;-0.0728;0.0218;;;;;;;;;;;;;0;0.3033;-0.4042;0.1302;331.1741;14.7567;330.0373;Palm;1a8de386-fbfc-45ea-bcfc-bc92c9e075e7;1;Exposure;2026-04-01 13:26:06.5648;Hands;;OpenXR
Right;1;Exposure;0;NoMitigation;None;anonymous;Sample;1061;0.0000;0.0042;-0.0077;0.0067;351.0915;4.2406;10.6581;0.0042;-0.0077;0.0067;0.9917;-0.0738;0.0439;0.0954;0;;;;;;;;;;;;;0;0.2030;-0.4228;0.2157;334.7530;64.7109;23.0583;Palm;-0.1256;-0.5451;0.8289;0.2898;-0.4084;0.2311;0.9560;0.2835;-0.0720;0.0214;;;;;;;;;;;;;0;0.3033;-0.4041;0.1314;331.3585;14.8052;329.8954;Palm;1a8de386-fbfc-45ea-bcfc-bc92c9e075e7;1;Exposure;2026-04-01 13:26:06.5868;Hands;;OpenXR
Right;1;Exposure;0;NoMitigation;None;anonymous;Sample;1064;0.0000;0.0042;-0.0075;0.0068;351.0060;4.2315;10.5931;0.0042;-0.0075;0.0068;0.9917;-0.0746;0.0439;0.0948;0;;;;;;;;;;;;;0;0.2030;-0.4227;0.2158;334.7913;64.6358;23.2516;Palm;-0.1239;-0.5393;0.8330;0.2899;-0.4081;0.2320;0.9571;0.2802;-0.0708;0.0207;;;;;;;;;;;;;0;0.3033;-0.4041;0.1319;331.4355;14.8184;329.8388;Palm;1a8de386-fbfc-45ea-bcfc-bc92c9e075e7;1;Exposure;2026-04-01 13:26:06.6098;Hands;;OpenXR
Right;1;Exposure;0;NoMitigation;None;anonymous;Sample;1067;0.0000;0.0041;-0.0075;0.0068;351.0083;4.2374;10.5913;0.0041;-0.0075;0.0068;0.9917;-0.0746;0.0439;0.0948;0;;;;;;;;;;;;;0;0.2029;-0.4225;0.2159;334.7794;64.5530;23.4830;Palm;-0.1222;-0.5336;0.8368;0.2900;-0.4078;0.2328;0.9581;0.2770;-0.0696;0.0201;;;;;;;;;;;;;0;0.3033;-0.4040;0.1323;331.5122;14.8467;329.7818;Palm;1a8de386-fbfc-45ea-bcfc-bc92c9e075e7;1;Exposure;2026-04-01 13:26:06.6357;Hands;;OpenXR
Right;1;Exposure;0;NoMitigation;None;anonymous;Sample;1070;0.0000;0.0041;-0.0075;0.0069;351.0459;4.2432;10.5881;0.0041;-0.0075;0.0069;0.9917;-0.0743;0.0439;0.0948;0;;;;;;;;;;;;;0;0.2029;-0.4224;0.2160;334.7372;64.4766;23.6715;Palm;-0.1211;-0.5298;0.8394;0.2900;-0.4076;0.2334;0.9588;0.2749;-0.0688;0.0197;;;;;;;;;;;;;0;0.3033;-0.4041;0.1325;331.5607;14.8698;329.7512;Palm;1a8de386-fbfc-45ea-bcfc-bc92c9e075e7;1;Exposure;2026-04-01 13:26:06.6596;Hands;;OpenXR
Right;1;Exposure;0;NoMitigation;None;anonymous;Sample;1073;0.0000;0.0042;-0.0078;0.0071;351.1995;4.2920;10.5959;0.0042;-0.0078;0.0071;0.9918;-0.0729;0.0443;0.0949;0;;;;;;;;;;;;;0;0.2027;-0.4224;0.2162;334.7033;64.3685;23.8652;Palm;-0.1204;-0.5268;0.8414;0.2901;-0.4075;0.2339;0.9593;0.2732;-0.0683;0.0194;;;;;;;;;;;;;0;0.3034;-0.4042;0.1326;331.6497;14.8947;329.7101;Palm;1a8de386-fbfc-45ea-bcfc-bc92c9e075e7;1;Exposure;2026-04-01 13:26:06.6844;Hands;;OpenXR
Right;1;Exposure;0;NoMitigation;None;anonymous;Sample;1076;0.0000;0.0042;-0.0081;0.0072;351.4164;4.3533;10.6146;0.0042;-0.0081;0.0072;0.9919;-0.0710;0.0446;0.0950;0;;;;;;;;;;;;;0;0.2026;-0.4224;0.2163;334.6783;64.2844;24.0307;Palm;-0.1198;-0.5248;0.8427;0.2903;-0.4076;0.2342;0.9597;0.2721;-0.0679;0.0192;;;;;;;;;;;;;0;0.3036;-0.4045;0.1326;331.7678;14.9346;329.6676;Palm;1a8de386-fbfc-45ea-bcfc-bc92c9e075e7;1;Exposure;2026-04-01 13:26:06.7098;Hands;;OpenXR
Right;1;Exposure;0;NoMitigation;None;anonymous;Sample;1078;0.0000;0.0042;-0.0083;0.0074;351.4980;4.3466;10.6733;0.0042;-0.0083;0.0074;0.9920;-0.0702;0.0445;0.0955;0;;;;;;;;;;;;;0;0.2025;-0.4224;0.2163;334.6787;64.2784;24.0641;Palm;-0.1191;-0.5231;0.8439;0.2904;-0.4076;0.2344;0.9600;0.2711;-0.0674;0.0190;;;;;;;;;;;;;0;0.3036;-0.4046;0.1326;331.8624;14.9774;329.6495;Palm;1a8de386-fbfc-45ea-bcfc-bc92c9e075e7;1;Exposure;2026-04-01 13:26:06.7394;Hands;;OpenXR
Right;1;Exposure;0;NoMitigation;None;anonymous;Sample;1081;0.0000;0.0042;-0.0085;0.0076;351.6485;4.3217;10.7550;0.0042;-0.0085;0.0076;0.9920;-0.0689;0.0443;0.0961;0;;;;;;;;;;;;;0;0.2025;-0.4223;0.2163;334.6938;64.2914;24.0952;Palm;-0.1181;-0.5211;0.8453;0.2907;-0.4077;0.2345;0.9604;0.2700;-0.0668;0.0188;;;;;;;;;;;;;0;0.3039;-0.4048;0.1326;331.9411;15.0332;329.6013;Palm;1a8de386-fbfc-45ea-bcfc-bc92c9e075e7;1;Exposure;2026-04-01 13:26:06.7638;Hands;;OpenXR
Right;1;Exposure;0;NoMitigation;None;anonymous;Sample;1084;0.0000;0.0041;-0.0086;0.0077;351.7154;4.2421;10.7783;0.0041;-0.0086;0.0077;0.9920;-0.0684;0.0435;0.0963;0;;;;;;;;;;;;;0;0.2025;-0.4222;0.2162;334.7293;64.3345;24.0999;Palm;-0.1171;-0.5191;0.8467;0.2909;-0.4077;0.2346;0.9607;0.2689;-0.0661;0.0185;;;;;;;;;;;;;0;0.3040;-0.4049;0.1325;331.9617;15.0739;329.5746;Palm;1a8de386-fbfc-45ea-bcfc-bc92c9e075e7;1;Exposure;2026-04-01 13:26:06.7902;Hands;;OpenXR
Right;1;Exposure;0;NoMitigation;None;anonymous;Sample;1087;0.0000;0.0040;-0.0086;0.0078;351.6655;4.0959;10.8351;0.0040;-0.0086;0.0078;0.9920;-0.0689;0.0423;0.0967;0;;;;;;;;;;;;;0;0.2025;-0.4221;0.2162;334.8156;64.4441;24.0891;Palm;-0.1164;-0.5179;0.8475;0.2911;-0.4077;0.2346;0.9609;0.2682;-0.0657;0.0183;;;;;;;;;;;;;0;0.3040;-0.4050;0.1324;331.9640;15.1171;329.5509;Palm;1a8de386-fbfc-45ea-bcfc-bc92c9e075e7;1;Exposure;2026-04-01 13:26:06.8106;Hands;;OpenXR
Right;1;Exposure;0;NoMitigation;None;anonymous;Sample;1090;0.0000;0.0038;-0.0083;0.0079;351.4331;3.8710;10.8248;0.0038;-0.0083;0.0079;0.9920;-0.0711;0.0406;0.0965;0;;;;;;;;;;;;;0;0.2025;-0.4221;0.2161;334.8625;64.5272;24.0642;Palm;-0.1159;-0.5171;0.8480;0.2912;-0.4077;0.2346;0.9611;0.2678;-0.0654;0.0182;;;;;;;;;;;;;0;0.3040;-0.4050;0.1321;331.9516;15.1699;329.5370;Palm;1a8de386-fbfc-45ea-bcfc-bc92c9e075e7;1;Exposure;2026-04-01 13:26:06.8344;Hands;;OpenXR
Right;1;Exposure;0;NoMitigation;None;anonymous;Sample;1093;0.0000;0.0035;-0.0080;0.0078;351.2872;3.7126;10.7715;0.0035;-0.0080;0.0078;0.9920;-0.0726;0.0393;0.0960;0;;;;;;;;;;;;;0;0.2024;-0.4220;0.2159;334.8703;64.5638;24.0416;Palm;-0.1152;-0.5168;0.8483;0.2913;-0.4077;0.2344;0.9612;0.2676;-0.0650;0.0181;;;;;;;;;;;;;0;0.3040;-0.4051;0.1319;331.9176;15.2529;329.5282;Palm;1a8de386-fbfc-45ea-bcfc-bc92c9e075e7;1;Exposure;2026-04-01 13:26:06.8582;Hands;;OpenXR
Right;1;Exposure;0;NoMitigation;None;anonymous;Sample;1096;0.0000;0.0033;-0.0078;0.0076;351.2459;3.6607;10.7339;0.0033;-0.0078;0.0076;0.9920;-0.0730;0.0388;0.0956;0;;;;;;;;;;;;;0;0.2024;-0.4221;0.2158;334.9000;64.6435;23.9501;Palm;-0.1154;-0.5198;0.8465;0.2914;-0.4080;0.2341;0.9607;0.2693;-0.0652;0.0183;;;;;;;;;;;;;0;0.3041;-0.4050;0.1316;331.8250;15.3879;329.5910;Palm;1a8de386-fbfc-45ea-bcfc-bc92c9e075e7;1;Exposure;2026-04-01 13:26:06.8833;Hands;;OpenXR
Right;1;Exposure;0;NoMitigation;None;anonymous;Sample;1099;0.0000;0.0032;-0.0078;0.0075;351.1962;3.6303;10.8046;0.0032;-0.0078;0.0075;0.9919;-0.0734;0.0387;0.0962;0;;;;;;;;;;;;;0;0.2024;-0.4222;0.2156;334.9288;64.7459;23.8015;Palm;-0.1155;-0.5264;0.8423;0.2916;-0.4085;0.2336;0.9596;0.2730;-0.0655;0.0186;;;;;;;;;;;;;0;0.3042;-0.4049;0.1314;331.7348;15.5477;329.7066;Palm;1a8de386-fbfc-45ea-bcfc-bc92c9e075e7;1;Exposure;2026-04-01 13:26:06.9182;Hands;;OpenXR
Right;1;Exposure;0;NoMitigation;None;anonymous;Sample;1101;0.0000;0.0031;-0.0077;0.0073;351.1477;3.6258;10.8486;0.0031;-0.0077;0.0073;0.9918;-0.0738;0.0387;0.0966;0;;;;;;;;;;;;;0;0.2024;-0.4222;0.2156;334.9179;64.7932;23.6606;Palm;-0.1141;-0.5310;0.8396;0.2918;-0.4090;0.2333;0.9589;0.2756;-0.0648;0.0186;;;;;;;;;;;;;0;0.3043;-0.4050;0.1313;331.7128;15.7024;329.8946;Palm;1a8de386-fbfc-45ea-bcfc-bc92c9e075e7;1;Exposure;2026-04-01 13:26:06.9406;Hands;;OpenXR
Right;1;Exposure;0;NoMitigation;None;anonymous;Sample;1103;0.0000;0.0030;-0.0077;0.0072;351.1591;3.6620;10.8987;0.0030;-0.0077;0.0072;0.9918;-0.0737;0.0390;0.0971;0;;;;;;;;;;;;;0;0.2024;-0.4221;0.2154;334.8810;64.8246;23.4967;Palm;-0.1084;-0.5281;0.8422;0.2922;-0.4090;0.2334;0.9596;0.2740;-0.0615;0.0176;;;;;;;;;;;;;0;0.3043;-0.4050;0.1314;331.8100;15.8270;330.0092;Palm;1a8de386-fbfc-45ea-bcfc-bc92c9e075e7;1;Exposure;2026-04-01 13:26:06.9620;Hands;;OpenXR
Right;1;Exposure;0;NoMitigation;None;anonymous;Sample;1106;0.0000;0.0031;-0.0078;0.0071;351.2264;3.7183;10.9289;0.0031;-0.0078;0.0071;0.9918;-0.0730;0.0395;0.0974;0;;;;;;;;;;;;;0;0.2025;-0.4220;0.2154;334.8412;64.8442;23.3629;Palm;-0.0993;-0.5213;0.8476;0.2928;-0.4089;0.2338;0.9610;0.2703;-0.0561;0.0158;;;;;;;;;;;;;0;0.3042;-0.4051;0.1316;331.9864;15.9304;330.1659;Palm;1a8de386-fbfc-45ea-bcfc-bc92c9e075e7;1;Exposure;2026-04-01 13:26:06.9839;Hands;;OpenXR
Right;1;Exposure;0;NoMitigation;None;anonymous;Sample;1109;0.0000;0.0031;-0.0079;0.0070;351.2744;3.7818;10.9250;0.0031;-0.0079;0.0070;0.9918;-0.0726;0.0400;0.0974;0;;;;;;;;;;;;;0;0.2026;-0.4219;0.2154;334.8234;64.8426;23.3480;Palm;-0.0878;-0.5135;0.8536;0.2934;-0.4090;0.2344;0.9626;0.2660;-0.0494;0.0137;;;;;;;;;;;;;0;0.3039;-0.4053;0.1320;332.3918;16.0130;330.4542;Palm;1a8de386-fbfc-45ea-bcfc-bc92c9e075e7;1;Exposure;2026-04-01 13:26:07.0094;Hands;;OpenXR
Right;1;Exposure;0;NoMitigation;None;anonymous;Sample;1112;0.0000;0.0031;-0.0079;0.0070;351.2542;3.8231;10.8727;0.0031;-0.0079;0.0070;0.9918;-0.0727;0.0403;0.0969;0;;;;;;;;;;;;;0;0.2027;-0.4217;0.2154;334.7925;64.8327;23.3563;Palm;-0.0752;-0.5063;0.8591;0.2940;-0.4091;0.2351;0.9641;0.2621;-0.0421;0.0115;;;;;;;;;;;;;0;0.3038;-0.4054;0.1323;332.8969;16.1367;330.7415;Palm;1a8de386-fbfc-45ea-bcfc-bc92c9e075e7;1;Exposure;2026-04-01 13:26:07.0368;Hands;;OpenXR
Right;1;Exposure;0;NoMitigation;None;anonymous;Sample;1115;0.0000;0.0032;-0.0079;0.0070;351.1924;3.8730;10.8526;0.0032;-0.0079;0.0070;0.9918;-0.0732;0.0408;0.0968;0;;;;;;;;;;;;;0;0.2027;-0.4216;0.2154;334.7535;64.8216;23.3833;Palm;-0.0640;-0.5011;0.8630;0.2948;-0.4093;0.2357;0.9651;0.2592;-0.0357;0.0096;;;;;;;;;;;;;0;0.3039;-0.4056;0.1325;333.3872;16.2245;330.9852;Palm;1a8de386-fbfc-45ea-bcfc-bc92c9e075e7;1;Exposure;2026-04-01 13:26:07.0612;Hands;;OpenXR
Right;1;Exposure;0;NoMitigation;None;anonymous;Sample;1118;0.0000;0.0032;-0.0078;0.0071;351.1282;3.9095;10.8697;0.0032;-0.0078;0.0071;0.9917;-0.0737;0.0412;0.0970;0;;;;;;;;;;;;;0;0.2025;-0.4214;0.2154;334.6969;64.8194;23.4366;Palm;-0.0553;-0.4973;0.8658;0.2955;-0.4096;0.2361;0.9658;0.2572;-0.0308;0.0082;;;;;;;;;;;;;0;0.3040;-0.4059;0.1326;333.7591;16.2173;331.1530;Palm;1a8de386-fbfc-45ea-bcfc-bc92c9e075e7;1;Exposure;2026-04-01 13:26:07.0848;Hands;;OpenXR
Right;1;Exposure;0;NoMitigation;None;anonymous;Sample;1121;0.0000;0.0031;-0.0078;0.0070;351.0814;3.9306;10.9203;0.0031;-0.0078;0.0070;0.9916;-0.0741;0.0414;0.0975;0;;;;;;;;;;;;;0;0.2024;-0.4213;0.2154;334.6844;64.8123;23.4904;Palm;-0.0496;-0.4950;0.8675;0.2961;-0.4098;0.2365;0.9663;0.2559;-0.0276;0.0073;;;;;;;;;;;;;0;0.3043;-0.4060;0.1326;333.8548;16.2689;331.1208;Palm;1a8de386-fbfc-45ea-bcfc-bc92c9e075e7;1;Exposure;2026-04-01 13:26:07.1100;Hands;;OpenXR
Right;1;Exposure;0;NoMitigation;None;anonymous;Sample;1124;0.0000;0.0031;-0.0078;0.0070;351.0501;3.9226;10.9189;0.0031;-0.0078;0.0070;0.9916;-0.0744;0.0414;0.0975;0;;;;;;;;;;;;;0;0.2024;-0.4213;0.2155;334.6750;64.8026;23.5609;Palm;-0.0478;-0.4950;0.8676;0.2965;-0.4098;0.2366;0.9663;0.2560;-0.0266;0.0070;;;;;;;;;;;;;0;0.3046;-0.4060;0.1326;333.9302;16.3083;331.0958;Palm;1a8de386-fbfc-45ea-bcfc-bc92c9e075e7;1;Exposure;2026-04-01 13:26:07.1339;Hands;;OpenXR
Right;1;Exposure;0;NoMitigation;None;anonymous;Sample;1127;0.0000;0.0030;-0.0078;0.0070;351.0456;3.9084;10.9394;0.0030;-0.0078;0.0070;0.9916;-0.0744;0.0413;0.0976;0;;;;;;;;;;;;;0;0.2023;-0.4212;0.2155;334.6811;64.8160;23.6552;Palm;-0.0538;-0.5051;0.8614;0.2967;-0.4102;0.2364;0.9647;0.2615;-0.0301;0.0082;;;;;;;;;;;;;0;0.3048;-0.4061;0.1326;333.9438;16.3365;331.0315;Palm;1a8de386-fbfc-45ea-bcfc-bc92c9e075e7;1;Exposure;2026-04-01 13:26:07.1592;Hands;;OpenXR
Right;1;Exposure;0;NoMitigation;None;anonymous;Sample;1130;0.0000;0.0028;-0.0078;0.0069;351.0623;3.8828;10.9496;0.0028;-0.0078;0.0069;0.9916;-0.0743;0.0410;0.0977;0;;;;;;;;;;;;;0;0.2023;-0.4212;0.2155;334.6970;64.8479;23.7763;Palm;-0.0655;-0.5202;0.8515;0.2965;-0.4108;0.2359;0.9621;0.2700;-0.0370;0.0104;;;;;;;;;;;;;0;0.3050;-0.4061;0.1325;333.8712;16.4005;330.7534;Palm;1a8de386-fbfc-45ea-bcfc-bc92c9e075e7;1;Exposure;2026-04-01 13:26:07.1842;Hands;;OpenXR
Right;1;Exposure;0;NoMitigation;None;anonymous;Sample;1133;0.0000;0.0027;-0.0079;0.0069;351.0720;3.8211;10.9660;0.0027;-0.0079;0.0069;0.9916;-0.0743;0.0405;0.0978;0;;;;;;;;;;;;;0;0.2022;-0.4212;0.2155;334.7015;64.8729;23.8921;Palm;-0.0783;-0.5313;0.8436;0.2963;-0.4108;0.2355;0.9600;0.2761;-0.0445;0.0128;;;;;;;;;;;;;0;0.3051;-0.4061;0.1324;333.7418;16.5281;330.1873;Palm;1a8de386-fbfc-45ea-bcfc-bc92c9e075e7;1;Exposure;2026-04-01 13:26:07.2091;Hands;;OpenXR
Right;1;Exposure;0;NoMitigation;None;anonymous;Sample;1136;0.0000;0.0026;-0.0079;0.0069;351.0772;3.7832;10.9747;0.0026;-0.0079;0.0069;0.9916;-0.0742;0.0402;0.0978;0;;;;;;;;;;;;;0;0.2022;-0.4211;0.2155;334.7008;64.9043;24.0206;Palm;-0.0919;-0.5400;0.8366;0.2961;-0.4105;0.2350;0.9582;0.2810;-0.0524;0.0154;;;;;;;;;;;;;0;0.3053;-0.4060;0.1322;333.5935;16.6823;329.6057;Palm;1a8de386-fbfc-45ea-bcfc-bc92c9e075e7;1;Exposure;2026-04-01 13:26:07.2341;Hands;;OpenXR
Right;1;Exposure;0;NoMitigation;None;anonymous;Sample;1139;0.0000;0.0025;-0.0078;0.0069;351.0375;3.7356;10.9922;0.0025;-0.0078;0.0069;0.9916;-0.0746;0.0398;0.0980;0;;;;;;;;;;;;;0;0.2022;-0.4209;0.2154;334.6814;64.9494;24.1800;Palm;-0.1063;-0.5485;0.8293;0.2958;-0.4103;0.2344;0.9562;0.2857;-0.0610;0.0182;;;;;;;;;;;;;0;0.3056;-0.4060;0.1321;333.4202;16.8801;329.0249;Palm;1a8de386-fbfc-45ea-bcfc-bc92c9e075e7;1;Exposure;2026-04-01 13:26:07.2584;Hands;;OpenXR
Right;1;Exposure;0;NoMitigation;None;anonymous;Sample;1142;0.0000;0.0026;-0.0077;0.0070;350.9876;3.6950;11.0140;0.0026;-0.0077;0.0070;0.9915;-0.0751;0.0395;0.0981;0;;;;;;;;;;;;;0;0.2022;-0.4208;0.2155;334.6504;64.9606;24.2933;Palm;-0.1202;-0.5564;0.8222;0.2955;-0.4101;0.2338;0.9543;0.2900;-0.0694;0.0211;;;;;;;;;;;;;0;0.3056;-0.4060;0.1321;333.2892;16.9785;328.5160;Palm;1a8de386-fbfc-45ea-bcfc-bc92c9e075e7;1;Exposure;2026-04-01 13:26:07.2849;Hands;;OpenXR
Right;1;Exposure;0;NoMitigation;None;anonymous;Sample;1145;0.0000;0.0026;-0.0076;0.0070;350.9467;3.6671;10.9767;0.0026;-0.0076;0.0070;0.9916;-0.0755;0.0393;0.0978;0;;;;;;;;;;;;;0;0.2021;-0.4208;0.2156;334.6221;64.9696;24.3944;Palm;-0.1352;-0.5652;0.8138;0.2950;-0.4100;0.2333;0.9520;0.2949;-0.0785;0.0243;;;;;;;;;;;;;0;0.3055;-0.4060;0.1321;333.1153;16.9835;328.1700;Palm;1a8de386-fbfc-45ea-bcfc-bc92c9e075e7;1;Exposure;2026-04-01 13:26:07.3094;Hands;;OpenXR
Right;1;Exposure;0;NoMitigation;None;anonymous;Sample;1148;0.0000;0.0027;-0.0076;0.0071;350.9683;3.6707;10.9332;0.0027;-0.0076;0.0071;0.9916;-0.0753;0.0393;0.0974;0;;;;;;;;;;;;;0;0.2022;-0.4207;0.2156;334.6009;64.9760;24.4344;Palm;-0.1489;-0.5739;0.8053;0.2944;-0.4099;0.2327;0.9497;0.2996;-0.0871;0.0275;;;;;;;;;;;;;0;0.3053;-0.4059;0.1321;332.9239;16.9478;327.8993;Palm;1a8de386-fbfc-45ea-bcfc-bc92c9e075e7;1;Exposure;2026-04-01 13:26:07.3338;Hands;;OpenXR
Right;1;Exposure;0;NoMitigation;None;anonymous;Sample;1151;0.0000;0.0029;-0.0076;0.0072;350.9839;3.6977;10.9095;0.0029;-0.0076;0.0072;0.9916;-0.0751;0.0395;0.0972;0;;;;;;;;;;;;;0;0.2021;-0.4206;0.2156;334.5912;64.9618;24.4477;Palm;-0.1603;-0.5813;0.7977;0.2938;-0.4099;0.2323;0.9476;0.3037;-0.0943;0.0302;;;;;;;;;;;;;0;0.3053;-0.4060;0.1321;332.8941;16.9285;327.7957;Palm;1a8de386-fbfc-45ea-bcfc-bc92c9e075e7;1;Exposure;2026-04-01 13:26:07.3581;Hands;;OpenXR
Right;1;Exposure;0;NoMitigation;None;anonymous;Sample;1154;0.0000;0.0031;-0.0077;0.0073;350.9907;3.7609;10.8503;0.0031;-0.0077;0.0073;0.9917;-0.0751;0.0400;0.0968;0;;;;;;;;;;;;;0;0.2020;-0.4207;0.2157;334.5968;64.9467;24.4388;Palm;-0.1664;-0.5854;0.7935;0.2937;-0.4099;0.2320;0.9464;0.3060;-0.0981;0.0317;;;;;;;;;;;;;0;0.3053;-0.4061;0.1322;332.9290;16.9237;327.7920;Palm;1a8de386-fbfc-45ea-bcfc-bc92c9e075e7;1;Exposure;2026-04-01 13:26:07.3845;Hands;;OpenXR
Right;1;Exposure;0;NoMitigation;None;anonymous;Sample;1157;0.0000;0.0033;-0.0078;0.0074;351.0876;3.8476;10.7983;0.0033;-0.0078;0.0074;0.9917;-0.0742;0.0406;0.0964;0;;;;;;;;;;;;;0;0.2020;-0.4207;0.2157;334.6289;64.9575;24.4027;Palm;-0.1690;-0.5873;0.7915;0.2937;-0.4100;0.2319;0.9459;0.3071;-0.0999;0.0324;;;;;;;;;;;;;0;0.3053;-0.4062;0.1323;332.9589;16.9271;327.8096;Palm;1a8de386-fbfc-45ea-bcfc-bc92c9e075e7;1;Exposure;2026-04-01 13:26:07.4093;Hands;;OpenXR
Right;1;Exposure;0;NoMitigation;None;anonymous;Sample;1160;0.0000;0.0035;-0.0079;0.0075;351.1544;3.9206;10.7657;0.0035;-0.0079;0.0075;0.9918;-0.0735;0.0412;0.0961;0;;;;;;;;;;;;;0;0.2020;-0.4207;0.2157;334.6591;64.9633;24.3893;Palm;-0.1680;-0.5873;0.7917;0.2938;-0.4101;0.2320;0.9459;0.3071;-0.0993;0.0322;;;;;;;;;;;;;0;0.3055;-0.4065;0.1323;333.1803;16.9644;328.0284;Palm;1a8de386-fbfc-45ea-bcfc-bc92c9e075e7;1;Exposure;2026-04-01 13:26:07.4326;Hands;;OpenXR
Right;1;Exposure;0;NoMitigation;None;anonymous;Sample;1163;0.0000;0.0038;-0.0079;0.0078;351.1645;3.9501;10.7370;0.0038;-0.0079;0.0078;0.9918;-0.0734;0.0414;0.0959;0;;;;;;;;;;;;;0;0.2020;-0.4208;0.2157;334.7236;64.9767;24.3603;Palm;-0.1596;-0.5871;0.7936;0.2946;-0.4108;0.2323;0.9465;0.3071;-0.0943;0.0306;;;;;;;;;;;;;0;0.3058;-0.4072;0.1325;333.6951;17.0609;328.5551;Palm;1a8de386-fbfc-45ea-bcfc-bc92c9e075e7;1;Exposure;2026-04-01 13:26:07.4617;Hands;;OpenXR
Right;1;Exposure;0;NoMitigation;None;anonymous;Sample;1166;0.0000;0.0039;-0.0079;0.0080;351.1994;3.9835;10.6845;0.0039;-0.0079;0.0080;0.9919;-0.0731;0.0416;0.0954;0;;;;;;;;;;;;;0;0.2020;-0.4209;0.2157;334.8178;64.9852;24.3441;Palm;-0.1459;-0.5816;0.8003;0.2956;-0.4112;0.2329;0.9484;0.3041;-0.0858;0.0275;;;;;;;;;;;;;0;0.3058;-0.4074;0.1327;333.8400;17.0358;328.9704;Palm;1a8de386-fbfc-45ea-bcfc-bc92c9e075e7;1;Exposure;2026-04-01 13:26:07.4882;Hands;;OpenXR
Right;1;Exposure;0;NoMitigation;None;anonymous;Sample;1169;0.0000;0.0041;-0.0080;0.0082;351.3092;4.0363;10.6858;0.0041;-0.0080;0.0082;0.9919;-0.0721;0.0420;0.0954;0;;;;;;;;;;;;;0;0.2020;-0.4209;0.2157;334.8905;64.9857;24.3420;Palm;-0.1339;-0.5750;0.8071;0.2963;-0.4114;0.2333;0.9502;0.3005;-0.0783;0.0248;;;;;;;;;;;;;0;0.3059;-0.4074;0.1327;333.9008;17.0449;329.3068;Palm;1a8de386-fbfc-45ea-bcfc-bc92c9e075e7;1;Exposure;2026-04-01 13:26:07.5085;Hands;;OpenXR
Right;1;Exposure;0;NoMitigation;None;anonymous;Sample;1172;0.0000;0.0043;-0.0080;0.0084;351.3089;4.0218;10.6714;0.0043;-0.0080;0.0084;0.9919;-0.0721;0.0419;0.0953;0;;;;;;;;;;;;;0;0.2020;-0.4209;0.2158;334.9316;64.9818;24.3482;Palm;-0.1168;-0.5647;0.8170;0.2973;-0.4114;0.2340;0.9529;0.2948;-0.0678;0.0210;;;;;;;;;;;;;0;0.3059;-0.4075;0.1327;333.9291;17.0692;329.6325;Palm;1a8de386-fbfc-45ea-bcfc-bc92c9e075e7;1;Exposure;2026-04-01 13:26:07.5377;Hands;;OpenXR
Right;1;Exposure;0;NoMitigation;None;anonymous;Sample;1175;0.0000;0.0044;-0.0079;0.0087;351.3442;4.0261;10.6588;0.0044;-0.0079;0.0087;0.9920;-0.0718;0.0419;0.0952;0;;;;;;;;;;;;;0;0.2020;-0.4209;0.2158;334.9716;64.9813;24.3483;Palm;-0.1064;-0.5586;0.8226;0.2979;-0.4113;0.2343;0.9544;0.2914;-0.0615;0.0188;;;;;;;;;;;;;0;0.3059;-0.4075;0.1327;333.9370;17.0606;329.8622;Palm;1a8de386-fbfc-45ea-bcfc-bc92c9e075e7;1;Exposure;2026-04-01 13:26:07.5590;Hands;;OpenXR
Right;1;Exposure;0;NoMitigation;None;anonymous;Sample;1178;0.0000;0.0046;-0.0080;0.0090;351.4459;4.0404;10.6358;0.0046;-0.0080;0.0090;0.9921;-0.0710;0.0419;0.0950;0;;;;;;;;;;;;;0;0.2020;-0.4209;0.2158;335.0177;64.9825;24.3422;Palm;-0.0981;-0.5542;0.8266;0.2983;-0.4114;0.2346;0.9555;0.2890;-0.0565;0.0171;;;;;;;;;;;;;0;0.3058;-0.4075;0.1327;333.9484;17.0600;330.0054;Palm;1a8de386-fbfc-45ea-bcfc-bc92c9e075e7;1;Exposure;2026-04-01 13:26:07.5834;Hands;;OpenXR
Right;1;Exposure;0;NoMitigation;None;anonymous;Sample;1181;0.0000;0.0048;-0.0082;0.0093;351.6001;4.0781;10.6343;0.0048;-0.0082;0.0093;0.9922;-0.0696;0.0421;0.0950;0;;;;;;;;;;;;;0;0.2020;-0.4208;0.2158;335.0918;64.9822;24.3276;Palm;-0.0914;-0.5516;0.8291;0.2986;-0.4115;0.2347;0.9562;0.2876;-0.0525;0.0158;;;;;;;;;;;;;0;0.3058;-0.4074;0.1326;333.9918;17.1079;330.1386;Palm;1a8de386-fbfc-45ea-bcfc-bc92c9e075e7;1;Exposure;2026-04-01 13:26:07.6099;Hands;;OpenXR
Right;1;Exposure;0;NoMitigation;None;anonymous;Sample;1184;0.0000;0.0050;-0.0083;0.0097;351.6810;4.0937;10.5496;0.0050;-0.0083;0.0097;0.9923;-0.0689;0.0421;0.0942;0;;;;;;;;;;;;;0;0.2020;-0.4208;0.2158;335.1661;64.9912;24.3112;Palm;-0.0859;-0.5501;0.8306;0.2989;-0.4116;0.2347;0.9566;0.2868;-0.0493;0.0148;;;;;;;;;;;;;0;0.3059;-0.4073;0.1325;334.0202;17.1649;330.2731;Palm;1a8de386-fbfc-45ea-bcfc-bc92c9e075e7;1;Exposure;2026-04-01 13:26:07.6358;Hands;;OpenXR
Right;1;Exposure;0;NoMitigation;None;anonymous;Sample;1187;0.0000;0.0052;-0.0082;0.0101;351.6782;4.0800;10.5091;0.0052;-0.0082;0.0101;0.9923;-0.0690;0.0420;0.0939;0;;;;;;;;;;;;;0;0.2021;-0.4207;0.2158;335.1797;65.0102;24.3070;Palm;-0.0818;-0.5498;0.8313;0.2991;-0.4117;0.2348;0.9568;0.2866;-0.0470;0.0141;;;;;;;;;;;;;0;0.3059;-0.4072;0.1324;334.0009;17.2034;330.3228;Palm;1a8de386-fbfc-45ea-bcfc-bc92c9e075e7;1;Exposure;2026-04-01 13:26:07.6666;Hands;;OpenXR
Right;1;Exposure;0;NoMitigation;None;anonymous;Sample;1190;0.0000;0.0054;-0.0084;0.0104;351.7491;4.1231;10.4681;0.0054;-0.0084;0.0104;0.9924;-0.0683;0.0423;0.0935;0;;;;;;;;;;;;;0;0.2023;-0.4207;0.2159;335.1935;65.0095;24.3127;Palm;-0.0800;-0.5515;0.8304;0.2992;-0.4120;0.2347;0.9565;0.2876;-0.0460;0.0138;;;;;;;;;;;;;0;0.3059;-0.4073;0.1323;333.9715;17.2725;330.4243;Palm;1a8de386-fbfc-45ea-bcfc-bc92c9e075e7;1;Exposure;2026-04-01 13:26:07.6979;Hands;;OpenXR
Right;1;Exposure;0;NoMitigation;None;anonymous;Sample;1194;0.0000;0.0057;-0.0085;0.0108;351.8100;4.2289;10.4320;0.0057;-0.0085;0.0108;0.9924;-0.0677;0.0431;0.0932;0;;;;;;;;;;;;;0;0.2023;-0.4208;0.2158;335.2078;65.0387;24.3313;Palm;-0.0805;-0.5557;0.8275;0.2991;-0.4123;0.2344;0.9558;0.2900;-0.0464;0.0141;;;;;;;;;;;;;0;0.3058;-0.4072;0.1321;333.9087;17.3087;330.5471;Palm;1a8de386-fbfc-45ea-bcfc-bc92c9e075e7;1;Exposure;2026-04-01 13:26:07.7285;Hands;;OpenXR
Right;1;Exposure;0;NoMitigation;None;anonymous;Sample;1197;0.0000;0.0059;-0.0086;0.0110;351.8557;4.3128;10.4276;0.0059;-0.0086;0.0110;0.9924;-0.0673;0.0438;0.0932;0;;;;;;;;;;;;;0;0.2023;-0.4208;0.2157;335.2205;65.0621;24.3474;Palm;-0.0827;-0.5615;0.8233;0.2990;-0.4127;0.2341;0.9547;0.2934;-0.0478;0.0147;;;;;;;;;;;;;0;0.3059;-0.4071;0.1319;333.7934;17.3777;330.6370;Palm;1a8de386-fbfc-45ea-bcfc-bc92c9e075e7;1;Exposure;2026-04-01 13:26:07.7528;Hands;;OpenXR
Right;1;Exposure;0;NoMitigation;None;anonymous;Sample;1200;0.0000;0.0061;-0.0086;0.0111;351.9486;4.3985;10.4126;0.0061;-0.0086;0.0111;0.9924;-0.0664;0.0445;0.0931;0;;;;;;;;;;;;;0;0.2022;-0.4208;0.2156;335.2422;65.0831;24.3629;Palm;-0.0863;-0.5688;0.8179;0.2989;-0.4128;0.2337;0.9533;0.2975;-0.0502;0.0157;;;;;;;;;;;;;0;0.3061;-0.4068;0.1315;333.4639;17.5876;330.7094;Palm;1a8de386-fbfc-45ea-bcfc-bc92c9e075e7;1;Exposure;2026-04-01 13:26:07.7751;Hands;;OpenXR
Right;1;Exposure;0;NoMitigation;None;anonymous;Sample;1203;0.0000;0.0063;-0.0087;0.0112;352.0381;4.4678;10.3976;0.0063;-0.0087;0.0112;0.9925;-0.0656;0.0450;0.0930;0;;;;;;;;;;;;;0;0.2022;-0.4209;0.2157;335.2582;65.1022;24.3786;Palm;-0.1080;-0.6004;0.7923;0.2980;-0.4141;0.2321;0.9464;0.3158;-0.0642;0.0214;;;;;;;;;;;;;0;0.3062;-0.4066;0.1312;333.1918;17.7297;330.6788;Palm;1a8de386-fbfc-45ea-bcfc-bc92c9e075e7;1;Exposure;2026-04-01 13:26:07.7999;Hands;;OpenXR
Right;1;Exposure;0;NoMitigation;None;anonymous;Sample;1206;0.0000;0.0065;-0.0087;0.0114;352.0246;4.5041;10.3728;0.0065;-0.0087;0.0114;0.9925;-0.0657;0.0453;0.0928;0;;;;;;;;;;;;;0;0.2022;-0.4209;0.2157;335.2676;65.1257;24.3953;Palm;-0.1361;-0.6380;0.7579;0.2969;-0.4157;0.2302;0.9370;0.3378;-0.0835;0.0301;;;;;;;;;;;;;0;0.3063;-0.4066;0.1311;332.9839;17.7480;330.6403;Palm;1a8de386-fbfc-45ea-bcfc-bc92c9e075e7;1;Exposure;2026-04-01 13:26:07.8253;Hands;;OpenXR
Right;1;Exposure;0;NoMitigation;None;anonymous;Sample;1209;0.0000;0.0066;-0.0088;0.0115;352.0397;4.5239;10.3827;0.0066;-0.0088;0.0115;0.9925;-0.0655;0.0455;0.0929;0;;;;;;;;;;;;;0;0.2023;-0.4210;0.2158;335.2721;65.1533;24.4135;Palm;-0.1647;-0.6730;0.7210;0.2956;-0.4171;0.2282;0.9268;0.3586;-0.1045;0.0404;;;;;;;;;;;;;0;0.3064;-0.4068;0.1311;332.7943;17.7021;330.5942;Palm;1a8de386-fbfc-45ea-bcfc-bc92c9e075e7;1;Exposure;2026-04-01 13:26:07.8506;Hands;;OpenXR
Right;1;Exposure;0;NoMitigation;None;anonymous;Sample;1212;0.0000;0.0066;-0.0089;0.0116;352.1148;4.5495;10.3560;0.0066;-0.0089;0.0116;0.9925;-0.0648;0.0456;0.0927;0;;;;;;;;;;;;;0;0.2022;-0.4211;0.2158;335.2617;65.1637;24.4475;Palm;-0.1929;-0.7032;0.6843;0.2944;-0.4183;0.2263;0.9162;0.3766;-0.1266;0.0521;;;;;;;;;;;;;0;0.3065;-0.4071;0.1313;332.5363;17.5733;330.3840;Palm;1a8de386-fbfc-45ea-bcfc-bc92c9e075e7;1;Exposure;2026-04-01 13:26:07.8756;Hands;;OpenXR
Right;1;Exposure;0;NoMitigation;None;anonymous;Sample;1215;0.0000;0.0067;-0.0089;0.0117;352.1323;4.5551;10.3210;0.0067;-0.0089;0.0117;0.9926;-0.0647;0.0457;0.0924;0;;;;;;;;;;;;;0;0.2021;-0.4212;0.2158;335.2477;65.1678;24.4819;Palm;-0.2167;-0.7222;0.6569;0.2935;-0.4186;0.2249;0.9081;0.3876;-0.1459;0.0623;;;;;;;;;;;;;0;0.3064;-0.4074;0.1315;332.2467;17.3445;329.9878;Palm;1a8de386-fbfc-45ea-bcfc-bc92c9e075e7;1;Exposure;2026-04-01 13:26:07.9009;Hands;;OpenXR
Right;1;Exposure;0;NoMitigation;None;anonymous;Sample;1218;0.0000;0.0067;-0.0090;0.0117;352.1440;4.5496;10.3183;0.0067;-0.0090;0.0117;0.9926;-0.0646;0.0456;0.0923;0;;;;;;;;;;;;;0;0.2020;-0.4212;0.2158;335.2405;65.1831;24.5097;Palm;-0.2337;-0.7284;0.6440;0.2928;-0.4180;0.2241;0.9040;0.3908;-0.1590;0.0687;;;;;;;;;;;;;0;0.3063;-0.4075;0.1316;332.0169;17.0395;329.4590;Palm;1a8de386-fbfc-45ea-bcfc-bc92c9e075e7;1;Exposure;2026-04-01 13:26:07.9258;Hands;;OpenXR
Right;1;Exposure;0;NoMitigation;None;anonymous;Sample;1221;0.0000;0.0067;-0.0091;0.0117;352.2018;4.5582;10.3405;0.0067;-0.0091;0.0117;0.9926;-0.0641;0.0456;0.0925;0;;;;;;;;;;;;;0;0.2020;-0.4213;0.2158;335.2381;65.2056;24.5353;Palm;-0.2503;-0.7317;0.6340;0.2921;-0.4172;0.2234;0.9008;0.3919;-0.1714;0.0746;;;;;;;;;;;;;0;0.3062;-0.4076;0.1317;331.8596;16.8100;328.9756;Palm;1a8de386-fbfc-45ea-bcfc-bc92c9e075e7;1;Exposure;2026-04-01 13:26:07.9514;Hands;;OpenXR
Right;1;Exposure;0;NoMitigation;None;anonymous;Sample;1224;0.0000;0.0068;-0.0092;0.0118;352.2653;4.5856;10.3312;0.0068;-0.0092;0.0118;0.9926;-0.0635;0.0458;0.0924;0;;;;;;;;;;;;;0;0.2021;-0.4214;0.2158;335.2534;65.2569;24.5607;Palm;-0.2604;-0.7286;0.6335;0.2916;-0.4163;0.2232;0.9005;0.3894;-0.1778;0.0769;;;;;;;;;;;;;0;0.3060;-0.4076;0.1318;331.7991;16.6878;328.5372;Palm;1a8de386-fbfc-45ea-bcfc-bc92c9e075e7;1;Exposure;2026-04-01 13:26:07.9763;Hands;;OpenXR
Right;1;Exposure;0;NoMitigation;None;anonymous;Sample;1227;0.0000;0.0068;-0.0093;0.0119;352.2888;4.5905;10.3119;0.0068;-0.0093;0.0119;0.9927;-0.0633;0.0458;0.0923;0;;;;;;;;;;;;;0;0.2021;-0.4215;0.2158;335.2575;65.2801;24.5844;Palm;-0.2663;-0.7233;0.6371;0.2914;-0.4153;0.2232;0.9014;0.3857;-0.1808;0.0774;;;;;;;;;;;;;0;0.3059;-0.4075;0.1317;331.7166;16.6818;328.2562;Palm;1a8de386-fbfc-45ea-bcfc-bc92c9e075e7;1;Exposure;2026-04-01 13:26:07.9992;Hands;;OpenXR
Right;1;Exposure;0;NoMitigation;None;anonymous;Sample;1230;0.0000;0.0068;-0.0094;0.0119;352.3355;4.6024;10.2966;0.0068;-0.0094;0.0119;0.9927;-0.0629;0.0459;0.0921;0;;;;;;;;;;;;;0;0.2021;-0.4215;0.2157;335.2473;65.2955;24.6094;Palm;-0.2646;-0.7107;0.6519;0.2915;-0.4140;0.2236;0.9058;0.3779;-0.1768;0.0738;;;;;;;;;;;;;0;0.3058;-0.4074;0.1316;331.6675;16.6424;328.1211;Palm;1a8de386-fbfc-45ea-bcfc-bc92c9e075e7;1;Exposure;2026-04-01 13:26:08.0286;Hands;;OpenXR
Right;1;Exposure;0;NoMitigation;None;anonymous;Sample;1233;0.0000;0.0069;-0.0095;0.0120;352.3959;4.6116;10.2689;0.0069;-0.0095;0.0120;0.9928;-0.0624;0.0459;0.0919;0;;;;;;;;;;;;;0;0.2022;-0.4214;0.2157;335.2259;65.3068;24.6377;Palm;-0.2578;-0.6971;0.6690;0.2917;-0.4130;0.2242;0.9109;0.3699;-0.1695;0.0688;;;;;;;;;;;;;0;0.3058;-0.4073;0.1315;331.6378;16.5943;328.0614;Palm;1a8de386-fbfc-45ea-bcfc-bc92c9e075e7;1;Exposure;2026-04-01 13:26:08.0534;Hands;;OpenXR
Right;1;Exposure;0;NoMitigation;None;anonymous;Sample;1236;0.0000;0.0070;-0.0096;0.0121;352.4131;4.6147;10.2225;0.0070;-0.0096;0.0121;0.9928;-0.0623;0.0459;0.0915;0;;;;;;;;;;;;;0;0.2022;-0.4214;0.2157;335.1853;65.3009;24.6710;Palm;-0.2486;-0.6829;0.6869;0.2921;-0.4121;0.2249;0.9162;0.3616;-0.1607;0.0634;;;;;;;;;;;;;0;0.3058;-0.4073;0.1313;331.6275;16.5816;328.0274;Palm;1a8de386-fbfc-45ea-bcfc-bc92c9e075e7;1;Exposure;2026-04-01 13:26:08.0778;Hands;;OpenXR
Right;1;Exposure;0;NoMitigation;None;anonymous;Sample;1239;0.0000;0.0071;-0.0096;0.0122;352.4133;4.6258;10.1778;0.0071;-0.0096;0.0122;0.9928;-0.0623;0.0460;0.0911;0;;;;;;;;;;;;;0;0.2021;-0.4213;0.2156;335.1068;65.2809;24.7168;Palm;-0.2385;-0.6692;0.7038;0.2926;-0.4114;0.2255;0.9211;0.3536;-0.1518;0.0583;;;;;;;;;;;;;0;0.3059;-0.4073;0.1312;331.6351;16.5850;328.0116;Palm;1a8de386-fbfc-45ea-bcfc-bc92c9e075e7;1;Exposure;2026-04-01 13:26:08.1007;Hands;;OpenXR
Right;1;Exposure;0;NoMitigation;None;anonymous;Sample;1242;0.0000;0.0072;-0.0097;0.0123;352.4095;4.6391;10.1684;0.0072;-0.0097;0.0123;0.9928;-0.0623;0.0461;0.0910;0;;;;;;;;;;;;;0;0.2019;-0.4212;0.2155;335.0259;65.2699;24.7427;Palm;-0.2301;-0.6583;0.7167;0.2931;-0.4109;0.2260;0.9249;0.3474;-0.1448;0.0544;;;;;;;;;;;;;0;0.3059;-0.4075;0.1312;331.6580;16.5742;328.0016;Palm;1a8de386-fbfc-45ea-bcfc-bc92c9e075e7;1;Exposure;2026-04-01 13:26:08.1260;Hands;;OpenXR
Right;1;Exposure;0;NoMitigation;None;anonymous;Sample;1245;0.0000;0.0072;-0.0097;0.0124;352.4238;4.6374;10.1930;0.0072;-0.0097;0.0124;0.9928;-0.0622;0.0461;0.0912;0;;;;;;;;;;;;;0;0.2017;-0.4211;0.2154;334.9319;65.2633;24.7635;Palm;-0.2226;-0.6493;0.7272;0.2935;-0.4107;0.2264;0.9279;0.3422;-0.1388;0.0512;;;;;;;;;;;;;0;0.3059;-0.4077;0.1311;331.6803;16.5688;327.9952;Palm;1a8de386-fbfc-45ea-bcfc-bc92c9e075e7;1;Exposure;2026-04-01 13:26:08.1540;Hands;;OpenXR
Right;1;Exposure;0;NoMitigation;None;anonymous;Sample;1248;0.0000;0.0072;-0.0097;0.0125;352.4262;4.6349;10.2118;0.0072;-0.0097;0.0125;0.9928;-0.0621;0.0461;0.0914;0;;;;;;;;;;;;;0;0.2016;-0.4211;0.2153;334.8244;65.2738;24.7743;Palm;-0.2192;-0.6458;0.7314;0.2937;-0.4107;0.2265;0.9291;0.3402;-0.1362;0.0499;;;;;;;;;;;;;0;0.3060;-0.4078;0.1310;331.6954;16.5798;327.9981;Palm;1a8de386-fbfc-45ea-bcfc-bc92c9e075e7;1;Exposure;2026-04-01 13:26:08.1743;Hands;;OpenXR
Right;1;Exposure;0;NoMitigation;None;anonymous;Sample;1251;0.0000;0.0072;-0.0099;0.0126;352.5024;4.6411;10.2146;0.0072;-0.0099;0.0126;0.9928;-0.0615;0.0461;0.0914;0;;;;;;;;;;;;;0;0.2015;-0.4211;0.2154;334.8013;65.2736;24.7849;Palm;-0.2174;-0.6442;0.7333;0.2939;-0.4107;0.2266;0.9296;0.3393;-0.1349;0.0493;;;;;;;;;;;;;0;0.3060;-0.4078;0.1311;331.7107;16.5636;327.9693;Palm;1a8de386-fbfc-45ea-bcfc-bc92c9e075e7;1;Exposure;2026-04-01 13:26:08.2007;Hands;;OpenXR
Right;1;Exposure;0;NoMitigation;None;anonymous;Sample;1254;0.0000;0.0073;-0.0100;0.0127;352.5743;4.6506;10.1958;0.0073;-0.0100;0.0127;0.9929;-0.0608;0.0461;0.0912;0;;;;;;;;;;;;;0;0.2014;-0.4212;0.2154;334.8001;65.2693;24.8073;Palm;-0.2181;-0.6450;0.7324;0.2939;-0.4108;0.2265;0.9294;0.3398;-0.1354;0.0495;;;;;;;;;;;;;0;0.3061;-0.4079;0.1312;331.7338;16.5524;327.9436;Palm;1a8de386-fbfc-45ea-bcfc-bc92c9e075e7;1;Exposure;2026-04-01 13:26:08.2245;Hands;;OpenXR
Right;1;Exposure;0;NoMitigation;None;anonymous;Sample;1257;0.0000;0.0074;-0.0101;0.0129;352.6051;4.6516;10.1551;0.0074;-0.0101;0.0129;0.9930;-0.0606;0.0460;0.0909;0;;;;;;;;;;;;;0;0.2014;-0.4212;0.2154;334.8150;65.2614;24.8404;Palm;-0.2205;-0.6478;0.7292;0.2939;-0.4110;0.2264;0.9285;0.3414;-0.1373;0.0505;;;;;;;;;;;;;0;0.3061;-0.4079;0.1313;331.7642;16.5441;327.9184;Palm;1a8de386-fbfc-45ea-bcfc-bc92c9e075e7;1;Exposure;2026-04-01 13:26:08.2498;Hands;;OpenXR
Right;1;Exposure;0;NoMitigation;None;anonymous;Sample;1260;0.0000;0.0075;-0.0101;0.0130;352.6159;4.6619;10.1215;0.0075;-0.0101;0.0130;0.9930;-0.0605;0.0461;0.0906;0;;;;;;;;;;;;;0;0.2013;-0.4212;0.2153;334.8347;65.2695;24.8712;Palm;-0.2230;-0.6501;0.7264;0.2939;-0.4112;0.2264;0.9277;0.3427;-0.1392;0.0514;;;;;;;;;;;;;0;0.3062;-0.4080;0.1314;331.8149;16.5346;327.8332;Palm;1a8de386-fbfc-45ea-bcfc-bc92c9e075e7;1;Exposure;2026-04-01 13:26:08.2742;Hands;;OpenXR
Right;1;Exposure;0;NoMitigation;None;anonymous;Sample;1263;0.0000;0.0076;-0.0102;0.0132;352.6404;4.6821;10.0990;0.0076;-0.0102;0.0132;0.9930;-0.0603;0.0462;0.0904;0;;;;;;;;;;;;;0;0.2012;-0.4210;0.2153;334.8589;65.2883;24.8986;Palm;-0.2246;-0.6503;0.7257;0.2940;-0.4112;0.2264;0.9274;0.3428;-0.1403;0.0518;;;;;;;;;;;;;0;0.3063;-0.4081;0.1316;331.8734;16.5130;327.7110;Palm;1a8de386-fbfc-45ea-bcfc-bc92c9e075e7;1;Exposure;2026-04-01 13:26:08.2998;Hands;;OpenXR
Right;1;Exposure;0;NoMitigation;None;anonymous;Sample;1264;0.0000;0.0076;-0.0102;0.0131;352.6646;4.6930;10.1134;0.0076;-0.0102;0.0131;0.9930;-0.0601;0.0463;0.0905;0;;;;;;;;;;;;;0;0.2012;-0.4210;0.2153;334.8663;65.2940;24.9034;Palm;-0.2259;-0.6500;0.7256;0.2940;-0.4112;0.2265;0.9274;0.3425;-0.1410;0.0521;;;;;;;;;;;;;0;0.3063;-0.4081;0.1316;331.8740;16.5044;327.7044;Palm;1a8de386-fbfc-45ea-bcfc-bc92c9e075e7;1;Exposure;2026-04-01 13:26:08.3308;Hands;;OpenXR
Right;1;Exposure;0;NoMitigation;None;anonymous;Sample;1268;0.0000;0.0078;-0.0103;0.0134;352.7171;4.7591;10.1112;0.0078;-0.0103;0.0134;0.9930;-0.0596;0.0469;0.0905;0;;;;;;;;;;;;;0;0.2012;-0.4208;0.2155;334.9431;65.3637;24.9074;Palm;-0.2258;-0.6493;0.7263;0.2942;-0.4112;0.2265;0.9276;0.3421;-0.1409;0.0520;;;;;;;;;;;;;0;0.3065;-0.4083;0.1316;331.8866;16.4847;327.6776;Palm;1a8de386-fbfc-45ea-bcfc-bc92c9e075e7;1;Exposure;2026-04-01 13:26:08.3576;Hands;;OpenXR
Right;1;Exposure;0;NoMitigation;None;anonymous;Sample;1271;0.0000;0.0080;-0.0102;0.0135;352.6465;4.7791;10.0511;0.0080;-0.0102;0.0135;0.9930;-0.0602;0.0471;0.0900;0;;;;;;;;;;;;;0;0.2012;-0.4207;0.2155;334.9967;65.4069;24.8881;Palm;-0.2254;-0.6485;0.7271;0.2944;-0.4112;0.2266;0.9278;0.3416;-0.1405;0.0517;;;;;;;;;;;;;0;0.3067;-0.4084;0.1315;331.8872;16.4738;327.6693;Palm;1a8de386-fbfc-45ea-bcfc-bc92c9e075e7;1;Exposure;2026-04-01 13:26:08.3824;Hands;;OpenXR
Right;1;Exposure;0;NoMitigation;None;anonymous;Sample;1274;0.0000;0.0081;-0.0101;0.0136;352.6195;4.7749;10.0335;0.0081;-0.0101;0.0136;0.9930;-0.0604;0.0470;0.0899;0;;;;;;;;;;;;;0;0.2012;-0.4207;0.2155;335.0667;65.4479;24.8141;Palm;-0.2253;-0.6482;0.7274;0.2945;-0.4113;0.2266;0.9279;0.3414;-0.1404;0.0517;;;;;;;;;;;;;0;0.3067;-0.4086;0.1316;331.8785;16.4568;327.6656;Palm;1a8de386-fbfc-45ea-bcfc-bc92c9e075e7;1;Exposure;2026-04-01 13:26:08.4083;Hands;;OpenXR
Right;1;Exposure;0;NoMitigation;None;anonymous;Sample;1277;0.0000;0.0083;-0.0101;0.0136;352.6313;4.7897;9.9954;0.0083;-0.0101;0.0136;0.9930;-0.0603;0.0471;0.0895;0;;;;;;;;;;;;;0;0.2012;-0.4208;0.2155;335.1323;65.5197;24.6888;Palm;-0.2307;-0.6537;0.7207;0.2944;-0.4116;0.2262;0.9260;0.3446;-0.1446;0.0538;;;;;;;;;;;;;0;0.3068;-0.4086;0.1315;331.8390;16.4431;327.6457;Palm;1a8de386-fbfc-45ea-bcfc-bc92c9e075e7;1;Exposure;2026-04-01 13:26:08.4352;Hands;;OpenXR
Right;1;Exposure;0;NoMitigation;None;anonymous;Sample;1280;0.0000;0.0084;-0.0101;0.0136;352.6563;4.7925;9.9743;0.0084;-0.0101;0.0136;0.9931;-0.0601;0.0471;0.0893;0;;;;;;;;;;;;;0;0.2013;-0.4208;0.2155;335.1818;65.5755;24.5852;Palm;-0.2364;-0.6596;0.7135;0.2943;-0.4118;0.2258;0.9239;0.3479;-0.1491;0.0561;;;;;;;;;;;;;0;0.3069;-0.4086;0.1314;331.7948;16.4298;327.6255;Palm;1a8de386-fbfc-45ea-bcfc-bc92c9e075e7;1;Exposure;2026-04-01 13:26:08.4586;Hands;;OpenXR
Right;1;Exposure;0;NoMitigation;None;anonymous;Sample;1283;0.0000;0.0084;-0.0102;0.0136;352.6746;4.8087;9.9254;0.0084;-0.0102;0.0136;0.9931;-0.0600;0.0472;0.0889;0;;;;;;;;;;;;;0;0.2014;-0.4208;0.2154;335.2063;65.6167;24.5424;Palm;-0.2522;-0.6751;0.6933;0.2936;-0.4124;0.2247;0.9180;0.3566;-0.1618;0.0628;;;;;;;;;;;;;0;0.3067;-0.4084;0.1314;331.6904;16.3443;327.5233;Palm;1a8de386-fbfc-45ea-bcfc-bc92c9e075e7;1;Exposure;2026-04-01 13:26:08.4829;Hands;;OpenXR
Right;1;Exposure;0;NoMitigation;None;anonymous;Sample;1286;0.0000;0.0085;-0.0102;0.0135;352.7151;4.8234;9.9275;0.0085;-0.0102;0.0135;0.9931;-0.0596;0.0473;0.0889;0;;;;;;;;;;;;;0;0.2015;-0.4208;0.2154;335.2127;65.6313;24.5211;Palm;-0.2700;-0.6910;0.6705;0.2927;-0.4128;0.2236;0.9112;0.3654;-0.1766;0.0708;;;;;;;;;;;;;0;0.3065;-0.4083;0.1314;331.6001;16.2417;327.3848;Palm;1a8de386-fbfc-45ea-bcfc-bc92c9e075e7;1;Exposure;2026-04-01 13:26:08.5069;Hands;;OpenXR
Right;1;Exposure;0;NoMitigation;None;anonymous;Sample;1289;0.0000;0.0085;-0.0102;0.0135;352.7177;4.8420;9.9254;0.0085;-0.0102;0.0135;0.9931;-0.0596;0.0475;0.0889;0;;;;;;;;;;;;;0;0.2015;-0.4207;0.2155;335.1958;65.6109;24.5232;Palm;-0.2855;-0.7032;0.6511;0.2919;-0.4132;0.2226;0.9052;0.3721;-0.1897;0.0780;;;;;;;;;;;;;0;0.3064;-0.4083;0.1314;331.5988;16.1490;327.2244;Palm;1a8de386-fbfc-45ea-bcfc-bc92c9e075e7;1;Exposure;2026-04-01 13:26:08.5319;Hands;;OpenXR
Right;1;Exposure;0;NoMitigation;None;anonymous;Sample;1292;0.0000;0.0086;-0.0102;0.0136;352.7047;4.8499;9.9308;0.0086;-0.0102;0.0136;0.9931;-0.0597;0.0476;0.0890;0;;;;;;;;;;;;;0;0.2015;-0.4209;0.2154;335.1785;65.6127;24.5486;Palm;-0.2968;-0.7110;0.6375;0.2913;-0.4133;0.2219;0.9010;0.3761;-0.1994;0.0833;;;;;;;;;;;;;0;0.3064;-0.4085;0.1314;331.6889;16.1925;327.0890;Palm;1a8de386-fbfc-45ea-bcfc-bc92c9e075e7;1;Exposure;2026-04-01 13:26:08.5578;Hands;;OpenXR
Right;1;Exposure;0;NoMitigation;None;anonymous;Sample;1295;0.0000;0.0087;-0.0102;0.0136;352.7252;4.8554;9.9362;0.0087;-0.0102;0.0136;0.9931;-0.0595;0.0476;0.0890;0;;;;;;;;;;;;;0;0.2016;-0.4210;0.2153;335.1570;65.6138;24.5809;Palm;-0.3068;-0.7175;0.6253;0.2910;-0.4135;0.2213;0.8972;0.3794;-0.2082;0.0881;;;;;;;;;;;;;0;0.3064;-0.4087;0.1315;331.8069;16.2534;326.9274;Palm;1a8de386-fbfc-45ea-bcfc-bc92c9e075e7;1;Exposure;2026-04-01 13:26:08.5829;Hands;;OpenXR
Right;1;Exposure;0;NoMitigation;None;anonymous;Sample;1298;0.0000;0.0088;-0.0102;0.0137;352.7586;4.8553;9.9213;0.0088;-0.0102;0.0137;0.9931;-0.0592;0.0476;0.0889;0;;;;;;;;;;;;;0;0.2017;-0.4212;0.2154;335.1491;65.5907;24.6105;Palm;-0.3119;-0.7203;0.6196;0.2910;-0.4135;0.2210;0.8953;0.3808;-0.2127;0.0904;;;;;;;;;;;;;0;0.3066;-0.4089;0.1316;332.0327;16.3432;326.8344;Palm;1a8de386-fbfc-45ea-bcfc-bc92c9e075e7;1;Exposure;2026-04-01 13:26:08.6078;Hands;;OpenXR
Right;1;Exposure;0;NoMitigation;None;anonymous;Sample;1301;0.0000;0.0089;-0.0102;0.0138;352.7130;4.8494;9.7610;0.0089;-0.0102;0.0138;0.9932;-0.0597;0.0475;0.0875;0;;;;;;;;;;;;;0;0.2017;-0.4214;0.2155;335.1425;65.5821;24.6379;Palm;-0.3137;-0.7213;0.6175;0.2913;-0.4137;0.2209;0.8947;0.3812;-0.2142;0.0913;;;;;;;;;;;;;0;0.3068;-0.4093;0.1317;332.3281;16.4782;326.8764;Palm;1a8de386-fbfc-45ea-bcfc-bc92c9e075e7;1;Exposure;2026-04-01 13:26:08.6316;Hands;;OpenXR
Right;1;Exposure;0;NoMitigation;None;anonymous;Sample;1304;0.0000;0.0090;-0.0103;0.0138;352.7963;4.8359;9.7318;0.0090;-0.0103;0.0138;0.9933;-0.0590;0.0473;0.0872;0;;;;;;;;;;;;;0;0.2017;-0.4215;0.2155;335.1363;65.5832;24.6665;Palm;-0.3121;-0.7220;0.6175;0.2919;-0.4140;0.2211;0.8947;0.3818;-0.2133;0.0910;;;;;;;;;;;;;0;0.3070;-0.4097;0.1318;332.6989;16.6596;327.0255;Palm;1a8de386-fbfc-45ea-bcfc-bc92c9e075e7;1;Exposure;2026-04-01 13:26:08.6570;Hands;;OpenXR
Right;1;Exposure;0;NoMitigation;None;anonymous;Sample;1307;0.0000;0.0091;-0.0105;0.0138;352.9155;4.8543;9.7486;0.0091;-0.0105;0.0138;0.9934;-0.0579;0.0474;0.0873;0;;;;;;;;;;;;;0;0.2017;-0.4217;0.2156;335.1403;65.5696;24.6759;Palm;-0.3058;-0.7199;0.6231;0.2926;-0.4143;0.2215;0.8965;0.3810;-0.2081;0.0884;;;;;;;;;;;;;0;0.3071;-0.4099;0.1319;332.8454;16.7688;327.2058;Palm;1a8de386-fbfc-45ea-bcfc-bc92c9e075e7;1;Exposure;2026-04-01 13:26:08.6827;Hands;;OpenXR
Right;1;Exposure;0;NoMitigation;None;anonymous;Sample;1310;0.0000;0.0092;-0.0106;0.0138;352.9776;4.8697;9.7241;0.0092;-0.0106;0.0138;0.9934;-0.0574;0.0474;0.0871;0;;;;;;;;;;;;;0;0.2017;-0.4219;0.2156;335.1528;65.5501;24.6726;Palm;-0.2943;-0.7128;0.6367;0.2933;-0.4142;0.2223;0.9008;0.3774;-0.1981;0.0830;;;;;;;;;;;;;0;0.3070;-0.4098;0.1319;332.8537;16.8098;327.3663;Palm;1a8de386-fbfc-45ea-bcfc-bc92c9e075e7;1;Exposure;2026-04-01 13:26:08.7078;Hands;;OpenXR
Right;1;Exposure;0;NoMitigation;None;anonymous;Sample;1313;0.0000;0.0093;-0.0107;0.0139;353.0235;4.8720;9.6908;0.0093;-0.0107;0.0139;0.9935;-0.0570;0.0474;0.0868;0;;;;;;;;;;;;;0;0.2017;-0.4219;0.2157;335.1717;65.5376;24.6642;Palm;-0.2777;-0.7000;0.6580;0.2941;-0.4138;0.2234;0.9074;0.3705;-0.1836;0.0750;;;;;;;;;;;;;0;0.3067;-0.4096;0.1320;332.8152;16.8006;327.4926;Palm;1a8de386-fbfc-45ea-bcfc-bc92c9e075e7;1;Exposure;2026-04-01 13:26:08.7328;Hands;;OpenXR
Right;1;Exposure;0;NoMitigation;None;anonymous;Sample;1316;0.0000;0.0095;-0.0108;0.0139;353.0770;4.8760;9.6839;0.0095;-0.0108;0.0139;0.9935;-0.0565;0.0474;0.0867;0;;;;;;;;;;;;;0;0.2017;-0.4220;0.2158;335.1790;65.5191;24.6355;Palm;-0.2589;-0.6851;0.6809;0.2947;-0.4132;0.2246;0.9143;0.3624;-0.1680;0.0666;;;;;;;;;;;;;0;0.3064;-0.4093;0.1320;332.6722;16.8374;327.7756;Palm;1a8de386-fbfc-45ea-bcfc-bc92c9e075e7;1;Exposure;2026-04-01 13:26:08.7583;Hands;;OpenXR
Right;1;Exposure;0;NoMitigation;None;anonymous;Sample;1319;0.0000;0.0096;-0.0109;0.0139;353.1354;4.8735;9.6721;0.0096;-0.0109;0.0139;0.9935;-0.0560;0.0473;0.0866;0;;;;;;;;;;;;;0;0.2016;-0.4221;0.2158;335.1791;65.5021;24.5823;Palm;-0.2367;-0.6683;0.7052;0.2953;-0.4126;0.2259;0.9216;0.3532;-0.1505;0.0577;;;;;;;;;;;;;0;0.3062;-0.4090;0.1320;332.5305;16.8672;328.0994;Palm;1a8de386-fbfc-45ea-bcfc-bc92c9e075e7;1;Exposure;2026-04-01 13:26:08.7843;Hands;;OpenXR
Right;1;Exposure;0;NoMitigation;None;anonymous;Sample;1322;0.0000;0.0098;-0.0109;0.0139;353.1245;4.8656;9.6288;0.0098;-0.0109;0.0139;0.9936;-0.0561;0.0473;0.0862;0;;;;;;;;;;;;;0;0.2016;-0.4222;0.2158;335.1840;65.4954;24.4733;Palm;-0.2204;-0.6568;0.7211;0.2956;-0.4124;0.2268;0.9262;0.3468;-0.1384;0.0518;;;;;;;;;;;;;0;0.3061;-0.4088;0.1319;332.4471;16.8673;328.3879;Palm;1a8de386-fbfc-45ea-bcfc-bc92c9e075e7;1;Exposure;2026-04-01 13:26:08.8063;Hands;;OpenXR
Right;1;Exposure;0;NoMitigation;None;anonymous;Sample;1325;0.0000;0.0100;-0.0108;0.0138;353.0469;4.8718;9.5652;0.0100;-0.0108;0.0138;0.9936;-0.0568;0.0473;0.0857;0;;;;;;;;;;;;;0;0.2018;-0.4223;0.2159;335.2356;65.4922;24.3917;Palm;-0.2046;-0.6470;0.7346;0.2958;-0.4124;0.2276;0.9301;0.3414;-0.1271;0.0467;;;;;;;;;;;;;0;0.3060;-0.4086;0.1318;332.3557;16.9531;328.7080;Palm;1a8de386-fbfc-45ea-bcfc-bc92c9e075e7;1;Exposure;2026-04-01 13:26:08.8317;Hands;;OpenXR
Right;1;Exposure;0;NoMitigation;None;anonymous;Sample;1328;0.0000;0.0101;-0.0107;0.0137;352.9819;4.8560;9.6081;0.0101;-0.0107;0.0137;0.9935;-0.0574;0.0473;0.0861;0;;;;;;;;;;;;;0;0.2021;-0.4226;0.2159;335.3298;65.4923;24.3237;Palm;-0.1901;-0.6397;0.7448;0.2960;-0.4125;0.2282;0.9330;0.3375;-0.1172;0.0424;;;;;;;;;;;;;0;0.3059;-0.4082;0.1316;332.2506;17.0925;329.0769;Palm;1a8de386-fbfc-45ea-bcfc-bc92c9e075e7;1;Exposure;2026-04-01 13:26:08.8564;Hands;;OpenXR
Right;1;Exposure;0;NoMitigation;None;anonymous;Sample;1331;0.0000;0.0103;-0.0105;0.0136;352.8714;4.8507;9.5635;0.0103;-0.0105;0.0136;0.9935;-0.0584;0.0473;0.0857;0;;;;;;;;;;;;;0;0.2023;-0.4229;0.2159;335.4525;65.5248;24.2832;Palm;-0.1780;-0.6366;0.7503;0.2962;-0.4129;0.2285;0.9347;0.3360;-0.1094;0.0393;;;;;;;;;;;;;0;0.3059;-0.4080;0.1314;332.1598;17.2109;329.4887;Palm;1a8de386-fbfc-45ea-bcfc-bc92c9e075e7;1;Exposure;2026-04-01 13:26:08.8819;Hands;;OpenXR
Right;1;Exposure;0;NoMitigation;None;anonymous;Sample;1334;0.0000;0.0104;-0.0103;0.0135;352.7726;4.8532;9.5240;0.0104;-0.0103;0.0135;0.9935;-0.0592;0.0473;0.0854;0;;;;;;;;;;;;;0;0.2025;-0.4231;0.2159;335.5728;65.5669;24.2768;Palm;-0.1696;-0.6387;0.7506;0.2963;-0.4135;0.2286;0.9348;0.3374;-0.1043;0.0376;;;;;;;;;;;;;0;0.3060;-0.4079;0.1313;332.0777;17.2927;329.9412;Palm;1a8de386-fbfc-45ea-bcfc-bc92c9e075e7;1;Exposure;2026-04-01 13:26:08.9072;Hands;;OpenXR
Right;1;Exposure;0;NoMitigation;None;anonymous;Sample;1337;0.0000;0.0105;-0.0102;0.0133;352.7490;4.8611;9.4968;0.0105;-0.0102;0.0133;0.9935;-0.0595;0.0474;0.0852;0;;;;;;;;;;;;;0;0.2026;-0.4231;0.2159;335.6089;65.5719;24.2951;Palm;-0.1629;-0.6439;0.7476;0.2964;-0.4143;0.2285;0.9340;0.3407;-0.1006;0.0367;;;;;;;;;;;;;0;0.3060;-0.4079;0.1313;331.9995;17.3241;330.4340;Palm;1a8de386-fbfc-45ea-bcfc-bc92c9e075e7;1;Exposure;2026-04-01 13:26:08.9327;Hands;;OpenXR
Right;1;Exposure;0;NoMitigation;None;anonymous;Sample;1340;0.0000;0.0106;-0.0102;0.0131;352.7585;4.8874;9.4764;0.0106;-0.0102;0.0131;0.9935;-0.0594;0.0476;0.0850;0;;;;;;;;;;;;;0;0.2026;-0.4231;0.2160;335.6296;65.5855;24.2852;Palm;-0.1573;-0.6487;0.7446;0.2965;-0.4149;0.2284;0.9333;0.3438;-0.0975;0.0359;;;;;;;;;;;;;0;0.3059;-0.4077;0.1312;331.7757;17.2114;330.9496;Palm;1a8de386-fbfc-45ea-bcfc-bc92c9e075e7;1;Exposure;2026-04-01 13:26:08.9565;Hands;;OpenXR
Right;1;Exposure;0;NoMitigation;None;anonymous;Sample;1343;0.0000;0.0107;-0.0102;0.0130;352.7458;4.9184;9.4203;0.0107;-0.0102;0.0130;0.9935;-0.0595;0.0479;0.0846;0;;;;;;;;;;;;;0;0.2025;-0.4231;0.2161;335.6496;65.6013;24.2742;Palm;-0.1526;-0.6545;0.7405;0.2964;-0.4155;0.2283;0.9322;0.3474;-0.0950;0.0354;;;;;;;;;;;;;0;0.3058;-0.4076;0.1312;331.5605;17.1040;331.4531;Palm;1a8de386-fbfc-45ea-bcfc-bc92c9e075e7;1;Exposure;2026-04-01 13:26:08.9835;Hands;;OpenXR
Right;1;Exposure;0;NoMitigation;None;anonymous;Sample;1346;0.0000;0.0108;-0.0101;0.0128;352.6964;4.9057;9.4075;0.0108;-0.0101;0.0128;0.9935;-0.0599;0.0478;0.0845;0;;;;;;;;;;;;;0;0.2024;-0.4232;0.2160;335.6558;65.6173;24.2629;Palm;-0.1488;-0.6583;0.7379;0.2964;-0.4158;0.2281;0.9315;0.3499;-0.0930;0.0349;;;;;;;;;;;;;0;0.3058;-0.4074;0.1311;331.3805;17.0818;331.6464;Palm;1a8de386-fbfc-45ea-bcfc-bc92c9e075e7;1;Exposure;2026-04-01 13:26:09.0105;Hands;;OpenXR
Right;1;Exposure;0;NoMitigation;None;anonymous;Sample;1349;0.0000;0.0108;-0.0100;0.0127;352.6598;4.9105;9.3933;0.0108;-0.0100;0.0127;0.9935;-0.0602;0.0478;0.0844;0;;;;;;;;;;;;;0;0.2024;-0.4233;0.2160;335.6537;65.6360;24.2631;Palm;-0.1465;-0.6606;0.7363;0.2963;-0.4159;0.2280;0.9311;0.3513;-0.0918;0.0346;;;;;;;;;;;;;0;0.3057;-0.4072;0.1311;331.2545;17.0448;331.7411;Palm;1a8de386-fbfc-45ea-bcfc-bc92c9e075e7;1;Exposure;2026-04-01 13:26:09.0324;Hands;;OpenXR
Right;1;Exposure;0;NoMitigation;None;anonymous;Sample;1352;0.0000;0.0109;-0.0099;0.0128;352.6400;4.9187;9.4305;0.0109;-0.0099;0.0128;0.9934;-0.0604;0.0479;0.0847;0;;;;;;;;;;;;;0;0.2024;-0.4233;0.2159;335.6449;65.6570;24.2717;Palm;-0.1454;-0.6623;0.7350;0.2962;-0.4159;0.2280;0.9308;0.3524;-0.0912;0.0345;;;;;;;;;;;;;0;0.3056;-0.4071;0.1311;331.1524;17.0018;331.7937;Palm;1a8de386-fbfc-45ea-bcfc-bc92c9e075e7;1;Exposure;2026-04-01 13:26:09.0568;Hands;;OpenXR
Right;1;Exposure;0;NoMitigation;None;anonymous;Sample;1355;0.0000;0.0109;-0.0099;0.0129;352.6474;4.9393;9.4968;0.0109;-0.0099;0.0129;0.9934;-0.0603;0.0482;0.0853;0;;;;;;;;;;;;;0;0.2025;-0.4234;0.2159;335.6484;65.6682;24.2991;Palm;-0.1451;-0.6637;0.7338;0.2960;-0.4159;0.2279;0.9304;0.3533;-0.0911;0.0346;;;;;;;;;;;;;0;0.3055;-0.4070;0.1311;331.0811;17.0053;331.7974;Palm;1a8de386-fbfc-45ea-bcfc-bc92c9e075e7;1;Exposure;2026-04-01 13:26:09.0827;Hands;;OpenXR
Right;1;Exposure;0;NoMitigation;None;anonymous;Sample;1358;0.0000;0.0108;-0.0099;0.0130;352.8434;4.9938;9.5180;0.0108;-0.0099;0.0130;0.9934;-0.0585;0.0485;0.0854;0;;;;;;;;;;;;;0;0.2026;-0.4235;0.2159;335.6550;65.6686;24.3431;Palm;-0.1451;-0.6642;0.7334;0.2957;-0.4158;0.2279;0.9303;0.3536;-0.0911;0.0346;;;;;;;;;;;;;0;0.3052;-0.4069;0.1311;331.0441;17.0413;331.7654;Palm;1a8de386-fbfc-45ea-bcfc-bc92c9e075e7;1;Exposure;2026-04-01 13:26:09.1075;Hands;;OpenXR
Right;1;Exposure;0;NoMitigation;None;anonymous;Sample;1361;0.0000;0.0107;-0.0098;0.0132;352.6815;4.9630;9.5674;0.0107;-0.0098;0.0132;0.9933;-0.0599;0.0484;0.0859;0;;;;;;;;;;;;;0;0.2026;-0.4235;0.2159;335.6489;65.6527;24.4255;Palm;-0.1452;-0.6642;0.7333;0.2954;-0.4156;0.2278;0.9303;0.3536;-0.0912;0.0347;;;;;;;;;;;;;0;0.3047;-0.4066;0.1310;331.0267;17.1071;331.7035;Palm;1a8de386-fbfc-45ea-bcfc-bc92c9e075e7;1;Exposure;2026-04-01 13:26:09.1308;Hands;;OpenXR
Right;1;Exposure;0;NoMitigation;None;anonymous;Sample;1364;0.0000;0.0105;-0.0098;0.0133;352.8685;5.0062;9.6734;0.0105;-0.0098;0.0133;0.9933;-0.0582;0.0487;0.0868;0;;;;;;;;;;;;;0;0.2025;-0.4235;0.2159;335.6325;65.6532;24.4706;Palm;-0.1453;-0.6643;0.7332;0.2952;-0.4155;0.2278;0.9303;0.3536;-0.0913;0.0347;;;;;;;;;;;;;0;0.3047;-0.4066;0.1310;331.0874;17.2718;331.6121;Palm;1a8de386-fbfc-45ea-bcfc-bc92c9e075e7;1;Exposure;2026-04-01 13:26:09.1574;Hands;;OpenXR
Right;1;Exposure;0;NoMitigation;None;anonymous;Sample;1367;0.0000;0.0103;-0.0099;0.0134;352.9562;5.0135;9.6382;0.0103;-0.0099;0.0134;0.9934;-0.0575;0.0487;0.0864;0;;;;;;;;;;;;;0;0.2025;-0.4235;0.2158;335.6139;65.6530;24.5138;Palm;-0.1453;-0.6646;0.7329;0.2952;-0.4155;0.2277;0.9302;0.3539;-0.0913;0.0347;;;;;;;;;;;;;0;0.3048;-0.4066;0.1309;331.1934;17.5238;331.4788;Palm;1a8de386-fbfc-45ea-bcfc-bc92c9e075e7;1;Exposure;2026-04-01 13:26:09.1822;Hands;;OpenXR
Right;1;Exposure;0;NoMitigation;None;anonymous;Sample;1370;0.0000;0.0101;-0.0099;0.0136;352.8916;4.9128;9.7795;0.0101;-0.0099;0.0136;0.9933;-0.0581;0.0479;0.0876;0;;;;;;;;;;;;;0;0.2024;-0.4235;0.2159;335.6005;65.6387;24.5352;Palm;-0.1447;-0.6651;0.7326;0.2955;-0.4155;0.2277;0.9301;0.3542;-0.0910;0.0347;;;;;;;;;;;;;0;0.3050;-0.4066;0.1309;331.3369;17.8917;331.3150;Palm;1a8de386-fbfc-45ea-bcfc-bc92c9e075e7;1;Exposure;2026-04-01 13:26:09.2067;Hands;;OpenXR
Right;1;Exposure;0;NoMitigation;None;anonymous;Sample;1373;0.0000;0.0099;-0.0100;0.0137;353.0404;4.8237;9.8231;0.0099;-0.0100;0.0137;0.9934;-0.0568;0.0470;0.0879;0;;;;;;;;;;;;;0;0.2023;-0.4236;0.2158;335.5845;65.6349;24.5359;Palm;-0.1442;-0.6655;0.7323;0.2958;-0.4156;0.2277;0.9300;0.3544;-0.0907;0.0346;;;;;;;;;;;;;0;0.3050;-0.4065;0.1308;331.4021;18.0476;331.2274;Palm;1a8de386-fbfc-45ea-bcfc-bc92c9e075e7;1;Exposure;2026-04-01 13:26:09.2320;Hands;;OpenXR
Right;1;Exposure;0;NoMitigation;None;anonymous;Sample;1376;0.0000;0.0096;-0.0101;0.0137;353.1469;4.7266;9.8817;0.0096;-0.0101;0.0137;0.9934;-0.0560;0.0462;0.0884;0;;;;;;;;;;;;;0;0.2022;-0.4236;0.2156;335.5661;65.6380;24.5217;Palm;-0.1440;-0.6657;0.7322;0.2959;-0.4155;0.2277;0.9300;0.3546;-0.0906;0.0345;;;;;;;;;;;;;0;0.3049;-0.4063;0.1308;331.4136;18.0691;331.2029;Palm;1a8de386-fbfc-45ea-bcfc-bc92c9e075e7;1;Exposure;2026-04-01 13:26:09.2563;Hands;;OpenXR
Right;1;Exposure;0;NoMitigation;None;anonymous;Sample;1379;0.0000;0.0094;-0.0100;0.0139;353.0609;4.6259;9.9642;0.0094;-0.0100;0.0139;0.9934;-0.0567;0.0454;0.0890;0;;;;;;;;;;;;;0;0.2022;-0.4235;0.2155;335.5507;65.6390;24.5057;Palm;-0.1440;-0.6657;0.7322;0.2959;-0.4154;0.2277;0.9300;0.3545;-0.0906;0.0345;;;;;;;;;;;;;0;0.3048;-0.4062;0.1308;331.4212;18.0627;331.1816;Palm;1a8de386-fbfc-45ea-bcfc-bc92c9e075e7;1;Exposure;2026-04-01 13:26:09.2810;Hands;;OpenXR
Right;1;Exposure;0;NoMitigation;None;anonymous;Sample;1382;0.0000;0.0092;-0.0099;0.0141;353.0180;4.5997;9.9910;0.0092;-0.0099;0.0141;0.9933;-0.0571;0.0452;0.0893;0;;;;;;;;;;;;;0;0.2023;-0.4234;0.2155;335.5468;65.6369;24.4892;Palm;-0.1442;-0.6654;0.7324;0.2958;-0.4153;0.2277;0.9301;0.3544;-0.0907;0.0345;;;;;;;;;;;;;0;0.3048;-0.4061;0.1309;331.4169;18.0426;331.1679;Palm;1a8de386-fbfc-45ea-bcfc-bc92c9e075e7;1;Exposure;2026-04-01 13:26:09.3085;Hands;;OpenXR
Right;1;Exposure;0;NoMitigation;None;anonymous;Sample;1384;0.0000;0.0092;-0.0099;0.0142;353.0788;4.6069;9.9763;0.0092;-0.0099;0.0142;0.9934;-0.0566;0.0452;0.0891;0;;;;;;;;;;;;;0;0.2023;-0.4234;0.2155;335.5560;65.6326;24.4760;Palm;-0.1443;-0.6651;0.7327;0.2957;-0.4153;0.2277;0.9301;0.3542;-0.0907;0.0346;;;;;;;;;;;;;0;0.3048;-0.4061;0.1308;331.4004;18.0306;331.1637;Palm;1a8de386-fbfc-45ea-bcfc-bc92c9e075e7;1;Exposure;2026-04-01 13:26:09.3359;Hands;;OpenXR
Right;1;Exposure;0;NoMitigation;None;anonymous;Sample;1387;0.0000;0.0092;-0.0101;0.0144;353.1514;4.6058;9.9590;0.0092;-0.0101;0.0144;0.9934;-0.0560;0.0451;0.0890;0;;;;;;;;;;;;;0;0.2024;-0.4232;0.2155;335.5829;65.6171;24.4669;Palm;-0.1439;-0.6644;0.7334;0.2957;-0.4153;0.2278;0.9303;0.3537;-0.0904;0.0344;;;;;;;;;;;;;0;0.3049;-0.4062;0.1308;331.3780;17.9827;331.1853;Palm;1a8de386-fbfc-45ea-bcfc-bc92c9e075e7;1;Exposure;2026-04-01 13:26:09.3559;Hands;;OpenXR
Right;1;Exposure;0;NoMitigation;None;anonymous;Sample;1390;0.0000;0.0093;-0.0103;0.0146;353.2384;4.6407;9.9621;0.0093;-0.0103;0.0146;0.9935;-0.0552;0.0454;0.0890;0;;;;;;;;;;;;;0;0.2024;-0.4231;0.2155;335.6081;65.6036;24.4597;Palm;-0.1432;-0.6633;0.7346;0.2957;-0.4154;0.2278;0.9307;0.3531;-0.0899;0.0341;;;;;;;;;;;;;0;0.3051;-0.4064;0.1308;331.3591;17.9392;331.2083;Palm;1a8de386-fbfc-45ea-bcfc-bc92c9e075e7;1;Exposure;2026-04-01 13:26:09.3824;Hands;;OpenXR
Right;1;Exposure;0;NoMitigation;None;anonymous;Sample;1393;0.0000;0.0094;-0.0103;0.0147;353.2602;4.6462;9.8756;0.0094;-0.0103;0.0147;0.9935;-0.0550;0.0454;0.0882;0;;;;;;;;;;;;;0;0.2023;-0.4229;0.2154;335.6532;65.5972;24.4682;Palm;-0.1423;-0.6623;0.7356;0.2958;-0.4155;0.2279;0.9309;0.3525;-0.0892;0.0338;;;;;;;;;;;;;0;0.3052;-0.4064;0.1308;331.3420;17.8871;331.2664;Palm;1a8de386-fbfc-45ea-bcfc-bc92c9e075e7;1;Exposure;2026-04-01 13:26:09.4066;Hands;;OpenXR
Right;1;Exposure;0;NoMitigation;None;anonymous;Sample;1396;0.0000;0.0094;-0.0103;0.0150;353.2907;4.6623;9.7637;0.0094;-0.0103;0.0150;0.9936;-0.0548;0.0454;0.0873;0;;;;;;;;;;;;;0;0.2021;-0.4226;0.2153;335.7039;65.5897;24.4944;Palm;-0.1413;-0.6615;0.7365;0.2958;-0.4156;0.2279;0.9312;0.3520;-0.0885;0.0335;;;;;;;;;;;;;0;0.3053;-0.4064;0.1307;331.3313;17.8349;331.3558;Palm;1a8de386-fbfc-45ea-bcfc-bc92c9e075e7;1;Exposure;2026-04-01 13:26:09.4314;Hands;;OpenXR
Right;1;Exposure;0;NoMitigation;None;anonymous;Sample;1399;0.0000;0.0095;-0.0103;0.0153;353.3114;4.6554;9.7705;0.0095;-0.0103;0.0153;0.9936;-0.0546;0.0454;0.0873;0;;;;;;;;;;;;;0;0.2018;-0.4223;0.2151;335.8088;65.5840;24.5497;Palm;-0.1399;-0.6610;0.7372;0.2959;-0.4157;0.2279;0.9314;0.3517;-0.0876;0.0331;;;;;;;;;;;;;0;0.3052;-0.4065;0.1307;331.3197;17.7784;331.4912;Palm;1a8de386-fbfc-45ea-bcfc-bc92c9e075e7;1;Exposure;2026-04-01 13:26:09.4569;Hands;;OpenXR
Right;1;Exposure;0;NoMitigation;None;anonymous;Sample;1400;0.0000;0.0095;-0.0103;0.0154;353.3511;4.6679;9.7988;0.0095;-0.0103;0.0154;0.9936;-0.0543;0.0455;0.0875;0;;;;;;;;;;;;;0;0.2018;-0.4222;0.2151;335.8719;65.5868;24.5734;Palm;-0.1378;-0.6605;0.7381;0.2959;-0.4158;0.2279;0.9317;0.3515;-0.0863;0.0325;;;;;;;;;;;;;0;0.3052;-0.4065;0.1307;331.3106;17.7571;331.5499;Palm;1a8de386-fbfc-45ea-bcfc-bc92c9e075e7;1;Exposure;2026-04-01 13:26:09.4802;Hands;;OpenXR
Right;1;Exposure;0;NoMitigation;None;anonymous;Sample;1403;0.0000;0.0096;-0.0104;0.0156;353.4000;4.6953;9.7724;0.0096;-0.0104;0.0156;0.9937;-0.0538;0.0456;0.0873;0;;;;;;;;;;;;;0;0.2016;-0.4219;0.2151;336.1710;65.6053;24.6862;Palm;-0.1357;-0.6603;0.7386;0.2960;-0.4159;0.2279;0.9318;0.3514;-0.0849;0.0320;;;;;;;;;;;;;0;0.3053;-0.4065;0.1305;331.2708;17.6662;331.8215;Palm;1a8de386-fbfc-45ea-bcfc-bc92c9e075e7;1;Exposure;2026-04-01 13:26:09.4982;Hands;;OpenXR
Right;1;Exposure;0;NoMitigation;None;anonymous;Sample;1406;0.0000;0.0097;-0.0104;0.0158;353.3817;4.7250;9.7357;0.0097;-0.0104;0.0158;0.9937;-0.0540;0.0459;0.0870;0;;;;;;;;;;;;;0;0.2018;-0.4219;0.2151;336.3347;65.5916;24.8363;Palm;-0.1329;-0.6603;0.7391;0.2960;-0.4160;0.2278;0.9320;0.3515;-0.0832;0.0314;;;;;;;;;;;;;0;0.3052;-0.4065;0.1305;331.2783;17.6781;331.9340;Palm;1a8de386-fbfc-45ea-bcfc-bc92c9e075e7;1;Exposure;2026-04-01 13:26:09.5240;Hands;;OpenXR
Right;1;Exposure;0;NoMitigation;None;anonymous;Sample;1409;0.0000;0.0099;-0.0105;0.0160;353.4075;4.7238;9.7491;0.0099;-0.0105;0.0160;0.9937;-0.0537;0.0459;0.0871;0;;;;;;;;;;;;;0;0.2021;-0.4222;0.2152;336.5362;65.5403;25.0858;Palm;-0.1312;-0.6606;0.7392;0.2961;-0.4160;0.2278;0.9320;0.3516;-0.0821;0.0310;;;;;;;;;;;;;0;0.3052;-0.4065;0.1305;331.2672;17.6844;331.9921;Palm;1a8de386-fbfc-45ea-bcfc-bc92c9e075e7;1;Exposure;2026-04-01 13:26:09.5494;Hands;;OpenXR
Right;1;Exposure;0;NoMitigation;None;anonymous;Sample;1412;0.0000;0.0100;-0.0106;0.0162;353.4111;4.7375;9.7632;0.0100;-0.0106;0.0162;0.9937;-0.0537;0.0460;0.0872;0;;;;;;;;;;;;;0;0.2025;-0.4227;0.2154;336.7768;65.4628;25.4190;Palm;-0.1306;-0.6609;0.7390;0.2960;-0.4161;0.2278;0.9320;0.3519;-0.0817;0.0308;;;;;;;;;;;;;0;0.3051;-0.4065;0.1305;331.2472;17.6872;332.0204;Palm;1a8de386-fbfc-45ea-bcfc-bc92c9e075e7;1;Exposure;2026-04-01 13:26:09.5742;Hands;;OpenXR
Right;1;Exposure;0;NoMitigation;None;anonymous;Sample;1415;0.0000;0.0101;-0.0105;0.0163;353.4014;4.7663;9.7256;0.0101;-0.0105;0.0163;0.9937;-0.0538;0.0462;0.0869;0;;;;;;;;;;;;;0;0.2034;-0.4238;0.2155;336.8910;65.3653;25.8228;Palm;-0.1305;-0.6614;0.7386;0.2960;-0.4162;0.2278;0.9318;0.3522;-0.0817;0.0309;;;;;;;;;;;;;0;0.3052;-0.4065;0.1305;331.2278;17.6981;332.0404;Palm;1a8de386-fbfc-45ea-bcfc-bc92c9e075e7;1;Exposure;2026-04-01 13:26:09.5981;Hands;;OpenXR
Right;1;Exposure;0;NoMitigation;None;anonymous;Sample;1418;0.0000;0.0103;-0.0106;0.0163;353.4308;4.8289;9.6831;0.0103;-0.0106;0.0163;0.9937;-0.0535;0.0467;0.0866;0;;;;;;;;;;;;;0;0.2043;-0.4251;0.2157;336.9061;65.2620;26.2049;Palm;-0.1307;-0.6621;0.7379;0.2960;-0.4162;0.2278;0.9317;0.3526;-0.0819;0.0310;;;;;;;;;;;;;0;0.3052;-0.4066;0.1305;331.1987;17.7034;332.0583;Palm;1a8de386-fbfc-45ea-bcfc-bc92c9e075e7;1;Exposure;2026-04-01 13:26:09.6239;Hands;;OpenXR
Right;1;Exposure;0;NoMitigation;None;anonymous;Sample;1421;0.0000;0.0105;-0.0107;0.0163;353.4693;4.8395;9.7457;0.0105;-0.0107;0.0163;0.9937;-0.0531;0.0468;0.0871;0;;;;;;;;;;;;;0;0.2048;-0.4256;0.2160;336.8545;65.1832;26.4246;Palm;-0.1310;-0.6624;0.7376;0.2959;-0.4163;0.2278;0.9316;0.3528;-0.0821;0.0311;;;;;;;;;;;;;0;0.3051;-0.4066;0.1305;331.1188;17.6737;332.0946;Palm;1a8de386-fbfc-45ea-bcfc-bc92c9e075e7;1;Exposure;2026-04-01 13:26:09.6484;Hands;;OpenXR
Right;1;Exposure;0;NoMitigation;None;anonymous;Sample;1424;0.0000;0.0105;-0.0107;0.0164;353.4465;4.8291;9.7075;0.0105;-0.0107;0.0164;0.9937;-0.0533;0.0467;0.0868;0;;;;;;;;;;;;;0;0.2047;-0.4258;0.2161;336.7966;65.1536;26.5041;Palm;-0.1313;-0.6624;0.7375;0.2958;-0.4162;0.2278;0.9316;0.3528;-0.0823;0.0312;;;;;;;;;;;;;0;0.3052;-0.4065;0.1305;331.0457;17.6187;332.1295;Palm;1a8de386-fbfc-45ea-bcfc-bc92c9e075e7;1;Exposure;2026-04-01 13:26:09.6739;Hands;;OpenXR
Right;1;Exposure;0;NoMitigation;None;anonymous;Sample;1426;0.0000;0.0106;-0.0107;0.0164;353.4424;4.8192;9.6741;0.0106;-0.0107;0.0164;0.9937;-0.0534;0.0466;0.0865;0;;;;;;;;;;;;;0;0.2047;-0.4259;0.2161;336.7595;65.1355;26.5524;Palm;-0.1318;-0.6623;0.7375;0.2958;-0.4161;0.2278;0.9316;0.3527;-0.0826;0.0313;;;;;;;;;;;;;0;0.3052;-0.4065;0.1305;330.9926;17.5761;332.1526;Palm;1a8de386-fbfc-45ea-bcfc-bc92c9e075e7;1;Exposure;2026-04-01 13:26:09.6986;Hands;;OpenXR
Right;1;Exposure;0;NoMitigation;None;anonymous;Sample;1429;0.0000;0.0107;-0.0108;0.0164;353.5263;4.8481;9.7067;0.0107;-0.0108;0.0164;0.9937;-0.0526;0.0468;0.0868;0;;;;;;;;;;;;;0;0.2047;-0.4260;0.2161;336.7079;65.1384;26.5542;Palm;-0.1330;-0.6616;0.7380;0.2954;-0.4159;0.2278;0.9317;0.3522;-0.0833;0.0315;;;;;;;;;;;;;0;0.3049;-0.4063;0.1305;330.8364;17.4048;332.1649;Palm;1a8de386-fbfc-45ea-bcfc-bc92c9e075e7;1;Exposure;2026-04-01 13:26:09.7231;Hands;;OpenXR
Right;1;Exposure;0;NoMitigation;None;anonymous;Sample;1432;0.0000;0.0108;-0.0109;0.0163;353.5480;4.8782;9.7478;0.0108;-0.0109;0.0163;0.9937;-0.0524;0.0471;0.0871;0;;;;;;;;;;;;;0;0.2046;-0.4259;0.2162;336.6306;65.1299;26.5361;Palm;-0.1346;-0.6611;0.7381;0.2950;-0.4157;0.2277;0.9317;0.3519;-0.0842;0.0318;;;;;;;;;;;;;0;0.3048;-0.4062;0.1305;330.7655;17.3357;332.1408;Palm;1a8de386-fbfc-45ea-bcfc-bc92c9e075e7;1;Exposure;2026-04-01 13:26:09.7490;Hands;;OpenXR
Right;1;Exposure;0;NoMitigation;None;anonymous;Sample;1435;0.0000;0.0109;-0.0109;0.0163;353.5291;4.8993;9.7260;0.0109;-0.0109;0.0163;0.9937;-0.0526;0.0473;0.0870;0;;;;;;;;;;;;;0;0.2044;-0.4256;0.2162;336.4748;65.1062;26.4853;Palm;-0.1362;-0.6616;0.7374;0.2947;-0.4156;0.2277;0.9315;0.3522;-0.0853;0.0323;;;;;;;;;;;;;0;0.3048;-0.4061;0.1305;330.7435;17.3213;332.1120;Palm;1a8de386-fbfc-45ea-bcfc-bc92c9e075e7;1;Exposure;2026-04-01 13:26:09.7735;Hands;;OpenXR
Right;1;Exposure;0;NoMitigation;None;anonymous;Sample;1438;0.0000;0.0111;-0.0108;0.0162;353.4456;4.9084;9.6737;0.0111;-0.0108;0.0162;0.9937;-0.0533;0.0474;0.0865;0;;;;;;;;;;;;;0;0.2043;-0.4253;0.2162;336.3279;65.1322;26.3686;Palm;-0.1380;-0.6630;0.7358;0.2945;-0.4157;0.2276;0.9310;0.3530;-0.0865;0.0328;;;;;;;;;;;;;0;0.3047;-0.4060;0.1304;330.7183;17.3323;332.0786;Palm;1a8de386-fbfc-45ea-bcfc-bc92c9e075e7;1;Exposure;2026-04-01 13:26:09.7984;Hands;;OpenXR
Right;1;Exposure;0;NoMitigation;None;anonymous;Sample;1441;0.0000;0.0112;-0.0107;0.0161;353.4112;4.9220;9.6810;0.0112;-0.0107;0.0161;0.9937;-0.0536;0.0476;0.0866;0;;;;;;;;;;;;;0;0.2041;-0.4251;0.2162;336.2025;65.1873;26.1935;Palm;-0.1398;-0.6649;0.7338;0.2943;-0.4159;0.2274;0.9305;0.3541;-0.0878;0.0334;;;;;;;;;;;;;0;0.3047;-0.4060;0.1304;330.6931;17.3597;332.0426;Palm;1a8de386-fbfc-45ea-bcfc-bc92c9e075e7;1;Exposure;2026-04-01 13:26:09.8243;Hands;;OpenXR
Right;1;Exposure;0;NoMitigation;None;anonymous;Sample;1443;0.0000;0.0113;-0.0105;0.0160;353.2888;4.9531;9.6572;0.0113;-0.0105;0.0160;0.9936;-0.0546;0.0479;0.0865;0;;;;;;;;;;;;;0;0.2040;-0.4250;0.2162;336.1262;65.2218;26.0394;Palm;-0.1412;-0.6665;0.7320;0.2942;-0.4161;0.2274;0.9300;0.3551;-0.0889;0.0339;;;;;;;;;;;;;0;0.3047;-0.4061;0.1304;330.6806;17.3796;332.0204;Palm;1a8de386-fbfc-45ea-bcfc-bc92c9e075e7;1;Exposure;2026-04-01 13:26:09.8493;Hands;;OpenXR
Right;1;Exposure;0;NoMitigation;None;anonymous;Sample;1445;0.0000;0.0113;-0.0100;0.0157;352.9741;4.9260;9.6676;0.0113;-0.0100;0.0157;0.9934;-0.0574;0.0479;0.0867;0;;;;;;;;;;;;;0;0.2038;-0.4248;0.2161;336.0591;65.2774;25.8313;Palm;-0.1417;-0.6668;0.7316;0.2941;-0.4162;0.2274;0.9299;0.3553;-0.0892;0.0341;;;;;;;;;;;;;0;0.3046;-0.4062;0.1305;330.6559;17.3849;331.9996;Palm;1a8de386-fbfc-45ea-bcfc-bc92c9e075e7;1;Exposure;2026-04-01 13:26:09.8775;Hands;;OpenXR
Right;1;Exposure;0;NoMitigation;None;anonymous;Sample;1447;0.0000;0.0108;-0.0087;0.0150;352.2524;4.6680;9.8301;0.0108;-0.0087;0.0150;0.9930;-0.0638;0.0463;0.0882;0;;;;;;;;;;;;;0;0.2036;-0.4247;0.2161;336.0012;65.3346;25.6204;Palm;-0.1418;-0.6665;0.7319;0.2940;-0.4162;0.2274;0.9299;0.3551;-0.0893;0.0341;;;;;;;;;;;;;0;0.3045;-0.4062;0.1305;330.6307;17.3890;331.9788;Palm;1a8de386-fbfc-45ea-bcfc-bc92c9e075e7;1;Exposure;2026-04-01 13:26:09.9045;Hands;;OpenXR
Right;1;Exposure;0;NoMitigation;None;anonymous;Sample;1449;0.0000;0.0097;-0.0066;0.0141;350.7312;3.9533;10.2629;0.0097;-0.0066;0.0141;0.9919;-0.0774;0.0415;0.0919;0;;;;;;;;;;;;;0;0.2036;-0.4246;0.2160;336.0029;65.3677;25.4604;Palm;-0.1414;-0.6651;0.7333;0.2938;-0.4163;0.2276;0.9303;0.3542;-0.0889;0.0339;;;;;;;;;;;;;0;0.3044;-0.4064;0.1307;330.6150;17.3459;331.9607;Palm;1a8de386-fbfc-45ea-bcfc-bc92c9e075e7;1;Exposure;2026-04-01 13:26:09.9310;Hands;;OpenXR
Right;1;Exposure;0;NoMitigation;None;anonymous;Sample;1451;0.0000;0.0073;-0.0037;0.0123;348.6609;2.4404;10.7810;0.0073;-0.0037;0.0123;0.9903;-0.0963;0.0304;0.0956;0;;;;;;;;;;;;;0;0.2034;-0.4245;0.2162;336.0081;65.3028;25.4104;Palm;-0.1368;-0.6574;0.7410;0.2937;-0.4161;0.2280;0.9325;0.3496;-0.0854;0.0320;;;;;;;;;;;;;0;0.3040;-0.4065;0.1308;330.6700;17.1532;331.9465;Palm;1a8de386-fbfc-45ea-bcfc-bc92c9e075e7;1;Exposure;2026-04-01 13:26:09.9512;Hands;;OpenXR
Right;1;Exposure;0;NoMitigation;None;anonymous;Sample;1454;0.0000;0.0055;-0.0023;0.0105;347.6685;1.1746;10.7728;0.0055;-0.0023;0.0105;0.9897;-0.1060;0.0202;0.0944;0;;;;;;;;;;;;;0;0.2031;-0.4244;0.2163;336.0116;65.1910;25.3960;Palm;-0.1279;-0.6423;0.7557;0.2934;-0.4158;0.2289;0.9365;0.3405;-0.0787;0.0286;;;;;;;;;;;;;0;0.3035;-0.4068;0.1311;330.8437;16.8692;331.9497;Palm;1a8de386-fbfc-45ea-bcfc-bc92c9e075e7;1;Exposure;2026-04-01 13:26:09.9782;Hands;;OpenXR
Right;1;Exposure;0;NoMitigation;None;anonymous;Sample;1456;0.0000;0.0045;-0.0018;0.0095;347.4312;0.6801;10.7647;0.0045;-0.0018;0.0095;0.9895;-0.1084;0.0161;0.0939;0;;;;;;;;;;;;;0;0.2025;-0.4241;0.2166;336.0061;64.9926;25.4319;Palm;-0.1150;-0.6215;0.7749;0.2933;-0.4154;0.2301;0.9417;0.3282;-0.0695;0.0242;;;;;;;;;;;;;0;0.3031;-0.4071;0.1313;331.1469;16.5480;331.9702;Palm;1a8de386-fbfc-45ea-bcfc-bc92c9e075e7;1;Exposure;2026-04-01 13:26:10.0041;Hands;;OpenXR
Right;1;Exposure;0;NoMitigation;None;anonymous;Sample;1459;0.0000;0.0028;-0.0010;0.0077;346.8292;359.7343;10.9034;0.0028;-0.0010;0.0077;0.9889;-0.1144;0.0086;0.0941;0;;;;;;;;;;;;;0;0.2011;-0.4233;0.2171;335.9965;64.4609;25.5617;Palm;-0.0990;-0.5964;0.7966;0.2932;-0.4151;0.2315;0.9476;0.3135;-0.0586;0.0194;;;;;;;;;;;;;0;0.3025;-0.4077;0.1317;331.8389;16.1014;331.9388;Palm;1a8de386-fbfc-45ea-bcfc-bc92c9e075e7;1;Exposure;2026-04-01 13:26:10.0249;Hands;;OpenXR
Right;1;Exposure;0;NoMitigation;None;anonymous;Sample;1462;0.0000;0.0019;-0.0010;0.0065;346.8531;359.4201;10.8618;0.0019;-0.0010;0.0065;0.9890;-0.1144;0.0058;0.0934;0;;;;;;;;;;;;;0;0.1999;-0.4222;0.2171;335.9927;64.0121;25.7029;Palm;-0.0622;-0.5451;0.8361;0.2945;-0.4139;0.2337;0.9581;0.2841;-0.0356;0.0106;;;;;;;;;;;;;0;0.3025;-0.4081;0.1317;332.4586;16.2167;331.7395;Palm;1a8de386-fbfc-45ea-bcfc-bc92c9e075e7;1;Exposure;2026-04-01 13:26:10.0561;Hands;;OpenXR
Right;1;Exposure;0;NoMitigation;None;anonymous;Sample;1465;0.0000;0.0013;-0.0017;0.0053;347.1605;359.2180;10.8737;0.0013;-0.0017;0.0053;0.9893;-0.1119;0.0038;0.0934;0;;;;;;;;;;;;;0;0.1988;-0.4209;0.2176;335.9700;63.4821;26.0382;Palm;-0.0115;-0.4711;0.8820;0.2968;-0.4119;0.2362;0.9701;0.2428;-0.0063;0.0016;;;;;;;;;;;;;0;0.3024;-0.4090;0.1321;333.5343;16.0172;331.0466;Palm;1a8de386-fbfc-45ea-bcfc-bc92c9e075e7;1;Exposure;2026-04-01 13:26:10.0861;Hands;;OpenXR
Right;1;Exposure;0;NoMitigation;None;anonymous;Sample;1468;0.0000;0.0011;-0.0022;0.0047;347.4726;359.3801;10.7509;0.0011;-0.0022;0.0047;0.9897;-0.1091;0.0049;0.0925;0;;;;;;;;;;;;;0;0.1982;-0.4202;0.2178;335.9661;63.0590;26.3315;Palm;0.0254;-0.4128;0.9105;0.2984;-0.4102;0.2379;0.9774;0.2112;0.0136;-0.0029;;;;;;;;;;;;;0;0.3023;-0.4093;0.1323;333.9763;15.8045;330.4647;Palm;1a8de386-fbfc-45ea-bcfc-bc92c9e075e7;1;Exposure;2026-04-01 13:26:10.1161;Hands;;OpenXR
Right;1;Exposure;0;NoMitigation;None;anonymous;Sample;1471;0.0000;0.0011;-0.0028;0.0040;347.7738;359.5415;10.5707;0.0011;-0.0028;0.0040;0.9901;-0.1064;0.0058;0.0912;0;;;;;;;;;;;;;0;0.1976;-0.4196;0.2184;336.0087;62.2339;26.9556;Palm;0.0390;-0.3635;0.9308;0.2982;-0.4070;0.2389;0.9825;0.1849;0.0206;-0.0039;;;;;;;;;;;;;0;0.3019;-0.4081;0.1325;333.2356;15.3375;329.2772;Palm;1a8de386-fbfc-45ea-bcfc-bc92c9e075e7;1;Exposure;2026-04-01 13:26:10.1446;Hands;;OpenXR
Right;1;Exposure;0;NoMitigation;None;anonymous;Sample;1474;0.0000;0.0013;-0.0034;0.0035;348.0624;359.7001;10.5320;0.0013;-0.0034;0.0035;0.9904;-0.1038;0.0070;0.0910;0;;;;;;;;;;;;;0;0.1965;-0.4188;0.2194;336.0898;61.2175;27.7287;Palm;0.0345;-0.3163;0.9480;0.2971;-0.4006;0.2392;0.9869;0.1602;0.0179;-0.0029;;;;;;;;;;;;;0;0.3019;-0.4051;0.1326;331.4016;14.9953;328.2146;Palm;1a8de386-fbfc-45ea-bcfc-bc92c9e075e7;1;Exposure;2026-04-01 13:26:10.1761;Hands;;OpenXR
Right;1;Exposure;0;NoMitigation;None;anonymous;Sample;1477;0.0000;0.0015;-0.0040;0.0029;348.4098;359.9263;10.3409;0.0015;-0.0040;0.0029;0.9908;-0.1006;0.0085;0.0896;0;;;;;;;;;;;;;0;0.1950;-0.4177;0.2206;336.2653;59.9183;28.7881;Palm;0.0340;-0.2840;0.9582;0.2968;-0.3963;0.2392;0.9895;0.1435;0.0176;-0.0025;;;;;;;;;;;;;0;0.3025;-0.4038;0.1325;330.2393;14.7959;327.7379;Palm;1a8de386-fbfc-45ea-bcfc-bc92c9e075e7;1;Exposure;2026-04-01 13:26:10.1994;Hands;;OpenXR
Right;1;Exposure;0;NoMitigation;None;anonymous;Sample;1480;0.0000;0.0016;-0.0043;0.0025;348.5941;0.0975;10.0853;0.0016;-0.0043;0.0025;0.9912;-0.0989;0.0096;0.0875;0;;;;;;;;;;;;;0;0.1939;-0.4172;0.2216;336.5107;58.9070;29.6572;Palm;0.0335;-0.2676;0.9629;0.2974;-0.3948;0.2388;0.9907;0.1350;0.0173;-0.0024;;;;;;;;;;;;;0;0.3040;-0.4052;0.1319;329.9618;14.7331;327.8956;Palm;1a8de386-fbfc-45ea-bcfc-bc92c9e075e7;1;Exposure;2026-04-01 13:26:10.2264;Hands;;OpenXR
Right;1;Exposure;0;NoMitigation;None;anonymous;Sample;1483;0.0000;0.0018;-0.0046;0.0020;348.6916;0.2751;10.0207;0.0018;-0.0046;0.0020;0.9913;-0.0979;0.0110;0.0871;0;;;;;;;;;;;;;0;0.1932;-0.4170;0.2227;336.8703;57.8883;30.5382;Palm;0.0325;-0.2647;0.9638;0.2988;-0.3959;0.2381;0.9909;0.1335;0.0167;-0.0023;;;;;;;;;;;;;0;0.3059;-0.4077;0.1311;329.7119;14.5933;328.3741;Palm;1a8de386-fbfc-45ea-bcfc-bc92c9e075e7;1;Exposure;2026-04-01 13:26:10.2508;Hands;;OpenXR
Right;1;Exposure;0;NoMitigation;None;anonymous;Sample;1486;0.0000;0.0020;-0.0047;0.0015;348.7185;0.4065;10.0624;0.0020;-0.0047;0.0015;0.9913;-0.0976;0.0121;0.0876;0;;;;;;;;;;;;;0;0.1925;-0.4171;0.2234;337.3221;57.1007;31.4216;Palm;0.0316;-0.2672;0.9631;0.2992;-0.3970;0.2372;0.9907;0.1348;0.0162;-0.0022;;;;;;;;;;;;;0;0.3059;-0.4080;0.1298;329.5336;13.9461;329.5211;Palm;1a8de386-fbfc-45ea-bcfc-bc92c9e075e7;1;Exposure;2026-04-01 13:26:10.2747;Hands;;OpenXR
Right;1;Exposure;0;NoMitigation;None;anonymous;Sample;1489;0.0000;0.0020;-0.0047;0.0009;348.7010;0.5093;10.1356;0.0020;-0.0047;0.0009;0.9912;-0.0977;0.0131;0.0883;0;;;;;;;;;;;;;0;0.1918;-0.4171;0.2240;337.7303;56.3588;32.2271;Palm;0.0310;-0.2703;0.9623;0.2991;-0.3978;0.2360;0.9905;0.1364;0.0159;-0.0022;;;;;;;;;;;;;0;0.3059;-0.4082;0.1288;329.3204;13.3241;330.5245;Palm;1a8de386-fbfc-45ea-bcfc-bc92c9e075e7;1;Exposure;2026-04-01 13:26:10.2991;Hands;;OpenXR
Right;1;Exposure;0;NoMitigation;None;anonymous;Sample;1492;0.0000;0.0020;-0.0044;0.0003;348.5574;0.5600;10.2603;0.0020;-0.0044;0.0003;0.9910;-0.0989;0.0138;0.0895;0;;;;;;;;;;;;;0;0.1911;-0.4170;0.2247;337.9937;55.7469;33.0284;Palm;0.0260;-0.2768;0.9606;0.2978;-0.3989;0.2353;0.9901;0.1398;0.0134;-0.0019;;;;;;;;;;;;;0;0.3049;-0.4089;0.1286;329.5618;12.0143;331.6921;Palm;1a8de386-fbfc-45ea-bcfc-bc92c9e075e7;1;Exposure;2026-04-01 13:26:10.3235;Hands;;OpenXR
Right;1;Exposure;0;NoMitigation;None;anonymous;Sample;1495;0.0000;0.0019;-0.0040;-0.0002;348.3078;0.5433;10.3910;0.0019;-0.0040;-0.0002;0.9907;-0.1010;0.0139;0.0906;0;;;;;;;;;;;;;0;0.1905;-0.4169;0.2252;338.1123;55.3239;33.6674;Palm;0.0133;-0.2913;0.9565;0.2950;-0.4008;0.2349;0.9891;0.1472;0.0069;-0.0010;;;;;;;;;;;;;0;0.3037;-0.4095;0.1284;329.9918;10.3899;332.9630;Palm;1a8de386-fbfc-45ea-bcfc-bc92c9e075e7;1;Exposure;2026-04-01 13:26:10.3494;Hands;;OpenXR
Right;1;Exposure;0;NoMitigation;None;anonymous;Sample;1498;0.0000;0.0018;-0.0034;-0.0007;347.9628;0.4886;10.4992;0.0018;-0.0034;-0.0007;0.9903;-0.1040;0.0138;0.0914;0;;;;;;;;;;;;;0;0.1904;-0.4168;0.2252;338.0718;55.1834;33.9589;Palm;-0.0027;-0.3101;0.9507;0.2924;-0.4026;0.2336;0.9876;0.1570;-0.0014;0.0002;;;;;;;;;;;;;0;0.3034;-0.4097;0.1268;330.3766;8.9549;334.0726;Palm;1a8de386-fbfc-45ea-bcfc-bc92c9e075e7;1;Exposure;2026-04-01 13:26:10.3732;Hands;;OpenXR
Right;1;Exposure;0;NoMitigation;None;anonymous;Sample;1501;0.0000;0.0017;-0.0028;-0.0012;347.5646;0.3184;10.6106;0.0017;-0.0028;-0.0012;0.9898;-0.1076;0.0128;0.0922;0;;;;;;;;;;;;;0;0.1905;-0.4169;0.2252;338.0049;55.1883;34.0782;Palm;-0.0275;-0.3342;0.9421;0.2891;-0.4042;0.2328;0.9854;0.1695;-0.0144;0.0025;;;;;;;;;;;;;0;0.3020;-0.4101;0.1274;331.0705;7.3603;334.5181;Palm;1a8de386-fbfc-45ea-bcfc-bc92c9e075e7;1;Exposure;2026-04-01 13:26:10.3991;Hands;;OpenXR
Right;1;Exposure;0;NoMitigation;None;anonymous;Sample;1504;0.0000;0.0014;-0.0023;-0.0017;347.2776;0.0798;10.6737;0.0014;-0.0023;-0.0017;0.9895;-0.1103;0.0110;0.0925;0;;;;;;;;;;;;;0;0.1906;-0.4170;0.2252;337.9031;55.1884;34.1985;Palm;-0.0523;-0.3582;0.9322;0.2858;-0.4056;0.2324;0.9829;0.1821;-0.0275;0.0051;;;;;;;;;;;;;0;0.3011;-0.4105;0.1277;331.5981;6.3836;334.8458;Palm;1a8de386-fbfc-45ea-bcfc-bc92c9e075e7;1;Exposure;2026-04-01 13:26:10.4244;Hands;;OpenXR
Right;1;Exposure;0;NoMitigation;None;anonymous;Sample;1507;0.0000;0.0014;-0.0021;-0.0020;347.0679;359.7835;10.6571;0.0014;-0.0021;-0.0020;0.9894;-0.1123;0.0086;0.0921;0;;;;;;;;;;;;;0;0.1906;-0.4169;0.2252;337.6685;55.2253;34.2728;Palm;-0.0711;-0.3829;0.9211;0.2843;-0.4066;0.2319;0.9800;0.1951;-0.0378;0.0075;;;;;;;;;;;;;0;0.3012;-0.4106;0.1277;331.9221;6.2192;334.9310;Palm;1a8de386-fbfc-45ea-bcfc-bc92c9e075e7;1;Exposure;2026-04-01 13:26:10.4498;Hands;;OpenXR
Right;1;Exposure;0;NoMitigation;None;anonymous;Sample;1509;0.0000;0.0013;-0.0019;-0.0023;347.1971;359.7108;10.5775;0.0013;-0.0019;-0.0023;0.9896;-0.1112;0.0078;0.0913;0;;;;;;;;;;;;;0;0.1907;-0.4168;0.2251;337.5010;55.2693;34.3146;Palm;-0.0821;-0.4005;0.9126;0.2840;-0.4068;0.2314;0.9779;0.2044;-0.0439;0.0092;;;;;;;;;;;;;0;0.3016;-0.4105;0.1275;332.0205;6.3816;334.9252;Palm;1a8de386-fbfc-45ea-bcfc-bc92c9e075e7;1;Exposure;2026-04-01 13:26:10.4748;Hands;;OpenXR
Right;1;Exposure;0;NoMitigation;None;anonymous;Sample;1512;0.0000;0.0014;-0.0020;-0.0027;347.2299;359.6282;10.5010;0.0014;-0.0020;-0.0027;0.9897;-0.1110;0.0070;0.0906;0;;;;;;;;;;;;;0;0.1908;-0.4166;0.2251;337.1721;55.3374;34.4176;Palm;-0.0878;-0.4154;0.9054;0.2847;-0.4068;0.2308;0.9760;0.2123;-0.0472;0.0103;;;;;;;;;;;;;0;0.3026;-0.4104;0.1271;332.3581;6.7658;334.9724;Palm;1a8de386-fbfc-45ea-bcfc-bc92c9e075e7;1;Exposure;2026-04-01 13:26:10.4996;Hands;;OpenXR
Right;1;Exposure;0;NoMitigation;None;anonymous;Sample;1515;0.0000;0.0015;-0.0022;-0.0028;347.3238;359.6085;10.5145;0.0015;-0.0022;-0.0028;0.9897;-0.1102;0.0067;0.0907;0;;;;;;;;;;;;;0;0.1909;-0.4165;0.2253;337.0068;55.3983;34.3687;Palm;-0.0868;-0.4255;0.9008;0.2861;-0.4065;0.2305;0.9748;0.2178;-0.0469;0.0105;;;;;;;;;;;;;0;0.3031;-0.4102;0.1272;332.3618;7.5225;334.9543;Palm;1a8de386-fbfc-45ea-bcfc-bc92c9e075e7;1;Exposure;2026-04-01 13:26:10.5241;Hands;;OpenXR
Right;1;Exposure;0;NoMitigation;None;anonymous;Sample;1518;0.0000;0.0016;-0.0023;-0.0027;347.3677;359.6095;10.5465;0.0016;-0.0023;-0.0027;0.9898;-0.1099;0.0067;0.0910;0;;;;;;;;;;;;;0;0.1911;-0.4166;0.2254;336.8896;55.4356;34.3074;Palm;-0.0889;-0.4438;0.8917;0.2867;-0.4066;0.2303;0.9725;0.2276;-0.0483;0.0113;;;;;;;;;;;;;0;0.3024;-0.4098;0.1276;332.3796;8.0473;335.0858;Palm;1a8de386-fbfc-45ea-bcfc-bc92c9e075e7;1;Exposure;2026-04-01 13:26:10.5499;Hands;;OpenXR
Right;1;Exposure;0;NoMitigation;None;anonymous;Sample;1521;0.0000;0.0017;-0.0026;-0.0028;347.5178;359.6983;10.5119;0.0017;-0.0026;-0.0028;0.9899;-0.1085;0.0074;0.0908;0;;;;;;;;;;;;;0;0.1912;-0.4168;0.2254;336.8093;55.4846;34.1578;Palm;-0.0965;-0.4710;0.8768;0.2860;-0.4073;0.2300;0.9686;0.2424;-0.0531;0.0133;;;;;;;;;;;;;0;0.3011;-0.4093;0.1281;332.3522;8.4141;335.2014;Palm;1a8de386-fbfc-45ea-bcfc-bc92c9e075e7;1;Exposure;2026-04-01 13:26:10.5743;Hands;;OpenXR
Right;1;Exposure;0;NoMitigation;None;anonymous;Sample;1524;0.0000;0.0018;-0.0027;-0.0027;347.5228;359.7466;10.5115;0.0018;-0.0027;-0.0027;0.9899;-0.1084;0.0078;0.0908;0;;;;;;;;;;;;;0;0.1913;-0.4168;0.2253;336.6828;55.6435;33.8500;Palm;-0.1016;-0.4892;0.8662;0.2852;-0.4074;0.2299;0.9659;0.2524;-0.0565;0.0148;;;;;;;;;;;;;0;0.3002;-0.4087;0.1287;332.2367;8.7492;335.1875;Palm;1a8de386-fbfc-45ea-bcfc-bc92c9e075e7;1;Exposure;2026-04-01 13:26:10.5991;Hands;;OpenXR
Right;1;Exposure;0;NoMitigation;None;anonymous;Sample;1527;0.0000;0.0019;-0.0027;-0.0026;347.5564;359.7606;10.4610;0.0019;-0.0027;-0.0026;0.9900;-0.1081;0.0078;0.0904;0;;;;;;;;;;;;;0;0.1914;-0.4168;0.2251;336.5525;55.8214;33.5067;Palm;-0.1073;-0.5058;0.8559;0.2845;-0.4072;0.2299;0.9632;0.2616;-0.0601;0.0163;;;;;;;;;;;;;0;0.2995;-0.4082;0.1290;332.1287;9.0663;335.1839;Palm;1a8de386-fbfc-45ea-bcfc-bc92c9e075e7;1;Exposure;2026-04-01 13:26:10.6234;Hands;;OpenXR
Right;1;Exposure;0;NoMitigation;None;anonymous;Sample;1530;0.0000;0.0019;-0.0027;-0.0025;347.5430;359.8573;10.3820;0.0019;-0.0027;-0.0025;0.9900;-0.1082;0.0086;0.0898;0;;;;;;;;;;;;;0;0.1915;-0.4169;0.2250;336.4529;56.0863;33.1304;Palm;-0.1129;-0.5197;0.8469;0.2840;-0.4068;0.2296;0.9608;0.2693;-0.0638;0.0179;;;;;;;;;;;;;0;0.2991;-0.4073;0.1290;331.8638;9.3290;335.1569;Palm;1a8de386-fbfc-45ea-bcfc-bc92c9e075e7;1;Exposure;2026-04-01 13:26:10.6494;Hands;;OpenXR
Right;1;Exposure;0;NoMitigation;None;anonymous;Sample;1533;0.0000;0.0020;-0.0027;-0.0025;347.5253;0.0023;10.3368;0.0020;-0.0027;-0.0025;0.9900;-0.1082;0.0098;0.0896;0;;;;;;;;;;;;;0;0.1917;-0.4168;0.2250;336.3842;56.3264;32.9645;Palm;-0.1161;-0.5271;0.8418;0.2839;-0.4060;0.2292;0.9595;0.2734;-0.0659;0.0188;;;;;;;;;;;;;0;0.2992;-0.4068;0.1287;331.5506;9.6619;335.0450;Palm;1a8de386-fbfc-45ea-bcfc-bc92c9e075e7;1;Exposure;2026-04-01 13:26:10.6728;Hands;;OpenXR
Right;1;Exposure;0;NoMitigation;None;anonymous;Sample;1536;0.0000;0.0020;-0.0026;-0.0023;347.3723;0.1284;10.3670;0.0020;-0.0026;-0.0023;0.9899;-0.1094;0.0110;0.0899;0;;;;;;;;;;;;;0;0.1919;-0.4166;0.2250;336.3325;56.5494;32.9057;Palm;-0.1160;-0.5272;0.8418;0.2843;-0.4050;0.2287;0.9595;0.2734;-0.0658;0.0187;;;;;;;;;;;;;0;0.2994;-0.4065;0.1283;331.2189;10.0270;334.8912;Palm;1a8de386-fbfc-45ea-bcfc-bc92c9e075e7;1;Exposure;2026-04-01 13:26:10.6982;Hands;;OpenXR
Right;1;Exposure;0;NoMitigation;None;anonymous;Sample;1539;0.0000;0.0019;-0.0024;-0.0023;347.1744;0.1772;10.4630;0.0019;-0.0024;-0.0023;0.9896;-0.1111;0.0117;0.0908;0;;;;;;;;;;;;;0;0.1920;-0.4164;0.2251;336.2320;56.7521;32.9733;Palm;-0.1136;-0.5251;0.8435;0.2851;-0.4042;0.2281;0.9599;0.2723;-0.0644;0.0183;;;;;;;;;;;;;0;0.2999;-0.4065;0.1275;330.8648;10.7060;334.6469;Palm;1a8de386-fbfc-45ea-bcfc-bc92c9e075e7;1;Exposure;2026-04-01 13:26:10.7241;Hands;;OpenXR
Right;1;Exposure;0;NoMitigation;None;anonymous;Sample;1542;0.0000;0.0017;-0.0021;-0.0024;347.0201;0.1875;10.5208;0.0017;-0.0021;-0.0024;0.9894;-0.1124;0.0120;0.0913;0;;;;;;;;;;;;;0;0.1922;-0.4162;0.2252;336.1128;56.9490;33.2485;Palm;-0.1077;-0.5197;0.8475;0.2866;-0.4035;0.2274;0.9610;0.2693;-0.0608;0.0171;;;;;;;;;;;;;0;0.3006;-0.4069;0.1266;330.5494;11.5178;334.2961;Palm;1a8de386-fbfc-45ea-bcfc-bc92c9e075e7;1;Exposure;2026-04-01 13:26:10.7494;Hands;;OpenXR
Right;1;Exposure;0;NoMitigation;None;anonymous;Sample;1545;0.0000;0.0015;-0.0019;-0.0024;346.9017;0.1675;10.5399;0.0015;-0.0019;-0.0024;0.9893;-0.1134;0.0119;0.0914;0;;;;;;;;;;;;;0;0.1923;-0.4160;0.2251;336.0348;57.1330;33.8319;Palm;-0.1025;-0.5140;0.8517;0.2880;-0.4032;0.2270;0.9621;0.2662;-0.0577;0.0160;;;;;;;;;;;;;0;0.3010;-0.4075;0.1263;330.3727;12.1714;333.8967;Palm;1a8de386-fbfc-45ea-bcfc-bc92c9e075e7;1;Exposure;2026-04-01 13:26:10.7738;Hands;;OpenXR
Right;1;Exposure;0;NoMitigation;None;anonymous;Sample;1548;0.0000;0.0012;-0.0017;-0.0024;346.8196;0.0781;10.5599;0.0012;-0.0017;-0.0024;0.9892;-0.1142;0.0112;0.0915;0;;;;;;;;;;;;;0;0.1925;-0.4160;0.2249;336.1929;57.3634;34.5046;Palm;-0.0985;-0.5076;0.8559;0.2888;-0.4029;0.2269;0.9632;0.2627;-0.0552;0.0151;;;;;;;;;;;;;0;0.3011;-0.4076;0.1265;330.3880;12.2558;333.7896;Palm;1a8de386-fbfc-45ea-bcfc-bc92c9e075e7;1;Exposure;2026-04-01 13:26:10.7982;Hands;;OpenXR
Right;1;Exposure;0;NoMitigation;None;anonymous;Sample;1551;0.0000;0.0009;-0.0017;-0.0024;346.8124;359.9585;10.6338;0.0009;-0.0017;-0.0024;0.9891;-0.1144;0.0103;0.0920;0;;;;;;;;;;;;;0;0.1926;-0.4161;0.2248;336.3334;57.5642;35.1003;Palm;-0.0950;-0.5011;0.8601;0.2891;-0.4027;0.2271;0.9643;0.2591;-0.0531;0.0143;;;;;;;;;;;;;0;0.3011;-0.4077;0.1266;330.3931;12.3164;333.7207;Palm;1a8de386-fbfc-45ea-bcfc-bc92c9e075e7;1;Exposure;2026-04-01 13:26:10.8230;Hands;;OpenXR
Right;1;Exposure;0;NoMitigation;None;anonymous;Sample;1554;0.0000;0.0006;-0.0017;-0.0023;346.7782;359.8608;10.6298;0.0006;-0.0017;-0.0023;0.9891;-0.1147;0.0095;0.0919;0;;;;;;;;;;;;;0;0.1925;-0.4163;0.2248;336.5495;57.5356;35.3635;Palm;-0.0926;-0.4944;0.8643;0.2892;-0.4025;0.2275;0.9654;0.2553;-0.0516;0.0136;;;;;;;;;;;;;0;0.3010;-0.4080;0.1270;330.5126;12.2765;333.5872;Palm;1a8de386-fbfc-45ea-bcfc-bc92c9e075e7;1;Exposure;2026-04-01 13:26:10.8483;Hands;;OpenXR
Right;1;Exposure;0;NoMitigation;None;anonymous;Sample;1557;0.0000;0.0002;-0.0017;-0.0021;346.7968;359.7113;10.6606;0.0002;-0.0017;-0.0021;0.9891;-0.1147;0.0082;0.0920;0;;;;;;;;;;;;;0;0.1925;-0.4165;0.2249;336.8566;57.4571;35.6676;Palm;-0.0934;-0.4896;0.8669;0.2890;-0.4025;0.2279;0.9661;0.2527;-0.0519;0.0136;;;;;;;;;;;;;0;0.3008;-0.4081;0.1272;330.6440;12.1316;333.4047;Palm;1a8de386-fbfc-45ea-bcfc-bc92c9e075e7;1;Exposure;2026-04-01 13:26:10.8753;Hands;;OpenXR
Right;1;Exposure;0;NoMitigation;None;anonymous;Sample;1560;0.0000;-0.0002;-0.0016;-0.0019;346.6162;359.4772;10.7214;-0.0002;-0.0016;-0.0019;0.9889;-0.1164;0.0064;0.0923;0;;;;;;;;;;;;;0;0.1926;-0.4168;0.2250;337.2434;57.3284;35.9839;Palm;-0.0962;-0.4874;0.8678;0.2885;-0.4025;0.2280;0.9663;0.2515;-0.0534;0.0139;;;;;;;;;;;;;0;0.3007;-0.4081;0.1273;330.6978;11.9668;333.2912;Palm;1a8de386-fbfc-45ea-bcfc-bc92c9e075e7;1;Exposure;2026-04-01 13:26:10.8996;Hands;;OpenXR
Right;1;Exposure;0;NoMitigation;None;anonymous;Sample;1563;0.0000;-0.0008;-0.0010;-0.0019;346.3769;359.1414;10.7982;-0.0008;-0.0010;-0.0019;0.9886;-0.1188;0.0038;0.0925;0;;;;;;;;;;;;;0;0.1926;-0.4172;0.2252;337.5881;57.1770;36.1810;Palm;-0.0984;-0.4861;0.8683;0.2882;-0.4023;0.2281;0.9664;0.2507;-0.0546;0.0142;;;;;;;;;;;;;0;0.3006;-0.4078;0.1272;330.6713;11.8933;333.2910;Palm;1a8de386-fbfc-45ea-bcfc-bc92c9e075e7;1;Exposure;2026-04-01 13:26:10.9246;Hands;;OpenXR
Right;1;Exposure;0;NoMitigation;None;anonymous;Sample;1566;0.0000;-0.0014;-0.0006;-0.0019;346.0415;358.6554;10.8388;-0.0014;-0.0006;-0.0019;0.9882;-0.1221;-0.0001;0.0923;0;;;;;;;;;;;;;0;0.1926;-0.4176;0.2253;337.9093;57.0424;36.3535;Palm;-0.0999;-0.4855;0.8685;0.2879;-0.4021;0.2280;0.9665;0.2503;-0.0554;0.0143;;;;;;;;;;;;;0;0.3005;-0.4077;0.1272;330.6532;11.8233;333.3129;Palm;1a8de386-fbfc-45ea-bcfc-bc92c9e075e7;1;Exposure;2026-04-01 13:26:10.9510;Hands;;OpenXR
Right;1;Exposure;0;NoMitigation;None;anonymous;Sample;1569;0.0000;-0.0022;-0.0001;-0.0023;345.9299;358.1042;10.7666;-0.0022;-0.0001;-0.0023;0.9881;-0.1235;-0.0049;0.0911;0;;;;;;;;;;;;;0;0.1927;-0.4180;0.2255;338.1783;56.9340;36.4656;Palm;-0.1007;-0.4857;0.8683;0.2875;-0.4020;0.2280;0.9664;0.2504;-0.0559;0.0145;;;;;;;;;;;;;0;0.3001;-0.4076;0.1271;330.6595;11.7220;333.4045;Palm;1a8de386-fbfc-45ea-bcfc-bc92c9e075e7;1;Exposure;2026-04-01 13:26:10.9760;Hands;;OpenXR
Right;1;Exposure;0;NoMitigation;None;anonymous;Sample;1572;0.0000;-0.0029;0.0007;-0.0024;345.6214;357.5439;10.7535;-0.0029;0.0007;-0.0024;0.9878;-0.1266;-0.0094;0.0903;0;;;;;;;;;;;;;0;0.1927;-0.4183;0.2256;338.2580;56.8753;36.4261;Palm;-0.1015;-0.4864;0.8678;0.2869;-0.4020;0.2280;0.9663;0.2509;-0.0563;0.0146;;;;;;;;;;;;;0;0.2995;-0.4074;0.1274;330.6794;11.4863;333.6161;Palm;1a8de386-fbfc-45ea-bcfc-bc92c9e075e7;1;Exposure;2026-04-01 13:26:10.9997;Hands;;OpenXR
Right;1;Exposure;0;NoMitigation;None;anonymous;Sample;1574;0.0000;-0.0036;0.0010;-0.0025;345.3047;357.0452;10.7363;-0.0036;0.0010;-0.0025;0.9874;-0.1297;-0.0135;0.0895;0;;;;;;;;;;;;;0;0.1928;-0.4185;0.2256;338.3102;56.8375;36.4023;Palm;-0.1023;-0.4875;0.8671;0.2862;-0.4020;0.2282;0.9661;0.2514;-0.0568;0.0148;;;;;;;;;;;;;0;0.2991;-0.4073;0.1276;330.6952;11.2970;333.7914;Palm;1a8de386-fbfc-45ea-bcfc-bc92c9e075e7;1;Exposure;2026-04-01 13:26:11.0211;Hands;;OpenXR
Right;1;Exposure;0;NoMitigation;None;anonymous;Sample;1577;0.0000;-0.0048;0.0015;-0.0029;345.1238;356.1427;10.6772;-0.0048;0.0015;-0.0029;0.9871;-0.1319;-0.0212;0.0879;0;;;;;;;;;;;;;0;0.1928;-0.4188;0.2257;338.3546;56.7227;36.1403;Palm;-0.1053;-0.4892;0.8658;0.2850;-0.4018;0.2287;0.9657;0.2524;-0.0585;0.0153;;;;;;;;;;;;;0;0.2982;-0.4069;0.1283;330.7963;11.0325;333.8275;Palm;1a8de386-fbfc-45ea-bcfc-bc92c9e075e7;1;Exposure;2026-04-01 13:26:11.0485;Hands;;OpenXR
Right;1;Exposure;0;NoMitigation;None;anonymous;Sample;1580;0.0000;-0.0061;0.0022;-0.0033;344.7672;355.2108;10.6561;-0.0061;0.0022;-0.0033;0.9865;-0.1357;-0.0289;0.0864;0;;;;;;;;;;;;;0;0.1926;-0.4191;0.2259;338.4234;56.3726;35.4462;Palm;-0.1146;-0.4916;0.8633;0.2830;-0.4015;0.2294;0.9651;0.2536;-0.0638;0.0168;;;;;;;;;;;;;0;0.2968;-0.4061;0.1295;331.0461;10.3364;333.5862;Palm;1a8de386-fbfc-45ea-bcfc-bc92c9e075e7;1;Exposure;2026-04-01 13:26:11.0761;Hands;;OpenXR
Right;1;Exposure;0;NoMitigation;None;anonymous;Sample;1583;0.0000;-0.0068;0.0028;-0.0034;344.4389;354.8118;10.6686;-0.0068;0.0028;-0.0034;0.9861;-0.1388;-0.0321;0.0859;0;;;;;;;;;;;;;0;0.1924;-0.4191;0.2258;338.3736;56.0956;34.8562;Palm;-0.1263;-0.4929;0.8608;0.2811;-0.4010;0.2301;0.9644;0.2542;-0.0704;0.0186;;;;;;;;;;;;;0;0.2960;-0.4057;0.1304;331.2725;9.7903;333.3105;Palm;1a8de386-fbfc-45ea-bcfc-bc92c9e075e7;1;Exposure;2026-04-01 13:26:11.0995;Hands;;OpenXR
Right;1;Exposure;0;NoMitigation;None;anonymous;Sample;1585;0.0000;-0.0072;0.0032;-0.0035;343.9864;354.6540;10.8037;-0.0072;0.0032;-0.0035;0.9854;-0.1429;-0.0329;0.0867;0;;;;;;;;;;;;;0;0.1921;-0.4189;0.2255;338.2235;55.9341;34.4377;Palm;-0.1380;-0.4911;0.8601;0.2796;-0.4004;0.2306;0.9642;0.2531;-0.0769;0.0202;;;;;;;;;;;;;0;0.2958;-0.4058;0.1306;331.4146;9.5510;333.1502;Palm;1a8de386-fbfc-45ea-bcfc-bc92c9e075e7;1;Exposure;2026-04-01 13:26:11.1240;Hands;;OpenXR
Right;1;Exposure;0;NoMitigation;None;anonymous;Sample;1587;0.0000;-0.0074;0.0035;-0.0039;343.6074;354.5097;10.8854;-0.0074;0.0035;-0.0039;0.9848;-0.1463;-0.0337;0.0870;0;;;;;;;;;;;;;0;0.1919;-0.4184;0.2249;338.0190;55.7308;33.9080;Palm;-0.1501;-0.4901;0.8587;0.2783;-0.4000;0.2309;0.9638;0.2523;-0.0836;0.0219;;;;;;;;;;;;;0;0.2955;-0.4059;0.1309;331.5922;9.1879;332.9545;Palm;1a8de386-fbfc-45ea-bcfc-bc92c9e075e7;1;Exposure;2026-04-01 13:26:11.1509;Hands;;OpenXR
Right;1;Exposure;0;NoMitigation;None;anonymous;Sample;1590;0.0000;-0.0076;0.0035;-0.0042;343.8079;354.7575;10.8759;-0.0076;0.0035;-0.0042;0.9852;-0.1443;-0.0317;0.0873;0;;;;;;;;;;;;;0;0.1920;-0.4176;0.2238;337.7835;55.5322;33.3866;Palm;-0.1620;-0.4908;0.8561;0.2772;-0.3997;0.2309;0.9631;0.2526;-0.0903;0.0237;;;;;;;;;;;;;0;0.2955;-0.4060;0.1312;331.7897;8.6073;332.7612;Palm;1a8de386-fbfc-45ea-bcfc-bc92c9e075e7;1;Exposure;2026-04-01 13:26:11.1735;Hands;;OpenXR
Right;1;Exposure;0;NoMitigation;None;anonymous;Sample;1593;0.0000;-0.0071;0.0028;-0.0044;344.2936;355.2368;10.9193;-0.0071;0.0028;-0.0044;0.9858;-0.1398;-0.0280;0.0885;0;;;;;;;;;;;;;0;0.1921;-0.4173;0.2230;337.6441;55.6146;33.1323;Palm;-0.1762;-0.4979;0.8491;0.2763;-0.3996;0.2305;0.9612;0.2563;-0.0987;0.0263;;;;;;;;;;;;;0;0.2961;-0.4059;0.1309;331.7493;8.3792;332.7161;Palm;1a8de386-fbfc-45ea-bcfc-bc92c9e075e7;1;Exposure;2026-04-01 13:26:11.1999;Hands;;OpenXR
Right;1;Exposure;0;NoMitigation;None;anonymous;Sample;1596;0.0000;-0.0067;0.0025;-0.0046;344.3910;355.5437;10.9440;-0.0067;0.0025;-0.0046;0.9860;-0.1387;-0.0254;0.0891;0;;;;;;;;;;;;;0;0.1921;-0.4169;0.2223;337.5007;55.6889;32.8640;Palm;-0.1893;-0.5058;0.8416;0.2760;-0.3995;0.2298;0.9591;0.2605;-0.1066;0.0289;;;;;;;;;;;;;0;0.2968;-0.4058;0.1306;331.7175;8.1602;332.6663;Palm;1a8de386-fbfc-45ea-bcfc-bc92c9e075e7;1;Exposure;2026-04-01 13:26:11.2262;Hands;;OpenXR
Right;1;Exposure;0;NoMitigation;None;anonymous;Sample;1598;0.0000;-0.0065;0.0026;-0.0046;344.1993;355.6570;10.9581;-0.0065;0.0026;-0.0046;0.9858;-0.1403;-0.0242;0.0893;0;;;;;;;;;;;;;0;0.1924;-0.4167;0.2222;337.4310;55.7904;32.7260;Palm;-0.2005;-0.5163;0.8326;0.2758;-0.3994;0.2289;0.9567;0.2661;-0.1136;0.0316;;;;;;;;;;;;;0;0.2974;-0.4053;0.1302;331.5533;8.0257;332.6263;Palm;1a8de386-fbfc-45ea-bcfc-bc92c9e075e7;1;Exposure;2026-04-01 13:26:11.2502;Hands;;OpenXR
Right;1;Exposure;0;NoMitigation;None;anonymous;Sample;1600;0.0000;-0.0063;0.0026;-0.0046;344.1657;355.8978;10.8094;-0.0063;0.0026;-0.0046;0.9859;-0.1404;-0.0223;0.0883;0;;;;;;;;;;;;;0;0.1929;-0.4164;0.2221;337.3405;55.9637;32.5279;Palm;-0.2137;-0.5295;0.8210;0.2755;-0.3991;0.2277;0.9535;0.2732;-0.1221;0.0350;;;;;;;;;;;;;0;0.2979;-0.4047;0.1298;331.1929;7.8253;332.6121;Palm;1a8de386-fbfc-45ea-bcfc-bc92c9e075e7;1;Exposure;2026-04-01 13:26:11.2720;Hands;;OpenXR
Right;1;Exposure;0;NoMitigation;None;anonymous;Sample;1603;0.0000;-0.0061;0.0025;-0.0049;344.2006;356.0558;10.7470;-0.0061;0.0025;-0.0049;0.9860;-0.1399;-0.0211;0.0880;0;;;;;;;;;;;;;0;0.1932;-0.4163;0.2220;337.2521;56.3156;32.3406;Palm;-0.2229;-0.5381;0.8129;0.2749;-0.3985;0.2268;0.9513;0.2778;-0.1281;0.0374;;;;;;;;;;;;;0;0.2976;-0.4040;0.1294;330.3951;7.7079;332.8132;Palm;1a8de386-fbfc-45ea-bcfc-bc92c9e075e7;1;Exposure;2026-04-01 13:26:11.2994;Hands;;OpenXR
Right;1;Exposure;0;NoMitigation;None;anonymous;Sample;1606;0.0000;-0.0061;0.0026;-0.0052;343.9705;356.0666;10.7852;-0.0061;0.0026;-0.0052;0.9857;-0.1419;-0.0207;0.0882;0;;;;;;;;;;;;;0;0.1935;-0.4160;0.2217;337.1405;56.7635;32.2879;Palm;-0.2258;-0.5390;0.8115;0.2744;-0.3975;0.2262;0.9509;0.2782;-0.1299;0.0380;;;;;;;;;;;;;0;0.2975;-0.4034;0.1292;329.7241;7.7731;333.0730;Palm;1a8de386-fbfc-45ea-bcfc-bc92c9e075e7;1;Exposure;2026-04-01 13:26:11.3249;Hands;;OpenXR
Right;1;Exposure;0;NoMitigation;None;anonymous;Sample;1609;0.0000;-0.0061;0.0030;-0.0054;343.7626;356.1045;10.8009;-0.0061;0.0030;-0.0054;0.9855;-0.1437;-0.0202;0.0883;0;;;;;;;;;;;;;0;0.1937;-0.4159;0.2216;337.0062;57.1928;32.2529;Palm;-0.2262;-0.5373;0.8125;0.2740;-0.3964;0.2258;0.9512;0.2773;-0.1299;0.0379;;;;;;;;;;;;;0;0.2973;-0.4030;0.1291;329.1818;7.8352;333.3182;Palm;1a8de386-fbfc-45ea-bcfc-bc92c9e075e7;1;Exposure;2026-04-01 13:26:11.3492;Hands;;OpenXR
Right;1;Exposure;0;NoMitigation;None;anonymous;Sample;1612;0.0000;-0.0062;0.0031;-0.0058;343.7383;356.1894;10.8055;-0.0062;0.0031;-0.0058;0.9854;-0.1438;-0.0195;0.0885;0;;;;;;;;;;;;;0;0.1940;-0.4157;0.2217;336.8543;57.5076;32.2568;Palm;-0.2264;-0.5358;0.8134;0.2736;-0.3958;0.2257;0.9515;0.2764;-0.1299;0.0377;;;;;;;;;;;;;0;0.2972;-0.4030;0.1294;328.8209;7.9007;333.5501;Palm;1a8de386-fbfc-45ea-bcfc-bc92c9e075e7;1;Exposure;2026-04-01 13:26:11.3751;Hands;;OpenXR
Right;1;Exposure;0;NoMitigation;None;anonymous;Sample;1615;0.0000;-0.0062;0.0030;-0.0061;343.8236;356.2520;10.8866;-0.0062;0.0030;-0.0061;0.9855;-0.1431;-0.0189;0.0893;0;;;;;;;;;;;;;0;0.1939;-0.4156;0.2219;336.7106;57.6747;32.2232;Palm;-0.2280;-0.5342;0.8140;0.2728;-0.3957;0.2260;0.9516;0.2755;-0.1308;0.0379;;;;;;;;;;;;;0;0.2966;-0.4038;0.1302;328.5130;7.7454;333.7134;Palm;1a8de386-fbfc-45ea-bcfc-bc92c9e075e7;1;Exposure;2026-04-01 13:26:11.3996;Hands;;OpenXR
Right;1;Exposure;0;NoMitigation;None;anonymous;Sample;1618;0.0000;-0.0063;0.0028;-0.0064;343.9808;356.3076;10.8707;-0.0063;0.0028;-0.0064;0.9857;-0.1417;-0.0186;0.0893;0;;;;;;;;;;;;;0;0.1938;-0.4156;0.2221;336.5978;57.7828;32.1679;Palm;-0.2315;-0.5322;0.8144;0.2717;-0.3956;0.2264;0.9517;0.2743;-0.1326;0.0382;;;;;;;;;;;;;0;0.2963;-0.4039;0.1307;327.9863;7.4286;333.8756;Palm;1a8de386-fbfc-45ea-bcfc-bc92c9e075e7;1;Exposure;2026-04-01 13:26:11.4248;Hands;;OpenXR
Right;1;Exposure;0;NoMitigation;None;anonymous;Sample;1621;0.0000;-0.0061;0.0024;-0.0065;344.2219;356.4381;10.9491;-0.0061;0.0024;-0.0065;0.9859;-0.1395;-0.0176;0.0902;0;;;;;;;;;;;;;0;0.1937;-0.4157;0.2222;336.4964;57.8648;32.0993;Palm;-0.2367;-0.5291;0.8148;0.2705;-0.3950;0.2263;0.9518;0.2725;-0.1355;0.0388;;;;;;;;;;;;;0;0.2960;-0.4036;0.1308;327.2886;6.9926;334.0576;Palm;1a8de386-fbfc-45ea-bcfc-bc92c9e075e7;1;Exposure;2026-04-01 13:26:11.4493;Hands;;OpenXR
Right;1;Exposure;0;NoMitigation;None;anonymous;Sample;1624;0.0000;-0.0060;0.0020;-0.0066;344.3948;356.6068;10.8833;-0.0060;0.0020;-0.0066;0.9862;-0.1379;-0.0163;0.0899;0;;;;;;;;;;;;;0;0.1936;-0.4158;0.2223;336.4163;57.9022;32.0462;Palm;-0.2463;-0.5345;0.8085;0.2688;-0.3949;0.2258;0.9500;0.2752;-0.1415;0.0410;;;;;;;;;;;;;0;0.2956;-0.4033;0.1308;326.7599;6.3996;334.1831;Palm;1a8de386-fbfc-45ea-bcfc-bc92c9e075e7;1;Exposure;2026-04-01 13:26:11.4742;Hands;;OpenXR
Right;1;Exposure;0;NoMitigation;None;anonymous;Sample;1627;0.0000;-0.0058;0.0019;-0.0067;344.5201;356.6972;10.7353;-0.0058;0.0019;-0.0067;0.9865;-0.1367;-0.0158;0.0888;0;;;;;;;;;;;;;0;0.1936;-0.4160;0.2224;336.3637;57.9017;32.0068;Palm;-0.2617;-0.5561;0.7888;0.2666;-0.3957;0.2246;0.9446;0.2869;-0.1526;0.0463;;;;;;;;;;;;;0;0.2952;-0.4031;0.1307;326.4504;5.8604;334.2552;Palm;1a8de386-fbfc-45ea-bcfc-bc92c9e075e7;1;Exposure;2026-04-01 13:26:11.4991;Hands;;OpenXR
Right;1;Exposure;0;NoMitigation;None;anonymous;Sample;1630;0.0000;-0.0057;0.0023;-0.0067;344.1564;356.6577;10.6438;-0.0057;0.0023;-0.0067;0.9861;-0.1398;-0.0160;0.0878;0;;;;;;;;;;;;;0;0.1935;-0.4165;0.2227;336.3099;57.8756;31.9494;Palm;-0.2810;-0.5988;0.7500;0.2647;-0.3982;0.2228;0.9337;0.3105;-0.1692;0.0562;;;;;;;;;;;;;0;0.2954;-0.4032;0.1308;326.4163;5.5935;334.2668;Palm;1a8de386-fbfc-45ea-bcfc-bc92c9e075e7;1;Exposure;2026-04-01 13:26:11.5275;Hands;;OpenXR
Right;1;Exposure;0;NoMitigation;None;anonymous;Sample;1633;0.0000;-0.0057;0.0027;-0.0068;343.9465;356.5943;10.5811;-0.0057;0.0027;-0.0068;0.9859;-0.1417;-0.0164;0.0871;0;;;;;;;;;;;;;0;0.1934;-0.4168;0.2229;336.2260;57.8232;31.9007;Palm;-0.2934;-0.6292;0.7197;0.2637;-0.4000;0.2214;0.9251;0.3275;-0.1813;0.0642;;;;;;;;;;;;;0;0.2957;-0.4034;0.1308;326.4102;5.3552;334.2886;Palm;1a8de386-fbfc-45ea-bcfc-bc92c9e075e7;1;Exposure;2026-04-01 13:26:11.5492;Hands;;OpenXR
Right;1;Exposure;0;NoMitigation;None;anonymous;Sample;1636;0.0000;-0.0056;0.0029;-0.0069;343.9208;356.6215;10.5853;-0.0056;0.0029;-0.0069;0.9859;-0.1419;-0.0162;0.0872;0;;;;;;;;;;;;;0;0.1934;-0.4168;0.2229;336.0737;57.7143;31.9040;Palm;-0.3050;-0.6599;0.6867;0.2630;-0.4018;0.2199;0.9154;0.3449;-0.1942;0.0732;;;;;;;;;;;;;0;0.2959;-0.4036;0.1309;326.4850;5.1682;334.3234;Palm;1a8de386-fbfc-45ea-bcfc-bc92c9e075e7;1;Exposure;2026-04-01 13:26:11.5741;Hands;;OpenXR
Right;1;Exposure;0;NoMitigation;None;anonymous;Sample;1639;0.0000;-0.0054;0.0030;-0.0070;343.8227;356.7122;10.5276;-0.0054;0.0030;-0.0070;0.9858;-0.1427;-0.0154;0.0868;0;;;;;;;;;;;;;0;0.1933;-0.4168;0.2230;335.9620;57.5879;31.8424;Palm;-0.3098;-0.6766;0.6681;0.2630;-0.4032;0.2192;0.9099;0.3545;-0.2007;0.0782;;;;;;;;;;;;;0;0.2967;-0.4042;0.1309;326.8000;5.1789;334.4455;Palm;1a8de386-fbfc-45ea-bcfc-bc92c9e075e7;1;Exposure;2026-04-01 13:26:11.5990;Hands;;OpenXR
Right;1;Exposure;0;NoMitigation;None;anonymous;Sample;1642;0.0000;-0.0053;0.0032;-0.0072;343.6789;356.8501;10.4768;-0.0053;0.0032;-0.0072;0.9857;-0.1438;-0.0141;0.0865;0;;;;;;;;;;;;;0;0.1933;-0.4168;0.2230;335.8506;57.4501;31.7791;Palm;-0.3104;-0.6881;0.6559;0.2636;-0.4048;0.2188;0.9063;0.3614;-0.2037;0.0812;;;;;;;;;;;;;0;0.2975;-0.4050;0.1309;327.2780;5.1960;334.6380;Palm;1a8de386-fbfc-45ea-bcfc-bc92c9e075e7;1;Exposure;2026-04-01 13:26:11.6243;Hands;;OpenXR
Right;1;Exposure;0;NoMitigation;None;anonymous;Sample;1645;0.0000;-0.0052;0.0034;-0.0073;343.6073;356.9332;10.5352;-0.0052;0.0034;-0.0073;0.9856;-0.1443;-0.0133;0.0870;0;;;;;;;;;;;;;0;0.1933;-0.4169;0.2231;335.7152;57.3115;31.7465;Palm;-0.3030;-0.6979;0.6490;0.2653;-0.4071;0.2194;0.9043;0.3677;-0.2007;0.0816;;;;;;;;;;;;;0;0.2987;-0.4068;0.1315;328.4918;5.9131;335.1342;Palm;1a8de386-fbfc-45ea-bcfc-bc92c9e075e7;1;Exposure;2026-04-01 13:26:11.6493;Hands;;OpenXR
Right;1;Exposure;0;NoMitigation;None;anonymous;Sample;1648;0.0000;-0.0050;0.0033;-0.0073;343.6880;357.0926;10.4986;-0.0050;0.0033;-0.0073;0.9857;-0.1435;-0.0120;0.0870;0;;;;;;;;;;;;;0;0.1933;-0.4168;0.2230;335.6243;57.2465;31.6691;Palm;-0.2902;-0.7013;0.6511;0.2676;-0.4094;0.2206;0.9052;0.3706;-0.1926;0.0788;;;;;;;;;;;;;0;0.2995;-0.4081;0.1319;329.5045;6.4205;335.5380;Palm;1a8de386-fbfc-45ea-bcfc-bc92c9e075e7;1;Exposure;2026-04-01 13:26:11.6751;Hands;;OpenXR
Right;1;Exposure;0;NoMitigation;None;anonymous;Sample;1651;0.0000;-0.0049;0.0031;-0.0072;343.8206;357.2507;10.5365;-0.0049;0.0031;-0.0072;0.9859;-0.1423;-0.0107;0.0875;0;;;;;;;;;;;;;0;0.1933;-0.4169;0.2230;335.5666;57.2251;31.5493;Palm;-0.2770;-0.6951;0.6634;0.2695;-0.4107;0.2220;0.9090;0.3676;-0.1821;0.0736;;;;;;;;;;;;;0;0.2999;-0.4088;0.1321;330.0855;6.7292;335.8030;Palm;1a8de386-fbfc-45ea-bcfc-bc92c9e075e7;1;Exposure;2026-04-01 13:26:11.6999;Hands;;OpenXR
Right;1;Exposure;0;NoMitigation;None;anonymous;Sample;1654;0.0000;-0.0047;0.0028;-0.0071;343.9090;357.3199;10.5168;-0.0047;0.0028;-0.0071;0.9860;-0.1415;-0.0102;0.0875;0;;;;;;;;;;;;;0;0.1933;-0.4169;0.2229;335.5137;57.2063;31.3418;Palm;-0.2651;-0.6797;0.6839;0.2707;-0.4105;0.2232;0.9151;0.3588;-0.1712;0.0671;;;;;;;;;;;;;0;0.2998;-0.4089;0.1321;330.2303;6.8865;335.9363;Palm;1a8de386-fbfc-45ea-bcfc-bc92c9e075e7;1;Exposure;2026-04-01 13:26:11.7248;Hands;;OpenXR
Right;1;Exposure;0;NoMitigation;None;anonymous;Sample;1657;0.0000;-0.0047;0.0028;-0.0070;343.9819;357.3071;10.5208;-0.0047;0.0028;-0.0070;0.9861;-0.1408;-0.0104;0.0875;0;;;;;;;;;;;;;0;0.1934;-0.4170;0.2229;335.4740;57.2054;31.1125;Palm;-0.2555;-0.6649;0.7019;0.2715;-0.4100;0.2241;0.9204;0.3503;-0.1623;0.0618;;;;;;;;;;;;;0;0.2998;-0.4089;0.1319;330.3805;7.0434;336.0667;Palm;1a8de386-fbfc-45ea-bcfc-bc92c9e075e7;1;Exposure;2026-04-01 13:26:11.7495;Hands;;OpenXR
Right;1;Exposure;0;NoMitigation;None;anonymous;Sample;1660;0.0000;-0.0049;0.0028;-0.0069;343.9103;357.1667;10.5264;-0.0049;0.0028;-0.0069;0.9860;-0.1416;-0.0115;0.0874;0;;;;;;;;;;;;;0;0.1935;-0.4171;0.2228;335.4650;57.2388;30.9020;Palm;-0.2469;-0.6518;0.7171;0.2722;-0.4093;0.2246;0.9248;0.3428;-0.1548;0.0574;;;;;;;;;;;;;0;0.2998;-0.4087;0.1315;330.5139;7.1960;336.1880;Palm;1a8de386-fbfc-45ea-bcfc-bc92c9e075e7;1;Exposure;2026-04-01 13:26:11.7740;Hands;;OpenXR
Right;1;Exposure;0;NoMitigation;None;anonymous;Sample;1663;0.0000;-0.0050;0.0027;-0.0068;344.0188;357.0154;10.5992;-0.0050;0.0027;-0.0068;0.9861;-0.1408;-0.0128;0.0878;0;;;;;;;;;;;;;0;0.1938;-0.4173;0.2229;335.4946;57.2169;30.6127;Palm;-0.2412;-0.6415;0.7282;0.2725;-0.4088;0.2249;0.9280;0.3369;-0.1497;0.0543;;;;;;;;;;;;;0;0.2996;-0.4087;0.1312;330.5330;7.1952;336.2237;Palm;1a8de386-fbfc-45ea-bcfc-bc92c9e075e7;1;Exposure;2026-04-01 13:26:11.8000;Hands;;OpenXR
Right;1;Exposure;0;NoMitigation;None;anonymous;Sample;1666;0.0000;-0.0052;0.0026;-0.0066;344.0511;356.8365;10.5633;-0.0052;0.0026;-0.0066;0.9861;-0.1406;-0.0145;0.0873;0;;;;;;;;;;;;;0;0.1940;-0.4174;0.2229;335.5142;57.1643;30.3477;Palm;-0.2384;-0.6331;0.7364;0.2724;-0.4083;0.2251;0.9303;0.3320;-0.1468;0.0524;;;;;;;;;;;;;0;0.2993;-0.4086;0.1312;330.5234;7.1659;336.2368;Palm;1a8de386-fbfc-45ea-bcfc-bc92c9e075e7;1;Exposure;2026-04-01 13:26:11.8245;Hands;;OpenXR
Right;1;Exposure;0;NoMitigation;None;anonymous;Sample;1669;0.0000;-0.0053;0.0024;-0.0065;344.2253;356.6307;10.4341;-0.0053;0.0024;-0.0065;0.9864;-0.1392;-0.0165;0.0860;0;;;;;;;;;;;;;0;0.1941;-0.4175;0.2228;335.5271;57.1001;30.1271;Palm;-0.2378;-0.6261;0.7426;0.2719;-0.4077;0.2254;0.9320;0.3279;-0.1456;0.0512;;;;;;;;;;;;;0;0.2989;-0.4082;0.1313;330.5002;7.1189;336.2426;Palm;1a8de386-fbfc-45ea-bcfc-bc92c9e075e7;1;Exposure;2026-04-01 13:26:11.8484;Hands;;OpenXR
Right;1;Exposure;0;NoMitigation;None;anonymous;Sample;1672;0.0000;-0.0053;0.0024;-0.0063;344.1711;356.4188;10.3705;-0.0053;0.0024;-0.0063;0.9863;-0.1399;-0.0184;0.0852;0;;;;;;;;;;;;;0;0.1940;-0.4175;0.2227;335.4939;57.0650;29.9455;Palm;-0.2394;-0.6192;0.7478;0.2712;-0.4068;0.2258;0.9335;0.3238;-0.1458;0.0506;;;;;;;;;;;;;0;0.2985;-0.4076;0.1316;330.4179;7.0156;336.1110;Palm;1a8de386-fbfc-45ea-bcfc-bc92c9e075e7;1;Exposure;2026-04-01 13:26:11.8738;Hands;;OpenXR
Right;1;Exposure;0;NoMitigation;None;anonymous;Sample;1675;0.0000;-0.0053;0.0023;-0.0061;344.2532;356.3171;10.3114;-0.0053;0.0023;-0.0061;0.9865;-0.1392;-0.0194;0.0846;0;;;;;;;;;;;;;0;0.1939;-0.4174;0.2225;335.4503;57.0408;29.8153;Palm;-0.2451;-0.6129;0.7512;0.2702;-0.4056;0.2260;0.9343;0.3199;-0.1486;0.0509;;;;;;;;;;;;;0;0.2980;-0.4068;0.1317;330.2327;6.8512;335.7313;Palm;1a8de386-fbfc-45ea-bcfc-bc92c9e075e7;1;Exposure;2026-04-01 13:26:11.8993;Hands;;OpenXR
Right;1;Exposure;0;NoMitigation;None;anonymous;Sample;1678;0.0000;-0.0051;0.0021;-0.0058;344.4650;356.3616;10.1515;-0.0051;0.0021;-0.0058;0.9868;-0.1373;-0.0194;0.0833;0;;;;;;;;;;;;;0;0.1938;-0.4174;0.2225;335.4332;57.0122;29.7508;Palm;-0.2541;-0.6063;0.7536;0.2690;-0.4043;0.2257;0.9349;0.3158;-0.1534;0.0518;;;;;;;;;;;;;0;0.2975;-0.4061;0.1313;329.9843;6.7084;335.1846;Palm;1a8de386-fbfc-45ea-bcfc-bc92c9e075e7;1;Exposure;2026-04-01 13:26:11.9243;Hands;;OpenXR
Right;1;Exposure;0;NoMitigation;None;anonymous;Sample;1681;0.0000;-0.0049;0.0020;-0.0055;344.5332;356.3848;10.0874;-0.0049;0.0020;-0.0055;0.9870;-0.1367;-0.0193;0.0828;0;;;;;;;;;;;;;0;0.1938;-0.4174;0.2224;335.4083;56.9858;29.6969;Palm;-0.2639;-0.5998;0.7553;0.2677;-0.4029;0.2252;0.9353;0.3117;-0.1587;0.0529;;;;;;;;;;;;;0;0.2970;-0.4055;0.1310;329.7673;6.5920;334.7241;Palm;1a8de386-fbfc-45ea-bcfc-bc92c9e075e7;1;Exposure;2026-04-01 13:26:11.9497;Hands;;OpenXR
Right;1;Exposure;0;NoMitigation;None;anonymous;Sample;1684;0.0000;-0.0047;0.0021;-0.0053;344.4651;356.4614;10.1005;-0.0047;0.0021;-0.0053;0.9869;-0.1373;-0.0186;0.0830;0;;;;;;;;;;;;;0;0.1939;-0.4174;0.2224;335.3615;56.9625;29.6563;Palm;-0.2720;-0.5953;0.7561;0.2667;-0.4017;0.2248;0.9355;0.3088;-0.1632;0.0539;;;;;;;;;;;;;0;0.2968;-0.4050;0.1308;329.5832;6.4957;334.3844;Palm;1a8de386-fbfc-45ea-bcfc-bc92c9e075e7;1;Exposure;2026-04-01 13:26:11.9741;Hands;;OpenXR
Right;1;Exposure;0;NoMitigation;None;anonymous;Sample;1687;0.0000;-0.0045;0.0022;-0.0050;344.3408;356.6091;10.1292;-0.0045;0.0022;-0.0050;0.9867;-0.1382;-0.0172;0.0834;0;;;;;;;;;;;;;0;0.1938;-0.4174;0.2224;335.3448;56.9258;29.6337;Palm;-0.2781;-0.5916;0.7568;0.2660;-0.4007;0.2245;0.9356;0.3064;-0.1665;0.0545;;;;;;;;;;;;;0;0.2966;-0.4044;0.1307;329.2995;6.3340;334.3020;Palm;1a8de386-fbfc-45ea-bcfc-bc92c9e075e7;1;Exposure;2026-04-01 13:26:11.9986;Hands;;OpenXR
Right;1;Exposure;0;NoMitigation;None;anonymous;Sample;1690;0.0000;-0.0043;0.0022;-0.0049;344.4363;356.7676;10.1854;-0.0043;0.0022;-0.0049;0.9868;-0.1373;-0.0158;0.0841;0;;;;;;;;;;;;;0;0.1938;-0.4175;0.2223;335.3316;56.8717;29.6169;Palm;-0.2829;-0.5891;0.7569;0.2653;-0.4000;0.2242;0.9356;0.3048;-0.1692;0.0551;;;;;;;;;;;;;0;0.2964;-0.4042;0.1306;329.1132;6.1401;334.2706;Palm;1a8de386-fbfc-45ea-bcfc-bc92c9e075e7;1;Exposure;2026-04-01 13:26:12.0235;Hands;;OpenXR
Right;1;Exposure;0;NoMitigation;None;anonymous;Sample;1693;0.0000;-0.0039;0.0020;-0.0047;344.6163;356.9651;10.2722;-0.0039;0.0020;-0.0047;0.9870;-0.1356;-0.0142;0.0852;0;;;;;;;;;;;;;0;0.1937;-0.4175;0.2223;335.3185;56.7871;29.6014;Palm;-0.2871;-0.5883;0.7560;0.2646;-0.3996;0.2239;0.9353;0.3042;-0.1716;0.0558;;;;;;;;;;;;;0;0.2962;-0.4042;0.1306;328.9779;5.9317;334.2640;Palm;1a8de386-fbfc-45ea-bcfc-bc92c9e075e7;1;Exposure;2026-04-01 13:26:12.0493;Hands;;OpenXR
Right;1;Exposure;0;NoMitigation;None;anonymous;Sample;1696;0.0000;-0.0035;0.0017;-0.0044;344.8141;357.2612;10.2537;-0.0035;0.0017;-0.0044;0.9873;-0.1337;-0.0118;0.0854;0;;;;;;;;;;;;;0;0.1938;-0.4176;0.2222;335.3145;56.7214;29.5855;Palm;-0.2909;-0.5880;0.7547;0.2640;-0.3994;0.2237;0.9350;0.3039;-0.1740;0.0565;;;;;;;;;;;;;0;0.2962;-0.4041;0.1306;328.8722;5.8039;334.2383;Palm;1a8de386-fbfc-45ea-bcfc-bc92c9e075e7;1;Exposure;2026-04-01 13:26:12.0746;Hands;;OpenXR
Right;1;Exposure;0;NoMitigation;None;anonymous;Sample;1699;0.0000;-0.0029;0.0012;-0.0038;345.1238;357.6058;10.1136;-0.0029;0.0012;-0.0038;0.9877;-0.1307;-0.0092;0.0847;0;;;;;;;;;;;;;0;0.1938;-0.4176;0.2220;335.3142;56.6797;29.5739;Palm;-0.2937;-0.5878;0.7538;0.2636;-0.3992;0.2236;0.9347;0.3037;-0.1757;0.0571;;;;;;;;;;;;;0;0.2963;-0.4040;0.1306;328.8262;5.7472;334.2213;Palm;1a8de386-fbfc-45ea-bcfc-bc92c9e075e7;1;Exposure;2026-04-01 13:26:12.1003;Hands;;OpenXR
Right;1;Exposure;0;NoMitigation;None;anonymous;Sample;1702;0.0000;-0.0020;0.0006;-0.0033;345.6005;358.0765;9.8914;-0.0020;0.0006;-0.0033;0.9885;-0.1263;-0.0058;0.0834;0;;;;;;;;;;;;;0;0.1937;-0.4176;0.2218;335.3094;56.6299;29.5642;Palm;-0.2951;-0.5879;0.7532;0.2634;-0.3992;0.2235;0.9345;0.3037;-0.1765;0.0574;;;;;;;;;;;;;0;0.2963;-0.4040;0.1306;328.8461;5.7194;334.2349;Palm;1a8de386-fbfc-45ea-bcfc-bc92c9e075e7;1;Exposure;2026-04-01 13:26:12.1237;Hands;;OpenXR
Right;1;Exposure;0;NoMitigation;None;anonymous;Sample;1705;0.0000;-0.0009;-0.0005;-0.0028;346.2549;358.6887;9.6157;-0.0009;-0.0005;-0.0028;0.9894;-0.1202;-0.0013;0.0818;0;;;;;;;;;;;;;0;0.1937;-0.4175;0.2216;335.2991;56.5840;29.5663;Palm;-0.2959;-0.5879;0.7528;0.2632;-0.3992;0.2235;0.9344;0.3037;-0.1771;0.0576;;;;;;;;;;;;;0;0.2962;-0.4041;0.1306;328.8700;5.6952;334.2468;Palm;1a8de386-fbfc-45ea-bcfc-bc92c9e075e7;1;Exposure;2026-04-01 13:26:12.1481;Hands;;OpenXR
Right;1;Exposure;0;NoMitigation;None;anonymous;Sample;1708;0.0000;0.0006;-0.0015;-0.0022;347.1489;359.5593;9.1637;0.0006;-0.0015;-0.0022;0.9906;-0.1119;0.0051;0.0790;0;;;;;;;;;;;;;0;0.1938;-0.4174;0.2216;335.2757;56.5585;29.5951;Palm;-0.2965;-0.5878;0.7527;0.2631;-0.3992;0.2235;0.9344;0.3036;-0.1774;0.0576;;;;;;;;;;;;;0;0.2961;-0.4040;0.1306;328.8958;5.6842;334.2514;Palm;1a8de386-fbfc-45ea-bcfc-bc92c9e075e7;1;Exposure;2026-04-01 13:26:12.1741;Hands;;OpenXR
Right;1;Exposure;0;NoMitigation;None;anonymous;Sample;1711;0.0000;0.0024;-0.0023;-0.0014;347.8982;0.5564;8.6634;0.0024;-0.0023;-0.0014;0.9915;-0.1047;0.0128;0.0756;0;;;;;;;;;;;;;0;0.1938;-0.4174;0.2217;335.2599;56.5260;29.6251;Palm;-0.2970;-0.5874;0.7529;0.2629;-0.3991;0.2235;0.9344;0.3033;-0.1776;0.0577;;;;;;;;;;;;;0;0.2960;-0.4039;0.1307;328.9769;5.6459;334.2531;Palm;1a8de386-fbfc-45ea-bcfc-bc92c9e075e7;1;Exposure;2026-04-01 13:26:12.1990;Hands;;OpenXR
Right;1;Exposure;0;NoMitigation;None;anonymous;Sample;1714;0.0000;0.0044;-0.0034;-0.0006;348.5087;1.6433;8.1936;0.0044;-0.0034;-0.0006;0.9922;-0.0988;0.0214;0.0725;0;;;;;;;;;;;;;0;0.1938;-0.4174;0.2218;335.2419;56.4989;29.6549;Palm;-0.2979;-0.5868;0.7529;0.2626;-0.3991;0.2237;0.9344;0.3030;-0.1781;0.0578;;;;;;;;;;;;;0;0.2959;-0.4038;0.1308;329.1130;5.5950;334.2039;Palm;1a8de386-fbfc-45ea-bcfc-bc92c9e075e7;1;Exposure;2026-04-01 13:26:12.2244;Hands;;OpenXR
Right;1;Exposure;0;NoMitigation;None;anonymous;Sample;1717;0.0000;0.0066;-0.0043;0.0003;349.3383;2.8018;7.7899;0.0066;-0.0043;0.0003;0.9929;-0.0910;0.0306;0.0699;0;;;;;;;;;;;;;0;0.1938;-0.4173;0.2219;335.2130;56.4731;29.6892;Palm;-0.3003;-0.5865;0.7522;0.2623;-0.3991;0.2239;0.9342;0.3027;-0.1796;0.0582;;;;;;;;;;;;;0;0.2958;-0.4038;0.1312;329.3037;5.5522;334.0012;Palm;1a8de386-fbfc-45ea-bcfc-bc92c9e075e7;1;Exposure;2026-04-01 13:26:12.2487;Hands;;OpenXR
Right;1;Exposure;0;NoMitigation;None;anonymous;Sample;1720;0.0000;0.0089;-0.0051;0.0012;349.9898;3.9877;7.3101;0.0089;-0.0051;0.0012;0.9934;-0.0848;0.0401;0.0665;0;;;;;;;;;;;;;0;0.1939;-0.4172;0.2219;335.1791;56.4421;29.7169;Palm;-0.3040;-0.5859;0.7512;0.2619;-0.3992;0.2242;0.9339;0.3022;-0.1818;0.0588;;;;;;;;;;;;;0;0.2957;-0.4037;0.1315;329.5010;5.4888;333.7765;Palm;1a8de386-fbfc-45ea-bcfc-bc92c9e075e7;1;Exposure;2026-04-01 13:26:12.2737;Hands;;OpenXR
Right;1;Exposure;0;NoMitigation;None;anonymous;Sample;1723;0.0000;0.0111;-0.0058;0.0020;350.5681;5.0170;6.7489;0.0111;-0.0058;0.0020;0.9937;-0.0794;0.0484;0.0622;0;;;;;;;;;;;;;0;0.1939;-0.4171;0.2218;335.1502;56.4090;29.7070;Palm;-0.3074;-0.5820;0.7528;0.2616;-0.3989;0.2244;0.9343;0.2999;-0.1834;0.0589;;;;;;;;;;;;;0;0.2956;-0.4037;0.1316;329.6645;5.3885;333.5758;Palm;1a8de386-fbfc-45ea-bcfc-bc92c9e075e7;1;Exposure;2026-04-01 13:26:12.2991;Hands;;OpenXR
Right;1;Exposure;0;NoMitigation;None;anonymous;Sample;1726;0.0000;0.0132;-0.0068;0.0027;351.3026;5.9712;6.1373;0.0132;-0.0068;0.0027;0.9941;-0.0728;0.0559;0.0572;0;;;;;;;;;;;;;0;0.1937;-0.4171;0.2218;335.0832;56.2584;29.7032;Palm;-0.3078;-0.5621;0.7676;0.2617;-0.3971;0.2249;0.9385;0.2887;-0.1811;0.0557;;;;;;;;;;;;;0;0.2955;-0.4035;0.1313;329.7586;5.2171;333.4937;Palm;1a8de386-fbfc-45ea-bcfc-bc92c9e075e7;1;Exposure;2026-04-01 13:26:12.3234;Hands;;OpenXR
Right;1;Exposure;0;NoMitigation;None;anonymous;Sample;1729;0.0000;0.0153;-0.0078;0.0033;352.0943;6.8012;5.7238;0.0153;-0.0078;0.0033;0.9944;-0.0658;0.0625;0.0538;0;;;;;;;;;;;;;0;0.1936;-0.4171;0.2219;334.9973;56.0561;29.6935;Palm;-0.3077;-0.5421;0.7820;0.2619;-0.3952;0.2251;0.9424;0.2776;-0.1788;0.0527;;;;;;;;;;;;;0;0.2955;-0.4031;0.1309;329.8467;5.0506;333.4118;Palm;1a8de386-fbfc-45ea-bcfc-bc92c9e075e7;1;Exposure;2026-04-01 13:26:12.3489;Hands;;OpenXR
Right;1;Exposure;0;NoMitigation;None;anonymous;Sample;1732;0.0000;0.0173;-0.0088;0.0038;352.8594;7.5077;5.3368;0.0173;-0.0088;0.0038;0.9946;-0.0590;0.0682;0.0504;0;;;;;;;;;;;;;0;0.1932;-0.4169;0.2220;334.8497;55.7649;29.6703;Palm;-0.3058;-0.5183;0.7987;0.2632;-0.3931;0.2245;0.9471;0.2646;-0.1751;0.0489;;;;;;;;;;;;;0;0.2968;-0.4030;0.1285;329.9345;5.2757;333.0182;Palm;1a8de386-fbfc-45ea-bcfc-bc92c9e075e7;1;Exposure;2026-04-01 13:26:12.3744;Hands;;OpenXR
Right;1;Exposure;0;NoMitigation;None;anonymous;Sample;1735;0.0000;0.0191;-0.0098;0.0041;353.6951;8.1483;4.8067;0.0191;-0.0098;0.0041;0.9949;-0.0518;0.0732;0.0457;0;;;;;;;;;;;;;0;0.1929;-0.4167;0.2220;334.7576;55.5514;29.6380;Palm;-0.2991;-0.4959;0.8152;0.2672;-0.3903;0.2224;0.9516;0.2526;-0.1690;0.0449;;;;;;;;;;;;;0;0.3010;-0.4008;0.1240;329.6212;6.5733;331.8940;Palm;1a8de386-fbfc-45ea-bcfc-bc92c9e075e7;1;Exposure;2026-04-01 13:26:12.3978;Hands;;OpenXR
Right;1;Exposure;0;NoMitigation;None;anonymous;Sample;1738;0.0000;0.0209;-0.0108;0.0045;354.4520;8.8042;4.3509;0.0209;-0.0108;0.0045;0.9950;-0.0453;0.0784;0.0415;0;;;;;;;;;;;;;0;0.1927;-0.4165;0.2219;334.7334;55.4340;29.6152;Palm;-0.2827;-0.4715;0.8353;0.2746;-0.3854;0.2191;0.9571;0.2398;-0.1576;0.0395;;;;;;;;;;;;;0;0.3063;-0.3965;0.1192;328.7469;8.9406;330.4235;Palm;1a8de386-fbfc-45ea-bcfc-bc92c9e075e7;1;Exposure;2026-04-01 13:26:12.4244;Hands;;OpenXR
Right;1;Exposure;0;NoMitigation;None;anonymous;Sample;1741;0.0000;0.0226;-0.0116;0.0047;355.0952;9.3424;4.0634;0.0226;-0.0116;0.0047;0.9950;-0.0397;0.0828;0.0388;0;;;;;;;;;;;;;0;0.1926;-0.4165;0.2218;334.7573;55.3894;29.6114;Palm;-0.2555;-0.4488;0.8563;0.2837;-0.3787;0.2155;0.9628;0.2282;-0.1406;0.0333;;;;;;;;;;;;;0;0.3113;-0.3910;0.1148;327.5358;11.6355;329.2215;Palm;1a8de386-fbfc-45ea-bcfc-bc92c9e075e7;1;Exposure;2026-04-01 13:26:12.4483;Hands;;OpenXR
Right;1;Exposure;0;NoMitigation;None;anonymous;Sample;1744;0.0000;0.0240;-0.0122;0.0048;355.6557;9.7720;3.8181;0.0240;-0.0122;0.0048;0.9950;-0.0349;0.0863;0.0364;0;;;;;;;;;;;;;0;0.1926;-0.4164;0.2217;334.7836;55.3631;29.6150;Palm;-0.2296;-0.4346;0.8708;0.2912;-0.3716;0.2122;0.9667;0.2211;-0.1253;0.0287;;;;;;;;;;;;;0;0.3144;-0.3837;0.1121;325.5098;13.0136;329.2659;Palm;1a8de386-fbfc-45ea-bcfc-bc92c9e075e7;1;Exposure;2026-04-01 13:26:12.4737;Hands;;OpenXR
Right;1;Exposure;0;NoMitigation;None;anonymous;Sample;1747;0.0000;0.0254;-0.0127;0.0050;355.9688;10.0473;3.6650;0.0254;-0.0127;0.0050;0.9949;-0.0322;0.0886;0.0349;0;;;;;;;;;;;;;0;0.1926;-0.4163;0.2215;334.8090;55.3790;29.6368;Palm;-0.2058;-0.4275;0.8803;0.2959;-0.3609;0.2090;0.9693;0.2176;-0.1118;0.0251;;;;;;;;;;;;;0;0.3166;-0.3724;0.1098;321.8919;13.5717;330.5929;Palm;1a8de386-fbfc-45ea-bcfc-bc92c9e075e7;1;Exposure;2026-04-01 13:26:12.4986;Hands;;OpenXR
Right;1;Exposure;0;NoMitigation;None;anonymous;Sample;1750;0.0000;0.0265;-0.0128;0.0050;356.0415;10.1883;3.6167;0.0265;-0.0128;0.0050;0.9949;-0.0316;0.0898;0.0345;0;;;;;;;;;;;;;0;0.1926;-0.4163;0.2215;334.8921;55.3597;29.7585;Palm;-0.1955;-0.4320;0.8804;0.2936;-0.3490;0.2083;0.9693;0.2202;-0.1063;0.0242;;;;;;;;;;;;;0;0.3138;-0.3603;0.1140;316.9860;8.4577;336.0482;Palm;1a8de386-fbfc-45ea-bcfc-bc92c9e075e7;1;Exposure;2026-04-01 13:26:12.5243;Hands;;OpenXR
Right;1;Exposure;0;NoMitigation;None;anonymous;Sample;1753;0.0000;0.0274;-0.0131;0.0048;356.0479;10.1239;3.6684;0.0274;-0.0131;0.0048;0.9949;-0.0315;0.0892;0.0349;0;;;;;;;;;;;;;0;0.1925;-0.4164;0.2215;334.9852;55.3279;30.0957;Palm;-0.2020;-0.4292;0.8803;0.2865;-0.3354;0.2087;0.9693;0.2186;-0.1098;0.0248;;;;;;;;;;;;;0;0.3076;-0.3457;0.1185;311.6698;3.7211;339.2167;Palm;1a8de386-fbfc-45ea-bcfc-bc92c9e075e7;1;Exposure;2026-04-01 13:26:12.5492;Hands;;OpenXR
Right;1;Exposure;0;NoMitigation;None;anonymous;Sample;1756;0.0000;0.0280;-0.0130;0.0043;356.1522;9.8544;3.7888;0.0280;-0.0130;0.0043;0.9951;-0.0306;0.0869;0.0358;0;;;;;;;;;;;;;0;0.1923;-0.4166;0.2215;335.0611;55.2949;30.5693;Palm;-0.2176;-0.4194;0.8813;0.2772;-0.3204;0.2093;0.9695;0.2131;-0.1179;0.0259;;;;;;;;;;;;;0;0.3029;-0.3335;0.1217;307.6526;359.9323;342.0406;Palm;1a8de386-fbfc-45ea-bcfc-bc92c9e075e7;1;Exposure;2026-04-01 13:26:12.5731;Hands;;OpenXR
Right;1;Exposure;0;NoMitigation;None;anonymous;Sample;1759;0.0000;0.0284;-0.0130;0.0040;356.0719;9.5120;3.7124;0.0284;-0.0130;0.0040;0.9954;-0.0315;0.0839;0.0351;0;;;;;;;;;;;;;0;0.1922;-0.4169;0.2216;335.1609;55.2134;31.0131;Palm;-0.2422;-0.4036;0.8823;0.2643;-0.3040;0.2100;0.9697;0.2044;-0.1307;0.0275;;;;;;;;;;;;;0;0.2896;-0.3158;0.1266;303.6735;354.1392;345.1134;Palm;1a8de386-fbfc-45ea-bcfc-bc92c9e075e7;1;Exposure;2026-04-01 13:26:12.5982;Hands;;OpenXR
Right;1;Exposure;0;NoMitigation;None;anonymous;Sample;1762;0.0000;0.0286;-0.0128;0.0032;356.0905;9.2310;3.3189;0.0286;-0.0128;0.0032;0.9957;-0.0317;0.0814;0.0316;0;;;;;;;;;;;;;0;0.1920;-0.4170;0.2217;335.2857;55.1236;31.3858;Palm;-0.2801;-0.3998;0.8728;0.2443;-0.2847;0.2105;0.9672;0.2017;-0.1514;0.0316;;;;;;;;;;;;;0;0.2709;-0.2941;0.1312;300.8931;347.0049;348.9845;Palm;1a8de386-fbfc-45ea-bcfc-bc92c9e075e7;1;Exposure;2026-04-01 13:26:12.6238;Hands;;OpenXR
Right;1;Exposure;0;NoMitigation;None;anonymous;Sample;1765;0.0000;0.0287;-0.0127;0.0025;356.1056;9.0376;3.0134;0.0287;-0.0127;0.0025;0.9959;-0.0318;0.0796;0.0289;0;;;;;;;;;;;;;0;0.1919;-0.4169;0.2216;335.4405;55.0566;31.6785;Palm;-0.3213;-0.4282;0.8446;0.2186;-0.2647;0.2101;0.9595;0.2159;-0.1764;0.0397;;;;;;;;;;;;;0;0.2490;-0.2694;0.1348;299.2167;339.1371;353.3896;Palm;1a8de386-fbfc-45ea-bcfc-bc92c9e075e7;1;Exposure;2026-04-01 13:26:12.6492;Hands;;OpenXR
Right;1;Exposure;0;NoMitigation;None;anonymous;Sample;1768;0.0000;0.0287;-0.0125;0.0017;356.0428;8.8646;2.8173;0.0287;-0.0125;0.0017;0.9960;-0.0325;0.0781;0.0272;0;;;;;;;;;;;;;0;0.1914;-0.4165;0.2213;335.6608;55.0218;31.9366;Palm;-0.3498;-0.4576;0.8174;0.1948;-0.2450;0.2083;0.9521;0.2306;-0.1951;0.0473;;;;;;;;;;;;;0;0.2318;-0.2469;0.1351;297.6181;332.1277;358.2522;Palm;1a8de386-fbfc-45ea-bcfc-bc92c9e075e7;1;Exposure;2026-04-01 13:26:12.6742;Hands;;OpenXR
Right;1;Exposure;0;NoMitigation;None;anonymous;Sample;1771;0.0000;0.0286;-0.0121;0.0009;355.8327;8.6895;2.7170;0.0286;-0.0121;0.0009;0.9961;-0.0344;0.0765;0.0264;0;;;;;;;;;;;;;0;0.1902;-0.4154;0.2206;336.0504;55.0514;32.1425;Palm;-0.3621;-0.4918;0.7919;0.1735;-0.2255;0.2040;0.9450;0.2484;-0.2058;0.0541;;;;;;;;;;;;;0;0.2150;-0.2234;0.1328;296.3269;325.0584;3.6055;Palm;1a8de386-fbfc-45ea-bcfc-bc92c9e075e7;1;Exposure;2026-04-01 13:26:12.6989;Hands;;OpenXR
Right;1;Exposure;0;NoMitigation;None;anonymous;Sample;1774;0.0000;0.0284;-0.0117;0.0004;355.3572;8.4677;2.8368;0.0284;-0.0117;0.0004;0.9961;-0.0386;0.0747;0.0277;0;;;;;;;;;;;;;0;0.1896;-0.4139;0.2202;336.5414;54.9495;32.3487;Palm;-0.3614;-0.5270;0.7692;0.1587;-0.2101;0.2013;0.9386;0.2674;-0.2095;0.0597;;;;;;;;;;;;;0;0.2073;-0.2086;0.1334;296.4672;322.1138;5.9781;Palm;1a8de386-fbfc-45ea-bcfc-bc92c9e075e7;1;Exposure;2026-04-01 13:26:12.7234;Hands;;OpenXR
Right;1;Exposure;0;NoMitigation;None;anonymous;Sample;1777;0.0000;0.0280;-0.0114;-0.0002;355.0378;8.2678;2.8764;0.0280;-0.0114;-0.0002;0.9961;-0.0414;0.0731;0.0281;0;;;;;;;;;;;;;0;0.1892;-0.4132;0.2200;336.8654;54.7902;32.5610;Palm;-0.3786;-0.5517;0.7432;0.1455;-0.2001;0.2005;0.9312;0.2801;-0.2235;0.0672;;;;;;;;;;;;;0;0.1975;-0.2027;0.1394;295.3327;317.8520;6.2219;Palm;1a8de386-fbfc-45ea-bcfc-bc92c9e075e7;1;Exposure;2026-04-01 13:26:12.7478;Hands;;OpenXR
Right;1;Exposure;0;NoMitigation;None;anonymous;Sample;1780;0.0000;0.0274;-0.0109;-0.0009;354.8439;8.0693;2.7567;0.0274;-0.0109;-0.0009;0.9961;-0.0432;0.0713;0.0271;0;;;;;;;;;;;;;0;0.1889;-0.4128;0.2198;337.0924;54.6183;32.7599;Palm;-0.4187;-0.5672;0.7092;0.1312;-0.1931;0.2001;0.9211;0.2865;-0.2516;0.0783;;;;;;;;;;;;;0;0.1872;-0.1958;0.1446;293.9244;312.0090;7.7163;Palm;1a8de386-fbfc-45ea-bcfc-bc92c9e075e7;1;Exposure;2026-04-01 13:26:12.7743;Hands;;OpenXR
Right;1;Exposure;0;NoMitigation;None;anonymous;Sample;1783;0.0000;0.0269;-0.0103;-0.0013;354.5132;7.8448;2.7743;0.0269;-0.0103;-0.0013;0.9961;-0.0461;0.0695;0.0274;0;;;;;;;;;;;;;0;0.1888;-0.4126;0.2199;337.1845;54.4041;32.9419;Palm;-0.4368;-0.5840;0.6842;0.1185;-0.1881;0.1998;0.9136;0.2945;-0.2668;0.0860;;;;;;;;;;;;;0;0.1779;-0.1898;0.1465;295.9498;307.1198;11.3115;Palm;1a8de386-fbfc-45ea-bcfc-bc92c9e075e7;1;Exposure;2026-04-01 13:26:12.7982;Hands;;OpenXR
Right;1;Exposure;0;NoMitigation;None;anonymous;Sample;1786;0.0000;0.0265;-0.0099;-0.0016;354.1444;7.6377;2.9209;0.0265;-0.0099;-0.0016;0.9961;-0.0493;0.0678;0.0288;0;;;;;;;;;;;;;0;0.1887;-0.4125;0.2199;337.1880;54.1992;33.0862;Palm;-0.4478;-0.5883;0.6733;0.1065;-0.1846;0.2003;0.9103;0.2961;-0.2751;0.0895;;;;;;;;;;;;;0;0.1692;-0.1864;0.1487;299.3323;305.3660;11.4603;Palm;1a8de386-fbfc-45ea-bcfc-bc92c9e075e7;1;Exposure;2026-04-01 13:26:12.8236;Hands;;OpenXR
Right;1;Exposure;0;NoMitigation;None;anonymous;Sample;1789;0.0000;0.0261;-0.0097;-0.0020;354.0248;7.4809;3.0300;0.0261;-0.0097;-0.0020;0.9961;-0.0503;0.0665;0.0297;0;;;;;;;;;;;;;0;0.1886;-0.4124;0.2198;337.1548;54.0985;33.1441;Palm;-0.4769;-0.5831;0.6577;0.0951;-0.1836;0.2018;0.9055;0.2913;-0.2938;0.0945;;;;;;;;;;;;;0;0.1615;-0.1854;0.1520;302.8822;305.9966;8.2277;Palm;1a8de386-fbfc-45ea-bcfc-bc92c9e075e7;1;Exposure;2026-04-01 13:26:12.8479;Hands;;OpenXR
Right;1;Exposure;0;NoMitigation;None;anonymous;Sample;1792;0.0000;0.0258;-0.0095;-0.0023;353.8907;7.4043;3.0365;0.0258;-0.0095;-0.0023;0.9961;-0.0515;0.0659;0.0298;0;;;;;;;;;;;;;0;0.1885;-0.4121;0.2197;337.0764;53.9867;33.1983;Palm;-0.4951;-0.5852;0.6422;0.0851;-0.1833;0.2037;0.9007;0.2911;-0.3069;0.0992;;;;;;;;;;;;;0;0.1555;-0.1840;0.1549;305.7684;306.3047;7.4881;Palm;1a8de386-fbfc-45ea-bcfc-bc92c9e075e7;1;Exposure;2026-04-01 13:26:12.8743;Hands;;OpenXR
Right;1;Exposure;0;NoMitigation;None;anonymous;Sample;1795;0.0000;0.0257;-0.0095;-0.0025;353.7757;7.3674;3.0531;0.0257;-0.0095;-0.0025;0.9960;-0.0525;0.0656;0.0300;0;;;;;;;;;;;;;0;0.1884;-0.4116;0.2196;336.8372;53.8142;33.2531;Palm;-0.4816;-0.5980;0.6406;0.0803;-0.1873;0.2079;0.9002;0.2988;-0.3006;0.0998;;;;;;;;;;;;;0;0.1530;-0.1866;0.1575;309.3477;307.7733;7.5716;Palm;1a8de386-fbfc-45ea-bcfc-bc92c9e075e7;1;Exposure;2026-04-01 13:26:12.8979;Hands;;OpenXR
Right;1;Exposure;0;NoMitigation;None;anonymous;Sample;1798;0.0000;0.0255;-0.0095;-0.0028;353.8976;7.4135;3.0919;0.0255;-0.0095;-0.0028;0.9960;-0.0514;0.0660;0.0303;0;;;;;;;;;;;;;0;0.1883;-0.4115;0.2195;336.7798;53.8095;33.2480;Palm;-0.4578;-0.6048;0.6516;0.0750;-0.1911;0.2170;0.9036;0.3042;-0.2857;0.0962;;;;;;;;;;;;;0;0.1451;-0.1887;0.1691;309.6639;307.6221;9.7482;Palm;1a8de386-fbfc-45ea-bcfc-bc92c9e075e7;1;Exposure;2026-04-01 13:26:12.9240;Hands;;OpenXR
Right;1;Exposure;0;NoMitigation;None;anonymous;Sample;1801;0.0000;0.0254;-0.0099;-0.0031;354.1573;7.5379;3.1805;0.0254;-0.0099;-0.0031;0.9961;-0.0490;0.0670;0.0310;0;;;;;;;;;;;;;0;0.1881;-0.4112;0.2194;336.6185;53.8060;33.2310;Palm;-0.4329;-0.6125;0.6614;0.0692;-0.1935;0.2271;0.9067;0.3102;-0.2704;0.0925;;;;;;;;;;;;;0;0.1376;-0.1892;0.1795;309.5562;306.3321;12.1792;Palm;1a8de386-fbfc-45ea-bcfc-bc92c9e075e7;1;Exposure;2026-04-01 13:26:12.9484;Hands;;OpenXR
Right;1;Exposure;0;NoMitigation;None;anonymous;Sample;1804;0.0000;0.0255;-0.0103;-0.0033;354.3797;7.6703;3.1682;0.0255;-0.0103;-0.0033;0.9961;-0.0471;0.0681;0.0308;0;;;;;;;;;;;;;0;0.1878;-0.4108;0.2193;336.2892;53.8058;33.1933;Palm;-0.4070;-0.6228;0.6682;0.0629;-0.1949;0.2367;0.9089;0.3176;-0.2550;0.0891;;;;;;;;;;;;;0;0.1303;-0.1884;0.1879;309.6091;304.7169;14.5593;Palm;1a8de386-fbfc-45ea-bcfc-bc92c9e075e7;1;Exposure;2026-04-01 13:26:12.9733;Hands;;OpenXR
Right;1;Exposure;0;NoMitigation;None;anonymous;Sample;1807;0.0041;0.0255;-0.0108;-0.0035;354.7339;7.8280;3.0843;0.0255;-0.0108;-0.0035;0.9962;-0.0440;0.0694;0.0300;1;;;;;;;;;;;;;0;0.1876;-0.4103;0.2192;335.8495;53.8158;33.1177;Palm;-0.3818;-0.6413;0.6656;0.0577;-0.1949;0.2445;0.9083;0.3296;-0.2420;0.0878;;;;;;;;;;;;;0;0.1255;-0.1859;0.1954;309.4222;303.4521;15.9668;Palm;1a8de386-fbfc-45ea-bcfc-bc92c9e075e7;1;Exposure;2026-04-01 13:26:12.9982;Hands;;OpenXR
Right;1;Exposure;0;NoMitigation;None;anonymous;Sample;1810;0.0167;0.0255;-0.0114;-0.0039;355.1015;7.9909;3.0266;0.0255;-0.0114;-0.0039;0.9962;-0.0408;0.0707;0.0293;1;;;;;;;;;;;;;0;0.1876;-0.4101;0.2190;335.4979;53.8916;33.0283;Palm;-0.3607;-0.6633;0.6557;0.0539;-0.1938;0.2512;0.9056;0.3436;-0.2327;0.0883;;;;;;;;;;;;;0;0.1227;-0.1832;0.2022;309.3775;302.5069;16.6963;Palm;1a8de386-fbfc-45ea-bcfc-bc92c9e075e7;1;Exposure;2026-04-01 13:26:13.0244;Hands;;OpenXR
Right;1;Exposure;0;NoMitigation;None;anonymous;Sample;1813;0.0291;0.0255;-0.0117;-0.0040;355.3156;8.1225;2.9891;0.0255;-0.0117;-0.0040;0.9962;-0.0389;0.0718;0.0289;1;;;;;;;;;;;;;0;0.1879;-0.4107;0.2189;335.4348;54.0342;32.9697;Palm;-0.3466;-0.6843;0.6416;0.0519;-0.1927;0.2569;0.9015;0.3568;-0.2279;0.0902;;;;;;;;;;;;;0;0.1213;-0.1809;0.2087;309.7666;301.7848;16.7968;Palm;1a8de386-fbfc-45ea-bcfc-bc92c9e075e7;1;Exposure;2026-04-01 13:26:13.0489;Hands;;OpenXR
Right;1;Exposure;0;NoMitigation;None;anonymous;Sample;1816;0.0417;0.0255;-0.0121;-0.0041;355.3014;8.1861;2.9919;0.0255;-0.0121;-0.0041;0.9962;-0.0390;0.0724;0.0289;1;;;;;;;;;;;;;0;0.1883;-0.4117;0.2188;335.5007;54.2711;32.8736;Palm;-0.3291;-0.7140;0.6180;0.0502;-0.1940;0.2622;0.8945;0.3757;-0.2233;0.0938;;;;;;;;;;;;;0;0.1202;-0.1819;0.2151;312.4048;302.8410;15.0946;Palm;1a8de386-fbfc-45ea-bcfc-bc92c9e075e7;1;Exposure;2026-04-01 13:26:13.0742;Hands;;OpenXR
Right;1;Exposure;0;NoMitigation;None;anonymous;Sample;1819;0.0541;0.0255;-0.0121;-0.0042;355.2947;8.2370;3.0322;0.0255;-0.0121;-0.0042;0.9962;-0.0390;0.0728;0.0293;1;;;;;;;;;;;;;0;0.1886;-0.4129;0.2184;336.0738;54.9333;32.6114;Palm;-0.2897;-0.7737;0.5634;0.0516;-0.2036;0.2677;0.8784;0.4160;-0.2126;0.1007;;;;;;;;;;;;;0;0.1216;-0.1878;0.2219;318.1400;306.0009;11.4398;Palm;1a8de386-fbfc-45ea-bcfc-bc92c9e075e7;1;Exposure;2026-04-01 13:26:13.0982;Hands;;OpenXR
Right;1;Exposure;0;NoMitigation;None;anonymous;Sample;1822;0.0667;0.0254;-0.0124;-0.0045;355.3938;8.2759;2.9682;0.0254;-0.0124;-0.0045;0.9962;-0.0382;0.0731;0.0287;1;;;;;;;;;;;;;0;0.1889;-0.4137;0.2187;337.0192;55.3374;32.4740;Palm;-0.2172;-0.8362;0.5036;0.0549;-0.2191;0.2720;0.8617;0.4654;-0.1779;0.0961;;;;;;;;;;;;;0;0.1215;-0.1974;0.2245;325.7014;308.3533;11.1382;Palm;1a8de386-fbfc-45ea-bcfc-bc92c9e075e7;1;Exposure;2026-04-01 13:26:13.1237;Hands;;OpenXR
Right;1;Exposure;0;NoMitigation;None;anonymous;Sample;1825;0.0793;0.0253;-0.0127;-0.0050;355.5201;8.3136;2.9120;0.0253;-0.0127;-0.0050;0.9962;-0.0371;0.0734;0.0282;1;;;;;;;;;;;;;0;0.1891;-0.4148;0.2195;338.5601;55.5520;32.1864;Palm;-0.1292;-0.8982;0.4201;0.0587;-0.2326;0.2721;0.8389;0.5235;-0.1261;0.0787;;;;;;;;;;;;;0;0.1204;-0.2020;0.2245;329.4470;310.0738;10.0157;Palm;1a8de386-fbfc-45ea-bcfc-bc92c9e075e7;1;Exposure;2026-04-01 13:26:13.1493;Hands;;OpenXR
Right;1;Exposure;0;NoMitigation;None;anonymous;Sample;1828;0.0920;0.0253;-0.0130;-0.0053;355.6010;8.3016;2.9218;0.0253;-0.0130;-0.0053;0.9962;-0.0364;0.0733;0.0282;1;;;;;;;;;;;;;0;0.1892;-0.4159;0.2203;340.1561;55.6771;31.8803;Palm;-0.0405;-0.9467;0.3195;0.0618;-0.2432;0.2692;0.8114;0.5811;-0.0512;0.0367;;;;;;;;;;;;;0;0.1185;-0.2054;0.2242;332.6443;311.3491;9.1266;Palm;1a8de386-fbfc-45ea-bcfc-bc92c9e075e7;1;Exposure;2026-04-01 13:26:13.1738;Hands;;OpenXR
Right;1;Exposure;0;NoMitigation;None;anonymous;Sample;1831;0.0000;0.0252;-0.0132;-0.0057;355.6226;8.2527;2.9986;0.0252;-0.0132;-0.0057;0.9963;-0.0362;0.0729;0.0288;0;;;;;;;;;;;;;0;0.1893;-0.4170;0.2213;341.5200;55.3893;31.3816;Palm;0.0407;-0.9764;0.2122;0.0643;-0.2507;0.2650;0.7763;0.6233;0.0738;-0.0593;;;;;;;;;;;;;0;0.1165;-0.2081;0.2239;333.6265;312.1434;8.0477;Palm;1a8de386-fbfc-45ea-bcfc-bc92c9e075e7;1;Exposure;2026-04-01 13:26:13.1977;Hands;;OpenXR
Right;1;Exposure;0;NoMitigation;None;anonymous;Sample;1834;0.0000;0.0252;-0.0134;-0.0061;355.6693;8.2358;2.9443;0.0252;-0.0134;-0.0061;0.9963;-0.0358;0.0727;0.0283;0;;;;;;;;;;;;;0;0.1893;-0.4183;0.2222;342.9431;55.0151;30.8405;Palm;0.1243;-0.9884;0.0868;0.0663;-0.2563;0.2598;0.6729;0.5776;0.3507;-0.3010;;;;;;;;;;;;;0;0.1138;-0.2116;0.2249;333.9959;312.6432;7.1007;Palm;1a8de386-fbfc-45ea-bcfc-bc92c9e075e7;1;Exposure;2026-04-01 13:26:13.2236;Hands;;OpenXR
Right;1;Exposure;0;NoMitigation;None;anonymous;Sample;1837;0.0000;0.0252;-0.0137;-0.0067;355.8906;8.2989;2.7878;0.0252;-0.0137;-0.0067;0.9964;-0.0340;0.0732;0.0268;0;;;;;;;;;;;;;0;0.1894;-0.4198;0.2229;344.5082;54.7043;30.3421;Palm;0.2095;-0.9768;-0.0442;0.0676;-0.2611;0.2555;0.4908;0.3949;0.6051;-0.4868;;;;;;;;;;;;;0;0.1104;-0.2160;0.2277;334.2836;312.8596;6.4347;Palm;1a8de386-fbfc-45ea-bcfc-bc92c9e075e7;1;Exposure;2026-04-01 13:26:13.2494;Hands;;OpenXR
Right;1;Exposure;0;NoMitigation;None;anonymous;Sample;1840;0.0000;0.0251;-0.0139;-0.0072;355.9926;8.3460;2.7247;0.0251;-0.0139;-0.0072;0.9964;-0.0331;0.0735;0.0262;0;;;;;;;;;;;;;0;0.1893;-0.4201;0.2230;344.9890;54.5705;30.2082;Palm;0.2957;-0.9385;-0.1780;0.0691;-0.2649;0.2527;0.4035;0.2816;0.7140;-0.4981;;;;;;;;;;;;;0;0.1087;-0.2218;0.2320;334.5179;312.9682;6.1058;Palm;1a8de386-fbfc-45ea-bcfc-bc92c9e075e7;1;Exposure;2026-04-01 13:26:13.2732;Hands;;OpenXR
Right;1;Exposure;0;NoMitigation;None;anonymous;Sample;1843;0.0000;0.0251;-0.0140;-0.0078;355.9281;8.3595;2.8037;0.0251;-0.0140;-0.0078;0.9963;-0.0336;0.0737;0.0270;0;;;;;;;;;;;;;0;0.1891;-0.4203;0.2231;345.5467;54.4428;30.0495;Palm;0.3622;-0.8875;-0.2849;0.0701;-0.2679;0.2513;0.3734;0.2269;0.7688;-0.4670;;;;;;;;;;;;;0;0.1070;-0.2260;0.2352;335.1833;313.1999;5.6296;Palm;1a8de386-fbfc-45ea-bcfc-bc92c9e075e7;1;Exposure;2026-04-01 13:26:13.2976;Hands;;OpenXR
Right;1;Exposure;0;NoMitigation;None;anonymous;Sample;1846;0.0000;0.0251;-0.0139;-0.0082;355.7896;8.3490;2.8900;0.0251;-0.0139;-0.0082;0.9963;-0.0348;0.0736;0.0278;0;;;;;;;;;;;;;0;0.1887;-0.4193;0.2229;345.7166;54.4202;30.1299;Palm;0.4367;-0.8023;-0.4069;0.0739;-0.2700;0.2505;0.3565;0.1791;0.8194;-0.4117;;;;;;;;;;;;;0;0.1101;-0.2319;0.2402;336.1483;313.6013;5.3366;Palm;1a8de386-fbfc-45ea-bcfc-bc92c9e075e7;1;Exposure;2026-04-01 13:26:13.3240;Hands;;OpenXR
Right;1;Exposure;0;NoMitigation;None;anonymous;Sample;1849;0.0000;0.0251;-0.0137;-0.0085;355.6520;8.3595;2.8950;0.0251;-0.0137;-0.0085;0.9962;-0.0360;0.0738;0.0279;0;;;;;;;;;;;;;0;0.1886;-0.4179;0.2228;345.7585;54.4213;30.1779;Palm;0.4960;-0.6974;-0.5173;0.0787;-0.2701;0.2520;0.3455;0.1404;0.8596;-0.3492;;;;;;;;;;;;;0;0.1140;-0.2343;0.2476;336.8409;314.4022;4.6576;Palm;1a8de386-fbfc-45ea-bcfc-bc92c9e075e7;1;Exposure;2026-04-01 13:26:13.3489;Hands;;OpenXR
Right;1;Exposure;0;NoMitigation;None;anonymous;Sample;1852;0.0000;0.0251;-0.0135;-0.0088;355.5952;8.3727;2.8556;0.0251;-0.0135;-0.0088;0.9962;-0.0365;0.0739;0.0276;0;;;;;;;;;;;;;0;0.1887;-0.4166;0.2226;345.7068;54.4454;30.2443;Palm;0.5343;-0.5862;-0.6090;0.0834;-0.2684;0.2555;0.3352;0.1085;0.8904;-0.2883;;;;;;;;;;;;;0;0.1169;-0.2362;0.2543;337.4864;315.3392;3.8426;Palm;1a8de386-fbfc-45ea-bcfc-bc92c9e075e7;1;Exposure;2026-04-01 13:26:13.3726;Hands;;OpenXR
Right;1;Exposure;0;NoMitigation;None;anonymous;Sample;1855;0.0000;0.0250;-0.0133;-0.0091;355.4637;8.3159;2.8936;0.0250;-0.0133;-0.0091;0.9962;-0.0376;0.0734;0.0280;0;;;;;;;;;;;;;0;0.1886;-0.4151;0.2224;344.8041;54.3773;30.5563;Palm;0.5479;-0.4931;-0.6757;0.0879;-0.2660;0.2610;0.3231;0.0852;0.9114;-0.2403;;;;;;;;;;;;;0;0.1216;-0.2357;0.2628;337.5926;317.1428;2.9803;Palm;1a8de386-fbfc-45ea-bcfc-bc92c9e075e7;1;Exposure;2026-04-01 13:26:13.3975;Hands;;OpenXR
Right;1;Exposure;0;NoMitigation;None;anonymous;Sample;1858;0.0000;0.0250;-0.0131;-0.0092;355.2560;8.1896;3.0297;0.0250;-0.0131;-0.0092;0.9962;-0.0394;0.0724;0.0293;0;;;;;;;;;;;;;0;0.1881;-0.4130;0.2223;342.9609;54.1519;30.8315;Palm;0.5384;-0.4198;-0.7307;0.0931;-0.2619;0.2680;0.3049;0.0671;0.9278;-0.2042;;;;;;;;;;;;;0;0.1273;-0.2330;0.2693;337.1303;319.8257;1.7062;Palm;1a8de386-fbfc-45ea-bcfc-bc92c9e075e7;1;Exposure;2026-04-01 13:26:13.4234;Hands;;OpenXR
Right;1;Exposure;0;NoMitigation;None;anonymous;Sample;1861;0.0000;0.0251;-0.0129;-0.0096;355.1341;8.0873;2.9865;0.0251;-0.0129;-0.0096;0.9962;-0.0405;0.0715;0.0290;0;;;;;;;;;;;;;0;0.1875;-0.4107;0.2222;340.9094;53.8501;30.7481;Palm;0.5066;-0.3921;-0.7679;0.0985;-0.2566;0.2736;0.2816;0.0575;0.9384;-0.1917;;;;;;;;;;;;;0;0.1332;-0.2287;0.2729;336.2843;322.9980;-0.0034;Palm;1a8de386-fbfc-45ea-bcfc-bc92c9e075e7;1;Exposure;2026-04-01 13:26:13.4481;Hands;;OpenXR
Right;1;Exposure;0;NoMitigation;None;anonymous;Sample;1864;0.0000;0.0252;-0.0129;-0.0100;355.1599;8.0337;2.8765;0.0252;-0.0129;-0.0100;0.9963;-0.0404;0.0710;0.0280;0;;;;;;;;;;;;;0;0.1874;-0.4092;0.2214;339.1903;54.1874;30.0473;Palm;0.4673;-0.3863;-0.7953;0.1027;-0.2508;0.2808;0.2574;0.0517;0.9460;-0.1901;;;;;;;;;;;;;0;0.1365;-0.2233;0.2802;335.3450;325.8565;359.0575;Palm;1a8de386-fbfc-45ea-bcfc-bc92c9e075e7;1;Exposure;2026-04-01 13:26:13.4740;Hands;;OpenXR
Right;1;Exposure;0;NoMitigation;None;anonymous;Sample;1867;0.0000;0.0253;-0.0130;-0.0103;355.1761;7.9626;2.7971;0.0253;-0.0130;-0.0103;0.9963;-0.0403;0.0704;0.0272;0;;;;;;;;;;;;;0;0.1875;-0.4083;0.2206;337.8466;54.4054;29.5401;Palm;0.4309;-0.3864;-0.8155;0.1062;-0.2460;0.2881;0.2360;0.0474;0.9516;-0.1913;;;;;;;;;;;;;0;0.1395;-0.2202;0.2864;334.8531;328.1299;358.1729;Palm;1a8de386-fbfc-45ea-bcfc-bc92c9e075e7;1;Exposure;2026-04-01 13:26:13.4983;Hands;;OpenXR
Right;1;Exposure;0;NoMitigation;None;anonymous;Sample;1870;0.0000;0.0254;-0.0130;-0.0107;355.1430;7.9082;2.7189;0.0254;-0.0130;-0.0107;0.9964;-0.0406;0.0699;0.0266;0;;;;;;;;;;;;;0;0.1879;-0.4091;0.2197;337.3959;54.6750;29.1275;Palm;0.4081;-0.3871;-0.8268;0.1088;-0.2402;0.2948;0.2227;0.0449;0.9547;-0.1923;;;;;;;;;;;;;0;0.1414;-0.2140;0.2923;333.4397;328.7540;357.8755;Palm;1a8de386-fbfc-45ea-bcfc-bc92c9e075e7;1;Exposure;2026-04-01 13:26:13.5242;Hands;;OpenXR
Right;1;Exposure;0;NoMitigation;None;anonymous;Sample;1873;0.0000;0.0255;-0.0129;-0.0109;355.0733;7.9039;2.5996;0.0255;-0.0129;-0.0109;0.9964;-0.0413;0.0698;0.0256;0;;;;;;;;;;;;;0;0.1881;-0.4104;0.2195;337.2151;54.8033;28.8950;Palm;0.3902;-0.3798;-0.8388;0.1125;-0.2335;0.3007;0.2119;0.0418;0.9579;-0.1890;;;;;;;;;;;;;0;0.1464;-0.2068;0.2977;332.5690;330.1306;357.7149;Palm;1a8de386-fbfc-45ea-bcfc-bc92c9e075e7;1;Exposure;2026-04-01 13:26:13.5492;Hands;;OpenXR
Right;1;Exposure;0;NoMitigation;None;anonymous;Sample;1876;0.0000;0.0256;-0.0127;-0.0110;354.9315;7.8998;2.5469;0.0256;-0.0127;-0.0110;0.9963;-0.0426;0.0698;0.0252;0;;;;;;;;;;;;;0;0.1881;-0.4118;0.2195;337.1408;54.8716;28.7464;Palm;0.3704;-0.3631;-0.8549;0.1177;-0.2271;0.3072;0.1995;0.0375;0.9623;-0.1809;;;;;;;;;;;;;0;0.1517;-0.2028;0.3054;331.9804;331.7313;357.5781;Palm;1a8de386-fbfc-45ea-bcfc-bc92c9e075e7;1;Exposure;2026-04-01 13:26:13.5740;Hands;;OpenXR
Right;1;Exposure;0;NoMitigation;None;anonymous;Sample;1879;0.0000;0.0255;-0.0125;-0.0111;354.7665;7.8945;2.5155;0.0255;-0.0125;-0.0111;0.9963;-0.0440;0.0697;0.0250;0;;;;;;;;;;;;;0;0.1882;-0.4122;0.2195;337.1223;54.9066;28.6833;Palm;0.3528;-0.3400;-0.8717;0.1229;-0.2239;0.3159;0.1882;0.0330;0.9668;-0.1694;;;;;;;;;;;;;0;0.1564;-0.2025;0.3154;331.6077;333.0954;357.4440;Palm;1a8de386-fbfc-45ea-bcfc-bc92c9e075e7;1;Exposure;2026-04-01 13:26:13.5983;Hands;;OpenXR
Right;1;Exposure;0;NoMitigation;None;anonymous;Sample;1882;0.0000;0.0253;-0.0123;-0.0113;354.6488;7.8652;2.5800;0.0253;-0.0123;-0.0113;0.9962;-0.0450;0.0695;0.0256;0;;;;;;;;;;;;;0;0.1882;-0.4122;0.2196;337.1698;54.9114;28.6968;Palm;0.3370;-0.3097;-0.8891;0.1279;-0.2214;0.3245;0.1779;0.0282;0.9715;-0.1542;;;;;;;;;;;;;0;0.1606;-0.2012;0.3235;331.2719;334.1560;357.2761;Palm;1a8de386-fbfc-45ea-bcfc-bc92c9e075e7;1;Exposure;2026-04-01 13:26:13.6233;Hands;;OpenXR
Right;1;Exposure;0;NoMitigation;None;anonymous;Sample;1885;0.0000;0.0252;-0.0122;-0.0112;354.5648;7.8031;2.6979;0.0252;-0.0122;-0.0112;0.9962;-0.0457;0.0691;0.0267;0;;;;;;;;;;;;;0;0.1883;-0.4123;0.2196;337.3742;54.8956;28.8041;Palm;0.3307;-0.2691;-0.9046;0.1323;-0.2189;0.3316;0.1727;0.0237;0.9756;-0.1337;;;;;;;;;;;;;0;0.1642;-0.1997;0.3305;331.0898;334.4616;357.2182;Palm;1a8de386-fbfc-45ea-bcfc-bc92c9e075e7;1;Exposure;2026-04-01 13:26:13.6477;Hands;;OpenXR
Right;1;Exposure;0;NoMitigation;None;anonymous;Sample;1888;0.0000;0.0252;-0.0123;-0.0110;354.6539;7.7798;2.6813;0.0252;-0.0123;-0.0110;0.9963;-0.0449;0.0688;0.0265;0;;;;;;;;;;;;;0;0.1885;-0.4125;0.2197;337.8061;54.9328;28.9180;Palm;0.3297;-0.2335;-0.9148;0.1361;-0.2185;0.3374;0.1709;0.0202;0.9782;-0.1158;;;;;;;;;;;;;0;0.1673;-0.2023;0.3354;330.8192;334.2565;357.1982;Palm;1a8de386-fbfc-45ea-bcfc-bc92c9e075e7;1;Exposure;2026-04-01 13:26:13.6740;Hands;;OpenXR
Right;1;Exposure;0;NoMitigation;None;anonymous;Sample;1891;0.0000;0.0253;-0.0127;-0.0110;354.9032;7.7889;2.6573;0.0253;-0.0127;-0.0110;0.9964;-0.0428;0.0689;0.0261;0;;;;;;;;;;;;;0;0.1887;-0.4125;0.2197;338.2033;54.9739;29.0191;Palm;0.3305;-0.2019;-0.9220;0.1394;-0.2183;0.3424;0.1704;0.0174;0.9801;-0.1000;;;;;;;;;;;;;0;0.1702;-0.2029;0.3407;330.3310;334.0654;357.1240;Palm;1a8de386-fbfc-45ea-bcfc-bc92c9e075e7;1;Exposure;2026-04-01 13:26:13.6984;Hands;;OpenXR
Right;1;Exposure;0;NoMitigation;None;anonymous;Sample;1894;0.0000;0.0256;-0.0132;-0.0109;355.1690;7.7853;2.6903;0.0256;-0.0132;-0.0109;0.9965;-0.0404;0.0688;0.0263;0;;;;;;;;;;;;;0;0.1888;-0.4126;0.2198;338.4033;54.9793;29.0169;Palm;0.3295;-0.1815;-0.9266;0.1407;-0.2182;0.3451;0.1693;0.0155;0.9813;-0.0898;;;;;;;;;;;;;0;0.1697;-0.2034;0.3411;330.1824;333.9021;357.0222;Palm;1a8de386-fbfc-45ea-bcfc-bc92c9e075e7;1;Exposure;2026-04-01 13:26:13.7237;Hands;;OpenXR
Right;1;Exposure;0;NoMitigation;None;anonymous;Sample;1897;0.0000;0.0258;-0.0137;-0.0107;355.5657;7.8613;2.5694;0.0258;-0.0137;-0.0107;0.9966;-0.0371;0.0693;0.0250;0;;;;;;;;;;;;;0;0.1888;-0.4125;0.2198;338.5465;55.0056;29.0063;Palm;0.3254;-0.1656;-0.9310;0.1413;-0.2181;0.3467;0.1667;0.0139;0.9825;-0.0819;;;;;;;;;;;;;0;0.1703;-0.2036;0.3423;330.3378;334.1541;356.8637;Palm;1a8de386-fbfc-45ea-bcfc-bc92c9e075e7;1;Exposure;2026-04-01 13:26:13.7481;Hands;;OpenXR
Right;1;Exposure;0;NoMitigation;None;anonymous;Sample;1900;0.0000;0.0262;-0.0143;-0.0106;355.9031;7.9978;2.3567;0.0262;-0.0143;-0.0106;0.9967;-0.0342;0.0704;0.0230;0;;;;;;;;;;;;;0;0.1887;-0.4123;0.2199;338.6755;55.0440;28.9904;Palm;0.3117;-0.1457;-0.9389;0.1425;-0.2182;0.3491;0.1592;0.0117;0.9845;-0.0721;;;;;;;;;;;;;0;0.1722;-0.2042;0.3455;331.1961;335.4365;356.3253;Palm;1a8de386-fbfc-45ea-bcfc-bc92c9e075e7;1;Exposure;2026-04-01 13:26:13.7729;Hands;;OpenXR
Right;1;Exposure;0;NoMitigation;None;anonymous;Sample;1903;0.0000;0.0265;-0.0148;-0.0104;356.2687;8.1739;2.1651;0.0265;-0.0148;-0.0104;0.9967;-0.0311;0.0718;0.0212;0;;;;;;;;;;;;;0;0.1888;-0.4122;0.2200;338.7786;55.0860;28.9414;Palm;0.2778;-0.1068;-0.9547;0.1453;-0.2181;0.3529;0.1409;0.0075;0.9886;-0.0529;;;;;;;;;;;;;0;0.1764;-0.2035;0.3495;334.2194;339.1697;355.3071;Palm;1a8de386-fbfc-45ea-bcfc-bc92c9e075e7;1;Exposure;2026-04-01 13:26:13.7989;Hands;;OpenXR
Right;1;Exposure;0;NoMitigation;None;anonymous;Sample;1906;0.0000;0.0269;-0.0153;-0.0102;356.6651;8.4238;2.0748;0.0269;-0.0153;-0.0102;0.9967;-0.0277;0.0739;0.0202;0;;;;;;;;;;;;;0;0.1889;-0.4121;0.2201;338.8624;55.1322;28.8739;Palm;0.2224;-0.0479;-0.9738;0.1495;-0.2163;0.3572;0.1120;0.0027;0.9934;-0.0238;;;;;;;;;;;;;0;0.1808;-0.1991;0.3531;337.6516;343.2372;354.3419;Palm;1a8de386-fbfc-45ea-bcfc-bc92c9e075e7;1;Exposure;2026-04-01 13:26:13.8229;Hands;;OpenXR
Right;1;Exposure;0;NoMitigation;None;anonymous;Sample;1909;0.0000;0.0273;-0.0157;-0.0099;356.9186;8.6589;2.0679;0.0273;-0.0157;-0.0099;0.9966;-0.0254;0.0759;0.0200;0;;;;;;;;;;;;;0;0.1890;-0.4121;0.2200;338.9243;55.1768;28.8188;Palm;0.1594;0.0158;-0.9871;0.1538;-0.2119;0.3614;0.0799;-0.0006;0.9968;0.0079;;;;;;;;;;;;;0;0.1846;-0.1931;0.3563;340.8409;346.9126;353.5678;Palm;1a8de386-fbfc-45ea-bcfc-bc92c9e075e7;1;Exposure;2026-04-01 13:26:13.8477;Hands;;OpenXR
Right;1;Exposure;0;NoMitigation;None;anonymous;Sample;1912;0.0000;0.0276;-0.0160;-0.0096;357.0837;8.8472;2.0976;0.0276;-0.0160;-0.0096;0.9965;-0.0240;0.0776;0.0202;0;;;;;;;;;;;;;0;0.1890;-0.4121;0.2201;338.9301;55.1836;28.8142;Palm;0.0919;0.0675;-0.9935;0.1582;-0.2069;0.3669;0.0461;-0.0016;0.9984;0.0337;;;;;;;;;;;;;0;0.1884;-0.1872;0.3616;342.9921;350.7235;353.8958;Palm;1a8de386-fbfc-45ea-bcfc-bc92c9e075e7;1;Exposure;2026-04-01 13:26:13.8741;Hands;;OpenXR
Right;1;Exposure;0;NoMitigation;None;anonymous;Sample;1915;0.0000;0.0278;-0.0163;-0.0092;357.1982;9.0089;2.1421;0.0278;-0.0163;-0.0092;0.9964;-0.0229;0.0790;0.0205;0;;;;;;;;;;;;;0;0.1891;-0.4121;0.2201;338.9314;55.1894;28.8114;Palm;0.0312;0.1101;-0.9934;0.1624;-0.2025;0.3722;0.0157;-0.0009;0.9984;0.0551;;;;;;;;;;;;;0;0.1919;-0.1830;0.3658;344.8946;353.6306;354.0632;Palm;1a8de386-fbfc-45ea-bcfc-bc92c9e075e7;1;Exposure;2026-04-01 13:26:13.8984;Hands;;OpenXR
Right;1;Exposure;0;NoMitigation;None;anonymous;Sample;1918;0.0000;0.0279;-0.0164;-0.0090;357.3149;9.0970;2.1845;0.0279;-0.0164;-0.0090;0.9964;-0.0218;0.0797;0.0209;0;;;;;;;;;;;;;0;0.1890;-0.4122;0.2201;338.9080;55.2103;28.8435;Palm;-0.0089;0.1385;-0.9903;0.1649;-0.1996;0.3755;-0.0045;0.0003;0.9976;0.0694;;;;;;;;;;;;;0;0.1925;-0.1814;0.3670;345.5021;354.6562;354.2032;Palm;1a8de386-fbfc-45ea-bcfc-bc92c9e075e7;1;Exposure;2026-04-01 13:26:13.9244;Hands;;OpenXR
Right;1;Exposure;0;NoMitigation;None;anonymous;Sample;1921;0.0000;0.0278;-0.0165;-0.0088;357.4113;9.0976;2.2621;0.0278;-0.0165;-0.0088;0.9964;-0.0209;0.0797;0.0215;0;;;;;;;;;;;;;0;0.1890;-0.4121;0.2200;338.8414;55.2492;28.9394;Palm;-0.0326;0.1559;-0.9872;0.1662;-0.1980;0.3772;-0.0164;0.0013;0.9968;0.0782;;;;;;;;;;;;;0;0.1927;-0.1808;0.3674;345.5696;355.1922;354.2189;Palm;1a8de386-fbfc-45ea-bcfc-bc92c9e075e7;1;Exposure;2026-04-01 13:26:13.9489;Hands;;OpenXR
Right;1;Exposure;0;NoMitigation;None;anonymous;Sample;1924;0.0000;0.0277;-0.0165;-0.0085;357.4586;9.0472;2.3291;0.0277;-0.0165;-0.0085;0.9964;-0.0205;0.0793;0.0220;0;;;;;;;;;;;;;0;0.1890;-0.4120;0.2199;338.7144;55.2921;29.1366;Palm;-0.0438;0.1649;-0.9853;0.1665;-0.1973;0.3776;-0.0221;0.0018;0.9963;0.0827;;;;;;;;;;;;;0;0.1923;-0.1808;0.3670;345.1663;355.3813;354.1580;Palm;1a8de386-fbfc-45ea-bcfc-bc92c9e075e7;1;Exposure;2026-04-01 13:26:13.9732;Hands;;OpenXR
Right;1;Exposure;0;NoMitigation;None;anonymous;Sample;1927;0.0000;0.0275;-0.0165;-0.0083;357.4130;8.9276;2.3964;0.0275;-0.0165;-0.0083;0.9965;-0.0209;0.0783;0.0226;0;;;;;;;;;;;;;0;0.1891;-0.4120;0.2199;338.5791;55.2876;29.3773;Palm;-0.0492;0.1647;-0.9851;0.1658;-0.1970;0.3770;-0.0249;0.0021;0.9963;0.0826;;;;;;;;;;;;;0;0.1908;-0.1812;0.3658;344.1326;355.5990;353.9973;Palm;1a8de386-fbfc-45ea-bcfc-bc92c9e075e7;1;Exposure;2026-04-01 13:26:13.9981;Hands;;OpenXR
Right;1;Exposure;0;NoMitigation;None;anonymous;Sample;1930;0.0000;0.0272;-0.0165;-0.0082;357.3805;8.7766;2.3972;0.0272;-0.0165;-0.0082;0.9966;-0.0212;0.0770;0.0226;0;;;;;;;;;;;;;0;0.1891;-0.4120;0.2199;338.4380;55.2739;29.5995;Palm;-0.0540;0.1583;-0.9859;0.1647;-0.1968;0.3761;-0.0273;0.0022;0.9965;0.0794;;;;;;;;;;;;;0;0.1894;-0.1812;0.3643;343.0883;355.7818;353.9611;Palm;1a8de386-fbfc-45ea-bcfc-bc92c9e075e7;1;Exposure;2026-04-01 13:26:14.0240;Hands;;OpenXR
Right;1;Exposure;0;NoMitigation;None;anonymous;Sample;1933;0.0000;0.0269;-0.0164;-0.0081;357.3391;8.6070;2.4150;0.0269;-0.0164;-0.0081;0.9967;-0.0216;0.0755;0.0228;0;;;;;;;;;;;;;0;0.1892;-0.4120;0.2199;338.3110;55.2559;29.7477;Palm;-0.0549;0.1439;-0.9881;0.1627;-0.1966;0.3742;-0.0277;0.0020;0.9970;0.0721;;;;;;;;;;;;;0;0.1869;-0.1812;0.3616;341.6810;355.6425;354.1159;Palm;1a8de386-fbfc-45ea-bcfc-bc92c9e075e7;1;Exposure;2026-04-01 13:26:14.0483;Hands;;OpenXR
Right;1;Exposure;0;NoMitigation;None;anonymous;Sample;1936;0.0000;0.0266;-0.0163;-0.0081;357.3101;8.4587;2.5076;0.0266;-0.0163;-0.0081;0.9967;-0.0218;0.0742;0.0235;0;;;;;;;;;;;;;0;0.1896;-0.4126;0.2202;338.2119;55.2442;29.8531;Palm;-0.0567;0.1292;-0.9900;0.1615;-0.1965;0.3730;-0.0286;0.0019;0.9975;0.0647;;;;;;;;;;;;;0;0.1867;-0.1814;0.3614;340.9141;355.6340;354.4926;Palm;1a8de386-fbfc-45ea-bcfc-bc92c9e075e7;1;Exposure;2026-04-01 13:26:14.0727;Hands;;OpenXR
Right;1;Exposure;0;NoMitigation;None;anonymous;Sample;1939;0.0000;0.0263;-0.0162;-0.0081;357.2115;8.3136;2.5955;0.0263;-0.0162;-0.0081;0.9968;-0.0226;0.0730;0.0243;0;;;;;;;;;;;;;0;0.1904;-0.4137;0.2206;338.1324;55.2360;29.9309;Palm;-0.0601;0.1167;-0.9913;0.1614;-0.1969;0.3730;-0.0302;0.0018;0.9978;0.0584;;;;;;;;;;;;;0;0.1871;-0.1819;0.3621;340.3920;355.7032;354.8980;Palm;1a8de386-fbfc-45ea-bcfc-bc92c9e075e7;1;Exposure;2026-04-01 13:26:14.0986;Hands;;OpenXR
Right;1;Exposure;0;NoMitigation;None;anonymous;Sample;1942;0.0000;0.0260;-0.0160;-0.0082;357.0573;8.1306;2.7812;0.0260;-0.0160;-0.0082;0.9968;-0.0239;0.0715;0.0260;0;;;;;;;;;;;;;0;0.1908;-0.4142;0.2209;338.0532;55.2499;29.9922;Palm;-0.0641;0.1075;-0.9921;0.1618;-0.1976;0.3739;-0.0322;0.0017;0.9980;0.0538;;;;;;;;;;;;;0;0.1878;-0.1828;0.3635;340.1192;355.7808;355.2064;Palm;1a8de386-fbfc-45ea-bcfc-bc92c9e075e7;1;Exposure;2026-04-01 13:26:14.1236;Hands;;OpenXR
Right;1;Exposure;0;NoMitigation;None;anonymous;Sample;1945;0.0000;0.0259;-0.0157;-0.0082;356.8995;7.9707;2.8605;0.0259;-0.0157;-0.0082;0.9969;-0.0252;0.0701;0.0268;0;;;;;;;;;;;;;0;0.1908;-0.4142;0.2210;337.9397;55.2890;30.0474;Palm;-0.0678;0.1017;-0.9925;0.1627;-0.1985;0.3755;-0.0341;0.0017;0.9981;0.0509;;;;;;;;;;;;;0;0.1891;-0.1837;0.3658;340.0063;355.8674;355.4344;Palm;1a8de386-fbfc-45ea-bcfc-bc92c9e075e7;1;Exposure;2026-04-01 13:26:14.1487;Hands;;OpenXR
Right;1;Exposure;0;NoMitigation;None;anonymous;Sample;1948;0.0000;0.0256;-0.0157;-0.0084;356.9017;7.8962;2.7431;0.0256;-0.0157;-0.0084;0.9969;-0.0253;0.0695;0.0257;0;;;;;;;;;;;;;0;0.1908;-0.4140;0.2209;337.7183;55.3682;30.1144;Palm;-0.0713;0.0978;-0.9926;0.1642;-0.1994;0.3780;-0.0358;0.0018;0.9982;0.0489;;;;;;;;;;;;;0;0.1909;-0.1845;0.3687;339.9865;355.9816;355.6154;Palm;1a8de386-fbfc-45ea-bcfc-bc92c9e075e7;1;Exposure;2026-04-01 13:26:14.1735;Hands;;OpenXR
Right;1;Exposure;0;NoMitigation;None;anonymous;Sample;1951;0.0000;0.0255;-0.0159;-0.0086;357.0751;7.9138;2.6162;0.0255;-0.0159;-0.0086;0.9970;-0.0239;0.0695;0.0245;0;;;;;;;;;;;;;0;0.1907;-0.4138;0.2207;337.4853;55.4484;30.1748;Palm;-0.0753;0.0949;-0.9926;0.1657;-0.2002;0.3804;-0.0378;0.0018;0.9982;0.0475;;;;;;;;;;;;;0;0.1922;-0.1848;0.3708;339.9849;356.1761;355.8091;Palm;1a8de386-fbfc-45ea-bcfc-bc92c9e075e7;1;Exposure;2026-04-01 13:26:14.1979;Hands;;OpenXR
Right;1;Exposure;0;NoMitigation;None;anonymous;Sample;1954;0.0000;0.0255;-0.0163;-0.0086;357.2951;7.9789;2.5901;0.0255;-0.0163;-0.0086;0.9970;-0.0220;0.0701;0.0242;0;;;;;;;;;;;;;0;0.1906;-0.4138;0.2205;337.2781;55.5126;30.2153;Palm;-0.0809;0.0937;-0.9923;0.1670;-0.2005;0.3824;-0.0406;0.0019;0.9981;0.0469;;;;;;;;;;;;;0;0.1932;-0.1848;0.3724;340.0593;356.4952;355.9796;Palm;1a8de386-fbfc-45ea-bcfc-bc92c9e075e7;1;Exposure;2026-04-01 13:26:14.2238;Hands;;OpenXR
Right;1;Exposure;0;NoMitigation;None;anonymous;Sample;1957;0.0000;0.0253;-0.0166;-0.0087;357.5660;8.1267;2.5704;0.0253;-0.0166;-0.0087;0.9970;-0.0196;0.0713;0.0239;0;;;;;;;;;;;;;0;0.1905;-0.4136;0.2204;336.8872;55.5543;30.2279;Palm;-0.0871;0.0957;-0.9916;0.1685;-0.2008;0.3854;-0.0437;0.0021;0.9979;0.0479;;;;;;;;;;;;;0;0.1950;-0.1850;0.3764;340.4043;356.8370;356.1166;Palm;1a8de386-fbfc-45ea-bcfc-bc92c9e075e7;1;Exposure;2026-04-01 13:26:14.2477;Hands;;OpenXR
Right;1;Exposure;0;NoMitigation;None;anonymous;Sample;1960;0.0000;0.0246;-0.0166;-0.0086;357.5291;8.1614;3.0631;0.0246;-0.0166;-0.0086;0.9968;-0.0196;0.0717;0.0282;0;;;;;;;;;;;;;0;0.1902;-0.4135;0.2202;336.4188;55.6061;30.2469;Palm;-0.0927;0.0976;-0.9909;0.1707;-0.2005;0.3889;-0.0466;0.0023;0.9977;0.0488;;;;;;;;;;;;;0;0.1976;-0.1836;0.3800;340.5554;357.0911;356.1367;Palm;1a8de386-fbfc-45ea-bcfc-bc92c9e075e7;1;Exposure;2026-04-01 13:26:14.2741;Hands;;OpenXR
Right;1;Exposure;0;NoMitigation;None;anonymous;Sample;1963;0.0000;0.0222;-0.0152;-0.0086;357.0573;7.7378;4.5669;0.0222;-0.0152;-0.0086;0.9965;-0.0229;0.0684;0.0415;0;;;;;;;;;;;;;0;0.1899;-0.4135;0.2200;335.9592;55.6433;30.2719;Palm;-0.0960;0.0971;-0.9906;0.1730;-0.1996;0.3919;-0.0482;0.0023;0.9977;0.0485;;;;;;;;;;;;;0;0.1998;-0.1825;0.3822;340.6164;357.2226;356.0809;Palm;1a8de386-fbfc-45ea-bcfc-bc92c9e075e7;1;Exposure;2026-04-01 13:26:14.2986;Hands;;OpenXR
Right;1;Exposure;0;NoMitigation;None;anonymous;Sample;1966;0.0000;0.0191;-0.0130;-0.0085;355.6764;6.6239;6.0924;0.0191;-0.0130;-0.0085;0.9961;-0.0345;0.0597;0.0552;0;;;;;;;;;;;;;0;0.1898;-0.4134;0.2200;335.5528;55.6483;30.3038;Palm;-0.0976;0.0956;-0.9906;0.1748;-0.1992;0.3933;-0.0490;0.0024;0.9976;0.0478;;;;;;;;;;;;;0;0.2011;-0.1823;0.3826;340.7482;357.3266;355.9457;Palm;1a8de386-fbfc-45ea-bcfc-bc92c9e075e7;1;Exposure;2026-04-01 13:26:14.3237;Hands;;OpenXR
Right;1;Exposure;0;NoMitigation;None;anonymous;Sample;1969;0.0000;0.0154;-0.0107;-0.0087;354.0335;5.1187;7.1661;0.0154;-0.0107;-0.0087;0.9956;-0.0491;0.0478;0.0647;0;;;;;;;;;;;;;0;0.1897;-0.4135;0.2200;335.2158;55.6855;30.3476;Palm;-0.0984;0.0944;-0.9907;0.1764;-0.1990;0.3940;-0.0494;0.0023;0.9977;0.0472;;;;;;;;;;;;;0;0.2030;-0.1820;0.3828;340.8309;357.4327;355.7896;Palm;1a8de386-fbfc-45ea-bcfc-bc92c9e075e7;1;Exposure;2026-04-01 13:26:14.3481;Hands;;OpenXR
Right;1;Exposure;0;NoMitigation;None;anonymous;Sample;1972;0.0000;0.0117;-0.0089;-0.0092;352.8288;3.6641;8.3520;0.0117;-0.0089;-0.0092;0.9947;-0.0600;0.0364;0.0746;0;;;;;;;;;;;;;0;0.1898;-0.4137;0.2199;334.9738;55.7866;30.4192;Palm;-0.0980;0.0925;-0.9909;0.1791;-0.1986;0.3939;-0.0492;0.0023;0.9977;0.0462;;;;;;;;;;;;;0;0.2064;-0.1814;0.3824;340.7155;357.4946;355.6306;Palm;1a8de386-fbfc-45ea-bcfc-bc92c9e075e7;1;Exposure;2026-04-01 13:26:14.3740;Hands;;OpenXR
Right;1;Exposure;0;NoMitigation;None;anonymous;Sample;1975;0.0000;0.0081;-0.0074;-0.0096;351.6939;2.1564;9.3352;0.0081;-0.0074;-0.0096;0.9938;-0.0706;0.0246;0.0825;0;;;;;;;;;;;;;0;0.1899;-0.4138;0.2199;334.8061;55.8430;30.4486;Palm;-0.0959;0.0851;-0.9917;0.1825;-0.1969;0.3913;-0.0481;0.0021;0.9979;0.0426;;;;;;;;;;;;;0;0.2107;-0.1786;0.3775;339.7432;357.5361;355.1740;Palm;1a8de386-fbfc-45ea-bcfc-bc92c9e075e7;1;Exposure;2026-04-01 13:26:14.3984;Hands;;OpenXR
Right;1;Exposure;0;NoMitigation;None;anonymous;Sample;1978;0.0000;0.0046;-0.0062;-0.0100;350.8349;0.7906;9.8947;0.0046;-0.0062;-0.0100;0.9930;-0.0790;0.0137;0.0865;0;;;;;;;;;;;;;0;0.1900;-0.4139;0.2199;334.6354;55.8990;30.4770;Palm;-0.0927;0.0723;-0.9931;0.1858;-0.1946;0.3883;-0.0465;0.0017;0.9983;0.0362;;;;;;;;;;;;;0;0.2138;-0.1763;0.3747;338.7224;357.5802;354.7121;Palm;1a8de386-fbfc-45ea-bcfc-bc92c9e075e7;1;Exposure;2026-04-01 13:26:14.4238;Hands;;OpenXR
Right;1;Exposure;0;NoMitigation;None;anonymous;Sample;1981;0.0000;0.0016;-0.0053;-0.0102;350.1360;359.6775;10.4933;0.0016;-0.0053;-0.0102;0.9921;-0.0859;0.0051;0.0909;0;;;;;;;;;;;;;0;0.1901;-0.4142;0.2200;334.5281;55.9007;30.5459;Palm;-0.0940;0.0614;-0.9937;0.1896;-0.1928;0.3853;-0.0471;0.0014;0.9984;0.0307;;;;;;;;;;;;;0;0.2181;-0.1751;0.3714;337.9685;357.9810;354.8238;Palm;1a8de386-fbfc-45ea-bcfc-bc92c9e075e7;1;Exposure;2026-04-01 13:26:14.4481;Hands;;OpenXR
Right;1;Exposure;0;NoMitigation;None;anonymous;Sample;1984;0.0000;-0.0012;-0.0047;-0.0105;349.5685;358.6612;11.1057;-0.0012;-0.0047;-0.0105;0.9912;-0.0916;-0.0028;0.0953;0;;;;;;;;;;;;;0;0.1905;-0.4149;0.2201;334.4869;55.8931;30.5780;Palm;-0.0994;0.0505;-0.9938;0.1944;-0.1908;0.3816;-0.0498;0.0013;0.9984;0.0252;;;;;;;;;;;;;0;0.2240;-0.1726;0.3665;337.2979;358.5635;354.7537;Palm;1a8de386-fbfc-45ea-bcfc-bc92c9e075e7;1;Exposure;2026-04-01 13:26:14.4730;Hands;;OpenXR
Right;1;Exposure;0;NoMitigation;None;anonymous;Sample;1987;0.0000;-0.0036;-0.0044;-0.0106;349.3149;357.8322;11.5309;-0.0036;-0.0044;-0.0106;0.9906;-0.0945;-0.0094;0.0982;0;;;;;;;;;;;;;0;0.1911;-0.4158;0.2203;334.4814;55.8791;30.5913;Palm;-0.1072;0.0384;-0.9935;0.1998;-0.1883;0.3776;-0.0537;0.0010;0.9984;0.0192;;;;;;;;;;;;;0;0.2293;-0.1702;0.3624;336.6624;359.1932;354.6071;Palm;1a8de386-fbfc-45ea-bcfc-bc92c9e075e7;1;Exposure;2026-04-01 13:26:14.4990;Hands;;OpenXR
Right;1;Exposure;0;NoMitigation;None;anonymous;Sample;1990;0.0000;-0.0055;-0.0041;-0.0106;349.0674;357.3392;11.8526;-0.0055;-0.0041;-0.0106;0.9901;-0.0971;-0.0132;0.1006;0;;;;;;;;;;;;;0;0.1919;-0.4167;0.2205;334.5167;55.8704;30.6026;Palm;-0.1148;0.0290;-0.9930;0.2055;-0.1867;0.3739;-0.0575;0.0008;0.9982;0.0145;;;;;;;;;;;;;0;0.2353;-0.1697;0.3584;336.3712;359.7720;354.2536;Palm;1a8de386-fbfc-45ea-bcfc-bc92c9e075e7;1;Exposure;2026-04-01 13:26:14.5238;Hands;;OpenXR
Right;1;Exposure;0;NoMitigation;None;anonymous;Sample;1993;0.0000;-0.0073;-0.0039;-0.0105;348.8721;356.9368;12.0966;-0.0073;-0.0039;-0.0105;0.9897;-0.0992;-0.0162;0.1023;0;;;;;;;;;;;;;0;0.1928;-0.4175;0.2209;334.6530;55.8603;30.6296;Palm;-0.1214;0.0244;-0.9923;0.2114;-0.1860;0.3705;-0.0608;0.0007;0.9981;0.0122;;;;;;;;;;;;;0;0.2415;-0.1700;0.3555;336.2985;0.4621;353.5591;Palm;1a8de386-fbfc-45ea-bcfc-bc92c9e075e7;1;Exposure;2026-04-01 13:26:14.5486;Hands;;OpenXR
Right;1;Exposure;0;NoMitigation;None;anonymous;Sample;1996;0.0000;-0.0088;-0.0038;-0.0105;348.7515;356.6762;12.4044;-0.0088;-0.0038;-0.0105;0.9893;-0.1005;-0.0181;0.1046;0;;;;;;;;;;;;;0;0.1934;-0.4183;0.2214;335.0072;55.8388;30.7058;Palm;-0.1288;0.0241;-0.9914;0.2176;-0.1859;0.3682;-0.0645;0.0008;0.9978;0.0120;;;;;;;;;;;;;0;0.2479;-0.1706;0.3537;336.3795;1.5054;352.2538;Palm;1a8de386-fbfc-45ea-bcfc-bc92c9e075e7;1;Exposure;2026-04-01 13:26:14.5736;Hands;;OpenXR
Right;1;Exposure;0;NoMitigation;None;anonymous;Sample;1999;0.0000;-0.0102;-0.0037;-0.0103;348.6317;356.4795;12.7056;-0.0102;-0.0037;-0.0103;0.9888;-0.1018;-0.0194;0.1070;0;;;;;;;;;;;;;0;0.1934;-0.4183;0.2215;335.1016;55.8784;30.7500;Palm;-0.1337;0.0230;-0.9908;0.2248;-0.1849;0.3671;-0.0670;0.0008;0.9977;0.0115;;;;;;;;;;;;;0;0.2566;-0.1692;0.3536;336.1869;2.1800;351.0649;Palm;1a8de386-fbfc-45ea-bcfc-bc92c9e075e7;1;Exposure;2026-04-01 13:26:14.5984;Hands;;OpenXR
Right;1;Exposure;0;NoMitigation;None;anonymous;Sample;2002;0.0000;-0.0117;-0.0036;-0.0101;348.5786;356.4844;12.8061;-0.0117;-0.0036;-0.0101;0.9887;-0.1022;-0.0192;0.1079;0;;;;;;;;;;;;;0;0.1934;-0.4182;0.2216;335.1672;55.9095;30.7807;Palm;-0.1371;0.0207;-0.9903;0.2320;-0.1836;0.3663;-0.0687;0.0007;0.9976;0.0103;;;;;;;;;;;;;0;0.2634;-0.1681;0.3525;336.0045;2.7846;350.0721;Palm;1a8de386-fbfc-45ea-bcfc-bc92c9e075e7;1;Exposure;2026-04-01 13:26:14.6233;Hands;;OpenXR
Right;1;Exposure;0;NoMitigation;None;anonymous;Sample;2005;0.0000;-0.0129;-0.0034;-0.0096;348.4505;356.4446;13.2223;-0.0129;-0.0034;-0.0096;0.9882;-0.1035;-0.0191;0.1114;0;;;;;;;;;;;;;0;0.1936;-0.4183;0.2217;335.2655;55.9891;30.7467;Palm;-0.1449;0.0174;-0.9893;0.2385;-0.1809;0.3644;-0.0727;0.0006;0.9973;0.0087;;;;;;;;;;;;;0;0.2694;-0.1642;0.3493;335.8034;3.7550;349.6183;Palm;1a8de386-fbfc-45ea-bcfc-bc92c9e075e7;1;Exposure;2026-04-01 13:26:14.6486;Hands;;OpenXR
Right;1;Exposure;0;NoMitigation;None;anonymous;Sample;2008;0.0000;-0.0139;-0.0035;-0.0090;348.2292;356.2657;13.7216;-0.0139;-0.0035;-0.0090;0.9875;-0.1056;-0.0199;0.1154;0;;;;;;;;;;;;;0;0.1937;-0.4183;0.2219;335.3447;56.0903;30.6681;Palm;-0.1615;0.0077;-0.9868;0.2473;-0.1760;0.3601;-0.0810;0.0003;0.9967;0.0038;;;;;;;;;;;;;0;0.2806;-0.1578;0.3414;334.8233;5.7159;348.4763;Palm;1a8de386-fbfc-45ea-bcfc-bc92c9e075e7;1;Exposure;2026-04-01 13:26:14.6734;Hands;;OpenXR
Right;1;Exposure;0;NoMitigation;None;anonymous;Sample;2011;0.0000;-0.0146;-0.0038;-0.0086;348.1744;356.2012;14.0242;-0.0146;-0.0038;-0.0086;0.9871;-0.1062;-0.0202;0.1180;0;;;;;;;;;;;;;0;0.1938;-0.4183;0.2221;335.4053;56.2061;30.5554;Palm;-0.1843;-0.0082;-0.9828;0.2577;-0.1697;0.3542;-0.0926;-0.0004;0.9957;-0.0041;;;;;;;;;;;;;0;0.2915;-0.1520;0.3340;333.7522;7.8074;347.1518;Palm;1a8de386-fbfc-45ea-bcfc-bc92c9e075e7;1;Exposure;2026-04-01 13:26:14.6983;Hands;;OpenXR
Right;1;Exposure;0;NoMitigation;None;anonymous;Sample;2014;0.0000;-0.0151;-0.0037;-0.0081;348.2356;356.2127;14.0713;-0.0151;-0.0037;-0.0081;0.9871;-0.1057;-0.0201;0.1184;0;;;;;;;;;;;;;0;0.1939;-0.4184;0.2222;335.5142;56.3117;30.4705;Palm;-0.2267;-0.0428;-0.9730;0.2707;-0.1616;0.3462;-0.1142;-0.0024;0.9932;-0.0212;;;;;;;;;;;;;0;0.3081;-0.1438;0.3203;330.5288;14.1985;341.6658;Palm;1a8de386-fbfc-45ea-bcfc-bc92c9e075e7;1;Exposure;2026-04-01 13:26:14.7228;Hands;;OpenXR
Right;1;Exposure;0;NoMitigation;None;anonymous;Sample;2017;0.0000;-0.0154;-0.0037;-0.0076;348.2193;356.2815;13.9059;-0.0154;-0.0037;-0.0076;0.9873;-0.1057;-0.0196;0.1170;0;;;;;;;;;;;;;0;0.1939;-0.4186;0.2221;335.6447;56.3978;30.4243;Palm;-0.2768;-0.0904;-0.9567;0.2847;-0.1528;0.3348;-0.1402;-0.0064;0.9891;-0.0448;;;;;;;;;;;;;0;0.3195;-0.1391;0.3042;328.1723;18.6403;336.3524;Palm;1a8de386-fbfc-45ea-bcfc-bc92c9e075e7;1;Exposure;2026-04-01 13:26:14.7488;Hands;;OpenXR
Right;1;Exposure;0;NoMitigation;None;anonymous;Sample;2020;0.0000;-0.0155;-0.0039;-0.0071;348.2803;356.4131;13.7776;-0.0155;-0.0039;-0.0071;0.9875;-0.1050;-0.0187;0.1161;0;;;;;;;;;;;;;0;0.1938;-0.4188;0.2220;335.7307;56.4410;30.4277;Palm;-0.3006;-0.1315;-0.9446;0.2937;-0.1470;0.3195;-0.1531;-0.0101;0.9860;-0.0651;;;;;;;;;;;;;0;0.3258;-0.1376;0.2870;326.4817;21.1273;331.8241;Palm;1a8de386-fbfc-45ea-bcfc-bc92c9e075e7;1;Exposure;2026-04-01 13:26:14.7726;Hands;;OpenXR
Right;1;Exposure;0;NoMitigation;None;anonymous;Sample;2023;0.0000;-0.0156;-0.0041;-0.0068;348.4915;356.6434;13.6329;-0.0156;-0.0041;-0.0068;0.9879;-0.1030;-0.0170;0.1151;0;;;;;;;;;;;;;0;0.1938;-0.4189;0.2219;335.8056;56.4561;30.5726;Palm;-0.3134;-0.1524;-0.9373;0.2959;-0.1483;0.3057;-0.1602;-0.0123;0.9841;-0.0754;;;;;;;;;;;;;0;0.3223;-0.1469;0.2747;326.5923;22.8173;328.4700;Palm;1a8de386-fbfc-45ea-bcfc-bc92c9e075e7;1;Exposure;2026-04-01 13:26:14.7979;Hands;;OpenXR
Right;1;Exposure;0;NoMitigation;None;anonymous;Sample;2026;0.0000;-0.0154;-0.0041;-0.0065;348.5830;356.8538;13.5786;-0.0154;-0.0041;-0.0065;0.9880;-0.1020;-0.0154;0.1149;0;;;;;;;;;;;;;0;0.1938;-0.4190;0.2219;335.9067;56.4706;30.8004;Palm;-0.3267;-0.1673;-0.9302;0.2974;-0.1511;0.2934;-0.1675;-0.0141;0.9823;-0.0827;;;;;;;;;;;;;0;0.3242;-0.1510;0.2635;326.3596;25.0535;325.0600;Palm;1a8de386-fbfc-45ea-bcfc-bc92c9e075e7;1;Exposure;2026-04-01 13:26:14.8229;Hands;;OpenXR
Right;1;Exposure;0;NoMitigation;None;anonymous;Sample;2029;0.0000;-0.0151;-0.0041;-0.0062;348.5683;357.0402;13.5009;-0.0151;-0.0041;-0.0062;0.9881;-0.1019;-0.0138;0.1144;0;;;;;;;;;;;;;0;0.1938;-0.4191;0.2219;335.9680;56.4243;31.1155;Palm;-0.3328;-0.1813;-0.9254;0.2936;-0.1548;0.2878;-0.1710;-0.0156;0.9811;-0.0897;;;;;;;;;;;;;0;0.3152;-0.1558;0.2634;326.4230;24.5864;324.9581;Palm;1a8de386-fbfc-45ea-bcfc-bc92c9e075e7;1;Exposure;2026-04-01 13:26:14.8477;Hands;;OpenXR
Right;1;Exposure;0;NoMitigation;None;anonymous;Sample;2032;0.0000;-0.0147;-0.0043;-0.0059;348.6212;357.2658;13.3922;-0.0147;-0.0043;-0.0059;0.9883;-0.1012;-0.0120;0.1136;0;;;;;;;;;;;;;0;0.1938;-0.4191;0.2220;336.0333;56.3822;31.3866;Palm;-0.3349;-0.1955;-0.9217;0.2877;-0.1587;0.2863;-0.1725;-0.0170;0.9801;-0.0967;;;;;;;;;;;;;0;0.3081;-0.1593;0.2657;326.5313;23.8876;325.3061;Palm;1a8de386-fbfc-45ea-bcfc-bc92c9e075e7;1;Exposure;2026-04-01 13:26:14.8736;Hands;;OpenXR
Right;1;Exposure;0;NoMitigation;None;anonymous;Sample;2035;0.0000;-0.0142;-0.0044;-0.0057;348.7930;357.5245;13.2905;-0.0142;-0.0044;-0.0057;0.9885;-0.0995;-0.0101;0.1130;0;;;;;;;;;;;;;0;0.1938;-0.4191;0.2220;336.1046;56.3426;31.5926;Palm;-0.3300;-0.2113;-0.9200;0.2817;-0.1625;0.2878;-0.1704;-0.0182;0.9796;-0.1047;;;;;;;;;;;;;0;0.3034;-0.1614;0.2694;326.5156;21.9809;326.8413;Palm;1a8de386-fbfc-45ea-bcfc-bc92c9e075e7;1;Exposure;2026-04-01 13:26:14.8980;Hands;;OpenXR
Right;1;Exposure;0;NoMitigation;None;anonymous;Sample;2038;0.0000;-0.0133;-0.0047;-0.0057;348.9846;357.7985;13.2344;-0.0133;-0.0047;-0.0057;0.9888;-0.0975;-0.0079;0.1129;0;;;;;;;;;;;;;0;0.1938;-0.4192;0.2220;336.1831;56.3025;31.7258;Palm;-0.3144;-0.2337;-0.9201;0.2769;-0.1658;0.2916;-0.1627;-0.0193;0.9796;-0.1161;;;;;;;;;;;;;0;0.3006;-0.1625;0.2746;326.1410;19.3551;329.1225;Palm;1a8de386-fbfc-45ea-bcfc-bc92c9e075e7;1;Exposure;2026-04-01 13:26:14.9239;Hands;;OpenXR
Right;1;Exposure;0;NoMitigation;None;anonymous;Sample;2041;0.0000;-0.0124;-0.0048;-0.0057;349.0954;358.0925;13.1102;-0.0124;-0.0048;-0.0057;0.9890;-0.0963;-0.0056;0.1121;0;;;;;;;;;;;;;0;0.1938;-0.4193;0.2221;336.2563;56.2617;31.8288;Palm;-0.3003;-0.2612;-0.9174;0.2741;-0.1682;0.2947;-0.1561;-0.0208;0.9789;-0.1301;;;;;;;;;;;;;0;0.2999;-0.1625;0.2776;325.5804;17.3789;330.8419;Palm;1a8de386-fbfc-45ea-bcfc-bc92c9e075e7;1;Exposure;2026-04-01 13:26:14.9478;Hands;;OpenXR
Right;1;Exposure;0;NoMitigation;None;anonymous;Sample;2044;0.0000;-0.0114;-0.0048;-0.0055;349.1319;358.3866;12.9516;-0.0114;-0.0048;-0.0055;0.9892;-0.0957;-0.0032;0.1109;0;;;;;;;;;;;;;0;0.1938;-0.4193;0.2221;336.3044;56.2325;31.8567;Palm;-0.2815;-0.2982;-0.9121;0.2732;-0.1698;0.2987;-0.1474;-0.0225;0.9775;-0.1491;;;;;;;;;;;;;0;0.3009;-0.1617;0.2820;324.6849;14.8838;333.1388;Palm;1a8de386-fbfc-45ea-bcfc-bc92c9e075e7;1;Exposure;2026-04-01 13:26:14.9731;Hands;;OpenXR
Right;1;Exposure;0;NoMitigation;None;anonymous;Sample;2047;0.0000;-0.0104;-0.0047;-0.0055;349.1405;358.6912;12.7589;-0.0104;-0.0047;-0.0055;0.9894;-0.0953;-0.0008;0.1095;0;;;;;;;;;;;;;0;0.1939;-0.4196;0.2222;336.3301;56.1886;31.8420;Palm;-0.2570;-0.3309;-0.9080;0.2723;-0.1715;0.3033;-0.1355;-0.0231;0.9765;-0.1662;;;;;;;;;;;;;0;0.2998;-0.1621;0.2878;323.8644;12.1746;335.5223;Palm;1a8de386-fbfc-45ea-bcfc-bc92c9e075e7;1;Exposure;2026-04-01 13:26:14.9985;Hands;;OpenXR
Right;1;Exposure;0;NoMitigation;None;anonymous;Sample;2050;0.0000;-0.0095;-0.0045;-0.0055;349.0639;358.9141;12.6130;-0.0095;-0.0045;-0.0055;0.9895;-0.0957;0.0011;0.1084;0;;;;;;;;;;;;;0;0.1940;-0.4198;0.2223;336.3528;56.1330;31.8330;Palm;-0.2346;-0.3567;-0.9043;0.2704;-0.1732;0.3077;-0.1245;-0.0230;0.9755;-0.1799;;;;;;;;;;;;;0;0.2969;-0.1627;0.2922;323.4679;10.5240;336.8287;Palm;1a8de386-fbfc-45ea-bcfc-bc92c9e075e7;1;Exposure;2026-04-01 13:26:15.0239;Hands;;OpenXR
Right;1;Exposure;0;NoMitigation;None;anonymous;Sample;2053;0.0000;-0.0087;-0.0042;-0.0056;348.9053;359.0307;12.4173;-0.0087;-0.0042;-0.0056;0.9895;-0.0970;0.0021;0.1068;0;;;;;;;;;;;;;0;0.1942;-0.4201;0.2224;336.3654;56.0830;31.8319;Palm;-0.2170;-0.3768;-0.9005;0.2678;-0.1748;0.3115;-0.1157;-0.0226;0.9746;-0.1906;;;;;;;;;;;;;0;0.2942;-0.1635;0.2956;323.1744;9.1927;337.8248;Palm;1a8de386-fbfc-45ea-bcfc-bc92c9e075e7;1;Exposure;2026-04-01 13:26:15.0478;Hands;;OpenXR
Right;1;Exposure;0;NoMitigation;None;anonymous;Sample;2056;0.0000;-0.0078;-0.0040;-0.0057;348.7621;359.0902;12.2398;-0.0078;-0.0040;-0.0057;0.9896;-0.0982;0.0026;0.1053;0;;;;;;;;;;;;;0;0.1945;-0.4204;0.2225;336.3730;56.0451;31.8347;Palm;-0.2058;-0.3962;-0.8948;0.2636;-0.1768;0.3156;-0.1104;-0.0228;0.9731;-0.2010;;;;;;;;;;;;;0;0.2881;-0.1652;0.3000;323.4270;8.4177;338.7065;Palm;1a8de386-fbfc-45ea-bcfc-bc92c9e075e7;1;Exposure;2026-04-01 13:26:15.0737;Hands;;OpenXR
Right;1;Exposure;0;NoMitigation;None;anonymous;Sample;2059;0.0000;-0.0068;-0.0040;-0.0059;348.7765;359.1930;12.0353;-0.0068;-0.0040;-0.0059;0.9898;-0.0980;0.0033;0.1036;0;;;;;;;;;;;;;0;0.1948;-0.4209;0.2227;336.3826;56.0086;31.8401;Palm;-0.2012;-0.4069;-0.8910;0.2576;-0.1793;0.3201;-0.1084;-0.0230;0.9721;-0.2067;;;;;;;;;;;;;0;0.2804;-0.1669;0.3041;324.3960;7.8686;339.7834;Palm;1a8de386-fbfc-45ea-bcfc-bc92c9e075e7;1;Exposure;2026-04-01 13:26:15.0982;Hands;;OpenXR
Right;1;Exposure;0;NoMitigation;None;anonymous;Sample;2062;0.0000;-0.0060;-0.0039;-0.0060;348.8341;359.3390;11.7809;-0.0060;-0.0039;-0.0060;0.9900;-0.0974;0.0043;0.1016;0;;;;;;;;;;;;;0;0.1950;-0.4212;0.2229;336.4133;55.9320;31.8481;Palm;-0.1984;-0.3957;-0.8967;0.2501;-0.1819;0.3240;-0.1064;-0.0220;0.9736;-0.2008;;;;;;;;;;;;;0;0.2722;-0.1685;0.3078;326.2561;7.3317;341.2849;Palm;1a8de386-fbfc-45ea-bcfc-bc92c9e075e7;1;Exposure;2026-04-01 13:26:15.1236;Hands;;OpenXR
Right;1;Exposure;0;NoMitigation;None;anonymous;Sample;2065;0.0000;-0.0052;-0.0036;-0.0061;348.7419;359.4741;11.5651;-0.0052;-0.0036;-0.0061;0.9901;-0.0980;0.0053;0.0998;0;;;;;;;;;;;;;0;0.1951;-0.4214;0.2230;336.4498;55.8425;31.8479;Palm;-0.1957;-0.3803;-0.9039;0.2436;-0.1848;0.3276;-0.1044;-0.0206;0.9755;-0.1927;;;;;;;;;;;;;0;0.2661;-0.1708;0.3120;327.4618;6.8623;342.7646;Palm;1a8de386-fbfc-45ea-bcfc-bc92c9e075e7;1;Exposure;2026-04-01 13:26:15.1486;Hands;;OpenXR
Right;1;Exposure;0;NoMitigation;None;anonymous;Sample;2068;0.0000;-0.0043;-0.0035;-0.0061;348.6044;359.6024;11.3496;-0.0043;-0.0035;-0.0061;0.9902;-0.0991;0.0064;0.0980;0;;;;;;;;;;;;;0;0.1951;-0.4215;0.2231;336.4694;55.7989;31.8280;Palm;-0.1945;-0.3667;-0.9098;0.2379;-0.1884;0.3324;-0.1033;-0.0196;0.9770;-0.1856;;;;;;;;;;;;;0;0.2606;-0.1737;0.3172;328.3200;6.5103;344.4753;Palm;1a8de386-fbfc-45ea-bcfc-bc92c9e075e7;1;Exposure;2026-04-01 13:26:15.1729;Hands;;OpenXR
Right;1;Exposure;0;NoMitigation;None;anonymous;Sample;2071;0.0000;-0.0035;-0.0034;-0.0063;348.6036;359.8029;11.1489;-0.0035;-0.0034;-0.0063;0.9904;-0.0990;0.0079;0.0965;0;;;;;;;;;;;;;0;0.1951;-0.4215;0.2230;336.4739;55.7739;31.7786;Palm;-0.1897;-0.3581;-0.9142;0.2341;-0.1927;0.3379;-0.1004;-0.0186;0.9781;-0.1811;;;;;;;;;;;;;0;0.2582;-0.1783;0.3238;328.5050;5.8693;345.3082;Palm;1a8de386-fbfc-45ea-bcfc-bc92c9e075e7;1;Exposure;2026-04-01 13:26:15.1977;Hands;;OpenXR
Right;1;Exposure;0;NoMitigation;None;anonymous;Sample;2074;0.0000;-0.0027;-0.0030;-0.0065;348.5403;0.0059;10.9400;-0.0027;-0.0030;-0.0065;0.9905;-0.0994;0.0096;0.0949;0;;;;;;;;;;;;;0;0.1952;-0.4215;0.2230;336.4764;55.7466;31.7075;Palm;-0.1826;-0.3501;-0.9188;0.2309;-0.1967;0.3432;-0.0964;-0.0174;0.9793;-0.1770;;;;;;;;;;;;;0;0.2550;-0.1815;0.3288;328.8126;5.2281;346.2257;Palm;1a8de386-fbfc-45ea-bcfc-bc92c9e075e7;1;Exposure;2026-04-01 13:26:15.2230;Hands;;OpenXR
Right;1;Exposure;0;NoMitigation;None;anonymous;Sample;2077;0.0000;-0.0021;-0.0027;-0.0065;348.2921;0.1228;10.8176;-0.0021;-0.0027;-0.0065;0.9903;-0.1014;0.0107;0.0939;0;;;;;;;;;;;;;0;0.1950;-0.4215;0.2229;336.3879;55.7014;31.5923;Palm;-0.1694;-0.3407;-0.9248;0.2297;-0.2004;0.3470;-0.0891;-0.0156;0.9809;-0.1723;;;;;;;;;;;;;0;0.2557;-0.1856;0.3320;328.5436;4.0890;346.6801;Palm;1a8de386-fbfc-45ea-bcfc-bc92c9e075e7;1;Exposure;2026-04-01 13:26:15.2474;Hands;;OpenXR
Right;1;Exposure;0;NoMitigation;None;anonymous;Sample;2080;0.0000;-0.0015;-0.0024;-0.0066;348.0426;0.1686;10.7172;-0.0015;-0.0024;-0.0066;0.9902;-0.1036;0.0112;0.0930;0;;;;;;;;;;;;;0;0.1948;-0.4214;0.2229;336.2774;55.6401;31.4691;Palm;-0.1471;-0.3264;-0.9337;0.2293;-0.2033;0.3491;-0.0770;-0.0129;0.9832;-0.1650;;;;;;;;;;;;;0;0.2564;-0.1880;0.3335;328.2502;2.5458;346.5461;Palm;1a8de386-fbfc-45ea-bcfc-bc92c9e075e7;1;Exposure;2026-04-01 13:26:15.2738;Hands;;OpenXR
Right;1;Exposure;0;NoMitigation;None;anonymous;Sample;2083;0.0000;-0.0010;-0.0020;-0.0068;347.8516;0.2493;10.5151;-0.0010;-0.0020;-0.0068;0.9902;-0.1052;0.0119;0.0913;0;;;;;;;;;;;;;0;0.1947;-0.4214;0.2228;336.1774;55.6011;31.3740;Palm;-0.1213;-0.3103;-0.9429;0.2292;-0.2050;0.3494;-0.0631;-0.0100;0.9856;-0.1568;;;;;;;;;;;;;0;0.2570;-0.1895;0.3337;328.1019;1.3916;345.9840;Palm;1a8de386-fbfc-45ea-bcfc-bc92c9e075e7;1;Exposure;2026-04-01 13:26:15.2986;Hands;;OpenXR
Right;1;Exposure;0;NoMitigation;None;anonymous;Sample;2086;0.0000;-0.0001;-0.0015;-0.0070;347.5908;0.3675;10.2190;-0.0001;-0.0015;-0.0070;0.9902;-0.1074;0.0128;0.0889;0;;;;;;;;;;;;;0;0.1947;-0.4214;0.2227;336.1173;55.6120;31.3277;Palm;-0.1030;-0.2944;-0.9501;0.2296;-0.2059;0.3484;-0.0534;-0.0080;0.9874;-0.1486;;;;;;;;;;;;;0;0.2580;-0.1904;0.3328;328.1546;1.0632;345.1999;Palm;1a8de386-fbfc-45ea-bcfc-bc92c9e075e7;1;Exposure;2026-04-01 13:26:15.3235;Hands;;OpenXR
Right;1;Exposure;0;NoMitigation;None;anonymous;Sample;2089;0.0000;0.0009;-0.0012;-0.0070;347.2576;0.5392;9.9207;0.0009;-0.0012;-0.0070;0.9900;-0.1101;0.0143;0.0865;0;;;;;;;;;;;;;0;0.1946;-0.4214;0.2226;336.0653;55.6305;31.2776;Palm;-0.0890;-0.2792;-0.9561;0.2299;-0.2065;0.3473;-0.0459;-0.0065;0.9889;-0.1409;;;;;;;;;;;;;0;0.2582;-0.1913;0.3323;328.2079;0.7327;344.6932;Palm;1a8de386-fbfc-45ea-bcfc-bc92c9e075e7;1;Exposure;2026-04-01 13:26:15.3480;Hands;;OpenXR
Right;1;Exposure;0;NoMitigation;None;anonymous;Sample;2092;0.0000;0.0018;-0.0011;-0.0071;347.1063;0.7510;9.6251;0.0018;-0.0011;-0.0071;0.9901;-0.1113;0.0159;0.0841;0;;;;;;;;;;;;;0;0.1944;-0.4212;0.2226;336.0215;55.6629;31.2024;Palm;-0.0787;-0.2677;-0.9603;0.2298;-0.2069;0.3461;-0.0405;-0.0055;0.9900;-0.1350;;;;;;;;;;;;;0;0.2579;-0.1919;0.3314;328.2419;0.4954;344.3701;Palm;1a8de386-fbfc-45ea-bcfc-bc92c9e075e7;1;Exposure;2026-04-01 13:26:15.3738;Hands;;OpenXR
Right;1;Exposure;0;NoMitigation;None;anonymous;Sample;2095;0.0000;0.0028;-0.0010;-0.0071;347.0872;0.9784;9.3962;0.0028;-0.0010;-0.0071;0.9902;-0.1114;0.0177;0.0823;0;;;;;;;;;;;;;0;0.1943;-0.4210;0.2225;335.9879;55.6958;31.0998;Palm;-0.0740;-0.2587;-0.9631;0.2302;-0.2078;0.3449;-0.0380;-0.0050;0.9907;-0.1304;;;;;;;;;;;;;0;0.2591;-0.1936;0.3302;328.3496;0.6358;344.2548;Palm;1a8de386-fbfc-45ea-bcfc-bc92c9e075e7;1;Exposure;2026-04-01 13:26:15.3976;Hands;;OpenXR
Right;1;Exposure;0;NoMitigation;None;anonymous;Sample;2098;0.0000;0.0039;-0.0011;-0.0071;347.2122;1.2517;9.1894;0.0039;-0.0011;-0.0071;0.9904;-0.1101;0.0197;0.0808;0;;;;;;;;;;;;;0;0.1942;-0.4209;0.2225;335.9659;55.7127;31.0401;Palm;-0.0721;-0.2516;-0.9651;0.2309;-0.2084;0.3438;-0.0370;-0.0047;0.9912;-0.1267;;;;;;;;;;;;;0;0.2596;-0.1936;0.3295;328.3940;0.7173;344.2056;Palm;1a8de386-fbfc-45ea-bcfc-bc92c9e075e7;1;Exposure;2026-04-01 13:26:15.4238;Hands;;OpenXR
Right;1;Exposure;0;NoMitigation;None;anonymous;Sample;2101;0.0000;0.0050;-0.0012;-0.0070;347.4091;1.4990;9.0059;0.0050;-0.0012;-0.0070;0.9907;-0.1083;0.0216;0.0795;0;;;;;;;;;;;;;0;0.1941;-0.4208;0.2224;335.8457;55.7330;30.8682;Palm;-0.0711;-0.2437;-0.9672;0.2313;-0.2092;0.3433;-0.0364;-0.0045;0.9918;-0.1227;;;;;;;;;;;;;0;0.2599;-0.1954;0.3294;328.5077;0.7856;344.2356;Palm;1a8de386-fbfc-45ea-bcfc-bc92c9e075e7;1;Exposure;2026-04-01 13:26:15.4481;Hands;;OpenXR
Right;1;Exposure;0;NoMitigation;None;anonymous;Sample;2104;0.0000;0.0060;-0.0014;-0.0068;347.5688;1.7503;8.6863;0.0060;-0.0014;-0.0068;0.9910;-0.1068;0.0233;0.0769;0;;;;;;;;;;;;;0;0.1941;-0.4207;0.2223;335.6641;55.7171;30.6954;Palm;-0.0707;-0.2321;-0.9701;0.2318;-0.2109;0.3429;-0.0361;-0.0043;0.9925;-0.1168;;;;;;;;;;;;;0;0.2601;-0.1977;0.3294;328.6993;0.9606;344.3231;Palm;1a8de386-fbfc-45ea-bcfc-bc92c9e075e7;1;Exposure;2026-04-01 13:26:15.4727;Hands;;OpenXR
Right;1;Exposure;0;NoMitigation;None;anonymous;Sample;2107;0.0000;0.0071;-0.0015;-0.0066;347.6901;1.9960;8.3787;0.0071;-0.0015;-0.0066;0.9913;-0.1057;0.0251;0.0745;0;;;;;;;;;;;;;0;0.1941;-0.4206;0.2222;335.4800;55.6491;30.5971;Palm;-0.0715;-0.2192;-0.9731;0.2320;-0.2125;0.3427;-0.0364;-0.0040;0.9932;-0.1102;;;;;;;;;;;;;0;0.2601;-0.1993;0.3294;328.9156;1.1581;344.4284;Palm;1a8de386-fbfc-45ea-bcfc-bc92c9e075e7;1;Exposure;2026-04-01 13:26:15.4980;Hands;;OpenXR
Right;1;Exposure;0;NoMitigation;None;anonymous;Sample;2110;0.0000;0.0082;-0.0017;-0.0063;347.8322;2.2441;8.1176;0.0082;-0.0017;-0.0063;0.9915;-0.1043;0.0269;0.0724;0;;;;;;;;;;;;;0;0.1940;-0.4205;0.2223;335.2843;55.5103;30.5726;Palm;-0.0718;-0.2056;-0.9760;0.2321;-0.2137;0.3423;-0.0365;-0.0038;0.9940;-0.1033;;;;;;;;;;;;;0;0.2599;-0.2001;0.3292;329.1049;1.2815;344.4961;Palm;1a8de386-fbfc-45ea-bcfc-bc92c9e075e7;1;Exposure;2026-04-01 13:26:15.5235;Hands;;OpenXR
Right;1;Exposure;0;NoMitigation;None;anonymous;Sample;2113;0.0000;0.0094;-0.0019;-0.0061;348.1066;2.5500;7.7292;0.0094;-0.0019;-0.0061;0.9920;-0.1019;0.0291;0.0693;0;;;;;;;;;;;;;0;0.1939;-0.4204;0.2223;335.1239;55.3769;30.5561;Palm;-0.0717;-0.1931;-0.9786;0.2321;-0.2145;0.3419;-0.0364;-0.0035;0.9946;-0.0969;;;;;;;;;;;;;0;0.2599;-0.2008;0.3291;329.2995;1.3730;344.5249;Palm;1a8de386-fbfc-45ea-bcfc-bc92c9e075e7;1;Exposure;2026-04-01 13:26:15.5484;Hands;;OpenXR
Right;1;Exposure;0;NoMitigation;None;anonymous;Sample;2116;0.0000;0.0109;-0.0023;-0.0059;348.4217;2.9323;7.2725;0.0109;-0.0023;-0.0059;0.9924;-0.0990;0.0318;0.0657;0;;;;;;;;;;;;;0;0.1938;-0.4203;0.2222;335.0622;55.2948;30.5406;Palm;-0.0709;-0.1812;-0.9809;0.2322;-0.2150;0.3415;-0.0359;-0.0033;0.9952;-0.0909;;;;;;;;;;;;;0;0.2599;-0.2011;0.3290;329.5575;1.4424;344.4788;Palm;1a8de386-fbfc-45ea-bcfc-bc92c9e075e7;1;Exposure;2026-04-01 13:26:15.5733;Hands;;OpenXR
Right;1;Exposure;0;NoMitigation;None;anonymous;Sample;2119;0.0000;0.0125;-0.0031;-0.0057;348.9023;3.4128;6.7181;0.0125;-0.0031;-0.0057;0.9930;-0.0947;0.0353;0.0612;0;;;;;;;;;;;;;0;0.1938;-0.4203;0.2222;335.0389;55.2623;30.5379;Palm;-0.0695;-0.1715;-0.9827;0.2322;-0.2154;0.3413;-0.0352;-0.0030;0.9957;-0.0860;;;;;;;;;;;;;0;0.2598;-0.2015;0.3291;329.8835;1.4435;344.3238;Palm;1a8de386-fbfc-45ea-bcfc-bc92c9e075e7;1;Exposure;2026-04-01 13:26:15.5982;Hands;;OpenXR
Right;1;Exposure;0;NoMitigation;None;anonymous;Sample;2122;0.0000;0.0144;-0.0041;-0.0055;349.5942;4.0013;6.0582;0.0144;-0.0041;-0.0055;0.9937;-0.0887;0.0395;0.0558;0;;;;;;;;;;;;;0;0.1939;-0.4203;0.2222;335.0187;55.2314;30.5378;Palm;-0.0675;-0.1625;-0.9844;0.2321;-0.2157;0.3412;-0.0341;-0.0028;0.9961;-0.0815;;;;;;;;;;;;;0;0.2597;-0.2019;0.3291;330.2354;1.4307;344.1519;Palm;1a8de386-fbfc-45ea-bcfc-bc92c9e075e7;1;Exposure;2026-04-01 13:26:15.6236;Hands;;OpenXR
Right;1;Exposure;0;NoMitigation;None;anonymous;Sample;2125;0.0000;0.0164;-0.0053;-0.0053;350.4342;4.6876;5.3628;0.0164;-0.0053;-0.0053;0.9944;-0.0813;0.0446;0.0500;0;;;;;;;;;;;;;0;0.1938;-0.4202;0.2221;334.9706;55.2015;30.5339;Palm;-0.0647;-0.1540;-0.9859;0.2319;-0.2161;0.3411;-0.0327;-0.0025;0.9965;-0.0772;;;;;;;;;;;;;0;0.2595;-0.2023;0.3292;330.6124;1.3303;344.0378;Palm;1a8de386-fbfc-45ea-bcfc-bc92c9e075e7;1;Exposure;2026-04-01 13:26:15.6481;Hands;;OpenXR
Right;1;Exposure;0;NoMitigation;None;anonymous;Sample;2128;0.0000;0.0187;-0.0064;-0.0051;351.3021;5.4497;4.6297;0.0187;-0.0064;-0.0051;0.9950;-0.0738;0.0504;0.0438;0;;;;;;;;;;;;;0;0.1936;-0.4201;0.2221;334.8488;55.1803;30.5082;Palm;-0.0617;-0.1467;-0.9873;0.2316;-0.2164;0.3410;-0.0311;-0.0023;0.9968;-0.0735;;;;;;;;;;;;;0;0.2592;-0.2027;0.3294;330.8859;1.2675;343.8768;Palm;1a8de386-fbfc-45ea-bcfc-bc92c9e075e7;1;Exposure;2026-04-01 13:26:15.6724;Hands;;OpenXR
Right;1;Exposure;0;NoMitigation;None;anonymous;Sample;2131;0.0000;0.0210;-0.0072;-0.0048;351.9895;6.1607;3.8979;0.0210;-0.0072;-0.0048;0.9954;-0.0679;0.0559;0.0376;0;;;;;;;;;;;;;0;0.1935;-0.4199;0.2221;334.6429;55.1775;30.4872;Palm;-0.0593;-0.1411;-0.9882;0.2313;-0.2167;0.3411;-0.0299;-0.0021;0.9970;-0.0707;;;;;;;;;;;;;0;0.2589;-0.2030;0.3296;331.1031;1.2582;343.7458;Palm;1a8de386-fbfc-45ea-bcfc-bc92c9e075e7;1;Exposure;2026-04-01 13:26:15.6982;Hands;;OpenXR
Right;1;Exposure;0;NoMitigation;None;anonymous;Sample;2134;0.0000;0.0233;-0.0081;-0.0046;352.7239;6.9087;3.2458;0.0233;-0.0081;-0.0046;0.9957;-0.0616;0.0619;0.0320;0;;;;;;;;;;;;;0;0.1934;-0.4196;0.2220;334.4019;55.1969;30.5283;Palm;-0.0585;-0.1365;-0.9889;0.2309;-0.2173;0.3413;-0.0295;-0.0020;0.9972;-0.0684;;;;;;;;;;;;;0;0.2584;-0.2039;0.3301;331.3358;1.3173;343.7019;Palm;1a8de386-fbfc-45ea-bcfc-bc92c9e075e7;1;Exposure;2026-04-01 13:26:15.7225;Hands;;OpenXR
Right;1;Exposure;0;NoMitigation;None;anonymous;Sample;2137;0.0000;0.0254;-0.0089;-0.0044;353.3085;7.6381;2.5323;0.0254;-0.0089;-0.0044;0.9957;-0.0567;0.0678;0.0259;0;;;;;;;;;;;;;0;0.1932;-0.4193;0.2219;334.1521;55.1942;30.6039;Palm;-0.0585;-0.1326;-0.9894;0.2303;-0.2181;0.3418;-0.0295;-0.0020;0.9974;-0.0664;;;;;;;;;;;;;0;0.2576;-0.2048;0.3307;331.5243;1.3767;343.6646;Palm;1a8de386-fbfc-45ea-bcfc-bc92c9e075e7;1;Exposure;2026-04-01 13:26:15.7481;Hands;;OpenXR
Right;1;Exposure;0;NoMitigation;None;anonymous;Sample;2140;0.0000;0.0274;-0.0096;-0.0042;353.7071;8.2945;1.9618;0.0274;-0.0096;-0.0042;0.9957;-0.0535;0.0731;0.0210;0;;;;;;;;;;;;;0;0.1929;-0.4189;0.2217;333.8925;55.1316;30.7437;Palm;-0.0588;-0.1310;-0.9896;0.2295;-0.2188;0.3424;-0.0296;-0.0019;0.9974;-0.0656;;;;;;;;;;;;;0;0.2566;-0.2054;0.3313;331.5587;1.4065;343.6539;Palm;1a8de386-fbfc-45ea-bcfc-bc92c9e075e7;1;Exposure;2026-04-01 13:26:15.7735;Hands;;OpenXR
Right;1;Exposure;0;NoMitigation;None;anonymous;Sample;2143;0.0000;0.0292;-0.0102;-0.0040;354.1188;8.8403;1.5930;0.0292;-0.0102;-0.0040;0.9956;-0.0501;0.0777;0.0178;0;;;;;;;;;;;;;0;0.1924;-0.4181;0.2214;333.6960;55.0954;31.0379;Palm;-0.0592;-0.1306;-0.9897;0.2283;-0.2198;0.3434;-0.0298;-0.0020;0.9974;-0.0654;;;;;;;;;;;;;0;0.2551;-0.2067;0.3328;331.5959;1.4261;343.6448;Palm;1a8de386-fbfc-45ea-bcfc-bc92c9e075e7;1;Exposure;2026-04-01 13:26:15.7984;Hands;;OpenXR
Right;1;Exposure;0;NoMitigation;None;anonymous;Sample;2146;0.0000;0.0307;-0.0108;-0.0039;354.5626;9.3283;1.3725;0.0307;-0.0108;-0.0039;0.9954;-0.0463;0.0818;0.0158;0;;;;;;;;;;;;;0;0.1917;-0.4172;0.2210;333.5371;55.0416;31.3654;Palm;-0.0596;-0.1307;-0.9896;0.2270;-0.2210;0.3447;-0.0300;-0.0020;0.9974;-0.0655;;;;;;;;;;;;;0;0.2536;-0.2080;0.3341;331.6501;1.4312;343.6270;Palm;1a8de386-fbfc-45ea-bcfc-bc92c9e075e7;1;Exposure;2026-04-01 13:26:15.8231;Hands;;OpenXR
Right;1;Exposure;0;NoMitigation;None;anonymous;Sample;2149;0.0000;0.0320;-0.0113;-0.0036;354.9178;9.7148;1.1736;0.0320;-0.0113;-0.0036;0.9953;-0.0433;0.0850;0.0139;0;;;;;;;;;;;;;0;0.1907;-0.4162;0.2206;333.4656;54.9546;31.7076;Palm;-0.0594;-0.1307;-0.9896;0.2253;-0.2224;0.3458;-0.0299;-0.0020;0.9974;-0.0654;;;;;;;;;;;;;0;0.2517;-0.2096;0.3351;331.7880;1.3740;343.5667;Palm;1a8de386-fbfc-45ea-bcfc-bc92c9e075e7;1;Exposure;2026-04-01 13:26:15.8485;Hands;;OpenXR
Right;1;Exposure;0;NoMitigation;None;anonymous;Sample;2152;0.0000;0.0330;-0.0117;-0.0033;355.2518;9.9969;0.9761;0.0330;-0.0117;-0.0033;0.9953;-0.0405;0.0874;0.0121;0;;;;;;;;;;;;;0;0.1898;-0.4155;0.2202;333.4168;54.8833;32.0296;Palm;-0.0586;-0.1306;-0.9897;0.2236;-0.2239;0.3469;-0.0295;-0.0019;0.9974;-0.0654;;;;;;;;;;;;;0;0.2502;-0.2111;0.3363;331.9510;1.2737;343.4997;Palm;1a8de386-fbfc-45ea-bcfc-bc92c9e075e7;1;Exposure;2026-04-01 13:26:15.8729;Hands;;OpenXR
Right;1;Exposure;0;NoMitigation;None;anonymous;Sample;2155;0.0000;0.0339;-0.0123;-0.0031;355.6284;10.2140;0.8305;0.0339;-0.0123;-0.0031;0.9953;-0.0373;0.0892;0.0106;0;;;;;;;;;;;;;0;0.1893;-0.4153;0.2199;333.4041;54.8452;32.2850;Palm;-0.0577;-0.1318;-0.9896;0.2220;-0.2255;0.3485;-0.0290;-0.0019;0.9974;-0.0660;;;;;;;;;;;;;0;0.2487;-0.2127;0.3381;332.0624;1.1434;343.4657;Palm;1a8de386-fbfc-45ea-bcfc-bc92c9e075e7;1;Exposure;2026-04-01 13:26:15.8978;Hands;;OpenXR
Right;1;Exposure;0;NoMitigation;None;anonymous;Sample;2158;0.0000;0.0348;-0.0130;-0.0029;356.1552;10.3785;0.8168;0.0348;-0.0130;-0.0029;0.9953;-0.0328;0.0906;0.0101;0;;;;;;;;;;;;;0;0.1886;-0.4149;0.2199;333.3629;54.8548;32.3148;Palm;-0.0573;-0.1344;-0.9893;0.2208;-0.2268;0.3497;-0.0288;-0.0019;0.9973;-0.0673;;;;;;;;;;;;;0;0.2480;-0.2137;0.3387;332.1199;1.0519;343.4876;Palm;1a8de386-fbfc-45ea-bcfc-bc92c9e075e7;1;Exposure;2026-04-01 13:26:15.9237;Hands;;OpenXR
Right;1;Exposure;0;NoMitigation;None;anonymous;Sample;2161;0.0000;0.0354;-0.0134;-0.0028;356.6269;10.5192;0.7982;0.0354;-0.0134;-0.0028;0.9953;-0.0287;0.0918;0.0096;0;;;;;;;;;;;;;0;0.1883;-0.4148;0.2199;333.3475;54.8588;32.3289;Palm;-0.0574;-0.1364;-0.9890;0.2199;-0.2277;0.3504;-0.0289;-0.0020;0.9972;-0.0683;;;;;;;;;;;;;0;0.2473;-0.2144;0.3388;332.1882;0.9898;343.5393;Palm;1a8de386-fbfc-45ea-bcfc-bc92c9e075e7;1;Exposure;2026-04-01 13:26:15.9476;Hands;;OpenXR
Right;1;Exposure;0;NoMitigation;None;anonymous;Sample;2164;0.0000;0.0359;-0.0135;-0.0024;356.7425;10.5996;0.7702;0.0359;-0.0135;-0.0024;0.9953;-0.0277;0.0925;0.0093;0;;;;;;;;;;;;;0;0.1882;-0.4148;0.2199;333.3391;54.8616;32.3402;Palm;-0.0577;-0.1365;-0.9890;0.2191;-0.2286;0.3507;-0.0291;-0.0020;0.9972;-0.0684;;;;;;;;;;;;;0;0.2465;-0.2152;0.3388;332.2961;0.9187;343.6372;Palm;1a8de386-fbfc-45ea-bcfc-bc92c9e075e7;1;Exposure;2026-04-01 13:26:15.9735;Hands;;OpenXR
Right;1;Exposure;0;NoMitigation;None;anonymous;Sample;2167;0.0000;0.0364;-0.0136;-0.0019;356.7179;10.5991;0.7469;0.0364;-0.0136;-0.0019;0.9953;-0.0279;0.0925;0.0091;0;;;;;;;;;;;;;0;0.1881;-0.4149;0.2200;333.3311;54.8781;32.3389;Palm;-0.0580;-0.1353;-0.9891;0.2183;-0.2295;0.3507;-0.0292;-0.0020;0.9973;-0.0678;;;;;;;;;;;;;0;0.2457;-0.2161;0.3386;332.3881;0.8517;343.7672;Palm;1a8de386-fbfc-45ea-bcfc-bc92c9e075e7;1;Exposure;2026-04-01 13:26:15.9977;Hands;;OpenXR
Right;1;Exposure;0;NoMitigation;None;anonymous;Sample;2170;0.0000;0.0368;-0.0137;-0.0017;356.7334;10.5241;0.7690;0.0368;-0.0137;-0.0017;0.9953;-0.0278;0.0919;0.0093;0;;;;;;;;;;;;;0;0.1881;-0.4149;0.2201;333.3212;54.9010;32.3436;Palm;-0.0585;-0.1329;-0.9894;0.2176;-0.2303;0.3507;-0.0295;-0.0020;0.9973;-0.0666;;;;;;;;;;;;;0;0.2451;-0.2169;0.3384;332.4669;0.8222;343.8805;Palm;1a8de386-fbfc-45ea-bcfc-bc92c9e075e7;1;Exposure;2026-04-01 13:26:16.0237;Hands;;OpenXR
Right;1;Exposure;0;NoMitigation;None;anonymous;Sample;2173;0.0000;0.0371;-0.0137;-0.0014;356.7442;10.4220;0.7920;0.0371;-0.0137;-0.0014;0.9954;-0.0277;0.0910;0.0095;0;;;;;;;;;;;;;0;0.1880;-0.4149;0.2200;333.3087;54.9164;32.3753;Palm;-0.0593;-0.1293;-0.9898;0.2173;-0.2308;0.3505;-0.0298;-0.0019;0.9975;-0.0648;;;;;;;;;;;;;0;0.2451;-0.2171;0.3381;332.5434;0.8545;343.9250;Palm;1a8de386-fbfc-45ea-bcfc-bc92c9e075e7;1;Exposure;2026-04-01 13:26:16.0487;Hands;;OpenXR
Right;1;Exposure;0;NoMitigation;None;anonymous;Sample;2176;0.0000;0.0372;-0.0137;-0.0012;356.7467;10.3043;0.7662;0.0372;-0.0137;-0.0012;0.9955;-0.0277;0.0900;0.0092;0;;;;;;;;;;;;;0;0.1879;-0.4149;0.2200;333.2813;54.9265;32.4435;Palm;-0.0604;-0.1253;-0.9903;0.2171;-0.2310;0.3503;-0.0304;-0.0019;0.9976;-0.0627;;;;;;;;;;;;;0;0.2451;-0.2174;0.3379;332.6315;0.9032;343.9601;Palm;1a8de386-fbfc-45ea-bcfc-bc92c9e075e7;1;Exposure;2026-04-01 13:26:16.0725;Hands;;OpenXR
Right;1;Exposure;0;NoMitigation;None;anonymous;Sample;2179;0.0000;0.0372;-0.0137;-0.0011;356.7299;10.2059;0.7546;0.0372;-0.0137;-0.0011;0.9956;-0.0278;0.0891;0.0091;0;;;;;;;;;;;;;0;0.1878;-0.4148;0.2200;333.1978;54.9152;32.6423;Palm;-0.0620;-0.1223;-0.9906;0.2171;-0.2312;0.3503;-0.0312;-0.0019;0.9976;-0.0612;;;;;;;;;;;;;0;0.2452;-0.2176;0.3379;332.7298;0.9723;343.9657;Palm;1a8de386-fbfc-45ea-bcfc-bc92c9e075e7;1;Exposure;2026-04-01 13:26:16.0980;Hands;;OpenXR
Right;1;Exposure;0;NoMitigation;None;anonymous;Sample;2182;0.0000;0.0373;-0.0137;-0.0009;356.6767;10.1215;0.7360;0.0373;-0.0137;-0.0009;0.9956;-0.0283;0.0884;0.0090;0;;;;;;;;;;;;;0;0.1879;-0.4147;0.2199;333.1412;54.9451;32.8626;Palm;-0.0637;-0.1196;-0.9908;0.2172;-0.2312;0.3502;-0.0320;-0.0019;0.9977;-0.0599;;;;;;;;;;;;;0;0.2453;-0.2176;0.3377;332.8041;1.0256;343.9144;Palm;1a8de386-fbfc-45ea-bcfc-bc92c9e075e7;1;Exposure;2026-04-01 13:26:16.1234;Hands;;OpenXR
Right;1;Exposure;0;NoMitigation;None;anonymous;Sample;2185;0.0000;0.0374;-0.0136;-0.0009;356.6666;10.0650;0.6954;0.0374;-0.0136;-0.0009;0.9957;-0.0284;0.0879;0.0086;0;;;;;;;;;;;;;0;0.1880;-0.4148;0.2199;333.0952;54.9231;33.0255;Palm;-0.0647;-0.1176;-0.9910;0.2172;-0.2311;0.3500;-0.0326;-0.0019;0.9977;-0.0589;;;;;;;;;;;;;0;0.2453;-0.2174;0.3374;332.8641;1.0527;343.8472;Palm;1a8de386-fbfc-45ea-bcfc-bc92c9e075e7;1;Exposure;2026-04-01 13:26:16.1472;Hands;;OpenXR
Right;1;Exposure;0;NoMitigation;None;anonymous;Sample;2188;0.0000;0.0376;-0.0135;-0.0008;356.6171;10.0657;0.6499;0.0376;-0.0135;-0.0008;0.9957;-0.0289;0.0879;0.0082;0;;;;;;;;;;;;;0;0.1881;-0.4149;0.2199;333.0551;54.8772;33.1596;Palm;-0.0652;-0.1155;-0.9912;0.2172;-0.2309;0.3496;-0.0328;-0.0019;0.9978;-0.0578;;;;;;;;;;;;;0;0.2453;-0.2172;0.3369;332.9465;1.0764;343.7310;Palm;1a8de386-fbfc-45ea-bcfc-bc92c9e075e7;1;Exposure;2026-04-01 13:26:16.1728;Hands;;OpenXR
Right;1;Exposure;0;NoMitigation;None;anonymous;Sample;2191;0.0000;0.0378;-0.0135;-0.0008;356.5805;10.0687;0.6175;0.0378;-0.0135;-0.0008;0.9957;-0.0292;0.0879;0.0080;0;;;;;;;;;;;;;0;0.1882;-0.4153;0.2199;333.0236;54.8508;33.2263;Palm;-0.0653;-0.1137;-0.9914;0.2172;-0.2306;0.3493;-0.0328;-0.0019;0.9978;-0.0569;;;;;;;;;;;;;0;0.2453;-0.2169;0.3367;332.9879;1.0718;343.6421;Palm;1a8de386-fbfc-45ea-bcfc-bc92c9e075e7;1;Exposure;2026-04-01 13:26:16.1982;Hands;;OpenXR
Right;1;Exposure;0;NoMitigation;None;anonymous;Sample;2194;0.0000;0.0379;-0.0134;-0.0007;356.5664;10.0792;0.6200;0.0379;-0.0134;-0.0007;0.9957;-0.0294;0.0880;0.0080;0;;;;;;;;;;;;;0;0.1884;-0.4159;0.2199;332.9967;54.8336;33.2498;Palm;-0.0652;-0.1133;-0.9914;0.2171;-0.2302;0.3492;-0.0328;-0.0019;0.9979;-0.0567;;;;;;;;;;;;;0;0.2452;-0.2164;0.3367;332.9583;1.0479;343.5968;Palm;1a8de386-fbfc-45ea-bcfc-bc92c9e075e7;1;Exposure;2026-04-01 13:26:16.2232;Hands;;OpenXR
Right;1;Exposure;0;NoMitigation;None;anonymous;Sample;2197;0.0000;0.0381;-0.0134;-0.0007;356.5222;10.0902;0.6360;0.0381;-0.0134;-0.0007;0.9956;-0.0297;0.0881;0.0082;0;;;;;;;;;;;;;0;0.1884;-0.4162;0.2200;332.9594;54.8045;33.2691;Palm;-0.0651;-0.1187;-0.9908;0.2170;-0.2295;0.3493;-0.0327;-0.0019;0.9977;-0.0594;;;;;;;;;;;;;0;0.2451;-0.2156;0.3368;332.6719;0.9625;343.5339;Palm;1a8de386-fbfc-45ea-bcfc-bc92c9e075e7;1;Exposure;2026-04-01 13:26:16.2481;Hands;;OpenXR
Right;1;Exposure;0;NoMitigation;None;anonymous;Sample;2200;0.0000;0.0383;-0.0134;-0.0006;356.4860;10.1037;0.5822;0.0383;-0.0134;-0.0006;0.9956;-0.0301;0.0882;0.0078;0;;;;;;;;;;;;;0;0.1884;-0.4164;0.2200;332.9011;54.7645;33.2963;Palm;-0.0698;-0.1517;-0.9860;0.2167;-0.2290;0.3502;-0.0352;-0.0027;0.9965;-0.0760;;;;;;;;;;;;;0;0.2448;-0.2145;0.3368;332.0788;0.7774;343.6243;Palm;1a8de386-fbfc-45ea-bcfc-bc92c9e075e7;1;Exposure;2026-04-01 13:26:16.2729;Hands;;OpenXR
Right;1;Exposure;0;NoMitigation;None;anonymous;Sample;2203;0.0000;0.0385;-0.0133;-0.0005;356.4708;10.1386;0.5747;0.0385;-0.0133;-0.0005;0.9956;-0.0302;0.0885;0.0077;0;;;;;;;;;;;;;0;0.1884;-0.4163;0.2201;332.8139;54.7194;33.3357;Palm;-0.0845;-0.2368;-0.9679;0.2161;-0.2290;0.3523;-0.0432;-0.0052;0.9919;-0.1191;;;;;;;;;;;;;0;0.2445;-0.2131;0.3367;331.0584;0.4339;344.1109;Palm;1a8de386-fbfc-45ea-bcfc-bc92c9e075e7;1;Exposure;2026-04-01 13:26:16.2982;Hands;;OpenXR
Right;1;Exposure;0;NoMitigation;None;anonymous;Sample;2206;0.0000;0.0386;-0.0134;-0.0004;356.5005;10.1607;0.5903;0.0386;-0.0134;-0.0004;0.9956;-0.0300;0.0887;0.0078;0;;;;;;;;;;;;;0;0.1884;-0.4163;0.2201;332.7848;54.7126;33.3544;Palm;-0.2218;-0.8134;-0.5378;0.2144;-0.2355;0.3778;-0.1728;-0.0889;0.8723;-0.4486;;;;;;;;;;;;;0;0.2447;-0.2119;0.3372;329.9585;0.5155;344.7131;Palm;1a8de386-fbfc-45ea-bcfc-bc92c9e075e7;1;Exposure;2026-04-01 13:26:16.3226;Hands;;OpenXR
Right;1;Exposure;0;NoMitigation;None;anonymous;Sample;2209;0.0000;0.0388;-0.0136;-0.0004;356.6074;10.1914;0.5883;0.0388;-0.0136;-0.0004;0.9956;-0.0290;0.0889;0.0077;0;;;;;;;;;;;;;0;0.1885;-0.4163;0.2202;332.7592;54.7080;33.3703;Palm;-0.2481;-0.9550;-0.1623;0.2147;-0.2358;0.3930;-0.3829;-0.2821;0.7082;-0.5217;;;;;;;;;;;;;0;0.2449;-0.2109;0.3380;329.0604;0.5543;345.2088;Palm;1a8de386-fbfc-45ea-bcfc-bc92c9e075e7;1;Exposure;2026-04-01 13:26:16.3481;Hands;;OpenXR
Right;1;Exposure;0;NoMitigation;None;anonymous;Sample;2212;0.0082;0.0390;-0.0136;-0.0004;356.6201;10.2461;0.4341;0.0390;-0.0136;-0.0004;0.9956;-0.0290;0.0894;0.0064;1;;;;;;;;;;;;;0;0.1884;-0.4163;0.2202;332.7607;54.7237;33.3879;Palm;-0.1750;-0.8298;0.5299;0.2199;-0.2202;0.4198;0.8714;0.4641;-0.1402;0.0747;;;;;;;;;;;;;0;0.2439;-0.2105;0.3380;329.4222;1.0024;345.0209;Palm;1a8de386-fbfc-45ea-bcfc-bc92c9e075e7;1;Exposure;2026-04-01 13:26:16.3731;Hands;;OpenXR
Right;1;Exposure;0;NoMitigation;None;anonymous;Sample;2215;0.0207;0.0392;-0.0137;-0.0004;356.6204;10.3229;0.3320;0.0392;-0.0137;-0.0004;0.9955;-0.0291;0.0900;0.0055;1;;;;;;;;;;;;;0;0.1884;-0.4162;0.2203;332.7820;54.7376;33.4169;Palm;-0.0451;-0.4676;0.8828;0.2256;-0.2031;0.4341;0.9702;0.2408;-0.0247;0.0061;;;;;;;;;;;;;0;0.2435;-0.2112;0.3383;330.1685;1.8436;345.5469;Palm;1a8de386-fbfc-45ea-bcfc-bc92c9e075e7;1;Exposure;2026-04-01 13:26:16.3976;Hands;;OpenXR
Right;1;Exposure;0;NoMitigation;None;anonymous;Sample;2218;0.0333;0.0394;-0.0137;-0.0004;356.6534;10.4149;0.3133;0.0394;-0.0137;-0.0004;0.9954;-0.0288;0.0908;0.0054;1;;;;;;;;;;;;;0;0.1884;-0.4162;0.2203;332.8344;54.7495;33.4672;Palm;0.0638;-0.1315;0.9893;0.2305;-0.1894;0.4404;0.9973;0.0659;0.0321;-0.0021;;;;;;;;;;;;;0;0.2433;-0.2121;0.3386;330.7393;2.5219;346.3681;Palm;1a8de386-fbfc-45ea-bcfc-bc92c9e075e7;1;Exposure;2026-04-01 13:26:16.4224;Hands;;OpenXR
Right;1;Exposure;0;NoMitigation;None;anonymous;Sample;2221;0.0457;0.0396;-0.0138;-0.0004;356.7000;10.5194;0.2825;0.0396;-0.0138;-0.0004;0.9954;-0.0284;0.0917;0.0051;1;;;;;;;;;;;;;0;0.1883;-0.4161;0.2203;332.9053;54.7476;33.5199;Palm;0.1237;0.0889;0.9883;0.2327;-0.1808;0.4422;0.9971;-0.0444;0.0622;0.0028;;;;;;;;;;;;;0;0.2426;-0.2128;0.3388;330.9026;2.7720;346.9007;Palm;1a8de386-fbfc-45ea-bcfc-bc92c9e075e7;1;Exposure;2026-04-01 13:26:16.4482;Hands;;OpenXR
Right;1;Exposure;0;NoMitigation;None;anonymous;Sample;2224;0.0583;0.0397;-0.0138;-0.0004;356.6739;10.5913;0.2228;0.0397;-0.0138;-0.0004;0.9953;-0.0287;0.0923;0.0046;1;;;;;;;;;;;;;0;0.1884;-0.4161;0.2204;332.9927;54.7274;33.5778;Palm;0.1473;0.1871;0.9712;0.2330;-0.1778;0.4430;0.9928;-0.0937;0.0748;0.0071;;;;;;;;;;;;;0;0.2420;-0.2132;0.3389;331.0284;3.0078;347.2010;Palm;1a8de386-fbfc-45ea-bcfc-bc92c9e075e7;1;Exposure;2026-04-01 13:26:16.4722;Hands;;OpenXR
Right;1;Exposure;0;NoMitigation;None;anonymous;Sample;2227;0.0708;0.0399;-0.0138;-0.0004;356.7005;10.6166;0.2054;0.0399;-0.0138;-0.0004;0.9953;-0.0285;0.0925;0.0044;1;;;;;;;;;;;;;0;0.1884;-0.4161;0.2205;333.0848;54.6646;33.6328;Palm;0.1520;0.2024;0.9674;0.2325;-0.1788;0.4439;0.9918;-0.1014;0.0774;0.0079;;;;;;;;;;;;;0;0.2415;-0.2133;0.3391;331.1352;3.2077;347.1753;Palm;1a8de386-fbfc-45ea-bcfc-bc92c9e075e7;1;Exposure;2026-04-01 13:26:16.4977;Hands;;OpenXR
Right;1;Exposure;0;NoMitigation;None;anonymous;Sample;2230;0.0837;0.0400;-0.0139;-0.0005;356.7719;10.6297;0.2113;0.0400;-0.0139;-0.0005;0.9953;-0.0279;0.0926;0.0044;1;;;;;;;;;;;;;0;0.1884;-0.4162;0.2204;333.2435;54.6930;33.6546;Palm;0.1505;0.1838;0.9714;0.2320;-0.1814;0.4448;0.9928;-0.0920;0.0764;0.0071;;;;;;;;;;;;;0;0.2416;-0.2135;0.3391;331.3219;3.3997;347.1633;Palm;1a8de386-fbfc-45ea-bcfc-bc92c9e075e7;1;Exposure;2026-04-01 13:26:16.5243;Hands;;OpenXR
Right;1;Exposure;0;NoMitigation;None;anonymous;Sample;2233;0.0957;0.0401;-0.0140;-0.0005;356.8431;10.6208;0.1970;0.0401;-0.0140;-0.0005;0.9953;-0.0273;0.0926;0.0043;1;;;;;;;;;;;;;0;0.1884;-0.4162;0.2204;333.3613;54.7087;33.6675;Palm;0.1481;0.1613;0.9757;0.2318;-0.1835;0.4454;0.9939;-0.0807;0.0750;0.0061;;;;;;;;;;;;;0;0.2416;-0.2135;0.3391;331.4991;3.5382;347.1570;Palm;1a8de386-fbfc-45ea-bcfc-bc92c9e075e7;1;Exposure;2026-04-01 13:26:16.5479;Hands;;OpenXR
Right;1;Exposure;0;NoMitigation;None;anonymous;Sample;2236;0.1081;0.0401;-0.0142;-0.0005;356.8658;10.5966;0.1790;0.0401;-0.0142;-0.0005;0.9953;-0.0271;0.0923;0.0041;1;;;;;;;;;;;;;0;0.1883;-0.4161;0.2205;333.4193;54.7130;33.6711;Palm;0.1458;0.1403;0.9793;0.2316;-0.1853;0.4457;0.9948;-0.0701;0.0736;0.0052;;;;;;;;;;;;;0;0.2415;-0.2134;0.3390;331.6502;3.6317;347.1588;Palm;1a8de386-fbfc-45ea-bcfc-bc92c9e075e7;1;Exposure;2026-04-01 13:26:16.5718;Hands;;OpenXR
Right;1;Exposure;0;NoMitigation;None;anonymous;Sample;2239;0.1205;0.0402;-0.0142;-0.0004;356.8708;10.5783;0.1910;0.0402;-0.0142;-0.0004;0.9954;-0.0270;0.0922;0.0042;1;;;;;;;;;;;;;0;0.1883;-0.4160;0.2206;333.4628;54.7213;33.6681;Palm;0.1443;0.1255;0.9816;0.2315;-0.1864;0.4459;0.9954;-0.0627;0.0727;0.0046;;;;;;;;;;;;;0;0.2414;-0.2132;0.3389;331.7946;3.6696;347.1928;Palm;1a8de386-fbfc-45ea-bcfc-bc92c9e075e7;1;Exposure;2026-04-01 13:26:16.5967;Hands;;OpenXR
Right;1;Exposure;0;NoMitigation;None;anonymous;Sample;2242;0.1331;0.0403;-0.0143;-0.0004;356.9072;10.5845;0.0992;0.0403;-0.0143;-0.0004;0.9954;-0.0268;0.0922;0.0034;1;;;;;;;;;;;;;0;0.1883;-0.4159;0.2206;333.4959;54.7340;33.6574;Palm;0.1432;0.1154;0.9829;0.2313;-0.1872;0.4460;0.9957;-0.0576;0.0721;0.0042;;;;;;;;;;;;;0;0.2413;-0.2131;0.3388;331.9176;3.6743;347.2577;Palm;1a8de386-fbfc-45ea-bcfc-bc92c9e075e7;1;Exposure;2026-04-01 13:26:16.6226;Hands;;OpenXR
Right;1;Exposure;0;NoMitigation;None;anonymous;Sample;2245;0.1456;0.0404;-0.0144;-0.0006;356.9784;10.6111;0.0186;0.0404;-0.0144;-0.0006;0.9954;-0.0262;0.0924;0.0026;1;;;;;;;;;;;;;0;0.1883;-0.4159;0.2207;333.5013;54.7472;33.6392;Palm;0.1430;0.1097;0.9836;0.2312;-0.1876;0.4461;0.9959;-0.0548;0.0720;0.0040;;;;;;;;;;;;;0;0.2412;-0.2130;0.3388;331.9869;3.6751;347.3445;Palm;1a8de386-fbfc-45ea-bcfc-bc92c9e075e7;1;Exposure;2026-04-01 13:26:16.6480;Hands;;OpenXR
Right;1;Exposure;0;NoMitigation;None;anonymous;Sample;2248;0.1581;0.0405;-0.0144;-0.0007;356.9949;10.6243;0.0439;0.0405;-0.0144;-0.0007;0.9954;-0.0261;0.0926;0.0028;1;;;;;;;;;;;;;0;0.1883;-0.4159;0.2208;333.4967;54.7646;33.6174;Palm;0.1434;0.1058;0.9840;0.2311;-0.1879;0.4461;0.9960;-0.0529;0.0722;0.0038;;;;;;;;;;;;;0;0.2410;-0.2129;0.3388;332.0585;3.6662;347.4576;Palm;1a8de386-fbfc-45ea-bcfc-bc92c9e075e7;1;Exposure;2026-04-01 13:26:16.6722;Hands;;OpenXR
Right;1;Exposure;0;NoMitigation;None;anonymous;Sample;2251;0.1709;0.0406;-0.0144;-0.0007;356.9809;10.6407;0.0831;0.0406;-0.0144;-0.0007;0.9953;-0.0262;0.0927;0.0032;1;;;;;;;;;;;;;0;0.1883;-0.4160;0.2209;333.4744;54.7891;33.5926;Palm;0.1440;0.1032;0.9842;0.2310;-0.1881;0.4461;0.9960;-0.0515;0.0725;0.0037;;;;;;;;;;;;;0;0.2409;-0.2129;0.3387;332.1183;3.6344;347.5934;Palm;1a8de386-fbfc-45ea-bcfc-bc92c9e075e7;1;Exposure;2026-04-01 13:26:16.6982;Hands;;OpenXR
Right;1;Exposure;0;NoMitigation;None;anonymous;Sample;2254;0.1834;0.0406;-0.0143;-0.0007;356.9069;10.6701;0.1251;0.0406;-0.0143;-0.0007;0.9953;-0.0268;0.0930;0.0036;1;;;;;;;;;;;;;0;0.1885;-0.4161;0.2209;333.4207;54.8065;33.5792;Palm;0.1449;0.1016;0.9842;0.2307;-0.1883;0.4460;0.9960;-0.0507;0.0729;0.0037;;;;;;;;;;;;;0;0.2405;-0.2128;0.3384;332.1248;3.5913;347.7806;Palm;1a8de386-fbfc-45ea-bcfc-bc92c9e075e7;1;Exposure;2026-04-01 13:26:16.7225;Hands;;OpenXR
Right;1;Exposure;0;NoMitigation;None;anonymous;Sample;2257;0.1957;0.0407;-0.0143;-0.0006;356.9001;10.6692;0.1491;0.0407;-0.0143;-0.0006;0.9953;-0.0268;0.0930;0.0038;1;;;;;;;;;;;;;0;0.1886;-0.4162;0.2208;333.3332;54.8317;33.5517;Palm;0.1458;0.1005;0.9842;0.2305;-0.1884;0.4457;0.9960;-0.0502;0.0734;0.0037;;;;;;;;;;;;;0;0.2401;-0.2128;0.3381;332.1268;3.5718;347.8918;Palm;1a8de386-fbfc-45ea-bcfc-bc92c9e075e7;1;Exposure;2026-04-01 13:26:16.7484;Hands;;OpenXR
Right;1;Exposure;0;NoMitigation;None;anonymous;Sample;2260;0.2083;0.0407;-0.0143;-0.0007;356.9315;10.6759;0.1668;0.0407;-0.0143;-0.0007;0.9953;-0.0265;0.0930;0.0039;1;;;;;;;;;;;;;0;0.1887;-0.4163;0.2208;333.2176;54.8614;33.5127;Palm;0.1467;0.0996;0.9842;0.2302;-0.1885;0.4455;0.9960;-0.0497;0.0738;0.0037;;;;;;;;;;;;;0;0.2398;-0.2128;0.3378;332.1261;3.5692;347.9302;Palm;1a8de386-fbfc-45ea-bcfc-bc92c9e075e7;1;Exposure;2026-04-01 13:26:16.7734;Hands;;OpenXR
Right;1;Exposure;0;NoMitigation;None;anonymous;Sample;2263;0.2207;0.0407;-0.0143;-0.0007;356.9498;10.6681;0.1489;0.0407;-0.0143;-0.0007;0.9953;-0.0264;0.0930;0.0038;1;;;;;;;;;;;;;0;0.1888;-0.4165;0.2207;333.1244;54.8498;33.4879;Palm;0.1475;0.0985;0.9842;0.2301;-0.1886;0.4452;0.9960;-0.0492;0.0742;0.0037;;;;;;;;;;;;;0;0.2398;-0.2129;0.3375;332.1272;3.5668;347.9749;Palm;1a8de386-fbfc-45ea-bcfc-bc92c9e075e7;1;Exposure;2026-04-01 13:26:16.7977;Hands;;OpenXR
Right;1;Exposure;0;NoMitigation;None;anonymous;Sample;2266;0.2333;0.0406;-0.0142;-0.0007;356.8704;10.6726;0.0998;0.0406;-0.0142;-0.0007;0.9953;-0.0271;0.0930;0.0034;1;;;;;;;;;;;;;0;0.1889;-0.4166;0.2208;333.0727;54.8205;33.4766;Palm;0.1482;0.0970;0.9842;0.2301;-0.1888;0.4450;0.9960;-0.0484;0.0746;0.0036;;;;;;;;;;;;;0;0.2399;-0.2129;0.3374;332.1320;3.5758;348.0310;Palm;1a8de386-fbfc-45ea-bcfc-bc92c9e075e7;1;Exposure;2026-04-01 13:26:16.8222;Hands;;OpenXR
Right;1;Exposure;0;NoMitigation;None;anonymous;Sample;2269;0.2456;0.0407;-0.0142;-0.0007;356.8128;10.7003;0.0455;0.0407;-0.0142;-0.0007;0.9953;-0.0277;0.0932;0.0030;1;;;;;;;;;;;;;0;0.1890;-0.4168;0.2208;333.0590;54.8019;33.4698;Palm;0.1492;0.0959;0.9841;0.2303;-0.1889;0.4448;0.9960;-0.0479;0.0751;0.0036;;;;;;;;;;;;;0;0.2401;-0.2128;0.3371;332.1428;3.6202;348.0853;Palm;1a8de386-fbfc-45ea-bcfc-bc92c9e075e7;1;Exposure;2026-04-01 13:26:16.8482;Hands;;OpenXR
Right;1;Exposure;0;NoMitigation;None;anonymous;Sample;2272;0.2582;0.0407;-0.0142;-0.0008;356.8199;10.7777;359.9580;0.0407;-0.0142;-0.0008;0.9952;-0.0277;0.0939;0.0022;1;;;;;;;;;;;;;0;0.1891;-0.4170;0.2209;333.0659;54.7852;33.4607;Palm;0.1505;0.0950;0.9840;0.2305;-0.1889;0.4447;0.9960;-0.0474;0.0757;0.0036;;;;;;;;;;;;;0;0.2401;-0.2126;0.3370;332.1576;3.6772;348.0870;Palm;1a8de386-fbfc-45ea-bcfc-bc92c9e075e7;1;Exposure;2026-04-01 13:26:16.8731;Hands;;OpenXR
Right;1;Exposure;0;NoMitigation;None;anonymous;Sample;2275;0.2705;0.0409;-0.0143;-0.0010;356.8671;10.8720;359.8815;0.0409;-0.0143;-0.0010;0.9951;-0.0273;0.0947;0.0016;1;;;;;;;;;;;;;0;0.1892;-0.4172;0.2210;333.0782;54.7662;33.4514;Palm;0.1520;0.0943;0.9839;0.2307;-0.1889;0.4446;0.9960;-0.0471;0.0765;0.0036;;;;;;;;;;;;;0;0.2401;-0.2125;0.3369;332.1752;3.7491;348.0800;Palm;1a8de386-fbfc-45ea-bcfc-bc92c9e075e7;1;Exposure;2026-04-01 13:26:16.8966;Hands;;OpenXR
Right;1;Exposure;0;NoMitigation;None;anonymous;Sample;2278;0.2831;0.0409;-0.0143;-0.0012;356.8781;10.9913;359.8926;0.0409;-0.0143;-0.0012;0.9950;-0.0272;0.0957;0.0017;1;;;;;;;;;;;;;0;0.1893;-0.4173;0.2211;333.0854;54.7654;33.4388;Palm;0.1547;0.0931;0.9836;0.2311;-0.1890;0.4446;0.9959;-0.0464;0.0778;0.0036;;;;;;;;;;;;;0;0.2403;-0.2126;0.3370;332.2609;3.9976;347.9537;Palm;1a8de386-fbfc-45ea-bcfc-bc92c9e075e7;1;Exposure;2026-04-01 13:26:16.9234;Hands;;OpenXR
Right;1;Exposure;0;NoMitigation;None;anonymous;Sample;2281;0.2955;0.0409;-0.0143;-0.0014;356.8447;11.0709;359.9593;0.0409;-0.0143;-0.0014;0.9950;-0.0274;0.0964;0.0023;1;;;;;;;;;;;;;0;0.1893;-0.4174;0.2212;333.0932;54.7626;33.4278;Palm;0.1589;0.0911;0.9831;0.2318;-0.1892;0.4447;0.9958;-0.0454;0.0799;0.0036;;;;;;;;;;;;;0;0.2407;-0.2127;0.3370;332.3958;4.3641;347.7421;Palm;1a8de386-fbfc-45ea-bcfc-bc92c9e075e7;1;Exposure;2026-04-01 13:26:16.9478;Hands;;OpenXR
Right;1;Exposure;0;NoMitigation;None;anonymous;Sample;2284;0.3081;0.0407;-0.0142;-0.0014;356.7333;11.0621;0.0220;0.0407;-0.0142;-0.0014;0.9949;-0.0284;0.0964;0.0029;1;;;;;;;;;;;;;0;0.1894;-0.4175;0.2213;333.1019;54.7587;33.4179;Palm;0.1642;0.0885;0.9824;0.2328;-0.1895;0.4448;0.9956;-0.0441;0.0826;0.0037;;;;;;;;;;;;;0;0.2411;-0.2127;0.3371;332.5475;4.7610;347.4935;Palm;1a8de386-fbfc-45ea-bcfc-bc92c9e075e7;1;Exposure;2026-04-01 13:26:16.9723;Hands;;OpenXR
Right;1;Exposure;0;NoMitigation;None;anonymous;Sample;2287;0.3204;0.0405;-0.0141;-0.0015;356.6593;11.0139;0.0667;0.0405;-0.0141;-0.0015;0.9950;-0.0290;0.0959;0.0034;1;;;;;;;;;;;;;0;0.1894;-0.4175;0.2213;333.0955;54.7721;33.4060;Palm;0.1684;0.0861;0.9819;0.2336;-0.1897;0.4449;0.9955;-0.0430;0.0848;0.0037;;;;;;;;;;;;;0;0.2413;-0.2128;0.3372;332.6527;4.9352;347.3295;Palm;1a8de386-fbfc-45ea-bcfc-bc92c9e075e7;1;Exposure;2026-04-01 13:26:16.9972;Hands;;OpenXR
Right;1;Exposure;0;NoMitigation;None;anonymous;Sample;2290;0.3330;0.0403;-0.0140;-0.0016;356.6432;10.9828;0.0666;0.0403;-0.0140;-0.0016;0.9950;-0.0291;0.0957;0.0034;1;;;;;;;;;;;;;0;0.1894;-0.4175;0.2214;333.0901;54.7918;33.3986;Palm;0.1707;0.0846;0.9817;0.2339;-0.1899;0.4450;0.9954;-0.0422;0.0859;0.0036;;;;;;;;;;;;;0;0.2413;-0.2128;0.3372;332.7139;4.9911;347.2556;Palm;1a8de386-fbfc-45ea-bcfc-bc92c9e075e7;1;Exposure;2026-04-01 13:26:17.0216;Hands;;OpenXR
Right;1;Exposure;0;NoMitigation;None;anonymous;Sample;2293;0.3455;0.0401;-0.0141;-0.0018;356.6855;10.9405;0.0693;0.0401;-0.0141;-0.0018;0.9950;-0.0287;0.0953;0.0034;1;;;;;;;;;;;;;0;0.1896;-0.4175;0.2214;333.1097;54.8020;33.4051;Palm;0.1725;0.0835;0.9815;0.2342;-0.1901;0.4450;0.9953;-0.0417;0.0868;0.0036;;;;;;;;;;;;;0;0.2414;-0.2129;0.3372;332.7717;5.0572;347.2237;Palm;1a8de386-fbfc-45ea-bcfc-bc92c9e075e7;1;Exposure;2026-04-01 13:26:17.0475;Hands;;OpenXR
Right;1;Exposure;0;NoMitigation;None;anonymous;Sample;2296;0.3581;0.0399;-0.0142;-0.0019;356.6865;10.8766;0.0938;0.0399;-0.0142;-0.0019;0.9951;-0.0287;0.0948;0.0036;1;;;;;;;;;;;;;0;0.1898;-0.4176;0.2214;333.1377;54.7988;33.4097;Palm;0.1736;0.0831;0.9813;0.2345;-0.1901;0.4450;0.9953;-0.0414;0.0874;0.0036;;;;;;;;;;;;;0;0.2416;-0.2128;0.3372;332.7946;5.0691;347.2076;Palm;1a8de386-fbfc-45ea-bcfc-bc92c9e075e7;1;Exposure;2026-04-01 13:26:17.0729;Hands;;OpenXR
Right;1;Exposure;0;NoMitigation;None;anonymous;Sample;2299;0.3705;0.0396;-0.0143;-0.0020;356.6893;10.8273;0.1360;0.0396;-0.0143;-0.0020;0.9951;-0.0286;0.0943;0.0039;1;;;;;;;;;;;;;0;0.1899;-0.4177;0.2214;333.1705;54.7936;33.4161;Palm;0.1744;0.0831;0.9812;0.2347;-0.1901;0.4450;0.9953;-0.0414;0.0878;0.0037;;;;;;;;;;;;;0;0.2417;-0.2127;0.3371;332.8189;5.0797;347.1898;Palm;1a8de386-fbfc-45ea-bcfc-bc92c9e075e7;1;Exposure;2026-04-01 13:26:17.0979;Hands;;OpenXR
Right;1;Exposure;0;NoMitigation;None;anonymous;Sample;2302;0.3830;0.0395;-0.0144;-0.0021;356.7480;10.7956;0.1292;0.0395;-0.0144;-0.0021;0.9952;-0.0281;0.0941;0.0038;1;;;;;;;;;;;;;0;0.1900;-0.4179;0.2214;333.1936;54.7642;33.4037;Palm;0.1749;0.0833;0.9810;0.2347;-0.1899;0.4450;0.9952;-0.0415;0.0880;0.0037;;;;;;;;;;;;;0;0.2415;-0.2125;0.3370;332.8393;5.0653;347.1989;Palm;1a8de386-fbfc-45ea-bcfc-bc92c9e075e7;1;Exposure;2026-04-01 13:26:17.1218;Hands;;OpenXR
Right;1;Exposure;0;NoMitigation;None;anonymous;Sample;2305;0.3954;0.0394;-0.0145;-0.0023;356.7869;10.7966;0.1553;0.0394;-0.0145;-0.0023;0.9952;-0.0278;0.0941;0.0040;1;;;;;;;;;;;;;0;0.1900;-0.4181;0.2214;333.1965;54.7326;33.3858;Palm;0.1753;0.0838;0.9809;0.2346;-0.1897;0.4449;0.9952;-0.0418;0.0882;0.0037;;;;;;;;;;;;;0;0.2413;-0.2121;0.3370;332.8575;5.0506;347.2043;Palm;1a8de386-fbfc-45ea-bcfc-bc92c9e075e7;1;Exposure;2026-04-01 13:26:17.1468;Hands;;OpenXR
Right;1;Exposure;0;NoMitigation;None;anonymous;Sample;2308;0.4080;0.0393;-0.0145;-0.0023;356.8020;10.8015;0.1427;0.0393;-0.0145;-0.0023;0.9952;-0.0277;0.0941;0.0039;1;;;;;;;;;;;;;0;0.1900;-0.4182;0.2214;333.1867;54.7080;33.3553;Palm;0.1757;0.0843;0.9808;0.2343;-0.1893;0.4448;0.9952;-0.0420;0.0884;0.0037;;;;;;;;;;;;;0;0.2409;-0.2117;0.3369;332.8719;5.0301;347.2092;Palm;1a8de386-fbfc-45ea-bcfc-bc92c9e075e7;1;Exposure;2026-04-01 13:26:17.1718;Hands;;OpenXR
Right;1;Exposure;0;NoMitigation;None;anonymous;Sample;2311;0.4205;0.0392;-0.0145;-0.0023;356.7746;10.8119;0.1850;0.0392;-0.0145;-0.0023;0.9952;-0.0279;0.0942;0.0043;1;;;;;;;;;;;;;0;0.1901;-0.4183;0.2214;333.1786;54.7137;33.2932;Palm;0.1759;0.0848;0.9808;0.2341;-0.1891;0.4448;0.9952;-0.0423;0.0885;0.0038;;;;;;;;;;;;;0;0.2408;-0.2116;0.3369;332.8826;4.9866;347.2209;Palm;1a8de386-fbfc-45ea-bcfc-bc92c9e075e7;1;Exposure;2026-04-01 13:26:17.1976;Hands;;OpenXR
Right;1;Exposure;0;NoMitigation;None;anonymous;Sample;2314;0.4330;0.0391;-0.0144;-0.0022;356.7342;10.7814;0.2874;0.0391;-0.0144;-0.0022;0.9952;-0.0281;0.0940;0.0052;1;;;;;;;;;;;;;0;0.1902;-0.4184;0.2213;333.1593;54.7075;33.2310;Palm;0.1759;0.0852;0.9807;0.2339;-0.1889;0.4447;0.9952;-0.0424;0.0886;0.0038;;;;;;;;;;;;;0;0.2406;-0.2115;0.3369;332.8863;4.9509;347.2220;Palm;1a8de386-fbfc-45ea-bcfc-bc92c9e075e7;1;Exposure;2026-04-01 13:26:17.2230;Hands;;OpenXR
Right;1;Exposure;0;NoMitigation;None;anonymous;Sample;2317;0.4454;0.0390;-0.0143;-0.0022;356.6835;10.7407;0.2603;0.0390;-0.0143;-0.0022;0.9952;-0.0286;0.0936;0.0050;1;;;;;;;;;;;;;0;0.1901;-0.4184;0.2213;333.1099;54.6523;33.1778;Palm;0.1758;0.0854;0.9807;0.2337;-0.1887;0.4447;0.9952;-0.0426;0.0885;0.0038;;;;;;;;;;;;;0;0.2405;-0.2113;0.3369;332.8816;4.9206;347.2003;Palm;1a8de386-fbfc-45ea-bcfc-bc92c9e075e7;1;Exposure;2026-04-01 13:26:17.2474;Hands;;OpenXR
Right;1;Exposure;0;NoMitigation;None;anonymous;Sample;2320;0.4580;0.0388;-0.0142;-0.0021;356.6565;10.7120;0.1739;0.0388;-0.0142;-0.0021;0.9952;-0.0289;0.0933;0.0042;1;;;;;;;;;;;;;0;0.1900;-0.4183;0.2213;333.0856;54.6535;33.1565;Palm;0.1752;0.0858;0.9808;0.2335;-0.1886;0.4447;0.9952;-0.0428;0.0882;0.0038;;;;;;;;;;;;;0;0.2404;-0.2114;0.3369;332.8432;4.8544;347.1908;Palm;1a8de386-fbfc-45ea-bcfc-bc92c9e075e7;1;Exposure;2026-04-01 13:26:17.2724;Hands;;OpenXR
Right;1;Exposure;0;NoMitigation;None;anonymous;Sample;2323;0.4704;0.0387;-0.0143;-0.0021;356.6588;10.6924;0.1974;0.0387;-0.0143;-0.0021;0.9952;-0.0289;0.0932;0.0044;1;;;;;;;;;;;;;0;0.1898;-0.4181;0.2212;333.0593;54.6582;33.1370;Palm;0.1741;0.0865;0.9809;0.2333;-0.1885;0.4447;0.9952;-0.0431;0.0876;0.0038;;;;;;;;;;;;;0;0.2402;-0.2114;0.3369;332.7748;4.7500;347.1773;Palm;1a8de386-fbfc-45ea-bcfc-bc92c9e075e7;1;Exposure;2026-04-01 13:26:17.2963;Hands;;OpenXR
Right;1;Exposure;0;NoMitigation;None;anonymous;Sample;2326;0.4830;0.0386;-0.0144;-0.0021;356.6762;10.6896;0.2512;0.0386;-0.0144;-0.0021;0.9952;-0.0287;0.0932;0.0049;1;;;;;;;;;;;;;0;0.1897;-0.4180;0.2212;333.0197;54.6549;33.1343;Palm;0.1722;0.0884;0.9811;0.2328;-0.1882;0.4445;0.9953;-0.0441;0.0867;0.0038;;;;;;;;;;;;;0;0.2400;-0.2111;0.3368;332.5950;4.6082;347.1703;Palm;1a8de386-fbfc-45ea-bcfc-bc92c9e075e7;1;Exposure;2026-04-01 13:26:17.3226;Hands;;OpenXR
Right;1;Exposure;0;NoMitigation;None;anonymous;Sample;2329;0.4954;0.0385;-0.0144;-0.0021;356.7085;10.7037;0.2721;0.0385;-0.0144;-0.0021;0.9952;-0.0284;0.0933;0.0050;1;;;;;;;;;;;;;0;0.1897;-0.4179;0.2212;332.9991;54.6535;33.1295;Palm;0.1703;0.0907;0.9812;0.2324;-0.1878;0.4444;0.9953;-0.0453;0.0857;0.0039;;;;;;;;;;;;;0;0.2398;-0.2108;0.3367;332.4584;4.5036;347.1997;Palm;1a8de386-fbfc-45ea-bcfc-bc92c9e075e7;1;Exposure;2026-04-01 13:26:17.3475;Hands;;OpenXR
Right;1;Exposure;0;NoMitigation;None;anonymous;Sample;2332;0.5080;0.0386;-0.0145;-0.0021;356.7121;10.7257;0.2989;0.0386;-0.0145;-0.0021;0.9952;-0.0283;0.0935;0.0053;1;;;;;;;;;;;;;0;0.1896;-0.4178;0.2212;332.9904;54.6539;33.1228;Palm;0.1689;0.0924;0.9813;0.2322;-0.1874;0.4443;0.9953;-0.0461;0.0850;0.0039;;;;;;;;;;;;;0;0.2398;-0.2106;0.3367;332.3759;4.4427;347.2415;Palm;1a8de386-fbfc-45ea-bcfc-bc92c9e075e7;1;Exposure;2026-04-01 13:26:17.3728;Hands;;OpenXR
Right;1;Exposure;0;NoMitigation;None;anonymous;Sample;2335;0.5204;0.0386;-0.0146;-0.0021;356.7590;10.7325;0.3726;0.0386;-0.0146;-0.0021;0.9952;-0.0279;0.0936;0.0059;1;;;;;;;;;;;;;0;0.1896;-0.4178;0.2212;332.9920;54.6760;33.1020;Palm;0.1680;0.0936;0.9813;0.2320;-0.1871;0.4442;0.9953;-0.0467;0.0846;0.0040;;;;;;;;;;;;;0;0.2397;-0.2104;0.3367;332.3186;4.4133;347.2510;Palm;1a8de386-fbfc-45ea-bcfc-bc92c9e075e7;1;Exposure;2026-04-01 13:26:17.3973;Hands;;OpenXR
Right;1;Exposure;0;NoMitigation;None;anonymous;Sample;2338;0.5330;0.0386;-0.0146;-0.0021;356.7989;10.7156;0.3967;0.0386;-0.0146;-0.0021;0.9952;-0.0275;0.0934;0.0061;1;;;;;;;;;;;;;0;0.1895;-0.4177;0.2212;333.0019;54.7074;33.0786;Palm;0.1674;0.0943;0.9814;0.2319;-0.1868;0.4442;0.9953;-0.0470;0.0843;0.0040;;;;;;;;;;;;;0;0.2397;-0.2103;0.3366;332.2876;4.4037;347.2492;Palm;1a8de386-fbfc-45ea-bcfc-bc92c9e075e7;1;Exposure;2026-04-01 13:26:17.4217;Hands;;OpenXR
Right;1;Exposure;0;NoMitigation;None;anonymous;Sample;2341;0.5454;0.0386;-0.0146;-0.0021;356.7911;10.7061;0.4034;0.0386;-0.0146;-0.0021;0.9952;-0.0275;0.0934;0.0061;1;;;;;;;;;;;;;0;0.1894;-0.4176;0.2213;333.0175;54.7360;33.0640;Palm;0.1671;0.0944;0.9814;0.2318;-0.1867;0.4441;0.9953;-0.0471;0.0841;0.0040;;;;;;;;;;;;;0;0.2396;-0.2103;0.3365;332.2652;4.3952;347.2593;Palm;1a8de386-fbfc-45ea-bcfc-bc92c9e075e7;1;Exposure;2026-04-01 13:26:17.4474;Hands;;OpenXR
Right;1;Exposure;0;NoMitigation;None;anonymous;Sample;2344;0.5580;0.0386;-0.0145;-0.0021;356.7536;10.6912;0.4224;0.0386;-0.0145;-0.0021;0.9952;-0.0279;0.0932;0.0063;1;;;;;;;;;;;;;0;0.1894;-0.4175;0.2212;333.0318;54.7877;33.0519;Palm;0.1672;0.0941;0.9814;0.2318;-0.1867;0.4440;0.9953;-0.0469;0.0842;0.0040;;;;;;;;;;;;;0;0.2397;-0.2103;0.3364;332.2667;4.4233;347.2643;Palm;1a8de386-fbfc-45ea-bcfc-bc92c9e075e7;1;Exposure;2026-04-01 13:26:17.4725;Hands;;OpenXR
Right;1;Exposure;0;NoMitigation;None;anonymous;Sample;2347;0.5704;0.0387;-0.0144;-0.0021;356.7228;10.6584;0.4672;0.0387;-0.0144;-0.0021;0.9953;-0.0281;0.0930;0.0067;1;;;;;;;;;;;;;0;0.1894;-0.4173;0.2211;333.0582;54.8786;33.0347;Palm;0.1675;0.0933;0.9814;0.2319;-0.1868;0.4439;0.9953;-0.0465;0.0843;0.0039;;;;;;;;;;;;;0;0.2398;-0.2103;0.3363;332.2728;4.4598;347.2697;Palm;1a8de386-fbfc-45ea-bcfc-bc92c9e075e7;1;Exposure;2026-04-01 13:26:17.4963;Hands;;OpenXR
Right;1;Exposure;0;NoMitigation;None;anonymous;Sample;2350;0.5830;0.0387;-0.0145;-0.0021;356.7371;10.6389;0.4160;0.0387;-0.0145;-0.0021;0.9953;-0.0280;0.0928;0.0063;1;;;;;;;;;;;;;0;0.1894;-0.4172;0.2210;333.0592;54.8794;33.0414;Palm;0.1680;0.0924;0.9815;0.2319;-0.1869;0.4439;0.9953;-0.0461;0.0846;0.0039;;;;;;;;;;;;;0;0.2397;-0.2104;0.3364;332.2780;4.4827;347.2853;Palm;1a8de386-fbfc-45ea-bcfc-bc92c9e075e7;1;Exposure;2026-04-01 13:26:17.5223;Hands;;OpenXR
Right;1;Exposure;0;NoMitigation;None;anonymous;Sample;2353;0.5954;0.0387;-0.0144;-0.0021;356.7204;10.6417;0.3773;0.0387;-0.0144;-0.0021;0.9953;-0.0282;0.0928;0.0059;1;;;;;;;;;;;;;0;0.1894;-0.4170;0.2209;333.0600;54.8777;33.0454;Palm;0.1687;0.0914;0.9814;0.2320;-0.1871;0.4440;0.9953;-0.0456;0.0849;0.0039;;;;;;;;;;;;;0;0.2398;-0.2104;0.3365;332.2987;4.5313;347.3100;Palm;1a8de386-fbfc-45ea-bcfc-bc92c9e075e7;1;Exposure;2026-04-01 13:26:17.5467;Hands;;OpenXR
Right;1;Exposure;0;NoMitigation;None;anonymous;Sample;2356;0.6082;0.0388;-0.0144;-0.0022;356.7101;10.6589;0.3543;0.0388;-0.0144;-0.0022;0.9953;-0.0283;0.0929;0.0057;1;;;;;;;;;;;;;0;0.1893;-0.4170;0.2209;333.0582;54.8745;33.0364;Palm;0.1701;0.0903;0.9813;0.2322;-0.1872;0.4441;0.9953;-0.0451;0.0856;0.0039;;;;;;;;;;;;;0;0.2398;-0.2104;0.3365;332.3367;4.6262;347.3622;Palm;1a8de386-fbfc-45ea-bcfc-bc92c9e075e7;1;Exposure;2026-04-01 13:26:17.5726;Hands;;OpenXR
Right;1;Exposure;0;NoMitigation;None;anonymous;Sample;2359;0.6205;0.0390;-0.0145;-0.0023;356.7611;10.6997;0.3413;0.0390;-0.0145;-0.0023;0.9952;-0.0279;0.0933;0.0056;1;;;;;;;;;;;;;0;0.1892;-0.4168;0.2207;333.0487;54.8628;33.0239;Palm;0.1716;0.0896;0.9811;0.2324;-0.1873;0.4441;0.9953;-0.0447;0.0864;0.0039;;;;;;;;;;;;;0;0.2399;-0.2103;0.3365;332.3514;4.7057;347.4244;Palm;1a8de386-fbfc-45ea-bcfc-bc92c9e075e7;1;Exposure;2026-04-01 13:26:17.5982;Hands;;OpenXR
Right;1;Exposure;0;NoMitigation;None;anonymous;Sample;2362;0.6330;0.0391;-0.0145;-0.0025;356.7531;10.7354;0.3490;0.0391;-0.0145;-0.0025;0.9952;-0.0279;0.0936;0.0057;1;;;;;;;;;;;;;0;0.1892;-0.4167;0.2205;333.0369;54.8469;33.0105;Palm;0.1733;0.0890;0.9808;0.2327;-0.1873;0.4441;0.9952;-0.0444;0.0872;0.0039;;;;;;;;;;;;;0;0.2400;-0.2103;0.3364;332.3673;4.7899;347.4921;Palm;1a8de386-fbfc-45ea-bcfc-bc92c9e075e7;1;Exposure;2026-04-01 13:26:17.6221;Hands;;OpenXR
Right;1;Exposure;0;NoMitigation;None;anonymous;Sample;2365;0.6453;0.0393;-0.0145;-0.0026;356.7458;10.7749;0.3484;0.0393;-0.0145;-0.0026;0.9952;-0.0280;0.0939;0.0057;1;;;;;;;;;;;;;0;0.1892;-0.4164;0.2203;333.0020;54.8192;33.0047;Palm;0.1744;0.0887;0.9807;0.2329;-0.1874;0.4441;0.9951;-0.0442;0.0878;0.0039;;;;;;;;;;;;;0;0.2401;-0.2103;0.3364;332.3768;4.8260;347.5214;Palm;1a8de386-fbfc-45ea-bcfc-bc92c9e075e7;1;Exposure;2026-04-01 13:26:17.6475;Hands;;OpenXR
Right;1;Exposure;0;NoMitigation;None;anonymous;Sample;2368;0.6580;0.0394;-0.0144;-0.0027;356.7255;10.8126;0.3153;0.0394;-0.0144;-0.0027;0.9951;-0.0282;0.0943;0.0054;1;;;;;;;;;;;;;0;0.1892;-0.4162;0.2202;332.9746;54.7945;32.9835;Palm;0.1751;0.0886;0.9806;0.2330;-0.1874;0.4440;0.9951;-0.0442;0.0881;0.0039;;;;;;;;;;;;;0;0.2402;-0.2102;0.3363;332.3744;4.8507;347.5341;Palm;1a8de386-fbfc-45ea-bcfc-bc92c9e075e7;1;Exposure;2026-04-01 13:26:17.6724;Hands;;OpenXR
Right;1;Exposure;0;NoMitigation;None;anonymous;Sample;2371;0.6704;0.0395;-0.0143;-0.0026;356.6759;10.8418;0.2709;0.0395;-0.0143;-0.0026;0.9951;-0.0287;0.0945;0.0051;1;;;;;;;;;;;;;0;0.1892;-0.4162;0.2202;332.9594;54.7773;32.9506;Palm;0.1754;0.0889;0.9805;0.2331;-0.1873;0.4440;0.9951;-0.0443;0.0883;0.0039;;;;;;;;;;;;;0;0.2402;-0.2102;0.3362;332.3640;4.8714;347.5384;Palm;1a8de386-fbfc-45ea-bcfc-bc92c9e075e7;1;Exposure;2026-04-01 13:26:17.6963;Hands;;OpenXR
Right;1;Exposure;0;NoMitigation;None;anonymous;Sample;2374;0.6829;0.0396;-0.0143;-0.0027;356.6683;10.8763;0.2304;0.0396;-0.0143;-0.0027;0.9951;-0.0287;0.0948;0.0048;1;;;;;;;;;;;;;0;0.1892;-0.4161;0.2202;332.9637;54.7490;32.9297;Palm;0.1757;0.0894;0.9804;0.2332;-0.1872;0.4439;0.9951;-0.0445;0.0885;0.0040;;;;;;;;;;;;;0;0.2403;-0.2101;0.3362;332.3511;4.8876;347.5345;Palm;1a8de386-fbfc-45ea-bcfc-bc92c9e075e7;1;Exposure;2026-04-01 13:26:17.7225;Hands;;OpenXR
Right;1;Exposure;0;NoMitigation;None;anonymous;Sample;2377;0.6954;0.0397;-0.0143;-0.0027;356.6996;10.9201;0.1932;0.0397;-0.0143;-0.0027;0.9950;-0.0285;0.0952;0.0044;1;;;;;;;;;;;;;0;0.1892;-0.4161;0.2202;332.9890;54.7201;32.9221;Palm;0.1758;0.0897;0.9803;0.2333;-0.1871;0.4439;0.9951;-0.0447;0.0885;0.0040;;;;;;;;;;;;;0;0.2404;-0.2100;0.3362;332.3394;4.8981;347.5311;Palm;1a8de386-fbfc-45ea-bcfc-bc92c9e075e7;1;Exposure;2026-04-01 13:26:17.7467;Hands;;OpenXR
Right;1;Exposure;0;NoMitigation;None;anonymous;Sample;2380;0.7080;0.0397;-0.0144;-0.0028;356.6875;10.9518;0.1618;0.0397;-0.0144;-0.0028;0.9950;-0.0286;0.0954;0.0042;1;;;;;;;;;;;;;0;0.1892;-0.4160;0.2201;333.0412;54.6989;32.9213;Palm;0.1756;0.0898;0.9804;0.2335;-0.1869;0.4439;0.9951;-0.0448;0.0884;0.0040;;;;;;;;;;;;;0;0.2407;-0.2098;0.3363;332.3343;4.9013;347.5419;Palm;1a8de386-fbfc-45ea-bcfc-bc92c9e075e7;1;Exposure;2026-04-01 13:26:17.7721;Hands;;OpenXR
Right;1;Exposure;0;NoMitigation;None;anonymous;Sample;2383;0.7204;0.0397;-0.0144;-0.0028;356.6628;10.9706;0.1901;0.0397;-0.0144;-0.0028;0.9950;-0.0288;0.0956;0.0044;1;;;;;;;;;;;;;0;0.1891;-0.4160;0.2200;333.0992;54.6977;32.9393;Palm;0.1752;0.0895;0.9805;0.2338;-0.1868;0.4439;0.9951;-0.0446;0.0882;0.0040;;;;;;;;;;;;;0;0.2411;-0.2095;0.3361;332.3410;4.8781;347.5737;Palm;1a8de386-fbfc-45ea-bcfc-bc92c9e075e7;1;Exposure;2026-04-01 13:26:17.7975;Hands;;OpenXR
Right;1;Exposure;0;NoMitigation;None;anonymous;Sample;2386;0.7330;0.0397;-0.0144;-0.0029;356.6762;10.9800;0.2169;0.0397;-0.0144;-0.0029;0.9950;-0.0287;0.0957;0.0047;1;;;;;;;;;;;;;0;0.1891;-0.4160;0.2199;333.1854;54.7014;32.9699;Palm;0.1746;0.0890;0.9806;0.2341;-0.1866;0.4438;0.9951;-0.0444;0.0879;0.0039;;;;;;;;;;;;;0;0.2415;-0.2092;0.3359;332.3492;4.8502;347.6076;Palm;1a8de386-fbfc-45ea-bcfc-bc92c9e075e7;1;Exposure;2026-04-01 13:26:17.8218;Hands;;OpenXR
Right;1;Exposure;0;NoMitigation;None;anonymous;Sample;2389;0.7453;0.0396;-0.0144;-0.0029;356.7412;10.9829;0.2385;0.0396;-0.0144;-0.0029;0.9950;-0.0281;0.0957;0.0048;1;;;;;;;;;;;;;0;0.1891;-0.4159;0.2199;333.2835;54.7599;33.0055;Palm;0.1742;0.0885;0.9807;0.2343;-0.1864;0.4435;0.9952;-0.0441;0.0877;0.0039;;;;;;;;;;;;;0;0.2416;-0.2091;0.3356;332.3398;4.8531;347.6193;Palm;1a8de386-fbfc-45ea-bcfc-bc92c9e075e7;1;Exposure;2026-04-01 13:26:17.8473;Hands;;OpenXR
Right;1;Exposure;0;NoMitigation;None;anonymous;Sample;2392;0.7580;0.0395;-0.0144;-0.0028;356.7466;10.9612;0.2634;0.0395;-0.0144;-0.0028;0.9950;-0.0280;0.0955;0.0050;1;;;;;;;;;;;;;0;0.1892;-0.4160;0.2199;333.4546;54.8231;33.0974;Palm;0.1739;0.0881;0.9808;0.2344;-0.1863;0.4433;0.9952;-0.0439;0.0875;0.0039;;;;;;;;;;;;;0;0.2417;-0.2089;0.3354;332.3210;4.8760;347.6091;Palm;1a8de386-fbfc-45ea-bcfc-bc92c9e075e7;1;Exposure;2026-04-01 13:26:17.8723;Hands;;OpenXR
Right;1;Exposure;0;NoMitigation;None;anonymous;Sample;2395;0.7704;0.0394;-0.0144;-0.0028;356.7522;10.9198;0.3260;0.0394;-0.0144;-0.0028;0.9951;-0.0279;0.0952;0.0055;1;;;;;;;;;;;;;0;0.1893;-0.4163;0.2200;333.6827;54.8934;33.2362;Palm;0.1738;0.0877;0.9809;0.2345;-0.1862;0.4432;0.9952;-0.0437;0.0875;0.0038;;;;;;;;;;;;;0;0.2417;-0.2088;0.3353;332.2953;4.9135;347.5831;Palm;1a8de386-fbfc-45ea-bcfc-bc92c9e075e7;1;Exposure;2026-04-01 13:26:17.8977;Hands;;OpenXR
Right;1;Exposure;0;NoMitigation;None;anonymous;Sample;2398;0.7832;0.0393;-0.0144;-0.0028;356.7558;10.8635;0.3541;0.0393;-0.0144;-0.0028;0.9951;-0.0279;0.0947;0.0058;1;;;;;;;;;;;;;0;0.1893;-0.4165;0.2201;333.7499;54.9002;33.3728;Palm;0.1743;0.0878;0.9808;0.2346;-0.1860;0.4431;0.9952;-0.0438;0.0878;0.0039;;;;;;;;;;;;;0;0.2416;-0.2087;0.3353;332.2252;5.0589;347.4869;Palm;1a8de386-fbfc-45ea-bcfc-bc92c9e075e7;1;Exposure;2026-04-01 13:26:17.9237;Hands;;OpenXR
Right;1;Exposure;0;NoMitigation;None;anonymous;Sample;2401;0.7956;0.0392;-0.0145;-0.0027;356.7617;10.8263;0.3331;0.0392;-0.0145;-0.0027;0.9951;-0.0279;0.0944;0.0056;1;;;;;;;;;;;;;0;0.1893;-0.4166;0.2203;333.7166;54.8667;33.4862;Palm;0.1763;0.0888;0.9803;0.2347;-0.1857;0.4429;0.9951;-0.0443;0.0888;0.0039;;;;;;;;;;;;;0;0.2413;-0.2085;0.3351;332.0854;5.3204;347.3139;Palm;1a8de386-fbfc-45ea-bcfc-bc92c9e075e7;1;Exposure;2026-04-01 13:26:17.9476;Hands;;OpenXR
Right;1;Exposure;0;NoMitigation;None;anonymous;Sample;2404;0.8079;0.0391;-0.0144;-0.0027;356.7681;10.8144;0.3191;0.0391;-0.0144;-0.0027;0.9951;-0.0278;0.0943;0.0054;1;;;;;;;;;;;;;0;0.1893;-0.4167;0.2204;333.6219;54.7971;33.6181;Palm;0.1783;0.0905;0.9798;0.2346;-0.1851;0.4428;0.9949;-0.0451;0.0898;0.0041;;;;;;;;;;;;;0;0.2409;-0.2080;0.3350;331.9366;5.5133;347.1863;Palm;1a8de386-fbfc-45ea-bcfc-bc92c9e075e7;1;Exposure;2026-04-01 13:26:17.9720;Hands;;OpenXR
Right;1;Exposure;0;NoMitigation;None;anonymous;Sample;2407;0.8203;0.0390;-0.0145;-0.0027;356.8030;10.8088;0.3798;0.0390;-0.0145;-0.0027;0.9952;-0.0275;0.0942;0.0059;1;;;;;;;;;;;;;0;0.1892;-0.4165;0.2204;333.3959;54.6976;33.8465;Palm;0.1793;0.0919;0.9795;0.2344;-0.1846;0.4427;0.9949;-0.0458;0.0903;0.0042;;;;;;;;;;;;;0;0.2405;-0.2077;0.3351;331.8940;5.5608;347.1638;Palm;1a8de386-fbfc-45ea-bcfc-bc92c9e075e7;1;Exposure;2026-04-01 13:26:17.9969;Hands;;OpenXR
Right;1;Exposure;0;NoMitigation;None;anonymous;Sample;2410;0.8329;0.0389;-0.0144;-0.0027;356.8165;10.8252;0.3772;0.0389;-0.0144;-0.0027;0.9951;-0.0273;0.0944;0.0059;1;;;;;;;;;;;;;0;0.1891;-0.4163;0.2205;333.1283;54.5835;34.1055;Palm;0.1796;0.0927;0.9794;0.2340;-0.1843;0.4427;0.9948;-0.0462;0.0905;0.0042;;;;;;;;;;;;;0;0.2401;-0.2075;0.3351;331.8681;5.5887;347.1506;Palm;1a8de386-fbfc-45ea-bcfc-bc92c9e075e7;1;Exposure;2026-04-01 13:26:18.0228;Hands;;OpenXR
Right;1;Exposure;0;NoMitigation;None;anonymous;Sample;2413;0.8453;0.0389;-0.0144;-0.0027;356.8097;10.8687;0.3886;0.0389;-0.0144;-0.0027;0.9951;-0.0274;0.0948;0.0060;1;;;;;;;;;;;;;0;0.1891;-0.4163;0.2205;333.0977;54.5791;34.1215;Palm;0.1794;0.0933;0.9794;0.2338;-0.1840;0.4427;0.9948;-0.0465;0.0903;0.0042;;;;;;;;;;;;;0;0.2400;-0.2073;0.3351;331.8584;5.5949;347.1679;Palm;1a8de386-fbfc-45ea-bcfc-bc92c9e075e7;1;Exposure;2026-04-01 13:26:18.0462;Hands;;OpenXR
Right;1;Exposure;0;NoMitigation;None;anonymous;Sample;2416;0.8580;0.0389;-0.0144;-0.0027;356.8015;10.8932;0.4642;0.0389;-0.0144;-0.0027;0.9951;-0.0274;0.0950;0.0067;1;;;;;;;;;;;;;0;0.1891;-0.4164;0.2206;333.0964;54.5715;34.1223;Palm;0.1789;0.0937;0.9794;0.2336;-0.1838;0.4428;0.9948;-0.0467;0.0901;0.0042;;;;;;;;;;;;;0;0.2400;-0.2071;0.3351;331.8411;5.6024;347.1718;Palm;1a8de386-fbfc-45ea-bcfc-bc92c9e075e7;1;Exposure;2026-04-01 13:26:18.0726;Hands;;OpenXR
Right;1;Exposure;0;NoMitigation;None;anonymous;Sample;2419;0.8703;0.0389;-0.0145;-0.0026;356.7928;10.9141;0.4469;0.0389;-0.0145;-0.0026;0.9951;-0.0275;0.0952;0.0065;1;;;;;;;;;;;;;0;0.1892;-0.4164;0.2207;333.1066;54.5603;34.1169;Palm;0.1782;0.0942;0.9795;0.2335;-0.1836;0.4428;0.9948;-0.0469;0.0898;0.0042;;;;;;;;;;;;;0;0.2400;-0.2070;0.3352;331.8184;5.6102;347.1667;Palm;1a8de386-fbfc-45ea-bcfc-bc92c9e075e7;1;Exposure;2026-04-01 13:26:18.0975;Hands;;OpenXR
Right;1;Exposure;0;NoMitigation;None;anonymous;Sample;2422;0.8829;0.0388;-0.0145;-0.0026;356.8163;10.9567;0.3179;0.0388;-0.0145;-0.0026;0.9950;-0.0274;0.0955;0.0054;1;;;;;;;;;;;;;0;0.1892;-0.4164;0.2208;333.1468;54.5645;34.0870;Palm;0.1775;0.0947;0.9796;0.2334;-0.1833;0.4429;0.9949;-0.0472;0.0894;0.0042;;;;;;;;;;;;;0;0.2400;-0.2067;0.3353;331.7852;5.6240;347.1416;Palm;1a8de386-fbfc-45ea-bcfc-bc92c9e075e7;1;Exposure;2026-04-01 13:26:18.1215;Hands;;OpenXR
Right;1;Exposure;0;NoMitigation;None;anonymous;Sample;2425;0.8954;0.0388;-0.0145;-0.0026;356.8327;10.9740;0.3394;0.0388;-0.0145;-0.0026;0.9950;-0.0272;0.0957;0.0056;1;;;;;;;;;;;;;0;0.1892;-0.4165;0.2209;333.2693;54.6018;33.9673;Palm;0.1770;0.0956;0.9796;0.2334;-0.1829;0.4430;0.9949;-0.0477;0.0892;0.0043;;;;;;;;;;;;;0;0.2399;-0.2064;0.3354;331.7135;5.6600;347.0743;Palm;1a8de386-fbfc-45ea-bcfc-bc92c9e075e7;1;Exposure;2026-04-01 13:26:18.1469;Hands;;OpenXR
Right;1;Exposure;0;NoMitigation;None;anonymous;Sample;2428;0.9079;0.0388;-0.0145;-0.0025;356.8428;11.0036;0.3847;0.0388;-0.0145;-0.0025;0.9950;-0.0271;0.0959;0.0060;1;;;;;;;;;;;;;0;0.1892;-0.4166;0.2210;333.4039;54.6652;33.7707;Palm;0.1770;0.0976;0.9794;0.2334;-0.1822;0.4430;0.9948;-0.0487;0.0892;0.0044;;;;;;;;;;;;;0;0.2399;-0.2058;0.3354;331.5521;5.7511;346.9215;Palm;1a8de386-fbfc-45ea-bcfc-bc92c9e075e7;1;Exposure;2026-04-01 13:26:18.1723;Hands;;OpenXR
Right;1;Exposure;0;NoMitigation;None;anonymous;Sample;2431;0.9225;0.0387;-0.0145;-0.0025;356.8634;11.0333;0.3541;0.0387;-0.0145;-0.0025;0.9950;-0.0269;0.0962;0.0057;1;;;;;;;;;;;;;0;0.1892;-0.4165;0.2208;333.5715;54.8080;33.6246;Palm;0.1768;0.0997;0.9792;0.2333;-0.1817;0.4430;0.9948;-0.0497;0.0891;0.0045;;;;;;;;;;;;;0;0.2399;-0.2057;0.3355;331.4802;5.7468;346.8628;Palm;1a8de386-fbfc-45ea-bcfc-bc92c9e075e7;1;Exposure;2026-04-01 13:26:18.2010;Hands;;OpenXR
Right;1;Exposure;0;NoMitigation;None;anonymous;Sample;2434;0.9330;0.0385;-0.0145;-0.0025;356.8699;11.0453;0.3807;0.0385;-0.0145;-0.0025;0.9950;-0.0269;0.0963;0.0059;1;;;;;;;;;;;;;0;0.1893;-0.4164;0.2207;333.7480;54.9644;33.4728;Palm;0.1768;0.1008;0.9791;0.2333;-0.1814;0.4431;0.9947;-0.0503;0.0891;0.0045;;;;;;;;;;;;;0;0.2398;-0.2056;0.3357;331.4264;5.7383;346.8182;Palm;1a8de386-fbfc-45ea-bcfc-bc92c9e075e7;1;Exposure;2026-04-01 13:26:18.2228;Hands;;OpenXR
Right;1;Exposure;0;NoMitigation;None;anonymous;Sample;2437;0.9454;0.0384;-0.0146;-0.0025;356.8948;11.0147;0.4922;0.0384;-0.0146;-0.0025;0.9950;-0.0266;0.0961;0.0069;1;;;;;;;;;;;;;0;0.1889;-0.4159;0.2205;333.8202;54.9815;33.4141;Palm;0.1760;0.1019;0.9791;0.2332;-0.1811;0.4431;0.9948;-0.0508;0.0887;0.0045;;;;;;;;;;;;;0;0.2397;-0.2054;0.3357;331.3709;5.6378;346.7452;Palm;1a8de386-fbfc-45ea-bcfc-bc92c9e075e7;1;Exposure;2026-04-01 13:26:18.2466;Hands;;OpenXR
Right;1;Exposure;0;NoMitigation;None;anonymous;Sample;2440;0.9580;0.0382;-0.0146;-0.0025;356.9134;10.9697;0.5329;0.0382;-0.0146;-0.0025;0.9950;-0.0264;0.0957;0.0072;1;;;;;;;;;;;;;0;0.1887;-0.4155;0.2202;333.8502;54.9911;33.3926;Palm;0.1746;0.1030;0.9792;0.2329;-0.1808;0.4431;0.9948;-0.0514;0.0880;0.0045;;;;;;;;;;;;;0;0.2397;-0.2053;0.3357;331.3031;5.5160;346.6884;Palm;1a8de386-fbfc-45ea-bcfc-bc92c9e075e7;1;Exposure;2026-04-01 13:26:18.2719;Hands;;OpenXR
Right;1;Exposure;0;NoMitigation;None;anonymous;Sample;2443;0.9703;0.0381;-0.0145;-0.0025;356.9327;10.9212;0.5320;0.0381;-0.0145;-0.0025;0.9951;-0.0262;0.0952;0.0072;1;;;;;;;;;;;;;0;0.1885;-0.4151;0.2200;333.8671;54.9936;33.3832;Palm;0.1734;0.1040;0.9794;0.2327;-0.1806;0.4430;0.9948;-0.0519;0.0874;0.0046;;;;;;;;;;;;;0;0.2396;-0.2053;0.3356;331.2611;5.4182;346.6569;Palm;1a8de386-fbfc-45ea-bcfc-bc92c9e075e7;1;Exposure;2026-04-01 13:26:18.2963;Hands;;OpenXR
