Accuracy01;ActiveHand;AfterEffectCm;AttemptIndex;BlockType;ChoiceSide;ConfirmMitigationMode;CurrentMoleToHitId;CurrentMoleToHitIndexX;CurrentMoleToHitIndexY;CurrentMoleToHitPositionLocalX;CurrentMoleToHitPositionLocalY;CurrentMoleToHitPositionLocalZ;CurrentMoleToHitPositionWorldX;CurrentMoleToHitPositionWorldY;CurrentMoleToHitPositionWorldZ;DeltaAccuracyPct;EffectMode;Email;ErrorCm;Event;EventType;Framecount;GameId;GapMeters;HeadCameraPosWorldX;HeadCameraPosWorldY;HeadCameraPosWorldZ;HeadCameraRotEulerX;HeadCameraRotEulerY;HeadCameraRotEulerZ;HitDistanceMeters;HitPositionWorldX;HitPositionWorldY;HitPositionWorldZ;HitWorldX;HitWorldY;HitWorldZ;IsCorrect;IsHit;LeftControllerLaserPosWorldX;LeftControllerLaserPosWorldY;LeftControllerLaserPosWorldZ;LeftControllerLaserRotEulerX;LeftControllerLaserRotEulerY;LeftControllerLaserRotEulerZ;LeftControllerPosWorldX;LeftControllerPosWorldY;LeftControllerPosWorldZ;LeftControllerRotEulerX;LeftControllerRotEulerY;LeftControllerRotEulerZ;LeftControllerTrigger;LeftLengthMeters;LeftMovementAnchorPosWorldX;LeftMovementAnchorPosWorldY;LeftMovementAnchorPosWorldZ;LeftMovementAnchorRotEulerX;LeftMovementAnchorRotEulerY;LeftMovementAnchorRotEulerZ;LeftMovementAnchorSource;LineLengthMeters;LineZMeters;LongerSide;MeanCm;MoleId;MoleIndexX;MoleIndexY;MolePositionLocalX;MolePositionLocalY;MolePositionLocalZ;MolePositionWorldX;MolePositionWorldY;MolePositionWorldZ;RightControllerLaserPosWorldX;RightControllerLaserPosWorldY;RightControllerLaserPosWorldZ;RightControllerLaserRotEulerX;RightControllerLaserRotEulerY;RightControllerLaserRotEulerZ;RightControllerPosWorldX;RightControllerPosWorldY;RightControllerPosWorldZ;RightControllerRotEulerX;RightControllerRotEulerY;RightControllerRotEulerZ;RightControllerTrigger;RightLengthMeters;RightMovementAnchorPosWorldX;RightMovementAnchorPosWorldY;RightMovementAnchorPosWorldZ;RightMovementAnchorRotEulerX;RightMovementAnchorRotEulerY;RightMovementAnchorRotEulerZ;RightMovementAnchorSource;SdCm;SessionID;SignedOffsetCm;SourceTaskMode;SuccessCount;TargetIndex;TargetRadiusMeters;TargetWorldX;TargetWorldY;TargetWorldZ;TaskMode;TimeSinceLastEvent;Timestamp;TrackingMode;TrialIndex;TrialsPerBlock;XRBackend
NULL;Right;NULL;NULL;Baseline;NULL;NoMitigation;NULL;NULL;NULL;NULL;NULL;NULL;NULL;NULL;NULL;NULL;None;anonymous;NULL;Game Started;GameEvent;1;6df10942-1bd9-444b-9e92-3f4361c07db4;NULL;0.0000;0.3614;-0.5530;0.0000;0.0000;0.0000;NULL;NULL;NULL;NULL;NULL;NULL;NULL;NULL;NULL;0.0000;0.3614;-0.5455;0.0000;0.0000;0.0000;0.0000;0.0000;0.0000;0.0000;0.0000;0.0000;0;NULL;0.0000;0.0000;0.0000;0.0000;0.0000;0.0000;ControllerBody;NULL;NULL;NULL;NULL;NULL;NULL;NULL;NULL;NULL;NULL;NULL;NULL;NULL;0.0000;0.3614;-0.5455;0.0000;0.0000;0.0000;0.0000;0.0000;0.0000;0.0000;0.0000;0.0000;0;NULL;0.0000;0.0000;0.0000;0.0000;0.0000;0.0000;ControllerBody;NULL;d1f27ab1-5740-4e66-96c0-219f0d3d48cd;NULL;NULL;NULL;NULL;NULL;NULL;NULL;NULL;LineBisection;0.0000;2026-05-18 10:09:53.3976;Controllers;NULL;NULL;OpenXR
NULL;Right;NULL;NULL;Baseline;NULL;NoMitigation;NULL;NULL;NULL;NULL;NULL;NULL;NULL;NULL;NULL;NULL;None;anonymous;NULL;Block Started;BlockEvent;1;6df10942-1bd9-444b-9e92-3f4361c07db4;NULL;0.0000;0.3614;-0.5530;0.0000;0.0000;0.0000;NULL;NULL;NULL;NULL;NULL;NULL;NULL;NULL;NULL;0.0000;0.3614;-0.5455;0.0000;0.0000;0.0000;0.0000;0.0000;0.0000;0.0000;0.0000;0.0000;0;NULL;0.0000;0.0000;0.0000;0.0000;0.0000;0.0000;ControllerBody;NULL;NULL;NULL;NULL;NULL;NULL;NULL;NULL;NULL;NULL;NULL;NULL;NULL;0.0000;0.3614;-0.5455;0.0000;0.0000;0.0000;0.0000;0.0000;0.0000;0.0000;0.0000;0.0000;0;NULL;0.0000;0.0000;0.0000;0.0000;0.0000;0.0000;ControllerBody;NULL;d1f27ab1-5740-4e66-96c0-219f0d3d48cd;NULL;NULL;NULL;NULL;NULL;NULL;NULL;NULL;LineBisection;0.0000;2026-05-18 10:09:53.3981;Controllers;NULL;NULL;OpenXR
NULL;Right;NULL;NULL;Baseline;NULL;NoMitigation;NULL;NULL;NULL;NULL;NULL;NULL;NULL;NULL;NULL;NULL;None;anonymous;NULL;Trial Started;TaskEvent;1;6df10942-1bd9-444b-9e92-3f4361c07db4;NULL;0.0000;0.3614;-0.5530;0.0000;0.0000;0.0000;NULL;NULL;NULL;NULL;NULL;NULL;NULL;NULL;NULL;0.0000;0.3614;-0.5455;0.0000;0.0000;0.0000;0.0000;0.0000;0.0000;0.0000;0.0000;0.0000;0;NULL;0.0000;0.0000;0.0000;0.0000;0.0000;0.0000;ControllerBody;1.0000;0.0000;NULL;NULL;NULL;NULL;NULL;NULL;NULL;NULL;NULL;NULL;NULL;0.0000;0.3614;-0.5455;0.0000;0.0000;0.0000;0.0000;0.0000;0.0000;0.0000;0.0000;0.0000;0;NULL;0.0000;0.0000;0.0000;0.0000;0.0000;0.0000;ControllerBody;NULL;d1f27ab1-5740-4e66-96c0-219f0d3d48cd;NULL;NULL;NULL;NULL;0.0300;0.0000;0.0000;2.0000;LineBisection;0.0000;2026-05-18 10:09:53.3996;Controllers;1;20;OpenXR
NULL;Right;NULL;NULL;Baseline;NULL;NoMitigation;NULL;NULL;NULL;NULL;NULL;NULL;NULL;NULL;NULL;NULL;None;anonymous;-7.1352;Trial Accepted;TaskEvent;167;6df10942-1bd9-444b-9e92-3f4361c07db4;NULL;0.0033;0.0051;-0.0240;357.8690;352.8956;357.7979;NULL;NULL;NULL;NULL;-0.0714;0.0000;2.0000;NULL;NULL;-0.1878;-0.1718;0.2121;332.2040;356.8097;13.8109;-0.1878;-0.1744;0.2013;332.0530;356.5246;13.9001;0;NULL;-0.1878;-0.1744;0.2013;332.0530;356.5246;13.9001;ControllerBody;1.0000;0.0000;NULL;NULL;NULL;NULL;NULL;NULL;NULL;NULL;NULL;NULL;NULL;0.0130;-0.0583;0.5442;356.0752;356.6849;359.3538;0.0205;-0.0600;0.5359;355.5244;357.1812;359.4673;1;NULL;0.0205;-0.0600;0.5359;355.5244;357.1812;359.4673;ControllerBody;NULL;d1f27ab1-5740-4e66-96c0-219f0d3d48cd;NULL;NULL;NULL;NULL;NULL;NULL;NULL;NULL;LineBisection;2.3817;2026-05-18 10:09:57.2847;Controllers;1;20;OpenXR
NULL;Right;NULL;NULL;Baseline;NULL;NoMitigation;NULL;NULL;NULL;NULL;NULL;NULL;NULL;NULL;NULL;NULL;None;anonymous;NULL;Trial Started;TaskEvent;167;6df10942-1bd9-444b-9e92-3f4361c07db4;NULL;0.0033;0.0051;-0.0240;357.8690;352.8956;357.7979;NULL;NULL;NULL;NULL;NULL;NULL;NULL;NULL;NULL;-0.1878;-0.1718;0.2121;332.2040;356.8097;13.8109;-0.1878;-0.1744;0.2013;332.0530;356.5246;13.9001;0;NULL;-0.1878;-0.1744;0.2013;332.0530;356.5246;13.9001;ControllerBody;1.0000;0.0000;NULL;NULL;NULL;NULL;NULL;NULL;NULL;NULL;NULL;NULL;NULL;0.0130;-0.0583;0.5442;356.0752;356.6849;359.3538;0.0205;-0.0600;0.5359;355.5244;357.1812;359.4673;1;NULL;0.0205;-0.0600;0.5359;355.5244;357.1812;359.4673;ControllerBody;NULL;d1f27ab1-5740-4e66-96c0-219f0d3d48cd;NULL;NULL;NULL;NULL;0.0300;0.0000;0.0000;2.0000;LineBisection;0.0000;2026-05-18 10:09:57.2862;Controllers;2;20;OpenXR
NULL;Right;NULL;NULL;Baseline;NULL;NoMitigation;NULL;NULL;NULL;NULL;NULL;NULL;NULL;NULL;NULL;NULL;None;anonymous;-1.6828;Trial Accepted;TaskEvent;178;6df10942-1bd9-444b-9e92-3f4361c07db4;NULL;-0.0013;0.0071;-0.0241;356.9093;349.6802;357.6769;NULL;NULL;NULL;NULL;-0.0168;0.0000;2.0000;NULL;NULL;-0.1879;-0.1715;0.2113;332.1414;356.7820;13.8138;-0.1870;-0.1732;0.2018;331.6524;356.8272;13.8396;0;NULL;-0.1870;-0.1732;0.2018;331.6524;356.8272;13.8396;ControllerBody;1.0000;0.0000;NULL;NULL;NULL;NULL;NULL;NULL;NULL;NULL;NULL;NULL;NULL;0.0237;-0.0579;0.5449;355.1907;358.4065;359.9126;0.0343;-0.0569;0.5375;354.0059;359.1842;359.9822;1;NULL;0.0343;-0.0569;0.5375;354.0059;359.1842;359.9822;ControllerBody;NULL;d1f27ab1-5740-4e66-96c0-219f0d3d48cd;NULL;NULL;NULL;NULL;NULL;NULL;NULL;NULL;LineBisection;0.2011;2026-05-18 10:09:57.4847;Controllers;2;20;OpenXR
NULL;Right;NULL;NULL;Baseline;NULL;NoMitigation;NULL;NULL;NULL;NULL;NULL;NULL;NULL;NULL;NULL;NULL;None;anonymous;NULL;Trial Started;TaskEvent;178;6df10942-1bd9-444b-9e92-3f4361c07db4;NULL;-0.0013;0.0071;-0.0241;356.9093;349.6802;357.6769;NULL;NULL;NULL;NULL;NULL;NULL;NULL;NULL;NULL;-0.1879;-0.1715;0.2113;332.1414;356.7820;13.8138;-0.1870;-0.1732;0.2018;331.6524;356.8272;13.8396;0;NULL;-0.1870;-0.1732;0.2018;331.6524;356.8272;13.8396;ControllerBody;1.0000;0.0000;NULL;NULL;NULL;NULL;NULL;NULL;NULL;NULL;NULL;NULL;NULL;0.0237;-0.0579;0.5449;355.1907;358.4065;359.9126;0.0343;-0.0569;0.5375;354.0059;359.1842;359.9822;1;NULL;0.0343;-0.0569;0.5375;354.0059;359.1842;359.9822;ControllerBody;NULL;d1f27ab1-5740-4e66-96c0-219f0d3d48cd;NULL;NULL;NULL;NULL;0.0300;0.0000;0.0000;2.0000;LineBisection;0.0000;2026-05-18 10:09:57.4862;Controllers;3;20;OpenXR
NULL;Right;NULL;NULL;Baseline;NULL;NoMitigation;NULL;NULL;NULL;NULL;NULL;NULL;NULL;NULL;NULL;NULL;None;anonymous;-0.1493;Trial Accepted;TaskEvent;190;6df10942-1bd9-444b-9e92-3f4361c07db4;NULL;-0.0041;0.0065;-0.0246;357.3128;348.1650;358.0895;NULL;NULL;NULL;NULL;-0.0015;0.0000;2.0000;NULL;NULL;-0.1878;-0.1714;0.2111;332.1056;356.7533;13.8346;-0.1874;-0.1732;0.2018;331.8423;356.6367;13.8682;0;NULL;-0.1874;-0.1732;0.2018;331.8423;356.6367;13.8682;ControllerBody;1.0000;0.0000;NULL;NULL;NULL;NULL;NULL;NULL;NULL;NULL;NULL;NULL;NULL;0.0259;-0.0569;0.5454;354.4037;358.9221;0.9757;0.0268;-0.0527;0.5377;353.1350;359.5669;1.2397;1;NULL;0.0268;-0.0527;0.5377;353.1350;359.5669;1.2397;ControllerBody;NULL;d1f27ab1-5740-4e66-96c0-219f0d3d48cd;NULL;NULL;NULL;NULL;NULL;NULL;NULL;NULL;LineBisection;0.1978;2026-05-18 10:09:57.6821;Controllers;3;20;OpenXR
NULL;Right;NULL;NULL;Baseline;NULL;NoMitigation;NULL;NULL;NULL;NULL;NULL;NULL;NULL;NULL;NULL;NULL;None;anonymous;NULL;Trial Started;TaskEvent;190;6df10942-1bd9-444b-9e92-3f4361c07db4;NULL;-0.0041;0.0065;-0.0246;357.3128;348.1650;358.0895;NULL;NULL;NULL;NULL;NULL;NULL;NULL;NULL;NULL;-0.1878;-0.1714;0.2111;332.1056;356.7533;13.8346;-0.1874;-0.1732;0.2018;331.8423;356.6367;13.8682;0;NULL;-0.1874;-0.1732;0.2018;331.8423;356.6367;13.8682;ControllerBody;1.0000;0.0000;NULL;NULL;NULL;NULL;NULL;NULL;NULL;NULL;NULL;NULL;NULL;0.0259;-0.0569;0.5454;354.4037;358.9221;0.9757;0.0268;-0.0527;0.5377;353.1350;359.5669;1.2397;1;NULL;0.0268;-0.0527;0.5377;353.1350;359.5669;1.2397;ControllerBody;NULL;d1f27ab1-5740-4e66-96c0-219f0d3d48cd;NULL;NULL;NULL;NULL;0.0300;0.0000;0.0000;2.0000;LineBisection;0.0000;2026-05-18 10:09:57.6831;Controllers;4;20;OpenXR
NULL;Right;NULL;NULL;Baseline;NULL;NoMitigation;NULL;NULL;NULL;NULL;NULL;NULL;NULL;NULL;NULL;NULL;None;anonymous;1.1497;Trial Accepted;TaskEvent;201;6df10942-1bd9-444b-9e92-3f4361c07db4;NULL;-0.0045;0.0066;-0.0260;357.3188;348.0929;358.1624;NULL;NULL;NULL;NULL;0.0115;0.0000;2.0000;NULL;NULL;-0.1881;-0.1698;0.2089;331.8129;356.7926;13.9448;-0.1887;-0.1692;0.1968;331.1486;356.7768;13.9642;0;NULL;-0.1887;-0.1692;0.1968;331.1486;356.7768;13.9642;ControllerBody;1.0000;0.0000;NULL;NULL;NULL;NULL;NULL;NULL;NULL;NULL;NULL;NULL;NULL;0.0262;-0.0553;0.5461;354.0252;359.4201;1.2064;0.0258;-0.0513;0.5400;352.9517;359.0667;1.4709;1;NULL;0.0258;-0.0513;0.5400;352.9517;359.0667;1.4709;ControllerBody;NULL;d1f27ab1-5740-4e66-96c0-219f0d3d48cd;NULL;NULL;NULL;NULL;NULL;NULL;NULL;NULL;LineBisection;0.1924;2026-05-18 10:09:57.8742;Controllers;4;20;OpenXR
NULL;Right;NULL;NULL;Baseline;NULL;NoMitigation;NULL;NULL;NULL;NULL;NULL;NULL;NULL;NULL;NULL;NULL;None;anonymous;NULL;Trial Started;TaskEvent;201;6df10942-1bd9-444b-9e92-3f4361c07db4;NULL;-0.0045;0.0066;-0.0260;357.3188;348.0929;358.1624;NULL;NULL;NULL;NULL;NULL;NULL;NULL;NULL;NULL;-0.1881;-0.1698;0.2089;331.8129;356.7926;13.9448;-0.1887;-0.1692;0.1968;331.1486;356.7768;13.9642;0;NULL;-0.1887;-0.1692;0.1968;331.1486;356.7768;13.9642;ControllerBody;1.0000;0.0000;NULL;NULL;NULL;NULL;NULL;NULL;NULL;NULL;NULL;NULL;NULL;0.0262;-0.0553;0.5461;354.0252;359.4201;1.2064;0.0258;-0.0513;0.5400;352.9517;359.0667;1.4709;1;NULL;0.0258;-0.0513;0.5400;352.9517;359.0667;1.4709;ControllerBody;NULL;d1f27ab1-5740-4e66-96c0-219f0d3d48cd;NULL;NULL;NULL;NULL;0.0300;0.0000;0.0000;2.0000;LineBisection;0.0000;2026-05-18 10:09:57.8758;Controllers;5;20;OpenXR
NULL;Right;NULL;NULL;Baseline;NULL;NoMitigation;NULL;NULL;NULL;NULL;NULL;NULL;NULL;NULL;NULL;NULL;None;anonymous;1.4998;Trial Accepted;TaskEvent;212;6df10942-1bd9-444b-9e92-3f4361c07db4;NULL;-0.0054;0.0075;-0.0264;357.0610;347.9408;358.5994;NULL;NULL;NULL;NULL;0.0150;0.0000;2.0000;NULL;NULL;-0.1886;-0.1681;0.2067;331.5586;356.8043;13.9165;-0.1890;-0.1683;0.1959;331.1540;356.9713;13.6503;0;NULL;-0.1890;-0.1683;0.1959;331.1540;356.9713;13.6503;ControllerBody;1.0000;0.0000;NULL;NULL;NULL;NULL;NULL;NULL;NULL;NULL;NULL;NULL;NULL;0.0264;-0.0544;0.5475;353.9171;359.5519;1.3205;0.0237;-0.0527;0.5423;353.0922;358.5170;1.4948;1;NULL;0.0237;-0.0527;0.5423;353.0922;358.5170;1.4948;ControllerBody;NULL;d1f27ab1-5740-4e66-96c0-219f0d3d48cd;NULL;NULL;NULL;NULL;NULL;NULL;NULL;NULL;LineBisection;0.2004;2026-05-18 10:09:58.0751;Controllers;5;20;OpenXR
NULL;Right;NULL;NULL;Baseline;NULL;NoMitigation;NULL;NULL;NULL;NULL;NULL;NULL;NULL;NULL;NULL;NULL;None;anonymous;NULL;Trial Started;TaskEvent;212;6df10942-1bd9-444b-9e92-3f4361c07db4;NULL;-0.0054;0.0075;-0.0264;357.0610;347.9408;358.5994;NULL;NULL;NULL;NULL;NULL;NULL;NULL;NULL;NULL;-0.1886;-0.1681;0.2067;331.5586;356.8043;13.9165;-0.1890;-0.1683;0.1959;331.1540;356.9713;13.6503;0;NULL;-0.1890;-0.1683;0.1959;331.1540;356.9713;13.6503;ControllerBody;1.0000;0.0000;NULL;NULL;NULL;NULL;NULL;NULL;NULL;NULL;NULL;NULL;NULL;0.0264;-0.0544;0.5475;353.9171;359.5519;1.3205;0.0237;-0.0527;0.5423;353.0922;358.5170;1.4948;1;NULL;0.0237;-0.0527;0.5423;353.0922;358.5170;1.4948;ControllerBody;NULL;d1f27ab1-5740-4e66-96c0-219f0d3d48cd;NULL;NULL;NULL;NULL;0.0300;0.0000;0.0000;2.0000;LineBisection;0.0000;2026-05-18 10:09:58.0766;Controllers;6;20;OpenXR
NULL;Right;NULL;NULL;Baseline;NULL;NoMitigation;NULL;NULL;NULL;NULL;NULL;NULL;NULL;NULL;NULL;NULL;None;anonymous;1.0521;Trial Accepted;TaskEvent;223;6df10942-1bd9-444b-9e92-3f4361c07db4;NULL;-0.0039;0.0080;-0.0253;356.8191;348.3341;358.3947;NULL;NULL;NULL;NULL;0.0105;0.0000;2.0000;NULL;NULL;-0.1890;-0.1665;0.2051;331.2263;356.8000;13.7707;-0.1886;-0.1665;0.1954;330.7464;356.8985;13.4216;0;NULL;-0.1886;-0.1665;0.1954;330.7464;356.8985;13.4216;ControllerBody;1.0000;0.0000;NULL;NULL;NULL;NULL;NULL;NULL;NULL;NULL;NULL;NULL;NULL;0.0255;-0.0536;0.5483;353.6450;359.4088;1.4058;0.0207;-0.0503;0.5412;352.4974;358.6717;1.3159;1;NULL;0.0207;-0.0503;0.5412;352.4974;358.6717;1.3159;ControllerBody;NULL;d1f27ab1-5740-4e66-96c0-219f0d3d48cd;NULL;NULL;NULL;NULL;NULL;NULL;NULL;NULL;LineBisection;0.1999;2026-05-18 10:09:58.2752;Controllers;6;20;OpenXR
NULL;Right;NULL;NULL;Baseline;NULL;NoMitigation;NULL;NULL;NULL;NULL;NULL;NULL;NULL;NULL;NULL;NULL;None;anonymous;NULL;Trial Started;TaskEvent;223;6df10942-1bd9-444b-9e92-3f4361c07db4;NULL;-0.0039;0.0080;-0.0253;356.8191;348.3341;358.3947;NULL;NULL;NULL;NULL;NULL;NULL;NULL;NULL;NULL;-0.1890;-0.1665;0.2051;331.2263;356.8000;13.7707;-0.1886;-0.1665;0.1954;330.7464;356.8985;13.4216;0;NULL;-0.1886;-0.1665;0.1954;330.7464;356.8985;13.4216;ControllerBody;1.0000;0.0000;NULL;NULL;NULL;NULL;NULL;NULL;NULL;NULL;NULL;NULL;NULL;0.0255;-0.0536;0.5483;353.6450;359.4088;1.4058;0.0207;-0.0503;0.5412;352.4974;358.6717;1.3159;1;NULL;0.0207;-0.0503;0.5412;352.4974;358.6717;1.3159;ControllerBody;NULL;d1f27ab1-5740-4e66-96c0-219f0d3d48cd;NULL;NULL;NULL;NULL;0.0300;0.0000;0.0000;2.0000;LineBisection;0.0000;2026-05-18 10:09:58.2768;Controllers;7;20;OpenXR
NULL;Right;NULL;NULL;Baseline;NULL;NoMitigation;NULL;NULL;NULL;NULL;NULL;NULL;NULL;NULL;NULL;NULL;None;anonymous;-0.3989;Trial Accepted;TaskEvent;235;6df10942-1bd9-444b-9e92-3f4361c07db4;NULL;-0.0029;0.0068;-0.0236;357.3806;348.9531;358.3019;NULL;NULL;NULL;NULL;-0.0040;0.0000;2.0000;NULL;NULL;-0.1883;-0.1654;0.2044;331.0798;357.0063;13.5894;-0.1850;-0.1657;0.1957;330.7391;357.6158;13.0866;0;NULL;-0.1850;-0.1657;0.1957;330.7391;357.6158;13.0866;ControllerBody;1.0000;0.0000;NULL;NULL;NULL;NULL;NULL;NULL;NULL;NULL;NULL;NULL;NULL;0.0219;-0.0509;0.5477;353.0932;358.9799;1.7205;0.0144;-0.0466;0.5367;352.0942;357.5000;2.0175;1;NULL;0.0144;-0.0466;0.5367;352.0942;357.5000;2.0175;ControllerBody;NULL;d1f27ab1-5740-4e66-96c0-219f0d3d48cd;NULL;NULL;NULL;NULL;NULL;NULL;NULL;NULL;LineBisection;0.2162;2026-05-18 10:09:58.4905;Controllers;7;20;OpenXR
NULL;Right;NULL;NULL;Baseline;NULL;NoMitigation;NULL;NULL;NULL;NULL;NULL;NULL;NULL;NULL;NULL;NULL;None;anonymous;NULL;Trial Started;TaskEvent;235;6df10942-1bd9-444b-9e92-3f4361c07db4;NULL;-0.0029;0.0068;-0.0236;357.3806;348.9531;358.3019;NULL;NULL;NULL;NULL;NULL;NULL;NULL;NULL;NULL;-0.1883;-0.1654;0.2044;331.0798;357.0063;13.5894;-0.1850;-0.1657;0.1957;330.7391;357.6158;13.0866;0;NULL;-0.1850;-0.1657;0.1957;330.7391;357.6158;13.0866;ControllerBody;1.0000;0.0000;NULL;NULL;NULL;NULL;NULL;NULL;NULL;NULL;NULL;NULL;NULL;0.0219;-0.0509;0.5477;353.0932;358.9799;1.7205;0.0144;-0.0466;0.5367;352.0942;357.5000;2.0175;1;NULL;0.0144;-0.0466;0.5367;352.0942;357.5000;2.0175;ControllerBody;NULL;d1f27ab1-5740-4e66-96c0-219f0d3d48cd;NULL;NULL;NULL;NULL;0.0300;0.0000;0.0000;2.0000;LineBisection;0.0000;2026-05-18 10:09:58.4930;Controllers;8;20;OpenXR
NULL;Right;NULL;NULL;Baseline;NULL;NoMitigation;NULL;NULL;NULL;NULL;NULL;NULL;NULL;NULL;NULL;NULL;None;anonymous;-0.2191;Trial Accepted;TaskEvent;247;6df10942-1bd9-444b-9e92-3f4361c07db4;NULL;-0.0025;0.0066;-0.0234;357.5464;349.4027;358.6817;NULL;NULL;NULL;NULL;-0.0022;0.0000;2.0000;NULL;NULL;-0.1872;-0.1636;0.2022;330.1345;357.8476;13.7744;-0.1849;-0.1640;0.1916;329.5980;358.5382;13.9603;0;NULL;-0.1849;-0.1640;0.1916;329.5980;358.5382;13.9603;ControllerBody;1.0000;0.0000;NULL;NULL;NULL;NULL;NULL;NULL;NULL;NULL;NULL;NULL;NULL;0.0209;-0.0502;0.5475;353.1780;359.0884;1.9959;0.0187;-0.0498;0.5391;352.4816;358.3964;2.0911;1;NULL;0.0187;-0.0498;0.5391;352.4816;358.3964;2.0911;ControllerBody;NULL;d1f27ab1-5740-4e66-96c0-219f0d3d48cd;NULL;NULL;NULL;NULL;NULL;NULL;NULL;NULL;LineBisection;0.2176;2026-05-18 10:09:58.7094;Controllers;8;20;OpenXR
NULL;Right;NULL;NULL;Baseline;NULL;NoMitigation;NULL;NULL;NULL;NULL;NULL;NULL;NULL;NULL;NULL;NULL;None;anonymous;NULL;Trial Started;TaskEvent;247;6df10942-1bd9-444b-9e92-3f4361c07db4;NULL;-0.0025;0.0066;-0.0234;357.5464;349.4027;358.6817;NULL;NULL;NULL;NULL;NULL;NULL;NULL;NULL;NULL;-0.1872;-0.1636;0.2022;330.1345;357.8476;13.7744;-0.1849;-0.1640;0.1916;329.5980;358.5382;13.9603;0;NULL;-0.1849;-0.1640;0.1916;329.5980;358.5382;13.9603;ControllerBody;1.0000;0.0000;NULL;NULL;NULL;NULL;NULL;NULL;NULL;NULL;NULL;NULL;NULL;0.0209;-0.0502;0.5475;353.1780;359.0884;1.9959;0.0187;-0.0498;0.5391;352.4816;358.3964;2.0911;1;NULL;0.0187;-0.0498;0.5391;352.4816;358.3964;2.0911;ControllerBody;NULL;d1f27ab1-5740-4e66-96c0-219f0d3d48cd;NULL;NULL;NULL;NULL;0.0300;0.0000;0.0000;2.0000;LineBisection;0.0000;2026-05-18 10:09:58.7109;Controllers;9;20;OpenXR
NULL;Right;NULL;NULL;Baseline;NULL;NoMitigation;NULL;NULL;NULL;NULL;NULL;NULL;NULL;NULL;NULL;NULL;None;anonymous;-0.2403;Trial Accepted;TaskEvent;259;6df10942-1bd9-444b-9e92-3f4361c07db4;NULL;-0.0015;0.0065;-0.0224;357.4653;350.1698;359.0875;NULL;NULL;NULL;NULL;-0.0024;0.0000;2.0000;NULL;NULL;-0.1865;-0.1621;0.2005;329.6539;358.1667;13.9094;-0.1844;-0.1637;0.1909;329.3085;358.5174;13.8681;0;NULL;-0.1844;-0.1637;0.1909;329.3085;358.5174;13.8681;ControllerBody;1.0000;0.0000;NULL;NULL;NULL;NULL;NULL;NULL;NULL;NULL;NULL;NULL;NULL;0.0207;-0.0501;0.5473;353.1978;359.0886;2.1117;0.0175;-0.0494;0.5357;352.2528;357.9196;2.3236;1;NULL;0.0175;-0.0494;0.5357;352.2528;357.9196;2.3236;ControllerBody;NULL;d1f27ab1-5740-4e66-96c0-219f0d3d48cd;NULL;NULL;NULL;NULL;NULL;NULL;NULL;NULL;LineBisection;0.2164;2026-05-18 10:09:58.9244;Controllers;9;20;OpenXR
NULL;Right;NULL;NULL;Baseline;NULL;NoMitigation;NULL;NULL;NULL;NULL;NULL;NULL;NULL;NULL;NULL;NULL;None;anonymous;NULL;Trial Started;TaskEvent;259;6df10942-1bd9-444b-9e92-3f4361c07db4;NULL;-0.0015;0.0065;-0.0224;357.4653;350.1698;359.0875;NULL;NULL;NULL;NULL;NULL;NULL;NULL;NULL;NULL;-0.1865;-0.1621;0.2005;329.6539;358.1667;13.9094;-0.1844;-0.1637;0.1909;329.3085;358.5174;13.8681;0;NULL;-0.1844;-0.1637;0.1909;329.3085;358.5174;13.8681;ControllerBody;1.0000;0.0000;NULL;NULL;NULL;NULL;NULL;NULL;NULL;NULL;NULL;NULL;NULL;0.0207;-0.0501;0.5473;353.1978;359.0886;2.1117;0.0175;-0.0494;0.5357;352.2528;357.9196;2.3236;1;NULL;0.0175;-0.0494;0.5357;352.2528;357.9196;2.3236;ControllerBody;NULL;d1f27ab1-5740-4e66-96c0-219f0d3d48cd;NULL;NULL;NULL;NULL;0.0300;0.0000;0.0000;2.0000;LineBisection;0.0000;2026-05-18 10:09:58.9259;Controllers;10;20;OpenXR
NULL;Right;NULL;NULL;Baseline;NULL;NoMitigation;NULL;NULL;NULL;NULL;NULL;NULL;NULL;NULL;NULL;NULL;None;anonymous;0.8358;Trial Accepted;TaskEvent;272;6df10942-1bd9-444b-9e92-3f4361c07db4;NULL;-0.0029;0.0067;-0.0227;357.2914;349.7749;359.0536;NULL;NULL;NULL;NULL;0.0084;0.0000;2.0000;NULL;NULL;-0.1860;-0.1614;0.1995;329.5217;358.3238;13.8853;-0.1853;-0.1634;0.1903;329.2864;358.5618;13.7059;0;NULL;-0.1853;-0.1634;0.1903;329.2864;358.5618;13.7059;ControllerBody;1.0000;0.0000;NULL;NULL;NULL;NULL;NULL;NULL;NULL;NULL;NULL;NULL;NULL;0.0208;-0.0501;0.5470;353.3511;359.5107;2.2570;0.0218;-0.0514;0.5393;352.6493;358.9369;2.6869;1;NULL;0.0218;-0.0514;0.5393;352.6493;358.9369;2.6869;ControllerBody;NULL;d1f27ab1-5740-4e66-96c0-219f0d3d48cd;NULL;NULL;NULL;NULL;NULL;NULL;NULL;NULL;LineBisection;0.2335;2026-05-18 10:09:59.1584;Controllers;10;20;OpenXR
NULL;Right;NULL;NULL;Baseline;NULL;NoMitigation;NULL;NULL;NULL;NULL;NULL;NULL;NULL;NULL;NULL;NULL;None;anonymous;NULL;Trial Started;TaskEvent;272;6df10942-1bd9-444b-9e92-3f4361c07db4;NULL;-0.0029;0.0067;-0.0227;357.2914;349.7749;359.0536;NULL;NULL;NULL;NULL;NULL;NULL;NULL;NULL;NULL;-0.1860;-0.1614;0.1995;329.5217;358.3238;13.8853;-0.1853;-0.1634;0.1903;329.2864;358.5618;13.7059;0;NULL;-0.1853;-0.1634;0.1903;329.2864;358.5618;13.7059;ControllerBody;1.0000;0.0000;NULL;NULL;NULL;NULL;NULL;NULL;NULL;NULL;NULL;NULL;NULL;0.0208;-0.0501;0.5470;353.3511;359.5107;2.2570;0.0218;-0.0514;0.5393;352.6493;358.9369;2.6869;1;NULL;0.0218;-0.0514;0.5393;352.6493;358.9369;2.6869;ControllerBody;NULL;d1f27ab1-5740-4e66-96c0-219f0d3d48cd;NULL;NULL;NULL;NULL;0.0300;0.0000;0.0000;2.0000;LineBisection;0.0000;2026-05-18 10:09:59.1599;Controllers;11;20;OpenXR
NULL;Right;NULL;NULL;Baseline;NULL;NoMitigation;NULL;NULL;NULL;NULL;NULL;NULL;NULL;NULL;NULL;NULL;None;anonymous;0.7141;Trial Accepted;TaskEvent;283;6df10942-1bd9-444b-9e92-3f4361c07db4;NULL;-0.0027;0.0065;-0.0228;357.5828;350.0756;359.3737;NULL;NULL;NULL;NULL;0.0071;0.0000;2.0000;NULL;NULL;-0.1859;-0.1610;0.1990;329.4896;358.3806;13.8976;-0.1844;-0.1628;0.1897;329.1891;358.7197;13.7804;0;NULL;-0.1844;-0.1628;0.1897;329.1891;358.7197;13.7804;ControllerBody;1.0000;0.0000;NULL;NULL;NULL;NULL;NULL;NULL;NULL;NULL;NULL;NULL;NULL;0.0213;-0.0498;0.5470;352.9036;359.4427;2.3413;0.0195;-0.0469;0.5355;351.2776;358.1944;2.5754;1;NULL;0.0195;-0.0469;0.5355;351.2776;358.1944;2.5754;ControllerBody;NULL;d1f27ab1-5740-4e66-96c0-219f0d3d48cd;NULL;NULL;NULL;NULL;NULL;NULL;NULL;NULL;LineBisection;0.1997;2026-05-18 10:09:59.3577;Controllers;11;20;OpenXR
NULL;Right;NULL;NULL;Baseline;NULL;NoMitigation;NULL;NULL;NULL;NULL;NULL;NULL;NULL;NULL;NULL;NULL;None;anonymous;NULL;Trial Started;TaskEvent;283;6df10942-1bd9-444b-9e92-3f4361c07db4;NULL;-0.0027;0.0065;-0.0228;357.5828;350.0756;359.3737;NULL;NULL;NULL;NULL;NULL;NULL;NULL;NULL;NULL;-0.1859;-0.1610;0.1990;329.4896;358.3806;13.8976;-0.1844;-0.1628;0.1897;329.1891;358.7197;13.7804;0;NULL;-0.1844;-0.1628;0.1897;329.1891;358.7197;13.7804;ControllerBody;1.0000;0.0000;NULL;NULL;NULL;NULL;NULL;NULL;NULL;NULL;NULL;NULL;NULL;0.0213;-0.0498;0.5470;352.9036;359.4427;2.3413;0.0195;-0.0469;0.5355;351.2776;358.1944;2.5754;1;NULL;0.0195;-0.0469;0.5355;351.2776;358.1944;2.5754;ControllerBody;NULL;d1f27ab1-5740-4e66-96c0-219f0d3d48cd;NULL;NULL;NULL;NULL;0.0300;0.0000;0.0000;2.0000;LineBisection;0.0000;2026-05-18 10:09:59.3603;Controllers;12;20;OpenXR
NULL;Right;NULL;NULL;Baseline;NULL;NoMitigation;NULL;NULL;NULL;NULL;NULL;NULL;NULL;NULL;NULL;NULL;None;anonymous;0.5145;Trial Accepted;TaskEvent;296;6df10942-1bd9-444b-9e92-3f4361c07db4;NULL;-0.0028;0.0068;-0.0235;357.0973;349.8499;359.0229;NULL;NULL;NULL;NULL;0.0051;0.0000;2.0000;NULL;NULL;-0.1857;-0.1605;0.1984;329.3967;358.4742;13.8819;-0.1848;-0.1622;0.1895;329.0475;358.8578;13.8297;0;NULL;-0.1848;-0.1622;0.1895;329.0475;358.8578;13.8297;ControllerBody;1.0000;0.0000;NULL;NULL;NULL;NULL;NULL;NULL;NULL;NULL;NULL;NULL;NULL;0.0212;-0.0496;0.5468;352.9255;359.3678;2.4176;0.0197;-0.0500;0.5388;351.9602;358.7198;2.9379;1;NULL;0.0197;-0.0500;0.5388;351.9602;358.7198;2.9379;ControllerBody;NULL;d1f27ab1-5740-4e66-96c0-219f0d3d48cd;NULL;NULL;NULL;NULL;NULL;NULL;NULL;NULL;LineBisection;0.2341;2026-05-18 10:09:59.5930;Controllers;12;20;OpenXR
NULL;Right;NULL;NULL;Baseline;NULL;NoMitigation;NULL;NULL;NULL;NULL;NULL;NULL;NULL;NULL;NULL;NULL;None;anonymous;NULL;Trial Started;TaskEvent;296;6df10942-1bd9-444b-9e92-3f4361c07db4;NULL;-0.0028;0.0068;-0.0235;357.0973;349.8499;359.0229;NULL;NULL;NULL;NULL;NULL;NULL;NULL;NULL;NULL;-0.1857;-0.1605;0.1984;329.3967;358.4742;13.8819;-0.1848;-0.1622;0.1895;329.0475;358.8578;13.8297;0;NULL;-0.1848;-0.1622;0.1895;329.0475;358.8578;13.8297;ControllerBody;1.0000;0.0000;NULL;NULL;NULL;NULL;NULL;NULL;NULL;NULL;NULL;NULL;NULL;0.0212;-0.0496;0.5468;352.9255;359.3678;2.4176;0.0197;-0.0500;0.5388;351.9602;358.7198;2.9379;1;NULL;0.0197;-0.0500;0.5388;351.9602;358.7198;2.9379;ControllerBody;NULL;d1f27ab1-5740-4e66-96c0-219f0d3d48cd;NULL;NULL;NULL;NULL;0.0300;0.0000;0.0000;2.0000;LineBisection;0.0000;2026-05-18 10:09:59.5940;Controllers;13;20;OpenXR
NULL;Right;NULL;NULL;Baseline;NULL;NoMitigation;NULL;NULL;NULL;NULL;NULL;NULL;NULL;NULL;NULL;NULL;None;anonymous;0.8557;Trial Accepted;TaskEvent;309;6df10942-1bd9-444b-9e92-3f4361c07db4;NULL;-0.0030;0.0068;-0.0235;357.2025;349.9762;359.0833;NULL;NULL;NULL;NULL;0.0086;0.0000;2.0000;NULL;NULL;-0.1855;-0.1601;0.1980;329.3033;358.5794;13.8480;-0.1842;-0.1627;0.1901;329.1581;358.8692;13.6818;0;NULL;-0.1842;-0.1627;0.1901;329.1581;358.8692;13.6818;ControllerBody;1.0000;0.0000;NULL;NULL;NULL;NULL;NULL;NULL;NULL;NULL;NULL;NULL;NULL;0.0213;-0.0499;0.5478;353.0973;359.4983;2.5396;0.0204;-0.0509;0.5422;352.4047;359.0654;2.7669;1;NULL;0.0204;-0.0509;0.5422;352.4047;359.0654;2.7669;ControllerBody;NULL;d1f27ab1-5740-4e66-96c0-219f0d3d48cd;NULL;NULL;NULL;NULL;NULL;NULL;NULL;NULL;LineBisection;0.2178;2026-05-18 10:09:59.8114;Controllers;13;20;OpenXR
NULL;Right;NULL;NULL;Baseline;NULL;NoMitigation;NULL;NULL;NULL;NULL;NULL;NULL;NULL;NULL;NULL;NULL;None;anonymous;NULL;Trial Started;TaskEvent;309;6df10942-1bd9-444b-9e92-3f4361c07db4;NULL;-0.0030;0.0068;-0.0235;357.2025;349.9762;359.0833;NULL;NULL;NULL;NULL;NULL;NULL;NULL;NULL;NULL;-0.1855;-0.1601;0.1980;329.3033;358.5794;13.8480;-0.1842;-0.1627;0.1901;329.1581;358.8692;13.6818;0;NULL;-0.1842;-0.1627;0.1901;329.1581;358.8692;13.6818;ControllerBody;1.0000;0.0000;NULL;NULL;NULL;NULL;NULL;NULL;NULL;NULL;NULL;NULL;NULL;0.0213;-0.0499;0.5478;353.0973;359.4983;2.5396;0.0204;-0.0509;0.5422;352.4047;359.0654;2.7669;1;NULL;0.0204;-0.0509;0.5422;352.4047;359.0654;2.7669;ControllerBody;NULL;d1f27ab1-5740-4e66-96c0-219f0d3d48cd;NULL;NULL;NULL;NULL;0.0300;0.0000;0.0000;2.0000;LineBisection;0.0000;2026-05-18 10:09:59.8129;Controllers;14;20;OpenXR
NULL;Right;NULL;NULL;Baseline;NULL;NoMitigation;NULL;NULL;NULL;NULL;NULL;NULL;NULL;NULL;NULL;NULL;None;anonymous;0.2746;Trial Accepted;TaskEvent;322;6df10942-1bd9-444b-9e92-3f4361c07db4;NULL;-0.0027;0.0060;-0.0231;357.5303;350.0941;359.0267;NULL;NULL;NULL;NULL;0.0027;0.0000;2.0000;NULL;NULL;-0.1853;-0.1598;0.1977;329.2567;358.6392;13.8189;-0.1840;-0.1624;0.1897;329.1520;358.9199;13.6106;0;NULL;-0.1840;-0.1624;0.1897;329.1520;358.9199;13.6106;ControllerBody;1.0000;0.0000;NULL;NULL;NULL;NULL;NULL;NULL;NULL;NULL;NULL;NULL;NULL;0.0213;-0.0500;0.5483;353.2704;359.2690;2.4050;0.0210;-0.0511;0.5381;352.7665;358.7512;2.3217;1;NULL;0.0210;-0.0511;0.5381;352.7665;358.7512;2.3217;ControllerBody;NULL;d1f27ab1-5740-4e66-96c0-219f0d3d48cd;NULL;NULL;NULL;NULL;NULL;NULL;NULL;NULL;LineBisection;0.2489;2026-05-18 10:10:00.0598;Controllers;14;20;OpenXR
NULL;Right;NULL;NULL;Baseline;NULL;NoMitigation;NULL;NULL;NULL;NULL;NULL;NULL;NULL;NULL;NULL;NULL;None;anonymous;NULL;Trial Started;TaskEvent;322;6df10942-1bd9-444b-9e92-3f4361c07db4;NULL;-0.0027;0.0060;-0.0231;357.5303;350.0941;359.0267;NULL;NULL;NULL;NULL;NULL;NULL;NULL;NULL;NULL;-0.1853;-0.1598;0.1977;329.2567;358.6392;13.8189;-0.1840;-0.1624;0.1897;329.1520;358.9199;13.6106;0;NULL;-0.1840;-0.1624;0.1897;329.1520;358.9199;13.6106;ControllerBody;1.0000;0.0000;NULL;NULL;NULL;NULL;NULL;NULL;NULL;NULL;NULL;NULL;NULL;0.0213;-0.0500;0.5483;353.2704;359.2690;2.4050;0.0210;-0.0511;0.5381;352.7665;358.7512;2.3217;1;NULL;0.0210;-0.0511;0.5381;352.7665;358.7512;2.3217;ControllerBody;NULL;d1f27ab1-5740-4e66-96c0-219f0d3d48cd;NULL;NULL;NULL;NULL;0.0300;0.0000;0.0000;2.0000;LineBisection;0.0000;2026-05-18 10:10:00.0619;Controllers;15;20;OpenXR
NULL;Right;NULL;NULL;Baseline;NULL;NoMitigation;NULL;NULL;NULL;NULL;NULL;NULL;NULL;NULL;NULL;NULL;None;anonymous;0.0898;Trial Accepted;TaskEvent;334;6df10942-1bd9-444b-9e92-3f4361c07db4;NULL;-0.0024;0.0060;-0.0227;357.5469;350.0556;359.1788;NULL;NULL;NULL;NULL;0.0009;0.0000;2.0000;NULL;NULL;-0.1851;-0.1595;0.1974;329.2070;358.7159;13.7538;-0.1845;-0.1619;0.1893;329.0431;358.8589;13.5977;0;NULL;-0.1845;-0.1619;0.1893;329.0431;358.8589;13.5977;ControllerBody;1.0000;0.0000;NULL;NULL;NULL;NULL;NULL;NULL;NULL;NULL;NULL;NULL;NULL;0.0208;-0.0498;0.5471;353.2976;359.2133;2.1394;0.0189;-0.0482;0.5341;352.4927;358.9241;2.2566;1;NULL;0.0189;-0.0482;0.5341;352.4927;358.9241;2.2566;ControllerBody;NULL;d1f27ab1-5740-4e66-96c0-219f0d3d48cd;NULL;NULL;NULL;NULL;NULL;NULL;NULL;NULL;LineBisection;0.2168;2026-05-18 10:10:00.2770;Controllers;15;20;OpenXR
NULL;Right;NULL;NULL;Baseline;NULL;NoMitigation;NULL;NULL;NULL;NULL;NULL;NULL;NULL;NULL;NULL;NULL;None;anonymous;NULL;Trial Started;TaskEvent;334;6df10942-1bd9-444b-9e92-3f4361c07db4;NULL;-0.0024;0.0060;-0.0227;357.5469;350.0556;359.1788;NULL;NULL;NULL;NULL;NULL;NULL;NULL;NULL;NULL;-0.1851;-0.1595;0.1974;329.2070;358.7159;13.7538;-0.1845;-0.1619;0.1893;329.0431;358.8589;13.5977;0;NULL;-0.1845;-0.1619;0.1893;329.0431;358.8589;13.5977;ControllerBody;1.0000;0.0000;NULL;NULL;NULL;NULL;NULL;NULL;NULL;NULL;NULL;NULL;NULL;0.0208;-0.0498;0.5471;353.2976;359.2133;2.1394;0.0189;-0.0482;0.5341;352.4927;358.9241;2.2566;1;NULL;0.0189;-0.0482;0.5341;352.4927;358.9241;2.2566;ControllerBody;NULL;d1f27ab1-5740-4e66-96c0-219f0d3d48cd;NULL;NULL;NULL;NULL;0.0300;0.0000;0.0000;2.0000;LineBisection;0.0000;2026-05-18 10:10:00.2790;Controllers;16;20;OpenXR
NULL;Right;NULL;NULL;Baseline;NULL;NoMitigation;NULL;NULL;NULL;NULL;NULL;NULL;NULL;NULL;NULL;NULL;None;anonymous;-0.5664;Trial Accepted;TaskEvent;345;6df10942-1bd9-444b-9e92-3f4361c07db4;NULL;-0.0026;0.0050;-0.0223;358.1793;350.0880;358.9912;NULL;NULL;NULL;NULL;-0.0057;0.0000;2.0000;NULL;NULL;-0.1851;-0.1594;0.1972;329.2050;358.7265;13.7491;-0.1845;-0.1623;0.1890;329.1026;358.8709;13.6570;0;NULL;-0.1845;-0.1623;0.1890;329.1026;358.8709;13.6570;ControllerBody;1.0000;0.0000;NULL;NULL;NULL;NULL;NULL;NULL;NULL;NULL;NULL;NULL;NULL;0.0205;-0.0499;0.5446;353.4985;358.9707;1.9159;0.0190;-0.0519;0.5296;352.7981;358.8054;2.3800;1;NULL;0.0190;-0.0519;0.5296;352.7981;358.8054;2.3800;ControllerBody;NULL;d1f27ab1-5740-4e66-96c0-219f0d3d48cd;NULL;NULL;NULL;NULL;NULL;NULL;NULL;NULL;LineBisection;0.2005;2026-05-18 10:10:00.4771;Controllers;16;20;OpenXR
NULL;Right;NULL;NULL;Baseline;NULL;NoMitigation;NULL;NULL;NULL;NULL;NULL;NULL;NULL;NULL;NULL;NULL;None;anonymous;NULL;Trial Started;TaskEvent;345;6df10942-1bd9-444b-9e92-3f4361c07db4;NULL;-0.0026;0.0050;-0.0223;358.1793;350.0880;358.9912;NULL;NULL;NULL;NULL;NULL;NULL;NULL;NULL;NULL;-0.1851;-0.1594;0.1972;329.2050;358.7265;13.7491;-0.1845;-0.1623;0.1890;329.1026;358.8709;13.6570;0;NULL;-0.1845;-0.1623;0.1890;329.1026;358.8709;13.6570;ControllerBody;1.0000;0.0000;NULL;NULL;NULL;NULL;NULL;NULL;NULL;NULL;NULL;NULL;NULL;0.0205;-0.0499;0.5446;353.4985;358.9707;1.9159;0.0190;-0.0519;0.5296;352.7981;358.8054;2.3800;1;NULL;0.0190;-0.0519;0.5296;352.7981;358.8054;2.3800;ControllerBody;NULL;d1f27ab1-5740-4e66-96c0-219f0d3d48cd;NULL;NULL;NULL;NULL;0.0300;0.0000;0.0000;2.0000;LineBisection;0.0000;2026-05-18 10:10:00.4802;Controllers;17;20;OpenXR
NULL;Right;NULL;NULL;Baseline;NULL;NoMitigation;NULL;NULL;NULL;NULL;NULL;NULL;NULL;NULL;NULL;NULL;None;anonymous;-0.7986;Trial Accepted;TaskEvent;357;6df10942-1bd9-444b-9e92-3f4361c07db4;NULL;-0.0026;0.0054;-0.0217;357.8487;350.0491;359.1544;NULL;NULL;NULL;NULL;-0.0080;0.0000;2.0000;NULL;NULL;-0.1850;-0.1592;0.1969;329.1852;358.7438;13.7372;-0.1849;-0.1623;0.1891;329.1823;358.7977;13.6640;0;NULL;-0.1849;-0.1623;0.1891;329.1823;358.7977;13.6640;ControllerBody;1.0000;0.0000;NULL;NULL;NULL;NULL;NULL;NULL;NULL;NULL;NULL;NULL;NULL;0.0195;-0.0503;0.5413;353.4677;358.9225;2.0251;0.0155;-0.0500;0.5247;352.4953;357.9958;2.7284;1;NULL;0.0155;-0.0500;0.5247;352.4953;357.9958;2.7284;ControllerBody;NULL;d1f27ab1-5740-4e66-96c0-219f0d3d48cd;NULL;NULL;NULL;NULL;NULL;NULL;NULL;NULL;LineBisection;0.2243;2026-05-18 10:10:00.7014;Controllers;17;20;OpenXR
NULL;Right;NULL;NULL;Baseline;NULL;NoMitigation;NULL;NULL;NULL;NULL;NULL;NULL;NULL;NULL;NULL;NULL;None;anonymous;NULL;Trial Started;TaskEvent;357;6df10942-1bd9-444b-9e92-3f4361c07db4;NULL;-0.0026;0.0054;-0.0217;357.8487;350.0491;359.1544;NULL;NULL;NULL;NULL;NULL;NULL;NULL;NULL;NULL;-0.1850;-0.1592;0.1969;329.1852;358.7438;13.7372;-0.1849;-0.1623;0.1891;329.1823;358.7977;13.6640;0;NULL;-0.1849;-0.1623;0.1891;329.1823;358.7977;13.6640;ControllerBody;1.0000;0.0000;NULL;NULL;NULL;NULL;NULL;NULL;NULL;NULL;NULL;NULL;NULL;0.0195;-0.0503;0.5413;353.4677;358.9225;2.0251;0.0155;-0.0500;0.5247;352.4953;357.9958;2.7284;1;NULL;0.0155;-0.0500;0.5247;352.4953;357.9958;2.7284;ControllerBody;NULL;d1f27ab1-5740-4e66-96c0-219f0d3d48cd;NULL;NULL;NULL;NULL;0.0300;0.0000;0.0000;2.0000;LineBisection;0.0000;2026-05-18 10:10:00.7040;Controllers;18;20;OpenXR
NULL;Right;NULL;NULL;Baseline;NULL;NoMitigation;NULL;NULL;NULL;NULL;NULL;NULL;NULL;NULL;NULL;NULL;None;anonymous;-0.9553;Trial Accepted;TaskEvent;369;6df10942-1bd9-444b-9e92-3f4361c07db4;NULL;-0.0020;0.0054;-0.0213;358.0173;350.2053;359.1254;NULL;NULL;NULL;NULL;-0.0096;0.0000;2.0000;NULL;NULL;-0.1849;-0.1592;0.1968;329.2409;358.8882;13.5956;-0.1830;-0.1626;0.1890;329.2302;359.3880;13.1806;0;NULL;-0.1830;-0.1626;0.1890;329.2302;359.3880;13.1806;ControllerBody;1.0000;0.0000;NULL;NULL;NULL;NULL;NULL;NULL;NULL;NULL;NULL;NULL;NULL;0.0179;-0.0499;0.5363;353.5637;358.9246;2.1601;0.0164;-0.0487;0.5195;352.4825;359.1718;2.5062;1;NULL;0.0164;-0.0487;0.5195;352.4825;359.1718;2.5062;ControllerBody;NULL;d1f27ab1-5740-4e66-96c0-219f0d3d48cd;NULL;NULL;NULL;NULL;NULL;NULL;NULL;NULL;LineBisection;0.2174;2026-05-18 10:10:00.9181;Controllers;18;20;OpenXR
NULL;Right;NULL;NULL;Baseline;NULL;NoMitigation;NULL;NULL;NULL;NULL;NULL;NULL;NULL;NULL;NULL;NULL;None;anonymous;NULL;Trial Started;TaskEvent;369;6df10942-1bd9-444b-9e92-3f4361c07db4;NULL;-0.0020;0.0054;-0.0213;358.0173;350.2053;359.1254;NULL;NULL;NULL;NULL;NULL;NULL;NULL;NULL;NULL;-0.1849;-0.1592;0.1968;329.2409;358.8882;13.5956;-0.1830;-0.1626;0.1890;329.2302;359.3880;13.1806;0;NULL;-0.1830;-0.1626;0.1890;329.2302;359.3880;13.1806;ControllerBody;1.0000;0.0000;NULL;NULL;NULL;NULL;NULL;NULL;NULL;NULL;NULL;NULL;NULL;0.0179;-0.0499;0.5363;353.5637;358.9246;2.1601;0.0164;-0.0487;0.5195;352.4825;359.1718;2.5062;1;NULL;0.0164;-0.0487;0.5195;352.4825;359.1718;2.5062;ControllerBody;NULL;d1f27ab1-5740-4e66-96c0-219f0d3d48cd;NULL;NULL;NULL;NULL;0.0300;0.0000;0.0000;2.0000;LineBisection;0.0000;2026-05-18 10:10:00.9212;Controllers;19;20;OpenXR
NULL;Right;NULL;NULL;Baseline;NULL;NoMitigation;NULL;NULL;NULL;NULL;NULL;NULL;NULL;NULL;NULL;NULL;None;anonymous;-0.5531;Trial Accepted;TaskEvent;381;6df10942-1bd9-444b-9e92-3f4361c07db4;NULL;-0.0011;0.0054;-0.0212;358.0382;350.3807;359.1313;NULL;NULL;NULL;NULL;-0.0055;0.0000;2.0000;NULL;NULL;-0.1847;-0.1591;0.1967;329.2528;359.0031;13.5325;-0.1826;-0.1623;0.1896;329.2858;359.4699;13.2999;0;NULL;-0.1826;-0.1623;0.1896;329.2858;359.4699;13.2999;ControllerBody;1.0000;0.0000;NULL;NULL;NULL;NULL;NULL;NULL;NULL;NULL;NULL;NULL;NULL;0.0175;-0.0497;0.5328;353.5687;359.1003;2.1049;0.0186;-0.0498;0.5184;352.5154;359.6235;2.2223;1;NULL;0.0186;-0.0498;0.5184;352.5154;359.6235;2.2223;ControllerBody;NULL;d1f27ab1-5740-4e66-96c0-219f0d3d48cd;NULL;NULL;NULL;NULL;NULL;NULL;NULL;NULL;LineBisection;0.2165;2026-05-18 10:10:01.1346;Controllers;19;20;OpenXR
NULL;Right;NULL;NULL;Baseline;NULL;NoMitigation;NULL;NULL;NULL;NULL;NULL;NULL;NULL;NULL;NULL;NULL;None;anonymous;NULL;Trial Started;TaskEvent;381;6df10942-1bd9-444b-9e92-3f4361c07db4;NULL;-0.0011;0.0054;-0.0212;358.0382;350.3807;359.1313;NULL;NULL;NULL;NULL;NULL;NULL;NULL;NULL;NULL;-0.1847;-0.1591;0.1967;329.2528;359.0031;13.5325;-0.1826;-0.1623;0.1896;329.2858;359.4699;13.2999;0;NULL;-0.1826;-0.1623;0.1896;329.2858;359.4699;13.2999;ControllerBody;1.0000;0.0000;NULL;NULL;NULL;NULL;NULL;NULL;NULL;NULL;NULL;NULL;NULL;0.0175;-0.0497;0.5328;353.5687;359.1003;2.1049;0.0186;-0.0498;0.5184;352.5154;359.6235;2.2223;1;NULL;0.0186;-0.0498;0.5184;352.5154;359.6235;2.2223;ControllerBody;NULL;d1f27ab1-5740-4e66-96c0-219f0d3d48cd;NULL;NULL;NULL;NULL;0.0300;0.0000;0.0000;2.0000;LineBisection;0.0000;2026-05-18 10:10:01.1372;Controllers;20;20;OpenXR
NULL;Right;NULL;NULL;Baseline;NULL;NoMitigation;NULL;NULL;NULL;NULL;NULL;NULL;NULL;NULL;NULL;NULL;None;anonymous;-0.2742;Trial Accepted;TaskEvent;394;6df10942-1bd9-444b-9e92-3f4361c07db4;NULL;-0.0012;0.0055;-0.0213;357.9272;350.4350;359.2201;NULL;NULL;NULL;NULL;-0.0027;0.0000;2.0000;NULL;NULL;-0.1844;-0.1590;0.1966;329.2660;359.1060;13.4921;-0.1829;-0.1623;0.1892;329.2917;359.3567;13.4022;0;NULL;-0.1829;-0.1623;0.1892;329.2917;359.3567;13.4022;ControllerBody;1.0000;0.0000;NULL;NULL;NULL;NULL;NULL;NULL;NULL;NULL;NULL;NULL;NULL;0.0180;-0.0501;0.5315;353.4409;359.1903;2.1138;0.0211;-0.0516;0.5205;352.2937;359.5641;1.8872;1;NULL;0.0211;-0.0516;0.5205;352.2937;359.5641;1.8872;ControllerBody;NULL;d1f27ab1-5740-4e66-96c0-219f0d3d48cd;NULL;NULL;NULL;NULL;NULL;NULL;NULL;NULL;LineBisection;0.2331;2026-05-18 10:10:01.3677;Controllers;20;20;OpenXR
NULL;Right;NULL;NULL;Baseline;NULL;NoMitigation;NULL;NULL;NULL;NULL;NULL;NULL;NULL;NULL;NULL;NULL;None;anonymous;NULL;Block Completed;BlockEvent;394;6df10942-1bd9-444b-9e92-3f4361c07db4;NULL;-0.0012;0.0055;-0.0213;357.9272;350.4350;359.2201;NULL;NULL;NULL;NULL;NULL;NULL;NULL;NULL;NULL;-0.1844;-0.1590;0.1966;329.2660;359.1060;13.4921;-0.1829;-0.1623;0.1892;329.2917;359.3567;13.4022;0;NULL;-0.1829;-0.1623;0.1892;329.2917;359.3567;13.4022;ControllerBody;NULL;NULL;NULL;-0.2994;NULL;NULL;NULL;NULL;NULL;NULL;NULL;NULL;NULL;0.0180;-0.0501;0.5315;353.4409;359.1903;2.1138;0.0211;-0.0516;0.5205;352.2937;359.5641;1.8872;1;NULL;0.0211;-0.0516;0.5205;352.2937;359.5641;1.8872;ControllerBody;1.7985;d1f27ab1-5740-4e66-96c0-219f0d3d48cd;NULL;NULL;NULL;NULL;NULL;NULL;NULL;NULL;LineBisection;0.0000;2026-05-18 10:10:01.3719;Controllers;NULL;20;OpenXR
NULL;Right;NULL;NULL;Exposure;NULL;NoMitigation;NULL;NULL;NULL;NULL;NULL;NULL;NULL;NULL;NULL;NULL;None;anonymous;NULL;Exposure Started;BlockEvent;514;6df10942-1bd9-444b-9e92-3f4361c07db4;NULL;0.0083;0.0006;-0.0575;357.5088;2.2366;1.6143;NULL;NULL;NULL;NULL;NULL;NULL;NULL;NULL;NULL;-0.1654;-0.1532;0.1866;327.9279;4.4426;13.7528;-0.1613;-0.1541;0.1788;328.3498;5.2318;14.5102;0;NULL;-0.1613;-0.1541;0.1788;328.3498;5.2318;14.5102;ControllerBody;NULL;NULL;NULL;NULL;NULL;NULL;NULL;NULL;NULL;NULL;NULL;NULL;NULL;0.1644;0.1216;0.2032;281.4517;43.3996;324.6775;0.1465;0.1029;0.2157;282.3810;38.8764;331.7449;0;NULL;0.1465;0.1029;0.2157;282.3810;38.8764;331.7449;ControllerBody;NULL;d1f27ab1-5740-4e66-96c0-219f0d3d48cd;NULL;LineBisection;NULL;NULL;NULL;NULL;NULL;NULL;Exposure;2.0165;2026-05-18 10:10:03.3843;Controllers;NULL;NULL;OpenXR
NULL;Right;NULL;NULL;Exposure;NULL;NoMitigation;2;1;0;0;0;0;0.5000;0.0000;2.0000;NULL;None;anonymous;NULL;Mole Spawned;MoleEvent;514;6df10942-1bd9-444b-9e92-3f4361c07db4;NULL;0.0083;0.0006;-0.0575;357.5088;2.2366;1.6143;NULL;NULL;NULL;NULL;NULL;NULL;NULL;NULL;NULL;-0.1654;-0.1532;0.1866;327.9279;4.4426;13.7528;-0.1613;-0.1541;0.1788;328.3498;5.2318;14.5102;0;NULL;-0.1613;-0.1541;0.1788;328.3498;5.2318;14.5102;ControllerBody;NULL;NULL;NULL;NULL;2;1;0;0;0;0;0.5000;0.0000;2.0000;0.1644;0.1216;0.2032;281.4517;43.3996;324.6775;0.1465;0.1029;0.2157;282.3810;38.8764;331.7449;0;NULL;0.1465;0.1029;0.2157;282.3810;38.8764;331.7449;ControllerBody;NULL;d1f27ab1-5740-4e66-96c0-219f0d3d48cd;NULL;NULL;NULL;1;NULL;0.5000;0.0000;2.0000;Exposure;0.0000;2026-05-18 10:10:03.3899;Controllers;NULL;NULL;OpenXR
NULL;Right;NULL;1;Exposure;NULL;NoMitigation;2;1;0;0;0;0;0.5000;0.0000;2.0000;NULL;None;anonymous;NULL;Pointer Shoot;PointerEvent;565;6df10942-1bd9-444b-9e92-3f4361c07db4;NULL;0.0106;-0.0026;-0.0491;0.6579;5.1393;358.8794;NULL;0.4672;-0.0092;2.0000;0.4672;-0.0092;2.0000;NULL;NULL;-0.1670;-0.1469;0.1814;327.1297;4.6636;14.5293;-0.1633;-0.1524;0.1773;327.1436;5.4823;14.0175;0;NULL;-0.1633;-0.1524;0.1773;327.1436;5.4823;14.0175;ControllerBody;NULL;NULL;NULL;NULL;2;1;0;0;0;0;0.5000;0.0000;2.0000;0.1568;-0.0693;0.5381;357.6971;11.9868;358.6066;0.1628;-0.0695;0.5310;356.9876;12.3574;359.3391;1;NULL;0.1628;-0.0695;0.5310;356.9876;12.3574;359.3391;ControllerBody;NULL;d1f27ab1-5740-4e66-96c0-219f0d3d48cd;NULL;NULL;0;1;NULL;0.5000;0.0000;2.0000;Exposure;0.9172;2026-05-18 10:10:04.3023;Controllers;NULL;NULL;OpenXR
NULL;Right;NULL;1;Exposure;NULL;NoMitigation;2;1;0;0;0;0;0.5000;0.0000;2.0000;NULL;None;anonymous;NULL;Mole Hit;MoleEvent;565;6df10942-1bd9-444b-9e92-3f4361c07db4;NULL;0.0106;-0.0026;-0.0491;0.6579;5.1393;358.8794;0.0341;0.4672;-0.0092;2.0000;0.4672;-0.0092;2.0000;NULL;1;-0.1670;-0.1469;0.1814;327.1297;4.6636;14.5293;-0.1633;-0.1524;0.1773;327.1436;5.4823;14.0175;0;NULL;-0.1633;-0.1524;0.1773;327.1436;5.4823;14.0175;ControllerBody;NULL;NULL;NULL;NULL;2;1;0;0;0;0;0.5000;0.0000;2.0000;0.1568;-0.0693;0.5381;357.6971;11.9868;358.6066;0.1628;-0.0695;0.5310;356.9876;12.3574;359.3391;1;NULL;0.1628;-0.0695;0.5310;356.9876;12.3574;359.3391;ControllerBody;NULL;d1f27ab1-5740-4e66-96c0-219f0d3d48cd;NULL;NULL;0;1;NULL;0.5000;0.0000;2.0000;Exposure;0.0000;2026-05-18 10:10:04.3055;Controllers;NULL;NULL;OpenXR
NULL;Right;NULL;NULL;Exposure;NULL;NoMitigation;1;0;0;-1;0;0;0.0000;0.0000;2.0000;NULL;None;anonymous;NULL;Mole Spawned;MoleEvent;565;6df10942-1bd9-444b-9e92-3f4361c07db4;NULL;0.0106;-0.0026;-0.0491;0.6579;5.1393;358.8794;NULL;NULL;NULL;NULL;NULL;NULL;NULL;NULL;NULL;-0.1670;-0.1469;0.1814;327.1297;4.6636;14.5293;-0.1633;-0.1524;0.1773;327.1436;5.4823;14.0175;0;NULL;-0.1633;-0.1524;0.1773;327.1436;5.4823;14.0175;ControllerBody;NULL;NULL;NULL;NULL;1;0;0;-1;0;0;0.0000;0.0000;2.0000;0.1568;-0.0693;0.5381;357.6971;11.9868;358.6066;0.1628;-0.0695;0.5310;356.9876;12.3574;359.3391;1;NULL;0.1628;-0.0695;0.5310;356.9876;12.3574;359.3391;ControllerBody;NULL;d1f27ab1-5740-4e66-96c0-219f0d3d48cd;NULL;NULL;NULL;0;NULL;0.0000;0.0000;2.0000;Exposure;0.0000;2026-05-18 10:10:04.3092;Controllers;NULL;NULL;OpenXR
NULL;Right;NULL;2;Exposure;NULL;NoMitigation;1;0;0;-1;0;0;0.0000;0.0000;2.0000;NULL;None;anonymous;NULL;Pointer Shoot;PointerEvent;604;6df10942-1bd9-444b-9e92-3f4361c07db4;NULL;0.0103;-0.0045;-0.0483;1.4450;359.5334;357.6775;NULL;-0.0223;-0.0142;2.0000;-0.0223;-0.0142;2.0000;NULL;NULL;-0.1652;-0.1459;0.1797;326.8240;4.5322;13.6157;-0.1701;-0.1493;0.1715;326.9350;3.7779;13.7797;0;NULL;-0.1701;-0.1493;0.1715;326.9350;3.7779;13.7797;ControllerBody;NULL;NULL;NULL;NULL;1;0;0;-1;0;0;0.0000;0.0000;2.0000;0.0312;-0.0712;0.5299;357.7808;357.9147;0.4992;0.0230;-0.0710;0.5218;357.3573;357.6544;359.8947;1;NULL;0.0230;-0.0710;0.5218;357.3573;357.6544;359.8947;ControllerBody;NULL;d1f27ab1-5740-4e66-96c0-219f0d3d48cd;NULL;NULL;1;0;NULL;0.0000;0.0000;2.0000;Exposure;0.6989;2026-05-18 10:10:05.0011;Controllers;NULL;NULL;OpenXR
NULL;Right;NULL;2;Exposure;NULL;NoMitigation;1;0;0;-1;0;0;0.0000;0.0000;2.0000;NULL;None;anonymous;NULL;Mole Hit;MoleEvent;604;6df10942-1bd9-444b-9e92-3f4361c07db4;NULL;0.0103;-0.0045;-0.0483;1.4450;359.5334;357.6775;0.0265;-0.0223;-0.0142;2.0000;-0.0223;-0.0142;2.0000;NULL;1;-0.1652;-0.1459;0.1797;326.8240;4.5322;13.6157;-0.1701;-0.1493;0.1715;326.9350;3.7779;13.7797;0;NULL;-0.1701;-0.1493;0.1715;326.9350;3.7779;13.7797;ControllerBody;NULL;NULL;NULL;NULL;1;0;0;-1;0;0;0.0000;0.0000;2.0000;0.0312;-0.0712;0.5299;357.7808;357.9147;0.4992;0.0230;-0.0710;0.5218;357.3573;357.6544;359.8947;1;NULL;0.0230;-0.0710;0.5218;357.3573;357.6544;359.8947;ControllerBody;NULL;d1f27ab1-5740-4e66-96c0-219f0d3d48cd;NULL;NULL;1;0;NULL;0.0000;0.0000;2.0000;Exposure;0.0000;2026-05-18 10:10:05.0026;Controllers;NULL;NULL;OpenXR
NULL;Right;NULL;NULL;Exposure;NULL;NoMitigation;2;1;0;0;0;0;0.5000;0.0000;2.0000;NULL;None;anonymous;NULL;Mole Spawned;MoleEvent;604;6df10942-1bd9-444b-9e92-3f4361c07db4;NULL;0.0103;-0.0045;-0.0483;1.4450;359.5334;357.6775;NULL;NULL;NULL;NULL;NULL;NULL;NULL;NULL;NULL;-0.1652;-0.1459;0.1797;326.8240;4.5322;13.6157;-0.1701;-0.1493;0.1715;326.9350;3.7779;13.7797;0;NULL;-0.1701;-0.1493;0.1715;326.9350;3.7779;13.7797;ControllerBody;NULL;NULL;NULL;NULL;2;1;0;0;0;0;0.5000;0.0000;2.0000;0.0312;-0.0712;0.5299;357.7808;357.9147;0.4992;0.0230;-0.0710;0.5218;357.3573;357.6544;359.8947;1;NULL;0.0230;-0.0710;0.5218;357.3573;357.6544;359.8947;ControllerBody;NULL;d1f27ab1-5740-4e66-96c0-219f0d3d48cd;NULL;NULL;NULL;1;NULL;0.5000;0.0000;2.0000;Exposure;0.0000;2026-05-18 10:10:05.0056;Controllers;NULL;NULL;OpenXR
NULL;Right;NULL;3;Exposure;NULL;NoMitigation;2;1;0;0;0;0;0.5000;0.0000;2.0000;NULL;None;anonymous;NULL;Pointer Shoot;PointerEvent;633;6df10942-1bd9-444b-9e92-3f4361c07db4;NULL;0.0071;-0.0047;-0.0450;1.6102;3.3370;0.3155;NULL;0.4375;-0.0165;2.0000;0.4375;-0.0165;2.0000;NULL;NULL;-0.1675;-0.1465;0.1791;326.7443;4.3512;14.1268;-0.1669;-0.1529;0.1770;326.8437;4.6403;14.5874;0;NULL;-0.1669;-0.1529;0.1770;326.8437;4.6403;14.5874;ControllerBody;NULL;NULL;NULL;NULL;2;1;0;0;0;0;0.5000;0.0000;2.0000;0.1532;-0.0683;0.5358;358.0111;10.9915;0.3155;0.1612;-0.0695;0.5251;357.1310;11.0228;1.5680;1;NULL;0.1612;-0.0695;0.5251;357.1310;11.0228;1.5680;ControllerBody;NULL;d1f27ab1-5740-4e66-96c0-219f0d3d48cd;NULL;NULL;2;1;NULL;0.5000;0.0000;2.0000;Exposure;0.5335;2026-05-18 10:10:05.5353;Controllers;NULL;NULL;OpenXR
NULL;Right;NULL;3;Exposure;NULL;NoMitigation;2;1;0;0;0;0;0.5000;0.0000;2.0000;NULL;None;anonymous;NULL;Mole Hit;MoleEvent;633;6df10942-1bd9-444b-9e92-3f4361c07db4;NULL;0.0071;-0.0047;-0.0450;1.6102;3.3370;0.3155;0.0646;0.4375;-0.0165;2.0000;0.4375;-0.0165;2.0000;NULL;1;-0.1675;-0.1465;0.1791;326.7443;4.3512;14.1268;-0.1669;-0.1529;0.1770;326.8437;4.6403;14.5874;0;NULL;-0.1669;-0.1529;0.1770;326.8437;4.6403;14.5874;ControllerBody;NULL;NULL;NULL;NULL;2;1;0;0;0;0;0.5000;0.0000;2.0000;0.1532;-0.0683;0.5358;358.0111;10.9915;0.3155;0.1612;-0.0695;0.5251;357.1310;11.0228;1.5680;1;NULL;0.1612;-0.0695;0.5251;357.1310;11.0228;1.5680;ControllerBody;NULL;d1f27ab1-5740-4e66-96c0-219f0d3d48cd;NULL;NULL;2;1;NULL;0.5000;0.0000;2.0000;Exposure;0.0000;2026-05-18 10:10:05.5369;Controllers;NULL;NULL;OpenXR
NULL;Right;NULL;NULL;Exposure;NULL;NoMitigation;1;0;0;-1;0;0;0.0000;0.0000;2.0000;NULL;None;anonymous;NULL;Mole Spawned;MoleEvent;633;6df10942-1bd9-444b-9e92-3f4361c07db4;NULL;0.0071;-0.0047;-0.0450;1.6102;3.3370;0.3155;NULL;NULL;NULL;NULL;NULL;NULL;NULL;NULL;NULL;-0.1675;-0.1465;0.1791;326.7443;4.3512;14.1268;-0.1669;-0.1529;0.1770;326.8437;4.6403;14.5874;0;NULL;-0.1669;-0.1529;0.1770;326.8437;4.6403;14.5874;ControllerBody;NULL;NULL;NULL;NULL;1;0;0;-1;0;0;0.0000;0.0000;2.0000;0.1532;-0.0683;0.5358;358.0111;10.9915;0.3155;0.1612;-0.0695;0.5251;357.1310;11.0228;1.5680;1;NULL;0.1612;-0.0695;0.5251;357.1310;11.0228;1.5680;ControllerBody;NULL;d1f27ab1-5740-4e66-96c0-219f0d3d48cd;NULL;NULL;NULL;0;NULL;0.0000;0.0000;2.0000;Exposure;0.0000;2026-05-18 10:10:05.5399;Controllers;NULL;NULL;OpenXR
NULL;Right;NULL;4;Exposure;NULL;NoMitigation;1;0;0;-1;0;0;0.0000;0.0000;2.0000;NULL;None;anonymous;NULL;Pointer Shoot;PointerEvent;666;6df10942-1bd9-444b-9e92-3f4361c07db4;NULL;0.0180;-0.0037;-0.0465;0.6670;0.0489;355.2345;NULL;0.0045;-0.0270;2.0000;0.0045;-0.0270;2.0000;NULL;NULL;-0.1669;-0.1460;0.1788;326.3629;4.9325;13.5680;-0.1695;-0.1499;0.1703;326.4730;4.1331;13.3590;0;NULL;-0.1695;-0.1499;0.1703;326.4730;4.1331;13.3590;ControllerBody;NULL;NULL;NULL;NULL;1;0;0;-1;0;0;0.0000;0.0000;2.0000;0.0407;-0.0739;0.5300;358.1744;358.5887;359.0456;0.0285;-0.0764;0.5253;357.9088;358.4760;359.5602;1;NULL;0.0285;-0.0764;0.5253;357.9088;358.4760;359.5602;ControllerBody;NULL;d1f27ab1-5740-4e66-96c0-219f0d3d48cd;NULL;NULL;3;0;NULL;0.0000;0.0000;2.0000;Exposure;0.5999;2026-05-18 10:10:06.1340;Controllers;NULL;NULL;OpenXR
NULL;Right;NULL;4;Exposure;NULL;NoMitigation;1;0;0;-1;0;0;0.0000;0.0000;2.0000;NULL;None;anonymous;NULL;Mole Hit;MoleEvent;666;6df10942-1bd9-444b-9e92-3f4361c07db4;NULL;0.0180;-0.0037;-0.0465;0.6670;0.0489;355.2345;0.0274;0.0045;-0.0270;2.0000;0.0045;-0.0270;2.0000;NULL;1;-0.1669;-0.1460;0.1788;326.3629;4.9325;13.5680;-0.1695;-0.1499;0.1703;326.4730;4.1331;13.3590;0;NULL;-0.1695;-0.1499;0.1703;326.4730;4.1331;13.3590;ControllerBody;NULL;NULL;NULL;NULL;1;0;0;-1;0;0;0.0000;0.0000;2.0000;0.0407;-0.0739;0.5300;358.1744;358.5887;359.0456;0.0285;-0.0764;0.5253;357.9088;358.4760;359.5602;1;NULL;0.0285;-0.0764;0.5253;357.9088;358.4760;359.5602;ControllerBody;NULL;d1f27ab1-5740-4e66-96c0-219f0d3d48cd;NULL;NULL;3;0;NULL;0.0000;0.0000;2.0000;Exposure;0.0000;2026-05-18 10:10:06.1370;Controllers;NULL;NULL;OpenXR
NULL;Right;NULL;NULL;Exposure;NULL;NoMitigation;3;2;0;1;0;0;-0.5000;0.0000;2.0000;NULL;None;anonymous;NULL;Mole Spawned;MoleEvent;666;6df10942-1bd9-444b-9e92-3f4361c07db4;NULL;0.0180;-0.0037;-0.0465;0.6670;0.0489;355.2345;NULL;NULL;NULL;NULL;NULL;NULL;NULL;NULL;NULL;-0.1669;-0.1460;0.1788;326.3629;4.9325;13.5680;-0.1695;-0.1499;0.1703;326.4730;4.1331;13.3590;0;NULL;-0.1695;-0.1499;0.1703;326.4730;4.1331;13.3590;ControllerBody;NULL;NULL;NULL;NULL;3;2;0;1;0;0;-0.5000;0.0000;2.0000;0.0407;-0.0739;0.5300;358.1744;358.5887;359.0456;0.0285;-0.0764;0.5253;357.9088;358.4760;359.5602;1;NULL;0.0285;-0.0764;0.5253;357.9088;358.4760;359.5602;ControllerBody;NULL;d1f27ab1-5740-4e66-96c0-219f0d3d48cd;NULL;NULL;NULL;2;NULL;-0.5000;0.0000;2.0000;Exposure;0.0000;2026-05-18 10:10:06.1396;Controllers;NULL;NULL;OpenXR
NULL;Right;NULL;5;Exposure;NULL;NoMitigation;3;2;0;1;0;0;-0.5000;0.0000;2.0000;NULL;None;anonymous;NULL;Pointer Shoot;PointerEvent;703;6df10942-1bd9-444b-9e92-3f4361c07db4;NULL;0.0141;-0.0055;-0.0493;1.5180;353.1019;354.4637;NULL;-0.5020;0.0028;2.0000;-0.5020;0.0028;2.0000;NULL;NULL;-0.1645;-0.1432;0.1782;326.0670;5.2992;13.3109;-0.1652;-0.1442;0.1661;325.7308;4.8957;13.0966;0;NULL;-0.1652;-0.1442;0.1661;325.7308;4.8957;13.0966;ControllerBody;NULL;NULL;NULL;NULL;3;2;0;1;0;0;-0.5000;0.0000;2.0000;-0.0913;-0.0720;0.4871;357.2695;344.8121;359.4456;-0.1058;-0.0740;0.4755;357.0188;343.0243;359.7730;1;NULL;-0.1058;-0.0740;0.4755;357.0188;343.0243;359.7730;ControllerBody;NULL;d1f27ab1-5740-4e66-96c0-219f0d3d48cd;NULL;NULL;4;2;NULL;-0.5000;0.0000;2.0000;Exposure;0.6668;2026-05-18 10:10:06.8013;Controllers;NULL;NULL;OpenXR
NULL;Right;NULL;5;Exposure;NULL;NoMitigation;3;2;0;1;0;0;-0.5000;0.0000;2.0000;NULL;None;anonymous;NULL;Mole Hit;MoleEvent;703;6df10942-1bd9-444b-9e92-3f4361c07db4;NULL;0.0141;-0.0055;-0.0493;1.5180;353.1019;354.4637;0.0034;-0.5020;0.0028;2.0000;-0.5020;0.0028;2.0000;NULL;1;-0.1645;-0.1432;0.1782;326.0670;5.2992;13.3109;-0.1652;-0.1442;0.1661;325.7308;4.8957;13.0966;0;NULL;-0.1652;-0.1442;0.1661;325.7308;4.8957;13.0966;ControllerBody;NULL;NULL;NULL;NULL;3;2;0;1;0;0;-0.5000;0.0000;2.0000;-0.0913;-0.0720;0.4871;357.2695;344.8121;359.4456;-0.1058;-0.0740;0.4755;357.0188;343.0243;359.7730;1;NULL;-0.1058;-0.0740;0.4755;357.0188;343.0243;359.7730;ControllerBody;NULL;d1f27ab1-5740-4e66-96c0-219f0d3d48cd;NULL;NULL;4;2;NULL;-0.5000;0.0000;2.0000;Exposure;0.0000;2026-05-18 10:10:06.8038;Controllers;NULL;NULL;OpenXR
NULL;Right;NULL;NULL;Exposure;NULL;NoMitigation;1;0;0;-1;0;0;0.0000;0.0000;2.0000;NULL;None;anonymous;NULL;Mole Spawned;MoleEvent;703;6df10942-1bd9-444b-9e92-3f4361c07db4;NULL;0.0141;-0.0055;-0.0493;1.5180;353.1019;354.4637;NULL;NULL;NULL;NULL;NULL;NULL;NULL;NULL;NULL;-0.1645;-0.1432;0.1782;326.0670;5.2992;13.3109;-0.1652;-0.1442;0.1661;325.7308;4.8957;13.0966;0;NULL;-0.1652;-0.1442;0.1661;325.7308;4.8957;13.0966;ControllerBody;NULL;NULL;NULL;NULL;1;0;0;-1;0;0;0.0000;0.0000;2.0000;-0.0913;-0.0720;0.4871;357.2695;344.8121;359.4456;-0.1058;-0.0740;0.4755;357.0188;343.0243;359.7730;1;NULL;-0.1058;-0.0740;0.4755;357.0188;343.0243;359.7730;ControllerBody;NULL;d1f27ab1-5740-4e66-96c0-219f0d3d48cd;NULL;NULL;NULL;0;NULL;0.0000;0.0000;2.0000;Exposure;0.0000;2026-05-18 10:10:06.8061;Controllers;NULL;NULL;OpenXR
NULL;Right;NULL;6;Exposure;NULL;NoMitigation;1;0;0;-1;0;0;0.0000;0.0000;2.0000;NULL;None;anonymous;NULL;Pointer Shoot;PointerEvent;732;6df10942-1bd9-444b-9e92-3f4361c07db4;NULL;0.0128;-0.0032;-0.0497;0.9208;358.5847;358.5205;NULL;-0.0413;0.0139;2.0000;-0.0413;0.0139;2.0000;NULL;NULL;-0.1630;-0.1429;0.1778;326.3665;5.5632;13.8875;-0.1557;-0.1495;0.1773;326.9610;6.4282;13.1606;0;NULL;-0.1557;-0.1495;0.1773;326.9610;6.4282;13.1606;ControllerBody;NULL;NULL;NULL;NULL;1;0;0;-1;0;0;0.0000;0.0000;2.0000;0.0183;-0.0661;0.5139;356.9214;357.7022;0.0673;0.0249;-0.0656;0.5070;356.7131;357.6564;359.4140;1;NULL;0.0249;-0.0656;0.5070;356.7131;357.6564;359.4140;ControllerBody;NULL;d1f27ab1-5740-4e66-96c0-219f0d3d48cd;NULL;NULL;5;0;NULL;0.0000;0.0000;2.0000;Exposure;0.5331;2026-05-18 10:10:07.3343;Controllers;NULL;NULL;OpenXR
NULL;Right;NULL;6;Exposure;NULL;NoMitigation;1;0;0;-1;0;0;0.0000;0.0000;2.0000;NULL;None;anonymous;NULL;Mole Hit;MoleEvent;732;6df10942-1bd9-444b-9e92-3f4361c07db4;NULL;0.0128;-0.0032;-0.0497;0.9208;358.5847;358.5205;0.0436;-0.0413;0.0139;2.0000;-0.0413;0.0139;2.0000;NULL;1;-0.1630;-0.1429;0.1778;326.3665;5.5632;13.8875;-0.1557;-0.1495;0.1773;326.9610;6.4282;13.1606;0;NULL;-0.1557;-0.1495;0.1773;326.9610;6.4282;13.1606;ControllerBody;NULL;NULL;NULL;NULL;1;0;0;-1;0;0;0.0000;0.0000;2.0000;0.0183;-0.0661;0.5139;356.9214;357.7022;0.0673;0.0249;-0.0656;0.5070;356.7131;357.6564;359.4140;1;NULL;0.0249;-0.0656;0.5070;356.7131;357.6564;359.4140;ControllerBody;NULL;d1f27ab1-5740-4e66-96c0-219f0d3d48cd;NULL;NULL;5;0;NULL;0.0000;0.0000;2.0000;Exposure;0.0000;2026-05-18 10:10:07.3359;Controllers;NULL;NULL;OpenXR
NULL;Right;NULL;NULL;Exposure;NULL;NoMitigation;2;1;0;0;0;0;0.5000;0.0000;2.0000;NULL;None;anonymous;NULL;Mole Spawned;MoleEvent;732;6df10942-1bd9-444b-9e92-3f4361c07db4;NULL;0.0128;-0.0032;-0.0497;0.9208;358.5847;358.5205;NULL;NULL;NULL;NULL;NULL;NULL;NULL;NULL;NULL;-0.1630;-0.1429;0.1778;326.3665;5.5632;13.8875;-0.1557;-0.1495;0.1773;326.9610;6.4282;13.1606;0;NULL;-0.1557;-0.1495;0.1773;326.9610;6.4282;13.1606;ControllerBody;NULL;NULL;NULL;NULL;2;1;0;0;0;0;0.5000;0.0000;2.0000;0.0183;-0.0661;0.5139;356.9214;357.7022;0.0673;0.0249;-0.0656;0.5070;356.7131;357.6564;359.4140;1;NULL;0.0249;-0.0656;0.5070;356.7131;357.6564;359.4140;ControllerBody;NULL;d1f27ab1-5740-4e66-96c0-219f0d3d48cd;NULL;NULL;NULL;1;NULL;0.5000;0.0000;2.0000;Exposure;0.0000;2026-05-18 10:10:07.3389;Controllers;NULL;NULL;OpenXR
NULL;Right;NULL;7;Exposure;NULL;NoMitigation;2;1;0;0;0;0;0.5000;0.0000;2.0000;NULL;None;anonymous;NULL;Pointer Shoot;PointerEvent;759;6df10942-1bd9-444b-9e92-3f4361c07db4;NULL;0.0166;-0.0033;-0.0499;0.8324;7.1253;0.0352;NULL;0.4616;0.0103;2.0000;0.4616;0.0103;2.0000;NULL;NULL;-0.1651;-0.1448;0.1783;326.4408;5.6245;14.5234;-0.1643;-0.1513;0.1783;326.7574;6.1305;14.9955;0;NULL;-0.1643;-0.1513;0.1783;326.7574;6.1305;14.9955;ControllerBody;NULL;NULL;NULL;NULL;2;1;0;0;0;0;0.5000;0.0000;2.0000;0.1622;-0.0626;0.5252;357.2260;11.4752;359.1891;0.1720;-0.0599;0.5125;355.9717;11.8830;359.7144;1;NULL;0.1720;-0.0599;0.5125;355.9717;11.8830;359.7144;ControllerBody;NULL;d1f27ab1-5740-4e66-96c0-219f0d3d48cd;NULL;NULL;6;1;NULL;0.5000;0.0000;2.0000;Exposure;0.4993;2026-05-18 10:10:07.8342;Controllers;NULL;NULL;OpenXR
NULL;Right;NULL;7;Exposure;NULL;NoMitigation;2;1;0;0;0;0;0.5000;0.0000;2.0000;NULL;None;anonymous;NULL;Mole Hit;MoleEvent;759;6df10942-1bd9-444b-9e92-3f4361c07db4;NULL;0.0166;-0.0033;-0.0499;0.8324;7.1253;0.0352;0.0397;0.4616;0.0103;2.0000;0.4616;0.0103;2.0000;NULL;1;-0.1651;-0.1448;0.1783;326.4408;5.6245;14.5234;-0.1643;-0.1513;0.1783;326.7574;6.1305;14.9955;0;NULL;-0.1643;-0.1513;0.1783;326.7574;6.1305;14.9955;ControllerBody;NULL;NULL;NULL;NULL;2;1;0;0;0;0;0.5000;0.0000;2.0000;0.1622;-0.0626;0.5252;357.2260;11.4752;359.1891;0.1720;-0.0599;0.5125;355.9717;11.8830;359.7144;1;NULL;0.1720;-0.0599;0.5125;355.9717;11.8830;359.7144;ControllerBody;NULL;d1f27ab1-5740-4e66-96c0-219f0d3d48cd;NULL;NULL;6;1;NULL;0.5000;0.0000;2.0000;Exposure;0.0000;2026-05-18 10:10:07.8363;Controllers;NULL;NULL;OpenXR
NULL;Right;NULL;NULL;Exposure;NULL;NoMitigation;1;0;0;-1;0;0;0.0000;0.0000;2.0000;NULL;None;anonymous;NULL;Mole Spawned;MoleEvent;759;6df10942-1bd9-444b-9e92-3f4361c07db4;NULL;0.0166;-0.0033;-0.0499;0.8324;7.1253;0.0352;NULL;NULL;NULL;NULL;NULL;NULL;NULL;NULL;NULL;-0.1651;-0.1448;0.1783;326.4408;5.6245;14.5234;-0.1643;-0.1513;0.1783;326.7574;6.1305;14.9955;0;NULL;-0.1643;-0.1513;0.1783;326.7574;6.1305;14.9955;ControllerBody;NULL;NULL;NULL;NULL;1;0;0;-1;0;0;0.0000;0.0000;2.0000;0.1622;-0.0626;0.5252;357.2260;11.4752;359.1891;0.1720;-0.0599;0.5125;355.9717;11.8830;359.7144;1;NULL;0.1720;-0.0599;0.5125;355.9717;11.8830;359.7144;ControllerBody;NULL;d1f27ab1-5740-4e66-96c0-219f0d3d48cd;NULL;NULL;NULL;0;NULL;0.0000;0.0000;2.0000;Exposure;0.0000;2026-05-18 10:10:07.8388;Controllers;NULL;NULL;OpenXR
NULL;Right;NULL;8;Exposure;NULL;NoMitigation;1;0;0;-1;0;0;0.0000;0.0000;2.0000;NULL;None;anonymous;NULL;Pointer Shoot;PointerEvent;783;6df10942-1bd9-444b-9e92-3f4361c07db4;NULL;0.0192;-0.0038;-0.0499;0.9605;359.0488;356.0040;NULL;0.0479;0.0153;2.0000;0.0479;0.0153;2.0000;NULL;NULL;-0.1592;-0.1468;0.1819;326.9626;6.2588;13.1850;-0.1624;-0.1500;0.1707;326.6301;5.7120;13.0743;0;NULL;-0.1624;-0.1500;0.1707;326.6301;5.7120;13.0743;ControllerBody;NULL;NULL;NULL;NULL;1;0;0;-1;0;0;0.0000;0.0000;2.0000;0.0484;-0.0702;0.5204;356.6904;359.9789;0.0361;0.0363;-0.0677;0.5135;356.2689;359.6118;359.1568;1;NULL;0.0363;-0.0677;0.5135;356.2689;359.6118;359.1568;ControllerBody;NULL;d1f27ab1-5740-4e66-96c0-219f0d3d48cd;NULL;NULL;7;0;NULL;0.0000;0.0000;2.0000;Exposure;0.4502;2026-05-18 10:10:08.2839;Controllers;NULL;NULL;OpenXR
NULL;Right;NULL;8;Exposure;NULL;NoMitigation;1;0;0;-1;0;0;0.0000;0.0000;2.0000;NULL;None;anonymous;NULL;Mole Hit;MoleEvent;783;6df10942-1bd9-444b-9e92-3f4361c07db4;NULL;0.0192;-0.0038;-0.0499;0.9605;359.0488;356.0040;0.0503;0.0479;0.0153;2.0000;0.0479;0.0153;2.0000;NULL;1;-0.1592;-0.1468;0.1819;326.9626;6.2588;13.1850;-0.1624;-0.1500;0.1707;326.6301;5.7120;13.0743;0;NULL;-0.1624;-0.1500;0.1707;326.6301;5.7120;13.0743;ControllerBody;NULL;NULL;NULL;NULL;1;0;0;-1;0;0;0.0000;0.0000;2.0000;0.0484;-0.0702;0.5204;356.6904;359.9789;0.0361;0.0363;-0.0677;0.5135;356.2689;359.6118;359.1568;1;NULL;0.0363;-0.0677;0.5135;356.2689;359.6118;359.1568;ControllerBody;NULL;d1f27ab1-5740-4e66-96c0-219f0d3d48cd;NULL;NULL;7;0;NULL;0.0000;0.0000;2.0000;Exposure;0.0000;2026-05-18 10:10:08.2854;Controllers;NULL;NULL;OpenXR
NULL;Right;NULL;NULL;Exposure;NULL;NoMitigation;2;1;0;0;0;0;0.5000;0.0000;2.0000;NULL;None;anonymous;NULL;Mole Spawned;MoleEvent;783;6df10942-1bd9-444b-9e92-3f4361c07db4;NULL;0.0192;-0.0038;-0.0499;0.9605;359.0488;356.0040;NULL;NULL;NULL;NULL;NULL;NULL;NULL;NULL;NULL;-0.1592;-0.1468;0.1819;326.9626;6.2588;13.1850;-0.1624;-0.1500;0.1707;326.6301;5.7120;13.0743;0;NULL;-0.1624;-0.1500;0.1707;326.6301;5.7120;13.0743;ControllerBody;NULL;NULL;NULL;NULL;2;1;0;0;0;0;0.5000;0.0000;2.0000;0.0484;-0.0702;0.5204;356.6904;359.9789;0.0361;0.0363;-0.0677;0.5135;356.2689;359.6118;359.1568;1;NULL;0.0363;-0.0677;0.5135;356.2689;359.6118;359.1568;ControllerBody;NULL;d1f27ab1-5740-4e66-96c0-219f0d3d48cd;NULL;NULL;NULL;1;NULL;0.5000;0.0000;2.0000;Exposure;0.0000;2026-05-18 10:10:08.2886;Controllers;NULL;NULL;OpenXR
NULL;Right;NULL;9;Exposure;NULL;NoMitigation;2;1;0;0;0;0;0.5000;0.0000;2.0000;NULL;None;anonymous;NULL;Pointer Shoot;PointerEvent;806;6df10942-1bd9-444b-9e92-3f4361c07db4;NULL;0.0174;-0.0046;-0.0474;1.5311;4.7923;359.9527;NULL;0.4402;-0.0050;2.0000;0.4402;-0.0050;2.0000;NULL;NULL;-0.1611;-0.1481;0.1815;327.3050;6.0805;13.8614;-0.1598;-0.1537;0.1793;327.6603;6.5356;13.7684;0;NULL;-0.1598;-0.1537;0.1793;327.6603;6.5356;13.7684;ControllerBody;NULL;NULL;NULL;NULL;2;1;0;0;0;0;0.5000;0.0000;2.0000;0.1511;-0.0681;0.5296;357.5899;11.1259;359.0539;0.1650;-0.0641;0.5192;356.7303;11.9555;357.7889;1;NULL;0.1650;-0.0641;0.5192;356.7303;11.9555;357.7889;ControllerBody;NULL;d1f27ab1-5740-4e66-96c0-219f0d3d48cd;NULL;NULL;8;1;NULL;0.5000;0.0000;2.0000;Exposure;0.4332;2026-05-18 10:10:08.7174;Controllers;NULL;NULL;OpenXR
NULL;Right;NULL;9;Exposure;NULL;NoMitigation;2;1;0;0;0;0;0.5000;0.0000;2.0000;NULL;None;anonymous;NULL;Mole Hit;MoleEvent;806;6df10942-1bd9-444b-9e92-3f4361c07db4;NULL;0.0174;-0.0046;-0.0474;1.5311;4.7923;359.9527;0.0600;0.4402;-0.0050;2.0000;0.4402;-0.0050;2.0000;NULL;1;-0.1611;-0.1481;0.1815;327.3050;6.0805;13.8614;-0.1598;-0.1537;0.1793;327.6603;6.5356;13.7684;0;NULL;-0.1598;-0.1537;0.1793;327.6603;6.5356;13.7684;ControllerBody;NULL;NULL;NULL;NULL;2;1;0;0;0;0;0.5000;0.0000;2.0000;0.1511;-0.0681;0.5296;357.5899;11.1259;359.0539;0.1650;-0.0641;0.5192;356.7303;11.9555;357.7889;1;NULL;0.1650;-0.0641;0.5192;356.7303;11.9555;357.7889;ControllerBody;NULL;d1f27ab1-5740-4e66-96c0-219f0d3d48cd;NULL;NULL;8;1;NULL;0.5000;0.0000;2.0000;Exposure;0.0000;2026-05-18 10:10:08.7199;Controllers;NULL;NULL;OpenXR
NULL;Right;NULL;NULL;Exposure;NULL;NoMitigation;1;0;0;-1;0;0;0.0000;0.0000;2.0000;NULL;None;anonymous;NULL;Mole Spawned;MoleEvent;806;6df10942-1bd9-444b-9e92-3f4361c07db4;NULL;0.0174;-0.0046;-0.0474;1.5311;4.7923;359.9527;NULL;NULL;NULL;NULL;NULL;NULL;NULL;NULL;NULL;-0.1611;-0.1481;0.1815;327.3050;6.0805;13.8614;-0.1598;-0.1537;0.1793;327.6603;6.5356;13.7684;0;NULL;-0.1598;-0.1537;0.1793;327.6603;6.5356;13.7684;ControllerBody;NULL;NULL;NULL;NULL;1;0;0;-1;0;0;0.0000;0.0000;2.0000;0.1511;-0.0681;0.5296;357.5899;11.1259;359.0539;0.1650;-0.0641;0.5192;356.7303;11.9555;357.7889;1;NULL;0.1650;-0.0641;0.5192;356.7303;11.9555;357.7889;ControllerBody;NULL;d1f27ab1-5740-4e66-96c0-219f0d3d48cd;NULL;NULL;NULL;0;NULL;0.0000;0.0000;2.0000;Exposure;0.0000;2026-05-18 10:10:08.7214;Controllers;NULL;NULL;OpenXR
NULL;Right;NULL;10;Exposure;NULL;NoMitigation;1;0;0;-1;0;0;0.0000;0.0000;2.0000;NULL;None;anonymous;NULL;Pointer Shoot;PointerEvent;831;6df10942-1bd9-444b-9e92-3f4361c07db4;NULL;0.0155;-0.0042;-0.0462;0.8647;356.2886;356.5884;NULL;-0.0399;0.0150;2.0000;-0.0399;0.0150;2.0000;NULL;NULL;-0.1606;-0.1477;0.1813;327.3943;5.8479;13.0462;-0.1674;-0.1495;0.1683;326.7570;5.4715;13.5956;0;NULL;-0.1674;-0.1495;0.1683;326.7570;5.4715;13.5956;ControllerBody;NULL;NULL;NULL;NULL;1;0;0;-1;0;0;0.0000;0.0000;2.0000;0.0126;-0.0718;0.5225;356.6423;357.9655;0.8368;0.0139;-0.0724;0.5197;357.0415;359.1976;359.6805;1;NULL;0.0139;-0.0724;0.5197;357.0415;359.1976;359.6805;ControllerBody;NULL;d1f27ab1-5740-4e66-96c0-219f0d3d48cd;NULL;NULL;9;0;NULL;0.0000;0.0000;2.0000;Exposure;0.4668;2026-05-18 10:10:09.1843;Controllers;NULL;NULL;OpenXR
NULL;Right;NULL;10;Exposure;NULL;NoMitigation;1;0;0;-1;0;0;0.0000;0.0000;2.0000;NULL;None;anonymous;NULL;Mole Hit;MoleEvent;831;6df10942-1bd9-444b-9e92-3f4361c07db4;NULL;0.0155;-0.0042;-0.0462;0.8647;356.2886;356.5884;0.0426;-0.0399;0.0150;2.0000;-0.0399;0.0150;2.0000;NULL;1;-0.1606;-0.1477;0.1813;327.3943;5.8479;13.0462;-0.1674;-0.1495;0.1683;326.7570;5.4715;13.5956;0;NULL;-0.1674;-0.1495;0.1683;326.7570;5.4715;13.5956;ControllerBody;NULL;NULL;NULL;NULL;1;0;0;-1;0;0;0.0000;0.0000;2.0000;0.0126;-0.0718;0.5225;356.6423;357.9655;0.8368;0.0139;-0.0724;0.5197;357.0415;359.1976;359.6805;1;NULL;0.0139;-0.0724;0.5197;357.0415;359.1976;359.6805;ControllerBody;NULL;d1f27ab1-5740-4e66-96c0-219f0d3d48cd;NULL;NULL;9;0;NULL;0.0000;0.0000;2.0000;Exposure;0.0000;2026-05-18 10:10:09.1858;Controllers;NULL;NULL;OpenXR
NULL;Right;NULL;NULL;Exposure;NULL;NoMitigation;3;2;0;1;0;0;-0.5000;0.0000;2.0000;NULL;None;anonymous;NULL;Mole Spawned;MoleEvent;831;6df10942-1bd9-444b-9e92-3f4361c07db4;NULL;0.0155;-0.0042;-0.0462;0.8647;356.2886;356.5884;NULL;NULL;NULL;NULL;NULL;NULL;NULL;NULL;NULL;-0.1606;-0.1477;0.1813;327.3943;5.8479;13.0462;-0.1674;-0.1495;0.1683;326.7570;5.4715;13.5956;0;NULL;-0.1674;-0.1495;0.1683;326.7570;5.4715;13.5956;ControllerBody;NULL;NULL;NULL;NULL;3;2;0;1;0;0;-0.5000;0.0000;2.0000;0.0126;-0.0718;0.5225;356.6423;357.9655;0.8368;0.0139;-0.0724;0.5197;357.0415;359.1976;359.6805;1;NULL;0.0139;-0.0724;0.5197;357.0415;359.1976;359.6805;ControllerBody;NULL;d1f27ab1-5740-4e66-96c0-219f0d3d48cd;NULL;NULL;NULL;2;NULL;-0.5000;0.0000;2.0000;Exposure;0.0000;2026-05-18 10:10:09.1888;Controllers;NULL;NULL;OpenXR
NULL;Right;NULL;11;Exposure;NULL;NoMitigation;3;2;0;1;0;0;-0.5000;0.0000;2.0000;NULL;None;anonymous;NULL;Pointer Shoot;PointerEvent;863;6df10942-1bd9-444b-9e92-3f4361c07db4;NULL;0.0099;-0.0033;-0.0472;0.8140;352.1695;357.3866;NULL;-0.5209;0.0293;2.0000;-0.5209;0.0293;2.0000;NULL;NULL;-0.1638;-0.1450;0.1799;326.6574;5.4086;13.5893;-0.1703;-0.1453;0.1681;326.2922;4.5101;13.9820;0;NULL;-0.1703;-0.1453;0.1681;326.2922;4.5101;13.9820;ControllerBody;NULL;NULL;NULL;NULL;3;2;0;1;0;0;-0.5000;0.0000;2.0000;-0.1007;-0.0679;0.4910;356.4471;344.4391;1.9193;-0.1150;-0.0636;0.4786;355.9210;342.9819;1.4934;1;NULL;-0.1150;-0.0636;0.4786;355.9210;342.9819;1.4934;ControllerBody;NULL;d1f27ab1-5740-4e66-96c0-219f0d3d48cd;NULL;NULL;10;2;NULL;-0.5000;0.0000;2.0000;Exposure;0.5830;2026-05-18 10:10:09.7675;Controllers;NULL;NULL;OpenXR
NULL;Right;NULL;11;Exposure;NULL;NoMitigation;3;2;0;1;0;0;-0.5000;0.0000;2.0000;NULL;None;anonymous;NULL;Mole Hit;MoleEvent;863;6df10942-1bd9-444b-9e92-3f4361c07db4;NULL;0.0099;-0.0033;-0.0472;0.8140;352.1695;357.3866;0.0360;-0.5209;0.0293;2.0000;-0.5209;0.0293;2.0000;NULL;1;-0.1638;-0.1450;0.1799;326.6574;5.4086;13.5893;-0.1703;-0.1453;0.1681;326.2922;4.5101;13.9820;0;NULL;-0.1703;-0.1453;0.1681;326.2922;4.5101;13.9820;ControllerBody;NULL;NULL;NULL;NULL;3;2;0;1;0;0;-0.5000;0.0000;2.0000;-0.1007;-0.0679;0.4910;356.4471;344.4391;1.9193;-0.1150;-0.0636;0.4786;355.9210;342.9819;1.4934;1;NULL;-0.1150;-0.0636;0.4786;355.9210;342.9819;1.4934;ControllerBody;NULL;d1f27ab1-5740-4e66-96c0-219f0d3d48cd;NULL;NULL;10;2;NULL;-0.5000;0.0000;2.0000;Exposure;0.0000;2026-05-18 10:10:09.7695;Controllers;NULL;NULL;OpenXR
NULL;Right;NULL;NULL;Exposure;NULL;NoMitigation;2;1;0;0;0;0;0.5000;0.0000;2.0000;NULL;None;anonymous;NULL;Mole Spawned;MoleEvent;863;6df10942-1bd9-444b-9e92-3f4361c07db4;NULL;0.0099;-0.0033;-0.0472;0.8140;352.1695;357.3866;NULL;NULL;NULL;NULL;NULL;NULL;NULL;NULL;NULL;-0.1638;-0.1450;0.1799;326.6574;5.4086;13.5893;-0.1703;-0.1453;0.1681;326.2922;4.5101;13.9820;0;NULL;-0.1703;-0.1453;0.1681;326.2922;4.5101;13.9820;ControllerBody;NULL;NULL;NULL;NULL;2;1;0;0;0;0;0.5000;0.0000;2.0000;-0.1007;-0.0679;0.4910;356.4471;344.4391;1.9193;-0.1150;-0.0636;0.4786;355.9210;342.9819;1.4934;1;NULL;-0.1150;-0.0636;0.4786;355.9210;342.9819;1.4934;ControllerBody;NULL;d1f27ab1-5740-4e66-96c0-219f0d3d48cd;NULL;NULL;NULL;1;NULL;0.5000;0.0000;2.0000;Exposure;0.0000;2026-05-18 10:10:09.7711;Controllers;NULL;NULL;OpenXR
NULL;Right;NULL;12;Exposure;NULL;NoMitigation;2;1;0;0;0;0;0.5000;0.0000;2.0000;NULL;None;anonymous;NULL;Pointer Shoot;PointerEvent;891;6df10942-1bd9-444b-9e92-3f4361c07db4;NULL;0.0131;-0.0010;-0.0476;359.1452;5.9035;1.2902;NULL;0.4855;0.0002;2.0000;0.4855;0.0002;2.0000;NULL;NULL;-0.1697;-0.1466;0.1778;326.9613;5.0700;15.1269;-0.1660;-0.1554;0.1772;327.5781;5.9273;15.5039;0;NULL;-0.1660;-0.1554;0.1772;327.5781;5.9273;15.5039;ControllerBody;NULL;NULL;NULL;NULL;2;1;0;0;0;0;0.5000;0.0000;2.0000;0.1666;-0.0606;0.5392;357.6717;12.3142;2.0537;0.1841;-0.0572;0.5294;357.3450;13.3299;2.1094;1;NULL;0.1841;-0.0572;0.5294;357.3450;13.3299;2.1094;ControllerBody;NULL;d1f27ab1-5740-4e66-96c0-219f0d3d48cd;NULL;NULL;11;1;NULL;0.5000;0.0000;2.0000;Exposure;0.5168;2026-05-18 10:10:10.2839;Controllers;NULL;NULL;OpenXR
NULL;Right;NULL;12;Exposure;NULL;NoMitigation;2;1;0;0;0;0;0.5000;0.0000;2.0000;NULL;None;anonymous;NULL;Mole Hit;MoleEvent;891;6df10942-1bd9-444b-9e92-3f4361c07db4;NULL;0.0131;-0.0010;-0.0476;359.1452;5.9035;1.2902;0.0146;0.4855;0.0002;2.0000;0.4855;0.0002;2.0000;NULL;1;-0.1697;-0.1466;0.1778;326.9613;5.0700;15.1269;-0.1660;-0.1554;0.1772;327.5781;5.9273;15.5039;0;NULL;-0.1660;-0.1554;0.1772;327.5781;5.9273;15.5039;ControllerBody;NULL;NULL;NULL;NULL;2;1;0;0;0;0;0.5000;0.0000;2.0000;0.1666;-0.0606;0.5392;357.6717;12.3142;2.0537;0.1841;-0.0572;0.5294;357.3450;13.3299;2.1094;1;NULL;0.1841;-0.0572;0.5294;357.3450;13.3299;2.1094;ControllerBody;NULL;d1f27ab1-5740-4e66-96c0-219f0d3d48cd;NULL;NULL;11;1;NULL;0.5000;0.0000;2.0000;Exposure;0.0000;2026-05-18 10:10:10.2870;Controllers;NULL;NULL;OpenXR
NULL;Right;NULL;NULL;Exposure;NULL;NoMitigation;1;0;0;-1;0;0;0.0000;0.0000;2.0000;NULL;None;anonymous;NULL;Mole Spawned;MoleEvent;891;6df10942-1bd9-444b-9e92-3f4361c07db4;NULL;0.0131;-0.0010;-0.0476;359.1452;5.9035;1.2902;NULL;NULL;NULL;NULL;NULL;NULL;NULL;NULL;NULL;-0.1697;-0.1466;0.1778;326.9613;5.0700;15.1269;-0.1660;-0.1554;0.1772;327.5781;5.9273;15.5039;0;NULL;-0.1660;-0.1554;0.1772;327.5781;5.9273;15.5039;ControllerBody;NULL;NULL;NULL;NULL;1;0;0;-1;0;0;0.0000;0.0000;2.0000;0.1666;-0.0606;0.5392;357.6717;12.3142;2.0537;0.1841;-0.0572;0.5294;357.3450;13.3299;2.1094;1;NULL;0.1841;-0.0572;0.5294;357.3450;13.3299;2.1094;ControllerBody;NULL;d1f27ab1-5740-4e66-96c0-219f0d3d48cd;NULL;NULL;NULL;0;NULL;0.0000;0.0000;2.0000;Exposure;0.0000;2026-05-18 10:10:10.2885;Controllers;NULL;NULL;OpenXR
NULL;Right;NULL;13;Exposure;NULL;NoMitigation;1;0;0;-1;0;0;0.0000;0.0000;2.0000;NULL;None;anonymous;NULL;Pointer Shoot;PointerEvent;915;6df10942-1bd9-444b-9e92-3f4361c07db4;NULL;0.0177;-0.0002;-0.0490;358.8707;357.4096;356.9518;NULL;-0.0105;-0.0182;2.0000;-0.0105;-0.0182;2.0000;NULL;NULL;-0.1646;-0.1463;0.1777;327.0681;5.2782;13.8853;-0.1697;-0.1455;0.1620;326.0686;4.7020;13.7754;0;NULL;-0.1697;-0.1455;0.1620;326.0686;4.7020;13.7754;ControllerBody;NULL;NULL;NULL;NULL;1;0;0;-1;0;0;0.0000;0.0000;2.0000;0.0266;-0.0666;0.5335;358.1117;358.5504;0.6101;0.0201;-0.0645;0.5283;357.4676;359.6811;0.6684;1;NULL;0.0201;-0.0645;0.5283;357.4676;359.6811;0.6684;ControllerBody;NULL;d1f27ab1-5740-4e66-96c0-219f0d3d48cd;NULL;NULL;12;0;NULL;0.0000;0.0000;2.0000;Exposure;0.4498;2026-05-18 10:10:10.7341;Controllers;NULL;NULL;OpenXR
NULL;Right;NULL;13;Exposure;NULL;NoMitigation;1;0;0;-1;0;0;0.0000;0.0000;2.0000;NULL;None;anonymous;NULL;Mole Hit;MoleEvent;915;6df10942-1bd9-444b-9e92-3f4361c07db4;NULL;0.0177;-0.0002;-0.0490;358.8707;357.4096;356.9518;0.0210;-0.0105;-0.0182;2.0000;-0.0105;-0.0182;2.0000;NULL;1;-0.1646;-0.1463;0.1777;327.0681;5.2782;13.8853;-0.1697;-0.1455;0.1620;326.0686;4.7020;13.7754;0;NULL;-0.1697;-0.1455;0.1620;326.0686;4.7020;13.7754;ControllerBody;NULL;NULL;NULL;NULL;1;0;0;-1;0;0;0.0000;0.0000;2.0000;0.0266;-0.0666;0.5335;358.1117;358.5504;0.6101;0.0201;-0.0645;0.5283;357.4676;359.6811;0.6684;1;NULL;0.0201;-0.0645;0.5283;357.4676;359.6811;0.6684;ControllerBody;NULL;d1f27ab1-5740-4e66-96c0-219f0d3d48cd;NULL;NULL;12;0;NULL;0.0000;0.0000;2.0000;Exposure;0.0000;2026-05-18 10:10:10.7361;Controllers;NULL;NULL;OpenXR
NULL;Right;NULL;NULL;Exposure;NULL;NoMitigation;2;1;0;0;0;0;0.5000;0.0000;2.0000;NULL;None;anonymous;NULL;Mole Spawned;MoleEvent;915;6df10942-1bd9-444b-9e92-3f4361c07db4;NULL;0.0177;-0.0002;-0.0490;358.8707;357.4096;356.9518;NULL;NULL;NULL;NULL;NULL;NULL;NULL;NULL;NULL;-0.1646;-0.1463;0.1777;327.0681;5.2782;13.8853;-0.1697;-0.1455;0.1620;326.0686;4.7020;13.7754;0;NULL;-0.1697;-0.1455;0.1620;326.0686;4.7020;13.7754;ControllerBody;NULL;NULL;NULL;NULL;2;1;0;0;0;0;0.5000;0.0000;2.0000;0.0266;-0.0666;0.5335;358.1117;358.5504;0.6101;0.0201;-0.0645;0.5283;357.4676;359.6811;0.6684;1;NULL;0.0201;-0.0645;0.5283;357.4676;359.6811;0.6684;ControllerBody;NULL;d1f27ab1-5740-4e66-96c0-219f0d3d48cd;NULL;NULL;NULL;1;NULL;0.5000;0.0000;2.0000;Exposure;0.0000;2026-05-18 10:10:10.7377;Controllers;NULL;NULL;OpenXR
NULL;Right;NULL;14;Exposure;NULL;NoMitigation;2;1;0;0;0;0;0.5000;0.0000;2.0000;NULL;None;anonymous;NULL;Pointer Shoot;PointerEvent;941;6df10942-1bd9-444b-9e92-3f4361c07db4;NULL;0.0118;-0.0017;-0.0480;359.5703;3.6834;0.6547;NULL;0.4342;-0.0093;2.0000;0.4342;-0.0093;2.0000;NULL;NULL;-0.1689;-0.1469;0.1763;327.2637;5.3000;16.2945;-0.1703;-0.1534;0.1769;327.5900;5.6568;16.9624;0;NULL;-0.1703;-0.1534;0.1769;327.5900;5.6568;16.9624;ControllerBody;NULL;NULL;NULL;NULL;2;1;0;0;0;0;0.5000;0.0000;2.0000;0.1498;-0.0556;0.5357;358.2238;10.9951;359.2225;0.1648;-0.0590;0.5258;357.9290;11.9845;0.5757;1;NULL;0.1648;-0.0590;0.5258;357.9290;11.9845;0.5757;ControllerBody;NULL;d1f27ab1-5740-4e66-96c0-219f0d3d48cd;NULL;NULL;13;1;NULL;0.5000;0.0000;2.0000;Exposure;0.4834;2026-05-18 10:10:11.2178;Controllers;NULL;NULL;OpenXR
NULL;Right;NULL;14;Exposure;NULL;NoMitigation;2;1;0;0;0;0;0.5000;0.0000;2.0000;NULL;None;anonymous;NULL;Mole Hit;MoleEvent;941;6df10942-1bd9-444b-9e92-3f4361c07db4;NULL;0.0118;-0.0017;-0.0480;359.5703;3.6834;0.6547;0.0664;0.4342;-0.0093;2.0000;0.4342;-0.0093;2.0000;NULL;1;-0.1689;-0.1469;0.1763;327.2637;5.3000;16.2945;-0.1703;-0.1534;0.1769;327.5900;5.6568;16.9624;0;NULL;-0.1703;-0.1534;0.1769;327.5900;5.6568;16.9624;ControllerBody;NULL;NULL;NULL;NULL;2;1;0;0;0;0;0.5000;0.0000;2.0000;0.1498;-0.0556;0.5357;358.2238;10.9951;359.2225;0.1648;-0.0590;0.5258;357.9290;11.9845;0.5757;1;NULL;0.1648;-0.0590;0.5258;357.9290;11.9845;0.5757;ControllerBody;NULL;d1f27ab1-5740-4e66-96c0-219f0d3d48cd;NULL;NULL;13;1;NULL;0.5000;0.0000;2.0000;Exposure;0.0000;2026-05-18 10:10:11.2203;Controllers;NULL;NULL;OpenXR
NULL;Right;NULL;NULL;Exposure;NULL;NoMitigation;1;0;0;-1;0;0;0.0000;0.0000;2.0000;NULL;None;anonymous;NULL;Mole Spawned;MoleEvent;941;6df10942-1bd9-444b-9e92-3f4361c07db4;NULL;0.0118;-0.0017;-0.0480;359.5703;3.6834;0.6547;NULL;NULL;NULL;NULL;NULL;NULL;NULL;NULL;NULL;-0.1689;-0.1469;0.1763;327.2637;5.3000;16.2945;-0.1703;-0.1534;0.1769;327.5900;5.6568;16.9624;0;NULL;-0.1703;-0.1534;0.1769;327.5900;5.6568;16.9624;ControllerBody;NULL;NULL;NULL;NULL;1;0;0;-1;0;0;0.0000;0.0000;2.0000;0.1498;-0.0556;0.5357;358.2238;10.9951;359.2225;0.1648;-0.0590;0.5258;357.9290;11.9845;0.5757;1;NULL;0.1648;-0.0590;0.5258;357.9290;11.9845;0.5757;ControllerBody;NULL;d1f27ab1-5740-4e66-96c0-219f0d3d48cd;NULL;NULL;NULL;0;NULL;0.0000;0.0000;2.0000;Exposure;0.0000;2026-05-18 10:10:11.2223;Controllers;NULL;NULL;OpenXR
NULL;Right;NULL;15;Exposure;NULL;NoMitigation;1;0;0;-1;0;0;0.0000;0.0000;2.0000;NULL;None;anonymous;NULL;Pointer Shoot;PointerEvent;966;6df10942-1bd9-444b-9e92-3f4361c07db4;NULL;0.0160;-0.0015;-0.0517;359.3754;357.4212;356.6302;NULL;0.0146;0.0357;2.0000;0.0146;0.0357;2.0000;NULL;NULL;-0.1645;-0.1475;0.1795;327.3213;5.8315;14.4635;-0.1692;-0.1490;0.1681;326.9953;4.9626;14.0562;0;NULL;-0.1692;-0.1490;0.1681;326.9953;4.9626;14.0562;ControllerBody;NULL;NULL;NULL;NULL;1;0;0;-1;0;0;0.0000;0.0000;2.0000;0.0320;-0.0568;0.5267;356.4044;359.3261;1.9629;0.0198;-0.0603;0.5206;356.3308;358.9849;2.2353;1;NULL;0.0198;-0.0603;0.5206;356.3308;358.9849;2.2353;ControllerBody;NULL;d1f27ab1-5740-4e66-96c0-219f0d3d48cd;NULL;NULL;14;0;NULL;0.0000;0.0000;2.0000;Exposure;0.4662;2026-05-18 10:10:11.6825;Controllers;NULL;NULL;OpenXR
NULL;Right;NULL;15;Exposure;NULL;NoMitigation;1;0;0;-1;0;0;0.0000;0.0000;2.0000;NULL;None;anonymous;NULL;Mole Hit;MoleEvent;966;6df10942-1bd9-444b-9e92-3f4361c07db4;NULL;0.0160;-0.0015;-0.0517;359.3754;357.4212;356.6302;0.0386;0.0146;0.0357;2.0000;0.0146;0.0357;2.0000;NULL;1;-0.1645;-0.1475;0.1795;327.3213;5.8315;14.4635;-0.1692;-0.1490;0.1681;326.9953;4.9626;14.0562;0;NULL;-0.1692;-0.1490;0.1681;326.9953;4.9626;14.0562;ControllerBody;NULL;NULL;NULL;NULL;1;0;0;-1;0;0;0.0000;0.0000;2.0000;0.0320;-0.0568;0.5267;356.4044;359.3261;1.9629;0.0198;-0.0603;0.5206;356.3308;358.9849;2.2353;1;NULL;0.0198;-0.0603;0.5206;356.3308;358.9849;2.2353;ControllerBody;NULL;d1f27ab1-5740-4e66-96c0-219f0d3d48cd;NULL;NULL;14;0;NULL;0.0000;0.0000;2.0000;Exposure;0.0000;2026-05-18 10:10:11.6856;Controllers;NULL;NULL;OpenXR
NULL;Right;NULL;NULL;Exposure;NULL;NoMitigation;2;1;0;0;0;0;0.5000;0.0000;2.0000;NULL;None;anonymous;NULL;Mole Spawned;MoleEvent;966;6df10942-1bd9-444b-9e92-3f4361c07db4;NULL;0.0160;-0.0015;-0.0517;359.3754;357.4212;356.6302;NULL;NULL;NULL;NULL;NULL;NULL;NULL;NULL;NULL;-0.1645;-0.1475;0.1795;327.3213;5.8315;14.4635;-0.1692;-0.1490;0.1681;326.9953;4.9626;14.0562;0;NULL;-0.1692;-0.1490;0.1681;326.9953;4.9626;14.0562;ControllerBody;NULL;NULL;NULL;NULL;2;1;0;0;0;0;0.5000;0.0000;2.0000;0.0320;-0.0568;0.5267;356.4044;359.3261;1.9629;0.0198;-0.0603;0.5206;356.3308;358.9849;2.2353;1;NULL;0.0198;-0.0603;0.5206;356.3308;358.9849;2.2353;ControllerBody;NULL;d1f27ab1-5740-4e66-96c0-219f0d3d48cd;NULL;NULL;NULL;1;NULL;0.5000;0.0000;2.0000;Exposure;0.0000;2026-05-18 10:10:11.6871;Controllers;NULL;NULL;OpenXR
NULL;Right;NULL;16;Exposure;NULL;NoMitigation;2;1;0;0;0;0;0.5000;0.0000;2.0000;NULL;None;anonymous;NULL;Pointer Shoot;PointerEvent;990;6df10942-1bd9-444b-9e92-3f4361c07db4;NULL;0.0099;-0.0022;-0.0491;359.6685;2.5783;0.9792;NULL;0.4393;0.0051;2.0000;0.4393;0.0051;2.0000;NULL;NULL;-0.1676;-0.1480;0.1779;327.2632;5.7009;15.1421;-0.1657;-0.1539;0.1755;327.3583;6.3579;15.6400;0;NULL;-0.1657;-0.1539;0.1755;327.3583;6.3579;15.6400;ControllerBody;NULL;NULL;NULL;NULL;2;1;0;0;0;0;0.5000;0.0000;2.0000;0.1487;-0.0574;0.5367;357.5995;11.2359;1.2216;0.1560;-0.0590;0.5274;356.8831;11.3175;1.7985;1;NULL;0.1560;-0.0590;0.5274;356.8831;11.3175;1.7985;ControllerBody;NULL;d1f27ab1-5740-4e66-96c0-219f0d3d48cd;NULL;NULL;15;1;NULL;0.5000;0.0000;2.0000;Exposure;0.4502;2026-05-18 10:10:12.1326;Controllers;NULL;NULL;OpenXR
NULL;Right;NULL;16;Exposure;NULL;NoMitigation;2;1;0;0;0;0;0.5000;0.0000;2.0000;NULL;None;anonymous;NULL;Mole Hit;MoleEvent;990;6df10942-1bd9-444b-9e92-3f4361c07db4;NULL;0.0099;-0.0022;-0.0491;359.6685;2.5783;0.9792;0.0609;0.4393;0.0051;2.0000;0.4393;0.0051;2.0000;NULL;1;-0.1676;-0.1480;0.1779;327.2632;5.7009;15.1421;-0.1657;-0.1539;0.1755;327.3583;6.3579;15.6400;0;NULL;-0.1657;-0.1539;0.1755;327.3583;6.3579;15.6400;ControllerBody;NULL;NULL;NULL;NULL;2;1;0;0;0;0;0.5000;0.0000;2.0000;0.1487;-0.0574;0.5367;357.5995;11.2359;1.2216;0.1560;-0.0590;0.5274;356.8831;11.3175;1.7985;1;NULL;0.1560;-0.0590;0.5274;356.8831;11.3175;1.7985;ControllerBody;NULL;d1f27ab1-5740-4e66-96c0-219f0d3d48cd;NULL;NULL;15;1;NULL;0.5000;0.0000;2.0000;Exposure;0.0000;2026-05-18 10:10:12.1356;Controllers;NULL;NULL;OpenXR
NULL;Right;NULL;NULL;Exposure;NULL;NoMitigation;3;2;0;1;0;0;-0.5000;0.0000;2.0000;NULL;None;anonymous;NULL;Mole Spawned;MoleEvent;990;6df10942-1bd9-444b-9e92-3f4361c07db4;NULL;0.0099;-0.0022;-0.0491;359.6685;2.5783;0.9792;NULL;NULL;NULL;NULL;NULL;NULL;NULL;NULL;NULL;-0.1676;-0.1480;0.1779;327.2632;5.7009;15.1421;-0.1657;-0.1539;0.1755;327.3583;6.3579;15.6400;0;NULL;-0.1657;-0.1539;0.1755;327.3583;6.3579;15.6400;ControllerBody;NULL;NULL;NULL;NULL;3;2;0;1;0;0;-0.5000;0.0000;2.0000;0.1487;-0.0574;0.5367;357.5995;11.2359;1.2216;0.1560;-0.0590;0.5274;356.8831;11.3175;1.7985;1;NULL;0.1560;-0.0590;0.5274;356.8831;11.3175;1.7985;ControllerBody;NULL;d1f27ab1-5740-4e66-96c0-219f0d3d48cd;NULL;NULL;NULL;2;NULL;-0.5000;0.0000;2.0000;Exposure;0.0000;2026-05-18 10:10:12.1371;Controllers;NULL;NULL;OpenXR
NULL;Right;NULL;17;Exposure;NULL;NoMitigation;3;2;0;1;0;0;-0.5000;0.0000;2.0000;NULL;None;anonymous;NULL;Pointer Shoot;PointerEvent;1023;6df10942-1bd9-444b-9e92-3f4361c07db4;NULL;0.0141;-0.0031;-0.0497;359.9710;352.7557;357.1823;NULL;-0.4634;0.0164;2.0000;-0.4634;0.0164;2.0000;NULL;NULL;-0.1646;-0.1472;0.1764;327.0150;5.6522;13.1761;-0.1677;-0.1484;0.1635;326.6035;5.1335;12.6070;0;NULL;-0.1677;-0.1484;0.1635;326.6035;5.1335;12.6070;ControllerBody;NULL;NULL;NULL;NULL;3;2;0;1;0;0;-0.5000;0.0000;2.0000;-0.0895;-0.0703;0.4947;356.7990;346.0524;2.4741;-0.1003;-0.0708;0.4841;356.6967;345.2889;3.0700;1;NULL;-0.1003;-0.0708;0.4841;356.6967;345.2889;3.0700;ControllerBody;NULL;d1f27ab1-5740-4e66-96c0-219f0d3d48cd;NULL;NULL;16;2;NULL;-0.5000;0.0000;2.0000;Exposure;0.5995;2026-05-18 10:10:12.7338;Controllers;NULL;NULL;OpenXR
NULL;Right;NULL;17;Exposure;NULL;NoMitigation;3;2;0;1;0;0;-0.5000;0.0000;2.0000;NULL;None;anonymous;NULL;Mole Hit;MoleEvent;1023;6df10942-1bd9-444b-9e92-3f4361c07db4;NULL;0.0141;-0.0031;-0.0497;359.9710;352.7557;357.1823;0.0401;-0.4634;0.0164;2.0000;-0.4634;0.0164;2.0000;NULL;1;-0.1646;-0.1472;0.1764;327.0150;5.6522;13.1761;-0.1677;-0.1484;0.1635;326.6035;5.1335;12.6070;0;NULL;-0.1677;-0.1484;0.1635;326.6035;5.1335;12.6070;ControllerBody;NULL;NULL;NULL;NULL;3;2;0;1;0;0;-0.5000;0.0000;2.0000;-0.0895;-0.0703;0.4947;356.7990;346.0524;2.4741;-0.1003;-0.0708;0.4841;356.6967;345.2889;3.0700;1;NULL;-0.1003;-0.0708;0.4841;356.6967;345.2889;3.0700;ControllerBody;NULL;d1f27ab1-5740-4e66-96c0-219f0d3d48cd;NULL;NULL;16;2;NULL;-0.5000;0.0000;2.0000;Exposure;0.0000;2026-05-18 10:10:12.7358;Controllers;NULL;NULL;OpenXR
NULL;Right;NULL;NULL;Exposure;NULL;NoMitigation;2;1;0;0;0;0;0.5000;0.0000;2.0000;NULL;None;anonymous;NULL;Mole Spawned;MoleEvent;1023;6df10942-1bd9-444b-9e92-3f4361c07db4;NULL;0.0141;-0.0031;-0.0497;359.9710;352.7557;357.1823;NULL;NULL;NULL;NULL;NULL;NULL;NULL;NULL;NULL;-0.1646;-0.1472;0.1764;327.0150;5.6522;13.1761;-0.1677;-0.1484;0.1635;326.6035;5.1335;12.6070;0;NULL;-0.1677;-0.1484;0.1635;326.6035;5.1335;12.6070;ControllerBody;NULL;NULL;NULL;NULL;2;1;0;0;0;0;0.5000;0.0000;2.0000;-0.0895;-0.0703;0.4947;356.7990;346.0524;2.4741;-0.1003;-0.0708;0.4841;356.6967;345.2889;3.0700;1;NULL;-0.1003;-0.0708;0.4841;356.6967;345.2889;3.0700;ControllerBody;NULL;d1f27ab1-5740-4e66-96c0-219f0d3d48cd;NULL;NULL;NULL;1;NULL;0.5000;0.0000;2.0000;Exposure;0.0000;2026-05-18 10:10:12.7374;Controllers;NULL;NULL;OpenXR
NULL;Right;NULL;18;Exposure;NULL;NoMitigation;2;1;0;0;0;0;0.5000;0.0000;2.0000;NULL;None;anonymous;NULL;Pointer Shoot;PointerEvent;1060;6df10942-1bd9-444b-9e92-3f4361c07db4;NULL;0.0011;-0.0069;-0.0518;2.3961;348.2749;359.2597;NULL;0.3612;0.0089;2.0000;0.3612;0.0089;2.0000;NULL;NULL;-0.1637;-0.1467;0.1759;327.0418;5.9996;13.6756;-0.1563;-0.1515;0.1719;327.2180;6.9436;13.0839;0;NULL;-0.1563;-0.1515;0.1719;327.2180;6.9436;13.0839;ControllerBody;NULL;NULL;NULL;NULL;2;1;0;0;0;0;0.5000;0.0000;2.0000;0.1324;-0.0646;0.5302;357.1707;8.8505;0.2970;0.1433;-0.0604;0.5194;356.1119;9.6322;0.4442;1;NULL;0.1433;-0.0604;0.5194;356.1119;9.6322;0.4442;ControllerBody;NULL;d1f27ab1-5740-4e66-96c0-219f0d3d48cd;NULL;NULL;17;1;NULL;0.5000;0.0000;2.0000;Exposure;0.6666;2026-05-18 10:10:13.3999;Controllers;NULL;NULL;OpenXR
NULL;Right;NULL;18;Exposure;NULL;NoMitigation;2;1;0;0;0;0;0.5000;0.0000;2.0000;NULL;None;anonymous;NULL;Mole Missed;PointerEvent;1060;6df10942-1bd9-444b-9e92-3f4361c07db4;NULL;0.0011;-0.0069;-0.0518;2.3961;348.2749;359.2597;0.1390;0.3612;0.0089;2.0000;0.3612;0.0089;2.0000;NULL;0;-0.1637;-0.1467;0.1759;327.0418;5.9996;13.6756;-0.1563;-0.1515;0.1719;327.2180;6.9436;13.0839;0;NULL;-0.1563;-0.1515;0.1719;327.2180;6.9436;13.0839;ControllerBody;NULL;NULL;NULL;NULL;2;1;0;0;0;0;0.5000;0.0000;2.0000;0.1324;-0.0646;0.5302;357.1707;8.8505;0.2970;0.1433;-0.0604;0.5194;356.1119;9.6322;0.4442;1;NULL;0.1433;-0.0604;0.5194;356.1119;9.6322;0.4442;ControllerBody;NULL;d1f27ab1-5740-4e66-96c0-219f0d3d48cd;NULL;NULL;17;1;NULL;0.5000;0.0000;2.0000;Exposure;0.0000;2026-05-18 10:10:13.4025;Controllers;NULL;NULL;OpenXR
NULL;Right;NULL;NULL;Exposure;NULL;NoMitigation;1;0;0;-1;0;0;0.0000;0.0000;2.0000;NULL;None;anonymous;NULL;Mole Spawned;MoleEvent;1060;6df10942-1bd9-444b-9e92-3f4361c07db4;NULL;0.0011;-0.0069;-0.0518;2.3961;348.2749;359.2597;NULL;NULL;NULL;NULL;NULL;NULL;NULL;NULL;NULL;-0.1637;-0.1467;0.1759;327.0418;5.9996;13.6756;-0.1563;-0.1515;0.1719;327.2180;6.9436;13.0839;0;NULL;-0.1563;-0.1515;0.1719;327.2180;6.9436;13.0839;ControllerBody;NULL;NULL;NULL;NULL;1;0;0;-1;0;0;0.0000;0.0000;2.0000;0.1324;-0.0646;0.5302;357.1707;8.8505;0.2970;0.1433;-0.0604;0.5194;356.1119;9.6322;0.4442;1;NULL;0.1433;-0.0604;0.5194;356.1119;9.6322;0.4442;ControllerBody;NULL;d1f27ab1-5740-4e66-96c0-219f0d3d48cd;NULL;NULL;NULL;0;NULL;0.0000;0.0000;2.0000;Exposure;0.0000;2026-05-18 10:10:13.4040;Controllers;NULL;NULL;OpenXR
NULL;Right;NULL;19;Exposure;NULL;NoMitigation;1;0;0;-1;0;0;0.0000;0.0000;2.0000;NULL;None;anonymous;NULL;Pointer Shoot;PointerEvent;1086;6df10942-1bd9-444b-9e92-3f4361c07db4;NULL;0.0070;-0.0059;-0.0541;1.4532;348.7072;358.1620;NULL;-0.0932;0.0222;2.0000;-0.0932;0.0222;2.0000;NULL;NULL;-0.1587;-0.1464;0.1759;326.9698;6.6110;13.0029;-0.1621;-0.1487;0.1646;326.4492;6.3054;12.6775;0;NULL;-0.1621;-0.1487;0.1646;326.4492;6.3054;12.6775;ControllerBody;NULL;NULL;NULL;NULL;1;0;0;-1;0;0;0.0000;0.0000;2.0000;0.0149;-0.0702;0.5110;356.4576;355.8483;2.4807;0.0094;-0.0747;0.5053;356.6854;356.2411;2.1029;1;NULL;0.0094;-0.0747;0.5053;356.6854;356.2411;2.1029;ControllerBody;NULL;d1f27ab1-5740-4e66-96c0-219f0d3d48cd;NULL;NULL;17;0;NULL;0.0000;0.0000;2.0000;Exposure;0.4829;2026-05-18 10:10:13.8823;Controllers;NULL;NULL;OpenXR
NULL;Right;NULL;19;Exposure;NULL;NoMitigation;1;0;0;-1;0;0;0.0000;0.0000;2.0000;NULL;None;anonymous;NULL;Mole Hit;MoleEvent;1086;6df10942-1bd9-444b-9e92-3f4361c07db4;NULL;0.0070;-0.0059;-0.0541;1.4532;348.7072;358.1620;0.0958;-0.0932;0.0222;2.0000;-0.0932;0.0222;2.0000;NULL;1;-0.1587;-0.1464;0.1759;326.9698;6.6110;13.0029;-0.1621;-0.1487;0.1646;326.4492;6.3054;12.6775;0;NULL;-0.1621;-0.1487;0.1646;326.4492;6.3054;12.6775;ControllerBody;NULL;NULL;NULL;NULL;1;0;0;-1;0;0;0.0000;0.0000;2.0000;0.0149;-0.0702;0.5110;356.4576;355.8483;2.4807;0.0094;-0.0747;0.5053;356.6854;356.2411;2.1029;1;NULL;0.0094;-0.0747;0.5053;356.6854;356.2411;2.1029;ControllerBody;NULL;d1f27ab1-5740-4e66-96c0-219f0d3d48cd;NULL;NULL;17;0;NULL;0.0000;0.0000;2.0000;Exposure;0.0000;2026-05-18 10:10:13.8853;Controllers;NULL;NULL;OpenXR
NULL;Right;NULL;NULL;Exposure;NULL;NoMitigation;3;2;0;1;0;0;-0.5000;0.0000;2.0000;NULL;None;anonymous;NULL;Mole Spawned;MoleEvent;1086;6df10942-1bd9-444b-9e92-3f4361c07db4;NULL;0.0070;-0.0059;-0.0541;1.4532;348.7072;358.1620;NULL;NULL;NULL;NULL;NULL;NULL;NULL;NULL;NULL;-0.1587;-0.1464;0.1759;326.9698;6.6110;13.0029;-0.1621;-0.1487;0.1646;326.4492;6.3054;12.6775;0;NULL;-0.1621;-0.1487;0.1646;326.4492;6.3054;12.6775;ControllerBody;NULL;NULL;NULL;NULL;3;2;0;1;0;0;-0.5000;0.0000;2.0000;0.0149;-0.0702;0.5110;356.4576;355.8483;2.4807;0.0094;-0.0747;0.5053;356.6854;356.2411;2.1029;1;NULL;0.0094;-0.0747;0.5053;356.6854;356.2411;2.1029;ControllerBody;NULL;d1f27ab1-5740-4e66-96c0-219f0d3d48cd;NULL;NULL;NULL;2;NULL;-0.5000;0.0000;2.0000;Exposure;0.0000;2026-05-18 10:10:13.8868;Controllers;NULL;NULL;OpenXR
NULL;Right;NULL;20;Exposure;NULL;NoMitigation;3;2;0;1;0;0;-0.5000;0.0000;2.0000;NULL;None;anonymous;NULL;Pointer Shoot;PointerEvent;1121;6df10942-1bd9-444b-9e92-3f4361c07db4;NULL;0.0042;-0.0057;-0.0518;1.2158;344.7106;358.9545;NULL;-0.4693;-0.0210;2.0000;-0.4693;-0.0210;2.0000;NULL;NULL;-0.1581;-0.1462;0.1762;326.9086;6.7786;12.3288;-0.1594;-0.1490;0.1649;326.7077;6.4952;11.9656;0;NULL;-0.1594;-0.1490;0.1649;326.7077;6.4952;11.9656;ControllerBody;NULL;NULL;NULL;NULL;3;2;0;1;0;0;-0.5000;0.0000;2.0000;-0.0814;-0.0854;0.4876;357.6352;345.6138;3.1235;-0.0955;-0.0842;0.4763;356.9821;344.8659;3.9137;1;NULL;-0.0955;-0.0842;0.4763;356.9821;344.8659;3.9137;ControllerBody;NULL;d1f27ab1-5740-4e66-96c0-219f0d3d48cd;NULL;NULL;18;2;NULL;-0.5000;0.0000;2.0000;Exposure;0.6339;2026-05-18 10:10:14.5172;Controllers;NULL;NULL;OpenXR
NULL;Right;NULL;20;Exposure;NULL;NoMitigation;3;2;0;1;0;0;-0.5000;0.0000;2.0000;NULL;None;anonymous;NULL;Mole Hit;MoleEvent;1121;6df10942-1bd9-444b-9e92-3f4361c07db4;NULL;0.0042;-0.0057;-0.0518;1.2158;344.7106;358.9545;0.0372;-0.4693;-0.0210;2.0000;-0.4693;-0.0210;2.0000;NULL;1;-0.1581;-0.1462;0.1762;326.9086;6.7786;12.3288;-0.1594;-0.1490;0.1649;326.7077;6.4952;11.9656;0;NULL;-0.1594;-0.1490;0.1649;326.7077;6.4952;11.9656;ControllerBody;NULL;NULL;NULL;NULL;3;2;0;1;0;0;-0.5000;0.0000;2.0000;-0.0814;-0.0854;0.4876;357.6352;345.6138;3.1235;-0.0955;-0.0842;0.4763;356.9821;344.8659;3.9137;1;NULL;-0.0955;-0.0842;0.4763;356.9821;344.8659;3.9137;ControllerBody;NULL;d1f27ab1-5740-4e66-96c0-219f0d3d48cd;NULL;NULL;18;2;NULL;-0.5000;0.0000;2.0000;Exposure;0.0000;2026-05-18 10:10:14.5193;Controllers;NULL;NULL;OpenXR
NULL;Right;NULL;NULL;Exposure;NULL;NoMitigation;2;1;0;0;0;0;0.5000;0.0000;2.0000;NULL;None;anonymous;NULL;Mole Spawned;MoleEvent;1121;6df10942-1bd9-444b-9e92-3f4361c07db4;NULL;0.0042;-0.0057;-0.0518;1.2158;344.7106;358.9545;NULL;NULL;NULL;NULL;NULL;NULL;NULL;NULL;NULL;-0.1581;-0.1462;0.1762;326.9086;6.7786;12.3288;-0.1594;-0.1490;0.1649;326.7077;6.4952;11.9656;0;NULL;-0.1594;-0.1490;0.1649;326.7077;6.4952;11.9656;ControllerBody;NULL;NULL;NULL;NULL;2;1;0;0;0;0;0.5000;0.0000;2.0000;-0.0814;-0.0854;0.4876;357.6352;345.6138;3.1235;-0.0955;-0.0842;0.4763;356.9821;344.8659;3.9137;1;NULL;-0.0955;-0.0842;0.4763;356.9821;344.8659;3.9137;ControllerBody;NULL;d1f27ab1-5740-4e66-96c0-219f0d3d48cd;NULL;NULL;NULL;1;NULL;0.5000;0.0000;2.0000;Exposure;0.0000;2026-05-18 10:10:14.5224;Controllers;NULL;NULL;OpenXR
NULL;Right;NULL;21;Exposure;NULL;NoMitigation;2;1;0;0;0;0;0.5000;0.0000;2.0000;NULL;None;anonymous;NULL;Pointer Shoot;PointerEvent;1160;6df10942-1bd9-444b-9e92-3f4361c07db4;NULL;0.0005;-0.0051;-0.0496;1.0381;351.0452;2.1928;NULL;0.4413;-0.0246;2.0000;0.4413;-0.0246;2.0000;NULL;NULL;-0.1582;-0.1490;0.1777;327.3598;7.1396;13.7244;-0.1528;-0.1547;0.1745;327.4486;8.2161;13.3444;0;NULL;-0.1528;-0.1547;0.1745;327.4486;8.2161;13.3444;ControllerBody;NULL;NULL;NULL;NULL;2;1;0;0;0;0;0.5000;0.0000;2.0000;0.1645;-0.0763;0.5278;358.0206;10.6489;359.8134;0.1735;-0.0744;0.5186;357.2564;11.1306;358.8286;1;NULL;0.1735;-0.0744;0.5186;357.2564;11.1306;358.8286;ControllerBody;NULL;d1f27ab1-5740-4e66-96c0-219f0d3d48cd;NULL;NULL;19;1;NULL;0.5000;0.0000;2.0000;Exposure;0.6996;2026-05-18 10:10:15.2155;Controllers;NULL;NULL;OpenXR
NULL;Right;NULL;21;Exposure;NULL;NoMitigation;2;1;0;0;0;0;0.5000;0.0000;2.0000;NULL;None;anonymous;NULL;Mole Hit;MoleEvent;1160;6df10942-1bd9-444b-9e92-3f4361c07db4;NULL;0.0005;-0.0051;-0.0496;1.0381;351.0452;2.1928;0.0636;0.4413;-0.0246;2.0000;0.4413;-0.0246;2.0000;NULL;1;-0.1582;-0.1490;0.1777;327.3598;7.1396;13.7244;-0.1528;-0.1547;0.1745;327.4486;8.2161;13.3444;0;NULL;-0.1528;-0.1547;0.1745;327.4486;8.2161;13.3444;ControllerBody;NULL;NULL;NULL;NULL;2;1;0;0;0;0;0.5000;0.0000;2.0000;0.1645;-0.0763;0.5278;358.0206;10.6489;359.8134;0.1735;-0.0744;0.5186;357.2564;11.1306;358.8286;1;NULL;0.1735;-0.0744;0.5186;357.2564;11.1306;358.8286;ControllerBody;NULL;d1f27ab1-5740-4e66-96c0-219f0d3d48cd;NULL;NULL;19;1;NULL;0.5000;0.0000;2.0000;Exposure;0.0000;2026-05-18 10:10:15.2186;Controllers;NULL;NULL;OpenXR
NULL;Right;NULL;NULL;Exposure;NULL;NoMitigation;3;2;0;1;0;0;-0.5000;0.0000;2.0000;NULL;None;anonymous;NULL;Mole Spawned;MoleEvent;1160;6df10942-1bd9-444b-9e92-3f4361c07db4;NULL;0.0005;-0.0051;-0.0496;1.0381;351.0452;2.1928;NULL;NULL;NULL;NULL;NULL;NULL;NULL;NULL;NULL;-0.1582;-0.1490;0.1777;327.3598;7.1396;13.7244;-0.1528;-0.1547;0.1745;327.4486;8.2161;13.3444;0;NULL;-0.1528;-0.1547;0.1745;327.4486;8.2161;13.3444;ControllerBody;NULL;NULL;NULL;NULL;3;2;0;1;0;0;-0.5000;0.0000;2.0000;0.1645;-0.0763;0.5278;358.0206;10.6489;359.8134;0.1735;-0.0744;0.5186;357.2564;11.1306;358.8286;1;NULL;0.1735;-0.0744;0.5186;357.2564;11.1306;358.8286;ControllerBody;NULL;d1f27ab1-5740-4e66-96c0-219f0d3d48cd;NULL;NULL;NULL;2;NULL;-0.5000;0.0000;2.0000;Exposure;0.0000;2026-05-18 10:10:15.2217;Controllers;NULL;NULL;OpenXR
NULL;Right;NULL;22;Exposure;NULL;NoMitigation;3;2;0;1;0;0;-0.5000;0.0000;2.0000;NULL;None;anonymous;NULL;Pointer Shoot;PointerEvent;1205;6df10942-1bd9-444b-9e92-3f4361c07db4;NULL;0.0069;-0.0038;-0.0502;0.1405;348.3203;359.3891;NULL;-0.5133;-0.0187;2.0000;-0.5133;-0.0187;2.0000;NULL;NULL;-0.1551;-0.1485;0.1775;327.7611;7.0333;12.4182;-0.1626;-0.1514;0.1678;327.6383;6.0301;12.7668;0;NULL;-0.1626;-0.1514;0.1678;327.6383;6.0301;12.7668;ControllerBody;NULL;NULL;NULL;NULL;3;2;0;1;0;0;-0.5000;0.0000;2.0000;-0.0922;-0.0841;0.4867;357.6161;344.4490;0.5414;-0.0992;-0.0851;0.4783;357.2562;344.4135;1.5094;1;NULL;-0.0992;-0.0851;0.4783;357.2562;344.4135;1.5094;ControllerBody;NULL;d1f27ab1-5740-4e66-96c0-219f0d3d48cd;NULL;NULL;20;2;NULL;-0.5000;0.0000;2.0000;Exposure;0.7985;2026-05-18 10:10:16.0139;Controllers;NULL;NULL;OpenXR
NULL;Right;NULL;22;Exposure;NULL;NoMitigation;3;2;0;1;0;0;-0.5000;0.0000;2.0000;NULL;None;anonymous;NULL;Mole Hit;MoleEvent;1205;6df10942-1bd9-444b-9e92-3f4361c07db4;NULL;0.0069;-0.0038;-0.0502;0.1405;348.3203;359.3891;0.0230;-0.5133;-0.0187;2.0000;-0.5133;-0.0187;2.0000;NULL;1;-0.1551;-0.1485;0.1775;327.7611;7.0333;12.4182;-0.1626;-0.1514;0.1678;327.6383;6.0301;12.7668;0;NULL;-0.1626;-0.1514;0.1678;327.6383;6.0301;12.7668;ControllerBody;NULL;NULL;NULL;NULL;3;2;0;1;0;0;-0.5000;0.0000;2.0000;-0.0922;-0.0841;0.4867;357.6161;344.4490;0.5414;-0.0992;-0.0851;0.4783;357.2562;344.4135;1.5094;1;NULL;-0.0992;-0.0851;0.4783;357.2562;344.4135;1.5094;ControllerBody;NULL;d1f27ab1-5740-4e66-96c0-219f0d3d48cd;NULL;NULL;20;2;NULL;-0.5000;0.0000;2.0000;Exposure;0.0000;2026-05-18 10:10:16.0165;Controllers;NULL;NULL;OpenXR
NULL;Right;NULL;NULL;Exposure;NULL;NoMitigation;2;1;0;0;0;0;0.5000;0.0000;2.0000;NULL;None;anonymous;NULL;Mole Spawned;MoleEvent;1205;6df10942-1bd9-444b-9e92-3f4361c07db4;NULL;0.0069;-0.0038;-0.0502;0.1405;348.3203;359.3891;NULL;NULL;NULL;NULL;NULL;NULL;NULL;NULL;NULL;-0.1551;-0.1485;0.1775;327.7611;7.0333;12.4182;-0.1626;-0.1514;0.1678;327.6383;6.0301;12.7668;0;NULL;-0.1626;-0.1514;0.1678;327.6383;6.0301;12.7668;ControllerBody;NULL;NULL;NULL;NULL;2;1;0;0;0;0;0.5000;0.0000;2.0000;-0.0922;-0.0841;0.4867;357.6161;344.4490;0.5414;-0.0992;-0.0851;0.4783;357.2562;344.4135;1.5094;1;NULL;-0.0992;-0.0851;0.4783;357.2562;344.4135;1.5094;ControllerBody;NULL;d1f27ab1-5740-4e66-96c0-219f0d3d48cd;NULL;NULL;NULL;1;NULL;0.5000;0.0000;2.0000;Exposure;0.0000;2026-05-18 10:10:16.0190;Controllers;NULL;NULL;OpenXR
NULL;Right;NULL;23;Exposure;NULL;NoMitigation;2;1;0;0;0;0;0.5000;0.0000;2.0000;NULL;None;anonymous;NULL;Pointer Shoot;PointerEvent;1263;6df10942-1bd9-444b-9e92-3f4361c07db4;NULL;0.0092;-0.0027;-0.0494;359.4520;354.5871;0.9666;NULL;0.4521;0.0336;2.0000;0.4521;0.0336;2.0000;NULL;NULL;-0.1489;-0.1549;0.1848;328.9029;8.5927;12.6842;-0.1496;-0.1610;0.1799;329.1076;8.6529;12.5377;0;NULL;-0.1496;-0.1610;0.1799;329.1076;8.6529;12.5377;ControllerBody;NULL;NULL;NULL;NULL;2;1;0;0;0;0;0.5000;0.0000;2.0000;0.1697;-0.0666;0.5230;356.1873;10.8217;357.9758;0.1774;-0.0648;0.5144;355.9057;11.7655;358.0236;1;NULL;0.1774;-0.0648;0.5144;355.9057;11.7655;358.0236;ControllerBody;NULL;d1f27ab1-5740-4e66-96c0-219f0d3d48cd;NULL;NULL;21;1;NULL;0.5000;0.0000;2.0000;Exposure;1.0167;2026-05-18 10:10:17.0315;Controllers;NULL;NULL;OpenXR
NULL;Right;NULL;23;Exposure;NULL;NoMitigation;2;1;0;0;0;0;0.5000;0.0000;2.0000;NULL;None;anonymous;NULL;Mole Hit;MoleEvent;1263;6df10942-1bd9-444b-9e92-3f4361c07db4;NULL;0.0092;-0.0027;-0.0494;359.4520;354.5871;0.9666;0.0586;0.4521;0.0336;2.0000;0.4521;0.0336;2.0000;NULL;1;-0.1489;-0.1549;0.1848;328.9029;8.5927;12.6842;-0.1496;-0.1610;0.1799;329.1076;8.6529;12.5377;0;NULL;-0.1496;-0.1610;0.1799;329.1076;8.6529;12.5377;ControllerBody;NULL;NULL;NULL;NULL;2;1;0;0;0;0;0.5000;0.0000;2.0000;0.1697;-0.0666;0.5230;356.1873;10.8217;357.9758;0.1774;-0.0648;0.5144;355.9057;11.7655;358.0236;1;NULL;0.1774;-0.0648;0.5144;355.9057;11.7655;358.0236;ControllerBody;NULL;d1f27ab1-5740-4e66-96c0-219f0d3d48cd;NULL;NULL;21;1;NULL;0.5000;0.0000;2.0000;Exposure;0.0000;2026-05-18 10:10:17.0340;Controllers;NULL;NULL;OpenXR
NULL;Right;NULL;NULL;Exposure;NULL;NoMitigation;1;0;0;-1;0;0;0.0000;0.0000;2.0000;NULL;None;anonymous;NULL;Mole Spawned;MoleEvent;1263;6df10942-1bd9-444b-9e92-3f4361c07db4;NULL;0.0092;-0.0027;-0.0494;359.4520;354.5871;0.9666;NULL;NULL;NULL;NULL;NULL;NULL;NULL;NULL;NULL;-0.1489;-0.1549;0.1848;328.9029;8.5927;12.6842;-0.1496;-0.1610;0.1799;329.1076;8.6529;12.5377;0;NULL;-0.1496;-0.1610;0.1799;329.1076;8.6529;12.5377;ControllerBody;NULL;NULL;NULL;NULL;1;0;0;-1;0;0;0.0000;0.0000;2.0000;0.1697;-0.0666;0.5230;356.1873;10.8217;357.9758;0.1774;-0.0648;0.5144;355.9057;11.7655;358.0236;1;NULL;0.1774;-0.0648;0.5144;355.9057;11.7655;358.0236;ControllerBody;NULL;d1f27ab1-5740-4e66-96c0-219f0d3d48cd;NULL;NULL;NULL;0;NULL;0.0000;0.0000;2.0000;Exposure;0.0000;2026-05-18 10:10:17.0366;Controllers;NULL;NULL;OpenXR
NULL;Right;NULL;24;Exposure;NULL;NoMitigation;1;0;0;-1;0;0;0.0000;0.0000;2.0000;NULL;None;anonymous;NULL;Pointer Shoot;PointerEvent;1304;6df10942-1bd9-444b-9e92-3f4361c07db4;NULL;0.0126;-0.0025;-0.0471;359.1693;354.3625;359.7189;NULL;-0.0221;0.0141;2.0000;-0.0221;0.0141;2.0000;NULL;NULL;-0.1479;-0.1553;0.1848;328.9503;8.6191;12.1634;-0.1518;-0.1588;0.1763;328.8900;8.2387;12.2687;0;NULL;-0.1518;-0.1588;0.1763;328.8900;8.2387;12.2687;ControllerBody;NULL;NULL;NULL;NULL;1;0;0;-1;0;0;0.0000;0.0000;2.0000;0.0469;-0.0780;0.5169;356.4503;357.3386;0.1984;0.0400;-0.0827;0.5100;356.8851;356.8392;0.3150;1;NULL;0.0400;-0.0827;0.5100;356.8851;356.8392;0.3150;ControllerBody;NULL;d1f27ab1-5740-4e66-96c0-219f0d3d48cd;NULL;NULL;22;0;NULL;0.0000;0.0000;2.0000;Exposure;0.7329;2026-05-18 10:10:17.7636;Controllers;NULL;NULL;OpenXR
NULL;Right;NULL;24;Exposure;NULL;NoMitigation;1;0;0;-1;0;0;0.0000;0.0000;2.0000;NULL;None;anonymous;NULL;Mole Hit;MoleEvent;1304;6df10942-1bd9-444b-9e92-3f4361c07db4;NULL;0.0126;-0.0025;-0.0471;359.1693;354.3625;359.7189;0.0262;-0.0221;0.0141;2.0000;-0.0221;0.0141;2.0000;NULL;1;-0.1479;-0.1553;0.1848;328.9503;8.6191;12.1634;-0.1518;-0.1588;0.1763;328.8900;8.2387;12.2687;0;NULL;-0.1518;-0.1588;0.1763;328.8900;8.2387;12.2687;ControllerBody;NULL;NULL;NULL;NULL;1;0;0;-1;0;0;0.0000;0.0000;2.0000;0.0469;-0.0780;0.5169;356.4503;357.3386;0.1984;0.0400;-0.0827;0.5100;356.8851;356.8392;0.3150;1;NULL;0.0400;-0.0827;0.5100;356.8851;356.8392;0.3150;ControllerBody;NULL;d1f27ab1-5740-4e66-96c0-219f0d3d48cd;NULL;NULL;22;0;NULL;0.0000;0.0000;2.0000;Exposure;0.0000;2026-05-18 10:10:17.7667;Controllers;NULL;NULL;OpenXR
NULL;Right;NULL;NULL;Exposure;NULL;NoMitigation;2;1;0;0;0;0;0.5000;0.0000;2.0000;NULL;None;anonymous;NULL;Mole Spawned;MoleEvent;1304;6df10942-1bd9-444b-9e92-3f4361c07db4;NULL;0.0126;-0.0025;-0.0471;359.1693;354.3625;359.7189;NULL;NULL;NULL;NULL;NULL;NULL;NULL;NULL;NULL;-0.1479;-0.1553;0.1848;328.9503;8.6191;12.1634;-0.1518;-0.1588;0.1763;328.8900;8.2387;12.2687;0;NULL;-0.1518;-0.1588;0.1763;328.8900;8.2387;12.2687;ControllerBody;NULL;NULL;NULL;NULL;2;1;0;0;0;0;0.5000;0.0000;2.0000;0.0469;-0.0780;0.5169;356.4503;357.3386;0.1984;0.0400;-0.0827;0.5100;356.8851;356.8392;0.3150;1;NULL;0.0400;-0.0827;0.5100;356.8851;356.8392;0.3150;ControllerBody;NULL;d1f27ab1-5740-4e66-96c0-219f0d3d48cd;NULL;NULL;NULL;1;NULL;0.5000;0.0000;2.0000;Exposure;0.0000;2026-05-18 10:10:17.7689;Controllers;NULL;NULL;OpenXR
NULL;Right;NULL;25;Exposure;NULL;NoMitigation;2;1;0;0;0;0;0.5000;0.0000;2.0000;NULL;None;anonymous;NULL;Pointer Shoot;PointerEvent;1340;6df10942-1bd9-444b-9e92-3f4361c07db4;NULL;0.0104;-0.0033;-0.0465;359.7084;358.9636;2.2629;NULL;0.5056;-0.0136;2.0000;0.5056;-0.0136;2.0000;NULL;NULL;-0.1471;-0.1583;0.1875;329.4733;8.8946;12.7713;-0.1414;-0.1655;0.1846;329.7744;9.8806;12.3789;0;NULL;-0.1414;-0.1655;0.1846;329.7744;9.8806;12.3789;ControllerBody;NULL;NULL;NULL;NULL;2;1;0;0;0;0;0.5000;0.0000;2.0000;0.1854;-0.0775;0.5247;357.5765;12.2473;358.0855;0.1891;-0.0758;0.5149;357.0835;12.1417;358.3527;1;NULL;0.1891;-0.0758;0.5149;357.0835;12.1417;358.3527;ControllerBody;NULL;d1f27ab1-5740-4e66-96c0-219f0d3d48cd;NULL;NULL;23;1;NULL;0.5000;0.0000;2.0000;Exposure;0.6501;2026-05-18 10:10:18.4137;Controllers;NULL;NULL;OpenXR
NULL;Right;NULL;25;Exposure;NULL;NoMitigation;2;1;0;0;0;0;0.5000;0.0000;2.0000;NULL;None;anonymous;NULL;Mole Hit;MoleEvent;1340;6df10942-1bd9-444b-9e92-3f4361c07db4;NULL;0.0104;-0.0033;-0.0465;359.7084;358.9636;2.2629;0.0148;0.5056;-0.0136;2.0000;0.5056;-0.0136;2.0000;NULL;1;-0.1471;-0.1583;0.1875;329.4733;8.8946;12.7713;-0.1414;-0.1655;0.1846;329.7744;9.8806;12.3789;0;NULL;-0.1414;-0.1655;0.1846;329.7744;9.8806;12.3789;ControllerBody;NULL;NULL;NULL;NULL;2;1;0;0;0;0;0.5000;0.0000;2.0000;0.1854;-0.0775;0.5247;357.5765;12.2473;358.0855;0.1891;-0.0758;0.5149;357.0835;12.1417;358.3527;1;NULL;0.1891;-0.0758;0.5149;357.0835;12.1417;358.3527;ControllerBody;NULL;d1f27ab1-5740-4e66-96c0-219f0d3d48cd;NULL;NULL;23;1;NULL;0.5000;0.0000;2.0000;Exposure;0.0000;2026-05-18 10:10:18.4167;Controllers;NULL;NULL;OpenXR
NULL;Right;NULL;NULL;Exposure;NULL;NoMitigation;3;2;0;1;0;0;-0.5000;0.0000;2.0000;NULL;None;anonymous;NULL;Mole Spawned;MoleEvent;1340;6df10942-1bd9-444b-9e92-3f4361c07db4;NULL;0.0104;-0.0033;-0.0465;359.7084;358.9636;2.2629;NULL;NULL;NULL;NULL;NULL;NULL;NULL;NULL;NULL;-0.1471;-0.1583;0.1875;329.4733;8.8946;12.7713;-0.1414;-0.1655;0.1846;329.7744;9.8806;12.3789;0;NULL;-0.1414;-0.1655;0.1846;329.7744;9.8806;12.3789;ControllerBody;NULL;NULL;NULL;NULL;3;2;0;1;0;0;-0.5000;0.0000;2.0000;0.1854;-0.0775;0.5247;357.5765;12.2473;358.0855;0.1891;-0.0758;0.5149;357.0835;12.1417;358.3527;1;NULL;0.1891;-0.0758;0.5149;357.0835;12.1417;358.3527;ControllerBody;NULL;d1f27ab1-5740-4e66-96c0-219f0d3d48cd;NULL;NULL;NULL;2;NULL;-0.5000;0.0000;2.0000;Exposure;0.0000;2026-05-18 10:10:18.4198;Controllers;NULL;NULL;OpenXR
NULL;Right;NULL;26;Exposure;NULL;NoMitigation;3;2;0;1;0;0;-0.5000;0.0000;2.0000;NULL;None;anonymous;NULL;Pointer Shoot;PointerEvent;1387;6df10942-1bd9-444b-9e92-3f4361c07db4;NULL;-0.0024;-0.0037;-0.0477;0.6056;349.8249;0.6540;NULL;-0.5159;-0.0101;2.0000;-0.5159;-0.0101;2.0000;NULL;NULL;-0.1510;-0.1569;0.1850;328.8957;7.8894;13.0947;-0.1575;-0.1604;0.1778;328.8033;7.2542;13.5903;0;NULL;-0.1575;-0.1604;0.1778;328.8033;7.2542;13.5903;ControllerBody;NULL;NULL;NULL;NULL;3;2;0;1;0;0;-0.5000;0.0000;2.0000;-0.0981;-0.0927;0.4849;356.9902;344.5811;2.9528;-0.1027;-0.0852;0.4752;355.9564;344.0421;3.6351;1;NULL;-0.1027;-0.0852;0.4752;355.9564;344.0421;3.6351;ControllerBody;NULL;d1f27ab1-5740-4e66-96c0-219f0d3d48cd;NULL;NULL;24;2;NULL;-0.5000;0.0000;2.0000;Exposure;0.8332;2026-05-18 10:10:19.2471;Controllers;NULL;NULL;OpenXR
NULL;Right;NULL;26;Exposure;NULL;NoMitigation;3;2;0;1;0;0;-0.5000;0.0000;2.0000;NULL;None;anonymous;NULL;Mole Hit;MoleEvent;1387;6df10942-1bd9-444b-9e92-3f4361c07db4;NULL;-0.0024;-0.0037;-0.0477;0.6056;349.8249;0.6540;0.0189;-0.5159;-0.0101;2.0000;-0.5159;-0.0101;2.0000;NULL;1;-0.1510;-0.1569;0.1850;328.8957;7.8894;13.0947;-0.1575;-0.1604;0.1778;328.8033;7.2542;13.5903;0;NULL;-0.1575;-0.1604;0.1778;328.8033;7.2542;13.5903;ControllerBody;NULL;NULL;NULL;NULL;3;2;0;1;0;0;-0.5000;0.0000;2.0000;-0.0981;-0.0927;0.4849;356.9902;344.5811;2.9528;-0.1027;-0.0852;0.4752;355.9564;344.0421;3.6351;1;NULL;-0.1027;-0.0852;0.4752;355.9564;344.0421;3.6351;ControllerBody;NULL;d1f27ab1-5740-4e66-96c0-219f0d3d48cd;NULL;NULL;24;2;NULL;-0.5000;0.0000;2.0000;Exposure;0.0000;2026-05-18 10:10:19.2501;Controllers;NULL;NULL;OpenXR
NULL;Right;NULL;NULL;Exposure;NULL;NoMitigation;2;1;0;0;0;0;0.5000;0.0000;2.0000;NULL;None;anonymous;NULL;Mole Spawned;MoleEvent;1387;6df10942-1bd9-444b-9e92-3f4361c07db4;NULL;-0.0024;-0.0037;-0.0477;0.6056;349.8249;0.6540;NULL;NULL;NULL;NULL;NULL;NULL;NULL;NULL;NULL;-0.1510;-0.1569;0.1850;328.8957;7.8894;13.0947;-0.1575;-0.1604;0.1778;328.8033;7.2542;13.5903;0;NULL;-0.1575;-0.1604;0.1778;328.8033;7.2542;13.5903;ControllerBody;NULL;NULL;NULL;NULL;2;1;0;0;0;0;0.5000;0.0000;2.0000;-0.0981;-0.0927;0.4849;356.9902;344.5811;2.9528;-0.1027;-0.0852;0.4752;355.9564;344.0421;3.6351;1;NULL;-0.1027;-0.0852;0.4752;355.9564;344.0421;3.6351;ControllerBody;NULL;d1f27ab1-5740-4e66-96c0-219f0d3d48cd;NULL;NULL;NULL;1;NULL;0.5000;0.0000;2.0000;Exposure;0.0000;2026-05-18 10:10:19.2517;Controllers;NULL;NULL;OpenXR
NULL;Right;NULL;27;Exposure;NULL;NoMitigation;2;1;0;0;0;0;0.5000;0.0000;2.0000;NULL;None;anonymous;NULL;Pointer Shoot;PointerEvent;1427;6df10942-1bd9-444b-9e92-3f4361c07db4;NULL;0.0184;-0.0054;-0.0510;0.7921;0.0027;1.4378;NULL;0.4789;0.0223;2.0000;0.4789;0.0223;2.0000;NULL;NULL;-0.1409;-0.1588;0.1870;329.5401;9.8179;12.2019;-0.1338;-0.1635;0.1815;329.7155;10.6687;11.5045;0;NULL;-0.1338;-0.1635;0.1815;329.7155;10.6687;11.5045;ControllerBody;NULL;NULL;NULL;NULL;2;1;0;0;0;0;0.5000;0.0000;2.0000;0.1824;-0.0722;0.5186;356.4222;11.3173;359.3639;0.1881;-0.0664;0.5082;355.4255;12.3729;359.2261;1;NULL;0.1881;-0.0664;0.5082;355.4255;12.3729;359.2261;ControllerBody;NULL;d1f27ab1-5740-4e66-96c0-219f0d3d48cd;NULL;NULL;25;1;NULL;0.5000;0.0000;2.0000;Exposure;0.7169;2026-05-18 10:10:19.9642;Controllers;NULL;NULL;OpenXR
NULL;Right;NULL;27;Exposure;NULL;NoMitigation;2;1;0;0;0;0;0.5000;0.0000;2.0000;NULL;None;anonymous;NULL;Mole Hit;MoleEvent;1427;6df10942-1bd9-444b-9e92-3f4361c07db4;NULL;0.0184;-0.0054;-0.0510;0.7921;0.0027;1.4378;0.0307;0.4789;0.0223;2.0000;0.4789;0.0223;2.0000;NULL;1;-0.1409;-0.1588;0.1870;329.5401;9.8179;12.2019;-0.1338;-0.1635;0.1815;329.7155;10.6687;11.5045;0;NULL;-0.1338;-0.1635;0.1815;329.7155;10.6687;11.5045;ControllerBody;NULL;NULL;NULL;NULL;2;1;0;0;0;0;0.5000;0.0000;2.0000;0.1824;-0.0722;0.5186;356.4222;11.3173;359.3639;0.1881;-0.0664;0.5082;355.4255;12.3729;359.2261;1;NULL;0.1881;-0.0664;0.5082;355.4255;12.3729;359.2261;ControllerBody;NULL;d1f27ab1-5740-4e66-96c0-219f0d3d48cd;NULL;NULL;25;1;NULL;0.5000;0.0000;2.0000;Exposure;0.0000;2026-05-18 10:10:19.9667;Controllers;NULL;NULL;OpenXR
NULL;Right;NULL;NULL;Exposure;NULL;NoMitigation;3;2;0;1;0;0;-0.5000;0.0000;2.0000;NULL;None;anonymous;NULL;Mole Spawned;MoleEvent;1427;6df10942-1bd9-444b-9e92-3f4361c07db4;NULL;0.0184;-0.0054;-0.0510;0.7921;0.0027;1.4378;NULL;NULL;NULL;NULL;NULL;NULL;NULL;NULL;NULL;-0.1409;-0.1588;0.1870;329.5401;9.8179;12.2019;-0.1338;-0.1635;0.1815;329.7155;10.6687;11.5045;0;NULL;-0.1338;-0.1635;0.1815;329.7155;10.6687;11.5045;ControllerBody;NULL;NULL;NULL;NULL;3;2;0;1;0;0;-0.5000;0.0000;2.0000;0.1824;-0.0722;0.5186;356.4222;11.3173;359.3639;0.1881;-0.0664;0.5082;355.4255;12.3729;359.2261;1;NULL;0.1881;-0.0664;0.5082;355.4255;12.3729;359.2261;ControllerBody;NULL;d1f27ab1-5740-4e66-96c0-219f0d3d48cd;NULL;NULL;NULL;2;NULL;-0.5000;0.0000;2.0000;Exposure;0.0000;2026-05-18 10:10:19.9698;Controllers;NULL;NULL;OpenXR
NULL;Right;NULL;28;Exposure;NULL;NoMitigation;3;2;0;1;0;0;-0.5000;0.0000;2.0000;NULL;None;anonymous;NULL;Pointer Shoot;PointerEvent;1469;6df10942-1bd9-444b-9e92-3f4361c07db4;NULL;-0.0062;-0.0027;-0.0512;359.4997;351.4819;1.1245;NULL;-0.4844;0.0208;2.0000;-0.4844;0.0208;2.0000;NULL;NULL;-0.1510;-0.1566;0.1807;328.7936;8.1025;12.9873;-0.1614;-0.1603;0.1727;328.7868;7.0904;13.8860;0;NULL;-0.1614;-0.1603;0.1727;328.7868;7.0904;13.8860;ControllerBody;NULL;NULL;NULL;NULL;3;2;0;1;0;0;-0.5000;0.0000;2.0000;-0.0920;-0.0782;0.4885;356.3735;345.4481;1.0608;-0.1015;-0.0797;0.4793;356.8407;344.9583;1.3681;1;NULL;-0.1015;-0.0797;0.4793;356.8407;344.9583;1.3681;ControllerBody;NULL;d1f27ab1-5740-4e66-96c0-219f0d3d48cd;NULL;NULL;26;2;NULL;-0.5000;0.0000;2.0000;Exposure;0.7498;2026-05-18 10:10:20.7145;Controllers;NULL;NULL;OpenXR
NULL;Right;NULL;28;Exposure;NULL;NoMitigation;3;2;0;1;0;0;-0.5000;0.0000;2.0000;NULL;None;anonymous;NULL;Mole Hit;MoleEvent;1469;6df10942-1bd9-444b-9e92-3f4361c07db4;NULL;-0.0062;-0.0027;-0.0512;359.4997;351.4819;1.1245;0.0260;-0.4844;0.0208;2.0000;-0.4844;0.0208;2.0000;NULL;1;-0.1510;-0.1566;0.1807;328.7936;8.1025;12.9873;-0.1614;-0.1603;0.1727;328.7868;7.0904;13.8860;0;NULL;-0.1614;-0.1603;0.1727;328.7868;7.0904;13.8860;ControllerBody;NULL;NULL;NULL;NULL;3;2;0;1;0;0;-0.5000;0.0000;2.0000;-0.0920;-0.0782;0.4885;356.3735;345.4481;1.0608;-0.1015;-0.0797;0.4793;356.8407;344.9583;1.3681;1;NULL;-0.1015;-0.0797;0.4793;356.8407;344.9583;1.3681;ControllerBody;NULL;d1f27ab1-5740-4e66-96c0-219f0d3d48cd;NULL;NULL;26;2;NULL;-0.5000;0.0000;2.0000;Exposure;0.0000;2026-05-18 10:10:20.7161;Controllers;NULL;NULL;OpenXR
NULL;Right;NULL;NULL;Exposure;NULL;NoMitigation;2;1;0;0;0;0;0.5000;0.0000;2.0000;NULL;None;anonymous;NULL;Mole Spawned;MoleEvent;1469;6df10942-1bd9-444b-9e92-3f4361c07db4;NULL;-0.0062;-0.0027;-0.0512;359.4997;351.4819;1.1245;NULL;NULL;NULL;NULL;NULL;NULL;NULL;NULL;NULL;-0.1510;-0.1566;0.1807;328.7936;8.1025;12.9873;-0.1614;-0.1603;0.1727;328.7868;7.0904;13.8860;0;NULL;-0.1614;-0.1603;0.1727;328.7868;7.0904;13.8860;ControllerBody;NULL;NULL;NULL;NULL;2;1;0;0;0;0;0.5000;0.0000;2.0000;-0.0920;-0.0782;0.4885;356.3735;345.4481;1.0608;-0.1015;-0.0797;0.4793;356.8407;344.9583;1.3681;1;NULL;-0.1015;-0.0797;0.4793;356.8407;344.9583;1.3681;ControllerBody;NULL;d1f27ab1-5740-4e66-96c0-219f0d3d48cd;NULL;NULL;NULL;1;NULL;0.5000;0.0000;2.0000;Exposure;0.0000;2026-05-18 10:10:20.7192;Controllers;NULL;NULL;OpenXR
NULL;Right;NULL;29;Exposure;NULL;NoMitigation;2;1;0;0;0;0;0.5000;0.0000;2.0000;NULL;None;anonymous;NULL;Pointer Shoot;PointerEvent;1507;6df10942-1bd9-444b-9e92-3f4361c07db4;NULL;0.0296;-0.0023;-0.0569;358.9681;5.1824;358.1875;NULL;0.4974;0.0165;2.0000;0.4974;0.0165;2.0000;NULL;NULL;-0.1842;-0.2061;0.2453;348.1484;4.1441;54.6101;-0.1999;-0.2191;0.2525;349.7122;2.0099;56.0336;0;NULL;-0.1999;-0.2191;0.2525;349.7122;2.0099;56.0336;ControllerBody;NULL;NULL;NULL;NULL;2;1;0;0;0;0;0.5000;0.0000;2.0000;0.1757;-0.0841;0.5181;356.2046;12.2480;357.9151;0.1875;-0.0786;0.5073;354.8168;13.3400;357.6818;1;NULL;0.1875;-0.0786;0.5073;354.8168;13.3400;357.6818;ControllerBody;NULL;d1f27ab1-5740-4e66-96c0-219f0d3d48cd;NULL;NULL;27;1;NULL;0.5000;0.0000;2.0000;Exposure;0.6835;2026-05-18 10:10:21.3975;Controllers;NULL;NULL;OpenXR
NULL;Right;NULL;29;Exposure;NULL;NoMitigation;2;1;0;0;0;0;0.5000;0.0000;2.0000;NULL;None;anonymous;NULL;Mole Hit;MoleEvent;1507;6df10942-1bd9-444b-9e92-3f4361c07db4;NULL;0.0296;-0.0023;-0.0569;358.9681;5.1824;358.1875;0.0167;0.4974;0.0165;2.0000;0.4974;0.0165;2.0000;NULL;1;-0.1842;-0.2061;0.2453;348.1484;4.1441;54.6101;-0.1999;-0.2191;0.2525;349.7122;2.0099;56.0336;0;NULL;-0.1999;-0.2191;0.2525;349.7122;2.0099;56.0336;ControllerBody;NULL;NULL;NULL;NULL;2;1;0;0;0;0;0.5000;0.0000;2.0000;0.1757;-0.0841;0.5181;356.2046;12.2480;357.9151;0.1875;-0.0786;0.5073;354.8168;13.3400;357.6818;1;NULL;0.1875;-0.0786;0.5073;354.8168;13.3400;357.6818;ControllerBody;NULL;d1f27ab1-5740-4e66-96c0-219f0d3d48cd;NULL;NULL;27;1;NULL;0.5000;0.0000;2.0000;Exposure;0.0000;2026-05-18 10:10:21.4006;Controllers;NULL;NULL;OpenXR
NULL;Right;NULL;NULL;Exposure;NULL;NoMitigation;1;0;0;-1;0;0;0.0000;0.0000;2.0000;NULL;None;anonymous;NULL;Mole Spawned;MoleEvent;1507;6df10942-1bd9-444b-9e92-3f4361c07db4;NULL;0.0296;-0.0023;-0.0569;358.9681;5.1824;358.1875;NULL;NULL;NULL;NULL;NULL;NULL;NULL;NULL;NULL;-0.1842;-0.2061;0.2453;348.1484;4.1441;54.6101;-0.1999;-0.2191;0.2525;349.7122;2.0099;56.0336;0;NULL;-0.1999;-0.2191;0.2525;349.7122;2.0099;56.0336;ControllerBody;NULL;NULL;NULL;NULL;1;0;0;-1;0;0;0.0000;0.0000;2.0000;0.1757;-0.0841;0.5181;356.2046;12.2480;357.9151;0.1875;-0.0786;0.5073;354.8168;13.3400;357.6818;1;NULL;0.1875;-0.0786;0.5073;354.8168;13.3400;357.6818;ControllerBody;NULL;d1f27ab1-5740-4e66-96c0-219f0d3d48cd;NULL;NULL;NULL;0;NULL;0.0000;0.0000;2.0000;Exposure;0.0000;2026-05-18 10:10:21.4028;Controllers;NULL;NULL;OpenXR
NULL;Right;NULL;30;Exposure;NULL;NoMitigation;1;0;0;-1;0;0;0.0000;0.0000;2.0000;NULL;None;anonymous;NULL;Pointer Shoot;PointerEvent;1537;6df10942-1bd9-444b-9e92-3f4361c07db4;NULL;0.0169;-0.0035;-0.0517;359.6687;359.9512;356.6877;NULL;-0.0248;-0.0316;2.0000;-0.0248;-0.0316;2.0000;NULL;NULL;-0.1256;-0.1940;0.2169;338.2193;14.2195;15.9752;-0.1265;-0.1934;0.2056;337.8101;13.9380;15.8253;0;NULL;-0.1265;-0.1934;0.2056;337.8101;13.9380;15.8253;ControllerBody;NULL;NULL;NULL;NULL;1;0;0;-1;0;0;0.0000;0.0000;2.0000;0.0385;-0.0977;0.5167;357.4528;357.5544;0.3920;0.0230;-0.0948;0.5106;356.4440;357.4263;0.9267;1;NULL;0.0230;-0.0948;0.5106;356.4440;357.4263;0.9267;ControllerBody;NULL;d1f27ab1-5740-4e66-96c0-219f0d3d48cd;NULL;NULL;28;0;NULL;0.0000;0.0000;2.0000;Exposure;0.5499;2026-05-18 10:10:21.9481;Controllers;NULL;NULL;OpenXR
NULL;Right;NULL;30;Exposure;NULL;NoMitigation;1;0;0;-1;0;0;0.0000;0.0000;2.0000;NULL;None;anonymous;NULL;Mole Hit;MoleEvent;1537;6df10942-1bd9-444b-9e92-3f4361c07db4;NULL;0.0169;-0.0035;-0.0517;359.6687;359.9512;356.6877;0.0402;-0.0248;-0.0316;2.0000;-0.0248;-0.0316;2.0000;NULL;1;-0.1256;-0.1940;0.2169;338.2193;14.2195;15.9752;-0.1265;-0.1934;0.2056;337.8101;13.9380;15.8253;0;NULL;-0.1265;-0.1934;0.2056;337.8101;13.9380;15.8253;ControllerBody;NULL;NULL;NULL;NULL;1;0;0;-1;0;0;0.0000;0.0000;2.0000;0.0385;-0.0977;0.5167;357.4528;357.5544;0.3920;0.0230;-0.0948;0.5106;356.4440;357.4263;0.9267;1;NULL;0.0230;-0.0948;0.5106;356.4440;357.4263;0.9267;ControllerBody;NULL;d1f27ab1-5740-4e66-96c0-219f0d3d48cd;NULL;NULL;28;0;NULL;0.0000;0.0000;2.0000;Exposure;0.0000;2026-05-18 10:10:21.9508;Controllers;NULL;NULL;OpenXR
NULL;Right;NULL;NULL;Exposure;NULL;NoMitigation;3;2;0;1;0;0;-0.5000;0.0000;2.0000;NULL;None;anonymous;NULL;Mole Spawned;MoleEvent;1537;6df10942-1bd9-444b-9e92-3f4361c07db4;NULL;0.0169;-0.0035;-0.0517;359.6687;359.9512;356.6877;NULL;NULL;NULL;NULL;NULL;NULL;NULL;NULL;NULL;-0.1256;-0.1940;0.2169;338.2193;14.2195;15.9752;-0.1265;-0.1934;0.2056;337.8101;13.9380;15.8253;0;NULL;-0.1265;-0.1934;0.2056;337.8101;13.9380;15.8253;ControllerBody;NULL;NULL;NULL;NULL;3;2;0;1;0;0;-0.5000;0.0000;2.0000;0.0385;-0.0977;0.5167;357.4528;357.5544;0.3920;0.0230;-0.0948;0.5106;356.4440;357.4263;0.9267;1;NULL;0.0230;-0.0948;0.5106;356.4440;357.4263;0.9267;ControllerBody;NULL;d1f27ab1-5740-4e66-96c0-219f0d3d48cd;NULL;NULL;NULL;2;NULL;-0.5000;0.0000;2.0000;Exposure;0.0000;2026-05-18 10:10:21.9528;Controllers;NULL;NULL;OpenXR
NULL;Right;NULL;31;Exposure;NULL;NoMitigation;3;2;0;1;0;0;-0.5000;0.0000;2.0000;NULL;None;anonymous;NULL;Pointer Shoot;PointerEvent;1576;6df10942-1bd9-444b-9e92-3f4361c07db4;NULL;-0.0187;-0.0083;-0.0542;2.5515;345.6492;3.6262;NULL;-0.5017;-0.0058;2.0000;-0.5017;-0.0058;2.0000;NULL;NULL;-0.1253;-0.1900;0.2120;337.1417;13.6293;15.9065;-0.1357;-0.1884;0.1986;336.5293;12.3737;15.4501;0;NULL;-0.1357;-0.1884;0.1986;336.5293;12.3737;15.4501;ControllerBody;NULL;NULL;NULL;NULL;3;2;0;1;0;0;-0.5000;0.0000;2.0000;-0.0931;-0.0928;0.4843;356.8307;344.9119;2.5622;-0.1102;-0.0913;0.4732;356.3217;344.0290;3.1785;1;NULL;-0.1102;-0.0913;0.4732;356.3217;344.0290;3.1785;ControllerBody;NULL;d1f27ab1-5740-4e66-96c0-219f0d3d48cd;NULL;NULL;29;2;NULL;-0.5000;0.0000;2.0000;Exposure;0.6995;2026-05-18 10:10:22.6463;Controllers;NULL;NULL;OpenXR
NULL;Right;NULL;31;Exposure;NULL;NoMitigation;3;2;0;1;0;0;-0.5000;0.0000;2.0000;NULL;None;anonymous;NULL;Mole Hit;MoleEvent;1576;6df10942-1bd9-444b-9e92-3f4361c07db4;NULL;-0.0187;-0.0083;-0.0542;2.5515;345.6492;3.6262;0.0061;-0.5017;-0.0058;2.0000;-0.5017;-0.0058;2.0000;NULL;1;-0.1253;-0.1900;0.2120;337.1417;13.6293;15.9065;-0.1357;-0.1884;0.1986;336.5293;12.3737;15.4501;0;NULL;-0.1357;-0.1884;0.1986;336.5293;12.3737;15.4501;ControllerBody;NULL;NULL;NULL;NULL;3;2;0;1;0;0;-0.5000;0.0000;2.0000;-0.0931;-0.0928;0.4843;356.8307;344.9119;2.5622;-0.1102;-0.0913;0.4732;356.3217;344.0290;3.1785;1;NULL;-0.1102;-0.0913;0.4732;356.3217;344.0290;3.1785;ControllerBody;NULL;d1f27ab1-5740-4e66-96c0-219f0d3d48cd;NULL;NULL;29;2;NULL;-0.5000;0.0000;2.0000;Exposure;0.0000;2026-05-18 10:10:22.6494;Controllers;NULL;NULL;OpenXR
NULL;Right;NULL;NULL;Exposure;NULL;NoMitigation;1;0;0;-1;0;0;0.0000;0.0000;2.0000;NULL;None;anonymous;NULL;Mole Spawned;MoleEvent;1576;6df10942-1bd9-444b-9e92-3f4361c07db4;NULL;-0.0187;-0.0083;-0.0542;2.5515;345.6492;3.6262;NULL;NULL;NULL;NULL;NULL;NULL;NULL;NULL;NULL;-0.1253;-0.1900;0.2120;337.1417;13.6293;15.9065;-0.1357;-0.1884;0.1986;336.5293;12.3737;15.4501;0;NULL;-0.1357;-0.1884;0.1986;336.5293;12.3737;15.4501;ControllerBody;NULL;NULL;NULL;NULL;1;0;0;-1;0;0;0.0000;0.0000;2.0000;-0.0931;-0.0928;0.4843;356.8307;344.9119;2.5622;-0.1102;-0.0913;0.4732;356.3217;344.0290;3.1785;1;NULL;-0.1102;-0.0913;0.4732;356.3217;344.0290;3.1785;ControllerBody;NULL;d1f27ab1-5740-4e66-96c0-219f0d3d48cd;NULL;NULL;NULL;0;NULL;0.0000;0.0000;2.0000;Exposure;0.0000;2026-05-18 10:10:22.6524;Controllers;NULL;NULL;OpenXR
NULL;Right;NULL;32;Exposure;NULL;NoMitigation;1;0;0;-1;0;0;0.0000;0.0000;2.0000;NULL;None;anonymous;NULL;Pointer Shoot;PointerEvent;1607;6df10942-1bd9-444b-9e92-3f4361c07db4;NULL;-0.0057;-0.0038;-0.0542;0.1255;355.1070;4.5281;NULL;0.0039;0.0087;2.0000;0.0039;0.0087;2.0000;NULL;NULL;-0.1383;-0.1884;0.2132;337.0623;12.2454;18.6494;-0.1327;-0.1901;0.2089;337.0727;13.0099;17.8092;0;NULL;-0.1327;-0.1901;0.2089;337.0727;13.0099;17.8092;ControllerBody;NULL;NULL;NULL;NULL;1;0;0;-1;0;0;0.0000;0.0000;2.0000;0.0314;-0.0874;0.5146;356.3001;358.9372;3.6717;0.0395;-0.0796;0.5048;354.7583;359.3029;3.7213;1;NULL;0.0395;-0.0796;0.5048;354.7583;359.3029;3.7213;ControllerBody;NULL;d1f27ab1-5740-4e66-96c0-219f0d3d48cd;NULL;NULL;30;0;NULL;0.0000;0.0000;2.0000;Exposure;0.5667;2026-05-18 10:10:23.2145;Controllers;NULL;NULL;OpenXR
NULL;Right;NULL;32;Exposure;NULL;NoMitigation;1;0;0;-1;0;0;0.0000;0.0000;2.0000;NULL;None;anonymous;NULL;Mole Hit;MoleEvent;1607;6df10942-1bd9-444b-9e92-3f4361c07db4;NULL;-0.0057;-0.0038;-0.0542;0.1255;355.1070;4.5281;0.0095;0.0039;0.0087;2.0000;0.0039;0.0087;2.0000;NULL;1;-0.1383;-0.1884;0.2132;337.0623;12.2454;18.6494;-0.1327;-0.1901;0.2089;337.0727;13.0099;17.8092;0;NULL;-0.1327;-0.1901;0.2089;337.0727;13.0099;17.8092;ControllerBody;NULL;NULL;NULL;NULL;1;0;0;-1;0;0;0.0000;0.0000;2.0000;0.0314;-0.0874;0.5146;356.3001;358.9372;3.6717;0.0395;-0.0796;0.5048;354.7583;359.3029;3.7213;1;NULL;0.0395;-0.0796;0.5048;354.7583;359.3029;3.7213;ControllerBody;NULL;d1f27ab1-5740-4e66-96c0-219f0d3d48cd;NULL;NULL;30;0;NULL;0.0000;0.0000;2.0000;Exposure;0.0000;2026-05-18 10:10:23.2161;Controllers;NULL;NULL;OpenXR
NULL;Right;NULL;NULL;Exposure;NULL;NoMitigation;2;1;0;0;0;0;0.5000;0.0000;2.0000;NULL;None;anonymous;NULL;Mole Spawned;MoleEvent;1607;6df10942-1bd9-444b-9e92-3f4361c07db4;NULL;-0.0057;-0.0038;-0.0542;0.1255;355.1070;4.5281;NULL;NULL;NULL;NULL;NULL;NULL;NULL;NULL;NULL;-0.1383;-0.1884;0.2132;337.0623;12.2454;18.6494;-0.1327;-0.1901;0.2089;337.0727;13.0099;17.8092;0;NULL;-0.1327;-0.1901;0.2089;337.0727;13.0099;17.8092;ControllerBody;NULL;NULL;NULL;NULL;2;1;0;0;0;0;0.5000;0.0000;2.0000;0.0314;-0.0874;0.5146;356.3001;358.9372;3.6717;0.0395;-0.0796;0.5048;354.7583;359.3029;3.7213;1;NULL;0.0395;-0.0796;0.5048;354.7583;359.3029;3.7213;ControllerBody;NULL;d1f27ab1-5740-4e66-96c0-219f0d3d48cd;NULL;NULL;NULL;1;NULL;0.5000;0.0000;2.0000;Exposure;0.0000;2026-05-18 10:10:23.2186;Controllers;NULL;NULL;OpenXR
NULL;Right;NULL;33;Exposure;NULL;NoMitigation;2;1;0;0;0;0;0.5000;0.0000;2.0000;NULL;None;anonymous;NULL;Pointer Shoot;PointerEvent;1637;6df10942-1bd9-444b-9e92-3f4361c07db4;NULL;0.0151;-0.0034;-0.0572;359.3181;5.4373;1.5115;NULL;0.5274;0.0032;2.0000;0.5274;0.0032;2.0000;NULL;NULL;-0.1367;-0.1878;0.2137;337.0949;12.6786;18.2465;-0.1312;-0.1919;0.2108;337.4914;13.6252;17.9856;0;NULL;-0.1312;-0.1919;0.2108;337.4914;13.6252;17.9856;ControllerBody;NULL;NULL;NULL;NULL;2;1;0;0;0;0;0.5000;0.0000;2.0000;0.1817;-0.0779;0.5190;356.9467;13.1365;0.1842;0.1942;-0.0770;0.5083;356.5416;14.3122;0.7775;1;NULL;0.1942;-0.0770;0.5083;356.5416;14.3122;0.7775;ControllerBody;NULL;d1f27ab1-5740-4e66-96c0-219f0d3d48cd;NULL;NULL;31;1;NULL;0.5000;0.0000;2.0000;Exposure;0.5500;2026-05-18 10:10:23.7643;Controllers;NULL;NULL;OpenXR
NULL;Right;NULL;33;Exposure;NULL;NoMitigation;2;1;0;0;0;0;0.5000;0.0000;2.0000;NULL;None;anonymous;NULL;Mole Hit;MoleEvent;1637;6df10942-1bd9-444b-9e92-3f4361c07db4;NULL;0.0151;-0.0034;-0.0572;359.3181;5.4373;1.5115;0.0276;0.5274;0.0032;2.0000;0.5274;0.0032;2.0000;NULL;1;-0.1367;-0.1878;0.2137;337.0949;12.6786;18.2465;-0.1312;-0.1919;0.2108;337.4914;13.6252;17.9856;0;NULL;-0.1312;-0.1919;0.2108;337.4914;13.6252;17.9856;ControllerBody;NULL;NULL;NULL;NULL;2;1;0;0;0;0;0.5000;0.0000;2.0000;0.1817;-0.0779;0.5190;356.9467;13.1365;0.1842;0.1942;-0.0770;0.5083;356.5416;14.3122;0.7775;1;NULL;0.1942;-0.0770;0.5083;356.5416;14.3122;0.7775;ControllerBody;NULL;d1f27ab1-5740-4e66-96c0-219f0d3d48cd;NULL;NULL;31;1;NULL;0.5000;0.0000;2.0000;Exposure;0.0000;2026-05-18 10:10:23.7669;Controllers;NULL;NULL;OpenXR
NULL;Right;NULL;NULL;Exposure;NULL;NoMitigation;1;0;0;-1;0;0;0.0000;0.0000;2.0000;NULL;None;anonymous;NULL;Mole Spawned;MoleEvent;1637;6df10942-1bd9-444b-9e92-3f4361c07db4;NULL;0.0151;-0.0034;-0.0572;359.3181;5.4373;1.5115;NULL;NULL;NULL;NULL;NULL;NULL;NULL;NULL;NULL;-0.1367;-0.1878;0.2137;337.0949;12.6786;18.2465;-0.1312;-0.1919;0.2108;337.4914;13.6252;17.9856;0;NULL;-0.1312;-0.1919;0.2108;337.4914;13.6252;17.9856;ControllerBody;NULL;NULL;NULL;NULL;1;0;0;-1;0;0;0.0000;0.0000;2.0000;0.1817;-0.0779;0.5190;356.9467;13.1365;0.1842;0.1942;-0.0770;0.5083;356.5416;14.3122;0.7775;1;NULL;0.1942;-0.0770;0.5083;356.5416;14.3122;0.7775;ControllerBody;NULL;d1f27ab1-5740-4e66-96c0-219f0d3d48cd;NULL;NULL;NULL;0;NULL;0.0000;0.0000;2.0000;Exposure;0.0000;2026-05-18 10:10:23.7684;Controllers;NULL;NULL;OpenXR
NULL;Right;NULL;34;Exposure;NULL;NoMitigation;1;0;0;-1;0;0;0.0000;0.0000;2.0000;NULL;None;anonymous;NULL;Pointer Shoot;PointerEvent;1669;6df10942-1bd9-444b-9e92-3f4361c07db4;NULL;0.0094;-0.0024;-0.0540;358.8597;356.8021;358.0769;NULL;0.0312;0.0261;2.0000;0.0312;0.0261;2.0000;NULL;NULL;-0.1361;-0.1859;0.2124;336.7857;12.3047;17.1737;-0.1484;-0.1865;0.2014;336.1208;11.3215;17.7650;0;NULL;-0.1484;-0.1865;0.2014;336.1208;11.3215;17.7650;ControllerBody;NULL;NULL;NULL;NULL;1;0;0;-1;0;0;0.0000;0.0000;2.0000;0.0457;-0.0811;0.5183;355.8613;359.4390;1.9760;0.0374;-0.0816;0.5131;356.2464;358.5491;0.5592;1;NULL;0.0374;-0.0816;0.5131;356.2464;358.5491;0.5592;ControllerBody;NULL;d1f27ab1-5740-4e66-96c0-219f0d3d48cd;NULL;NULL;32;0;NULL;0.0000;0.0000;2.0000;Exposure;0.5836;2026-05-18 10:10:24.3468;Controllers;NULL;NULL;OpenXR
NULL;Right;NULL;34;Exposure;NULL;NoMitigation;1;0;0;-1;0;0;0.0000;0.0000;2.0000;NULL;None;anonymous;NULL;Mole Hit;MoleEvent;1669;6df10942-1bd9-444b-9e92-3f4361c07db4;NULL;0.0094;-0.0024;-0.0540;358.8597;356.8021;358.0769;0.0407;0.0312;0.0261;2.0000;0.0312;0.0261;2.0000;NULL;1;-0.1361;-0.1859;0.2124;336.7857;12.3047;17.1737;-0.1484;-0.1865;0.2014;336.1208;11.3215;17.7650;0;NULL;-0.1484;-0.1865;0.2014;336.1208;11.3215;17.7650;ControllerBody;NULL;NULL;NULL;NULL;1;0;0;-1;0;0;0.0000;0.0000;2.0000;0.0457;-0.0811;0.5183;355.8613;359.4390;1.9760;0.0374;-0.0816;0.5131;356.2464;358.5491;0.5592;1;NULL;0.0374;-0.0816;0.5131;356.2464;358.5491;0.5592;ControllerBody;NULL;d1f27ab1-5740-4e66-96c0-219f0d3d48cd;NULL;NULL;32;0;NULL;0.0000;0.0000;2.0000;Exposure;0.0000;2026-05-18 10:10:24.3499;Controllers;NULL;NULL;OpenXR
NULL;Right;NULL;NULL;Exposure;NULL;NoMitigation;3;2;0;1;0;0;-0.5000;0.0000;2.0000;NULL;None;anonymous;NULL;Mole Spawned;MoleEvent;1669;6df10942-1bd9-444b-9e92-3f4361c07db4;NULL;0.0094;-0.0024;-0.0540;358.8597;356.8021;358.0769;NULL;NULL;NULL;NULL;NULL;NULL;NULL;NULL;NULL;-0.1361;-0.1859;0.2124;336.7857;12.3047;17.1737;-0.1484;-0.1865;0.2014;336.1208;11.3215;17.7650;0;NULL;-0.1484;-0.1865;0.2014;336.1208;11.3215;17.7650;ControllerBody;NULL;NULL;NULL;NULL;3;2;0;1;0;0;-0.5000;0.0000;2.0000;0.0457;-0.0811;0.5183;355.8613;359.4390;1.9760;0.0374;-0.0816;0.5131;356.2464;358.5491;0.5592;1;NULL;0.0374;-0.0816;0.5131;356.2464;358.5491;0.5592;ControllerBody;NULL;d1f27ab1-5740-4e66-96c0-219f0d3d48cd;NULL;NULL;NULL;2;NULL;-0.5000;0.0000;2.0000;Exposure;0.0000;2026-05-18 10:10:24.3519;Controllers;NULL;NULL;OpenXR
NULL;Right;NULL;35;Exposure;NULL;NoMitigation;3;2;0;1;0;0;-0.5000;0.0000;2.0000;NULL;None;anonymous;NULL;Pointer Shoot;PointerEvent;1708;6df10942-1bd9-444b-9e92-3f4361c07db4;NULL;-0.0015;-0.0038;-0.0536;359.6840;349.7213;359.1519;NULL;-0.4932;0.0196;2.0000;-0.4932;0.0196;2.0000;NULL;NULL;-0.1454;-0.1859;0.2116;336.6379;10.8166;18.0247;-0.1555;-0.1855;0.1997;336.1479;9.7933;18.3544;0;NULL;-0.1555;-0.1855;0.1997;336.1479;9.7933;18.3544;ControllerBody;NULL;NULL;NULL;NULL;3;2;0;1;0;0;-0.5000;0.0000;2.0000;-0.0895;-0.0872;0.4846;356.1063;345.0837;3.4277;-0.0981;-0.0850;0.4745;355.2846;344.5757;3.8215;1;NULL;-0.0981;-0.0850;0.4745;355.2846;344.5757;3.8215;ControllerBody;NULL;d1f27ab1-5740-4e66-96c0-219f0d3d48cd;NULL;NULL;33;2;NULL;-0.5000;0.0000;2.0000;Exposure;0.6995;2026-05-18 10:10:25.0473;Controllers;NULL;NULL;OpenXR
NULL;Right;NULL;35;Exposure;NULL;NoMitigation;3;2;0;1;0;0;-0.5000;0.0000;2.0000;NULL;None;anonymous;NULL;Mole Hit;MoleEvent;1708;6df10942-1bd9-444b-9e92-3f4361c07db4;NULL;-0.0015;-0.0038;-0.0536;359.6840;349.7213;359.1519;0.0207;-0.4932;0.0196;2.0000;-0.4932;0.0196;2.0000;NULL;1;-0.1454;-0.1859;0.2116;336.6379;10.8166;18.0247;-0.1555;-0.1855;0.1997;336.1479;9.7933;18.3544;0;NULL;-0.1555;-0.1855;0.1997;336.1479;9.7933;18.3544;ControllerBody;NULL;NULL;NULL;NULL;3;2;0;1;0;0;-0.5000;0.0000;2.0000;-0.0895;-0.0872;0.4846;356.1063;345.0837;3.4277;-0.0981;-0.0850;0.4745;355.2846;344.5757;3.8215;1;NULL;-0.0981;-0.0850;0.4745;355.2846;344.5757;3.8215;ControllerBody;NULL;d1f27ab1-5740-4e66-96c0-219f0d3d48cd;NULL;NULL;33;2;NULL;-0.5000;0.0000;2.0000;Exposure;0.0000;2026-05-18 10:10:25.0499;Controllers;NULL;NULL;OpenXR
NULL;Right;NULL;NULL;Exposure;NULL;NoMitigation;2;1;0;0;0;0;0.5000;0.0000;2.0000;NULL;None;anonymous;NULL;Mole Spawned;MoleEvent;1708;6df10942-1bd9-444b-9e92-3f4361c07db4;NULL;-0.0015;-0.0038;-0.0536;359.6840;349.7213;359.1519;NULL;NULL;NULL;NULL;NULL;NULL;NULL;NULL;NULL;-0.1454;-0.1859;0.2116;336.6379;10.8166;18.0247;-0.1555;-0.1855;0.1997;336.1479;9.7933;18.3544;0;NULL;-0.1555;-0.1855;0.1997;336.1479;9.7933;18.3544;ControllerBody;NULL;NULL;NULL;NULL;2;1;0;0;0;0;0.5000;0.0000;2.0000;-0.0895;-0.0872;0.4846;356.1063;345.0837;3.4277;-0.0981;-0.0850;0.4745;355.2846;344.5757;3.8215;1;NULL;-0.0981;-0.0850;0.4745;355.2846;344.5757;3.8215;ControllerBody;NULL;d1f27ab1-5740-4e66-96c0-219f0d3d48cd;NULL;NULL;NULL;1;NULL;0.5000;0.0000;2.0000;Exposure;0.0000;2026-05-18 10:10:25.0525;Controllers;NULL;NULL;OpenXR
NULL;Right;NULL;36;Exposure;NULL;NoMitigation;2;1;0;0;0;0;0.5000;0.0000;2.0000;NULL;None;anonymous;NULL;Pointer Shoot;PointerEvent;1739;6df10942-1bd9-444b-9e92-3f4361c07db4;NULL;0.0003;-0.0034;-0.0554;359.5687;359.1544;3.9737;NULL;0.4702;-0.0157;2.0000;0.4702;-0.0157;2.0000;NULL;NULL;-0.1449;-0.1869;0.2126;336.8807;11.5125;18.9248;-0.1361;-0.1922;0.2109;337.3174;12.5904;18.3376;0;NULL;-0.1361;-0.1922;0.2109;337.3174;12.5904;18.3376;ControllerBody;NULL;NULL;NULL;NULL;2;1;0;0;0;0;0.5000;0.0000;2.0000;0.1637;-0.0851;0.5225;357.3674;11.7218;0.5007;0.1783;-0.0831;0.5115;355.9771;12.8911;0.7408;1;NULL;0.1783;-0.0831;0.5115;355.9771;12.8911;0.7408;ControllerBody;NULL;d1f27ab1-5740-4e66-96c0-219f0d3d48cd;NULL;NULL;34;1;NULL;0.5000;0.0000;2.0000;Exposure;0.5667;2026-05-18 10:10:25.6144;Controllers;NULL;NULL;OpenXR
NULL;Right;NULL;36;Exposure;NULL;NoMitigation;2;1;0;0;0;0;0.5000;0.0000;2.0000;NULL;None;anonymous;NULL;Mole Hit;MoleEvent;1739;6df10942-1bd9-444b-9e92-3f4361c07db4;NULL;0.0003;-0.0034;-0.0554;359.5687;359.1544;3.9737;0.0337;0.4702;-0.0157;2.0000;0.4702;-0.0157;2.0000;NULL;1;-0.1449;-0.1869;0.2126;336.8807;11.5125;18.9248;-0.1361;-0.1922;0.2109;337.3174;12.5904;18.3376;0;NULL;-0.1361;-0.1922;0.2109;337.3174;12.5904;18.3376;ControllerBody;NULL;NULL;NULL;NULL;2;1;0;0;0;0;0.5000;0.0000;2.0000;0.1637;-0.0851;0.5225;357.3674;11.7218;0.5007;0.1783;-0.0831;0.5115;355.9771;12.8911;0.7408;1;NULL;0.1783;-0.0831;0.5115;355.9771;12.8911;0.7408;ControllerBody;NULL;d1f27ab1-5740-4e66-96c0-219f0d3d48cd;NULL;NULL;34;1;NULL;0.5000;0.0000;2.0000;Exposure;0.0000;2026-05-18 10:10:25.6159;Controllers;NULL;NULL;OpenXR
NULL;Right;NULL;NULL;Exposure;NULL;NoMitigation;1;0;0;-1;0;0;0.0000;0.0000;2.0000;NULL;None;anonymous;NULL;Mole Spawned;MoleEvent;1739;6df10942-1bd9-444b-9e92-3f4361c07db4;NULL;0.0003;-0.0034;-0.0554;359.5687;359.1544;3.9737;NULL;NULL;NULL;NULL;NULL;NULL;NULL;NULL;NULL;-0.1449;-0.1869;0.2126;336.8807;11.5125;18.9248;-0.1361;-0.1922;0.2109;337.3174;12.5904;18.3376;0;NULL;-0.1361;-0.1922;0.2109;337.3174;12.5904;18.3376;ControllerBody;NULL;NULL;NULL;NULL;1;0;0;-1;0;0;0.0000;0.0000;2.0000;0.1637;-0.0851;0.5225;357.3674;11.7218;0.5007;0.1783;-0.0831;0.5115;355.9771;12.8911;0.7408;1;NULL;0.1783;-0.0831;0.5115;355.9771;12.8911;0.7408;ControllerBody;NULL;d1f27ab1-5740-4e66-96c0-219f0d3d48cd;NULL;NULL;NULL;0;NULL;0.0000;0.0000;2.0000;Exposure;0.0000;2026-05-18 10:10:25.6190;Controllers;NULL;NULL;OpenXR
NULL;Right;NULL;37;Exposure;NULL;NoMitigation;1;0;0;-1;0;0;0.0000;0.0000;2.0000;NULL;None;anonymous;NULL;Pointer Shoot;PointerEvent;1768;6df10942-1bd9-444b-9e92-3f4361c07db4;NULL;0.0017;-0.0009;-0.0608;357.7316;353.0007;359.6522;NULL;-0.0027;0.0284;2.0000;-0.0027;0.0284;2.0000;NULL;NULL;-0.1354;-0.1856;0.2114;336.7298;12.5132;17.0152;-0.1421;-0.1847;0.1976;335.8015;12.0343;17.1056;0;NULL;-0.1421;-0.1847;0.1976;335.8015;12.0343;17.1056;ControllerBody;NULL;NULL;NULL;NULL;1;0;0;-1;0;0;0.0000;0.0000;2.0000;0.0337;-0.0767;0.5115;355.9595;358.6003;358.7493;0.0355;-0.0783;0.5112;356.7404;359.9420;359.3634;1;NULL;0.0355;-0.0783;0.5112;356.7404;359.9420;359.3634;ControllerBody;NULL;d1f27ab1-5740-4e66-96c0-219f0d3d48cd;NULL;NULL;35;0;NULL;0.0000;0.0000;2.0000;Exposure;0.5332;2026-05-18 10:10:26.1461;Controllers;NULL;NULL;OpenXR
NULL;Right;NULL;37;Exposure;NULL;NoMitigation;1;0;0;-1;0;0;0.0000;0.0000;2.0000;NULL;None;anonymous;NULL;Mole Hit;MoleEvent;1768;6df10942-1bd9-444b-9e92-3f4361c07db4;NULL;0.0017;-0.0009;-0.0608;357.7316;353.0007;359.6522;0.0286;-0.0027;0.0284;2.0000;-0.0027;0.0284;2.0000;NULL;1;-0.1354;-0.1856;0.2114;336.7298;12.5132;17.0152;-0.1421;-0.1847;0.1976;335.8015;12.0343;17.1056;0;NULL;-0.1421;-0.1847;0.1976;335.8015;12.0343;17.1056;ControllerBody;NULL;NULL;NULL;NULL;1;0;0;-1;0;0;0.0000;0.0000;2.0000;0.0337;-0.0767;0.5115;355.9595;358.6003;358.7493;0.0355;-0.0783;0.5112;356.7404;359.9420;359.3634;1;NULL;0.0355;-0.0783;0.5112;356.7404;359.9420;359.3634;ControllerBody;NULL;d1f27ab1-5740-4e66-96c0-219f0d3d48cd;NULL;NULL;35;0;NULL;0.0000;0.0000;2.0000;Exposure;0.0000;2026-05-18 10:10:26.1492;Controllers;NULL;NULL;OpenXR
NULL;Right;NULL;NULL;Exposure;NULL;NoMitigation;3;2;0;1;0;0;-0.5000;0.0000;2.0000;NULL;None;anonymous;NULL;Mole Spawned;MoleEvent;1768;6df10942-1bd9-444b-9e92-3f4361c07db4;NULL;0.0017;-0.0009;-0.0608;357.7316;353.0007;359.6522;NULL;NULL;NULL;NULL;NULL;NULL;NULL;NULL;NULL;-0.1354;-0.1856;0.2114;336.7298;12.5132;17.0152;-0.1421;-0.1847;0.1976;335.8015;12.0343;17.1056;0;NULL;-0.1421;-0.1847;0.1976;335.8015;12.0343;17.1056;ControllerBody;NULL;NULL;NULL;NULL;3;2;0;1;0;0;-0.5000;0.0000;2.0000;0.0337;-0.0767;0.5115;355.9595;358.6003;358.7493;0.0355;-0.0783;0.5112;356.7404;359.9420;359.3634;1;NULL;0.0355;-0.0783;0.5112;356.7404;359.9420;359.3634;ControllerBody;NULL;d1f27ab1-5740-4e66-96c0-219f0d3d48cd;NULL;NULL;NULL;2;NULL;-0.5000;0.0000;2.0000;Exposure;0.0000;2026-05-18 10:10:26.1513;Controllers;NULL;NULL;OpenXR
NULL;Right;NULL;38;Exposure;NULL;NoMitigation;3;2;0;1;0;0;-0.5000;0.0000;2.0000;NULL;None;anonymous;NULL;Pointer Shoot;PointerEvent;1801;6df10942-1bd9-444b-9e92-3f4361c07db4;NULL;0.0089;0.0000;-0.0585;356.8708;352.3686;358.0211;NULL;-0.4553;0.0040;2.0000;-0.4553;0.0040;2.0000;NULL;NULL;-0.1345;-0.1865;0.2128;336.9757;12.7524;17.4084;-0.1394;-0.1877;0.2047;337.0613;11.9579;17.6465;0;NULL;-0.1394;-0.1877;0.2047;337.0613;11.9579;17.6465;ControllerBody;NULL;NULL;NULL;NULL;3;2;0;1;0;0;-0.5000;0.0000;2.0000;-0.0813;-0.0906;0.4850;356.5290;346.1355;4.8594;-0.0969;-0.0893;0.4739;356.3672;345.7055;5.6601;1;NULL;-0.0969;-0.0893;0.4739;356.3672;345.7055;5.6601;ControllerBody;NULL;d1f27ab1-5740-4e66-96c0-219f0d3d48cd;NULL;NULL;36;2;NULL;-0.5000;0.0000;2.0000;Exposure;0.5997;2026-05-18 10:10:26.7461;Controllers;NULL;NULL;OpenXR
NULL;Right;NULL;38;Exposure;NULL;NoMitigation;3;2;0;1;0;0;-0.5000;0.0000;2.0000;NULL;None;anonymous;NULL;Mole Hit;MoleEvent;1801;6df10942-1bd9-444b-9e92-3f4361c07db4;NULL;0.0089;0.0000;-0.0585;356.8708;352.3686;358.0211;0.0449;-0.4553;0.0040;2.0000;-0.4553;0.0040;2.0000;NULL;1;-0.1345;-0.1865;0.2128;336.9757;12.7524;17.4084;-0.1394;-0.1877;0.2047;337.0613;11.9579;17.6465;0;NULL;-0.1394;-0.1877;0.2047;337.0613;11.9579;17.6465;ControllerBody;NULL;NULL;NULL;NULL;3;2;0;1;0;0;-0.5000;0.0000;2.0000;-0.0813;-0.0906;0.4850;356.5290;346.1355;4.8594;-0.0969;-0.0893;0.4739;356.3672;345.7055;5.6601;1;NULL;-0.0969;-0.0893;0.4739;356.3672;345.7055;5.6601;ControllerBody;NULL;d1f27ab1-5740-4e66-96c0-219f0d3d48cd;NULL;NULL;36;2;NULL;-0.5000;0.0000;2.0000;Exposure;0.0000;2026-05-18 10:10:26.7486;Controllers;NULL;NULL;OpenXR
NULL;Right;NULL;NULL;Exposure;NULL;NoMitigation;2;1;0;0;0;0;0.5000;0.0000;2.0000;NULL;None;anonymous;NULL;Mole Spawned;MoleEvent;1801;6df10942-1bd9-444b-9e92-3f4361c07db4;NULL;0.0089;0.0000;-0.0585;356.8708;352.3686;358.0211;NULL;NULL;NULL;NULL;NULL;NULL;NULL;NULL;NULL;-0.1345;-0.1865;0.2128;336.9757;12.7524;17.4084;-0.1394;-0.1877;0.2047;337.0613;11.9579;17.6465;0;NULL;-0.1394;-0.1877;0.2047;337.0613;11.9579;17.6465;ControllerBody;NULL;NULL;NULL;NULL;2;1;0;0;0;0;0.5000;0.0000;2.0000;-0.0813;-0.0906;0.4850;356.5290;346.1355;4.8594;-0.0969;-0.0893;0.4739;356.3672;345.7055;5.6601;1;NULL;-0.0969;-0.0893;0.4739;356.3672;345.7055;5.6601;ControllerBody;NULL;d1f27ab1-5740-4e66-96c0-219f0d3d48cd;NULL;NULL;NULL;1;NULL;0.5000;0.0000;2.0000;Exposure;0.0000;2026-05-18 10:10:26.7517;Controllers;NULL;NULL;OpenXR
NULL;Right;NULL;39;Exposure;NULL;NoMitigation;2;1;0;0;0;0;0.5000;0.0000;2.0000;NULL;None;anonymous;NULL;Pointer Shoot;PointerEvent;1831;6df10942-1bd9-444b-9e92-3f4361c07db4;NULL;0.0043;0.0031;-0.0593;355.3042;3.9546;5.0035;NULL;0.4800;-0.0100;2.0000;0.4800;-0.0100;2.0000;NULL;NULL;-0.1364;-0.1878;0.2136;337.2215;12.8148;18.4107;-0.1301;-0.1954;0.2129;337.9237;13.8959;18.3383;0;NULL;-0.1301;-0.1954;0.2129;337.9237;13.8959;18.3383;ControllerBody;NULL;NULL;NULL;NULL;2;1;0;0;0;0;0.5000;0.0000;2.0000;0.1725;-0.0804;0.5180;357.3354;11.7247;1.4708;0.1836;-0.0801;0.5067;357.0980;12.3266;2.6402;1;NULL;0.1836;-0.0801;0.5067;357.0980;12.3266;2.6402;ControllerBody;NULL;d1f27ab1-5740-4e66-96c0-219f0d3d48cd;NULL;NULL;37;1;NULL;0.5000;0.0000;2.0000;Exposure;0.5490;2026-05-18 10:10:27.2959;Controllers;NULL;NULL;OpenXR
NULL;Right;NULL;39;Exposure;NULL;NoMitigation;2;1;0;0;0;0;0.5000;0.0000;2.0000;NULL;None;anonymous;NULL;Mole Hit;MoleEvent;1831;6df10942-1bd9-444b-9e92-3f4361c07db4;NULL;0.0043;0.0031;-0.0593;355.3042;3.9546;5.0035;0.0223;0.4800;-0.0100;2.0000;0.4800;-0.0100;2.0000;NULL;1;-0.1364;-0.1878;0.2136;337.2215;12.8148;18.4107;-0.1301;-0.1954;0.2129;337.9237;13.8959;18.3383;0;NULL;-0.1301;-0.1954;0.2129;337.9237;13.8959;18.3383;ControllerBody;NULL;NULL;NULL;NULL;2;1;0;0;0;0;0.5000;0.0000;2.0000;0.1725;-0.0804;0.5180;357.3354;11.7247;1.4708;0.1836;-0.0801;0.5067;357.0980;12.3266;2.6402;1;NULL;0.1836;-0.0801;0.5067;357.0980;12.3266;2.6402;ControllerBody;NULL;d1f27ab1-5740-4e66-96c0-219f0d3d48cd;NULL;NULL;37;1;NULL;0.5000;0.0000;2.0000;Exposure;0.0000;2026-05-18 10:10:27.2979;Controllers;NULL;NULL;OpenXR
NULL;Right;NULL;NULL;Exposure;NULL;NoMitigation;3;2;0;1;0;0;-0.5000;0.0000;2.0000;NULL;None;anonymous;NULL;Mole Spawned;MoleEvent;1831;6df10942-1bd9-444b-9e92-3f4361c07db4;NULL;0.0043;0.0031;-0.0593;355.3042;3.9546;5.0035;NULL;NULL;NULL;NULL;NULL;NULL;NULL;NULL;NULL;-0.1364;-0.1878;0.2136;337.2215;12.8148;18.4107;-0.1301;-0.1954;0.2129;337.9237;13.8959;18.3383;0;NULL;-0.1301;-0.1954;0.2129;337.9237;13.8959;18.3383;ControllerBody;NULL;NULL;NULL;NULL;3;2;0;1;0;0;-0.5000;0.0000;2.0000;0.1725;-0.0804;0.5180;357.3354;11.7247;1.4708;0.1836;-0.0801;0.5067;357.0980;12.3266;2.6402;1;NULL;0.1836;-0.0801;0.5067;357.0980;12.3266;2.6402;ControllerBody;NULL;d1f27ab1-5740-4e66-96c0-219f0d3d48cd;NULL;NULL;NULL;2;NULL;-0.5000;0.0000;2.0000;Exposure;0.0000;2026-05-18 10:10:27.3004;Controllers;NULL;NULL;OpenXR
NULL;Right;NULL;40;Exposure;NULL;NoMitigation;3;2;0;1;0;0;-0.5000;0.0000;2.0000;NULL;None;anonymous;NULL;Pointer Shoot;PointerEvent;1870;6df10942-1bd9-444b-9e92-3f4361c07db4;NULL;0.0054;0.0045;-0.0580;354.6572;350.8301;357.7241;NULL;-0.4896;0.0208;2.0000;-0.4896;0.0208;2.0000;NULL;NULL;-0.1414;-0.1855;0.2105;336.8294;11.5148;16.9359;-0.1538;-0.1869;0.2012;337.0673;10.2825;17.6785;0;NULL;-0.1538;-0.1869;0.2012;337.0673;10.2825;17.6785;ControllerBody;NULL;NULL;NULL;NULL;3;2;0;1;0;0;-0.5000;0.0000;2.0000;-0.0900;-0.0808;0.4808;356.2996;345.2632;2.8972;-0.0919;-0.0767;0.4725;355.7916;344.4858;3.5279;1;NULL;-0.0919;-0.0767;0.4725;355.7916;344.4858;3.5279;ControllerBody;NULL;d1f27ab1-5740-4e66-96c0-219f0d3d48cd;NULL;NULL;38;2;NULL;-0.5000;0.0000;2.0000;Exposure;0.6998;2026-05-18 10:10:27.9959;Controllers;NULL;NULL;OpenXR
NULL;Right;NULL;40;Exposure;NULL;NoMitigation;3;2;0;1;0;0;-0.5000;0.0000;2.0000;NULL;None;anonymous;NULL;Mole Hit;MoleEvent;1870;6df10942-1bd9-444b-9e92-3f4361c07db4;NULL;0.0054;0.0045;-0.0580;354.6572;350.8301;357.7241;0.0232;-0.4896;0.0208;2.0000;-0.4896;0.0208;2.0000;NULL;1;-0.1414;-0.1855;0.2105;336.8294;11.5148;16.9359;-0.1538;-0.1869;0.2012;337.0673;10.2825;17.6785;0;NULL;-0.1538;-0.1869;0.2012;337.0673;10.2825;17.6785;ControllerBody;NULL;NULL;NULL;NULL;3;2;0;1;0;0;-0.5000;0.0000;2.0000;-0.0900;-0.0808;0.4808;356.2996;345.2632;2.8972;-0.0919;-0.0767;0.4725;355.7916;344.4858;3.5279;1;NULL;-0.0919;-0.0767;0.4725;355.7916;344.4858;3.5279;ControllerBody;NULL;d1f27ab1-5740-4e66-96c0-219f0d3d48cd;NULL;NULL;38;2;NULL;-0.5000;0.0000;2.0000;Exposure;0.0000;2026-05-18 10:10:27.9980;Controllers;NULL;NULL;OpenXR
NULL;Right;NULL;NULL;Exposure;NULL;NoMitigation;1;0;0;-1;0;0;0.0000;0.0000;2.0000;NULL;None;anonymous;NULL;Mole Spawned;MoleEvent;1870;6df10942-1bd9-444b-9e92-3f4361c07db4;NULL;0.0054;0.0045;-0.0580;354.6572;350.8301;357.7241;NULL;NULL;NULL;NULL;NULL;NULL;NULL;NULL;NULL;-0.1414;-0.1855;0.2105;336.8294;11.5148;16.9359;-0.1538;-0.1869;0.2012;337.0673;10.2825;17.6785;0;NULL;-0.1538;-0.1869;0.2012;337.0673;10.2825;17.6785;ControllerBody;NULL;NULL;NULL;NULL;1;0;0;-1;0;0;0.0000;0.0000;2.0000;-0.0900;-0.0808;0.4808;356.2996;345.2632;2.8972;-0.0919;-0.0767;0.4725;355.7916;344.4858;3.5279;1;NULL;-0.0919;-0.0767;0.4725;355.7916;344.4858;3.5279;ControllerBody;NULL;d1f27ab1-5740-4e66-96c0-219f0d3d48cd;NULL;NULL;NULL;0;NULL;0.0000;0.0000;2.0000;Exposure;0.0000;2026-05-18 10:10:28.0000;Controllers;NULL;NULL;OpenXR
NULL;Right;NULL;41;Exposure;NULL;NoMitigation;1;0;0;-1;0;0;0.0000;0.0000;2.0000;NULL;None;anonymous;NULL;Pointer Shoot;PointerEvent;1906;6df10942-1bd9-444b-9e92-3f4361c07db4;NULL;0.0221;-0.0018;-0.0518;358.4133;0.2197;359.7808;NULL;0.0040;-0.0052;2.0000;0.0040;-0.0052;2.0000;NULL;NULL;-0.1269;-0.1830;0.2141;337.1592;14.1470;16.2768;-0.1321;-0.1842;0.2045;336.8606;13.7962;16.1950;0;NULL;-0.1321;-0.1842;0.2045;336.8606;13.7962;16.1950;ControllerBody;NULL;NULL;NULL;NULL;1;0;0;-1;0;0;0.0000;0.0000;2.0000;0.0400;-0.0821;0.5101;357.0451;358.6167;3.1163;0.0418;-0.0825;0.5018;356.1363;358.4557;3.5936;1;NULL;0.0418;-0.0825;0.5018;356.1363;358.4557;3.5936;ControllerBody;NULL;d1f27ab1-5740-4e66-96c0-219f0d3d48cd;NULL;NULL;39;0;NULL;0.0000;0.0000;2.0000;Exposure;0.6494;2026-05-18 10:10:28.6440;Controllers;NULL;NULL;OpenXR
NULL;Right;NULL;41;Exposure;NULL;NoMitigation;1;0;0;-1;0;0;0.0000;0.0000;2.0000;NULL;None;anonymous;NULL;Mole Hit;MoleEvent;1906;6df10942-1bd9-444b-9e92-3f4361c07db4;NULL;0.0221;-0.0018;-0.0518;358.4133;0.2197;359.7808;0.0066;0.0040;-0.0052;2.0000;0.0040;-0.0052;2.0000;NULL;1;-0.1269;-0.1830;0.2141;337.1592;14.1470;16.2768;-0.1321;-0.1842;0.2045;336.8606;13.7962;16.1950;0;NULL;-0.1321;-0.1842;0.2045;336.8606;13.7962;16.1950;ControllerBody;NULL;NULL;NULL;NULL;1;0;0;-1;0;0;0.0000;0.0000;2.0000;0.0400;-0.0821;0.5101;357.0451;358.6167;3.1163;0.0418;-0.0825;0.5018;356.1363;358.4557;3.5936;1;NULL;0.0418;-0.0825;0.5018;356.1363;358.4557;3.5936;ControllerBody;NULL;d1f27ab1-5740-4e66-96c0-219f0d3d48cd;NULL;NULL;39;0;NULL;0.0000;0.0000;2.0000;Exposure;0.0000;2026-05-18 10:10:28.6471;Controllers;NULL;NULL;OpenXR
NULL;Right;NULL;NULL;Exposure;NULL;NoMitigation;3;2;0;1;0;0;-0.5000;0.0000;2.0000;NULL;None;anonymous;NULL;Mole Spawned;MoleEvent;1906;6df10942-1bd9-444b-9e92-3f4361c07db4;NULL;0.0221;-0.0018;-0.0518;358.4133;0.2197;359.7808;NULL;NULL;NULL;NULL;NULL;NULL;NULL;NULL;NULL;-0.1269;-0.1830;0.2141;337.1592;14.1470;16.2768;-0.1321;-0.1842;0.2045;336.8606;13.7962;16.1950;0;NULL;-0.1321;-0.1842;0.2045;336.8606;13.7962;16.1950;ControllerBody;NULL;NULL;NULL;NULL;3;2;0;1;0;0;-0.5000;0.0000;2.0000;0.0400;-0.0821;0.5101;357.0451;358.6167;3.1163;0.0418;-0.0825;0.5018;356.1363;358.4557;3.5936;1;NULL;0.0418;-0.0825;0.5018;356.1363;358.4557;3.5936;ControllerBody;NULL;d1f27ab1-5740-4e66-96c0-219f0d3d48cd;NULL;NULL;NULL;2;NULL;-0.5000;0.0000;2.0000;Exposure;0.0000;2026-05-18 10:10:28.6497;Controllers;NULL;NULL;OpenXR
NULL;Right;NULL;42;Exposure;NULL;NoMitigation;3;2;0;1;0;0;-0.5000;0.0000;2.0000;NULL;None;anonymous;NULL;Pointer Shoot;PointerEvent;1946;6df10942-1bd9-444b-9e92-3f4361c07db4;NULL;0.0228;-0.0112;-0.0461;3.1619;352.4346;353.3915;NULL;-0.3814;-0.0135;2.0000;-0.3814;-0.0135;2.0000;NULL;NULL;-0.1155;-0.1430;0.2931;342.7197;9.7435;2.7391;-0.1311;-0.1410;0.2726;341.1924;8.9026;4.8926;0;NULL;-0.1311;-0.1410;0.2726;341.1924;8.9026;4.8926;ControllerBody;NULL;NULL;NULL;NULL;3;2;0;1;0;0;-0.5000;0.0000;2.0000;-0.0560;-0.0858;0.4780;357.3383;347.9324;2.7956;-0.0640;-0.0931;0.4738;358.8604;348.1735;2.8279;1;NULL;-0.0640;-0.0931;0.4738;358.8604;348.1735;2.8279;ControllerBody;NULL;d1f27ab1-5740-4e66-96c0-219f0d3d48cd;NULL;NULL;40;2;NULL;-0.5000;0.0000;2.0000;Exposure;0.7165;2026-05-18 10:10:29.3604;Controllers;NULL;NULL;OpenXR
NULL;Right;NULL;42;Exposure;NULL;NoMitigation;3;2;0;1;0;0;-0.5000;0.0000;2.0000;NULL;None;anonymous;NULL;Mole Missed;PointerEvent;1946;6df10942-1bd9-444b-9e92-3f4361c07db4;NULL;0.0228;-0.0112;-0.0461;3.1619;352.4346;353.3915;0.1194;-0.3814;-0.0135;2.0000;-0.3814;-0.0135;2.0000;NULL;0;-0.1155;-0.1430;0.2931;342.7197;9.7435;2.7391;-0.1311;-0.1410;0.2726;341.1924;8.9026;4.8926;0;NULL;-0.1311;-0.1410;0.2726;341.1924;8.9026;4.8926;ControllerBody;NULL;NULL;NULL;NULL;3;2;0;1;0;0;-0.5000;0.0000;2.0000;-0.0560;-0.0858;0.4780;357.3383;347.9324;2.7956;-0.0640;-0.0931;0.4738;358.8604;348.1735;2.8279;1;NULL;-0.0640;-0.0931;0.4738;358.8604;348.1735;2.8279;ControllerBody;NULL;d1f27ab1-5740-4e66-96c0-219f0d3d48cd;NULL;NULL;40;2;NULL;-0.5000;0.0000;2.0000;Exposure;0.0000;2026-05-18 10:10:29.3630;Controllers;NULL;NULL;OpenXR
NULL;Right;NULL;NULL;Exposure;NULL;NoMitigation;2;1;0;0;0;0;0.5000;0.0000;2.0000;NULL;None;anonymous;NULL;Mole Spawned;MoleEvent;1946;6df10942-1bd9-444b-9e92-3f4361c07db4;NULL;0.0228;-0.0112;-0.0461;3.1619;352.4346;353.3915;NULL;NULL;NULL;NULL;NULL;NULL;NULL;NULL;NULL;-0.1155;-0.1430;0.2931;342.7197;9.7435;2.7391;-0.1311;-0.1410;0.2726;341.1924;8.9026;4.8926;0;NULL;-0.1311;-0.1410;0.2726;341.1924;8.9026;4.8926;ControllerBody;NULL;NULL;NULL;NULL;2;1;0;0;0;0;0.5000;0.0000;2.0000;-0.0560;-0.0858;0.4780;357.3383;347.9324;2.7956;-0.0640;-0.0931;0.4738;358.8604;348.1735;2.8279;1;NULL;-0.0640;-0.0931;0.4738;358.8604;348.1735;2.8279;ControllerBody;NULL;d1f27ab1-5740-4e66-96c0-219f0d3d48cd;NULL;NULL;NULL;1;NULL;0.5000;0.0000;2.0000;Exposure;0.0000;2026-05-18 10:10:29.3660;Controllers;NULL;NULL;OpenXR
NULL;Right;NULL;43;Exposure;NULL;NoMitigation;2;1;0;0;0;0;0.5000;0.0000;2.0000;NULL;None;anonymous;NULL;Pointer Shoot;PointerEvent;1980;6df10942-1bd9-444b-9e92-3f4361c07db4;NULL;0.0183;-0.0015;-0.0578;358.3174;5.0291;1.1413;NULL;0.4694;0.0207;2.0000;0.4694;0.0207;2.0000;NULL;NULL;-0.1327;-0.2122;0.2411;344.9323;10.0875;10.9687;-0.1331;-0.2118;0.2295;344.5453;10.9176;13.1104;0;NULL;-0.1331;-0.2118;0.2295;344.5453;10.9176;13.1104;ControllerBody;NULL;NULL;NULL;NULL;2;1;0;0;0;0;0.5000;0.0000;2.0000;0.1683;-0.0737;0.5091;356.4498;11.4176;0.5650;0.1829;-0.0702;0.4973;355.5252;12.9709;0.7886;1;NULL;0.1829;-0.0702;0.4973;355.5252;12.9709;0.7886;ControllerBody;NULL;d1f27ab1-5740-4e66-96c0-219f0d3d48cd;NULL;NULL;40;1;NULL;0.5000;0.0000;2.0000;Exposure;0.6172;2026-05-18 10:10:29.9792;Controllers;NULL;NULL;OpenXR
NULL;Right;NULL;43;Exposure;NULL;NoMitigation;2;1;0;0;0;0;0.5000;0.0000;2.0000;NULL;None;anonymous;NULL;Mole Hit;MoleEvent;1980;6df10942-1bd9-444b-9e92-3f4361c07db4;NULL;0.0183;-0.0015;-0.0578;358.3174;5.0291;1.1413;0.0369;0.4694;0.0207;2.0000;0.4694;0.0207;2.0000;NULL;1;-0.1327;-0.2122;0.2411;344.9323;10.0875;10.9687;-0.1331;-0.2118;0.2295;344.5453;10.9176;13.1104;0;NULL;-0.1331;-0.2118;0.2295;344.5453;10.9176;13.1104;ControllerBody;NULL;NULL;NULL;NULL;2;1;0;0;0;0;0.5000;0.0000;2.0000;0.1683;-0.0737;0.5091;356.4498;11.4176;0.5650;0.1829;-0.0702;0.4973;355.5252;12.9709;0.7886;1;NULL;0.1829;-0.0702;0.4973;355.5252;12.9709;0.7886;ControllerBody;NULL;d1f27ab1-5740-4e66-96c0-219f0d3d48cd;NULL;NULL;40;1;NULL;0.5000;0.0000;2.0000;Exposure;0.0000;2026-05-18 10:10:29.9809;Controllers;NULL;NULL;OpenXR
NULL;Right;NULL;NULL;Exposure;NULL;NoMitigation;3;2;0;1;0;0;-0.5000;0.0000;2.0000;NULL;None;anonymous;NULL;Mole Spawned;MoleEvent;1980;6df10942-1bd9-444b-9e92-3f4361c07db4;NULL;0.0183;-0.0015;-0.0578;358.3174;5.0291;1.1413;NULL;NULL;NULL;NULL;NULL;NULL;NULL;NULL;NULL;-0.1327;-0.2122;0.2411;344.9323;10.0875;10.9687;-0.1331;-0.2118;0.2295;344.5453;10.9176;13.1104;0;NULL;-0.1331;-0.2118;0.2295;344.5453;10.9176;13.1104;ControllerBody;NULL;NULL;NULL;NULL;3;2;0;1;0;0;-0.5000;0.0000;2.0000;0.1683;-0.0737;0.5091;356.4498;11.4176;0.5650;0.1829;-0.0702;0.4973;355.5252;12.9709;0.7886;1;NULL;0.1829;-0.0702;0.4973;355.5252;12.9709;0.7886;ControllerBody;NULL;d1f27ab1-5740-4e66-96c0-219f0d3d48cd;NULL;NULL;NULL;2;NULL;-0.5000;0.0000;2.0000;Exposure;0.0000;2026-05-18 10:10:29.9839;Controllers;NULL;NULL;OpenXR
NULL;Right;NULL;44;Exposure;NULL;NoMitigation;3;2;0;1;0;0;-0.5000;0.0000;2.0000;NULL;None;anonymous;NULL;Pointer Shoot;PointerEvent;2017;6df10942-1bd9-444b-9e92-3f4361c07db4;NULL;0.0090;-0.0104;-0.0475;3.6807;351.7093;354.1820;NULL;-0.4422;-0.0146;2.0000;-0.4422;-0.0146;2.0000;NULL;NULL;-0.1452;-0.1913;0.2178;338.9881;6.2954;13.4481;-0.1609;-0.1923;0.2075;339.6694;5.7348;15.8819;0;NULL;-0.1609;-0.1923;0.2075;339.6694;5.7348;15.8819;ControllerBody;NULL;NULL;NULL;NULL;3;2;0;1;0;0;-0.5000;0.0000;2.0000;-0.0795;-0.0802;0.4864;357.5891;346.5238;3.5945;-0.0961;-0.0818;0.4792;358.3861;345.4889;3.2587;1;NULL;-0.0961;-0.0818;0.4792;358.3861;345.4889;3.2587;ControllerBody;NULL;d1f27ab1-5740-4e66-96c0-219f0d3d48cd;NULL;NULL;41;2;NULL;-0.5000;0.0000;2.0000;Exposure;0.6658;2026-05-18 10:10:30.6444;Controllers;NULL;NULL;OpenXR
NULL;Right;NULL;44;Exposure;NULL;NoMitigation;3;2;0;1;0;0;-0.5000;0.0000;2.0000;NULL;None;anonymous;NULL;Mole Hit;MoleEvent;2017;6df10942-1bd9-444b-9e92-3f4361c07db4;NULL;0.0090;-0.0104;-0.0475;3.6807;351.7093;354.1820;0.0596;-0.4422;-0.0146;2.0000;-0.4422;-0.0146;2.0000;NULL;1;-0.1452;-0.1913;0.2178;338.9881;6.2954;13.4481;-0.1609;-0.1923;0.2075;339.6694;5.7348;15.8819;0;NULL;-0.1609;-0.1923;0.2075;339.6694;5.7348;15.8819;ControllerBody;NULL;NULL;NULL;NULL;3;2;0;1;0;0;-0.5000;0.0000;2.0000;-0.0795;-0.0802;0.4864;357.5891;346.5238;3.5945;-0.0961;-0.0818;0.4792;358.3861;345.4889;3.2587;1;NULL;-0.0961;-0.0818;0.4792;358.3861;345.4889;3.2587;ControllerBody;NULL;d1f27ab1-5740-4e66-96c0-219f0d3d48cd;NULL;NULL;41;2;NULL;-0.5000;0.0000;2.0000;Exposure;0.0000;2026-05-18 10:10:30.6469;Controllers;NULL;NULL;OpenXR
NULL;Right;NULL;NULL;Exposure;NULL;NoMitigation;1;0;0;-1;0;0;0.0000;0.0000;2.0000;NULL;None;anonymous;NULL;Mole Spawned;MoleEvent;2017;6df10942-1bd9-444b-9e92-3f4361c07db4;NULL;0.0090;-0.0104;-0.0475;3.6807;351.7093;354.1820;NULL;NULL;NULL;NULL;NULL;NULL;NULL;NULL;NULL;-0.1452;-0.1913;0.2178;338.9881;6.2954;13.4481;-0.1609;-0.1923;0.2075;339.6694;5.7348;15.8819;0;NULL;-0.1609;-0.1923;0.2075;339.6694;5.7348;15.8819;ControllerBody;NULL;NULL;NULL;NULL;1;0;0;-1;0;0;0.0000;0.0000;2.0000;-0.0795;-0.0802;0.4864;357.5891;346.5238;3.5945;-0.0961;-0.0818;0.4792;358.3861;345.4889;3.2587;1;NULL;-0.0961;-0.0818;0.4792;358.3861;345.4889;3.2587;ControllerBody;NULL;d1f27ab1-5740-4e66-96c0-219f0d3d48cd;NULL;NULL;NULL;0;NULL;0.0000;0.0000;2.0000;Exposure;0.0000;2026-05-18 10:10:30.6489;Controllers;NULL;NULL;OpenXR
NULL;Right;NULL;45;Exposure;NULL;NoMitigation;1;0;0;-1;0;0;0.0000;0.0000;2.0000;NULL;None;anonymous;NULL;Pointer Shoot;PointerEvent;2049;6df10942-1bd9-444b-9e92-3f4361c07db4;NULL;0.0045;-0.0088;-0.0422;3.5422;359.3576;0.4705;NULL;0.0124;-0.0203;2.0000;0.0124;-0.0203;2.0000;NULL;NULL;-0.1511;-0.1956;0.2232;340.3124;6.7198;14.0374;-0.1479;-0.1962;0.2136;339.5747;7.2565;13.2574;0;NULL;-0.1479;-0.1962;0.2136;339.5747;7.2565;13.2574;ControllerBody;NULL;NULL;NULL;NULL;1;0;0;-1;0;0;0.0000;0.0000;2.0000;0.0435;-0.0828;0.5196;357.5852;358.7966;5.1891;0.0487;-0.0774;0.5123;357.4490;359.1352;4.6947;1;NULL;0.0487;-0.0774;0.5123;357.4490;359.1352;4.6947;ControllerBody;NULL;d1f27ab1-5740-4e66-96c0-219f0d3d48cd;NULL;NULL;42;0;NULL;0.0000;0.0000;2.0000;Exposure;0.5834;2026-05-18 10:10:31.2282;Controllers;NULL;NULL;OpenXR
NULL;Right;NULL;45;Exposure;NULL;NoMitigation;1;0;0;-1;0;0;0.0000;0.0000;2.0000;NULL;None;anonymous;NULL;Mole Hit;MoleEvent;2049;6df10942-1bd9-444b-9e92-3f4361c07db4;NULL;0.0045;-0.0088;-0.0422;3.5422;359.3576;0.4705;0.0238;0.0124;-0.0203;2.0000;0.0124;-0.0203;2.0000;NULL;1;-0.1511;-0.1956;0.2232;340.3124;6.7198;14.0374;-0.1479;-0.1962;0.2136;339.5747;7.2565;13.2574;0;NULL;-0.1479;-0.1962;0.2136;339.5747;7.2565;13.2574;ControllerBody;NULL;NULL;NULL;NULL;1;0;0;-1;0;0;0.0000;0.0000;2.0000;0.0435;-0.0828;0.5196;357.5852;358.7966;5.1891;0.0487;-0.0774;0.5123;357.4490;359.1352;4.6947;1;NULL;0.0487;-0.0774;0.5123;357.4490;359.1352;4.6947;ControllerBody;NULL;d1f27ab1-5740-4e66-96c0-219f0d3d48cd;NULL;NULL;42;0;NULL;0.0000;0.0000;2.0000;Exposure;0.0000;2026-05-18 10:10:31.2297;Controllers;NULL;NULL;OpenXR
NULL;Right;NULL;NULL;Exposure;NULL;NoMitigation;3;2;0;1;0;0;-0.5000;0.0000;2.0000;NULL;None;anonymous;NULL;Mole Spawned;MoleEvent;2049;6df10942-1bd9-444b-9e92-3f4361c07db4;NULL;0.0045;-0.0088;-0.0422;3.5422;359.3576;0.4705;NULL;NULL;NULL;NULL;NULL;NULL;NULL;NULL;NULL;-0.1511;-0.1956;0.2232;340.3124;6.7198;14.0374;-0.1479;-0.1962;0.2136;339.5747;7.2565;13.2574;0;NULL;-0.1479;-0.1962;0.2136;339.5747;7.2565;13.2574;ControllerBody;NULL;NULL;NULL;NULL;3;2;0;1;0;0;-0.5000;0.0000;2.0000;0.0435;-0.0828;0.5196;357.5852;358.7966;5.1891;0.0487;-0.0774;0.5123;357.4490;359.1352;4.6947;1;NULL;0.0487;-0.0774;0.5123;357.4490;359.1352;4.6947;ControllerBody;NULL;d1f27ab1-5740-4e66-96c0-219f0d3d48cd;NULL;NULL;NULL;2;NULL;-0.5000;0.0000;2.0000;Exposure;0.0000;2026-05-18 10:10:31.2327;Controllers;NULL;NULL;OpenXR
NULL;Right;NULL;46;Exposure;NULL;NoMitigation;3;2;0;1;0;0;-0.5000;0.0000;2.0000;NULL;None;anonymous;NULL;Pointer Shoot;PointerEvent;2090;6df10942-1bd9-444b-9e92-3f4361c07db4;NULL;0.0071;-0.0035;-0.0589;359.0366;353.8747;355.8615;NULL;-0.3945;0.0001;2.0000;-0.3945;0.0001;2.0000;NULL;NULL;-0.1374;-0.1968;0.2202;340.4925;9.5973;12.1197;-0.1432;-0.1963;0.2039;339.7754;9.2836;11.9254;0;NULL;-0.1432;-0.1963;0.2039;339.7754;9.2836;11.9254;ControllerBody;NULL;NULL;NULL;NULL;3;2;0;1;0;0;-0.5000;0.0000;2.0000;-0.0615;-0.0784;0.4923;357.0923;347.5455;8.0569;-0.0725;-0.0773;0.4845;357.0452;346.9278;8.3222;1;NULL;-0.0725;-0.0773;0.4845;357.0452;346.9278;8.3222;ControllerBody;NULL;d1f27ab1-5740-4e66-96c0-219f0d3d48cd;NULL;NULL;43;2;NULL;-0.5000;0.0000;2.0000;Exposure;0.7332;2026-05-18 10:10:31.9611;Controllers;NULL;NULL;OpenXR
NULL;Right;NULL;46;Exposure;NULL;NoMitigation;3;2;0;1;0;0;-0.5000;0.0000;2.0000;NULL;None;anonymous;NULL;Mole Missed;PointerEvent;2090;6df10942-1bd9-444b-9e92-3f4361c07db4;NULL;0.0071;-0.0035;-0.0589;359.0366;353.8747;355.8615;0.1055;-0.3945;0.0001;2.0000;-0.3945;0.0001;2.0000;NULL;0;-0.1374;-0.1968;0.2202;340.4925;9.5973;12.1197;-0.1432;-0.1963;0.2039;339.7754;9.2836;11.9254;0;NULL;-0.1432;-0.1963;0.2039;339.7754;9.2836;11.9254;ControllerBody;NULL;NULL;NULL;NULL;3;2;0;1;0;0;-0.5000;0.0000;2.0000;-0.0615;-0.0784;0.4923;357.0923;347.5455;8.0569;-0.0725;-0.0773;0.4845;357.0452;346.9278;8.3222;1;NULL;-0.0725;-0.0773;0.4845;357.0452;346.9278;8.3222;ControllerBody;NULL;d1f27ab1-5740-4e66-96c0-219f0d3d48cd;NULL;NULL;43;2;NULL;-0.5000;0.0000;2.0000;Exposure;0.0000;2026-05-18 10:10:31.9631;Controllers;NULL;NULL;OpenXR
NULL;Right;NULL;NULL;Exposure;NULL;NoMitigation;1;0;0;-1;0;0;0.0000;0.0000;2.0000;NULL;None;anonymous;NULL;Mole Spawned;MoleEvent;2090;6df10942-1bd9-444b-9e92-3f4361c07db4;NULL;0.0071;-0.0035;-0.0589;359.0366;353.8747;355.8615;NULL;NULL;NULL;NULL;NULL;NULL;NULL;NULL;NULL;-0.1374;-0.1968;0.2202;340.4925;9.5973;12.1197;-0.1432;-0.1963;0.2039;339.7754;9.2836;11.9254;0;NULL;-0.1432;-0.1963;0.2039;339.7754;9.2836;11.9254;ControllerBody;NULL;NULL;NULL;NULL;1;0;0;-1;0;0;0.0000;0.0000;2.0000;-0.0615;-0.0784;0.4923;357.0923;347.5455;8.0569;-0.0725;-0.0773;0.4845;357.0452;346.9278;8.3222;1;NULL;-0.0725;-0.0773;0.4845;357.0452;346.9278;8.3222;ControllerBody;NULL;d1f27ab1-5740-4e66-96c0-219f0d3d48cd;NULL;NULL;NULL;0;NULL;0.0000;0.0000;2.0000;Exposure;0.0000;2026-05-18 10:10:31.9657;Controllers;NULL;NULL;OpenXR
NULL;Right;NULL;47;Exposure;NULL;NoMitigation;1;0;0;-1;0;0;0.0000;0.0000;2.0000;NULL;None;anonymous;NULL;Pointer Shoot;PointerEvent;2121;6df10942-1bd9-444b-9e92-3f4361c07db4;NULL;0.0079;-0.0029;-0.0603;359.0216;359.5987;359.5955;NULL;0.0208;-0.0003;2.0000;0.0208;-0.0003;2.0000;NULL;NULL;-0.1307;-0.1978;0.2189;340.8006;11.3477;12.5308;-0.1255;-0.1996;0.2125;340.6905;12.0112;12.1471;0;NULL;-0.1255;-0.1996;0.2125;340.6905;12.0112;12.1471;ControllerBody;NULL;NULL;NULL;NULL;1;0;0;-1;0;0;0.0000;0.0000;2.0000;0.0529;-0.0726;0.5062;357.2319;358.7679;8.5728;0.0517;-0.0666;0.4956;355.7713;357.8483;7.6398;1;NULL;0.0517;-0.0666;0.4956;355.7713;357.8483;7.6398;ControllerBody;NULL;d1f27ab1-5740-4e66-96c0-219f0d3d48cd;NULL;NULL;43;0;NULL;0.0000;0.0000;2.0000;Exposure;0.5668;2026-05-18 10:10:32.5270;Controllers;NULL;NULL;OpenXR
NULL;Right;NULL;47;Exposure;NULL;NoMitigation;1;0;0;-1;0;0;0.0000;0.0000;2.0000;NULL;None;anonymous;NULL;Mole Hit;MoleEvent;2121;6df10942-1bd9-444b-9e92-3f4361c07db4;NULL;0.0079;-0.0029;-0.0603;359.0216;359.5987;359.5955;0.0208;0.0208;-0.0003;2.0000;0.0208;-0.0003;2.0000;NULL;1;-0.1307;-0.1978;0.2189;340.8006;11.3477;12.5308;-0.1255;-0.1996;0.2125;340.6905;12.0112;12.1471;0;NULL;-0.1255;-0.1996;0.2125;340.6905;12.0112;12.1471;ControllerBody;NULL;NULL;NULL;NULL;1;0;0;-1;0;0;0.0000;0.0000;2.0000;0.0529;-0.0726;0.5062;357.2319;358.7679;8.5728;0.0517;-0.0666;0.4956;355.7713;357.8483;7.6398;1;NULL;0.0517;-0.0666;0.4956;355.7713;357.8483;7.6398;ControllerBody;NULL;d1f27ab1-5740-4e66-96c0-219f0d3d48cd;NULL;NULL;43;0;NULL;0.0000;0.0000;2.0000;Exposure;0.0000;2026-05-18 10:10:32.5300;Controllers;NULL;NULL;OpenXR
NULL;Right;NULL;NULL;Exposure;NULL;NoMitigation;3;2;0;1;0;0;-0.5000;0.0000;2.0000;NULL;None;anonymous;NULL;Mole Spawned;MoleEvent;2121;6df10942-1bd9-444b-9e92-3f4361c07db4;NULL;0.0079;-0.0029;-0.0603;359.0216;359.5987;359.5955;NULL;NULL;NULL;NULL;NULL;NULL;NULL;NULL;NULL;-0.1307;-0.1978;0.2189;340.8006;11.3477;12.5308;-0.1255;-0.1996;0.2125;340.6905;12.0112;12.1471;0;NULL;-0.1255;-0.1996;0.2125;340.6905;12.0112;12.1471;ControllerBody;NULL;NULL;NULL;NULL;3;2;0;1;0;0;-0.5000;0.0000;2.0000;0.0529;-0.0726;0.5062;357.2319;358.7679;8.5728;0.0517;-0.0666;0.4956;355.7713;357.8483;7.6398;1;NULL;0.0517;-0.0666;0.4956;355.7713;357.8483;7.6398;ControllerBody;NULL;d1f27ab1-5740-4e66-96c0-219f0d3d48cd;NULL;NULL;NULL;2;NULL;-0.5000;0.0000;2.0000;Exposure;0.0000;2026-05-18 10:10:32.5316;Controllers;NULL;NULL;OpenXR
NULL;Right;NULL;48;Exposure;NULL;NoMitigation;3;2;0;1;0;0;-0.5000;0.0000;2.0000;NULL;None;anonymous;NULL;Pointer Shoot;PointerEvent;2160;6df10942-1bd9-444b-9e92-3f4361c07db4;NULL;0.0096;-0.0045;-0.0584;359.8418;348.9384;357.7148;NULL;-0.4476;0.0281;2.0000;-0.4476;0.0281;2.0000;NULL;NULL;-0.1269;-0.1950;0.2189;341.0287;10.9510;11.5311;-0.1403;-0.1932;0.2078;340.7719;9.3900;12.2304;0;NULL;-0.1403;-0.1932;0.2078;340.7719;9.3900;12.2304;ControllerBody;NULL;NULL;NULL;NULL;3;2;0;1;0;0;-0.5000;0.0000;2.0000;-0.0708;-0.0729;0.4793;356.3125;346.0838;11.3071;-0.0809;-0.0693;0.4712;355.7004;345.6473;10.4547;1;NULL;-0.0809;-0.0693;0.4712;355.7004;345.6473;10.4547;ControllerBody;NULL;d1f27ab1-5740-4e66-96c0-219f0d3d48cd;NULL;NULL;44;2;NULL;-0.5000;0.0000;2.0000;Exposure;0.6999;2026-05-18 10:10:33.2283;Controllers;NULL;NULL;OpenXR
NULL;Right;NULL;48;Exposure;NULL;NoMitigation;3;2;0;1;0;0;-0.5000;0.0000;2.0000;NULL;None;anonymous;NULL;Mole Hit;MoleEvent;2160;6df10942-1bd9-444b-9e92-3f4361c07db4;NULL;0.0096;-0.0045;-0.0584;359.8418;348.9384;357.7148;0.0595;-0.4476;0.0281;2.0000;-0.4476;0.0281;2.0000;NULL;1;-0.1269;-0.1950;0.2189;341.0287;10.9510;11.5311;-0.1403;-0.1932;0.2078;340.7719;9.3900;12.2304;0;NULL;-0.1403;-0.1932;0.2078;340.7719;9.3900;12.2304;ControllerBody;NULL;NULL;NULL;NULL;3;2;0;1;0;0;-0.5000;0.0000;2.0000;-0.0708;-0.0729;0.4793;356.3125;346.0838;11.3071;-0.0809;-0.0693;0.4712;355.7004;345.6473;10.4547;1;NULL;-0.0809;-0.0693;0.4712;355.7004;345.6473;10.4547;ControllerBody;NULL;d1f27ab1-5740-4e66-96c0-219f0d3d48cd;NULL;NULL;44;2;NULL;-0.5000;0.0000;2.0000;Exposure;0.0000;2026-05-18 10:10:33.2303;Controllers;NULL;NULL;OpenXR
NULL;Right;NULL;NULL;Exposure;NULL;NoMitigation;1;0;0;-1;0;0;0.0000;0.0000;2.0000;NULL;None;anonymous;NULL;Mole Spawned;MoleEvent;2160;6df10942-1bd9-444b-9e92-3f4361c07db4;NULL;0.0096;-0.0045;-0.0584;359.8418;348.9384;357.7148;NULL;NULL;NULL;NULL;NULL;NULL;NULL;NULL;NULL;-0.1269;-0.1950;0.2189;341.0287;10.9510;11.5311;-0.1403;-0.1932;0.2078;340.7719;9.3900;12.2304;0;NULL;-0.1403;-0.1932;0.2078;340.7719;9.3900;12.2304;ControllerBody;NULL;NULL;NULL;NULL;1;0;0;-1;0;0;0.0000;0.0000;2.0000;-0.0708;-0.0729;0.4793;356.3125;346.0838;11.3071;-0.0809;-0.0693;0.4712;355.7004;345.6473;10.4547;1;NULL;-0.0809;-0.0693;0.4712;355.7004;345.6473;10.4547;ControllerBody;NULL;d1f27ab1-5740-4e66-96c0-219f0d3d48cd;NULL;NULL;NULL;0;NULL;0.0000;0.0000;2.0000;Exposure;0.0000;2026-05-18 10:10:33.2330;Controllers;NULL;NULL;OpenXR
NULL;Right;NULL;49;Exposure;NULL;NoMitigation;1;0;0;-1;0;0;0.0000;0.0000;2.0000;NULL;None;anonymous;NULL;Pointer Shoot;PointerEvent;2189;6df10942-1bd9-444b-9e92-3f4361c07db4;NULL;0.0053;-0.0051;-0.0549;0.3306;358.5926;2.1682;NULL;0.0170;-0.0112;2.0000;0.0170;-0.0112;2.0000;NULL;NULL;-0.1368;-0.1947;0.2179;342.1827;10.2951;14.0984;-0.1451;-0.1979;0.2123;342.4676;9.5440;13.9735;0;NULL;-0.1451;-0.1979;0.2123;342.4676;9.5440;13.9735;ControllerBody;NULL;NULL;NULL;NULL;1;0;0;-1;0;0;0.0000;0.0000;2.0000;0.0518;-0.0797;0.5067;357.3720;358.6638;8.6007;0.0472;-0.0831;0.5042;357.2173;357.7002;7.5211;1;NULL;0.0472;-0.0831;0.5042;357.2173;357.7002;7.5211;ControllerBody;NULL;d1f27ab1-5740-4e66-96c0-219f0d3d48cd;NULL;NULL;45;0;NULL;0.0000;0.0000;2.0000;Exposure;0.5332;2026-05-18 10:10:33.7603;Controllers;NULL;NULL;OpenXR
NULL;Right;NULL;49;Exposure;NULL;NoMitigation;1;0;0;-1;0;0;0.0000;0.0000;2.0000;NULL;None;anonymous;NULL;Mole Hit;MoleEvent;2189;6df10942-1bd9-444b-9e92-3f4361c07db4;NULL;0.0053;-0.0051;-0.0549;0.3306;358.5926;2.1682;0.0203;0.0170;-0.0112;2.0000;0.0170;-0.0112;2.0000;NULL;1;-0.1368;-0.1947;0.2179;342.1827;10.2951;14.0984;-0.1451;-0.1979;0.2123;342.4676;9.5440;13.9735;0;NULL;-0.1451;-0.1979;0.2123;342.4676;9.5440;13.9735;ControllerBody;NULL;NULL;NULL;NULL;1;0;0;-1;0;0;0.0000;0.0000;2.0000;0.0518;-0.0797;0.5067;357.3720;358.6638;8.6007;0.0472;-0.0831;0.5042;357.2173;357.7002;7.5211;1;NULL;0.0472;-0.0831;0.5042;357.2173;357.7002;7.5211;ControllerBody;NULL;d1f27ab1-5740-4e66-96c0-219f0d3d48cd;NULL;NULL;45;0;NULL;0.0000;0.0000;2.0000;Exposure;0.0000;2026-05-18 10:10:33.7633;Controllers;NULL;NULL;OpenXR
NULL;Right;NULL;NULL;Exposure;NULL;NoMitigation;3;2;0;1;0;0;-0.5000;0.0000;2.0000;NULL;None;anonymous;NULL;Mole Spawned;MoleEvent;2189;6df10942-1bd9-444b-9e92-3f4361c07db4;NULL;0.0053;-0.0051;-0.0549;0.3306;358.5926;2.1682;NULL;NULL;NULL;NULL;NULL;NULL;NULL;NULL;NULL;-0.1368;-0.1947;0.2179;342.1827;10.2951;14.0984;-0.1451;-0.1979;0.2123;342.4676;9.5440;13.9735;0;NULL;-0.1451;-0.1979;0.2123;342.4676;9.5440;13.9735;ControllerBody;NULL;NULL;NULL;NULL;3;2;0;1;0;0;-0.5000;0.0000;2.0000;0.0518;-0.0797;0.5067;357.3720;358.6638;8.6007;0.0472;-0.0831;0.5042;357.2173;357.7002;7.5211;1;NULL;0.0472;-0.0831;0.5042;357.2173;357.7002;7.5211;ControllerBody;NULL;d1f27ab1-5740-4e66-96c0-219f0d3d48cd;NULL;NULL;NULL;2;NULL;-0.5000;0.0000;2.0000;Exposure;0.0000;2026-05-18 10:10:33.7644;Controllers;NULL;NULL;OpenXR
NULL;Right;NULL;50;Exposure;NULL;NoMitigation;3;2;0;1;0;0;-0.5000;0.0000;2.0000;NULL;None;anonymous;NULL;Pointer Shoot;PointerEvent;2225;6df10942-1bd9-444b-9e92-3f4361c07db4;NULL;-0.0013;-0.0032;-0.0380;-0.0039;347.3393;357.3021;NULL;-0.4379;-0.0189;2.0000;-0.4379;-0.0189;2.0000;NULL;NULL;-0.1383;-0.2028;0.2260;343.8156;9.8803;12.2441;-0.1449;-0.2067;0.2145;344.1145;8.7626;12.6822;0;NULL;-0.1449;-0.2067;0.2145;344.1145;8.7626;12.6822;ControllerBody;NULL;NULL;NULL;NULL;3;2;0;1;0;0;-0.5000;0.0000;2.0000;-0.0725;-0.0881;0.4927;357.4484;346.3736;3.8991;-0.0858;-0.0866;0.4836;357.2932;345.0742;4.0455;1;NULL;-0.0858;-0.0866;0.4836;357.2932;345.0742;4.0455;ControllerBody;NULL;d1f27ab1-5740-4e66-96c0-219f0d3d48cd;NULL;NULL;46;2;NULL;-0.5000;0.0000;2.0000;Exposure;0.6571;2026-05-18 10:10:34.4184;Controllers;NULL;NULL;OpenXR
NULL;Right;NULL;50;Exposure;NULL;NoMitigation;3;2;0;1;0;0;-0.5000;0.0000;2.0000;NULL;None;anonymous;NULL;Mole Hit;MoleEvent;2225;6df10942-1bd9-444b-9e92-3f4361c07db4;NULL;-0.0013;-0.0032;-0.0380;-0.0039;347.3393;357.3021;0.0649;-0.4379;-0.0189;2.0000;-0.4379;-0.0189;2.0000;NULL;1;-0.1383;-0.2028;0.2260;343.8156;9.8803;12.2441;-0.1449;-0.2067;0.2145;344.1145;8.7626;12.6822;0;NULL;-0.1449;-0.2067;0.2145;344.1145;8.7626;12.6822;ControllerBody;NULL;NULL;NULL;NULL;3;2;0;1;0;0;-0.5000;0.0000;2.0000;-0.0725;-0.0881;0.4927;357.4484;346.3736;3.8991;-0.0858;-0.0866;0.4836;357.2932;345.0742;4.0455;1;NULL;-0.0858;-0.0866;0.4836;357.2932;345.0742;4.0455;ControllerBody;NULL;d1f27ab1-5740-4e66-96c0-219f0d3d48cd;NULL;NULL;46;2;NULL;-0.5000;0.0000;2.0000;Exposure;0.0000;2026-05-18 10:10:34.4200;Controllers;NULL;NULL;OpenXR
NULL;Right;NULL;NULL;Exposure;NULL;NoMitigation;1;0;0;-1;0;0;0.0000;0.0000;2.0000;NULL;None;anonymous;NULL;Mole Spawned;MoleEvent;2225;6df10942-1bd9-444b-9e92-3f4361c07db4;NULL;-0.0013;-0.0032;-0.0380;-0.0039;347.3393;357.3021;NULL;NULL;NULL;NULL;NULL;NULL;NULL;NULL;NULL;-0.1383;-0.2028;0.2260;343.8156;9.8803;12.2441;-0.1449;-0.2067;0.2145;344.1145;8.7626;12.6822;0;NULL;-0.1449;-0.2067;0.2145;344.1145;8.7626;12.6822;ControllerBody;NULL;NULL;NULL;NULL;1;0;0;-1;0;0;0.0000;0.0000;2.0000;-0.0725;-0.0881;0.4927;357.4484;346.3736;3.8991;-0.0858;-0.0866;0.4836;357.2932;345.0742;4.0455;1;NULL;-0.0858;-0.0866;0.4836;357.2932;345.0742;4.0455;ControllerBody;NULL;d1f27ab1-5740-4e66-96c0-219f0d3d48cd;NULL;NULL;NULL;0;NULL;0.0000;0.0000;2.0000;Exposure;0.0000;2026-05-18 10:10:34.4231;Controllers;NULL;NULL;OpenXR
NULL;Right;NULL;51;Exposure;NULL;NoMitigation;1;0;0;-1;0;0;0.0000;0.0000;2.0000;NULL;None;anonymous;NULL;Pointer Shoot;PointerEvent;2251;6df10942-1bd9-444b-9e92-3f4361c07db4;NULL;0.0081;-0.0025;-0.0336;0.5108;357.6956;1.3541;NULL;-0.0212;-0.0269;2.0000;-0.0212;-0.0269;2.0000;NULL;NULL;-0.1401;-0.2082;0.2292;344.9232;9.5179;13.5891;-0.1329;-0.2132;0.2274;345.3387;10.5437;13.2841;0;NULL;-0.1329;-0.2132;0.2274;345.3387;10.5437;13.2841;ControllerBody;NULL;NULL;NULL;NULL;1;0;0;-1;0;0;0.0000;0.0000;2.0000;0.0383;-0.0885;0.5182;357.6221;357.6995;5.4572;0.0498;-0.0820;0.5080;355.7702;358.1285;6.3448;1;NULL;0.0498;-0.0820;0.5080;355.7702;358.1285;6.3448;ControllerBody;NULL;d1f27ab1-5740-4e66-96c0-219f0d3d48cd;NULL;NULL;47;0;NULL;0.0000;0.0000;2.0000;Exposure;0.4759;2026-05-18 10:10:34.8939;Controllers;NULL;NULL;OpenXR
NULL;Right;NULL;51;Exposure;NULL;NoMitigation;1;0;0;-1;0;0;0.0000;0.0000;2.0000;NULL;None;anonymous;NULL;Mole Hit;MoleEvent;2251;6df10942-1bd9-444b-9e92-3f4361c07db4;NULL;0.0081;-0.0025;-0.0336;0.5108;357.6956;1.3541;0.0343;-0.0212;-0.0269;2.0000;-0.0212;-0.0269;2.0000;NULL;1;-0.1401;-0.2082;0.2292;344.9232;9.5179;13.5891;-0.1329;-0.2132;0.2274;345.3387;10.5437;13.2841;0;NULL;-0.1329;-0.2132;0.2274;345.3387;10.5437;13.2841;ControllerBody;NULL;NULL;NULL;NULL;1;0;0;-1;0;0;0.0000;0.0000;2.0000;0.0383;-0.0885;0.5182;357.6221;357.6995;5.4572;0.0498;-0.0820;0.5080;355.7702;358.1285;6.3448;1;NULL;0.0498;-0.0820;0.5080;355.7702;358.1285;6.3448;ControllerBody;NULL;d1f27ab1-5740-4e66-96c0-219f0d3d48cd;NULL;NULL;47;0;NULL;0.0000;0.0000;2.0000;Exposure;0.0000;2026-05-18 10:10:34.8949;Controllers;NULL;NULL;OpenXR
NULL;Right;NULL;NULL;Exposure;NULL;NoMitigation;2;1;0;0;0;0;0.5000;0.0000;2.0000;NULL;None;anonymous;NULL;Mole Spawned;MoleEvent;2251;6df10942-1bd9-444b-9e92-3f4361c07db4;NULL;0.0081;-0.0025;-0.0336;0.5108;357.6956;1.3541;NULL;NULL;NULL;NULL;NULL;NULL;NULL;NULL;NULL;-0.1401;-0.2082;0.2292;344.9232;9.5179;13.5891;-0.1329;-0.2132;0.2274;345.3387;10.5437;13.2841;0;NULL;-0.1329;-0.2132;0.2274;345.3387;10.5437;13.2841;ControllerBody;NULL;NULL;NULL;NULL;2;1;0;0;0;0;0.5000;0.0000;2.0000;0.0383;-0.0885;0.5182;357.6221;357.6995;5.4572;0.0498;-0.0820;0.5080;355.7702;358.1285;6.3448;1;NULL;0.0498;-0.0820;0.5080;355.7702;358.1285;6.3448;ControllerBody;NULL;d1f27ab1-5740-4e66-96c0-219f0d3d48cd;NULL;NULL;NULL;1;NULL;0.5000;0.0000;2.0000;Exposure;0.0000;2026-05-18 10:10:34.8980;Controllers;NULL;NULL;OpenXR
NULL;Right;NULL;52;Exposure;NULL;NoMitigation;2;1;0;0;0;0;0.5000;0.0000;2.0000;NULL;None;anonymous;NULL;Pointer Shoot;PointerEvent;2283;6df10942-1bd9-444b-9e92-3f4361c07db4;NULL;-0.0003;-0.0030;-0.0471;359.8846;0.5747;4.7276;NULL;0.4844;0.0499;2.0000;0.4844;0.0499;2.0000;NULL;NULL;-0.1798;-0.2042;0.2433;348.5605;6.2186;40.6350;-0.1736;-0.2070;0.2436;348.5643;6.7531;37.9139;0;NULL;-0.1736;-0.2070;0.2436;348.5643;6.7531;37.9139;ControllerBody;NULL;NULL;NULL;NULL;2;1;0;0;0;0;0.5000;0.0000;2.0000;0.1553;-0.0714;0.5098;355.4546;12.4544;2.1688;0.1641;-0.0689;0.4972;354.8084;12.8322;2.0815;1;NULL;0.1641;-0.0689;0.4972;354.8084;12.8322;2.0815;ControllerBody;NULL;d1f27ab1-5740-4e66-96c0-219f0d3d48cd;NULL;NULL;48;1;NULL;0.5000;0.0000;2.0000;Exposure;0.5906;2026-05-18 10:10:35.4847;Controllers;NULL;NULL;OpenXR
NULL;Right;NULL;52;Exposure;NULL;NoMitigation;2;1;0;0;0;0;0.5000;0.0000;2.0000;NULL;None;anonymous;NULL;Mole Hit;MoleEvent;2283;6df10942-1bd9-444b-9e92-3f4361c07db4;NULL;-0.0003;-0.0030;-0.0471;359.8846;0.5747;4.7276;0.0523;0.4844;0.0499;2.0000;0.4844;0.0499;2.0000;NULL;1;-0.1798;-0.2042;0.2433;348.5605;6.2186;40.6350;-0.1736;-0.2070;0.2436;348.5643;6.7531;37.9139;0;NULL;-0.1736;-0.2070;0.2436;348.5643;6.7531;37.9139;ControllerBody;NULL;NULL;NULL;NULL;2;1;0;0;0;0;0.5000;0.0000;2.0000;0.1553;-0.0714;0.5098;355.4546;12.4544;2.1688;0.1641;-0.0689;0.4972;354.8084;12.8322;2.0815;1;NULL;0.1641;-0.0689;0.4972;354.8084;12.8322;2.0815;ControllerBody;NULL;d1f27ab1-5740-4e66-96c0-219f0d3d48cd;NULL;NULL;48;1;NULL;0.5000;0.0000;2.0000;Exposure;0.0000;2026-05-18 10:10:35.4858;Controllers;NULL;NULL;OpenXR
NULL;Right;NULL;NULL;Exposure;NULL;NoMitigation;3;2;0;1;0;0;-0.5000;0.0000;2.0000;NULL;None;anonymous;NULL;Mole Spawned;MoleEvent;2283;6df10942-1bd9-444b-9e92-3f4361c07db4;NULL;-0.0003;-0.0030;-0.0471;359.8846;0.5747;4.7276;NULL;NULL;NULL;NULL;NULL;NULL;NULL;NULL;NULL;-0.1798;-0.2042;0.2433;348.5605;6.2186;40.6350;-0.1736;-0.2070;0.2436;348.5643;6.7531;37.9139;0;NULL;-0.1736;-0.2070;0.2436;348.5643;6.7531;37.9139;ControllerBody;NULL;NULL;NULL;NULL;3;2;0;1;0;0;-0.5000;0.0000;2.0000;0.1553;-0.0714;0.5098;355.4546;12.4544;2.1688;0.1641;-0.0689;0.4972;354.8084;12.8322;2.0815;1;NULL;0.1641;-0.0689;0.4972;354.8084;12.8322;2.0815;ControllerBody;NULL;d1f27ab1-5740-4e66-96c0-219f0d3d48cd;NULL;NULL;NULL;2;NULL;-0.5000;0.0000;2.0000;Exposure;0.0000;2026-05-18 10:10:35.4884;Controllers;NULL;NULL;OpenXR
NULL;Right;NULL;53;Exposure;NULL;NoMitigation;3;2;0;1;0;0;-0.5000;0.0000;2.0000;NULL;None;anonymous;NULL;Pointer Shoot;PointerEvent;2319;6df10942-1bd9-444b-9e92-3f4361c07db4;NULL;-0.0098;-0.0017;-0.0467;359.0362;348.5931;5.1839;NULL;-0.4310;-0.0301;2.0000;-0.4310;-0.0301;2.0000;NULL;NULL;-0.1498;-0.1798;0.2207;341.1016;3.5660;33.3198;-0.1675;-0.1757;0.2000;339.8350;2.4990;29.5928;0;NULL;-0.1675;-0.1757;0.2000;339.8350;2.4990;29.5928;ControllerBody;NULL;NULL;NULL;NULL;3;2;0;1;0;0;-0.5000;0.0000;2.0000;-0.0723;-0.0891;0.4861;357.8287;346.6706;5.6513;-0.0888;-0.0852;0.4736;357.8184;344.9316;5.2555;1;NULL;-0.0888;-0.0852;0.4736;357.8184;344.9316;5.2555;ControllerBody;NULL;d1f27ab1-5740-4e66-96c0-219f0d3d48cd;NULL;NULL;49;2;NULL;-0.5000;0.0000;2.0000;Exposure;0.6429;2026-05-18 10:10:36.1273;Controllers;NULL;NULL;OpenXR
NULL;Right;NULL;53;Exposure;NULL;NoMitigation;3;2;0;1;0;0;-0.5000;0.0000;2.0000;NULL;None;anonymous;NULL;Mole Hit;MoleEvent;2319;6df10942-1bd9-444b-9e92-3f4361c07db4;NULL;-0.0098;-0.0017;-0.0467;359.0362;348.5931;5.1839;0.0753;-0.4310;-0.0301;2.0000;-0.4310;-0.0301;2.0000;NULL;1;-0.1498;-0.1798;0.2207;341.1016;3.5660;33.3198;-0.1675;-0.1757;0.2000;339.8350;2.4990;29.5928;0;NULL;-0.1675;-0.1757;0.2000;339.8350;2.4990;29.5928;ControllerBody;NULL;NULL;NULL;NULL;3;2;0;1;0;0;-0.5000;0.0000;2.0000;-0.0723;-0.0891;0.4861;357.8287;346.6706;5.6513;-0.0888;-0.0852;0.4736;357.8184;344.9316;5.2555;1;NULL;-0.0888;-0.0852;0.4736;357.8184;344.9316;5.2555;ControllerBody;NULL;d1f27ab1-5740-4e66-96c0-219f0d3d48cd;NULL;NULL;49;2;NULL;-0.5000;0.0000;2.0000;Exposure;0.0000;2026-05-18 10:10:36.1288;Controllers;NULL;NULL;OpenXR
NULL;Right;NULL;NULL;Exposure;NULL;NoMitigation;2;1;0;0;0;0;0.5000;0.0000;2.0000;NULL;None;anonymous;NULL;Mole Spawned;MoleEvent;2319;6df10942-1bd9-444b-9e92-3f4361c07db4;NULL;-0.0098;-0.0017;-0.0467;359.0362;348.5931;5.1839;NULL;NULL;NULL;NULL;NULL;NULL;NULL;NULL;NULL;-0.1498;-0.1798;0.2207;341.1016;3.5660;33.3198;-0.1675;-0.1757;0.2000;339.8350;2.4990;29.5928;0;NULL;-0.1675;-0.1757;0.2000;339.8350;2.4990;29.5928;ControllerBody;NULL;NULL;NULL;NULL;2;1;0;0;0;0;0.5000;0.0000;2.0000;-0.0723;-0.0891;0.4861;357.8287;346.6706;5.6513;-0.0888;-0.0852;0.4736;357.8184;344.9316;5.2555;1;NULL;-0.0888;-0.0852;0.4736;357.8184;344.9316;5.2555;ControllerBody;NULL;d1f27ab1-5740-4e66-96c0-219f0d3d48cd;NULL;NULL;NULL;1;NULL;0.5000;0.0000;2.0000;Exposure;0.0000;2026-05-18 10:10:36.1325;Controllers;NULL;NULL;OpenXR
NULL;Right;NULL;54;Exposure;NULL;NoMitigation;2;1;0;0;0;0;0.5000;0.0000;2.0000;NULL;None;anonymous;NULL;Pointer Shoot;PointerEvent;2359;6df10942-1bd9-444b-9e92-3f4361c07db4;NULL;-0.0018;-0.0010;-0.0529;358.0341;2.9850;6.1743;NULL;0.4720;-0.0113;2.0000;0.4720;-0.0113;2.0000;NULL;NULL;-0.1306;-0.2016;0.2221;344.8514;17.4794;24.9395;-0.1186;-0.2053;0.2141;344.5162;19.2081;23.4039;0;NULL;-0.1186;-0.2053;0.2141;344.5162;19.2081;23.4039;ControllerBody;NULL;NULL;NULL;NULL;2;1;0;0;0;0;0.5000;0.0000;2.0000;0.1612;-0.0823;0.5166;357.3177;11.8329;3.8027;0.1685;-0.0794;0.5076;356.4681;12.3045;4.4213;1;NULL;0.1685;-0.0794;0.5076;356.4681;12.3045;4.4213;ControllerBody;NULL;d1f27ab1-5740-4e66-96c0-219f0d3d48cd;NULL;NULL;50;1;NULL;0.5000;0.0000;2.0000;Exposure;0.7232;2026-05-18 10:10:36.8503;Controllers;NULL;NULL;OpenXR
NULL;Right;NULL;54;Exposure;NULL;NoMitigation;2;1;0;0;0;0;0.5000;0.0000;2.0000;NULL;None;anonymous;NULL;Mole Hit;MoleEvent;2359;6df10942-1bd9-444b-9e92-3f4361c07db4;NULL;-0.0018;-0.0010;-0.0529;358.0341;2.9850;6.1743;0.0302;0.4720;-0.0113;2.0000;0.4720;-0.0113;2.0000;NULL;1;-0.1306;-0.2016;0.2221;344.8514;17.4794;24.9395;-0.1186;-0.2053;0.2141;344.5162;19.2081;23.4039;0;NULL;-0.1186;-0.2053;0.2141;344.5162;19.2081;23.4039;ControllerBody;NULL;NULL;NULL;NULL;2;1;0;0;0;0;0.5000;0.0000;2.0000;0.1612;-0.0823;0.5166;357.3177;11.8329;3.8027;0.1685;-0.0794;0.5076;356.4681;12.3045;4.4213;1;NULL;0.1685;-0.0794;0.5076;356.4681;12.3045;4.4213;ControllerBody;NULL;d1f27ab1-5740-4e66-96c0-219f0d3d48cd;NULL;NULL;50;1;NULL;0.5000;0.0000;2.0000;Exposure;0.0000;2026-05-18 10:10:36.8518;Controllers;NULL;NULL;OpenXR
NULL;Right;NULL;NULL;Exposure;NULL;NoMitigation;1;0;0;-1;0;0;0.0000;0.0000;2.0000;NULL;None;anonymous;NULL;Mole Spawned;MoleEvent;2359;6df10942-1bd9-444b-9e92-3f4361c07db4;NULL;-0.0018;-0.0010;-0.0529;358.0341;2.9850;6.1743;NULL;NULL;NULL;NULL;NULL;NULL;NULL;NULL;NULL;-0.1306;-0.2016;0.2221;344.8514;17.4794;24.9395;-0.1186;-0.2053;0.2141;344.5162;19.2081;23.4039;0;NULL;-0.1186;-0.2053;0.2141;344.5162;19.2081;23.4039;ControllerBody;NULL;NULL;NULL;NULL;1;0;0;-1;0;0;0.0000;0.0000;2.0000;0.1612;-0.0823;0.5166;357.3177;11.8329;3.8027;0.1685;-0.0794;0.5076;356.4681;12.3045;4.4213;1;NULL;0.1685;-0.0794;0.5076;356.4681;12.3045;4.4213;ControllerBody;NULL;d1f27ab1-5740-4e66-96c0-219f0d3d48cd;NULL;NULL;NULL;0;NULL;0.0000;0.0000;2.0000;Exposure;0.0000;2026-05-18 10:10:36.8544;Controllers;NULL;NULL;OpenXR
NULL;Right;NULL;55;Exposure;NULL;NoMitigation;1;0;0;-1;0;0;0.0000;0.0000;2.0000;NULL;None;anonymous;NULL;Pointer Shoot;PointerEvent;2397;6df10942-1bd9-444b-9e92-3f4361c07db4;NULL;-0.0081;-0.0001;-0.0567;357.5147;356.5875;4.3241;NULL;-0.0258;0.0138;2.0000;-0.0258;0.0138;2.0000;NULL;NULL;-0.1150;-0.2022;0.2222;344.5797;17.5949;25.1455;-0.1067;-0.2126;0.2227;346.0481;18.3311;25.9779;0;NULL;-0.1067;-0.2126;0.2227;346.0481;18.3311;25.9779;ControllerBody;NULL;NULL;NULL;NULL;1;0;0;-1;0;0;0.0000;0.0000;2.0000;0.0204;-0.0853;0.5093;356.1989;358.2245;6.0829;0.0221;-0.0852;0.4987;355.7521;357.3258;7.8781;1;NULL;0.0221;-0.0852;0.4987;355.7521;357.3258;7.8781;ControllerBody;NULL;d1f27ab1-5740-4e66-96c0-219f0d3d48cd;NULL;NULL;51;0;NULL;0.0000;0.0000;2.0000;Exposure;0.6839;2026-05-18 10:10:37.5344;Controllers;NULL;NULL;OpenXR
NULL;Right;NULL;55;Exposure;NULL;NoMitigation;1;0;0;-1;0;0;0.0000;0.0000;2.0000;NULL;None;anonymous;NULL;Mole Hit;MoleEvent;2397;6df10942-1bd9-444b-9e92-3f4361c07db4;NULL;-0.0081;-0.0001;-0.0567;357.5147;356.5875;4.3241;0.0293;-0.0258;0.0138;2.0000;-0.0258;0.0138;2.0000;NULL;1;-0.1150;-0.2022;0.2222;344.5797;17.5949;25.1455;-0.1067;-0.2126;0.2227;346.0481;18.3311;25.9779;0;NULL;-0.1067;-0.2126;0.2227;346.0481;18.3311;25.9779;ControllerBody;NULL;NULL;NULL;NULL;1;0;0;-1;0;0;0.0000;0.0000;2.0000;0.0204;-0.0853;0.5093;356.1989;358.2245;6.0829;0.0221;-0.0852;0.4987;355.7521;357.3258;7.8781;1;NULL;0.0221;-0.0852;0.4987;355.7521;357.3258;7.8781;ControllerBody;NULL;d1f27ab1-5740-4e66-96c0-219f0d3d48cd;NULL;NULL;51;0;NULL;0.0000;0.0000;2.0000;Exposure;0.0000;2026-05-18 10:10:37.5370;Controllers;NULL;NULL;OpenXR
NULL;Right;NULL;NULL;Exposure;NULL;NoMitigation;3;2;0;1;0;0;-0.5000;0.0000;2.0000;NULL;None;anonymous;NULL;Mole Spawned;MoleEvent;2397;6df10942-1bd9-444b-9e92-3f4361c07db4;NULL;-0.0081;-0.0001;-0.0567;357.5147;356.5875;4.3241;NULL;NULL;NULL;NULL;NULL;NULL;NULL;NULL;NULL;-0.1150;-0.2022;0.2222;344.5797;17.5949;25.1455;-0.1067;-0.2126;0.2227;346.0481;18.3311;25.9779;0;NULL;-0.1067;-0.2126;0.2227;346.0481;18.3311;25.9779;ControllerBody;NULL;NULL;NULL;NULL;3;2;0;1;0;0;-0.5000;0.0000;2.0000;0.0204;-0.0853;0.5093;356.1989;358.2245;6.0829;0.0221;-0.0852;0.4987;355.7521;357.3258;7.8781;1;NULL;0.0221;-0.0852;0.4987;355.7521;357.3258;7.8781;ControllerBody;NULL;d1f27ab1-5740-4e66-96c0-219f0d3d48cd;NULL;NULL;NULL;2;NULL;-0.5000;0.0000;2.0000;Exposure;0.0000;2026-05-18 10:10:37.5385;Controllers;NULL;NULL;OpenXR
NULL;Right;NULL;56;Exposure;NULL;NoMitigation;3;2;0;1;0;0;-0.5000;0.0000;2.0000;NULL;None;anonymous;NULL;Pointer Shoot;PointerEvent;2434;6df10942-1bd9-444b-9e92-3f4361c07db4;NULL;-0.0109;0.0029;-0.0703;355.0892;347.1217;4.2992;NULL;-0.5252;0.0296;2.0000;-0.5252;0.0296;2.0000;NULL;NULL;-0.1425;-0.2070;0.2264;345.6092;12.1193;24.9072;-0.1553;-0.2037;0.2147;345.0724;11.1680;25.4406;0;NULL;-0.1553;-0.2037;0.2147;345.0724;11.1680;25.4406;ControllerBody;NULL;NULL;NULL;NULL;3;2;0;1;0;0;-0.5000;0.0000;2.0000;-0.1114;-0.0864;0.4683;355.8183;344.8849;8.6414;-0.1231;-0.0800;0.4563;355.2751;343.7318;7.8153;1;NULL;-0.1231;-0.0800;0.4563;355.2751;343.7318;7.8153;ControllerBody;NULL;d1f27ab1-5740-4e66-96c0-219f0d3d48cd;NULL;NULL;52;2;NULL;-0.5000;0.0000;2.0000;Exposure;0.6595;2026-05-18 10:10:38.1947;Controllers;NULL;NULL;OpenXR
NULL;Right;NULL;56;Exposure;NULL;NoMitigation;3;2;0;1;0;0;-0.5000;0.0000;2.0000;NULL;None;anonymous;NULL;Mole Hit;MoleEvent;2434;6df10942-1bd9-444b-9e92-3f4361c07db4;NULL;-0.0109;0.0029;-0.0703;355.0892;347.1217;4.2992;0.0389;-0.5252;0.0296;2.0000;-0.5252;0.0296;2.0000;NULL;1;-0.1425;-0.2070;0.2264;345.6092;12.1193;24.9072;-0.1553;-0.2037;0.2147;345.0724;11.1680;25.4406;0;NULL;-0.1553;-0.2037;0.2147;345.0724;11.1680;25.4406;ControllerBody;NULL;NULL;NULL;NULL;3;2;0;1;0;0;-0.5000;0.0000;2.0000;-0.1114;-0.0864;0.4683;355.8183;344.8849;8.6414;-0.1231;-0.0800;0.4563;355.2751;343.7318;7.8153;1;NULL;-0.1231;-0.0800;0.4563;355.2751;343.7318;7.8153;ControllerBody;NULL;d1f27ab1-5740-4e66-96c0-219f0d3d48cd;NULL;NULL;52;2;NULL;-0.5000;0.0000;2.0000;Exposure;0.0000;2026-05-18 10:10:38.1977;Controllers;NULL;NULL;OpenXR
NULL;Right;NULL;NULL;Exposure;NULL;NoMitigation;1;0;0;-1;0;0;0.0000;0.0000;2.0000;NULL;None;anonymous;NULL;Mole Spawned;MoleEvent;2434;6df10942-1bd9-444b-9e92-3f4361c07db4;NULL;-0.0109;0.0029;-0.0703;355.0892;347.1217;4.2992;NULL;NULL;NULL;NULL;NULL;NULL;NULL;NULL;NULL;-0.1425;-0.2070;0.2264;345.6092;12.1193;24.9072;-0.1553;-0.2037;0.2147;345.0724;11.1680;25.4406;0;NULL;-0.1553;-0.2037;0.2147;345.0724;11.1680;25.4406;ControllerBody;NULL;NULL;NULL;NULL;1;0;0;-1;0;0;0.0000;0.0000;2.0000;-0.1114;-0.0864;0.4683;355.8183;344.8849;8.6414;-0.1231;-0.0800;0.4563;355.2751;343.7318;7.8153;1;NULL;-0.1231;-0.0800;0.4563;355.2751;343.7318;7.8153;ControllerBody;NULL;d1f27ab1-5740-4e66-96c0-219f0d3d48cd;NULL;NULL;NULL;0;NULL;0.0000;0.0000;2.0000;Exposure;0.0000;2026-05-18 10:10:38.1997;Controllers;NULL;NULL;OpenXR
NULL;Right;NULL;57;Exposure;NULL;NoMitigation;1;0;0;-1;0;0;0.0000;0.0000;2.0000;NULL;None;anonymous;NULL;Pointer Shoot;PointerEvent;2464;6df10942-1bd9-444b-9e92-3f4361c07db4;NULL;0.0002;-0.0015;-0.0698;357.1954;356.3959;3.8646;NULL;-0.0159;0.0143;2.0000;-0.0159;0.0143;2.0000;NULL;NULL;-0.1464;-0.2026;0.2226;344.5763;12.8687;26.0186;-0.1468;-0.2027;0.2154;344.8149;12.7005;25.3151;0;NULL;-0.1468;-0.2027;0.2154;344.8149;12.7005;25.3151;ControllerBody;NULL;NULL;NULL;NULL;1;0;0;-1;0;0;0.0000;0.0000;2.0000;0.0274;-0.0768;0.4957;356.5335;358.3502;7.1686;0.0422;-0.0780;0.4887;355.8276;359.1302;7.5296;1;NULL;0.0422;-0.0780;0.4887;355.8276;359.1302;7.5296;ControllerBody;NULL;d1f27ab1-5740-4e66-96c0-219f0d3d48cd;NULL;NULL;53;0;NULL;0.0000;0.0000;2.0000;Exposure;0.5567;2026-05-18 10:10:38.7514;Controllers;NULL;NULL;OpenXR
NULL;Right;NULL;57;Exposure;NULL;NoMitigation;1;0;0;-1;0;0;0.0000;0.0000;2.0000;NULL;None;anonymous;NULL;Mole Hit;MoleEvent;2464;6df10942-1bd9-444b-9e92-3f4361c07db4;NULL;0.0002;-0.0015;-0.0698;357.1954;356.3959;3.8646;0.0214;-0.0159;0.0143;2.0000;-0.0159;0.0143;2.0000;NULL;1;-0.1464;-0.2026;0.2226;344.5763;12.8687;26.0186;-0.1468;-0.2027;0.2154;344.8149;12.7005;25.3151;0;NULL;-0.1468;-0.2027;0.2154;344.8149;12.7005;25.3151;ControllerBody;NULL;NULL;NULL;NULL;1;0;0;-1;0;0;0.0000;0.0000;2.0000;0.0274;-0.0768;0.4957;356.5335;358.3502;7.1686;0.0422;-0.0780;0.4887;355.8276;359.1302;7.5296;1;NULL;0.0422;-0.0780;0.4887;355.8276;359.1302;7.5296;ControllerBody;NULL;d1f27ab1-5740-4e66-96c0-219f0d3d48cd;NULL;NULL;53;0;NULL;0.0000;0.0000;2.0000;Exposure;0.0000;2026-05-18 10:10:38.7535;Controllers;NULL;NULL;OpenXR
NULL;Right;NULL;NULL;Exposure;NULL;NoMitigation;2;1;0;0;0;0;0.5000;0.0000;2.0000;NULL;None;anonymous;NULL;Mole Spawned;MoleEvent;2464;6df10942-1bd9-444b-9e92-3f4361c07db4;NULL;0.0002;-0.0015;-0.0698;357.1954;356.3959;3.8646;NULL;NULL;NULL;NULL;NULL;NULL;NULL;NULL;NULL;-0.1464;-0.2026;0.2226;344.5763;12.8687;26.0186;-0.1468;-0.2027;0.2154;344.8149;12.7005;25.3151;0;NULL;-0.1468;-0.2027;0.2154;344.8149;12.7005;25.3151;ControllerBody;NULL;NULL;NULL;NULL;2;1;0;0;0;0;0.5000;0.0000;2.0000;0.0274;-0.0768;0.4957;356.5335;358.3502;7.1686;0.0422;-0.0780;0.4887;355.8276;359.1302;7.5296;1;NULL;0.0422;-0.0780;0.4887;355.8276;359.1302;7.5296;ControllerBody;NULL;d1f27ab1-5740-4e66-96c0-219f0d3d48cd;NULL;NULL;NULL;1;NULL;0.5000;0.0000;2.0000;Exposure;0.0000;2026-05-18 10:10:38.7562;Controllers;NULL;NULL;OpenXR
NULL;Right;NULL;58;Exposure;NULL;NoMitigation;2;1;0;0;0;0;0.5000;0.0000;2.0000;NULL;None;anonymous;NULL;Pointer Shoot;PointerEvent;2492;6df10942-1bd9-444b-9e92-3f4361c07db4;NULL;0.0236;-0.0050;-0.0720;359.0754;6.6261;1.6983;NULL;0.4838;-0.0033;2.0000;0.4838;-0.0033;2.0000;NULL;NULL;-0.1499;-0.1990;0.2192;344.3537;12.7779;25.7332;-0.1448;-0.2008;0.2127;344.5088;13.6998;25.4826;0;NULL;-0.1448;-0.2008;0.2127;344.5088;13.6998;25.4826;ControllerBody;NULL;NULL;NULL;NULL;2;1;0;0;0;0;0.5000;0.0000;2.0000;0.1714;-0.0714;0.4941;357.4655;11.7199;3.4498;0.1829;-0.0698;0.4828;356.8091;12.3438;4.0513;1;NULL;0.1829;-0.0698;0.4828;356.8091;12.3438;4.0513;ControllerBody;NULL;d1f27ab1-5740-4e66-96c0-219f0d3d48cd;NULL;NULL;54;1;NULL;0.5000;0.0000;2.0000;Exposure;0.5166;2026-05-18 10:10:39.2667;Controllers;NULL;NULL;OpenXR
NULL;Right;NULL;58;Exposure;NULL;NoMitigation;2;1;0;0;0;0;0.5000;0.0000;2.0000;NULL;None;anonymous;NULL;Mole Hit;MoleEvent;2492;6df10942-1bd9-444b-9e92-3f4361c07db4;NULL;0.0236;-0.0050;-0.0720;359.0754;6.6261;1.6983;0.0165;0.4838;-0.0033;2.0000;0.4838;-0.0033;2.0000;NULL;1;-0.1499;-0.1990;0.2192;344.3537;12.7779;25.7332;-0.1448;-0.2008;0.2127;344.5088;13.6998;25.4826;0;NULL;-0.1448;-0.2008;0.2127;344.5088;13.6998;25.4826;ControllerBody;NULL;NULL;NULL;NULL;2;1;0;0;0;0;0.5000;0.0000;2.0000;0.1714;-0.0714;0.4941;357.4655;11.7199;3.4498;0.1829;-0.0698;0.4828;356.8091;12.3438;4.0513;1;NULL;0.1829;-0.0698;0.4828;356.8091;12.3438;4.0513;ControllerBody;NULL;d1f27ab1-5740-4e66-96c0-219f0d3d48cd;NULL;NULL;54;1;NULL;0.5000;0.0000;2.0000;Exposure;0.0000;2026-05-18 10:10:39.2699;Controllers;NULL;NULL;OpenXR
NULL;Right;NULL;NULL;Exposure;NULL;NoMitigation;3;2;0;1;0;0;-0.5000;0.0000;2.0000;NULL;None;anonymous;NULL;Mole Spawned;MoleEvent;2492;6df10942-1bd9-444b-9e92-3f4361c07db4;NULL;0.0236;-0.0050;-0.0720;359.0754;6.6261;1.6983;NULL;NULL;NULL;NULL;NULL;NULL;NULL;NULL;NULL;-0.1499;-0.1990;0.2192;344.3537;12.7779;25.7332;-0.1448;-0.2008;0.2127;344.5088;13.6998;25.4826;0;NULL;-0.1448;-0.2008;0.2127;344.5088;13.6998;25.4826;ControllerBody;NULL;NULL;NULL;NULL;3;2;0;1;0;0;-0.5000;0.0000;2.0000;0.1714;-0.0714;0.4941;357.4655;11.7199;3.4498;0.1829;-0.0698;0.4828;356.8091;12.3438;4.0513;1;NULL;0.1829;-0.0698;0.4828;356.8091;12.3438;4.0513;ControllerBody;NULL;d1f27ab1-5740-4e66-96c0-219f0d3d48cd;NULL;NULL;NULL;2;NULL;-0.5000;0.0000;2.0000;Exposure;0.0000;2026-05-18 10:10:39.2714;Controllers;NULL;NULL;OpenXR
NULL;Right;NULL;59;Exposure;NULL;NoMitigation;3;2;0;1;0;0;-0.5000;0.0000;2.0000;NULL;None;anonymous;NULL;Pointer Shoot;PointerEvent;2539;6df10942-1bd9-444b-9e92-3f4361c07db4;NULL;0.0063;-0.0053;-0.0583;359.8815;352.0215;357.1335;NULL;-0.4301;0.0116;2.0000;-0.4301;0.0116;2.0000;NULL;NULL;-0.1465;-0.1977;0.2191;344.1280;13.5532;26.0485;-0.1479;-0.1982;0.2104;343.8830;13.7947;25.7041;0;NULL;-0.1479;-0.1982;0.2104;343.8830;13.7947;25.7041;ControllerBody;NULL;NULL;NULL;NULL;3;2;0;1;0;0;-0.5000;0.0000;2.0000;-0.0844;-0.0802;0.4765;356.6373;347.2176;10.5036;-0.0842;-0.0759;0.4649;355.5081;346.7462;10.7767;1;NULL;-0.0842;-0.0759;0.4649;355.5081;346.7462;10.7767;ControllerBody;NULL;d1f27ab1-5740-4e66-96c0-219f0d3d48cd;NULL;NULL;55;2;NULL;-0.5000;0.0000;2.0000;Exposure;0.9206;2026-05-18 10:10:40.4743;Controllers;NULL;NULL;OpenXR
NULL;Right;NULL;59;Exposure;NULL;NoMitigation;3;2;0;1;0;0;-0.5000;0.0000;2.0000;NULL;None;anonymous;NULL;Mole Hit;MoleEvent;2539;6df10942-1bd9-444b-9e92-3f4361c07db4;NULL;0.0063;-0.0053;-0.0583;359.8815;352.0215;357.1335;0.0709;-0.4301;0.0116;2.0000;-0.4301;0.0116;2.0000;NULL;1;-0.1465;-0.1977;0.2191;344.1280;13.5532;26.0485;-0.1479;-0.1982;0.2104;343.8830;13.7947;25.7041;0;NULL;-0.1479;-0.1982;0.2104;343.8830;13.7947;25.7041;ControllerBody;NULL;NULL;NULL;NULL;3;2;0;1;0;0;-0.5000;0.0000;2.0000;-0.0844;-0.0802;0.4765;356.6373;347.2176;10.5036;-0.0842;-0.0759;0.4649;355.5081;346.7462;10.7767;1;NULL;-0.0842;-0.0759;0.4649;355.5081;346.7462;10.7767;ControllerBody;NULL;d1f27ab1-5740-4e66-96c0-219f0d3d48cd;NULL;NULL;55;2;NULL;-0.5000;0.0000;2.0000;Exposure;0.0000;2026-05-18 10:10:40.4758;Controllers;NULL;NULL;OpenXR
NULL;Right;NULL;NULL;Exposure;NULL;NoMitigation;2;1;0;0;0;0;0.5000;0.0000;2.0000;NULL;None;anonymous;NULL;Mole Spawned;MoleEvent;2539;6df10942-1bd9-444b-9e92-3f4361c07db4;NULL;0.0063;-0.0053;-0.0583;359.8815;352.0215;357.1335;NULL;NULL;NULL;NULL;NULL;NULL;NULL;NULL;NULL;-0.1465;-0.1977;0.2191;344.1280;13.5532;26.0485;-0.1479;-0.1982;0.2104;343.8830;13.7947;25.7041;0;NULL;-0.1479;-0.1982;0.2104;343.8830;13.7947;25.7041;ControllerBody;NULL;NULL;NULL;NULL;2;1;0;0;0;0;0.5000;0.0000;2.0000;-0.0844;-0.0802;0.4765;356.6373;347.2176;10.5036;-0.0842;-0.0759;0.4649;355.5081;346.7462;10.7767;1;NULL;-0.0842;-0.0759;0.4649;355.5081;346.7462;10.7767;ControllerBody;NULL;d1f27ab1-5740-4e66-96c0-219f0d3d48cd;NULL;NULL;NULL;1;NULL;0.5000;0.0000;2.0000;Exposure;0.0000;2026-05-18 10:10:40.4773;Controllers;NULL;NULL;OpenXR
NULL;Right;NULL;60;Exposure;NULL;NoMitigation;2;1;0;0;0;0;0.5000;0.0000;2.0000;NULL;None;anonymous;NULL;Pointer Shoot;PointerEvent;2590;6df10942-1bd9-444b-9e92-3f4361c07db4;NULL;0.0223;-0.0076;-0.0550;0.5875;4.8243;352.0728;NULL;0.4569;0.0116;2.0000;0.4569;0.0116;2.0000;NULL;NULL;-0.1466;-0.1990;0.2248;342.6902;9.8908;23.8978;-0.1543;-0.1911;0.2230;341.3944;6.9879;22.5000;0;NULL;-0.1543;-0.1911;0.2230;341.3944;6.9879;22.5000;ControllerBody;NULL;NULL;NULL;NULL;2;1;0;0;0;0;0.5000;0.0000;2.0000;0.1773;-0.0598;0.5152;357.2929;10.6632;4.3526;0.1833;-0.0603;0.5047;357.2618;10.4774;3.4254;1;NULL;0.1833;-0.0603;0.5047;357.2618;10.4774;3.4254;ControllerBody;NULL;d1f27ab1-5740-4e66-96c0-219f0d3d48cd;NULL;NULL;56;1;NULL;0.5000;0.0000;2.0000;Exposure;0.8999;2026-05-18 10:10:41.3743;Controllers;NULL;NULL;OpenXR
NULL;Right;NULL;60;Exposure;NULL;NoMitigation;2;1;0;0;0;0;0.5000;0.0000;2.0000;NULL;None;anonymous;NULL;Mole Hit;MoleEvent;2590;6df10942-1bd9-444b-9e92-3f4361c07db4;NULL;0.0223;-0.0076;-0.0550;0.5875;4.8243;352.0728;0.0447;0.4569;0.0116;2.0000;0.4569;0.0116;2.0000;NULL;1;-0.1466;-0.1990;0.2248;342.6902;9.8908;23.8978;-0.1543;-0.1911;0.2230;341.3944;6.9879;22.5000;0;NULL;-0.1543;-0.1911;0.2230;341.3944;6.9879;22.5000;ControllerBody;NULL;NULL;NULL;NULL;2;1;0;0;0;0;0.5000;0.0000;2.0000;0.1773;-0.0598;0.5152;357.2929;10.6632;4.3526;0.1833;-0.0603;0.5047;357.2618;10.4774;3.4254;1;NULL;0.1833;-0.0603;0.5047;357.2618;10.4774;3.4254;ControllerBody;NULL;d1f27ab1-5740-4e66-96c0-219f0d3d48cd;NULL;NULL;56;1;NULL;0.5000;0.0000;2.0000;Exposure;0.0000;2026-05-18 10:10:41.3743;Controllers;NULL;NULL;OpenXR
NULL;Right;NULL;60;Exposure;NULL;NoMitigation;NULL;NULL;NULL;NULL;NULL;NULL;NULL;NULL;NULL;NULL;None;anonymous;NULL;Exposure Completed;BlockEvent;2590;6df10942-1bd9-444b-9e92-3f4361c07db4;NULL;0.0223;-0.0076;-0.0550;0.5875;4.8243;352.0728;NULL;NULL;NULL;NULL;NULL;NULL;NULL;NULL;NULL;-0.1466;-0.1990;0.2248;342.6902;9.8908;23.8978;-0.1543;-0.1911;0.2230;341.3944;6.9879;22.5000;0;NULL;-0.1543;-0.1911;0.2230;341.3944;6.9879;22.5000;ControllerBody;NULL;NULL;NULL;NULL;NULL;NULL;NULL;NULL;NULL;NULL;NULL;NULL;NULL;0.1773;-0.0598;0.5152;357.2929;10.6632;4.3526;0.1833;-0.0603;0.5047;357.2618;10.4774;3.4254;1;NULL;0.1833;-0.0603;0.5047;357.2618;10.4774;3.4254;ControllerBody;NULL;d1f27ab1-5740-4e66-96c0-219f0d3d48cd;NULL;NULL;57;NULL;NULL;NULL;NULL;NULL;Exposure;0.0000;2026-05-18 10:10:41.3759;Controllers;NULL;NULL;OpenXR
NULL;Right;NULL;NULL;Post;NULL;NoMitigation;NULL;NULL;NULL;NULL;NULL;NULL;NULL;NULL;NULL;NULL;None;anonymous;NULL;Block Started;BlockEvent;2710;6df10942-1bd9-444b-9e92-3f4361c07db4;NULL;-0.0017;-0.0070;-0.0463;1.6115;2.5156;2.1909;NULL;NULL;NULL;NULL;NULL;NULL;NULL;NULL;NULL;-0.1648;-0.1720;0.1794;318.9207;354.5906;3.3171;-0.1605;-0.1806;0.1754;319.6442;355.6339;3.3762;0;NULL;-0.1605;-0.1806;0.1754;319.6442;355.6339;3.3762;ControllerBody;NULL;NULL;NULL;NULL;NULL;NULL;NULL;NULL;NULL;NULL;NULL;NULL;NULL;0.1552;-0.0386;0.2494;295.1019;7.7816;26.3425;0.1483;-0.0483;0.2629;297.8276;8.0217;24.8637;0;NULL;0.1483;-0.0483;0.2629;297.8276;8.0217;24.8637;ControllerBody;NULL;d1f27ab1-5740-4e66-96c0-219f0d3d48cd;NULL;NULL;NULL;NULL;NULL;NULL;NULL;NULL;LineBisection;2.0167;2026-05-18 10:10:43.3914;Controllers;NULL;NULL;OpenXR
NULL;Right;NULL;NULL;Post;NULL;NoMitigation;NULL;NULL;NULL;NULL;NULL;NULL;NULL;NULL;NULL;NULL;None;anonymous;NULL;Trial Started;TaskEvent;2710;6df10942-1bd9-444b-9e92-3f4361c07db4;NULL;-0.0017;-0.0070;-0.0463;1.6115;2.5156;2.1909;NULL;NULL;NULL;NULL;NULL;NULL;NULL;NULL;NULL;-0.1648;-0.1720;0.1794;318.9207;354.5906;3.3171;-0.1605;-0.1806;0.1754;319.6442;355.6339;3.3762;0;NULL;-0.1605;-0.1806;0.1754;319.6442;355.6339;3.3762;ControllerBody;1.0000;0.0000;NULL;NULL;NULL;NULL;NULL;NULL;NULL;NULL;NULL;NULL;NULL;0.1552;-0.0386;0.2494;295.1019;7.7816;26.3425;0.1483;-0.0483;0.2629;297.8276;8.0217;24.8637;0;NULL;0.1483;-0.0483;0.2629;297.8276;8.0217;24.8637;ControllerBody;NULL;d1f27ab1-5740-4e66-96c0-219f0d3d48cd;NULL;NULL;NULL;NULL;0.0300;0.0000;0.0000;2.0000;LineBisection;0.0000;2026-05-18 10:10:43.3930;Controllers;1;20;OpenXR
NULL;Right;NULL;NULL;Post;NULL;NoMitigation;NULL;NULL;NULL;NULL;NULL;NULL;NULL;NULL;NULL;NULL;None;anonymous;-1.4217;Trial Accepted;TaskEvent;2744;6df10942-1bd9-444b-9e92-3f4361c07db4;NULL;0.0085;-0.0028;-0.0572;358.9800;357.1061;358.3381;NULL;NULL;NULL;NULL;-0.0142;0.0000;2.0000;NULL;NULL;-0.1518;-0.1586;0.1643;316.5474;356.7058;1.0629;-0.1569;-0.1602;0.1531;316.7360;356.5047;2.8235;0;NULL;-0.1569;-0.1602;0.1531;316.7360;356.5047;2.8235;ControllerBody;1.0000;0.0000;NULL;NULL;NULL;NULL;NULL;NULL;NULL;NULL;NULL;NULL;NULL;0.0358;-0.0491;0.5195;355.9032;358.0637;359.7025;0.0365;-0.0569;0.5185;355.7476;357.2261;359.1663;1;NULL;0.0365;-0.0569;0.5185;355.7476;357.2261;359.1663;ControllerBody;NULL;d1f27ab1-5740-4e66-96c0-219f0d3d48cd;NULL;NULL;NULL;NULL;NULL;NULL;NULL;NULL;LineBisection;0.6267;2026-05-18 10:10:44.0180;Controllers;1;20;OpenXR
NULL;Right;NULL;NULL;Post;NULL;NoMitigation;NULL;NULL;NULL;NULL;NULL;NULL;NULL;NULL;NULL;NULL;None;anonymous;NULL;Trial Started;TaskEvent;2744;6df10942-1bd9-444b-9e92-3f4361c07db4;NULL;0.0085;-0.0028;-0.0572;358.9800;357.1061;358.3381;NULL;NULL;NULL;NULL;NULL;NULL;NULL;NULL;NULL;-0.1518;-0.1586;0.1643;316.5474;356.7058;1.0629;-0.1569;-0.1602;0.1531;316.7360;356.5047;2.8235;0;NULL;-0.1569;-0.1602;0.1531;316.7360;356.5047;2.8235;ControllerBody;1.0000;0.0000;NULL;NULL;NULL;NULL;NULL;NULL;NULL;NULL;NULL;NULL;NULL;0.0358;-0.0491;0.5195;355.9032;358.0637;359.7025;0.0365;-0.0569;0.5185;355.7476;357.2261;359.1663;1;NULL;0.0365;-0.0569;0.5185;355.7476;357.2261;359.1663;ControllerBody;NULL;d1f27ab1-5740-4e66-96c0-219f0d3d48cd;NULL;NULL;NULL;NULL;0.0300;0.0000;0.0000;2.0000;LineBisection;0.0000;2026-05-18 10:10:44.0191;Controllers;2;20;OpenXR
NULL;Right;NULL;NULL;Post;NULL;NoMitigation;NULL;NULL;NULL;NULL;NULL;NULL;NULL;NULL;NULL;NULL;None;anonymous;-0.9774;Trial Accepted;TaskEvent;2758;6df10942-1bd9-444b-9e92-3f4361c07db4;NULL;0.0065;-0.0056;-0.0541;1.1537;356.7953;358.7565;NULL;NULL;NULL;NULL;-0.0098;0.0000;2.0000;NULL;NULL;-0.1533;-0.1564;0.1620;316.3231;356.6834;2.3804;-0.1533;-0.1580;0.1519;315.8411;357.0900;2.6091;0;NULL;-0.1533;-0.1580;0.1519;315.8411;357.0900;2.6091;ControllerBody;1.0000;0.0000;NULL;NULL;NULL;NULL;NULL;NULL;NULL;NULL;NULL;NULL;NULL;0.0357;-0.0505;0.5219;355.8895;358.2365;0.4674;0.0383;-0.0524;0.5180;355.7025;358.7274;1.4773;1;NULL;0.0383;-0.0524;0.5180;355.7025;358.7274;1.4773;ControllerBody;NULL;d1f27ab1-5740-4e66-96c0-219f0d3d48cd;NULL;NULL;NULL;NULL;NULL;NULL;NULL;NULL;LineBisection;0.2543;2026-05-18 10:10:44.2721;Controllers;2;20;OpenXR
NULL;Right;NULL;NULL;Post;NULL;NoMitigation;NULL;NULL;NULL;NULL;NULL;NULL;NULL;NULL;NULL;NULL;None;anonymous;NULL;Trial Started;TaskEvent;2758;6df10942-1bd9-444b-9e92-3f4361c07db4;NULL;0.0065;-0.0056;-0.0541;1.1537;356.7953;358.7565;NULL;NULL;NULL;NULL;NULL;NULL;NULL;NULL;NULL;-0.1533;-0.1564;0.1620;316.3231;356.6834;2.3804;-0.1533;-0.1580;0.1519;315.8411;357.0900;2.6091;0;NULL;-0.1533;-0.1580;0.1519;315.8411;357.0900;2.6091;ControllerBody;1.0000;0.0000;NULL;NULL;NULL;NULL;NULL;NULL;NULL;NULL;NULL;NULL;NULL;0.0357;-0.0505;0.5219;355.8895;358.2365;0.4674;0.0383;-0.0524;0.5180;355.7025;358.7274;1.4773;1;NULL;0.0383;-0.0524;0.5180;355.7025;358.7274;1.4773;ControllerBody;NULL;d1f27ab1-5740-4e66-96c0-219f0d3d48cd;NULL;NULL;NULL;NULL;0.0300;0.0000;0.0000;2.0000;LineBisection;0.0000;2026-05-18 10:10:44.2742;Controllers;3;20;OpenXR
NULL;Right;NULL;NULL;Post;NULL;NoMitigation;NULL;NULL;NULL;NULL;NULL;NULL;NULL;NULL;NULL;NULL;None;anonymous;2.6050;Trial Accepted;TaskEvent;2771;6df10942-1bd9-444b-9e92-3f4361c07db4;NULL;0.0061;-0.0069;-0.0530;1.6359;356.3547;359.0227;NULL;NULL;NULL;NULL;0.0261;0.0000;2.0000;NULL;NULL;-0.1536;-0.1561;0.1614;316.6295;356.7209;2.4766;-0.1550;-0.1597;0.1529;316.4018;356.6432;2.6021;0;NULL;-0.1550;-0.1597;0.1529;316.4018;356.6432;2.6021;ControllerBody;1.0000;0.0000;NULL;NULL;NULL;NULL;NULL;NULL;NULL;NULL;NULL;NULL;NULL;0.0385;-0.0517;0.5244;355.9016;359.5163;1.4050;0.0439;-0.0539;0.5207;355.6030;0.1286;1.7843;1;NULL;0.0439;-0.0539;0.5207;355.6030;0.1286;1.7843;ControllerBody;NULL;d1f27ab1-5740-4e66-96c0-219f0d3d48cd;NULL;NULL;NULL;NULL;NULL;NULL;NULL;NULL;LineBisection;0.2343;2026-05-18 10:10:44.5057;Controllers;3;20;OpenXR
NULL;Right;NULL;NULL;Post;NULL;NoMitigation;NULL;NULL;NULL;NULL;NULL;NULL;NULL;NULL;NULL;NULL;None;anonymous;NULL;Trial Started;TaskEvent;2771;6df10942-1bd9-444b-9e92-3f4361c07db4;NULL;0.0061;-0.0069;-0.0530;1.6359;356.3547;359.0227;NULL;NULL;NULL;NULL;NULL;NULL;NULL;NULL;NULL;-0.1536;-0.1561;0.1614;316.6295;356.7209;2.4766;-0.1550;-0.1597;0.1529;316.4018;356.6432;2.6021;0;NULL;-0.1550;-0.1597;0.1529;316.4018;356.6432;2.6021;ControllerBody;1.0000;0.0000;NULL;NULL;NULL;NULL;NULL;NULL;NULL;NULL;NULL;NULL;NULL;0.0385;-0.0517;0.5244;355.9016;359.5163;1.4050;0.0439;-0.0539;0.5207;355.6030;0.1286;1.7843;1;NULL;0.0439;-0.0539;0.5207;355.6030;0.1286;1.7843;ControllerBody;NULL;d1f27ab1-5740-4e66-96c0-219f0d3d48cd;NULL;NULL;NULL;NULL;0.0300;0.0000;0.0000;2.0000;LineBisection;0.0000;2026-05-18 10:10:44.5087;Controllers;4;20;OpenXR
NULL;Right;NULL;NULL;Post;NULL;NoMitigation;NULL;NULL;NULL;NULL;NULL;NULL;NULL;NULL;NULL;NULL;None;anonymous;4.4136;Trial Accepted;TaskEvent;2782;6df10942-1bd9-444b-9e92-3f4361c07db4;NULL;0.0076;-0.0068;-0.0520;1.7037;356.4297;358.6432;NULL;NULL;NULL;NULL;0.0441;0.0000;2.0000;NULL;NULL;-0.1537;-0.1560;0.1612;316.7016;356.8282;2.4194;-0.1533;-0.1627;0.1570;317.3391;357.3094;2.5153;0;NULL;-0.1533;-0.1627;0.1570;317.3391;357.3094;2.5153;ControllerBody;1.0000;0.0000;NULL;NULL;NULL;NULL;NULL;NULL;NULL;NULL;NULL;NULL;NULL;0.0422;-0.0516;0.5261;355.6641;0.0764;1.6753;0.0476;-0.0511;0.5206;355.1978;0.2733;1.9216;1;NULL;0.0476;-0.0511;0.5206;355.1978;0.2733;1.9216;ControllerBody;NULL;d1f27ab1-5740-4e66-96c0-219f0d3d48cd;NULL;NULL;NULL;NULL;NULL;NULL;NULL;NULL;LineBisection;0.1998;2026-05-18 10:10:44.7056;Controllers;4;20;OpenXR
NULL;Right;NULL;NULL;Post;NULL;NoMitigation;NULL;NULL;NULL;NULL;NULL;NULL;NULL;NULL;NULL;NULL;None;anonymous;NULL;Trial Started;TaskEvent;2782;6df10942-1bd9-444b-9e92-3f4361c07db4;NULL;0.0076;-0.0068;-0.0520;1.7037;356.4297;358.6432;NULL;NULL;NULL;NULL;NULL;NULL;NULL;NULL;NULL;-0.1537;-0.1560;0.1612;316.7016;356.8282;2.4194;-0.1533;-0.1627;0.1570;317.3391;357.3094;2.5153;0;NULL;-0.1533;-0.1627;0.1570;317.3391;357.3094;2.5153;ControllerBody;1.0000;0.0000;NULL;NULL;NULL;NULL;NULL;NULL;NULL;NULL;NULL;NULL;NULL;0.0422;-0.0516;0.5261;355.6641;0.0764;1.6753;0.0476;-0.0511;0.5206;355.1978;0.2733;1.9216;1;NULL;0.0476;-0.0511;0.5206;355.1978;0.2733;1.9216;ControllerBody;NULL;d1f27ab1-5740-4e66-96c0-219f0d3d48cd;NULL;NULL;NULL;NULL;0.0300;0.0000;0.0000;2.0000;LineBisection;0.0000;2026-05-18 10:10:44.7086;Controllers;5;20;OpenXR
NULL;Right;NULL;NULL;Post;NULL;NoMitigation;NULL;NULL;NULL;NULL;NULL;NULL;NULL;NULL;NULL;NULL;None;anonymous;5.2355;Trial Accepted;TaskEvent;2795;6df10942-1bd9-444b-9e92-3f4361c07db4;NULL;0.0071;-0.0063;-0.0523;1.5318;356.4500;358.9496;NULL;NULL;NULL;NULL;0.0524;0.0000;2.0000;NULL;NULL;-0.1537;-0.1561;0.1614;316.8595;356.8839;2.3663;-0.1536;-0.1612;0.1555;316.8601;357.0876;2.0015;0;NULL;-0.1536;-0.1612;0.1555;316.8601;357.0876;2.0015;ControllerBody;1.0000;0.0000;NULL;NULL;NULL;NULL;NULL;NULL;NULL;NULL;NULL;NULL;NULL;0.0439;-0.0519;0.5271;355.5667;0.3302;2.0005;0.0487;-0.0542;0.5219;355.3796;0.9164;2.2937;1;NULL;0.0487;-0.0542;0.5219;355.3796;0.9164;2.2937;ControllerBody;NULL;d1f27ab1-5740-4e66-96c0-219f0d3d48cd;NULL;NULL;NULL;NULL;NULL;NULL;NULL;NULL;LineBisection;0.2337;2026-05-18 10:10:44.9394;Controllers;5;20;OpenXR
NULL;Right;NULL;NULL;Post;NULL;NoMitigation;NULL;NULL;NULL;NULL;NULL;NULL;NULL;NULL;NULL;NULL;None;anonymous;NULL;Trial Started;TaskEvent;2795;6df10942-1bd9-444b-9e92-3f4361c07db4;NULL;0.0071;-0.0063;-0.0523;1.5318;356.4500;358.9496;NULL;NULL;NULL;NULL;NULL;NULL;NULL;NULL;NULL;-0.1537;-0.1561;0.1614;316.8595;356.8839;2.3663;-0.1536;-0.1612;0.1555;316.8601;357.0876;2.0015;0;NULL;-0.1536;-0.1612;0.1555;316.8601;357.0876;2.0015;ControllerBody;1.0000;0.0000;NULL;NULL;NULL;NULL;NULL;NULL;NULL;NULL;NULL;NULL;NULL;0.0439;-0.0519;0.5271;355.5667;0.3302;2.0005;0.0487;-0.0542;0.5219;355.3796;0.9164;2.2937;1;NULL;0.0487;-0.0542;0.5219;355.3796;0.9164;2.2937;ControllerBody;NULL;d1f27ab1-5740-4e66-96c0-219f0d3d48cd;NULL;NULL;NULL;NULL;0.0300;0.0000;0.0000;2.0000;LineBisection;0.0000;2026-05-18 10:10:44.9425;Controllers;6;20;OpenXR
NULL;Right;NULL;NULL;Post;NULL;NoMitigation;NULL;NULL;NULL;NULL;NULL;NULL;NULL;NULL;NULL;NULL;None;anonymous;4.6771;Trial Accepted;TaskEvent;2809;6df10942-1bd9-444b-9e92-3f4361c07db4;NULL;0.0073;-0.0059;-0.0532;1.3272;356.4494;359.3494;NULL;NULL;NULL;NULL;0.0468;0.0000;2.0000;NULL;NULL;-0.1537;-0.1562;0.1614;316.9378;356.9697;2.2890;-0.1515;-0.1615;0.1565;317.0507;357.5953;1.8198;0;NULL;-0.1515;-0.1615;0.1565;317.0507;357.5953;1.8198;ControllerBody;1.0000;0.0000;NULL;NULL;NULL;NULL;NULL;NULL;NULL;NULL;NULL;NULL;NULL;0.0439;-0.0525;0.5272;355.5602;0.1106;2.0038;0.0378;-0.0542;0.5175;355.3812;359.3282;1.8108;1;NULL;0.0378;-0.0542;0.5175;355.3812;359.3282;1.8108;ControllerBody;NULL;d1f27ab1-5740-4e66-96c0-219f0d3d48cd;NULL;NULL;NULL;NULL;NULL;NULL;NULL;NULL;LineBisection;0.2501;2026-05-18 10:10:45.1899;Controllers;6;20;OpenXR
NULL;Right;NULL;NULL;Post;NULL;NoMitigation;NULL;NULL;NULL;NULL;NULL;NULL;NULL;NULL;NULL;NULL;None;anonymous;NULL;Trial Started;TaskEvent;2809;6df10942-1bd9-444b-9e92-3f4361c07db4;NULL;0.0073;-0.0059;-0.0532;1.3272;356.4494;359.3494;NULL;NULL;NULL;NULL;NULL;NULL;NULL;NULL;NULL;-0.1537;-0.1562;0.1614;316.9378;356.9697;2.2890;-0.1515;-0.1615;0.1565;317.0507;357.5953;1.8198;0;NULL;-0.1515;-0.1615;0.1565;317.0507;357.5953;1.8198;ControllerBody;1.0000;0.0000;NULL;NULL;NULL;NULL;NULL;NULL;NULL;NULL;NULL;NULL;NULL;0.0439;-0.0525;0.5272;355.5602;0.1106;2.0038;0.0378;-0.0542;0.5175;355.3812;359.3282;1.8108;1;NULL;0.0378;-0.0542;0.5175;355.3812;359.3282;1.8108;ControllerBody;NULL;d1f27ab1-5740-4e66-96c0-219f0d3d48cd;NULL;NULL;NULL;NULL;0.0300;0.0000;0.0000;2.0000;LineBisection;0.0000;2026-05-18 10:10:45.1930;Controllers;7;20;OpenXR
NULL;Right;NULL;NULL;Post;NULL;NoMitigation;NULL;NULL;NULL;NULL;NULL;NULL;NULL;NULL;NULL;NULL;None;anonymous;1.9381;Trial Accepted;TaskEvent;2821;6df10942-1bd9-444b-9e92-3f4361c07db4;NULL;0.0074;-0.0055;-0.0540;0.9286;356.3550;359.3577;NULL;NULL;NULL;NULL;0.0194;0.0000;2.0000;NULL;NULL;-0.1536;-0.1562;0.1614;316.9168;357.1007;2.0622;-0.1538;-0.1615;0.1560;317.1626;357.2221;2.1863;0;NULL;-0.1538;-0.1615;0.1560;317.1626;357.2221;2.1863;ControllerBody;1.0000;0.0000;NULL;NULL;NULL;NULL;NULL;NULL;NULL;NULL;NULL;NULL;NULL;0.0358;-0.0553;0.5262;355.6829;359.3618;2.0632;0.0237;-0.0608;0.5170;355.3900;358.4430;2.2267;1;NULL;0.0237;-0.0608;0.5170;355.3900;358.4430;2.2267;ControllerBody;NULL;d1f27ab1-5740-4e66-96c0-219f0d3d48cd;NULL;NULL;NULL;NULL;NULL;NULL;NULL;NULL;LineBisection;0.2167;2026-05-18 10:10:45.4057;Controllers;7;20;OpenXR
NULL;Right;NULL;NULL;Post;NULL;NoMitigation;NULL;NULL;NULL;NULL;NULL;NULL;NULL;NULL;NULL;NULL;None;anonymous;NULL;Trial Started;TaskEvent;2821;6df10942-1bd9-444b-9e92-3f4361c07db4;NULL;0.0074;-0.0055;-0.0540;0.9286;356.3550;359.3577;NULL;NULL;NULL;NULL;NULL;NULL;NULL;NULL;NULL;-0.1536;-0.1562;0.1614;316.9168;357.1007;2.0622;-0.1538;-0.1615;0.1560;317.1626;357.2221;2.1863;0;NULL;-0.1538;-0.1615;0.1560;317.1626;357.2221;2.1863;ControllerBody;1.0000;0.0000;NULL;NULL;NULL;NULL;NULL;NULL;NULL;NULL;NULL;NULL;NULL;0.0358;-0.0553;0.5262;355.6829;359.3618;2.0632;0.0237;-0.0608;0.5170;355.3900;358.4430;2.2267;1;NULL;0.0237;-0.0608;0.5170;355.3900;358.4430;2.2267;ControllerBody;NULL;d1f27ab1-5740-4e66-96c0-219f0d3d48cd;NULL;NULL;NULL;NULL;0.0300;0.0000;0.0000;2.0000;LineBisection;0.0000;2026-05-18 10:10:45.4087;Controllers;8;20;OpenXR
NULL;Right;NULL;NULL;Post;NULL;NoMitigation;NULL;NULL;NULL;NULL;NULL;NULL;NULL;NULL;NULL;NULL;None;anonymous;3.2168;Trial Accepted;TaskEvent;2835;6df10942-1bd9-444b-9e92-3f4361c07db4;NULL;0.0040;-0.0051;-0.0538;0.7450;356.1475;359.8304;NULL;NULL;NULL;NULL;0.0322;0.0000;2.0000;NULL;NULL;-0.1539;-0.1561;0.1612;316.8861;357.0811;2.0038;-0.1578;-0.1610;0.1553;317.1408;356.7665;2.9215;0;NULL;-0.1578;-0.1610;0.1553;317.1408;356.7665;2.9215;ControllerBody;1.0000;0.0000;NULL;NULL;NULL;NULL;NULL;NULL;NULL;NULL;NULL;NULL;NULL;0.0352;-0.0577;0.5275;355.8695;359.8829;2.1041;0.0520;-0.0582;0.5227;355.6219;1.6225;1.7626;1;NULL;0.0520;-0.0582;0.5227;355.6219;1.6225;1.7626;ControllerBody;NULL;d1f27ab1-5740-4e66-96c0-219f0d3d48cd;NULL;NULL;NULL;NULL;NULL;NULL;NULL;NULL;LineBisection;0.2499;2026-05-18 10:10:45.6560;Controllers;8;20;OpenXR
NULL;Right;NULL;NULL;Post;NULL;NoMitigation;NULL;NULL;NULL;NULL;NULL;NULL;NULL;NULL;NULL;NULL;None;anonymous;NULL;Trial Started;TaskEvent;2835;6df10942-1bd9-444b-9e92-3f4361c07db4;NULL;0.0040;-0.0051;-0.0538;0.7450;356.1475;359.8304;NULL;NULL;NULL;NULL;NULL;NULL;NULL;NULL;NULL;-0.1539;-0.1561;0.1612;316.8861;357.0811;2.0038;-0.1578;-0.1610;0.1553;317.1408;356.7665;2.9215;0;NULL;-0.1578;-0.1610;0.1553;317.1408;356.7665;2.9215;ControllerBody;1.0000;0.0000;NULL;NULL;NULL;NULL;NULL;NULL;NULL;NULL;NULL;NULL;NULL;0.0352;-0.0577;0.5275;355.8695;359.8829;2.1041;0.0520;-0.0582;0.5227;355.6219;1.6225;1.7626;1;NULL;0.0520;-0.0582;0.5227;355.6219;1.6225;1.7626;ControllerBody;NULL;d1f27ab1-5740-4e66-96c0-219f0d3d48cd;NULL;NULL;NULL;NULL;0.0300;0.0000;0.0000;2.0000;LineBisection;0.0000;2026-05-18 10:10:45.6590;Controllers;9;20;OpenXR
NULL;Right;NULL;NULL;Post;NULL;NoMitigation;NULL;NULL;NULL;NULL;NULL;NULL;NULL;NULL;NULL;NULL;None;anonymous;7.8443;Trial Accepted;TaskEvent;2849;6df10942-1bd9-444b-9e92-3f4361c07db4;NULL;0.0057;-0.0057;-0.0538;1.0184;356.5174;359.9896;NULL;NULL;NULL;NULL;0.0784;0.0000;2.0000;NULL;NULL;-0.1532;-0.1568;0.1621;317.2135;357.4818;2.3333;-0.1476;-0.1635;0.1591;317.3157;358.0810;1.4579;0;NULL;-0.1476;-0.1635;0.1591;317.3157;358.0810;1.4579;ControllerBody;1.0000;0.0000;NULL;NULL;NULL;NULL;NULL;NULL;NULL;NULL;NULL;NULL;NULL;0.0516;-0.0598;0.5289;356.0961;1.0473;2.4792;0.0430;-0.0616;0.5178;355.5496;359.6319;3.1105;1;NULL;0.0430;-0.0616;0.5178;355.5496;359.6319;3.1105;ControllerBody;NULL;d1f27ab1-5740-4e66-96c0-219f0d3d48cd;NULL;NULL;NULL;NULL;NULL;NULL;NULL;NULL;LineBisection;0.2501;2026-05-18 10:10:45.9067;Controllers;9;20;OpenXR
NULL;Right;NULL;NULL;Post;NULL;NoMitigation;NULL;NULL;NULL;NULL;NULL;NULL;NULL;NULL;NULL;NULL;None;anonymous;NULL;Trial Started;TaskEvent;2849;6df10942-1bd9-444b-9e92-3f4361c07db4;NULL;0.0057;-0.0057;-0.0538;1.0184;356.5174;359.9896;NULL;NULL;NULL;NULL;NULL;NULL;NULL;NULL;NULL;-0.1532;-0.1568;0.1621;317.2135;357.4818;2.3333;-0.1476;-0.1635;0.1591;317.3157;358.0810;1.4579;0;NULL;-0.1476;-0.1635;0.1591;317.3157;358.0810;1.4579;ControllerBody;1.0000;0.0000;NULL;NULL;NULL;NULL;NULL;NULL;NULL;NULL;NULL;NULL;NULL;0.0516;-0.0598;0.5289;356.0961;1.0473;2.4792;0.0430;-0.0616;0.5178;355.5496;359.6319;3.1105;1;NULL;0.0430;-0.0616;0.5178;355.5496;359.6319;3.1105;ControllerBody;NULL;d1f27ab1-5740-4e66-96c0-219f0d3d48cd;NULL;NULL;NULL;NULL;0.0300;0.0000;0.0000;2.0000;LineBisection;0.0000;2026-05-18 10:10:45.9093;Controllers;10;20;OpenXR
NULL;Right;NULL;NULL;Post;NULL;NoMitigation;NULL;NULL;NULL;NULL;NULL;NULL;NULL;NULL;NULL;NULL;None;anonymous;2.0510;Trial Accepted;TaskEvent;2863;6df10942-1bd9-444b-9e92-3f4361c07db4;NULL;0.0065;-0.0059;-0.0542;0.9529;356.4360;359.4134;NULL;NULL;NULL;NULL;0.0205;0.0000;2.0000;NULL;NULL;-0.1526;-0.1564;0.1615;316.9911;357.6723;2.0235;-0.1551;-0.1601;0.1541;316.8298;357.2339;2.4677;0;NULL;-0.1551;-0.1601;0.1541;316.8298;357.2339;2.4677;ControllerBody;1.0000;0.0000;NULL;NULL;NULL;NULL;NULL;NULL;NULL;NULL;NULL;NULL;NULL;0.0378;-0.0609;0.5263;356.0172;359.3269;2.7315;0.0283;-0.0617;0.5164;355.5205;358.5465;2.8114;1;NULL;0.0283;-0.0617;0.5164;355.5205;358.5465;2.8114;ControllerBody;NULL;d1f27ab1-5740-4e66-96c0-219f0d3d48cd;NULL;NULL;NULL;NULL;NULL;NULL;NULL;NULL;LineBisection;0.2499;2026-05-18 10:10:46.1560;Controllers;10;20;OpenXR
NULL;Right;NULL;NULL;Post;NULL;NoMitigation;NULL;NULL;NULL;NULL;NULL;NULL;NULL;NULL;NULL;NULL;None;anonymous;NULL;Trial Started;TaskEvent;2863;6df10942-1bd9-444b-9e92-3f4361c07db4;NULL;0.0065;-0.0059;-0.0542;0.9529;356.4360;359.4134;NULL;NULL;NULL;NULL;NULL;NULL;NULL;NULL;NULL;-0.1526;-0.1564;0.1615;316.9911;357.6723;2.0235;-0.1551;-0.1601;0.1541;316.8298;357.2339;2.4677;0;NULL;-0.1551;-0.1601;0.1541;316.8298;357.2339;2.4677;ControllerBody;1.0000;0.0000;NULL;NULL;NULL;NULL;NULL;NULL;NULL;NULL;NULL;NULL;NULL;0.0378;-0.0609;0.5263;356.0172;359.3269;2.7315;0.0283;-0.0617;0.5164;355.5205;358.5465;2.8114;1;NULL;0.0283;-0.0617;0.5164;355.5205;358.5465;2.8114;ControllerBody;NULL;d1f27ab1-5740-4e66-96c0-219f0d3d48cd;NULL;NULL;NULL;NULL;0.0300;0.0000;0.0000;2.0000;LineBisection;0.0000;2026-05-18 10:10:46.1590;Controllers;11;20;OpenXR
NULL;Right;NULL;NULL;Post;NULL;NoMitigation;NULL;NULL;NULL;NULL;NULL;NULL;NULL;NULL;NULL;NULL;None;anonymous;0.8591;Trial Accepted;TaskEvent;2875;6df10942-1bd9-444b-9e92-3f4361c07db4;NULL;0.0051;-0.0058;-0.0543;0.8234;356.3556;359.8609;NULL;NULL;NULL;NULL;0.0086;0.0000;2.0000;NULL;NULL;-0.1528;-0.1563;0.1614;316.9708;357.6345;2.0656;-0.1523;-0.1612;0.1551;316.8568;357.7608;1.8822;0;NULL;-0.1523;-0.1612;0.1551;316.8568;357.7608;1.8822;ControllerBody;1.0000;0.0000;NULL;NULL;NULL;NULL;NULL;NULL;NULL;NULL;NULL;NULL;NULL;0.0335;-0.0608;0.5255;356.0510;359.0304;2.6668;0.0287;-0.0599;0.5168;356.0186;358.7158;2.6717;1;NULL;0.0287;-0.0599;0.5168;356.0186;358.7158;2.6717;ControllerBody;NULL;d1f27ab1-5740-4e66-96c0-219f0d3d48cd;NULL;NULL;NULL;NULL;NULL;NULL;NULL;NULL;LineBisection;0.2166;2026-05-18 10:10:46.3733;Controllers;11;20;OpenXR
NULL;Right;NULL;NULL;Post;NULL;NoMitigation;NULL;NULL;NULL;NULL;NULL;NULL;NULL;NULL;NULL;NULL;None;anonymous;NULL;Trial Started;TaskEvent;2875;6df10942-1bd9-444b-9e92-3f4361c07db4;NULL;0.0051;-0.0058;-0.0543;0.8234;356.3556;359.8609;NULL;NULL;NULL;NULL;NULL;NULL;NULL;NULL;NULL;-0.1528;-0.1563;0.1614;316.9708;357.6345;2.0656;-0.1523;-0.1612;0.1551;316.8568;357.7608;1.8822;0;NULL;-0.1523;-0.1612;0.1551;316.8568;357.7608;1.8822;ControllerBody;1.0000;0.0000;NULL;NULL;NULL;NULL;NULL;NULL;NULL;NULL;NULL;NULL;NULL;0.0335;-0.0608;0.5255;356.0510;359.0304;2.6668;0.0287;-0.0599;0.5168;356.0186;358.7158;2.6717;1;NULL;0.0287;-0.0599;0.5168;356.0186;358.7158;2.6717;ControllerBody;NULL;d1f27ab1-5740-4e66-96c0-219f0d3d48cd;NULL;NULL;NULL;NULL;0.0300;0.0000;0.0000;2.0000;LineBisection;0.0000;2026-05-18 10:10:46.3753;Controllers;12;20;OpenXR
NULL;Right;NULL;NULL;Post;NULL;NoMitigation;NULL;NULL;NULL;NULL;NULL;NULL;NULL;NULL;NULL;NULL;None;anonymous;0.5457;Trial Accepted;TaskEvent;2889;6df10942-1bd9-444b-9e92-3f4361c07db4;NULL;0.0052;-0.0057;-0.0545;0.7411;356.6191;359.8940;NULL;NULL;NULL;NULL;0.0055;0.0000;2.0000;NULL;NULL;-0.1529;-0.1563;0.1613;316.9644;357.6298;2.0765;-0.1536;-0.1612;0.1549;316.9070;357.5692;2.1708;0;NULL;-0.1536;-0.1612;0.1549;316.9070;357.5692;2.1708;ControllerBody;1.0000;0.0000;NULL;NULL;NULL;NULL;NULL;NULL;NULL;NULL;NULL;NULL;NULL;0.0324;-0.0605;0.5252;356.0289;358.9541;2.6157;0.0291;-0.0609;0.5164;355.9662;358.5308;2.6655;1;NULL;0.0291;-0.0609;0.5164;355.9662;358.5308;2.6655;ControllerBody;NULL;d1f27ab1-5740-4e66-96c0-219f0d3d48cd;NULL;NULL;NULL;NULL;NULL;NULL;NULL;NULL;LineBisection;0.2501;2026-05-18 10:10:46.6238;Controllers;12;20;OpenXR
NULL;Right;NULL;NULL;Post;NULL;NoMitigation;NULL;NULL;NULL;NULL;NULL;NULL;NULL;NULL;NULL;NULL;None;anonymous;NULL;Trial Started;TaskEvent;2889;6df10942-1bd9-444b-9e92-3f4361c07db4;NULL;0.0052;-0.0057;-0.0545;0.7411;356.6191;359.8940;NULL;NULL;NULL;NULL;NULL;NULL;NULL;NULL;NULL;-0.1529;-0.1563;0.1613;316.9644;357.6298;2.0765;-0.1536;-0.1612;0.1549;316.9070;357.5692;2.1708;0;NULL;-0.1536;-0.1612;0.1549;316.9070;357.5692;2.1708;ControllerBody;1.0000;0.0000;NULL;NULL;NULL;NULL;NULL;NULL;NULL;NULL;NULL;NULL;NULL;0.0324;-0.0605;0.5252;356.0289;358.9541;2.6157;0.0291;-0.0609;0.5164;355.9662;358.5308;2.6655;1;NULL;0.0291;-0.0609;0.5164;355.9662;358.5308;2.6655;ControllerBody;NULL;d1f27ab1-5740-4e66-96c0-219f0d3d48cd;NULL;NULL;NULL;NULL;0.0300;0.0000;0.0000;2.0000;LineBisection;0.0000;2026-05-18 10:10:46.6259;Controllers;13;20;OpenXR
NULL;Right;NULL;NULL;Post;NULL;NoMitigation;NULL;NULL;NULL;NULL;NULL;NULL;NULL;NULL;NULL;NULL;None;anonymous;0.5168;Trial Accepted;TaskEvent;2902;6df10942-1bd9-444b-9e92-3f4361c07db4;NULL;0.0057;-0.0056;-0.0546;0.6839;356.7610;359.8759;NULL;NULL;NULL;NULL;0.0052;0.0000;2.0000;NULL;NULL;-0.1529;-0.1562;0.1612;316.9581;357.6285;2.0723;-0.1534;-0.1609;0.1547;316.8892;357.6671;2.0394;0;NULL;-0.1534;-0.1609;0.1547;316.8892;357.6671;2.0394;ControllerBody;1.0000;0.0000;NULL;NULL;NULL;NULL;NULL;NULL;NULL;NULL;NULL;NULL;NULL;0.0319;-0.0604;0.5251;356.0571;358.9604;2.5649;0.0308;-0.0599;0.5174;355.7455;358.9431;2.5228;1;NULL;0.0308;-0.0599;0.5174;355.7455;358.9431;2.5228;ControllerBody;NULL;d1f27ab1-5740-4e66-96c0-219f0d3d48cd;NULL;NULL;NULL;NULL;NULL;NULL;NULL;NULL;LineBisection;0.2332;2026-05-18 10:10:46.8569;Controllers;13;20;OpenXR
NULL;Right;NULL;NULL;Post;NULL;NoMitigation;NULL;NULL;NULL;NULL;NULL;NULL;NULL;NULL;NULL;NULL;None;anonymous;NULL;Trial Started;TaskEvent;2902;6df10942-1bd9-444b-9e92-3f4361c07db4;NULL;0.0057;-0.0056;-0.0546;0.6839;356.7610;359.8759;NULL;NULL;NULL;NULL;NULL;NULL;NULL;NULL;NULL;-0.1529;-0.1562;0.1612;316.9581;357.6285;2.0723;-0.1534;-0.1609;0.1547;316.8892;357.6671;2.0394;0;NULL;-0.1534;-0.1609;0.1547;316.8892;357.6671;2.0394;ControllerBody;1.0000;0.0000;NULL;NULL;NULL;NULL;NULL;NULL;NULL;NULL;NULL;NULL;NULL;0.0319;-0.0604;0.5251;356.0571;358.9604;2.5649;0.0308;-0.0599;0.5174;355.7455;358.9431;2.5228;1;NULL;0.0308;-0.0599;0.5174;355.7455;358.9431;2.5228;ControllerBody;NULL;d1f27ab1-5740-4e66-96c0-219f0d3d48cd;NULL;NULL;NULL;NULL;0.0300;0.0000;0.0000;2.0000;LineBisection;0.0000;2026-05-18 10:10:46.8590;Controllers;14;20;OpenXR
NULL;Right;NULL;NULL;Post;NULL;NoMitigation;NULL;NULL;NULL;NULL;NULL;NULL;NULL;NULL;NULL;NULL;None;anonymous;0.6794;Trial Accepted;TaskEvent;2914;6df10942-1bd9-444b-9e92-3f4361c07db4;NULL;0.0060;-0.0056;-0.0543;0.7073;356.8684;359.8936;NULL;NULL;NULL;NULL;0.0068;0.0000;2.0000;NULL;NULL;-0.1530;-0.1562;0.1611;316.9594;357.6297;2.0734;-0.1530;-0.1611;0.1556;317.0508;357.7167;2.1570;0;NULL;-0.1530;-0.1611;0.1556;317.0508;357.7167;2.1570;ControllerBody;1.0000;0.0000;NULL;NULL;NULL;NULL;NULL;NULL;NULL;NULL;NULL;NULL;NULL;0.0319;-0.0604;0.5252;356.0869;359.0230;2.4949;0.0317;-0.0618;0.5181;356.0602;358.4910;2.5647;1;NULL;0.0317;-0.0618;0.5181;356.0602;358.4910;2.5647;ControllerBody;NULL;d1f27ab1-5740-4e66-96c0-219f0d3d48cd;NULL;NULL;NULL;NULL;NULL;NULL;NULL;NULL;LineBisection;0.2164;2026-05-18 10:10:47.0728;Controllers;14;20;OpenXR
NULL;Right;NULL;NULL;Post;NULL;NoMitigation;NULL;NULL;NULL;NULL;NULL;NULL;NULL;NULL;NULL;NULL;None;anonymous;NULL;Trial Started;TaskEvent;2914;6df10942-1bd9-444b-9e92-3f4361c07db4;NULL;0.0060;-0.0056;-0.0543;0.7073;356.8684;359.8936;NULL;NULL;NULL;NULL;NULL;NULL;NULL;NULL;NULL;-0.1530;-0.1562;0.1611;316.9594;357.6297;2.0734;-0.1530;-0.1611;0.1556;317.0508;357.7167;2.1570;0;NULL;-0.1530;-0.1611;0.1556;317.0508;357.7167;2.1570;ControllerBody;1.0000;0.0000;NULL;NULL;NULL;NULL;NULL;NULL;NULL;NULL;NULL;NULL;NULL;0.0319;-0.0604;0.5252;356.0869;359.0230;2.4949;0.0317;-0.0618;0.5181;356.0602;358.4910;2.5647;1;NULL;0.0317;-0.0618;0.5181;356.0602;358.4910;2.5647;ControllerBody;NULL;d1f27ab1-5740-4e66-96c0-219f0d3d48cd;NULL;NULL;NULL;NULL;0.0300;0.0000;0.0000;2.0000;LineBisection;0.0000;2026-05-18 10:10:47.0753;Controllers;15;20;OpenXR
NULL;Right;NULL;NULL;Post;NULL;NoMitigation;NULL;NULL;NULL;NULL;NULL;NULL;NULL;NULL;NULL;NULL;None;anonymous;0.7784;Trial Accepted;TaskEvent;2927;6df10942-1bd9-444b-9e92-3f4361c07db4;NULL;0.0066;-0.0056;-0.0540;0.6574;357.0156;359.8944;NULL;NULL;NULL;NULL;0.0078;0.0000;2.0000;NULL;NULL;-0.1530;-0.1562;0.1611;316.9563;357.6505;2.0608;-0.1527;-0.1608;0.1552;316.9602;357.7498;2.0910;0;NULL;-0.1527;-0.1608;0.1552;316.9602;357.7498;2.0910;ControllerBody;1.0000;0.0000;NULL;NULL;NULL;NULL;NULL;NULL;NULL;NULL;NULL;NULL;NULL;0.0323;-0.0607;0.5256;356.1512;359.0463;2.3846;0.0344;-0.0623;0.5199;356.2311;358.8300;2.3449;1;NULL;0.0344;-0.0623;0.5199;356.2311;358.8300;2.3449;ControllerBody;NULL;d1f27ab1-5740-4e66-96c0-219f0d3d48cd;NULL;NULL;NULL;NULL;NULL;NULL;NULL;NULL;LineBisection;0.2333;2026-05-18 10:10:47.3058;Controllers;15;20;OpenXR
NULL;Right;NULL;NULL;Post;NULL;NoMitigation;NULL;NULL;NULL;NULL;NULL;NULL;NULL;NULL;NULL;NULL;None;anonymous;NULL;Trial Started;TaskEvent;2927;6df10942-1bd9-444b-9e92-3f4361c07db4;NULL;0.0066;-0.0056;-0.0540;0.6574;357.0156;359.8944;NULL;NULL;NULL;NULL;NULL;NULL;NULL;NULL;NULL;-0.1530;-0.1562;0.1611;316.9563;357.6505;2.0608;-0.1527;-0.1608;0.1552;316.9602;357.7498;2.0910;0;NULL;-0.1527;-0.1608;0.1552;316.9602;357.7498;2.0910;ControllerBody;1.0000;0.0000;NULL;NULL;NULL;NULL;NULL;NULL;NULL;NULL;NULL;NULL;NULL;0.0323;-0.0607;0.5256;356.1512;359.0463;2.3846;0.0344;-0.0623;0.5199;356.2311;358.8300;2.3449;1;NULL;0.0344;-0.0623;0.5199;356.2311;358.8300;2.3449;ControllerBody;NULL;d1f27ab1-5740-4e66-96c0-219f0d3d48cd;NULL;NULL;NULL;NULL;0.0300;0.0000;0.0000;2.0000;LineBisection;0.0000;2026-05-18 10:10:47.3089;Controllers;16;20;OpenXR
NULL;Right;NULL;NULL;Post;NULL;NoMitigation;NULL;NULL;NULL;NULL;NULL;NULL;NULL;NULL;NULL;NULL;None;anonymous;0.7980;Trial Accepted;TaskEvent;2941;6df10942-1bd9-444b-9e92-3f4361c07db4;NULL;0.0069;-0.0059;-0.0542;0.7854;357.0037;359.8599;NULL;NULL;NULL;NULL;0.0080;0.0000;2.0000;NULL;NULL;-0.1529;-0.1561;0.1610;316.9473;357.7219;2.0173;-0.1513;-0.1604;0.1549;316.9657;358.1624;1.7774;0;NULL;-0.1513;-0.1604;0.1549;316.9657;358.1624;1.7774;ControllerBody;1.0000;0.0000;NULL;NULL;NULL;NULL;NULL;NULL;NULL;NULL;NULL;NULL;NULL;0.0330;-0.0608;0.5260;356.2830;359.0282;2.2302;0.0327;-0.0602;0.5175;355.8378;358.3578;2.5184;1;NULL;0.0327;-0.0602;0.5175;355.8378;358.3578;2.5184;ControllerBody;NULL;d1f27ab1-5740-4e66-96c0-219f0d3d48cd;NULL;NULL;NULL;NULL;NULL;NULL;NULL;NULL;LineBisection;0.2497;2026-05-18 10:10:47.5565;Controllers;16;20;OpenXR
NULL;Right;NULL;NULL;Post;NULL;NoMitigation;NULL;NULL;NULL;NULL;NULL;NULL;NULL;NULL;NULL;NULL;None;anonymous;NULL;Trial Started;TaskEvent;2941;6df10942-1bd9-444b-9e92-3f4361c07db4;NULL;0.0069;-0.0059;-0.0542;0.7854;357.0037;359.8599;NULL;NULL;NULL;NULL;NULL;NULL;NULL;NULL;NULL;-0.1529;-0.1561;0.1610;316.9473;357.7219;2.0173;-0.1513;-0.1604;0.1549;316.9657;358.1624;1.7774;0;NULL;-0.1513;-0.1604;0.1549;316.9657;358.1624;1.7774;ControllerBody;1.0000;0.0000;NULL;NULL;NULL;NULL;NULL;NULL;NULL;NULL;NULL;NULL;NULL;0.0330;-0.0608;0.5260;356.2830;359.0282;2.2302;0.0327;-0.0602;0.5175;355.8378;358.3578;2.5184;1;NULL;0.0327;-0.0602;0.5175;355.8378;358.3578;2.5184;ControllerBody;NULL;d1f27ab1-5740-4e66-96c0-219f0d3d48cd;NULL;NULL;NULL;NULL;0.0300;0.0000;0.0000;2.0000;LineBisection;0.0000;2026-05-18 10:10:47.5585;Controllers;17;20;OpenXR
NULL;Right;NULL;NULL;Post;NULL;NoMitigation;NULL;NULL;NULL;NULL;NULL;NULL;NULL;NULL;NULL;NULL;None;anonymous;1.0071;Trial Accepted;TaskEvent;2954;6df10942-1bd9-444b-9e92-3f4361c07db4;NULL;0.0071;-0.0061;-0.0547;0.8371;357.0198;359.8898;NULL;NULL;NULL;NULL;0.0101;0.0000;2.0000;NULL;NULL;-0.1526;-0.1558;0.1608;316.9257;357.8683;2.0679;-0.1516;-0.1594;0.1542;316.8844;358.0395;2.1208;0;NULL;-0.1516;-0.1594;0.1542;316.8844;358.0395;2.1208;ControllerBody;1.0000;0.0000;NULL;NULL;NULL;NULL;NULL;NULL;NULL;NULL;NULL;NULL;NULL;0.0333;-0.0606;0.5260;356.3282;359.0976;2.1159;0.0344;-0.0595;0.5173;356.2387;358.9374;2.0531;1;NULL;0.0344;-0.0595;0.5173;356.2387;358.9374;2.0531;ControllerBody;NULL;d1f27ab1-5740-4e66-96c0-219f0d3d48cd;NULL;NULL;NULL;NULL;NULL;NULL;NULL;NULL;LineBisection;0.2334;2026-05-18 10:10:47.7895;Controllers;17;20;OpenXR
NULL;Right;NULL;NULL;Post;NULL;NoMitigation;NULL;NULL;NULL;NULL;NULL;NULL;NULL;NULL;NULL;NULL;None;anonymous;NULL;Trial Started;TaskEvent;2954;6df10942-1bd9-444b-9e92-3f4361c07db4;NULL;0.0071;-0.0061;-0.0547;0.8371;357.0198;359.8898;NULL;NULL;NULL;NULL;NULL;NULL;NULL;NULL;NULL;-0.1526;-0.1558;0.1608;316.9257;357.8683;2.0679;-0.1516;-0.1594;0.1542;316.8844;358.0395;2.1208;0;NULL;-0.1516;-0.1594;0.1542;316.8844;358.0395;2.1208;ControllerBody;1.0000;0.0000;NULL;NULL;NULL;NULL;NULL;NULL;NULL;NULL;NULL;NULL;NULL;0.0333;-0.0606;0.5260;356.3282;359.0976;2.1159;0.0344;-0.0595;0.5173;356.2387;358.9374;2.0531;1;NULL;0.0344;-0.0595;0.5173;356.2387;358.9374;2.0531;ControllerBody;NULL;d1f27ab1-5740-4e66-96c0-219f0d3d48cd;NULL;NULL;NULL;NULL;0.0300;0.0000;0.0000;2.0000;LineBisection;0.0000;2026-05-18 10:10:47.7916;Controllers;18;20;OpenXR
NULL;Right;NULL;NULL;Post;NULL;NoMitigation;NULL;NULL;NULL;NULL;NULL;NULL;NULL;NULL;NULL;NULL;None;anonymous;0.9833;Trial Accepted;TaskEvent;2966;6df10942-1bd9-444b-9e92-3f4361c07db4;NULL;0.0070;-0.0062;-0.0549;0.8393;357.0724;359.9295;NULL;NULL;NULL;NULL;0.0098;0.0000;2.0000;NULL;NULL;-0.1524;-0.1555;0.1605;316.9157;358.0149;2.1264;-0.1511;-0.1592;0.1536;316.9306;358.2661;2.4166;0;NULL;-0.1511;-0.1592;0.1536;316.9306;358.2661;2.4166;ControllerBody;1.0000;0.0000;NULL;NULL;NULL;NULL;NULL;NULL;NULL;NULL;NULL;NULL;NULL;0.0336;-0.0606;0.5258;356.3298;359.0754;2.0505;0.0359;-0.0625;0.5170;356.4768;359.0196;2.2186;1;NULL;0.0359;-0.0625;0.5170;356.4768;359.0196;2.2186;ControllerBody;NULL;d1f27ab1-5740-4e66-96c0-219f0d3d48cd;NULL;NULL;NULL;NULL;NULL;NULL;NULL;NULL;LineBisection;0.2167;2026-05-18 10:10:48.0053;Controllers;18;20;OpenXR
NULL;Right;NULL;NULL;Post;NULL;NoMitigation;NULL;NULL;NULL;NULL;NULL;NULL;NULL;NULL;NULL;NULL;None;anonymous;NULL;Trial Started;TaskEvent;2966;6df10942-1bd9-444b-9e92-3f4361c07db4;NULL;0.0070;-0.0062;-0.0549;0.8393;357.0724;359.9295;NULL;NULL;NULL;NULL;NULL;NULL;NULL;NULL;NULL;-0.1524;-0.1555;0.1605;316.9157;358.0149;2.1264;-0.1511;-0.1592;0.1536;316.9306;358.2661;2.4166;0;NULL;-0.1511;-0.1592;0.1536;316.9306;358.2661;2.4166;ControllerBody;1.0000;0.0000;NULL;NULL;NULL;NULL;NULL;NULL;NULL;NULL;NULL;NULL;NULL;0.0336;-0.0606;0.5258;356.3298;359.0754;2.0505;0.0359;-0.0625;0.5170;356.4768;359.0196;2.2186;1;NULL;0.0359;-0.0625;0.5170;356.4768;359.0196;2.2186;ControllerBody;NULL;d1f27ab1-5740-4e66-96c0-219f0d3d48cd;NULL;NULL;NULL;NULL;0.0300;0.0000;0.0000;2.0000;LineBisection;0.0000;2026-05-18 10:10:48.0084;Controllers;19;20;OpenXR
NULL;Right;NULL;NULL;Post;NULL;NoMitigation;NULL;NULL;NULL;NULL;NULL;NULL;NULL;NULL;NULL;NULL;None;anonymous;1.1151;Trial Accepted;TaskEvent;2980;6df10942-1bd9-444b-9e92-3f4361c07db4;NULL;0.0071;-0.0059;-0.0551;0.7534;357.0644;359.9051;NULL;NULL;NULL;NULL;0.0112;0.0000;2.0000;NULL;NULL;-0.1522;-0.1552;0.1602;316.9342;358.0724;2.2453;-0.1515;-0.1591;0.1536;316.9580;358.1952;2.4689;0;NULL;-0.1515;-0.1591;0.1536;316.9580;358.1952;2.4689;ControllerBody;1.0000;0.0000;NULL;NULL;NULL;NULL;NULL;NULL;NULL;NULL;NULL;NULL;NULL;0.0344;-0.0611;0.5254;356.3693;359.0958;1.9887;0.0374;-0.0633;0.5164;356.1200;359.5822;1.6187;1;NULL;0.0374;-0.0633;0.5164;356.1200;359.5822;1.6187;ControllerBody;NULL;d1f27ab1-5740-4e66-96c0-219f0d3d48cd;NULL;NULL;NULL;NULL;NULL;NULL;NULL;NULL;LineBisection;0.2500;2026-05-18 10:10:48.2565;Controllers;19;20;OpenXR
NULL;Right;NULL;NULL;Post;NULL;NoMitigation;NULL;NULL;NULL;NULL;NULL;NULL;NULL;NULL;NULL;NULL;None;anonymous;NULL;Trial Started;TaskEvent;2980;6df10942-1bd9-444b-9e92-3f4361c07db4;NULL;0.0071;-0.0059;-0.0551;0.7534;357.0644;359.9051;NULL;NULL;NULL;NULL;NULL;NULL;NULL;NULL;NULL;-0.1522;-0.1552;0.1602;316.9342;358.0724;2.2453;-0.1515;-0.1591;0.1536;316.9580;358.1952;2.4689;0;NULL;-0.1515;-0.1591;0.1536;316.9580;358.1952;2.4689;ControllerBody;1.0000;0.0000;NULL;NULL;NULL;NULL;NULL;NULL;NULL;NULL;NULL;NULL;NULL;0.0344;-0.0611;0.5254;356.3693;359.0958;1.9887;0.0374;-0.0633;0.5164;356.1200;359.5822;1.6187;1;NULL;0.0374;-0.0633;0.5164;356.1200;359.5822;1.6187;ControllerBody;NULL;d1f27ab1-5740-4e66-96c0-219f0d3d48cd;NULL;NULL;NULL;NULL;0.0300;0.0000;0.0000;2.0000;LineBisection;0.0000;2026-05-18 10:10:48.2585;Controllers;20;20;OpenXR
NULL;Right;NULL;NULL;Post;NULL;NoMitigation;NULL;NULL;NULL;NULL;NULL;NULL;NULL;NULL;NULL;NULL;None;anonymous;1.3038;Trial Accepted;TaskEvent;2993;6df10942-1bd9-444b-9e92-3f4361c07db4;NULL;0.0073;-0.0061;-0.0546;0.8611;357.1003;359.9810;NULL;NULL;NULL;NULL;0.0130;0.0000;2.0000;NULL;NULL;-0.1521;-0.1551;0.1601;316.9402;358.0951;2.2681;-0.1516;-0.1593;0.1537;316.9378;358.1487;2.4289;0;NULL;-0.1516;-0.1593;0.1537;316.9378;358.1487;2.4289;ControllerBody;1.0000;0.0000;NULL;NULL;NULL;NULL;NULL;NULL;NULL;NULL;NULL;NULL;NULL;0.0351;-0.0617;0.5254;356.4579;359.1423;1.8859;0.0381;-0.0641;0.5180;356.4231;359.2322;1.7179;1;NULL;0.0381;-0.0641;0.5180;356.4231;359.2322;1.7179;ControllerBody;NULL;d1f27ab1-5740-4e66-96c0-219f0d3d48cd;NULL;NULL;NULL;NULL;NULL;NULL;NULL;NULL;LineBisection;0.2337;2026-05-18 10:10:48.4895;Controllers;20;20;OpenXR
NULL;Right;2.2078;NULL;Post;NULL;NoMitigation;NULL;NULL;NULL;NULL;NULL;NULL;NULL;NULL;NULL;NULL;None;anonymous;NULL;Block Completed;BlockEvent;2993;6df10942-1bd9-444b-9e92-3f4361c07db4;NULL;0.0073;-0.0061;-0.0546;0.8611;357.1003;359.9810;NULL;NULL;NULL;NULL;NULL;NULL;NULL;NULL;NULL;-0.1521;-0.1551;0.1601;316.9402;358.0951;2.2681;-0.1516;-0.1593;0.1537;316.9378;358.1487;2.4289;0;NULL;-0.1516;-0.1593;0.1537;316.9378;358.1487;2.4289;ControllerBody;NULL;NULL;NULL;1.9085;NULL;NULL;NULL;NULL;NULL;NULL;NULL;NULL;NULL;0.0351;-0.0617;0.5254;356.4579;359.1423;1.8859;0.0381;-0.0641;0.5180;356.4231;359.2322;1.7179;1;NULL;0.0381;-0.0641;0.5180;356.4231;359.2322;1.7179;ControllerBody;2.2179;d1f27ab1-5740-4e66-96c0-219f0d3d48cd;NULL;NULL;NULL;NULL;NULL;NULL;NULL;NULL;LineBisection;0.0000;2026-05-18 10:10:48.4926;Controllers;NULL;20;OpenXR
NULL;Right;NULL;NULL;Post;NULL;NoMitigation;NULL;NULL;NULL;NULL;NULL;NULL;NULL;NULL;NULL;NULL;None;anonymous;NULL;Game Finished;GameEvent;2993;6df10942-1bd9-444b-9e92-3f4361c07db4;NULL;0.0073;-0.0061;-0.0546;0.8611;357.1003;359.9810;NULL;NULL;NULL;NULL;NULL;NULL;NULL;NULL;NULL;-0.1521;-0.1551;0.1601;316.9402;358.0951;2.2681;-0.1516;-0.1593;0.1537;316.9378;358.1487;2.4289;0;NULL;-0.1516;-0.1593;0.1537;316.9378;358.1487;2.4289;ControllerBody;NULL;NULL;NULL;NULL;NULL;NULL;NULL;NULL;NULL;NULL;NULL;NULL;NULL;0.0351;-0.0617;0.5254;356.4579;359.1423;1.8859;0.0381;-0.0641;0.5180;356.4231;359.2322;1.7179;1;NULL;0.0381;-0.0641;0.5180;356.4231;359.2322;1.7179;ControllerBody;NULL;d1f27ab1-5740-4e66-96c0-219f0d3d48cd;NULL;NULL;NULL;NULL;NULL;NULL;NULL;NULL;LineBisection;0.0000;2026-05-18 10:10:48.4952;Controllers;NULL;NULL;OpenXR
NULL;Right;NULL;NULL;Post;NULL;NoMitigation;NULL;NULL;NULL;NULL;NULL;NULL;NULL;NULL;NULL;NULL;None;anonymous;NULL;Experiment Completed;GameEvent;2993;6df10942-1bd9-444b-9e92-3f4361c07db4;NULL;0.0073;-0.0061;-0.0546;0.8611;357.1003;359.9810;NULL;NULL;NULL;NULL;NULL;NULL;NULL;NULL;NULL;-0.1521;-0.1551;0.1601;316.9402;358.0951;2.2681;-0.1516;-0.1593;0.1537;316.9378;358.1487;2.4289;0;NULL;-0.1516;-0.1593;0.1537;316.9378;358.1487;2.4289;ControllerBody;NULL;NULL;NULL;NULL;NULL;NULL;NULL;NULL;NULL;NULL;NULL;NULL;NULL;0.0351;-0.0617;0.5254;356.4579;359.1423;1.8859;0.0381;-0.0641;0.5180;356.4231;359.2322;1.7179;1;NULL;0.0381;-0.0641;0.5180;356.4231;359.2322;1.7179;ControllerBody;NULL;d1f27ab1-5740-4e66-96c0-219f0d3d48cd;NULL;NULL;NULL;NULL;NULL;NULL;NULL;NULL;LineBisection;0.0000;2026-05-18 10:10:48.4977;Controllers;NULL;NULL;OpenXR
