ActiveHand;AttemptIndex;BlockType;ConfirmDown;ConfirmMitigationMode;EffectMode;Email;Event;Framecount;HandDwellProgress01;HeadCameraPosWorldX;HeadCameraPosWorldY;HeadCameraPosWorldZ;HeadCameraRotEulerX;HeadCameraRotEulerY;HeadCameraRotEulerZ;HmdPosX;HmdPosY;HmdPosZ;HmdRotW;HmdRotX;HmdRotY;HmdRotZ;IsHandPointing;LeftControllerLaserPosWorldX;LeftControllerLaserPosWorldY;LeftControllerLaserPosWorldZ;LeftControllerLaserRotEulerX;LeftControllerLaserRotEulerY;LeftControllerLaserRotEulerZ;LeftControllerPosWorldX;LeftControllerPosWorldY;LeftControllerPosWorldZ;LeftControllerRotEulerX;LeftControllerRotEulerY;LeftControllerRotEulerZ;LeftControllerTrigger;LeftMovementAnchorPosWorldX;LeftMovementAnchorPosWorldY;LeftMovementAnchorPosWorldZ;LeftMovementAnchorRotEulerX;LeftMovementAnchorRotEulerY;LeftMovementAnchorRotEulerZ;LeftMovementAnchorSource;PointerForwardX;PointerForwardY;PointerForwardZ;PointerOriginX;PointerOriginY;PointerOriginZ;PointerRotationW;PointerRotationX;PointerRotationY;PointerRotationZ;RightControllerLaserPosWorldX;RightControllerLaserPosWorldY;RightControllerLaserPosWorldZ;RightControllerLaserRotEulerX;RightControllerLaserRotEulerY;RightControllerLaserRotEulerZ;RightControllerPosWorldX;RightControllerPosWorldY;RightControllerPosWorldZ;RightControllerRotEulerX;RightControllerRotEulerY;RightControllerRotEulerZ;RightControllerTrigger;RightMovementAnchorPosWorldX;RightMovementAnchorPosWorldY;RightMovementAnchorPosWorldZ;RightMovementAnchorRotEulerX;RightMovementAnchorRotEulerY;RightMovementAnchorRotEulerZ;RightMovementAnchorSource;SessionID;TargetIndex;TaskMode;Timestamp;TrackingMode;TrialIndex;XRBackend
Left;;Baseline;0;NoMitigation;None;anonymous;Sample;-1;0.0000;0.0000;0.3614;-0.5530;0.0000;0.0000;0.0000;0.0000;0.3614;-0.5530;1.0000;0.0000;0.0000;0.0000;0;;;;;;;;;;;;;0;;;;;;;;0.0000;0.0000;1.0000;0.0000;0.0000;0.0000;1.0000;0.0000;0.0000;0.0000;;;;;;;;;;;;;0;;;;;;;;b974454d-ae33-4d16-9737-e66469f616ef;;OpenLoop;2026-05-18 09:44:47.4180;Hands;1;OpenXR
Left;;Baseline;0;NoMitigation;None;anonymous;Sample;3;0.0000;0.0000;-1.0000;-0.5530;0.0000;0.0000;0.0000;0.0000;-1.0000;-0.5530;1.0000;0.0000;0.0000;0.0000;0;;;;;;;;;;;;;0;;;;;;;;0.0000;0.0000;1.0000;0.0000;0.0000;0.0000;1.0000;0.0000;0.0000;0.0000;;;;;;;;;;;;;0;;;;;;;;b974454d-ae33-4d16-9737-e66469f616ef;;OpenLoop;2026-05-18 09:44:49.3874;Hands;1;OpenXR
Left;;Baseline;0;NoMitigation;None;anonymous;Sample;4;0.0000;0.0000;-1.0000;-0.5530;0.0000;0.0000;0.0000;0.0000;-1.0000;-0.5530;1.0000;0.0000;0.0000;0.0000;0;;;;;;;;;;;;;0;;;;;;;;0.0000;0.0000;1.0000;0.0000;0.0000;0.0000;1.0000;0.0000;0.0000;0.0000;;;;;;;;;;;;;0;;;;;;;;b974454d-ae33-4d16-9737-e66469f616ef;;OpenLoop;2026-05-18 09:44:49.4325;Hands;1;OpenXR
Left;;Baseline;0;NoMitigation;None;anonymous;Sample;6;0.0000;0.0000;-1.0000;-0.5530;0.0000;0.0000;0.0000;0.0000;-1.0000;-0.5530;1.0000;0.0000;0.0000;0.0000;0;;;;;;;;;;;;;0;;;;;;;;0.0000;0.0000;1.0000;0.0000;0.0000;0.0000;1.0000;0.0000;0.0000;0.0000;;;;;;;;;;;;;0;;;;;;;;b974454d-ae33-4d16-9737-e66469f616ef;;OpenLoop;2026-05-18 09:44:49.4569;Hands;1;OpenXR
Left;;Baseline;0;NoMitigation;None;anonymous;Sample;8;0.0000;0.0000;-1.0000;-0.5530;0.0000;0.0000;0.0000;0.0000;-1.0000;-0.5530;1.0000;0.0000;0.0000;0.0000;0;;;;;;;;;;;;;0;;;;;;;;0.0000;0.0000;1.0000;0.0000;0.0000;0.0000;1.0000;0.0000;0.0000;0.0000;;;;;;;;;;;;;0;;;;;;;;b974454d-ae33-4d16-9737-e66469f616ef;;OpenLoop;2026-05-18 09:44:49.4812;Hands;1;OpenXR
Left;;Baseline;0;NoMitigation;None;anonymous;Sample;10;0.0000;0.0000;-1.0000;-0.5530;0.0000;0.0000;0.0000;0.0000;-1.0000;-0.5530;1.0000;0.0000;0.0000;0.0000;0;;;;;;;;;;;;;0;;;;;;;;0.0000;0.0000;1.0000;0.0000;0.0000;0.0000;1.0000;0.0000;0.0000;0.0000;;;;;;;;;;;;;0;;;;;;;;b974454d-ae33-4d16-9737-e66469f616ef;;OpenLoop;2026-05-18 09:44:49.5040;Hands;1;OpenXR
Left;;Baseline;0;NoMitigation;None;anonymous;Sample;13;0.0000;0.0000;-1.0000;-0.5530;0.0000;0.0000;0.0000;0.0000;-1.0000;-0.5530;1.0000;0.0000;0.0000;0.0000;0;;;;;;;;;;;;;0;;;;;;;;0.0000;0.0000;1.0000;0.0000;0.0000;0.0000;1.0000;0.0000;0.0000;0.0000;;;;;;;;;;;;;0;;;;;;;;b974454d-ae33-4d16-9737-e66469f616ef;;OpenLoop;2026-05-18 09:44:49.5374;Hands;1;OpenXR
Left;;Baseline;0;NoMitigation;None;anonymous;Sample;16;0.0000;0.0000;-1.0000;-0.5530;0.0000;0.0000;0.0000;0.0000;-1.0000;-0.5530;1.0000;0.0000;0.0000;0.0000;0;;;;;;;;;;;;;0;;;;;;;;0.0000;0.0000;1.0000;0.0000;0.0000;0.0000;1.0000;0.0000;0.0000;0.0000;;;;;;;;;;;;;0;;;;;;;;b974454d-ae33-4d16-9737-e66469f616ef;;OpenLoop;2026-05-18 09:44:49.5709;Hands;1;OpenXR
Left;;Baseline;0;NoMitigation;None;anonymous;Sample;19;0.0000;0.0000;-1.0000;-0.5530;0.0000;0.0000;0.0000;0.0000;-1.0000;-0.5530;1.0000;0.0000;0.0000;0.0000;0;;;;;;;;;;;;;0;;;;;;;;0.0000;0.0000;1.0000;0.0000;0.0000;0.0000;1.0000;0.0000;0.0000;0.0000;;;;;;;;;;;;;0;;;;;;;;b974454d-ae33-4d16-9737-e66469f616ef;;OpenLoop;2026-05-18 09:44:49.6043;Hands;1;OpenXR
Left;;Baseline;0;NoMitigation;None;anonymous;Sample;22;0.0000;0.0000;-1.0000;-0.5530;0.0000;0.0000;0.0000;0.0000;-1.0000;-0.5530;1.0000;0.0000;0.0000;0.0000;0;;;;;;;;;;;;;0;;;;;;;;0.0000;0.0000;1.0000;0.0000;0.0000;0.0000;1.0000;0.0000;0.0000;0.0000;;;;;;;;;;;;;0;;;;;;;;b974454d-ae33-4d16-9737-e66469f616ef;;OpenLoop;2026-05-18 09:44:49.6369;Hands;1;OpenXR
Left;;Baseline;0;NoMitigation;None;anonymous;Sample;25;0.0000;0.0000;-1.0000;-0.5530;0.0000;0.0000;0.0000;0.0000;-1.0000;-0.5530;1.0000;0.0000;0.0000;0.0000;0;;;;;;;;;;;;;0;;;;;;;;0.0000;0.0000;1.0000;0.0000;0.0000;0.0000;1.0000;0.0000;0.0000;0.0000;;;;;;;;;;;;;0;;;;;;;;b974454d-ae33-4d16-9737-e66469f616ef;;OpenLoop;2026-05-18 09:44:49.6699;Hands;1;OpenXR
Left;;Baseline;0;NoMitigation;None;anonymous;Sample;28;0.0000;0.0000;-1.0000;-0.5530;0.0000;0.0000;0.0000;0.0000;-1.0000;-0.5530;1.0000;0.0000;0.0000;0.0000;0;;;;;;;;;;;;;0;;;;;;;;0.0000;0.0000;1.0000;0.0000;0.0000;0.0000;1.0000;0.0000;0.0000;0.0000;;;;;;;;;;;;;0;;;;;;;;b974454d-ae33-4d16-9737-e66469f616ef;;OpenLoop;2026-05-18 09:44:49.7039;Hands;1;OpenXR
Left;;Baseline;0;NoMitigation;None;anonymous;Sample;31;0.0000;0.0000;-1.0000;-0.5530;0.0000;0.0000;0.0000;0.0000;-1.0000;-0.5530;1.0000;0.0000;0.0000;0.0000;0;;;;;;;;;;;;;0;;;;;;;;0.0000;0.0000;1.0000;0.0000;0.0000;0.0000;1.0000;0.0000;0.0000;0.0000;;;;;;;;;;;;;0;;;;;;;;b974454d-ae33-4d16-9737-e66469f616ef;;OpenLoop;2026-05-18 09:44:49.7377;Hands;1;OpenXR
Left;;Baseline;0;NoMitigation;None;anonymous;Sample;34;0.0000;0.0000;-1.0000;-0.5530;0.0000;0.0000;0.0000;0.0000;-1.0000;-0.5530;1.0000;0.0000;0.0000;0.0000;0;;;;;;;;;;;;;0;;;;;;;;0.0000;0.0000;1.0000;0.0000;0.0000;0.0000;1.0000;0.0000;0.0000;0.0000;;;;;;;;;;;;;0;;;;;;;;b974454d-ae33-4d16-9737-e66469f616ef;;OpenLoop;2026-05-18 09:44:49.7697;Hands;1;OpenXR
Left;;Baseline;0;NoMitigation;None;anonymous;Sample;36;0.0000;0.0000;-1.0000;-0.5530;0.0000;0.0000;0.0000;0.0000;-1.0000;-0.5530;1.0000;0.0000;0.0000;0.0000;0;;;;;;;;;;;;;0;;;;;;;;0.0000;0.0000;1.0000;0.0000;0.0000;0.0000;1.0000;0.0000;0.0000;0.0000;;;;;;;;;;;;;0;;;;;;;;b974454d-ae33-4d16-9737-e66469f616ef;;OpenLoop;2026-05-18 09:44:49.7905;Hands;1;OpenXR
Left;;Baseline;0;NoMitigation;None;anonymous;Sample;38;0.0000;0.0000;-1.0000;-0.5530;0.0000;0.0000;0.0000;0.0000;-1.0000;-0.5530;1.0000;0.0000;0.0000;0.0000;0;;;;;;;;;;;;;0;;;;;;;;0.0000;0.0000;1.0000;0.0000;0.0000;0.0000;1.0000;0.0000;0.0000;0.0000;;;;;;;;;;;;;0;;;;;;;;b974454d-ae33-4d16-9737-e66469f616ef;;OpenLoop;2026-05-18 09:44:49.8144;Hands;1;OpenXR
Left;;Baseline;0;NoMitigation;None;anonymous;Sample;40;0.0000;0.0000;-1.0000;-0.5530;0.0000;0.0000;0.0000;0.0000;-1.0000;-0.5530;1.0000;0.0000;0.0000;0.0000;0;;;;;;;;;;;;;0;;;;;;;;0.0000;0.0000;1.0000;0.0000;0.0000;0.0000;1.0000;0.0000;0.0000;0.0000;;;;;;;;;;;;;0;;;;;;;;b974454d-ae33-4d16-9737-e66469f616ef;;OpenLoop;2026-05-18 09:44:49.8388;Hands;1;OpenXR
Left;;Baseline;0;NoMitigation;None;anonymous;Sample;42;0.0000;0.0000;-1.0000;-0.5530;0.0000;0.0000;0.0000;0.0000;-1.0000;-0.5530;1.0000;0.0000;0.0000;0.0000;0;;;;;;;;;;;;;0;;;;;;;;0.0000;0.0000;1.0000;0.0000;0.0000;0.0000;1.0000;0.0000;0.0000;0.0000;;;;;;;;;;;;;0;;;;;;;;b974454d-ae33-4d16-9737-e66469f616ef;;OpenLoop;2026-05-18 09:44:49.8613;Hands;1;OpenXR
Left;;Baseline;0;NoMitigation;None;anonymous;Sample;45;0.0000;0.0000;-1.0000;-0.5530;0.0000;0.0000;0.0000;0.0000;-1.0000;-0.5530;1.0000;0.0000;0.0000;0.0000;0;;;;;;;;;;;;;0;;;;;;;;0.0000;0.0000;1.0000;0.0000;0.0000;0.0000;1.0000;0.0000;0.0000;0.0000;;;;;;;;;;;;;0;;;;;;;;b974454d-ae33-4d16-9737-e66469f616ef;;OpenLoop;2026-05-18 09:44:49.8957;Hands;1;OpenXR
Left;;Baseline;0;NoMitigation;None;anonymous;Sample;47;0.0000;0.0000;-1.0000;-0.5530;0.0000;0.0000;0.0000;0.0000;-1.0000;-0.5530;1.0000;0.0000;0.0000;0.0000;0;;;;;;;;;;;;;0;;;;;;;;0.0000;0.0000;1.0000;0.0000;0.0000;0.0000;1.0000;0.0000;0.0000;0.0000;;;;;;;;;;;;;0;;;;;;;;b974454d-ae33-4d16-9737-e66469f616ef;;OpenLoop;2026-05-18 09:44:49.9204;Hands;1;OpenXR
Left;;Baseline;0;NoMitigation;None;anonymous;Sample;50;0.0000;0.0000;-1.0000;-0.5530;0.0000;0.0000;0.0000;0.0000;-1.0000;-0.5530;1.0000;0.0000;0.0000;0.0000;0;;;;;;;;;;;;;0;;;;;;;;0.0000;0.0000;1.0000;0.0000;0.0000;0.0000;1.0000;0.0000;0.0000;0.0000;;;;;;;;;;;;;0;;;;;;;;b974454d-ae33-4d16-9737-e66469f616ef;;OpenLoop;2026-05-18 09:44:49.9544;Hands;1;OpenXR
Left;;Baseline;0;NoMitigation;None;anonymous;Sample;52;0.0000;0.0000;-1.0000;-0.5530;0.0000;0.0000;0.0000;0.0000;-1.0000;-0.5530;1.0000;0.0000;0.0000;0.0000;0;;;;;;;;;;;;;0;;;;;;;;0.0000;0.0000;1.0000;0.0000;0.0000;0.0000;1.0000;0.0000;0.0000;0.0000;;;;;;;;;;;;;0;;;;;;;;b974454d-ae33-4d16-9737-e66469f616ef;;OpenLoop;2026-05-18 09:44:49.9787;Hands;1;OpenXR
Left;;Baseline;0;NoMitigation;None;anonymous;Sample;55;0.0000;0.0000;-1.0000;-0.5530;0.0000;0.0000;0.0000;0.0000;-1.0000;-0.5530;1.0000;0.0000;0.0000;0.0000;0;;;;;;;;;;;;;0;;;;;;;;0.0000;0.0000;1.0000;0.0000;0.0000;0.0000;1.0000;0.0000;0.0000;0.0000;;;;;;;;;;;;;0;;;;;;;;b974454d-ae33-4d16-9737-e66469f616ef;;OpenLoop;2026-05-18 09:44:50.0112;Hands;1;OpenXR
Left;;Baseline;0;NoMitigation;None;anonymous;Sample;57;0.0000;0.0000;-1.0000;-0.5530;0.0000;0.0000;0.0000;0.0000;-1.0000;-0.5530;1.0000;0.0000;0.0000;0.0000;0;;;;;;;;;;;;;0;;;;;;;;0.0000;0.0000;1.0000;0.0000;0.0000;0.0000;1.0000;0.0000;0.0000;0.0000;;;;;;;;;;;;;0;;;;;;;;b974454d-ae33-4d16-9737-e66469f616ef;;OpenLoop;2026-05-18 09:44:50.0315;Hands;1;OpenXR
Left;;Baseline;0;NoMitigation;None;anonymous;Sample;59;0.0000;0.0000;-1.0000;-0.5530;0.0000;0.0000;0.0000;0.0000;-1.0000;-0.5530;1.0000;0.0000;0.0000;0.0000;0;;;;;;;;;;;;;0;;;;;;;;0.0000;0.0000;1.0000;0.0000;0.0000;0.0000;1.0000;0.0000;0.0000;0.0000;;;;;;;;;;;;;0;;;;;;;;b974454d-ae33-4d16-9737-e66469f616ef;;OpenLoop;2026-05-18 09:44:50.0557;Hands;1;OpenXR
Left;;Baseline;0;NoMitigation;None;anonymous;Sample;61;0.0000;0.0000;-1.0000;-0.5530;0.0000;0.0000;0.0000;0.0000;-1.0000;-0.5530;1.0000;0.0000;0.0000;0.0000;0;;;;;;;;;;;;;0;;;;;;;;0.0000;0.0000;1.0000;0.0000;0.0000;0.0000;1.0000;0.0000;0.0000;0.0000;;;;;;;;;;;;;0;;;;;;;;b974454d-ae33-4d16-9737-e66469f616ef;;OpenLoop;2026-05-18 09:44:50.0805;Hands;1;OpenXR
Left;;Baseline;0;NoMitigation;None;anonymous;Sample;63;0.0000;-0.0308;0.9095;-0.5458;7.7929;6.1237;0.0109;-0.0308;0.9095;-0.5458;0.9963;0.0679;0.0533;-0.0035;0;;;;;;;;;;;;;0;;;;;;;;0.0000;0.0000;1.0000;0.0000;0.0000;0.0000;1.0000;0.0000;0.0000;0.0000;;;;;;;;;;;;;0;;;;;;;;b974454d-ae33-4d16-9737-e66469f616ef;;OpenLoop;2026-05-18 09:44:50.1161;Hands;1;OpenXR
Left;;Baseline;0;NoMitigation;None;anonymous;Sample;65;0.0000;-0.0300;0.9094;-0.5455;9.1497;6.5466;359.8439;-0.0300;0.9094;-0.5455;0.9952;0.0796;0.0570;-0.0059;0;;;;;;;;;;;;;0;;;;;;;;0.0000;0.0000;1.0000;0.0000;0.0000;0.0000;1.0000;0.0000;0.0000;0.0000;;;;;;;;;;;;;0;;;;;;;;b974454d-ae33-4d16-9737-e66469f616ef;;OpenLoop;2026-05-18 09:44:50.1440;Hands;1;OpenXR
Left;;Baseline;0;NoMitigation;None;anonymous;Sample;68;0.0000;-0.0297;0.9109;-0.5443;10.6746;6.8117;359.5505;-0.0297;0.9109;-0.5443;0.9939;0.0926;0.0595;-0.0094;0;;;;;;;;;;;;;0;;;;;;;;0.0000;0.0000;1.0000;0.0000;0.0000;0.0000;1.0000;0.0000;0.0000;0.0000;;;;;;;;;;;;;0;;;;;;;;b974454d-ae33-4d16-9737-e66469f616ef;;OpenLoop;2026-05-18 09:44:50.1689;Hands;1;OpenXR
Left;;Baseline;0;NoMitigation;None;anonymous;Sample;70;0.0000;-0.0320;0.9123;-0.5433;9.4915;5.1050;358.5399;-0.0320;0.9123;-0.5433;0.9955;0.0821;0.0454;-0.0164;0;;;;;;;;;;;;;0;;;;;;;;0.0000;0.0000;1.0000;0.0000;0.0000;0.0000;1.0000;0.0000;0.0000;0.0000;;;;;;;;;;;;;0;;;;;;;;b974454d-ae33-4d16-9737-e66469f616ef;;OpenLoop;2026-05-18 09:44:50.1947;Hands;1;OpenXR
Left;;Baseline;0;NoMitigation;None;anonymous;Sample;72;0.0000;-0.0318;0.9124;-0.5432;9.2859;4.3975;358.5520;-0.0318;0.9124;-0.5432;0.9959;0.0804;0.0393;-0.0157;0;;;;;;;;;;;;;0;;;;;;;;0.0000;0.0000;1.0000;0.0000;0.0000;0.0000;1.0000;0.0000;0.0000;0.0000;;;;;;;;;;;;;0;;;;;;;;b974454d-ae33-4d16-9737-e66469f616ef;;OpenLoop;2026-05-18 09:44:50.2195;Hands;1;OpenXR
Left;;Baseline;0;NoMitigation;None;anonymous;Sample;74;0.0000;-0.0321;0.9117;-0.5441;10.3720;4.6918;358.3329;-0.0321;0.9117;-0.5441;0.9949;0.0897;0.0421;-0.0182;0;;;;;;;;;;;;;0;;;;;;;;0.0000;0.0000;1.0000;0.0000;0.0000;0.0000;1.0000;0.0000;0.0000;0.0000;;;;;;;;;;;;;0;;;;;;;;b974454d-ae33-4d16-9737-e66469f616ef;;OpenLoop;2026-05-18 09:44:50.2454;Hands;1;OpenXR
Left;;Baseline;0;NoMitigation;None;anonymous;Sample;76;0.0000;-0.0321;0.9118;-0.5438;10.9771;4.2025;358.2803;-0.0321;0.9118;-0.5438;0.9946;0.0950;0.0379;-0.0184;0;;;;;;;;;;;;;0;;;;;;;;0.0000;0.0000;1.0000;0.0000;0.0000;0.0000;1.0000;0.0000;0.0000;0.0000;;;;;;;;;;;;;0;;;;;;;;b974454d-ae33-4d16-9737-e66469f616ef;;OpenLoop;2026-05-18 09:44:50.2706;Hands;1;OpenXR
Left;;Baseline;0;NoMitigation;None;anonymous;Sample;79;0.0000;-0.0301;0.9120;-0.5431;11.9044;4.3064;359.3879;-0.0301;0.9120;-0.5431;0.9939;0.1034;0.0379;-0.0092;0;;;;;;;;;;;;;0;;;;;;;;0.0000;0.0000;1.0000;0.0000;0.0000;0.0000;1.0000;0.0000;0.0000;0.0000;;;;;;;;;;;;;0;;;;;;;;b974454d-ae33-4d16-9737-e66469f616ef;;OpenLoop;2026-05-18 09:44:50.3047;Hands;1;OpenXR
Left;;Baseline;0;NoMitigation;None;anonymous;Sample;81;0.0000;-0.0311;0.9119;-0.5423;12.4205;4.9324;359.6407;-0.0311;0.9119;-0.5423;0.9932;0.1079;0.0431;-0.0078;0;;;;;;;;;;;;;0;;;;;;;;0.0000;0.0000;1.0000;0.0000;0.0000;0.0000;1.0000;0.0000;0.0000;0.0000;;;;;;;;;;;;;0;;;;;;;;b974454d-ae33-4d16-9737-e66469f616ef;;OpenLoop;2026-05-18 09:44:50.3302;Hands;1;OpenXR
Left;;Baseline;0;NoMitigation;None;anonymous;Sample;83;0.0000;-0.0314;0.9135;-0.5407;12.4561;5.0197;359.7076;-0.0314;0.9135;-0.5407;0.9931;0.1083;0.0438;-0.0073;0;;;;;;;;;;;;;0;;;;;;;;0.0000;0.0000;1.0000;0.0000;0.0000;0.0000;1.0000;0.0000;0.0000;0.0000;;;;;;;;;;;;;0;;;;;;;;b974454d-ae33-4d16-9737-e66469f616ef;;OpenLoop;2026-05-18 09:44:50.3545;Hands;1;OpenXR
Left;;Baseline;0;NoMitigation;None;anonymous;Sample;85;0.0000;0.0000;0.0000;0.0000;13.0084;0.0000;0.0267;0.0000;0.0000;0.0000;0.9936;0.1133;0.0000;0.0002;0;;;;;;;;;;;;;0;;;;;;;;0.0000;0.0000;1.0000;0.0000;0.0000;0.0000;1.0000;0.0000;0.0000;0.0000;;;;;;;;;;;;;0;;;;;;;;b974454d-ae33-4d16-9737-e66469f616ef;;OpenLoop;2026-05-18 09:44:50.3820;Hands;1;OpenXR
Left;;Baseline;0;NoMitigation;None;anonymous;Sample;88;0.0000;-0.0008;0.0007;-0.0001;13.5983;359.7705;359.7627;-0.0008;0.0007;-0.0001;0.9930;0.1184;-0.0017;-0.0018;0;;;;;;;;;;;;;0;;;;;;;;0.0000;0.0000;1.0000;0.0000;0.0000;0.0000;1.0000;0.0000;0.0000;0.0000;;;;;;;;;;;;;0;;;;;;;;b974454d-ae33-4d16-9737-e66469f616ef;;OpenLoop;2026-05-18 09:44:50.4129;Hands;1;OpenXR
Left;;Baseline;0;NoMitigation;None;anonymous;Sample;90;0.0000;-0.0017;0.0001;-0.0012;14.1991;359.5612;359.2762;-0.0017;0.0001;-0.0012;0.9923;0.1236;-0.0030;-0.0058;0;;;;;;;;;;;;;0;;;;;;;;0.0000;0.0000;1.0000;0.0000;0.0000;0.0000;1.0000;0.0000;0.0000;0.0000;;;;;;;;;;;;;0;;;;;;;;b974454d-ae33-4d16-9737-e66469f616ef;;OpenLoop;2026-05-18 09:44:50.4475;Hands;1;OpenXR
Left;;Baseline;0;NoMitigation;None;anonymous;Sample;92;0.0000;-0.0022;-0.0013;-0.0027;15.0116;359.6181;358.6397;-0.0022;-0.0013;-0.0027;0.9914;0.1307;-0.0018;-0.0113;0;;;;;;;;;;;;;0;;;;;;;;0.0000;0.0000;1.0000;0.0000;0.0000;0.0000;1.0000;0.0000;0.0000;0.0000;;;;;;;;;;;;;0;;;;;;;;b974454d-ae33-4d16-9737-e66469f616ef;;OpenLoop;2026-05-18 09:44:50.4709;Hands;1;OpenXR
Left;;Baseline;0;NoMitigation;None;anonymous;Sample;94;0.0000;-0.0013;-0.0016;-0.0020;14.8880;0.0070;358.6719;-0.0013;-0.0016;-0.0020;0.9915;0.1295;0.0016;-0.0115;0;;;;;;;;;;;;;0;;;;;;;;0.0000;0.0000;1.0000;0.0000;0.0000;0.0000;1.0000;0.0000;0.0000;0.0000;;;;;;;;;;;;;0;;;;;;;;b974454d-ae33-4d16-9737-e66469f616ef;;OpenLoop;2026-05-18 09:44:50.4967;Hands;1;OpenXR
Left;;Baseline;0;NoMitigation;None;anonymous;Sample;96;0.0000;-0.0025;-0.0010;-0.0017;14.7083;359.9083;358.8975;-0.0025;-0.0010;-0.0017;0.9917;0.1280;0.0004;-0.0094;0;;;;;;;;;;;;;0;;;;;;;;0.0000;0.0000;1.0000;0.0000;0.0000;0.0000;1.0000;0.0000;0.0000;0.0000;;;;;;;;;;;;;0;;;;;;;;b974454d-ae33-4d16-9737-e66469f616ef;;OpenLoop;2026-05-18 09:44:50.5221;Hands;1;OpenXR
Left;;Baseline;0;NoMitigation;None;anonymous;Sample;98;0.0000;-0.0028;-0.0010;-0.0017;14.5195;359.8129;359.1307;-0.0028;-0.0010;-0.0017;0.9920;0.1264;-0.0007;-0.0073;0;;;;;;;;;;;;;0;;;;;;;;0.0000;0.0000;1.0000;0.0000;0.0000;0.0000;1.0000;0.0000;0.0000;0.0000;;;;;;;;;;;;;0;;;;;;;;b974454d-ae33-4d16-9737-e66469f616ef;;OpenLoop;2026-05-18 09:44:50.5465;Hands;1;OpenXR
Left;;Baseline;0;NoMitigation;None;anonymous;Sample;100;0.0000;-0.0032;-0.0007;-0.0019;14.2910;359.9067;359.0807;-0.0032;-0.0007;-0.0019;0.9922;0.1244;0.0002;-0.0079;0;;;;;;;;;;;;;0;;;;;;;;0.0000;0.0000;1.0000;0.0000;0.0000;0.0000;1.0000;0.0000;0.0000;0.0000;;;;;;;;;;;;;0;;;;;;;;b974454d-ae33-4d16-9737-e66469f616ef;;OpenLoop;2026-05-18 09:44:50.5713;Hands;1;OpenXR
Left;;Baseline;0;NoMitigation;None;anonymous;Sample;102;0.0000;-0.0028;-0.0013;-0.0028;14.2623;0.3507;359.0003;-0.0028;-0.0013;-0.0028;0.9922;0.1241;0.0041;-0.0090;0;;;;;;;;;;;;;0;;;;;;;;0.0000;0.0000;1.0000;0.0000;0.0000;0.0000;1.0000;0.0000;0.0000;0.0000;;;;;;;;;;;;;0;;;;;;;;b974454d-ae33-4d16-9737-e66469f616ef;;OpenLoop;2026-05-18 09:44:50.5967;Hands;1;OpenXR
Left;;Baseline;0;NoMitigation;None;anonymous;Sample;104;0.0000;-0.0032;-0.0030;-0.0048;13.8665;0.4720;358.8415;-0.0032;-0.0030;-0.0048;0.9926;0.1207;0.0053;-0.0105;0;;;;;;;;;;;;;0;;;;;;;;0.0000;0.0000;1.0000;0.0000;0.0000;0.0000;1.0000;0.0000;0.0000;0.0000;;;;;;;;;;;;;0;;;;;;;;b974454d-ae33-4d16-9737-e66469f616ef;;OpenLoop;2026-05-18 09:44:50.6210;Hands;1;OpenXR
Left;;Baseline;0;NoMitigation;None;anonymous;Sample;106;0.0000;-0.0039;-0.0044;-0.0070;13.5048;0.3850;358.5500;-0.0039;-0.0044;-0.0070;0.9930;0.1175;0.0048;-0.0130;0;;;;;;;;;;;;;0;;;;;;;;0.0000;0.0000;1.0000;0.0000;0.0000;0.0000;1.0000;0.0000;0.0000;0.0000;;;;;;;;;;;;;0;;;;;;;;b974454d-ae33-4d16-9737-e66469f616ef;;OpenLoop;2026-05-18 09:44:50.6465;Hands;1;OpenXR
Left;;Baseline;0;NoMitigation;None;anonymous;Sample;108;0.0000;-0.0038;-0.0040;-0.0074;13.0903;0.1878;358.4928;-0.0038;-0.0040;-0.0074;0.9934;0.1140;0.0031;-0.0133;0;;;;;;;;;;;;;0;;;;;;;;0.0000;0.0000;1.0000;0.0000;0.0000;0.0000;1.0000;0.0000;0.0000;0.0000;;;;;;;;;;;;;0;;;;;;;;b974454d-ae33-4d16-9737-e66469f616ef;;OpenLoop;2026-05-18 09:44:50.6715;Hands;1;OpenXR
Left;;Baseline;0;NoMitigation;None;anonymous;Sample;110;0.0000;-0.0043;-0.0029;-0.0074;12.2914;0.2703;358.7521;-0.0043;-0.0029;-0.0074;0.9942;0.1070;0.0035;-0.0111;0;;;;;;;;;;;;;0;;;;;;;;0.0000;0.0000;1.0000;0.0000;0.0000;0.0000;1.0000;0.0000;0.0000;0.0000;;;;;;;;;;;;;0;;;;;;;;b974454d-ae33-4d16-9737-e66469f616ef;;OpenLoop;2026-05-18 09:44:50.6953;Hands;1;OpenXR
Left;;Baseline;0;NoMitigation;None;anonymous;Sample;112;0.0000;-0.0040;-0.0033;-0.0080;11.6505;0.2336;359.2544;-0.0040;-0.0033;-0.0080;0.9948;0.1015;0.0027;-0.0067;0;;;;;;;;;;;;;0;;;;;;;;0.0000;0.0000;1.0000;0.0000;0.0000;0.0000;1.0000;0.0000;0.0000;0.0000;;;;;;;;;;;;;0;;;;;;;;b974454d-ae33-4d16-9737-e66469f616ef;;OpenLoop;2026-05-18 09:44:50.7200;Hands;1;OpenXR
Left;;Baseline;0;NoMitigation;None;anonymous;Sample;114;0.0000;-0.0041;-0.0036;-0.0092;11.6692;0.4045;359.6435;-0.0041;-0.0036;-0.0092;0.9948;0.1016;0.0038;-0.0035;0;;;;;;;;;;;;;0;;;;;;;;0.0000;0.0000;1.0000;0.0000;0.0000;0.0000;1.0000;0.0000;0.0000;0.0000;;;;;;;;;;;;;0;;;;;;;;b974454d-ae33-4d16-9737-e66469f616ef;;OpenLoop;2026-05-18 09:44:50.7460;Hands;1;OpenXR
Left;;Baseline;0;NoMitigation;None;anonymous;Sample;116;0.0000;-0.0047;-0.0028;-0.0096;11.8347;0.3552;359.5366;-0.0047;-0.0028;-0.0096;0.9947;0.1031;0.0035;-0.0043;0;;;;;;;;;;;;;0;;;;;;;;0.0000;0.0000;1.0000;0.0000;0.0000;0.0000;1.0000;0.0000;0.0000;0.0000;;;;;;;;;;;;;0;;;;;;;;b974454d-ae33-4d16-9737-e66469f616ef;;OpenLoop;2026-05-18 09:44:50.7718;Hands;1;OpenXR
Left;;Baseline;0;NoMitigation;None;anonymous;Sample;118;0.0000;-0.0053;-0.0034;-0.0097;11.2441;0.0235;359.3228;-0.0053;-0.0034;-0.0097;0.9952;0.0980;0.0008;-0.0059;0;;;;;;;;;;;;;0;;;;;;;;0.0000;0.0000;1.0000;0.0000;0.0000;0.0000;1.0000;0.0000;0.0000;0.0000;;;;;;;;;;;;;0;;;;;;;;b974454d-ae33-4d16-9737-e66469f616ef;;OpenLoop;2026-05-18 09:44:50.7967;Hands;1;OpenXR
Left;;Baseline;0;NoMitigation;None;anonymous;Sample;120;0.0000;-0.0055;-0.0035;-0.0098;10.3680;359.6961;359.3966;-0.0055;-0.0035;-0.0098;0.9959;0.0904;-0.0022;-0.0050;0;;;;;;;;;;;;;0;;;;;;;;0.0000;0.0000;1.0000;0.0000;0.0000;0.0000;1.0000;0.0000;0.0000;0.0000;;;;;;;;;;;;;0;;;;;;;;b974454d-ae33-4d16-9737-e66469f616ef;;OpenLoop;2026-05-18 09:44:50.8220;Hands;1;OpenXR
Left;;Baseline;0;NoMitigation;None;anonymous;Sample;122;0.0000;-0.0059;-0.0037;-0.0089;9.6977;359.7095;359.5550;-0.0059;-0.0037;-0.0089;0.9964;0.0845;-0.0022;-0.0037;0;;;;;;;;;;;;;0;;;;;;;;0.0000;0.0000;1.0000;0.0000;0.0000;0.0000;1.0000;0.0000;0.0000;0.0000;;;;;;;;;;;;;0;;;;;;;;b974454d-ae33-4d16-9737-e66469f616ef;;OpenLoop;2026-05-18 09:44:50.8474;Hands;1;OpenXR
Left;;Baseline;0;NoMitigation;None;anonymous;Sample;124;0.0000;-0.0056;-0.0030;-0.0084;9.5340;359.8455;358.9715;-0.0056;-0.0030;-0.0084;0.9965;0.0831;-0.0006;-0.0088;0;;;;;;;;;;;;;0;;;;;;;;0.0000;0.0000;1.0000;0.0000;0.0000;0.0000;1.0000;0.0000;0.0000;0.0000;;;;;;;;;;;;;0;;;;;;;;b974454d-ae33-4d16-9737-e66469f616ef;;OpenLoop;2026-05-18 09:44:50.8803;Hands;1;OpenXR
Left;;Baseline;0;NoMitigation;None;anonymous;Sample;126;0.0000;-0.0050;-0.0034;-0.0085;9.8965;359.8490;359.0223;-0.0050;-0.0034;-0.0085;0.9962;0.0863;-0.0006;-0.0084;0;;;;;;;;;;;;;0;;;;;;;;0.0000;0.0000;1.0000;0.0000;0.0000;0.0000;1.0000;0.0000;0.0000;0.0000;;;;;;;;;;;;;0;;;;;;;;b974454d-ae33-4d16-9737-e66469f616ef;;OpenLoop;2026-05-18 09:44:50.9045;Hands;1;OpenXR
Left;;Baseline;0;NoMitigation;None;anonymous;Sample;128;0.0000;-0.0046;-0.0041;-0.0088;10.3414;0.2038;359.1711;-0.0046;-0.0041;-0.0088;0.9959;0.0901;0.0024;-0.0074;0;;;;;;;;;;;;;0;;;;;;;;0.0000;0.0000;1.0000;0.0000;0.0000;0.0000;1.0000;0.0000;0.0000;0.0000;;;;;;;;;;;;;0;;;;;;;;b974454d-ae33-4d16-9737-e66469f616ef;;OpenLoop;2026-05-18 09:44:50.9309;Hands;1;OpenXR
Left;;Baseline;0;NoMitigation;None;anonymous;Sample;130;0.0000;-0.0042;-0.0056;-0.0091;10.7898;0.5227;359.3148;-0.0042;-0.0056;-0.0091;0.9955;0.0940;0.0051;-0.0064;0;;;;;;;;;;;;;0;;;;;;;;0.0000;0.0000;1.0000;0.0000;0.0000;0.0000;1.0000;0.0000;0.0000;0.0000;;;;;;;;;;;;;0;;;;;;;;b974454d-ae33-4d16-9737-e66469f616ef;;OpenLoop;2026-05-18 09:44:50.9552;Hands;1;OpenXR
Left;;Baseline;0;NoMitigation;None;anonymous;Sample;132;0.0000;-0.0040;-0.0065;-0.0090;11.2389;0.4215;359.3685;-0.0040;-0.0065;-0.0090;0.9952;0.0979;0.0042;-0.0058;0;;;;;;;;;;;;;0;;;;;;;;0.0000;0.0000;1.0000;0.0000;0.0000;0.0000;1.0000;0.0000;0.0000;0.0000;;;;;;;;;;;;;0;;;;;;;;b974454d-ae33-4d16-9737-e66469f616ef;;OpenLoop;2026-05-18 09:44:50.9806;Hands;1;OpenXR
Left;;Baseline;0;NoMitigation;None;anonymous;Sample;134;0.0000;-0.0038;-0.0073;-0.0081;11.2881;0.0527;359.6978;-0.0038;-0.0073;-0.0081;0.9951;0.0983;0.0007;-0.0027;0;;;;;;;;;;;;;0;;;;;;;;0.0000;0.0000;1.0000;0.0000;0.0000;0.0000;1.0000;0.0000;0.0000;0.0000;;;;;;;;;;;;;0;;;;;;;;b974454d-ae33-4d16-9737-e66469f616ef;;OpenLoop;2026-05-18 09:44:51.0046;Hands;1;OpenXR
Left;;Baseline;0;NoMitigation;None;anonymous;Sample;136;0.0000;-0.0044;-0.0074;-0.0054;9.9037;359.5240;359.8460;-0.0044;-0.0074;-0.0054;0.9963;0.0863;-0.0040;-0.0010;0;;;;;;;;;;;;;0;;;;;;;;0.0000;0.0000;1.0000;0.0000;0.0000;0.0000;1.0000;0.0000;0.0000;0.0000;;;;;;;;;;;;;0;;;;;;;;b974454d-ae33-4d16-9737-e66469f616ef;;OpenLoop;2026-05-18 09:44:51.0291;Hands;1;OpenXR
Left;;Baseline;0;NoMitigation;None;anonymous;Sample;138;0.0000;-0.0051;-0.0060;-0.0045;8.8396;358.8216;358.9117;-0.0051;-0.0060;-0.0045;0.9969;0.0772;-0.0095;-0.0087;0;;;;;;;;;;;;;0;;;;;;;;0.0000;0.0000;1.0000;0.0000;0.0000;0.0000;1.0000;0.0000;0.0000;0.0000;;;;;;;;;;;;;0;;;;;;;;b974454d-ae33-4d16-9737-e66469f616ef;;OpenLoop;2026-05-18 09:44:51.0622;Hands;1;OpenXR
Left;;Baseline;0;NoMitigation;None;anonymous;Sample;140;0.0000;-0.0049;-0.0080;-0.0054;9.3276;358.4595;358.8616;-0.0049;-0.0080;-0.0054;0.9966;0.0814;-0.0126;-0.0088;0;;;;;;;;;;;;;0;;;;;;;;0.0000;0.0000;1.0000;0.0000;0.0000;0.0000;1.0000;0.0000;0.0000;0.0000;;;;;;;;;;;;;0;;;;;;;;b974454d-ae33-4d16-9737-e66469f616ef;;OpenLoop;2026-05-18 09:44:51.0869;Hands;1;OpenXR
Left;;Baseline;0;NoMitigation;None;anonymous;Sample;142;0.0000;-0.0046;-0.0086;-0.0062;10.8510;358.7525;358.8904;-0.0046;-0.0086;-0.0062;0.9954;0.0946;-0.0099;-0.0086;0;;;;;;;;;;;;;0;;;;;;;;0.0000;0.0000;1.0000;0.0000;0.0000;0.0000;1.0000;0.0000;0.0000;0.0000;;;;;;;;;;;;;0;;;;;;;;b974454d-ae33-4d16-9737-e66469f616ef;;OpenLoop;2026-05-18 09:44:51.1117;Hands;1;OpenXR
Left;;Baseline;0;NoMitigation;None;anonymous;Sample;144;0.0000;-0.0040;-0.0102;-0.0064;11.7574;359.4562;359.2864;-0.0040;-0.0102;-0.0064;0.9947;0.1024;-0.0041;-0.0057;0;;;;;;;;;;;;;0;;;;;;;;0.0000;0.0000;1.0000;0.0000;0.0000;0.0000;1.0000;0.0000;0.0000;0.0000;;;;;;;;;;;;;0;;;;;;;;b974454d-ae33-4d16-9737-e66469f616ef;;OpenLoop;2026-05-18 09:44:51.1373;Hands;1;OpenXR
Left;;Baseline;0;NoMitigation;None;anonymous;Sample;146;0.0000;-0.0034;-0.0099;-0.0060;11.9593;0.0500;359.9541;-0.0034;-0.0099;-0.0060;0.9946;0.1042;0.0005;-0.0004;0;;;;;;;;;;;;;0;;;;;;;;0.0000;0.0000;1.0000;0.0000;0.0000;0.0000;1.0000;0.0000;0.0000;0.0000;;;;;;;;;;;;;0;;;;;;;;b974454d-ae33-4d16-9737-e66469f616ef;;OpenLoop;2026-05-18 09:44:51.1617;Hands;1;OpenXR
Left;;Baseline;0;NoMitigation;None;anonymous;Sample;148;0.0000;-0.0035;-0.0095;-0.0057;11.8545;0.4046;0.2026;-0.0035;-0.0095;-0.0057;0.9946;0.1033;0.0033;0.0014;0;;;;;;;;;;;;;0;;;;;;;;0.0000;0.0000;1.0000;0.0000;0.0000;0.0000;1.0000;0.0000;0.0000;0.0000;;;;;;;;;;;;;0;;;;;;;;b974454d-ae33-4d16-9737-e66469f616ef;;OpenLoop;2026-05-18 09:44:51.1943;Hands;1;OpenXR
Left;;Baseline;0;NoMitigation;None;anonymous;Sample;150;0.0000;-0.0034;-0.0095;-0.0055;11.8646;0.4432;0.5070;-0.0034;-0.0095;-0.0055;0.9946;0.1034;0.0034;0.0040;0;;;;;;;;;;;;;0;;;;;;;;0.0000;0.0000;1.0000;0.0000;0.0000;0.0000;1.0000;0.0000;0.0000;0.0000;;;;;;;;;;;;;0;;;;;;;;b974454d-ae33-4d16-9737-e66469f616ef;;OpenLoop;2026-05-18 09:44:51.2272;Hands;1;OpenXR
Left;;Baseline;0;NoMitigation;None;anonymous;Sample;152;0.0000;-0.0044;-0.0074;-0.0044;11.2662;0.0887;0.4585;-0.0044;-0.0074;-0.0044;0.9952;0.0982;0.0004;0.0039;0;;;;;;;;;;;;;0;;;;;;;;0.0000;0.0000;1.0000;0.0000;0.0000;0.0000;1.0000;0.0000;0.0000;0.0000;;;;;;;;;;;;;0;;;;;;;;b974454d-ae33-4d16-9737-e66469f616ef;;OpenLoop;2026-05-18 09:44:51.2617;Hands;1;OpenXR
Left;;Baseline;0;NoMitigation;None;anonymous;Sample;155;0.0000;-0.0050;-0.0063;-0.0044;10.2916;359.6468;359.7240;-0.0050;-0.0063;-0.0044;0.9960;0.0897;-0.0029;-0.0021;0;;;;;;;;;;;;;0;;;;;;;;0.0000;0.0000;1.0000;0.0000;0.0000;0.0000;1.0000;0.0000;0.0000;0.0000;;;;;;;;;;;;;0;;;;;;;;b974454d-ae33-4d16-9737-e66469f616ef;;OpenLoop;2026-05-18 09:44:51.2952;Hands;1;OpenXR
Left;;Baseline;0;NoMitigation;None;anonymous;Sample;157;0.0000;-0.0047;-0.0054;-0.0038;9.3981;359.8251;358.9481;-0.0047;-0.0054;-0.0038;0.9966;0.0819;-0.0008;-0.0090;0;;;;;;;;;;;;;0;;;;;;;;0.0000;0.0000;1.0000;0.0000;0.0000;0.0000;1.0000;0.0000;0.0000;0.0000;;;;;;;;;;;;;0;;;;;;;;b974454d-ae33-4d16-9737-e66469f616ef;;OpenLoop;2026-05-18 09:44:51.3201;Hands;1;OpenXR
Left;;Baseline;0;NoMitigation;None;anonymous;Sample;159;0.0000;-0.0037;-0.0039;-0.0038;8.8140;359.8838;359.0222;-0.0037;-0.0039;-0.0038;0.9970;0.0768;-0.0004;-0.0084;0;;;;;;;;;;;;;0;;;;;;;;0.0000;0.0000;1.0000;0.0000;0.0000;0.0000;1.0000;0.0000;0.0000;0.0000;;;;;;;;;;;;;0;;;;;;;;b974454d-ae33-4d16-9737-e66469f616ef;;OpenLoop;2026-05-18 09:44:51.3444;Hands;1;OpenXR
Left;;Baseline;0;NoMitigation;None;anonymous;Sample;161;0.0000;-0.0039;-0.0040;-0.0042;8.8962;0.0280;359.4464;-0.0039;-0.0040;-0.0042;0.9970;0.0776;0.0006;-0.0048;0;;;;;;;;;;;;;0;;;;;;;;0.0000;0.0000;1.0000;0.0000;0.0000;0.0000;1.0000;0.0000;0.0000;0.0000;;;;;;;;;;;;;0;;;;;;;;b974454d-ae33-4d16-9737-e66469f616ef;;OpenLoop;2026-05-18 09:44:51.3774;Hands;1;OpenXR
Left;;Baseline;0;NoMitigation;None;anonymous;Sample;163;0.0000;-0.0035;-0.0038;-0.0042;8.9991;359.9563;359.7930;-0.0035;-0.0038;-0.0042;0.9969;0.0785;-0.0002;-0.0018;0;;;;;;;;;;;;;0;;;;;;;;0.0000;0.0000;1.0000;0.0000;0.0000;0.0000;1.0000;0.0000;0.0000;0.0000;;;;;;;;;;;;;0;;;;;;;;b974454d-ae33-4d16-9737-e66469f616ef;;OpenLoop;2026-05-18 09:44:51.4032;Hands;1;OpenXR
Left;;Baseline;0;NoMitigation;None;anonymous;Sample;165;0.0000;-0.0030;-0.0034;-0.0041;8.6770;359.8042;359.4995;-0.0030;-0.0034;-0.0041;0.9971;0.0757;-0.0014;-0.0042;0;;;;;;;;;;;;;0;;;;;;;;0.0000;0.0000;1.0000;0.0000;0.0000;0.0000;1.0000;0.0000;0.0000;0.0000;;;;;;;;;;;;;0;;;;;;;;b974454d-ae33-4d16-9737-e66469f616ef;;OpenLoop;2026-05-18 09:44:51.4284;Hands;1;OpenXR
Left;;Baseline;0;NoMitigation;None;anonymous;Sample;167;0.0000;-0.0027;-0.0025;-0.0041;8.2595;359.6934;358.8549;-0.0027;-0.0025;-0.0041;0.9974;0.0720;-0.0019;-0.0098;0;;;;;;;;;;;;;0;;;;;;;;0.0000;0.0000;1.0000;0.0000;0.0000;0.0000;1.0000;0.0000;0.0000;0.0000;;;;;;;;;;;;;0;;;;;;;;b974454d-ae33-4d16-9737-e66469f616ef;;OpenLoop;2026-05-18 09:44:51.4608;Hands;1;OpenXR
Left;;Baseline;0;NoMitigation;None;anonymous;Sample;169;0.0000;-0.0026;-0.0018;-0.0046;7.6605;359.4305;358.7601;-0.0026;-0.0018;-0.0046;0.9977;0.0668;-0.0042;-0.0105;0;;;;;;;;;;;;;0;;;;;;;;0.0000;0.0000;1.0000;0.0000;0.0000;0.0000;1.0000;0.0000;0.0000;0.0000;;;;;;;;;;;;;0;;;;;;;;b974454d-ae33-4d16-9737-e66469f616ef;;OpenLoop;2026-05-18 09:44:51.4856;Hands;1;OpenXR
Left;;Baseline;0;NoMitigation;None;anonymous;Sample;171;0.0000;-0.0031;-0.0004;-0.0056;6.9261;359.1300;358.4552;-0.0031;-0.0004;-0.0056;0.9981;0.0605;-0.0068;-0.0130;0;;;;;;;;;;;;;0;;;;;;;;0.0000;0.0000;1.0000;0.0000;0.0000;0.0000;1.0000;0.0000;0.0000;0.0000;;;;;;;;;;;;;0;;;;;;;;b974454d-ae33-4d16-9737-e66469f616ef;;OpenLoop;2026-05-18 09:44:51.5100;Hands;1;OpenXR
Left;;Baseline;0;NoMitigation;None;anonymous;Sample;173;0.0000;-0.0038;0.0008;-0.0066;6.3784;359.0994;358.6571;-0.0038;0.0008;-0.0066;0.9984;0.0557;-0.0072;-0.0113;0;;;;;;;;;;;;;0;;;;;;;;0.0000;0.0000;1.0000;0.0000;0.0000;0.0000;1.0000;0.0000;0.0000;0.0000;;;;;;;;;;;;;0;;;;;;;;b974454d-ae33-4d16-9737-e66469f616ef;;OpenLoop;2026-05-18 09:44:51.5440;Hands;1;OpenXR
Left;;Baseline;0;NoMitigation;None;anonymous;Sample;175;0.0000;-0.0048;0.0016;-0.0080;6.0888;359.0883;358.7900;-0.0048;0.0016;-0.0080;0.9985;0.0532;-0.0074;-0.0101;0;;;;;;;;;;;;;0;;;;;;;;0.0000;0.0000;1.0000;0.0000;0.0000;0.0000;1.0000;0.0000;0.0000;0.0000;;;;;;;;;;;;;0;;;;;;;;b974454d-ae33-4d16-9737-e66469f616ef;;OpenLoop;2026-05-18 09:44:51.5694;Hands;1;OpenXR
Left;;Baseline;0;NoMitigation;None;anonymous;Sample;177;0.0000;-0.0067;0.0014;-0.0104;5.8830;358.9406;359.2384;-0.0067;0.0014;-0.0104;0.9986;0.0514;-0.0089;-0.0062;0;;;;;;;;;;;;;0;;;;;;;;0.0000;0.0000;1.0000;0.0000;0.0000;0.0000;1.0000;0.0000;0.0000;0.0000;;;;;;;;;;;;;0;;;;;;;;b974454d-ae33-4d16-9737-e66469f616ef;;OpenLoop;2026-05-18 09:44:51.6019;Hands;1;OpenXR
Left;;Baseline;0;NoMitigation;None;anonymous;Sample;179;0.0000;-0.0085;0.0017;-0.0125;6.1840;358.7556;359.6434;-0.0085;0.0017;-0.0125;0.9985;0.0540;-0.0107;-0.0025;0;;;;;;;;;;;;;0;;;;;;;;0.0000;0.0000;1.0000;0.0000;0.0000;0.0000;1.0000;0.0000;0.0000;0.0000;;;;;;;;;;;;;0;;;;;;;;b974454d-ae33-4d16-9737-e66469f616ef;;OpenLoop;2026-05-18 09:44:51.6273;Hands;1;OpenXR
Left;;Baseline;0;NoMitigation;None;anonymous;Sample;181;0.0000;-0.0110;0.0015;-0.0151;6.2628;358.3963;0.0776;-0.0110;0.0015;-0.0151;0.9984;0.0546;-0.0140;0.0014;0;;;;;;;;;;;;;0;;;;;;;;0.0000;0.0000;1.0000;0.0000;0.0000;0.0000;1.0000;0.0000;0.0000;0.0000;;;;;;;;;;;;;0;;;;;;;;b974454d-ae33-4d16-9737-e66469f616ef;;OpenLoop;2026-05-18 09:44:51.6524;Hands;1;OpenXR
Left;;Baseline;0;NoMitigation;None;anonymous;Sample;183;0.0000;-0.0133;0.0011;-0.0174;6.4862;357.9839;0.1826;-0.0133;0.0011;-0.0174;0.9982;0.0565;-0.0177;0.0026;0;;;;;;;;;;;;;0;-0.0703;-0.1650;0.1035;293.6085;62.5514;7.0736;Palm;0.4567;-0.8812;0.1223;-0.0015;-0.1593;0.1110;0.6808;0.4073;0.5224;-0.3126;;;;;;;;;;;;;0;;;;;;;;b974454d-ae33-4d16-9737-e66469f616ef;;OpenLoop;2026-05-18 09:44:51.6971;Hands;1;OpenXR
Left;;Baseline;0;NoMitigation;None;anonymous;Sample;185;0.0000;-0.0156;0.0013;-0.0205;6.8856;357.5343;0.6338;-0.0156;0.0013;-0.0205;0.9979;0.0599;-0.0218;0.0068;0;;;;;;;;;;;;;0;-0.0703;-0.1650;0.1035;293.6085;62.5514;7.0736;Palm;0.4567;-0.8812;0.1223;-0.0015;-0.1593;0.1110;0.6808;0.4073;0.5224;-0.3126;;;;;;;;;;;;;0;;;;;;;;b974454d-ae33-4d16-9737-e66469f616ef;;OpenLoop;2026-05-18 09:44:51.7187;Hands;1;OpenXR
Left;;Baseline;0;NoMitigation;None;anonymous;Sample;187;0.0086;-0.0172;0.0012;-0.0222;6.7200;357.1774;0.9116;-0.0172;0.0012;-0.0222;0.9979;0.0584;-0.0251;0.0094;1;;;;;;;;;;;;;0;-0.0634;-0.1558;0.1294;292.3449;53.5924;13.7766;Palm;0.7882;-0.4755;0.3907;0.0047;-0.1267;0.1335;0.8238;0.2084;0.5111;-0.1293;;;;;;;;;;;;;0;;;;;;;;b974454d-ae33-4d16-9737-e66469f616ef;;OpenLoop;2026-05-18 09:44:51.7438;Hands;1;OpenXR
Left;;Baseline;0;NoMitigation;None;anonymous;Sample;189;0.0249;-0.0194;0.0006;-0.0253;6.8872;356.7863;0.7141;-0.0194;0.0006;-0.0253;0.9978;0.0599;-0.0284;0.0079;1;;;;;;;;;;;;;0;-0.0445;-0.1524;0.2280;303.7856;23.3732;29.5239;Palm;0.7175;-0.0387;0.6955;0.0058;-0.1016;0.2137;0.9207;0.0178;0.3898;-0.0075;;;;;;;;;;;;;0;;;;;;;;b974454d-ae33-4d16-9737-e66469f616ef;;OpenLoop;2026-05-18 09:44:51.7769;Hands;1;OpenXR
Left;;Baseline;0;NoMitigation;None;anonymous;Sample;191;0.0371;-0.0205;0.0011;-0.0273;7.1703;356.5585;0.6554;-0.0205;0.0011;-0.0273;0.9976;0.0623;-0.0303;0.0076;1;;;;;;;;;;;;;0;-0.0340;-0.1503;0.2750;307.3233;17.8060;31.0829;Palm;0.5461;0.1816;0.8178;0.0061;-0.0897;0.2780;0.9530;-0.0872;0.2890;0.0265;;;;;;;;;;;;;0;;;;;;;;b974454d-ae33-4d16-9737-e66469f616ef;;OpenLoop;2026-05-18 09:44:51.8003;Hands;1;OpenXR
Left;;Baseline;0;NoMitigation;None;anonymous;Sample;193;0.0538;-0.0211;0.0012;-0.0293;6.5715;356.2279;1.3172;-0.0211;0.0012;-0.0293;0.9977;0.0569;-0.0335;0.0134;1;;;;;;;;;;;;;0;-0.0458;-0.1445;0.3068;317.3249;13.9633;29.3124;Palm;0.3498;0.2752;0.8955;-0.0018;-0.0870;0.3397;0.9732;-0.1365;0.1833;0.0257;;;;;;;;;;;;;0;;;;;;;;b974454d-ae33-4d16-9737-e66469f616ef;;OpenLoop;2026-05-18 09:44:51.8343;Hands;1;OpenXR
Left;;Baseline;0;NoMitigation;None;anonymous;Sample;195;0.0662;-0.0218;0.0006;-0.0315;6.5118;356.1729;1.2883;-0.0218;0.0006;-0.0315;0.9977;0.0564;-0.0340;0.0131;1;;;;;;;;;;;;;0;-0.0496;-0.1337;0.3228;317.8237;10.7467;29.3932;Palm;0.2456;0.3064;0.9197;-0.0081;-0.0825;0.3751;0.9795;-0.1538;0.1286;0.0202;;;;;;;;;;;;;0;;;;;;;;b974454d-ae33-4d16-9737-e66469f616ef;;OpenLoop;2026-05-18 09:44:51.8588;Hands;1;OpenXR
Left;;Baseline;0;NoMitigation;None;anonymous;Sample;197;0.0828;-0.0224;0.0004;-0.0345;7.3507;356.3461;1.0519;-0.0224;0.0004;-0.0345;0.9974;0.0638;-0.0324;0.0112;1;;;;;;;;;;;;;0;-0.0514;-0.1130;0.3315;312.9146;8.5686;28.5750;Palm;0.1684;0.3943;0.9034;-0.0140;-0.0636;0.3970;0.9754;-0.2004;0.0901;0.0185;;;;;;;;;;;;;0;;;;;;;;b974454d-ae33-4d16-9737-e66469f616ef;;OpenLoop;2026-05-18 09:44:51.8927;Hands;1;OpenXR
Left;;Baseline;0;NoMitigation;None;anonymous;Sample;199;0.0954;-0.0224;0.0009;-0.0359;7.4340;356.2614;1.7186;-0.0224;0.0009;-0.0359;0.9972;0.0643;-0.0335;0.0171;1;;;;;;;;;;;;;0;-0.0505;-0.1036;0.3426;311.8122;8.5782;27.2597;Palm;0.1339;0.4593;0.8781;-0.0158;-0.0485;0.4095;0.9689;-0.2356;0.0735;0.0179;;;;;;;;;;;;;0;;;;;;;;b974454d-ae33-4d16-9737-e66469f616ef;;OpenLoop;2026-05-18 09:44:51.9176;Hands;1;OpenXR
Left;;Baseline;0;NoMitigation;None;anonymous;Sample;201;0.1118;-0.0226;0.0014;-0.0375;6.5882;356.0148;1.9487;-0.0226;0.0014;-0.0375;0.9976;0.0568;-0.0357;0.0190;1;;;;;;;;;;;;;0;-0.0473;-0.1165;0.3663;313.0710;10.0300;22.6308;Palm;0.1284;0.4637;0.8767;-0.0139;-0.0488;0.4299;0.9685;-0.2381;0.0706;0.0173;;;;;;;;;;;;;0;;;;;;;;b974454d-ae33-4d16-9737-e66469f616ef;;OpenLoop;2026-05-18 09:44:51.9501;Hands;1;OpenXR
Left;;Baseline;0;NoMitigation;None;anonymous;Sample;203;0.1242;-0.0227;0.0022;-0.0386;6.3489;356.0446;1.8662;-0.0227;0.0022;-0.0386;0.9977;0.0548;-0.0354;0.0182;1;;;;;;;;;;;;;0;-0.0450;-0.1261;0.3854;315.9747;10.5921;19.9711;Palm;0.1245;0.4457;0.8865;-0.0118;-0.0558;0.4495;0.9711;-0.2284;0.0678;0.0160;;;;;;;;;;;;;0;;;;;;;;b974454d-ae33-4d16-9737-e66469f616ef;;OpenLoop;2026-05-18 09:44:51.9741;Hands;1;OpenXR
Left;;Baseline;0;NoMitigation;None;anonymous;Sample;205;0.1408;-0.0230;0.0030;-0.0394;5.6526;355.7099;1.8894;-0.0230;0.0030;-0.0394;0.9979;0.0487;-0.0382;0.0183;1;;;;;;;;;;;;;0;-0.0414;-0.1458;0.4183;322.7133;10.9497;16.6436;Palm;0.1223;0.3765;0.9183;-0.0079;-0.0777;0.4825;0.9793;-0.1914;0.0649;0.0127;;;;;;;;;;;;;0;;;;;;;;b974454d-ae33-4d16-9737-e66469f616ef;;OpenLoop;2026-05-18 09:44:52.0082;Hands;1;OpenXR
Left;;Baseline;0;NoMitigation;None;anonymous;Sample;207;0.1540;-0.0231;0.0026;-0.0401;5.4956;355.3293;1.9850;-0.0231;0.0026;-0.0401;0.9978;0.0472;-0.0415;0.0192;1;;;;;;;;;;;;;0;-0.0434;-0.1535;0.4186;327.4491;11.3537;18.4074;Palm;0.1301;0.3169;0.9395;-0.0064;-0.0920;0.4967;0.9847;-0.1602;0.0678;0.0110;;;;;;;;;;;;;0;0.0958;-0.2825;0.1526;307.9082;340.3976;303.4617;Palm;b974454d-ae33-4d16-9737-e66469f616ef;;OpenLoop;2026-05-18 09:44:52.0340;Hands;1;OpenXR
Left;;Baseline;0;NoMitigation;None;anonymous;Sample;209;0.1702;-0.0233;0.0026;-0.0408;6.0604;355.0816;2.0570;-0.0233;0.0026;-0.0408;0.9975;0.0520;-0.0438;0.0202;1;;;;;;;;;;;;;0;-0.0548;-0.1569;0.4049;330.9007;10.1207;21.1986;Palm;0.1401;0.2277;0.9636;-0.0112;-0.1084;0.5015;0.9908;-0.1143;0.0716;0.0083;;;;;;;;;;;;;0;0.0961;-0.3423;0.1747;317.5959;338.1740;306.0330;Palm;b974454d-ae33-4d16-9737-e66469f616ef;;OpenLoop;2026-05-18 09:44:52.0675;Hands;1;OpenXR
Left;;Baseline;0;NoMitigation;None;anonymous;Sample;211;0.1868;-0.0233;0.0023;-0.0412;6.0754;354.7506;1.9250;-0.0233;0.0023;-0.0412;0.9974;0.0522;-0.0466;0.0192;1;;;;;;;;;;;;;0;-0.0607;-0.1587;0.3933;331.9693;10.1959;21.7061;Palm;0.1467;0.1719;0.9741;-0.0171;-0.1180;0.4971;0.9935;-0.0860;0.0744;0.0064;;;;;;;;;;;;;0;0.1008;-0.3813;0.1842;326.5717;342.3428;308.0131;Palm;b974454d-ae33-4d16-9737-e66469f616ef;;OpenLoop;2026-05-18 09:44:52.1000;Hands;1;OpenXR
Left;;Baseline;0;NoMitigation;None;anonymous;Sample;213;0.1991;-0.0231;0.0016;-0.0414;6.2545;354.6373;1.7512;-0.0231;0.0016;-0.0414;0.9973;0.0538;-0.0475;0.0178;1;;;;;;;;;;;;;0;-0.0634;-0.1617;0.3938;334.1356;9.9779;21.8880;Palm;0.1454;0.1441;0.9788;-0.0205;-0.1233;0.4958;0.9947;-0.0720;0.0735;0.0053;;;;;;;;;;;;;0;0.1035;-0.4071;0.1899;331.1494;343.7267;309.1753;Palm;b974454d-ae33-4d16-9737-e66469f616ef;;OpenLoop;2026-05-18 09:44:52.1240;Hands;1;OpenXR
Left;;Baseline;0;NoMitigation;None;anonymous;Sample;215;0.2159;-0.0228;0.0012;-0.0413;6.5157;354.7234;1.7530;-0.0228;0.0012;-0.0413;0.9972;0.0561;-0.0468;0.0179;1;;;;;;;;;;;;;0;-0.0633;-0.1645;0.3904;335.4901;9.9787;21.3932;Palm;0.1385;0.1072;0.9846;-0.0238;-0.1308;0.4940;0.9961;-0.0535;0.0697;0.0037;;;;;;;;;;;;;0;0.1117;-0.4160;0.1973;336.5010;349.0420;308.4695;Palm;b974454d-ae33-4d16-9737-e66469f616ef;;OpenLoop;2026-05-18 09:44:52.1575;Hands;1;OpenXR
Left;;Baseline;0;NoMitigation;None;anonymous;Sample;217;0.2326;-0.0226;0.0007;-0.0417;6.8019;354.6497;1.5060;-0.0226;0.0007;-0.0417;0.9970;0.0586;-0.0474;0.0159;1;;;;;;;;;;;;;0;-0.0577;-0.1715;0.3902;336.9336;10.6107;20.0627;Palm;0.1341;0.0769;0.9880;-0.0222;-0.1396;0.4931;0.9970;-0.0384;0.0673;0.0026;;;;;;;;;;;;;0;0.1117;-0.4109;0.2012;335.8438;349.2897;309.4341;Palm;b974454d-ae33-4d16-9737-e66469f616ef;;OpenLoop;2026-05-18 09:44:52.1917;Hands;1;OpenXR
Left;;Baseline;0;NoMitigation;None;anonymous;Sample;219;0.2450;-0.0224;0.0008;-0.0420;6.8078;354.6025;1.3444;-0.0224;0.0008;-0.0420;0.9970;0.0588;-0.0477;0.0145;1;;;;;;;;;;;;;0;-0.0527;-0.1823;0.3911;339.3531;10.6041;19.0047;Palm;0.1285;0.0448;0.9907;-0.0191;-0.1508;0.4938;0.9977;-0.0224;0.0644;0.0014;;;;;;;;;;;;;0;0.1099;-0.3996;0.2012;335.3042;348.7537;309.5721;Palm;b974454d-ae33-4d16-9737-e66469f616ef;;OpenLoop;2026-05-18 09:44:52.2160;Hands;1;OpenXR
Left;;Baseline;0;NoMitigation;None;anonymous;Sample;221;0.2617;-0.0221;0.0014;-0.0422;6.4406;354.6814;1.3325;-0.0221;0.0014;-0.0422;0.9972;0.0556;-0.0470;0.0142;1;;;;;;;;;;;;;0;-0.0502;-0.1884;0.3921;341.3525;10.0999;18.2836;Palm;0.1171;0.0089;0.9931;-0.0166;-0.1631;0.4953;0.9983;-0.0044;0.0586;0.0003;;;;;;;;;;;;;0;0.1062;-0.3819;0.1979;331.7560;346.8430;309.0445;Palm;b974454d-ae33-4d16-9737-e66469f616ef;;OpenLoop;2026-05-18 09:44:52.2500;Hands;1;OpenXR
Left;;Baseline;0;NoMitigation;None;anonymous;Sample;223;0.2783;-0.0217;0.0020;-0.0422;6.1686;354.8879;1.3331;-0.0217;0.0020;-0.0422;0.9975;0.0532;-0.0452;0.0140;1;;;;;;;;;;;;;0;-0.0496;-0.1887;0.3924;341.9399;9.5443;17.9334;Palm;0.1033;-0.0110;0.9946;-0.0158;-0.1694;0.4965;0.9986;0.0055;0.0517;-0.0003;;;;;;;;;;;;;0;0.1020;-0.3669;0.1941;328.7771;345.0772;308.1649;Palm;b974454d-ae33-4d16-9737-e66469f616ef;;OpenLoop;2026-05-18 09:44:52.2835;Hands;1;OpenXR
Left;;Baseline;0;NoMitigation;None;anonymous;Sample;225;0.2910;-0.0214;0.0023;-0.0422;6.0060;354.9821;1.3012;-0.0214;0.0023;-0.0422;0.9976;0.0518;-0.0443;0.0136;1;;;;;;;;;;;;;0;-0.0490;-0.1875;0.3926;342.1210;9.2420;17.6505;Palm;0.0932;-0.0180;0.9955;-0.0157;-0.1712;0.4972;0.9989;0.0090;0.0467;-0.0004;;;;;;;;;;;;;0;0.0998;-0.3618;0.1929;328.0027;344.4188;307.7646;Palm;b974454d-ae33-4d16-9737-e66469f616ef;;OpenLoop;2026-05-18 09:44:52.3078;Hands;1;OpenXR
Left;;Baseline;0;NoMitigation;None;anonymous;Sample;227;0.3074;-0.0212;0.0022;-0.0425;6.0711;355.0798;1.4663;-0.0212;0.0022;-0.0425;0.9976;0.0524;-0.0435;0.0150;1;;;;;;;;;;;;;0;-0.0472;-0.1845;0.3927;342.0117;9.0261;17.5878;Palm;0.0841;-0.0193;0.9963;-0.0150;-0.1706;0.4978;0.9991;0.0097;0.0421;-0.0004;;;;;;;;;;;;;0;0.0990;-0.3625;0.1923;328.2856;343.7765;307.7306;Palm;b974454d-ae33-4d16-9737-e66469f616ef;;OpenLoop;2026-05-18 09:44:52.3408;Hands;1;OpenXR
Left;;Baseline;0;NoMitigation;None;anonymous;Sample;229;0.3241;-0.0209;0.0020;-0.0426;6.1081;355.2738;1.5009;-0.0209;0.0020;-0.0426;0.9976;0.0527;-0.0419;0.0153;1;;;;;;;;;;;;;0;-0.0456;-0.1827;0.3929;341.8312;8.8754;17.5506;Palm;0.0769;-0.0161;0.9969;-0.0141;-0.1690;0.4982;0.9992;0.0081;0.0385;-0.0003;;;;;;;;;;;;;0;0.0978;-0.3676;0.1912;329.4892;342.9549;308.3158;Palm;b974454d-ae33-4d16-9737-e66469f616ef;;OpenLoop;2026-05-18 09:44:52.3753;Hands;1;OpenXR
Left;;Baseline;0;NoMitigation;None;anonymous;Sample;231;0.3408;-0.0206;0.0020;-0.0425;6.0326;355.4767;1.4602;-0.0206;0.0020;-0.0425;0.9977;0.0521;-0.0401;0.0148;1;;;;;;;;;;;;;0;-0.0444;-0.1810;0.3925;341.2082;8.8019;17.7509;Palm;0.0725;-0.0079;0.9973;-0.0131;-0.1666;0.4981;0.9993;0.0040;0.0363;-0.0001;;;;;;;;;;;;;0;0.0959;-0.3789;0.1905;332.8434;341.5149;311.0953;Palm;b974454d-ae33-4d16-9737-e66469f616ef;;OpenLoop;2026-05-18 09:44:52.4073;Hands;1;OpenXR
Left;;Baseline;0;NoMitigation;None;anonymous;Sample;233;0.3534;-0.0205;0.0021;-0.0425;5.9888;355.5186;1.5475;-0.0205;0.0021;-0.0425;0.9978;0.0517;-0.0397;0.0155;1;;;;;;;;;;;;;0;-0.0438;-0.1802;0.3921;340.7086;8.7402;18.0071;Palm;0.0700;0.0011;0.9975;-0.0125;-0.1645;0.4978;0.9994;-0.0005;0.0350;0.0000;;;;;;;;;;;;;0;0.0947;-0.3850;0.1906;335.0281;340.6667;313.0793;Palm;b974454d-ae33-4d16-9737-e66469f616ef;;OpenLoop;2026-05-18 09:44:52.4335;Hands;1;OpenXR
Left;;Baseline;0;NoMitigation;None;anonymous;Sample;235;0.3698;-0.0202;0.0023;-0.0424;5.9306;355.5247;1.5827;-0.0202;0.0023;-0.0424;0.9978;0.0511;-0.0397;0.0158;1;;;;;;;;;;;;;0;-0.0433;-0.1794;0.3913;340.2740;8.7974;18.1594;Palm;0.0680;0.0119;0.9976;-0.0120;-0.1624;0.4971;0.9994;-0.0060;0.0340;0.0002;;;;;;;;;;;;;0;0.0930;-0.3875;0.1904;336.4633;339.0145;316.6464;Palm;b974454d-ae33-4d16-9737-e66469f616ef;;OpenLoop;2026-05-18 09:44:52.4659;Hands;1;OpenXR
Left;;Baseline;0;NoMitigation;None;anonymous;Sample;237;0.3866;-0.0202;0.0025;-0.0424;5.8072;355.5200;1.6911;-0.0202;0.0025;-0.0424;0.9978;0.0500;-0.0398;0.0167;1;;;;;;;;;;;;;0;-0.0436;-0.1788;0.3911;339.7779;8.7473;18.0932;Palm;0.0636;0.0238;0.9977;-0.0121;-0.1605;0.4966;0.9994;-0.0119;0.0318;0.0004;;;;;;;;;;;;;0;0.0924;-0.3877;0.1899;336.6655;337.9656;318.6398;Palm;b974454d-ae33-4d16-9737-e66469f616ef;;OpenLoop;2026-05-18 09:44:52.4993;Hands;1;OpenXR
Left;;Baseline;0;NoMitigation;None;anonymous;Sample;239;0.4035;-0.0202;0.0027;-0.0424;5.7254;355.3953;1.6331;-0.0202;0.0027;-0.0424;0.9978;0.0493;-0.0408;0.0162;1;;;;;;;;;;;;;0;-0.0446;-0.1778;0.3911;339.4462;8.6025;17.9524;Palm;0.0570;0.0355;0.9977;-0.0131;-0.1588;0.4964;0.9994;-0.0178;0.0285;0.0005;;;;;;;;;;;;;0;0.0935;-0.3861;0.1898;336.5388;337.5016;319.9814;Palm;b974454d-ae33-4d16-9737-e66469f616ef;;OpenLoop;2026-05-18 09:44:52.5338;Hands;1;OpenXR
Left;;Baseline;0;NoMitigation;None;anonymous;Sample;241;0.4164;-0.0202;0.0029;-0.0424;5.4789;355.3527;1.6799;-0.0202;0.0029;-0.0424;0.9979;0.0472;-0.0412;0.0166;1;;;;;;;;;;;;;0;-0.0455;-0.1770;0.3912;339.2154;8.4891;17.8420;Palm;0.0509;0.0445;0.9977;-0.0142;-0.1573;0.4963;0.9994;-0.0222;0.0255;0.0006;;;;;;;;;;;;;0;0.0940;-0.3856;0.1897;336.6846;337.0408;321.1852;Palm;b974454d-ae33-4d16-9737-e66469f616ef;;OpenLoop;2026-05-18 09:44:52.5599;Hands;1;OpenXR
Left;;Baseline;0;NoMitigation;None;anonymous;Sample;243;0.4326;-0.0201;0.0030;-0.0426;5.4789;355.3439;1.7627;-0.0201;0.0030;-0.0426;0.9979;0.0471;-0.0413;0.0173;1;;;;;;;;;;;;;0;-0.0469;-0.1753;0.3917;338.9237;8.2654;17.7132;Palm;0.0419;0.0574;0.9975;-0.0160;-0.1551;0.4966;0.9994;-0.0287;0.0210;0.0006;;;;;;;;;;;;;0;0.0941;-0.3840;0.1893;336.4268;336.8138;321.6393;Palm;b974454d-ae33-4d16-9737-e66469f616ef;;OpenLoop;2026-05-18 09:44:52.5918;Hands;1;OpenXR
Left;;Baseline;0;NoMitigation;None;anonymous;Sample;245;0.4829;-0.0200;0.0033;-0.0426;5.2589;355.3031;1.7495;-0.0200;0.0033;-0.0426;0.9980;0.0452;-0.0416;0.0171;1;;;;;;;;;;;;;0;-0.0492;-0.1736;0.3923;338.6289;7.8603;17.7095;Palm;0.0219;0.0846;0.9962;-0.0208;-0.1505;0.4974;0.9990;-0.0423;0.0110;0.0005;;;;;;;;;;;;;0;0.0942;-0.3829;0.1894;336.0071;336.8731;321.7529;Palm;b974454d-ae33-4d16-9737-e66469f616ef;;OpenLoop;2026-05-18 09:44:52.6921;Hands;1;OpenXR
Left;;Baseline;0;NoMitigation;None;anonymous;Sample;247;0.4945;-0.0197;0.0036;-0.0428;5.0970;355.3231;1.6599;-0.0197;0.0036;-0.0428;0.9980;0.0438;-0.0414;0.0163;1;;;;;;;;;;;;;0;-0.0513;-0.1710;0.3930;337.9974;7.2809;17.5515;Palm;0.0132;0.0952;0.9954;-0.0226;-0.1485;0.4977;0.9988;-0.0477;0.0066;0.0003;;;;;;;;;;;;;0;0.0944;-0.3823;0.1887;335.3284;337.1524;321.7970;Palm;b974454d-ae33-4d16-9737-e66469f616ef;;OpenLoop;2026-05-18 09:44:52.7160;Hands;1;OpenXR
Left;;Baseline;0;NoMitigation;None;anonymous;Sample;249;0.5073;-0.0195;0.0037;-0.0428;5.0288;355.4263;1.5823;-0.0195;0.0037;-0.0428;0.9981;0.0433;-0.0405;0.0155;1;;;;;;;;;;;;;0;-0.0523;-0.1698;0.3932;337.5444;6.9061;17.3977;Palm;0.0050;0.1051;0.9944;-0.0243;-0.1465;0.4980;0.9986;-0.0526;0.0025;0.0001;;;;;;;;;;;;;0;0.0946;-0.3819;0.1885;334.9293;337.3435;321.8787;Palm;b974454d-ae33-4d16-9737-e66469f616ef;;OpenLoop;2026-05-18 09:44:52.7416;Hands;1;OpenXR
Left;;Baseline;0;NoMitigation;None;anonymous;Sample;251;0.5197;-0.0194;0.0037;-0.0428;4.9919;355.5058;1.6123;-0.0194;0.0037;-0.0428;0.9982;0.0430;-0.0398;0.0158;1;;;;;;;;;;;;;0;-0.0527;-0.1695;0.3935;337.4006;6.7303;17.2969;Palm;-0.0029;0.1140;0.9935;-0.0259;-0.1448;0.4983;0.9984;-0.0571;-0.0014;-0.0001;;;;;;;;;;;;;0;0.0946;-0.3817;0.1884;334.7776;337.4298;321.8990;Palm;b974454d-ae33-4d16-9737-e66469f616ef;;OpenLoop;2026-05-18 09:44:52.7660;Hands;1;OpenXR
Left;;Baseline;0;NoMitigation;None;anonymous;Sample;253;0.5362;-0.0191;0.0037;-0.0429;4.9822;355.6733;1.7475;-0.0191;0.0037;-0.0429;0.9982;0.0429;-0.0384;0.0169;1;;;;;;;;;;;;;0;-0.0531;-0.1694;0.3938;337.2722;6.5360;17.1466;Palm;-0.0103;0.1220;0.9925;-0.0273;-0.1436;0.4987;0.9981;-0.0611;-0.0052;-0.0003;;;;;;;;;;;;;0;0.0946;-0.3817;0.1883;334.6822;337.5183;321.9168;Palm;b974454d-ae33-4d16-9737-e66469f616ef;;OpenLoop;2026-05-18 09:44:52.7987;Hands;1;OpenXR
Left;;Baseline;0;NoMitigation;None;anonymous;Sample;255;0.5531;-0.0189;0.0037;-0.0429;4.9063;355.8198;1.7571;-0.0189;0.0037;-0.0429;0.9983;0.0422;-0.0371;0.0169;1;;;;;;;;;;;;;0;-0.0534;-0.1692;0.3936;337.1322;6.4486;17.0647;Palm;-0.0154;0.1300;0.9914;-0.0283;-0.1426;0.4987;0.9978;-0.0651;-0.0078;-0.0005;;;;;;;;;;;;;0;0.0945;-0.3819;0.1884;334.6441;337.5868;321.9753;Palm;b974454d-ae33-4d16-9737-e66469f616ef;;OpenLoop;2026-05-18 09:44:52.8332;Hands;1;OpenXR
Left;;Baseline;0;NoMitigation;None;anonymous;Sample;257;0.5697;-0.0187;0.0038;-0.0427;4.8020;355.8690;1.8121;-0.0187;0.0038;-0.0427;0.9983;0.0413;-0.0367;0.0173;1;;;;;;;;;;;;;0;-0.0534;-0.1691;0.3937;336.9750;6.3601;17.0102;Palm;-0.0186;0.1368;0.9904;-0.0288;-0.1418;0.4987;0.9976;-0.0686;-0.0094;-0.0006;;;;;;;;;;;;;0;0.0942;-0.3819;0.1884;334.5980;337.6346;322.0036;Palm;b974454d-ae33-4d16-9737-e66469f616ef;;OpenLoop;2026-05-18 09:44:52.8653;Hands;1;OpenXR
Left;;Baseline;0;NoMitigation;None;anonymous;Sample;259;0.5863;-0.0186;0.0039;-0.0428;4.8719;355.8981;1.7180;-0.0186;0.0039;-0.0428;0.9983;0.0419;-0.0364;0.0165;1;;;;;;;;;;;;;0;-0.0535;-0.1692;0.3936;336.7880;6.3189;16.8878;Palm;-0.0204;0.1430;0.9895;-0.0291;-0.1413;0.4986;0.9974;-0.0717;-0.0103;-0.0007;;;;;;;;;;;;;0;0.0943;-0.3819;0.1884;334.5434;337.7190;322.0651;Palm;b974454d-ae33-4d16-9737-e66469f616ef;;OpenLoop;2026-05-18 09:44:52.8987;Hands;1;OpenXR
Left;;Baseline;0;NoMitigation;None;anonymous;Sample;261;0.6032;-0.0184;0.0038;-0.0429;4.8792;355.9288;1.5718;-0.0184;0.0038;-0.0429;0.9983;0.0420;-0.0361;0.0152;1;;;;;;;;;;;;;0;-0.0534;-0.1697;0.3939;336.6453;6.2656;16.7649;Palm;-0.0204;0.1505;0.9884;-0.0291;-0.1408;0.4987;0.9971;-0.0755;-0.0103;-0.0008;;;;;;;;;;;;;0;0.0942;-0.3817;0.1884;334.4542;337.8094;322.1323;Palm;b974454d-ae33-4d16-9737-e66469f616ef;;OpenLoop;2026-05-18 09:44:52.9328;Hands;1;OpenXR
Left;;Baseline;0;NoMitigation;None;anonymous;Sample;263;0.6196;-0.0183;0.0036;-0.0431;4.9932;355.9476;1.5091;-0.0183;0.0036;-0.0431;0.9983;0.0431;-0.0359;0.0147;1;;;;;;;;;;;;;0;-0.0532;-0.1703;0.3943;336.5175;6.2283;16.6491;Palm;-0.0197;0.1572;0.9874;-0.0290;-0.1407;0.4989;0.9968;-0.0788;-0.0099;-0.0008;;;;;;;;;;;;;0;0.0941;-0.3815;0.1883;334.3569;337.8864;322.2137;Palm;b974454d-ae33-4d16-9737-e66469f616ef;;OpenLoop;2026-05-18 09:44:52.9658;Hands;1;OpenXR
Left;;Baseline;0;NoMitigation;None;anonymous;Sample;265;0.6364;-0.0182;0.0034;-0.0434;5.1133;356.0330;1.4454;-0.0182;0.0034;-0.0434;0.9983;0.0441;-0.0351;0.0141;1;;;;;;;;;;;;;0;-0.0530;-0.1708;0.3947;336.4583;6.2392;16.5780;Palm;-0.0185;0.1623;0.9866;-0.0287;-0.1408;0.4992;0.9966;-0.0814;-0.0093;-0.0008;;;;;;;;;;;;;0;0.0940;-0.3813;0.1881;334.2708;337.9396;322.3068;Palm;b974454d-ae33-4d16-9737-e66469f616ef;;OpenLoop;2026-05-18 09:44:52.9999;Hands;1;OpenXR
Left;;Baseline;0;NoMitigation;None;anonymous;Sample;267;0.6530;-0.0182;0.0033;-0.0438;5.1593;356.1246;1.5879;-0.0182;0.0033;-0.0438;0.9983;0.0445;-0.0344;0.0154;1;;;;;;;;;;;;;0;-0.0530;-0.1709;0.3948;336.3885;6.2848;16.4578;Palm;-0.0164;0.1668;0.9859;-0.0284;-0.1407;0.4993;0.9965;-0.0837;-0.0083;-0.0007;;;;;;;;;;;;;0;0.0939;-0.3811;0.1881;334.2475;337.9680;322.4089;Palm;b974454d-ae33-4d16-9737-e66469f616ef;;OpenLoop;2026-05-18 09:44:53.0319;Hands;1;OpenXR
Left;;Baseline;0;NoMitigation;None;anonymous;Sample;269;0.6696;-0.0182;0.0033;-0.0442;5.1472;356.2476;1.7130;-0.0182;0.0033;-0.0442;0.9983;0.0444;-0.0334;0.0164;1;;;;;;;;;;;;;0;-0.0530;-0.1710;0.3949;336.2727;6.3461;16.3677;Palm;-0.0139;0.1713;0.9851;-0.0282;-0.1405;0.4994;0.9963;-0.0860;-0.0070;-0.0006;;;;;;;;;;;;;0;0.0938;-0.3812;0.1882;334.2543;337.9596;322.6046;Palm;b974454d-ae33-4d16-9737-e66469f616ef;;OpenLoop;2026-05-18 09:44:53.0654;Hands;1;OpenXR
Left;;Baseline;0;NoMitigation;None;anonymous;Sample;271;0.6863;-0.0179;0.0036;-0.0444;4.9920;356.3122;1.9310;-0.0179;0.0036;-0.0444;0.9984;0.0430;-0.0329;0.0182;1;;;;;;;;;;;;;0;-0.0531;-0.1709;0.3952;336.1595;6.4055;16.2579;Palm;-0.0108;0.1761;0.9843;-0.0279;-0.1402;0.4995;0.9961;-0.0884;-0.0055;-0.0005;;;;;;;;;;;;;0;0.0937;-0.3812;0.1883;334.2891;337.9198;322.9364;Palm;b974454d-ae33-4d16-9737-e66469f616ef;;OpenLoop;2026-05-18 09:44:53.0995;Hands;1;OpenXR
Left;;Baseline;0;NoMitigation;None;anonymous;Sample;273;0.7030;-0.0177;0.0037;-0.0446;4.9207;356.3031;1.8614;-0.0177;0.0037;-0.0446;0.9984;0.0424;-0.0329;0.0176;1;;;;;;;;;;;;;0;-0.0531;-0.1706;0.3954;336.0703;6.4610;16.1625;Palm;-0.0081;0.1802;0.9836;-0.0277;-0.1397;0.4996;0.9959;-0.0905;-0.0041;-0.0004;;;;;;;;;;;;;0;0.0935;-0.3809;0.1889;334.3400;337.8064;323.3070;Palm;b974454d-ae33-4d16-9737-e66469f616ef;;OpenLoop;2026-05-18 09:44:53.1320;Hands;1;OpenXR
Left;;Baseline;0;NoMitigation;None;anonymous;Sample;275;0.7197;-0.0175;0.0037;-0.0448;4.9632;356.3268;1.7063;-0.0175;0.0037;-0.0448;0.9984;0.0428;-0.0327;0.0163;1;;;;;;;;;;;;;0;-0.0532;-0.1700;0.3956;336.0142;6.4992;16.1055;Palm;-0.0062;0.1831;0.9831;-0.0276;-0.1391;0.4997;0.9958;-0.0920;-0.0031;-0.0003;;;;;;;;;;;;;0;0.0934;-0.3807;0.1894;334.3621;337.7224;323.5287;Palm;b974454d-ae33-4d16-9737-e66469f616ef;;OpenLoop;2026-05-18 09:44:53.1655;Hands;1;OpenXR
Left;;Baseline;0;NoMitigation;None;anonymous;Sample;277;0.7365;-0.0171;0.0037;-0.0450;4.9081;356.3343;1.6270;-0.0171;0.0037;-0.0450;0.9985;0.0423;-0.0326;0.0155;1;;;;;;;;;;;;;0;-0.0537;-0.1685;0.3954;335.9539;6.5371;16.0652;Palm;-0.0045;0.1853;0.9827;-0.0277;-0.1380;0.4997;0.9957;-0.0931;-0.0023;-0.0002;;;;;;;;;;;;;0;0.0934;-0.3806;0.1894;334.3409;337.6682;323.6786;Palm;b974454d-ae33-4d16-9737-e66469f616ef;;OpenLoop;2026-05-18 09:44:53.1992;Hands;1;OpenXR
Left;;Baseline;0;NoMitigation;None;anonymous;Sample;279;0.7530;-0.0167;0.0036;-0.0451;4.9094;356.3094;1.5298;-0.0167;0.0036;-0.0451;0.9985;0.0424;-0.0327;0.0147;1;;;;;;;;;;;;;0;-0.0537;-0.1667;0.3951;335.9010;6.5761;16.0582;Palm;-0.0032;0.1867;0.9824;-0.0277;-0.1364;0.4995;0.9956;-0.0937;-0.0016;-0.0002;;;;;;;;;;;;;0;0.0934;-0.3805;0.1891;334.3118;337.6435;323.7395;Palm;b974454d-ae33-4d16-9737-e66469f616ef;;OpenLoop;2026-05-18 09:44:53.2331;Hands;1;OpenXR
Left;;Baseline;0;NoMitigation;None;anonymous;Sample;281;0.7697;-0.0164;0.0034;-0.0452;4.9680;356.2696;1.4117;-0.0164;0.0034;-0.0452;0.9984;0.0429;-0.0330;0.0137;1;;;;;;;;;;;;;0;-0.0536;-0.1664;0.3945;335.8972;6.6366;16.0444;Palm;-0.0021;0.1868;0.9824;-0.0277;-0.1355;0.4991;0.9956;-0.0938;-0.0010;-0.0001;;;;;;;;;;;;;0;0.0936;-0.3803;0.1887;334.2888;337.6364;323.7608;Palm;b974454d-ae33-4d16-9737-e66469f616ef;;OpenLoop;2026-05-18 09:44:53.2652;Hands;1;OpenXR
Left;;Baseline;0;NoMitigation;None;anonymous;Sample;283;0.7862;-0.0161;0.0033;-0.0452;5.0422;356.2436;1.2735;-0.0161;0.0033;-0.0452;0.9984;0.0436;-0.0332;0.0125;1;;;;;;;;;;;;;0;-0.0536;-0.1663;0.3944;335.9007;6.7156;16.0265;Palm;-0.0009;0.1860;0.9825;-0.0276;-0.1351;0.4988;0.9956;-0.0934;-0.0005;0.0000;;;;;;;;;;;;;0;0.0936;-0.3801;0.1882;334.2899;337.6541;323.7862;Palm;b974454d-ae33-4d16-9737-e66469f616ef;;OpenLoop;2026-05-18 09:44:53.2994;Hands;1;OpenXR
Left;;Baseline;0;NoMitigation;None;anonymous;Sample;285;0.8029;-0.0158;0.0032;-0.0451;5.1758;356.2333;1.2258;-0.0158;0.0032;-0.0451;0.9984;0.0448;-0.0333;0.0122;1;;;;;;;;;;;;;0;-0.0536;-0.1665;0.3945;335.9197;6.8110;15.9712;Palm;0.0002;0.1847;0.9828;-0.0275;-0.1351;0.4987;0.9957;-0.0928;0.0001;0.0000;;;;;;;;;;;;;0;0.0936;-0.3800;0.1878;334.3043;337.6827;323.8199;Palm;b974454d-ae33-4d16-9737-e66469f616ef;;OpenLoop;2026-05-18 09:44:53.3320;Hands;1;OpenXR
Left;;Baseline;0;NoMitigation;None;anonymous;Sample;287;0.8194;-0.0156;0.0030;-0.0450;5.3068;356.2519;1.1766;-0.0156;0.0030;-0.0450;0.9983;0.0459;-0.0331;0.0118;1;;;;;;;;;;;;;0;-0.0540;-0.1677;0.3949;335.9663;6.9329;15.8425;Palm;0.0013;0.1832;0.9831;-0.0275;-0.1358;0.4989;0.9958;-0.0920;0.0007;0.0001;;;;;;;;;;;;;0;0.0935;-0.3799;0.1876;334.3289;337.7216;323.8738;Palm;b974454d-ae33-4d16-9737-e66469f616ef;;OpenLoop;2026-05-18 09:44:53.3646;Hands;1;OpenXR
Left;;Baseline;0;NoMitigation;None;anonymous;Sample;289;0.8353;-0.0154;0.0029;-0.0448;5.3471;356.2794;1.1033;-0.0154;0.0029;-0.0448;0.9983;0.0463;-0.0329;0.0111;1;;;;;;;;;;;;;0;-0.0539;-0.1683;0.3949;335.9863;7.1273;15.6318;Palm;0.0029;0.1819;0.9833;-0.0274;-0.1365;0.4990;0.9958;-0.0913;0.0015;0.0001;;;;;;;;;;;;;0;0.0934;-0.3799;0.1875;334.4030;337.7322;324.0533;Palm;b974454d-ae33-4d16-9737-e66469f616ef;;OpenLoop;2026-05-18 09:44:53.3976;Hands;1;OpenXR
Left;;Baseline;0;NoMitigation;None;anonymous;Sample;291;0.8514;-0.0152;0.0029;-0.0446;5.3522;356.3541;1.1440;-0.0152;0.0029;-0.0446;0.9983;0.0463;-0.0322;0.0115;1;;;;;;;;;;;;;0;-0.0537;-0.1693;0.3952;336.0276;7.2165;15.3505;Palm;0.0038;0.1810;0.9835;-0.0272;-0.1375;0.4992;0.9959;-0.0909;0.0019;0.0002;;;;;;;;;;;;;0;0.0932;-0.3798;0.1874;334.4486;337.7053;324.1383;Palm;b974454d-ae33-4d16-9737-e66469f616ef;;OpenLoop;2026-05-18 09:44:53.4296;Hands;1;OpenXR
Left;;Baseline;0;NoMitigation;None;anonymous;Sample;293;0.8714;-0.0149;0.0028;-0.0444;5.4603;356.4382;1.1544;-0.0149;0.0028;-0.0444;0.9983;0.0473;-0.0315;0.0115;1;;;;;;;;;;;;;0;-0.0528;-0.1707;0.3950;336.1034;7.2234;15.1856;Palm;0.0038;0.1800;0.9837;-0.0266;-0.1390;0.4992;0.9959;-0.0903;0.0019;0.0002;;;;;;;;;;;;;0;0.0931;-0.3797;0.1873;334.5431;337.6964;324.1808;Palm;b974454d-ae33-4d16-9737-e66469f616ef;;OpenLoop;2026-05-18 09:44:53.4697;Hands;1;OpenXR
Left;;Baseline;0;NoMitigation;None;anonymous;Sample;295;0.8871;-0.0146;0.0028;-0.0439;5.4903;356.5029;1.0971;-0.0146;0.0028;-0.0439;0.9983;0.0476;-0.0309;0.0110;1;;;;;;;;;;;;;0;-0.0522;-0.1713;0.3951;336.1933;7.1280;15.0097;Palm;0.0030;0.1795;0.9838;-0.0261;-0.1398;0.4993;0.9959;-0.0901;0.0015;0.0001;;;;;;;;;;;;;0;0.0932;-0.3797;0.1873;334.6721;337.6826;324.1990;Palm;b974454d-ae33-4d16-9737-e66469f616ef;;OpenLoop;2026-05-18 09:44:53.5016;Hands;1;OpenXR
Left;;Baseline;0;NoMitigation;None;anonymous;Sample;297;0.9034;-0.0144;0.0027;-0.0438;5.6232;356.5165;1.0986;-0.0144;0.0027;-0.0438;0.9983;0.0487;-0.0308;0.0111;1;;;;;;;;;;;;;0;-0.0513;-0.1720;0.3948;336.3150;6.9581;14.8877;Palm;0.0012;0.1790;0.9839;-0.0256;-0.1407;0.4993;0.9960;-0.0899;0.0006;0.0001;;;;;;;;;;;;;0;0.0932;-0.3798;0.1872;334.7476;337.6617;324.2066;Palm;b974454d-ae33-4d16-9737-e66469f616ef;;OpenLoop;2026-05-18 09:44:53.5331;Hands;1;OpenXR
Left;;Baseline;0;NoMitigation;None;anonymous;Sample;299;0.9199;-0.0142;0.0025;-0.0437;5.6702;356.5352;1.0260;-0.0142;0.0025;-0.0437;0.9983;0.0492;-0.0306;0.0104;1;;;;;;;;;;;;;0;-0.0504;-0.1727;0.3943;336.4483;6.7489;14.8048;Palm;-0.0012;0.1785;0.9839;-0.0250;-0.1416;0.4991;0.9960;-0.0896;-0.0006;-0.0001;;;;;;;;;;;;;0;0.0932;-0.3799;0.1872;334.7934;337.6394;324.2075;Palm;b974454d-ae33-4d16-9737-e66469f616ef;;OpenLoop;2026-05-18 09:44:53.5668;Hands;1;OpenXR
Left;;Baseline;0;NoMitigation;None;anonymous;Sample;301;0.9365;-0.0139;0.0026;-0.0435;5.5929;356.5485;0.9868;-0.0139;0.0026;-0.0435;0.9983;0.0485;-0.0305;0.0101;1;;;;;;;;;;;;;0;-0.0492;-0.1726;0.3940;336.4642;6.7097;14.7228;Palm;-0.0024;0.1789;0.9839;-0.0240;-0.1420;0.4989;0.9960;-0.0898;-0.0012;-0.0001;;;;;;;;;;;;;0;0.0934;-0.3800;0.1873;334.7984;337.6052;324.2525;Palm;b974454d-ae33-4d16-9737-e66469f616ef;;OpenLoop;2026-05-18 09:44:53.5994;Hands;1;OpenXR
Left;;Baseline;0;NoMitigation;None;anonymous;Sample;303;0.9529;-0.0138;0.0028;-0.0432;5.5610;356.5638;0.9659;-0.0138;0.0028;-0.0432;0.9983;0.0482;-0.0304;0.0099;1;;;;;;;;;;;;;0;-0.0484;-0.1725;0.3935;336.5014;6.6966;14.6863;Palm;-0.0025;0.1793;0.9838;-0.0232;-0.1422;0.4985;0.9959;-0.0900;-0.0013;-0.0001;;;;;;;;;;;;;0;0.0937;-0.3804;0.1877;334.7921;337.5256;324.3659;Palm;b974454d-ae33-4d16-9737-e66469f616ef;;OpenLoop;2026-05-18 09:44:53.6316;Hands;1;OpenXR
Left;;Baseline;0;NoMitigation;None;anonymous;Sample;305;0.9696;-0.0136;0.0027;-0.0432;5.7157;356.6056;1.0171;-0.0136;0.0027;-0.0432;0.9983;0.0496;-0.0300;0.0103;1;;;;;;;;;;;;;0;-0.0482;-0.1723;0.3934;336.5140;6.7536;14.6427;Palm;-0.0018;0.1793;0.9838;-0.0225;-0.1422;0.4983;0.9959;-0.0900;-0.0009;-0.0001;;;;;;;;;;;;;0;0.0938;-0.3806;0.1877;334.7813;337.3810;324.5090;Palm;b974454d-ae33-4d16-9737-e66469f616ef;;OpenLoop;2026-05-18 09:44:53.6662;Hands;1;OpenXR
Left;;Baseline;0;NoMitigation;None;anonymous;Sample;307;0.9861;-0.0135;0.0026;-0.0432;5.7036;356.5995;0.9771;-0.0135;0.0026;-0.0432;0.9983;0.0495;-0.0301;0.0100;1;;;;;;;;;;;;;0;-0.0480;-0.1721;0.3933;336.5666;6.8714;14.5857;Palm;-0.0004;0.1788;0.9839;-0.0220;-0.1422;0.4981;0.9960;-0.0898;-0.0002;0.0000;;;;;;;;;;;;;0;0.0937;-0.3807;0.1877;334.7853;337.2046;324.6334;Palm;b974454d-ae33-4d16-9737-e66469f616ef;;OpenLoop;2026-05-18 09:44:53.6994;Hands;1;OpenXR
Left;;Baseline;1;NoMitigation;None;anonymous;Sample;309;1.0000;-0.0135;0.0026;-0.0429;5.5942;356.5962;0.9721;-0.0135;0.0026;-0.0429;0.9983;0.0485;-0.0301;0.0099;1;;;;;;;;;;;;;0;-0.0477;-0.1719;0.3931;336.6571;7.0968;14.5577;Palm;0.0025;0.1774;0.9841;-0.0214;-0.1422;0.4979;0.9960;-0.0890;0.0013;0.0001;;;;;;;;;;;;;0;0.0936;-0.3808;0.1878;334.8237;337.0629;324.6863;Palm;b974454d-ae33-4d16-9737-e66469f616ef;;OpenLoop;2026-05-18 09:44:53.7354;Hands;2;OpenXR
Left;;Baseline;0;NoMitigation;None;anonymous;Sample;311;1.0000;-0.0135;0.0025;-0.0431;5.7832;356.5504;1.0153;-0.0135;0.0025;-0.0431;0.9982;0.0502;-0.0305;0.0104;1;;;;;;;;;;;;;0;-0.0475;-0.1715;0.3928;336.7288;7.2580;14.6689;Palm;0.0056;0.1755;0.9845;-0.0208;-0.1421;0.4976;0.9961;-0.0881;0.0029;0.0003;;;;;;;;;;;;;0;0.0936;-0.3810;0.1879;334.8396;337.0243;324.6777;Palm;b974454d-ae33-4d16-9737-e66469f616ef;;OpenLoop;2026-05-18 09:44:53.7664;Hands;2;OpenXR
Left;;Baseline;0;NoMitigation;None;anonymous;Sample;313;1.0000;-0.0136;0.0026;-0.0428;5.7040;356.4955;0.9778;-0.0136;0.0026;-0.0428;0.9982;0.0495;-0.0310;0.0100;1;;;;;;;;;;;;;0;-0.0474;-0.1714;0.3925;336.8751;7.3056;14.8859;Palm;0.0088;0.1718;0.9851;-0.0203;-0.1422;0.4973;0.9963;-0.0862;0.0045;0.0004;;;;;;;;;;;;;0;0.0938;-0.3812;0.1879;334.8163;337.0181;324.6494;Palm;b974454d-ae33-4d16-9737-e66469f616ef;;OpenLoop;2026-05-18 09:44:53.8157;Hands;2;OpenXR
Left;;Baseline;0;NoMitigation;None;anonymous;Sample;315;1.0000;-0.0137;0.0026;-0.0429;5.7105;356.4257;1.0607;-0.0137;0.0026;-0.0429;0.9982;0.0495;-0.0316;0.0108;1;;;;;;;;;;;;;0;-0.0475;-0.1714;0.3924;337.1208;7.1941;15.2149;Palm;0.0092;0.1682;0.9857;-0.0202;-0.1424;0.4972;0.9964;-0.0844;0.0046;0.0004;;;;;;;;;;;;;0;0.0939;-0.3813;0.1878;334.7486;337.0336;324.5935;Palm;b974454d-ae33-4d16-9737-e66469f616ef;;OpenLoop;2026-05-18 09:44:53.8485;Hands;2;OpenXR
Left;;Baseline;0;NoMitigation;None;anonymous;Sample;317;1.0000;-0.0137;0.0026;-0.0430;5.7499;356.4409;1.0013;-0.0137;0.0026;-0.0430;0.9982;0.0499;-0.0315;0.0103;1;;;;;;;;;;;;;0;-0.0475;-0.1714;0.3924;337.2500;7.0800;15.4105;Palm;0.0086;0.1647;0.9863;-0.0203;-0.1427;0.4972;0.9966;-0.0826;0.0043;0.0004;;;;;;;;;;;;;0;0.0939;-0.3813;0.1878;334.7088;337.0432;324.5605;Palm;b974454d-ae33-4d16-9737-e66469f616ef;;OpenLoop;2026-05-18 09:44:53.8827;Hands;2;OpenXR
Left;;Baseline;0;NoMitigation;None;anonymous;Sample;319;1.0000;-0.0139;0.0026;-0.0429;5.7294;356.4709;0.9188;-0.0139;0.0026;-0.0429;0.9982;0.0497;-0.0312;0.0095;1;;;;;;;;;;;;;0;-0.0474;-0.1715;0.3926;337.3664;6.9862;15.5517;Palm;0.0077;0.1620;0.9868;-0.0204;-0.1430;0.4974;0.9967;-0.0813;0.0039;0.0003;;;;;;;;;;;;;0;0.0939;-0.3813;0.1877;334.6764;337.0497;324.5528;Palm;b974454d-ae33-4d16-9737-e66469f616ef;;OpenLoop;2026-05-18 09:44:53.9153;Hands;2;OpenXR
Left;;Baseline;0;NoMitigation;None;anonymous;Sample;321;1.0000;-0.0139;0.0025;-0.0429;5.7948;356.4889;0.9694;-0.0139;0.0025;-0.0429;0.9982;0.0503;-0.0310;0.0100;1;;;;;;;;;;;;;0;-0.0475;-0.1715;0.3926;337.3653;6.9611;15.5643;Palm;0.0067;0.1606;0.9870;-0.0205;-0.1431;0.4975;0.9967;-0.0806;0.0034;0.0003;;;;;;;;;;;;;0;0.0938;-0.3813;0.1877;334.6382;337.0506;324.5604;Palm;b974454d-ae33-4d16-9737-e66469f616ef;;OpenLoop;2026-05-18 09:44:53.9485;Hands;2;OpenXR
Left;;Baseline;0;NoMitigation;None;anonymous;Sample;323;1.0000;-0.0140;0.0025;-0.0428;5.8449;356.4637;0.9513;-0.0140;0.0025;-0.0428;0.9982;0.0507;-0.0312;0.0099;1;;;;;;;;;;;;;0;-0.0476;-0.1716;0.3927;337.3209;6.9796;15.5448;Palm;0.0059;0.1602;0.9871;-0.0207;-0.1433;0.4975;0.9968;-0.0804;0.0030;0.0002;;;;;;;;;;;;;0;0.0937;-0.3812;0.1876;334.5825;337.0685;324.5765;Palm;b974454d-ae33-4d16-9737-e66469f616ef;;OpenLoop;2026-05-18 09:44:53.9820;Hands;2;OpenXR
Left;;Baseline;0;NoMitigation;None;anonymous;Sample;325;1.0000;-0.0143;0.0024;-0.0428;5.8828;356.2760;0.9943;-0.0143;0.0024;-0.0428;0.9981;0.0510;-0.0329;0.0103;1;;;;;;;;;;;;;0;-0.0479;-0.1721;0.3929;337.2574;7.0091;15.4846;Palm;0.0050;0.1604;0.9870;-0.0209;-0.1435;0.4977;0.9968;-0.0805;0.0025;0.0002;;;;;;;;;;;;;0;0.0937;-0.3810;0.1875;334.5199;337.0826;324.5956;Palm;b974454d-ae33-4d16-9737-e66469f616ef;;OpenLoop;2026-05-18 09:44:54.0157;Hands;2;OpenXR
Left;;Baseline;0;NoMitigation;None;anonymous;Sample;327;1.0000;-0.0146;0.0023;-0.0427;6.0386;356.0847;1.0202;-0.0146;0.0023;-0.0427;0.9980;0.0523;-0.0346;0.0107;1;;;;;;;;;;;;;0;-0.0482;-0.1726;0.3933;337.1351;7.0729;15.3512;Palm;0.0042;0.1614;0.9869;-0.0212;-0.1439;0.4979;0.9967;-0.0810;0.0021;0.0002;;;;;;;;;;;;;0;0.0937;-0.3810;0.1874;334.4861;337.0933;324.6050;Palm;b974454d-ae33-4d16-9737-e66469f616ef;;OpenLoop;2026-05-18 09:44:54.0500;Hands;2;OpenXR
Left;;Baseline;0;NoMitigation;None;anonymous;Sample;329;1.0000;-0.0150;0.0023;-0.0426;5.9482;355.9548;0.9574;-0.0150;0.0023;-0.0426;0.9980;0.0516;-0.0357;0.0102;1;;;;;;;;;;;;;0;-0.0482;-0.1726;0.3933;336.9962;7.1500;15.2295;Palm;0.0036;0.1630;0.9866;-0.0214;-0.1439;0.4980;0.9966;-0.0818;0.0018;0.0001;;;;;;;;;;;;;0;0.0937;-0.3809;0.1874;334.4657;337.1183;324.6122;Palm;b974454d-ae33-4d16-9737-e66469f616ef;;OpenLoop;2026-05-18 09:44:54.0835;Hands;2;OpenXR
Left;;Baseline;0;NoMitigation;None;anonymous;Sample;331;1.0000;-0.0151;0.0021;-0.0424;6.0651;355.9514;1.0304;-0.0151;0.0021;-0.0424;0.9979;0.0526;-0.0357;0.0108;1;;;;;;;;;;;;;0;-0.0484;-0.1727;0.3934;336.9987;7.1782;15.1694;Palm;0.0032;0.1639;0.9865;-0.0215;-0.1440;0.4981;0.9966;-0.0822;0.0016;0.0001;;;;;;;;;;;;;0;0.0938;-0.3808;0.1875;334.4285;337.1381;324.6022;Palm;b974454d-ae33-4d16-9737-e66469f616ef;;OpenLoop;2026-05-18 09:44:54.1158;Hands;2;OpenXR
Left;;Baseline;0;NoMitigation;None;anonymous;Sample;333;1.0000;-0.0152;0.0019;-0.0425;6.2164;355.9008;1.0182;-0.0152;0.0019;-0.0425;0.9978;0.0539;-0.0362;0.0108;1;;;;;;;;;;;;;0;-0.0488;-0.1727;0.3930;337.0407;7.1910;15.1497;Palm;0.0029;0.1640;0.9865;-0.0218;-0.1441;0.4980;0.9966;-0.0823;0.0014;0.0001;;;;;;;;;;;;;0;0.0939;-0.3808;0.1874;334.4150;337.1634;324.5717;Palm;b974454d-ae33-4d16-9737-e66469f616ef;;OpenLoop;2026-05-18 09:44:54.1494;Hands;2;OpenXR
Left;;Baseline;0;NoMitigation;None;anonymous;Sample;335;1.0000;-0.0155;0.0017;-0.0424;6.2618;355.6965;0.9559;-0.0155;0.0017;-0.0424;0.9978;0.0543;-0.0379;0.0104;1;;;;;;;;;;;;;0;-0.0492;-0.1725;0.3926;337.1134;7.2040;15.1552;Palm;0.0027;0.1635;0.9865;-0.0222;-0.1441;0.4977;0.9966;-0.0820;0.0014;0.0001;;;;;;;;;;;;;0;0.0940;-0.3807;0.1873;334.4124;337.1668;324.5513;Palm;b974454d-ae33-4d16-9737-e66469f616ef;;OpenLoop;2026-05-18 09:44:54.1830;Hands;2;OpenXR
Left;;Baseline;0;NoMitigation;None;anonymous;Sample;337;1.0000;-0.0157;0.0015;-0.0423;6.3897;355.6057;0.9195;-0.0157;0.0015;-0.0423;0.9977;0.0554;-0.0387;0.0101;1;;;;;;;;;;;;;0;-0.0493;-0.1723;0.3924;337.2319;7.2116;15.2187;Palm;0.0027;0.1622;0.9868;-0.0224;-0.1441;0.4975;0.9967;-0.0814;0.0014;0.0001;;;;;;;;;;;;;0;0.0939;-0.3804;0.1871;334.4286;337.1567;324.5475;Palm;b974454d-ae33-4d16-9737-e66469f616ef;;OpenLoop;2026-05-18 09:44:54.2156;Hands;2;OpenXR
Left;;Baseline;0;NoMitigation;None;anonymous;Sample;339;1.0000;-0.0157;0.0015;-0.0424;6.4601;355.5703;0.9776;-0.0157;0.0015;-0.0424;0.9976;0.0560;-0.0391;0.0107;1;;;;;;;;;;;;;0;-0.0493;-0.1722;0.3924;337.2740;7.1957;15.2829;Palm;0.0025;0.1611;0.9869;-0.0225;-0.1441;0.4974;0.9967;-0.0808;0.0013;0.0001;;;;;;;;;;;;;0;0.0939;-0.3801;0.1869;334.4570;337.1512;324.5662;Palm;b974454d-ae33-4d16-9737-e66469f616ef;;OpenLoop;2026-05-18 09:44:54.2488;Hands;2;OpenXR
Left;;Baseline;0;NoMitigation;None;anonymous;Sample;341;1.0000;-0.0157;0.0015;-0.0422;6.4691;355.5981;1.0427;-0.0157;0.0015;-0.0422;0.9976;0.0560;-0.0389;0.0112;1;;;;;;;;;;;;;0;-0.0494;-0.1721;0.3924;337.3040;7.1621;15.3667;Palm;0.0022;0.1601;0.9871;-0.0226;-0.1440;0.4973;0.9968;-0.0803;0.0011;0.0001;;;;;;;;;;;;;0;0.0938;-0.3800;0.1869;334.4902;337.1327;324.6133;Palm;b974454d-ae33-4d16-9737-e66469f616ef;;OpenLoop;2026-05-18 09:44:54.2829;Hands;2;OpenXR
Left;;Baseline;0;NoMitigation;None;anonymous;Sample;343;1.0000;-0.0156;0.0015;-0.0422;6.4391;355.6672;1.0040;-0.0156;0.0015;-0.0422;0.9977;0.0558;-0.0382;0.0109;1;;;;;;;;;;;;;0;-0.0492;-0.1720;0.3924;337.3494;7.1330;15.3761;Palm;0.0017;0.1589;0.9873;-0.0226;-0.1440;0.4974;0.9968;-0.0797;0.0009;0.0001;;;;;;;;;;;;;0;0.0938;-0.3799;0.1868;334.4896;337.1302;324.6157;Palm;b974454d-ae33-4d16-9737-e66469f616ef;;OpenLoop;2026-05-18 09:44:54.3161;Hands;2;OpenXR
Left;;Baseline;0;NoMitigation;None;anonymous;Sample;345;1.0000;-0.0154;0.0014;-0.0422;6.5218;355.7272;0.9860;-0.0154;0.0014;-0.0422;0.9976;0.0565;-0.0377;0.0107;1;;;;;;;;;;;;;0;-0.0491;-0.1718;0.3921;337.3612;7.1836;15.3213;Palm;0.0127;0.1153;0.9933;-0.0217;-0.1471;0.4975;0.9983;-0.0577;0.0064;0.0004;;;;;;;;;;;;;0;0.0937;-0.3799;0.1868;334.5106;337.1404;324.6276;Palm;b974454d-ae33-4d16-9737-e66469f616ef;;OpenLoop;2026-05-18 09:44:54.3497;Hands;2;OpenXR
Left;;Baseline;0;NoMitigation;None;anonymous;Sample;347;1.0000;-0.0154;0.0014;-0.0420;6.4837;355.7249;0.9720;-0.0154;0.0014;-0.0420;0.9977;0.0562;-0.0377;0.0106;1;;;;;;;;;;;;;0;-0.0491;-0.1716;0.3916;337.3661;7.2950;15.2377;Palm;0.0338;0.0346;0.9988;-0.0204;-0.1521;0.4974;0.9997;-0.0173;0.0169;0.0003;;;;;;;;;;;;;0;0.0934;-0.3797;0.1865;334.5061;337.1694;324.6031;Palm;b974454d-ae33-4d16-9737-e66469f616ef;;OpenLoop;2026-05-18 09:44:54.3825;Hands;2;OpenXR
Left;;Baseline;0;NoMitigation;None;anonymous;Sample;349;1.0000;-0.0154;0.0015;-0.0420;6.4738;355.7177;0.9358;-0.0154;0.0015;-0.0420;0.9977;0.0561;-0.0378;0.0103;1;;;;;;;;;;;;;0;-0.0497;-0.1712;0.3901;337.2773;7.4732;15.0903;Palm;0.0758;-0.1332;0.9882;-0.0181;-0.1621;0.4954;0.9970;0.0667;0.0382;-0.0026;;;;;;;;;;;;;0;0.0931;-0.3795;0.1863;334.4968;337.2118;324.5804;Palm;b974454d-ae33-4d16-9737-e66469f616ef;;OpenLoop;2026-05-18 09:44:54.4166;Hands;2;OpenXR
Left;;Baseline;0;NoMitigation;None;anonymous;Sample;351;1.0000;-0.0155;0.0015;-0.0417;6.4525;355.7232;0.9269;-0.0155;0.0015;-0.0417;0.9977;0.0559;-0.0377;0.0102;1;;;;;;;;;;;;;0;-0.0503;-0.1700;0.3881;336.5791;7.7537;15.0338;Palm;0.1422;-0.4195;0.8965;-0.0149;-0.1775;0.4877;0.9736;0.2141;0.0768;-0.0169;;;;;;;;;;;;;0;0.0930;-0.3793;0.1861;334.4768;337.2653;324.5562;Palm;b974454d-ae33-4d16-9737-e66469f616ef;;OpenLoop;2026-05-18 09:44:54.4494;Hands;2;OpenXR
Left;;Baseline;0;NoMitigation;None;anonymous;Sample;353;1.0000;-0.0157;0.0015;-0.0418;6.5570;355.6945;0.9746;-0.0157;0.0015;-0.0418;0.9976;0.0568;-0.0380;0.0106;1;;;;;;;;;;;;;0;-0.0503;-0.1679;0.3871;334.8023;7.8518;15.2207;Palm;0.2148;-0.7748;0.5946;-0.0118;-0.1928;0.4696;0.8898;0.4224;0.1558;-0.0740;;;;;;;;;;;;;0;0.0929;-0.3792;0.1860;334.4570;337.3136;324.5287;Palm;b974454d-ae33-4d16-9737-e66469f616ef;;OpenLoop;2026-05-18 09:44:54.4831;Hands;2;OpenXR
Left;;Baseline;0;NoMitigation;None;anonymous;Sample;355;0.0000;-0.0158;0.0013;-0.0417;6.6148;355.7015;1.0076;-0.0158;0.0013;-0.0417;0.9976;0.0573;-0.0379;0.0109;0;;;;;;;;;;;;;0;-0.0503;-0.1663;0.3862;333.0589;7.6832;15.4542;Palm;0.2428;-0.9421;0.2313;-0.0104;-0.2009;0.4517;0.7510;0.5299;0.3219;-0.2271;;;;;;;;;;;;;0;0.0928;-0.3792;0.1859;334.4472;337.3571;324.5081;Palm;b974454d-ae33-4d16-9737-e66469f616ef;;OpenLoop;2026-05-18 09:44:54.5157;Hands;2;OpenXR
Left;;Baseline;0;NoMitigation;None;anonymous;Sample;357;0.0000;-0.0159;0.0014;-0.0415;6.5005;355.7294;1.0525;-0.0159;0.0014;-0.0415;0.9976;0.0563;-0.0377;0.0113;0;;;;;;;;;;;;;0;-0.0503;-0.1659;0.3862;332.2262;7.8485;15.7875;Palm;0.2104;-0.9141;-0.3465;-0.0120;-0.1977;0.4275;0.2259;0.1469;0.8073;-0.5251;;;;;;;;;;;;;0;0.0929;-0.3793;0.1860;334.4560;337.3946;324.4749;Palm;b974454d-ae33-4d16-9737-e66469f616ef;;OpenLoop;2026-05-18 09:44:54.5504;Hands;2;OpenXR
Left;;Baseline;0;NoMitigation;None;anonymous;Sample;359;0.0000;-0.0159;0.0015;-0.0414;6.5141;355.7775;1.0857;-0.0159;0.0015;-0.0414;0.9976;0.0564;-0.0373;0.0115;0;;;;;;;;;;;;;0;-0.0499;-0.1674;0.3878;331.1619;8.6707;14.9558;Palm;0.1190;-0.6651;-0.7372;-0.0147;-0.1901;0.4130;0.0747;0.0284;0.9315;-0.3547;;;;;;;;;;;;;0;0.0929;-0.3793;0.1859;334.4211;337.3885;324.4379;Palm;b974454d-ae33-4d16-9737-e66469f616ef;;OpenLoop;2026-05-18 09:44:54.5831;Hands;2;OpenXR
Left;;Baseline;0;NoMitigation;None;anonymous;Sample;361;0.0000;-0.0159;0.0015;-0.0412;6.5202;355.7714;1.1367;-0.0159;0.0015;-0.0412;0.9976;0.0565;-0.0374;0.0120;0;;;;;;;;;;;;;0;-0.0498;-0.1685;0.3882;330.4331;9.3945;14.6972;Palm;0.0365;-0.4207;-0.9065;-0.0167;-0.1841;0.4057;0.0197;0.0043;0.9763;-0.2153;;;;;;;;;;;;;0;0.0929;-0.3793;0.1859;334.3820;337.3754;324.4117;Palm;b974454d-ae33-4d16-9737-e66469f616ef;;OpenLoop;2026-05-18 09:44:54.6156;Hands;2;OpenXR
Left;;Baseline;0;NoMitigation;None;anonymous;Sample;363;0.0000;-0.0160;0.0016;-0.0412;6.5040;355.7502;0.9723;-0.0160;0.0016;-0.0412;0.9976;0.0564;-0.0375;0.0106;0;;;;;;;;;;;;;0;-0.0499;-0.1690;0.3880;330.2061;9.8102;15.0305;Palm;-0.0214;-0.2524;-0.9674;-0.0180;-0.1798;0.4022;-0.0110;-0.0014;0.9918;-0.1272;;;;;;;;;;;;;0;0.0929;-0.3792;0.1859;334.3388;337.3741;324.3857;Palm;b974454d-ae33-4d16-9737-e66469f616ef;;OpenLoop;2026-05-18 09:44:54.6497;Hands;2;OpenXR
Left;;Baseline;0;NoMitigation;None;anonymous;Sample;365;0.0000;-0.0160;0.0016;-0.0410;6.5225;355.7129;0.9520;-0.0160;0.0016;-0.0410;0.9976;0.0565;-0.0378;0.0104;0;;;;;;;;;;;;;0;-0.0500;-0.1693;0.3877;330.2609;10.0347;15.2706;Palm;-0.0583;-0.1590;-0.9856;-0.0188;-0.1772;0.4005;-0.0295;-0.0024;0.9964;-0.0797;;;;;;;;;;;;;0;0.0929;-0.3792;0.1859;334.2992;337.3930;324.3411;Palm;b974454d-ae33-4d16-9737-e66469f616ef;;OpenLoop;2026-05-18 09:44:54.6839;Hands;2;OpenXR
Left;;Baseline;0;NoMitigation;None;anonymous;Sample;367;0.0000;-0.0157;0.0016;-0.0405;6.3952;355.6315;1.0232;-0.0157;0.0016;-0.0405;0.9977;0.0554;-0.0385;0.0110;0;;;;;;;;;;;;;0;-0.0503;-0.1699;0.3874;330.4458;10.3128;15.3020;Palm;-0.0815;-0.1158;-0.9899;-0.0193;-0.1764;0.3994;-0.0410;-0.0024;0.9975;-0.0579;;;;;;;;;;;;;0;0.0929;-0.3792;0.1858;334.2745;337.4172;324.2970;Palm;b974454d-ae33-4d16-9737-e66469f616ef;;OpenLoop;2026-05-18 09:44:54.7170;Hands;2;OpenXR
Left;;Baseline;0;NoMitigation;None;anonymous;Sample;369;0.0000;-0.0149;0.0017;-0.0392;6.2865;355.9214;0.5806;-0.0149;0.0017;-0.0392;0.9978;0.0546;-0.0358;0.0070;0;;;;;;;;;;;;;0;-0.0501;-0.1703;0.3873;330.8006;10.6172;15.0960;Palm;-0.0957;-0.0943;-0.9909;-0.0195;-0.1764;0.3989;-0.0481;-0.0023;0.9977;-0.0472;;;;;;;;;;;;;0;0.0930;-0.3793;0.1859;334.2660;337.4418;324.2314;Palm;b974454d-ae33-4d16-9737-e66469f616ef;;OpenLoop;2026-05-18 09:44:54.7506;Hands;2;OpenXR
Left;;Baseline;0;NoMitigation;None;anonymous;Sample;371;0.0000;-0.0134;0.0014;-0.0387;6.8112;356.1522;0.8034;-0.0134;0.0014;-0.0387;0.9976;0.0591;-0.0339;0.0090;0;;;;;;;;;;;;;0;-0.0496;-0.1706;0.3872;331.0846;10.9754;14.9018;Palm;-0.1049;-0.0846;-0.9909;-0.0194;-0.1767;0.3986;-0.0527;-0.0022;0.9977;-0.0423;;;;;;;;;;;;;0;0.0958;-0.3760;0.1895;333.5945;338.0619;323.2387;Palm;b974454d-ae33-4d16-9737-e66469f616ef;;OpenLoop;2026-05-18 09:44:54.7839;Hands;2;OpenXR
Left;;Baseline;0;NoMitigation;None;anonymous;Sample;373;0.0000;-0.0125;0.0013;-0.0380;6.9158;356.2877;0.2744;-0.0125;0.0013;-0.0380;0.9976;0.0602;-0.0325;0.0043;0;;;;;;;;;;;;;0;-0.0481;-0.1724;0.3851;331.1538;11.5522;14.8705;Palm;-0.1149;-0.0794;-0.9902;-0.0186;-0.1777;0.3974;-0.0577;-0.0023;0.9975;-0.0397;;;;;;;;;;;;;0;0.1062;-0.3582;0.2007;330.8217;341.8008;319.8327;Palm;b974454d-ae33-4d16-9737-e66469f616ef;;OpenLoop;2026-05-18 09:44:54.8160;Hands;2;OpenXR
Left;;Baseline;0;NoMitigation;None;anonymous;Sample;375;0.0000;-0.0113;0.0008;-0.0378;7.1122;356.3772;0.0997;-0.0113;0.0008;-0.0378;0.9976;0.0620;-0.0316;0.0028;0;;;;;;;;;;;;;0;-0.0457;-0.1830;0.3717;330.0277;13.5165;16.2226;Palm;-0.1414;-0.0852;-0.9863;-0.0166;-0.1826;0.3899;-0.0711;-0.0030;0.9966;-0.0426;;;;;;;;;;;;;0;0.1203;-0.3062;0.2195;321.3777;350.7237;314.4270;Palm;b974454d-ae33-4d16-9737-e66469f616ef;;OpenLoop;2026-05-18 09:44:54.8502;Hands;2;OpenXR
Left;;Baseline;0;NoMitigation;None;anonymous;Sample;377;0.0000;-0.0105;0.0011;-0.0374;7.2373;356.3404;0.3100;-0.0105;0.0011;-0.0374;0.9975;0.0630;-0.0320;0.0047;0;;;;;;;;;;;;;0;-0.0451;-0.2024;0.3403;326.0437;17.0024;20.6715;Palm;-0.2002;-0.1204;-0.9723;-0.0146;-0.1936;0.3692;-0.1012;-0.0061;0.9930;-0.0600;;;;;;;;;;;;;0;0.1226;-0.2329;0.2425;311.4051;356.2859;312.1868;Palm;b974454d-ae33-4d16-9737-e66469f616ef;;OpenLoop;2026-05-18 09:44:54.8839;Hands;2;OpenXR
Left;;Baseline;0;NoMitigation;None;anonymous;Sample;379;0.0000;-0.0100;0.0008;-0.0368;6.8945;356.3174;0.3954;-0.0100;0.0008;-0.0368;0.9977;0.0600;-0.0323;0.0054;0;;;;;;;;;;;;;0;-0.0460;-0.2207;0.3110;322.8584;19.2832;24.0086;Palm;-0.2656;-0.1694;-0.9491;-0.0139;-0.2080;0.3406;-0.1355;-0.0116;0.9871;-0.0842;;;;;;;;;;;;;0;0.1221;-0.1726;0.2627;304.9989;0.6829;309.7584;Palm;b974454d-ae33-4d16-9737-e66469f616ef;;OpenLoop;2026-05-18 09:44:54.9178;Hands;2;OpenXR
Left;;Baseline;0;NoMitigation;None;anonymous;Sample;381;0.0000;-0.0093;0.0007;-0.0373;7.4725;356.2238;0.6702;-0.0093;0.0007;-0.0373;0.9973;0.0649;-0.0333;0.0080;0;;;;;;;;;;;;;0;-0.0472;-0.2564;0.2683;318.9664;22.6459;27.3911;Palm;-0.3255;-0.2433;-0.9137;-0.0139;-0.2321;0.3034;-0.1690;-0.0209;0.9780;-0.1208;;;;;;;;;;;;;0;0.1119;-0.1269;0.2772;299.8080;0.5090;315.3773;Palm;b974454d-ae33-4d16-9737-e66469f616ef;;OpenLoop;2026-05-18 09:44:54.9509;Hands;2;OpenXR
Left;;Baseline;0;NoMitigation;None;anonymous;Sample;383;0.0000;-0.0090;0.0011;-0.0367;7.2506;356.3015;0.3938;-0.0090;0.0011;-0.0367;0.9975;0.0631;-0.0324;0.0055;0;;;;;;;;;;;;;0;-0.0405;-0.2857;0.2276;315.4837;27.1185;31.2192;Palm;-0.3892;-0.3207;-0.8635;-0.0104;-0.2580;0.2624;-0.2073;-0.0342;0.9647;-0.1589;;;;;;;;;;;;;0;0.0969;-0.1124;0.3081;303.6599;353.9800;325.8658;Palm;b974454d-ae33-4d16-9737-e66469f616ef;;OpenLoop;2026-05-18 09:44:54.9846;Hands;2;OpenXR
Left;;Baseline;0;NoMitigation;None;anonymous;Sample;385;0.0000;-0.0091;0.0014;-0.0358;7.0191;356.2129;0.5985;-0.0091;0.0014;-0.0358;0.9976;0.0610;-0.0333;0.0072;0;;;;;;;;;;;;;0;-0.0415;-0.3154;0.2085;317.9234;28.4994;34.9366;Palm;-0.4380;-0.3531;-0.8267;-0.0088;-0.2847;0.2304;-0.2373;-0.0433;0.9547;-0.1742;;;;;;;;;;;;;0;0.0838;-0.1109;0.3401;316.0815;348.1784;339.8177;Palm;b974454d-ae33-4d16-9737-e66469f616ef;;OpenLoop;2026-05-18 09:44:55.0176;Hands;2;OpenXR
Left;;Baseline;0;NoMitigation;None;anonymous;Sample;387;0.0000;-0.0095;0.0011;-0.0353;7.4037;356.1921;0.5751;-0.0095;0.0011;-0.0353;0.9973;0.0644;-0.0335;0.0072;0;;;;;;;;;;;;;0;-0.0497;-0.3408;0.2027;321.4994;28.6047;36.7780;Palm;-0.4807;-0.3260;-0.8140;-0.0142;-0.3242;0.2054;-0.2600;-0.0436;0.9514;-0.1594;;;;;;;;;;;;;0;0.0763;-0.1284;0.3676;327.7985;349.5540;344.1336;Palm;b974454d-ae33-4d16-9737-e66469f616ef;;OpenLoop;2026-05-18 09:44:55.0745;Hands;2;OpenXR
Left;;Baseline;0;NoMitigation;None;anonymous;Sample;390;0.0000;-0.0102;-0.0002;-0.0342;7.7282;356.2586;0.7121;-0.0102;-0.0002;-0.0342;0.9972;0.0672;-0.0330;0.0084;0;;;;;;;;;;;;;0;-0.0628;-0.3764;0.1862;323.7858;29.3579;37.5110;Palm;-0.4922;-0.3086;-0.8139;-0.0220;-0.3490;0.1936;-0.2653;-0.0420;0.9514;-0.1505;;;;;;;;;;;;;0;0.0646;-0.1422;0.3991;337.6472;351.9359;348.7002;Palm;b974454d-ae33-4d16-9737-e66469f616ef;;OpenLoop;2026-05-18 09:44:55.1103;Hands;2;OpenXR
Left;;Baseline;0;NoMitigation;None;anonymous;Sample;392;0.0000;-0.0106;-0.0008;-0.0342;8.3056;356.3260;0.9640;-0.0106;-0.0008;-0.0342;0.9968;0.0721;-0.0326;0.0107;0;;;;;;;;;;;;;0;-0.0672;-0.3888;0.1786;324.8101;30.1636;37.8518;Palm;-0.5034;-0.2965;-0.8116;-0.0276;-0.3665;0.1840;-0.2709;-0.0411;0.9508;-0.1442;;;;;;;;;;;;;0;0.0629;-0.1458;0.4105;340.2007;352.7612;349.2635;Palm;b974454d-ae33-4d16-9737-e66469f616ef;;OpenLoop;2026-05-18 09:44:55.1366;Hands;2;OpenXR
Left;;Baseline;0;NoMitigation;None;anonymous;Sample;393;0.0000;-0.0110;-0.0010;-0.0337;8.2880;356.4491;0.9683;-0.0110;-0.0010;-0.0337;0.9969;0.0720;-0.0315;0.0107;0;;;;;;;;;;;;;0;-0.0717;-0.3871;0.1825;324.7183;30.4060;37.0130;Palm;-0.5115;-0.2909;-0.8085;-0.0331;-0.3750;0.1812;-0.2753;-0.0409;0.9500;-0.1413;;;;;;;;;;;;;0;0.0657;-0.1539;0.4073;338.6364;352.5962;346.8415;Palm;b974454d-ae33-4d16-9737-e66469f616ef;;OpenLoop;2026-05-18 09:44:55.1607;Hands;2;OpenXR
Left;;Baseline;0;NoMitigation;None;anonymous;Sample;395;0.0000;-0.0116;-0.0016;-0.0333;8.4864;356.5792;1.3334;-0.0116;-0.0016;-0.0333;0.9967;0.0736;-0.0306;0.0138;0;;;;;;;;;;;;;0;-0.0797;-0.3959;0.1792;324.5694;31.4052;35.2503;Palm;-0.5233;-0.2883;-0.8019;-0.0399;-0.3837;0.1784;-0.2821;-0.0415;0.9483;-0.1396;;;;;;;;;;;;;0;0.0661;-0.1606;0.4126;337.8346;352.8533;344.0176;Palm;b974454d-ae33-4d16-9737-e66469f616ef;;OpenLoop;2026-05-18 09:44:55.1940;Hands;2;OpenXR
Left;;Baseline;0;NoMitigation;None;anonymous;Sample;397;0.0000;-0.0121;-0.0018;-0.0335;8.5932;356.4120;1.4692;-0.0121;-0.0018;-0.0335;0.9966;0.0745;-0.0322;0.0151;0;;;;;;;;;;;;;0;-0.0845;-0.4003;0.1787;324.7462;31.5378;33.5206;Palm;-0.5361;-0.2785;-0.7969;-0.0478;-0.3934;0.1761;-0.2889;-0.0410;0.9470;-0.1345;;;;;;;;;;;;;0;0.0658;-0.1621;0.4149;337.7085;353.0134;343.3007;Palm;b974454d-ae33-4d16-9737-e66469f616ef;;OpenLoop;2026-05-18 09:44:55.2379;Hands;2;OpenXR
Left;;Baseline;0;NoMitigation;None;anonymous;Sample;398;0.0000;-0.0127;-0.0019;-0.0338;8.7215;356.2617;1.4778;-0.0127;-0.0019;-0.0338;0.9965;0.0756;-0.0335;0.0153;0;;;;;;;;;;;;;0;-0.0840;-0.4006;0.1869;327.4320;31.1790;28.9698;Palm;-0.5310;-0.2485;-0.8101;-0.0492;-0.3971;0.1808;-0.2838;-0.0358;0.9507;-0.1200;;;;;;;;;;;;;0;0.0658;-0.1634;0.4028;337.4054;353.0286;343.1744;Palm;b974454d-ae33-4d16-9737-e66469f616ef;;OpenLoop;2026-05-18 09:44:55.2592;Hands;2;OpenXR
Left;;Baseline;0;NoMitigation;None;anonymous;Sample;400;0.0000;-0.0132;-0.0014;-0.0340;8.5460;356.1350;1.1610;-0.0132;-0.0014;-0.0340;0.9966;0.0741;-0.0344;0.0126;0;;;;;;;;;;;;;0;-0.0789;-0.4091;0.2005;334.3725;30.5619;23.7484;Palm;-0.5187;-0.1759;-0.8367;-0.0476;-0.4054;0.1907;-0.2729;-0.0242;0.9580;-0.0849;;;;;;;;;;;;;0;0.0653;-0.1655;0.3910;337.3389;353.3575;343.3350;Palm;b974454d-ae33-4d16-9737-e66469f616ef;;OpenLoop;2026-05-18 09:44:55.2940;Hands;2;OpenXR
Left;;Baseline;0;NoMitigation;None;anonymous;Sample;402;0.0000;-0.0136;-0.0011;-0.0342;8.3809;356.2439;1.0539;-0.0136;-0.0011;-0.0342;0.9967;0.0727;-0.0334;0.0116;0;;;;;;;;;;;;;0;-0.0745;-0.4108;0.2054;337.1508;30.4957;21.8844;Palm;-0.5071;-0.1158;-0.8541;-0.0446;-0.4123;0.1986;-0.2643;-0.0154;0.9627;-0.0559;;;;;;;;;;;;;0;0.0656;-0.1673;0.3879;337.7151;354.2234;344.0619;Palm;b974454d-ae33-4d16-9737-e66469f616ef;;OpenLoop;2026-05-18 09:44:55.3262;Hands;2;OpenXR
Left;;Baseline;0;NoMitigation;None;anonymous;Sample;404;0.0000;-0.0137;-0.0009;-0.0344;8.3127;356.3049;1.2515;-0.0137;-0.0009;-0.0344;0.9968;0.0721;-0.0329;0.0132;0;;;;;;;;;;;;;0;-0.0668;-0.3996;0.2072;337.4060;30.9049;21.7362;Palm;-0.5021;-0.0945;-0.8596;-0.0389;-0.4099;0.2029;-0.2610;-0.0124;0.9642;-0.0456;;;;;;;;;;;;;0;0.0668;-0.1702;0.3882;338.4288;355.1326;345.2099;Palm;b974454d-ae33-4d16-9737-e66469f616ef;;OpenLoop;2026-05-18 09:44:55.3590;Hands;2;OpenXR
Left;;Baseline;0;NoMitigation;None;anonymous;Sample;406;0.0000;-0.0137;-0.0009;-0.0346;8.2355;356.4151;1.2824;-0.0137;-0.0009;-0.0346;0.9968;0.0714;-0.0320;0.0134;0;;;;;;;;;;;;;0;-0.0630;-0.3923;0.2084;337.7782;31.2267;21.4180;Palm;-0.4989;-0.0959;-0.8614;-0.0351;-0.4062;0.2048;-0.2592;-0.0125;0.9646;-0.0464;;;;;;;;;;;;;0;0.0674;-0.1729;0.3891;338.6254;355.2974;345.6334;Palm;b974454d-ae33-4d16-9737-e66469f616ef;;OpenLoop;2026-05-18 09:44:55.3858;Hands;2;OpenXR
Left;;Baseline;0;NoMitigation;None;anonymous;Sample;407;0.0000;-0.0137;-0.0010;-0.0345;8.2472;356.4762;1.3131;-0.0137;-0.0010;-0.0345;0.9968;0.0715;-0.0315;0.0136;0;;;;;;;;;;;;;0;-0.0628;-0.3912;0.2080;337.7354;31.2475;21.4060;Palm;-0.4964;-0.0996;-0.8623;-0.0321;-0.4027;0.2059;-0.2579;-0.0129;0.9649;-0.0482;;;;;;;;;;;;;0;0.0677;-0.1737;0.3898;338.6353;355.2697;345.6805;Palm;b974454d-ae33-4d16-9737-e66469f616ef;;OpenLoop;2026-05-18 09:44:55.4102;Hands;2;OpenXR
Left;;Baseline;0;NoMitigation;None;anonymous;Sample;409;0.0000;-0.0137;-0.0011;-0.0346;8.2188;356.5523;1.5331;-0.0137;-0.0011;-0.0346;0.9969;0.0712;-0.0310;0.0155;0;;;;;;;;;;;;;0;-0.0624;-0.3896;0.2073;337.6482;31.2951;21.3251;Palm;-0.4950;-0.1058;-0.8624;-0.0303;-0.4002;0.2060;-0.2572;-0.0136;0.9649;-0.0512;;;;;;;;;;;;;0;0.0686;-0.1758;0.3916;338.6708;355.2100;345.7794;Palm;b974454d-ae33-4d16-9737-e66469f616ef;;OpenLoop;2026-05-18 09:44:55.4437;Hands;2;OpenXR
Left;;Baseline;0;NoMitigation;None;anonymous;Sample;411;0.0000;-0.0137;-0.0014;-0.0349;8.3853;356.5954;1.6114;-0.0137;-0.0014;-0.0349;0.9968;0.0727;-0.0307;0.0162;0;;;;;;;;;;;;;0;-0.0623;-0.3890;0.2066;337.3727;31.3864;20.9981;Palm;-0.4942;-0.1114;-0.8622;-0.0297;-0.3993;0.2058;-0.2569;-0.0144;0.9648;-0.0539;;;;;;;;;;;;;0;0.0695;-0.1771;0.3930;338.6973;355.0021;345.8302;Palm;b974454d-ae33-4d16-9737-e66469f616ef;;OpenLoop;2026-05-18 09:44:55.4698;Hands;2;OpenXR
Left;;Baseline;0;NoMitigation;None;anonymous;Sample;413;0.0000;-0.0136;-0.0017;-0.0350;8.6298;356.5317;1.5031;-0.0136;-0.0017;-0.0350;0.9966;0.0748;-0.0312;0.0154;0;;;;;;;;;;;;;0;-0.0630;-0.3882;0.2052;336.4946;31.4390;20.7148;Palm;-0.4925;-0.1273;-0.8609;-0.0297;-0.3980;0.2049;-0.2564;-0.0164;0.9645;-0.0616;;;;;;;;;;;;;0;0.0696;-0.1785;0.3926;338.6309;354.6199;345.9184;Palm;b974454d-ae33-4d16-9737-e66469f616ef;;OpenLoop;2026-05-18 09:44:55.5106;Hands;2;OpenXR
Left;;Baseline;0;NoMitigation;None;anonymous;Sample;415;0.0000;-0.0137;-0.0017;-0.0352;8.6038;356.4476;1.3939;-0.0137;-0.0017;-0.0352;0.9966;0.0746;-0.0318;0.0144;0;;;;;;;;;;;;;0;-0.0638;-0.3876;0.2038;335.8680;31.4420;20.3904;Palm;-0.4908;-0.1395;-0.8601;-0.0300;-0.3973;0.2039;-0.2557;-0.0179;0.9642;-0.0676;;;;;;;;;;;;;0;0.0696;-0.1794;0.3919;338.5609;354.2366;346.0047;Palm;b974454d-ae33-4d16-9737-e66469f616ef;;OpenLoop;2026-05-18 09:44:55.5365;Hands;2;OpenXR
Left;;Baseline;0;NoMitigation;None;anonymous;Sample;417;0.0000;-0.0138;-0.0015;-0.0352;8.4402;356.3408;1.2818;-0.0138;-0.0015;-0.0352;0.9967;0.0732;-0.0327;0.0135;0;;;;;;;;;;;;;0;-0.0649;-0.3874;0.2024;335.4994;31.4514;20.1365;Palm;-0.4886;-0.1511;-0.8593;-0.0309;-0.3969;0.2027;-0.2549;-0.0194;0.9640;-0.0732;;;;;;;;;;;;;0;0.0693;-0.1797;0.3901;338.4604;353.7912;346.0361;Palm;b974454d-ae33-4d16-9737-e66469f616ef;;OpenLoop;2026-05-18 09:44:55.5703;Hands;2;OpenXR
Left;;Baseline;0;NoMitigation;None;anonymous;Sample;419;0.0000;-0.0140;-0.0012;-0.0351;8.2534;356.2784;1.3072;-0.0140;-0.0012;-0.0351;0.9968;0.0716;-0.0332;0.0137;0;;;;;;;;;;;;;0;-0.0650;-0.3874;0.2022;335.3748;31.4800;20.0261;Palm;-0.4875;-0.1586;-0.8586;-0.0313;-0.3968;0.2021;-0.2546;-0.0203;0.9638;-0.0769;;;;;;;;;;;;;0;0.0689;-0.1795;0.3888;338.4460;353.5418;346.0565;Palm;b974454d-ae33-4d16-9737-e66469f616ef;;OpenLoop;2026-05-18 09:44:55.6029;Hands;2;OpenXR
Left;;Baseline;0;NoMitigation;None;anonymous;Sample;421;0.0000;-0.0141;-0.0011;-0.0349;8.2460;356.2609;1.3510;-0.0141;-0.0011;-0.0349;0.9968;0.0715;-0.0334;0.0141;0;;;;;;;;;;;;;0;-0.0652;-0.3875;0.2022;335.3365;31.4673;19.9517;Palm;-0.4864;-0.1645;-0.8581;-0.0316;-0.3968;0.2017;-0.2541;-0.0210;0.9636;-0.0798;;;;;;;;;;;;;0;0.0683;-0.1788;0.3881;338.4699;353.4434;346.1049;Palm;b974454d-ae33-4d16-9737-e66469f616ef;;OpenLoop;2026-05-18 09:44:55.6426;Hands;2;OpenXR
Left;;Baseline;0;NoMitigation;None;anonymous;Sample;423;0.0000;-0.0142;-0.0011;-0.0348;8.3960;356.2787;1.3429;-0.0142;-0.0011;-0.0348;0.9967;0.0728;-0.0332;0.0141;0;;;;;;;;;;;;;0;-0.0653;-0.3877;0.2023;335.3145;31.4452;19.8045;Palm;-0.4856;-0.1675;-0.8580;-0.0318;-0.3970;0.2017;-0.2538;-0.0214;0.9636;-0.0813;;;;;;;;;;;;;0;0.0678;-0.1780;0.3878;338.4869;353.3865;346.1923;Palm;b974454d-ae33-4d16-9737-e66469f616ef;;OpenLoop;2026-05-18 09:44:55.6698;Hands;2;OpenXR
Left;;Baseline;0;NoMitigation;None;anonymous;Sample;425;0.0000;-0.0142;-0.0009;-0.0346;8.2535;356.3253;1.4177;-0.0142;-0.0009;-0.0346;0.9968;0.0715;-0.0329;0.0146;0;;;;;;;;;;;;;0;-0.0653;-0.3878;0.2024;335.2631;31.4232;19.6648;Palm;-0.4844;-0.1708;-0.8580;-0.0319;-0.3973;0.2018;-0.2532;-0.0218;0.9636;-0.0829;;;;;;;;;;;;;0;0.0668;-0.1761;0.3875;338.4687;353.3234;346.2845;Palm;b974454d-ae33-4d16-9737-e66469f616ef;;OpenLoop;2026-05-18 09:44:55.7030;Hands;2;OpenXR
Left;;Baseline;0;NoMitigation;None;anonymous;Sample;427;0.0000;-0.0142;-0.0010;-0.0343;8.2744;356.3980;1.4133;-0.0142;-0.0010;-0.0343;0.9968;0.0717;-0.0322;0.0146;0;;;;;;;;;;;;;0;-0.0653;-0.3880;0.2024;335.2155;31.4062;19.5341;Palm;-0.4832;-0.1742;-0.8580;-0.0319;-0.3975;0.2019;-0.2527;-0.0222;0.9636;-0.0846;;;;;;;;;;;;;0;0.0663;-0.1745;0.3874;338.4195;353.2612;346.4125;Palm;b974454d-ae33-4d16-9737-e66469f616ef;;OpenLoop;2026-05-18 09:44:55.7358;Hands;2;OpenXR
Left;;Baseline;0;NoMitigation;None;anonymous;Sample;429;0.0000;-0.0142;-0.0010;-0.0343;8.3196;356.4492;1.4410;-0.0142;-0.0010;-0.0343;0.9968;0.0721;-0.0318;0.0148;0;;;;;;;;;;;;;0;-0.0654;-0.3881;0.2025;335.1756;31.4096;19.4221;Palm;-0.4822;-0.1775;-0.8579;-0.0320;-0.3978;0.2020;-0.2522;-0.0226;0.9636;-0.0862;;;;;;;;;;;;;0;0.0664;-0.1736;0.3874;338.3858;353.2142;346.5289;Palm;b974454d-ae33-4d16-9737-e66469f616ef;;OpenLoop;2026-05-18 09:44:55.7701;Hands;2;OpenXR
Left;;Baseline;0;NoMitigation;None;anonymous;Sample;431;0.0000;-0.0141;-0.0012;-0.0338;8.3384;356.5064;1.4870;-0.0141;-0.0012;-0.0338;0.9968;0.0723;-0.0313;0.0152;0;;;;;;;;;;;;;0;-0.0654;-0.3882;0.2026;335.1188;31.4305;19.3158;Palm;-0.4812;-0.1809;-0.8577;-0.0320;-0.3980;0.2021;-0.2518;-0.0230;0.9635;-0.0879;;;;;;;;;;;;;0;0.0666;-0.1734;0.3876;338.4222;353.1871;346.5712;Palm;b974454d-ae33-4d16-9737-e66469f616ef;;OpenLoop;2026-05-18 09:44:55.8032;Hands;2;OpenXR
Left;;Baseline;0;NoMitigation;None;anonymous;Sample;433;0.0000;-0.0141;-0.0014;-0.0337;8.5530;356.5341;1.4950;-0.0141;-0.0014;-0.0337;0.9966;0.0741;-0.0311;0.0153;0;;;;;;;;;;;;;0;-0.0654;-0.3882;0.2027;335.0132;31.4615;19.1825;Palm;-0.4803;-0.1848;-0.8574;-0.0320;-0.3982;0.2023;-0.2515;-0.0234;0.9634;-0.0898;;;;;;;;;;;;;0;0.0672;-0.1729;0.3879;338.4975;353.1508;346.6202;Palm;b974454d-ae33-4d16-9737-e66469f616ef;;OpenLoop;2026-05-18 09:44:55.8359;Hands;2;OpenXR
Left;;Baseline;0;NoMitigation;None;anonymous;Sample;435;0.0000;-0.0142;-0.0018;-0.0332;8.7427;356.5301;1.4119;-0.0142;-0.0018;-0.0332;0.9965;0.0758;-0.0311;0.0146;0;;;;;;;;;;;;;0;-0.0653;-0.3883;0.2029;334.9863;31.4879;19.1311;Palm;-0.4796;-0.1883;-0.8571;-0.0320;-0.3984;0.2024;-0.2512;-0.0239;0.9633;-0.0915;;;;;;;;;;;;;0;0.0678;-0.1726;0.3880;338.5926;353.1470;346.5971;Palm;b974454d-ae33-4d16-9737-e66469f616ef;;OpenLoop;2026-05-18 09:44:55.8697;Hands;2;OpenXR
Left;;Baseline;0;NoMitigation;None;anonymous;Sample;437;0.0000;-0.0146;-0.0014;-0.0313;9.0206;356.6087;1.2036;-0.0146;-0.0014;-0.0313;0.9964;0.0783;-0.0303;0.0128;0;;;;;;;;;;;;;0;-0.0653;-0.3886;0.2029;334.9580;31.5081;19.0785;Palm;-0.4790;-0.1912;-0.8568;-0.0319;-0.3986;0.2025;-0.2510;-0.0242;0.9632;-0.0929;;;;;;;;;;;;;0;0.0682;-0.1725;0.3878;338.6575;353.1454;346.4556;Palm;b974454d-ae33-4d16-9737-e66469f616ef;;OpenLoop;2026-05-18 09:44:55.9032;Hands;2;OpenXR
Left;;Baseline;0;NoMitigation;None;anonymous;Sample;439;0.0000;-0.0149;-0.0006;-0.0272;8.9200;356.7872;1.2390;-0.0149;-0.0006;-0.0272;0.9965;0.0774;-0.0288;0.0130;0;;;;;;;;;;;;;0;-0.0653;-0.3888;0.2028;334.9164;31.5262;19.0419;Palm;-0.4785;-0.1935;-0.8565;-0.0318;-0.3989;0.2025;-0.2508;-0.0245;0.9631;-0.0941;;;;;;;;;;;;;0;0.0688;-0.1706;0.3868;338.4747;353.1753;346.2538;Palm;b974454d-ae33-4d16-9737-e66469f616ef;;OpenLoop;2026-05-18 09:44:55.9361;Hands;2;OpenXR
Left;;Baseline;0;NoMitigation;None;anonymous;Sample;441;0.0000;-0.0154;-0.0009;-0.0210;8.4111;357.1074;1.3527;-0.0154;-0.0009;-0.0210;0.9969;0.0730;-0.0260;0.0136;0;;;;;;;;;;;;;0;-0.0662;-0.3878;0.1993;334.5582;32.1433;19.3130;Palm;-0.4825;-0.1975;-0.8534;-0.0322;-0.3986;0.2008;-0.2532;-0.0252;0.9623;-0.0960;;;;;;;;;;;;;0;0.0698;-0.1461;0.3603;327.9273;352.5846;339.3087;Palm;b974454d-ae33-4d16-9737-e66469f616ef;;OpenLoop;2026-05-18 09:44:55.9700;Hands;2;OpenXR
Left;;Baseline;0;NoMitigation;None;anonymous;Sample;443;0.0000;-0.0157;-0.0049;-0.0166;9.2886;357.2719;1.3906;-0.0157;-0.0049;-0.0166;0.9963;0.0807;-0.0247;0.0140;0;;;;;;;;;;;;;0;-0.0681;-0.3718;0.1745;330.5937;36.2441;25.5848;Palm;-0.5187;-0.2300;-0.8234;-0.0332;-0.3896;0.1866;-0.2755;-0.0321;0.9543;-0.1112;;;;;;;;;;;;;0;0.0793;-0.1144;0.2974;310.8814;352.6283;328.5762;Palm;b974454d-ae33-4d16-9737-e66469f616ef;;OpenLoop;2026-05-18 09:44:56.0031;Hands;2;OpenXR
Left;;Baseline;0;NoMitigation;None;anonymous;Sample;445;0.0000;-0.0160;-0.0093;-0.0137;12.8866;357.2133;0.9359;-0.0160;-0.0093;-0.0137;0.9933;0.1120;-0.0251;0.0108;0;;;;;;;;;;;;;0;-0.0707;-0.3555;0.1507;327.3258;38.8762;30.7221;Palm;-0.5638;-0.2824;-0.7762;-0.0349;-0.3733;0.1634;-0.3058;-0.0441;0.9414;-0.1357;;;;;;;;;;;;;0;0.0901;-0.0977;0.2446;303.9991;354.1307;323.1062;Palm;b974454d-ae33-4d16-9737-e66469f616ef;;OpenLoop;2026-05-18 09:44:56.0367;Hands;2;OpenXR
Left;;Baseline;0;NoMitigation;None;anonymous;Sample;447;0.0000;-0.0158;-0.0135;-0.0086;14.6573;356.5930;0.7128;-0.0158;-0.0135;-0.0086;0.9913;0.1273;-0.0303;0.0100;0;;;;;;;;;;;;;0;-0.0734;-0.3031;0.0935;318.4958;44.6421;35.2271;Palm;-0.5975;-0.3986;-0.6958;-0.0375;-0.3370;0.1202;-0.3401;-0.0707;0.9181;-0.1909;;;;;;;;;;;;;0;0.1117;-0.0936;0.1498;284.6701;19.8357;282.1485;Palm;b974454d-ae33-4d16-9737-e66469f616ef;;OpenLoop;2026-05-18 09:44:56.0699;Hands;2;OpenXR
Left;;Baseline;0;NoMitigation;None;anonymous;Sample;449;0.0000;-0.0154;-0.0183;-0.0056;16.3860;355.9472;359.7516;-0.0154;-0.0183;-0.0056;0.9892;0.1425;-0.0347;0.0029;0;;;;;;;;;;;;;0;-0.0740;-0.2484;0.0498;308.7517;53.2854;35.9377;Palm;-0.6024;-0.5529;-0.5757;-0.0399;-0.2893;0.0723;-0.3764;-0.1135;0.8803;-0.2655;;;;;;;;;;;;;0;0.1282;-0.1008;0.1121;288.7283;94.8595;187.8182;Palm;b974454d-ae33-4d16-9737-e66469f616ef;;OpenLoop;2026-05-18 09:44:56.1033;Hands;2;OpenXR
Left;;Baseline;0;NoMitigation;None;anonymous;Sample;451;0.0000;-0.0145;-0.0233;-0.0046;19.1240;355.7047;358.4727;-0.0145;-0.0233;-0.0046;0.9854;0.1665;-0.0347;-0.0069;0;;;;;;;;;;;;;0;-0.0768;-0.2270;0.0203;301.7116;66.2211;32.3031;Palm;-0.5952;-0.6797;-0.4286;-0.0442;-0.2548;0.0309;-0.4244;-0.1664;0.8286;-0.3249;;;;;;;;;;;;;0;0.1467;-0.1072;0.0852;291.8817;109.5016;155.6223;Palm;b974454d-ae33-4d16-9737-e66469f616ef;;OpenLoop;2026-05-18 09:44:56.1371;Hands;2;OpenXR
Left;;Baseline;0;NoMitigation;None;anonymous;Sample;453;0.0000;-0.0135;-0.0276;-0.0034;21.1892;355.7148;357.7322;-0.0135;-0.0276;-0.0034;0.9822;0.1844;-0.0331;-0.0126;0;;;;;;;;;;;;;0;-0.0885;-0.2105;0.0067;297.1980;72.5463;32.1478;Palm;-0.5632;-0.7632;-0.3169;-0.0526;-0.2300;0.0022;-0.4580;-0.2123;0.7832;-0.3631;;;;;;;;;;;;;0;0.1461;-0.1133;0.0758;290.6819;117.9584;140.9276;Palm;b974454d-ae33-4d16-9737-e66469f616ef;;OpenLoop;2026-05-18 09:44:56.1698;Hands;2;OpenXR
Left;;Baseline;0;NoMitigation;None;anonymous;Sample;455;0.0000;-0.0123;-0.0307;-0.0022;22.5074;355.9207;357.3234;-0.0123;-0.0307;-0.0022;0.9800;0.1958;-0.0303;-0.0159;0;;;;;;;;;;;;;0;-0.1074;-0.2030;0.0052;296.2621;69.4710;38.6419;Palm;-0.4875;-0.8284;-0.2756;-0.0663;-0.2132;-0.0134;-0.4450;-0.2363;0.7629;-0.4051;;;;;;;;;;;;;0;0.1339;-0.1211;0.0855;287.1043;128.4433;130.1886;Palm;b974454d-ae33-4d16-9737-e66469f616ef;;OpenLoop;2026-05-18 09:44:56.2021;Hands;2;OpenXR
Left;;Baseline;0;NoMitigation;None;anonymous;Sample;457;0.0000;-0.0109;-0.0333;-0.0011;23.6363;356.3855;357.0320;-0.0109;-0.0333;-0.0011;0.9782;0.2054;-0.0256;-0.0189;0;;;;;;;;;;;;;0;-0.1239;-0.1949;0.0011;296.7367;63.8430;46.8830;Palm;-0.3892;-0.8687;-0.3064;-0.0802;-0.2008;-0.0223;-0.3776;-0.2194;0.7778;-0.4519;;;;;;;;;;;;;0;0.1251;-0.1278;0.0896;284.4196;140.0186;119.7141;Palm;b974454d-ae33-4d16-9737-e66469f616ef;;OpenLoop;2026-05-18 09:44:56.2364;Hands;2;OpenXR
Left;;Baseline;0;NoMitigation;None;anonymous;Sample;459;0.0000;-0.0099;-0.0360;0.0011;24.5146;357.1614;357.3439;-0.0099;-0.0360;0.0011;0.9768;0.2127;-0.0193;-0.0174;0;;;;;;;;;;;;;0;-0.1304;-0.1935;-0.0043;297.3368;62.8720;49.1728;Palm;-0.3396;-0.8806;-0.3306;-0.0905;-0.1938;-0.0295;-0.3338;-0.1994;0.7909;-0.4725;;;;;;;;;;;;;0;0.1130;-0.1339;0.0978;281.2842;153.2057;106.8839;Palm;b974454d-ae33-4d16-9737-e66469f616ef;;OpenLoop;2026-05-18 09:44:56.2693;Hands;2;OpenXR
Left;;Baseline;0;NoMitigation;None;anonymous;Sample;461;0.0000;-0.0079;-0.0390;0.0030;25.6508;357.7395;357.5744;-0.0079;-0.0390;0.0030;0.9747;0.2223;-0.0145;-0.0163;0;;;;;;;;;;;;;0;-0.0155;-0.2573;0.0662;295.2467;83.4293;15.2684;Palm;0.0275;-0.9720;-0.2332;-0.0216;-0.2250;0.0050;0.0462;0.0363;0.7844;-0.6175;;;;;;;;;;;;;0;;;;;;;;b974454d-ae33-4d16-9737-e66469f616ef;;OpenLoop;2026-05-18 09:44:56.3020;Hands;2;OpenXR
Left;;Baseline;0;NoMitigation;None;anonymous;Sample;463;0.0000;-0.0062;-0.0419;0.0048;27.1160;358.7634;357.7733;-0.0062;-0.0419;0.0048;0.9719;0.2346;-0.0059;-0.0164;0;;;;;;;;;;;;;0;-0.0544;-0.2354;0.0432;294.1805;73.8856;27.2296;Palm;0.1315;-0.9719;-0.1950;-0.0079;-0.2310;0.0121;0.2298;0.1808;0.7515;-0.5914;;;;;;;;;;;;;0;;;;;;;;b974454d-ae33-4d16-9737-e66469f616ef;;OpenLoop;2026-05-18 09:44:56.3363;Hands;2;OpenXR
Left;;Baseline;0;NoMitigation;None;anonymous;Sample;465;0.0000;-0.0050;-0.0435;0.0092;25.9793;358.9265;359.0496;-0.0050;-0.0435;0.0092;0.9744;0.2248;-0.0073;-0.0060;0;;;;;;;;;;;;;0;-0.0690;-0.2205;0.0327;294.9398;68.0719;34.6071;Palm;0.1393;-0.9680;-0.2089;-0.0132;-0.2248;0.0086;0.2293;0.1774;0.7570;-0.5857;;;;;;;;;;;;;0;;;;;;;;b974454d-ae33-4d16-9737-e66469f616ef;;OpenLoop;2026-05-18 09:44:56.3700;Hands;2;OpenXR
Left;;Baseline;0;NoMitigation;None;anonymous;Sample;467;0.0000;-0.0046;-0.0476;0.0137;22.5054;358.2193;358.8361;-0.0046;-0.0476;0.0137;0.9806;0.1953;-0.0133;-0.0069;0;;;;;;;;;;;;;0;-0.0763;-0.2120;0.0264;295.6788;64.7016;39.2401;Palm;0.1002;-0.9668;-0.2349;-0.0215;-0.2166;0.0029;0.1586;0.1222;0.7762;-0.5978;;;;;;;;;;;;;0;;;;;;;;b974454d-ae33-4d16-9737-e66469f616ef;;OpenLoop;2026-05-18 09:44:56.4023;Hands;2;OpenXR
Left;;Baseline;0;NoMitigation;None;anonymous;Sample;469;0.0000;-0.0042;-0.0507;0.0178;19.7480;358.5674;358.1091;-0.0042;-0.0507;0.0178;0.9850;0.1716;-0.0095;-0.0141;0;;;;;;;;;;;;;0;-0.0805;-0.2079;0.0207;296.0160;62.1975;42.7815;Palm;0.0665;-0.9629;-0.2615;-0.0288;-0.2103;-0.0030;0.0989;0.0750;0.7906;-0.5996;;;;;;;;;;;;;0;;;;;;;;b974454d-ae33-4d16-9737-e66469f616ef;;OpenLoop;2026-05-18 09:44:56.4356;Hands;2;OpenXR
Left;;Baseline;0;NoMitigation;None;anonymous;Sample;471;0.0000;-0.0042;-0.0534;0.0225;18.3826;357.9429;358.9120;-0.0042;-0.0534;0.0225;0.9870;0.1599;-0.0162;-0.0065;0;;;;;;;;;;;;;0;-0.0830;-0.2038;0.0153;296.4774;60.5384;45.2013;Palm;0.0360;-0.9584;-0.2831;-0.0341;-0.2052;-0.0090;0.0506;0.0378;0.8001;-0.5965;;;;;;;;;;;;;0;;;;;;;;b974454d-ae33-4d16-9737-e66469f616ef;;OpenLoop;2026-05-18 09:44:56.4686;Hands;2;OpenXR
Left;;Baseline;0;NoMitigation;None;anonymous;Sample;473;0.0000;-0.0040;-0.0557;0.0253;18.3025;358.2428;358.6524;-0.0040;-0.0557;0.0253;0.9871;0.1592;-0.0133;-0.0092;0;;;;;;;;;;;;;0;-0.0851;-0.1994;0.0106;297.1514;59.8489;46.5876;Palm;0.0077;-0.9539;-0.3001;-0.0382;-0.2005;-0.0144;0.0103;0.0076;0.8062;-0.5915;;;;;;;;;;;;;0;;;;;;;;b974454d-ae33-4d16-9737-e66469f616ef;;OpenLoop;2026-05-18 09:44:56.5030;Hands;2;OpenXR
Left;;Baseline;0;NoMitigation;None;anonymous;Sample;475;0.0000;-0.0039;-0.0580;0.0287;18.0284;357.9565;358.3478;-0.0039;-0.0580;0.0287;0.9874;0.1569;-0.0154;-0.0114;0;;;;;;;;;;;;;0;-0.0883;-0.1972;0.0057;297.7756;59.0356;48.1379;Palm;-0.0154;-0.9488;-0.3155;-0.0422;-0.1969;-0.0198;-0.0198;-0.0142;0.8109;-0.5847;;;;;;;;;;;;;0;;;;;;;;b974454d-ae33-4d16-9737-e66469f616ef;;OpenLoop;2026-05-18 09:44:56.5368;Hands;2;OpenXR
Left;;Baseline;0;NoMitigation;None;anonymous;Sample;477;0.0000;-0.0036;-0.0603;0.0311;18.2643;357.6986;358.6825;-0.0036;-0.0603;0.0311;0.9871;0.1589;-0.0180;-0.0082;0;;;;;;;;;;;;;0;;;;;;;;-0.0264;-0.9460;-0.3231;-0.0442;-0.1952;-0.0224;-0.0332;-0.0237;0.8130;-0.5808;;;;;;;;;;;;;0;;;;;;;;b974454d-ae33-4d16-9737-e66469f616ef;;OpenLoop;2026-05-18 09:44:56.5695;Hands;2;OpenXR
Left;;Baseline;0;NoMitigation;None;anonymous;Sample;479;0.0000;-0.0039;-0.0619;0.0342;18.1355;357.7078;357.8022;-0.0039;-0.0619;0.0342;0.9872;0.1579;-0.0167;-0.0158;0;;;;;;;;;;;;;0;;;;;;;;-0.0313;-0.9447;-0.3264;-0.0451;-0.1944;-0.0235;-0.0389;-0.0277;0.8139;-0.5791;;;;;;;;;;;;;0;;;;;;;;b974454d-ae33-4d16-9737-e66469f616ef;;OpenLoop;2026-05-18 09:44:56.6028;Hands;2;OpenXR
Left;;Baseline;0;NoMitigation;None;anonymous;Sample;481;0.0000;-0.0041;-0.0652;0.0372;17.0862;357.6719;357.2974;-0.0041;-0.0652;0.0372;0.9885;0.1490;-0.0166;-0.0203;0;;;;;;;;;;;;;0;;;;;;;;-0.0334;-0.9442;-0.3278;-0.0455;-0.1941;-0.0240;-0.0414;-0.0294;0.8143;-0.5783;;;;;;;;;;;;;0;;;;;;;;b974454d-ae33-4d16-9737-e66469f616ef;;OpenLoop;2026-05-18 09:44:56.6364;Hands;2;OpenXR
Left;;Baseline;0;NoMitigation;None;anonymous;Sample;483;0.0000;-0.0047;-0.0674;0.0392;16.8882;357.4908;357.0034;-0.0047;-0.0674;0.0392;0.9887;0.1473;-0.0178;-0.0226;0;;;;;;;;;;;;;0;;;;;;;;-0.0343;-0.9439;-0.3284;-0.0457;-0.1939;-0.0242;-0.0425;-0.0301;0.8144;-0.5779;;;;;;;;;;;;;0;;;;;;;;b974454d-ae33-4d16-9737-e66469f616ef;;OpenLoop;2026-05-18 09:44:56.6697;Hands;2;OpenXR
Left;;Baseline;0;NoMitigation;None;anonymous;Sample;485;0.0000;-0.0052;-0.0696;0.0408;17.2713;356.9236;356.8080;-0.0052;-0.0696;0.0408;0.9880;0.1508;-0.0223;-0.0235;0;;;;;;;;;;;;;0;;;;;;;;-0.0347;-0.9438;-0.3287;-0.0457;-0.1938;-0.0243;-0.0429;-0.0304;0.8145;-0.5778;;;;;;;;;;;;;0;;;;;;;;b974454d-ae33-4d16-9737-e66469f616ef;;OpenLoop;2026-05-18 09:44:56.7029;Hands;2;OpenXR
Left;;Baseline;0;NoMitigation;None;anonymous;Sample;487;0.0000;-0.0055;-0.0719;0.0434;16.8778;356.4356;355.9587;-0.0055;-0.0719;0.0434;0.9882;0.1477;-0.0256;-0.0303;0;;;;;;;;;;;;;0;;;;;;;;-0.0349;-0.9437;-0.3288;-0.0458;-0.1938;-0.0244;-0.0431;-0.0306;0.8145;-0.5777;;;;;;;;;;;;;0;;;;;;;;b974454d-ae33-4d16-9737-e66469f616ef;;OpenLoop;2026-05-18 09:44:56.7368;Hands;2;OpenXR
Left;;Baseline;0;NoMitigation;None;anonymous;Sample;489;0.0000;-0.0067;-0.0756;0.0446;15.2363;356.2395;355.8687;-0.0067;-0.0756;0.0446;0.9902;0.1336;-0.0277;-0.0314;0;;;;;;;;;;;;;0;;;;;;;;-0.0350;-0.9437;-0.3289;-0.0458;-0.1938;-0.0244;-0.0432;-0.0306;0.8146;-0.5777;;;;;;;;;;;;;0;;;;;;;;b974454d-ae33-4d16-9737-e66469f616ef;;OpenLoop;2026-05-18 09:44:56.7697;Hands;2;OpenXR
Left;;Baseline;0;NoMitigation;None;anonymous;Sample;491;0.0000;-0.0063;-0.0764;0.0467;15.7174;354.8120;356.1983;-0.0063;-0.0764;0.0467;0.9893;0.1380;-0.0403;-0.0266;0;;;;;;;;;;;;;0;;;;;;;;-0.0350;-0.9437;-0.3289;-0.0458;-0.1938;-0.0244;-0.0432;-0.0307;0.8146;-0.5777;;;;;;;;;;;;;0;;;;;;;;b974454d-ae33-4d16-9737-e66469f616ef;;OpenLoop;2026-05-18 09:44:56.8034;Hands;2;OpenXR
Left;;Baseline;0;NoMitigation;None;anonymous;Sample;493;0.0000;-0.0065;-0.0783;0.0481;15.2479;354.7619;356.4343;-0.0065;-0.0783;0.0481;0.9898;0.1339;-0.0411;-0.0247;0;;;;;;;;;;;;;0;;;;;;;;-0.0350;-0.9437;-0.3289;-0.0458;-0.1938;-0.0244;-0.0433;-0.0307;0.8146;-0.5776;;;;;;;;;;;;;0;;;;;;;;b974454d-ae33-4d16-9737-e66469f616ef;;OpenLoop;2026-05-18 09:44:56.8366;Hands;2;OpenXR
Left;;Baseline;0;NoMitigation;None;anonymous;Sample;495;0.0000;-0.0061;-0.0808;0.0505;14.5172;353.8901;357.2298;-0.0061;-0.0808;0.0505;0.9904;0.1274;-0.0498;-0.0172;0;;;;;;;;;;;;;0;;;;;;;;-0.0350;-0.9437;-0.3289;-0.0458;-0.1938;-0.0244;-0.0433;-0.0307;0.8146;-0.5776;;;;;;;;;;;;;0;;;;;;;;b974454d-ae33-4d16-9737-e66469f616ef;;OpenLoop;2026-05-18 09:44:56.8698;Hands;2;OpenXR
Left;;Baseline;0;NoMitigation;None;anonymous;Sample;497;0.0000;-0.0073;-0.0796;0.0588;10.6915;353.7905;357.3394;-0.0073;-0.0796;0.0588;0.9940;0.0943;-0.0518;-0.0180;0;;;;;;;;;;;;;0;;;;;;;;-0.0350;-0.9437;-0.3289;-0.0458;-0.1938;-0.0244;-0.0433;-0.0307;0.8146;-0.5776;;;;;;;;;;;;;0;;;;;;;;b974454d-ae33-4d16-9737-e66469f616ef;;OpenLoop;2026-05-18 09:44:56.9023;Hands;2;OpenXR
Left;;Baseline;0;NoMitigation;None;anonymous;Sample;499;0.0000;-0.0059;-0.0763;0.0629;7.1431;354.2905;357.9155;-0.0059;-0.0763;0.0629;0.9967;0.0631;-0.0486;-0.0150;0;;;;;;;;;;;;;0;;;;;;;;-0.0350;-0.9437;-0.3289;-0.0458;-0.1938;-0.0244;-0.0433;-0.0307;0.8146;-0.5776;;;;;;;;;;;;;0;;;;;;;;b974454d-ae33-4d16-9737-e66469f616ef;;OpenLoop;2026-05-18 09:44:56.9360;Hands;2;OpenXR
Left;;Baseline;0;NoMitigation;None;anonymous;Sample;501;0.0000;-0.0053;-0.0736;0.0680;3.6006;354.9469;358.3562;-0.0053;-0.0736;0.0680;0.9985;0.0320;-0.0436;-0.0129;0;;;;;;;;;;;;;0;;;;;;;;-0.0350;-0.9437;-0.3289;-0.0458;-0.1938;-0.0244;-0.0433;-0.0307;0.8146;-0.5776;;;;;;;;;;;;;0;;;;;;;;b974454d-ae33-4d16-9737-e66469f616ef;;OpenLoop;2026-05-18 09:44:56.9702;Hands;2;OpenXR
Left;;Baseline;0;NoMitigation;None;anonymous;Sample;503;0.0000;-0.0054;-0.0697;0.0711;1.0402;354.6707;359.4836;-0.0054;-0.0697;0.0711;0.9989;0.0093;-0.0464;-0.0041;0;;;;;;;;;;;;;0;;;;;;;;-0.0350;-0.9437;-0.3289;-0.0458;-0.1938;-0.0244;-0.0433;-0.0307;0.8146;-0.5776;;;;;;;;;;;;;0;;;;;;;;b974454d-ae33-4d16-9737-e66469f616ef;;OpenLoop;2026-05-18 09:44:57.0025;Hands;2;OpenXR
Left;;Baseline;0;NoMitigation;None;anonymous;Sample;505;0.0000;-0.0065;-0.0653;0.0746;358.7659;354.3819;0.0518;-0.0065;-0.0653;0.0746;0.9987;-0.0108;-0.0490;-0.0001;0;;;;;;;;;;;;;0;;;;;;;;-0.0350;-0.9437;-0.3289;-0.0458;-0.1938;-0.0244;-0.0433;-0.0307;0.8146;-0.5776;;;;;;;;;;;;;0;;;;;;;;b974454d-ae33-4d16-9737-e66469f616ef;;OpenLoop;2026-05-18 09:44:57.0368;Hands;2;OpenXR
Left;;Baseline;0;NoMitigation;None;anonymous;Sample;507;0.0000;-0.0064;-0.0575;0.0792;357.5499;353.2012;1.7022;-0.0064;-0.0575;0.0792;0.9979;-0.0222;-0.0590;0.0136;0;;;;;;;;;;;;;0;;;;;;;;-0.0350;-0.9437;-0.3289;-0.0458;-0.1938;-0.0244;-0.0433;-0.0307;0.8146;-0.5776;;;;;;;;;;;;;0;;;;;;;;b974454d-ae33-4d16-9737-e66469f616ef;;OpenLoop;2026-05-18 09:44:57.0699;Hands;2;OpenXR
Left;;Baseline;0;NoMitigation;None;anonymous;Sample;509;0.0000;-0.0072;-0.0513;0.0795;355.1482;354.4709;2.2203;-0.0072;-0.0513;0.0795;0.9978;-0.0432;-0.0474;0.0173;0;;;;;;;;;;;;;0;;;;;;;;-0.0350;-0.9437;-0.3289;-0.0458;-0.1938;-0.0244;-0.0433;-0.0307;0.8146;-0.5776;;;;;;;;;;;;;0;;;;;;;;b974454d-ae33-4d16-9737-e66469f616ef;;OpenLoop;2026-05-18 09:44:57.1031;Hands;2;OpenXR
Left;;Baseline;0;NoMitigation;None;anonymous;Sample;511;0.0000;-0.0078;-0.0419;0.0848;354.0663;356.1080;0.3196;-0.0078;-0.0419;0.0848;0.9981;-0.0518;-0.0338;0.0010;0;;;;;;;;;;;;;0;;;;;;;;-0.0350;-0.9437;-0.3289;-0.0458;-0.1938;-0.0244;-0.0433;-0.0307;0.8146;-0.5776;;;;;;;;;;;;;0;;;;;;;;b974454d-ae33-4d16-9737-e66469f616ef;;OpenLoop;2026-05-18 09:44:57.1368;Hands;2;OpenXR
Left;;Baseline;0;NoMitigation;None;anonymous;Sample;513;0.0000;-0.0053;-0.0351;0.0856;351.3830;355.7804;0.9863;-0.0053;-0.0351;0.0856;0.9965;-0.0754;-0.0361;0.0058;0;;;;;;;;;;;;;0;;;;;;;;-0.0350;-0.9437;-0.3289;-0.0458;-0.1938;-0.0244;-0.0433;-0.0307;0.8146;-0.5776;;;;;;;;;;;;;0;;;;;;;;b974454d-ae33-4d16-9737-e66469f616ef;;OpenLoop;2026-05-18 09:44:57.1696;Hands;2;OpenXR
Left;;Baseline;0;NoMitigation;None;anonymous;Sample;515;0.0000;-0.0060;-0.0270;0.0884;349.5036;356.9207;1.2325;-0.0060;-0.0270;0.0884;0.9954;-0.0917;-0.0258;0.0082;0;;;;;;;;;;;;;0;;;;;;;;-0.0350;-0.9437;-0.3289;-0.0458;-0.1938;-0.0244;-0.0433;-0.0307;0.8146;-0.5776;;;;;;;;;;;;;0;;;;;;;;b974454d-ae33-4d16-9737-e66469f616ef;;OpenLoop;2026-05-18 09:44:57.2039;Hands;2;OpenXR
Left;;Baseline;0;NoMitigation;None;anonymous;Sample;517;0.0000;-0.0062;-0.0191;0.0889;348.4299;357.0304;1.1014;-0.0062;-0.0191;0.0889;0.9946;-0.1010;-0.0248;0.0069;0;;;;;;;;;;;;;0;;;;;;;;-0.0350;-0.9437;-0.3289;-0.0458;-0.1938;-0.0244;-0.0433;-0.0307;0.8146;-0.5776;;;;;;;;;;;;;0;;;;;;;;b974454d-ae33-4d16-9737-e66469f616ef;;OpenLoop;2026-05-18 09:44:57.2367;Hands;2;OpenXR
Left;;Baseline;0;NoMitigation;None;anonymous;Sample;519;0.0000;-0.0074;-0.0134;0.0916;346.9811;357.1073;2.0440;-0.0074;-0.0134;0.0916;0.9931;-0.1138;-0.0231;0.0149;0;;;;;;;;;;;;;0;;;;;;;;-0.0350;-0.9437;-0.3289;-0.0458;-0.1938;-0.0244;-0.0433;-0.0307;0.8146;-0.5776;;;;;;;;;;;;;0;;;;;;;;b974454d-ae33-4d16-9737-e66469f616ef;;OpenLoop;2026-05-18 09:44:57.2699;Hands;2;OpenXR
Left;;Baseline;0;NoMitigation;None;anonymous;Sample;521;0.0000;-0.0084;-0.0068;0.0951;345.0040;356.8834;2.8285;-0.0084;-0.0068;0.0951;0.9909;-0.1311;-0.0237;0.0209;0;;;;;;;;;;;;;0;;;;;;;;-0.0350;-0.9437;-0.3289;-0.0458;-0.1938;-0.0244;-0.0433;-0.0307;0.8146;-0.5776;;;;;;;;;;;;;0;;;;;;;;b974454d-ae33-4d16-9737-e66469f616ef;;OpenLoop;2026-05-18 09:44:57.3038;Hands;2;OpenXR
Left;;Baseline;0;NoMitigation;None;anonymous;Sample;523;0.0000;-0.0093;0.0000;0.0958;344.7324;357.1909;3.2447;-0.0093;0.0000;0.0958;0.9905;-0.1334;-0.0205;0.0248;0;;;;;;;;;;;;;0;;;;;;;;-0.0350;-0.9437;-0.3289;-0.0458;-0.1938;-0.0244;-0.0433;-0.0307;0.8146;-0.5776;;;;;;;;;;;;;0;;;;;;;;b974454d-ae33-4d16-9737-e66469f616ef;;OpenLoop;2026-05-18 09:44:57.3366;Hands;2;OpenXR
Left;;Baseline;0;NoMitigation;None;anonymous;Sample;525;0.0000;-0.0096;0.0067;0.0974;344.5047;357.1222;3.7667;-0.0096;0.0067;0.0974;0.9901;-0.1355;-0.0204;0.0292;0;;;;;;;;;;;;;0;;;;;;;;-0.0350;-0.9437;-0.3289;-0.0458;-0.1938;-0.0244;-0.0433;-0.0307;0.8146;-0.5776;;;;;;;;;;;;;0;;;;;;;;b974454d-ae33-4d16-9737-e66469f616ef;;OpenLoop;2026-05-18 09:44:57.3703;Hands;2;OpenXR
Left;;Baseline;0;NoMitigation;None;anonymous;Sample;527;0.0000;-0.0095;0.0133;0.0999;344.0553;356.8419;4.7006;-0.0095;0.0133;0.0999;0.9893;-0.1396;-0.0216;0.0368;0;;;;;;;;;;;;;0;;;;;;;;-0.0350;-0.9437;-0.3289;-0.0458;-0.1938;-0.0244;-0.0433;-0.0307;0.8146;-0.5776;;;;;;;;;;;;;0;;;;;;;;b974454d-ae33-4d16-9737-e66469f616ef;;OpenLoop;2026-05-18 09:44:57.4040;Hands;2;OpenXR
Left;;Baseline;0;NoMitigation;None;anonymous;Sample;529;0.0000;-0.0103;0.0196;0.1013;343.5665;357.7089;5.2085;-0.0103;0.0196;0.1013;0.9886;-0.1436;-0.0133;0.0421;0;;;;;;;;;;;;;0;;;;;;;;-0.0350;-0.9437;-0.3289;-0.0458;-0.1938;-0.0244;-0.0433;-0.0307;0.8146;-0.5776;;;;;;;;;;;;;0;;;;;;;;b974454d-ae33-4d16-9737-e66469f616ef;;OpenLoop;2026-05-18 09:44:57.4378;Hands;2;OpenXR
Left;;Baseline;0;NoMitigation;None;anonymous;Sample;531;0.0000;-0.0105;0.0262;0.1025;343.6791;357.9377;6.3143;-0.0105;0.0262;0.1025;0.9884;-0.1427;-0.0100;0.0520;0;;;;;;;;;;;;;0;;;;;;;;-0.0350;-0.9437;-0.3289;-0.0458;-0.1938;-0.0244;-0.0433;-0.0307;0.8146;-0.5776;;;;;;;;;;;;;0;;;;;;;;b974454d-ae33-4d16-9737-e66469f616ef;;OpenLoop;2026-05-18 09:44:57.4706;Hands;2;OpenXR
Left;;Baseline;0;NoMitigation;None;anonymous;Sample;533;0.0000;-0.0111;0.0317;0.1036;345.3457;357.5119;7.9276;-0.0111;0.0317;0.1036;0.9894;-0.1287;-0.0127;0.0658;0;;;;;;;;;;;;;0;;;;;;;;-0.0350;-0.9437;-0.3289;-0.0458;-0.1938;-0.0244;-0.0433;-0.0307;0.8146;-0.5776;;;;;;;;;;;;;0;;;;;;;;b974454d-ae33-4d16-9737-e66469f616ef;;OpenLoop;2026-05-18 09:44:57.5041;Hands;2;OpenXR
Left;;Baseline;0;NoMitigation;None;anonymous;Sample;535;0.0000;-0.0126;0.0357;0.1028;347.7280;357.3391;9.2458;-0.0126;0.0357;0.1028;0.9910;-0.1084;-0.0144;0.0776;0;;;;;;;;;;;;;0;;;;;;;;-0.0350;-0.9437;-0.3289;-0.0458;-0.1938;-0.0244;-0.0433;-0.0307;0.8146;-0.5776;;;;;;;;;;;;;0;;;;;;;;b974454d-ae33-4d16-9737-e66469f616ef;;OpenLoop;2026-05-18 09:44:57.5362;Hands;2;OpenXR
Left;;Baseline;0;NoMitigation;None;anonymous;Sample;537;0.0000;-0.0153;0.0393;0.1046;350.1730;356.4596;11.8784;-0.0153;0.0393;0.1046;0.9908;-0.0883;-0.0218;0.1004;0;;;;;;;;;;;;;0;;;;;;;;-0.0350;-0.9437;-0.3289;-0.0458;-0.1938;-0.0244;-0.0433;-0.0307;0.8146;-0.5776;;;;;;;;;;;;;0;;;;;;;;b974454d-ae33-4d16-9737-e66469f616ef;;OpenLoop;2026-05-18 09:44:57.5710;Hands;2;OpenXR
Left;;Baseline;0;NoMitigation;None;anonymous;Sample;539;0.0000;-0.0190;0.0428;0.1055;356.2269;356.0692;14.8734;-0.0190;0.0428;0.1055;0.9906;-0.0371;-0.0297;0.1282;0;;;;;;;;;;;;;0;;;;;;;;-0.0350;-0.9437;-0.3289;-0.0458;-0.1938;-0.0244;-0.0433;-0.0307;0.8146;-0.5776;;;;;;;;;;;;;0;;;;;;;;b974454d-ae33-4d16-9737-e66469f616ef;;OpenLoop;2026-05-18 09:44:57.6043;Hands;2;OpenXR
Left;;Baseline;0;NoMitigation;None;anonymous;Sample;541;0.0000;-0.0237;0.0459;0.1064;1.8150;356.5066;16.9162;-0.0237;0.0459;0.1064;0.9885;0.0112;-0.0325;0.1475;0;;;;;;;;;;;;;0;;;;;;;;-0.0350;-0.9437;-0.3289;-0.0458;-0.1938;-0.0244;-0.0433;-0.0307;0.8146;-0.5776;;;;;;;;;;;;;0;;;;;;;;b974454d-ae33-4d16-9737-e66469f616ef;;OpenLoop;2026-05-18 09:44:57.6371;Hands;2;OpenXR
Left;;Baseline;0;NoMitigation;None;anonymous;Sample;543;0.0000;-0.0282;0.0490;0.1074;6.9598;356.8742;19.2552;-0.0282;0.0490;0.1074;0.9835;0.0553;-0.0370;0.1685;0;;;;;;;;;;;;;0;;;;;;;;-0.0350;-0.9437;-0.3289;-0.0458;-0.1938;-0.0244;-0.0433;-0.0307;0.8146;-0.5776;;;;;;;;;;;;;0;;;;;;;;b974454d-ae33-4d16-9737-e66469f616ef;;OpenLoop;2026-05-18 09:44:57.6708;Hands;2;OpenXR
Left;;Baseline;0;NoMitigation;None;anonymous;Sample;545;0.0000;-0.0326;0.0522;0.1083;12.0851;357.4614;21.6633;-0.0326;0.0522;0.1083;0.9760;0.0992;-0.0414;0.1891;0;;;;;;;;;;;;;0;;;;;;;;-0.0350;-0.9437;-0.3289;-0.0458;-0.1938;-0.0244;-0.0433;-0.0307;0.8146;-0.5776;;;;;;;;;;;;;0;;;;;;;;b974454d-ae33-4d16-9737-e66469f616ef;;OpenLoop;2026-05-18 09:44:57.7036;Hands;2;OpenXR
Left;;Baseline;0;NoMitigation;None;anonymous;Sample;546;0.0000;-0.0448;0.0472;0.1177;17.8236;3.5206;22.4722;-0.0448;0.0472;0.1177;0.9695;0.1578;-0.0004;0.1877;0;;;;;;;;;;;;;0;;;;;;;;-0.0350;-0.9437;-0.3289;-0.0458;-0.1938;-0.0244;-0.0433;-0.0307;0.8146;-0.5776;;;;;;;;;;;;;0;;;;;;;;b974454d-ae33-4d16-9737-e66469f616ef;;OpenLoop;2026-05-18 09:44:57.7257;Hands;2;OpenXR
Left;;Baseline;0;NoMitigation;None;anonymous;Sample;548;0.0000;-0.0448;0.0472;0.1177;17.8236;3.5206;22.4722;-0.0448;0.0472;0.1177;0.9695;0.1578;-0.0004;0.1877;0;;;;;;;;;;;;;0;;;;;;;;-0.0350;-0.9437;-0.3289;-0.0458;-0.1938;-0.0244;-0.0433;-0.0307;0.8146;-0.5776;;;;;;;;;;;;;0;;;;;;;;b974454d-ae33-4d16-9737-e66469f616ef;;OpenLoop;2026-05-18 09:44:57.7548;Hands;2;OpenXR
Left;;Baseline;0;NoMitigation;None;anonymous;Sample;550;0.0000;-0.0448;0.0472;0.1177;17.8236;3.5206;22.4722;-0.0448;0.0472;0.1177;0.9695;0.1578;-0.0004;0.1877;0;;;;;;;;;;;;;0;;;;;;;;-0.0350;-0.9437;-0.3289;-0.0458;-0.1938;-0.0244;-0.0433;-0.0307;0.8146;-0.5776;;;;;;;;;;;;;0;;;;;;;;b974454d-ae33-4d16-9737-e66469f616ef;;OpenLoop;2026-05-18 09:44:57.7864;Hands;2;OpenXR
Left;;Baseline;0;NoMitigation;None;anonymous;Sample;552;0.0000;-0.0448;0.0472;0.1177;17.8236;3.5206;22.4722;-0.0448;0.0472;0.1177;0.9695;0.1578;-0.0004;0.1877;0;;;;;;;;;;;;;0;;;;;;;;-0.0350;-0.9437;-0.3289;-0.0458;-0.1938;-0.0244;-0.0433;-0.0307;0.8146;-0.5776;;;;;;;;;;;;;0;;;;;;;;b974454d-ae33-4d16-9737-e66469f616ef;;OpenLoop;2026-05-18 09:44:57.8207;Hands;2;OpenXR
Left;;Baseline;0;NoMitigation;None;anonymous;Sample;554;0.0000;-0.0448;0.0472;0.1177;17.8236;3.5206;22.4722;-0.0448;0.0472;0.1177;0.9695;0.1578;-0.0004;0.1877;0;;;;;;;;;;;;;0;;;;;;;;-0.0350;-0.9437;-0.3289;-0.0458;-0.1938;-0.0244;-0.0433;-0.0307;0.8146;-0.5776;;;;;;;;;;;;;0;;;;;;;;b974454d-ae33-4d16-9737-e66469f616ef;;OpenLoop;2026-05-18 09:44:57.8538;Hands;2;OpenXR
Left;;Baseline;0;NoMitigation;None;anonymous;Sample;556;0.0000;-0.0448;0.0472;0.1177;17.8236;3.5206;22.4722;-0.0448;0.0472;0.1177;0.9695;0.1578;-0.0004;0.1877;0;;;;;;;;;;;;;0;;;;;;;;-0.0350;-0.9437;-0.3289;-0.0458;-0.1938;-0.0244;-0.0433;-0.0307;0.8146;-0.5776;;;;;;;;;;;;;0;;;;;;;;b974454d-ae33-4d16-9737-e66469f616ef;;OpenLoop;2026-05-18 09:44:57.8866;Hands;2;OpenXR
Left;;Baseline;0;NoMitigation;None;anonymous;Sample;558;0.0000;-0.0448;0.0472;0.1177;17.8236;3.5206;22.4722;-0.0448;0.0472;0.1177;0.9695;0.1578;-0.0004;0.1877;0;;;;;;;;;;;;;0;;;;;;;;-0.0350;-0.9437;-0.3289;-0.0458;-0.1938;-0.0244;-0.0433;-0.0307;0.8146;-0.5776;;;;;;;;;;;;;0;;;;;;;;b974454d-ae33-4d16-9737-e66469f616ef;;OpenLoop;2026-05-18 09:44:57.9209;Hands;2;OpenXR
Left;;Baseline;0;NoMitigation;None;anonymous;Sample;560;0.0000;-0.0448;0.0472;0.1177;17.8236;3.5206;22.4722;-0.0448;0.0472;0.1177;0.9695;0.1578;-0.0004;0.1877;0;;;;;;;;;;;;;0;;;;;;;;-0.0350;-0.9437;-0.3289;-0.0458;-0.1938;-0.0244;-0.0433;-0.0307;0.8146;-0.5776;;;;;;;;;;;;;0;;;;;;;;b974454d-ae33-4d16-9737-e66469f616ef;;OpenLoop;2026-05-18 09:44:57.9540;Hands;2;OpenXR
Left;;Baseline;0;NoMitigation;None;anonymous;Sample;562;0.0000;-0.0448;0.0472;0.1177;17.8236;3.5206;22.4722;-0.0448;0.0472;0.1177;0.9695;0.1578;-0.0004;0.1877;0;;;;;;;;;;;;;0;;;;;;;;-0.0350;-0.9437;-0.3289;-0.0458;-0.1938;-0.0244;-0.0433;-0.0307;0.8146;-0.5776;;;;;;;;;;;;;0;;;;;;;;b974454d-ae33-4d16-9737-e66469f616ef;;OpenLoop;2026-05-18 09:44:57.9866;Hands;2;OpenXR
Left;;Baseline;0;NoMitigation;None;anonymous;Sample;564;0.0000;-0.0448;0.0472;0.1177;17.8236;3.5206;22.4722;-0.0448;0.0472;0.1177;0.9695;0.1578;-0.0004;0.1877;0;;;;;;;;;;;;;0;;;;;;;;-0.0350;-0.9437;-0.3289;-0.0458;-0.1938;-0.0244;-0.0433;-0.0307;0.8146;-0.5776;;;;;;;;;;;;;0;;;;;;;;b974454d-ae33-4d16-9737-e66469f616ef;;OpenLoop;2026-05-18 09:44:58.0198;Hands;2;OpenXR
Left;;Baseline;0;NoMitigation;None;anonymous;Sample;566;0.0000;-0.0448;0.0472;0.1177;17.8236;3.5206;22.4722;-0.0448;0.0472;0.1177;0.9695;0.1578;-0.0004;0.1877;0;;;;;;;;;;;;;0;;;;;;;;-0.0350;-0.9437;-0.3289;-0.0458;-0.1938;-0.0244;-0.0433;-0.0307;0.8146;-0.5776;;;;;;;;;;;;;0;;;;;;;;b974454d-ae33-4d16-9737-e66469f616ef;;OpenLoop;2026-05-18 09:44:58.0537;Hands;2;OpenXR
Left;;Baseline;0;NoMitigation;None;anonymous;Sample;568;0.0000;-0.0448;0.0472;0.1177;17.8236;3.5206;22.4722;-0.0448;0.0472;0.1177;0.9695;0.1578;-0.0004;0.1877;0;;;;;;;;;;;;;0;;;;;;;;-0.0350;-0.9437;-0.3289;-0.0458;-0.1938;-0.0244;-0.0433;-0.0307;0.8146;-0.5776;;;;;;;;;;;;;0;;;;;;;;b974454d-ae33-4d16-9737-e66469f616ef;;OpenLoop;2026-05-18 09:44:58.0872;Hands;2;OpenXR
Left;;Baseline;0;NoMitigation;None;anonymous;Sample;570;0.0000;-0.0448;0.0472;0.1177;17.8236;3.5206;22.4722;-0.0448;0.0472;0.1177;0.9695;0.1578;-0.0004;0.1877;0;;;;;;;;;;;;;0;;;;;;;;-0.0350;-0.9437;-0.3289;-0.0458;-0.1938;-0.0244;-0.0433;-0.0307;0.8146;-0.5776;;;;;;;;;;;;;0;;;;;;;;b974454d-ae33-4d16-9737-e66469f616ef;;OpenLoop;2026-05-18 09:44:58.1200;Hands;2;OpenXR
Left;;Baseline;0;NoMitigation;None;anonymous;Sample;572;0.0000;-0.0448;0.0472;0.1177;17.8236;3.5206;22.4722;-0.0448;0.0472;0.1177;0.9695;0.1578;-0.0004;0.1877;0;;;;;;;;;;;;;0;;;;;;;;-0.0350;-0.9437;-0.3289;-0.0458;-0.1938;-0.0244;-0.0433;-0.0307;0.8146;-0.5776;;;;;;;;;;;;;0;;;;;;;;b974454d-ae33-4d16-9737-e66469f616ef;;OpenLoop;2026-05-18 09:44:58.1539;Hands;2;OpenXR
Left;;Baseline;0;NoMitigation;None;anonymous;Sample;574;0.0000;-0.0448;0.0472;0.1177;17.8236;3.5206;22.4722;-0.0448;0.0472;0.1177;0.9695;0.1578;-0.0004;0.1877;0;;;;;;;;;;;;;0;;;;;;;;-0.0350;-0.9437;-0.3289;-0.0458;-0.1938;-0.0244;-0.0433;-0.0307;0.8146;-0.5776;;;;;;;;;;;;;0;;;;;;;;b974454d-ae33-4d16-9737-e66469f616ef;;OpenLoop;2026-05-18 09:44:58.1866;Hands;2;OpenXR
Left;;Baseline;0;NoMitigation;None;anonymous;Sample;576;0.0000;-0.0448;0.0472;0.1177;17.8236;3.5206;22.4722;-0.0448;0.0472;0.1177;0.9695;0.1578;-0.0004;0.1877;0;;;;;;;;;;;;;0;;;;;;;;-0.0350;-0.9437;-0.3289;-0.0458;-0.1938;-0.0244;-0.0433;-0.0307;0.8146;-0.5776;;;;;;;;;;;;;0;;;;;;;;b974454d-ae33-4d16-9737-e66469f616ef;;OpenLoop;2026-05-18 09:44:58.2202;Hands;2;OpenXR
Left;;Baseline;0;NoMitigation;None;anonymous;Sample;578;0.0000;-0.0448;0.0472;0.1177;17.8236;3.5206;22.4722;-0.0448;0.0472;0.1177;0.9695;0.1578;-0.0004;0.1877;0;;;;;;;;;;;;;0;;;;;;;;-0.0350;-0.9437;-0.3289;-0.0458;-0.1938;-0.0244;-0.0433;-0.0307;0.8146;-0.5776;;;;;;;;;;;;;0;;;;;;;;b974454d-ae33-4d16-9737-e66469f616ef;;OpenLoop;2026-05-18 09:44:58.2522;Hands;2;OpenXR
Left;;Baseline;0;NoMitigation;None;anonymous;Sample;580;0.0000;-0.0448;0.0472;0.1177;17.8236;3.5206;22.4722;-0.0448;0.0472;0.1177;0.9695;0.1578;-0.0004;0.1877;0;;;;;;;;;;;;;0;;;;;;;;-0.0350;-0.9437;-0.3289;-0.0458;-0.1938;-0.0244;-0.0433;-0.0307;0.8146;-0.5776;;;;;;;;;;;;;0;;;;;;;;b974454d-ae33-4d16-9737-e66469f616ef;;OpenLoop;2026-05-18 09:44:58.2855;Hands;2;OpenXR
Left;;Baseline;0;NoMitigation;None;anonymous;Sample;582;0.0000;-0.0448;0.0472;0.1177;17.8236;3.5206;22.4722;-0.0448;0.0472;0.1177;0.9695;0.1578;-0.0004;0.1877;0;;;;;;;;;;;;;0;;;;;;;;-0.0350;-0.9437;-0.3289;-0.0458;-0.1938;-0.0244;-0.0433;-0.0307;0.8146;-0.5776;;;;;;;;;;;;;0;;;;;;;;b974454d-ae33-4d16-9737-e66469f616ef;;OpenLoop;2026-05-18 09:44:58.3201;Hands;2;OpenXR
Left;;Baseline;0;NoMitigation;None;anonymous;Sample;584;0.0000;-0.0448;0.0472;0.1177;17.8236;3.5206;22.4722;-0.0448;0.0472;0.1177;0.9695;0.1578;-0.0004;0.1877;0;;;;;;;;;;;;;0;;;;;;;;-0.0350;-0.9437;-0.3289;-0.0458;-0.1938;-0.0244;-0.0433;-0.0307;0.8146;-0.5776;;;;;;;;;;;;;0;;;;;;;;b974454d-ae33-4d16-9737-e66469f616ef;;OpenLoop;2026-05-18 09:44:58.3538;Hands;2;OpenXR
Left;;Baseline;0;NoMitigation;None;anonymous;Sample;586;0.0000;-0.0448;0.0472;0.1177;17.8236;3.5206;22.4722;-0.0448;0.0472;0.1177;0.9695;0.1578;-0.0004;0.1877;0;;;;;;;;;;;;;0;;;;;;;;-0.0350;-0.9437;-0.3289;-0.0458;-0.1938;-0.0244;-0.0433;-0.0307;0.8146;-0.5776;;;;;;;;;;;;;0;;;;;;;;b974454d-ae33-4d16-9737-e66469f616ef;;OpenLoop;2026-05-18 09:44:58.3865;Hands;2;OpenXR
Left;;Baseline;0;NoMitigation;None;anonymous;Sample;588;0.0000;-0.0448;0.0472;0.1177;17.8236;3.5206;22.4722;-0.0448;0.0472;0.1177;0.9695;0.1578;-0.0004;0.1877;0;;;;;;;;;;;;;0;;;;;;;;-0.0350;-0.9437;-0.3289;-0.0458;-0.1938;-0.0244;-0.0433;-0.0307;0.8146;-0.5776;;;;;;;;;;;;;0;;;;;;;;b974454d-ae33-4d16-9737-e66469f616ef;;OpenLoop;2026-05-18 09:44:58.4190;Hands;2;OpenXR
Left;;Baseline;0;NoMitigation;None;anonymous;Sample;590;0.0000;-0.0448;0.0472;0.1177;17.8236;3.5206;22.4722;-0.0448;0.0472;0.1177;0.9695;0.1578;-0.0004;0.1877;0;;;;;;;;;;;;;0;;;;;;;;-0.0350;-0.9437;-0.3289;-0.0458;-0.1938;-0.0244;-0.0433;-0.0307;0.8146;-0.5776;;;;;;;;;;;;;0;0.1513;-0.2499;0.2732;315.3138;340.8958;311.1913;Palm;b974454d-ae33-4d16-9737-e66469f616ef;;OpenLoop;2026-05-18 09:44:58.4538;Hands;2;OpenXR
Left;;Baseline;0;NoMitigation;None;anonymous;Sample;592;0.0000;-0.0448;0.0472;0.1177;17.8236;3.5206;22.4722;-0.0448;0.0472;0.1177;0.9695;0.1578;-0.0004;0.1877;0;;;;;;;;;;;;;0;;;;;;;;-0.0350;-0.9437;-0.3289;-0.0458;-0.1938;-0.0244;-0.0433;-0.0307;0.8146;-0.5776;;;;;;;;;;;;;0;0.1894;-0.2846;0.3013;323.3420;359.0251;297.8911;Palm;b974454d-ae33-4d16-9737-e66469f616ef;;OpenLoop;2026-05-18 09:44:58.4855;Hands;2;OpenXR
Left;;Baseline;0;NoMitigation;None;anonymous;Sample;594;0.0000;-0.0448;0.0472;0.1177;17.8236;3.5206;22.4722;-0.0448;0.0472;0.1177;0.9695;0.1578;-0.0004;0.1877;0;;;;;;;;;;;;;0;;;;;;;;-0.0350;-0.9437;-0.3289;-0.0458;-0.1938;-0.0244;-0.0433;-0.0307;0.8146;-0.5776;;;;;;;;;;;;;0;0.1894;-0.2846;0.3013;323.3420;359.0251;297.8911;Palm;b974454d-ae33-4d16-9737-e66469f616ef;;OpenLoop;2026-05-18 09:44:58.5207;Hands;2;OpenXR
Left;;Baseline;0;NoMitigation;None;anonymous;Sample;596;0.0000;-0.0448;0.0472;0.1177;17.8236;3.5206;22.4722;-0.0448;0.0472;0.1177;0.9695;0.1578;-0.0004;0.1877;0;;;;;;;;;;;;;0;;;;;;;;-0.0350;-0.9437;-0.3289;-0.0458;-0.1938;-0.0244;-0.0433;-0.0307;0.8146;-0.5776;;;;;;;;;;;;;0;0.2150;-0.3122;0.3145;327.2603;9.1811;298.1075;Palm;b974454d-ae33-4d16-9737-e66469f616ef;;OpenLoop;2026-05-18 09:44:58.5539;Hands;2;OpenXR
Left;;Baseline;0;NoMitigation;None;anonymous;Sample;598;0.0000;-0.0448;0.0472;0.1177;17.8236;3.5206;22.4722;-0.0448;0.0472;0.1177;0.9695;0.1578;-0.0004;0.1877;0;;;;;;;;;;;;;0;;;;;;;;-0.0350;-0.9437;-0.3289;-0.0458;-0.1938;-0.0244;-0.0433;-0.0307;0.8146;-0.5776;;;;;;;;;;;;;0;0.2307;-0.3320;0.3175;329.6411;14.9248;298.9372;Palm;b974454d-ae33-4d16-9737-e66469f616ef;;OpenLoop;2026-05-18 09:44:58.5858;Hands;2;OpenXR
Left;;Baseline;0;NoMitigation;None;anonymous;Sample;600;0.0000;-0.0448;0.0472;0.1177;17.8236;3.5206;22.4722;-0.0448;0.0472;0.1177;0.9695;0.1578;-0.0004;0.1877;0;;;;;;;;;;;;;0;;;;;;;;-0.0350;-0.9437;-0.3289;-0.0458;-0.1938;-0.0244;-0.0433;-0.0307;0.8146;-0.5776;;;;;;;;;;;;;0;0.2460;-0.3478;0.3199;328.2664;14.3190;305.0126;Palm;b974454d-ae33-4d16-9737-e66469f616ef;;OpenLoop;2026-05-18 09:44:58.6200;Hands;2;OpenXR
Left;;Baseline;0;NoMitigation;None;anonymous;Sample;602;0.0000;-0.0448;0.0472;0.1177;17.8236;3.5206;22.4722;-0.0448;0.0472;0.1177;0.9695;0.1578;-0.0004;0.1877;0;;;;;;;;;;;;;0;;;;;;;;-0.0350;-0.9437;-0.3289;-0.0458;-0.1938;-0.0244;-0.0433;-0.0307;0.8146;-0.5776;;;;;;;;;;;;;0;0.2561;-0.3587;0.3208;326.2927;13.0556;310.5422;Palm;b974454d-ae33-4d16-9737-e66469f616ef;;OpenLoop;2026-05-18 09:44:58.6538;Hands;2;OpenXR
Left;;Baseline;0;NoMitigation;None;anonymous;Sample;604;0.0000;-0.0448;0.0472;0.1177;17.8236;3.5206;22.4722;-0.0448;0.0472;0.1177;0.9695;0.1578;-0.0004;0.1877;0;;;;;;;;;;;;;0;;;;;;;;-0.0350;-0.9437;-0.3289;-0.0458;-0.1938;-0.0244;-0.0433;-0.0307;0.8146;-0.5776;;;;;;;;;;;;;0;0.2655;-0.3657;0.3199;324.8907;12.0943;315.4336;Palm;b974454d-ae33-4d16-9737-e66469f616ef;;OpenLoop;2026-05-18 09:44:58.6860;Hands;2;OpenXR
Left;;Baseline;0;NoMitigation;None;anonymous;Sample;606;0.0000;-0.0448;0.0472;0.1177;17.8236;3.5206;22.4722;-0.0448;0.0472;0.1177;0.9695;0.1578;-0.0004;0.1877;0;;;;;;;;;;;;;0;;;;;;;;-0.0350;-0.9437;-0.3289;-0.0458;-0.1938;-0.0244;-0.0433;-0.0307;0.8146;-0.5776;;;;;;;;;;;;;0;0.2746;-0.3703;0.3176;323.2480;10.4769;320.9346;Palm;b974454d-ae33-4d16-9737-e66469f616ef;;OpenLoop;2026-05-18 09:44:58.7197;Hands;2;OpenXR
Left;;Baseline;0;NoMitigation;None;anonymous;Sample;608;0.0000;-0.0448;0.0472;0.1177;17.8236;3.5206;22.4722;-0.0448;0.0472;0.1177;0.9695;0.1578;-0.0004;0.1877;0;;;;;;;;;;;;;0;;;;;;;;-0.0350;-0.9437;-0.3289;-0.0458;-0.1938;-0.0244;-0.0433;-0.0307;0.8146;-0.5776;;;;;;;;;;;;;0;0.2746;-0.3703;0.3176;323.2480;10.4769;320.9346;Palm;b974454d-ae33-4d16-9737-e66469f616ef;;OpenLoop;2026-05-18 09:44:58.7540;Hands;2;OpenXR
Left;;Baseline;0;NoMitigation;None;anonymous;Sample;610;0.0000;-0.0448;0.0472;0.1177;17.8236;3.5206;22.4722;-0.0448;0.0472;0.1177;0.9695;0.1578;-0.0004;0.1877;0;;;;;;;;;;;;;0;;;;;;;;-0.0350;-0.9437;-0.3289;-0.0458;-0.1938;-0.0244;-0.0433;-0.0307;0.8146;-0.5776;;;;;;;;;;;;;0;;;;;;;;b974454d-ae33-4d16-9737-e66469f616ef;;OpenLoop;2026-05-18 09:44:58.7861;Hands;2;OpenXR
Left;;Baseline;0;NoMitigation;None;anonymous;Sample;612;0.0000;-0.0448;0.0472;0.1177;17.8236;3.5206;22.4722;-0.0448;0.0472;0.1177;0.9695;0.1578;-0.0004;0.1877;0;;;;;;;;;;;;;0;;;;;;;;-0.0350;-0.9437;-0.3289;-0.0458;-0.1938;-0.0244;-0.0433;-0.0307;0.8146;-0.5776;;;;;;;;;;;;;0;;;;;;;;b974454d-ae33-4d16-9737-e66469f616ef;;OpenLoop;2026-05-18 09:44:58.8202;Hands;2;OpenXR
Left;;Baseline;0;NoMitigation;None;anonymous;Sample;614;0.0000;-0.0448;0.0472;0.1177;17.8236;3.5206;22.4722;-0.0448;0.0472;0.1177;0.9695;0.1578;-0.0004;0.1877;0;;;;;;;;;;;;;0;-0.0687;0.0239;0.2204;278.2000;214.0378;314.8481;Palm;0.1553;-0.3290;-0.9315;-0.0613;-0.0441;0.0662;0.0814;0.0138;0.9826;-0.1663;;;;;;;;;;;;;0;;;;;;;;b974454d-ae33-4d16-9737-e66469f616ef;;OpenLoop;2026-05-18 09:44:58.8595;Hands;2;OpenXR
Left;;Baseline;0;NoMitigation;None;anonymous;Sample;615;0.0000;-0.0448;0.0472;0.1177;17.8236;3.5206;22.4722;-0.0448;0.0472;0.1177;0.9695;0.1578;-0.0004;0.1877;0;;;;;;;;;;;;;0;-0.0741;0.0238;0.2229;280.0484;210.7196;317.2225;Palm;0.2283;0.3372;-0.9133;-0.0761;0.0647;0.1326;0.1204;-0.0209;0.9779;0.1699;;;;;;;;;;;;;0;;;;;;;;b974454d-ae33-4d16-9737-e66469f616ef;;OpenLoop;2026-05-18 09:44:58.8962;Hands;2;OpenXR
Left;;Baseline;0;NoMitigation;None;anonymous;Sample;616;0.0000;-0.0448;0.0472;0.1177;17.8236;3.5206;22.4722;-0.0448;0.0472;0.1177;0.9695;0.1578;-0.0004;0.1877;0;;;;;;;;;;;;;0;-0.0784;0.0246;0.2285;281.9733;208.5117;317.0125;Palm;0.2525;0.4808;-0.8397;-0.0814;0.0932;0.1517;0.1410;-0.0361;0.9584;0.2455;;;;;;;;;;;;;0;;;;;;;;b974454d-ae33-4d16-9737-e66469f616ef;;OpenLoop;2026-05-18 09:44:58.9272;Hands;2;OpenXR
Left;;Baseline;0;NoMitigation;None;anonymous;Sample;618;0.0000;-0.0448;0.0472;0.1177;17.8236;3.5206;22.4722;-0.0448;0.0472;0.1177;0.9695;0.1578;-0.0004;0.1877;0;;;;;;;;;;;;;0;-0.0830;0.0264;0.2314;284.8630;211.3375;314.1500;Palm;0.2500;0.5148;-0.8201;-0.0861;0.1014;0.1574;0.1421;-0.0394;0.9531;0.2642;;;;;;;;;;;;;0;;;;;;;;b974454d-ae33-4d16-9737-e66469f616ef;;OpenLoop;2026-05-18 09:44:58.9569;Hands;2;OpenXR
Left;;Baseline;0;NoMitigation;None;anonymous;Sample;619;0.0000;-0.0448;0.0472;0.1177;17.8236;3.5206;22.4722;-0.0448;0.0472;0.1177;0.9695;0.1578;-0.0004;0.1877;0;;;;;;;;;;;;;0;-0.0867;0.0264;0.2338;287.5185;215.4612;309.8638;Palm;0.2256;0.5240;-0.8213;-0.0968;0.1051;0.1615;0.1286;-0.0364;0.9536;0.2699;;;;;;;;;;;;;0;;;;;;;;b974454d-ae33-4d16-9737-e66469f616ef;;OpenLoop;2026-05-18 09:44:59.0135;Hands;2;OpenXR
Left;;Baseline;0;NoMitigation;None;anonymous;Sample;621;0.0000;-0.0448;0.0472;0.1177;17.8236;3.5206;22.4722;-0.0448;0.0472;0.1177;0.9695;0.1578;-0.0004;0.1877;0;;;;;;;;;;;;;0;-0.0894;0.0263;0.2361;289.6524;217.8972;307.9930;Palm;0.1994;0.5317;-0.8232;-0.1028;0.1049;0.1630;0.1139;-0.0328;0.9542;0.2747;;;;;;;;;;;;;0;;;;;;;;b974454d-ae33-4d16-9737-e66469f616ef;;OpenLoop;2026-05-18 09:44:59.0631;Hands;2;OpenXR
Left;;Baseline;0;NoMitigation;None;anonymous;Sample;623;0.0000;-0.0448;0.0472;0.1177;17.8236;3.5206;22.4722;-0.0448;0.0472;0.1177;0.9695;0.1578;-0.0004;0.1877;0;;;;;;;;;;;;;0;-0.0915;0.0259;0.2379;291.2722;218.8687;307.4019;Palm;0.1854;0.5354;-0.8240;-0.1057;0.1042;0.1637;0.1061;-0.0308;0.9545;0.2770;;;;;;;;;;;;;0;;;;;;;;b974454d-ae33-4d16-9737-e66469f616ef;;OpenLoop;2026-05-18 09:44:59.0883;Hands;2;OpenXR
Left;;Baseline;0;NoMitigation;None;anonymous;Sample;624;0.0000;-0.0448;0.0472;0.1177;17.8236;3.5206;22.4722;-0.0448;0.0472;0.1177;0.9695;0.1578;-0.0004;0.1877;0;;;;;;;;;;;;;0;-0.0915;0.0259;0.2379;291.2722;218.8687;307.4019;Palm;0.1755;0.5380;-0.8245;-0.1078;0.1038;0.1641;0.1005;-0.0293;0.9547;0.2787;;;;;;;;;;;;;0;;;;;;;;b974454d-ae33-4d16-9737-e66469f616ef;;OpenLoop;2026-05-18 09:44:59.1117;Hands;2;OpenXR
Left;;Baseline;0;NoMitigation;None;anonymous;Sample;625;0.0000;-0.0448;0.0472;0.1177;17.8236;3.5206;22.4722;-0.0448;0.0472;0.1177;0.9695;0.1578;-0.0004;0.1877;0;;;;;;;;;;;;;0;-0.0938;0.0256;0.2395;292.2982;218.4408;307.8839;Palm;0.1646;0.5439;-0.8228;-0.1108;0.1031;0.1650;0.0945;-0.0280;0.9543;0.2822;;;;;;;;;;;;;0;;;;;;;;b974454d-ae33-4d16-9737-e66469f616ef;;OpenLoop;2026-05-18 09:44:59.1440;Hands;2;OpenXR
Left;;Baseline;0;NoMitigation;None;anonymous;Sample;628;0.0000;-0.0448;0.0472;0.1177;17.8236;3.5206;22.4722;-0.0448;0.0472;0.1177;0.9695;0.1578;-0.0004;0.1877;0;;;;;;;;;;;;;0;-0.0957;0.0258;0.2404;293.3579;217.3329;308.4438;Palm;0.1638;0.5444;-0.8227;-0.1131;0.1022;0.1651;0.0941;-0.0278;0.9542;0.2825;;;;;;;;;;;;;0;;;;;;;;b974454d-ae33-4d16-9737-e66469f616ef;;OpenLoop;2026-05-18 09:44:59.1915;Hands;2;OpenXR
Left;;Baseline;0;NoMitigation;None;anonymous;Sample;629;0.0000;-0.0448;0.0472;0.1177;17.8236;3.5206;22.4722;-0.0448;0.0472;0.1177;0.9695;0.1578;-0.0004;0.1877;0;;;;;;;;;;;;;0;-0.0971;0.0263;0.2400;294.5325;215.6518;309.0517;Palm;0.1762;0.5326;-0.8278;-0.1138;0.1010;0.1636;0.1006;-0.0290;0.9555;0.2756;;;;;;;;;;;;;0;;;;;;;;b974454d-ae33-4d16-9737-e66469f616ef;;OpenLoop;2026-05-18 09:44:59.2272;Hands;2;OpenXR
Left;;Baseline;0;NoMitigation;None;anonymous;Sample;630;0.0000;-0.0448;0.0472;0.1177;17.8236;3.5206;22.4722;-0.0448;0.0472;0.1177;0.9695;0.1578;-0.0004;0.1877;0;;;;;;;;;;;;;0;-0.0979;0.0288;0.2399;295.5892;213.6591;309.1649;Palm;0.2096;0.5064;-0.8364;-0.1122;0.1007;0.1613;0.1182;-0.0321;0.9577;0.2604;;;;;;;;;;;;;0;;;;;;;;b974454d-ae33-4d16-9737-e66469f616ef;;OpenLoop;2026-05-18 09:44:59.2730;Hands;2;OpenXR
Left;;Baseline;0;NoMitigation;None;anonymous;Sample;631;0.0000;-0.0448;0.0472;0.1177;17.8236;3.5206;22.4722;-0.0448;0.0472;0.1177;0.9695;0.1578;-0.0004;0.1877;0;;;;;;;;;;;;;0;-0.0978;0.0326;0.2399;296.1900;211.8427;309.4069;Palm;0.2377;0.4793;-0.8448;-0.1100;0.1014;0.1598;0.1325;-0.0338;0.9598;0.2450;;;;;;;;;;;;;0;;;;;;;;b974454d-ae33-4d16-9737-e66469f616ef;;OpenLoop;2026-05-18 09:44:59.2970;Hands;2;OpenXR
Left;;Baseline;0;NoMitigation;None;anonymous;Sample;632;0.0000;-0.0448;0.0472;0.1177;17.8236;3.5206;22.4722;-0.0448;0.0472;0.1177;0.9695;0.1578;-0.0004;0.1877;0;;;;;;;;;;;;;0;-0.0981;0.0404;0.2419;296.5241;210.5399;309.1525;Palm;0.2786;0.4374;-0.8550;-0.1070;0.1050;0.1594;0.1529;-0.0352;0.9624;0.2216;;;;;;;;;;;;;0;;;;;;;;b974454d-ae33-4d16-9737-e66469f616ef;;OpenLoop;2026-05-18 09:44:59.3286;Hands;2;OpenXR
Left;;Baseline;0;NoMitigation;None;anonymous;Sample;633;0.0000;-0.0448;0.0472;0.1177;17.8236;3.5206;22.4722;-0.0448;0.0472;0.1177;0.9695;0.1578;-0.0004;0.1877;0;;;;;;;;;;;;;0;-0.0972;0.0447;0.2441;297.0411;210.3568;308.1773;Palm;0.3223;0.3800;-0.8670;-0.1032;0.1073;0.1599;0.1737;-0.0343;0.9656;0.1906;;;;;;;;;;;;;0;;;;;;;;b974454d-ae33-4d16-9737-e66469f616ef;;OpenLoop;2026-05-18 09:44:59.3716;Hands;2;OpenXR
Left;;Baseline;0;NoMitigation;None;anonymous;Sample;636;0.0000;-0.0448;0.0472;0.1177;17.8236;3.5206;22.4722;-0.0448;0.0472;0.1177;0.9695;0.1578;-0.0004;0.1877;0;;;;;;;;;;;;;0;-0.0966;0.0487;0.2462;297.2208;209.9477;308.1374;Palm;0.3382;0.3567;-0.8708;-0.1017;0.1086;0.1606;0.1811;-0.0334;0.9666;0.1783;;;;;;;;;;;;;0;;;;;;;;b974454d-ae33-4d16-9737-e66469f616ef;;OpenLoop;2026-05-18 09:44:59.4059;Hands;2;OpenXR
Left;;Baseline;0;NoMitigation;None;anonymous;Sample;637;0.0000;-0.0448;0.0472;0.1177;17.8236;3.5206;22.4722;-0.0448;0.0472;0.1177;0.9695;0.1578;-0.0004;0.1877;0;;;;;;;;;;;;;0;-0.0966;0.0487;0.2462;297.2208;209.9477;308.1374;Palm;0.3503;0.3382;-0.8734;-0.1005;0.1097;0.1612;0.1868;-0.0325;0.9673;0.1685;;;;;;;;;;;;;0;;;;;;;;b974454d-ae33-4d16-9737-e66469f616ef;;OpenLoop;2026-05-18 09:44:59.4379;Hands;2;OpenXR
Left;;Baseline;0;NoMitigation;None;anonymous;Sample;638;0.0000;-0.0448;0.0472;0.1177;17.8236;3.5206;22.4722;-0.0448;0.0472;0.1177;0.9695;0.1578;-0.0004;0.1877;0;;;;;;;;;;;;;0;-0.0959;0.0482;0.2474;297.6973;211.5173;306.4315;Palm;0.3622;0.3063;-0.8803;-0.0997;0.1082;0.1618;0.1916;-0.0301;0.9692;0.1521;;;;;;;;;;;;;0;;;;;;;;b974454d-ae33-4d16-9737-e66469f616ef;;OpenLoop;2026-05-18 09:44:59.4618;Hands;2;OpenXR
Left;;Baseline;0;NoMitigation;None;anonymous;Sample;639;0.0000;-0.0448;0.0472;0.1177;17.8236;3.5206;22.4722;-0.0448;0.0472;0.1177;0.9695;0.1578;-0.0004;0.1877;0;;;;;;;;;;;;;0;-0.0956;0.0474;0.2486;297.9368;213.2978;305.0564;Palm;0.3717;0.2640;-0.8900;-0.0993;0.1054;0.1625;0.1947;-0.0262;0.9718;0.1306;;;;;;;;;;;;;0;;;;;;;;b974454d-ae33-4d16-9737-e66469f616ef;;OpenLoop;2026-05-18 09:44:59.4922;Hands;2;OpenXR
Left;;Baseline;0;NoMitigation;None;anonymous;Sample;640;0.0000;-0.0448;0.0472;0.1177;17.8236;3.5206;22.4722;-0.0448;0.0472;0.1177;0.9695;0.1578;-0.0004;0.1877;0;;;;;;;;;;;;;0;-0.0947;0.0466;0.2492;298.0580;215.2531;303.5601;Palm;0.3739;0.2349;-0.8972;-0.0991;0.1032;0.1633;0.1947;-0.0232;0.9737;0.1160;;;;;;;;;;;;;0;;;;;;;;b974454d-ae33-4d16-9737-e66469f616ef;;OpenLoop;2026-05-18 09:44:59.5244;Hands;2;OpenXR
Left;;Baseline;0;NoMitigation;None;anonymous;Sample;641;0.0000;-0.0448;0.0472;0.1177;17.8236;3.5206;22.4722;-0.0448;0.0472;0.1177;0.9695;0.1578;-0.0004;0.1877;0;;;;;;;;;;;;;0;-0.0947;0.0466;0.2492;298.0580;215.2531;303.5601;Palm;0.3746;0.2245;-0.8996;-0.0990;0.1024;0.1636;0.1947;-0.0221;0.9743;0.1108;;;;;;;;;;;;;0;;;;;;;;b974454d-ae33-4d16-9737-e66469f616ef;;OpenLoop;2026-05-18 09:44:59.5599;Hands;2;OpenXR
Left;;Baseline;0;NoMitigation;None;anonymous;Sample;642;0.0000;-0.0448;0.0472;0.1177;17.8236;3.5206;22.4722;-0.0448;0.0472;0.1177;0.9695;0.1578;-0.0004;0.1877;0;;;;;;;;;;;;;0;-0.0918;0.0448;0.2510;298.3500;216.5476;301.8697;Palm;0.4084;0.1231;-0.9045;-0.0952;0.0957;0.1645;0.2101;-0.0130;0.9757;0.0603;;;;;;;;;;;;;0;;;;;;;;b974454d-ae33-4d16-9737-e66469f616ef;;OpenLoop;2026-05-18 09:44:59.5945;Hands;2;OpenXR
Left;;Baseline;0;NoMitigation;None;anonymous;Sample;643;0.0000;-0.0448;0.0472;0.1177;17.8236;3.5206;22.4722;-0.0448;0.0472;0.1177;0.9695;0.1578;-0.0004;0.1877;0;;;;;;;;;;;;;0;-0.0918;0.0448;0.2510;298.3500;216.5476;301.8697;Palm;0.4177;0.0922;-0.9039;-0.0940;0.0937;0.1648;0.2145;-0.0099;0.9756;0.0450;;;;;;;;;;;;;0;;;;;;;;b974454d-ae33-4d16-9737-e66469f616ef;;OpenLoop;2026-05-18 09:44:59.6240;Hands;2;OpenXR
Left;;Baseline;0;NoMitigation;None;anonymous;Sample;645;0.0000;-0.0448;0.0472;0.1177;17.8236;3.5206;22.4722;-0.0448;0.0472;0.1177;0.9695;0.1578;-0.0004;0.1877;0;;;;;;;;;;;;;0;-0.0918;0.0443;0.2516;298.7440;216.9497;300.8637;Palm;0.4363;0.0321;-0.8992;-0.0927;0.0901;0.1651;0.2239;-0.0036;0.9745;0.0156;;;;;;;;;;;;;0;;;;;;;;b974454d-ae33-4d16-9737-e66469f616ef;;OpenLoop;2026-05-18 09:44:59.6542;Hands;2;OpenXR
Left;;Baseline;0;NoMitigation;None;anonymous;Sample;647;0.0000;-0.0448;0.0472;0.1177;17.8236;3.5206;22.4722;-0.0448;0.0472;0.1177;0.9695;0.1578;-0.0004;0.1877;0;;;;;;;;;;;;;0;-0.0918;0.0441;0.2520;299.2477;217.5618;299.0589;Palm;0.4658;-0.0594;-0.8829;-0.0908;0.0849;0.1659;0.2403;0.0071;0.9702;-0.0289;;;;;;;;;;;;;0;;;;;;;;b974454d-ae33-4d16-9737-e66469f616ef;;OpenLoop;2026-05-18 09:44:59.6874;Hands;2;OpenXR
Left;;Baseline;0;NoMitigation;None;anonymous;Sample;649;0.0000;-0.0448;0.0472;0.1177;17.8236;3.5206;22.4722;-0.0448;0.0472;0.1177;0.9695;0.1578;-0.0004;0.1877;0;;;;;;;;;;;;;0;-0.0909;0.0433;0.2536;299.5925;217.3197;297.7187;Palm;0.4996;-0.1655;-0.8503;-0.0882;0.0788;0.1677;0.2616;0.0218;0.9616;-0.0801;;;;;;;;;;;;;0;;;;;;;;b974454d-ae33-4d16-9737-e66469f616ef;;OpenLoop;2026-05-18 09:44:59.7204;Hands;2;OpenXR
Left;;Baseline;0;NoMitigation;None;anonymous;Sample;651;0.0000;-0.0448;0.0472;0.1177;17.8236;3.5206;22.4722;-0.0448;0.0472;0.1177;0.9695;0.1578;-0.0004;0.1877;0;;;;;;;;;;;;;0;-0.0909;0.0433;0.2536;299.5925;217.3197;297.7187;Palm;0.5184;-0.2327;-0.8229;-0.0864;0.0749;0.1691;0.2755;0.0325;0.9541;-0.1125;;;;;;;;;;;;;0;;;;;;;;b974454d-ae33-4d16-9737-e66469f616ef;;OpenLoop;2026-05-18 09:44:59.7541;Hands;2;OpenXR
Left;;Baseline;0;NoMitigation;None;anonymous;Sample;653;0.0000;-0.0448;0.0472;0.1177;17.8236;3.5206;22.4722;-0.0448;0.0472;0.1177;0.9695;0.1578;-0.0004;0.1877;0;;;;;;;;;;;;;0;-0.0911;0.0416;0.2542;300.0064;216.9726;296.1398;Palm;0.5473;-0.3472;-0.7615;-0.0839;0.0676;0.1717;0.3017;0.0541;0.9369;-0.1679;;;;;;;;;;;;;0;;;;;;;;b974454d-ae33-4d16-9737-e66469f616ef;;OpenLoop;2026-05-18 09:44:59.7883;Hands;2;OpenXR
Left;;Baseline;0;NoMitigation;None;anonymous;Sample;654;0.0000;-0.0448;0.0472;0.1177;17.8236;3.5206;22.4722;-0.0448;0.0472;0.1177;0.9695;0.1578;-0.0004;0.1877;0;;;;;;;;;;;;;0;-0.0916;0.0404;0.2557;300.1922;217.0079;293.5424;Palm;0.5761;-0.4972;-0.6488;-0.0811;0.0583;0.1772;0.3432;0.0914;0.9033;-0.2405;;;;;;;;;;;;;0;;;;;;;;b974454d-ae33-4d16-9737-e66469f616ef;;OpenLoop;2026-05-18 09:44:59.8246;Hands;2;OpenXR
Left;;Baseline;0;NoMitigation;None;anonymous;Sample;655;0.0000;-0.0448;0.0472;0.1177;17.8236;3.5206;22.4722;-0.0448;0.0472;0.1177;0.9695;0.1578;-0.0004;0.1877;0;;;;;;;;;;;;;0;-0.0920;0.0385;0.2559;300.1814;216.8148;291.5988;Palm;0.5800;-0.6109;-0.5389;-0.0794;0.0509;0.1820;0.3782;0.1290;0.8676;-0.2958;;;;;;;;;;;;;0;;;;;;;;b974454d-ae33-4d16-9737-e66469f616ef;;OpenLoop;2026-05-18 09:44:59.8571;Hands;2;OpenXR
Left;;Baseline;0;NoMitigation;None;anonymous;Sample;657;0.0000;-0.0448;0.0472;0.1177;17.8236;3.5206;22.4722;-0.0448;0.0472;0.1177;0.9695;0.1578;-0.0004;0.1877;0;;;;;;;;;;;;;0;-0.0922;0.0368;0.2565;299.3335;216.1473;290.5591;Palm;0.5655;-0.6861;-0.4578;-0.0788;0.0462;0.1858;0.4002;0.1589;0.8388;-0.3331;;;;;;;;;;;;;0;;;;;;;;b974454d-ae33-4d16-9737-e66469f616ef;;OpenLoop;2026-05-18 09:44:59.8892;Hands;2;OpenXR
Left;;Baseline;0;NoMitigation;None;anonymous;Sample;659;0.0000;-0.0448;0.0472;0.1177;17.8236;3.5206;22.4722;-0.0448;0.0472;0.1177;0.9695;0.1578;-0.0004;0.1877;0;;;;;;;;;;;;;0;-0.0927;0.0357;0.2571;298.0492;216.5706;289.2449;Palm;0.5309;-0.7623;-0.3701;-0.0791;0.0418;0.1903;0.4199;0.1943;0.8046;-0.3723;;;;;;;;;;;;;0;;;;;;;;b974454d-ae33-4d16-9737-e66469f616ef;;OpenLoop;2026-05-18 09:44:59.9204;Hands;2;OpenXR
Left;;Baseline;0;NoMitigation;None;anonymous;Sample;661;0.0000;-0.0448;0.0472;0.1177;17.8236;3.5206;22.4722;-0.0448;0.0472;0.1177;0.9695;0.1578;-0.0004;0.1877;0;;;;;;;;;;;;;0;-0.0927;0.0357;0.2571;298.0492;216.5706;289.2449;Palm;0.5061;-0.8017;-0.3182;-0.0795;0.0394;0.1929;0.4323;0.2169;0.7823;-0.3925;;;;;;;;;;;;;0;;;;;;;;b974454d-ae33-4d16-9737-e66469f616ef;;OpenLoop;2026-05-18 09:44:59.9542;Hands;2;OpenXR
Left;;Baseline;0;NoMitigation;None;anonymous;Sample;663;0.0000;-0.0448;0.0472;0.1177;17.8236;3.5206;22.4722;-0.0448;0.0472;0.1177;0.9695;0.1578;-0.0004;0.1877;0;;;;;;;;;;;;;0;-0.0935;0.0345;0.2580;296.5141;217.8217;287.3268;Palm;0.4686;-0.8428;-0.2647;-0.0806;0.0371;0.1963;0.4420;0.2422;0.7574;-0.4150;;;;;;;;;;;;;0;;;;;;;;b974454d-ae33-4d16-9737-e66469f616ef;;OpenLoop;2026-05-18 09:44:59.9883;Hands;2;OpenXR
Left;;Baseline;0;NoMitigation;None;anonymous;Sample;665;0.0000;-0.0448;0.0472;0.1177;17.8236;3.5206;22.4722;-0.0448;0.0472;0.1177;0.9695;0.1578;-0.0004;0.1877;0;;;;;;;;;;;;;0;-0.0941;0.0329;0.2588;295.4379;219.3786;285.2333;Palm;0.4274;-0.8781;-0.2153;-0.0821;0.0349;0.1997;0.4509;0.2678;0.7321;-0.4348;;;;;;;;;;;;;0;;;;;;;;b974454d-ae33-4d16-9737-e66469f616ef;;OpenLoop;2026-05-18 09:45:00.0219;Hands;2;OpenXR
Left;;Baseline;0;NoMitigation;None;anonymous;Sample;667;0.0000;-0.0448;0.0472;0.1177;17.8236;3.5206;22.4722;-0.0448;0.0472;0.1177;0.9695;0.1578;-0.0004;0.1877;0;;;;;;;;;;;;;0;-0.0953;0.0327;0.2600;294.3197;221.2111;282.7301;Palm;0.3871;-0.9050;-0.1765;-0.0840;0.0338;0.2031;0.4566;0.2899;0.7101;-0.4508;;;;;;;;;;;;;0;;;;;;;;b974454d-ae33-4d16-9737-e66469f616ef;;OpenLoop;2026-05-18 09:45:00.0545;Hands;2;OpenXR
Left;;Baseline;0;NoMitigation;None;anonymous;Sample;669;0.0000;-0.0448;0.0472;0.1177;17.8236;3.5206;22.4722;-0.0448;0.0472;0.1177;0.9695;0.1578;-0.0004;0.1877;0;;;;;;;;;;;;;0;-0.0968;0.0337;0.2615;293.0674;223.6217;280.0734;Palm;0.3503;-0.9244;-0.1506;-0.0861;0.0339;0.2060;0.4571;0.3059;0.6941;-0.4645;;;;;;;;;;;;;0;;;;;;;;b974454d-ae33-4d16-9737-e66469f616ef;;OpenLoop;2026-05-18 09:45:00.0876;Hands;2;OpenXR
Left;;Baseline;0;NoMitigation;None;anonymous;Sample;671;0.0000;-0.0448;0.0472;0.1177;17.8236;3.5206;22.4722;-0.0448;0.0472;0.1177;0.9695;0.1578;-0.0004;0.1877;0;;;;;;;;;;;;;0;-0.0984;0.0376;0.2637;291.3429;225.7658;278.1361;Palm;0.3121;-0.9400;-0.1378;-0.0885;0.0360;0.2091;0.4470;0.3133;0.6861;-0.4809;;;;;;;;;;;;;0;;;;;;;;b974454d-ae33-4d16-9737-e66469f616ef;;OpenLoop;2026-05-18 09:45:00.1202;Hands;2;OpenXR
Left;;Baseline;0;NoMitigation;None;anonymous;Sample;673;0.0000;-0.0448;0.0472;0.1177;17.8236;3.5206;22.4722;-0.0448;0.0472;0.1177;0.9695;0.1578;-0.0004;0.1877;0;;;;;;;;;;;;;0;-0.0984;0.0376;0.2637;291.3429;225.7658;278.1361;Palm;0.2880;-0.9485;-0.1324;-0.0901;0.0378;0.2110;0.4379;0.3154;0.6832;-0.4920;;;;;;;;;;;;;0;;;;;;;;b974454d-ae33-4d16-9737-e66469f616ef;;OpenLoop;2026-05-18 09:45:00.1544;Hands;2;OpenXR
Left;;Baseline;0;NoMitigation;None;anonymous;Sample;675;0.0000;-0.0448;0.0472;0.1177;17.8236;3.5206;22.4722;-0.0448;0.0472;0.1177;0.9695;0.1578;-0.0004;0.1877;0;;;;;;;;;;;;;0;-0.0969;0.0399;0.2648;290.5830;228.4541;275.3127;Palm;0.2688;-0.9541;-0.1319;-0.0903;0.0403;0.2129;0.4263;0.3130;0.6841;-0.5023;;;;;;;;;;;;;0;;;;;;;;b974454d-ae33-4d16-9737-e66469f616ef;;OpenLoop;2026-05-18 09:45:00.1879;Hands;2;OpenXR
Left;;Baseline;0;NoMitigation;None;anonymous;Sample;677;0.0000;-0.0448;0.0472;0.1177;17.8236;3.5206;22.4722;-0.0448;0.0472;0.1177;0.9695;0.1578;-0.0004;0.1877;0;;;;;;;;;;;;;0;-0.0963;0.0485;0.2667;289.2300;231.2723;273.2457;Palm;0.2504;-0.9570;-0.1467;-0.0907;0.0473;0.2149;0.3994;0.2962;0.6968;-0.5169;;;;;;;;;;;;;0;;;;;;;;b974454d-ae33-4d16-9737-e66469f616ef;;OpenLoop;2026-05-18 09:45:00.2215;Hands;2;OpenXR
Left;;Baseline;0;NoMitigation;None;anonymous;Sample;679;0.0000;-0.0448;0.0472;0.1177;17.8236;3.5206;22.4722;-0.0448;0.0472;0.1177;0.9695;0.1578;-0.0004;0.1877;0;;;;;;;;;;;;;0;-0.0924;0.0579;0.2682;288.9232;236.2683;268.6479;Palm;0.2427;-0.9565;-0.1621;-0.0894;0.0565;0.2170;0.3789;0.2805;0.7088;-0.5248;;;;;;;;;;;;;0;;;;;;;;b974454d-ae33-4d16-9737-e66469f616ef;;OpenLoop;2026-05-18 09:45:00.2538;Hands;2;OpenXR
Left;;Baseline;0;NoMitigation;None;anonymous;Sample;681;0.0000;-0.0448;0.0472;0.1177;17.8236;3.5206;22.4722;-0.0448;0.0472;0.1177;0.9695;0.1578;-0.0004;0.1877;0;;;;;;;;;;;;;0;-0.0867;0.0656;0.2713;289.1740;240.0714;266.1408;Palm;0.2210;-0.9634;-0.1517;-0.0868;0.0666;0.2213;0.3709;0.2818;0.7046;-0.5353;;;;;;;;;;;;;0;;;;;;;;b974454d-ae33-4d16-9737-e66469f616ef;;OpenLoop;2026-05-18 09:45:00.3007;Hands;2;OpenXR
Left;;Baseline;0;NoMitigation;None;anonymous;Sample;682;0.0000;-0.0448;0.0472;0.1177;17.8236;3.5206;22.4722;-0.0448;0.0472;0.1177;0.9695;0.1578;-0.0004;0.1877;0;;;;;;;;;;;;;0;-0.0739;0.0845;0.2662;303.0588;246.3368;257.1962;Palm;-0.0376;-0.8534;0.5199;-0.0842;0.0801;0.2376;0.8716;0.4889;-0.0315;0.0177;;;;;;;;;;;;;0;;;;;;;;b974454d-ae33-4d16-9737-e66469f616ef;;LineBisection;2026-05-18 09:45:04.5723;Hands;1;OpenXR
Left;;Baseline;0;NoMitigation;None;anonymous;Sample;686;0.0000;-0.0448;0.0472;0.1177;17.8236;3.5206;22.4722;-0.0448;0.0472;0.1177;0.9695;0.1578;-0.0004;0.1877;0;;;;;;;;;;;;;0;-0.0739;0.0845;0.2662;303.0588;246.3368;257.1962;Palm;-0.0407;-0.8492;0.5264;-0.0842;0.0803;0.2378;0.8734;0.4854;-0.0337;0.0187;;;;;;;;;;;;;0;;;;;;;;b974454d-ae33-4d16-9737-e66469f616ef;;LineBisection;2026-05-18 09:45:04.5881;Hands;1;OpenXR
Left;;Baseline;0;NoMitigation;None;anonymous;Sample;699;0.0000;-0.0448;0.0472;0.1177;17.8236;3.5206;22.4722;-0.0448;0.0472;0.1177;0.9695;0.1578;-0.0004;0.1877;0;;;;;;;;;;;;;0;-0.0737;0.0850;0.2664;303.1527;245.8499;257.8081;Palm;-0.0430;-0.8453;0.5325;-0.0841;0.0805;0.2379;0.8751;0.4822;-0.0353;0.0194;;;;;;;;;;;;;0;;;;;;;;b974454d-ae33-4d16-9737-e66469f616ef;;LineBisection;2026-05-18 09:45:04.6090;Hands;1;OpenXR
Left;;Baseline;0;NoMitigation;None;anonymous;Sample;713;0.0000;-0.0448;0.0472;0.1177;17.8236;3.5206;22.4722;-0.0448;0.0472;0.1177;0.9695;0.1578;-0.0004;0.1877;0;;;;;;;;;;;;;0;-0.0731;0.0856;0.2669;303.5548;245.5184;257.7974;Palm;-0.0446;-0.8421;0.5375;-0.0840;0.0807;0.2381;0.8766;0.4795;-0.0363;0.0198;;;;;;;;;;;;;0;;;;;;;;b974454d-ae33-4d16-9737-e66469f616ef;;LineBisection;2026-05-18 09:45:04.6303;Hands;1;OpenXR
Left;;Baseline;0;NoMitigation;None;anonymous;Sample;727;0.0000;-0.0448;0.0472;0.1177;17.8236;3.5206;22.4722;-0.0448;0.0472;0.1177;0.9695;0.1578;-0.0004;0.1877;0;;;;;;;;;;;;;0;-0.0731;0.0856;0.2669;303.5548;245.5184;257.7974;Palm;-0.0453;-0.8393;0.5418;-0.0838;0.0809;0.2384;0.8778;0.4772;-0.0366;0.0199;;;;;;;;;;;;;0;;;;;;;;b974454d-ae33-4d16-9737-e66469f616ef;;LineBisection;2026-05-18 09:45:04.6511;Hands;1;OpenXR
Left;;Baseline;0;NoMitigation;None;anonymous;Sample;741;0.0000;-0.0448;0.0472;0.1177;17.8236;3.5206;22.4722;-0.0448;0.0472;0.1177;0.9695;0.1578;-0.0004;0.1877;0;;;;;;;;;;;;;0;-0.0731;0.0856;0.2669;303.5548;245.5184;257.7974;Palm;-0.0458;-0.8374;0.5447;-0.0836;0.0811;0.2386;0.8786;0.4757;-0.0369;0.0200;;;;;;;;;;;;;0;;;;;;;;b974454d-ae33-4d16-9737-e66469f616ef;;LineBisection;2026-05-18 09:45:04.6714;Hands;1;OpenXR
Left;;Baseline;0;NoMitigation;None;anonymous;Sample;755;0.0000;-0.0448;0.0472;0.1177;17.8236;3.5206;22.4722;-0.0448;0.0472;0.1177;0.9695;0.1578;-0.0004;0.1877;0;;;;;;;;;;;;;0;-0.0728;0.0862;0.2674;303.6306;245.4841;257.7528;Palm;-0.0463;-0.8357;0.5472;-0.0834;0.0813;0.2388;0.8793;0.4744;-0.0372;0.0200;;;;;;;;;;;;;0;;;;;;;;b974454d-ae33-4d16-9737-e66469f616ef;;LineBisection;2026-05-18 09:45:04.6917;Hands;1;OpenXR
Left;;Baseline;0;NoMitigation;None;anonymous;Sample;768;0.0000;-0.0448;0.0472;0.1177;17.8236;3.5206;22.4722;-0.0448;0.0472;0.1177;0.9695;0.1578;-0.0004;0.1877;0;;;;;;;;;;;;;0;-0.0728;0.0862;0.2674;303.6306;245.4841;257.7528;Palm;-0.0468;-0.8345;0.5491;-0.0833;0.0816;0.2390;0.8799;0.4733;-0.0374;0.0201;;;;;;;;;;;;;0;;;;;;;;b974454d-ae33-4d16-9737-e66469f616ef;;LineBisection;2026-05-18 09:45:04.7125;Hands;1;OpenXR
Left;;Baseline;0;NoMitigation;None;anonymous;Sample;780;0.0000;-0.0448;0.0472;0.1177;17.8236;3.5206;22.4722;-0.0448;0.0472;0.1177;0.9695;0.1578;-0.0004;0.1877;0;;;;;;;;;;;;;0;-0.0726;0.0868;0.2674;303.8289;245.3348;258.0845;Palm;-0.0471;-0.8323;0.5523;-0.0832;0.0819;0.2392;0.8808;0.4716;-0.0375;0.0201;;;;;;;;;;;;;0;;;;;;;;b974454d-ae33-4d16-9737-e66469f616ef;;LineBisection;2026-05-18 09:45:04.7315;Hands;1;OpenXR
Left;;Baseline;0;NoMitigation;None;anonymous;Sample;794;0.0000;-0.0448;0.0472;0.1177;17.8236;3.5206;22.4722;-0.0448;0.0472;0.1177;0.9695;0.1578;-0.0004;0.1877;0;;;;;;;;;;;;;0;-0.0722;0.0874;0.2672;303.9681;245.1045;258.3666;Palm;-0.0477;-0.8300;0.5557;-0.0830;0.0822;0.2393;0.8817;0.4698;-0.0377;0.0201;;;;;;;;;;;;;0;;;;;;;;b974454d-ae33-4d16-9737-e66469f616ef;;LineBisection;2026-05-18 09:45:04.7543;Hands;1;OpenXR
Left;;Baseline;0;NoMitigation;None;anonymous;Sample;800;0.0000;-0.0448;0.0472;0.1177;17.8236;3.5206;22.4722;-0.0448;0.0472;0.1177;0.9695;0.1578;-0.0004;0.1877;0;;;;;;;;;;;;;0;-0.0722;0.0874;0.2672;303.9681;245.1045;258.3666;Palm;-0.0490;-0.8264;0.5609;-0.0828;0.0826;0.2394;0.8832;0.4670;-0.0385;0.0204;;;;;;;;;;;;;0;;;;;;;;b974454d-ae33-4d16-9737-e66469f616ef;;LineBisection;2026-05-18 09:45:04.7803;Hands;1;OpenXR
Left;;Baseline;0;NoMitigation;None;anonymous;Sample;804;0.0000;-0.0448;0.0472;0.1177;17.8236;3.5206;22.4722;-0.0448;0.0472;0.1177;0.9695;0.1578;-0.0004;0.1877;0;;;;;;;;;;;;;0;-0.0721;0.0876;0.2670;303.9667;244.7802;259.3987;Palm;-0.0500;-0.8232;0.5656;-0.0827;0.0828;0.2395;0.8845;0.4644;-0.0390;0.0205;;;;;;;;;;;;;0;;;;;;;;b974454d-ae33-4d16-9737-e66469f616ef;;LineBisection;2026-05-18 09:45:04.8036;Hands;1;OpenXR
Left;;Baseline;0;NoMitigation;None;anonymous;Sample;808;0.0000;-0.0448;0.0472;0.1177;17.8236;3.5206;22.4722;-0.0448;0.0472;0.1177;0.9695;0.1578;-0.0004;0.1877;0;;;;;;;;;;;;;0;-0.0721;0.0876;0.2670;303.9667;244.7802;259.3987;Palm;-0.0508;-0.8203;0.5696;-0.0828;0.0829;0.2395;0.8857;0.4622;-0.0394;0.0206;;;;;;;;;;;;;0;;;;;;;;b974454d-ae33-4d16-9737-e66469f616ef;;LineBisection;2026-05-18 09:45:04.8239;Hands;1;OpenXR
Left;;Baseline;0;NoMitigation;None;anonymous;Sample;814;0.0000;-0.0448;0.0472;0.1177;17.8236;3.5206;22.4722;-0.0448;0.0472;0.1177;0.9695;0.1578;-0.0004;0.1877;0;;;;;;;;;;;;;0;-0.0718;0.0880;0.2674;304.0804;244.5275;260.0830;Palm;-0.0518;-0.8168;0.5746;-0.0828;0.0830;0.2397;0.8870;0.4595;-0.0399;0.0207;;;;;;;;;;;;;0;;;;;;;;b974454d-ae33-4d16-9737-e66469f616ef;;LineBisection;2026-05-18 09:45:04.8442;Hands;1;OpenXR
Left;;Baseline;0;NoMitigation;None;anonymous;Sample;824;0.0000;-0.0448;0.0472;0.1177;17.8236;3.5206;22.4722;-0.0448;0.0472;0.1177;0.9695;0.1578;-0.0004;0.1877;0;;;;;;;;;;;;;0;-0.0718;0.0880;0.2674;304.0804;244.5275;260.0830;Palm;-0.0526;-0.8138;0.5788;-0.0828;0.0831;0.2399;0.8882;0.4571;-0.0403;0.0207;;;;;;;;;;;;;0;;;;;;;;b974454d-ae33-4d16-9737-e66469f616ef;;LineBisection;2026-05-18 09:45:04.8650;Hands;1;OpenXR
Left;;Baseline;0;NoMitigation;None;anonymous;Sample;834;0.0000;-0.0448;0.0472;0.1177;17.8236;3.5206;22.4722;-0.0448;0.0472;0.1177;0.9695;0.1578;-0.0004;0.1877;0;;;;;;;;;;;;;0;-0.0720;0.0898;0.2667;304.3370;244.5027;259.6545;Palm;-0.0533;-0.8116;0.5817;-0.0828;0.0834;0.2399;0.8891;0.4555;-0.0407;0.0208;;;;;;;;;;;;;0;;;;;;;;b974454d-ae33-4d16-9737-e66469f616ef;;LineBisection;2026-05-18 09:45:04.8858;Hands;1;OpenXR
Left;;Baseline;0;NoMitigation;None;anonymous;Sample;843;0.0000;-0.0448;0.0472;0.1177;17.8236;3.5206;22.4722;-0.0448;0.0472;0.1177;0.9695;0.1578;-0.0004;0.1877;0;;;;;;;;;;;;;0;-0.0720;0.0898;0.2667;304.3370;244.5027;259.6545;Palm;-0.0541;-0.8099;0.5841;-0.0828;0.0839;0.2398;0.8897;0.4542;-0.0411;0.0210;;;;;;;;;;;;;0;;;;;;;;b974454d-ae33-4d16-9737-e66469f616ef;;LineBisection;2026-05-18 09:45:04.9081;Hands;1;OpenXR
Left;;Baseline;0;NoMitigation;None;anonymous;Sample;851;0.0000;-0.0448;0.0472;0.1177;17.8236;3.5206;22.4722;-0.0448;0.0472;0.1177;0.9695;0.1578;-0.0004;0.1877;0;;;;;;;;;;;;;0;-0.0721;0.0910;0.2670;304.9555;244.7723;258.2069;Palm;-0.0540;-0.8100;0.5840;-0.0827;0.0846;0.2398;0.8897;0.4542;-0.0411;0.0210;;;;;;;;;;;;;0;;;;;;;;b974454d-ae33-4d16-9737-e66469f616ef;;LineBisection;2026-05-18 09:45:04.9284;Hands;1;OpenXR
Left;;Baseline;0;NoMitigation;None;anonymous;Sample;861;0.0000;-0.0448;0.0472;0.1177;17.8236;3.5206;22.4722;-0.0448;0.0472;0.1177;0.9695;0.1578;-0.0004;0.1877;0;;;;;;;;;;;;;0;-0.0726;0.0921;0.2669;305.5580;244.9490;257.0818;Palm;-0.0535;-0.8105;0.5832;-0.0826;0.0852;0.2398;0.8895;0.4547;-0.0407;0.0208;;;;;;;;;;;;;0;;;;;;;;b974454d-ae33-4d16-9737-e66469f616ef;;LineBisection;2026-05-18 09:45:04.9491;Hands;1;OpenXR
Left;;Baseline;0;NoMitigation;None;anonymous;Sample;872;0.0000;-0.0448;0.0472;0.1177;17.8236;3.5206;22.4722;-0.0448;0.0472;0.1177;0.9695;0.1578;-0.0004;0.1877;0;;;;;;;;;;;;;0;-0.0726;0.0921;0.2669;305.5580;244.9490;257.0818;Palm;-0.0518;-0.8116;0.5819;-0.0826;0.0859;0.2397;0.8891;0.4555;-0.0395;0.0202;;;;;;;;;;;;;0;;;;;;;;b974454d-ae33-4d16-9737-e66469f616ef;;LineBisection;2026-05-18 09:45:04.9711;Hands;1;OpenXR
Left;;Baseline;0;NoMitigation;None;anonymous;Sample;884;0.0000;-0.0448;0.0472;0.1177;17.8236;3.5206;22.4722;-0.0448;0.0472;0.1177;0.9695;0.1578;-0.0004;0.1877;0;;;;;;;;;;;;;0;-0.0726;0.0921;0.2669;305.5580;244.9490;257.0818;Palm;-0.0507;-0.8123;0.5810;-0.0825;0.0863;0.2397;0.8889;0.4561;-0.0387;0.0199;;;;;;;;;;;;;0;;;;;;;;b974454d-ae33-4d16-9737-e66469f616ef;;LineBisection;2026-05-18 09:45:04.9923;Hands;1;OpenXR
Left;;Baseline;0;NoMitigation;None;anonymous;Sample;897;0.0000;-0.0448;0.0472;0.1177;17.8236;3.5206;22.4722;-0.0448;0.0472;0.1177;0.9695;0.1578;-0.0004;0.1877;0;;;;;;;;;;;;;0;-0.0728;0.0929;0.2672;306.1541;244.9101;256.4791;Palm;-0.0489;-0.8127;0.5806;-0.0825;0.0868;0.2397;0.8888;0.4564;-0.0374;0.0192;;;;;;;;;;;;;0;;;;;;;;b974454d-ae33-4d16-9737-e66469f616ef;;LineBisection;2026-05-18 09:45:05.0141;Hands;1;OpenXR
Left;;Baseline;0;NoMitigation;None;anonymous;Sample;911;0.0000;-0.0448;0.0472;0.1177;17.8236;3.5206;22.4722;-0.0448;0.0472;0.1177;0.9695;0.1578;-0.0004;0.1877;0;;;;;;;;;;;;;0;-0.0729;0.0935;0.2673;306.2439;244.7951;256.7671;Palm;-0.0467;-0.8131;0.5803;-0.0825;0.0872;0.2398;0.8887;0.4567;-0.0357;0.0184;;;;;;;;;;;;;0;;;;;;;;b974454d-ae33-4d16-9737-e66469f616ef;;LineBisection;2026-05-18 09:45:05.0350;Hands;1;OpenXR
Left;;Baseline;0;NoMitigation;None;anonymous;Sample;924;0.0000;-0.0448;0.0472;0.1177;17.8236;3.5206;22.4722;-0.0448;0.0472;0.1177;0.9695;0.1578;-0.0004;0.1877;0;;;;;;;;;;;;;0;-0.0729;0.0935;0.2673;306.2439;244.7951;256.7671;Palm;-0.0434;-0.8134;0.5800;-0.0824;0.0876;0.2398;0.8887;0.4570;-0.0332;0.0171;;;;;;;;;;;;;0;;;;;;;;b974454d-ae33-4d16-9737-e66469f616ef;;LineBisection;2026-05-18 09:45:05.0552;Hands;1;OpenXR
Left;;Baseline;0;NoMitigation;None;anonymous;Sample;938;0.0000;-0.0448;0.0472;0.1177;17.8236;3.5206;22.4722;-0.0448;0.0472;0.1177;0.9695;0.1578;-0.0004;0.1877;0;;;;;;;;;;;;;0;-0.0729;0.0935;0.2673;306.2439;244.7951;256.7671;Palm;-0.0410;-0.8137;0.5799;-0.0824;0.0879;0.2398;0.8886;0.4573;-0.0314;0.0162;;;;;;;;;;;;;0;;;;;;;;b974454d-ae33-4d16-9737-e66469f616ef;;LineBisection;2026-05-18 09:45:05.0764;Hands;1;OpenXR
Left;;Baseline;0;NoMitigation;None;anonymous;Sample;952;0.0000;-0.0448;0.0472;0.1177;17.8236;3.5206;22.4722;-0.0448;0.0472;0.1177;0.9695;0.1578;-0.0004;0.1877;0;;;;;;;;;;;;;0;-0.0732;0.0947;0.2673;306.5935;244.4327;257.3092;Palm;-0.0362;-0.8139;0.5799;-0.0824;0.0883;0.2398;0.8887;0.4575;-0.0277;0.0143;;;;;;;;;;;;;0;;;;;;;;b974454d-ae33-4d16-9737-e66469f616ef;;LineBisection;2026-05-18 09:45:05.0973;Hands;1;OpenXR
Left;;Baseline;0;NoMitigation;None;anonymous;Sample;965;0.0000;-0.0448;0.0472;0.1177;17.8236;3.5206;22.4722;-0.0448;0.0472;0.1177;0.9695;0.1578;-0.0004;0.1877;0;;;;;;;;;;;;;0;-0.0726;0.0947;0.2673;306.6439;243.9385;258.3638;Palm;-0.0315;-0.8140;0.5800;-0.0824;0.0886;0.2398;0.8887;0.4576;-0.0241;0.0124;;;;;;;;;;;;;0;;;;;;;;b974454d-ae33-4d16-9737-e66469f616ef;;LineBisection;2026-05-18 09:45:05.1177;Hands;1;OpenXR
Left;;Baseline;0;NoMitigation;None;anonymous;Sample;977;0.0000;-0.0448;0.0472;0.1177;17.8236;3.5206;22.4722;-0.0448;0.0472;0.1177;0.9695;0.1578;-0.0004;0.1877;0;;;;;;;;;;;;;0;-0.0726;0.0947;0.2673;306.6439;243.9385;258.3638;Palm;-0.0260;-0.8141;0.5801;-0.0823;0.0887;0.2398;0.8888;0.4578;-0.0199;0.0103;;;;;;;;;;;;;0;;;;;;;;b974454d-ae33-4d16-9737-e66469f616ef;;LineBisection;2026-05-18 09:45:05.1390;Hands;1;OpenXR
Left;;Baseline;0;NoMitigation;None;anonymous;Sample;987;0.0000;-0.0448;0.0472;0.1177;17.8236;3.5206;22.4722;-0.0448;0.0472;0.1177;0.9695;0.1578;-0.0004;0.1877;0;;;;;;;;;;;;;0;-0.0726;0.0956;0.2665;306.8957;243.3160;259.6674;Palm;-0.0193;-0.8139;0.5806;-0.0821;0.0889;0.2395;0.8890;0.4577;-0.0148;0.0076;;;;;;;;;;;;;0;;;;;;;;b974454d-ae33-4d16-9737-e66469f616ef;;LineBisection;2026-05-18 09:45:05.1608;Hands;1;OpenXR
Left;;Baseline;0;NoMitigation;None;anonymous;Sample;997;0.0000;-0.0448;0.0472;0.1177;17.8236;3.5206;22.4722;-0.0448;0.0472;0.1177;0.9695;0.1578;-0.0004;0.1877;0;;;;;;;;;;;;;0;-0.0726;0.0956;0.2665;306.8957;243.3160;259.6674;Palm;-0.0132;-0.8137;0.5811;-0.0821;0.0891;0.2393;0.8891;0.4575;-0.0101;0.0052;;;;;;;;;;;;;0;;;;;;;;b974454d-ae33-4d16-9737-e66469f616ef;;LineBisection;2026-05-18 09:45:05.1820;Hands;1;OpenXR
Left;;Baseline;0;NoMitigation;None;anonymous;Sample;1007;0.0000;-0.0448;0.0472;0.1177;17.8236;3.5206;22.4722;-0.0448;0.0472;0.1177;0.9695;0.1578;-0.0004;0.1877;0;;;;;;;;;;;;;0;-0.0720;0.0957;0.2667;307.3311;242.8367;261.0186;Palm;-0.0075;-0.8130;0.5822;-0.0820;0.0892;0.2391;0.8894;0.4570;-0.0058;0.0030;;;;;;;;;;;;;0;;;;;;;;b974454d-ae33-4d16-9737-e66469f616ef;;LineBisection;2026-05-18 09:45:05.2038;Hands;1;OpenXR
Left;;Baseline;0;NoMitigation;None;anonymous;Sample;1017;0.0000;-0.0448;0.0472;0.1177;17.8236;3.5206;22.4722;-0.0448;0.0472;0.1177;0.9695;0.1578;-0.0004;0.1877;0;;;;;;;;;;;;;0;-0.0720;0.0957;0.2667;307.3311;242.8367;261.0186;Palm;-0.0015;-0.8118;0.5839;-0.0818;0.0892;0.2390;0.8899;0.4561;-0.0011;0.0006;;;;;;;;;;;;;0;;;;;;;;b974454d-ae33-4d16-9737-e66469f616ef;;LineBisection;2026-05-18 09:45:05.2253;Hands;1;OpenXR
Left;;Baseline;0;NoMitigation;None;anonymous;Sample;1026;0.0000;-0.0448;0.0472;0.1177;17.8236;3.5206;22.4722;-0.0448;0.0472;0.1177;0.9695;0.1578;-0.0004;0.1877;0;;;;;;;;;;;;;0;-0.0718;0.0962;0.2663;307.9379;242.4612;262.1346;Palm;0.0062;-0.8101;0.5862;-0.0817;0.0892;0.2389;0.8906;0.4548;0.0047;-0.0024;;;;;;;;;;;;;0;;;;;;;;b974454d-ae33-4d16-9737-e66469f616ef;;LineBisection;2026-05-18 09:45:05.2452;Hands;1;OpenXR
Left;;Baseline;0;NoMitigation;None;anonymous;Sample;1037;0.0000;-0.0448;0.0472;0.1177;17.8236;3.5206;22.4722;-0.0448;0.0472;0.1177;0.9695;0.1578;-0.0004;0.1877;0;;;;;;;;;;;;;0;-0.0718;0.0962;0.2663;307.9379;242.4612;262.1346;Palm;0.0129;-0.8086;0.5882;-0.0816;0.0893;0.2387;0.8911;0.4537;0.0098;-0.0050;;;;;;;;;;;;;0;;;;;;;;b974454d-ae33-4d16-9737-e66469f616ef;;LineBisection;2026-05-18 09:45:05.2686;Hands;1;OpenXR
Left;;Baseline;0;NoMitigation;None;anonymous;Sample;1050;0.0000;-0.0448;0.0472;0.1177;17.8236;3.5206;22.4722;-0.0448;0.0472;0.1177;0.9695;0.1578;-0.0004;0.1877;0;;;;;;;;;;;;;0;-0.0715;0.0966;0.2667;308.5011;242.6383;262.0331;Palm;0.0191;-0.8081;0.5887;-0.0815;0.0893;0.2386;0.8912;0.4532;0.0145;-0.0074;;;;;;;;;;;;;0;;;;;;;;b974454d-ae33-4d16-9737-e66469f616ef;;LineBisection;2026-05-18 09:45:05.2883;Hands;1;OpenXR
Left;;Baseline;0;NoMitigation;None;anonymous;Sample;1063;0.0000;-0.0448;0.0472;0.1177;17.8236;3.5206;22.4722;-0.0448;0.0472;0.1177;0.9695;0.1578;-0.0004;0.1877;0;;;;;;;;;;;;;0;-0.0715;0.0966;0.2667;308.5011;242.6383;262.0331;Palm;0.0265;-0.8083;0.5881;-0.0814;0.0894;0.2386;0.8910;0.4534;0.0200;-0.0102;;;;;;;;;;;;;0;;;;;;;;b974454d-ae33-4d16-9737-e66469f616ef;;LineBisection;2026-05-18 09:45:05.3088;Hands;1;OpenXR
Left;;Baseline;0;NoMitigation;None;anonymous;Sample;1076;0.0000;-0.0448;0.0472;0.1177;17.8236;3.5206;22.4722;-0.0448;0.0472;0.1177;0.9695;0.1578;-0.0004;0.1877;0;;;;;;;;;;;;;0;-0.0709;0.0976;0.2674;308.8546;242.7835;261.8352;Palm;0.0327;-0.8086;0.5874;-0.0812;0.0897;0.2387;0.8908;0.4535;0.0248;-0.0126;;;;;;;;;;;;;0;;;;;;;;b974454d-ae33-4d16-9737-e66469f616ef;;LineBisection;2026-05-18 09:45:05.3296;Hands;1;OpenXR
Left;;Baseline;0;NoMitigation;None;anonymous;Sample;1089;0.0000;-0.0448;0.0472;0.1177;17.8236;3.5206;22.4722;-0.0448;0.0472;0.1177;0.9695;0.1578;-0.0004;0.1877;0;;;;;;;;;;;;;0;-0.0709;0.0976;0.2674;308.8546;242.7835;261.8352;Palm;0.0373;-0.8089;0.5868;-0.0810;0.0899;0.2389;0.8906;0.4536;0.0283;-0.0144;;;;;;;;;;;;;0;;;;;;;;b974454d-ae33-4d16-9737-e66469f616ef;;LineBisection;2026-05-18 09:45:05.3503;Hands;1;OpenXR
Left;;Baseline;0;NoMitigation;None;anonymous;Sample;1102;0.0000;-0.0448;0.0472;0.1177;17.8236;3.5206;22.4722;-0.0448;0.0472;0.1177;0.9695;0.1578;-0.0004;0.1877;0;;;;;;;;;;;;;0;-0.0705;0.0983;0.2678;309.2493;242.9272;261.7841;Palm;0.0404;-0.8079;0.5880;-0.0808;0.0903;0.2392;0.8909;0.4529;0.0306;-0.0156;;;;;;;;;;;;;0;;;;;;;;b974454d-ae33-4d16-9737-e66469f616ef;;LineBisection;2026-05-18 09:45:05.3702;Hands;1;OpenXR
Left;;Baseline;0;NoMitigation;None;anonymous;Sample;1115;0.0000;-0.0448;0.0472;0.1177;17.8236;3.5206;22.4722;-0.0448;0.0472;0.1177;0.9695;0.1578;-0.0004;0.1877;0;;;;;;;;;;;;;0;-0.0705;0.0983;0.2678;309.2493;242.9272;261.7841;Palm;0.0426;-0.8072;0.5888;-0.0806;0.0905;0.2393;0.8911;0.4523;0.0322;-0.0163;;;;;;;;;;;;;0;;;;;;;;b974454d-ae33-4d16-9737-e66469f616ef;;LineBisection;2026-05-18 09:45:05.3901;Hands;1;OpenXR
Left;;Baseline;0;NoMitigation;None;anonymous;Sample;1128;0.0000;-0.0448;0.0472;0.1177;17.8236;3.5206;22.4722;-0.0448;0.0472;0.1177;0.9695;0.1578;-0.0004;0.1877;0;;;;;;;;;;;;;0;-0.0711;0.0989;0.2670;309.7624;242.8123;261.7651;Palm;0.0443;-0.8059;0.5904;-0.0807;0.0908;0.2393;0.8916;0.4513;0.0334;-0.0169;;;;;;;;;;;;;0;;;;;;;;b974454d-ae33-4d16-9737-e66469f616ef;;LineBisection;2026-05-18 09:45:05.4114;Hands;1;OpenXR
Left;;Baseline;0;NoMitigation;None;anonymous;Sample;1141;0.0000;-0.0448;0.0472;0.1177;17.8236;3.5206;22.4722;-0.0448;0.0472;0.1177;0.9695;0.1578;-0.0004;0.1877;0;;;;;;;;;;;;;0;-0.0711;0.0989;0.2670;309.7624;242.8123;261.7651;Palm;0.0456;-0.8046;0.5920;-0.0808;0.0911;0.2392;0.8920;0.4504;0.0343;-0.0173;;;;;;;;;;;;;0;;;;;;;;b974454d-ae33-4d16-9737-e66469f616ef;;LineBisection;2026-05-18 09:45:05.4317;Hands;1;OpenXR
Left;;Baseline;0;NoMitigation;None;anonymous;Sample;1154;0.0000;-0.0448;0.0472;0.1177;17.8236;3.5206;22.4722;-0.0448;0.0472;0.1177;0.9695;0.1578;-0.0004;0.1877;0;;;;;;;;;;;;;0;-0.0714;0.0991;0.2663;310.0871;242.4531;262.7002;Palm;0.0471;-0.8015;0.5962;-0.0811;0.0913;0.2390;0.8932;0.4479;0.0352;-0.0177;;;;;;;;;;;;;0;;;;;;;;b974454d-ae33-4d16-9737-e66469f616ef;;LineBisection;2026-05-18 09:45:05.4525;Hands;1;OpenXR
Left;;Baseline;0;NoMitigation;None;anonymous;Sample;1167;0.0000;-0.0448;0.0472;0.1177;17.8236;3.5206;22.4722;-0.0448;0.0472;0.1177;0.9695;0.1578;-0.0004;0.1877;0;;;;;;;;;;;;;0;-0.0720;0.1001;0.2664;310.1115;242.3407;263.9980;Palm;0.0494;-0.7985;0.6000;-0.0814;0.0915;0.2388;0.8942;0.4457;0.0368;-0.0183;;;;;;;;;;;;;0;;;;;;;;b974454d-ae33-4d16-9737-e66469f616ef;;LineBisection;2026-05-18 09:45:05.4728;Hands;1;OpenXR
Left;;Baseline;0;NoMitigation;None;anonymous;Sample;1180;0.0000;-0.0448;0.0472;0.1177;17.8236;3.5206;22.4722;-0.0448;0.0472;0.1177;0.9695;0.1578;-0.0004;0.1877;0;;;;;;;;;;;;;0;-0.0720;0.1001;0.2664;310.1115;242.3407;263.9980;Palm;0.0529;-0.7952;0.6040;-0.0817;0.0918;0.2388;0.8953;0.4432;0.0391;-0.0194;;;;;;;;;;;;;0;;;;;;;;b974454d-ae33-4d16-9737-e66469f616ef;;LineBisection;2026-05-18 09:45:05.4924;Hands;1;OpenXR
Left;;Baseline;0;NoMitigation;None;anonymous;Sample;1193;0.0000;-0.0448;0.0472;0.1177;17.8236;3.5206;22.4722;-0.0448;0.0472;0.1177;0.9695;0.1578;-0.0004;0.1877;0;;;;;;;;;;;;;0;-0.0720;0.1001;0.2664;310.1115;242.3407;263.9980;Palm;0.0553;-0.7929;0.6068;-0.0820;0.0920;0.2388;0.8961;0.4415;0.0408;-0.0201;;;;;;;;;;;;;0;;;;;;;;b974454d-ae33-4d16-9737-e66469f616ef;;LineBisection;2026-05-18 09:45:05.5137;Hands;1;OpenXR
Left;;Baseline;0;NoMitigation;None;anonymous;Sample;1206;0.0000;-0.0448;0.0472;0.1177;17.8236;3.5206;22.4722;-0.0448;0.0472;0.1177;0.9695;0.1578;-0.0004;0.1877;0;;;;;;;;;;;;;0;-0.0725;0.0999;0.2654;310.4727;241.9198;265.1495;Palm;0.0587;-0.7894;0.6110;-0.0824;0.0920;0.2385;0.8973;0.4389;0.0430;-0.0211;;;;;;;;;;;;;0;;;;;;;;b974454d-ae33-4d16-9737-e66469f616ef;;LineBisection;2026-05-18 09:45:05.5345;Hands;1;OpenXR
Left;;Baseline;0;NoMitigation;None;anonymous;Sample;1219;0.0000;-0.0448;0.0472;0.1177;17.8236;3.5206;22.4722;-0.0448;0.0472;0.1177;0.9695;0.1578;-0.0004;0.1877;0;;;;;;;;;;;;;0;-0.0723;0.0998;0.2656;310.3704;241.5667;266.6631;Palm;0.0616;-0.7858;0.6155;-0.0828;0.0920;0.2383;0.8985;0.4362;0.0448;-0.0218;;;;;;;;;;;;;0;;;;;;;;b974454d-ae33-4d16-9737-e66469f616ef;;LineBisection;2026-05-18 09:45:05.5554;Hands;1;OpenXR
Left;;Baseline;0;NoMitigation;None;anonymous;Sample;1229;0.0000;-0.0448;0.0472;0.1177;17.8236;3.5206;22.4722;-0.0448;0.0472;0.1177;0.9695;0.1578;-0.0004;0.1877;0;;;;;;;;;;;;;0;-0.0723;0.0998;0.2656;310.3704;241.5667;266.6631;Palm;0.0638;-0.7818;0.6202;-0.0831;0.0919;0.2383;0.8998;0.4333;0.0462;-0.0222;;;;;;;;;;;;;0;;;;;;;;b974454d-ae33-4d16-9737-e66469f616ef;;LineBisection;2026-05-18 09:45:05.5777;Hands;1;OpenXR
Left;;Baseline;0;NoMitigation;None;anonymous;Sample;1238;0.0000;-0.0448;0.0472;0.1177;17.8236;3.5206;22.4722;-0.0448;0.0472;0.1177;0.9695;0.1578;-0.0004;0.1877;0;;;;;;;;;;;;;0;-0.0723;0.0998;0.2656;310.3704;241.5667;266.6631;Palm;0.0654;-0.7792;0.6234;-0.0833;0.0919;0.2383;0.9007;0.4314;0.0471;-0.0226;;;;;;;;;;;;;0;;;;;;;;b974454d-ae33-4d16-9737-e66469f616ef;;LineBisection;2026-05-18 09:45:05.5976;Hands;1;OpenXR
Left;;Baseline;0;NoMitigation;None;anonymous;Sample;1248;0.0000;-0.0448;0.0472;0.1177;17.8236;3.5206;22.4722;-0.0448;0.0472;0.1177;0.9695;0.1578;-0.0004;0.1877;0;;;;;;;;;;;;;0;-0.0725;0.1003;0.2651;310.6669;241.0321;268.1221;Palm;0.0693;-0.7755;0.6275;-0.0835;0.0919;0.2381;0.9018;0.4287;0.0497;-0.0236;;;;;;;;;;;;;0;;;;;;;;b974454d-ae33-4d16-9737-e66469f616ef;;LineBisection;2026-05-18 09:45:05.6180;Hands;1;OpenXR
Left;;Baseline;0;NoMitigation;None;anonymous;Sample;1258;0.0000;-0.0448;0.0472;0.1177;17.8236;3.5206;22.4722;-0.0448;0.0472;0.1177;0.9695;0.1578;-0.0004;0.1877;0;;;;;;;;;;;;;0;-0.0721;0.1002;0.2643;310.7876;240.4004;269.4886;Palm;0.0733;-0.7728;0.6305;-0.0837;0.0918;0.2379;0.9026;0.4267;0.0523;-0.0247;;;;;;;;;;;;;0;;;;;;;;b974454d-ae33-4d16-9737-e66469f616ef;;LineBisection;2026-05-18 09:45:05.6398;Hands;1;OpenXR
Left;;Baseline;0;NoMitigation;None;anonymous;Sample;1265;0.0000;-0.0448;0.0472;0.1177;17.8236;3.5206;22.4722;-0.0448;0.0472;0.1177;0.9695;0.1578;-0.0004;0.1877;0;;;;;;;;;;;;;0;-0.0721;0.1002;0.2643;310.7876;240.4004;269.4886;Palm;0.0781;-0.7703;0.6328;-0.0837;0.0917;0.2375;0.9032;0.4248;0.0555;-0.0261;;;;;;;;;;;;;0;;;;;;;;b974454d-ae33-4d16-9737-e66469f616ef;;LineBisection;2026-05-18 09:45:05.6621;Hands;1;OpenXR
Left;;Baseline;0;NoMitigation;None;anonymous;Sample;1269;0.0000;-0.0448;0.0472;0.1177;17.8236;3.5206;22.4722;-0.0448;0.0472;0.1177;0.9695;0.1578;-0.0004;0.1877;0;;;;;;;;;;;;;0;-0.0727;0.1004;0.2630;311.2332;239.8541;270.5254;Palm;0.0871;-0.7682;0.6343;-0.0839;0.0915;0.2367;0.9035;0.4231;0.0617;-0.0289;;;;;;;;;;;;;0;;;;;;;;b974454d-ae33-4d16-9737-e66469f616ef;;LineBisection;2026-05-18 09:45:05.6854;Hands;1;OpenXR
Left;;Baseline;0;NoMitigation;None;anonymous;Sample;1275;0.0000;-0.0448;0.0472;0.1177;17.8236;3.5206;22.4722;-0.0448;0.0472;0.1177;0.9695;0.1578;-0.0004;0.1877;0;;;;;;;;;;;;;0;-0.0727;0.1004;0.2630;311.2332;239.8541;270.5254;Palm;0.0916;-0.7671;0.6350;-0.0840;0.0914;0.2362;0.9036;0.4223;0.0648;-0.0303;;;;;;;;;;;;;0;;;;;;;;b974454d-ae33-4d16-9737-e66469f616ef;;LineBisection;2026-05-18 09:45:05.7072;Hands;1;OpenXR
Left;;Baseline;0;NoMitigation;None;anonymous;Sample;1283;0.0000;-0.0448;0.0472;0.1177;17.8236;3.5206;22.4722;-0.0448;0.0472;0.1177;0.9695;0.1578;-0.0004;0.1877;0;;;;;;;;;;;;;0;-0.0720;0.1008;0.2631;311.1631;240.0740;270.3998;Palm;0.0966;-0.7674;0.6339;-0.0839;0.0915;0.2359;0.9033;0.4223;0.0685;-0.0320;;;;;;;;;;;;;0;;;;;;;;b974454d-ae33-4d16-9737-e66469f616ef;;LineBisection;2026-05-18 09:45:05.7294;Hands;1;OpenXR
Left;;Baseline;0;NoMitigation;None;anonymous;Sample;1295;0.0000;-0.0448;0.0472;0.1177;17.8236;3.5206;22.4722;-0.0448;0.0472;0.1177;0.9695;0.1578;-0.0004;0.1877;0;;;;;;;;;;;;;0;-0.0720;0.1008;0.2631;311.1631;240.0740;270.3998;Palm;0.1001;-0.7679;0.6327;-0.0838;0.0915;0.2357;0.9029;0.4226;0.0710;-0.0332;;;;;;;;;;;;;0;;;;;;;;b974454d-ae33-4d16-9737-e66469f616ef;;LineBisection;2026-05-18 09:45:05.7498;Hands;1;OpenXR
Left;;Baseline;0;NoMitigation;None;anonymous;Sample;1302;0.0000;-0.0448;0.0472;0.1177;17.8236;3.5206;22.4722;-0.0448;0.0472;0.1177;0.9695;0.1578;-0.0004;0.1877;0;;;;;;;;;;;;;0;-0.0719;0.1018;0.2634;311.3188;240.1251;270.6698;Palm;0.1038;-0.7678;0.6322;-0.0837;0.0918;0.2357;0.9027;0.4225;0.0736;-0.0345;;;;;;;;;;;;;0;;;;;;;;b974454d-ae33-4d16-9737-e66469f616ef;;LineBisection;2026-05-18 09:45:05.7705;Hands;1;OpenXR
Left;;Baseline;0;NoMitigation;None;anonymous;Sample;1312;0.0000;-0.0448;0.0472;0.1177;17.8236;3.5206;22.4722;-0.0448;0.0472;0.1177;0.9695;0.1578;-0.0004;0.1877;0;;;;;;;;;;;;;0;-0.0719;0.1018;0.2634;311.3188;240.1251;270.6698;Palm;0.1065;-0.7678;0.6318;-0.0837;0.0920;0.2356;0.9026;0.4224;0.0755;-0.0353;;;;;;;;;;;;;0;;;;;;;;b974454d-ae33-4d16-9737-e66469f616ef;;LineBisection;2026-05-18 09:45:05.7908;Hands;1;OpenXR
Left;;Baseline;0;NoMitigation;None;anonymous;Sample;1322;0.0000;-0.0448;0.0472;0.1177;17.8236;3.5206;22.4722;-0.0448;0.0472;0.1177;0.9695;0.1578;-0.0004;0.1877;0;;;;;;;;;;;;;0;-0.0721;0.1030;0.2634;311.2832;240.0157;271.0476;Palm;0.1086;-0.7673;0.6320;-0.0837;0.0923;0.2356;0.9026;0.4220;0.0770;-0.0360;;;;;;;;;;;;;0;;;;;;;;b974454d-ae33-4d16-9737-e66469f616ef;;LineBisection;2026-05-18 09:45:05.8110;Hands;1;OpenXR
Left;;Baseline;0;NoMitigation;None;anonymous;Sample;1331;0.0000;-0.0448;0.0472;0.1177;17.8236;3.5206;22.4722;-0.0448;0.0472;0.1177;0.9695;0.1578;-0.0004;0.1877;0;;;;;;;;;;;;;0;-0.0721;0.1030;0.2634;311.2832;240.0157;271.0476;Palm;0.1104;-0.7667;0.6325;-0.0837;0.0927;0.2357;0.9027;0.4215;0.0782;-0.0365;;;;;;;;;;;;;0;;;;;;;;b974454d-ae33-4d16-9737-e66469f616ef;;LineBisection;2026-05-18 09:45:05.8303;Hands;1;OpenXR
Left;;Baseline;0;NoMitigation;None;anonymous;Sample;1340;0.0000;-0.0448;0.0472;0.1177;17.8236;3.5206;22.4722;-0.0448;0.0472;0.1177;0.9695;0.1578;-0.0004;0.1877;0;;;;;;;;;;;;;0;-0.0726;0.1036;0.2630;311.4252;239.6081;271.7105;Palm;0.1111;-0.7640;0.6355;-0.0839;0.0930;0.2356;0.9036;0.4196;0.0784;-0.0364;;;;;;;;;;;;;0;;;;;;;;b974454d-ae33-4d16-9737-e66469f616ef;;LineBisection;2026-05-18 09:45:05.8517;Hands;1;OpenXR
Left;;Baseline;0;NoMitigation;None;anonymous;Sample;1350;0.0000;-0.0448;0.0472;0.1177;17.8236;3.5206;22.4722;-0.0448;0.0472;0.1177;0.9695;0.1578;-0.0004;0.1877;0;;;;;;;;;;;;;0;-0.0731;0.1036;0.2632;311.3236;239.4252;272.4474;Palm;0.1111;-0.7616;0.6385;-0.0841;0.0933;0.2357;0.9044;0.4179;0.0781;-0.0361;;;;;;;;;;;;;0;;;;;;;;b974454d-ae33-4d16-9737-e66469f616ef;;LineBisection;2026-05-18 09:45:05.8739;Hands;1;OpenXR
Left;;Baseline;0;NoMitigation;None;anonymous;Sample;1359;0.0000;-0.0448;0.0472;0.1177;17.8236;3.5206;22.4722;-0.0448;0.0472;0.1177;0.9695;0.1578;-0.0004;0.1877;0;;;;;;;;;;;;;0;-0.0731;0.1036;0.2632;311.3236;239.4252;272.4474;Palm;0.1105;-0.7590;0.6416;-0.0844;0.0934;0.2358;0.9053;0.4162;0.0774;-0.0356;;;;;;;;;;;;;0;;;;;;;;b974454d-ae33-4d16-9737-e66469f616ef;;LineBisection;2026-05-18 09:45:05.8943;Hands;1;OpenXR
Left;;Baseline;0;NoMitigation;None;anonymous;Sample;1368;0.0000;-0.0448;0.0472;0.1177;17.8236;3.5206;22.4722;-0.0448;0.0472;0.1177;0.9695;0.1578;-0.0004;0.1877;0;;;;;;;;;;;;;0;-0.0731;0.1036;0.2632;311.3236;239.4252;272.4474;Palm;0.1101;-0.7570;0.6441;-0.0847;0.0935;0.2358;0.9060;0.4148;0.0768;-0.0352;;;;;;;;;;;;;0;;;;;;;;b974454d-ae33-4d16-9737-e66469f616ef;;LineBisection;2026-05-18 09:45:05.9155;Hands;1;OpenXR
Left;;Baseline;0;NoMitigation;None;anonymous;Sample;1380;0.0000;-0.0448;0.0472;0.1177;17.8236;3.5206;22.4722;-0.0448;0.0472;0.1177;0.9695;0.1578;-0.0004;0.1877;0;;;;;;;;;;;;;0;-0.0735;0.1035;0.2636;311.1696;239.2058;273.6749;Palm;0.1084;-0.7537;0.6482;-0.0851;0.0935;0.2361;0.9072;0.4126;0.0754;-0.0343;;;;;;;;;;;;;0;;;;;;;;b974454d-ae33-4d16-9737-e66469f616ef;;LineBisection;2026-05-18 09:45:05.9358;Hands;1;OpenXR
Left;;Baseline;0;NoMitigation;None;anonymous;Sample;1392;0.0000;-0.0448;0.0472;0.1177;17.8236;3.5206;22.4722;-0.0448;0.0472;0.1177;0.9695;0.1578;-0.0004;0.1877;0;;;;;;;;;;;;;0;-0.0739;0.1041;0.2634;311.0978;238.8485;275.3208;Palm;0.1072;-0.7501;0.6526;-0.0855;0.0936;0.2363;0.9084;0.4101;0.0741;-0.0335;;;;;;;;;;;;;0;;;;;;;;b974454d-ae33-4d16-9737-e66469f616ef;;LineBisection;2026-05-18 09:45:05.9555;Hands;1;OpenXR
Left;;Baseline;0;NoMitigation;None;anonymous;Sample;1404;0.0000;-0.0448;0.0472;0.1177;17.8236;3.5206;22.4722;-0.0448;0.0472;0.1177;0.9695;0.1578;-0.0004;0.1877;0;;;;;;;;;;;;;0;-0.0739;0.1041;0.2634;311.0978;238.8485;275.3208;Palm;0.1063;-0.7454;0.6581;-0.0860;0.0937;0.2365;0.9099;0.4070;0.0730;-0.0327;;;;;;;;;;;;;0;;;;;;;;b974454d-ae33-4d16-9737-e66469f616ef;;LineBisection;2026-05-18 09:45:05.9769;Hands;1;OpenXR
Left;;Baseline;0;NoMitigation;None;anonymous;Sample;1415;0.0000;-0.0448;0.0472;0.1177;17.8236;3.5206;22.4722;-0.0448;0.0472;0.1177;0.9695;0.1578;-0.0004;0.1877;0;;;;;;;;;;;;;0;-0.0739;0.1041;0.2634;311.0978;238.8485;275.3208;Palm;0.1056;-0.7422;0.6618;-0.0863;0.0938;0.2367;0.9110;0.4048;0.0723;-0.0321;;;;;;;;;;;;;0;;;;;;;;b974454d-ae33-4d16-9737-e66469f616ef;;LineBisection;2026-05-18 09:45:05.9987;Hands;1;OpenXR
Left;;Baseline;0;NoMitigation;None;anonymous;Sample;1423;0.0000;-0.0448;0.0472;0.1177;17.8236;3.5206;22.4722;-0.0448;0.0472;0.1177;0.9695;0.1578;-0.0004;0.1877;0;;;;;;;;;;;;;0;-0.0731;0.1034;0.2629;311.0951;238.2571;276.2607;Palm;0.1021;-0.7372;0.6679;-0.0864;0.0936;0.2367;0.9127;0.4015;0.0694;-0.0305;;;;;;;;;;;;;0;;;;;;;;b974454d-ae33-4d16-9737-e66469f616ef;;LineBisection;2026-05-18 09:45:06.0215;Hands;1;OpenXR
Left;;Baseline;0;NoMitigation;None;anonymous;Sample;1432;0.0000;-0.0448;0.0472;0.1177;17.8236;3.5206;22.4722;-0.0448;0.0472;0.1177;0.9695;0.1578;-0.0004;0.1877;0;;;;;;;;;;;;;0;-0.0726;0.1042;0.2629;311.0992;238.0721;276.7009;Palm;0.1002;-0.7344;0.6712;-0.0864;0.0936;0.2367;0.9136;0.3997;0.0678;-0.0297;;;;;;;;;;;;;0;;;;;;;;b974454d-ae33-4d16-9737-e66469f616ef;;LineBisection;2026-05-18 09:45:06.0412;Hands;1;OpenXR
Left;;Baseline;0;NoMitigation;None;anonymous;Sample;1440;0.0000;-0.0448;0.0472;0.1177;17.8236;3.5206;22.4722;-0.0448;0.0472;0.1177;0.9695;0.1578;-0.0004;0.1877;0;;;;;;;;;;;;;0;-0.0726;0.1042;0.2629;311.0992;238.0721;276.7009;Palm;0.0990;-0.7325;0.6735;-0.0863;0.0937;0.2367;0.9143;0.3985;0.0668;-0.0291;;;;;;;;;;;;;0;;;;;;;;b974454d-ae33-4d16-9737-e66469f616ef;;LineBisection;2026-05-18 09:45:06.0625;Hands;1;OpenXR
Left;;Baseline;0;NoMitigation;None;anonymous;Sample;1448;0.0000;-0.0448;0.0472;0.1177;17.8236;3.5206;22.4722;-0.0448;0.0472;0.1177;0.9695;0.1578;-0.0004;0.1877;0;;;;;;;;;;;;;0;-0.0717;0.1046;0.2630;311.3786;238.2204;276.3017;Palm;0.0985;-0.7318;0.6743;-0.0860;0.0938;0.2366;0.9145;0.3980;0.0665;-0.0289;;;;;;;;;;;;;0;;;;;;;;b974454d-ae33-4d16-9737-e66469f616ef;;LineBisection;2026-05-18 09:45:06.0837;Hands;1;OpenXR
Left;;Baseline;0;NoMitigation;None;anonymous;Sample;1461;0.0000;-0.0448;0.0472;0.1177;17.8236;3.5206;22.4722;-0.0448;0.0472;0.1177;0.9695;0.1578;-0.0004;0.1877;0;;;;;;;;;;;;;0;-0.0717;0.1046;0.2630;311.3786;238.2204;276.3017;Palm;0.0984;-0.7315;0.6747;-0.0857;0.0939;0.2366;0.9146;0.3978;0.0663;-0.0289;;;;;;;;;;;;;0;;;;;;;;b974454d-ae33-4d16-9737-e66469f616ef;;LineBisection;2026-05-18 09:45:06.1051;Hands;1;OpenXR
Left;;Baseline;0;NoMitigation;None;anonymous;Sample;1473;0.0000;-0.0448;0.0472;0.1177;17.8236;3.5206;22.4722;-0.0448;0.0472;0.1177;0.9695;0.1578;-0.0004;0.1877;0;;;;;;;;;;;;;0;-0.0715;0.1047;0.2628;311.8063;238.3070;275.6412;Palm;0.0984;-0.7317;0.6745;-0.0854;0.0940;0.2366;0.9146;0.3979;0.0664;-0.0289;;;;;;;;;;;;;0;;;;;;;;b974454d-ae33-4d16-9737-e66469f616ef;;LineBisection;2026-05-18 09:45:06.1244;Hands;1;OpenXR
Left;;Baseline;0;NoMitigation;None;anonymous;Sample;1486;0.0000;-0.0448;0.0472;0.1177;17.8236;3.5206;22.4722;-0.0448;0.0472;0.1177;0.9695;0.1578;-0.0004;0.1877;0;;;;;;;;;;;;;0;-0.0715;0.1047;0.2628;311.8063;238.3070;275.6412;Palm;0.0987;-0.7322;0.6739;-0.0852;0.0940;0.2365;0.9144;0.3983;0.0666;-0.0290;;;;;;;;;;;;;0;;;;;;;;b974454d-ae33-4d16-9737-e66469f616ef;;LineBisection;2026-05-18 09:45:06.1456;Hands;1;OpenXR
Left;;Baseline;0;NoMitigation;None;anonymous;Sample;1499;0.0000;-0.0448;0.0472;0.1177;17.8236;3.5206;22.4722;-0.0448;0.0472;0.1177;0.9695;0.1578;-0.0004;0.1877;0;;;;;;;;;;;;;0;-0.0712;0.1043;0.2617;312.1373;238.3657;275.5865;Palm;0.0970;-0.7310;0.6754;-0.0850;0.0940;0.2362;0.9148;0.3975;0.0654;-0.0284;;;;;;;;;;;;;0;;;;;;;;b974454d-ae33-4d16-9737-e66469f616ef;;LineBisection;2026-05-18 09:45:06.1674;Hands;1;OpenXR
Left;;Baseline;0;NoMitigation;None;anonymous;Sample;1512;0.0000;-0.0448;0.0472;0.1177;17.8236;3.5206;22.4722;-0.0448;0.0472;0.1177;0.9695;0.1578;-0.0004;0.1877;0;;;;;;;;;;;;;0;-0.0712;0.1043;0.2617;312.1373;238.3657;275.5865;Palm;0.0952;-0.7297;0.6771;-0.0849;0.0939;0.2359;0.9153;0.3967;0.0641;-0.0278;;;;;;;;;;;;;0;;;;;;;;b974454d-ae33-4d16-9737-e66469f616ef;;LineBisection;2026-05-18 09:45:06.1886;Hands;1;OpenXR
Left;;Baseline;0;NoMitigation;None;anonymous;Sample;1524;0.0000;-0.0448;0.0472;0.1177;17.8236;3.5206;22.4722;-0.0448;0.0472;0.1177;0.9695;0.1578;-0.0004;0.1877;0;;;;;;;;;;;;;0;-0.0709;0.1040;0.2605;312.4637;238.4227;275.5337;Palm;0.0928;-0.7277;0.6796;-0.0848;0.0938;0.2356;0.9160;0.3954;0.0622;-0.0269;;;;;;;;;;;;;0;;;;;;;;b974454d-ae33-4d16-9737-e66469f616ef;;LineBisection;2026-05-18 09:45:06.2099;Hands;1;OpenXR
Left;;Baseline;0;NoMitigation;None;anonymous;Sample;1536;0.0000;-0.0448;0.0472;0.1177;17.8236;3.5206;22.4722;-0.0448;0.0472;0.1177;0.9695;0.1578;-0.0004;0.1877;0;;;;;;;;;;;;;0;-0.0709;0.1040;0.2605;312.4637;238.4227;275.5337;Palm;0.0894;-0.7248;0.6832;-0.0847;0.0937;0.2353;0.9170;0.3935;0.0597;-0.0256;;;;;;;;;;;;;0;;;;;;;;b974454d-ae33-4d16-9737-e66469f616ef;;LineBisection;2026-05-18 09:45:06.2304;Hands;1;OpenXR
Left;;Baseline;0;NoMitigation;None;anonymous;Sample;1547;0.0000;-0.0448;0.0472;0.1177;17.8236;3.5206;22.4722;-0.0448;0.0472;0.1177;0.9695;0.1578;-0.0004;0.1877;0;;;;;;;;;;;;;0;-0.0700;0.1037;0.2583;312.7911;238.4789;275.4818;Palm;0.0849;-0.7204;0.6883;-0.0845;0.0935;0.2346;0.9185;0.3907;0.0564;-0.0240;;;;;;;;;;;;;0;;;;;;;;b974454d-ae33-4d16-9737-e66469f616ef;;LineBisection;2026-05-18 09:45:06.2503;Hands;1;OpenXR
Left;;Baseline;0;NoMitigation;None;anonymous;Sample;1558;0.0000;-0.0448;0.0472;0.1177;17.8236;3.5206;22.4722;-0.0448;0.0472;0.1177;0.9695;0.1578;-0.0004;0.1877;0;;;;;;;;;;;;;0;-0.0700;0.1037;0.2583;312.7911;238.4789;275.4818;Palm;0.0811;-0.7166;0.6928;-0.0843;0.0933;0.2340;0.9197;0.3882;0.0536;-0.0226;;;;;;;;;;;;;0;;;;;;;;b974454d-ae33-4d16-9737-e66469f616ef;;LineBisection;2026-05-18 09:45:06.2705;Hands;1;OpenXR
Left;;Baseline;0;NoMitigation;None;anonymous;Sample;1570;0.0000;-0.0448;0.0472;0.1177;17.8236;3.5206;22.4722;-0.0448;0.0472;0.1177;0.9695;0.1578;-0.0004;0.1877;0;;;;;;;;;;;;;0;;;;;;;;0.0784;-0.7139;0.6958;-0.0842;0.0932;0.2336;0.9206;0.3865;0.0517;-0.0217;;;;;;;;;;;;;0;;;;;;;;b974454d-ae33-4d16-9737-e66469f616ef;;LineBisection;2026-05-18 09:45:06.2903;Hands;1;OpenXR
Left;;Baseline;0;NoMitigation;None;anonymous;Sample;1580;0.0000;-0.0448;0.0472;0.1177;17.8236;3.5206;22.4722;-0.0448;0.0472;0.1177;0.9695;0.1578;-0.0004;0.1877;0;;;;;;;;;;;;;0;;;;;;;;0.0763;-0.7118;0.6982;-0.0841;0.0931;0.2333;0.9212;0.3852;0.0502;-0.0210;;;;;;;;;;;;;0;;;;;;;;b974454d-ae33-4d16-9737-e66469f616ef;;LineBisection;2026-05-18 09:45:06.3137;Hands;1;OpenXR
Left;;Baseline;0;NoMitigation;None;anonymous;Sample;1587;0.0000;-0.0448;0.0472;0.1177;17.8236;3.5206;22.4722;-0.0448;0.0472;0.1177;0.9695;0.1578;-0.0004;0.1877;0;;;;;;;;;;;;;0;;;;;;;;0.0750;-0.7105;0.6997;-0.0840;0.0931;0.2331;0.9216;0.3843;0.0492;-0.0205;;;;;;;;;;;;;0;;;;;;;;b974454d-ae33-4d16-9737-e66469f616ef;;LineBisection;2026-05-18 09:45:06.3352;Hands;1;OpenXR
Left;;Baseline;0;NoMitigation;None;anonymous;Sample;1597;0.0000;-0.0448;0.0472;0.1177;17.8236;3.5206;22.4722;-0.0448;0.0472;0.1177;0.9695;0.1578;-0.0004;0.1877;0;;;;;;;;;;;;;0;;;;;;;;0.0742;-0.7097;0.7006;-0.0840;0.0930;0.2330;0.9219;0.3839;0.0487;-0.0203;;;;;;;;;;;;;0;;;;;;;;b974454d-ae33-4d16-9737-e66469f616ef;;LineBisection;2026-05-18 09:45:06.3545;Hands;1;OpenXR
Left;;Baseline;0;NoMitigation;None;anonymous;Sample;1609;0.0000;-0.0448;0.0472;0.1177;17.8236;3.5206;22.4722;-0.0448;0.0472;0.1177;0.9695;0.1578;-0.0004;0.1877;0;;;;;;;;;;;;;0;;;;;;;;0.0737;-0.7092;0.7012;-0.0840;0.0930;0.2329;0.9221;0.3835;0.0483;-0.0201;;;;;;;;;;;;;0;;;;;;;;b974454d-ae33-4d16-9737-e66469f616ef;;LineBisection;2026-05-18 09:45:06.3753;Hands;1;OpenXR
Left;;Baseline;0;NoMitigation;None;anonymous;Sample;1621;0.0000;-0.0448;0.0472;0.1177;17.8236;3.5206;22.4722;-0.0448;0.0472;0.1177;0.9695;0.1578;-0.0004;0.1877;0;;;;;;;;;;;;;0;0.0412;0.1856;0.2480;323.9416;243.1616;261.7574;Palm;0.3696;-0.8540;0.3661;-0.0671;0.1169;0.2197;0.8047;0.4521;0.3355;-0.1885;;;;;;;;;;;;;0;;;;;;;;b974454d-ae33-4d16-9737-e66469f616ef;;LineBisection;2026-05-18 09:45:06.3966;Hands;1;OpenXR
Left;;Baseline;0;NoMitigation;None;anonymous;Sample;1633;0.0000;-0.0448;0.0472;0.1177;17.8236;3.5206;22.4722;-0.0448;0.0472;0.1177;0.9695;0.1578;-0.0004;0.1877;0;;;;;;;;;;;;;0;0.0412;0.1856;0.2480;323.9416;243.1616;261.7574;Palm;0.6359;-0.7393;-0.2215;-0.0434;0.1505;0.2012;0.5299;0.2341;0.7456;-0.3294;;;;;;;;;;;;;0;;;;;;;;b974454d-ae33-4d16-9737-e66469f616ef;;LineBisection;2026-05-18 09:45:06.4169;Hands;1;OpenXR
Left;;Baseline;0;NoMitigation;None;anonymous;Sample;1645;0.0000;-0.0448;0.0472;0.1177;17.8236;3.5206;22.4722;-0.0448;0.0472;0.1177;0.9695;0.1578;-0.0004;0.1877;0;;;;;;;;;;;;;0;0.0412;0.1856;0.2480;323.9416;243.1616;261.7574;Palm;0.6629;-0.4660;-0.5860;-0.0271;0.1737;0.1885;0.3989;0.0986;0.8850;-0.2188;;;;;;;;;;;;;0;;;;;;;;b974454d-ae33-4d16-9737-e66469f616ef;;LineBisection;2026-05-18 09:45:06.4361;Hands;1;OpenXR
Left;;Baseline;0;NoMitigation;None;anonymous;Sample;1657;0.0000;-0.0448;0.0472;0.1177;17.8236;3.5206;22.4722;-0.0448;0.0472;0.1177;0.9695;0.1578;-0.0004;0.1877;0;;;;;;;;;;;;;0;;;;;;;;0.5997;-0.2153;-0.7707;-0.0157;0.1898;0.1796;0.3227;0.0352;0.9403;-0.1024;;;;;;;;;;;;;0;;;;;;;;b974454d-ae33-4d16-9737-e66469f616ef;;LineBisection;2026-05-18 09:45:06.4579;Hands;1;OpenXR
Left;;Baseline;0;NoMitigation;None;anonymous;Sample;1669;0.0000;-0.0448;0.0472;0.1177;17.8236;3.5206;22.4722;-0.0448;0.0472;0.1177;0.9695;0.1578;-0.0004;0.1877;0;;;;;;;;;;;;;0;;;;;;;;0.5199;-0.0274;-0.8538;-0.0079;0.2009;0.1735;0.2701;0.0037;0.9627;-0.0132;;;;;;;;;;;;;0;;;;;;;;b974454d-ae33-4d16-9737-e66469f616ef;;LineBisection;2026-05-18 09:45:06.4772;Hands;1;OpenXR
Left;;Baseline;0;NoMitigation;None;anonymous;Sample;1681;0.0000;-0.0448;0.0472;0.1177;17.8236;3.5206;22.4722;-0.0448;0.0472;0.1177;0.9695;0.1578;-0.0004;0.1877;0;;;;;;;;;;;;;0;;;;;;;;0.4501;0.1030;-0.8870;-0.0025;0.2085;0.1693;0.2323;-0.0120;0.9713;0.0502;;;;;;;;;;;;;0;;;;;;;;b974454d-ae33-4d16-9737-e66469f616ef;;LineBisection;2026-05-18 09:45:06.4985;Hands;1;OpenXR
Left;;Baseline;0;NoMitigation;None;anonymous;Sample;1693;0.0000;-0.0448;0.0472;0.1177;17.8236;3.5206;22.4722;-0.0448;0.0472;0.1177;0.9695;0.1578;-0.0004;0.1877;0;;;;;;;;;;;;;0;;;;;;;;0.3956;0.1922;-0.8981;0.0012;0.2138;0.1664;0.2050;-0.0199;0.9740;0.0945;;;;;;;;;;;;;0;;;;;;;;b974454d-ae33-4d16-9737-e66469f616ef;;LineBisection;2026-05-18 09:45:06.5183;Hands;1;OpenXR
Left;;Baseline;0;NoMitigation;None;anonymous;Sample;1705;0.0000;-0.0448;0.0472;0.1177;17.8236;3.5206;22.4722;-0.0448;0.0472;0.1177;0.9695;0.1578;-0.0004;0.1877;0;;;;;;;;;;;;;0;;;;;;;;0.3552;0.2529;-0.8999;0.0038;0.2175;0.1644;0.1853;-0.0238;0.9744;0.1252;;;;;;;;;;;;;0;;;;;;;;b974454d-ae33-4d16-9737-e66469f616ef;;LineBisection;2026-05-18 09:45:06.5392;Hands;1;OpenXR
Left;;Baseline;0;NoMitigation;None;anonymous;Sample;1717;0.0000;-0.0448;0.0472;0.1177;17.8236;3.5206;22.4722;-0.0448;0.0472;0.1177;0.9695;0.1578;-0.0004;0.1877;0;;;;;;;;;;;;;0;;;;;;;;0.3262;0.2939;-0.8984;0.0056;0.2200;0.1630;0.1713;-0.0257;0.9739;0.1464;;;;;;;;;;;;;0;;;;;;;;b974454d-ae33-4d16-9737-e66469f616ef;;LineBisection;2026-05-18 09:45:06.5605;Hands;1;OpenXR
Left;;Baseline;0;NoMitigation;None;anonymous;Sample;1729;0.0000;-0.0448;0.0472;0.1177;17.8236;3.5206;22.4722;-0.0448;0.0472;0.1177;0.9695;0.1578;-0.0004;0.1877;0;;;;;;;;;;;;;0;;;;;;;;0.3057;0.3218;-0.8961;0.0069;0.2218;0.1620;0.1615;-0.0267;0.9733;0.1609;;;;;;;;;;;;;0;;;;;;;;b974454d-ae33-4d16-9737-e66469f616ef;;LineBisection;2026-05-18 09:45:06.5808;Hands;1;OpenXR
Left;;Baseline;0;NoMitigation;None;anonymous;Sample;1741;0.0000;-0.0448;0.0472;0.1177;17.8236;3.5206;22.4722;-0.0448;0.0472;0.1177;0.9695;0.1578;-0.0004;0.1877;0;;;;;;;;;;;;;0;;;;;;;;0.2914;0.3408;-0.8938;0.0077;0.2230;0.1614;0.1546;-0.0271;0.9727;0.1708;;;;;;;;;;;;;0;;;;;;;;b974454d-ae33-4d16-9737-e66469f616ef;;LineBisection;2026-05-18 09:45:06.6020;Hands;1;OpenXR
Left;;Baseline;0;NoMitigation;None;anonymous;Sample;1753;0.0000;-0.0448;0.0472;0.1177;17.8236;3.5206;22.4722;-0.0448;0.0472;0.1177;0.9695;0.1578;-0.0004;0.1877;0;;;;;;;;;;;;;0;;;;;;;;0.2814;0.3538;-0.8920;0.0083;0.2238;0.1609;0.1497;-0.0274;0.9722;0.1778;;;;;;;;;;;;;0;;;;;;;;b974454d-ae33-4d16-9737-e66469f616ef;;LineBisection;2026-05-18 09:45:06.6229;Hands;1;OpenXR
Left;;Baseline;0;NoMitigation;None;anonymous;Sample;1765;0.0000;-0.0448;0.0472;0.1177;17.8236;3.5206;22.4722;-0.0448;0.0472;0.1177;0.9695;0.1578;-0.0004;0.1877;0;;;;;;;;;;;;;0;;;;;;;;0.2745;0.3627;-0.8905;0.0087;0.2244;0.1606;0.1464;-0.0275;0.9719;0.1825;;;;;;;;;;;;;0;;;;;;;;b974454d-ae33-4d16-9737-e66469f616ef;;LineBisection;2026-05-18 09:45:06.6437;Hands;1;OpenXR
Left;;Baseline;0;NoMitigation;None;anonymous;Sample;1777;0.0000;-0.0448;0.0472;0.1177;17.8236;3.5206;22.4722;-0.0448;0.0472;0.1177;0.9695;0.1578;-0.0004;0.1877;0;;;;;;;;;;;;;0;;;;;;;;0.2697;0.3688;-0.8895;0.0090;0.2248;0.1604;0.1440;-0.0275;0.9716;0.1857;;;;;;;;;;;;;0;;;;;;;;b974454d-ae33-4d16-9737-e66469f616ef;;LineBisection;2026-05-18 09:45:06.6644;Hands;1;OpenXR
Left;;Baseline;0;NoMitigation;None;anonymous;Sample;1789;0.0000;-0.0448;0.0472;0.1177;17.8236;3.5206;22.4722;-0.0448;0.0472;0.1177;0.9695;0.1578;-0.0004;0.1877;0;;;;;;;;;;;;;0;;;;;;;;0.2664;0.3730;-0.8888;0.0092;0.2251;0.1602;0.1424;-0.0276;0.9714;0.1880;;;;;;;;;;;;;0;;;;;;;;b974454d-ae33-4d16-9737-e66469f616ef;;LineBisection;2026-05-18 09:45:06.6852;Hands;1;OpenXR
Left;;Baseline;0;NoMitigation;None;anonymous;Sample;1801;0.0000;-0.0448;0.0472;0.1177;17.8236;3.5206;22.4722;-0.0448;0.0472;0.1177;0.9695;0.1578;-0.0004;0.1877;0;;;;;;;;;;;;;0;;;;;;;;0.2641;0.3759;-0.8882;0.0093;0.2252;0.1601;0.1413;-0.0276;0.9713;0.1895;;;;;;;;;;;;;0;;;;;;;;b974454d-ae33-4d16-9737-e66469f616ef;;LineBisection;2026-05-18 09:45:06.7061;Hands;1;OpenXR
Left;;Baseline;0;NoMitigation;None;anonymous;Sample;1813;0.0000;-0.0448;0.0472;0.1177;17.8236;3.5206;22.4722;-0.0448;0.0472;0.1177;0.9695;0.1578;-0.0004;0.1877;0;;;;;;;;;;;;;0;;;;;;;;0.2626;0.3779;-0.8879;0.0094;0.2254;0.1601;0.1406;-0.0276;0.9712;0.1905;;;;;;;;;;;;;0;;;;;;;;b974454d-ae33-4d16-9737-e66469f616ef;;LineBisection;2026-05-18 09:45:06.7274;Hands;1;OpenXR
Left;;Baseline;0;NoMitigation;None;anonymous;Sample;1825;0.0000;-0.0448;0.0472;0.1177;17.8236;3.5206;22.4722;-0.0448;0.0472;0.1177;0.9695;0.1578;-0.0004;0.1877;0;;;;;;;;;;;;;0;;;;;;;;0.2615;0.3792;-0.8876;0.0094;0.2255;0.1600;0.1401;-0.0276;0.9711;0.1913;;;;;;;;;;;;;0;;;;;;;;b974454d-ae33-4d16-9737-e66469f616ef;;LineBisection;2026-05-18 09:45:06.7483;Hands;1;OpenXR
Left;;Baseline;0;NoMitigation;None;anonymous;Sample;1837;0.0000;-0.0448;0.0472;0.1177;17.8236;3.5206;22.4722;-0.0448;0.0472;0.1177;0.9695;0.1578;-0.0004;0.1877;0;;;;;;;;;;;;;0;;;;;;;;0.2607;0.3801;-0.8874;0.0095;0.2255;0.1600;0.1397;-0.0276;0.9711;0.1918;;;;;;;;;;;;;0;;;;;;;;b974454d-ae33-4d16-9737-e66469f616ef;;LineBisection;2026-05-18 09:45:06.7686;Hands;1;OpenXR
Left;;Baseline;0;NoMitigation;None;anonymous;Sample;1849;0.0000;-0.0448;0.0472;0.1177;17.8236;3.5206;22.4722;-0.0448;0.0472;0.1177;0.9695;0.1578;-0.0004;0.1877;0;;;;;;;;;;;;;0;;;;;;;;0.2602;0.3808;-0.8873;0.0095;0.2256;0.1600;0.1395;-0.0276;0.9710;0.1921;;;;;;;;;;;;;0;;;;;;;;b974454d-ae33-4d16-9737-e66469f616ef;;LineBisection;2026-05-18 09:45:06.7900;Hands;1;OpenXR
Left;;Baseline;0;NoMitigation;None;anonymous;Sample;1861;0.0000;-0.0448;0.0472;0.1177;17.8236;3.5206;22.4722;-0.0448;0.0472;0.1177;0.9695;0.1578;-0.0004;0.1877;0;;;;;;;;;;;;;0;;;;;;;;0.2599;0.3812;-0.8872;0.0095;0.2256;0.1600;0.1393;-0.0276;0.9710;0.1923;;;;;;;;;;;;;0;;;;;;;;b974454d-ae33-4d16-9737-e66469f616ef;;LineBisection;2026-05-18 09:45:06.8112;Hands;1;OpenXR
Left;;Baseline;0;NoMitigation;None;anonymous;Sample;1873;0.0000;-0.0448;0.0472;0.1177;17.8236;3.5206;22.4722;-0.0448;0.0472;0.1177;0.9695;0.1578;-0.0004;0.1877;0;;;;;;;;;;;;;0;;;;;;;;0.2596;0.3815;-0.8872;0.0096;0.2256;0.1599;0.1392;-0.0276;0.9710;0.1925;;;;;;;;;;;;;0;;;;;;;;b974454d-ae33-4d16-9737-e66469f616ef;;LineBisection;2026-05-18 09:45:06.8316;Hands;1;OpenXR
Left;;Baseline;0;NoMitigation;None;anonymous;Sample;1885;0.0000;-0.0448;0.0472;0.1177;17.8236;3.5206;22.4722;-0.0448;0.0472;0.1177;0.9695;0.1578;-0.0004;0.1877;0;;;;;;;;;;;;;0;;;;;;;;0.2595;0.3817;-0.8871;0.0096;0.2256;0.1599;0.1391;-0.0276;0.9710;0.1926;;;;;;;;;;;;;0;;;;;;;;b974454d-ae33-4d16-9737-e66469f616ef;;LineBisection;2026-05-18 09:45:06.8538;Hands;1;OpenXR
Left;;Baseline;0;NoMitigation;None;anonymous;Sample;1897;0.0000;-0.0448;0.0472;0.1177;17.8236;3.5206;22.4722;-0.0448;0.0472;0.1177;0.9695;0.1578;-0.0004;0.1877;0;;;;;;;;;;;;;0;;;;;;;;0.2594;0.3818;-0.8871;0.0096;0.2256;0.1599;0.1390;-0.0276;0.9710;0.1927;;;;;;;;;;;;;0;;;;;;;;b974454d-ae33-4d16-9737-e66469f616ef;;LineBisection;2026-05-18 09:45:06.8743;Hands;1;OpenXR
Left;;Baseline;0;NoMitigation;None;anonymous;Sample;1909;0.0000;-0.0448;0.0472;0.1177;17.8236;3.5206;22.4722;-0.0448;0.0472;0.1177;0.9695;0.1578;-0.0004;0.1877;0;;;;;;;;;;;;;0;;;;;;;;0.2593;0.3819;-0.8871;0.0096;0.2256;0.1599;0.1390;-0.0276;0.9710;0.1927;;;;;;;;;;;;;0;;;;;;;;b974454d-ae33-4d16-9737-e66469f616ef;;LineBisection;2026-05-18 09:45:06.8962;Hands;1;OpenXR
Left;;Baseline;0;NoMitigation;None;anonymous;Sample;1921;0.0000;-0.0448;0.0472;0.1177;17.8236;3.5206;22.4722;-0.0448;0.0472;0.1177;0.9695;0.1578;-0.0004;0.1877;0;;;;;;;;;;;;;0;0.0822;0.2375;0.2479;324.1450;226.8722;266.9889;Palm;0.2297;0.4004;-0.8871;0.0189;0.2369;0.1579;0.1237;-0.0258;0.9710;0.2029;;;;;;;;;;;;;0;;;;;;;;b974454d-ae33-4d16-9737-e66469f616ef;;LineBisection;2026-05-18 09:45:06.9175;Hands;1;OpenXR
Left;;Baseline;0;NoMitigation;None;anonymous;Sample;1933;0.0000;-0.0448;0.0472;0.1177;17.8236;3.5206;22.4722;-0.0448;0.0472;0.1177;0.9695;0.1578;-0.0004;0.1877;0;;;;;;;;;;;;;0;0.0822;0.2375;0.2479;324.1450;226.8722;266.9889;Palm;0.1942;0.4217;-0.8857;0.0299;0.2503;0.1555;0.1052;-0.0233;0.9707;0.2147;;;;;;;;;;;;;0;;;;;;;;b974454d-ae33-4d16-9737-e66469f616ef;;LineBisection;2026-05-18 09:45:06.9383;Hands;1;OpenXR
Left;;Baseline;0;NoMitigation;None;anonymous;Sample;1945;0.0000;-0.0448;0.0472;0.1177;17.8236;3.5206;22.4722;-0.0448;0.0472;0.1177;0.9695;0.1578;-0.0004;0.1877;0;;;;;;;;;;;;;0;0.0834;0.2398;0.2479;324.7683;227.2103;267.0288;Palm;0.1664;0.4367;-0.8841;0.0373;0.2595;0.1539;0.0905;-0.0208;0.9704;0.2231;;;;;;;;;;;;;0;;;;;;;;b974454d-ae33-4d16-9737-e66469f616ef;;LineBisection;2026-05-18 09:45:06.9601;Hands;1;OpenXR
Left;;Baseline;0;NoMitigation;None;anonymous;Sample;1957;0.0000;-0.0448;0.0472;0.1177;17.8236;3.5206;22.4722;-0.0448;0.0472;0.1177;0.9695;0.1578;-0.0004;0.1877;0;;;;;;;;;;;;;0;0.0834;0.2398;0.2479;324.7683;227.2103;267.0288;Palm;0.1367;0.4489;-0.8830;0.0418;0.2664;0.1530;0.0747;-0.0177;0.9702;0.2300;;;;;;;;;;;;;0;;;;;;;;b974454d-ae33-4d16-9737-e66469f616ef;;LineBisection;2026-05-18 09:45:06.9814;Hands;1;OpenXR
Left;;Baseline;0;NoMitigation;None;anonymous;Sample;1969;0.0000;-0.0448;0.0472;0.1177;17.8236;3.5206;22.4722;-0.0448;0.0472;0.1177;0.9695;0.1578;-0.0004;0.1877;0;;;;;;;;;;;;;0;0.0855;0.2404;0.2481;325.4938;227.7048;266.8496;Palm;0.1146;0.4565;-0.8823;0.0450;0.2710;0.1524;0.0627;-0.0151;0.9700;0.2343;;;;;;;;;;;;;0;;;;;;;;b974454d-ae33-4d16-9737-e66469f616ef;;LineBisection;2026-05-18 09:45:07.0033;Hands;1;OpenXR
Left;;Baseline;0;NoMitigation;None;anonymous;Sample;1981;0.0000;-0.0448;0.0472;0.1177;17.8236;3.5206;22.4722;-0.0448;0.0472;0.1177;0.9695;0.1578;-0.0004;0.1877;0;;;;;;;;;;;;;0;0.0855;0.2404;0.2481;325.4938;227.7048;266.8496;Palm;0.0980;0.4613;-0.8818;0.0473;0.2742;0.1521;0.0537;-0.0131;0.9699;0.2371;;;;;;;;;;;;;0;;;;;;;;b974454d-ae33-4d16-9737-e66469f616ef;;LineBisection;2026-05-18 09:45:07.0242;Hands;1;OpenXR
Left;;Baseline;0;NoMitigation;None;anonymous;Sample;1993;0.0000;-0.0448;0.0472;0.1177;17.8236;3.5206;22.4722;-0.0448;0.0472;0.1177;0.9695;0.1578;-0.0004;0.1877;0;;;;;;;;;;;;;0;0.0869;0.2419;0.2484;325.8040;227.8882;266.7416;Palm;0.0863;0.4647;-0.8813;0.0489;0.2766;0.1520;0.0474;-0.0117;0.9698;0.2390;;;;;;;;;;;;;0;;;;;;;;b974454d-ae33-4d16-9737-e66469f616ef;;LineBisection;2026-05-18 09:45:07.0465;Hands;1;OpenXR
Left;;Baseline;0;NoMitigation;None;anonymous;Sample;2005;0.0000;-0.0448;0.0472;0.1177;17.8236;3.5206;22.4722;-0.0448;0.0472;0.1177;0.9695;0.1578;-0.0004;0.1877;0;;;;;;;;;;;;;0;0.0869;0.2419;0.2484;325.8040;227.8882;266.7416;Palm;0.0775;0.4671;-0.8808;0.0501;0.2784;0.1520;0.0426;-0.0106;0.9697;0.2404;;;;;;;;;;;;;0;;;;;;;;b974454d-ae33-4d16-9737-e66469f616ef;;LineBisection;2026-05-18 09:45:07.0679;Hands;1;OpenXR
Left;;Baseline;0;NoMitigation;None;anonymous;Sample;2017;0.0000;-0.0448;0.0472;0.1177;17.8236;3.5206;22.4722;-0.0448;0.0472;0.1177;0.9695;0.1578;-0.0004;0.1877;0;;;;;;;;;;;;;0;0.0882;0.2432;0.2479;326.0584;227.6423;266.6935;Palm;0.0704;0.4693;-0.8802;0.0511;0.2800;0.1519;0.0387;-0.0096;0.9695;0.2416;;;;;;;;;;;;;0;;;;;;;;b974454d-ae33-4d16-9737-e66469f616ef;;LineBisection;2026-05-18 09:45:07.0896;Hands;1;OpenXR
Left;;Baseline;0;NoMitigation;None;anonymous;Sample;2029;0.0000;-0.0448;0.0472;0.1177;17.8236;3.5206;22.4722;-0.0448;0.0472;0.1177;0.9695;0.1578;-0.0004;0.1877;0;;;;;;;;;;;;;0;0.0880;0.2436;0.2471;326.5131;227.3204;266.7394;Palm;0.0644;0.4710;-0.8798;0.0518;0.2812;0.1517;0.0354;-0.0089;0.9694;0.2426;;;;;;;;;;;;;0;;;;;;;;b974454d-ae33-4d16-9737-e66469f616ef;;LineBisection;2026-05-18 09:45:07.1115;Hands;1;OpenXR
Left;;Baseline;0;NoMitigation;None;anonymous;Sample;2040;0.0000;-0.0448;0.0472;0.1177;17.8236;3.5206;22.4722;-0.0448;0.0472;0.1177;0.9695;0.1578;-0.0004;0.1877;0;;;;;;;;;;;;;0;0.0880;0.2436;0.2471;326.5131;227.3204;266.7394;Palm;0.0592;0.4721;-0.8796;0.0520;0.2819;0.1515;0.0326;-0.0082;0.9694;0.2432;;;;;;;;;;;;;0;;;;;;;;b974454d-ae33-4d16-9737-e66469f616ef;;LineBisection;2026-05-18 09:45:07.1310;Hands;1;OpenXR
Left;;Baseline;0;NoMitigation;None;anonymous;Sample;2051;0.0000;-0.0448;0.0472;0.1177;17.8236;3.5206;22.4722;-0.0448;0.0472;0.1177;0.9695;0.1578;-0.0004;0.1877;0;;;;;;;;;;;;;0;0.0880;0.2436;0.2471;326.5131;227.3204;266.7394;Palm;0.0555;0.4728;-0.8794;0.0522;0.2825;0.1513;0.0306;-0.0077;0.9693;0.2437;;;;;;;;;;;;;0;;;;;;;;b974454d-ae33-4d16-9737-e66469f616ef;;LineBisection;2026-05-18 09:45:07.1509;Hands;1;OpenXR
Left;;Baseline;0;NoMitigation;None;anonymous;Sample;2063;0.0000;-0.0448;0.0472;0.1177;17.8236;3.5206;22.4722;-0.0448;0.0472;0.1177;0.9695;0.1578;-0.0004;0.1877;0;;;;;;;;;;;;;0;0.0875;0.2438;0.2465;327.0656;226.8872;267.1761;Palm;0.0516;0.4714;-0.8804;0.0521;0.2826;0.1509;0.0284;-0.0071;0.9696;0.2429;;;;;;;;;;;;;0;;;;;;;;b974454d-ae33-4d16-9737-e66469f616ef;;LineBisection;2026-05-18 09:45:07.1738;Hands;1;OpenXR
Left;;Baseline;0;NoMitigation;None;anonymous;Sample;2075;0.0000;-0.0448;0.0472;0.1177;17.8236;3.5206;22.4722;-0.0448;0.0472;0.1177;0.9695;0.1578;-0.0004;0.1877;0;;;;;;;;;;;;;0;0.0867;0.2435;0.2453;327.6748;226.2193;267.8487;Palm;0.0483;0.4687;-0.8820;0.0519;0.2825;0.1504;0.0266;-0.0066;0.9700;0.2414;;;;;;;;;;;;;0;;;;;;;;b974454d-ae33-4d16-9737-e66469f616ef;;LineBisection;2026-05-18 09:45:07.1956;Hands;1;OpenXR
Left;;Baseline;0;NoMitigation;None;anonymous;Sample;2086;0.0000;-0.0448;0.0472;0.1177;17.8236;3.5206;22.4722;-0.0448;0.0472;0.1177;0.9695;0.1578;-0.0004;0.1877;0;;;;;;;;;;;;;0;0.0867;0.2435;0.2453;327.6748;226.2193;267.8487;Palm;0.0458;0.4648;-0.8842;0.0516;0.2821;0.1497;0.0251;-0.0062;0.9706;0.2393;;;;;;;;;;;;;0;;;;;;;;b974454d-ae33-4d16-9737-e66469f616ef;;LineBisection;2026-05-18 09:45:07.2155;Hands;1;OpenXR
Left;;Baseline;0;NoMitigation;None;anonymous;Sample;2097;0.0000;-0.0448;0.0472;0.1177;17.8236;3.5206;22.4722;-0.0448;0.0472;0.1177;0.9695;0.1578;-0.0004;0.1877;0;;;;;;;;;;;;;0;0.0867;0.2435;0.2453;327.6748;226.2193;267.8487;Palm;0.0441;0.4621;-0.8857;0.0514;0.2818;0.1492;0.0241;-0.0059;0.9710;0.2378;;;;;;;;;;;;;0;;;;;;;;b974454d-ae33-4d16-9737-e66469f616ef;;LineBisection;2026-05-18 09:45:07.2358;Hands;1;OpenXR
Left;;Baseline;0;NoMitigation;None;anonymous;Sample;2108;0.0000;-0.0448;0.0472;0.1177;17.8236;3.5206;22.4722;-0.0448;0.0472;0.1177;0.9695;0.1578;-0.0004;0.1877;0;;;;;;;;;;;;;0;0.0856;0.2434;0.2438;328.0232;225.5510;268.6932;Palm;0.0421;0.4579;-0.8880;0.0510;0.2814;0.1484;0.0230;-0.0056;0.9716;0.2355;;;;;;;;;;;;;0;;;;;;;;b974454d-ae33-4d16-9737-e66469f616ef;;LineBisection;2026-05-18 09:45:07.2556;Hands;1;OpenXR
Left;;Baseline;0;NoMitigation;None;anonymous;Sample;2119;0.0000;-0.0448;0.0472;0.1177;17.8236;3.5206;22.4722;-0.0448;0.0472;0.1177;0.9695;0.1578;-0.0004;0.1877;0;;;;;;;;;;;;;0;0.0841;0.2432;0.2424;328.3950;224.9917;269.5837;Palm;0.0402;0.4536;-0.8903;0.0505;0.2809;0.1476;0.0219;-0.0053;0.9722;0.2332;;;;;;;;;;;;;0;;;;;;;;b974454d-ae33-4d16-9737-e66469f616ef;;LineBisection;2026-05-18 09:45:07.2764;Hands;1;OpenXR
Left;;Baseline;0;NoMitigation;None;anonymous;Sample;2130;0.0000;-0.0448;0.0472;0.1177;17.8236;3.5206;22.4722;-0.0448;0.0472;0.1177;0.9695;0.1578;-0.0004;0.1877;0;;;;;;;;;;;;;0;0.0841;0.2432;0.2424;328.3950;224.9917;269.5837;Palm;0.0379;0.4478;-0.8933;0.0497;0.2803;0.1466;0.0207;-0.0049;0.9730;0.2300;;;;;;;;;;;;;0;;;;;;;;b974454d-ae33-4d16-9737-e66469f616ef;;LineBisection;2026-05-18 09:45:07.2956;Hands;1;OpenXR
Left;;Baseline;0;NoMitigation;None;anonymous;Sample;2141;0.0000;-0.0448;0.0472;0.1177;17.8236;3.5206;22.4722;-0.0448;0.0472;0.1177;0.9695;0.1578;-0.0004;0.1877;0;;;;;;;;;;;;;0;0.0835;0.2440;0.2414;328.3894;224.6635;270.1737;Palm;0.0379;0.4423;-0.8961;0.0492;0.2799;0.1456;0.0206;-0.0048;0.9737;0.2270;;;;;;;;;;;;;0;;;;;;;;b974454d-ae33-4d16-9737-e66469f616ef;;LineBisection;2026-05-18 09:45:07.3159;Hands;1;OpenXR
Left;;Baseline;0;NoMitigation;None;anonymous;Sample;2152;0.0000;-0.0448;0.0472;0.1177;17.8236;3.5206;22.4722;-0.0448;0.0472;0.1177;0.9695;0.1578;-0.0004;0.1877;0;;;;;;;;;;;;;0;0.0835;0.2440;0.2414;328.3894;224.6635;270.1737;Palm;0.0392;0.4374;-0.8984;0.0488;0.2796;0.1448;0.0212;-0.0049;0.9743;0.2244;;;;;;;;;;;;;0;;;;;;;;b974454d-ae33-4d16-9737-e66469f616ef;;LineBisection;2026-05-18 09:45:07.3363;Hands;1;OpenXR
Left;;Baseline;0;NoMitigation;None;anonymous;Sample;2163;0.0000;-0.0448;0.0472;0.1177;17.8236;3.5206;22.4722;-0.0448;0.0472;0.1177;0.9695;0.1578;-0.0004;0.1877;0;;;;;;;;;;;;;0;0.0835;0.2440;0.2414;328.3894;224.6635;270.1737;Palm;0.0401;0.4341;-0.9000;0.0485;0.2794;0.1442;0.0217;-0.0050;0.9747;0.2226;;;;;;;;;;;;;0;;;;;;;;b974454d-ae33-4d16-9737-e66469f616ef;;LineBisection;2026-05-18 09:45:07.3576;Hands;1;OpenXR
Left;;Baseline;0;NoMitigation;None;anonymous;Sample;2174;0.0000;-0.0448;0.0472;0.1177;17.8236;3.5206;22.4722;-0.0448;0.0472;0.1177;0.9695;0.1578;-0.0004;0.1877;0;;;;;;;;;;;;;0;0.0826;0.2447;0.2406;328.3830;224.6715;270.1503;Palm;0.0453;0.4302;-0.9016;0.0482;0.2795;0.1436;0.0245;-0.0055;0.9751;0.2204;;;;;;;;;;;;;0;;;;;;;;b974454d-ae33-4d16-9737-e66469f616ef;;LineBisection;2026-05-18 09:45:07.3774;Hands;1;OpenXR
Left;;Baseline;0;NoMitigation;None;anonymous;Sample;2185;0.0000;-0.0448;0.0472;0.1177;17.8236;3.5206;22.4722;-0.0448;0.0472;0.1177;0.9695;0.1578;-0.0004;0.1877;0;;;;;;;;;;;;;0;0.0809;0.2463;0.2389;328.3764;224.6797;270.1267;Palm;0.0515;0.4266;-0.9030;0.0480;0.2797;0.1429;0.0278;-0.0062;0.9754;0.2185;;;;;;;;;;;;;0;;;;;;;;b974454d-ae33-4d16-9737-e66469f616ef;;LineBisection;2026-05-18 09:45:07.3988;Hands;1;OpenXR
Left;;Baseline;0;NoMitigation;None;anonymous;Sample;2196;0.0000;-0.0448;0.0472;0.1177;17.8236;3.5206;22.4722;-0.0448;0.0472;0.1177;0.9695;0.1578;-0.0004;0.1877;0;;;;;;;;;;;;;0;0.0809;0.2463;0.2389;328.3764;224.6797;270.1267;Palm;0.0589;0.4230;-0.9042;0.0476;0.2800;0.1421;0.0318;-0.0070;0.9757;0.2165;;;;;;;;;;;;;0;;;;;;;;b974454d-ae33-4d16-9737-e66469f616ef;;LineBisection;2026-05-18 09:45:07.4191;Hands;1;OpenXR
Left;;Baseline;0;NoMitigation;None;anonymous;Sample;2207;0.0000;-0.0448;0.0472;0.1177;17.8236;3.5206;22.4722;-0.0448;0.0472;0.1177;0.9695;0.1578;-0.0004;0.1877;0;;;;;;;;;;;;;0;;;;;;;;0.0642;0.4205;-0.9050;0.0474;0.2802;0.1415;0.0346;-0.0076;0.9759;0.2152;;;;;;;;;;;;;0;;;;;;;;b974454d-ae33-4d16-9737-e66469f616ef;;LineBisection;2026-05-18 09:45:07.4389;Hands;1;OpenXR
Left;;Baseline;0;NoMitigation;None;anonymous;Sample;2218;0.0000;-0.0448;0.0472;0.1177;17.8236;3.5206;22.4722;-0.0448;0.0472;0.1177;0.9695;0.1578;-0.0004;0.1877;0;;;;;;;;;;;;;0;;;;;;;;0.0677;0.4188;-0.9056;0.0473;0.2804;0.1411;0.0364;-0.0080;0.9761;0.2142;;;;;;;;;;;;;0;;;;;;;;b974454d-ae33-4d16-9737-e66469f616ef;;LineBisection;2026-05-18 09:45:07.4599;Hands;1;OpenXR
Left;;Baseline;0;NoMitigation;None;anonymous;Sample;2229;0.0000;-0.0448;0.0472;0.1177;17.8236;3.5206;22.4722;-0.0448;0.0472;0.1177;0.9695;0.1578;-0.0004;0.1877;0;;;;;;;;;;;;;0;;;;;;;;0.0702;0.4176;-0.9059;0.0472;0.2805;0.1409;0.0377;-0.0083;0.9762;0.2136;;;;;;;;;;;;;0;;;;;;;;b974454d-ae33-4d16-9737-e66469f616ef;;LineBisection;2026-05-18 09:45:07.4806;Hands;1;OpenXR
Left;;Baseline;0;NoMitigation;None;anonymous;Sample;2240;0.0000;-0.0448;0.0472;0.1177;17.8236;3.5206;22.4722;-0.0448;0.0472;0.1177;0.9695;0.1578;-0.0004;0.1877;0;;;;;;;;;;;;;0;;;;;;;;0.0719;0.4168;-0.9062;0.0471;0.2806;0.1407;0.0386;-0.0084;0.9762;0.2131;;;;;;;;;;;;;0;;;;;;;;b974454d-ae33-4d16-9737-e66469f616ef;;LineBisection;2026-05-18 09:45:07.5009;Hands;1;OpenXR
Left;;Baseline;0;NoMitigation;None;anonymous;Sample;2251;0.0000;-0.0448;0.0472;0.1177;17.8236;3.5206;22.4722;-0.0448;0.0472;0.1177;0.9695;0.1578;-0.0004;0.1877;0;;;;;;;;;;;;;0;;;;;;;;0.0730;0.4162;-0.9063;0.0470;0.2807;0.1406;0.0393;-0.0086;0.9763;0.2128;;;;;;;;;;;;;0;;;;;;;;b974454d-ae33-4d16-9737-e66469f616ef;;LineBisection;2026-05-18 09:45:07.5221;Hands;1;OpenXR
Left;;Baseline;0;NoMitigation;None;anonymous;Sample;2262;0.0000;-0.0448;0.0472;0.1177;17.8236;3.5206;22.4722;-0.0448;0.0472;0.1177;0.9695;0.1578;-0.0004;0.1877;0;;;;;;;;;;;;;0;;;;;;;;0.0738;0.4158;-0.9065;0.0470;0.2807;0.1405;0.0397;-0.0086;0.9763;0.2126;;;;;;;;;;;;;0;;;;;;;;b974454d-ae33-4d16-9737-e66469f616ef;;LineBisection;2026-05-18 09:45:07.5430;Hands;1;OpenXR
Left;;Baseline;0;NoMitigation;None;anonymous;Sample;2273;0.0000;-0.0448;0.0472;0.1177;17.8236;3.5206;22.4722;-0.0448;0.0472;0.1177;0.9695;0.1578;-0.0004;0.1877;0;;;;;;;;;;;;;0;;;;;;;;0.0744;0.4155;-0.9065;0.0470;0.2807;0.1404;0.0400;-0.0087;0.9763;0.2124;;;;;;;;;;;;;0;;;;;;;;b974454d-ae33-4d16-9737-e66469f616ef;;LineBisection;2026-05-18 09:45:07.5638;Hands;1;OpenXR
Left;;Baseline;0;NoMitigation;None;anonymous;Sample;2284;0.0000;-0.0448;0.0472;0.1177;17.8236;3.5206;22.4722;-0.0448;0.0472;0.1177;0.9695;0.1578;-0.0004;0.1877;0;;;;;;;;;;;;;0;;;;;;;;0.0748;0.4153;-0.9066;0.0470;0.2807;0.1404;0.0402;-0.0087;0.9763;0.2123;;;;;;;;;;;;;0;;;;;;;;b974454d-ae33-4d16-9737-e66469f616ef;;LineBisection;2026-05-18 09:45:07.5846;Hands;1;OpenXR
Left;;Baseline;0;NoMitigation;None;anonymous;Sample;2295;0.0000;-0.0448;0.0472;0.1177;17.8236;3.5206;22.4722;-0.0448;0.0472;0.1177;0.9695;0.1578;-0.0004;0.1877;0;;;;;;;;;;;;;0;;;;;;;;0.0750;0.4152;-0.9066;0.0469;0.2807;0.1404;0.0403;-0.0088;0.9763;0.2123;;;;;;;;;;;;;0;;;;;;;;b974454d-ae33-4d16-9737-e66469f616ef;;LineBisection;2026-05-18 09:45:07.6059;Hands;1;OpenXR
Left;;Baseline;0;NoMitigation;None;anonymous;Sample;2306;0.0000;-0.0448;0.0472;0.1177;17.8236;3.5206;22.4722;-0.0448;0.0472;0.1177;0.9695;0.1578;-0.0004;0.1877;0;;;;;;;;;;;;;0;;;;;;;;0.0752;0.4151;-0.9067;0.0469;0.2807;0.1403;0.0404;-0.0088;0.9763;0.2122;;;;;;;;;;;;;0;;;;;;;;b974454d-ae33-4d16-9737-e66469f616ef;;LineBisection;2026-05-18 09:45:07.6262;Hands;1;OpenXR
Left;;Baseline;0;NoMitigation;None;anonymous;Sample;2317;0.0000;-0.0448;0.0472;0.1177;17.8236;3.5206;22.4722;-0.0448;0.0472;0.1177;0.9695;0.1578;-0.0004;0.1877;0;;;;;;;;;;;;;0;;;;;;;;0.0753;0.4151;-0.9067;0.0469;0.2808;0.1403;0.0405;-0.0088;0.9763;0.2122;;;;;;;;;;;;;0;;;;;;;;b974454d-ae33-4d16-9737-e66469f616ef;;LineBisection;2026-05-18 09:45:07.6466;Hands;1;OpenXR
Left;;Baseline;0;NoMitigation;None;anonymous;Sample;2328;0.0000;-0.0448;0.0472;0.1177;17.8236;3.5206;22.4722;-0.0448;0.0472;0.1177;0.9695;0.1578;-0.0004;0.1877;0;;;;;;;;;;;;;0;;;;;;;;0.0754;0.4150;-0.9067;0.0469;0.2808;0.1403;0.0405;-0.0088;0.9764;0.2122;;;;;;;;;;;;;0;;;;;;;;b974454d-ae33-4d16-9737-e66469f616ef;;LineBisection;2026-05-18 09:45:07.6689;Hands;1;OpenXR
Left;;Baseline;0;NoMitigation;None;anonymous;Sample;2339;0.0000;-0.0448;0.0472;0.1177;17.8236;3.5206;22.4722;-0.0448;0.0472;0.1177;0.9695;0.1578;-0.0004;0.1877;0;;;;;;;;;;;;;0;0.1842;-0.2566;0.3044;320.4796;29.1445;39.4598;Palm;0.5018;0.5346;-0.6800;0.0927;0.1702;0.1927;0.3002;-0.0870;0.9124;0.2643;;;;;;;;;;;;;0;;;;;;;;b974454d-ae33-4d16-9737-e66469f616ef;;LineBisection;2026-05-18 09:45:07.6901;Hands;1;OpenXR
Left;;Baseline;0;NoMitigation;None;anonymous;Sample;2350;0.0000;-0.0448;0.0472;0.1177;17.8236;3.5206;22.4722;-0.0448;0.0472;0.1177;0.9695;0.1578;-0.0004;0.1877;0;;;;;;;;;;;;;0;0.1575;-0.2434;0.2941;318.7941;19.2856;57.9909;Palm;0.8071;0.5392;-0.2406;0.1394;0.0523;0.2493;0.5736;-0.1679;0.7695;0.2252;;;;;;;;;;;;;0;;;;;;;;b974454d-ae33-4d16-9737-e66469f616ef;;LineBisection;2026-05-18 09:45:07.7111;Hands;1;OpenXR
Left;;Baseline;0;NoMitigation;None;anonymous;Sample;2361;0.0000;-0.0448;0.0472;0.1177;17.8236;3.5206;22.4722;-0.0448;0.0472;0.1177;0.9695;0.1578;-0.0004;0.1877;0;;;;;;;;;;;;;0;0.1575;-0.2434;0.2941;318.7941;19.2856;57.9909;Palm;0.8270;0.5470;0.1298;0.1589;-0.0200;0.2869;0.7284;-0.2169;0.6229;0.1855;;;;;;;;;;;;;0;;;;;;;;b974454d-ae33-4d16-9737-e66469f616ef;;LineBisection;2026-05-18 09:45:07.7314;Hands;1;OpenXR
Left;;Baseline;0;NoMitigation;None;anonymous;Sample;2372;0.0000;-0.0448;0.0472;0.1177;17.8236;3.5206;22.4722;-0.0448;0.0472;0.1177;0.9695;0.1578;-0.0004;0.1877;0;;;;;;;;;;;;;0;0.1575;-0.2434;0.2941;318.7941;19.2856;57.9909;Palm;0.7754;0.5091;0.3736;0.1721;-0.0689;0.3123;0.8168;-0.2235;0.5131;0.1404;;;;;;;;;;;;;0;;;;;;;;b974454d-ae33-4d16-9737-e66469f616ef;;LineBisection;2026-05-18 09:45:07.7528;Hands;1;OpenXR
Left;;Baseline;0;NoMitigation;None;anonymous;Sample;2383;0.0000;-0.0448;0.0472;0.1177;17.8236;3.5206;22.4722;-0.0448;0.0472;0.1177;0.9695;0.1578;-0.0004;0.1877;0;;;;;;;;;;;;;0;0.1278;-0.2331;0.2845;320.2751;5.0196;75.5920;Palm;0.6624;0.4989;0.5588;0.1675;-0.0989;0.3294;0.8761;-0.2342;0.4071;0.1088;;;;;;;;;;;;;0;;;;;;;;b974454d-ae33-4d16-9737-e66469f616ef;;LineBisection;2026-05-18 09:45:07.7746;Hands;1;OpenXR
Left;;Baseline;0;NoMitigation;None;anonymous;Sample;2394;0.0000;-0.0448;0.0472;0.1177;17.8236;3.5206;22.4722;-0.0448;0.0472;0.1177;0.9695;0.1578;-0.0004;0.1877;0;;;;;;;;;;;;;0;0.1102;-0.2313;0.2814;325.4984;356.0709;85.8041;Palm;0.5475;0.4872;0.6804;0.1587;-0.1182;0.3410;0.9128;-0.2374;0.3217;0.0836;;;;;;;;;;;;;0;;;;;;;;b974454d-ae33-4d16-9737-e66469f616ef;;LineBisection;2026-05-18 09:45:07.7958;Hands;1;OpenXR
Left;;Baseline;0;NoMitigation;None;anonymous;Sample;2405;0.0000;-0.0448;0.0472;0.1177;17.8236;3.5206;22.4722;-0.0448;0.0472;0.1177;0.9695;0.1578;-0.0004;0.1877;0;;;;;;;;;;;;;0;0.1102;-0.2313;0.2814;325.4984;356.0709;85.8041;Palm;0.4276;0.4663;0.7744;0.1439;-0.1326;0.3503;0.9400;-0.2326;0.2423;0.0599;;;;;;;;;;;;;0;;;;;;;;b974454d-ae33-4d16-9737-e66469f616ef;;LineBisection;2026-05-18 09:45:07.8165;Hands;1;OpenXR
Left;;Baseline;0;NoMitigation;None;anonymous;Sample;2416;0.0000;-0.0448;0.0472;0.1177;17.8236;3.5206;22.4722;-0.0448;0.0472;0.1177;0.9695;0.1578;-0.0004;0.1877;0;;;;;;;;;;;;;0;0.0992;-0.2313;0.2781;332.7097;350.6290;92.4551;Palm;0.3273;0.4364;0.8381;0.1299;-0.1437;0.3570;0.9578;-0.2200;0.1804;0.0414;;;;;;;;;;;;;0;;;;;;;;b974454d-ae33-4d16-9737-e66469f616ef;;LineBisection;2026-05-18 09:45:07.8384;Hands;1;OpenXR
Left;;Baseline;0;NoMitigation;None;anonymous;Sample;2427;0.0000;-0.0448;0.0472;0.1177;17.8236;3.5206;22.4722;-0.0448;0.0472;0.1177;0.9695;0.1578;-0.0004;0.1877;0;;;;;;;;;;;;;0;0.0992;-0.2313;0.2781;332.7097;350.6290;92.4551;Palm;0.2446;0.4051;0.8810;0.1177;-0.1524;0.3621;0.9694;-0.2051;0.1321;0.0279;;;;;;;;;;;;;0;;;;;;;;b974454d-ae33-4d16-9737-e66469f616ef;;LineBisection;2026-05-18 09:45:07.8586;Hands;1;OpenXR
Left;;Baseline;0;NoMitigation;None;anonymous;Sample;2438;0.0000;-0.0448;0.0472;0.1177;17.8236;3.5206;22.4722;-0.0448;0.0472;0.1177;0.9695;0.1578;-0.0004;0.1877;0;;;;;;;;;;;;;0;0.0964;-0.2353;0.2862;334.2322;348.7466;96.9904;Palm;0.1892;0.3830;0.9042;0.1092;-0.1585;0.3663;0.9755;-0.1942;0.1010;0.0201;;;;;;;;;;;;;0;;;;;;;;b974454d-ae33-4d16-9737-e66469f616ef;;LineBisection;2026-05-18 09:45:07.8802;Hands;1;OpenXR
Left;;Baseline;0;NoMitigation;None;anonymous;Sample;2449;0.0000;-0.0448;0.0472;0.1177;17.8236;3.5206;22.4722;-0.0448;0.0472;0.1177;0.9695;0.1578;-0.0004;0.1877;0;;;;;;;;;;;;;0;0.0964;-0.2353;0.2862;334.2322;348.7466;96.9904;Palm;0.1533;0.3699;0.9164;0.1026;-0.1636;0.3711;0.9787;-0.1877;0.0813;0.0156;;;;;;;;;;;;;0;;;;;;;;b974454d-ae33-4d16-9737-e66469f616ef;;LineBisection;2026-05-18 09:45:07.9021;Hands;1;OpenXR
Left;;Baseline;0;NoMitigation;None;anonymous;Sample;2460;0.0000;-0.0448;0.0472;0.1177;17.8236;3.5206;22.4722;-0.0448;0.0472;0.1177;0.9695;0.1578;-0.0004;0.1877;0;;;;;;;;;;;;;0;0.0936;-0.2368;0.2896;334.3871;347.6737;98.7399;Palm;0.1271;0.3638;0.9228;0.0970;-0.1672;0.3751;0.9804;-0.1847;0.0672;0.0127;;;;;;;;;;;;;0;;;;;;;;b974454d-ae33-4d16-9737-e66469f616ef;;LineBisection;2026-05-18 09:45:07.9240;Hands;1;OpenXR
Left;;Baseline;0;NoMitigation;None;anonymous;Sample;2471;0.0000;-0.0448;0.0472;0.1177;17.8236;3.5206;22.4722;-0.0448;0.0472;0.1177;0.9695;0.1578;-0.0004;0.1877;0;;;;;;;;;;;;;0;0.0910;-0.2353;0.2915;333.8315;348.0540;99.0600;Palm;0.1088;0.3622;0.9257;0.0927;-0.1695;0.3781;0.9812;-0.1839;0.0575;0.0108;;;;;;;;;;;;;0;;;;;;;;b974454d-ae33-4d16-9737-e66469f616ef;;LineBisection;2026-05-18 09:45:07.9453;Hands;1;OpenXR
Left;;Baseline;0;NoMitigation;None;anonymous;Sample;2482;0.0000;-0.0448;0.0472;0.1177;17.8236;3.5206;22.4722;-0.0448;0.0472;0.1177;0.9695;0.1578;-0.0004;0.1877;0;;;;;;;;;;;;;0;0.0910;-0.2353;0.2915;333.8315;348.0540;99.0600;Palm;0.0972;0.3659;0.9256;0.0891;-0.1703;0.3804;0.9812;-0.1860;0.0514;0.0097;;;;;;;;;;;;;0;;;;;;;;b974454d-ae33-4d16-9737-e66469f616ef;;LineBisection;2026-05-18 09:45:07.9672;Hands;1;OpenXR
Left;;Baseline;0;NoMitigation;None;anonymous;Sample;2493;0.0000;-0.0448;0.0472;0.1177;17.8236;3.5206;22.4722;-0.0448;0.0472;0.1177;0.9695;0.1578;-0.0004;0.1877;0;;;;;;;;;;;;;0;0.0910;-0.2353;0.2915;333.8315;348.0540;99.0600;Palm;0.0895;0.3684;0.9254;0.0868;-0.1708;0.3820;0.9811;-0.1873;0.0473;0.0090;;;;;;;;;;;;;0;;;;;;;;b974454d-ae33-4d16-9737-e66469f616ef;;LineBisection;2026-05-18 09:45:07.9887;Hands;1;OpenXR
Left;;Baseline;0;NoMitigation;None;anonymous;Sample;2504;0.0000;-0.0448;0.0472;0.1177;17.8236;3.5206;22.4722;-0.0448;0.0472;0.1177;0.9695;0.1578;-0.0004;0.1877;0;;;;;;;;;;;;;0;0.0887;-0.2309;0.2919;332.7029;348.8285;99.1571;Palm;0.0867;0.3770;0.9221;0.0848;-0.1693;0.3827;0.9803;-0.1919;0.0460;0.0090;;;;;;;;;;;;;0;;;;;;;;b974454d-ae33-4d16-9737-e66469f616ef;;LineBisection;2026-05-18 09:45:08.0103;Hands;1;OpenXR
Left;;Baseline;0;NoMitigation;None;anonymous;Sample;2515;0.0000;-0.0448;0.0472;0.1177;17.8236;3.5206;22.4722;-0.0448;0.0472;0.1177;0.9695;0.1578;-0.0004;0.1877;0;;;;;;;;;;;;;0;;;;;;;;0.0855;0.3845;0.9191;0.0835;-0.1679;0.3832;0.9795;-0.1959;0.0455;0.0091;;;;;;;;;;;;;0;;;;;;;;b974454d-ae33-4d16-9737-e66469f616ef;;LineBisection;2026-05-18 09:45:08.0311;Hands;1;OpenXR
Left;;Baseline;0;NoMitigation;None;anonymous;Sample;2526;0.0000;-0.0448;0.0472;0.1177;17.8236;3.5206;22.4722;-0.0448;0.0472;0.1177;0.9695;0.1578;-0.0004;0.1877;0;;;;;;;;;;;;;0;;;;;;;;0.0847;0.3896;0.9171;0.0826;-0.1669;0.3835;0.9790;-0.1986;0.0451;0.0092;;;;;;;;;;;;;0;;;;;;;;b974454d-ae33-4d16-9737-e66469f616ef;;LineBisection;2026-05-18 09:45:08.0538;Hands;1;OpenXR
Left;;Baseline;0;NoMitigation;None;anonymous;Sample;2537;0.0000;-0.0448;0.0472;0.1177;17.8236;3.5206;22.4722;-0.0448;0.0472;0.1177;0.9695;0.1578;-0.0004;0.1877;0;;;;;;;;;;;;;0;;;;;;;;0.0842;0.3931;0.9157;0.0819;-0.1662;0.3836;0.9786;-0.2004;0.0449;0.0092;;;;;;;;;;;;;0;;;;;;;;b974454d-ae33-4d16-9737-e66469f616ef;;LineBisection;2026-05-18 09:45:08.0762;Hands;1;OpenXR
Left;;Baseline;0;NoMitigation;None;anonymous;Sample;2548;0.0000;-0.0448;0.0472;0.1177;17.8236;3.5206;22.4722;-0.0448;0.0472;0.1177;0.9695;0.1578;-0.0004;0.1877;0;;;;;;;;;;;;;0;;;;;;;;0.0838;0.3954;0.9147;0.0815;-0.1658;0.3838;0.9784;-0.2016;0.0447;0.0092;;;;;;;;;;;;;0;;;;;;;;b974454d-ae33-4d16-9737-e66469f616ef;;LineBisection;2026-05-18 09:45:08.0970;Hands;1;OpenXR
Left;;Baseline;0;NoMitigation;None;anonymous;Sample;2559;0.0000;-0.0448;0.0472;0.1177;17.8236;3.5206;22.4722;-0.0448;0.0472;0.1177;0.9695;0.1578;-0.0004;0.1877;0;;;;;;;;;;;;;0;;;;;;;;0.0836;0.3969;0.9140;0.0812;-0.1655;0.3839;0.9782;-0.2024;0.0446;0.0092;;;;;;;;;;;;;0;;;;;;;;b974454d-ae33-4d16-9737-e66469f616ef;;LineBisection;2026-05-18 09:45:08.1195;Hands;1;OpenXR
Left;;Baseline;0;NoMitigation;None;anonymous;Sample;2569;0.0000;-0.0448;0.0472;0.1177;17.8236;3.5206;22.4722;-0.0448;0.0472;0.1177;0.9695;0.1578;-0.0004;0.1877;0;;;;;;;;;;;;;0;;;;;;;;0.0834;0.3979;0.9136;0.0811;-0.1653;0.3839;0.9781;-0.2030;0.0446;0.0092;;;;;;;;;;;;;0;;;;;;;;b974454d-ae33-4d16-9737-e66469f616ef;;LineBisection;2026-05-18 09:45:08.1396;Hands;1;OpenXR
Left;;Baseline;0;NoMitigation;None;anonymous;Sample;2579;0.0000;-0.0448;0.0472;0.1177;17.8236;3.5206;22.4722;-0.0448;0.0472;0.1177;0.9695;0.1578;-0.0004;0.1877;0;;;;;;;;;;;;;0;;;;;;;;0.0833;0.3986;0.9134;0.0809;-0.1652;0.3840;0.9781;-0.2033;0.0445;0.0093;;;;;;;;;;;;;0;;;;;;;;b974454d-ae33-4d16-9737-e66469f616ef;;LineBisection;2026-05-18 09:45:08.1600;Hands;1;OpenXR
Left;;Baseline;0;NoMitigation;None;anonymous;Sample;2589;0.0000;-0.0448;0.0472;0.1177;17.8236;3.5206;22.4722;-0.0448;0.0472;0.1177;0.9695;0.1578;-0.0004;0.1877;0;;;;;;;;;;;;;0;;;;;;;;0.0832;0.3990;0.9131;0.0808;-0.1651;0.3840;0.9780;-0.2036;0.0445;0.0093;;;;;;;;;;;;;0;;;;;;;;b974454d-ae33-4d16-9737-e66469f616ef;;LineBisection;2026-05-18 09:45:08.1797;Hands;1;OpenXR
Left;;Baseline;0;NoMitigation;None;anonymous;Sample;2600;0.0000;-0.0448;0.0472;0.1177;17.8236;3.5206;22.4722;-0.0448;0.0472;0.1177;0.9695;0.1578;-0.0004;0.1877;0;;;;;;;;;;;;;0;;;;;;;;0.0832;0.3994;0.9130;0.0808;-0.1650;0.3840;0.9780;-0.2038;0.0444;0.0093;;;;;;;;;;;;;0;;;;;;;;b974454d-ae33-4d16-9737-e66469f616ef;;LineBisection;2026-05-18 09:45:08.2021;Hands;1;OpenXR
Left;;Baseline;0;NoMitigation;None;anonymous;Sample;2610;0.0000;-0.0448;0.0472;0.1177;17.8236;3.5206;22.4722;-0.0448;0.0472;0.1177;0.9695;0.1578;-0.0004;0.1877;0;;;;;;;;;;;;;0;;;;;;;;0.0831;0.3996;0.9129;0.0807;-0.1650;0.3840;0.9779;-0.2039;0.0444;0.0093;;;;;;;;;;;;;0;;;;;;;;b974454d-ae33-4d16-9737-e66469f616ef;;LineBisection;2026-05-18 09:45:08.2221;Hands;1;OpenXR
Left;;Baseline;0;NoMitigation;None;anonymous;Sample;2621;0.0000;-0.0448;0.0472;0.1177;17.8236;3.5206;22.4722;-0.0448;0.0472;0.1177;0.9695;0.1578;-0.0004;0.1877;0;;;;;;;;;;;;;0;;;;;;;;0.0831;0.3998;0.9128;0.0807;-0.1649;0.3840;0.9779;-0.2040;0.0444;0.0093;;;;;;;;;;;;;0;;;;;;;;b974454d-ae33-4d16-9737-e66469f616ef;;LineBisection;2026-05-18 09:45:08.2440;Hands;1;OpenXR
Left;;Baseline;0;NoMitigation;None;anonymous;Sample;2631;0.0000;-0.0448;0.0472;0.1177;17.8236;3.5206;22.4722;-0.0448;0.0472;0.1177;0.9695;0.1578;-0.0004;0.1877;0;;;;;;;;;;;;;0;;;;;;;;0.0831;0.3999;0.9128;0.0807;-0.1649;0.3840;0.9779;-0.2040;0.0444;0.0093;;;;;;;;;;;;;0;;;;;;;;b974454d-ae33-4d16-9737-e66469f616ef;;LineBisection;2026-05-18 09:45:08.2638;Hands;1;OpenXR
Left;;Baseline;0;NoMitigation;None;anonymous;Sample;2641;0.0000;-0.0448;0.0472;0.1177;17.8236;3.5206;22.4722;-0.0448;0.0472;0.1177;0.9695;0.1578;-0.0004;0.1877;0;;;;;;;;;;;;;0;;;;;;;;0.0831;0.3999;0.9128;0.0807;-0.1649;0.3840;0.9779;-0.2041;0.0444;0.0093;;;;;;;;;;;;;0;;;;;;;;b974454d-ae33-4d16-9737-e66469f616ef;;LineBisection;2026-05-18 09:45:08.2843;Hands;1;OpenXR
Left;;Baseline;0;NoMitigation;None;anonymous;Sample;2651;0.0000;-0.0448;0.0472;0.1177;17.8236;3.5206;22.4722;-0.0448;0.0472;0.1177;0.9695;0.1578;-0.0004;0.1877;0;;;;;;;;;;;;;0;;;;;;;;0.0831;0.4000;0.9128;0.0807;-0.1649;0.3840;0.9779;-0.2041;0.0444;0.0093;;;;;;;;;;;;;0;;;;;;;;b974454d-ae33-4d16-9737-e66469f616ef;;LineBisection;2026-05-18 09:45:08.3041;Hands;1;OpenXR
Left;;Baseline;0;NoMitigation;None;anonymous;Sample;2661;0.0000;-0.0448;0.0472;0.1177;17.8236;3.5206;22.4722;-0.0448;0.0472;0.1177;0.9695;0.1578;-0.0004;0.1877;0;;;;;;;;;;;;;0;;;;;;;;0.0831;0.4000;0.9127;0.0807;-0.1649;0.3840;0.9779;-0.2041;0.0444;0.0093;;;;;;;;;;;;;0;;;;;;;;b974454d-ae33-4d16-9737-e66469f616ef;;LineBisection;2026-05-18 09:45:08.3245;Hands;1;OpenXR
Left;;Baseline;0;NoMitigation;None;anonymous;Sample;2671;0.0000;-0.0448;0.0472;0.1177;17.8236;3.5206;22.4722;-0.0448;0.0472;0.1177;0.9695;0.1578;-0.0004;0.1877;0;;;;;;;;;;;;;0;;;;;;;;0.0831;0.4000;0.9127;0.0807;-0.1649;0.3840;0.9779;-0.2041;0.0444;0.0093;;;;;;;;;;;;;0;;;;;;;;b974454d-ae33-4d16-9737-e66469f616ef;;LineBisection;2026-05-18 09:45:08.3457;Hands;1;OpenXR
Left;;Baseline;0;NoMitigation;None;anonymous;Sample;2681;0.0000;-0.0448;0.0472;0.1177;17.8236;3.5206;22.4722;-0.0448;0.0472;0.1177;0.9695;0.1578;-0.0004;0.1877;0;;;;;;;;;;;;;0;;;;;;;;0.0831;0.4000;0.9127;0.0807;-0.1649;0.3841;0.9779;-0.2041;0.0444;0.0093;;;;;;;;;;;;;0;;;;;;;;b974454d-ae33-4d16-9737-e66469f616ef;;LineBisection;2026-05-18 09:45:08.3666;Hands;1;OpenXR
Left;;Baseline;0;NoMitigation;None;anonymous;Sample;2691;0.0000;-0.0448;0.0472;0.1177;17.8236;3.5206;22.4722;-0.0448;0.0472;0.1177;0.9695;0.1578;-0.0004;0.1877;0;;;;;;;;;;;;;0;;;;;;;;0.0831;0.4001;0.9127;0.0807;-0.1649;0.3841;0.9779;-0.2041;0.0444;0.0093;;;;;;;;;;;;;0;;;;;;;;b974454d-ae33-4d16-9737-e66469f616ef;;LineBisection;2026-05-18 09:45:08.3865;Hands;1;OpenXR
Left;;Baseline;0;NoMitigation;None;anonymous;Sample;2701;0.0000;-0.0448;0.0472;0.1177;17.8236;3.5206;22.4722;-0.0448;0.0472;0.1177;0.9695;0.1578;-0.0004;0.1877;0;;;;;;;;;;;;;0;;;;;;;;0.0831;0.4001;0.9127;0.0807;-0.1649;0.3841;0.9779;-0.2041;0.0444;0.0093;;;;;;;;;;;;;0;;;;;;;;b974454d-ae33-4d16-9737-e66469f616ef;;LineBisection;2026-05-18 09:45:08.4073;Hands;1;OpenXR
Left;;Baseline;0;NoMitigation;None;anonymous;Sample;2711;0.0000;-0.0448;0.0472;0.1177;17.8236;3.5206;22.4722;-0.0448;0.0472;0.1177;0.9695;0.1578;-0.0004;0.1877;0;;;;;;;;;;;;;0;;;;;;;;0.0830;0.4001;0.9127;0.0807;-0.1649;0.3841;0.9779;-0.2041;0.0444;0.0093;;;;;;;;;;;;;0;;;;;;;;b974454d-ae33-4d16-9737-e66469f616ef;;LineBisection;2026-05-18 09:45:08.4282;Hands;1;OpenXR
Left;;Baseline;0;NoMitigation;None;anonymous;Sample;2721;0.0000;-0.0448;0.0472;0.1177;17.8236;3.5206;22.4722;-0.0448;0.0472;0.1177;0.9695;0.1578;-0.0004;0.1877;0;;;;;;;;;;;;;0;;;;;;;;0.0830;0.4001;0.9127;0.0807;-0.1649;0.3841;0.9779;-0.2041;0.0444;0.0093;;;;;;;;;;;;;0;;;;;;;;b974454d-ae33-4d16-9737-e66469f616ef;;LineBisection;2026-05-18 09:45:08.4485;Hands;1;OpenXR
Left;;Baseline;0;NoMitigation;None;anonymous;Sample;2731;0.0000;-0.0448;0.0472;0.1177;17.8236;3.5206;22.4722;-0.0448;0.0472;0.1177;0.9695;0.1578;-0.0004;0.1877;0;;;;;;;;;;;;;0;;;;;;;;0.0830;0.4001;0.9127;0.0807;-0.1649;0.3841;0.9779;-0.2041;0.0444;0.0093;;;;;;;;;;;;;0;;;;;;;;b974454d-ae33-4d16-9737-e66469f616ef;;LineBisection;2026-05-18 09:45:08.4698;Hands;1;OpenXR
Left;;Baseline;0;NoMitigation;None;anonymous;Sample;2741;0.0000;-0.0448;0.0472;0.1177;17.8236;3.5206;22.4722;-0.0448;0.0472;0.1177;0.9695;0.1578;-0.0004;0.1877;0;;;;;;;;;;;;;0;;;;;;;;0.0830;0.4001;0.9127;0.0807;-0.1649;0.3841;0.9779;-0.2041;0.0444;0.0093;;;;;;;;;;;;;0;;;;;;;;b974454d-ae33-4d16-9737-e66469f616ef;;LineBisection;2026-05-18 09:45:08.4906;Hands;1;OpenXR
Left;;Baseline;0;NoMitigation;None;anonymous;Sample;2751;0.0000;-0.0448;0.0472;0.1177;17.8236;3.5206;22.4722;-0.0448;0.0472;0.1177;0.9695;0.1578;-0.0004;0.1877;0;;;;;;;;;;;;;0;;;;;;;;0.0830;0.4001;0.9127;0.0807;-0.1649;0.3841;0.9779;-0.2041;0.0444;0.0093;;;;;;;;;;;;;0;;;;;;;;b974454d-ae33-4d16-9737-e66469f616ef;;LineBisection;2026-05-18 09:45:08.5109;Hands;1;OpenXR
Left;;Baseline;0;NoMitigation;None;anonymous;Sample;2761;0.0000;-0.0448;0.0472;0.1177;17.8236;3.5206;22.4722;-0.0448;0.0472;0.1177;0.9695;0.1578;-0.0004;0.1877;0;;;;;;;;;;;;;0;;;;;;;;0.0830;0.4001;0.9127;0.0807;-0.1649;0.3841;0.9779;-0.2041;0.0444;0.0093;;;;;;;;;;;;;0;;;;;;;;b974454d-ae33-4d16-9737-e66469f616ef;;LineBisection;2026-05-18 09:45:08.5323;Hands;1;OpenXR
Left;;Baseline;0;NoMitigation;None;anonymous;Sample;2771;0.0000;-0.0448;0.0472;0.1177;17.8236;3.5206;22.4722;-0.0448;0.0472;0.1177;0.9695;0.1578;-0.0004;0.1877;0;;;;;;;;;;;;;0;;;;;;;;0.0830;0.4001;0.9127;0.0807;-0.1649;0.3841;0.9779;-0.2041;0.0444;0.0093;;;;;;;;;;;;;0;;;;;;;;b974454d-ae33-4d16-9737-e66469f616ef;;LineBisection;2026-05-18 09:45:08.5530;Hands;1;OpenXR
Left;;Baseline;0;NoMitigation;None;anonymous;Sample;2781;0.0000;-0.0448;0.0472;0.1177;17.8236;3.5206;22.4722;-0.0448;0.0472;0.1177;0.9695;0.1578;-0.0004;0.1877;0;;;;;;;;;;;;;0;;;;;;;;0.0830;0.4001;0.9127;0.0807;-0.1649;0.3841;0.9779;-0.2041;0.0444;0.0093;;;;;;;;;;;;;0;;;;;;;;b974454d-ae33-4d16-9737-e66469f616ef;;LineBisection;2026-05-18 09:45:08.5738;Hands;1;OpenXR
Left;;Baseline;0;NoMitigation;None;anonymous;Sample;2791;0.0000;-0.0448;0.0472;0.1177;17.8236;3.5206;22.4722;-0.0448;0.0472;0.1177;0.9695;0.1578;-0.0004;0.1877;0;;;;;;;;;;;;;0;;;;;;;;0.0830;0.4001;0.9127;0.0807;-0.1649;0.3841;0.9779;-0.2041;0.0444;0.0093;;;;;;;;;;;;;0;;;;;;;;b974454d-ae33-4d16-9737-e66469f616ef;;LineBisection;2026-05-18 09:45:08.5946;Hands;1;OpenXR
Left;;Baseline;0;NoMitigation;None;anonymous;Sample;2801;0.0000;-0.0448;0.0472;0.1177;17.8236;3.5206;22.4722;-0.0448;0.0472;0.1177;0.9695;0.1578;-0.0004;0.1877;0;;;;;;;;;;;;;0;;;;;;;;0.0830;0.4001;0.9127;0.0807;-0.1649;0.3841;0.9779;-0.2041;0.0444;0.0093;;;;;;;;;;;;;0;;;;;;;;b974454d-ae33-4d16-9737-e66469f616ef;;LineBisection;2026-05-18 09:45:08.6159;Hands;1;OpenXR
Left;;Baseline;0;NoMitigation;None;anonymous;Sample;2811;0.0000;-0.0448;0.0472;0.1177;17.8236;3.5206;22.4722;-0.0448;0.0472;0.1177;0.9695;0.1578;-0.0004;0.1877;0;;;;;;;;;;;;;0;;;;;;;;0.0830;0.4001;0.9127;0.0807;-0.1649;0.3841;0.9779;-0.2041;0.0444;0.0093;;;;;;;;;;;;;0;;;;;;;;b974454d-ae33-4d16-9737-e66469f616ef;;LineBisection;2026-05-18 09:45:08.6367;Hands;1;OpenXR
Left;;Baseline;0;NoMitigation;None;anonymous;Sample;2821;0.0000;-0.0448;0.0472;0.1177;17.8236;3.5206;22.4722;-0.0448;0.0472;0.1177;0.9695;0.1578;-0.0004;0.1877;0;;;;;;;;;;;;;0;;;;;;;;0.0830;0.4001;0.9127;0.0807;-0.1649;0.3841;0.9779;-0.2041;0.0444;0.0093;;;;;;;;;;;;;0;;;;;;;;b974454d-ae33-4d16-9737-e66469f616ef;;LineBisection;2026-05-18 09:45:08.6581;Hands;1;OpenXR
Left;;Baseline;0;NoMitigation;None;anonymous;Sample;2831;0.0000;-0.0448;0.0472;0.1177;17.8236;3.5206;22.4722;-0.0448;0.0472;0.1177;0.9695;0.1578;-0.0004;0.1877;0;;;;;;;;;;;;;0;;;;;;;;0.0830;0.4001;0.9127;0.0807;-0.1649;0.3841;0.9779;-0.2041;0.0444;0.0093;;;;;;;;;;;;;0;;;;;;;;b974454d-ae33-4d16-9737-e66469f616ef;;LineBisection;2026-05-18 09:45:08.6789;Hands;1;OpenXR
Left;;Baseline;0;NoMitigation;None;anonymous;Sample;2841;0.0000;-0.0448;0.0472;0.1177;17.8236;3.5206;22.4722;-0.0448;0.0472;0.1177;0.9695;0.1578;-0.0004;0.1877;0;;;;;;;;;;;;;0;;;;;;;;0.0830;0.4001;0.9127;0.0807;-0.1649;0.3841;0.9779;-0.2041;0.0444;0.0093;;;;;;;;;;;;;0;;;;;;;;b974454d-ae33-4d16-9737-e66469f616ef;;LineBisection;2026-05-18 09:45:08.6997;Hands;1;OpenXR
Left;;Baseline;0;NoMitigation;None;anonymous;Sample;2851;0.0000;-0.0448;0.0472;0.1177;17.8236;3.5206;22.4722;-0.0448;0.0472;0.1177;0.9695;0.1578;-0.0004;0.1877;0;;;;;;;;;;;;;0;;;;;;;;0.0830;0.4001;0.9127;0.0807;-0.1649;0.3841;0.9779;-0.2041;0.0444;0.0093;;;;;;;;;;;;;0;;;;;;;;b974454d-ae33-4d16-9737-e66469f616ef;;LineBisection;2026-05-18 09:45:08.7215;Hands;1;OpenXR
Left;;Baseline;0;NoMitigation;None;anonymous;Sample;2860;0.0000;-0.0448;0.0472;0.1177;17.8236;3.5206;22.4722;-0.0448;0.0472;0.1177;0.9695;0.1578;-0.0004;0.1877;0;;;;;;;;;;;;;0;;;;;;;;0.0830;0.4001;0.9127;0.0807;-0.1649;0.3841;0.9779;-0.2041;0.0444;0.0093;;;;;;;;;;;;;0;;;;;;;;b974454d-ae33-4d16-9737-e66469f616ef;;LineBisection;2026-05-18 09:45:08.7414;Hands;1;OpenXR
Left;;Baseline;0;NoMitigation;None;anonymous;Sample;2870;0.0000;-0.0448;0.0472;0.1177;17.8236;3.5206;22.4722;-0.0448;0.0472;0.1177;0.9695;0.1578;-0.0004;0.1877;0;;;;;;;;;;;;;0;;;;;;;;0.0830;0.4001;0.9127;0.0807;-0.1649;0.3841;0.9779;-0.2041;0.0444;0.0093;;;;;;;;;;;;;0;;;;;;;;b974454d-ae33-4d16-9737-e66469f616ef;;LineBisection;2026-05-18 09:45:08.7627;Hands;1;OpenXR
Left;;Baseline;0;NoMitigation;None;anonymous;Sample;2880;0.0000;-0.0448;0.0472;0.1177;17.8236;3.5206;22.4722;-0.0448;0.0472;0.1177;0.9695;0.1578;-0.0004;0.1877;0;;;;;;;;;;;;;0;;;;;;;;0.0830;0.4001;0.9127;0.0807;-0.1649;0.3841;0.9779;-0.2041;0.0444;0.0093;;;;;;;;;;;;;0;;;;;;;;b974454d-ae33-4d16-9737-e66469f616ef;;LineBisection;2026-05-18 09:45:08.7840;Hands;1;OpenXR
Left;;Baseline;0;NoMitigation;None;anonymous;Sample;2890;0.0000;-0.0448;0.0472;0.1177;17.8236;3.5206;22.4722;-0.0448;0.0472;0.1177;0.9695;0.1578;-0.0004;0.1877;0;;;;;;;;;;;;;0;;;;;;;;0.0830;0.4001;0.9127;0.0807;-0.1649;0.3841;0.9779;-0.2041;0.0444;0.0093;;;;;;;;;;;;;0;;;;;;;;b974454d-ae33-4d16-9737-e66469f616ef;;LineBisection;2026-05-18 09:45:08.8055;Hands;1;OpenXR
Left;;Baseline;0;NoMitigation;None;anonymous;Sample;2900;0.0000;-0.0448;0.0472;0.1177;17.8236;3.5206;22.4722;-0.0448;0.0472;0.1177;0.9695;0.1578;-0.0004;0.1877;0;;;;;;;;;;;;;0;;;;;;;;0.0830;0.4001;0.9127;0.0807;-0.1649;0.3841;0.9779;-0.2041;0.0444;0.0093;;;;;;;;;;;;;0;;;;;;;;b974454d-ae33-4d16-9737-e66469f616ef;;LineBisection;2026-05-18 09:45:08.8265;Hands;1;OpenXR
Left;;Baseline;0;NoMitigation;None;anonymous;Sample;2910;0.0000;-0.0448;0.0472;0.1177;17.8236;3.5206;22.4722;-0.0448;0.0472;0.1177;0.9695;0.1578;-0.0004;0.1877;0;;;;;;;;;;;;;0;;;;;;;;0.0830;0.4001;0.9127;0.0807;-0.1649;0.3841;0.9779;-0.2041;0.0444;0.0093;;;;;;;;;;;;;0;;;;;;;;b974454d-ae33-4d16-9737-e66469f616ef;;LineBisection;2026-05-18 09:45:08.8483;Hands;1;OpenXR
Left;;Baseline;0;NoMitigation;None;anonymous;Sample;2920;0.0000;-0.0448;0.0472;0.1177;17.8236;3.5206;22.4722;-0.0448;0.0472;0.1177;0.9695;0.1578;-0.0004;0.1877;0;;;;;;;;;;;;;0;;;;;;;;0.0830;0.4001;0.9127;0.0807;-0.1649;0.3841;0.9779;-0.2041;0.0444;0.0093;;;;;;;;;;;;;0;;;;;;;;b974454d-ae33-4d16-9737-e66469f616ef;;LineBisection;2026-05-18 09:45:08.8701;Hands;1;OpenXR
Left;;Baseline;0;NoMitigation;None;anonymous;Sample;2930;0.0000;-0.0448;0.0472;0.1177;17.8236;3.5206;22.4722;-0.0448;0.0472;0.1177;0.9695;0.1578;-0.0004;0.1877;0;;;;;;;;;;;;;0;;;;;;;;0.0830;0.4001;0.9127;0.0807;-0.1649;0.3841;0.9779;-0.2041;0.0444;0.0093;;;;;;;;;;;;;0;;;;;;;;b974454d-ae33-4d16-9737-e66469f616ef;;LineBisection;2026-05-18 09:45:08.8910;Hands;1;OpenXR
Left;;Baseline;0;NoMitigation;None;anonymous;Sample;2940;0.0000;-0.0448;0.0472;0.1177;17.8236;3.5206;22.4722;-0.0448;0.0472;0.1177;0.9695;0.1578;-0.0004;0.1877;0;;;;;;;;;;;;;0;;;;;;;;0.0830;0.4001;0.9127;0.0807;-0.1649;0.3841;0.9779;-0.2041;0.0444;0.0093;;;;;;;;;;;;;0;;;;;;;;b974454d-ae33-4d16-9737-e66469f616ef;;LineBisection;2026-05-18 09:45:08.9124;Hands;1;OpenXR
Left;;Baseline;0;NoMitigation;None;anonymous;Sample;2950;0.0000;-0.0448;0.0472;0.1177;17.8236;3.5206;22.4722;-0.0448;0.0472;0.1177;0.9695;0.1578;-0.0004;0.1877;0;;;;;;;;;;;;;0;;;;;;;;0.0830;0.4001;0.9127;0.0807;-0.1649;0.3841;0.9779;-0.2041;0.0444;0.0093;;;;;;;;;;;;;0;;;;;;;;b974454d-ae33-4d16-9737-e66469f616ef;;LineBisection;2026-05-18 09:45:08.9342;Hands;1;OpenXR
Left;;Baseline;0;NoMitigation;None;anonymous;Sample;2960;0.0000;-0.0448;0.0472;0.1177;17.8236;3.5206;22.4722;-0.0448;0.0472;0.1177;0.9695;0.1578;-0.0004;0.1877;0;;;;;;;;;;;;;0;-0.0799;-0.5540;0.3021;6.5503;3.2825;84.9462;Palm;0.4189;0.4806;0.7704;0.0647;-0.2305;0.3732;0.9389;-0.2404;0.2387;0.0611;;;;;;;;;;;;;0;;;;;;;;b974454d-ae33-4d16-9737-e66469f616ef;;LineBisection;2026-05-18 09:45:08.9572;Hands;1;OpenXR
Left;;Baseline;0;NoMitigation;None;anonymous;Sample;2970;0.0000;-0.0448;0.0472;0.1177;17.8236;3.5206;22.4722;-0.0448;0.0472;0.1177;0.9695;0.1578;-0.0004;0.1877;0;;;;;;;;;;;;;0;-0.0799;-0.5540;0.3021;6.5503;3.2825;84.9462;Palm;0.8136;0.4703;0.3417;0.0395;-0.3338;0.3562;0.8080;-0.2019;0.5370;0.1342;;;;;;;;;;;;;0;;;;;;;;b974454d-ae33-4d16-9737-e66469f616ef;;LineBisection;2026-05-18 09:45:08.9786;Hands;1;OpenXR
Left;;Baseline;0;NoMitigation;None;anonymous;Sample;2980;0.0000;-0.0448;0.0472;0.1177;17.8236;3.5206;22.4722;-0.0448;0.0472;0.1177;0.9695;0.1578;-0.0004;0.1877;0;;;;;;;;;;;;;0;-0.0824;-0.5502;0.3056;8.0429;2.7313;86.2086;Palm;0.9290;0.3692;-0.0264;0.0221;-0.4044;0.3450;0.6846;-0.1310;0.7043;0.1348;;;;;;;;;;;;;0;;;;;;;;b974454d-ae33-4d16-9737-e66469f616ef;;LineBisection;2026-05-18 09:45:09.0004;Hands;1;OpenXR
Left;;Baseline;0;NoMitigation;None;anonymous;Sample;2990;0.0000;-0.0448;0.0472;0.1177;17.8236;3.5206;22.4722;-0.0448;0.0472;0.1177;0.9695;0.1578;-0.0004;0.1877;0;;;;;;;;;;;;;0;-0.0824;-0.5502;0.3056;8.0429;2.7313;86.2086;Palm;0.9275;0.2744;-0.2540;0.0104;-0.4493;0.3392;0.6007;-0.0840;0.7874;0.1101;;;;;;;;;;;;;0;;;;;;;;b974454d-ae33-4d16-9737-e66469f616ef;;LineBisection;2026-05-18 09:45:09.0218;Hands;1;OpenXR
Left;;Baseline;0;NoMitigation;None;anonymous;Sample;3000;0.0000;-0.0448;0.0472;0.1177;17.8236;3.5206;22.4722;-0.0448;0.0472;0.1177;0.9695;0.1578;-0.0004;0.1877;0;;;;;;;;;;;;;0;-0.0850;-0.5460;0.3092;9.0515;2.2421;88.0500;Palm;0.8973;0.2055;-0.3908;0.0019;-0.4784;0.3367;0.5451;-0.0566;0.8320;0.0864;;;;;;;;;;;;;0;;;;;;;;b974454d-ae33-4d16-9737-e66469f616ef;;LineBisection;2026-05-18 09:45:09.0441;Hands;1;OpenXR
Left;;Baseline;0;NoMitigation;None;anonymous;Sample;3010;0.0000;-0.0448;0.0472;0.1177;17.8236;3.5206;22.4722;-0.0448;0.0472;0.1177;0.9695;0.1578;-0.0004;0.1877;0;;;;;;;;;;;;;0;;;;;;;;0.8667;0.1591;-0.4729;-0.0041;-0.4973;0.3355;0.5088;-0.0407;0.8572;0.0686;;;;;;;;;;;;;0;;;;;;;;b974454d-ae33-4d16-9737-e66469f616ef;;LineBisection;2026-05-18 09:45:09.0655;Hands;1;OpenXR
Left;;Baseline;0;NoMitigation;None;anonymous;Sample;3020;0.0000;-0.0448;0.0472;0.1177;17.8236;3.5206;22.4722;-0.0448;0.0472;0.1177;0.9695;0.1578;-0.0004;0.1877;0;;;;;;;;;;;;;0;;;;;;;;0.8416;0.1274;-0.5249;-0.0080;-0.5099;0.3348;0.4842;-0.0310;0.8726;0.0558;;;;;;;;;;;;;0;;;;;;;;b974454d-ae33-4d16-9737-e66469f616ef;;LineBisection;2026-05-18 09:45:09.0879;Hands;1;OpenXR
Left;;Baseline;0;NoMitigation;None;anonymous;Sample;3030;0.0000;-0.0448;0.0472;0.1177;17.8236;3.5206;22.4722;-0.0448;0.0472;0.1177;0.9695;0.1578;-0.0004;0.1877;0;;;;;;;;;;;;;0;;;;;;;;0.8226;0.1056;-0.5587;-0.0107;-0.5183;0.3343;0.4674;-0.0248;0.8825;0.0467;;;;;;;;;;;;;0;;;;;;;;b974454d-ae33-4d16-9737-e66469f616ef;;LineBisection;2026-05-18 09:45:09.1089;Hands;1;OpenXR
Left;;Baseline;0;NoMitigation;None;anonymous;Sample;3040;0.0000;-0.0448;0.0472;0.1177;17.8236;3.5206;22.4722;-0.0448;0.0472;0.1177;0.9695;0.1578;-0.0004;0.1877;0;;;;;;;;;;;;;0;;;;;;;;0.8091;0.0911;-0.5806;-0.0124;-0.5240;0.3340;0.4562;-0.0208;0.8887;0.0406;;;;;;;;;;;;;0;;;;;;;;b974454d-ae33-4d16-9737-e66469f616ef;;LineBisection;2026-05-18 09:45:09.1317;Hands;1;OpenXR
Left;;Baseline;0;NoMitigation;None;anonymous;Sample;3050;0.0000;-0.0448;0.0472;0.1177;17.8236;3.5206;22.4722;-0.0448;0.0472;0.1177;0.9695;0.1578;-0.0004;0.1877;0;;;;;;;;;;;;;0;;;;;;;;0.7997;0.0814;-0.5949;-0.0136;-0.5277;0.3338;0.4486;-0.0183;0.8928;0.0364;;;;;;;;;;;;;0;;;;;;;;b974454d-ae33-4d16-9737-e66469f616ef;;LineBisection;2026-05-18 09:45:09.1545;Hands;1;OpenXR
Left;;Baseline;0;NoMitigation;None;anonymous;Sample;3060;0.0000;-0.0448;0.0472;0.1177;17.8236;3.5206;22.4722;-0.0448;0.0472;0.1177;0.9695;0.1578;-0.0004;0.1877;0;;;;;;;;;;;;;0;;;;;;;;0.7933;0.0749;-0.6042;-0.0144;-0.5302;0.3336;0.4436;-0.0166;0.8955;0.0336;;;;;;;;;;;;;0;;;;;;;;b974454d-ae33-4d16-9737-e66469f616ef;;LineBisection;2026-05-18 09:45:09.1758;Hands;1;OpenXR
Left;;Baseline;0;NoMitigation;None;anonymous;Sample;3070;0.0000;-0.0448;0.0472;0.1177;17.8236;3.5206;22.4722;-0.0448;0.0472;0.1177;0.9695;0.1578;-0.0004;0.1877;0;;;;;;;;;;;;;0;;;;;;;;0.7890;0.0706;-0.6104;-0.0149;-0.5319;0.3335;0.4402;-0.0156;0.8972;0.0317;;;;;;;;;;;;;0;;;;;;;;b974454d-ae33-4d16-9737-e66469f616ef;;LineBisection;2026-05-18 09:45:09.1991;Hands;1;OpenXR
Left;;Baseline;0;NoMitigation;None;anonymous;Sample;3079;0.0000;-0.0448;0.0472;0.1177;17.8236;3.5206;22.4722;-0.0448;0.0472;0.1177;0.9695;0.1578;-0.0004;0.1877;0;;;;;;;;;;;;;0;;;;;;;;0.7863;0.0679;-0.6142;-0.0152;-0.5329;0.3335;0.4382;-0.0149;0.8983;0.0305;;;;;;;;;;;;;0;;;;;;;;b974454d-ae33-4d16-9737-e66469f616ef;;LineBisection;2026-05-18 09:45:09.2185;Hands;1;OpenXR
Left;;Baseline;0;NoMitigation;None;anonymous;Sample;3089;0.0000;-0.0448;0.0472;0.1177;17.8236;3.5206;22.4722;-0.0448;0.0472;0.1177;0.9695;0.1578;-0.0004;0.1877;0;;;;;;;;;;;;;0;;;;;;;;0.7842;0.0659;-0.6169;-0.0155;-0.5336;0.3334;0.4366;-0.0144;0.8990;0.0297;;;;;;;;;;;;;0;;;;;;;;b974454d-ae33-4d16-9737-e66469f616ef;;LineBisection;2026-05-18 09:45:09.2408;Hands;1;OpenXR
Left;;Baseline;0;NoMitigation;None;anonymous;Sample;3098;0.0000;-0.0448;0.0472;0.1177;17.8236;3.5206;22.4722;-0.0448;0.0472;0.1177;0.9695;0.1578;-0.0004;0.1877;0;;;;;;;;;;;;;0;;;;;;;;0.7830;0.0647;-0.6187;-0.0156;-0.5341;0.3334;0.4357;-0.0141;0.8995;0.0291;;;;;;;;;;;;;0;;;;;;;;b974454d-ae33-4d16-9737-e66469f616ef;;LineBisection;2026-05-18 09:45:09.2616;Hands;1;OpenXR
Left;;Baseline;0;NoMitigation;None;anonymous;Sample;3107;0.0000;-0.0448;0.0472;0.1177;17.8236;3.5206;22.4722;-0.0448;0.0472;0.1177;0.9695;0.1578;-0.0004;0.1877;0;;;;;;;;;;;;;0;;;;;;;;0.7821;0.0639;-0.6198;-0.0157;-0.5344;0.3334;0.4350;-0.0139;0.8998;0.0288;;;;;;;;;;;;;0;;;;;;;;b974454d-ae33-4d16-9737-e66469f616ef;;LineBisection;2026-05-18 09:45:09.2813;Hands;1;OpenXR
Left;;Baseline;0;NoMitigation;None;anonymous;Sample;3116;0.0000;-0.0448;0.0472;0.1177;17.8236;3.5206;22.4722;-0.0448;0.0472;0.1177;0.9695;0.1578;-0.0004;0.1877;0;;;;;;;;;;;;;0;;;;;;;;0.7815;0.0633;-0.6206;-0.0158;-0.5346;0.3333;0.4346;-0.0138;0.9001;0.0285;;;;;;;;;;;;;0;;;;;;;;b974454d-ae33-4d16-9737-e66469f616ef;;LineBisection;2026-05-18 09:45:09.3016;Hands;1;OpenXR
Left;;Baseline;0;NoMitigation;None;anonymous;Sample;3125;0.0000;-0.0448;0.0472;0.1177;17.8236;3.5206;22.4722;-0.0448;0.0472;0.1177;0.9695;0.1578;-0.0004;0.1877;0;;;;;;;;;;;;;0;;;;;;;;0.7811;0.0629;-0.6212;-0.0158;-0.5348;0.3333;0.4343;-0.0137;0.9002;0.0283;;;;;;;;;;;;;0;;;;;;;;b974454d-ae33-4d16-9737-e66469f616ef;;LineBisection;2026-05-18 09:45:09.3214;Hands;1;OpenXR
Left;;Baseline;0;NoMitigation;None;anonymous;Sample;3134;0.0000;-0.0448;0.0472;0.1177;17.8236;3.5206;22.4722;-0.0448;0.0472;0.1177;0.9695;0.1578;-0.0004;0.1877;0;;;;;;;;;;;;;0;;;;;;;;0.7808;0.0626;-0.6216;-0.0159;-0.5349;0.3333;0.4341;-0.0136;0.9003;0.0282;;;;;;;;;;;;;0;;;;;;;;b974454d-ae33-4d16-9737-e66469f616ef;;LineBisection;2026-05-18 09:45:09.3428;Hands;1;OpenXR
Left;;Baseline;0;NoMitigation;None;anonymous;Sample;3143;0.0000;-0.0448;0.0472;0.1177;17.8236;3.5206;22.4722;-0.0448;0.0472;0.1177;0.9695;0.1578;-0.0004;0.1877;0;;;;;;;;;;;;;0;;;;;;;;0.7807;0.0625;-0.6218;-0.0159;-0.5350;0.3333;0.4339;-0.0136;0.9004;0.0281;;;;;;;;;;;;;0;;;;;;;;b974454d-ae33-4d16-9737-e66469f616ef;;LineBisection;2026-05-18 09:45:09.3631;Hands;1;OpenXR
Left;;Baseline;0;NoMitigation;None;anonymous;Sample;3152;0.0000;-0.0448;0.0472;0.1177;17.8236;3.5206;22.4722;-0.0448;0.0472;0.1177;0.9695;0.1578;-0.0004;0.1877;0;;;;;;;;;;;;;0;;;;;;;;0.7805;0.0623;-0.6220;-0.0159;-0.5350;0.3333;0.4338;-0.0135;0.9005;0.0281;;;;;;;;;;;;;0;;;;;;;;b974454d-ae33-4d16-9737-e66469f616ef;;LineBisection;2026-05-18 09:45:09.3838;Hands;1;OpenXR
Left;;Baseline;0;NoMitigation;None;anonymous;Sample;3161;0.0000;-0.0448;0.0472;0.1177;17.8236;3.5206;22.4722;-0.0448;0.0472;0.1177;0.9695;0.1578;-0.0004;0.1877;0;;;;;;;;;;;;;0;;;;;;;;0.7804;0.0622;-0.6221;-0.0159;-0.5350;0.3333;0.4338;-0.0135;0.9005;0.0280;;;;;;;;;;;;;0;;;;;;;;b974454d-ae33-4d16-9737-e66469f616ef;;LineBisection;2026-05-18 09:45:09.4042;Hands;1;OpenXR
Left;;Baseline;0;NoMitigation;None;anonymous;Sample;3170;0.0000;-0.0448;0.0472;0.1177;17.8236;3.5206;22.4722;-0.0448;0.0472;0.1177;0.9695;0.1578;-0.0004;0.1877;0;;;;;;;;;;;;;0;;;;;;;;0.7804;0.0622;-0.6222;-0.0159;-0.5351;0.3333;0.4337;-0.0135;0.9005;0.0280;;;;;;;;;;;;;0;;;;;;;;b974454d-ae33-4d16-9737-e66469f616ef;;LineBisection;2026-05-18 09:45:09.4244;Hands;1;OpenXR
Left;;Baseline;0;NoMitigation;None;anonymous;Sample;3179;0.0000;-0.0448;0.0472;0.1177;17.8236;3.5206;22.4722;-0.0448;0.0472;0.1177;0.9695;0.1578;-0.0004;0.1877;0;;;;;;;;;;;;;0;;;;;;;;0.7803;0.0621;-0.6223;-0.0159;-0.5351;0.3333;0.4337;-0.0135;0.9005;0.0280;;;;;;;;;;;;;0;;;;;;;;b974454d-ae33-4d16-9737-e66469f616ef;;LineBisection;2026-05-18 09:45:09.4449;Hands;1;OpenXR
Left;;Baseline;0;NoMitigation;None;anonymous;Sample;3188;0.0000;-0.0448;0.0472;0.1177;17.8236;3.5206;22.4722;-0.0448;0.0472;0.1177;0.9695;0.1578;-0.0004;0.1877;0;;;;;;;;;;;;;0;;;;;;;;0.7803;0.0621;-0.6223;-0.0159;-0.5351;0.3333;0.4337;-0.0135;0.9005;0.0280;;;;;;;;;;;;;0;;;;;;;;b974454d-ae33-4d16-9737-e66469f616ef;;LineBisection;2026-05-18 09:45:09.4658;Hands;1;OpenXR
Left;;Baseline;0;NoMitigation;None;anonymous;Sample;3197;0.0000;-0.0448;0.0472;0.1177;17.8236;3.5206;22.4722;-0.0448;0.0472;0.1177;0.9695;0.1578;-0.0004;0.1877;0;;;;;;;;;;;;;0;;;;;;;;0.7803;0.0621;-0.6223;-0.0159;-0.5351;0.3333;0.4336;-0.0135;0.9006;0.0280;;;;;;;;;;;;;0;;;;;;;;b974454d-ae33-4d16-9737-e66469f616ef;;LineBisection;2026-05-18 09:45:09.4856;Hands;1;OpenXR
Left;;Baseline;0;NoMitigation;None;anonymous;Sample;3206;0.0000;-0.0448;0.0472;0.1177;17.8236;3.5206;22.4722;-0.0448;0.0472;0.1177;0.9695;0.1578;-0.0004;0.1877;0;;;;;;;;;;;;;0;;;;;;;;0.7803;0.0621;-0.6224;-0.0159;-0.5351;0.3333;0.4336;-0.0135;0.9006;0.0280;;;;;;;;;;;;;0;;;;;;;;b974454d-ae33-4d16-9737-e66469f616ef;;LineBisection;2026-05-18 09:45:09.5070;Hands;1;OpenXR
Left;;Baseline;0;NoMitigation;None;anonymous;Sample;3215;0.0000;-0.0448;0.0472;0.1177;17.8236;3.5206;22.4722;-0.0448;0.0472;0.1177;0.9695;0.1578;-0.0004;0.1877;0;;;;;;;;;;;;;0;;;;;;;;0.7803;0.0621;-0.6224;-0.0159;-0.5351;0.3333;0.4336;-0.0135;0.9006;0.0280;;;;;;;;;;;;;0;;;;;;;;b974454d-ae33-4d16-9737-e66469f616ef;;LineBisection;2026-05-18 09:45:09.5273;Hands;1;OpenXR
Left;;Baseline;0;NoMitigation;None;anonymous;Sample;3224;0.0000;-0.0448;0.0472;0.1177;17.8236;3.5206;22.4722;-0.0448;0.0472;0.1177;0.9695;0.1578;-0.0004;0.1877;0;;;;;;;;;;;;;0;;;;;;;;0.7802;0.0621;-0.6224;-0.0159;-0.5351;0.3333;0.4336;-0.0135;0.9006;0.0280;;;;;;;;;;;;;0;;;;;;;;b974454d-ae33-4d16-9737-e66469f616ef;;LineBisection;2026-05-18 09:45:09.5488;Hands;1;OpenXR
Left;;Baseline;0;NoMitigation;None;anonymous;Sample;3233;0.0000;-0.0448;0.0472;0.1177;17.8236;3.5206;22.4722;-0.0448;0.0472;0.1177;0.9695;0.1578;-0.0004;0.1877;0;;;;;;;;;;;;;0;;;;;;;;0.7802;0.0621;-0.6224;-0.0159;-0.5351;0.3333;0.4336;-0.0135;0.9006;0.0280;;;;;;;;;;;;;0;;;;;;;;b974454d-ae33-4d16-9737-e66469f616ef;;LineBisection;2026-05-18 09:45:09.5686;Hands;1;OpenXR
Left;;Baseline;0;NoMitigation;None;anonymous;Sample;3242;0.0000;-0.0448;0.0472;0.1177;17.8236;3.5206;22.4722;-0.0448;0.0472;0.1177;0.9695;0.1578;-0.0004;0.1877;0;;;;;;;;;;;;;0;;;;;;;;0.7802;0.0621;-0.6224;-0.0159;-0.5351;0.3333;0.4336;-0.0135;0.9006;0.0280;;;;;;;;;;;;;0;;;;;;;;b974454d-ae33-4d16-9737-e66469f616ef;;LineBisection;2026-05-18 09:45:09.5900;Hands;1;OpenXR
Left;;Baseline;0;NoMitigation;None;anonymous;Sample;3251;0.0000;-0.0448;0.0472;0.1177;17.8236;3.5206;22.4722;-0.0448;0.0472;0.1177;0.9695;0.1578;-0.0004;0.1877;0;;;;;;;;;;;;;0;;;;;;;;0.7802;0.0620;-0.6224;-0.0159;-0.5351;0.3333;0.4336;-0.0135;0.9006;0.0280;;;;;;;;;;;;;0;;;;;;;;b974454d-ae33-4d16-9737-e66469f616ef;;LineBisection;2026-05-18 09:45:09.6107;Hands;1;OpenXR
Left;;Baseline;0;NoMitigation;None;anonymous;Sample;3260;0.0000;-0.0448;0.0472;0.1177;17.8236;3.5206;22.4722;-0.0448;0.0472;0.1177;0.9695;0.1578;-0.0004;0.1877;0;;;;;;;;;;;;;0;;;;;;;;0.7802;0.0620;-0.6224;-0.0159;-0.5351;0.3333;0.4336;-0.0135;0.9006;0.0280;;;;;;;;;;;;;0;;;;;;;;b974454d-ae33-4d16-9737-e66469f616ef;;LineBisection;2026-05-18 09:45:09.6320;Hands;1;OpenXR
Left;;Baseline;0;NoMitigation;None;anonymous;Sample;3269;0.0000;-0.0448;0.0472;0.1177;17.8236;3.5206;22.4722;-0.0448;0.0472;0.1177;0.9695;0.1578;-0.0004;0.1877;0;;;;;;;;;;;;;0;;;;;;;;0.7802;0.0620;-0.6224;-0.0159;-0.5351;0.3333;0.4336;-0.0135;0.9006;0.0280;;;;;;;;;;;;;0;;;;;;;;b974454d-ae33-4d16-9737-e66469f616ef;;LineBisection;2026-05-18 09:45:09.6534;Hands;1;OpenXR
Left;;Baseline;0;NoMitigation;None;anonymous;Sample;3278;0.0000;-0.0448;0.0472;0.1177;17.8236;3.5206;22.4722;-0.0448;0.0472;0.1177;0.9695;0.1578;-0.0004;0.1877;0;;;;;;;;;;;;;0;;;;;;;;0.7802;0.0620;-0.6224;-0.0159;-0.5351;0.3333;0.4336;-0.0135;0.9006;0.0280;;;;;;;;;;;;;0;;;;;;;;b974454d-ae33-4d16-9737-e66469f616ef;;LineBisection;2026-05-18 09:45:09.6737;Hands;1;OpenXR
Left;;Baseline;0;NoMitigation;None;anonymous;Sample;3287;0.0000;-0.0448;0.0472;0.1177;17.8236;3.5206;22.4722;-0.0448;0.0472;0.1177;0.9695;0.1578;-0.0004;0.1877;0;;;;;;;;;;;;;0;;;;;;;;0.7802;0.0620;-0.6224;-0.0159;-0.5351;0.3333;0.4336;-0.0135;0.9006;0.0280;;;;;;;;;;;;;0;;;;;;;;b974454d-ae33-4d16-9737-e66469f616ef;;LineBisection;2026-05-18 09:45:09.6945;Hands;1;OpenXR
Left;;Baseline;0;NoMitigation;None;anonymous;Sample;3296;0.0000;-0.0448;0.0472;0.1177;17.8236;3.5206;22.4722;-0.0448;0.0472;0.1177;0.9695;0.1578;-0.0004;0.1877;0;;;;;;;;;;;;;0;;;;;;;;0.7802;0.0620;-0.6224;-0.0159;-0.5351;0.3333;0.4336;-0.0135;0.9006;0.0280;;;;;;;;;;;;;0;;;;;;;;b974454d-ae33-4d16-9737-e66469f616ef;;LineBisection;2026-05-18 09:45:09.7162;Hands;1;OpenXR
Left;;Baseline;0;NoMitigation;None;anonymous;Sample;3305;0.0000;-0.0448;0.0472;0.1177;17.8236;3.5206;22.4722;-0.0448;0.0472;0.1177;0.9695;0.1578;-0.0004;0.1877;0;;;;;;;;;;;;;0;;;;;;;;0.7802;0.0620;-0.6224;-0.0159;-0.5351;0.3333;0.4336;-0.0135;0.9006;0.0280;;;;;;;;;;;;;0;;;;;;;;b974454d-ae33-4d16-9737-e66469f616ef;;LineBisection;2026-05-18 09:45:09.7379;Hands;1;OpenXR
Left;;Baseline;0;NoMitigation;None;anonymous;Sample;3314;0.0000;-0.0448;0.0472;0.1177;17.8236;3.5206;22.4722;-0.0448;0.0472;0.1177;0.9695;0.1578;-0.0004;0.1877;0;;;;;;;;;;;;;0;;;;;;;;0.7802;0.0620;-0.6224;-0.0159;-0.5351;0.3333;0.4336;-0.0135;0.9006;0.0280;;;;;;;;;;;;;0;;;;;;;;b974454d-ae33-4d16-9737-e66469f616ef;;LineBisection;2026-05-18 09:45:09.7592;Hands;1;OpenXR
Left;;Baseline;0;NoMitigation;None;anonymous;Sample;3323;0.0000;-0.0448;0.0472;0.1177;17.8236;3.5206;22.4722;-0.0448;0.0472;0.1177;0.9695;0.1578;-0.0004;0.1877;0;;;;;;;;;;;;;0;;;;;;;;0.7802;0.0620;-0.6224;-0.0159;-0.5351;0.3333;0.4336;-0.0135;0.9006;0.0280;;;;;;;;;;;;;0;;;;;;;;b974454d-ae33-4d16-9737-e66469f616ef;;LineBisection;2026-05-18 09:45:09.7806;Hands;1;OpenXR
Left;;Baseline;0;NoMitigation;None;anonymous;Sample;3332;0.0000;-0.0448;0.0472;0.1177;17.8236;3.5206;22.4722;-0.0448;0.0472;0.1177;0.9695;0.1578;-0.0004;0.1877;0;;;;;;;;;;;;;0;;;;;;;;0.7802;0.0620;-0.6224;-0.0159;-0.5351;0.3333;0.4336;-0.0135;0.9006;0.0280;;;;;;;;;;;;;0;;;;;;;;b974454d-ae33-4d16-9737-e66469f616ef;;LineBisection;2026-05-18 09:45:09.8025;Hands;1;OpenXR
Left;;Baseline;0;NoMitigation;None;anonymous;Sample;3337;0.0000;-0.0448;0.0472;0.1177;17.8236;3.5206;22.4722;-0.0448;0.0472;0.1177;0.9695;0.1578;-0.0004;0.1877;0;;;;;;;;;;;;;0;;;;;;;;0.7802;0.0620;-0.6224;-0.0159;-0.5351;0.3333;0.4336;-0.0135;0.9006;0.0280;;;;;;;;;;;;;0;;;;;;;;b974454d-ae33-4d16-9737-e66469f616ef;;LineBisection;2026-05-18 09:45:09.8253;Hands;1;OpenXR
Left;;Baseline;0;NoMitigation;None;anonymous;Sample;3342;0.0000;-0.0448;0.0472;0.1177;17.8236;3.5206;22.4722;-0.0448;0.0472;0.1177;0.9695;0.1578;-0.0004;0.1877;0;;;;;;;;;;;;;0;;;;;;;;0.7802;0.0620;-0.6224;-0.0159;-0.5351;0.3333;0.4336;-0.0135;0.9006;0.0280;;;;;;;;;;;;;0;;;;;;;;b974454d-ae33-4d16-9737-e66469f616ef;;LineBisection;2026-05-18 09:45:09.8462;Hands;1;OpenXR
Left;;Baseline;0;NoMitigation;None;anonymous;Sample;3351;0.0000;-0.0448;0.0472;0.1177;17.8236;3.5206;22.4722;-0.0448;0.0472;0.1177;0.9695;0.1578;-0.0004;0.1877;0;;;;;;;;;;;;;0;;;;;;;;0.7802;0.0620;-0.6224;-0.0159;-0.5351;0.3333;0.4336;-0.0135;0.9006;0.0280;;;;;;;;;;;;;0;;;;;;;;b974454d-ae33-4d16-9737-e66469f616ef;;LineBisection;2026-05-18 09:45:09.8698;Hands;1;OpenXR
Left;;Baseline;0;NoMitigation;None;anonymous;Sample;3356;0.0000;-0.0448;0.0472;0.1177;17.8236;3.5206;22.4722;-0.0448;0.0472;0.1177;0.9695;0.1578;-0.0004;0.1877;0;;;;;;;;;;;;;0;;;;;;;;0.7802;0.0620;-0.6224;-0.0159;-0.5351;0.3333;0.4336;-0.0135;0.9006;0.0280;;;;;;;;;;;;;0;;;;;;;;b974454d-ae33-4d16-9737-e66469f616ef;;LineBisection;2026-05-18 09:45:09.8896;Hands;1;OpenXR
Left;;Baseline;0;NoMitigation;None;anonymous;Sample;3359;0.0000;-0.0448;0.0472;0.1177;17.8236;3.5206;22.4722;-0.0448;0.0472;0.1177;0.9695;0.1578;-0.0004;0.1877;0;;;;;;;;;;;;;0;;;;;;;;0.7802;0.0620;-0.6224;-0.0159;-0.5351;0.3333;0.4336;-0.0135;0.9006;0.0280;;;;;;;;;;;;;0;;;;;;;;b974454d-ae33-4d16-9737-e66469f616ef;;LineBisection;2026-05-18 09:45:09.9105;Hands;1;OpenXR
Left;;Baseline;0;NoMitigation;None;anonymous;Sample;3362;0.0000;-0.0448;0.0472;0.1177;17.8236;3.5206;22.4722;-0.0448;0.0472;0.1177;0.9695;0.1578;-0.0004;0.1877;0;;;;;;;;;;;;;0;;;;;;;;0.7802;0.0620;-0.6224;-0.0159;-0.5351;0.3333;0.4336;-0.0135;0.9006;0.0280;;;;;;;;;;;;;0;;;;;;;;b974454d-ae33-4d16-9737-e66469f616ef;;LineBisection;2026-05-18 09:45:09.9299;Hands;1;OpenXR
Left;;Baseline;0;NoMitigation;None;anonymous;Sample;3367;0.0000;-0.0448;0.0472;0.1177;17.8236;3.5206;22.4722;-0.0448;0.0472;0.1177;0.9695;0.1578;-0.0004;0.1877;0;;;;;;;;;;;;;0;;;;;;;;0.7802;0.0620;-0.6224;-0.0159;-0.5351;0.3333;0.4336;-0.0135;0.9006;0.0280;;;;;;;;;;;;;0;;;;;;;;b974454d-ae33-4d16-9737-e66469f616ef;;LineBisection;2026-05-18 09:45:09.9518;Hands;1;OpenXR
Left;;Baseline;0;NoMitigation;None;anonymous;Sample;3376;0.0000;-0.0448;0.0472;0.1177;17.8236;3.5206;22.4722;-0.0448;0.0472;0.1177;0.9695;0.1578;-0.0004;0.1877;0;;;;;;;;;;;;;0;;;;;;;;0.7802;0.0620;-0.6224;-0.0159;-0.5351;0.3333;0.4336;-0.0135;0.9006;0.0280;;;;;;;;;;;;;0;0.2663;-0.3835;0.3301;334.6947;2.6789;339.3018;Palm;b974454d-ae33-4d16-9737-e66469f616ef;;LineBisection;2026-05-18 09:45:09.9741;Hands;1;OpenXR
Left;;Baseline;0;NoMitigation;None;anonymous;Sample;3384;0.0000;-0.0448;0.0472;0.1177;17.8236;3.5206;22.4722;-0.0448;0.0472;0.1177;0.9695;0.1578;-0.0004;0.1877;0;;;;;;;;;;;;;0;;;;;;;;0.7802;0.0620;-0.6224;-0.0159;-0.5351;0.3333;0.4336;-0.0135;0.9006;0.0280;;;;;;;;;;;;;0;0.2663;-0.3835;0.3301;334.6947;2.6789;339.3018;Palm;b974454d-ae33-4d16-9737-e66469f616ef;;LineBisection;2026-05-18 09:45:09.9945;Hands;1;OpenXR
Left;;Baseline;0;NoMitigation;None;anonymous;Sample;3390;0.0000;-0.0448;0.0472;0.1177;17.8236;3.5206;22.4722;-0.0448;0.0472;0.1177;0.9695;0.1578;-0.0004;0.1877;0;;;;;;;;;;;;;0;;;;;;;;0.7802;0.0620;-0.6224;-0.0159;-0.5351;0.3333;0.4336;-0.0135;0.9006;0.0280;;;;;;;;;;;;;0;0.2667;-0.3823;0.3302;333.3748;1.6882;340.6585;Palm;b974454d-ae33-4d16-9737-e66469f616ef;;LineBisection;2026-05-18 09:45:10.0143;Hands;1;OpenXR
Left;;Baseline;0;NoMitigation;None;anonymous;Sample;3394;0.0000;-0.0448;0.0472;0.1177;17.8236;3.5206;22.4722;-0.0448;0.0472;0.1177;0.9695;0.1578;-0.0004;0.1877;0;;;;;;;;;;;;;0;;;;;;;;0.7802;0.0620;-0.6224;-0.0159;-0.5351;0.3333;0.4336;-0.0135;0.9006;0.0280;;;;;;;;;;;;;0;0.2682;-0.3826;0.3303;332.9866;1.8909;340.7552;Palm;b974454d-ae33-4d16-9737-e66469f616ef;;LineBisection;2026-05-18 09:45:10.0402;Hands;1;OpenXR
Left;;Baseline;0;NoMitigation;None;anonymous;Sample;3397;0.0000;-0.0448;0.0472;0.1177;17.8236;3.5206;22.4722;-0.0448;0.0472;0.1177;0.9695;0.1578;-0.0004;0.1877;0;;;;;;;;;;;;;0;;;;;;;;0.7802;0.0620;-0.6224;-0.0159;-0.5351;0.3333;0.4336;-0.0135;0.9006;0.0280;;;;;;;;;;;;;0;0.2682;-0.3826;0.3303;332.9866;1.8909;340.7552;Palm;b974454d-ae33-4d16-9737-e66469f616ef;;LineBisection;2026-05-18 09:45:10.0619;Hands;1;OpenXR
Left;;Baseline;0;NoMitigation;None;anonymous;Sample;3402;0.0000;-0.0448;0.0472;0.1177;17.8236;3.5206;22.4722;-0.0448;0.0472;0.1177;0.9695;0.1578;-0.0004;0.1877;0;;;;;;;;;;;;;0;;;;;;;;0.7802;0.0620;-0.6224;-0.0159;-0.5351;0.3333;0.4336;-0.0135;0.9006;0.0280;;;;;;;;;;;;;0;0.2693;-0.3835;0.3299;332.7254;1.5820;341.2438;Palm;b974454d-ae33-4d16-9737-e66469f616ef;;LineBisection;2026-05-18 09:45:10.0817;Hands;1;OpenXR
Left;;Baseline;0;NoMitigation;None;anonymous;Sample;3409;0.0000;-0.0448;0.0472;0.1177;17.8236;3.5206;22.4722;-0.0448;0.0472;0.1177;0.9695;0.1578;-0.0004;0.1877;0;;;;;;;;;;;;;0;;;;;;;;0.7802;0.0620;-0.6224;-0.0159;-0.5351;0.3333;0.4336;-0.0135;0.9006;0.0280;;;;;;;;;;;;;0;0.2693;-0.3835;0.3299;332.7254;1.5820;341.2438;Palm;b974454d-ae33-4d16-9737-e66469f616ef;;LineBisection;2026-05-18 09:45:10.1030;Hands;1;OpenXR
Left;;Baseline;0;NoMitigation;None;anonymous;Sample;3413;0.0000;-0.0448;0.0472;0.1177;17.8236;3.5206;22.4722;-0.0448;0.0472;0.1177;0.9695;0.1578;-0.0004;0.1877;0;;;;;;;;;;;;;0;;;;;;;;0.7802;0.0620;-0.6224;-0.0159;-0.5351;0.3333;0.4336;-0.0135;0.9006;0.0280;;;;;;;;;;;;;0;0.2703;-0.3842;0.3297;332.7026;1.4935;341.4928;Palm;b974454d-ae33-4d16-9737-e66469f616ef;;LineBisection;2026-05-18 09:45:10.1269;Hands;1;OpenXR
Left;;Baseline;0;NoMitigation;None;anonymous;Sample;3416;0.0000;-0.0448;0.0472;0.1177;17.8236;3.5206;22.4722;-0.0448;0.0472;0.1177;0.9695;0.1578;-0.0004;0.1877;0;;;;;;;;;;;;;0;;;;;;;;0.7802;0.0620;-0.6224;-0.0159;-0.5351;0.3333;0.4336;-0.0135;0.9006;0.0280;;;;;;;;;;;;;0;0.2703;-0.3842;0.3297;332.7026;1.4935;341.4928;Palm;b974454d-ae33-4d16-9737-e66469f616ef;;LineBisection;2026-05-18 09:45:10.1508;Hands;1;OpenXR
Left;;Baseline;0;NoMitigation;None;anonymous;Sample;3419;0.0000;-0.0448;0.0472;0.1177;17.8236;3.5206;22.4722;-0.0448;0.0472;0.1177;0.9695;0.1578;-0.0004;0.1877;0;;;;;;;;;;;;;0;;;;;;;;0.7802;0.0620;-0.6224;-0.0159;-0.5351;0.3333;0.4336;-0.0135;0.9006;0.0280;;;;;;;;;;;;;0;0.2711;-0.3847;0.3293;332.7124;1.3210;341.6842;Palm;b974454d-ae33-4d16-9737-e66469f616ef;;LineBisection;2026-05-18 09:45:10.1737;Hands;1;OpenXR
Left;;Baseline;0;NoMitigation;None;anonymous;Sample;3423;0.0000;-0.0448;0.0472;0.1177;17.8236;3.5206;22.4722;-0.0448;0.0472;0.1177;0.9695;0.1578;-0.0004;0.1877;0;;;;;;;;;;;;;0;;;;;;;;0.7802;0.0620;-0.6224;-0.0159;-0.5351;0.3333;0.4336;-0.0135;0.9006;0.0280;;;;;;;;;;;;;0;0.2715;-0.3849;0.3291;332.8450;1.2380;341.7354;Palm;b974454d-ae33-4d16-9737-e66469f616ef;;LineBisection;2026-05-18 09:45:10.1952;Hands;1;OpenXR
Left;;Baseline;0;NoMitigation;None;anonymous;Sample;3432;0.0000;-0.0448;0.0472;0.1177;17.8236;3.5206;22.4722;-0.0448;0.0472;0.1177;0.9695;0.1578;-0.0004;0.1877;0;;;;;;;;;;;;;0;;;;;;;;0.7802;0.0620;-0.6224;-0.0159;-0.5351;0.3333;0.4336;-0.0135;0.9006;0.0280;;;;;;;;;;;;;0;0.2715;-0.3849;0.3291;332.8450;1.2380;341.7354;Palm;b974454d-ae33-4d16-9737-e66469f616ef;;LineBisection;2026-05-18 09:45:10.2161;Hands;1;OpenXR
Left;;Baseline;0;NoMitigation;None;anonymous;Sample;3441;0.0000;-0.0448;0.0472;0.1177;17.8236;3.5206;22.4722;-0.0448;0.0472;0.1177;0.9695;0.1578;-0.0004;0.1877;0;;;;;;;;;;;;;0;;;;;;;;0.7802;0.0620;-0.6224;-0.0159;-0.5351;0.3333;0.4336;-0.0135;0.9006;0.0280;;;;;;;;;;;;;0;0.2720;-0.3852;0.3286;333.0630;1.0325;341.9448;Palm;b974454d-ae33-4d16-9737-e66469f616ef;;LineBisection;2026-05-18 09:45:10.2390;Hands;1;OpenXR
Left;;Baseline;0;NoMitigation;None;anonymous;Sample;3449;0.0000;-0.0448;0.0472;0.1177;17.8236;3.5206;22.4722;-0.0448;0.0472;0.1177;0.9695;0.1578;-0.0004;0.1877;0;;;;;;;;;;;;;0;;;;;;;;0.7802;0.0620;-0.6224;-0.0159;-0.5351;0.3333;0.4336;-0.0135;0.9006;0.0280;;;;;;;;;;;;;0;0.2720;-0.3852;0.3286;333.0630;1.0325;341.9448;Palm;b974454d-ae33-4d16-9737-e66469f616ef;;LineBisection;2026-05-18 09:45:10.2587;Hands;1;OpenXR
Left;;Baseline;0;NoMitigation;None;anonymous;Sample;3453;0.0000;-0.0448;0.0472;0.1177;17.8236;3.5206;22.4722;-0.0448;0.0472;0.1177;0.9695;0.1578;-0.0004;0.1877;0;;;;;;;;;;;;;0;;;;;;;;0.7802;0.0620;-0.6224;-0.0159;-0.5351;0.3333;0.4336;-0.0135;0.9006;0.0280;;;;;;;;;;;;;0;0.2726;-0.3854;0.3284;333.2676;0.8319;342.1935;Palm;b974454d-ae33-4d16-9737-e66469f616ef;;LineBisection;2026-05-18 09:45:10.2807;Hands;1;OpenXR
Left;;Baseline;0;NoMitigation;None;anonymous;Sample;3460;0.0000;-0.0448;0.0472;0.1177;17.8236;3.5206;22.4722;-0.0448;0.0472;0.1177;0.9695;0.1578;-0.0004;0.1877;0;;;;;;;;;;;;;0;;;;;;;;0.7802;0.0620;-0.6224;-0.0159;-0.5351;0.3333;0.4336;-0.0135;0.9006;0.0280;;;;;;;;;;;;;0;0.2726;-0.3854;0.3284;333.2676;0.8319;342.1935;Palm;b974454d-ae33-4d16-9737-e66469f616ef;;LineBisection;2026-05-18 09:45:10.3068;Hands;1;OpenXR
Left;;Baseline;0;NoMitigation;None;anonymous;Sample;3463;0.0000;-0.0448;0.0472;0.1177;17.8236;3.5206;22.4722;-0.0448;0.0472;0.1177;0.9695;0.1578;-0.0004;0.1877;0;;;;;;;;;;;;;0;;;;;;;;0.7802;0.0620;-0.6224;-0.0159;-0.5351;0.3333;0.4336;-0.0135;0.9006;0.0280;;;;;;;;;;;;;0;0.2730;-0.3851;0.3284;333.3788;0.6608;342.4265;Palm;b974454d-ae33-4d16-9737-e66469f616ef;;LineBisection;2026-05-18 09:45:10.3287;Hands;1;OpenXR
Left;;Baseline;0;NoMitigation;None;anonymous;Sample;3469;0.0000;-0.0448;0.0472;0.1177;17.8236;3.5206;22.4722;-0.0448;0.0472;0.1177;0.9695;0.1578;-0.0004;0.1877;0;;;;;;;;;;;;;0;;;;;;;;0.7802;0.0620;-0.6224;-0.0159;-0.5351;0.3333;0.4336;-0.0135;0.9006;0.0280;;;;;;;;;;;;;0;0.2730;-0.3851;0.3284;333.3788;0.6608;342.4265;Palm;b974454d-ae33-4d16-9737-e66469f616ef;;LineBisection;2026-05-18 09:45:10.3496;Hands;1;OpenXR
Left;;Baseline;0;NoMitigation;None;anonymous;Sample;3477;0.0000;-0.0448;0.0472;0.1177;17.8236;3.5206;22.4722;-0.0448;0.0472;0.1177;0.9695;0.1578;-0.0004;0.1877;0;;;;;;;;;;;;;0;;;;;;;;0.7802;0.0620;-0.6224;-0.0159;-0.5351;0.3333;0.4336;-0.0135;0.9006;0.0280;;;;;;;;;;;;;0;0.2738;-0.3854;0.3282;333.5842;0.6497;342.4693;Palm;b974454d-ae33-4d16-9737-e66469f616ef;;LineBisection;2026-05-18 09:45:10.3706;Hands;1;OpenXR
Left;;Baseline;0;NoMitigation;None;anonymous;Sample;3485;0.0000;-0.0448;0.0472;0.1177;17.8236;3.5206;22.4722;-0.0448;0.0472;0.1177;0.9695;0.1578;-0.0004;0.1877;0;;;;;;;;;;;;;0;;;;;;;;0.7802;0.0620;-0.6224;-0.0159;-0.5351;0.3333;0.4336;-0.0135;0.9006;0.0280;;;;;;;;;;;;;0;0.2738;-0.3854;0.3282;333.5842;0.6497;342.4693;Palm;b974454d-ae33-4d16-9737-e66469f616ef;;LineBisection;2026-05-18 09:45:10.3904;Hands;1;OpenXR
Left;;Baseline;0;NoMitigation;None;anonymous;Sample;3493;0.0000;-0.0448;0.0472;0.1177;17.8236;3.5206;22.4722;-0.0448;0.0472;0.1177;0.9695;0.1578;-0.0004;0.1877;0;;;;;;;;;;;;;0;;;;;;;;0.7802;0.0620;-0.6224;-0.0159;-0.5351;0.3333;0.4336;-0.0135;0.9006;0.0280;;;;;;;;;;;;;0;0.2747;-0.3858;0.3282;333.7195;0.9425;342.3427;Palm;b974454d-ae33-4d16-9737-e66469f616ef;;LineBisection;2026-05-18 09:45:10.4112;Hands;1;OpenXR
Left;;Baseline;0;NoMitigation;None;anonymous;Sample;3501;0.0000;-0.0448;0.0472;0.1177;17.8236;3.5206;22.4722;-0.0448;0.0472;0.1177;0.9695;0.1578;-0.0004;0.1877;0;;;;;;;;;;;;;0;;;;;;;;0.7802;0.0620;-0.6224;-0.0159;-0.5351;0.3333;0.4336;-0.0135;0.9006;0.0280;;;;;;;;;;;;;0;0.2747;-0.3858;0.3282;333.7195;0.9425;342.3427;Palm;b974454d-ae33-4d16-9737-e66469f616ef;;LineBisection;2026-05-18 09:45:10.4311;Hands;1;OpenXR
Left;;Baseline;0;NoMitigation;None;anonymous;Sample;3509;0.0000;-0.0448;0.0472;0.1177;17.8236;3.5206;22.4722;-0.0448;0.0472;0.1177;0.9695;0.1578;-0.0004;0.1877;0;;;;;;;;;;;;;0;;;;;;;;0.7802;0.0620;-0.6224;-0.0159;-0.5351;0.3333;0.4336;-0.0135;0.9006;0.0280;;;;;;;;;;;;;0;0.2758;-0.3865;0.3281;333.8769;1.4701;342.0634;Palm;b974454d-ae33-4d16-9737-e66469f616ef;;LineBisection;2026-05-18 09:45:10.4514;Hands;1;OpenXR
Left;;Baseline;0;NoMitigation;None;anonymous;Sample;3517;0.0000;-0.0448;0.0472;0.1177;17.8236;3.5206;22.4722;-0.0448;0.0472;0.1177;0.9695;0.1578;-0.0004;0.1877;0;;;;;;;;;;;;;0;;;;;;;;0.7802;0.0620;-0.6224;-0.0159;-0.5351;0.3333;0.4336;-0.0135;0.9006;0.0280;;;;;;;;;;;;;0;0.2764;-0.3871;0.3281;333.9181;2.0623;341.8445;Palm;b974454d-ae33-4d16-9737-e66469f616ef;;LineBisection;2026-05-18 09:45:10.4723;Hands;1;OpenXR
Left;;Baseline;0;NoMitigation;None;anonymous;Sample;3525;0.0000;-0.0448;0.0472;0.1177;17.8236;3.5206;22.4722;-0.0448;0.0472;0.1177;0.9695;0.1578;-0.0004;0.1877;0;;;;;;;;;;;;;0;;;;;;;;0.7802;0.0620;-0.6224;-0.0159;-0.5351;0.3333;0.4336;-0.0135;0.9006;0.0280;;;;;;;;;;;;;0;0.2764;-0.3871;0.3281;333.9181;2.0623;341.8445;Palm;b974454d-ae33-4d16-9737-e66469f616ef;;LineBisection;2026-05-18 09:45:10.4926;Hands;1;OpenXR
Left;;Baseline;0;NoMitigation;None;anonymous;Sample;3533;0.0000;-0.0448;0.0472;0.1177;17.8236;3.5206;22.4722;-0.0448;0.0472;0.1177;0.9695;0.1578;-0.0004;0.1877;0;;;;;;;;;;;;;0;;;;;;;;0.7802;0.0620;-0.6224;-0.0159;-0.5351;0.3333;0.4336;-0.0135;0.9006;0.0280;;;;;;;;;;;;;0;0.2764;-0.3871;0.3281;333.9181;2.0623;341.8445;Palm;b974454d-ae33-4d16-9737-e66469f616ef;;LineBisection;2026-05-18 09:45:10.5134;Hands;1;OpenXR
Left;;Baseline;0;NoMitigation;None;anonymous;Sample;3541;0.0000;-0.0448;0.0472;0.1177;17.8236;3.5206;22.4722;-0.0448;0.0472;0.1177;0.9695;0.1578;-0.0004;0.1877;0;;;;;;;;;;;;;0;;;;;;;;0.7802;0.0620;-0.6224;-0.0159;-0.5351;0.3333;0.4336;-0.0135;0.9006;0.0280;;;;;;;;;;;;;0;0.2768;-0.3878;0.3281;334.0130;2.6591;341.6848;Palm;b974454d-ae33-4d16-9737-e66469f616ef;;LineBisection;2026-05-18 09:45:10.5344;Hands;1;OpenXR
Left;;Baseline;0;NoMitigation;None;anonymous;Sample;3549;0.0000;-0.0448;0.0472;0.1177;17.8236;3.5206;22.4722;-0.0448;0.0472;0.1177;0.9695;0.1578;-0.0004;0.1877;0;;;;;;;;;;;;;0;;;;;;;;0.7802;0.0620;-0.6224;-0.0159;-0.5351;0.3333;0.4336;-0.0135;0.9006;0.0280;;;;;;;;;;;;;0;0.2768;-0.3878;0.3281;334.0130;2.6591;341.6848;Palm;b974454d-ae33-4d16-9737-e66469f616ef;;LineBisection;2026-05-18 09:45:10.5552;Hands;1;OpenXR
Left;;Baseline;0;NoMitigation;None;anonymous;Sample;3557;0.0000;-0.0448;0.0472;0.1177;17.8236;3.5206;22.4722;-0.0448;0.0472;0.1177;0.9695;0.1578;-0.0004;0.1877;0;;;;;;;;;;;;;0;;;;;;;;0.7802;0.0620;-0.6224;-0.0159;-0.5351;0.3333;0.4336;-0.0135;0.9006;0.0280;;;;;;;;;;;;;0;0.2773;-0.3885;0.3280;334.0961;3.2800;341.5269;Palm;b974454d-ae33-4d16-9737-e66469f616ef;;LineBisection;2026-05-18 09:45:10.5760;Hands;1;OpenXR
Left;;Baseline;0;NoMitigation;None;anonymous;Sample;3565;0.0000;-0.0448;0.0472;0.1177;17.8236;3.5206;22.4722;-0.0448;0.0472;0.1177;0.9695;0.1578;-0.0004;0.1877;0;;;;;;;;;;;;;0;;;;;;;;0.7802;0.0620;-0.6224;-0.0159;-0.5351;0.3333;0.4336;-0.0135;0.9006;0.0280;;;;;;;;;;;;;0;0.2776;-0.3891;0.3279;334.1299;3.8109;341.5133;Palm;b974454d-ae33-4d16-9737-e66469f616ef;;LineBisection;2026-05-18 09:45:10.5964;Hands;1;OpenXR
Left;;Baseline;0;NoMitigation;None;anonymous;Sample;3573;0.0000;-0.0448;0.0472;0.1177;17.8236;3.5206;22.4722;-0.0448;0.0472;0.1177;0.9695;0.1578;-0.0004;0.1877;0;;;;;;;;;;;;;0;;;;;;;;0.7802;0.0620;-0.6224;-0.0159;-0.5351;0.3333;0.4336;-0.0135;0.9006;0.0280;;;;;;;;;;;;;0;0.2776;-0.3891;0.3279;334.1299;3.8109;341.5133;Palm;b974454d-ae33-4d16-9737-e66469f616ef;;LineBisection;2026-05-18 09:45:10.6176;Hands;1;OpenXR
Left;;Baseline;0;NoMitigation;None;anonymous;Sample;3581;0.0000;-0.0448;0.0472;0.1177;17.8236;3.5206;22.4722;-0.0448;0.0472;0.1177;0.9695;0.1578;-0.0004;0.1877;0;;;;;;;;;;;;;0;;;;;;;;0.7802;0.0620;-0.6224;-0.0159;-0.5351;0.3333;0.4336;-0.0135;0.9006;0.0280;;;;;;;;;;;;;0;0.2776;-0.3891;0.3279;334.1299;3.8109;341.5133;Palm;b974454d-ae33-4d16-9737-e66469f616ef;;LineBisection;2026-05-18 09:45:10.6383;Hands;1;OpenXR
Left;;Baseline;0;NoMitigation;None;anonymous;Sample;3586;0.0000;-0.0448;0.0472;0.1177;17.8236;3.5206;22.4722;-0.0448;0.0472;0.1177;0.9695;0.1578;-0.0004;0.1877;0;;;;;;;;;;;;;0;;;;;;;;0.7802;0.0620;-0.6224;-0.0159;-0.5351;0.3333;0.4336;-0.0135;0.9006;0.0280;;;;;;;;;;;;;0;0.2779;-0.3895;0.3283;334.0962;4.3073;341.3704;Palm;b974454d-ae33-4d16-9737-e66469f616ef;;LineBisection;2026-05-18 09:45:10.6601;Hands;1;OpenXR
Left;;Baseline;0;NoMitigation;None;anonymous;Sample;3595;0.0000;-0.0448;0.0472;0.1177;17.8236;3.5206;22.4722;-0.0448;0.0472;0.1177;0.9695;0.1578;-0.0004;0.1877;0;;;;;;;;;;;;;0;;;;;;;;0.7802;0.0620;-0.6224;-0.0159;-0.5351;0.3333;0.4336;-0.0135;0.9006;0.0280;;;;;;;;;;;;;0;0.2783;-0.3900;0.3283;333.9965;4.7323;341.3007;Palm;b974454d-ae33-4d16-9737-e66469f616ef;;LineBisection;2026-05-18 09:45:10.6820;Hands;1;OpenXR
Left;;Baseline;0;NoMitigation;None;anonymous;Sample;3603;0.0000;-0.0448;0.0472;0.1177;17.8236;3.5206;22.4722;-0.0448;0.0472;0.1177;0.9695;0.1578;-0.0004;0.1877;0;;;;;;;;;;;;;0;;;;;;;;0.7802;0.0620;-0.6224;-0.0159;-0.5351;0.3333;0.4336;-0.0135;0.9006;0.0280;;;;;;;;;;;;;0;0.2783;-0.3900;0.3283;333.9965;4.7323;341.3007;Palm;b974454d-ae33-4d16-9737-e66469f616ef;;LineBisection;2026-05-18 09:45:10.7039;Hands;1;OpenXR
Left;;Baseline;0;NoMitigation;None;anonymous;Sample;3611;0.0000;-0.0448;0.0472;0.1177;17.8236;3.5206;22.4722;-0.0448;0.0472;0.1177;0.9695;0.1578;-0.0004;0.1877;0;;;;;;;;;;;;;0;;;;;;;;0.7802;0.0620;-0.6224;-0.0159;-0.5351;0.3333;0.4336;-0.0135;0.9006;0.0280;;;;;;;;;;;;;0;0.2784;-0.3901;0.3287;333.8220;5.1110;341.1832;Palm;b974454d-ae33-4d16-9737-e66469f616ef;;LineBisection;2026-05-18 09:45:10.7253;Hands;1;OpenXR
Left;;Baseline;0;NoMitigation;None;anonymous;Sample;3619;0.0000;-0.0448;0.0472;0.1177;17.8236;3.5206;22.4722;-0.0448;0.0472;0.1177;0.9695;0.1578;-0.0004;0.1877;0;;;;;;;;;;;;;0;;;;;;;;0.7802;0.0620;-0.6224;-0.0159;-0.5351;0.3333;0.4336;-0.0135;0.9006;0.0280;;;;;;;;;;;;;0;0.2784;-0.3901;0.3287;333.8220;5.1110;341.1832;Palm;b974454d-ae33-4d16-9737-e66469f616ef;;LineBisection;2026-05-18 09:45:10.7462;Hands;1;OpenXR
Left;;Baseline;0;NoMitigation;None;anonymous;Sample;3627;0.0000;-0.0448;0.0472;0.1177;17.8236;3.5206;22.4722;-0.0448;0.0472;0.1177;0.9695;0.1578;-0.0004;0.1877;0;;;;;;;;;;;;;0;;;;;;;;0.7802;0.0620;-0.6224;-0.0159;-0.5351;0.3333;0.4336;-0.0135;0.9006;0.0280;;;;;;;;;;;;;0;0.2790;-0.3906;0.3288;333.7796;5.5182;341.1361;Palm;b974454d-ae33-4d16-9737-e66469f616ef;;LineBisection;2026-05-18 09:45:10.7676;Hands;1;OpenXR
Right;;Baseline;0;NoMitigation;None;anonymous;Sample;3629;0.0000;-0.0448;0.0472;0.1177;17.8236;3.5206;22.4722;-0.0448;0.0472;0.1177;0.9695;0.1578;-0.0004;0.1877;0;;;;;;;;;;;;;0;;;;;;;;0.1091;0.1020;0.9888;0.2849;-0.3544;0.4368;0.9972;-0.0510;0.0548;0.0028;;;;;;;;;;;;;0;0.2904;-0.3938;0.3316;332.1492;7.3178;341.0408;Palm;b974454d-ae33-4d16-9737-e66469f616ef;;LineBisection;2026-05-18 09:45:11.3576;Hands;1;OpenXR
Right;;Baseline;0;NoMitigation;None;anonymous;Sample;3631;0.0000;-0.0448;0.0472;0.1177;17.8236;3.5206;22.4722;-0.0448;0.0472;0.1177;0.9695;0.1578;-0.0004;0.1877;0;;;;;;;;;;;;;0;;;;;;;;0.1093;0.1060;0.9883;0.2851;-0.3541;0.4369;0.9971;-0.0530;0.0549;0.0029;;;;;;;;;;;;;0;0.2911;-0.3938;0.3320;332.0106;7.1449;341.0393;Palm;b974454d-ae33-4d16-9737-e66469f616ef;;LineBisection;2026-05-18 09:45:11.3788;Hands;1;OpenXR
Right;;Baseline;0;NoMitigation;None;anonymous;Sample;3639;0.0000;-0.0448;0.0472;0.1177;17.8236;3.5206;22.4722;-0.0448;0.0472;0.1177;0.9695;0.1578;-0.0004;0.1877;0;;;;;;;;;;;;;0;;;;;;;;0.1094;0.1082;0.9881;0.2853;-0.3541;0.4370;0.9970;-0.0541;0.0550;0.0030;;;;;;;;;;;;;0;0.2919;-0.3943;0.3322;331.9844;7.0077;341.2756;Palm;b974454d-ae33-4d16-9737-e66469f616ef;;LineBisection;2026-05-18 09:45:11.4000;Hands;1;OpenXR
Right;;Baseline;0;NoMitigation;None;anonymous;Sample;3647;0.0000;-0.0448;0.0472;0.1177;17.8236;3.5206;22.4722;-0.0448;0.0472;0.1177;0.9695;0.1578;-0.0004;0.1877;0;;;;;;;;;;;;;0;;;;;;;;0.1096;0.1095;0.9879;0.2856;-0.3542;0.4371;0.9970;-0.0547;0.0551;0.0030;;;;;;;;;;;;;0;0.2919;-0.3943;0.3322;331.9844;7.0077;341.2756;Palm;b974454d-ae33-4d16-9737-e66469f616ef;;LineBisection;2026-05-18 09:45:11.4224;Hands;1;OpenXR
Right;;Baseline;0;NoMitigation;None;anonymous;Sample;3655;0.0000;-0.0448;0.0472;0.1177;17.8236;3.5206;22.4722;-0.0448;0.0472;0.1177;0.9695;0.1578;-0.0004;0.1877;0;;;;;;;;;;;;;0;;;;;;;;0.1103;0.1112;0.9876;0.2859;-0.3546;0.4373;0.9969;-0.0556;0.0555;0.0031;;;;;;;;;;;;;0;0.2925;-0.3950;0.3323;332.0074;6.8222;341.6433;Palm;b974454d-ae33-4d16-9737-e66469f616ef;;LineBisection;2026-05-18 09:45:11.4447;Hands;1;OpenXR
Right;;Baseline;0;NoMitigation;None;anonymous;Sample;3662;0.0000;-0.0448;0.0472;0.1177;17.8236;3.5206;22.4722;-0.0448;0.0472;0.1177;0.9695;0.1578;-0.0004;0.1877;0;;;;;;;;;;;;;0;;;;;;;;0.1109;0.1124;0.9875;0.2862;-0.3548;0.4374;0.9969;-0.0562;0.0558;0.0031;;;;;;;;;;;;;0;0.2925;-0.3950;0.3323;332.0074;6.8222;341.6433;Palm;b974454d-ae33-4d16-9737-e66469f616ef;;LineBisection;2026-05-18 09:45:11.4645;Hands;1;OpenXR
Right;;Baseline;0;NoMitigation;None;anonymous;Sample;3669;0.0000;-0.0448;0.0472;0.1177;17.8236;3.5206;22.4722;-0.0448;0.0472;0.1177;0.9695;0.1578;-0.0004;0.1877;0;;;;;;;;;;;;;0;;;;;;;;0.1122;0.1156;0.9869;0.2865;-0.3551;0.4374;0.9967;-0.0578;0.0565;0.0033;;;;;;;;;;;;;0;0.2932;-0.3958;0.3322;331.9875;6.6948;342.1412;Palm;b974454d-ae33-4d16-9737-e66469f616ef;;LineBisection;2026-05-18 09:45:11.4857;Hands;1;OpenXR
Right;;Baseline;0;NoMitigation;None;anonymous;Sample;3677;0.0000;-0.0448;0.0472;0.1177;17.8236;3.5206;22.4722;-0.0448;0.0472;0.1177;0.9695;0.1578;-0.0004;0.1877;0;;;;;;;;;;;;;0;;;;;;;;0.1136;0.1193;0.9863;0.2868;-0.3553;0.4374;0.9966;-0.0597;0.0572;0.0034;;;;;;;;;;;;;0;0.2932;-0.3958;0.3322;331.9875;6.6948;342.1412;Palm;b974454d-ae33-4d16-9737-e66469f616ef;;LineBisection;2026-05-18 09:45:11.5084;Hands;1;OpenXR
Right;;Baseline;0;NoMitigation;None;anonymous;Sample;3685;0.0000;-0.0448;0.0472;0.1177;17.8236;3.5206;22.4722;-0.0448;0.0472;0.1177;0.9695;0.1578;-0.0004;0.1877;0;;;;;;;;;;;;;0;;;;;;;;0.1156;0.1280;0.9850;0.2870;-0.3554;0.4375;0.9962;-0.0640;0.0583;0.0037;;;;;;;;;;;;;0;0.2932;-0.3963;0.3323;331.9442;6.4592;342.5358;Palm;b974454d-ae33-4d16-9737-e66469f616ef;;LineBisection;2026-05-18 09:45:11.5313;Hands;1;OpenXR
Right;;Baseline;0;NoMitigation;None;anonymous;Sample;3692;0.0000;-0.0448;0.0472;0.1177;17.8236;3.5206;22.4722;-0.0448;0.0472;0.1177;0.9695;0.1578;-0.0004;0.1877;0;;;;;;;;;;;;;0;;;;;;;;0.1167;0.1331;0.9842;0.2871;-0.3554;0.4375;0.9960;-0.0666;0.0589;0.0039;;;;;;;;;;;;;0;0.2932;-0.3963;0.3323;331.9442;6.4592;342.5358;Palm;b974454d-ae33-4d16-9737-e66469f616ef;;LineBisection;2026-05-18 09:45:11.5515;Hands;1;OpenXR
Right;;Baseline;0;NoMitigation;None;anonymous;Sample;3699;0.0000;-0.0448;0.0472;0.1177;17.8236;3.5206;22.4722;-0.0448;0.0472;0.1177;0.9695;0.1578;-0.0004;0.1877;0;;;;;;;;;;;;;0;;;;;;;;0.1174;0.1423;0.9828;0.2871;-0.3552;0.4375;0.9957;-0.0712;0.0593;0.0042;;;;;;;;;;;;;0;0.2934;-0.3963;0.3325;331.8669;6.2494;342.6425;Palm;b974454d-ae33-4d16-9737-e66469f616ef;;LineBisection;2026-05-18 09:45:11.5712;Hands;1;OpenXR
Right;;Baseline;0;NoMitigation;None;anonymous;Sample;3705;0.0000;-0.0448;0.0472;0.1177;17.8236;3.5206;22.4722;-0.0448;0.0472;0.1177;0.9695;0.1578;-0.0004;0.1877;0;;;;;;;;;;;;;0;;;;;;;;0.1164;0.1499;0.9818;0.2867;-0.3552;0.4377;0.9954;-0.0751;0.0588;0.0044;;;;;;;;;;;;;0;0.2920;-0.3967;0.3330;332.7085;5.7897;341.8382;Palm;b974454d-ae33-4d16-9737-e66469f616ef;;LineBisection;2026-05-18 09:45:11.5942;Hands;1;OpenXR
Right;;Baseline;0;NoMitigation;None;anonymous;Sample;3711;0.0000;-0.0448;0.0472;0.1177;17.8236;3.5206;22.4722;-0.0448;0.0472;0.1177;0.9695;0.1578;-0.0004;0.1877;0;;;;;;;;;;;;;0;;;;;;;;0.1148;0.1528;0.9816;0.2862;-0.3555;0.4380;0.9954;-0.0765;0.0580;0.0045;;;;;;;;;;;;;0;0.2920;-0.3967;0.3330;332.7085;5.7897;341.8382;Palm;b974454d-ae33-4d16-9737-e66469f616ef;;LineBisection;2026-05-18 09:45:11.6149;Hands;1;OpenXR
Right;;Baseline;0;NoMitigation;None;anonymous;Sample;3718;0.0000;-0.0448;0.0472;0.1177;17.8236;3.5206;22.4722;-0.0448;0.0472;0.1177;0.9695;0.1578;-0.0004;0.1877;0;;;;;;;;;;;;;0;;;;;;;;0.1146;0.1491;0.9822;0.2862;-0.3558;0.4381;0.9955;-0.0747;0.0579;0.0043;;;;;;;;;;;;;0;0.2928;-0.3953;0.3319;333.5952;6.4148;339.5796;Palm;b974454d-ae33-4d16-9737-e66469f616ef;;LineBisection;2026-05-18 09:45:11.6346;Hands;1;OpenXR
Right;;Baseline;0;NoMitigation;None;anonymous;Sample;3725;0.0000;-0.0448;0.0472;0.1177;17.8236;3.5206;22.4722;-0.0448;0.0472;0.1177;0.9695;0.1578;-0.0004;0.1877;0;;;;;;;;;;;;;0;;;;;;;;0.1148;0.1438;0.9829;0.2864;-0.3562;0.4381;0.9957;-0.0720;0.0580;0.0042;;;;;;;;;;;;;0;0.2928;-0.3953;0.3319;333.5952;6.4148;339.5796;Palm;b974454d-ae33-4d16-9737-e66469f616ef;;LineBisection;2026-05-18 09:45:11.6554;Hands;1;OpenXR
Right;;Baseline;0;NoMitigation;None;anonymous;Sample;3732;0.0000;-0.0448;0.0472;0.1177;17.8236;3.5206;22.4722;-0.0448;0.0472;0.1177;0.9695;0.1578;-0.0004;0.1877;0;;;;;;;;;;;;;0;;;;;;;;0.1150;0.1402;0.9834;0.2866;-0.3564;0.4381;0.9958;-0.0701;0.0580;0.0041;;;;;;;;;;;;;0;0.2928;-0.3953;0.3319;333.5952;6.4148;339.5796;Palm;b974454d-ae33-4d16-9737-e66469f616ef;;LineBisection;2026-05-18 09:45:11.6754;Hands;1;OpenXR
Right;;Baseline;0;NoMitigation;None;anonymous;Sample;3739;0.0000;-0.0448;0.0472;0.1177;17.8236;3.5206;22.4722;-0.0448;0.0472;0.1177;0.9695;0.1578;-0.0004;0.1877;0;;;;;;;;;;;;;0;;;;;;;;0.1085;0.1269;0.9860;0.2861;-0.3532;0.4369;0.9965;-0.0635;0.0547;0.0035;;;;;;;;;;;;;0;0.2913;-0.3839;0.3280;332.9350;7.0959;334.4844;Palm;b974454d-ae33-4d16-9737-e66469f616ef;;LineBisection;2026-05-18 09:45:11.6956;Hands;1;OpenXR
Right;;Baseline;0;NoMitigation;None;anonymous;Sample;3746;0.0000;-0.0448;0.0472;0.1177;17.8236;3.5206;22.4722;-0.0448;0.0472;0.1177;0.9695;0.1578;-0.0004;0.1877;0;;;;;;;;;;;;;0;;;;;;;;0.0778;0.1088;0.9910;0.2820;-0.3458;0.4336;0.9977;-0.0544;0.0391;0.0021;;;;;;;;;;;;;0;0.2786;-0.3559;0.3170;328.4525;6.7242;324.3035;Palm;b974454d-ae33-4d16-9737-e66469f616ef;;LineBisection;2026-05-18 09:45:11.7170;Hands;1;OpenXR
Right;;Baseline;0;NoMitigation;None;anonymous;Sample;3753;0.0000;-0.0448;0.0472;0.1177;17.8236;3.5206;22.4722;-0.0448;0.0472;0.1177;0.9695;0.1578;-0.0004;0.1877;0;;;;;;;;;;;;;0;;;;;;;;0.0357;0.0890;0.9954;0.2761;-0.3366;0.4294;0.9988;-0.0445;0.0179;0.0008;;;;;;;;;;;;;0;0.2786;-0.3559;0.3170;328.4525;6.7242;324.3035;Palm;b974454d-ae33-4d16-9737-e66469f616ef;;LineBisection;2026-05-18 09:45:11.7372;Hands;1;OpenXR
Right;;Baseline;0;NoMitigation;None;anonymous;Sample;3760;0.0000;-0.0448;0.0472;0.1177;17.8236;3.5206;22.4722;-0.0448;0.0472;0.1177;0.9695;0.1578;-0.0004;0.1877;0;;;;;;;;;;;;;0;;;;;;;;0.0069;0.0753;0.9971;0.2721;-0.3304;0.4266;0.9993;-0.0377;0.0035;0.0001;;;;;;;;;;;;;0;0.2786;-0.3559;0.3170;328.4525;6.7242;324.3035;Palm;b974454d-ae33-4d16-9737-e66469f616ef;;LineBisection;2026-05-18 09:45:11.7571;Hands;1;OpenXR
Right;;Baseline;0;NoMitigation;None;anonymous;Sample;3767;0.0000;-0.0448;0.0472;0.1177;17.8236;3.5206;22.4722;-0.0448;0.0472;0.1177;0.9695;0.1578;-0.0004;0.1877;0;;;;;;;;;;;;;0;;;;;;;;-0.0729;0.0651;0.9952;0.2598;-0.3142;0.4175;0.9988;-0.0325;-0.0365;-0.0012;;;;;;;;;;;;;0;0.2608;-0.3239;0.3013;322.9235;6.3780;313.7154;Palm;b974454d-ae33-4d16-9737-e66469f616ef;;LineBisection;2026-05-18 09:45:11.7783;Hands;1;OpenXR
Right;;Baseline;0;NoMitigation;None;anonymous;Sample;3774;0.0000;-0.0448;0.0472;0.1177;17.8236;3.5206;22.4722;-0.0448;0.0472;0.1177;0.9695;0.1578;-0.0004;0.1877;0;;;;;;;;;;;;;0;;;;;;;;-0.1717;0.0796;0.9819;0.2421;-0.2952;0.4044;0.9955;-0.0397;-0.0864;-0.0034;;;;;;;;;;;;;0;0.2136;-0.2798;0.2694;313.4297;356.2517;304.5324;Palm;b974454d-ae33-4d16-9737-e66469f616ef;;LineBisection;2026-05-18 09:45:11.7987;Hands;1;OpenXR
Right;;Baseline;0;NoMitigation;None;anonymous;Sample;3781;0.0000;-0.0448;0.0472;0.1177;17.8236;3.5206;22.4722;-0.0448;0.0472;0.1177;0.9695;0.1578;-0.0004;0.1877;0;;;;;;;;;;;;;0;;;;;;;;-0.3003;0.1181;0.9465;0.2166;-0.2707;0.3854;0.9865;-0.0585;-0.1527;-0.0091;;;;;;;;;;;;;0;0.2136;-0.2798;0.2694;313.4297;356.2517;304.5324;Palm;b974454d-ae33-4d16-9737-e66469f616ef;;LineBisection;2026-05-18 09:45:11.8194;Hands;1;OpenXR
Right;;Baseline;0;NoMitigation;None;anonymous;Sample;3788;0.0000;-0.0448;0.0472;0.1177;17.8236;3.5206;22.4722;-0.0448;0.0472;0.1177;0.9695;0.1578;-0.0004;0.1877;0;;;;;;;;;;;;;0;;;;;;;;-0.4343;0.2000;0.8783;0.1827;-0.2417;0.3569;0.9688;-0.0979;-0.2265;-0.0229;;;;;;;;;;;;;0;0.1625;-0.2455;0.2312;309.7423;337.8927;303.8346;Palm;b974454d-ae33-4d16-9737-e66469f616ef;;LineBisection;2026-05-18 09:45:11.8403;Hands;1;OpenXR
Right;;Baseline;0;NoMitigation;None;anonymous;Sample;3795;0.0000;-0.0448;0.0472;0.1177;17.8236;3.5206;22.4722;-0.0448;0.0472;0.1177;0.9695;0.1578;-0.0004;0.1877;0;;;;;;;;;;;;;0;;;;;;;;-0.5305;0.2676;0.8043;0.1550;-0.2185;0.3331;0.9490;-0.1293;-0.2848;-0.0388;;;;;;;;;;;;;0;0.1625;-0.2455;0.2312;309.7423;337.8927;303.8346;Palm;b974454d-ae33-4d16-9737-e66469f616ef;;LineBisection;2026-05-18 09:45:11.8600;Hands;1;OpenXR
Right;;Baseline;0;NoMitigation;None;anonymous;Sample;3802;0.0000;-0.0448;0.0472;0.1177;17.8236;3.5206;22.4722;-0.0448;0.0472;0.1177;0.9695;0.1578;-0.0004;0.1877;0;;;;;;;;;;;;;0;;;;;;;;-0.6072;0.3078;0.7325;0.1304;-0.2012;0.3110;0.9292;-0.1466;-0.3350;-0.0528;;;;;;;;;;;;;0;0.1298;-0.2301;0.1984;310.0139;326.8754;308.3104;Palm;b974454d-ae33-4d16-9737-e66469f616ef;;LineBisection;2026-05-18 09:45:11.8817;Hands;1;OpenXR
Right;;Baseline;0;NoMitigation;None;anonymous;Sample;3809;0.0000;-0.0448;0.0472;0.1177;17.8236;3.5206;22.4722;-0.0448;0.0472;0.1177;0.9695;0.1578;-0.0004;0.1877;0;;;;;;;;;;;;;0;;;;;;;;-0.6770;0.3290;0.6584;0.1056;-0.1872;0.2877;0.9083;-0.1537;-0.3837;-0.0649;;;;;;;;;;;;;0;0.1298;-0.2301;0.1984;310.0139;326.8754;308.3104;Palm;b974454d-ae33-4d16-9737-e66469f616ef;;LineBisection;2026-05-18 09:45:11.9021;Hands;1;OpenXR
Right;;Baseline;0;NoMitigation;None;anonymous;Sample;3816;0.0000;-0.0448;0.0472;0.1177;17.8236;3.5206;22.4722;-0.0448;0.0472;0.1177;0.9695;0.1578;-0.0004;0.1877;0;;;;;;;;;;;;;0;;;;;;;;-0.7306;0.3373;0.5937;0.0828;-0.1766;0.2663;0.8896;-0.1545;-0.4234;-0.0736;;;;;;;;;;;;;0;0.1099;-0.2240;0.1813;310.3306;322.0891;311.1211;Palm;b974454d-ae33-4d16-9737-e66469f616ef;;LineBisection;2026-05-18 09:45:11.9234;Hands;1;OpenXR
Right;;Baseline;0;NoMitigation;None;anonymous;Sample;3823;0.0000;-0.0448;0.0472;0.1177;17.8236;3.5206;22.4722;-0.0448;0.0472;0.1177;0.9695;0.1578;-0.0004;0.1877;0;;;;;;;;;;;;;0;;;;;;;;-0.7671;0.3403;0.5439;0.0654;-0.1691;0.2501;0.8750;-0.1534;-0.4522;-0.0793;;;;;;;;;;;;;0;0.1099;-0.2240;0.1813;310.3306;322.0891;311.1211;Palm;b974454d-ae33-4d16-9737-e66469f616ef;;LineBisection;2026-05-18 09:45:11.9441;Hands;1;OpenXR
Right;;Baseline;0;NoMitigation;None;anonymous;Sample;3830;0.0000;-0.0448;0.0472;0.1177;17.8236;3.5206;22.4722;-0.0448;0.0472;0.1177;0.9695;0.1578;-0.0004;0.1877;0;;;;;;;;;;;;;0;;;;;;;;-0.7959;0.3388;0.5018;0.0493;-0.1640;0.2349;0.8626;-0.1506;-0.4758;-0.0831;;;;;;;;;;;;;0;0.0980;-0.2231;0.1703;310.5932;319.9976;311.8108;Palm;b974454d-ae33-4d16-9737-e66469f616ef;;LineBisection;2026-05-18 09:45:11.9644;Hands;1;OpenXR
Right;;Baseline;0;NoMitigation;None;anonymous;Sample;3837;0.0000;-0.0448;0.0472;0.1177;17.8236;3.5206;22.4722;-0.0448;0.0472;0.1177;0.9695;0.1578;-0.0004;0.1877;0;;;;;;;;;;;;;0;;;;;;;;-0.8136;0.3373;0.4736;0.0388;-0.1606;0.2249;0.8541;-0.1484;-0.4911;-0.0853;;;;;;;;;;;;;0;0.0980;-0.2231;0.1703;310.5932;319.9976;311.8108;Palm;b974454d-ae33-4d16-9737-e66469f616ef;;LineBisection;2026-05-18 09:45:11.9857;Hands;1;OpenXR
Right;;Baseline;0;NoMitigation;None;anonymous;Sample;3844;0.0000;-0.0448;0.0472;0.1177;17.8236;3.5206;22.4722;-0.0448;0.0472;0.1177;0.9695;0.1578;-0.0004;0.1877;0;;;;;;;;;;;;;0;;;;;;;;-0.8251;0.3361;0.4542;0.0316;-0.1583;0.2181;0.8483;-0.1468;-0.5013;-0.0868;;;;;;;;;;;;;0;;;;;;;;b974454d-ae33-4d16-9737-e66469f616ef;;LineBisection;2026-05-18 09:45:12.0069;Hands;1;OpenXR
Right;;Baseline;0;NoMitigation;None;anonymous;Sample;3851;0.0000;-0.0448;0.0472;0.1177;17.8236;3.5206;22.4722;-0.0448;0.0472;0.1177;0.9695;0.1578;-0.0004;0.1877;0;;;;;;;;;;;;;0;;;;;;;;-0.8327;0.3352;0.4407;0.0267;-0.1568;0.2135;0.8442;-0.1457;-0.5083;-0.0877;;;;;;;;;;;;;0;;;;;;;;b974454d-ae33-4d16-9737-e66469f616ef;;LineBisection;2026-05-18 09:45:12.0282;Hands;1;OpenXR
Right;;Baseline;0;NoMitigation;None;anonymous;Sample;3858;0.0000;-0.0448;0.0472;0.1177;17.8236;3.5206;22.4722;-0.0448;0.0472;0.1177;0.9695;0.1578;-0.0004;0.1877;0;;;;;;;;;;;;;0;;;;;;;;-0.8376;0.3346;0.4319;0.0236;-0.1558;0.2105;0.8415;-0.1449;-0.5129;-0.0883;;;;;;;;;;;;;0;;;;;;;;b974454d-ae33-4d16-9737-e66469f616ef;;LineBisection;2026-05-18 09:45:12.0485;Hands;1;OpenXR
Right;;Baseline;0;NoMitigation;None;anonymous;Sample;3865;0.0000;-0.0448;0.0472;0.1177;17.8236;3.5206;22.4722;-0.0448;0.0472;0.1177;0.9695;0.1578;-0.0004;0.1877;0;;;;;;;;;;;;;0;;;;;;;;-0.8408;0.3341;0.4259;0.0214;-0.1551;0.2084;0.8397;-0.1444;-0.5159;-0.0887;;;;;;;;;;;;;0;;;;;;;;b974454d-ae33-4d16-9737-e66469f616ef;;LineBisection;2026-05-18 09:45:12.0692;Hands;1;OpenXR
Right;;Baseline;0;NoMitigation;None;anonymous;Sample;3872;0.0000;-0.0448;0.0472;0.1177;17.8236;3.5206;22.4722;-0.0448;0.0472;0.1177;0.9695;0.1578;-0.0004;0.1877;0;;;;;;;;;;;;;0;;;;;;;;-0.8430;0.3338;0.4219;0.0200;-0.1546;0.2071;0.8385;-0.1441;-0.5180;-0.0890;;;;;;;;;;;;;0;;;;;;;;b974454d-ae33-4d16-9737-e66469f616ef;;LineBisection;2026-05-18 09:45:12.0910;Hands;1;OpenXR
Right;;Baseline;0;NoMitigation;None;anonymous;Sample;3879;0.0000;-0.0448;0.0472;0.1177;17.8236;3.5206;22.4722;-0.0448;0.0472;0.1177;0.9695;0.1578;-0.0004;0.1877;0;;;;;;;;;;;;;0;;;;;;;;-0.8444;0.3336;0.4192;0.0190;-0.1543;0.2061;0.8376;-0.1438;-0.5194;-0.0892;;;;;;;;;;;;;0;;;;;;;;b974454d-ae33-4d16-9737-e66469f616ef;;LineBisection;2026-05-18 09:45:12.1123;Hands;1;OpenXR
Right;;Baseline;0;NoMitigation;None;anonymous;Sample;3886;0.0000;-0.0448;0.0472;0.1177;17.8236;3.5206;22.4722;-0.0448;0.0472;0.1177;0.9695;0.1578;-0.0004;0.1877;0;;;;;;;;;;;;;0;;;;;;;;-0.8454;0.3334;0.4173;0.0183;-0.1541;0.2055;0.8371;-0.1437;-0.5203;-0.0893;;;;;;;;;;;;;0;;;;;;;;b974454d-ae33-4d16-9737-e66469f616ef;;LineBisection;2026-05-18 09:45:12.1336;Hands;1;OpenXR
Right;;Baseline;0;NoMitigation;None;anonymous;Sample;3893;0.0000;-0.0448;0.0472;0.1177;17.8236;3.5206;22.4722;-0.0448;0.0472;0.1177;0.9695;0.1578;-0.0004;0.1877;0;;;;;;;;;;;;;0;;;;;;;;-0.8460;0.3333;0.4161;0.0179;-0.1539;0.2051;0.8367;-0.1436;-0.5209;-0.0894;;;;;;;;;;;;;0;;;;;;;;b974454d-ae33-4d16-9737-e66469f616ef;;LineBisection;2026-05-18 09:45:12.1545;Hands;1;OpenXR
Right;;Baseline;0;NoMitigation;None;anonymous;Sample;3900;0.0000;-0.0448;0.0472;0.1177;17.8236;3.5206;22.4722;-0.0448;0.0472;0.1177;0.9695;0.1578;-0.0004;0.1877;0;;;;;;;;;;;;;0;;;;;;;;-0.8464;0.3333;0.4153;0.0176;-0.1539;0.2048;0.8365;-0.1435;-0.5213;-0.0894;;;;;;;;;;;;;0;;;;;;;;b974454d-ae33-4d16-9737-e66469f616ef;;LineBisection;2026-05-18 09:45:12.1763;Hands;1;OpenXR
Right;;Baseline;0;NoMitigation;None;anonymous;Sample;3907;0.0000;-0.0448;0.0472;0.1177;17.8236;3.5206;22.4722;-0.0448;0.0472;0.1177;0.9695;0.1578;-0.0004;0.1877;0;;;;;;;;;;;;;0;;;;;;;;-0.8467;0.3332;0.4148;0.0174;-0.1538;0.2046;0.8363;-0.1434;-0.5216;-0.0895;;;;;;;;;;;;;0;;;;;;;;b974454d-ae33-4d16-9737-e66469f616ef;;LineBisection;2026-05-18 09:45:12.1974;Hands;1;OpenXR
Right;;Baseline;0;NoMitigation;None;anonymous;Sample;3914;0.0000;-0.0448;0.0472;0.1177;17.8236;3.5206;22.4722;-0.0448;0.0472;0.1177;0.9695;0.1578;-0.0004;0.1877;0;;;;;;;;;;;;;0;;;;;;;;-0.8469;0.3332;0.4144;0.0173;-0.1538;0.2045;0.8362;-0.1434;-0.5218;-0.0895;;;;;;;;;;;;;0;;;;;;;;b974454d-ae33-4d16-9737-e66469f616ef;;LineBisection;2026-05-18 09:45:12.2188;Hands;1;OpenXR
Right;;Baseline;0;NoMitigation;None;anonymous;Sample;3921;0.0000;-0.0448;0.0472;0.1177;17.8236;3.5206;22.4722;-0.0448;0.0472;0.1177;0.9695;0.1578;-0.0004;0.1877;0;;;;;;;;;;;;;0;;;;;;;;-0.8470;0.3332;0.4142;0.0172;-0.1537;0.2044;0.8361;-0.1434;-0.5219;-0.0895;;;;;;;;;;;;;0;;;;;;;;b974454d-ae33-4d16-9737-e66469f616ef;;LineBisection;2026-05-18 09:45:12.2396;Hands;1;OpenXR
Right;;Baseline;0;NoMitigation;None;anonymous;Sample;3928;0.0000;-0.0448;0.0472;0.1177;17.8236;3.5206;22.4722;-0.0448;0.0472;0.1177;0.9695;0.1578;-0.0004;0.1877;0;;;;;;;;;;;;;0;;;;;;;;-0.8471;0.3332;0.4140;0.0171;-0.1537;0.2044;0.8361;-0.1434;-0.5220;-0.0895;;;;;;;;;;;;;0;;;;;;;;b974454d-ae33-4d16-9737-e66469f616ef;;LineBisection;2026-05-18 09:45:12.2622;Hands;1;OpenXR
Right;;Baseline;0;NoMitigation;None;anonymous;Sample;3935;0.0000;-0.0448;0.0472;0.1177;17.8236;3.5206;22.4722;-0.0448;0.0472;0.1177;0.9695;0.1578;-0.0004;0.1877;0;;;;;;;;;;;;;0;;;;;;;;-0.8472;0.3332;0.4139;0.0171;-0.1537;0.2043;0.8360;-0.1434;-0.5220;-0.0895;;;;;;;;;;;;;0;;;;;;;;b974454d-ae33-4d16-9737-e66469f616ef;;LineBisection;2026-05-18 09:45:12.2824;Hands;1;OpenXR
Right;;Baseline;0;NoMitigation;None;anonymous;Sample;3942;0.0000;-0.0448;0.0472;0.1177;17.8236;3.5206;22.4722;-0.0448;0.0472;0.1177;0.9695;0.1578;-0.0004;0.1877;0;;;;;;;;;;;;;0;;;;;;;;-0.8472;0.3331;0.4138;0.0171;-0.1537;0.2043;0.8360;-0.1434;-0.5221;-0.0895;;;;;;;;;;;;;0;;;;;;;;b974454d-ae33-4d16-9737-e66469f616ef;;LineBisection;2026-05-18 09:45:12.3052;Hands;1;OpenXR
Right;;Baseline;0;NoMitigation;None;anonymous;Sample;3949;0.0000;-0.0448;0.0472;0.1177;17.8236;3.5206;22.4722;-0.0448;0.0472;0.1177;0.9695;0.1578;-0.0004;0.1877;0;;;;;;;;;;;;;0;;;;;;;;-0.8472;0.3331;0.4138;0.0170;-0.1537;0.2043;0.8360;-0.1433;-0.5221;-0.0895;;;;;;;;;;;;;0;;;;;;;;b974454d-ae33-4d16-9737-e66469f616ef;;LineBisection;2026-05-18 09:45:12.3265;Hands;1;OpenXR
Right;;Baseline;0;NoMitigation;None;anonymous;Sample;3956;0.0000;-0.0448;0.0472;0.1177;17.8236;3.5206;22.4722;-0.0448;0.0472;0.1177;0.9695;0.1578;-0.0004;0.1877;0;;;;;;;;;;;;;0;;;;;;;;-0.8472;0.3331;0.4137;0.0170;-0.1537;0.2043;0.8360;-0.1433;-0.5221;-0.0895;;;;;;;;;;;;;0;;;;;;;;b974454d-ae33-4d16-9737-e66469f616ef;;LineBisection;2026-05-18 09:45:12.3477;Hands;1;OpenXR
Right;;Baseline;0;NoMitigation;None;anonymous;Sample;3963;0.0000;-0.0448;0.0472;0.1177;17.8236;3.5206;22.4722;-0.0448;0.0472;0.1177;0.9695;0.1578;-0.0004;0.1877;0;;;;;;;;;;;;;0;;;;;;;;-0.8473;0.3331;0.4137;0.0170;-0.1537;0.2043;0.8360;-0.1433;-0.5221;-0.0895;;;;;;;;;;;;;0;;;;;;;;b974454d-ae33-4d16-9737-e66469f616ef;;LineBisection;2026-05-18 09:45:12.3705;Hands;1;OpenXR
Right;;Baseline;0;NoMitigation;None;anonymous;Sample;3970;0.0000;-0.0448;0.0472;0.1177;17.8236;3.5206;22.4722;-0.0448;0.0472;0.1177;0.9695;0.1578;-0.0004;0.1877;0;;;;;;;;;;;;;0;;;;;;;;-0.8473;0.3331;0.4137;0.0170;-0.1537;0.2043;0.8360;-0.1433;-0.5221;-0.0895;;;;;;;;;;;;;0;;;;;;;;b974454d-ae33-4d16-9737-e66469f616ef;;LineBisection;2026-05-18 09:45:12.3918;Hands;1;OpenXR
Right;;Baseline;0;NoMitigation;None;anonymous;Sample;3977;0.0000;-0.0448;0.0472;0.1177;17.8236;3.5206;22.4722;-0.0448;0.0472;0.1177;0.9695;0.1578;-0.0004;0.1877;0;;;;;;;;;;;;;0;;;;;;;;-0.8473;0.3331;0.4137;0.0170;-0.1537;0.2043;0.8360;-0.1433;-0.5221;-0.0895;;;;;;;;;;;;;0;;;;;;;;b974454d-ae33-4d16-9737-e66469f616ef;;LineBisection;2026-05-18 09:45:12.4137;Hands;1;OpenXR
Right;;Baseline;0;NoMitigation;None;anonymous;Sample;3984;0.0000;-0.0448;0.0472;0.1177;17.8236;3.5206;22.4722;-0.0448;0.0472;0.1177;0.9695;0.1578;-0.0004;0.1877;0;;;;;;;;;;;;;0;;;;;;;;-0.8473;0.3331;0.4137;0.0170;-0.1537;0.2043;0.8360;-0.1433;-0.5221;-0.0895;;;;;;;;;;;;;0;;;;;;;;b974454d-ae33-4d16-9737-e66469f616ef;;LineBisection;2026-05-18 09:45:12.4354;Hands;1;OpenXR
Right;;Baseline;0;NoMitigation;None;anonymous;Sample;3991;0.0000;-0.0448;0.0472;0.1177;17.8236;3.5206;22.4722;-0.0448;0.0472;0.1177;0.9695;0.1578;-0.0004;0.1877;0;;;;;;;;;;;;;0;;;;;;;;-0.8473;0.3331;0.4137;0.0170;-0.1537;0.2043;0.8360;-0.1433;-0.5221;-0.0895;;;;;;;;;;;;;0;;;;;;;;b974454d-ae33-4d16-9737-e66469f616ef;;LineBisection;2026-05-18 09:45:12.4561;Hands;1;OpenXR
Right;;Baseline;0;NoMitigation;None;anonymous;Sample;3998;0.0000;-0.0448;0.0472;0.1177;17.8236;3.5206;22.4722;-0.0448;0.0472;0.1177;0.9695;0.1578;-0.0004;0.1877;0;;;;;;;;;;;;;0;;;;;;;;-0.8473;0.3331;0.4137;0.0170;-0.1537;0.2043;0.8360;-0.1433;-0.5221;-0.0895;;;;;;;;;;;;;0;;;;;;;;b974454d-ae33-4d16-9737-e66469f616ef;;LineBisection;2026-05-18 09:45:12.4779;Hands;1;OpenXR
Right;;Baseline;0;NoMitigation;None;anonymous;Sample;4005;0.0000;-0.0448;0.0472;0.1177;17.8236;3.5206;22.4722;-0.0448;0.0472;0.1177;0.9695;0.1578;-0.0004;0.1877;0;;;;;;;;;;;;;0;;;;;;;;-0.8473;0.3331;0.4137;0.0170;-0.1537;0.2043;0.8360;-0.1433;-0.5221;-0.0895;;;;;;;;;;;;;0;;;;;;;;b974454d-ae33-4d16-9737-e66469f616ef;;LineBisection;2026-05-18 09:45:12.5002;Hands;1;OpenXR
Right;;Baseline;0;NoMitigation;None;anonymous;Sample;4012;0.0000;-0.0448;0.0472;0.1177;17.8236;3.5206;22.4722;-0.0448;0.0472;0.1177;0.9695;0.1578;-0.0004;0.1877;0;;;;;;;;;;;;;0;;;;;;;;-0.8473;0.3331;0.4137;0.0170;-0.1537;0.2043;0.8360;-0.1433;-0.5221;-0.0895;;;;;;;;;;;;;0;;;;;;;;b974454d-ae33-4d16-9737-e66469f616ef;;LineBisection;2026-05-18 09:45:12.5230;Hands;1;OpenXR
Right;;Baseline;0;NoMitigation;None;anonymous;Sample;4019;0.0000;-0.0448;0.0472;0.1177;17.8236;3.5206;22.4722;-0.0448;0.0472;0.1177;0.9695;0.1578;-0.0004;0.1877;0;;;;;;;;;;;;;0;;;;;;;;-0.8473;0.3331;0.4137;0.0170;-0.1537;0.2043;0.8360;-0.1433;-0.5221;-0.0895;;;;;;;;;;;;;0;;;;;;;;b974454d-ae33-4d16-9737-e66469f616ef;;LineBisection;2026-05-18 09:45:12.5453;Hands;1;OpenXR
Right;;Baseline;0;NoMitigation;None;anonymous;Sample;4026;0.0000;-0.0448;0.0472;0.1177;17.8236;3.5206;22.4722;-0.0448;0.0472;0.1177;0.9695;0.1578;-0.0004;0.1877;0;;;;;;;;;;;;;0;;;;;;;;-0.8473;0.3331;0.4137;0.0170;-0.1537;0.2043;0.8360;-0.1433;-0.5221;-0.0895;;;;;;;;;;;;;0;;;;;;;;b974454d-ae33-4d16-9737-e66469f616ef;;LineBisection;2026-05-18 09:45:12.5661;Hands;1;OpenXR
Right;;Baseline;0;NoMitigation;None;anonymous;Sample;4033;0.0000;-0.0448;0.0472;0.1177;17.8236;3.5206;22.4722;-0.0448;0.0472;0.1177;0.9695;0.1578;-0.0004;0.1877;0;;;;;;;;;;;;;0;;;;;;;;-0.8473;0.3331;0.4137;0.0170;-0.1537;0.2043;0.8360;-0.1433;-0.5221;-0.0895;;;;;;;;;;;;;0;;;;;;;;b974454d-ae33-4d16-9737-e66469f616ef;;LineBisection;2026-05-18 09:45:12.5888;Hands;1;OpenXR
Right;;Baseline;0;NoMitigation;None;anonymous;Sample;4040;0.0000;-0.0448;0.0472;0.1177;17.8236;3.5206;22.4722;-0.0448;0.0472;0.1177;0.9695;0.1578;-0.0004;0.1877;0;;;;;;;;;;;;;0;;;;;;;;-0.8473;0.3331;0.4137;0.0170;-0.1537;0.2043;0.8360;-0.1433;-0.5221;-0.0895;;;;;;;;;;;;;0;;;;;;;;b974454d-ae33-4d16-9737-e66469f616ef;;LineBisection;2026-05-18 09:45:12.6116;Hands;1;OpenXR
Right;;Baseline;0;NoMitigation;None;anonymous;Sample;4047;0.0000;-0.0448;0.0472;0.1177;17.8236;3.5206;22.4722;-0.0448;0.0472;0.1177;0.9695;0.1578;-0.0004;0.1877;0;;;;;;;;;;;;;0;;;;;;;;-0.8473;0.3331;0.4137;0.0170;-0.1537;0.2043;0.8360;-0.1433;-0.5221;-0.0895;;;;;;;;;;;;;0;;;;;;;;b974454d-ae33-4d16-9737-e66469f616ef;;LineBisection;2026-05-18 09:45:12.6339;Hands;1;OpenXR
Right;;Baseline;0;NoMitigation;None;anonymous;Sample;4054;0.0000;-0.0448;0.0472;0.1177;17.8236;3.5206;22.4722;-0.0448;0.0472;0.1177;0.9695;0.1578;-0.0004;0.1877;0;;;;;;;;;;;;;0;;;;;;;;-0.8473;0.3331;0.4137;0.0170;-0.1537;0.2043;0.8360;-0.1433;-0.5221;-0.0895;;;;;;;;;;;;;0;;;;;;;;b974454d-ae33-4d16-9737-e66469f616ef;;LineBisection;2026-05-18 09:45:12.6562;Hands;1;OpenXR
Right;;Baseline;0;NoMitigation;None;anonymous;Sample;4061;0.0000;-0.0448;0.0472;0.1177;17.8236;3.5206;22.4722;-0.0448;0.0472;0.1177;0.9695;0.1578;-0.0004;0.1877;0;;;;;;;;;;;;;0;;;;;;;;-0.8473;0.3331;0.4137;0.0170;-0.1537;0.2043;0.8360;-0.1433;-0.5221;-0.0895;;;;;;;;;;;;;0;;;;;;;;b974454d-ae33-4d16-9737-e66469f616ef;;LineBisection;2026-05-18 09:45:12.6784;Hands;1;OpenXR
Right;;Baseline;0;NoMitigation;None;anonymous;Sample;4068;0.0000;-0.0448;0.0472;0.1177;17.8236;3.5206;22.4722;-0.0448;0.0472;0.1177;0.9695;0.1578;-0.0004;0.1877;0;;;;;;;;;;;;;0;;;;;;;;-0.8473;0.3331;0.4137;0.0170;-0.1537;0.2043;0.8360;-0.1433;-0.5221;-0.0895;;;;;;;;;;;;;0;;;;;;;;b974454d-ae33-4d16-9737-e66469f616ef;;LineBisection;2026-05-18 09:45:12.7013;Hands;1;OpenXR
Right;;Baseline;0;NoMitigation;None;anonymous;Sample;4075;0.0000;-0.0448;0.0472;0.1177;17.8236;3.5206;22.4722;-0.0448;0.0472;0.1177;0.9695;0.1578;-0.0004;0.1877;0;;;;;;;;;;;;;0;;;;;;;;-0.8473;0.3331;0.4137;0.0170;-0.1537;0.2043;0.8360;-0.1433;-0.5221;-0.0895;;;;;;;;;;;;;0;;;;;;;;b974454d-ae33-4d16-9737-e66469f616ef;;LineBisection;2026-05-18 09:45:12.7242;Hands;1;OpenXR
Right;;Baseline;0;NoMitigation;None;anonymous;Sample;4082;0.0000;-0.0448;0.0472;0.1177;17.8236;3.5206;22.4722;-0.0448;0.0472;0.1177;0.9695;0.1578;-0.0004;0.1877;0;;;;;;;;;;;;;0;;;;;;;;-0.8473;0.3331;0.4137;0.0170;-0.1537;0.2043;0.8360;-0.1433;-0.5221;-0.0895;;;;;;;;;;;;;0;;;;;;;;b974454d-ae33-4d16-9737-e66469f616ef;;LineBisection;2026-05-18 09:45:12.7461;Hands;1;OpenXR
Right;;Baseline;0;NoMitigation;None;anonymous;Sample;4089;0.0000;-0.0448;0.0472;0.1177;17.8236;3.5206;22.4722;-0.0448;0.0472;0.1177;0.9695;0.1578;-0.0004;0.1877;0;;;;;;;;;;;;;0;;;;;;;;-0.8473;0.3331;0.4137;0.0170;-0.1537;0.2043;0.8360;-0.1433;-0.5221;-0.0895;;;;;;;;;;;;;0;;;;;;;;b974454d-ae33-4d16-9737-e66469f616ef;;LineBisection;2026-05-18 09:45:12.7685;Hands;1;OpenXR
Right;;Baseline;0;NoMitigation;None;anonymous;Sample;4096;0.0000;-0.0448;0.0472;0.1177;17.8236;3.5206;22.4722;-0.0448;0.0472;0.1177;0.9695;0.1578;-0.0004;0.1877;0;;;;;;;;;;;;;0;;;;;;;;-0.8473;0.3331;0.4137;0.0170;-0.1537;0.2043;0.8360;-0.1433;-0.5221;-0.0895;;;;;;;;;;;;;0;;;;;;;;b974454d-ae33-4d16-9737-e66469f616ef;;LineBisection;2026-05-18 09:45:12.7913;Hands;1;OpenXR
Right;;Baseline;0;NoMitigation;None;anonymous;Sample;4103;0.0000;-0.0448;0.0472;0.1177;17.8236;3.5206;22.4722;-0.0448;0.0472;0.1177;0.9695;0.1578;-0.0004;0.1877;0;;;;;;;;;;;;;0;;;;;;;;-0.8473;0.3331;0.4137;0.0170;-0.1537;0.2043;0.8360;-0.1433;-0.5221;-0.0895;;;;;;;;;;;;;0;;;;;;;;b974454d-ae33-4d16-9737-e66469f616ef;;LineBisection;2026-05-18 09:45:12.8147;Hands;1;OpenXR
Right;;Baseline;0;NoMitigation;None;anonymous;Sample;4110;0.0000;-0.0448;0.0472;0.1177;17.8236;3.5206;22.4722;-0.0448;0.0472;0.1177;0.9695;0.1578;-0.0004;0.1877;0;;;;;;;;;;;;;0;;;;;;;;-0.8473;0.3331;0.4137;0.0170;-0.1537;0.2043;0.8360;-0.1433;-0.5221;-0.0895;;;;;;;;;;;;;0;;;;;;;;b974454d-ae33-4d16-9737-e66469f616ef;;LineBisection;2026-05-18 09:45:12.8359;Hands;1;OpenXR
Right;;Baseline;0;NoMitigation;None;anonymous;Sample;4117;0.0000;-0.0448;0.0472;0.1177;17.8236;3.5206;22.4722;-0.0448;0.0472;0.1177;0.9695;0.1578;-0.0004;0.1877;0;;;;;;;;;;;;;0;;;;;;;;-0.8473;0.3331;0.4137;0.0170;-0.1537;0.2043;0.8360;-0.1433;-0.5221;-0.0895;;;;;;;;;;;;;0;;;;;;;;b974454d-ae33-4d16-9737-e66469f616ef;;LineBisection;2026-05-18 09:45:12.8602;Hands;1;OpenXR
Right;;Baseline;0;NoMitigation;None;anonymous;Sample;4124;0.0000;-0.0448;0.0472;0.1177;17.8236;3.5206;22.4722;-0.0448;0.0472;0.1177;0.9695;0.1578;-0.0004;0.1877;0;;;;;;;;;;;;;0;;;;;;;;-0.8473;0.3331;0.4137;0.0170;-0.1537;0.2043;0.8360;-0.1433;-0.5221;-0.0895;;;;;;;;;;;;;0;;;;;;;;b974454d-ae33-4d16-9737-e66469f616ef;;LineBisection;2026-05-18 09:45:12.8817;Hands;1;OpenXR
Right;;Baseline;0;NoMitigation;None;anonymous;Sample;4131;0.0000;-0.0448;0.0472;0.1177;17.8236;3.5206;22.4722;-0.0448;0.0472;0.1177;0.9695;0.1578;-0.0004;0.1877;0;;;;;;;;;;;;;0;;;;;;;;-0.8473;0.3331;0.4137;0.0170;-0.1537;0.2043;0.8360;-0.1433;-0.5221;-0.0895;;;;;;;;;;;;;0;;;;;;;;b974454d-ae33-4d16-9737-e66469f616ef;;LineBisection;2026-05-18 09:45:12.9057;Hands;1;OpenXR
Right;;Baseline;0;NoMitigation;None;anonymous;Sample;4138;0.0000;-0.0448;0.0472;0.1177;17.8236;3.5206;22.4722;-0.0448;0.0472;0.1177;0.9695;0.1578;-0.0004;0.1877;0;;;;;;;;;;;;;0;;;;;;;;-0.8473;0.3331;0.4137;0.0170;-0.1537;0.2043;0.8360;-0.1433;-0.5221;-0.0895;;;;;;;;;;;;;0;;;;;;;;b974454d-ae33-4d16-9737-e66469f616ef;;LineBisection;2026-05-18 09:45:12.9279;Hands;1;OpenXR
Right;;Baseline;0;NoMitigation;None;anonymous;Sample;4145;0.0000;-0.0448;0.0472;0.1177;17.8236;3.5206;22.4722;-0.0448;0.0472;0.1177;0.9695;0.1578;-0.0004;0.1877;0;;;;;;;;;;;;;0;;;;;;;;-0.8473;0.3331;0.4137;0.0170;-0.1537;0.2043;0.8360;-0.1433;-0.5221;-0.0895;;;;;;;;;;;;;0;;;;;;;;b974454d-ae33-4d16-9737-e66469f616ef;;LineBisection;2026-05-18 09:45:12.9508;Hands;1;OpenXR
Right;;Baseline;0;NoMitigation;None;anonymous;Sample;4152;0.0000;-0.0448;0.0472;0.1177;17.8236;3.5206;22.4722;-0.0448;0.0472;0.1177;0.9695;0.1578;-0.0004;0.1877;0;;;;;;;;;;;;;0;;;;;;;;-0.8473;0.3331;0.4137;0.0170;-0.1537;0.2043;0.8360;-0.1433;-0.5221;-0.0895;;;;;;;;;;;;;0;;;;;;;;b974454d-ae33-4d16-9737-e66469f616ef;;LineBisection;2026-05-18 09:45:12.9746;Hands;1;OpenXR
Right;;Baseline;0;NoMitigation;None;anonymous;Sample;4158;0.0000;-0.0448;0.0472;0.1177;17.8236;3.5206;22.4722;-0.0448;0.0472;0.1177;0.9695;0.1578;-0.0004;0.1877;0;;;;;;;;;;;;;0;;;;;;;;-0.8473;0.3331;0.4137;0.0170;-0.1537;0.2043;0.8360;-0.1433;-0.5221;-0.0895;;;;;;;;;;;;;0;;;;;;;;b974454d-ae33-4d16-9737-e66469f616ef;;LineBisection;2026-05-18 09:45:12.9944;Hands;1;OpenXR
Right;;Baseline;0;NoMitigation;None;anonymous;Sample;4165;0.0000;-0.0448;0.0472;0.1177;17.8236;3.5206;22.4722;-0.0448;0.0472;0.1177;0.9695;0.1578;-0.0004;0.1877;0;;;;;;;;;;;;;0;;;;;;;;-0.8473;0.3331;0.4137;0.0170;-0.1537;0.2043;0.8360;-0.1433;-0.5221;-0.0895;;;;;;;;;;;;;0;;;;;;;;b974454d-ae33-4d16-9737-e66469f616ef;;LineBisection;2026-05-18 09:45:13.0177;Hands;1;OpenXR
Right;;Baseline;0;NoMitigation;None;anonymous;Sample;4171;0.0000;-0.0448;0.0472;0.1177;17.8236;3.5206;22.4722;-0.0448;0.0472;0.1177;0.9695;0.1578;-0.0004;0.1877;0;;;;;;;;;;;;;0;;;;;;;;-0.8473;0.3331;0.4137;0.0170;-0.1537;0.2043;0.8360;-0.1433;-0.5221;-0.0895;;;;;;;;;;;;;0;;;;;;;;b974454d-ae33-4d16-9737-e66469f616ef;;LineBisection;2026-05-18 09:45:13.0375;Hands;1;OpenXR
Right;;Baseline;0;NoMitigation;None;anonymous;Sample;4178;0.0000;-0.0448;0.0472;0.1177;17.8236;3.5206;22.4722;-0.0448;0.0472;0.1177;0.9695;0.1578;-0.0004;0.1877;0;;;;;;;;;;;;;0;;;;;;;;-0.8473;0.3331;0.4137;0.0170;-0.1537;0.2043;0.8360;-0.1433;-0.5221;-0.0895;;;;;;;;;;;;;0;;;;;;;;b974454d-ae33-4d16-9737-e66469f616ef;;LineBisection;2026-05-18 09:45:13.0613;Hands;1;OpenXR
Right;;Baseline;0;NoMitigation;None;anonymous;Sample;4184;0.0000;-0.0448;0.0472;0.1177;17.8236;3.5206;22.4722;-0.0448;0.0472;0.1177;0.9695;0.1578;-0.0004;0.1877;0;;;;;;;;;;;;;0;;;;;;;;-0.8473;0.3331;0.4137;0.0170;-0.1537;0.2043;0.8360;-0.1433;-0.5221;-0.0895;;;;;;;;;;;;;0;;;;;;;;b974454d-ae33-4d16-9737-e66469f616ef;;LineBisection;2026-05-18 09:45:13.0811;Hands;1;OpenXR
Right;;Baseline;0;NoMitigation;None;anonymous;Sample;4190;0.0000;-0.0448;0.0472;0.1177;17.8236;3.5206;22.4722;-0.0448;0.0472;0.1177;0.9695;0.1578;-0.0004;0.1877;0;;;;;;;;;;;;;0;;;;;;;;-0.8473;0.3331;0.4137;0.0170;-0.1537;0.2043;0.8360;-0.1433;-0.5221;-0.0895;;;;;;;;;;;;;0;;;;;;;;b974454d-ae33-4d16-9737-e66469f616ef;;LineBisection;2026-05-18 09:45:13.1015;Hands;1;OpenXR
Right;;Baseline;0;NoMitigation;None;anonymous;Sample;4196;0.0000;-0.0448;0.0472;0.1177;17.8236;3.5206;22.4722;-0.0448;0.0472;0.1177;0.9695;0.1578;-0.0004;0.1877;0;;;;;;;;;;;;;0;;;;;;;;-0.8473;0.3331;0.4137;0.0170;-0.1537;0.2043;0.8360;-0.1433;-0.5221;-0.0895;;;;;;;;;;;;;0;;;;;;;;b974454d-ae33-4d16-9737-e66469f616ef;;LineBisection;2026-05-18 09:45:13.1209;Hands;1;OpenXR
Right;;Baseline;0;NoMitigation;None;anonymous;Sample;4202;0.0000;-0.0448;0.0472;0.1177;17.8236;3.5206;22.4722;-0.0448;0.0472;0.1177;0.9695;0.1578;-0.0004;0.1877;0;;;;;;;;;;;;;0;;;;;;;;-0.8473;0.3331;0.4137;0.0170;-0.1537;0.2043;0.8360;-0.1433;-0.5221;-0.0895;;;;;;;;;;;;;0;;;;;;;;b974454d-ae33-4d16-9737-e66469f616ef;;LineBisection;2026-05-18 09:45:13.1416;Hands;1;OpenXR
Right;;Baseline;0;NoMitigation;None;anonymous;Sample;4208;0.0000;-0.0448;0.0472;0.1177;17.8236;3.5206;22.4722;-0.0448;0.0472;0.1177;0.9695;0.1578;-0.0004;0.1877;0;;;;;;;;;;;;;0;;;;;;;;-0.8473;0.3331;0.4137;0.0170;-0.1537;0.2043;0.8360;-0.1433;-0.5221;-0.0895;;;;;;;;;;;;;0;;;;;;;;b974454d-ae33-4d16-9737-e66469f616ef;;LineBisection;2026-05-18 09:45:13.1615;Hands;1;OpenXR
Right;;Baseline;0;NoMitigation;None;anonymous;Sample;4214;0.0000;-0.0448;0.0472;0.1177;17.8236;3.5206;22.4722;-0.0448;0.0472;0.1177;0.9695;0.1578;-0.0004;0.1877;0;;;;;;;;;;;;;0;;;;;;;;-0.8473;0.3331;0.4137;0.0170;-0.1537;0.2043;0.8360;-0.1433;-0.5221;-0.0895;;;;;;;;;;;;;0;;;;;;;;b974454d-ae33-4d16-9737-e66469f616ef;;LineBisection;2026-05-18 09:45:13.1819;Hands;1;OpenXR
Right;;Baseline;0;NoMitigation;None;anonymous;Sample;4220;0.0000;-0.0448;0.0472;0.1177;17.8236;3.5206;22.4722;-0.0448;0.0472;0.1177;0.9695;0.1578;-0.0004;0.1877;0;;;;;;;;;;;;;0;;;;;;;;-0.8473;0.3331;0.4137;0.0170;-0.1537;0.2043;0.8360;-0.1433;-0.5221;-0.0895;;;;;;;;;;;;;0;;;;;;;;b974454d-ae33-4d16-9737-e66469f616ef;;LineBisection;2026-05-18 09:45:13.2027;Hands;1;OpenXR
Right;;Baseline;0;NoMitigation;None;anonymous;Sample;4226;0.0000;-0.0448;0.0472;0.1177;17.8236;3.5206;22.4722;-0.0448;0.0472;0.1177;0.9695;0.1578;-0.0004;0.1877;0;;;;;;;;;;;;;0;;;;;;;;-0.8473;0.3331;0.4137;0.0170;-0.1537;0.2043;0.8360;-0.1433;-0.5221;-0.0895;;;;;;;;;;;;;0;;;;;;;;b974454d-ae33-4d16-9737-e66469f616ef;;LineBisection;2026-05-18 09:45:13.2225;Hands;1;OpenXR
Right;;Baseline;0;NoMitigation;None;anonymous;Sample;4232;0.0000;-0.0448;0.0472;0.1177;17.8236;3.5206;22.4722;-0.0448;0.0472;0.1177;0.9695;0.1578;-0.0004;0.1877;0;;;;;;;;;;;;;0;;;;;;;;-0.8473;0.3331;0.4137;0.0170;-0.1537;0.2043;0.8360;-0.1433;-0.5221;-0.0895;;;;;;;;;;;;;0;;;;;;;;b974454d-ae33-4d16-9737-e66469f616ef;;LineBisection;2026-05-18 09:45:13.2427;Hands;1;OpenXR
Right;;Baseline;0;NoMitigation;None;anonymous;Sample;4238;0.0000;-0.0448;0.0472;0.1177;17.8236;3.5206;22.4722;-0.0448;0.0472;0.1177;0.9695;0.1578;-0.0004;0.1877;0;;;;;;;;;;;;;0;;;;;;;;-0.8473;0.3331;0.4137;0.0170;-0.1537;0.2043;0.8360;-0.1433;-0.5221;-0.0895;;;;;;;;;;;;;0;;;;;;;;b974454d-ae33-4d16-9737-e66469f616ef;;LineBisection;2026-05-18 09:45:13.2640;Hands;1;OpenXR
Right;;Baseline;0;NoMitigation;None;anonymous;Sample;4244;0.0000;-0.0448;0.0472;0.1177;17.8236;3.5206;22.4722;-0.0448;0.0472;0.1177;0.9695;0.1578;-0.0004;0.1877;0;;;;;;;;;;;;;0;;;;;;;;-0.8473;0.3331;0.4137;0.0170;-0.1537;0.2043;0.8360;-0.1433;-0.5221;-0.0895;;;;;;;;;;;;;0;;;;;;;;b974454d-ae33-4d16-9737-e66469f616ef;;LineBisection;2026-05-18 09:45:13.2843;Hands;1;OpenXR
Right;;Baseline;0;NoMitigation;None;anonymous;Sample;4250;0.0000;-0.0448;0.0472;0.1177;17.8236;3.5206;22.4722;-0.0448;0.0472;0.1177;0.9695;0.1578;-0.0004;0.1877;0;;;;;;;;;;;;;0;;;;;;;;-0.8473;0.3331;0.4137;0.0170;-0.1537;0.2043;0.8360;-0.1433;-0.5221;-0.0895;;;;;;;;;;;;;0;;;;;;;;b974454d-ae33-4d16-9737-e66469f616ef;;LineBisection;2026-05-18 09:45:13.3050;Hands;1;OpenXR
Right;;Baseline;0;NoMitigation;None;anonymous;Sample;4256;0.0000;-0.0448;0.0472;0.1177;17.8236;3.5206;22.4722;-0.0448;0.0472;0.1177;0.9695;0.1578;-0.0004;0.1877;0;;;;;;;;;;;;;0;;;;;;;;-0.8473;0.3331;0.4137;0.0170;-0.1537;0.2043;0.8360;-0.1433;-0.5221;-0.0895;;;;;;;;;;;;;0;;;;;;;;b974454d-ae33-4d16-9737-e66469f616ef;;LineBisection;2026-05-18 09:45:13.3258;Hands;1;OpenXR
Right;;Baseline;0;NoMitigation;None;anonymous;Sample;4262;0.0000;-0.0448;0.0472;0.1177;17.8236;3.5206;22.4722;-0.0448;0.0472;0.1177;0.9695;0.1578;-0.0004;0.1877;0;;;;;;;;;;;;;0;;;;;;;;-0.8473;0.3331;0.4137;0.0170;-0.1537;0.2043;0.8360;-0.1433;-0.5221;-0.0895;;;;;;;;;;;;;0;;;;;;;;b974454d-ae33-4d16-9737-e66469f616ef;;LineBisection;2026-05-18 09:45:13.3455;Hands;1;OpenXR
Right;;Baseline;0;NoMitigation;None;anonymous;Sample;4268;0.0000;-0.0448;0.0472;0.1177;17.8236;3.5206;22.4722;-0.0448;0.0472;0.1177;0.9695;0.1578;-0.0004;0.1877;0;;;;;;;;;;;;;0;;;;;;;;-0.8473;0.3331;0.4137;0.0170;-0.1537;0.2043;0.8360;-0.1433;-0.5221;-0.0895;;;;;;;;;;;;;0;;;;;;;;b974454d-ae33-4d16-9737-e66469f616ef;;LineBisection;2026-05-18 09:45:13.3669;Hands;1;OpenXR
Right;;Baseline;0;NoMitigation;None;anonymous;Sample;4274;0.0000;-0.0448;0.0472;0.1177;17.8236;3.5206;22.4722;-0.0448;0.0472;0.1177;0.9695;0.1578;-0.0004;0.1877;0;;;;;;;;;;;;;0;;;;;;;;-0.8473;0.3331;0.4137;0.0170;-0.1537;0.2043;0.8360;-0.1433;-0.5221;-0.0895;;;;;;;;;;;;;0;;;;;;;;b974454d-ae33-4d16-9737-e66469f616ef;;LineBisection;2026-05-18 09:45:13.3872;Hands;1;OpenXR
Right;;Baseline;0;NoMitigation;None;anonymous;Sample;4280;0.0000;-0.0448;0.0472;0.1177;17.8236;3.5206;22.4722;-0.0448;0.0472;0.1177;0.9695;0.1578;-0.0004;0.1877;0;;;;;;;;;;;;;0;;;;;;;;-0.8473;0.3331;0.4137;0.0170;-0.1537;0.2043;0.8360;-0.1433;-0.5221;-0.0895;;;;;;;;;;;;;0;;;;;;;;b974454d-ae33-4d16-9737-e66469f616ef;;LineBisection;2026-05-18 09:45:13.4084;Hands;1;OpenXR
Right;;Baseline;0;NoMitigation;None;anonymous;Sample;4286;0.0000;-0.0262;-0.0552;0.0979;41.9679;358.7436;0.6254;-0.0262;-0.0552;0.0979;0.9336;0.3580;-0.0122;0.0090;0;;;;;;;;;;;;;0;;;;;;;;-0.8473;0.3331;0.4137;0.0170;-0.1537;0.2043;0.8360;-0.1433;-0.5221;-0.0895;;;;;;;;;;;;;0;;;;;;;;b974454d-ae33-4d16-9737-e66469f616ef;;LineBisection;2026-05-18 09:45:13.4296;Hands;1;OpenXR
Right;;Baseline;0;NoMitigation;None;anonymous;Sample;4288;0.0000;-0.0264;-0.0541;0.0980;40.6591;359.3057;0.9094;-0.0264;-0.0541;0.0980;0.9376;0.3474;-0.0084;0.0095;0;;;;;;;;;;;;;0;;;;;;;;-0.8473;0.3331;0.4137;0.0170;-0.1537;0.2043;0.8360;-0.1433;-0.5221;-0.0895;;;;;;;;;;;;;0;;;;;;;;b974454d-ae33-4d16-9737-e66469f616ef;;LineBisection;2026-05-18 09:45:13.4650;Hands;1;OpenXR
Right;;Baseline;0;NoMitigation;None;anonymous;Sample;4289;0.0000;-0.0265;-0.0533;0.0979;39.7318;359.6782;1.0935;-0.0265;-0.0533;0.0979;0.9404;0.3398;-0.0059;0.0099;0;;;;;;;;;;;;;0;;;;;;;;-0.8473;0.3331;0.4137;0.0170;-0.1537;0.2043;0.8360;-0.1433;-0.5221;-0.0895;;;;;;;;;;;;;0;;;;;;;;b974454d-ae33-4d16-9737-e66469f616ef;;LineBisection;2026-05-18 09:45:13.4895;Hands;1;OpenXR
Right;;Baseline;0;NoMitigation;None;anonymous;Sample;4290;0.0000;-0.0265;-0.0529;0.0978;39.2679;359.8611;1.1816;-0.0265;-0.0529;0.0978;0.9418;0.3360;-0.0046;0.0101;0;;;;;;;;;;;;;0;;;;;;;;-0.8473;0.3331;0.4137;0.0170;-0.1537;0.2043;0.8360;-0.1433;-0.5221;-0.0895;;;;;;;;;;;;;0;;;;;;;;b974454d-ae33-4d16-9737-e66469f616ef;;LineBisection;2026-05-18 09:45:13.5147;Hands;1;OpenXR
Right;;Baseline;0;NoMitigation;None;anonymous;Sample;4291;0.0000;-0.0274;-0.0490;0.0993;36.4369;358.5562;0.8526;-0.0274;-0.0490;0.0993;0.9497;0.3125;-0.0143;0.0110;0;;;;;;;;;;;;;0;;;;;;;;-0.8473;0.3331;0.4137;0.0170;-0.1537;0.2043;0.8360;-0.1433;-0.5221;-0.0895;;;;;;;;;;;;;0;;;;;;;;b974454d-ae33-4d16-9737-e66469f616ef;;LineBisection;2026-05-18 09:45:13.5434;Hands;1;OpenXR
Right;;Baseline;0;NoMitigation;None;anonymous;Sample;4292;0.0000;-0.0274;-0.0473;0.0994;35.6628;358.6761;0.9073;-0.0274;-0.0473;0.0994;0.9518;0.3061;-0.0134;0.0111;0;;;;;;;;;;;;;0;;;;;;;;-0.8473;0.3331;0.4137;0.0170;-0.1537;0.2043;0.8360;-0.1433;-0.5221;-0.0895;;;;;;;;;;;;;0;;;;;;;;b974454d-ae33-4d16-9737-e66469f616ef;;LineBisection;2026-05-18 09:45:13.5642;Hands;1;OpenXR
Right;;Baseline;0;NoMitigation;None;anonymous;Sample;4294;0.0000;-0.0276;-0.0460;0.0997;34.5692;358.5309;0.9437;-0.0276;-0.0460;0.0997;0.9547;0.2970;-0.0147;0.0117;0;;;;;;;;;;;;;0;;;;;;;;-0.8473;0.3331;0.4137;0.0170;-0.1537;0.2043;0.8360;-0.1433;-0.5221;-0.0895;;;;;;;;;;;;;0;;;;;;;;b974454d-ae33-4d16-9737-e66469f616ef;;LineBisection;2026-05-18 09:45:13.5987;Hands;1;OpenXR
Right;;Baseline;0;NoMitigation;None;anonymous;Sample;4296;0.0000;-0.0279;-0.0435;0.0990;32.9108;358.0345;0.5210;-0.0279;-0.0435;0.0990;0.9589;0.2831;-0.0177;0.0092;0;;;;;;;;;;;;;0;;;;;;;;-0.8473;0.3331;0.4137;0.0170;-0.1537;0.2043;0.8360;-0.1433;-0.5221;-0.0895;;;;;;;;;;;;;0;;;;;;;;b974454d-ae33-4d16-9737-e66469f616ef;;LineBisection;2026-05-18 09:45:13.6306;Hands;1;OpenXR
Right;;Baseline;0;NoMitigation;None;anonymous;Sample;4299;0.0000;-0.0281;-0.0413;0.0991;31.8649;358.2557;0.7615;-0.0281;-0.0413;0.0991;0.9614;0.2744;-0.0165;0.0106;0;;;;;;;;;;;;;0;;;;;;;;-0.8473;0.3331;0.4137;0.0170;-0.1537;0.2043;0.8360;-0.1433;-0.5221;-0.0895;;;;;;;;;;;;;0;;;;;;;;b974454d-ae33-4d16-9737-e66469f616ef;;LineBisection;2026-05-18 09:45:13.6564;Hands;1;OpenXR
Right;;Baseline;0;NoMitigation;None;anonymous;Sample;4302;0.0000;-0.0279;-0.0394;0.0991;31.1240;358.5246;1.1130;-0.0279;-0.0394;0.0991;0.9632;0.2681;-0.0150;0.0128;0;;;;;;;;;;;;;0;;;;;;;;-0.8473;0.3331;0.4137;0.0170;-0.1537;0.2043;0.8360;-0.1433;-0.5221;-0.0895;;;;;;;;;;;;;0;;;;;;;;b974454d-ae33-4d16-9737-e66469f616ef;;LineBisection;2026-05-18 09:45:13.6808;Hands;1;OpenXR
Right;;Baseline;0;NoMitigation;None;anonymous;Sample;4305;0.0000;-0.0281;-0.0365;0.0986;30.7564;358.7244;0.9793;-0.0281;-0.0365;0.0986;0.9641;0.2651;-0.0130;0.0112;0;;;;;;;;;;;;;0;;;;;;;;-0.8473;0.3331;0.4137;0.0170;-0.1537;0.2043;0.8360;-0.1433;-0.5221;-0.0895;;;;;;;;;;;;;0;;;;;;;;b974454d-ae33-4d16-9737-e66469f616ef;;LineBisection;2026-05-18 09:45:13.7052;Hands;1;OpenXR
Right;;Baseline;0;NoMitigation;None;anonymous;Sample;4308;0.0000;-0.0286;-0.0348;0.0979;30.6642;358.9694;0.9125;-0.0286;-0.0348;0.0979;0.9643;0.2643;-0.0108;0.0101;0;;;;;;;;;;;;;0;;;;;;;;-0.8473;0.3331;0.4137;0.0170;-0.1537;0.2043;0.8360;-0.1433;-0.5221;-0.0895;;;;;;;;;;;;;0;;;;;;;;b974454d-ae33-4d16-9737-e66469f616ef;;LineBisection;2026-05-18 09:45:13.7311;Hands;1;OpenXR
Right;;Baseline;0;NoMitigation;None;anonymous;Sample;4311;0.0000;-0.0288;-0.0327;0.0970;30.2050;359.1482;1.0481;-0.0288;-0.0327;0.0970;0.9654;0.2605;-0.0096;0.0108;0;;;;;;;;;;;;;0;;;;;;;;-0.8473;0.3331;0.4137;0.0170;-0.1537;0.2043;0.8360;-0.1433;-0.5221;-0.0895;;;;;;;;;;;;;0;;;;;;;;b974454d-ae33-4d16-9737-e66469f616ef;;LineBisection;2026-05-18 09:45:13.7556;Hands;1;OpenXR
Right;;Baseline;0;NoMitigation;None;anonymous;Sample;4314;0.0000;-0.0292;-0.0297;0.0965;29.8521;359.3027;1.2850;-0.0292;-0.0297;0.0965;0.9662;0.2575;-0.0088;0.0124;0;;;;;;;;;;;;;0;;;;;;;;-0.8473;0.3331;0.4137;0.0170;-0.1537;0.2043;0.8360;-0.1433;-0.5221;-0.0895;;;;;;;;;;;;;0;;;;;;;;b974454d-ae33-4d16-9737-e66469f616ef;;LineBisection;2026-05-18 09:45:13.7809;Hands;1;OpenXR
Right;;Baseline;0;NoMitigation;None;anonymous;Sample;4317;0.0000;-0.0297;-0.0271;0.0963;29.1463;359.3192;1.6180;-0.0297;-0.0271;0.0963;0.9677;0.2515;-0.0093;0.0152;0;;;;;;;;;;;;;0;;;;;;;;-0.8473;0.3331;0.4137;0.0170;-0.1537;0.2043;0.8360;-0.1433;-0.5221;-0.0895;;;;;;;;;;;;;0;;;;;;;;b974454d-ae33-4d16-9737-e66469f616ef;;LineBisection;2026-05-18 09:45:13.8048;Hands;1;OpenXR
Right;;Baseline;0;NoMitigation;None;anonymous;Sample;4320;0.0000;-0.0301;-0.0251;0.0957;28.3061;359.1140;1.7122;-0.0301;-0.0251;0.0957;0.9695;0.2444;-0.0111;0.0164;0;;;;;;;;;;;;;0;;;;;;;;-0.8473;0.3331;0.4137;0.0170;-0.1537;0.2043;0.8360;-0.1433;-0.5221;-0.0895;;;;;;;;;;;;;0;;;;;;;;b974454d-ae33-4d16-9737-e66469f616ef;;LineBisection;2026-05-18 09:45:13.8302;Hands;1;OpenXR
Right;;Baseline;0;NoMitigation;None;anonymous;Sample;4323;0.0000;-0.0305;-0.0235;0.0940;27.9775;358.9586;1.7070;-0.0305;-0.0235;0.0940;0.9702;0.2416;-0.0124;0.0166;0;;;;;;;;;;;;;0;;;;;;;;-0.8473;0.3331;0.4137;0.0170;-0.1537;0.2043;0.8360;-0.1433;-0.5221;-0.0895;;;;;;;;;;;;;0;;;;;;;;b974454d-ae33-4d16-9737-e66469f616ef;;LineBisection;2026-05-18 09:45:13.8540;Hands;1;OpenXR
Right;;Baseline;0;NoMitigation;None;anonymous;Sample;4326;0.0000;-0.0314;-0.0230;0.0924;27.5800;358.7792;1.6385;-0.0314;-0.0230;0.0924;0.9710;0.2382;-0.0138;0.0164;0;;;;;;;;;;;;;0;;;;;;;;-0.8473;0.3331;0.4137;0.0170;-0.1537;0.2043;0.8360;-0.1433;-0.5221;-0.0895;;;;;;;;;;;;;0;;;;;;;;b974454d-ae33-4d16-9737-e66469f616ef;;LineBisection;2026-05-18 09:45:13.8803;Hands;1;OpenXR
Right;;Baseline;0;NoMitigation;None;anonymous;Sample;4329;0.0000;-0.0320;-0.0221;0.0905;27.1900;358.5667;1.5825;-0.0320;-0.0221;0.0905;0.9718;0.2348;-0.0154;0.0164;0;;;;;;;;;;;;;0;;;;;;;;-0.8473;0.3331;0.4137;0.0170;-0.1537;0.2043;0.8360;-0.1433;-0.5221;-0.0895;;;;;;;;;;;;;0;;;;;;;;b974454d-ae33-4d16-9737-e66469f616ef;;LineBisection;2026-05-18 09:45:13.9046;Hands;1;OpenXR
Right;;Baseline;0;NoMitigation;None;anonymous;Sample;4332;0.0000;-0.0324;-0.0206;0.0892;26.9149;358.7122;1.7682;-0.0324;-0.0206;0.0892;0.9723;0.2325;-0.0145;0.0176;0;;;;;;;;;;;;;0;;;;;;;;-0.8473;0.3331;0.4137;0.0170;-0.1537;0.2043;0.8360;-0.1433;-0.5221;-0.0895;;;;;;;;;;;;;0;;;;;;;;b974454d-ae33-4d16-9737-e66469f616ef;;LineBisection;2026-05-18 09:45:13.9295;Hands;1;OpenXR
Right;;Baseline;0;NoMitigation;None;anonymous;Sample;4335;0.0000;-0.0333;-0.0179;0.0886;26.4972;358.8519;1.8313;-0.0333;-0.0179;0.0886;0.9732;0.2290;-0.0134;0.0179;0;;;;;;;;;;;;;0;;;;;;;;-0.8473;0.3331;0.4137;0.0170;-0.1537;0.2043;0.8360;-0.1433;-0.5221;-0.0895;;;;;;;;;;;;;0;;;;;;;;b974454d-ae33-4d16-9737-e66469f616ef;;LineBisection;2026-05-18 09:45:13.9540;Hands;1;OpenXR
Right;;Baseline;0;NoMitigation;None;anonymous;Sample;4338;0.0000;-0.0338;-0.0164;0.0883;25.3647;359.3221;1.9372;-0.0338;-0.0164;0.0883;0.9754;0.2194;-0.0095;0.0178;0;;;;;;;;;;;;;0;;;;;;;;-0.8473;0.3331;0.4137;0.0170;-0.1537;0.2043;0.8360;-0.1433;-0.5221;-0.0895;;;;;;;;;;;;;0;;;;;;;;b974454d-ae33-4d16-9737-e66469f616ef;;LineBisection;2026-05-18 09:45:13.9797;Hands;1;OpenXR
Right;;Baseline;0;NoMitigation;None;anonymous;Sample;4341;0.0000;-0.0338;-0.0148;0.0865;24.6012;359.1989;2.2125;-0.0338;-0.0148;0.0865;0.9768;0.2129;-0.0109;0.0204;0;;;;;;;;;;;;;0;;;;;;;;-0.8473;0.3331;0.4137;0.0170;-0.1537;0.2043;0.8360;-0.1433;-0.5221;-0.0895;;;;;;;;;;;;;0;;;;;;;;b974454d-ae33-4d16-9737-e66469f616ef;;LineBisection;2026-05-18 09:45:14.0046;Hands;1;OpenXR
Right;;Baseline;0;NoMitigation;None;anonymous;Sample;4344;0.0000;-0.0344;-0.0141;0.0851;23.7156;359.0582;2.0661;-0.0344;-0.0141;0.0851;0.9784;0.2053;-0.0117;0.0193;0;;;;;;;;;;;;;0;;;;;;;;-0.8473;0.3331;0.4137;0.0170;-0.1537;0.2043;0.8360;-0.1433;-0.5221;-0.0895;;;;;;;;;;;;;0;;;;;;;;b974454d-ae33-4d16-9737-e66469f616ef;;LineBisection;2026-05-18 09:45:14.0290;Hands;1;OpenXR
Right;;Baseline;0;NoMitigation;None;anonymous;Sample;4347;0.0000;-0.0352;-0.0121;0.0837;23.2391;359.1920;1.8308;-0.0352;-0.0121;0.0837;0.9793;0.2013;-0.0101;0.0171;0;;;;;;;;;;;;;0;;;;;;;;-0.8473;0.3331;0.4137;0.0170;-0.1537;0.2043;0.8360;-0.1433;-0.5221;-0.0895;;;;;;;;;;;;;0;;;;;;;;b974454d-ae33-4d16-9737-e66469f616ef;;LineBisection;2026-05-18 09:45:14.0544;Hands;1;OpenXR
Right;;Baseline;0;NoMitigation;None;anonymous;Sample;4350;0.0000;-0.0350;-0.0103;0.0813;22.4776;359.1078;1.7625;-0.0350;-0.0103;0.0813;0.9807;0.1948;-0.0106;0.0166;0;;;;;;;;;;;;;0;;;;;;;;-0.8473;0.3331;0.4137;0.0170;-0.1537;0.2043;0.8360;-0.1433;-0.5221;-0.0895;;;;;;;;;;;;;0;;;;;;;;b974454d-ae33-4d16-9737-e66469f616ef;;LineBisection;2026-05-18 09:45:14.0797;Hands;1;OpenXR
Right;;Baseline;0;NoMitigation;None;anonymous;Sample;4353;0.0000;-0.0350;-0.0084;0.0796;21.7244;359.2402;1.6716;-0.0350;-0.0084;0.0796;0.9819;0.1883;-0.0093;0.0156;0;;;;;;;;;;;;;0;;;;;;;;-0.8473;0.3331;0.4137;0.0170;-0.1537;0.2043;0.8360;-0.1433;-0.5221;-0.0895;;;;;;;;;;;;;0;;;;;;;;b974454d-ae33-4d16-9737-e66469f616ef;;LineBisection;2026-05-18 09:45:14.1046;Hands;1;OpenXR
Right;;Baseline;0;NoMitigation;None;anonymous;Sample;4356;0.0000;-0.0355;-0.0070;0.0779;20.8217;359.4395;1.9868;-0.0355;-0.0070;0.0779;0.9834;0.1806;-0.0079;0.0179;0;;;;;;;;;;;;;0;;;;;;;;-0.8473;0.3331;0.4137;0.0170;-0.1537;0.2043;0.8360;-0.1433;-0.5221;-0.0895;;;;;;;;;;;;;0;;;;;;;;b974454d-ae33-4d16-9737-e66469f616ef;;LineBisection;2026-05-18 09:45:14.1299;Hands;1;OpenXR
Right;;Baseline;0;NoMitigation;None;anonymous;Sample;4359;0.0000;-0.0361;-0.0051;0.0761;20.2257;359.6286;2.1991;-0.0361;-0.0051;0.0761;0.9843;0.1755;-0.0066;0.0195;0;;;;;;;;;;;;;0;;;;;;;;-0.8473;0.3331;0.4137;0.0170;-0.1537;0.2043;0.8360;-0.1433;-0.5221;-0.0895;;;;;;;;;;;;;0;;;;;;;;b974454d-ae33-4d16-9737-e66469f616ef;;LineBisection;2026-05-18 09:45:14.1542;Hands;1;OpenXR
Right;;Baseline;0;NoMitigation;None;anonymous;Sample;4362;0.0000;-0.0366;-0.0035;0.0744;19.3971;359.5940;2.1729;-0.0366;-0.0035;0.0744;0.9855;0.1684;-0.0067;0.0193;0;;;;;;;;;;;;;0;;;;;;;;-0.8473;0.3331;0.4137;0.0170;-0.1537;0.2043;0.8360;-0.1433;-0.5221;-0.0895;;;;;;;;;;;;;0;;;;;;;;b974454d-ae33-4d16-9737-e66469f616ef;;LineBisection;2026-05-18 09:45:14.1802;Hands;1;OpenXR
Right;;Baseline;0;NoMitigation;None;anonymous;Sample;4365;0.0000;-0.0368;-0.0027;0.0729;18.1811;359.6122;2.0416;-0.0368;-0.0027;0.0729;0.9873;0.1579;-0.0062;0.0181;0;;;;;;;;;;;;;0;;;;;;;;-0.8473;0.3331;0.4137;0.0170;-0.1537;0.2043;0.8360;-0.1433;-0.5221;-0.0895;;;;;;;;;;;;;0;;;;;;;;b974454d-ae33-4d16-9737-e66469f616ef;;LineBisection;2026-05-18 09:45:14.2044;Hands;1;OpenXR
Right;;Baseline;0;NoMitigation;None;anonymous;Sample;4368;0.0000;-0.0367;-0.0012;0.0709;17.6266;359.7411;2.1848;-0.0367;-0.0012;0.0709;0.9880;0.1531;-0.0052;0.0192;0;;;;;;;;;;;;;0;;;;;;;;-0.8473;0.3331;0.4137;0.0170;-0.1537;0.2043;0.8360;-0.1433;-0.5221;-0.0895;;;;;;;;;;;;;0;;;;;;;;b974454d-ae33-4d16-9737-e66469f616ef;;LineBisection;2026-05-18 09:45:14.2299;Hands;1;OpenXR
Right;;Baseline;0;NoMitigation;None;anonymous;Sample;4371;0.0000;-0.0369;-0.0006;0.0687;17.2109;359.9038;2.3507;-0.0369;-0.0006;0.0687;0.9885;0.1496;-0.0039;0.0204;0;;;;;;;;;;;;;0;;;;;;;;-0.8473;0.3331;0.4137;0.0170;-0.1537;0.2043;0.8360;-0.1433;-0.5221;-0.0895;;;;;;;;;;;;;0;;;;;;;;b974454d-ae33-4d16-9737-e66469f616ef;;LineBisection;2026-05-18 09:45:14.2547;Hands;1;OpenXR
Right;;Baseline;0;NoMitigation;None;anonymous;Sample;4374;0.0000;-0.0369;-0.0002;0.0662;17.2586;0.1951;2.8049;-0.0369;-0.0002;0.0662;0.9884;0.1500;-0.0020;0.0239;0;;;;;;;;;;;;;0;;;;;;;;-0.8473;0.3331;0.4137;0.0170;-0.1537;0.2043;0.8360;-0.1433;-0.5221;-0.0895;;;;;;;;;;;;;0;;;;;;;;b974454d-ae33-4d16-9737-e66469f616ef;;LineBisection;2026-05-18 09:45:14.2799;Hands;1;OpenXR
Right;;Baseline;0;NoMitigation;None;anonymous;Sample;4377;0.0000;-0.0369;0.0002;0.0642;17.0451;0.4683;3.3068;-0.0369;0.0002;0.0642;0.9886;0.1483;-0.0002;0.0279;0;;;;;;;;;;;;;0;;;;;;;;-0.8473;0.3331;0.4137;0.0170;-0.1537;0.2043;0.8360;-0.1433;-0.5221;-0.0895;;;;;;;;;;;;;0;;;;;;;;b974454d-ae33-4d16-9737-e66469f616ef;;LineBisection;2026-05-18 09:45:14.3041;Hands;1;OpenXR
Right;;Baseline;0;NoMitigation;None;anonymous;Sample;4380;0.0000;-0.0367;0.0003;0.0622;16.8336;0.9457;3.9542;-0.0367;0.0003;0.0622;0.9886;0.1466;0.0031;0.0329;0;;;;;;;;;;;;;0;;;;;;;;-0.8473;0.3331;0.4137;0.0170;-0.1537;0.2043;0.8360;-0.1433;-0.5221;-0.0895;;;;;;;;;;;;;0;;;;;;;;b974454d-ae33-4d16-9737-e66469f616ef;;LineBisection;2026-05-18 09:45:14.3304;Hands;1;OpenXR
Right;;Baseline;0;NoMitigation;None;anonymous;Sample;4383;0.0000;-0.0369;0.0008;0.0601;16.8379;1.1656;3.8454;-0.0369;0.0008;0.0601;0.9887;0.1467;0.0051;0.0317;0;;;;;;;;;;;;;0;;;;;;;;-0.8473;0.3331;0.4137;0.0170;-0.1537;0.2043;0.8360;-0.1433;-0.5221;-0.0895;;;;;;;;;;;;;0;;;;;;;;b974454d-ae33-4d16-9737-e66469f616ef;;LineBisection;2026-05-18 09:45:14.3542;Hands;1;OpenXR
Right;;Baseline;0;NoMitigation;None;anonymous;Sample;4386;0.0000;-0.0371;0.0009;0.0584;16.3970;1.7611;3.8666;-0.0371;0.0009;0.0584;0.9892;0.1430;0.0104;0.0312;0;;;;;;;;;;;;;0;;;;;;;;-0.8473;0.3331;0.4137;0.0170;-0.1537;0.2043;0.8360;-0.1433;-0.5221;-0.0895;;;;;;;;;;;;;0;;;;;;;;b974454d-ae33-4d16-9737-e66469f616ef;;LineBisection;2026-05-18 09:45:14.3800;Hands;1;OpenXR
Right;;Baseline;0;NoMitigation;None;anonymous;Sample;4389;0.0000;-0.0373;0.0009;0.0570;15.6728;1.8654;3.5509;-0.0373;0.0009;0.0570;0.9901;0.1368;0.0119;0.0285;0;;;;;;;;;;;;;0;;;;;;;;-0.8473;0.3331;0.4137;0.0170;-0.1537;0.2043;0.8360;-0.1433;-0.5221;-0.0895;;;;;;;;;;;;;0;;;;;;;;b974454d-ae33-4d16-9737-e66469f616ef;;LineBisection;2026-05-18 09:45:14.4053;Hands;1;OpenXR
Right;;Baseline;0;NoMitigation;None;anonymous;Sample;4392;0.0000;-0.0378;0.0011;0.0555;14.9063;1.5990;3.2983;-0.0378;0.0011;0.0555;0.9911;0.1300;0.0101;0.0267;0;;;;;;;;;;;;;0;;;;;;;;-0.8473;0.3331;0.4137;0.0170;-0.1537;0.2043;0.8360;-0.1433;-0.5221;-0.0895;;;;;;;;;;;;;0;;;;;;;;b974454d-ae33-4d16-9737-e66469f616ef;;LineBisection;2026-05-18 09:45:14.4307;Hands;1;OpenXR
Right;;Baseline;0;NoMitigation;None;anonymous;Sample;4395;0.0000;-0.0381;0.0016;0.0536;14.7738;1.3703;3.5471;-0.0381;0.0016;0.0536;0.9912;0.1289;0.0079;0.0292;0;;;;;;;;;;;;;0;;;;;;;;-0.8473;0.3331;0.4137;0.0170;-0.1537;0.2043;0.8360;-0.1433;-0.5221;-0.0895;;;;;;;;;;;;;0;;;;;;;;b974454d-ae33-4d16-9737-e66469f616ef;;LineBisection;2026-05-18 09:45:14.4556;Hands;1;OpenXR
Right;;Baseline;0;NoMitigation;None;anonymous;Sample;4398;0.0000;-0.0382;0.0018;0.0514;15.1189;1.3896;4.4401;-0.0382;0.0018;0.0514;0.9906;0.1319;0.0069;0.0368;0;;;;;;;;;;;;;0;;;;;;;;-0.8473;0.3331;0.4137;0.0170;-0.1537;0.2043;0.8360;-0.1433;-0.5221;-0.0895;;;;;;;;;;;;;0;;;;;;;;b974454d-ae33-4d16-9737-e66469f616ef;;LineBisection;2026-05-18 09:45:14.4793;Hands;1;OpenXR
Right;;Baseline;0;NoMitigation;None;anonymous;Sample;4401;0.0000;-0.0383;0.0010;0.0490;14.7183;1.6334;4.7228;-0.0383;0.0010;0.0490;0.9909;0.1285;0.0088;0.0390;0;;;;;;;;;;;;;0;;;;;;;;-0.8473;0.3331;0.4137;0.0170;-0.1537;0.2043;0.8360;-0.1433;-0.5221;-0.0895;;;;;;;;;;;;;0;;;;;;;;b974454d-ae33-4d16-9737-e66469f616ef;;LineBisection;2026-05-18 09:45:14.5044;Hands;1;OpenXR
Right;;Baseline;0;NoMitigation;None;anonymous;Sample;4404;0.0000;-0.0384;0.0010;0.0475;14.5042;1.8326;4.7296;-0.0384;0.0010;0.0475;0.9911;0.1268;0.0106;0.0389;0;;;;;;;;;;;;;0;;;;;;;;-0.8473;0.3331;0.4137;0.0170;-0.1537;0.2043;0.8360;-0.1433;-0.5221;-0.0895;;;;;;;;;;;;;0;;;;;;;;b974454d-ae33-4d16-9737-e66469f616ef;;LineBisection;2026-05-18 09:45:14.5299;Hands;1;OpenXR
Right;;Baseline;0;NoMitigation;None;anonymous;Sample;4407;0.0000;-0.0384;0.0011;0.0460;13.9928;2.3818;4.6171;-0.0384;0.0011;0.0460;0.9916;0.1225;0.0157;0.0374;0;;;;;;;;;;;;;0;;;;;;;;-0.8473;0.3331;0.4137;0.0170;-0.1537;0.2043;0.8360;-0.1433;-0.5221;-0.0895;;;;;;;;;;;;;0;;;;;;;;b974454d-ae33-4d16-9737-e66469f616ef;;LineBisection;2026-05-18 09:45:14.5546;Hands;1;OpenXR
Right;;Baseline;0;NoMitigation;None;anonymous;Sample;4410;0.0000;-0.0388;0.0011;0.0449;13.0485;2.5836;4.4573;-0.0388;0.0011;0.0449;0.9926;0.1144;0.0180;0.0361;0;;;;;;;;;;;;;0;;;;;;;;-0.8473;0.3331;0.4137;0.0170;-0.1537;0.2043;0.8360;-0.1433;-0.5221;-0.0895;;;;;;;;;;;;;0;;;;;;;;b974454d-ae33-4d16-9737-e66469f616ef;;LineBisection;2026-05-18 09:45:14.5799;Hands;1;OpenXR
Right;;Baseline;0;NoMitigation;None;anonymous;Sample;4413;0.0000;-0.0398;0.0017;0.0435;11.6544;1.9801;4.4484;-0.0398;0.0017;0.0435;0.9940;0.1021;0.0132;0.0369;0;;;;;;;;;;;;;0;;;;;;;;-0.8473;0.3331;0.4137;0.0170;-0.1537;0.2043;0.8360;-0.1433;-0.5221;-0.0895;;;;;;;;;;;;;0;;;;;;;;b974454d-ae33-4d16-9737-e66469f616ef;;LineBisection;2026-05-18 09:45:14.6042;Hands;1;OpenXR
Right;;Baseline;0;NoMitigation;None;anonymous;Sample;4416;0.0000;-0.0406;0.0030;0.0426;10.7939;1.3457;4.7132;-0.0406;0.0030;0.0426;0.9947;0.0944;0.0078;0.0398;0;;;;;;;;;;;;;0;;;;;;;;-0.8473;0.3331;0.4137;0.0170;-0.1537;0.2043;0.8360;-0.1433;-0.5221;-0.0895;;;;;;;;;;;;;0;;;;;;;;b974454d-ae33-4d16-9737-e66469f616ef;;LineBisection;2026-05-18 09:45:14.6290;Hands;1;OpenXR
Right;;Baseline;0;NoMitigation;None;anonymous;Sample;4419;0.0000;-0.0411;0.0034;0.0403;10.6764;1.2959;4.9323;-0.0411;0.0034;0.0403;0.9947;0.0934;0.0072;0.0418;0;;;;;;;;;;;;;0;;;;;;;;-0.8473;0.3331;0.4137;0.0170;-0.1537;0.2043;0.8360;-0.1433;-0.5221;-0.0895;;;;;;;;;;;;;0;;;;;;;;b974454d-ae33-4d16-9737-e66469f616ef;;LineBisection;2026-05-18 09:45:14.6542;Hands;1;OpenXR
Right;;Baseline;0;NoMitigation;None;anonymous;Sample;4422;0.0000;-0.0435;0.0041;0.0374;10.7435;1.4563;5.3502;-0.0435;0.0041;0.0374;0.9945;0.0941;0.0083;0.0453;0;;;;;;;;;;;;;0;;;;;;;;-0.8473;0.3331;0.4137;0.0170;-0.1537;0.2043;0.8360;-0.1433;-0.5221;-0.0895;;;;;;;;;;;;;0;;;;;;;;b974454d-ae33-4d16-9737-e66469f616ef;;LineBisection;2026-05-18 09:45:14.6789;Hands;1;OpenXR
Right;;Baseline;0;NoMitigation;None;anonymous;Sample;4425;0.0000;-0.0440;0.0046;0.0349;10.8901;0.9933;4.6449;-0.0440;0.0046;0.0349;0.9947;0.0952;0.0048;0.0395;0;;;;;;;;;;;;;0;;;;;;;;-0.8473;0.3331;0.4137;0.0170;-0.1537;0.2043;0.8360;-0.1433;-0.5221;-0.0895;;;;;;;;;;;;;0;;;;;;;;b974454d-ae33-4d16-9737-e66469f616ef;;LineBisection;2026-05-18 09:45:14.7040;Hands;1;OpenXR
Right;;Baseline;0;NoMitigation;None;anonymous;Sample;4428;0.0000;-0.0450;0.0056;0.0321;11.1464;0.9372;4.3596;-0.0450;0.0056;0.0321;0.9945;0.0974;0.0044;0.0371;0;;;;;;;;;;;;;0;;;;;;;;-0.8473;0.3331;0.4137;0.0170;-0.1537;0.2043;0.8360;-0.1433;-0.5221;-0.0895;;;;;;;;;;;;;0;;;;;;;;b974454d-ae33-4d16-9737-e66469f616ef;;LineBisection;2026-05-18 09:45:14.7294;Hands;1;OpenXR
Right;;Baseline;0;NoMitigation;None;anonymous;Sample;4431;0.0000;-0.0458;0.0068;0.0300;11.1014;1.1044;4.4930;-0.0458;0.0068;0.0300;0.9945;0.0970;0.0058;0.0381;0;;;;;;;;;;;;;0;;;;;;;;-0.8473;0.3331;0.4137;0.0170;-0.1537;0.2043;0.8360;-0.1433;-0.5221;-0.0895;;;;;;;;;;;;;0;;;;;;;;b974454d-ae33-4d16-9737-e66469f616ef;;LineBisection;2026-05-18 09:45:14.7539;Hands;1;OpenXR
Right;;Baseline;0;NoMitigation;None;anonymous;Sample;4434;0.0000;-0.0463;0.0071;0.0288;10.1396;1.3809;4.5291;-0.0463;0.0071;0.0288;0.9953;0.0888;0.0085;0.0383;0;;;;;;;;;;;;;0;;;;;;;;-0.8473;0.3331;0.4137;0.0170;-0.1537;0.2043;0.8360;-0.1433;-0.5221;-0.0895;;;;;;;;;;;;;0;;;;;;;;b974454d-ae33-4d16-9737-e66469f616ef;;LineBisection;2026-05-18 09:45:14.7791;Hands;1;OpenXR
Right;;Baseline;0;NoMitigation;None;anonymous;Sample;4437;0.0000;-0.0470;0.0077;0.0273;9.5026;1.3130;4.6331;-0.0470;0.0077;0.0273;0.9957;0.0832;0.0081;0.0393;0;;;;;;;;;;;;;0;;;;;;;;-0.8473;0.3331;0.4137;0.0170;-0.1537;0.2043;0.8360;-0.1433;-0.5221;-0.0895;;;;;;;;;;;;;0;;;;;;;;b974454d-ae33-4d16-9737-e66469f616ef;;LineBisection;2026-05-18 09:45:14.8050;Hands;1;OpenXR
Right;;Baseline;0;NoMitigation;None;anonymous;Sample;4440;0.0000;-0.0474;0.0085;0.0245;9.2609;1.2466;4.6212;-0.0474;0.0085;0.0245;0.9959;0.0811;0.0076;0.0393;0;;;;;;;;;;;;;0;;;;;;;;-0.8473;0.3331;0.4137;0.0170;-0.1537;0.2043;0.8360;-0.1433;-0.5221;-0.0895;;;;;;;;;;;;;0;;;;;;;;b974454d-ae33-4d16-9737-e66469f616ef;;LineBisection;2026-05-18 09:45:14.8295;Hands;1;OpenXR
Right;;Baseline;0;NoMitigation;None;anonymous;Sample;4443;0.0000;-0.0474;0.0089;0.0231;9.0677;1.6515;4.5243;-0.0474;0.0089;0.0231;0.9960;0.0795;0.0112;0.0382;0;;;;;;;;;;;;;0;;;;;;;;-0.8473;0.3331;0.4137;0.0170;-0.1537;0.2043;0.8360;-0.1433;-0.5221;-0.0895;;;;;;;;;;;;;0;;;;;;;;b974454d-ae33-4d16-9737-e66469f616ef;;LineBisection;2026-05-18 09:45:14.8543;Hands;1;OpenXR
Right;;Baseline;0;NoMitigation;None;anonymous;Sample;4446;0.0000;-0.0474;0.0090;0.0219;8.5149;2.0064;4.5566;-0.0474;0.0090;0.0219;0.9964;0.0749;0.0145;0.0383;0;;;;;;;;;;;;;0;;;;;;;;-0.8473;0.3331;0.4137;0.0170;-0.1537;0.2043;0.8360;-0.1433;-0.5221;-0.0895;;;;;;;;;;;;;0;;;;;;;;b974454d-ae33-4d16-9737-e66469f616ef;;LineBisection;2026-05-18 09:45:14.8804;Hands;1;OpenXR
Right;;Baseline;0;NoMitigation;None;anonymous;Sample;4449;0.0000;-0.0480;0.0099;0.0206;7.7890;1.9191;4.2911;-0.0480;0.0099;0.0206;0.9969;0.0685;0.0142;0.0362;0;;;;;;;;;;;;;0;;;;;;;;-0.8473;0.3331;0.4137;0.0170;-0.1537;0.2043;0.8360;-0.1433;-0.5221;-0.0895;;;;;;;;;;;;;0;;;;;;;;b974454d-ae33-4d16-9737-e66469f616ef;;LineBisection;2026-05-18 09:45:14.9046;Hands;1;OpenXR
Right;;Baseline;0;NoMitigation;None;anonymous;Sample;4452;0.0000;-0.0480;0.0103;0.0193;7.3006;1.7324;4.1945;-0.0480;0.0103;0.0193;0.9972;0.0642;0.0127;0.0356;0;;;;;;;;;;;;;0;;;;;;;;-0.8473;0.3331;0.4137;0.0170;-0.1537;0.2043;0.8360;-0.1433;-0.5221;-0.0895;;;;;;;;;;;;;0;;;;;;;;b974454d-ae33-4d16-9737-e66469f616ef;;LineBisection;2026-05-18 09:45:14.9300;Hands;1;OpenXR
Right;;Baseline;0;NoMitigation;None;anonymous;Sample;4455;0.0000;-0.0481;0.0112;0.0176;7.0281;1.4532;4.2476;-0.0481;0.0112;0.0176;0.9974;0.0617;0.0104;0.0362;0;;;;;;;;;;;;;0;;;;;;;;-0.8473;0.3331;0.4137;0.0170;-0.1537;0.2043;0.8360;-0.1433;-0.5221;-0.0895;;;;;;;;;;;;;0;;;;;;;;b974454d-ae33-4d16-9737-e66469f616ef;;LineBisection;2026-05-18 09:45:14.9542;Hands;1;OpenXR
Right;;Baseline;0;NoMitigation;None;anonymous;Sample;4458;0.0000;-0.0479;0.0116;0.0168;6.2928;1.6190;4.2349;-0.0479;0.0116;0.0168;0.9977;0.0554;0.0121;0.0361;0;;;;;;;;;;;;;0;;;;;;;;-0.8473;0.3331;0.4137;0.0170;-0.1537;0.2043;0.8360;-0.1433;-0.5221;-0.0895;;;;;;;;;;;;;0;;;;;;;;b974454d-ae33-4d16-9737-e66469f616ef;;LineBisection;2026-05-18 09:45:14.9800;Hands;1;OpenXR
Right;;Baseline;0;NoMitigation;None;anonymous;Sample;4461;0.0000;-0.0476;0.0121;0.0156;5.8903;1.6618;4.2081;-0.0476;0.0121;0.0156;0.9979;0.0519;0.0126;0.0359;0;;;;;;;;;;;;;0;;;;;;;;-0.9145;0.1446;0.3777;0.0125;-0.1332;0.2075;0.8290;-0.0603;-0.5545;-0.0403;;;;;;;;;;;;;0;0.0838;-0.1388;0.1774;314.2830;337.8210;306.6003;Palm;b974454d-ae33-4d16-9737-e66469f616ef;;LineBisection;2026-05-18 09:45:15.0050;Hands;1;OpenXR
Right;;Baseline;0;NoMitigation;None;anonymous;Sample;4464;0.0000;-0.0472;0.0124;0.0145;5.6891;1.7801;4.2454;-0.0472;0.0124;0.0145;0.9980;0.0502;0.0137;0.0362;0;;;;;;;;;;;;;0;;;;;;;;-0.9416;-0.0158;0.3362;0.0088;-0.1164;0.2102;0.8174;0.0065;-0.5761;0.0046;;;;;;;;;;;;;0;0.0838;-0.1388;0.1774;314.2830;337.8210;306.6003;Palm;b974454d-ae33-4d16-9737-e66469f616ef;;LineBisection;2026-05-18 09:45:15.0305;Hands;1;OpenXR
Right;;Baseline;0;NoMitigation;None;anonymous;Sample;4467;0.0000;-0.0468;0.0127;0.0130;5.7951;1.6128;4.2383;-0.0468;0.0127;0.0130;0.9980;0.0510;0.0122;0.0362;0;;;;;;;;;;;;;0;;;;;;;;-0.9167;-0.2177;0.3351;0.0029;-0.1280;0.2229;0.8146;0.0897;-0.5695;0.0627;;;;;;;;;;;;;0;0.0789;-0.1702;0.2147;312.0449;321.9861;331.2278;Palm;b974454d-ae33-4d16-9737-e66469f616ef;;LineBisection;2026-05-18 09:45:15.0541;Hands;1;OpenXR
Right;;Baseline;0;NoMitigation;None;anonymous;Sample;4470;0.0000;-0.0462;0.0131;0.0125;5.8155;1.9301;4.0400;-0.0462;0.0131;0.0125;0.9980;0.0513;0.0150;0.0343;0;;;;;;;;;;;;;0;;;;;;;;-0.8422;-0.3951;0.3668;-0.0019;-0.1572;0.2468;0.8193;0.1687;-0.5368;0.1105;;;;;;;;;;;;;0;0.0771;-0.1994;0.2395;314.4175;318.0493;339.2729;Palm;b974454d-ae33-4d16-9737-e66469f616ef;;LineBisection;2026-05-18 09:45:15.0798;Hands;1;OpenXR
Right;;Baseline;0;NoMitigation;None;anonymous;Sample;4473;0.0000;-0.0454;0.0127;0.0119;5.7549;1.9214;4.2210;-0.0454;0.0127;0.0119;0.9980;0.0508;0.0149;0.0359;0;;;;;;;;;;;;;0;;;;;;;;-0.7661;-0.5304;0.3629;-0.0044;-0.1861;0.2613;0.8122;0.2331;-0.5140;0.1475;;;;;;;;;;;;;0;0.0746;-0.2174;0.2392;317.7593;320.5479;338.6503;Palm;b974454d-ae33-4d16-9737-e66469f616ef;;LineBisection;2026-05-18 09:45:15.1051;Hands;1;OpenXR
Right;;Baseline;0;NoMitigation;None;anonymous;Sample;4476;0.0000;-0.0446;0.0128;0.0108;6.0206;1.6126;4.3458;-0.0446;0.0128;0.0108;0.9978;0.0530;0.0121;0.0371;0;;;;;;;;;;;;;0;;;;;;;;-0.6928;-0.6340;0.3436;-0.0052;-0.2125;0.2709;0.8002;0.2861;-0.4963;0.1775;;;;;;;;;;;;;0;0.0736;-0.2323;0.2424;319.9496;321.1129;339.9594;Palm;b974454d-ae33-4d16-9737-e66469f616ef;;LineBisection;2026-05-18 09:45:15.1304;Hands;1;OpenXR
Right;;Baseline;0;NoMitigation;None;anonymous;Sample;4479;0.0000;-0.0440;0.0127;0.0099;6.0508;1.5395;4.0294;-0.0440;0.0127;0.0099;0.9979;0.0532;0.0116;0.0344;0;;;;;;;;;;;;;0;;;;;;;;-0.6270;-0.7120;0.3162;-0.0047;-0.2357;0.2774;0.7856;0.3286;-0.4836;0.2023;;;;;;;;;;;;;0;0.0736;-0.2464;0.2468;321.8527;321.4528;341.4341;Palm;b974454d-ae33-4d16-9737-e66469f616ef;;LineBisection;2026-05-18 09:45:15.1547;Hands;1;OpenXR
Right;;Baseline;0;NoMitigation;None;anonymous;Sample;4482;0.0000;-0.0432;0.0129;0.0096;6.1787;1.4149;3.8699;-0.0432;0.0129;0.0096;0.9979;0.0543;0.0105;0.0330;0;;;;;;;;;;;;;0;;;;;;;;-0.5737;-0.7689;0.2822;-0.0042;-0.2504;0.2811;0.7686;0.3605;-0.4785;0.2244;;;;;;;;;;;;;0;0.0726;-0.2440;0.2470;321.3636;323.0243;340.5811;Palm;b974454d-ae33-4d16-9737-e66469f616ef;;LineBisection;2026-05-18 09:45:15.1802;Hands;1;OpenXR
Right;;Baseline;0;NoMitigation;None;anonymous;Sample;4485;0.0000;-0.0418;0.0128;0.0091;6.0234;1.3379;3.6911;-0.0418;0.0128;0.0091;0.9981;0.0529;0.0100;0.0315;0;;;;;;;;;;;;;0;;;;;;;;-0.5468;-0.7922;0.2711;-0.0037;-0.2543;0.2853;0.7625;0.3751;-0.4730;0.2327;;;;;;;;;;;;;0;0.0735;-0.2334;0.2499;320.4992;326.0201;339.1300;Palm;b974454d-ae33-4d16-9737-e66469f616ef;;LineBisection;2026-05-18 09:45:15.2056;Hands;1;OpenXR
Right;;Baseline;0;NoMitigation;None;anonymous;Sample;4488;0.0000;-0.0403;0.0128;0.0084;5.7766;1.6758;3.6148;-0.0403;0.0128;0.0084;0.9981;0.0508;0.0130;0.0308;0;;;;;;;;;;;;;0;;;;;;;;-0.5342;-0.7995;0.2748;-0.0025;-0.2511;0.2909;0.7637;0.3814;-0.4659;0.2327;;;;;;;;;;;;;0;0.0744;-0.2254;0.2543;319.9932;328.6386;338.3160;Palm;b974454d-ae33-4d16-9737-e66469f616ef;;LineBisection;2026-05-18 09:45:15.2304;Hands;1;OpenXR
Right;;Baseline;0;NoMitigation;None;anonymous;Sample;4491;0.0000;-0.0388;0.0126;0.0077;5.7512;1.9229;3.5187;-0.0388;0.0126;0.0077;0.9982;0.0507;0.0152;0.0298;0;;;;;;;;;;;;;0;;;;;;;;-0.5441;-0.7717;0.3292;-0.0011;-0.2404;0.2990;0.7879;0.3717;-0.4441;0.2095;;;;;;;;;;;;;0;0.0762;-0.2101;0.2570;319.1069;331.1944;338.4014;Palm;b974454d-ae33-4d16-9737-e66469f616ef;;LineBisection;2026-05-18 09:45:15.2539;Hands;1;OpenXR
Right;;Baseline;0;NoMitigation;None;anonymous;Sample;4494;0.0000;-0.0373;0.0124;0.0068;5.9310;2.0329;3.2040;-0.0373;0.0124;0.0068;0.9981;0.0522;0.0163;0.0270;0;;;;;;;;;;;;;0;;;;;;;;-0.5574;-0.7185;0.4160;0.0009;-0.2236;0.3091;0.8231;0.3488;-0.4127;0.1749;;;;;;;;;;;;;0;0.0765;-0.1941;0.2628;318.1744;333.0768;339.3254;Palm;b974454d-ae33-4d16-9737-e66469f616ef;;LineBisection;2026-05-18 09:45:15.2803;Hands;1;OpenXR
Right;;Baseline;0;NoMitigation;None;anonymous;Sample;4497;0.0000;-0.0356;0.0121;0.0062;6.0551;2.2390;3.0049;-0.0356;0.0121;0.0062;0.9981;0.0533;0.0181;0.0251;0;;;;;;;;;;;;;0;;;;;;;;-0.5618;-0.6513;0.5100;0.0024;-0.2043;0.3212;0.8575;0.3175;-0.3797;0.1406;;;;;;;;;;;;;0;0.0750;-0.1790;0.2720;317.3029;334.1177;340.9160;Palm;b974454d-ae33-4d16-9737-e66469f616ef;;LineBisection;2026-05-18 09:45:15.3040;Hands;1;OpenXR
Right;;Baseline;0;NoMitigation;None;anonymous;Sample;4500;0.0084;-0.0341;0.0116;0.0054;6.2119;2.5103;2.8821;-0.0341;0.0116;0.0054;0.9980;0.0547;0.0205;0.0239;1;;;;;;;;;;;;;0;;;;;;;;-0.5558;-0.5657;0.6092;0.0031;-0.1845;0.3343;0.8906;0.2761;-0.3453;0.1070;;;;;;;;;;;;;0;0.0712;-0.1658;0.2805;317.3798;334.9878;342.8018;Palm;b974454d-ae33-4d16-9737-e66469f616ef;;LineBisection;2026-05-18 09:45:15.3303;Hands;1;OpenXR
Right;;Baseline;0;NoMitigation;None;anonymous;Sample;4503;0.0207;-0.0326;0.0112;0.0046;6.5636;2.6138;2.6770;-0.0326;0.0112;0.0046;0.9979;0.0577;0.0214;0.0220;1;;;;;;;;;;;;;0;;;;;;;;-0.5356;-0.4602;0.7081;0.0020;-0.1643;0.3481;0.9211;0.2245;-0.3091;0.0754;;;;;;;;;;;;;0;0.0648;-0.1516;0.2898;318.3303;335.7473;345.3191;Palm;b974454d-ae33-4d16-9737-e66469f616ef;;LineBisection;2026-05-18 09:45:15.3551;Hands;1;OpenXR
Right;;Baseline;0;NoMitigation;None;anonymous;Sample;4506;0.0333;-0.0315;0.0106;0.0038;6.9551;2.5439;2.3707;-0.0315;0.0106;0.0038;0.9977;0.0611;0.0209;0.0193;1;;;;;;;;;;;;;0;;;;;;;;-0.4934;-0.3519;0.7954;-0.0001;-0.1454;0.3655;0.9462;0.1720;-0.2696;0.0490;;;;;;;;;;;;;0;0.0564;-0.1395;0.3066;320.5511;338.1549;347.1602;Palm;b974454d-ae33-4d16-9737-e66469f616ef;;LineBisection;2026-05-18 09:45:15.3794;Hands;1;OpenXR
Right;;Baseline;0;NoMitigation;None;anonymous;Sample;4509;0.0457;-0.0304;0.0101;0.0034;7.1633;2.4066;2.0708;-0.0304;0.0101;0.0034;0.9977;0.0628;0.0198;0.0167;1;;;;;;;;;;;;;0;;;;;;;;-0.4302;-0.2429;0.8694;-0.0012;-0.1295;0.3841;0.9664;0.1191;-0.2260;0.0279;;;;;;;;;;;;;0;0.0499;-0.1311;0.3216;323.6930;341.5220;349.5755;Palm;b974454d-ae33-4d16-9737-e66469f616ef;;LineBisection;2026-05-18 09:45:15.4042;Hands;1;OpenXR
Right;;Baseline;0;NoMitigation;None;anonymous;Sample;4512;0.0583;-0.0294;0.0095;0.0027;7.3331;2.1595;1.8781;-0.0294;0.0095;0.0027;0.9977;0.0642;0.0178;0.0151;1;;;;;;;;;;;;;0;;;;;;;;-0.3522;-0.1342;0.9262;-0.0012;-0.1155;0.4029;0.9813;0.0662;-0.1803;0.0122;;;;;;;;;;;;;0;0.0448;-0.1229;0.3340;325.8130;344.1759;351.6949;Palm;b974454d-ae33-4d16-9737-e66469f616ef;;LineBisection;2026-05-18 09:45:15.4301;Hands;1;OpenXR
Right;;Baseline;0;NoMitigation;None;anonymous;Sample;4515;0.0708;-0.0288;0.0093;0.0020;7.5584;1.8224;1.6495;-0.0288;0.0093;0.0020;0.9976;0.0661;0.0149;0.0133;1;;;;;;;;;;;;;0;;;;;;;;-0.2847;-0.0458;0.9575;-0.0014;-0.1041;0.4197;0.9893;0.0227;-0.1439;0.0033;;;;;;;;;;;;;0;0.0407;-0.1171;0.3473;327.8786;345.3380;353.3300;Palm;b974454d-ae33-4d16-9737-e66469f616ef;;LineBisection;2026-05-18 09:45:15.4539;Hands;1;OpenXR
Right;;Baseline;0;NoMitigation;None;anonymous;Sample;4518;0.0834;-0.0282;0.0093;0.0017;7.7514;1.6081;1.4481;-0.0282;0.0093;0.0017;0.9975;0.0678;0.0131;0.0117;1;;;;;;;;;;;;;0;;;;;;;;-0.2309;0.0233;0.9727;-0.0022;-0.0948;0.4362;0.9932;-0.0116;-0.1162;-0.0014;;;;;;;;;;;;;0;0.0370;-0.1121;0.3615;329.3142;346.0834;354.1213;Palm;b974454d-ae33-4d16-9737-e66469f616ef;;LineBisection;2026-05-18 09:45:15.4808;Hands;1;OpenXR
Right;;Baseline;0;NoMitigation;None;anonymous;Sample;4521;0.0959;-0.0277;0.0094;0.0013;7.7685;1.4436;1.2881;-0.0277;0.0094;0.0013;0.9976;0.0679;0.0118;0.0104;1;;;;;;;;;;;;;0;;;;;;;;-0.1981;0.0652;0.9780;-0.0042;-0.0876;0.4519;0.9945;-0.0325;-0.0997;-0.0033;;;;;;;;;;;;;0;0.0330;-0.1072;0.3762;329.8534;346.3131;353.8602;Palm;b974454d-ae33-4d16-9737-e66469f616ef;;LineBisection;2026-05-18 09:45:15.5047;Hands;1;OpenXR
Right;;Baseline;0;NoMitigation;None;anonymous;Sample;4524;0.1085;-0.0277;0.0096;0.0010;7.6497;1.2091;1.1143;-0.0277;0.0096;0.0010;0.9977;0.0668;0.0099;0.0090;1;;;;;;;;;;;;;0;;;;;;;;-0.1773;0.0876;0.9803;-0.0045;-0.0836;0.4671;0.9950;-0.0437;-0.0893;-0.0039;;;;;;;;;;;;;0;0.0360;-0.1079;0.3897;330.5835;346.7259;353.0875;Palm;b974454d-ae33-4d16-9737-e66469f616ef;;LineBisection;2026-05-18 09:45:15.5294;Hands;1;OpenXR
Right;;Baseline;0;NoMitigation;None;anonymous;Sample;4527;0.1210;-0.0275;0.0097;0.0007;7.4236;0.9687;0.9620;-0.0275;0.0097;0.0007;0.9978;0.0648;0.0079;0.0078;1;;;;;;;;;;;;;0;;;;;;;;-0.1604;0.1007;0.9819;-0.0040;-0.0809;0.4812;0.9955;-0.0502;-0.0808;-0.0041;;;;;;;;;;;;;0;0.0362;-0.1055;0.4023;331.6045;347.4843;352.7014;Palm;b974454d-ae33-4d16-9737-e66469f616ef;;LineBisection;2026-05-18 09:45:15.5548;Hands;1;OpenXR
Right;;Baseline;0;NoMitigation;None;anonymous;Sample;4530;0.1336;-0.0278;0.0101;0.0006;7.1301;0.7632;0.8727;-0.0278;0.0101;0.0006;0.9980;0.0622;0.0062;0.0072;1;;;;;;;;;;;;;0;;;;;;;;-0.1476;0.1095;0.9830;-0.0024;-0.0783;0.4934;0.9957;-0.0547;-0.0744;-0.0041;;;;;;;;;;;;;0;0.0390;-0.1034;0.4103;331.4453;347.7671;352.4598;Palm;b974454d-ae33-4d16-9737-e66469f616ef;;LineBisection;2026-05-18 09:45:15.5796;Hands;1;OpenXR
Right;;Baseline;0;NoMitigation;None;anonymous;Sample;4533;0.1460;-0.0285;0.0106;0.0005;6.9476;0.6180;0.9285;-0.0285;0.0106;0.0005;0.9981;0.0606;0.0049;0.0078;1;;;;;;;;;;;;;0;;;;;;;;-0.1374;0.1139;0.9839;-0.0004;-0.0762;0.5032;0.9960;-0.0569;-0.0692;-0.0040;;;;;;;;;;;;;0;0.0409;-0.1023;0.4164;331.4055;348.2362;352.3162;Palm;b974454d-ae33-4d16-9737-e66469f616ef;;LineBisection;2026-05-18 09:45:15.6058;Hands;1;OpenXR
Right;;Baseline;0;NoMitigation;None;anonymous;Sample;4536;0.1587;-0.0295;0.0110;0.0005;6.8923;0.3996;0.9066;-0.0295;0.0110;0.0005;0.9982;0.0601;0.0030;0.0077;1;;;;;;;;;;;;;0;;;;;;;;-0.1262;0.1142;0.9854;0.0019;-0.0745;0.5120;0.9963;-0.0571;-0.0635;-0.0036;;;;;;;;;;;;;0;0.0421;-0.1004;0.4234;331.4977;349.0018;352.2488;Palm;b974454d-ae33-4d16-9737-e66469f616ef;;LineBisection;2026-05-18 09:45:15.6311;Hands;1;OpenXR
Right;;Baseline;0;NoMitigation;None;anonymous;Sample;4539;0.1711;-0.0302;0.0115;0.0002;6.8568;0.1895;0.9601;-0.0302;0.0115;0.0002;0.9982;0.0598;0.0011;0.0083;1;;;;;;;;;;;;;0;;;;;;;;-0.1125;0.1088;0.9877;0.0042;-0.0739;0.5190;0.9969;-0.0544;-0.0566;-0.0031;;;;;;;;;;;;;0;0.0429;-0.1008;0.4259;332.1974;349.9523;352.2831;Palm;b974454d-ae33-4d16-9737-e66469f616ef;;LineBisection;2026-05-18 09:45:15.6559;Hands;1;OpenXR
Right;;Baseline;0;NoMitigation;None;anonymous;Sample;4542;0.1837;-0.0310;0.0119;0.0004;6.7012;359.9488;1.0764;-0.0310;0.0119;0.0004;0.9982;0.0584;-0.0010;0.0094;1;;;;;;;;;;;;;0;;;;;;;;-0.0936;0.0949;0.9911;0.0072;-0.0751;0.5235;0.9978;-0.0474;-0.0470;-0.0022;;;;;;;;;;;;;0;0.0442;-0.1024;0.4250;333.4405;351.4777;351.6674;Palm;b974454d-ae33-4d16-9737-e66469f616ef;;LineBisection;2026-05-18 09:45:15.6812;Hands;1;OpenXR
Right;;Baseline;0;NoMitigation;None;anonymous;Sample;4545;0.1962;-0.0316;0.0124;0.0003;6.4486;359.7277;1.3186;-0.0316;0.0124;0.0003;0.9983;0.0562;-0.0030;0.0116;1;;;;;;;;;;;;;0;;;;;;;;-0.0678;0.0721;0.9951;0.0112;-0.0778;0.5247;0.9988;-0.0360;-0.0340;-0.0012;;;;;;;;;;;;;0;0.0456;-0.1039;0.4200;335.0771;353.6766;350.0806;Palm;b974454d-ae33-4d16-9737-e66469f616ef;;LineBisection;2026-05-18 09:45:15.7061;Hands;1;OpenXR
Right;;Baseline;0;NoMitigation;None;anonymous;Sample;4548;0.2088;-0.0321;0.0126;0.0005;6.1998;359.6332;1.4960;-0.0321;0.0126;0.0005;0.9984;0.0540;-0.0039;0.0132;1;;;;;;;;;;;;;0;;;;;;;;-0.0468;0.0501;0.9976;0.0146;-0.0805;0.5235;0.9994;-0.0251;-0.0235;-0.0006;;;;;;;;;;;;;0;0.0464;-0.1047;0.4150;335.7290;354.1180;349.6588;Palm;b974454d-ae33-4d16-9737-e66469f616ef;;LineBisection;2026-05-18 09:45:15.7311;Hands;1;OpenXR
Right;;Baseline;0;NoMitigation;None;anonymous;Sample;4551;0.2212;-0.0327;0.0128;0.0006;6.0829;359.5393;1.5348;-0.0327;0.0128;0.0006;0.9985;0.0530;-0.0047;0.0136;1;;;;;;;;;;;;;0;;;;;;;;-0.0305;0.0312;0.9990;0.0172;-0.0827;0.5223;0.9998;-0.0156;-0.0153;-0.0002;;;;;;;;;;;;;0;0.0468;-0.1049;0.4141;336.3706;354.6517;349.3293;Palm;b974454d-ae33-4d16-9737-e66469f616ef;;LineBisection;2026-05-18 09:45:15.7554;Hands;1;OpenXR
Right;;Baseline;0;NoMitigation;None;anonymous;Sample;4554;0.2338;-0.0332;0.0132;0.0005;6.1080;359.4359;1.4667;-0.0332;0.0132;0.0005;0.9985;0.0532;-0.0056;0.0130;1;;;;;;;;;;;;;0;;;;;;;;-0.0187;0.0168;0.9997;0.0194;-0.0840;0.5200;0.9999;-0.0084;-0.0093;-0.0001;;;;;;;;;;;;;0;0.0477;-0.1044;0.4092;336.5424;354.9440;348.5388;Palm;b974454d-ae33-4d16-9737-e66469f616ef;;LineBisection;2026-05-18 09:45:15.7807;Hands;1;OpenXR
Right;;Baseline;0;NoMitigation;None;anonymous;Sample;4557;0.2462;-0.0333;0.0136;0.0008;5.9771;359.4442;1.4906;-0.0333;0.0136;0.0008;0.9985;0.0521;-0.0055;0.0132;1;;;;;;;;;;;;;0;;;;;;;;-0.0109;0.0074;0.9999;0.0211;-0.0847;0.5177;1.0000;-0.0037;-0.0055;0.0000;;;;;;;;;;;;;0;0.0483;-0.1044;0.4078;336.5916;355.1518;348.0142;Palm;b974454d-ae33-4d16-9737-e66469f616ef;;LineBisection;2026-05-18 09:45:15.8061;Hands;1;OpenXR
Right;;Baseline;0;NoMitigation;None;anonymous;Sample;4560;0.2588;-0.0336;0.0139;0.0009;5.6841;359.5402;1.6192;-0.0336;0.0139;0.0009;0.9987;0.0495;-0.0047;0.0143;1;;;;;;;;;;;;;0;;;;;;;;-0.0057;0.0018;1.0000;0.0223;-0.0851;0.5163;1.0000;-0.0009;-0.0028;0.0000;;;;;;;;;;;;;0;0.0485;-0.1044;0.4077;336.5831;355.2419;347.7450;Palm;b974454d-ae33-4d16-9737-e66469f616ef;;LineBisection;2026-05-18 09:45:15.8315;Hands;1;OpenXR
Right;;Baseline;0;NoMitigation;None;anonymous;Sample;4563;0.2712;-0.0335;0.0144;0.0011;5.5097;359.6513;1.6791;-0.0335;0.0144;0.0011;0.9987;0.0480;-0.0037;0.0148;1;;;;;;;;;;;;;0;;;;;;;;-0.0026;-0.0009;1.0000;0.0229;-0.0853;0.5155;1.0000;0.0005;-0.0013;0.0000;;;;;;;;;;;;;0;0.0484;-0.1045;0.4076;336.5817;355.2350;347.6523;Palm;b974454d-ae33-4d16-9737-e66469f616ef;;LineBisection;2026-05-18 09:45:15.8563;Hands;1;OpenXR
Right;;Baseline;0;NoMitigation;None;anonymous;Sample;4566;0.2840;-0.0334;0.0148;0.0011;5.4066;359.7023;1.6822;-0.0334;0.0148;0.0011;0.9988;0.0471;-0.0033;0.0148;1;;;;;;;;;;;;;0;;;;;;;;-0.0004;-0.0020;1.0000;0.0233;-0.0854;0.5150;1.0000;0.0010;-0.0002;0.0000;;;;;;;;;;;;;0;0.0482;-0.1046;0.4075;336.6268;355.2495;347.5233;Palm;b974454d-ae33-4d16-9737-e66469f616ef;;LineBisection;2026-05-18 09:45:15.8815;Hands;1;OpenXR
Right;;Baseline;0;NoMitigation;None;anonymous;Sample;4569;0.3005;-0.0331;0.0152;0.0012;5.1961;359.8093;1.8459;-0.0331;0.0152;0.0012;0.9988;0.0453;-0.0024;0.0162;1;;;;;;;;;;;;;0;;;;;;;;0.0014;-0.0019;1.0000;0.0231;-0.0855;0.5146;1.0000;0.0010;0.0007;0.0000;;;;;;;;;;;;;0;0.0473;-0.1048;0.4075;336.7719;355.2798;347.2908;Palm;b974454d-ae33-4d16-9737-e66469f616ef;;LineBisection;2026-05-18 09:45:15.9140;Hands;1;OpenXR
Right;;Baseline;0;NoMitigation;None;anonymous;Sample;4572;0.3129;-0.0329;0.0156;0.0015;5.0353;359.8061;1.8356;-0.0329;0.0156;0.0015;0.9989;0.0439;-0.0024;0.0161;1;;;;;;;;;;;;;0;;;;;;;;0.0024;-0.0009;1.0000;0.0225;-0.0856;0.5145;1.0000;0.0005;0.0012;0.0000;;;;;;;;;;;;;0;0.0457;-0.1049;0.4075;336.9956;355.3368;347.0215;Palm;b974454d-ae33-4d16-9737-e66469f616ef;;LineBisection;2026-05-18 09:45:15.9388;Hands;1;OpenXR
Right;;Baseline;0;NoMitigation;None;anonymous;Sample;4575;0.3254;-0.0328;0.0157;0.0016;5.1136;359.6672;1.6389;-0.0328;0.0157;0.0016;0.9989;0.0446;-0.0035;0.0144;1;;;;;;;;;;;;;0;;;;;;;;0.0037;0.0014;1.0000;0.0217;-0.0855;0.5145;1.0000;-0.0007;0.0018;0.0000;;;;;;;;;;;;;0;0.0447;-0.1048;0.4077;337.1562;355.3930;346.8288;Palm;b974454d-ae33-4d16-9737-e66469f616ef;;LineBisection;2026-05-18 09:45:15.9646;Hands;1;OpenXR
Right;;Baseline;0;NoMitigation;None;anonymous;Sample;4578;0.3379;-0.0328;0.0158;0.0016;5.0266;359.5054;1.4696;-0.0328;0.0158;0.0016;0.9989;0.0438;-0.0049;0.0130;1;;;;;;;;;;;;;0;;;;;;;;0.0052;0.0050;1.0000;0.0211;-0.0853;0.5147;1.0000;-0.0025;0.0026;0.0000;;;;;;;;;;;;;0;0.0440;-0.1046;0.4080;337.2272;355.4288;346.7144;Palm;b974454d-ae33-4d16-9737-e66469f616ef;;LineBisection;2026-05-18 09:45:15.9895;Hands;1;OpenXR
Right;;Baseline;0;NoMitigation;None;anonymous;Sample;4581;0.3505;-0.0327;0.0161;0.0017;4.7606;359.3773;1.4405;-0.0327;0.0161;0.0017;0.9990;0.0415;-0.0060;0.0128;1;;;;;;;;;;;;;0;;;;;;;;0.0068;0.0095;0.9999;0.0204;-0.0847;0.5149;1.0000;-0.0048;0.0034;0.0000;;;;;;;;;;;;;0;0.0432;-0.1036;0.4083;337.2452;355.4456;346.7220;Palm;b974454d-ae33-4d16-9737-e66469f616ef;;LineBisection;2026-05-18 09:45:16.0139;Hands;1;OpenXR
Right;;Baseline;0;NoMitigation;None;anonymous;Sample;4584;0.3632;-0.0327;0.0166;0.0017;4.5348;359.3068;1.3850;-0.0327;0.0166;0.0017;0.9991;0.0395;-0.0065;0.0123;1;;;;;;;;;;;;;0;;;;;;;;0.0087;0.0153;0.9998;0.0197;-0.0838;0.5152;1.0000;-0.0077;0.0044;0.0000;;;;;;;;;;;;;0;0.0423;-0.1025;0.4087;337.2677;355.4674;346.7321;Palm;b974454d-ae33-4d16-9737-e66469f616ef;;LineBisection;2026-05-18 09:45:16.0397;Hands;1;OpenXR
Right;;Baseline;0;NoMitigation;None;anonymous;Sample;4586;0.3754;-0.0326;0.0171;0.0016;4.3214;359.2433;1.4195;-0.0326;0.0171;0.0016;0.9992;0.0376;-0.0071;0.0126;1;;;;;;;;;;;;;0;;;;;;;;0.0103;0.0205;0.9997;0.0190;-0.0826;0.5157;0.9999;-0.0102;0.0051;0.0001;;;;;;;;;;;;;0;0.0419;-0.1017;0.4093;337.2575;355.4555;346.7679;Palm;b974454d-ae33-4d16-9737-e66469f616ef;;LineBisection;2026-05-18 09:45:16.0646;Hands;1;OpenXR
Right;;Baseline;0;NoMitigation;None;anonymous;Sample;4589;0.3879;-0.0325;0.0184;0.0014;3.6967;359.2005;1.5356;-0.0325;0.0184;0.0014;0.9994;0.0322;-0.0074;0.0136;1;;;;;;;;;;;;;0;;;;;;;;0.0113;0.0241;0.9996;0.0184;-0.0815;0.5164;0.9999;-0.0120;0.0057;0.0001;;;;;;;;;;;;;0;0.0412;-0.1002;0.4105;337.2161;355.4569;346.8565;Palm;b974454d-ae33-4d16-9737-e66469f616ef;;LineBisection;2026-05-18 09:45:16.0892;Hands;1;OpenXR
Right;;Baseline;0;NoMitigation;None;anonymous;Sample;4592;0.4005;-0.0325;0.0194;0.0012;3.1652;359.1451;1.5162;-0.0325;0.0194;0.0012;0.9995;0.0275;-0.0078;0.0134;1;;;;;;;;;;;;;0;;;;;;;;0.0124;0.0271;0.9996;0.0180;-0.0804;0.5171;0.9999;-0.0135;0.0062;0.0001;;;;;;;;;;;;;0;0.0409;-0.0995;0.4111;337.1451;355.4932;346.9221;Palm;b974454d-ae33-4d16-9737-e66469f616ef;;LineBisection;2026-05-18 09:45:16.1145;Hands;1;OpenXR
Right;;Baseline;0;NoMitigation;None;anonymous;Sample;4595;0.4129;-0.0324;0.0204;0.0008;2.5214;359.0825;1.4925;-0.0324;0.0204;0.0008;0.9996;0.0219;-0.0083;0.0132;1;;;;;;;;;;;;;0;;;;;;;;0.0135;0.0300;0.9995;0.0177;-0.0796;0.5176;0.9999;-0.0150;0.0067;0.0001;;;;;;;;;;;;;0;0.0408;-0.0992;0.4113;337.0360;355.5330;346.9482;Palm;b974454d-ae33-4d16-9737-e66469f616ef;;LineBisection;2026-05-18 09:45:16.1393;Hands;1;OpenXR
Right;;Baseline;0;NoMitigation;None;anonymous;Sample;4598;0.4260;-0.0324;0.0216;0.0002;1.9552;359.0175;1.4431;-0.0324;0.0216;0.0002;0.9997;0.0170;-0.0088;0.0127;1;;;;;;;;;;;;;0;;;;;;;;0.0147;0.0333;0.9993;0.0176;-0.0788;0.5179;0.9998;-0.0166;0.0074;0.0001;;;;;;;;;;;;;0;0.0408;-0.0989;0.4115;336.8947;355.5977;346.9383;Palm;b974454d-ae33-4d16-9737-e66469f616ef;;LineBisection;2026-05-18 09:45:16.1647;Hands;1;OpenXR
Right;;Baseline;0;NoMitigation;None;anonymous;Sample;4600;0.4379;-0.0323;0.0228;-0.0003;1.3968;358.8264;1.4668;-0.0323;0.0228;-0.0003;0.9998;0.0121;-0.0104;0.0129;1;;;;;;;;;;;;;0;;;;;;;;0.0160;0.0367;0.9992;0.0176;-0.0780;0.5181;0.9998;-0.0183;0.0080;0.0001;;;;;;;;;;;;;0;0.0408;-0.0984;0.4115;336.7013;355.7147;346.8324;Palm;b974454d-ae33-4d16-9737-e66469f616ef;;LineBisection;2026-05-18 09:45:16.1896;Hands;1;OpenXR
Right;;Baseline;0;NoMitigation;None;anonymous;Sample;4603;0.4505;-0.0320;0.0237;-0.0008;0.7597;358.6951;1.4882;-0.0320;0.0237;-0.0008;0.9998;0.0065;-0.0115;0.0131;1;;;;;;;;;;;;;0;;;;;;;;0.0173;0.0403;0.9990;0.0177;-0.0772;0.5183;0.9998;-0.0202;0.0087;0.0002;;;;;;;;;;;;;0;0.0408;-0.0979;0.4118;336.6177;355.7464;346.7704;Palm;b974454d-ae33-4d16-9737-e66469f616ef;;LineBisection;2026-05-18 09:45:16.2144;Hands;1;OpenXR
Right;;Baseline;0;NoMitigation;None;anonymous;Sample;4606;0.4630;-0.0316;0.0242;-0.0013;0.3289;358.6498;1.4786;-0.0316;0.0242;-0.0013;0.9998;0.0027;-0.0118;0.0129;1;;;;;;;;;;;;;0;;;;;;;;0.0182;0.0438;0.9989;0.0177;-0.0762;0.5186;0.9997;-0.0219;0.0091;0.0002;;;;;;;;;;;;;0;0.0407;-0.0968;0.4122;336.5296;355.7455;346.6421;Palm;b974454d-ae33-4d16-9737-e66469f616ef;;LineBisection;2026-05-18 09:45:16.2397;Hands;1;OpenXR
Right;;Baseline;0;NoMitigation;None;anonymous;Sample;4609;0.4760;-0.0310;0.0243;-0.0017;0.1690;358.7549;1.3089;-0.0310;0.0243;-0.0017;0.9999;0.0014;-0.0109;0.0114;1;;;;;;;;;;;;;0;;;;;;;;0.0185;0.0478;0.9987;0.0177;-0.0748;0.5189;0.9997;-0.0239;0.0093;0.0002;;;;;;;;;;;;;0;0.0405;-0.0955;0.4127;336.3955;355.7204;346.3993;Palm;b974454d-ae33-4d16-9737-e66469f616ef;;LineBisection;2026-05-18 09:45:16.2655;Hands;1;OpenXR
Right;;Baseline;0;NoMitigation;None;anonymous;Sample;4611;0.4880;-0.0305;0.0242;-0.0024;0.2457;358.8737;1.0562;-0.0305;0.0242;-0.0024;0.9999;0.0021;-0.0098;0.0092;1;;;;;;;;;;;;;0;;;;;;;;0.0181;0.0520;0.9985;0.0174;-0.0733;0.5190;0.9996;-0.0260;0.0091;0.0002;;;;;;;;;;;;;0;0.0399;-0.0940;0.4126;336.2700;355.6323;346.0797;Palm;b974454d-ae33-4d16-9737-e66469f616ef;;LineBisection;2026-05-18 09:45:16.2898;Hands;1;OpenXR
Right;;Baseline;0;NoMitigation;None;anonymous;Sample;4614;0.5005;-0.0300;0.0240;-0.0030;0.4349;358.9536;0.7902;-0.0300;0.0240;-0.0030;0.9999;0.0037;-0.0092;0.0069;1;;;;;;;;;;;;;0;;;;;;;;0.0172;0.0574;0.9982;0.0169;-0.0714;0.5190;0.9996;-0.0287;0.0086;0.0002;;;;;;;;;;;;;0;0.0393;-0.0925;0.4125;336.1407;355.5289;345.7138;Palm;b974454d-ae33-4d16-9737-e66469f616ef;;LineBisection;2026-05-18 09:45:16.3142;Hands;1;OpenXR
Right;;Baseline;0;NoMitigation;None;anonymous;Sample;4617;0.5129;-0.0293;0.0240;-0.0033;0.6399;358.9895;0.6970;-0.0293;0.0240;-0.0033;0.9999;0.0055;-0.0089;0.0061;1;;;;;;;;;;;;;0;;;;;;;;0.0156;0.0631;0.9979;0.0162;-0.0694;0.5189;0.9995;-0.0316;0.0078;0.0002;;;;;;;;;;;;;0;0.0385;-0.0908;0.4125;335.9937;355.4020;345.2597;Palm;b974454d-ae33-4d16-9737-e66469f616ef;;LineBisection;2026-05-18 09:45:16.3383;Hands;1;OpenXR
Right;;Baseline;0;NoMitigation;None;anonymous;Sample;4620;0.5297;-0.0287;0.0237;-0.0035;0.6551;359.1657;0.5869;-0.0287;0.0237;-0.0035;0.9999;0.0057;-0.0073;0.0052;1;;;;;;;;;;;;;0;;;;;;;;0.0134;0.0716;0.9973;0.0150;-0.0665;0.5186;0.9993;-0.0358;0.0067;0.0002;;;;;;;;;;;;;0;0.0375;-0.0892;0.4124;335.8455;355.2654;344.9116;Palm;b974454d-ae33-4d16-9737-e66469f616ef;;LineBisection;2026-05-18 09:45:16.3734;Hands;1;OpenXR
Right;;Baseline;0;NoMitigation;None;anonymous;Sample;4623;0.5421;-0.0281;0.0236;-0.0034;0.6362;359.1948;0.3628;-0.0281;0.0236;-0.0034;1.0000;0.0055;-0.0070;0.0032;1;;;;;;;;;;;;;0;;;;;;;;0.0125;0.0783;0.9969;0.0138;-0.0642;0.5183;0.9992;-0.0392;0.0063;0.0002;;;;;;;;;;;;;0;0.0356;-0.0868;0.4122;335.6459;355.0748;344.6937;Palm;b974454d-ae33-4d16-9737-e66469f616ef;;LineBisection;2026-05-18 09:45:16.3974;Hands;1;OpenXR
Right;;Baseline;0;NoMitigation;None;anonymous;Sample;4626;0.5547;-0.0277;0.0236;-0.0035;0.4297;359.1053;0.3247;-0.0277;0.0236;-0.0035;1.0000;0.0037;-0.0078;0.0029;1;;;;;;;;;;;;;0;;;;;;;;0.0118;0.0843;0.9964;0.0128;-0.0623;0.5179;0.9991;-0.0422;0.0059;0.0002;;;;;;;;;;;;;0;0.0351;-0.0862;0.4116;335.4985;354.9746;344.4803;Palm;b974454d-ae33-4d16-9737-e66469f616ef;;LineBisection;2026-05-18 09:45:16.4222;Hands;1;OpenXR
Right;;Baseline;0;NoMitigation;None;anonymous;Sample;4628;0.5672;-0.0274;0.0236;-0.0036;0.2896;359.1268;0.3545;-0.0274;0.0236;-0.0036;1.0000;0.0025;-0.0076;0.0031;1;;;;;;;;;;;;;0;;;;;;;;0.0118;0.0907;0.9958;0.0121;-0.0608;0.5175;0.9990;-0.0454;0.0059;0.0003;;;;;;;;;;;;;0;0.0351;-0.0862;0.4115;335.4849;354.9390;344.4641;Palm;b974454d-ae33-4d16-9737-e66469f616ef;;LineBisection;2026-05-18 09:45:16.4481;Hands;1;OpenXR
Right;;Baseline;0;NoMitigation;None;anonymous;Sample;4631;0.5796;-0.0269;0.0235;-0.0037;0.2547;359.1919;0.2346;-0.0269;0.0235;-0.0037;1.0000;0.0022;-0.0071;0.0021;1;;;;;;;;;;;;;0;;;;;;;;0.0127;0.0961;0.9953;0.0118;-0.0599;0.5172;0.9988;-0.0481;0.0064;0.0003;;;;;;;;;;;;;0;0.0349;-0.0861;0.4115;335.4706;354.8984;344.4449;Palm;b974454d-ae33-4d16-9737-e66469f616ef;;LineBisection;2026-05-18 09:45:16.4724;Hands;1;OpenXR
Right;;Baseline;0;NoMitigation;None;anonymous;Sample;4634;0.5922;-0.0266;0.0232;-0.0038;0.4066;359.2814;0.0862;-0.0266;0.0232;-0.0038;1.0000;0.0035;-0.0063;0.0008;1;;;;;;;;;;;;;0;;;;;;;;0.0140;0.1011;0.9948;0.0116;-0.0593;0.5171;0.9987;-0.0506;0.0070;0.0004;;;;;;;;;;;;;0;0.0349;-0.0863;0.4116;335.4617;354.8614;344.4489;Palm;b974454d-ae33-4d16-9737-e66469f616ef;;LineBisection;2026-05-18 09:45:16.4976;Hands;1;OpenXR
Right;;Baseline;0;NoMitigation;None;anonymous;Sample;4636;0.6047;-0.0265;0.0230;-0.0040;0.4855;359.2834;0.0465;-0.0265;0.0230;-0.0040;1.0000;0.0042;-0.0063;0.0004;1;;;;;;;;;;;;;0;;;;;;;;0.0152;0.1059;0.9943;0.0117;-0.0589;0.5171;0.9986;-0.0530;0.0076;0.0004;;;;;;;;;;;;;0;0.0352;-0.0865;0.4117;335.4568;354.8284;344.4703;Palm;b974454d-ae33-4d16-9737-e66469f616ef;;LineBisection;2026-05-18 09:45:16.5223;Hands;1;OpenXR
Right;;Baseline;0;NoMitigation;None;anonymous;Sample;4639;0.6171;-0.0262;0.0227;-0.0044;0.4672;359.2950;0.1513;-0.0262;0.0227;-0.0044;1.0000;0.0041;-0.0062;0.0013;1;;;;;;;;;;;;;0;;;;;;;;0.0158;0.1099;0.9938;0.0120;-0.0590;0.5172;0.9985;-0.0550;0.0079;0.0004;;;;;;;;;;;;;0;0.0362;-0.0875;0.4122;335.4416;354.6668;344.6152;Palm;b974454d-ae33-4d16-9737-e66469f616ef;;LineBisection;2026-05-18 09:45:16.5467;Hands;1;OpenXR
Right;;Baseline;0;NoMitigation;None;anonymous;Sample;4642;0.6299;-0.0261;0.0226;-0.0046;0.4140;359.2148;0.2312;-0.0261;0.0226;-0.0046;1.0000;0.0036;-0.0069;0.0020;1;;;;;;;;;;;;;0;;;;;;;;0.0158;0.1140;0.9934;0.0124;-0.0593;0.5174;0.9983;-0.0571;0.0079;0.0005;;;;;;;;;;;;;0;0.0367;-0.0881;0.4126;335.4227;354.4996;344.7764;Palm;b974454d-ae33-4d16-9737-e66469f616ef;;LineBisection;2026-05-18 09:45:16.5731;Hands;1;OpenXR
Right;;Baseline;0;NoMitigation;None;anonymous;Sample;4644;0.6422;-0.0261;0.0226;-0.0046;0.4198;359.1521;0.2235;-0.0261;0.0226;-0.0046;1.0000;0.0036;-0.0074;0.0020;1;;;;;;;;;;;;;0;;;;;;;;0.0154;0.1179;0.9929;0.0128;-0.0596;0.5177;0.9982;-0.0590;0.0077;0.0005;;;;;;;;;;;;;0;0.0370;-0.0885;0.4130;335.4044;354.3989;344.8852;Palm;b974454d-ae33-4d16-9737-e66469f616ef;;LineBisection;2026-05-18 09:45:16.5975;Hands;1;OpenXR
Right;;Baseline;0;NoMitigation;None;anonymous;Sample;4647;0.6546;-0.0260;0.0225;-0.0045;0.4213;358.9904;0.2955;-0.0260;0.0225;-0.0045;1.0000;0.0037;-0.0088;0.0026;1;;;;;;;;;;;;;0;;;;;;;;0.0150;0.1207;0.9926;0.0132;-0.0600;0.5180;0.9981;-0.0604;0.0076;0.0005;;;;;;;;;;;;;0;0.0377;-0.0893;0.4134;335.3965;354.3231;344.9785;Palm;b974454d-ae33-4d16-9737-e66469f616ef;;LineBisection;2026-05-18 09:45:16.6219;Hands;1;OpenXR
Right;;Baseline;0;NoMitigation;None;anonymous;Sample;4650;0.6715;-0.0260;0.0223;-0.0047;0.5437;358.9676;0.2990;-0.0260;0.0223;-0.0047;0.9999;0.0047;-0.0090;0.0027;1;;;;;;;;;;;;;0;;;;;;;;0.0146;0.1240;0.9922;0.0136;-0.0605;0.5184;0.9980;-0.0621;0.0074;0.0005;;;;;;;;;;;;;0;0.0380;-0.0897;0.4136;335.3863;354.2877;345.0357;Palm;b974454d-ae33-4d16-9737-e66469f616ef;;LineBisection;2026-05-18 09:45:16.6569;Hands;1;OpenXR
Right;;Baseline;0;NoMitigation;None;anonymous;Sample;4653;0.6838;-0.0261;0.0220;-0.0049;0.7252;358.8346;0.2043;-0.0261;0.0220;-0.0049;0.9999;0.0063;-0.0102;0.0018;1;;;;;;;;;;;;;0;;;;;;;;0.0143;0.1261;0.9919;0.0138;-0.0608;0.5186;0.9980;-0.0632;0.0072;0.0005;;;;;;;;;;;;;0;0.0382;-0.0901;0.4138;335.3652;354.2451;345.1234;Palm;b974454d-ae33-4d16-9737-e66469f616ef;;LineBisection;2026-05-18 09:45:16.6808;Hands;1;OpenXR
Right;;Baseline;0;NoMitigation;None;anonymous;Sample;4656;0.6969;-0.0261;0.0218;-0.0048;0.8140;358.7354;0.2131;-0.0261;0.0218;-0.0048;0.9999;0.0071;-0.0110;0.0019;1;;;;;;;;;;;;;0;;;;;;;;0.0139;0.1279;0.9917;0.0140;-0.0610;0.5186;0.9979;-0.0641;0.0070;0.0005;;;;;;;;;;;;;0;0.0383;-0.0902;0.4137;335.3501;354.2480;345.1348;Palm;b974454d-ae33-4d16-9737-e66469f616ef;;LineBisection;2026-05-18 09:45:16.7071;Hands;1;OpenXR
Right;;Baseline;0;NoMitigation;None;anonymous;Sample;4658;0.7088;-0.0259;0.0218;-0.0048;0.8248;358.8344;0.2237;-0.0259;0.0218;-0.0048;0.9999;0.0072;-0.0102;0.0020;1;;;;;;;;;;;;;0;;;;;;;;0.0137;0.1292;0.9915;0.0140;-0.0611;0.5187;0.9979;-0.0647;0.0069;0.0004;;;;;;;;;;;;;0;0.0383;-0.0903;0.4137;335.3674;354.2534;345.1640;Palm;b974454d-ae33-4d16-9737-e66469f616ef;;LineBisection;2026-05-18 09:45:16.7304;Hands;1;OpenXR
Right;;Baseline;0;NoMitigation;None;anonymous;Sample;4661;0.7213;-0.0257;0.0217;-0.0048;0.8394;359.0029;0.1888;-0.0257;0.0217;-0.0048;0.9999;0.0073;-0.0087;0.0017;1;;;;;;;;;;;;;0;;;;;;;;0.0136;0.1302;0.9914;0.0141;-0.0612;0.5187;0.9978;-0.0653;0.0068;0.0004;;;;;;;;;;;;;0;0.0383;-0.0904;0.4136;335.3972;354.2736;345.1806;Palm;b974454d-ae33-4d16-9737-e66469f616ef;;LineBisection;2026-05-18 09:45:16.7558;Hands;1;OpenXR
Right;;Baseline;0;NoMitigation;None;anonymous;Sample;4663;0.7338;-0.0256;0.0215;-0.0046;0.8156;359.0185;0.1655;-0.0256;0.0215;-0.0046;0.9999;0.0071;-0.0086;0.0015;1;;;;;;;;;;;;;0;;;;;;;;0.0138;0.1308;0.9913;0.0142;-0.0613;0.5186;0.9978;-0.0655;0.0070;0.0005;;;;;;;;;;;;;0;0.0383;-0.0904;0.4135;335.4540;354.3281;345.1649;Palm;b974454d-ae33-4d16-9737-e66469f616ef;;LineBisection;2026-05-18 09:45:16.7814;Hands;1;OpenXR
Right;;Baseline;0;NoMitigation;None;anonymous;Sample;4666;0.7463;-0.0254;0.0212;-0.0045;0.8990;359.0409;0.1307;-0.0254;0.0212;-0.0045;0.9999;0.0078;-0.0084;0.0012;1;;;;;;;;;;;;;0;;;;;;;;0.0149;0.1301;0.9914;0.0144;-0.0615;0.5186;0.9978;-0.0652;0.0075;0.0005;;;;;;;;;;;;;0;0.0384;-0.0904;0.4133;335.6730;354.5280;345.0990;Palm;b974454d-ae33-4d16-9737-e66469f616ef;;LineBisection;2026-05-18 09:45:16.8058;Hands;1;OpenXR
Right;;Baseline;0;NoMitigation;None;anonymous;Sample;4668;0.7590;-0.0253;0.0212;-0.0045;0.9365;359.0654;0.2114;-0.0253;0.0212;-0.0045;0.9999;0.0082;-0.0082;0.0019;1;;;;;;;;;;;;;0;;;;;;;;0.0168;0.1286;0.9916;0.0146;-0.0618;0.5185;0.9979;-0.0644;0.0085;0.0005;;;;;;;;;;;;;0;0.0384;-0.0904;0.4130;335.8235;354.6457;345.0613;Palm;b974454d-ae33-4d16-9737-e66469f616ef;;LineBisection;2026-05-18 09:45:16.8310;Hands;1;OpenXR
Right;;Baseline;0;NoMitigation;None;anonymous;Sample;4671;0.7713;-0.0252;0.0212;-0.0044;0.9986;359.1653;0.2674;-0.0252;0.0212;-0.0044;0.9999;0.0087;-0.0073;0.0024;1;;;;;;;;;;;;;0;;;;;;;;0.0183;0.1277;0.9916;0.0146;-0.0619;0.5182;0.9979;-0.0640;0.0092;0.0006;;;;;;;;;;;;;0;0.0380;-0.0904;0.4124;335.9521;354.7597;345.0309;Palm;b974454d-ae33-4d16-9737-e66469f616ef;;LineBisection;2026-05-18 09:45:16.8559;Hands;1;OpenXR
Right;;Baseline;0;NoMitigation;None;anonymous;Sample;4674;0.7880;-0.0253;0.0211;-0.0042;1.1166;359.0885;0.1528;-0.0253;0.0211;-0.0042;0.9999;0.0097;-0.0080;0.0014;1;;;;;;;;;;;;;0;;;;;;;;0.0202;0.1270;0.9917;0.0146;-0.0620;0.5178;0.9979;-0.0636;0.0102;0.0006;;;;;;;;;;;;;0;0.0377;-0.0904;0.4120;336.0197;354.8230;345.0090;Palm;b974454d-ae33-4d16-9737-e66469f616ef;;LineBisection;2026-05-18 09:45:16.8899;Hands;1;OpenXR
Right;;Baseline;0;NoMitigation;None;anonymous;Sample;4677;0.8004;-0.0253;0.0210;-0.0042;1.2216;359.0717;0.1360;-0.0253;0.0210;-0.0042;0.9999;0.0107;-0.0081;0.0013;1;;;;;;;;;;;;;0;;;;;;;;0.0212;0.1271;0.9917;0.0145;-0.0621;0.5176;0.9979;-0.0637;0.0107;0.0007;;;;;;;;;;;;;0;0.0374;-0.0905;0.4116;336.0592;354.8666;344.9876;Palm;b974454d-ae33-4d16-9737-e66469f616ef;;LineBisection;2026-05-18 09:45:16.9142;Hands;1;OpenXR
Right;;Baseline;0;NoMitigation;None;anonymous;Sample;4679;0.8132;-0.0253;0.0210;-0.0041;1.1944;359.0659;0.1962;-0.0253;0.0210;-0.0041;0.9999;0.0104;-0.0082;0.0018;1;;;;;;;;;;;;;0;;;;;;;;0.0219;0.1275;0.9916;0.0143;-0.0622;0.5172;0.9979;-0.0639;0.0110;0.0007;;;;;;;;;;;;;0;0.0373;-0.0905;0.4113;336.0753;354.8591;344.9899;Palm;b974454d-ae33-4d16-9737-e66469f616ef;;LineBisection;2026-05-18 09:45:16.9395;Hands;1;OpenXR
Right;;Baseline;0;NoMitigation;None;anonymous;Sample;4682;0.8254;-0.0254;0.0209;-0.0039;1.2352;359.0171;0.2075;-0.0254;0.0209;-0.0039;0.9999;0.0108;-0.0086;0.0019;1;;;;;;;;;;;;;0;;;;;;;;0.0221;0.1278;0.9916;0.0142;-0.0622;0.5169;0.9979;-0.0640;0.0111;0.0007;;;;;;;;;;;;;0;0.0372;-0.0906;0.4111;336.0990;354.8423;344.9839;Palm;b974454d-ae33-4d16-9737-e66469f616ef;;LineBisection;2026-05-18 09:45:16.9645;Hands;1;OpenXR
Right;;Baseline;0;NoMitigation;None;anonymous;Sample;4684;0.8383;-0.0255;0.0209;-0.0038;1.2720;358.9237;0.1989;-0.0255;0.0209;-0.0038;0.9999;0.0111;-0.0094;0.0018;1;;;;;;;;;;;;;0;;;;;;;;0.0222;0.1282;0.9915;0.0141;-0.0622;0.5168;0.9979;-0.0642;0.0112;0.0007;;;;;;;;;;;;;0;0.0372;-0.0906;0.4111;336.1079;354.8417;344.9808;Palm;b974454d-ae33-4d16-9737-e66469f616ef;;LineBisection;2026-05-18 09:45:16.9897;Hands;1;OpenXR
Right;;Baseline;0;NoMitigation;None;anonymous;Sample;4687;0.8504;-0.0257;0.0207;-0.0037;1.3851;358.9083;0.1957;-0.0257;0.0207;-0.0037;0.9999;0.0121;-0.0095;0.0018;1;;;;;;;;;;;;;0;;;;;;;;0.0221;0.1286;0.9915;0.0141;-0.0622;0.5167;0.9979;-0.0644;0.0111;0.0007;;;;;;;;;;;;;0;0.0372;-0.0905;0.4111;336.1251;354.8380;344.9586;Palm;b974454d-ae33-4d16-9737-e66469f616ef;;LineBisection;2026-05-18 09:45:17.0141;Hands;1;OpenXR
Right;;Baseline;0;NoMitigation;None;anonymous;Sample;4689;0.8631;-0.0258;0.0206;-0.0037;1.4554;358.9769;0.2260;-0.0258;0.0206;-0.0037;0.9999;0.0127;-0.0090;0.0021;1;;;;;;;;;;;;;0;;;;;;;;0.0218;0.1289;0.9914;0.0140;-0.0621;0.5166;0.9979;-0.0646;0.0110;0.0007;;;;;;;;;;;;;0;0.0372;-0.0904;0.4110;336.1259;354.8249;344.9370;Palm;b974454d-ae33-4d16-9737-e66469f616ef;;LineBisection;2026-05-18 09:45:17.0400;Hands;1;OpenXR
Right;;Baseline;0;NoMitigation;None;anonymous;Sample;4692;0.8754;-0.0258;0.0204;-0.0035;1.5991;358.9334;0.2311;-0.0258;0.0204;-0.0035;0.9999;0.0139;-0.0093;0.0021;1;;;;;;;;;;;;;0;;;;;;;;0.0212;0.1291;0.9914;0.0139;-0.0620;0.5165;0.9978;-0.0647;0.0107;0.0007;;;;;;;;;;;;;0;0.0371;-0.0902;0.4110;336.1033;354.7669;344.8830;Palm;b974454d-ae33-4d16-9737-e66469f616ef;;LineBisection;2026-05-18 09:45:17.0638;Hands;1;OpenXR
Right;;Baseline;0;NoMitigation;None;anonymous;Sample;4694;0.8881;-0.0258;0.0203;-0.0034;1.7510;358.8487;0.2665;-0.0258;0.0203;-0.0034;0.9998;0.0153;-0.0101;0.0025;1;;;;;;;;;;;;;0;;;;;;;;0.0200;0.1297;0.9913;0.0137;-0.0618;0.5164;0.9978;-0.0650;0.0101;0.0007;;;;;;;;;;;;;0;0.0371;-0.0901;0.4109;336.0545;354.7019;344.8423;Palm;b974454d-ae33-4d16-9737-e66469f616ef;;LineBisection;2026-05-18 09:45:17.0901;Hands;1;OpenXR
Right;;Baseline;0;NoMitigation;None;anonymous;Sample;4697;0.9007;-0.0259;0.0200;-0.0034;1.9480;358.7435;0.2976;-0.0259;0.0200;-0.0034;0.9998;0.0170;-0.0110;0.0028;1;;;;;;;;;;;;;0;;;;;;;;0.0178;0.1315;0.9912;0.0135;-0.0614;0.5163;0.9978;-0.0659;0.0089;0.0006;;;;;;;;;;;;;0;0.0370;-0.0897;0.4108;335.8345;354.4749;344.7425;Palm;b974454d-ae33-4d16-9737-e66469f616ef;;LineBisection;2026-05-18 09:45:17.1139;Hands;1;OpenXR
Right;;Baseline;0;NoMitigation;None;anonymous;Sample;4699;0.9129;-0.0260;0.0199;-0.0032;2.0424;358.6622;0.2592;-0.0260;0.0199;-0.0032;0.9998;0.0178;-0.0117;0.0025;1;;;;;;;;;;;;;0;;;;;;;;0.0157;0.1334;0.9909;0.0132;-0.0610;0.5162;0.9977;-0.0668;0.0079;0.0005;;;;;;;;;;;;;0;0.0369;-0.0895;0.4110;335.7280;354.3749;344.7596;Palm;b974454d-ae33-4d16-9737-e66469f616ef;;LineBisection;2026-05-18 09:45:17.1393;Hands;1;OpenXR
Right;;Baseline;0;NoMitigation;None;anonymous;Sample;4702;0.9263;-0.0259;0.0197;-0.0028;2.1532;358.5570;0.2799;-0.0259;0.0197;-0.0028;0.9997;0.0188;-0.0126;0.0027;1;;;;;;;;;;;;;0;;;;;;;;0.0137;0.1355;0.9907;0.0130;-0.0606;0.5162;0.9977;-0.0679;0.0069;0.0005;;;;;;;;;;;;;0;0.0370;-0.0894;0.4112;335.6830;354.3253;344.7668;Palm;b974454d-ae33-4d16-9737-e66469f616ef;;LineBisection;2026-05-18 09:45:17.1658;Hands;1;OpenXR
Right;;Baseline;0;NoMitigation;None;anonymous;Sample;4704;0.9378;-0.0260;0.0197;-0.0027;2.1131;358.5092;0.2531;-0.0260;0.0197;-0.0027;0.9997;0.0184;-0.0130;0.0024;1;;;;;;;;;;;;;0;;;;;;;;0.0124;0.1368;0.9905;0.0129;-0.0604;0.5163;0.9976;-0.0686;0.0063;0.0004;;;;;;;;;;;;;0;0.0373;-0.0894;0.4116;335.6662;354.2991;344.7693;Palm;b974454d-ae33-4d16-9737-e66469f616ef;;LineBisection;2026-05-18 09:45:17.1890;Hands;1;OpenXR
Right;;Baseline;0;NoMitigation;None;anonymous;Sample;4707;0.9545;-0.0260;0.0197;-0.0027;2.1563;358.4735;0.2810;-0.0260;0.0197;-0.0027;0.9997;0.0188;-0.0134;0.0027;1;;;;;;;;;;;;;0;;;;;;;;0.0108;0.1384;0.9903;0.0129;-0.0602;0.5167;0.9976;-0.0694;0.0054;0.0004;;;;;;;;;;;;;0;0.0374;-0.0894;0.4120;335.6811;354.2769;344.7729;Palm;b974454d-ae33-4d16-9737-e66469f616ef;;LineBisection;2026-05-18 09:45:17.2230;Hands;1;OpenXR
Right;;Baseline;0;NoMitigation;None;anonymous;Sample;4710;0.9675;-0.0260;0.0197;-0.0024;2.2777;358.3233;0.3967;-0.0260;0.0197;-0.0024;0.9997;0.0198;-0.0147;0.0038;1;;;;;;;;;;;;;0;;;;;;;;0.0096;0.1390;0.9902;0.0129;-0.0602;0.5170;0.9976;-0.0697;0.0049;0.0003;;;;;;;;;;;;;0;0.0375;-0.0895;0.4124;335.7188;354.2497;344.7805;Palm;b974454d-ae33-4d16-9737-e66469f616ef;;LineBisection;2026-05-18 09:45:17.2488;Hands;1;OpenXR
Right;;Baseline;0;NoMitigation;None;anonymous;Sample;4712;0.9795;-0.0259;0.0196;-0.0024;2.5501;358.1421;0.5053;-0.0259;0.0196;-0.0024;0.9996;0.0222;-0.0163;0.0048;1;;;;;;;;;;;;;0;;;;;;;;0.0086;0.1396;0.9902;0.0129;-0.0602;0.5172;0.9975;-0.0700;0.0043;0.0003;;;;;;;;;;;;;0;0.0376;-0.0895;0.4124;335.7354;354.2282;344.7639;Palm;b974454d-ae33-4d16-9737-e66469f616ef;;LineBisection;2026-05-18 09:45:17.2727;Hands;1;OpenXR
Right;;Baseline;0;NoMitigation;None;anonymous;Sample;4715;0.9963;-0.0260;0.0193;-0.0027;2.8304;358.0550;0.4567;-0.0260;0.0193;-0.0027;0.9995;0.0246;-0.0171;0.0044;1;;;;;;;;;;;;;0;;;;;;;;0.0070;0.1404;0.9901;0.0128;-0.0602;0.5173;0.9975;-0.0704;0.0035;0.0002;;;;;;;;;;;;;0;0.0376;-0.0895;0.4123;335.7517;354.2042;344.7253;Palm;b974454d-ae33-4d16-9737-e66469f616ef;;LineBisection;2026-05-18 09:45:17.3061;Hands;1;OpenXR
Right;;Baseline;0;NoMitigation;None;anonymous;Sample;4718;1.0000;-0.0263;0.0192;-0.0026;3.0695;357.8188;0.5721;-0.0263;0.0192;-0.0026;0.9994;0.0267;-0.0192;0.0055;1;;;;;;;;;;;;;0;;;;;;;;0.0056;0.1410;0.9900;0.0128;-0.0601;0.5172;0.9975;-0.0707;0.0028;0.0002;;;;;;;;;;;;;0;0.0378;-0.0895;0.4122;335.7581;354.1667;344.6441;Palm;b974454d-ae33-4d16-9737-e66469f616ef;;LineBisection;2026-05-18 09:45:17.3320;Hands;2;OpenXR
Right;;Baseline;0;NoMitigation;None;anonymous;Sample;4720;1.0000;-0.0264;0.0191;-0.0026;3.1452;357.7243;0.7099;-0.0264;0.0191;-0.0026;0.9994;0.0273;-0.0200;0.0067;1;;;;;;;;;;;;;0;;;;;;;;0.0046;0.1415;0.9899;0.0128;-0.0601;0.5172;0.9975;-0.0709;0.0023;0.0002;;;;;;;;;;;;;0;0.0379;-0.0895;0.4122;335.7540;354.1634;344.5982;Palm;b974454d-ae33-4d16-9737-e66469f616ef;;LineBisection;2026-05-18 09:45:17.3553;Hands;2;OpenXR
Right;;Baseline;0;NoMitigation;None;anonymous;Sample;4723;1.0000;-0.0265;0.0189;-0.0026;3.3357;357.7912;0.6686;-0.0265;0.0189;-0.0026;0.9994;0.0290;-0.0194;0.0064;1;;;;;;;;;;;;;0;;;;;;;;0.0034;0.1422;0.9898;0.0129;-0.0599;0.5172;0.9975;-0.0713;0.0017;0.0001;;;;;;;;;;;;;0;0.0381;-0.0894;0.4122;335.7558;354.1725;344.5584;Palm;b974454d-ae33-4d16-9737-e66469f616ef;;LineBisection;2026-05-18 09:45:17.3898;Hands;2;OpenXR
Right;;Baseline;0;NoMitigation;None;anonymous;Sample;4726;1.0000;-0.0263;0.0188;-0.0022;3.4679;357.8052;0.7357;-0.0263;0.0188;-0.0022;0.9993;0.0301;-0.0193;0.0070;1;;;;;;;;;;;;;0;;;;;;;;0.0027;0.1430;0.9897;0.0131;-0.0598;0.5172;0.9974;-0.0717;0.0014;0.0001;;;;;;;;;;;;;0;0.0383;-0.0893;0.4122;335.7543;354.1969;344.5005;Palm;b974454d-ae33-4d16-9737-e66469f616ef;;LineBisection;2026-05-18 09:45:17.4322;Hands;2;OpenXR
Right;;Baseline;0;NoMitigation;None;anonymous;Sample;4728;1.0000;-0.0261;0.0186;-0.0022;3.9720;357.7989;0.8267;-0.0261;0.0186;-0.0022;0.9992;0.0345;-0.0194;0.0079;1;;;;;;;;;;;;;0;;;;;;;;0.0048;0.1419;0.9899;0.0138;-0.0601;0.5171;0.9975;-0.0711;0.0024;0.0002;;;;;;;;;;;;;0;0.0390;-0.0898;0.4119;335.9455;354.5114;344.2370;Palm;b974454d-ae33-4d16-9737-e66469f616ef;;LineBisection;2026-05-18 09:45:17.4653;Hands;2;OpenXR
Right;;Baseline;0;NoMitigation;None;anonymous;Sample;4731;1.0000;-0.0260;0.0186;-0.0021;4.0538;357.8111;0.7990;-0.0260;0.0186;-0.0021;0.9992;0.0352;-0.0193;0.0076;1;;;;;;;;;;;;;0;;;;;;;;0.0069;0.1408;0.9900;0.0144;-0.0604;0.5171;0.9975;-0.0706;0.0035;0.0002;;;;;;;;;;;;;0;0.0394;-0.0900;0.4117;336.0692;354.7557;344.0713;Palm;b974454d-ae33-4d16-9737-e66469f616ef;;LineBisection;2026-05-18 09:45:17.4893;Hands;2;OpenXR
Right;;Baseline;0;NoMitigation;None;anonymous;Sample;4732;1.0000;-0.0260;0.0183;-0.0021;4.0107;357.8029;0.7313;-0.0260;0.0183;-0.0021;0.9992;0.0349;-0.0194;0.0070;1;;;;;;;;;;;;;0;;;;;;;;0.0097;0.1394;0.9902;0.0150;-0.0607;0.5170;0.9975;-0.0699;0.0049;0.0003;;;;;;;;;;;;;0;0.0396;-0.0900;0.4116;336.1103;354.8365;344.0194;Palm;b974454d-ae33-4d16-9737-e66469f616ef;;LineBisection;2026-05-18 09:45:17.5152;Hands;2;OpenXR
Right;;Baseline;0;NoMitigation;None;anonymous;Sample;4735;1.0000;-0.0259;0.0181;-0.0020;4.0479;357.7521;0.7829;-0.0259;0.0181;-0.0020;0.9992;0.0352;-0.0198;0.0075;1;;;;;;;;;;;;;0;;;;;;;;0.0147;0.1371;0.9905;0.0158;-0.0609;0.5163;0.9976;-0.0687;0.0074;0.0005;;;;;;;;;;;;;0;0.0398;-0.0898;0.4099;336.4279;355.3203;343.8035;Palm;b974454d-ae33-4d16-9737-e66469f616ef;;LineBisection;2026-05-18 09:45:17.5471;Hands;2;OpenXR
Right;;Baseline;0;NoMitigation;None;anonymous;Sample;4738;1.0000;-0.0258;0.0181;-0.0019;4.0492;357.6668;0.8734;-0.0258;0.0181;-0.0019;0.9991;0.0352;-0.0206;0.0083;1;;;;;;;;;;;;;0;;;;;;;;0.0186;0.1350;0.9907;0.0163;-0.0612;0.5159;0.9977;-0.0677;0.0094;0.0006;;;;;;;;;;;;;0;0.0398;-0.0898;0.4094;336.6901;355.6215;343.7314;Palm;b974454d-ae33-4d16-9737-e66469f616ef;;LineBisection;2026-05-18 09:45:17.5732;Hands;2;OpenXR
Right;;Baseline;0;NoMitigation;None;anonymous;Sample;4740;1.0000;-0.0258;0.0182;-0.0020;4.1756;357.7228;0.8887;-0.0258;0.0182;-0.0020;0.9991;0.0363;-0.0201;0.0085;1;;;;;;;;;;;;;0;;;;;;;;0.0214;0.1332;0.9909;0.0167;-0.0615;0.5156;0.9977;-0.0667;0.0108;0.0007;;;;;;;;;;;;;0;0.0399;-0.0898;0.4093;336.8048;355.7513;343.7061;Palm;b974454d-ae33-4d16-9737-e66469f616ef;;LineBisection;2026-05-18 09:45:17.5970;Hands;2;OpenXR
Right;;Baseline;0;NoMitigation;None;anonymous;Sample;4742;1.0000;-0.0257;0.0182;-0.0020;4.1725;357.7062;0.8775;-0.0257;0.0182;-0.0020;0.9991;0.0362;-0.0203;0.0084;1;;;;;;;;;;;;;0;;;;;;;;0.0237;0.1293;0.9913;0.0170;-0.0619;0.5154;0.9978;-0.0648;0.0119;0.0008;;;;;;;;;;;;;0;0.0399;-0.0895;0.4091;336.9121;355.8238;343.8011;Palm;b974454d-ae33-4d16-9737-e66469f616ef;;LineBisection;2026-05-18 09:45:17.6218;Hands;2;OpenXR
Right;;Baseline;0;NoMitigation;None;anonymous;Sample;4745;1.0000;-0.0255;0.0183;-0.0019;4.0057;357.7853;0.8889;-0.0255;0.0183;-0.0019;0.9992;0.0348;-0.0196;0.0084;1;;;;;;;;;;;;;0;;;;;;;;0.0243;0.1218;0.9923;0.0171;-0.0621;0.5149;0.9981;-0.0610;0.0122;0.0007;;;;;;;;;;;;;0;0.0399;-0.0882;0.4080;337.0729;355.8400;344.0135;Palm;b974454d-ae33-4d16-9737-e66469f616ef;;LineBisection;2026-05-18 09:45:17.6549;Hands;2;OpenXR
Right;;Baseline;0;NoMitigation;None;anonymous;Sample;4748;1.0000;-0.0255;0.0181;-0.0018;4.0672;357.7503;0.9009;-0.0255;0.0181;-0.0018;0.9991;0.0353;-0.0199;0.0086;1;;;;;;;;;;;;;0;;;;;;;;0.0225;0.1154;0.9931;0.0169;-0.0619;0.5143;0.9983;-0.0578;0.0113;0.0007;;;;;;;;;;;;;0;0.0399;-0.0873;0.4073;337.1362;355.7318;344.2047;Palm;b974454d-ae33-4d16-9737-e66469f616ef;;LineBisection;2026-05-18 09:45:17.6889;Hands;2;OpenXR
Right;;Baseline;0;NoMitigation;None;anonymous;Sample;4751;1.0000;-0.0255;0.0180;-0.0017;4.1328;357.6902;0.8892;-0.0255;0.0180;-0.0017;0.9991;0.0359;-0.0204;0.0085;1;;;;;;;;;;;;;0;;;;;;;;0.0207;0.1127;0.9934;0.0166;-0.0618;0.5139;0.9984;-0.0565;0.0104;0.0006;;;;;;;;;;;;;0;0.0398;-0.0872;0.4072;337.1633;355.6061;344.4184;Palm;b974454d-ae33-4d16-9737-e66469f616ef;;LineBisection;2026-05-18 09:45:17.7215;Hands;2;OpenXR
Right;;Baseline;0;NoMitigation;None;anonymous;Sample;4754;1.0000;-0.0255;0.0179;-0.0016;4.1689;357.6713;0.7851;-0.0255;0.0179;-0.0016;0.9991;0.0362;-0.0206;0.0076;1;;;;;;;;;;;;;0;;;;;;;;0.0196;0.1126;0.9934;0.0165;-0.0617;0.5138;0.9984;-0.0564;0.0098;0.0006;;;;;;;;;;;;;0;0.0398;-0.0869;0.4072;337.1194;355.5036;344.6145;Palm;b974454d-ae33-4d16-9737-e66469f616ef;;LineBisection;2026-05-18 09:45:17.7477;Hands;2;OpenXR
Right;;Baseline;0;NoMitigation;None;anonymous;Sample;4756;1.0000;-0.0256;0.0179;-0.0017;4.1927;357.6338;0.7599;-0.0256;0.0179;-0.0017;0.9991;0.0364;-0.0209;0.0074;1;;;;;;;;;;;;;0;;;;;;;;0.0189;0.1129;0.9934;0.0164;-0.0616;0.5137;0.9984;-0.0566;0.0095;0.0005;;;;;;;;;;;;;0;0.0398;-0.0869;0.4072;337.1028;355.4966;344.6410;Palm;b974454d-ae33-4d16-9737-e66469f616ef;;LineBisection;2026-05-18 09:45:17.7709;Hands;2;OpenXR
Right;;Baseline;0;NoMitigation;None;anonymous;Sample;4758;1.0000;-0.0255;0.0179;-0.0017;4.1777;357.6430;0.8139;-0.0255;0.0179;-0.0017;0.9991;0.0363;-0.0208;0.0078;1;;;;;;;;;;;;;0;;;;;;;;0.0184;0.1136;0.9934;0.0163;-0.0615;0.5136;0.9983;-0.0569;0.0093;0.0005;;;;;;;;;;;;;0;0.0398;-0.0869;0.4072;337.0800;355.4885;344.6743;Palm;b974454d-ae33-4d16-9737-e66469f616ef;;LineBisection;2026-05-18 09:45:17.7958;Hands;2;OpenXR
Right;;Baseline;0;NoMitigation;None;anonymous;Sample;4760;1.0000;-0.0254;0.0180;-0.0017;4.1266;357.7549;0.7883;-0.0254;0.0180;-0.0017;0.9991;0.0359;-0.0198;0.0076;1;;;;;;;;;;;;;0;;;;;;;;0.0181;0.1147;0.9932;0.0162;-0.0614;0.5135;0.9983;-0.0574;0.0091;0.0005;;;;;;;;;;;;;0;0.0398;-0.0869;0.4070;337.0494;355.4889;344.6829;Palm;b974454d-ae33-4d16-9737-e66469f616ef;;LineBisection;2026-05-18 09:45:17.8201;Hands;2;OpenXR
Right;;Baseline;0;NoMitigation;None;anonymous;Sample;4763;1.0000;-0.0252;0.0180;-0.0017;4.1475;357.8706;0.6699;-0.0252;0.0180;-0.0017;0.9992;0.0361;-0.0188;0.0065;1;;;;;;;;;;;;;0;;;;;;;;0.0178;0.1164;0.9930;0.0162;-0.0611;0.5133;0.9983;-0.0583;0.0090;0.0005;;;;;;;;;;;;;0;0.0398;-0.0867;0.4069;336.9515;355.4861;344.7202;Palm;b974454d-ae33-4d16-9737-e66469f616ef;;LineBisection;2026-05-18 09:45:17.8541;Hands;2;OpenXR
Right;;Baseline;0;NoMitigation;None;anonymous;Sample;4766;1.0000;-0.0249;0.0178;-0.0016;4.2082;358.0012;0.5682;-0.0249;0.0178;-0.0016;0.9992;0.0366;-0.0176;0.0056;1;;;;;;;;;;;;;0;;;;;;;;0.0173;0.1173;0.9929;0.0160;-0.0609;0.5134;0.9982;-0.0587;0.0087;0.0005;;;;;;;;;;;;;0;0.0397;-0.0865;0.4071;336.8189;355.4502;344.8577;Palm;b974454d-ae33-4d16-9737-e66469f616ef;;LineBisection;2026-05-18 09:45:17.8875;Hands;2;OpenXR
Right;;Baseline;0;NoMitigation;None;anonymous;Sample;4769;1.0000;-0.0246;0.0177;-0.0016;4.2246;358.0356;0.6016;-0.0246;0.0177;-0.0016;0.9992;0.0368;-0.0173;0.0059;1;;;;;;;;;;;;;0;;;;;;;;0.0166;0.1162;0.9931;0.0159;-0.0608;0.5134;0.9983;-0.0582;0.0083;0.0005;;;;;;;;;;;;;0;0.0397;-0.0865;0.4073;336.7055;355.3997;345.0522;Palm;b974454d-ae33-4d16-9737-e66469f616ef;;LineBisection;2026-05-18 09:45:17.9204;Hands;2;OpenXR
Right;;Baseline;0;NoMitigation;None;anonymous;Sample;4772;1.0000;-0.0245;0.0175;-0.0017;4.3233;357.9901;0.6212;-0.0245;0.0175;-0.0017;0.9991;0.0376;-0.0177;0.0061;1;;;;;;;;;;;;;0;;;;;;;;-0.0177;-0.1024;0.9946;0.0139;-0.0757;0.5127;0.9986;0.0513;-0.0089;0.0005;;;;;;;;;;;;;0;0.0399;-0.0868;0.4068;336.5925;355.1210;347.9352;Palm;b974454d-ae33-4d16-9737-e66469f616ef;;LineBisection;2026-05-18 09:45:17.9538;Hands;2;OpenXR
Right;;Baseline;0;NoMitigation;None;anonymous;Sample;4775;1.0000;-0.0245;0.0174;-0.0018;4.3718;357.8806;0.6118;-0.0245;0.0174;-0.0018;0.9991;0.0380;-0.0187;0.0060;1;;;;;;;;;;;;;0;;;;;;;;-0.0470;-0.4728;0.8799;0.0127;-0.0992;0.5045;0.9695;0.2437;-0.0259;0.0065;;;;;;;;;;;;;0;0.0405;-0.0868;0.4066;336.1149;354.8699;351.3958;Palm;b974454d-ae33-4d16-9737-e66469f616ef;;LineBisection;2026-05-18 09:45:17.9869;Hands;2;OpenXR
Right;;Baseline;0;NoMitigation;None;anonymous;Sample;4777;1.0000;-0.0245;0.0174;-0.0017;4.3004;357.8621;0.6090;-0.0245;0.0174;-0.0017;0.9991;0.0374;-0.0188;0.0060;1;;;;;;;;;;;;;0;;;;;;;;-0.0645;-0.7382;0.6715;0.0123;-0.1151;0.4932;0.9140;0.4029;-0.0438;0.0193;;;;;;;;;;;;;0;0.0408;-0.0866;0.4067;335.6056;354.6031;352.5432;Palm;b974454d-ae33-4d16-9737-e66469f616ef;;LineBisection;2026-05-18 09:45:18.0111;Hands;2;OpenXR
Right;;Baseline;0;NoMitigation;None;anonymous;Sample;4780;1.0000;-0.0245;0.0174;-0.0016;4.2604;357.8711;0.6449;-0.0245;0.0174;-0.0016;0.9991;0.0371;-0.0188;0.0063;1;;;;;;;;;;;;;0;;;;;;;;-0.0854;-0.9477;0.3074;0.0118;-0.1267;0.4759;0.8047;0.5782;-0.1096;0.0788;;;;;;;;;;;;;0;0.0419;-0.0858;0.4076;334.2866;353.8483;353.1678;Palm;b974454d-ae33-4d16-9737-e66469f616ef;;LineBisection;2026-05-18 09:45:18.0451;Hands;2;OpenXR
Right;;Baseline;0;NoMitigation;None;anonymous;Sample;4783;0.0000;-0.0243;0.0173;-0.0016;4.2923;357.8647;0.6582;-0.0243;0.0173;-0.0016;0.9991;0.0373;-0.0188;0.0064;0;;;;;;;;;;;;;0;;;;;;;;-0.0875;-0.9961;-0.0110;0.0125;-0.1308;0.4624;-0.4879;-0.4466;0.5532;-0.5064;;;;;;;;;;;;;0;0.0433;-0.0851;0.4088;333.2327;352.9168;354.1393;Palm;b974454d-ae33-4d16-9737-e66469f616ef;;LineBisection;2026-05-18 09:45:18.0781;Hands;2;OpenXR
Right;;Baseline;0;NoMitigation;None;anonymous;Sample;4785;0.0000;-0.0243;0.0172;-0.0016;4.3163;357.8784;0.6671;-0.0243;0.0172;-0.0016;0.9991;0.0375;-0.0187;0.0065;0;;;;;;;;;;;;;0;;;;;;;;-0.0863;-0.9789;-0.1854;0.0129;-0.1312;0.4552;-0.1677;-0.1363;0.7577;-0.6158;;;;;;;;;;;;;0;0.0437;-0.0848;0.4092;332.9140;352.4953;354.1244;Palm;b974454d-ae33-4d16-9737-e66469f616ef;;LineBisection;2026-05-18 09:45:18.1035;Hands;2;OpenXR
Right;;Baseline;0;NoMitigation;None;anonymous;Sample;4788;0.0000;-0.0242;0.0172;-0.0015;4.3173;357.8565;0.7005;-0.0242;0.0172;-0.0015;0.9991;0.0375;-0.0189;0.0068;0;;;;;;;;;;;;;0;;;;;;;;-0.0903;-0.9764;-0.1961;0.0131;-0.1296;0.4563;-0.1669;-0.1340;0.7616;-0.6116;;;;;;;;;;;;;0;0.0442;-0.0842;0.4097;332.4498;352.2330;353.9091;Palm;b974454d-ae33-4d16-9737-e66469f616ef;;LineBisection;2026-05-18 09:45:18.1361;Hands;2;OpenXR
Right;;Baseline;0;NoMitigation;None;anonymous;Sample;4791;0.0000;-0.0241;0.0171;-0.0014;4.3204;357.8306;0.5827;-0.0241;0.0171;-0.0014;0.9991;0.0376;-0.0191;0.0058;1;;;;;;;;;;;;;0;;;;;;;;-0.1135;-0.9862;0.1208;0.0135;-0.1219;0.4728;0.7098;0.6005;-0.2812;0.2379;;;;;;;;;;;;;0;0.0452;-0.0834;0.4104;331.9449;353.1999;351.5510;Palm;b974454d-ae33-4d16-9737-e66469f616ef;;LineBisection;2026-05-18 09:45:18.1696;Hands;2;OpenXR
Right;;Baseline;0;NoMitigation;None;anonymous;Sample;4793;0.0124;-0.0241;0.0170;-0.0014;4.3554;357.7951;0.5027;-0.0241;0.0170;-0.0014;0.9991;0.0379;-0.0194;0.0051;1;;;;;;;;;;;;;0;;;;;;;;-0.1223;-0.8571;0.5005;0.0151;-0.1075;0.4902;0.8642;0.4888;-0.1040;0.0588;;;;;;;;;;;;;0;0.0460;-0.0837;0.4112;332.3083;354.2470;348.4252;Palm;b974454d-ae33-4d16-9737-e66469f616ef;;LineBisection;2026-05-18 09:45:18.1939;Hands;2;OpenXR
Right;;Baseline;0;NoMitigation;None;anonymous;Sample;4796;0.0291;-0.0241;0.0169;-0.0013;4.3480;357.8656;0.5112;-0.0241;0.0169;-0.0013;0.9991;0.0378;-0.0188;0.0052;1;;;;;;;;;;;;;0;;;;;;;;-0.1052;-0.6135;0.7827;0.0179;-0.0919;0.5036;0.9439;0.3235;-0.0631;0.0216;;;;;;;;;;;;;0;0.0467;-0.0848;0.4117;333.2956;355.2977;345.4122;Palm;b974454d-ae33-4d16-9737-e66469f616ef;;LineBisection;2026-05-18 09:45:18.2276;Hands;2;OpenXR
Right;;Baseline;0;NoMitigation;None;anonymous;Sample;4798;0.0416;-0.0242;0.0168;-0.0013;4.3587;357.8955;0.4717;-0.0242;0.0168;-0.0013;0.9991;0.0379;-0.0185;0.0048;1;;;;;;;;;;;;;0;;;;;;;;-0.0659;-0.3806;0.9224;0.0209;-0.0794;0.5104;0.9804;0.1939;-0.0350;0.0069;;;;;;;;;;;;;0;0.0468;-0.0856;0.4120;333.9568;355.6274;344.1053;Palm;b974454d-ae33-4d16-9737-e66469f616ef;;LineBisection;2026-05-18 09:45:18.2524;Hands;2;OpenXR
Right;;Baseline;0;NoMitigation;None;anonymous;Sample;4801;0.0585;-0.0243;0.0167;-0.0013;4.3657;357.9159;0.5080;-0.0243;0.0167;-0.0013;0.9991;0.0380;-0.0183;0.0051;1;;;;;;;;;;;;;0;;;;;;;;-0.0087;-0.1057;0.9944;0.0238;-0.0659;0.5141;0.9986;0.0529;-0.0044;0.0002;;;;;;;;;;;;;0;0.0461;-0.0872;0.4122;335.0409;355.5475;343.2523;Palm;b974454d-ae33-4d16-9737-e66469f616ef;;LineBisection;2026-05-18 09:45:18.2869;Hands;2;OpenXR
Right;;Baseline;0;NoMitigation;None;anonymous;Sample;4803;0.0710;-0.0243;0.0166;-0.0013;4.4230;357.9696;0.5176;-0.0243;0.0166;-0.0013;0.9991;0.0385;-0.0179;0.0052;1;;;;;;;;;;;;;0;;;;;;;;0.0315;0.1052;0.9940;0.0252;-0.0553;0.5141;0.9985;-0.0527;0.0158;0.0008;;;;;;;;;;;;;0;0.0458;-0.0877;0.4123;335.4246;355.2621;343.3404;Palm;b974454d-ae33-4d16-9737-e66469f616ef;;LineBisection;2026-05-18 09:45:18.3117;Hands;2;OpenXR
Right;;Baseline;0;NoMitigation;None;anonymous;Sample;4806;0.0877;-0.0244;0.0164;-0.0014;4.5509;357.9621;0.4044;-0.0244;0.0164;-0.0014;0.9990;0.0396;-0.0179;0.0042;1;;;;;;;;;;;;;0;;;;;;;;0.0433;0.2262;0.9731;0.0245;-0.0500;0.5141;0.9933;-0.1138;0.0221;0.0025;;;;;;;;;;;;;0;0.0452;-0.0883;0.4122;335.8655;354.7545;343.7873;Palm;b974454d-ae33-4d16-9737-e66469f616ef;;LineBisection;2026-05-18 09:45:18.3448;Hands;2;OpenXR
Right;;Baseline;0;NoMitigation;None;anonymous;Sample;4808;0.1003;-0.0245;0.0164;-0.0014;4.5163;357.9409;0.4262;-0.0245;0.0164;-0.0014;0.9991;0.0393;-0.0181;0.0044;1;;;;;;;;;;;;;0;;;;;;;;0.0302;0.2391;0.9705;0.0223;-0.0510;0.5147;0.9926;-0.1204;0.0154;0.0019;;;;;;;;;;;;;0;0.0445;-0.0885;0.4118;336.1169;354.1882;344.5444;Palm;b974454d-ae33-4d16-9737-e66469f616ef;;LineBisection;2026-05-18 09:45:18.3706;Hands;2;OpenXR
Right;;Baseline;0;NoMitigation;None;anonymous;Sample;4810;0.1127;-0.0246;0.0165;-0.0013;4.4536;357.8710;0.4836;-0.0246;0.0165;-0.0013;0.9991;0.0388;-0.0187;0.0049;1;;;;;;;;;;;;;0;;;;;;;;0.0120;0.2118;0.9772;0.0197;-0.0543;0.5149;0.9943;-0.1065;0.0061;0.0007;;;;;;;;;;;;;0;0.0437;-0.0885;0.4106;336.1916;353.8075;345.1712;Palm;b974454d-ae33-4d16-9737-e66469f616ef;;LineBisection;2026-05-18 09:45:18.3954;Hands;2;OpenXR
Right;;Baseline;0;NoMitigation;None;anonymous;Sample;4813;0.1292;-0.0247;0.0165;-0.0013;4.4637;357.8279;0.4796;-0.0247;0.0165;-0.0013;0.9991;0.0389;-0.0191;0.0049;1;;;;;;;;;;;;;0;;;;;;;;-0.0036;0.1767;0.9843;0.0177;-0.0577;0.5151;0.9961;-0.0887;-0.0018;-0.0002;;;;;;;;;;;;;0;0.0434;-0.0887;0.4102;336.1694;353.7209;345.5272;Palm;b974454d-ae33-4d16-9737-e66469f616ef;;LineBisection;2026-05-18 09:45:18.4275;Hands;2;OpenXR
Right;;Baseline;0;NoMitigation;None;anonymous;Sample;4815;0.1415;-0.0248;0.0164;-0.0014;4.5250;357.7719;0.4358;-0.0248;0.0164;-0.0014;0.9990;0.0394;-0.0196;0.0046;1;;;;;;;;;;;;;0;;;;;;;;-0.0120;0.1550;0.9878;0.0165;-0.0598;0.5151;0.9970;-0.0777;-0.0061;-0.0005;;;;;;;;;;;;;0;0.0432;-0.0887;0.4099;336.1865;353.6785;345.7036;Palm;b974454d-ae33-4d16-9737-e66469f616ef;;LineBisection;2026-05-18 09:45:18.4527;Hands;2;OpenXR
Right;;Baseline;0;NoMitigation;None;anonymous;Sample;4817;0.1542;-0.0250;0.0163;-0.0014;4.4866;357.7562;0.4513;-0.0250;0.0163;-0.0014;0.9990;0.0391;-0.0197;0.0047;1;;;;;;;;;;;;;0;;;;;;;;-0.0178;0.1382;0.9902;0.0157;-0.0613;0.5151;0.9976;-0.0693;-0.0089;-0.0006;;;;;;;;;;;;;0;0.0428;-0.0886;0.4097;336.2159;353.6624;345.8126;Palm;b974454d-ae33-4d16-9737-e66469f616ef;;LineBisection;2026-05-18 09:45:18.4771;Hands;2;OpenXR
Right;;Baseline;0;NoMitigation;None;anonymous;Sample;4819;0.1663;-0.0251;0.0163;-0.0015;4.4942;357.7388;0.4584;-0.0251;0.0163;-0.0015;0.9990;0.0391;-0.0199;0.0048;1;;;;;;;;;;;;;0;;;;;;;;-0.0210;0.1290;0.9914;0.0151;-0.0621;0.5151;0.9979;-0.0646;-0.0106;-0.0007;;;;;;;;;;;;;0;0.0427;-0.0885;0.4097;336.2176;353.6601;345.8396;Palm;b974454d-ae33-4d16-9737-e66469f616ef;;LineBisection;2026-05-18 09:45:18.5014;Hands;2;OpenXR
Right;;Baseline;0;NoMitigation;None;anonymous;Sample;4822;0.1830;-0.0250;0.0163;-0.0016;4.5149;357.7582;0.5034;-0.0250;0.0163;-0.0016;0.9990;0.0393;-0.0197;0.0052;1;;;;;;;;;;;;;0;;;;;;;;-0.0240;0.1202;0.9925;0.0147;-0.0628;0.5152;0.9981;-0.0602;-0.0121;-0.0007;;;;;;;;;;;;;0;0.0426;-0.0884;0.4098;336.2205;353.6612;345.8737;Palm;b974454d-ae33-4d16-9737-e66469f616ef;;LineBisection;2026-05-18 09:45:18.5344;Hands;2;OpenXR
Right;;Baseline;0;NoMitigation;None;anonymous;Sample;4824;0.1955;-0.0250;0.0164;-0.0015;4.5179;357.7651;0.4741;-0.0250;0.0164;-0.0015;0.9990;0.0393;-0.0196;0.0049;1;;;;;;;;;;;;;0;;;;;;;;-0.0253;0.1161;0.9929;0.0145;-0.0631;0.5153;0.9982;-0.0582;-0.0127;-0.0007;;;;;;;;;;;;;0;0.0426;-0.0883;0.4099;336.2273;353.6776;345.8810;Palm;b974454d-ae33-4d16-9737-e66469f616ef;;LineBisection;2026-05-18 09:45:18.5609;Hands;2;OpenXR
Right;;Baseline;0;NoMitigation;None;anonymous;Sample;4826;0.2080;-0.0250;0.0163;-0.0014;4.5226;357.8021;0.4320;-0.0250;0.0163;-0.0014;0.9990;0.0394;-0.0193;0.0045;1;;;;;;;;;;;;;0;;;;;;;;-0.0260;0.1134;0.9932;0.0144;-0.0633;0.5154;0.9983;-0.0568;-0.0130;-0.0007;;;;;;;;;;;;;0;0.0426;-0.0883;0.4100;336.2584;353.7071;345.8462;Palm;b974454d-ae33-4d16-9737-e66469f616ef;;LineBisection;2026-05-18 09:45:18.5856;Hands;2;OpenXR
Right;;Baseline;0;NoMitigation;None;anonymous;Sample;4828;0.2206;-0.0248;0.0163;-0.0015;4.5753;357.8704;0.3917;-0.0248;0.0163;-0.0015;0.9990;0.0398;-0.0187;0.0042;1;;;;;;;;;;;;;0;;;;;;;;-0.0260;0.1117;0.9934;0.0143;-0.0634;0.5155;0.9983;-0.0559;-0.0131;-0.0007;;;;;;;;;;;;;0;0.0425;-0.0882;0.4101;336.2839;353.7518;345.8181;Palm;b974454d-ae33-4d16-9737-e66469f616ef;;LineBisection;2026-05-18 09:45:18.6110;Hands;2;OpenXR
Right;;Baseline;0;NoMitigation;None;anonymous;Sample;4830;0.2330;-0.0246;0.0162;-0.0015;4.6119;357.9579;0.3569;-0.0246;0.0162;-0.0015;0.9990;0.0402;-0.0179;0.0038;1;;;;;;;;;;;;;0;;;;;;;;-0.0255;0.1104;0.9936;0.0144;-0.0635;0.5157;0.9984;-0.0553;-0.0128;-0.0007;;;;;;;;;;;;;0;0.0425;-0.0881;0.4104;336.3257;353.8247;345.7679;Palm;b974454d-ae33-4d16-9737-e66469f616ef;;LineBisection;2026-05-18 09:45:18.6356;Hands;2;OpenXR
Right;;Baseline;0;NoMitigation;None;anonymous;Sample;4832;0.2456;-0.0243;0.0161;-0.0014;4.6240;358.0461;0.3131;-0.0243;0.0161;-0.0014;0.9990;0.0403;-0.0171;0.0034;1;;;;;;;;;;;;;0;;;;;;;;-0.0245;0.1089;0.9938;0.0145;-0.0636;0.5160;0.9984;-0.0545;-0.0123;-0.0007;;;;;;;;;;;;;0;0.0426;-0.0882;0.4106;336.4265;353.9276;345.7040;Palm;b974454d-ae33-4d16-9737-e66469f616ef;;LineBisection;2026-05-18 09:45:18.6599;Hands;2;OpenXR
Right;;Baseline;0;NoMitigation;None;anonymous;Sample;4834;0.2580;-0.0240;0.0161;-0.0014;4.6766;358.1886;0.2921;-0.0240;0.0161;-0.0014;0.9990;0.0408;-0.0159;0.0032;1;;;;;;;;;;;;;0;;;;;;;;-0.0234;0.1072;0.9940;0.0147;-0.0638;0.5163;0.9985;-0.0537;-0.0117;-0.0006;;;;;;;;;;;;;0;0.0427;-0.0884;0.4108;336.5471;354.0219;345.6290;Palm;b974454d-ae33-4d16-9737-e66469f616ef;;LineBisection;2026-05-18 09:45:18.6858;Hands;2;OpenXR
Right;;Baseline;0;NoMitigation;None;anonymous;Sample;4837;0.2750;-0.0234;0.0159;-0.0014;4.7618;358.3786;0.2737;-0.0234;0.0159;-0.0014;0.9990;0.0415;-0.0142;0.0030;1;;;;;;;;;;;;;0;;;;;;;;-0.0228;0.1052;0.9942;0.0148;-0.0642;0.5166;0.9985;-0.0527;-0.0114;-0.0006;;;;;;;;;;;;;0;0.0426;-0.0885;0.4110;336.6823;354.0508;345.5156;Palm;b974454d-ae33-4d16-9737-e66469f616ef;;LineBisection;2026-05-18 09:45:18.7183;Hands;2;OpenXR
Right;;Baseline;0;NoMitigation;None;anonymous;Sample;4839;0.2876;-0.0231;0.0158;-0.0014;4.8242;358.4102;0.1576;-0.0231;0.0158;-0.0014;0.9990;0.0421;-0.0139;0.0020;1;;;;;;;;;;;;;0;;;;;;;;-0.0233;0.1037;0.9943;0.0147;-0.0644;0.5167;0.9986;-0.0519;-0.0117;-0.0006;;;;;;;;;;;;;0;0.0425;-0.0886;0.4111;336.7553;354.0200;345.3305;Palm;b974454d-ae33-4d16-9737-e66469f616ef;;LineBisection;2026-05-18 09:45:18.7442;Hands;2;OpenXR
Right;;Baseline;0;NoMitigation;None;anonymous;Sample;4841;0.3000;-0.0228;0.0157;-0.0014;4.8367;358.4796;0.0444;-0.0228;0.0157;-0.0014;0.9990;0.0422;-0.0133;0.0009;1;;;;;;;;;;;;;0;;;;;;;;-0.0245;0.1022;0.9945;0.0145;-0.0646;0.5168;0.9986;-0.0512;-0.0123;-0.0006;;;;;;;;;;;;;0;0.0424;-0.0888;0.4111;336.8310;353.9608;345.1822;Palm;b974454d-ae33-4d16-9737-e66469f616ef;;LineBisection;2026-05-18 09:45:18.7692;Hands;2;OpenXR
Right;;Baseline;0;NoMitigation;None;anonymous;Sample;4843;0.3125;-0.0224;0.0157;-0.0015;4.8547;358.5469;0.0360;-0.0224;0.0157;-0.0015;0.9990;0.0423;-0.0127;0.0009;1;;;;;;;;;;;;;0;;;;;;;;-0.0256;0.1010;0.9946;0.0141;-0.0649;0.5169;0.9986;-0.0506;-0.0129;-0.0007;;;;;;;;;;;;;0;0.0419;-0.0890;0.4113;336.8790;353.9098;345.1809;Palm;b974454d-ae33-4d16-9737-e66469f616ef;;LineBisection;2026-05-18 09:45:18.7947;Hands;2;OpenXR
Right;;Baseline;0;NoMitigation;None;anonymous;Sample;4845;0.3250;-0.0222;0.0157;-0.0015;4.8319;358.5685;0.0179;-0.0222;0.0157;-0.0015;0.9990;0.0421;-0.0125;0.0007;1;;;;;;;;;;;;;0;;;;;;;;-0.0265;0.0999;0.9946;0.0132;-0.0653;0.5173;0.9987;-0.0500;-0.0133;-0.0007;;;;;;;;;;;;;0;0.0405;-0.0894;0.4119;336.9467;353.8773;345.1536;Palm;b974454d-ae33-4d16-9737-e66469f616ef;;LineBisection;2026-05-18 09:45:18.8196;Hands;2;OpenXR
Right;;Baseline;0;NoMitigation;None;anonymous;Sample;4847;0.3375;-0.0220;0.0157;-0.0015;4.8733;358.5633;359.9209;-0.0220;0.0157;-0.0015;0.9990;0.0425;-0.0125;-0.0002;1;;;;;;;;;;;;;0;;;;;;;;-0.0273;0.0987;0.9947;0.0120;-0.0658;0.5176;0.9987;-0.0494;-0.0137;-0.0007;;;;;;;;;;;;;0;0.0390;-0.0899;0.4122;337.0151;353.8404;345.1428;Palm;b974454d-ae33-4d16-9737-e66469f616ef;;LineBisection;2026-05-18 09:45:18.8439;Hands;2;OpenXR
Right;;Baseline;0;NoMitigation;None;anonymous;Sample;4849;0.3501;-0.0219;0.0158;-0.0016;4.8977;358.5102;359.8395;-0.0219;0.0158;-0.0016;0.9990;0.0427;-0.0129;-0.0008;1;;;;;;;;;;;;;0;;;;;;;;-0.0277;0.0980;0.9948;0.0106;-0.0665;0.5178;0.9987;-0.0491;-0.0139;-0.0007;;;;;;;;;;;;;0;0.0375;-0.0906;0.4121;337.0522;353.8125;345.1777;Palm;b974454d-ae33-4d16-9737-e66469f616ef;;LineBisection;2026-05-18 09:45:18.8695;Hands;2;OpenXR
Right;;Baseline;0;NoMitigation;None;anonymous;Sample;4851;0.3626;-0.0219;0.0158;-0.0016;4.8634;358.4373;359.8262;-0.0219;0.0158;-0.0016;0.9990;0.0424;-0.0136;-0.0009;1;;;;;;;;;;;;;0;;;;;;;;-0.0279;0.0978;0.9948;0.0093;-0.0668;0.5176;0.9987;-0.0490;-0.0140;-0.0007;;;;;;;;;;;;;0;0.0363;-0.0905;0.4117;337.0715;353.8048;345.2055;Palm;b974454d-ae33-4d16-9737-e66469f616ef;;LineBisection;2026-05-18 09:45:18.8948;Hands;2;OpenXR
Right;;Baseline;0;NoMitigation;None;anonymous;Sample;4853;0.3750;-0.0219;0.0158;-0.0016;4.8005;358.3486;359.8102;-0.0219;0.0158;-0.0016;0.9990;0.0419;-0.0143;-0.0011;1;;;;;;;;;;;;;0;;;;;;;;-0.0278;0.0979;0.9948;0.0082;-0.0669;0.5174;0.9987;-0.0490;-0.0139;-0.0007;;;;;;;;;;;;;0;0.0353;-0.0905;0.4113;337.0897;353.7982;345.2371;Palm;b974454d-ae33-4d16-9737-e66469f616ef;;LineBisection;2026-05-18 09:45:18.9193;Hands;2;OpenXR
Right;;Baseline;0;NoMitigation;None;anonymous;Sample;4855;0.3876;-0.0219;0.0158;-0.0015;4.7690;358.2917;359.7970;-0.0219;0.0158;-0.0015;0.9990;0.0416;-0.0148;-0.0011;1;;;;;;;;;;;;;0;;;;;;;;-0.0277;0.0977;0.9948;0.0074;-0.0671;0.5173;0.9987;-0.0489;-0.0139;-0.0007;;;;;;;;;;;;;0;0.0349;-0.0908;0.4113;337.1562;353.7659;345.3010;Palm;b974454d-ae33-4d16-9737-e66469f616ef;;LineBisection;2026-05-18 09:45:18.9447;Hands;2;OpenXR
Right;;Baseline;0;NoMitigation;None;anonymous;Sample;4857;0.4002;-0.0219;0.0158;-0.0014;4.7606;358.2483;359.7841;-0.0219;0.0158;-0.0014;0.9990;0.0416;-0.0152;-0.0012;1;;;;;;;;;;;;;0;;;;;;;;-0.0276;0.0973;0.9949;0.0068;-0.0674;0.5172;0.9987;-0.0487;-0.0139;-0.0007;;;;;;;;;;;;;0;0.0346;-0.0910;0.4114;337.2477;353.7213;345.3700;Palm;b974454d-ae33-4d16-9737-e66469f616ef;;LineBisection;2026-05-18 09:45:18.9702;Hands;2;OpenXR
Right;;Baseline;0;NoMitigation;None;anonymous;Sample;4859;0.4126;-0.0219;0.0159;-0.0014;4.7456;358.2569;359.8093;-0.0219;0.0159;-0.0014;0.9990;0.0414;-0.0151;-0.0010;1;;;;;;;;;;;;;0;;;;;;;;-0.0276;0.0966;0.9949;0.0065;-0.0677;0.5173;0.9987;-0.0484;-0.0139;-0.0007;;;;;;;;;;;;;0;0.0344;-0.0912;0.4115;337.3777;353.6563;345.3723;Palm;b974454d-ae33-4d16-9737-e66469f616ef;;LineBisection;2026-05-18 09:45:18.9945;Hands;2;OpenXR
Right;;Baseline;0;NoMitigation;None;anonymous;Sample;4861;0.4250;-0.0218;0.0159;-0.0015;4.7767;358.2962;359.7585;-0.0218;0.0159;-0.0015;0.9990;0.0417;-0.0148;-0.0015;1;;;;;;;;;;;;;0;;;;;;;;-0.0280;0.0952;0.9951;0.0062;-0.0680;0.5173;0.9988;-0.0477;-0.0140;-0.0007;;;;;;;;;;;;;0;0.0342;-0.0915;0.4116;337.5569;353.5670;345.3644;Palm;b974454d-ae33-4d16-9737-e66469f616ef;;LineBisection;2026-05-18 09:45:19.0188;Hands;2;OpenXR
Right;;Baseline;0;NoMitigation;None;anonymous;Sample;4863;0.4376;-0.0217;0.0158;-0.0015;4.8931;358.3756;359.7227;-0.0217;0.0158;-0.0015;0.9990;0.0427;-0.0141;-0.0018;1;;;;;;;;;;;;;0;;;;;;;;-0.0283;0.0935;0.9952;0.0059;-0.0684;0.5175;0.9988;-0.0468;-0.0142;-0.0007;;;;;;;;;;;;;0;0.0341;-0.0917;0.4117;337.7058;353.5248;345.3632;Palm;b974454d-ae33-4d16-9737-e66469f616ef;;LineBisection;2026-05-18 09:45:19.0448;Hands;2;OpenXR
Right;;Baseline;0;NoMitigation;None;anonymous;Sample;4865;0.4501;-0.0216;0.0157;-0.0015;4.9239;358.4421;359.7360;-0.0216;0.0157;-0.0015;0.9990;0.0430;-0.0135;-0.0017;1;;;;;;;;;;;;;0;;;;;;;;-0.0281;0.0924;0.9953;0.0058;-0.0687;0.5176;0.9988;-0.0462;-0.0141;-0.0007;;;;;;;;;;;;;0;0.0341;-0.0918;0.4119;337.8147;353.5142;345.3650;Palm;b974454d-ae33-4d16-9737-e66469f616ef;;LineBisection;2026-05-18 09:45:19.0687;Hands;2;OpenXR
Right;;Baseline;0;NoMitigation;None;anonymous;Sample;4867;0.4628;-0.0216;0.0156;-0.0015;4.9139;358.5558;359.7673;-0.0216;0.0156;-0.0015;0.9990;0.0429;-0.0125;-0.0015;1;;;;;;;;;;;;;0;;;;;;;;-0.0269;0.0943;0.9952;0.0059;-0.0688;0.5177;0.9988;-0.0472;-0.0135;-0.0006;;;;;;;;;;;;;0;0.0342;-0.0919;0.4120;337.8512;353.4973;345.3906;Palm;b974454d-ae33-4d16-9737-e66469f616ef;;LineBisection;2026-05-18 09:45:19.0944;Hands;2;OpenXR
Right;;Baseline;0;NoMitigation;None;anonymous;Sample;4869;0.4757;-0.0216;0.0157;-0.0016;4.9463;358.6092;359.8550;-0.0216;0.0157;-0.0016;0.9990;0.0432;-0.0121;-0.0007;1;;;;;;;;;;;;;0;;;;;;;;-0.0250;0.0983;0.9948;0.0061;-0.0686;0.5179;0.9987;-0.0492;-0.0126;-0.0006;;;;;;;;;;;;;0;0.0344;-0.0920;0.4122;337.8827;353.4822;345.4148;Palm;b974454d-ae33-4d16-9737-e66469f616ef;;LineBisection;2026-05-18 09:45:19.1202;Hands;2;OpenXR
Right;;Baseline;0;NoMitigation;None;anonymous;Sample;4871;0.4920;-0.0217;0.0158;-0.0017;4.8510;358.5474;359.9851;-0.0217;0.0158;-0.0017;0.9990;0.0423;-0.0127;0.0004;1;;;;;;;;;;;;;0;;;;;;;;-0.0227;0.1023;0.9945;0.0063;-0.0685;0.5181;0.9986;-0.0512;-0.0114;-0.0006;;;;;;;;;;;;;0;0.0342;-0.0922;0.4124;337.9819;353.4286;345.5818;Palm;b974454d-ae33-4d16-9737-e66469f616ef;;LineBisection;2026-05-18 09:45:19.1538;Hands;2;OpenXR
Right;;Baseline;0;NoMitigation;None;anonymous;Sample;4873;0.5047;-0.0219;0.0159;-0.0016;4.7813;358.4896;0.0518;-0.0219;0.0159;-0.0016;0.9990;0.0417;-0.0132;0.0010;1;;;;;;;;;;;;;0;;;;;;;;-0.0209;0.1036;0.9944;0.0063;-0.0687;0.5183;0.9986;-0.0518;-0.0105;-0.0005;;;;;;;;;;;;;0;0.0341;-0.0924;0.4126;338.0391;353.3979;345.7914;Palm;b974454d-ae33-4d16-9737-e66469f616ef;;LineBisection;2026-05-18 09:45:19.1791;Hands;2;OpenXR
Right;;Baseline;0;NoMitigation;None;anonymous;Sample;4875;0.5171;-0.0221;0.0160;-0.0014;4.7890;358.4601;0.0506;-0.0221;0.0160;-0.0014;0.9990;0.0418;-0.0134;0.0010;1;;;;;;;;;;;;;0;;;;;;;;-0.0193;0.1039;0.9944;0.0064;-0.0689;0.5185;0.9986;-0.0520;-0.0097;-0.0005;;;;;;;;;;;;;0;0.0340;-0.0926;0.4127;338.0791;353.3772;345.9517;Palm;b974454d-ae33-4d16-9737-e66469f616ef;;LineBisection;2026-05-18 09:45:19.2040;Hands;2;OpenXR
Right;;Baseline;0;NoMitigation;None;anonymous;Sample;4877;0.5297;-0.0222;0.0161;-0.0015;4.7639;358.4880;0.0277;-0.0222;0.0161;-0.0015;0.9990;0.0416;-0.0132;0.0008;1;;;;;;;;;;;;;0;;;;;;;;-0.0179;0.1040;0.9944;0.0064;-0.0691;0.5187;0.9986;-0.0521;-0.0090;-0.0005;;;;;;;;;;;;;0;0.0339;-0.0927;0.4128;338.0887;353.3743;345.9784;Palm;b974454d-ae33-4d16-9737-e66469f616ef;;LineBisection;2026-05-18 09:45:19.2284;Hands;2;OpenXR
Right;;Baseline;0;NoMitigation;None;anonymous;Sample;4879;0.5421;-0.0222;0.0162;-0.0015;4.7567;358.4780;-0.0007;-0.0222;0.0162;-0.0015;0.9991;0.0415;-0.0133;0.0005;1;;;;;;;;;;;;;0;;;;;;;;-0.0168;0.1039;0.9944;0.0064;-0.0692;0.5188;0.9986;-0.0520;-0.0085;-0.0004;;;;;;;;;;;;;0;0.0339;-0.0928;0.4129;338.0946;353.3644;346.0016;Palm;b974454d-ae33-4d16-9737-e66469f616ef;;LineBisection;2026-05-18 09:45:19.2538;Hands;2;OpenXR
Right;;Baseline;0;NoMitigation;None;anonymous;Sample;4881;0.5542;-0.0222;0.0162;-0.0016;4.7737;358.4428;359.9768;-0.0222;0.0162;-0.0016;0.9990;0.0416;-0.0136;0.0004;1;;;;;;;;;;;;;0;;;;;;;;-0.0163;0.1036;0.9945;0.0064;-0.0692;0.5188;0.9986;-0.0519;-0.0082;-0.0004;;;;;;;;;;;;;0;0.0337;-0.0926;0.4129;338.0937;353.3327;346.0299;Palm;b974454d-ae33-4d16-9737-e66469f616ef;;LineBisection;2026-05-18 09:45:19.2780;Hands;2;OpenXR
Right;;Baseline;0;NoMitigation;None;anonymous;Sample;4883;0.5672;-0.0222;0.0161;-0.0015;4.8170;358.4296;359.9456;-0.0222;0.0161;-0.0015;0.9990;0.0420;-0.0137;0.0001;1;;;;;;;;;;;;;0;;;;;;;;-0.0158;0.1032;0.9945;0.0064;-0.0692;0.5189;0.9986;-0.0517;-0.0080;-0.0004;;;;;;;;;;;;;0;0.0337;-0.0924;0.4129;338.0887;353.3113;346.0536;Palm;b974454d-ae33-4d16-9737-e66469f616ef;;LineBisection;2026-05-18 09:45:19.3041;Hands;2;OpenXR
Right;;Baseline;0;NoMitigation;None;anonymous;Sample;4885;0.5836;-0.0223;0.0160;-0.0013;4.7519;358.3817;359.9274;-0.0223;0.0160;-0.0013;0.9990;0.0415;-0.0141;0.0000;1;;;;;;;;;;;;;0;;;;;;;;-0.0158;0.1024;0.9946;0.0062;-0.0691;0.5189;0.9987;-0.0513;-0.0080;-0.0004;;;;;;;;;;;;;0;0.0336;-0.0924;0.4130;338.1031;353.2453;346.1142;Palm;b974454d-ae33-4d16-9737-e66469f616ef;;LineBisection;2026-05-18 09:45:19.3370;Hands;2;OpenXR
Right;;Baseline;0;NoMitigation;None;anonymous;Sample;4887;0.5962;-0.0223;0.0160;-0.0015;4.7767;358.3590;359.9132;-0.0223;0.0160;-0.0015;0.9990;0.0417;-0.0143;-0.0002;1;;;;;;;;;;;;;0;;;;;;;;-0.0165;0.1016;0.9947;0.0060;-0.0691;0.5190;0.9987;-0.0509;-0.0083;-0.0004;;;;;;;;;;;;;0;0.0334;-0.0923;0.4130;338.1222;353.1448;346.1984;Palm;b974454d-ae33-4d16-9737-e66469f616ef;;LineBisection;2026-05-18 09:45:19.3620;Hands;2;OpenXR
Right;;Baseline;0;NoMitigation;None;anonymous;Sample;4889;0.6086;-0.0223;0.0160;-0.0016;4.7750;358.3918;359.8906;-0.0223;0.0160;-0.0016;0.9990;0.0417;-0.0140;-0.0004;1;;;;;;;;;;;;;0;;;;;;;;-0.0171;0.1009;0.9947;0.0058;-0.0690;0.5190;0.9987;-0.0505;-0.0086;-0.0004;;;;;;;;;;;;;0;0.0332;-0.0921;0.4130;338.1267;353.0975;346.2260;Palm;b974454d-ae33-4d16-9737-e66469f616ef;;LineBisection;2026-05-18 09:45:19.3869;Hands;2;OpenXR
Right;;Baseline;0;NoMitigation;None;anonymous;Sample;4891;0.6210;-0.0222;0.0161;-0.0016;4.7465;358.4099;359.9037;-0.0222;0.0161;-0.0016;0.9990;0.0414;-0.0138;-0.0003;1;;;;;;;;;;;;;0;;;;;;;;-0.0174;0.1003;0.9948;0.0057;-0.0689;0.5190;0.9987;-0.0502;-0.0087;-0.0004;;;;;;;;;;;;;0;0.0332;-0.0919;0.4131;338.1316;353.0659;346.2412;Palm;b974454d-ae33-4d16-9737-e66469f616ef;;LineBisection;2026-05-18 09:45:19.4112;Hands;2;OpenXR
Right;;Baseline;0;NoMitigation;None;anonymous;Sample;4893;0.6338;-0.0221;0.0161;-0.0013;4.7497;358.4229;359.9011;-0.0221;0.0161;-0.0013;0.9990;0.0414;-0.0137;-0.0003;1;;;;;;;;;;;;;0;;;;;;;;-0.0176;0.0997;0.9949;0.0056;-0.0688;0.5191;0.9987;-0.0499;-0.0088;-0.0004;;;;;;;;;;;;;0;0.0331;-0.0917;0.4132;338.1348;353.0434;346.2496;Palm;b974454d-ae33-4d16-9737-e66469f616ef;;LineBisection;2026-05-18 09:45:19.4371;Hands;2;OpenXR
Right;;Baseline;0;NoMitigation;None;anonymous;Sample;4895;0.6504;-0.0221;0.0161;-0.0014;4.8130;358.4686;359.9383;-0.0221;0.0161;-0.0014;0.9990;0.0420;-0.0133;0.0000;1;;;;;;;;;;;;;0;;;;;;;;-0.0177;0.0987;0.9950;0.0054;-0.0687;0.5192;0.9987;-0.0494;-0.0089;-0.0004;;;;;;;;;;;;;0;0.0330;-0.0917;0.4133;338.1388;353.0209;346.2361;Palm;b974454d-ae33-4d16-9737-e66469f616ef;;LineBisection;2026-05-18 09:45:19.4706;Hands;2;OpenXR
Right;;Baseline;0;NoMitigation;None;anonymous;Sample;4897;0.6629;-0.0222;0.0162;-0.0015;4.8072;358.4806;359.9341;-0.0222;0.0162;-0.0015;0.9990;0.0419;-0.0132;0.0000;1;;;;;;;;;;;;;0;;;;;;;;-0.0177;0.0978;0.9950;0.0054;-0.0687;0.5192;0.9988;-0.0490;-0.0089;-0.0004;;;;;;;;;;;;;0;0.0330;-0.0916;0.4132;338.1436;353.0090;346.2208;Palm;b974454d-ae33-4d16-9737-e66469f616ef;;LineBisection;2026-05-18 09:45:19.4960;Hands;2;OpenXR
Right;;Baseline;0;NoMitigation;None;anonymous;Sample;4899;0.6755;-0.0222;0.0163;-0.0016;4.7093;358.5171;359.9851;-0.0222;0.0163;-0.0016;0.9991;0.0411;-0.0129;0.0004;1;;;;;;;;;;;;;0;;;;;;;;-0.0175;0.0969;0.9951;0.0053;-0.0686;0.5192;0.9988;-0.0485;-0.0088;-0.0004;;;;;;;;;;;;;0;0.0329;-0.0915;0.4131;338.1464;352.9967;346.2064;Palm;b974454d-ae33-4d16-9737-e66469f616ef;;LineBisection;2026-05-18 09:45:19.5204;Hands;2;OpenXR
Right;;Baseline;0;NoMitigation;None;anonymous;Sample;4901;0.6879;-0.0223;0.0163;-0.0016;4.6885;358.5331;0.0254;-0.0223;0.0163;-0.0016;0.9991;0.0409;-0.0128;0.0007;1;;;;;;;;;;;;;0;;;;;;;;-0.0175;0.0961;0.9952;0.0053;-0.0686;0.5192;0.9988;-0.0481;-0.0088;-0.0004;;;;;;;;;;;;;0;0.0328;-0.0914;0.4132;338.1413;352.9580;346.1931;Palm;b974454d-ae33-4d16-9737-e66469f616ef;;LineBisection;2026-05-18 09:45:19.5458;Hands;2;OpenXR
Right;;Baseline;0;NoMitigation;None;anonymous;Sample;4903;0.7047;-0.0223;0.0163;-0.0015;4.7610;358.5207;0.0064;-0.0223;0.0163;-0.0015;0.9991;0.0415;-0.0129;0.0006;1;;;;;;;;;;;;;0;;;;;;;;-0.0178;0.0949;0.9953;0.0052;-0.0686;0.5192;0.9988;-0.0475;-0.0089;-0.0004;;;;;;;;;;;;;0;0.0329;-0.0915;0.4132;338.1442;352.9048;346.1647;Palm;b974454d-ae33-4d16-9737-e66469f616ef;;LineBisection;2026-05-18 09:45:19.5783;Hands;2;OpenXR
Right;;Baseline;0;NoMitigation;None;anonymous;Sample;4905;0.7172;-0.0224;0.0163;-0.0017;4.7546;358.4880;-0.0053;-0.0224;0.0163;-0.0017;0.9991;0.0415;-0.0132;0.0005;1;;;;;;;;;;;;;0;;;;;;;;-0.0186;0.0939;0.9954;0.0051;-0.0687;0.5191;0.9989;-0.0470;-0.0093;-0.0004;;;;;;;;;;;;;0;0.0329;-0.0915;0.4132;338.1343;352.8216;346.1100;Palm;b974454d-ae33-4d16-9737-e66469f616ef;;LineBisection;2026-05-18 09:45:19.6041;Hands;2;OpenXR
Right;;Baseline;0;NoMitigation;None;anonymous;Sample;4907;0.7297;-0.0223;0.0163;-0.0017;4.7082;358.4607;359.9845;-0.0223;0.0163;-0.0017;0.9991;0.0411;-0.0134;0.0004;1;;;;;;;;;;;;;0;;;;;;;;-0.0198;0.0931;0.9955;0.0051;-0.0687;0.5191;0.9989;-0.0466;-0.0099;-0.0005;;;;;;;;;;;;;0;0.0330;-0.0915;0.4132;338.0875;352.7262;346.0249;Palm;b974454d-ae33-4d16-9737-e66469f616ef;;LineBisection;2026-05-18 09:45:19.6285;Hands;2;OpenXR
Right;;Baseline;0;NoMitigation;None;anonymous;Sample;4909;0.7426;-0.0223;0.0163;-0.0016;4.7309;358.4387;359.9369;-0.0223;0.0163;-0.0016;0.9991;0.0413;-0.0136;0.0000;1;;;;;;;;;;;;;0;;;;;;;;-0.0209;0.0923;0.9955;0.0050;-0.0687;0.5190;0.9989;-0.0462;-0.0105;-0.0005;;;;;;;;;;;;;0;0.0331;-0.0915;0.4132;338.0509;352.6691;345.8862;Palm;b974454d-ae33-4d16-9737-e66469f616ef;;LineBisection;2026-05-18 09:45:19.6543;Hands;2;OpenXR
Right;;Baseline;0;NoMitigation;None;anonymous;Sample;4911;0.7589;-0.0221;0.0162;-0.0011;4.7412;358.4663;359.9186;-0.0221;0.0162;-0.0011;0.9991;0.0414;-0.0133;-0.0002;1;;;;;;;;;;;;;0;;;;;;;;-0.0220;0.0908;0.9956;0.0050;-0.0687;0.5190;0.9989;-0.0454;-0.0110;-0.0005;;;;;;;;;;;;;0;0.0332;-0.0914;0.4132;338.0568;352.6808;345.7711;Palm;b974454d-ae33-4d16-9737-e66469f616ef;;LineBisection;2026-05-18 09:45:19.6870;Hands;2;OpenXR
Right;;Baseline;0;NoMitigation;None;anonymous;Sample;4913;0.7715;-0.0220;0.0162;-0.0012;4.7365;358.4816;359.8584;-0.0220;0.0162;-0.0012;0.9991;0.0413;-0.0132;-0.0007;1;;;;;;;;;;;;;0;;;;;;;;-0.0223;0.0891;0.9958;0.0051;-0.0688;0.5190;0.9989;-0.0446;-0.0112;-0.0005;;;;;;;;;;;;;0;0.0332;-0.0914;0.4132;338.0832;352.7256;345.6342;Palm;b974454d-ae33-4d16-9737-e66469f616ef;;LineBisection;2026-05-18 09:45:19.7128;Hands;2;OpenXR
Right;;Baseline;0;NoMitigation;None;anonymous;Sample;4915;0.7841;-0.0219;0.0161;-0.0012;4.7762;358.4659;359.8229;-0.0219;0.0161;-0.0012;0.9990;0.0417;-0.0133;-0.0010;1;;;;;;;;;;;;;0;;;;;;;;-0.0221;0.0873;0.9959;0.0052;-0.0689;0.5190;0.9990;-0.0437;-0.0111;-0.0005;;;;;;;;;;;;;0;0.0334;-0.0914;0.4130;338.1394;352.8303;345.4209;Palm;b974454d-ae33-4d16-9737-e66469f616ef;;LineBisection;2026-05-18 09:45:19.7377;Hands;2;OpenXR
Right;;Baseline;0;NoMitigation;None;anonymous;Sample;4917;0.8006;-0.0218;0.0162;-0.0013;4.7551;358.5225;359.8750;-0.0218;0.0162;-0.0013;0.9991;0.0415;-0.0128;-0.0006;1;;;;;;;;;;;;;0;;;;;;;;-0.0217;0.0846;0.9962;0.0054;-0.0690;0.5189;0.9990;-0.0424;-0.0109;-0.0005;;;;;;;;;;;;;0;0.0334;-0.0914;0.4129;338.1979;352.8752;345.3329;Palm;b974454d-ae33-4d16-9737-e66469f616ef;;LineBisection;2026-05-18 09:45:19.7703;Hands;2;OpenXR
Right;;Baseline;0;NoMitigation;None;anonymous;Sample;4919;0.8131;-0.0218;0.0163;-0.0011;4.7033;358.5316;359.9232;-0.0218;0.0163;-0.0011;0.9991;0.0410;-0.0128;-0.0001;1;;;;;;;;;;;;;0;;;;;;;;-0.0213;0.0826;0.9964;0.0054;-0.0692;0.5188;0.9991;-0.0413;-0.0107;-0.0004;;;;;;;;;;;;;0;0.0334;-0.0914;0.4128;338.2537;352.8936;345.2989;Palm;b974454d-ae33-4d16-9737-e66469f616ef;;LineBisection;2026-05-18 09:45:19.7953;Hands;2;OpenXR
Right;;Baseline;0;NoMitigation;None;anonymous;Sample;4921;0.8259;-0.0218;0.0163;-0.0011;4.7240;358.5234;359.9086;-0.0218;0.0163;-0.0011;0.9991;0.0412;-0.0128;-0.0003;1;;;;;;;;;;;;;0;;;;;;;;-0.0209;0.0813;0.9965;0.0055;-0.0693;0.5188;0.9991;-0.0407;-0.0105;-0.0004;;;;;;;;;;;;;0;0.0335;-0.0913;0.4127;338.2793;352.9049;345.3027;Palm;b974454d-ae33-4d16-9737-e66469f616ef;;LineBisection;2026-05-18 09:45:19.8218;Hands;2;OpenXR
Right;;Baseline;0;NoMitigation;None;anonymous;Sample;4923;0.8423;-0.0217;0.0163;-0.0012;4.7532;358.5363;359.9053;-0.0217;0.0163;-0.0012;0.9991;0.0415;-0.0127;-0.0003;1;;;;;;;;;;;;;0;;;;;;;;-0.0205;0.0800;0.9966;0.0057;-0.0693;0.5187;0.9991;-0.0401;-0.0103;-0.0004;;;;;;;;;;;;;0;0.0337;-0.0912;0.4126;338.2844;352.8777;345.3240;Palm;b974454d-ae33-4d16-9737-e66469f616ef;;LineBisection;2026-05-18 09:45:19.8544;Hands;2;OpenXR
Right;;Baseline;0;NoMitigation;None;anonymous;Sample;4925;0.8548;-0.0217;0.0164;-0.0012;4.7676;358.5446;359.8867;-0.0217;0.0164;-0.0012;0.9991;0.0416;-0.0126;-0.0005;1;;;;;;;;;;;;;0;;;;;;;;-0.0202;0.0793;0.9966;0.0060;-0.0693;0.5186;0.9992;-0.0397;-0.0101;-0.0004;;;;;;;;;;;;;0;0.0340;-0.0910;0.4124;338.2877;352.8448;345.3518;Palm;b974454d-ae33-4d16-9737-e66469f616ef;;LineBisection;2026-05-18 09:45:19.8788;Hands;2;OpenXR
Right;;Baseline;0;NoMitigation;None;anonymous;Sample;4927;0.8715;-0.0217;0.0162;-0.0010;4.7128;358.5577;359.9178;-0.0217;0.0162;-0.0010;0.9991;0.0411;-0.0125;-0.0002;1;;;;;;;;;;;;;0;;;;;;;;-0.0205;0.0785;0.9967;0.0061;-0.0693;0.5183;0.9992;-0.0393;-0.0103;-0.0004;;;;;;;;;;;;;0;0.0340;-0.0911;0.4121;338.2834;352.7320;345.4106;Palm;b974454d-ae33-4d16-9737-e66469f616ef;;LineBisection;2026-05-18 09:45:19.9129;Hands;2;OpenXR
Right;;Baseline;0;NoMitigation;None;anonymous;Sample;4929;0.8840;-0.0218;0.0162;-0.0009;4.7523;358.5421;359.9133;-0.0218;0.0162;-0.0009;0.9991;0.0415;-0.0127;-0.0002;1;;;;;;;;;;;;;0;;;;;;;;-0.0208;0.0785;0.9967;0.0061;-0.0692;0.5181;0.9992;-0.0393;-0.0104;-0.0004;;;;;;;;;;;;;0;0.0340;-0.0909;0.4120;338.2263;352.6380;345.5548;Palm;b974454d-ae33-4d16-9737-e66469f616ef;;LineBisection;2026-05-18 09:45:19.9378;Hands;2;OpenXR
Right;;Baseline;0;NoMitigation;None;anonymous;Sample;4931;0.8967;-0.0218;0.0161;-0.0010;4.8423;358.5630;359.8957;-0.0218;0.0161;-0.0010;0.9990;0.0423;-0.0125;-0.0004;1;;;;;;;;;;;;;0;;;;;;;;-0.0212;0.0792;0.9966;0.0059;-0.0690;0.5179;0.9992;-0.0396;-0.0106;-0.0004;;;;;;;;;;;;;0;0.0339;-0.0906;0.4117;338.1087;352.4686;345.8345;Palm;b974454d-ae33-4d16-9737-e66469f616ef;;LineBisection;2026-05-18 09:45:19.9624;Hands;2;OpenXR
Right;;Baseline;0;NoMitigation;None;anonymous;Sample;4933;0.9132;-0.0219;0.0162;-0.0011;4.8150;358.5814;359.8932;-0.0219;0.0162;-0.0011;0.9990;0.0420;-0.0123;-0.0004;1;;;;;;;;;;;;;0;;;;;;;;-0.0215;0.0794;0.9966;0.0059;-0.0688;0.5178;0.9992;-0.0397;-0.0108;-0.0004;;;;;;;;;;;;;0;0.0340;-0.0906;0.4118;338.1066;352.4581;345.8531;Palm;b974454d-ae33-4d16-9737-e66469f616ef;;LineBisection;2026-05-18 09:45:19.9966;Hands;2;OpenXR
Right;;Baseline;0;NoMitigation;None;anonymous;Sample;4935;0.9257;-0.0219;0.0162;-0.0010;4.7853;358.5269;359.9692;-0.0219;0.0162;-0.0010;0.9990;0.0417;-0.0128;0.0003;1;;;;;;;;;;;;;0;;;;;;;;-0.0215;0.0791;0.9966;0.0059;-0.0689;0.5178;0.9992;-0.0396;-0.0108;-0.0004;;;;;;;;;;;;;0;0.0339;-0.0907;0.4120;338.1060;352.4430;345.9080;Palm;b974454d-ae33-4d16-9737-e66469f616ef;;LineBisection;2026-05-18 09:45:20.0204;Hands;2;OpenXR
Right;;Baseline;0;NoMitigation;None;anonymous;Sample;4937;0.9424;-0.0220;0.0162;-0.0010;4.7908;358.5005;-0.0011;-0.0220;0.0162;-0.0010;0.9990;0.0418;-0.0131;0.0005;1;;;;;;;;;;;;;0;;;;;;;;-0.0212;0.0782;0.9967;0.0059;-0.0690;0.5179;0.9992;-0.0391;-0.0106;-0.0004;;;;;;;;;;;;;0;0.0340;-0.0907;0.4122;338.0989;352.4334;345.9736;Palm;b974454d-ae33-4d16-9737-e66469f616ef;;LineBisection;2026-05-18 09:45:20.0540;Hands;2;OpenXR
Right;;Baseline;0;NoMitigation;None;anonymous;Sample;4939;0.9549;-0.0220;0.0162;-0.0010;4.7882;358.5244;359.9799;-0.0220;0.0162;-0.0010;0.9990;0.0418;-0.0129;0.0004;1;;;;;;;;;;;;;0;;;;;;;;-0.0208;0.0771;0.9968;0.0060;-0.0690;0.5181;0.9992;-0.0386;-0.0104;-0.0004;;;;;;;;;;;;;0;0.0342;-0.0907;0.4124;338.0881;352.4447;345.9805;Palm;b974454d-ae33-4d16-9737-e66469f616ef;;LineBisection;2026-05-18 09:45:20.0794;Hands;2;OpenXR
Right;;Baseline;0;NoMitigation;None;anonymous;Sample;4941;0.9715;-0.0220;0.0163;-0.0011;4.7195;358.5792;359.9555;-0.0220;0.0163;-0.0011;0.9991;0.0412;-0.0124;0.0001;1;;;;;;;;;;;;;0;;;;;;;;-0.0206;0.0757;0.9969;0.0063;-0.0691;0.5183;0.9992;-0.0379;-0.0103;-0.0004;;;;;;;;;;;;;0;0.0345;-0.0907;0.4127;338.0813;352.4485;345.9103;Palm;b974454d-ae33-4d16-9737-e66469f616ef;;LineBisection;2026-05-18 09:45:20.1125;Hands;2;OpenXR
Right;;Baseline;0;NoMitigation;None;anonymous;Sample;4943;0.9842;-0.0219;0.0163;-0.0010;4.7486;358.5974;359.9236;-0.0219;0.0163;-0.0010;0.9991;0.0414;-0.0122;-0.0002;1;;;;;;;;;;;;;0;;;;;;;;-0.0205;0.0744;0.9970;0.0065;-0.0692;0.5186;0.9993;-0.0372;-0.0103;-0.0004;;;;;;;;;;;;;0;0.0347;-0.0908;0.4130;338.0643;352.4400;345.8432;Palm;b974454d-ae33-4d16-9737-e66469f616ef;;LineBisection;2026-05-18 09:45:20.1374;Hands;2;OpenXR
Right;;Baseline;1;NoMitigation;None;anonymous;Sample;4945;1.0000;-0.0219;0.0162;-0.0010;4.7906;358.5886;359.8785;-0.0219;0.0162;-0.0010;0.9991;0.0418;-0.0123;-0.0005;1;;;;;;;;;;;;;0;;;;;;;;-0.0205;0.0729;0.9971;0.0067;-0.0694;0.5188;0.9993;-0.0365;-0.0103;-0.0004;;;;;;;;;;;;;0;0.0348;-0.0909;0.4132;338.0425;352.4438;345.6419;Palm;b974454d-ae33-4d16-9737-e66469f616ef;;LineBisection;2026-05-18 09:45:20.1738;Hands;3;OpenXR
Right;;Baseline;0;NoMitigation;None;anonymous;Sample;4947;1.0000;-0.0219;0.0163;-0.0011;4.7305;358.5979;359.8918;-0.0219;0.0163;-0.0011;0.9991;0.0413;-0.0122;-0.0004;1;;;;;;;;;;;;;0;;;;;;;;-0.0207;0.0716;0.9972;0.0068;-0.0695;0.5190;0.9993;-0.0358;-0.0104;-0.0004;;;;;;;;;;;;;0;0.0349;-0.0910;0.4133;338.0328;352.4679;345.3761;Palm;b974454d-ae33-4d16-9737-e66469f616ef;;LineBisection;2026-05-18 09:45:20.1958;Hands;3;OpenXR
Right;;Baseline;0;NoMitigation;None;anonymous;Sample;4949;1.0000;-0.0219;0.0166;-0.0011;4.5994;358.5430;359.9133;-0.0219;0.0166;-0.0011;0.9991;0.0401;-0.0127;-0.0002;1;;;;;;;;;;;;;0;;;;;;;;-0.0200;0.0701;0.9973;0.0072;-0.0696;0.5192;0.9993;-0.0351;-0.0100;-0.0004;;;;;;;;;;;;;0;0.0352;-0.0911;0.4136;338.0421;352.5363;345.2711;Palm;b974454d-ae33-4d16-9737-e66469f616ef;;LineBisection;2026-05-18 09:45:20.2286;Hands;3;OpenXR
Right;;Baseline;0;NoMitigation;None;anonymous;Sample;4951;1.0000;-0.0219;0.0166;-0.0012;4.6079;358.5179;359.9522;-0.0219;0.0166;-0.0012;0.9991;0.0402;-0.0129;0.0001;1;;;;;;;;;;;;;0;;;;;;;;-0.0195;0.0689;0.9974;0.0073;-0.0697;0.5194;0.9994;-0.0345;-0.0097;-0.0003;;;;;;;;;;;;;0;0.0351;-0.0911;0.4137;338.0508;352.5370;345.2063;Palm;b974454d-ae33-4d16-9737-e66469f616ef;;LineBisection;2026-05-18 09:45:20.2540;Hands;3;OpenXR
Right;;Baseline;0;NoMitigation;None;anonymous;Sample;4953;1.0000;-0.0218;0.0164;-0.0011;4.6936;358.5398;359.8974;-0.0218;0.0164;-0.0011;0.9991;0.0410;-0.0127;-0.0004;1;;;;;;;;;;;;;0;;;;;;;;-0.0191;0.0676;0.9975;0.0074;-0.0697;0.5195;0.9994;-0.0338;-0.0095;-0.0003;;;;;;;;;;;;;0;0.0352;-0.0911;0.4137;338.0594;352.5327;345.1425;Palm;b974454d-ae33-4d16-9737-e66469f616ef;;LineBisection;2026-05-18 09:45:20.2871;Hands;3;OpenXR
Right;;Baseline;0;NoMitigation;None;anonymous;Sample;4955;1.0000;-0.0218;0.0164;-0.0011;4.6879;358.5472;359.8238;-0.0218;0.0164;-0.0011;0.9991;0.0409;-0.0126;-0.0010;1;;;;;;;;;;;;;0;;;;;;;;-0.0188;0.0667;0.9976;0.0075;-0.0698;0.5195;0.9994;-0.0333;-0.0094;-0.0003;;;;;;;;;;;;;0;0.0353;-0.0911;0.4136;338.0604;352.5257;345.1292;Palm;b974454d-ae33-4d16-9737-e66469f616ef;;LineBisection;2026-05-18 09:45:20.3120;Hands;3;OpenXR
Right;;Baseline;0;NoMitigation;None;anonymous;Sample;4957;1.0000;-0.0217;0.0164;-0.0011;4.7201;358.5524;359.8430;-0.0217;0.0164;-0.0011;0.9991;0.0412;-0.0126;-0.0008;1;;;;;;;;;;;;;0;;;;;;;;-0.0191;0.0659;0.9976;0.0076;-0.0697;0.5194;0.9994;-0.0329;-0.0096;-0.0003;;;;;;;;;;;;;0;0.0355;-0.0909;0.4135;338.0178;352.4553;345.0876;Palm;b974454d-ae33-4d16-9737-e66469f616ef;;LineBisection;2026-05-18 09:45:20.3463;Hands;3;OpenXR
Right;;Baseline;0;NoMitigation;None;anonymous;Sample;4959;1.0000;-0.0217;0.0164;-0.0010;4.7745;358.5931;359.8617;-0.0217;0.0164;-0.0010;0.9991;0.0417;-0.0122;-0.0007;1;;;;;;;;;;;;;0;;;;;;;;-0.0194;0.0654;0.9977;0.0077;-0.0697;0.5194;0.9994;-0.0327;-0.0097;-0.0003;;;;;;;;;;;;;0;0.0355;-0.0908;0.4135;337.9876;352.4214;345.0646;Palm;b974454d-ae33-4d16-9737-e66469f616ef;;LineBisection;2026-05-18 09:45:20.3716;Hands;3;OpenXR
Right;;Baseline;0;NoMitigation;None;anonymous;Sample;4961;1.0000;-0.0217;0.0161;-0.0007;4.8149;358.5822;359.8785;-0.0217;0.0161;-0.0007;0.9990;0.0420;-0.0123;-0.0005;1;;;;;;;;;;;;;0;;;;;;;;-0.0197;0.0649;0.9977;0.0077;-0.0695;0.5193;0.9994;-0.0325;-0.0098;-0.0003;;;;;;;;;;;;;0;0.0355;-0.0906;0.4134;337.9547;352.3913;345.0660;Palm;b974454d-ae33-4d16-9737-e66469f616ef;;LineBisection;2026-05-18 09:45:20.4058;Hands;3;OpenXR
Right;;Baseline;0;NoMitigation;None;anonymous;Sample;4962;1.0000;-0.0218;0.0159;-0.0006;4.9444;358.6026;359.8902;-0.0218;0.0159;-0.0006;0.9990;0.0431;-0.0121;-0.0004;1;;;;;;;;;;;;;0;;;;;;;;-0.0199;0.0644;0.9977;0.0077;-0.0694;0.5192;0.9994;-0.0322;-0.0099;-0.0003;;;;;;;;;;;;;0;0.0355;-0.0906;0.4134;337.9449;352.3785;345.0675;Palm;b974454d-ae33-4d16-9737-e66469f616ef;;LineBisection;2026-05-18 09:45:20.4384;Hands;3;OpenXR
Right;;Baseline;0;NoMitigation;None;anonymous;Sample;4964;1.0000;-0.0220;0.0157;-0.0004;5.2925;358.6715;359.8372;-0.0220;0.0157;-0.0004;0.9989;0.0462;-0.0115;-0.0009;1;;;;;;;;;;;;;0;;;;;;;;-0.0200;0.0640;0.9978;0.0077;-0.0693;0.5191;0.9994;-0.0320;-0.0100;-0.0003;;;;;;;;;;;;;0;0.0354;-0.0904;0.4133;337.9254;352.3491;345.0769;Palm;b974454d-ae33-4d16-9737-e66469f616ef;;LineBisection;2026-05-18 09:45:20.4622;Hands;3;OpenXR
Right;;Baseline;0;NoMitigation;None;anonymous;Sample;4966;1.0000;-0.0230;0.0149;0.0001;6.1281;358.5662;359.8413;-0.0230;0.0149;0.0001;0.9985;0.0535;-0.0124;-0.0007;1;;;;;;;;;;;;;0;;;;;;;;-0.0202;0.0635;0.9978;0.0076;-0.0692;0.5191;0.9994;-0.0318;-0.0101;-0.0003;;;;;;;;;;;;;0;0.0354;-0.0903;0.4133;337.9016;352.3357;345.0882;Palm;b974454d-ae33-4d16-9737-e66469f616ef;;LineBisection;2026-05-18 09:45:20.4957;Hands;3;OpenXR
Right;;Baseline;0;NoMitigation;None;anonymous;Sample;4968;1.0000;-0.0239;0.0137;0.0007;7.6398;358.3578;0.1823;-0.0239;0.0137;0.0007;0.9977;0.0666;-0.0144;0.0025;1;;;;;;;;;;;;;0;;;;;;;;-0.0204;0.0631;0.9978;0.0076;-0.0692;0.5190;0.9994;-0.0316;-0.0102;-0.0003;;;;;;;;;;;;;0;0.0354;-0.0901;0.4133;337.8687;352.3289;345.1123;Palm;b974454d-ae33-4d16-9737-e66469f616ef;;LineBisection;2026-05-18 09:45:20.5217;Hands;3;OpenXR
Right;;Baseline;0;NoMitigation;None;anonymous;Sample;4970;1.0000;-0.0252;0.0122;0.0023;9.2598;358.0507;0.0061;-0.0252;0.0122;0.0023;0.9966;0.0807;-0.0170;0.0014;1;;;;;;;;;;;;;0;;;;;;;;-0.0293;0.0233;0.9993;0.0068;-0.0719;0.5190;0.9998;-0.0117;-0.0147;-0.0002;;;;;;;;;;;;;0;0.0351;-0.0900;0.4131;337.8396;352.3242;345.2270;Palm;b974454d-ae33-4d16-9737-e66469f616ef;;LineBisection;2026-05-18 09:45:20.5542;Hands;3;OpenXR
Right;;Baseline;0;NoMitigation;None;anonymous;Sample;4972;1.0000;-0.0265;0.0118;0.0041;11.2476;357.9377;358.6048;-0.0265;0.0118;0.0041;0.9950;0.0982;-0.0167;-0.0104;1;;;;;;;;;;;;;0;;;;;;;;-0.0431;-0.0471;0.9980;0.0055;-0.0768;0.5185;0.9995;0.0235;-0.0216;0.0005;;;;;;;;;;;;;0;0.0345;-0.0898;0.4123;337.7668;352.3276;345.6886;Palm;b974454d-ae33-4d16-9737-e66469f616ef;;LineBisection;2026-05-18 09:45:20.5872;Hands;3;OpenXR
Right;;Baseline;0;NoMitigation;None;anonymous;Sample;4974;1.0000;-0.0268;0.0118;0.0063;11.7762;358.2793;357.1224;-0.0268;0.0118;0.0063;0.9943;0.1029;-0.0124;-0.0234;1;;;;;;;;;;;;;0;;;;;;;;-0.0900;-0.3215;0.9426;0.0010;-0.0936;0.5109;0.9855;0.1627;-0.0470;0.0078;;;;;;;;;;;;;0;0.0301;-0.0889;0.4075;337.0561;352.2781;347.2106;Palm;b974454d-ae33-4d16-9737-e66469f616ef;;LineBisection;2026-05-18 09:45:20.6136;Hands;3;OpenXR
Right;;Baseline;0;NoMitigation;None;anonymous;Sample;4976;1.0000;-0.0266;0.0109;0.0090;9.7522;359.1168;357.8998;-0.0266;0.0109;0.0090;0.9962;0.0851;-0.0061;-0.0176;1;;;;;;;;;;;;;0;;;;;;;;-0.1471;-0.7122;0.6864;-0.0051;-0.1157;0.4913;0.9174;0.3839;-0.0972;0.0407;;;;;;;;;;;;;0;0.0278;-0.0884;0.4045;335.7109;351.4591;347.6769;Palm;b974454d-ae33-4d16-9737-e66469f616ef;;LineBisection;2026-05-18 09:45:20.6468;Hands;3;OpenXR
Right;;Baseline;0;NoMitigation;None;anonymous;Sample;4978;1.0000;-0.0265;0.0103;0.0132;9.3590;359.1985;358.6264;-0.0265;0.0103;0.0132;0.9966;0.0817;-0.0060;-0.0114;1;;;;;;;;;;;;;0;;;;;;;;-0.1698;-0.9038;0.3928;-0.0104;-0.1278;0.4727;0.8275;0.5237;-0.1711;0.1083;;;;;;;;;;;;;0;0.0254;-0.0873;0.4009;333.6025;350.0235;348.0490;Palm;b974454d-ae33-4d16-9737-e66469f616ef;;LineBisection;2026-05-18 09:45:20.6797;Hands;3;OpenXR
Right;;Baseline;0;NoMitigation;None;anonymous;Sample;4980;1.0000;-0.0265;0.0089;0.0168;10.1253;358.2542;358.0677;-0.0265;0.0089;0.0168;0.9959;0.0885;-0.0137;-0.0154;1;;;;;;;;;;;;;0;;;;;;;;-0.1650;-0.9723;0.1657;-0.0129;-0.1320;0.4569;0.7260;0.5721;-0.2998;0.2362;;;;;;;;;;;;;0;0.0243;-0.0875;0.3929;331.3988;347.6058;348.3466;Palm;b974454d-ae33-4d16-9737-e66469f616ef;;LineBisection;2026-05-18 09:45:20.7058;Hands;3;OpenXR
Right;;Baseline;0;NoMitigation;None;anonymous;Sample;4982;1.0000;-0.0271;0.0083;0.0196;11.3053;358.2400;357.7967;-0.0271;0.0083;0.0196;0.9949;0.0988;-0.0134;-0.0176;1;;;;;;;;;;;;;0;;;;;;;;-0.1515;-0.9882;-0.0244;-0.0173;-0.1339;0.4392;-0.4924;-0.4218;0.5782;-0.4953;;;;;;;;;;;;;0;0.0220;-0.0884;0.3849;329.6696;344.3862;347.9627;Palm;b974454d-ae33-4d16-9737-e66469f616ef;;LineBisection;2026-05-18 09:45:20.7384;Hands;3;OpenXR
Right;;Baseline;0;NoMitigation;None;anonymous;Sample;4984;1.0000;-0.0265;0.0084;0.0250;12.6480;359.0874;357.7513;-0.0265;0.0084;0.0250;0.9937;0.1103;-0.0058;-0.0186;1;;;;;;;;;;;;;0;;;;;;;;-0.1796;-0.9836;0.0154;-0.0213;-0.1314;0.4341;0.5659;0.4716;-0.5196;0.4330;;;;;;;;;;;;;0;0.0238;-0.0894;0.3789;328.3087;342.2473;347.4581;Palm;b974454d-ae33-4d16-9737-e66469f616ef;;LineBisection;2026-05-18 09:45:20.7721;Hands;3;OpenXR
Right;;Baseline;0;NoMitigation;None;anonymous;Sample;4986;1.0000;-0.0262;0.0068;0.0312;12.8013;359.1457;357.7044;-0.0262;0.0068;0.0312;0.9936;0.1116;-0.0052;-0.0191;1;;;;;;;;;;;;;0;;;;;;;;-0.2244;-0.9651;0.1351;-0.0241;-0.1281;0.4344;0.6915;0.5289;-0.3909;0.2989;;;;;;;;;;;;;0;0.0260;-0.0910;0.3757;327.6469;341.0028;346.9404;Palm;b974454d-ae33-4d16-9737-e66469f616ef;;LineBisection;2026-05-18 09:45:20.8043;Hands;3;OpenXR
Right;;Baseline;0;NoMitigation;None;anonymous;Sample;4988;1.0000;-0.0260;0.0059;0.0365;13.1957;358.3803;357.8109;-0.0260;0.0059;0.0365;0.9931;0.1151;-0.0118;-0.0173;1;;;;;;;;;;;;;0;;;;;;;;-0.2638;-0.9329;0.2454;-0.0253;-0.1254;0.4364;0.7561;0.5185;-0.3293;0.2258;;;;;;;;;;;;;0;0.0280;-0.0927;0.3739;327.4067;340.3491;346.4497;Palm;b974454d-ae33-4d16-9737-e66469f616ef;;LineBisection;2026-05-18 09:45:20.8310;Hands;3;OpenXR
Right;;Baseline;0;NoMitigation;None;anonymous;Sample;4990;1.0000;-0.0263;0.0057;0.0440;14.2978;356.9947;357.7937;-0.0263;0.0057;0.0440;0.9918;0.1249;-0.0236;-0.0158;1;;;;;;;;;;;;;0;;;;;;;;-0.2937;-0.8947;0.3364;-0.0249;-0.1238;0.4395;0.7963;0.4925;-0.2987;0.1847;;;;;;;;;;;;;0;0.0314;-0.0938;0.3755;327.4846;339.9535;346.2097;Palm;b974454d-ae33-4d16-9737-e66469f616ef;;LineBisection;2026-05-18 09:45:20.8631;Hands;3;OpenXR
Right;;Baseline;0;NoMitigation;None;anonymous;Sample;4992;1.0000;-0.0275;0.0064;0.0534;15.4681;356.3051;358.3847;-0.0275;0.0064;0.0534;0.9904;0.1349;-0.0300;-0.0096;1;;;;;;;;;;;;;0;;;;;;;;-0.3094;-0.8717;0.3801;-0.0234;-0.1239;0.4406;0.8133;0.4757;-0.2891;0.1691;;;;;;;;;;;;;0;0.0347;-0.0945;0.3753;327.4516;339.4254;346.1351;Palm;b974454d-ae33-4d16-9737-e66469f616ef;;LineBisection;2026-05-18 09:45:20.8955;Hands;3;OpenXR
Right;;Baseline;0;NoMitigation;None;anonymous;Sample;4994;1.0000;-0.0297;0.0073;0.0645;17.2578;356.1396;359.1599;-0.0297;0.0073;0.0645;0.9881;0.1502;-0.0322;-0.0022;1;;;;;;;;;;;;;0;;;;;;;;-0.3112;-0.8698;0.3829;-0.0213;-0.1257;0.4390;0.8143;0.4743;-0.2891;0.1684;;;;;;;;;;;;;0;0.0373;-0.0954;0.3735;327.2609;338.6523;346.5205;Palm;b974454d-ae33-4d16-9737-e66469f616ef;;LineBisection;2026-05-18 09:45:20.9297;Hands;3;OpenXR
Right;;Baseline;0;NoMitigation;None;anonymous;Sample;4996;1.0000;-0.0333;0.0101;0.0788;20.7021;356.1632;0.6510;-0.0333;0.0101;0.0788;0.9831;0.1794;-0.0340;0.0116;1;;;;;;;;;;;;;0;;;;;;;;-0.3087;-0.8775;0.3670;-0.0192;-0.1284;0.4346;0.8081;0.4793;-0.2946;0.1747;;;;;;;;;;;;;0;0.0404;-0.0973;0.3696;326.7112;337.1714;346.9453;Palm;b974454d-ae33-4d16-9737-e66469f616ef;;LineBisection;2026-05-18 09:45:20.9637;Hands;3;OpenXR
Right;;Baseline;0;NoMitigation;None;anonymous;Sample;4998;1.0000;-0.0374;0.0101;0.0899;22.4166;355.9868;2.2819;-0.0374;0.0101;0.0899;0.9800;0.1935;-0.0382;0.0263;1;;;;;;;;;;;;;0;;;;;;;;-0.3096;-0.8833;0.3519;-0.0175;-0.1306;0.4300;0.8018;0.4822;-0.3025;0.1819;;;;;;;;;;;;;0;0.0432;-0.0991;0.3663;326.2327;335.9876;347.0030;Palm;b974454d-ae33-4d16-9737-e66469f616ef;;LineBisection;2026-05-18 09:45:20.9887;Hands;3;OpenXR
Right;;Baseline;0;NoMitigation;None;anonymous;Sample;5000;1.0000;-0.0445;0.0103;0.1051;24.9518;355.6784;4.8745;-0.0445;0.0103;0.1051;0.9745;0.2141;-0.0460;0.0496;1;;;;;;;;;;;;;0;;;;;;;;-0.3186;-0.8837;0.3428;-0.0166;-0.1334;0.4238;0.7974;0.4800;-0.3133;0.1886;;;;;;;;;;;;;0;0.0446;-0.1032;0.3606;325.6115;334.7374;346.6682;Palm;b974454d-ae33-4d16-9737-e66469f616ef;;LineBisection;2026-05-18 09:45:21.0213;Hands;3;OpenXR
Right;;Baseline;0;NoMitigation;None;anonymous;Sample;5002;1.0000;-0.0536;0.0104;0.1190;28.9405;355.6194;7.6998;-0.0536;0.0104;0.1190;0.9647;0.2466;-0.0537;0.0745;1;;;;;;;;;;;;;0;;;;;;;;-0.3325;-0.8775;0.3455;-0.0141;-0.1383;0.4185;0.7978;0.4732;-0.3215;0.1907;;;;;;;;;;;;;0;0.0500;-0.1109;0.3562;325.5510;334.4054;346.0537;Palm;b974454d-ae33-4d16-9737-e66469f616ef;;LineBisection;2026-05-18 09:45:21.0551;Hands;3;OpenXR
Right;;Baseline;0;NoMitigation;None;anonymous;Sample;5004;1.0000;-0.0650;0.0077;0.1311;31.8509;357.2077;11.1889;-0.0650;0.0077;0.1311;0.9561;0.2707;-0.0501;0.1004;1;;;;;;;;;;;;;0;;;;;;;;-0.3590;-0.8481;0.3898;-0.0112;-0.1417;0.4161;0.8147;0.4516;-0.3180;0.1763;;;;;;;;;;;;;0;0.0553;-0.1168;0.3526;325.5900;334.3834;345.3882;Palm;b974454d-ae33-4d16-9737-e66469f616ef;;LineBisection;2026-05-18 09:45:21.0882;Hands;3;OpenXR
Right;;Baseline;0;NoMitigation;None;anonymous;Sample;5006;1.0000;-0.0774;0.0046;0.1425;34.8887;359.2260;14.9819;-0.0774;0.0046;0.1425;0.9456;0.2964;-0.0455;0.1264;1;;;;;;;;;;;;;0;;;;;;;;-0.3908;-0.7926;0.4681;-0.0067;-0.1438;0.4154;0.8434;0.4153;-0.3058;0.1505;;;;;;;;;;;;;0;0.0627;-0.1232;0.3472;325.5518;334.5816;344.8771;Palm;b974454d-ae33-4d16-9737-e66469f616ef;;LineBisection;2026-05-18 09:45:21.1214;Hands;3;OpenXR
Right;;Baseline;0;NoMitigation;None;anonymous;Sample;5008;1.0000;-0.0898;0.0015;0.1538;37.8146;1.2271;18.8628;-0.0898;0.0015;0.1538;0.9338;0.3213;-0.0431;0.1516;1;;;;;;;;;;;;;0;;;;;;;;-0.4185;-0.7399;0.5267;-0.0007;-0.1471;0.4125;0.8635;0.3819;-0.3013;0.1333;;;;;;;;;;;;;0;0.0711;-0.1312;0.3414;324.3663;334.0983;344.0901;Palm;b974454d-ae33-4d16-9737-e66469f616ef;;LineBisection;2026-05-18 09:45:21.1552;Hands;3;OpenXR
Right;;Baseline;0;NoMitigation;None;anonymous;Sample;5010;1.0000;-0.0992;-0.0008;0.1622;39.9315;2.9486;21.9639;-0.0992;-0.0008;0.1622;0.9241;0.3397;-0.0413;0.1704;1;;;;;;;;;;;;;0;;;;;;;;-0.4432;-0.7144;0.5416;0.0038;-0.1509;0.4079;0.8682;0.3649;-0.3100;0.1303;;;;;;;;;;;;;0;0.0768;-0.1369;0.3373;322.7907;333.3188;343.1014;Palm;b974454d-ae33-4d16-9737-e66469f616ef;;LineBisection;2026-05-18 09:45:21.1812;Hands;3;OpenXR
Right;;Baseline;0;NoMitigation;None;anonymous;Sample;5012;1.0000;-0.1149;-0.0119;0.1593;43.2243;11.1049;28.2714;-0.1149;-0.0119;0.1593;0.9060;0.3775;-0.0023;0.1914;1;;;;;;;;;;;;;0;;;;;;;;-0.4780;-0.6974;0.5340;0.0103;-0.1578;0.4007;0.8654;0.3516;-0.3308;0.1344;;;;;;;;;;;;;0;0.0882;-0.1482;0.3338;319.7945;330.9329;342.1384;Palm;b974454d-ae33-4d16-9737-e66469f616ef;;LineBisection;2026-05-18 09:45:21.2141;Hands;3;OpenXR
Right;;Baseline;0;NoMitigation;None;anonymous;Sample;5014;1.0000;-0.1149;-0.0119;0.1593;43.2243;11.1049;28.2714;-0.1149;-0.0119;0.1593;0.9060;0.3775;-0.0023;0.1914;1;;;;;;;;;;;;;0;;;;;;;;-0.4957;-0.6905;0.5267;0.0137;-0.1616;0.3971;0.8629;0.3457;-0.3422;0.1371;;;;;;;;;;;;;0;0.0882;-0.1482;0.3338;319.7945;330.9329;342.1384;Palm;b974454d-ae33-4d16-9737-e66469f616ef;;LineBisection;2026-05-18 09:45:21.2482;Hands;3;OpenXR
Right;;Baseline;0;NoMitigation;None;anonymous;Sample;5016;1.0000;-0.1149;-0.0119;0.1593;43.2243;11.1049;28.2714;-0.1149;-0.0119;0.1593;0.9060;0.3775;-0.0023;0.1914;1;;;;;;;;;;;;;0;;;;;;;;-0.5032;-0.6875;0.5236;0.0151;-0.1632;0.3955;0.8618;0.3432;-0.3470;0.1382;;;;;;;;;;;;;0;0.0882;-0.1482;0.3338;319.7945;330.9329;342.1384;Palm;b974454d-ae33-4d16-9737-e66469f616ef;;LineBisection;2026-05-18 09:45:21.2787;Hands;3;OpenXR
Right;;Baseline;0;NoMitigation;None;anonymous;Sample;5018;1.0000;-0.1149;-0.0119;0.1593;43.2243;11.1049;28.2714;-0.1149;-0.0119;0.1593;0.9060;0.3775;-0.0023;0.1914;1;;;;;;;;;;;;;0;;;;;;;;-0.5065;-0.6861;0.5222;0.0157;-0.1639;0.3948;0.8613;0.3421;-0.3491;0.1387;;;;;;;;;;;;;0;0.0882;-0.1482;0.3338;319.7945;330.9329;342.1384;Palm;b974454d-ae33-4d16-9737-e66469f616ef;;LineBisection;2026-05-18 09:45:21.3118;Hands;3;OpenXR
Right;;Baseline;0;NoMitigation;None;anonymous;Sample;5020;1.0000;-0.1149;-0.0119;0.1593;43.2243;11.1049;28.2714;-0.1149;-0.0119;0.1593;0.9060;0.3775;-0.0023;0.1914;1;;;;;;;;;;;;;0;;;;;;;;-0.5445;-0.7635;0.3473;0.0376;-0.1823;0.3896;0.7954;0.3690;-0.4361;0.2023;;;;;;;;;;;;;0;0.1272;-0.1759;0.3413;319.5272;338.7087;328.8376;Palm;b974454d-ae33-4d16-9737-e66469f616ef;;LineBisection;2026-05-18 09:45:21.3457;Hands;3;OpenXR
Right;;Baseline;0;NoMitigation;None;anonymous;Sample;5022;1.0000;-0.1149;-0.0119;0.1593;43.2243;11.1049;28.2714;-0.1149;-0.0119;0.1593;0.9060;0.3775;-0.0023;0.1914;1;;;;;;;;;;;;;0;;;;;;;;-0.5743;-0.7800;0.2485;0.0617;-0.1990;0.3898;0.7536;0.3616;-0.4950;0.2375;;;;;;;;;;;;;0;0.1513;-0.1933;0.3423;322.7719;346.3865;322.9688;Palm;b974454d-ae33-4d16-9737-e66469f616ef;;LineBisection;2026-05-18 09:45:21.3784;Hands;3;OpenXR
Right;;Baseline;0;NoMitigation;None;anonymous;Sample;5024;1.0000;-0.1149;-0.0119;0.1593;43.2243;11.1049;28.2714;-0.1149;-0.0119;0.1593;0.9060;0.3775;-0.0023;0.1914;1;;;;;;;;;;;;;0;;;;;;;;-0.5990;-0.7765;0.1954;0.0846;-0.2136;0.3927;0.7307;0.3481;-0.5302;0.2526;;;;;;;;;;;;;0;0.1751;-0.2107;0.3436;327.1237;354.4942;318.2161;Palm;b974454d-ae33-4d16-9737-e66469f616ef;;LineBisection;2026-05-18 09:45:21.4111;Hands;3;OpenXR
Right;;Baseline;0;NoMitigation;None;anonymous;Sample;5026;1.0000;-0.1149;-0.0119;0.1593;43.2243;11.1049;28.2714;-0.1149;-0.0119;0.1593;0.9060;0.3775;-0.0023;0.1914;1;;;;;;;;;;;;;0;;;;;;;;-0.6247;-0.7620;0.1704;0.1108;-0.2309;0.3986;0.7213;0.3336;-0.5509;0.2548;;;;;;;;;;;;;0;0.1976;-0.2316;0.3460;331.3267;2.2473;314.8890;Palm;b974454d-ae33-4d16-9737-e66469f616ef;;LineBisection;2026-05-18 09:45:21.4443;Hands;3;OpenXR
Right;;Baseline;0;NoMitigation;None;anonymous;Sample;5028;1.0000;-0.1149;-0.0119;0.1593;43.2243;11.1049;28.2714;-0.1149;-0.0119;0.1593;0.9060;0.3775;-0.0023;0.1914;1;;;;;;;;;;;;;0;;;;;;;;-0.6549;-0.7369;0.1675;0.1340;-0.2495;0.4051;0.7231;0.3179;-0.5614;0.2468;;;;;;;;;;;;;0;0.2115;-0.2544;0.3485;332.9170;7.4489;311.4700;Palm;b974454d-ae33-4d16-9737-e66469f616ef;;LineBisection;2026-05-18 09:45:21.4768;Hands;3;OpenXR
Right;;Baseline;0;NoMitigation;None;anonymous;Sample;5030;1.0000;-0.1149;-0.0119;0.1593;43.2243;11.1049;28.2714;-0.1149;-0.0119;0.1593;0.9060;0.3775;-0.0023;0.1914;1;;;;;;;;;;;;;0;;;;;;;;-0.6725;-0.7206;0.1687;0.1466;-0.2603;0.4088;0.7255;0.3087;-0.5660;0.2409;;;;;;;;;;;;;0;0.2115;-0.2544;0.3485;332.9170;7.4489;311.4700;Palm;b974454d-ae33-4d16-9737-e66469f616ef;;LineBisection;2026-05-18 09:45:21.5111;Hands;3;OpenXR
Right;;Baseline;0;NoMitigation;None;anonymous;Sample;5032;1.0000;-0.1149;-0.0119;0.1593;43.2243;11.1049;28.2714;-0.1149;-0.0119;0.1593;0.9060;0.3775;-0.0023;0.1914;1;;;;;;;;;;;;;0;;;;;;;;-0.6809;-0.6876;0.2523;0.1624;-0.2747;0.4150;0.7626;0.3037;-0.5306;0.2114;;;;;;;;;;;;;0;0.2242;-0.2776;0.3479;332.7963;10.7508;309.3061;Palm;b974454d-ae33-4d16-9737-e66469f616ef;;LineBisection;2026-05-18 09:45:21.5445;Hands;3;OpenXR
Right;;Baseline;0;NoMitigation;None;anonymous;Sample;5034;0.0000;-0.1149;-0.0119;0.1593;43.2243;11.1049;28.2714;-0.1149;-0.0119;0.1593;0.9060;0.3775;-0.0023;0.1914;0;;;;;;;;;;;;;0;;;;;;;;-0.6514;-0.6462;0.3975;0.1758;-0.2894;0.4214;0.8188;0.3001;-0.4595;0.1684;;;;;;;;;;;;;0;0.2305;-0.2984;0.3457;331.1755;9.8544;310.5074;Palm;b974454d-ae33-4d16-9737-e66469f616ef;;LineBisection;2026-05-18 09:45:21.5777;Hands;3;OpenXR
Right;;Baseline;0;NoMitigation;None;anonymous;Sample;5036;0.0000;-0.1149;-0.0119;0.1593;43.2243;11.1049;28.2714;-0.1149;-0.0119;0.1593;0.9060;0.3775;-0.0023;0.1914;0;;;;;;;;;;;;;0;;;;;;;;-0.6060;-0.5961;0.5266;0.1825;-0.3028;0.4236;0.8639;0.2857;-0.3938;0.1302;;;;;;;;;;;;;0;0.2312;-0.3166;0.3405;328.9715;6.7667;312.9073;Palm;b974454d-ae33-4d16-9737-e66469f616ef;;LineBisection;2026-05-18 09:45:21.6110;Hands;3;OpenXR
Right;;Baseline;0;NoMitigation;None;anonymous;Sample;5038;0.0000;-0.1149;-0.0119;0.1593;43.2243;11.1049;28.2714;-0.1149;-0.0119;0.1593;0.9060;0.3775;-0.0023;0.1914;0;;;;;;;;;;;;;0;;;;;;;;-0.5664;-0.5452;0.6180;0.1864;-0.3127;0.4235;0.8935;0.2650;-0.3475;0.1031;;;;;;;;;;;;;0;0.2330;-0.3309;0.3354;327.4265;3.8748;314.8967;Palm;b974454d-ae33-4d16-9737-e66469f616ef;;LineBisection;2026-05-18 09:45:21.6438;Hands;3;OpenXR
Right;;Baseline;0;NoMitigation;None;anonymous;Sample;5040;0.0000;-0.1149;-0.0119;0.1593;43.2243;11.1049;28.2714;-0.1149;-0.0119;0.1593;0.9060;0.3775;-0.0023;0.1914;0;;;;;;;;;;;;;0;;;;;;;;-0.5334;-0.4974;0.6842;0.1889;-0.3220;0.4218;0.9138;0.2434;-0.3141;0.0837;;;;;;;;;;;;;0;0.2343;-0.3422;0.3312;326.7566;2.0045;316.2935;Palm;b974454d-ae33-4d16-9737-e66469f616ef;;LineBisection;2026-05-18 09:45:21.6775;Hands;3;OpenXR
Right;;Baseline;0;NoMitigation;None;anonymous;Sample;5042;0.0000;-0.1149;-0.0119;0.1593;43.2243;11.1049;28.2714;-0.1149;-0.0119;0.1593;0.9060;0.3775;-0.0023;0.1914;0;;;;;;;;;;;;;0;;;;;;;;-0.5150;-0.4703;0.7166;0.1901;-0.3272;0.4206;0.9235;0.2307;-0.2974;0.0743;;;;;;;;;;;;;0;0.2343;-0.3422;0.3312;326.7566;2.0045;316.2935;Palm;b974454d-ae33-4d16-9737-e66469f616ef;;LineBisection;2026-05-18 09:45:21.7111;Hands;3;OpenXR
Right;;Baseline;0;NoMitigation;None;anonymous;Sample;5044;0.0000;-0.1149;-0.0119;0.1593;43.2243;11.1049;28.2714;-0.1149;-0.0119;0.1593;0.9060;0.3775;-0.0023;0.1914;0;;;;;;;;;;;;;0;;;;;;;;-0.5010;-0.4545;0.7365;0.1918;-0.3338;0.4184;0.9293;0.2234;-0.2861;0.0688;;;;;;;;;;;;;0;0.2362;-0.3503;0.3279;326.6132;1.7140;317.0157;Palm;b974454d-ae33-4d16-9737-e66469f616ef;;LineBisection;2026-05-18 09:45:21.7443;Hands;3;OpenXR
Right;;Baseline;0;NoMitigation;None;anonymous;Sample;5046;0.0000;-0.1149;-0.0119;0.1593;43.2243;11.1049;28.2714;-0.1149;-0.0119;0.1593;0.9060;0.3775;-0.0023;0.1914;0;;;;;;;;;;;;;0;;;;;;;;-0.4805;-0.4604;0.7464;0.1955;-0.3417;0.4165;0.9321;0.2273;-0.2741;0.0668;;;;;;;;;;;;;0;0.2387;-0.3573;0.3249;327.3603;3.4007;317.6805;Palm;b974454d-ae33-4d16-9737-e66469f616ef;;LineBisection;2026-05-18 09:45:21.7768;Hands;3;OpenXR
Right;;Baseline;0;NoMitigation;None;anonymous;Sample;5048;0.0000;-0.1149;-0.0119;0.1593;43.2243;11.1049;28.2714;-0.1149;-0.0119;0.1593;0.9060;0.3775;-0.0023;0.1914;0;;;;;;;;;;;;;0;;;;;;;;-0.4768;-0.4783;0.7375;0.1973;-0.3504;0.4151;0.9295;0.2367;-0.2743;0.0698;;;;;;;;;;;;;0;0.2390;-0.3644;0.3243;328.3369;4.0914;317.2846;Palm;b974454d-ae33-4d16-9737-e66469f616ef;;LineBisection;2026-05-18 09:45:21.8114;Hands;3;OpenXR
Right;;Baseline;0;NoMitigation;None;anonymous;Sample;5050;0.0000;-0.1149;-0.0119;0.1593;43.2243;11.1049;28.2714;-0.1149;-0.0119;0.1593;0.9060;0.3775;-0.0023;0.1914;0;;;;;;;;;;;;;0;;;;;;;;-0.4837;-0.4937;0.7227;0.1975;-0.3579;0.4134;0.9251;0.2443;-0.2811;0.0742;;;;;;;;;;;;;0;0.2380;-0.3701;0.3230;328.8239;4.6839;316.4951;Palm;b974454d-ae33-4d16-9737-e66469f616ef;;LineBisection;2026-05-18 09:45:21.8438;Hands;3;OpenXR
Right;;Baseline;0;NoMitigation;None;anonymous;Sample;5052;0.0000;-0.1149;-0.0119;0.1593;43.2243;11.1049;28.2714;-0.1149;-0.0119;0.1593;0.9060;0.3775;-0.0023;0.1914;0;;;;;;;;;;;;;0;;;;;;;;-0.4867;-0.5004;0.7160;0.1975;-0.3612;0.4127;0.9232;0.2476;-0.2841;0.0762;;;;;;;;;;;;;0;;;;;;;;b974454d-ae33-4d16-9737-e66469f616ef;;LineBisection;2026-05-18 09:45:21.8769;Hands;3;OpenXR
Right;;Baseline;0;NoMitigation;None;anonymous;Sample;5054;0.0000;-0.1149;-0.0119;0.1593;43.2243;11.1049;28.2714;-0.1149;-0.0119;0.1593;0.9060;0.3775;-0.0023;0.1914;0;;;;;;;;;;;;;0;;;;;;;;-0.4880;-0.5033;0.7131;0.1976;-0.3626;0.4123;0.9223;0.2490;-0.2853;0.0770;;;;;;;;;;;;;0;;;;;;;;b974454d-ae33-4d16-9737-e66469f616ef;;LineBisection;2026-05-18 09:45:21.9097;Hands;3;OpenXR
Right;;Baseline;0;NoMitigation;None;anonymous;Sample;5056;0.0000;-0.1149;-0.0119;0.1593;43.2243;11.1049;28.2714;-0.1149;-0.0119;0.1593;0.9060;0.3775;-0.0023;0.1914;0;;;;;;;;;;;;;0;;;;;;;;-0.5288;-0.6959;0.4860;0.2004;-0.3792;0.4067;0.8487;0.3437;-0.3727;0.1509;;;;;;;;;;;;;0;0.2271;-0.3649;0.3234;347.1944;21.6613;320.4108;Palm;b974454d-ae33-4d16-9737-e66469f616ef;;LineBisection;2026-05-18 09:45:21.9437;Hands;3;OpenXR
Right;;Baseline;0;NoMitigation;None;anonymous;Sample;5058;0.0000;-0.1149;-0.0119;0.1593;43.2243;11.1049;28.2714;-0.1149;-0.0119;0.1593;0.9060;0.3775;-0.0023;0.1914;0;;;;;;;;;;;;;0;;;;;;;;-0.3523;-0.8311;0.4302;0.2278;-0.3956;0.4148;0.8307;0.4437;-0.2967;0.1585;;;;;;;;;;;;;0;0.2510;-0.3761;0.3343;339.8452;20.0271;333.2479;Palm;b974454d-ae33-4d16-9737-e66469f616ef;;LineBisection;2026-05-18 09:45:21.9920;Hands;3;OpenXR
Right;;Baseline;0;NoMitigation;None;anonymous;Sample;5059;0.0000;-0.1149;-0.0119;0.1593;43.2243;11.1049;28.2714;-0.1149;-0.0119;0.1593;0.9060;0.3775;-0.0023;0.1914;0;;;;;;;;;;;;;0;;;;;;;;-0.2920;-0.8623;0.4137;0.2365;-0.4002;0.4175;0.8272;0.4735;-0.2626;0.1503;;;;;;;;;;;;;0;0.2510;-0.3761;0.3343;339.8452;20.0271;333.2479;Palm;b974454d-ae33-4d16-9737-e66469f616ef;;LineBisection;2026-05-18 09:45:22.0341;Hands;3;OpenXR
Right;;Baseline;0;NoMitigation;None;anonymous;Sample;5061;0.0000;-0.1149;-0.0119;0.1593;43.2243;11.1049;28.2714;-0.1149;-0.0119;0.1593;0.9060;0.3775;-0.0023;0.1914;0;;;;;;;;;;;;;0;;;;;;;;-0.2114;-0.8636;0.4578;0.2477;-0.3992;0.4225;0.8470;0.4863;-0.1861;0.1068;;;;;;;;;;;;;0;0.2582;-0.3778;0.3382;336.7766;20.1822;337.0046;Palm;b974454d-ae33-4d16-9737-e66469f616ef;;LineBisection;2026-05-18 09:45:22.0810;Hands;3;OpenXR
Right;;Baseline;0;NoMitigation;None;anonymous;Sample;5063;0.0000;-0.1149;-0.0119;0.1593;43.2243;11.1049;28.2714;-0.1149;-0.0119;0.1593;0.9060;0.3775;-0.0023;0.1914;0;;;;;;;;;;;;;0;;;;;;;;-0.1827;-0.8605;0.4755;0.2510;-0.3984;0.4245;0.8542;0.4870;-0.1585;0.0903;;;;;;;;;;;;;0;0.2586;-0.3782;0.3397;335.9967;20.1649;337.9612;Palm;b974454d-ae33-4d16-9737-e66469f616ef;;LineBisection;2026-05-18 09:45:22.1102;Hands;3;OpenXR
Right;;Baseline;0;NoMitigation;None;anonymous;Sample;5065;0.0000;-0.1149;-0.0119;0.1593;43.2243;11.1049;28.2714;-0.1149;-0.0119;0.1593;0.9060;0.3775;-0.0023;0.1914;0;;;;;;;;;;;;;0;;;;;;;;-0.1664;-0.8582;0.4857;0.2527;-0.3978;0.4256;0.8581;0.4866;-0.1430;0.0811;;;;;;;;;;;;;0;0.2586;-0.3782;0.3397;335.9967;20.1649;337.9612;Palm;b974454d-ae33-4d16-9737-e66469f616ef;;LineBisection;2026-05-18 09:45:22.1436;Hands;3;OpenXR
Right;;Baseline;0;NoMitigation;None;anonymous;Sample;5067;0.0000;-0.1149;-0.0119;0.1593;43.2243;11.1049;28.2714;-0.1149;-0.0119;0.1593;0.9060;0.3775;-0.0023;0.1914;0;;;;;;;;;;;;;0;;;;;;;;-0.1479;-0.8547;0.4975;0.2542;-0.3972;0.4271;0.8624;0.4853;-0.1255;0.0706;;;;;;;;;;;;;0;0.2589;-0.3789;0.3408;335.4652;19.9195;338.7037;Palm;b974454d-ae33-4d16-9737-e66469f616ef;;LineBisection;2026-05-18 09:45:22.1869;Hands;3;OpenXR
Right;;Baseline;0;NoMitigation;None;anonymous;Sample;5068;0.0000;-0.1149;-0.0119;0.1593;43.2243;11.1049;28.2714;-0.1149;-0.0119;0.1593;0.9060;0.3775;-0.0023;0.1914;0;;;;;;;;;;;;;0;;;;;;;;-0.1376;-0.8523;0.5047;0.2549;-0.3971;0.4283;0.8649;0.4840;-0.1158;0.0648;;;;;;;;;;;;;0;0.2590;-0.3798;0.3418;335.1412;19.5895;339.1440;Palm;b974454d-ae33-4d16-9737-e66469f616ef;;LineBisection;2026-05-18 09:45:22.2191;Hands;3;OpenXR
Right;;Baseline;0;NoMitigation;None;anonymous;Sample;5069;0.0000;-0.1149;-0.0119;0.1593;43.2243;11.1049;28.2714;-0.1149;-0.0119;0.1593;0.9060;0.3775;-0.0023;0.1914;0;;;;;;;;;;;;;0;;;;;;;;-0.1365;-0.8513;0.5066;0.2558;-0.3970;0.4284;0.8656;0.4833;-0.1146;0.0640;;;;;;;;;;;;;0;0.2599;-0.3805;0.3417;334.9483;19.7066;338.9746;Palm;b974454d-ae33-4d16-9737-e66469f616ef;;LineBisection;2026-05-18 09:45:22.2484;Hands;3;OpenXR
Right;;Baseline;0;NoMitigation;None;anonymous;Sample;5070;0.0000;-0.1149;-0.0119;0.1593;43.2243;11.1049;28.2714;-0.1149;-0.0119;0.1593;0.9060;0.3775;-0.0023;0.1914;0;;;;;;;;;;;;;0;;;;;;;;-0.1372;-0.8504;0.5080;0.2568;-0.3972;0.4285;0.8660;0.4825;-0.1149;0.0640;;;;;;;;;;;;;0;0.2605;-0.3812;0.3420;334.9899;19.8593;338.7975;Palm;b974454d-ae33-4d16-9737-e66469f616ef;;LineBisection;2026-05-18 09:45:22.2806;Hands;3;OpenXR
Right;;Baseline;0;NoMitigation;None;anonymous;Sample;5071;0.0000;-0.1149;-0.0119;0.1593;43.2243;11.1049;28.2714;-0.1149;-0.0119;0.1593;0.9060;0.3775;-0.0023;0.1914;0;;;;;;;;;;;;;0;;;;;;;;-0.1395;-0.8497;0.5085;0.2581;-0.3976;0.4285;0.8661;0.4818;-0.1166;0.0649;;;;;;;;;;;;;0;0.2614;-0.3818;0.3420;335.2601;20.2608;338.4123;Palm;b974454d-ae33-4d16-9737-e66469f616ef;;LineBisection;2026-05-18 09:45:22.3140;Hands;3;OpenXR
Right;;Baseline;0;NoMitigation;None;anonymous;Sample;5073;0.0000;-0.1149;-0.0119;0.1593;43.2243;11.1049;28.2714;-0.1149;-0.0119;0.1593;0.9060;0.3775;-0.0023;0.1914;0;;;;;;;;;;;;;0;;;;;;;;-0.1401;-0.8495;0.5087;0.2585;-0.3978;0.4285;0.8661;0.4816;-0.1171;0.0651;;;;;;;;;;;;;0;0.2614;-0.3818;0.3420;335.2601;20.2608;338.4123;Palm;b974454d-ae33-4d16-9737-e66469f616ef;;LineBisection;2026-05-18 09:45:22.3445;Hands;3;OpenXR
Right;;Baseline;0;NoMitigation;None;anonymous;Sample;5075;0.0000;-0.1149;-0.0119;0.1593;43.2243;11.1049;28.2714;-0.1149;-0.0119;0.1593;0.9060;0.3775;-0.0023;0.1914;0;;;;;;;;;;;;;0;;;;;;;;-0.1390;-0.8481;0.5113;0.2593;-0.3983;0.4289;0.8669;0.4806;-0.1158;0.0642;;;;;;;;;;;;;0;0.2619;-0.3826;0.3425;335.5302;20.5051;338.2278;Palm;b974454d-ae33-4d16-9737-e66469f616ef;;LineBisection;2026-05-18 09:45:22.3781;Hands;3;OpenXR
Right;;Baseline;0;NoMitigation;None;anonymous;Sample;5076;0.0000;-0.1149;-0.0119;0.1593;43.2243;11.1049;28.2714;-0.1149;-0.0119;0.1593;0.9060;0.3775;-0.0023;0.1914;0;;;;;;;;;;;;;0;;;;;;;;-0.1392;-0.8444;0.5173;0.2609;-0.3983;0.4294;0.8687;0.4777;-0.1149;0.0632;;;;;;;;;;;;;0;0.2629;-0.3826;0.3428;335.6999;20.9547;337.7323;Palm;b974454d-ae33-4d16-9737-e66469f616ef;;LineBisection;2026-05-18 09:45:22.4153;Hands;3;OpenXR
Right;;Baseline;0;NoMitigation;None;anonymous;Sample;5077;0.0000;-0.1149;-0.0119;0.1593;43.2243;11.1049;28.2714;-0.1149;-0.0119;0.1593;0.9060;0.3775;-0.0023;0.1914;0;;;;;;;;;;;;;0;;;;;;;;-0.1377;-0.8406;0.5239;0.2620;-0.3983;0.4300;0.8707;0.4747;-0.1125;0.0613;;;;;;;;;;;;;0;0.2634;-0.3828;0.3431;335.9121;21.1749;337.4398;Palm;b974454d-ae33-4d16-9737-e66469f616ef;;LineBisection;2026-05-18 09:45:22.4479;Hands;3;OpenXR
Right;;Baseline;0;NoMitigation;None;anonymous;Sample;5079;0.0000;-0.1149;-0.0119;0.1593;43.2243;11.1049;28.2714;-0.1149;-0.0119;0.1593;0.9060;0.3775;-0.0023;0.1914;0;;;;;;;;;;;;;0;;;;;;;;-0.1387;-0.8401;0.5245;0.2624;-0.3987;0.4304;0.8709;0.4743;-0.1132;0.0617;;;;;;;;;;;;;0;0.2639;-0.3833;0.3438;336.2958;21.0841;337.2854;Palm;b974454d-ae33-4d16-9737-e66469f616ef;;LineBisection;2026-05-18 09:45:22.4765;Hands;3;OpenXR
Right;;Baseline;0;NoMitigation;None;anonymous;Sample;5081;0.0000;-0.1149;-0.0119;0.1593;43.2243;11.1049;28.2714;-0.1149;-0.0119;0.1593;0.9060;0.3775;-0.0023;0.1914;0;;;;;;;;;;;;;0;;;;;;;;-0.1414;-0.8405;0.5230;0.2631;-0.3992;0.4309;0.8704;0.4745;-0.1156;0.0630;;;;;;;;;;;;;0;0.2648;-0.3832;0.3445;336.5030;21.2839;337.0433;Palm;b974454d-ae33-4d16-9737-e66469f616ef;;LineBisection;2026-05-18 09:45:22.5103;Hands;3;OpenXR
Right;;Baseline;0;NoMitigation;None;anonymous;Sample;5083;0.0000;-0.1149;-0.0119;0.1593;43.2243;11.1049;28.2714;-0.1149;-0.0119;0.1593;0.9060;0.3775;-0.0023;0.1914;0;;;;;;;;;;;;;0;;;;;;;;-0.1431;-0.8409;0.5219;0.2636;-0.3994;0.4312;0.8700;0.4747;-0.1171;0.0639;;;;;;;;;;;;;0;0.2648;-0.3832;0.3445;336.5030;21.2839;337.0433;Palm;b974454d-ae33-4d16-9737-e66469f616ef;;LineBisection;2026-05-18 09:45:22.5455;Hands;3;OpenXR
Right;;Baseline;0;NoMitigation;None;anonymous;Sample;5085;0.0000;-0.1149;-0.0119;0.1593;43.2243;11.1049;28.2714;-0.1149;-0.0119;0.1593;0.9060;0.3775;-0.0023;0.1914;0;;;;;;;;;;;;;0;;;;;;;;-0.1440;-0.8424;0.5192;0.2644;-0.4000;0.4317;0.8692;0.4758;-0.1183;0.0648;;;;;;;;;;;;;0;0.2657;-0.3837;0.3454;336.8264;21.2147;337.0999;Palm;b974454d-ae33-4d16-9737-e66469f616ef;;LineBisection;2026-05-18 09:45:22.5782;Hands;3;OpenXR
Right;;Baseline;0;NoMitigation;None;anonymous;Sample;5087;0.0000;-0.1149;-0.0119;0.1593;43.2243;11.1049;28.2714;-0.1149;-0.0119;0.1593;0.9060;0.3775;-0.0023;0.1914;0;;;;;;;;;;;;;0;;;;;;;;-0.1448;-0.8460;0.5132;0.2655;-0.4008;0.4325;0.8673;0.4786;-0.1200;0.0662;;;;;;;;;;;;;0;0.2663;-0.3838;0.3463;337.1172;21.2005;337.2128;Palm;b974454d-ae33-4d16-9737-e66469f616ef;;LineBisection;2026-05-18 09:45:22.6322;Hands;3;OpenXR
Right;;Baseline;0;NoMitigation;None;anonymous;Sample;5088;0.0000;-0.1149;-0.0119;0.1593;43.2243;11.1049;28.2714;-0.1149;-0.0119;0.1593;0.9060;0.3775;-0.0023;0.1914;0;;;;;;;;;;;;;0;;;;;;;;-0.1451;-0.8459;0.5133;0.2667;-0.4008;0.4331;0.8673;0.4785;-0.1202;0.0663;;;;;;;;;;;;;0;0.2673;-0.3838;0.3469;337.0737;21.4925;337.0126;Palm;b974454d-ae33-4d16-9737-e66469f616ef;;LineBisection;2026-05-18 09:45:22.6674;Hands;3;OpenXR
Right;;Baseline;0;NoMitigation;None;anonymous;Sample;5089;0.0000;-0.1149;-0.0119;0.1593;43.2243;11.1049;28.2714;-0.1149;-0.0119;0.1593;0.9060;0.3775;-0.0023;0.1914;0;;;;;;;;;;;;;0;;;;;;;;-0.1441;-0.8466;0.5123;0.2676;-0.4012;0.4333;0.8670;0.4791;-0.1196;0.0661;;;;;;;;;;;;;0;0.2676;-0.3843;0.3472;337.1084;21.5802;337.0778;Palm;b974454d-ae33-4d16-9737-e66469f616ef;;LineBisection;2026-05-18 09:45:22.7040;Hands;3;OpenXR
Right;;Baseline;0;NoMitigation;None;anonymous;Sample;5090;0.0000;-0.1149;-0.0119;0.1593;43.2243;11.1049;28.2714;-0.1149;-0.0119;0.1593;0.9060;0.3775;-0.0023;0.1914;0;;;;;;;;;;;;;0;;;;;;;;-0.1443;-0.8467;0.5122;0.2681;-0.4015;0.4336;0.8670;0.4791;-0.1198;0.0662;;;;;;;;;;;;;0;0.2677;-0.3847;0.3476;337.1094;21.6848;336.9710;Palm;b974454d-ae33-4d16-9737-e66469f616ef;;LineBisection;2026-05-18 09:45:22.7383;Hands;3;OpenXR
Right;;Baseline;0;NoMitigation;None;anonymous;Sample;5091;0.0000;-0.1149;-0.0119;0.1593;43.2243;11.1049;28.2714;-0.1149;-0.0119;0.1593;0.9060;0.3775;-0.0023;0.1914;0;;;;;;;;;;;;;0;;;;;;;;-0.1479;-0.8469;0.5108;0.2684;-0.4017;0.4340;0.8665;0.4791;-0.1229;0.0679;;;;;;;;;;;;;0;0.2679;-0.3849;0.3485;337.2115;21.7283;336.7061;Palm;b974454d-ae33-4d16-9737-e66469f616ef;;LineBisection;2026-05-18 09:45:22.7648;Hands;3;OpenXR
Right;;Baseline;0;NoMitigation;None;anonymous;Sample;5093;0.0000;-0.1149;-0.0119;0.1593;43.2243;11.1049;28.2714;-0.1149;-0.0119;0.1593;0.9060;0.3775;-0.0023;0.1914;0;;;;;;;;;;;;;0;;;;;;;;-0.1514;-0.8461;0.5111;0.2684;-0.4016;0.4346;0.8665;0.4782;-0.1256;0.0693;;;;;;;;;;;;;0;0.2679;-0.3847;0.3495;337.2903;21.6608;336.3414;Palm;b974454d-ae33-4d16-9737-e66469f616ef;;LineBisection;2026-05-18 09:45:22.7946;Hands;3;OpenXR
Right;;Baseline;0;NoMitigation;None;anonymous;Sample;5095;0.0000;-0.1149;-0.0119;0.1593;43.2243;11.1049;28.2714;-0.1149;-0.0119;0.1593;0.9060;0.3775;-0.0023;0.1914;0;;;;;;;;;;;;;0;;;;;;;;-0.1587;-0.8452;0.5104;0.2683;-0.4015;0.4351;0.8660;0.4770;-0.1315;0.0724;;;;;;;;;;;;;0;0.2683;-0.3847;0.3497;337.3576;21.6581;335.8347;Palm;b974454d-ae33-4d16-9737-e66469f616ef;;LineBisection;2026-05-18 09:45:22.8299;Hands;3;OpenXR
Right;;Baseline;0;NoMitigation;None;anonymous;Sample;5097;0.0000;-0.1149;-0.0119;0.1593;43.2243;11.1049;28.2714;-0.1149;-0.0119;0.1593;0.9060;0.3775;-0.0023;0.1914;0;;;;;;;;;;;;;0;;;;;;;;-0.1632;-0.8447;0.5098;0.2683;-0.4015;0.4352;0.8657;0.4763;-0.1352;0.0744;;;;;;;;;;;;;0;0.2683;-0.3847;0.3497;337.3576;21.6581;335.8347;Palm;b974454d-ae33-4d16-9737-e66469f616ef;;LineBisection;2026-05-18 09:45:22.8658;Hands;3;OpenXR
Right;;Baseline;0;NoMitigation;None;anonymous;Sample;5098;0.0000;-0.1149;-0.0119;0.1593;43.2243;11.1049;28.2714;-0.1149;-0.0119;0.1593;0.9060;0.3775;-0.0023;0.1914;0;;;;;;;;;;;;;0;;;;;;;;-0.1743;-0.8450;0.5056;0.2681;-0.4017;0.4355;0.8640;0.4757;-0.1448;0.0797;;;;;;;;;;;;;0;0.2687;-0.3848;0.3503;337.5113;21.6320;335.2846;Palm;b974454d-ae33-4d16-9737-e66469f616ef;;LineBisection;2026-05-18 09:45:22.9002;Hands;3;OpenXR
Right;;Baseline;0;NoMitigation;None;anonymous;Sample;5099;0.0000;-0.1149;-0.0119;0.1593;43.2243;11.1049;28.2714;-0.1149;-0.0119;0.1593;0.9060;0.3775;-0.0023;0.1914;0;;;;;;;;;;;;;0;;;;;;;;-0.1865;-0.8446;0.5019;0.2682;-0.4022;0.4355;0.8624;0.4744;-0.1550;0.0853;;;;;;;;;;;;;0;0.2693;-0.3852;0.3502;337.8345;21.6681;334.6382;Palm;b974454d-ae33-4d16-9737-e66469f616ef;;LineBisection;2026-05-18 09:45:22.9345;Hands;3;OpenXR
Right;;Baseline;0;NoMitigation;None;anonymous;Sample;5100;0.0000;-0.1149;-0.0119;0.1593;43.2243;11.1049;28.2714;-0.1149;-0.0119;0.1593;0.9060;0.3775;-0.0023;0.1914;0;;;;;;;;;;;;;0;;;;;;;;-0.1967;-0.8417;0.5029;0.2687;-0.4018;0.4356;0.8623;0.4713;-0.1626;0.0889;;;;;;;;;;;;;0;0.2703;-0.3846;0.3503;337.9004;21.8949;333.8738;Palm;b974454d-ae33-4d16-9737-e66469f616ef;;LineBisection;2026-05-18 09:45:22.9656;Hands;3;OpenXR
Right;;Baseline;0;NoMitigation;None;anonymous;Sample;5101;0.0000;-0.1149;-0.0119;0.1593;43.2243;11.1049;28.2714;-0.1149;-0.0119;0.1593;0.9060;0.3775;-0.0023;0.1914;0;;;;;;;;;;;;;0;;;;;;;;-0.2057;-0.8411;0.5002;0.2688;-0.4022;0.4356;0.8611;0.4701;-0.1701;0.0929;;;;;;;;;;;;;0;0.2704;-0.3852;0.3505;338.1060;21.9027;333.5570;Palm;b974454d-ae33-4d16-9737-e66469f616ef;;LineBisection;2026-05-18 09:45:22.9989;Hands;3;OpenXR
Right;;Baseline;0;NoMitigation;None;anonymous;Sample;5102;0.0000;-0.1149;-0.0119;0.1593;43.2243;11.1049;28.2714;-0.1149;-0.0119;0.1593;0.9060;0.3775;-0.0023;0.1914;0;;;;;;;;;;;;;0;;;;;;;;-0.2136;-0.8432;0.4933;0.2689;-0.4019;0.4354;0.8586;0.4708;-0.1779;0.0976;;;;;;;;;;;;;0;0.2709;-0.3845;0.3507;337.8404;21.8044;333.6147;Palm;b974454d-ae33-4d16-9737-e66469f616ef;;LineBisection;2026-05-18 09:45:23.0326;Hands;3;OpenXR
Right;;Baseline;0;NoMitigation;None;anonymous;Sample;5103;0.0000;-0.1149;-0.0119;0.1593;43.2243;11.1049;28.2714;-0.1149;-0.0119;0.1593;0.9060;0.3775;-0.0023;0.1914;0;;;;;;;;;;;;;0;;;;;;;;-0.2162;-0.8439;0.4911;0.2689;-0.4018;0.4354;0.8577;0.4711;-0.1804;0.0991;;;;;;;;;;;;;0;0.2709;-0.3845;0.3507;337.8404;21.8044;333.6147;Palm;b974454d-ae33-4d16-9737-e66469f616ef;;LineBisection;2026-05-18 09:45:23.0664;Hands;3;OpenXR
Right;;Baseline;0;NoMitigation;None;anonymous;Sample;5104;0.0000;-0.1149;-0.0119;0.1593;43.2243;11.1049;28.2714;-0.1149;-0.0119;0.1593;0.9060;0.3775;-0.0023;0.1914;0;;;;;;;;;;;;;0;;;;;;;;-0.2220;-0.8493;0.4790;0.2688;-0.4023;0.4346;0.8536;0.4744;-0.1882;0.1046;;;;;;;;;;;;;0;0.2713;-0.3849;0.3504;337.5437;21.5802;334.0320;Palm;b974454d-ae33-4d16-9737-e66469f616ef;;LineBisection;2026-05-18 09:45:23.0966;Hands;3;OpenXR
Right;;Baseline;0;NoMitigation;None;anonymous;Sample;5106;0.0000;-0.1149;-0.0119;0.1593;43.2243;11.1049;28.2714;-0.1149;-0.0119;0.1593;0.9060;0.3775;-0.0023;0.1914;0;;;;;;;;;;;;;0;;;;;;;;-0.2267;-0.8559;0.4648;0.2683;-0.4027;0.4337;0.8486;0.4788;-0.1959;0.1105;;;;;;;;;;;;;0;0.2710;-0.3849;0.3502;337.1914;21.1809;334.6899;Palm;b974454d-ae33-4d16-9737-e66469f616ef;;LineBisection;2026-05-18 09:45:23.1273;Hands;3;OpenXR
Right;;Baseline;0;NoMitigation;None;anonymous;Sample;5108;0.0000;-0.1149;-0.0119;0.1593;43.2243;11.1049;28.2714;-0.1149;-0.0119;0.1593;0.9060;0.3775;-0.0023;0.1914;0;;;;;;;;;;;;;0;;;;;;;;-0.2315;-0.8626;0.4499;0.2677;-0.4028;0.4327;0.8434;0.4831;-0.2043;0.1170;;;;;;;;;;;;;0;0.2708;-0.3846;0.3497;336.6641;20.7934;335.3204;Palm;b974454d-ae33-4d16-9737-e66469f616ef;;LineBisection;2026-05-18 09:45:23.1619;Hands;3;OpenXR
Right;;Baseline;0;NoMitigation;None;anonymous;Sample;5110;0.0000;-0.1149;-0.0119;0.1593;43.2243;11.1049;28.2714;-0.1149;-0.0119;0.1593;0.9060;0.3775;-0.0023;0.1914;0;;;;;;;;;;;;;0;;;;;;;;-0.2343;-0.8692;0.4355;0.2667;-0.4028;0.4316;0.8382;0.4875;-0.2112;0.1228;;;;;;;;;;;;;0;0.2697;-0.3843;0.3495;336.1729;20.2030;336.1110;Palm;b974454d-ae33-4d16-9737-e66469f616ef;;LineBisection;2026-05-18 09:45:23.1958;Hands;3;OpenXR
Right;;Baseline;0;NoMitigation;None;anonymous;Sample;5112;0.0000;-0.1149;-0.0119;0.1593;43.2243;11.1049;28.2714;-0.1149;-0.0119;0.1593;0.9060;0.3775;-0.0023;0.1914;0;;;;;;;;;;;;;0;;;;;;;;-0.2356;-0.8736;0.4257;0.2656;-0.4022;0.4308;0.8348;0.4906;-0.2156;0.1267;;;;;;;;;;;;;0;0.2691;-0.3835;0.3493;335.4756;19.6849;336.5681;Palm;b974454d-ae33-4d16-9737-e66469f616ef;;LineBisection;2026-05-18 09:45:23.2286;Hands;3;OpenXR
Right;;Baseline;0;NoMitigation;None;anonymous;Sample;5114;0.0000;-0.1149;-0.0119;0.1593;43.2243;11.1049;28.2714;-0.1149;-0.0119;0.1593;0.9060;0.3775;-0.0023;0.1914;0;;;;;;;;;;;;;0;;;;;;;;-0.2362;-0.8759;0.4208;0.2650;-0.4017;0.4303;0.8330;0.4921;-0.2178;0.1287;;;;;;;;;;;;;0;0.2691;-0.3835;0.3493;335.4756;19.6849;336.5681;Palm;b974454d-ae33-4d16-9737-e66469f616ef;;LineBisection;2026-05-18 09:45:23.2614;Hands;3;OpenXR
Right;;Baseline;0;NoMitigation;None;anonymous;Sample;5116;0.0000;-0.1149;-0.0119;0.1593;43.2243;11.1049;28.2714;-0.1149;-0.0119;0.1593;0.9060;0.3775;-0.0023;0.1914;0;;;;;;;;;;;;;0;;;;;;;;-0.2351;-0.8774;0.4181;0.2643;-0.4011;0.4301;0.8321;0.4934;-0.2179;0.1292;;;;;;;;;;;;;0;0.2685;-0.3832;0.3496;334.9828;19.1661;337.0288;Palm;b974454d-ae33-4d16-9737-e66469f616ef;;LineBisection;2026-05-18 09:45:23.2946;Hands;3;OpenXR
Right;;Baseline;0;NoMitigation;None;anonymous;Sample;5117;0.0000;-0.1149;-0.0119;0.1593;43.2243;11.1049;28.2714;-0.1149;-0.0119;0.1593;0.9060;0.3775;-0.0023;0.1914;0;;;;;;;;;;;;;0;;;;;;;;-0.2345;-0.8772;0.4190;0.2637;-0.4007;0.4300;0.8324;0.4933;-0.2171;0.1287;;;;;;;;;;;;;0;0.2680;-0.3836;0.3496;334.7149;18.9054;337.0807;Palm;b974454d-ae33-4d16-9737-e66469f616ef;;LineBisection;2026-05-18 09:45:23.3195;Hands;3;OpenXR
Right;;Baseline;0;NoMitigation;None;anonymous;Sample;5118;0.0000;-0.1149;-0.0119;0.1593;43.2243;11.1049;28.2714;-0.1149;-0.0119;0.1593;0.9060;0.3775;-0.0023;0.1914;0;;;;;;;;;;;;;0;;;;;;;;-0.2342;-0.8770;0.4195;0.2633;-0.4005;0.4300;0.8326;0.4932;-0.2167;0.1284;;;;;;;;;;;;;0;0.2680;-0.3836;0.3496;334.7149;18.9054;337.0807;Palm;b974454d-ae33-4d16-9737-e66469f616ef;;LineBisection;2026-05-18 09:45:23.3545;Hands;3;OpenXR
Right;;Baseline;0;NoMitigation;None;anonymous;Sample;5119;0.0000;-0.1149;-0.0119;0.1593;43.2243;11.1049;28.2714;-0.1149;-0.0119;0.1593;0.9060;0.3775;-0.0023;0.1914;0;;;;;;;;;;;;;0;;;;;;;;-0.2361;-0.8760;0.4205;0.2626;-0.4005;0.4299;0.8329;0.4923;-0.2178;0.1287;;;;;;;;;;;;;0;0.2673;-0.3838;0.3496;334.7018;18.5985;336.9698;Palm;b974454d-ae33-4d16-9737-e66469f616ef;;LineBisection;2026-05-18 09:45:23.3843;Hands;3;OpenXR
Right;;Baseline;0;NoMitigation;None;anonymous;Sample;5120;0.0000;-0.1149;-0.0119;0.1593;43.2243;11.1049;28.2714;-0.1149;-0.0119;0.1593;0.9060;0.3775;-0.0023;0.1914;0;;;;;;;;;;;;;0;;;;;;;;-0.2591;-0.8737;0.4117;0.2621;-0.4015;0.4290;0.8283;0.4869;-0.2390;0.1404;;;;;;;;;;;;;0;0.2680;-0.3846;0.3489;335.5280;18.7745;335.6144;Palm;b974454d-ae33-4d16-9737-e66469f616ef;;LineBisection;2026-05-18 09:45:23.4314;Hands;3;OpenXR
Right;;Baseline;0;NoMitigation;None;anonymous;Sample;5121;0.0000;-0.1149;-0.0119;0.1593;43.2243;11.1049;28.2714;-0.1149;-0.0119;0.1593;0.9060;0.3775;-0.0023;0.1914;0;;;;;;;;;;;;;0;;;;;;;;-0.2622;-0.8733;0.4106;0.2621;-0.4016;0.4289;0.8277;0.4861;-0.2417;0.1420;;;;;;;;;;;;;0;0.2680;-0.3846;0.3489;335.5280;18.7745;335.6144;Palm;b974454d-ae33-4d16-9737-e66469f616ef;;LineBisection;2026-05-18 09:45:23.4523;Hands;3;OpenXR
Right;;Baseline;0;NoMitigation;None;anonymous;Sample;5122;0.0000;-0.1149;-0.0119;0.1593;43.2243;11.1049;28.2714;-0.1149;-0.0119;0.1593;0.9060;0.3775;-0.0023;0.1914;0;;;;;;;;;;;;;0;;;;;;;;-0.2745;-0.8728;0.4037;0.2621;-0.4021;0.4283;0.8244;0.4835;-0.2538;0.1488;;;;;;;;;;;;;0;0.2686;-0.3848;0.3486;335.9272;19.0546;334.8803;Palm;b974454d-ae33-4d16-9737-e66469f616ef;;LineBisection;2026-05-18 09:45:23.4833;Hands;3;OpenXR
Right;;Baseline;0;NoMitigation;None;anonymous;Sample;5123;0.0000;-0.1149;-0.0119;0.1593;43.2243;11.1049;28.2714;-0.1149;-0.0119;0.1593;0.9060;0.3775;-0.0023;0.1914;0;;;;;;;;;;;;;0;;;;;;;;-0.2830;-0.8721;0.3993;0.2623;-0.4025;0.4279;0.8223;0.4815;-0.2618;0.1533;;;;;;;;;;;;;0;0.2690;-0.3850;0.3483;336.1981;19.0559;334.5962;Palm;b974454d-ae33-4d16-9737-e66469f616ef;;LineBisection;2026-05-18 09:45:23.5155;Hands;3;OpenXR
Right;;Baseline;0;NoMitigation;None;anonymous;Sample;5124;0.0000;-0.1149;-0.0119;0.1593;43.2243;11.1049;28.2714;-0.1149;-0.0119;0.1593;0.9060;0.3775;-0.0023;0.1914;0;;;;;;;;;;;;;0;;;;;;;;-0.2859;-0.8718;0.3977;0.2624;-0.4027;0.4277;0.8215;0.4807;-0.2647;0.1549;;;;;;;;;;;;;0;0.2690;-0.3850;0.3483;336.1981;19.0559;334.5962;Palm;b974454d-ae33-4d16-9737-e66469f616ef;;LineBisection;2026-05-18 09:45:23.5482;Hands;3;OpenXR
Right;;Baseline;0;NoMitigation;None;anonymous;Sample;5126;0.0000;-0.1149;-0.0119;0.1593;43.2243;11.1049;28.2714;-0.1149;-0.0119;0.1593;0.9060;0.3775;-0.0023;0.1914;0;;;;;;;;;;;;;0;;;;;;;;-0.2871;-0.8715;0.3977;0.2626;-0.4028;0.4277;0.8214;0.4803;-0.2655;0.1552;;;;;;;;;;;;;0;0.2693;-0.3849;0.3484;336.2697;18.9522;334.5332;Palm;b974454d-ae33-4d16-9737-e66469f616ef;;LineBisection;2026-05-18 09:45:23.5805;Hands;3;OpenXR
Right;;Baseline;0;NoMitigation;None;anonymous;Sample;5127;0.0000;-0.1149;-0.0119;0.1593;43.2243;11.1049;28.2714;-0.1149;-0.0119;0.1593;0.9060;0.3775;-0.0023;0.1914;0;;;;;;;;;;;;;0;;;;;;;;-0.2854;-0.8716;0.3985;0.2627;-0.4031;0.4279;0.8218;0.4807;-0.2639;0.1544;;;;;;;;;;;;;0;0.2696;-0.3850;0.3485;336.2621;18.5689;334.7566;Palm;b974454d-ae33-4d16-9737-e66469f616ef;;LineBisection;2026-05-18 09:45:23.6140;Hands;3;OpenXR
Right;;Baseline;0;NoMitigation;None;anonymous;Sample;5128;0.0000;-0.1149;-0.0119;0.1593;43.2243;11.1049;28.2714;-0.1149;-0.0119;0.1593;0.9060;0.3775;-0.0023;0.1914;0;;;;;;;;;;;;;0;;;;;;;;-0.2834;-0.8721;0.3990;0.2630;-0.4035;0.4280;0.8221;0.4814;-0.2623;0.1536;;;;;;;;;;;;;0;0.2699;-0.3853;0.3485;336.2278;18.3498;334.9150;Palm;b974454d-ae33-4d16-9737-e66469f616ef;;LineBisection;2026-05-18 09:45:23.6489;Hands;3;OpenXR
Right;;Baseline;0;NoMitigation;None;anonymous;Sample;5129;0.0000;-0.1149;-0.0119;0.1593;43.2243;11.1049;28.2714;-0.1149;-0.0119;0.1593;0.9060;0.3775;-0.0023;0.1914;0;;;;;;;;;;;;;0;;;;;;;;-0.2791;-0.8717;0.4029;0.2635;-0.4034;0.4285;0.8239;0.4819;-0.2575;0.1506;;;;;;;;;;;;;0;0.2705;-0.3851;0.3490;336.0634;18.0702;335.1229;Palm;b974454d-ae33-4d16-9737-e66469f616ef;;LineBisection;2026-05-18 09:45:23.6795;Hands;3;OpenXR
Right;;Baseline;0;NoMitigation;None;anonymous;Sample;5131;0.0000;-0.1149;-0.0119;0.1593;43.2243;11.1049;28.2714;-0.1149;-0.0119;0.1593;0.9060;0.3775;-0.0023;0.1914;0;;;;;;;;;;;;;0;;;;;;;;-0.2754;-0.8715;0.4058;0.2639;-0.4036;0.4288;0.8252;0.4825;-0.2536;0.1483;;;;;;;;;;;;;0;0.2711;-0.3856;0.3493;336.0025;17.8037;335.3792;Palm;b974454d-ae33-4d16-9737-e66469f616ef;;LineBisection;2026-05-18 09:45:23.7138;Hands;3;OpenXR
Right;;Baseline;0;NoMitigation;None;anonymous;Sample;5133;0.0000;-0.1149;-0.0119;0.1593;43.2243;11.1049;28.2714;-0.1149;-0.0119;0.1593;0.9060;0.3775;-0.0023;0.1914;0;;;;;;;;;;;;;0;;;;;;;;-0.2728;-0.8713;0.4078;0.2642;-0.4037;0.4290;0.8261;0.4829;-0.2508;0.1466;;;;;;;;;;;;;0;0.2711;-0.3856;0.3493;336.0025;17.8037;335.3792;Palm;b974454d-ae33-4d16-9737-e66469f616ef;;LineBisection;2026-05-18 09:45:23.7456;Hands;3;OpenXR
Right;;Baseline;0;NoMitigation;None;anonymous;Sample;5135;0.0000;-0.1149;-0.0119;0.1593;43.2243;11.1049;28.2714;-0.1149;-0.0119;0.1593;0.9060;0.3775;-0.0023;0.1914;0;;;;;;;;;;;;;0;;;;;;;;-0.2696;-0.8712;0.4103;0.2644;-0.4039;0.4292;0.8272;0.4834;-0.2474;0.1446;;;;;;;;;;;;;0;0.2713;-0.3858;0.3494;336.0288;17.5042;335.5475;Palm;b974454d-ae33-4d16-9737-e66469f616ef;;LineBisection;2026-05-18 09:45:23.7776;Hands;3;OpenXR
Right;;Baseline;0;NoMitigation;None;anonymous;Sample;5137;0.0000;-0.1149;-0.0119;0.1593;43.2243;11.1049;28.2714;-0.1149;-0.0119;0.1593;0.9060;0.3775;-0.0023;0.1914;0;;;;;;;;;;;;;0;;;;;;;;-0.2682;-0.8720;0.4095;0.2643;-0.4041;0.4294;0.8270;0.4841;-0.2467;0.1444;;;;;;;;;;;;;0;0.2711;-0.3860;0.3497;336.0476;17.0861;335.8010;Palm;b974454d-ae33-4d16-9737-e66469f616ef;;LineBisection;2026-05-18 09:45:23.8108;Hands;3;OpenXR
Right;;Baseline;0;NoMitigation;None;anonymous;Sample;5139;0.0000;-0.1149;-0.0119;0.1593;43.2243;11.1049;28.2714;-0.1149;-0.0119;0.1593;0.9060;0.3775;-0.0023;0.1914;0;;;;;;;;;;;;;0;;;;;;;;-0.2661;-0.8723;0.4102;0.2646;-0.4041;0.4296;0.8274;0.4847;-0.2448;0.1434;;;;;;;;;;;;;0;0.2719;-0.3859;0.3499;335.9917;17.1579;335.8576;Palm;b974454d-ae33-4d16-9737-e66469f616ef;;LineBisection;2026-05-18 09:45:23.8443;Hands;3;OpenXR
Right;1;Exposure;0;NoMitigation;None;anonymous;Sample;5141;0.0000;-0.1149;-0.0119;0.1593;43.2243;11.1049;28.2714;-0.1149;-0.0119;0.1593;0.9060;0.3775;-0.0023;0.1914;0;;;;;;;;;;;;;0;;;;;;;;-0.1984;-0.8705;0.4505;0.2641;-0.4014;0.4282;0.8453;0.4931;-0.1779;0.1038;;;;;;;;;;;;;0;0.2708;-0.3884;0.3475;336.3817;13.7781;339.5674;Palm;b974454d-ae33-4d16-9737-e66469f616ef;1;Exposure;2026-05-18 09:45:26.2447;Hands;;OpenXR
Right;1;Exposure;0;NoMitigation;None;anonymous;Sample;5142;0.0000;-0.1149;-0.0119;0.1593;43.2243;11.1049;28.2714;-0.1149;-0.0119;0.1593;0.9060;0.3775;-0.0023;0.1914;0;;;;;;;;;;;;;0;;;;;;;;-0.2127;-0.8767;0.4314;0.2611;-0.4027;0.4268;0.8381;0.4961;-0.1954;0.1157;;;;;;;;;;;;;0;0.2692;-0.3893;0.3468;336.6212;12.9698;339.4958;Palm;b974454d-ae33-4d16-9737-e66469f616ef;1;Exposure;2026-05-18 09:45:26.3270;Hands;;OpenXR
Right;1;Exposure;0;NoMitigation;None;anonymous;Sample;5143;0.0000;-0.1149;-0.0119;0.1593;43.2243;11.1049;28.2714;-0.1149;-0.0119;0.1593;0.9060;0.3775;-0.0023;0.1914;0;;;;;;;;;;;;;0;;;;;;;;-0.2173;-0.8785;0.4254;0.2590;-0.4027;0.4265;0.8357;0.4968;-0.2011;0.1196;;;;;;;;;;;;;0;0.2674;-0.3891;0.3468;336.4617;12.3408;339.6470;Palm;b974454d-ae33-4d16-9737-e66469f616ef;1;Exposure;2026-05-18 09:45:26.3613;Hands;;OpenXR
Right;1;Exposure;0;NoMitigation;None;anonymous;Sample;5145;0.0000;-0.1149;-0.0119;0.1593;43.2243;11.1049;28.2714;-0.1149;-0.0119;0.1593;0.9060;0.3775;-0.0023;0.1914;0;;;;;;;;;;;;;0;;;;;;;;-0.2185;-0.8784;0.4250;0.2577;-0.4025;0.4264;0.8355;0.4966;-0.2022;0.1202;;;;;;;;;;;;;0;0.2662;-0.3887;0.3465;336.2408;11.7013;339.8011;Palm;b974454d-ae33-4d16-9737-e66469f616ef;1;Exposure;2026-05-18 09:45:26.3941;Hands;;OpenXR
Right;1;Exposure;0;NoMitigation;None;anonymous;Sample;5146;0.0000;-0.1149;-0.0119;0.1593;43.2243;11.1049;28.2714;-0.1149;-0.0119;0.1593;0.9060;0.3775;-0.0023;0.1914;0;;;;;;;;;;;;;0;;;;;;;;-0.2191;-0.8782;0.4252;0.2567;-0.4023;0.4263;0.8355;0.4963;-0.2026;0.1203;;;;;;;;;;;;;0;0.2662;-0.3887;0.3465;336.2408;11.7013;339.8011;Palm;b974454d-ae33-4d16-9737-e66469f616ef;1;Exposure;2026-05-18 09:45:26.4272;Hands;;OpenXR
Right;1;Exposure;0;NoMitigation;None;anonymous;Sample;5147;0.0000;-0.1149;-0.0119;0.1593;43.2243;11.1049;28.2714;-0.1149;-0.0119;0.1593;0.9060;0.3775;-0.0023;0.1914;0;;;;;;;;;;;;;0;;;;;;;;-0.2160;-0.8771;0.4290;0.2553;-0.4021;0.4262;0.8370;0.4960;-0.1988;0.1178;;;;;;;;;;;;;0;0.2654;-0.3884;0.3462;335.9561;11.0515;340.1531;Palm;b974454d-ae33-4d16-9737-e66469f616ef;1;Exposure;2026-05-18 09:45:26.4641;Hands;;OpenXR
Right;1;Exposure;0;NoMitigation;None;anonymous;Sample;5148;0.0000;-0.1149;-0.0119;0.1593;43.2243;11.1049;28.2714;-0.1149;-0.0119;0.1593;0.9060;0.3775;-0.0023;0.1914;0;;;;;;;;;;;;;0;;;;;;;;-0.2151;-0.8758;0.4322;0.2541;-0.4020;0.4258;0.8382;0.4951;-0.1971;0.1164;;;;;;;;;;;;;0;0.2647;-0.3878;0.3452;335.7810;10.7130;340.1399;Palm;b974454d-ae33-4d16-9737-e66469f616ef;1;Exposure;2026-05-18 09:45:26.4960;Hands;;OpenXR
Right;1;Exposure;0;NoMitigation;None;anonymous;Sample;5149;0.0000;-0.1149;-0.0119;0.1593;43.2243;11.1049;28.2714;-0.1149;-0.0119;0.1593;0.9060;0.3775;-0.0023;0.1914;0;;;;;;;;;;;;;0;;;;;;;;-0.2156;-0.8741;0.4354;0.2538;-0.4015;0.4252;0.8392;0.4937;-0.1964;0.1155;;;;;;;;;;;;;0;0.2652;-0.3864;0.3441;335.6729;10.8349;339.8733;Palm;b974454d-ae33-4d16-9737-e66469f616ef;1;Exposure;2026-05-18 09:45:26.5278;Hands;;OpenXR
Right;1;Exposure;0;NoMitigation;None;anonymous;Sample;5150;0.0000;-0.1149;-0.0119;0.1593;43.2243;11.1049;28.2714;-0.1149;-0.0119;0.1593;0.9060;0.3775;-0.0023;0.1914;0;;;;;;;;;;;;;0;;;;;;;;-0.2308;-0.8579;0.4592;0.2535;-0.3967;0.4249;0.8465;0.4797;-0.2008;0.1138;;;;;;;;;;;;;0;0.2662;-0.3814;0.3427;334.9080;10.9116;337.6517;Palm;b974454d-ae33-4d16-9737-e66469f616ef;1;Exposure;2026-05-18 09:45:26.5618;Hands;;OpenXR
Right;1;Exposure;0;NoMitigation;None;anonymous;Sample;5152;0.0000;-0.1149;-0.0119;0.1593;43.2243;11.1049;28.2714;-0.1149;-0.0119;0.1593;0.9060;0.3775;-0.0023;0.1914;0;;;;;;;;;;;;;0;;;;;;;;-0.2681;-0.8252;0.4971;0.2497;-0.3829;0.4238;0.8576;0.4523;-0.2165;0.1142;;;;;;;;;;;;;0;0.2639;-0.3612;0.3400;329.7468;9.1688;332.9854;Palm;b974454d-ae33-4d16-9737-e66469f616ef;1;Exposure;2026-05-18 09:45:26.5936;Hands;;OpenXR
Right;1;Exposure;0;NoMitigation;None;anonymous;Sample;5154;0.0000;-0.1149;-0.0119;0.1593;43.2243;11.1049;28.2714;-0.1149;-0.0119;0.1593;0.9060;0.3775;-0.0023;0.1914;0;;;;;;;;;;;;;0;;;;;;;;-0.2946;-0.8000;0.5228;0.2468;-0.3728;0.4230;0.8652;0.4325;-0.2270;0.1135;;;;;;;;;;;;;0;0.2639;-0.3612;0.3400;329.7468;9.1688;332.9854;Palm;b974454d-ae33-4d16-9737-e66469f616ef;1;Exposure;2026-05-18 09:45:26.6266;Hands;;OpenXR
Right;1;Exposure;0;NoMitigation;None;anonymous;Sample;5156;0.0000;-0.1149;-0.0119;0.1593;43.2243;11.1049;28.2714;-0.1149;-0.0119;0.1593;0.9060;0.3775;-0.0023;0.1914;0;;;;;;;;;;;;;0;;;;;;;;-0.3768;-0.7067;0.5989;0.2323;-0.3397;0.4156;0.8878;0.3674;-0.2560;0.1060;;;;;;;;;;;;;0;0.2483;-0.3252;0.3275;322.9846;8.0830;323.6940;Palm;b974454d-ae33-4d16-9737-e66469f616ef;1;Exposure;2026-05-18 09:45:26.6605;Hands;;OpenXR
Right;1;Exposure;0;NoMitigation;None;anonymous;Sample;5158;0.0000;-0.1149;-0.0119;0.1593;43.2243;11.1049;28.2714;-0.1149;-0.0119;0.1593;0.9060;0.3775;-0.0023;0.1914;0;;;;;;;;;;;;;0;;;;;;;;-0.5174;-0.5556;0.6509;0.2076;-0.2866;0.3989;0.9035;0.2741;-0.3153;0.0957;;;;;;;;;;;;;0;0.2278;-0.2753;0.3119;312.9713;5.6391;312.3654;Palm;b974454d-ae33-4d16-9737-e66469f616ef;1;Exposure;2026-05-18 09:45:26.6935;Hands;;OpenXR
Right;1;Exposure;0;NoMitigation;None;anonymous;Sample;5160;0.0000;-0.1149;-0.0119;0.1593;43.2243;11.1049;28.2714;-0.1149;-0.0119;0.1593;0.9060;0.3775;-0.0023;0.1914;0;;;;;;;;;;;;;0;;;;;;;;-0.6837;-0.3577;0.6361;0.1777;-0.2212;0.3710;0.9016;0.1668;-0.3926;0.0726;;;;;;;;;;;;;0;0.2055;-0.2192;0.2907;303.7011;2.9346;299.2041;Palm;b974454d-ae33-4d16-9737-e66469f616ef;1;Exposure;2026-05-18 09:45:26.7269;Hands;;OpenXR
Right;1;Exposure;0;NoMitigation;None;anonymous;Sample;5162;0.0000;-0.1149;-0.0119;0.1593;43.2243;11.1049;28.2714;-0.1149;-0.0119;0.1593;0.9060;0.3775;-0.0023;0.1914;0;;;;;;;;;;;;;0;;;;;;;;-0.7996;-0.2099;0.5627;0.1556;-0.1700;0.3436;0.8826;0.0937;-0.4581;0.0486;;;;;;;;;;;;;0;0.1903;-0.1748;0.2701;297.9005;1.3469;288.3726;Palm;b974454d-ae33-4d16-9737-e66469f616ef;1;Exposure;2026-05-18 09:45:26.7604;Hands;;OpenXR
Right;1;Exposure;0;NoMitigation;None;anonymous;Sample;5164;0.0000;-0.1149;-0.0119;0.1593;43.2243;11.1049;28.2714;-0.1149;-0.0119;0.1593;0.9060;0.3775;-0.0023;0.1914;0;;;;;;;;;;;;;0;;;;;;;;-0.9063;-0.0776;0.4154;0.1355;-0.1153;0.2989;0.8410;0.0327;-0.5396;0.0210;;;;;;;;;;;;;0;0.1787;-0.1256;0.2302;288.8142;353.8624;282.0573;Palm;b974454d-ae33-4d16-9737-e66469f616ef;1;Exposure;2026-05-18 09:45:26.7939;Hands;;OpenXR
Right;1;Exposure;0;NoMitigation;None;anonymous;Sample;5166;0.0000;-0.1149;-0.0119;0.1593;43.2243;11.1049;28.2714;-0.1149;-0.0119;0.1593;0.9060;0.3775;-0.0023;0.1914;0;;;;;;;;;;;;;0;;;;;;;;-0.9716;-0.0017;0.2366;0.1143;-0.0632;0.2483;0.7863;0.0007;-0.6178;0.0005;;;;;;;;;;;;;0;0.1529;-0.0791;0.2005;278.8044;348.7903;278.6319;Palm;b974454d-ae33-4d16-9737-e66469f616ef;1;Exposure;2026-05-18 09:45:26.8263;Hands;;OpenXR
Right;1;Exposure;0;NoMitigation;None;anonymous;Sample;5168;0.0000;-0.1149;-0.0119;0.1593;43.2243;11.1049;28.2714;-0.1149;-0.0119;0.1593;0.9060;0.3775;-0.0023;0.1914;0;;;;;;;;;;;;;0;;;;;;;;-0.9912;0.0322;0.1284;0.1017;-0.0337;0.2188;0.7511;-0.0121;-0.6600;-0.0106;;;;;;;;;;;;;0;0.1529;-0.0791;0.2005;278.8044;348.7903;278.6319;Palm;b974454d-ae33-4d16-9737-e66469f616ef;1;Exposure;2026-05-18 09:45:26.8591;Hands;;OpenXR
Right;1;Exposure;0;NoMitigation;None;anonymous;Sample;5170;0.0000;-0.1149;-0.0119;0.1593;43.2243;11.1049;28.2714;-0.1149;-0.0119;0.1593;0.9060;0.3775;-0.0023;0.1914;0;;;;;;;;;;;;;0;;;;;;;;-0.9996;0.0274;0.0114;0.0894;-0.0060;0.1745;0.7111;-0.0098;-0.7030;-0.0096;;;;;;;;;;;;;0;0.1355;-0.0493;0.1668;274.2936;162.2515;99.9666;Palm;b974454d-ae33-4d16-9737-e66469f616ef;1;Exposure;2026-05-18 09:45:26.8939;Hands;;OpenXR
Right;1;Exposure;0;NoMitigation;None;anonymous;Sample;5172;0.0000;-0.1149;-0.0119;0.1593;43.2243;11.1049;28.2714;-0.1149;-0.0119;0.1593;0.9060;0.3775;-0.0023;0.1914;0;;;;;;;;;;;;;0;;;;;;;;-0.9982;-0.0317;-0.0502;0.0815;0.0070;0.1268;0.6890;0.0109;-0.7246;0.0115;;;;;;;;;;;;;0;0.1248;-0.0344;0.1340;291.0643;163.4744;96.5125;Palm;b974454d-ae33-4d16-9737-e66469f616ef;1;Exposure;2026-05-18 09:45:26.9263;Hands;;OpenXR
Right;1;Exposure;0;NoMitigation;None;anonymous;Sample;5174;0.0000;-0.1149;-0.0119;0.1593;43.2243;11.1049;28.2714;-0.1149;-0.0119;0.1593;0.9060;0.3775;-0.0023;0.1914;0;;;;;;;;;;;;;0;;;;;;;;-0.9986;-0.0384;-0.0369;0.0812;0.0100;0.0927;0.6938;0.0133;-0.7199;0.0138;;;;;;;;;;;;;0;0.1275;-0.0309;0.1125;307.8109;161.1168;102.4790;Palm;b974454d-ae33-4d16-9737-e66469f616ef;1;Exposure;2026-05-18 09:45:26.9606;Hands;;OpenXR
Right;1;Exposure;0;NoMitigation;None;anonymous;Sample;5176;0.0000;-0.1149;-0.0119;0.1593;43.2243;11.1049;28.2714;-0.1149;-0.0119;0.1593;0.9060;0.3775;-0.0023;0.1914;0;;;;;;;;;;;;;0;;;;;;;;-0.9957;0.0548;0.0743;0.0762;0.0131;0.0600;0.7327;-0.0201;-0.6800;-0.0186;;;;;;;;;;;;;0;0.1169;-0.0243;0.0767;321.0774;165.3206;114.1406;Palm;b974454d-ae33-4d16-9737-e66469f616ef;1;Exposure;2026-05-18 09:45:26.9936;Hands;;OpenXR
Right;1;Exposure;0;NoMitigation;None;anonymous;Sample;5178;0.0000;-0.1149;-0.0119;0.1593;43.2243;11.1049;28.2714;-0.1149;-0.0119;0.1593;0.9060;0.3775;-0.0023;0.1914;0;;;;;;;;;;;;;0;;;;;;;;-0.9679;0.1806;0.1747;0.0651;0.0157;0.0253;0.7642;-0.0696;-0.6386;-0.0581;;;;;;;;;;;;;0;0.0971;-0.0216;0.0410;330.8004;164.0219;121.5802;Palm;b974454d-ae33-4d16-9737-e66469f616ef;1;Exposure;2026-05-18 09:45:27.0272;Hands;;OpenXR
Right;1;Exposure;0;NoMitigation;None;anonymous;Sample;5180;0.0000;-0.1149;-0.0119;0.1593;43.2243;11.1049;28.2714;-0.1149;-0.0119;0.1593;0.9060;0.3775;-0.0023;0.1914;0;;;;;;;;;;;;;0;;;;;;;;-0.9416;0.2516;0.2238;0.0580;0.0170;0.0052;0.7783;-0.0995;-0.6150;-0.0786;;;;;;;;;;;;;0;0.0971;-0.0216;0.0410;330.8004;164.0219;121.5802;Palm;b974454d-ae33-4d16-9737-e66469f616ef;1;Exposure;2026-05-18 09:45:27.0601;Hands;;OpenXR
Right;1;Exposure;0;NoMitigation;None;anonymous;Sample;5182;0.0000;-0.1149;-0.0119;0.1593;43.2243;11.1049;28.2714;-0.1149;-0.0119;0.1593;0.9060;0.3775;-0.0023;0.1914;0;;;;;;;;;;;;;0;;;;;;;;-0.9565;0.2339;0.1744;0.0375;0.0143;-0.0301;0.7626;-0.0904;-0.6361;-0.0754;;;;;;;;;;;;;0;0.0619;-0.0146;0.0021;337.3867;158.7312;114.3187;Palm;b974454d-ae33-4d16-9737-e66469f616ef;1;Exposure;2026-05-18 09:45:27.0931;Hands;;OpenXR
Right;1;Exposure;0;NoMitigation;None;anonymous;Sample;5184;0.0000;-0.1149;-0.0119;0.1593;43.2243;11.1049;28.2714;-0.1149;-0.0119;0.1593;0.9060;0.3775;-0.0023;0.1914;0;;;;;;;;;;;;;0;;;;;;;;-0.9621;0.2259;0.1527;0.0286;0.0131;-0.0455;0.7556;-0.0865;-0.6451;-0.0738;;;;;;;;;;;;;0;;;;;;;;b974454d-ae33-4d16-9737-e66469f616ef;1;Exposure;2026-05-18 09:45:27.1269;Hands;;OpenXR
Right;1;Exposure;0;NoMitigation;None;anonymous;Sample;5186;0.0000;-0.1149;-0.0119;0.1593;43.2243;11.1049;28.2714;-0.1149;-0.0119;0.1593;0.9060;0.3775;-0.0023;0.1914;0;;;;;;;;;;;;;0;;;;;;;;-0.9778;-0.2076;0.0272;0.0109;0.0012;-0.0887;0.7130;0.0748;-0.6934;0.0728;;;;;;;;;;;;;0;-0.0010;0.0142;-0.0728;337.8054;159.5990;48.9240;Palm;b974454d-ae33-4d16-9737-e66469f616ef;1;Exposure;2026-05-18 09:45:27.1603;Hands;;OpenXR
Right;1;Exposure;0;NoMitigation;None;anonymous;Sample;5188;0.0000;-0.1149;-0.0119;0.1593;43.2243;11.1049;28.2714;-0.1149;-0.0119;0.1593;0.9060;0.3775;-0.0023;0.1914;0;;;;;;;;;;;;;0;;;;;;;;-0.8558;-0.5125;-0.0701;-0.0013;-0.0077;-0.1194;0.6532;0.1801;-0.7089;0.1955;;;;;;;;;;;;;0;-0.0010;0.0142;-0.0728;337.8054;159.5990;48.9240;Palm;b974454d-ae33-4d16-9737-e66469f616ef;1;Exposure;2026-05-18 09:45:27.1925;Hands;;OpenXR
Right;1;Exposure;0;NoMitigation;None;anonymous;Sample;5190;0.0000;-0.1149;-0.0119;0.1593;43.2243;11.1049;28.2714;-0.1149;-0.0119;0.1593;0.9060;0.3775;-0.0023;0.1914;0;;;;;;;;;;;;;0;;;;;;;;-0.7378;-0.6656;-0.1122;-0.0125;-0.0144;-0.1432;0.6091;0.2322;-0.7086;0.2701;;;;;;;;;;;;;0;-0.0148;0.0126;-0.0915;338.6157;161.0539;43.0442;Palm;b974454d-ae33-4d16-9737-e66469f616ef;1;Exposure;2026-05-18 09:45:27.2269;Hands;;OpenXR
Right;1;Exposure;0;NoMitigation;None;anonymous;Sample;5192;0.0000;-0.1149;-0.0119;0.1593;43.2243;11.1049;28.2714;-0.1149;-0.0119;0.1593;0.9060;0.3775;-0.0023;0.1914;0;;;;;;;;;;;;;0;;;;;;;;-0.6637;-0.7383;-0.1197;-0.0223;-0.0199;-0.1617;0.5868;0.2587;-0.7021;0.3096;;;;;;;;;;;;;0;-0.0239;0.0104;-0.1064;340.1525;162.9890;40.1804;Palm;b974454d-ae33-4d16-9737-e66469f616ef;1;Exposure;2026-05-18 09:45:27.2593;Hands;;OpenXR
Right;1;Exposure;0;NoMitigation;None;anonymous;Sample;5194;0.0000;-0.1149;-0.0119;0.1593;43.2243;11.1049;28.2714;-0.1149;-0.0119;0.1593;0.9060;0.3775;-0.0023;0.1914;0;;;;;;;;;;;;;0;;;;;;;;-0.6290;-0.7676;-0.1226;-0.0266;-0.0223;-0.1698;0.5760;0.2695;-0.6991;0.3270;;;;;;;;;;;;;0;;;;;;;;b974454d-ae33-4d16-9737-e66469f616ef;1;Exposure;2026-05-18 09:45:27.2936;Hands;;OpenXR
Right;1;Exposure;0;NoMitigation;None;anonymous;Sample;5196;0.0000;-0.1149;-0.0119;0.1593;43.2243;11.1049;28.2714;-0.1149;-0.0119;0.1593;0.9060;0.3775;-0.0023;0.1914;0;;;;;;;;;;;;;0;;;;;;;;-0.6135;-0.7799;-0.1238;-0.0285;-0.0234;-0.1733;0.5710;0.2739;-0.6977;0.3347;;;;;;;;;;;;;0;;;;;;;;b974454d-ae33-4d16-9737-e66469f616ef;1;Exposure;2026-05-18 09:45:27.3270;Hands;;OpenXR
Right;1;Exposure;0;NoMitigation;None;anonymous;Sample;5198;0.0000;-0.1149;-0.0119;0.1593;43.2243;11.1049;28.2714;-0.1149;-0.0119;0.1593;0.9060;0.3775;-0.0023;0.1914;0;;;;;;;;;;;;;0;;;;;;;;-0.6067;-0.7852;-0.1243;-0.0293;-0.0238;-0.1748;0.5688;0.2758;-0.6972;0.3381;;;;;;;;;;;;;0;;;;;;;;b974454d-ae33-4d16-9737-e66469f616ef;1;Exposure;2026-05-18 09:45:27.3600;Hands;;OpenXR
Right;1;Exposure;0;NoMitigation;None;anonymous;Sample;5200;0.0000;-0.1149;-0.0119;0.1593;43.2243;11.1049;28.2714;-0.1149;-0.0119;0.1593;0.9060;0.3775;-0.0023;0.1914;0;;;;;;;;;;;;;0;;;;;;;;-0.6037;-0.7875;-0.1245;-0.0297;-0.0240;-0.1755;0.5679;0.2767;-0.6969;0.3395;;;;;;;;;;;;;0;;;;;;;;b974454d-ae33-4d16-9737-e66469f616ef;1;Exposure;2026-05-18 09:45:27.3937;Hands;;OpenXR
Right;1;Exposure;0;NoMitigation;None;anonymous;Sample;5202;0.0000;-0.1149;-0.0119;0.1593;43.2243;11.1049;28.2714;-0.1149;-0.0119;0.1593;0.9060;0.3775;-0.0023;0.1914;0;;;;;;;;;;;;;0;;;;;;;;-0.6024;-0.7884;-0.1246;-0.0299;-0.0241;-0.1758;0.5674;0.2770;-0.6968;0.3402;;;;;;;;;;;;;0;;;;;;;;b974454d-ae33-4d16-9737-e66469f616ef;1;Exposure;2026-05-18 09:45:27.4267;Hands;;OpenXR
Right;1;Exposure;0;NoMitigation;None;anonymous;Sample;5204;0.0000;-0.1149;-0.0119;0.1593;43.2243;11.1049;28.2714;-0.1149;-0.0119;0.1593;0.9060;0.3775;-0.0023;0.1914;0;;;;;;;;;;;;;0;;;;;;;;-0.6018;-0.7889;-0.1246;-0.0299;-0.0241;-0.1759;0.5673;0.2772;-0.6968;0.3404;;;;;;;;;;;;;0;;;;;;;;b974454d-ae33-4d16-9737-e66469f616ef;1;Exposure;2026-05-18 09:45:27.4597;Hands;;OpenXR
Right;1;Exposure;0;NoMitigation;None;anonymous;Sample;5206;0.0000;-0.1149;-0.0119;0.1593;43.2243;11.1049;28.2714;-0.1149;-0.0119;0.1593;0.9060;0.3775;-0.0023;0.1914;0;;;;;;;;;;;;;0;;;;;;;;-0.6016;-0.7890;-0.1246;-0.0300;-0.0242;-0.1760;0.5672;0.2772;-0.6968;0.3406;;;;;;;;;;;;;0;;;;;;;;b974454d-ae33-4d16-9737-e66469f616ef;1;Exposure;2026-05-18 09:45:27.4937;Hands;;OpenXR
Right;1;Exposure;0;NoMitigation;None;anonymous;Sample;5208;0.0000;-0.1149;-0.0119;0.1593;43.2243;11.1049;28.2714;-0.1149;-0.0119;0.1593;0.9060;0.3775;-0.0023;0.1914;0;;;;;;;;;;;;;0;;;;;;;;-0.6014;-0.7891;-0.1247;-0.0300;-0.0242;-0.1760;0.5672;0.2773;-0.6967;0.3406;;;;;;;;;;;;;0;;;;;;;;b974454d-ae33-4d16-9737-e66469f616ef;1;Exposure;2026-05-18 09:45:27.5272;Hands;;OpenXR
Right;1;Exposure;0;NoMitigation;None;anonymous;Sample;5210;0.0000;-0.1149;-0.0119;0.1593;43.2243;11.1049;28.2714;-0.1149;-0.0119;0.1593;0.9060;0.3775;-0.0023;0.1914;0;;;;;;;;;;;;;0;;;;;;;;-0.6014;-0.7892;-0.1247;-0.0300;-0.0242;-0.1760;0.5671;0.2773;-0.6967;0.3406;;;;;;;;;;;;;0;;;;;;;;b974454d-ae33-4d16-9737-e66469f616ef;1;Exposure;2026-05-18 09:45:27.5605;Hands;;OpenXR
Right;1;Exposure;0;NoMitigation;None;anonymous;Sample;5212;0.0000;-0.1149;-0.0119;0.1593;43.2243;11.1049;28.2714;-0.1149;-0.0119;0.1593;0.9060;0.3775;-0.0023;0.1914;0;;;;;;;;;;;;;0;;;;;;;;-0.6014;-0.7892;-0.1247;-0.0300;-0.0242;-0.1760;0.5671;0.2773;-0.6967;0.3406;;;;;;;;;;;;;0;;;;;;;;b974454d-ae33-4d16-9737-e66469f616ef;1;Exposure;2026-05-18 09:45:27.5928;Hands;;OpenXR
Right;1;Exposure;0;NoMitigation;None;anonymous;Sample;5214;0.0000;-0.1149;-0.0119;0.1593;43.2243;11.1049;28.2714;-0.1149;-0.0119;0.1593;0.9060;0.3775;-0.0023;0.1914;0;;;;;;;;;;;;;0;;;;;;;;-0.6014;-0.7892;-0.1247;-0.0300;-0.0242;-0.1760;0.5671;0.2773;-0.6967;0.3406;;;;;;;;;;;;;0;;;;;;;;b974454d-ae33-4d16-9737-e66469f616ef;1;Exposure;2026-05-18 09:45:27.6271;Hands;;OpenXR
Right;1;Exposure;0;NoMitigation;None;anonymous;Sample;5216;0.0000;-0.1149;-0.0119;0.1593;43.2243;11.1049;28.2714;-0.1149;-0.0119;0.1593;0.9060;0.3775;-0.0023;0.1914;0;;;;;;;;;;;;;0;;;;;;;;-0.6014;-0.7892;-0.1247;-0.0300;-0.0242;-0.1760;0.5671;0.2773;-0.6967;0.3406;;;;;;;;;;;;;0;;;;;;;;b974454d-ae33-4d16-9737-e66469f616ef;1;Exposure;2026-05-18 09:45:27.6595;Hands;;OpenXR
Right;1;Exposure;0;NoMitigation;None;anonymous;Sample;5218;0.0000;-0.1149;-0.0119;0.1593;43.2243;11.1049;28.2714;-0.1149;-0.0119;0.1593;0.9060;0.3775;-0.0023;0.1914;0;;;;;;;;;;;;;0;;;;;;;;-0.6014;-0.7892;-0.1247;-0.0300;-0.0242;-0.1760;0.5671;0.2773;-0.6967;0.3406;;;;;;;;;;;;;0;;;;;;;;b974454d-ae33-4d16-9737-e66469f616ef;1;Exposure;2026-05-18 09:45:27.6940;Hands;;OpenXR
Right;1;Exposure;0;NoMitigation;None;anonymous;Sample;5220;0.0000;-0.1149;-0.0119;0.1593;43.2243;11.1049;28.2714;-0.1149;-0.0119;0.1593;0.9060;0.3775;-0.0023;0.1914;0;;;;;;;;;;;;;0;;;;;;;;-0.6014;-0.7892;-0.1247;-0.0300;-0.0242;-0.1760;0.5671;0.2773;-0.6967;0.3406;;;;;;;;;;;;;0;;;;;;;;b974454d-ae33-4d16-9737-e66469f616ef;1;Exposure;2026-05-18 09:45:27.7275;Hands;;OpenXR
Right;1;Exposure;0;NoMitigation;None;anonymous;Sample;5222;0.0000;-0.1149;-0.0119;0.1593;43.2243;11.1049;28.2714;-0.1149;-0.0119;0.1593;0.9060;0.3775;-0.0023;0.1914;0;;;;;;;;;;;;;0;;;;;;;;-0.6014;-0.7892;-0.1247;-0.0300;-0.0242;-0.1760;0.5671;0.2773;-0.6967;0.3406;;;;;;;;;;;;;0;;;;;;;;b974454d-ae33-4d16-9737-e66469f616ef;1;Exposure;2026-05-18 09:45:27.7609;Hands;;OpenXR
Right;1;Exposure;0;NoMitigation;None;anonymous;Sample;5224;0.0000;-0.1149;-0.0119;0.1593;43.2243;11.1049;28.2714;-0.1149;-0.0119;0.1593;0.9060;0.3775;-0.0023;0.1914;0;;;;;;;;;;;;;0;;;;;;;;-0.6014;-0.7892;-0.1247;-0.0300;-0.0242;-0.1760;0.5671;0.2773;-0.6967;0.3406;;;;;;;;;;;;;0;;;;;;;;b974454d-ae33-4d16-9737-e66469f616ef;1;Exposure;2026-05-18 09:45:27.7944;Hands;;OpenXR
Right;1;Exposure;0;NoMitigation;None;anonymous;Sample;5226;0.0000;-0.1149;-0.0119;0.1593;43.2243;11.1049;28.2714;-0.1149;-0.0119;0.1593;0.9060;0.3775;-0.0023;0.1914;0;;;;;;;;;;;;;0;;;;;;;;-0.6014;-0.7892;-0.1247;-0.0300;-0.0242;-0.1760;0.5671;0.2773;-0.6967;0.3406;;;;;;;;;;;;;0;;;;;;;;b974454d-ae33-4d16-9737-e66469f616ef;1;Exposure;2026-05-18 09:45:27.8269;Hands;;OpenXR
Right;1;Exposure;0;NoMitigation;None;anonymous;Sample;5228;0.0000;-0.1149;-0.0119;0.1593;43.2243;11.1049;28.2714;-0.1149;-0.0119;0.1593;0.9060;0.3775;-0.0023;0.1914;0;;;;;;;;;;;;;0;;;;;;;;-0.6014;-0.7892;-0.1247;-0.0300;-0.0242;-0.1760;0.5671;0.2773;-0.6967;0.3406;;;;;;;;;;;;;0;;;;;;;;b974454d-ae33-4d16-9737-e66469f616ef;1;Exposure;2026-05-18 09:45:27.8611;Hands;;OpenXR
Right;1;Exposure;0;NoMitigation;None;anonymous;Sample;5230;0.0000;-0.1149;-0.0119;0.1593;43.2243;11.1049;28.2714;-0.1149;-0.0119;0.1593;0.9060;0.3775;-0.0023;0.1914;0;;;;;;;;;;;;;0;;;;;;;;-0.6014;-0.7892;-0.1247;-0.0300;-0.0242;-0.1760;0.5671;0.2773;-0.6967;0.3406;;;;;;;;;;;;;0;;;;;;;;b974454d-ae33-4d16-9737-e66469f616ef;1;Exposure;2026-05-18 09:45:27.8940;Hands;;OpenXR
Right;1;Exposure;0;NoMitigation;None;anonymous;Sample;5232;0.0000;-0.1149;-0.0119;0.1593;43.2243;11.1049;28.2714;-0.1149;-0.0119;0.1593;0.9060;0.3775;-0.0023;0.1914;0;;;;;;;;;;;;;0;;;;;;;;-0.6014;-0.7892;-0.1247;-0.0300;-0.0242;-0.1760;0.5671;0.2773;-0.6967;0.3406;;;;;;;;;;;;;0;;;;;;;;b974454d-ae33-4d16-9737-e66469f616ef;1;Exposure;2026-05-18 09:45:27.9269;Hands;;OpenXR
Right;1;Exposure;0;NoMitigation;None;anonymous;Sample;5234;0.0000;-0.1149;-0.0119;0.1593;43.2243;11.1049;28.2714;-0.1149;-0.0119;0.1593;0.9060;0.3775;-0.0023;0.1914;0;;;;;;;;;;;;;0;;;;;;;;-0.6014;-0.7892;-0.1247;-0.0300;-0.0242;-0.1760;0.5671;0.2773;-0.6967;0.3406;;;;;;;;;;;;;0;;;;;;;;b974454d-ae33-4d16-9737-e66469f616ef;1;Exposure;2026-05-18 09:45:27.9603;Hands;;OpenXR
Right;1;Exposure;0;NoMitigation;None;anonymous;Sample;5236;0.0000;-0.1149;-0.0119;0.1593;43.2243;11.1049;28.2714;-0.1149;-0.0119;0.1593;0.9060;0.3775;-0.0023;0.1914;0;;;;;;;;;;;;;0;;;;;;;;-0.6014;-0.7892;-0.1247;-0.0300;-0.0242;-0.1760;0.5671;0.2773;-0.6967;0.3406;;;;;;;;;;;;;0;;;;;;;;b974454d-ae33-4d16-9737-e66469f616ef;1;Exposure;2026-05-18 09:45:27.9936;Hands;;OpenXR
Right;1;Exposure;0;NoMitigation;None;anonymous;Sample;5238;0.0000;-0.1149;-0.0119;0.1593;43.2243;11.1049;28.2714;-0.1149;-0.0119;0.1593;0.9060;0.3775;-0.0023;0.1914;0;;;;;;;;;;;;;0;;;;;;;;-0.6014;-0.7892;-0.1247;-0.0300;-0.0242;-0.1760;0.5671;0.2773;-0.6967;0.3406;;;;;;;;;;;;;0;;;;;;;;b974454d-ae33-4d16-9737-e66469f616ef;1;Exposure;2026-05-18 09:45:28.0270;Hands;;OpenXR
Right;1;Exposure;0;NoMitigation;None;anonymous;Sample;5240;0.0000;-0.1149;-0.0119;0.1593;43.2243;11.1049;28.2714;-0.1149;-0.0119;0.1593;0.9060;0.3775;-0.0023;0.1914;0;;;;;;;;;;;;;0;;;;;;;;-0.6014;-0.7892;-0.1247;-0.0300;-0.0242;-0.1760;0.5671;0.2773;-0.6967;0.3406;;;;;;;;;;;;;0;;;;;;;;b974454d-ae33-4d16-9737-e66469f616ef;1;Exposure;2026-05-18 09:45:28.0604;Hands;;OpenXR
Right;1;Exposure;0;NoMitigation;None;anonymous;Sample;5242;0.0000;-0.1149;-0.0119;0.1593;43.2243;11.1049;28.2714;-0.1149;-0.0119;0.1593;0.9060;0.3775;-0.0023;0.1914;0;;;;;;;;;;;;;0;;;;;;;;-0.6014;-0.7892;-0.1247;-0.0300;-0.0242;-0.1760;0.5671;0.2773;-0.6967;0.3406;;;;;;;;;;;;;0;;;;;;;;b974454d-ae33-4d16-9737-e66469f616ef;1;Exposure;2026-05-18 09:45:28.0939;Hands;;OpenXR
Right;1;Exposure;0;NoMitigation;None;anonymous;Sample;5244;0.0000;-0.1149;-0.0119;0.1593;43.2243;11.1049;28.2714;-0.1149;-0.0119;0.1593;0.9060;0.3775;-0.0023;0.1914;0;;;;;;;;;;;;;0;;;;;;;;-0.6014;-0.7892;-0.1247;-0.0300;-0.0242;-0.1760;0.5671;0.2773;-0.6967;0.3406;;;;;;;;;;;;;0;;;;;;;;b974454d-ae33-4d16-9737-e66469f616ef;1;Exposure;2026-05-18 09:45:28.1273;Hands;;OpenXR
Right;1;Exposure;0;NoMitigation;None;anonymous;Sample;5246;0.0000;-0.1149;-0.0119;0.1593;43.2243;11.1049;28.2714;-0.1149;-0.0119;0.1593;0.9060;0.3775;-0.0023;0.1914;0;;;;;;;;;;;;;0;;;;;;;;-0.6014;-0.7892;-0.1247;-0.0300;-0.0242;-0.1760;0.5671;0.2773;-0.6967;0.3406;;;;;;;;;;;;;0;;;;;;;;b974454d-ae33-4d16-9737-e66469f616ef;1;Exposure;2026-05-18 09:45:28.1601;Hands;;OpenXR
Right;1;Exposure;0;NoMitigation;None;anonymous;Sample;5248;0.0000;-0.1149;-0.0119;0.1593;43.2243;11.1049;28.2714;-0.1149;-0.0119;0.1593;0.9060;0.3775;-0.0023;0.1914;0;;;;;;;;;;;;;0;;;;;;;;-0.6014;-0.7892;-0.1247;-0.0300;-0.0242;-0.1760;0.5671;0.2773;-0.6967;0.3406;;;;;;;;;;;;;0;;;;;;;;b974454d-ae33-4d16-9737-e66469f616ef;1;Exposure;2026-05-18 09:45:28.1939;Hands;;OpenXR
Right;1;Exposure;0;NoMitigation;None;anonymous;Sample;5250;0.0000;-0.1149;-0.0119;0.1593;43.2243;11.1049;28.2714;-0.1149;-0.0119;0.1593;0.9060;0.3775;-0.0023;0.1914;0;;;;;;;;;;;;;0;;;;;;;;-0.6014;-0.7892;-0.1247;-0.0300;-0.0242;-0.1760;0.5671;0.2773;-0.6967;0.3406;;;;;;;;;;;;;0;;;;;;;;b974454d-ae33-4d16-9737-e66469f616ef;1;Exposure;2026-05-18 09:45:28.2258;Hands;;OpenXR
Right;1;Exposure;0;NoMitigation;None;anonymous;Sample;5252;0.0000;-0.1149;-0.0119;0.1593;43.2243;11.1049;28.2714;-0.1149;-0.0119;0.1593;0.9060;0.3775;-0.0023;0.1914;0;;;;;;;;;;;;;0;;;;;;;;-0.6014;-0.7892;-0.1247;-0.0300;-0.0242;-0.1760;0.5671;0.2773;-0.6967;0.3406;;;;;;;;;;;;;0;;;;;;;;b974454d-ae33-4d16-9737-e66469f616ef;1;Exposure;2026-05-18 09:45:28.2606;Hands;;OpenXR
Right;1;Exposure;0;NoMitigation;None;anonymous;Sample;5254;0.0000;-0.1149;-0.0119;0.1593;43.2243;11.1049;28.2714;-0.1149;-0.0119;0.1593;0.9060;0.3775;-0.0023;0.1914;0;;;;;;;;;;;;;0;;;;;;;;-0.6014;-0.7892;-0.1247;-0.0300;-0.0242;-0.1760;0.5671;0.2773;-0.6967;0.3406;;;;;;;;;;;;;0;;;;;;;;b974454d-ae33-4d16-9737-e66469f616ef;1;Exposure;2026-05-18 09:45:28.2938;Hands;;OpenXR
Right;1;Exposure;0;NoMitigation;None;anonymous;Sample;5256;0.0000;-0.1149;-0.0119;0.1593;43.2243;11.1049;28.2714;-0.1149;-0.0119;0.1593;0.9060;0.3775;-0.0023;0.1914;0;;;;;;;;;;;;;0;;;;;;;;-0.6014;-0.7892;-0.1247;-0.0300;-0.0242;-0.1760;0.5671;0.2773;-0.6967;0.3406;;;;;;;;;;;;;0;;;;;;;;b974454d-ae33-4d16-9737-e66469f616ef;1;Exposure;2026-05-18 09:45:28.3272;Hands;;OpenXR
Right;1;Exposure;0;NoMitigation;None;anonymous;Sample;5258;0.0000;-0.1149;-0.0119;0.1593;43.2243;11.1049;28.2714;-0.1149;-0.0119;0.1593;0.9060;0.3775;-0.0023;0.1914;0;;;;;;;;;;;;;0;;;;;;;;-0.6014;-0.7892;-0.1247;-0.0300;-0.0242;-0.1760;0.5671;0.2773;-0.6967;0.3406;;;;;;;;;;;;;0;;;;;;;;b974454d-ae33-4d16-9737-e66469f616ef;1;Exposure;2026-05-18 09:45:28.3591;Hands;;OpenXR
Right;1;Exposure;0;NoMitigation;None;anonymous;Sample;5260;0.0000;-0.1149;-0.0119;0.1593;43.2243;11.1049;28.2714;-0.1149;-0.0119;0.1593;0.9060;0.3775;-0.0023;0.1914;0;;;;;;;;;;;;;0;;;;;;;;-0.6014;-0.7892;-0.1247;-0.0300;-0.0242;-0.1760;0.5671;0.2773;-0.6967;0.3406;;;;;;;;;;;;;0;;;;;;;;b974454d-ae33-4d16-9737-e66469f616ef;1;Exposure;2026-05-18 09:45:28.3939;Hands;;OpenXR
Right;1;Exposure;0;NoMitigation;None;anonymous;Sample;5262;0.0000;-0.1149;-0.0119;0.1593;43.2243;11.1049;28.2714;-0.1149;-0.0119;0.1593;0.9060;0.3775;-0.0023;0.1914;0;;;;;;;;;;;;;0;;;;;;;;-0.6014;-0.7892;-0.1247;-0.0300;-0.0242;-0.1760;0.5671;0.2773;-0.6967;0.3406;;;;;;;;;;;;;0;;;;;;;;b974454d-ae33-4d16-9737-e66469f616ef;1;Exposure;2026-05-18 09:45:28.4272;Hands;;OpenXR
Right;1;Exposure;0;NoMitigation;None;anonymous;Sample;5264;0.0000;-0.1149;-0.0119;0.1593;43.2243;11.1049;28.2714;-0.1149;-0.0119;0.1593;0.9060;0.3775;-0.0023;0.1914;0;;;;;;;;;;;;;0;;;;;;;;-0.6014;-0.7892;-0.1247;-0.0300;-0.0242;-0.1760;0.5671;0.2773;-0.6967;0.3406;;;;;;;;;;;;;0;;;;;;;;b974454d-ae33-4d16-9737-e66469f616ef;1;Exposure;2026-05-18 09:45:28.4597;Hands;;OpenXR
Right;1;Exposure;0;NoMitigation;None;anonymous;Sample;5266;0.0000;-0.1149;-0.0119;0.1593;43.2243;11.1049;28.2714;-0.1149;-0.0119;0.1593;0.9060;0.3775;-0.0023;0.1914;0;;;;;;;;;;;;;0;;;;;;;;-0.6014;-0.7892;-0.1247;-0.0300;-0.0242;-0.1760;0.5671;0.2773;-0.6967;0.3406;;;;;;;;;;;;;0;;;;;;;;b974454d-ae33-4d16-9737-e66469f616ef;1;Exposure;2026-05-18 09:45:28.4942;Hands;;OpenXR
Right;1;Exposure;0;NoMitigation;None;anonymous;Sample;5268;0.0000;-0.1149;-0.0119;0.1593;43.2243;11.1049;28.2714;-0.1149;-0.0119;0.1593;0.9060;0.3775;-0.0023;0.1914;0;;;;;;;;;;;;;0;;;;;;;;-0.6014;-0.7892;-0.1247;-0.0300;-0.0242;-0.1760;0.5671;0.2773;-0.6967;0.3406;;;;;;;;;;;;;0;;;;;;;;b974454d-ae33-4d16-9737-e66469f616ef;1;Exposure;2026-05-18 09:45:28.5277;Hands;;OpenXR
Right;1;Exposure;0;NoMitigation;None;anonymous;Sample;5270;0.0000;-0.1149;-0.0119;0.1593;43.2243;11.1049;28.2714;-0.1149;-0.0119;0.1593;0.9060;0.3775;-0.0023;0.1914;0;;;;;;;;;;;;;0;;;;;;;;-0.6014;-0.7892;-0.1247;-0.0300;-0.0242;-0.1760;0.5671;0.2773;-0.6967;0.3406;;;;;;;;;;;;;0;;;;;;;;b974454d-ae33-4d16-9737-e66469f616ef;1;Exposure;2026-05-18 09:45:28.5607;Hands;;OpenXR
Right;1;Exposure;0;NoMitigation;None;anonymous;Sample;5272;0.0000;-0.1149;-0.0119;0.1593;43.2243;11.1049;28.2714;-0.1149;-0.0119;0.1593;0.9060;0.3775;-0.0023;0.1914;0;;;;;;;;;;;;;0;;;;;;;;-0.6014;-0.7892;-0.1247;-0.0300;-0.0242;-0.1760;0.5671;0.2773;-0.6967;0.3406;;;;;;;;;;;;;0;;;;;;;;b974454d-ae33-4d16-9737-e66469f616ef;1;Exposure;2026-05-18 09:45:28.5940;Hands;;OpenXR
Right;1;Exposure;0;NoMitigation;None;anonymous;Sample;5274;0.0000;-0.1149;-0.0119;0.1593;43.2243;11.1049;28.2714;-0.1149;-0.0119;0.1593;0.9060;0.3775;-0.0023;0.1914;0;;;;;;;;;;;;;0;;;;;;;;-0.6014;-0.7892;-0.1247;-0.0300;-0.0242;-0.1760;0.5671;0.2773;-0.6967;0.3406;;;;;;;;;;;;;0;;;;;;;;b974454d-ae33-4d16-9737-e66469f616ef;1;Exposure;2026-05-18 09:45:28.6273;Hands;;OpenXR
Right;1;Exposure;0;NoMitigation;None;anonymous;Sample;5276;0.0000;-0.1149;-0.0119;0.1593;43.2243;11.1049;28.2714;-0.1149;-0.0119;0.1593;0.9060;0.3775;-0.0023;0.1914;0;;;;;;;;;;;;;0;;;;;;;;-0.6014;-0.7892;-0.1247;-0.0300;-0.0242;-0.1760;0.5671;0.2773;-0.6967;0.3406;;;;;;;;;;;;;0;;;;;;;;b974454d-ae33-4d16-9737-e66469f616ef;1;Exposure;2026-05-18 09:45:28.6593;Hands;;OpenXR
Right;1;Exposure;0;NoMitigation;None;anonymous;Sample;5278;0.0000;-0.1149;-0.0119;0.1593;43.2243;11.1049;28.2714;-0.1149;-0.0119;0.1593;0.9060;0.3775;-0.0023;0.1914;0;;;;;;;;;;;;;0;;;;;;;;-0.6014;-0.7892;-0.1247;-0.0300;-0.0242;-0.1760;0.5671;0.2773;-0.6967;0.3406;;;;;;;;;;;;;0;;;;;;;;b974454d-ae33-4d16-9737-e66469f616ef;1;Exposure;2026-05-18 09:45:28.6938;Hands;;OpenXR
Right;1;Exposure;0;NoMitigation;None;anonymous;Sample;5280;0.0000;-0.1149;-0.0119;0.1593;43.2243;11.1049;28.2714;-0.1149;-0.0119;0.1593;0.9060;0.3775;-0.0023;0.1914;0;;;;;;;;;;;;;0;;;;;;;;-0.6014;-0.7892;-0.1247;-0.0300;-0.0242;-0.1760;0.5671;0.2773;-0.6967;0.3406;;;;;;;;;;;;;0;;;;;;;;b974454d-ae33-4d16-9737-e66469f616ef;1;Exposure;2026-05-18 09:45:28.7269;Hands;;OpenXR
Right;1;Exposure;0;NoMitigation;None;anonymous;Sample;5282;0.0000;-0.1149;-0.0119;0.1593;43.2243;11.1049;28.2714;-0.1149;-0.0119;0.1593;0.9060;0.3775;-0.0023;0.1914;0;;;;;;;;;;;;;0;;;;;;;;-0.6014;-0.7892;-0.1247;-0.0300;-0.0242;-0.1760;0.5671;0.2773;-0.6967;0.3406;;;;;;;;;;;;;0;;;;;;;;b974454d-ae33-4d16-9737-e66469f616ef;1;Exposure;2026-05-18 09:45:28.7603;Hands;;OpenXR
Right;1;Exposure;0;NoMitigation;None;anonymous;Sample;5284;0.0000;-0.1149;-0.0119;0.1593;43.2243;11.1049;28.2714;-0.1149;-0.0119;0.1593;0.9060;0.3775;-0.0023;0.1914;0;;;;;;;;;;;;;0;;;;;;;;-0.6014;-0.7892;-0.1247;-0.0300;-0.0242;-0.1760;0.5671;0.2773;-0.6967;0.3406;;;;;;;;;;;;;0;;;;;;;;b974454d-ae33-4d16-9737-e66469f616ef;1;Exposure;2026-05-18 09:45:28.7931;Hands;;OpenXR
Right;1;Exposure;0;NoMitigation;None;anonymous;Sample;5286;0.0000;-0.1149;-0.0119;0.1593;43.2243;11.1049;28.2714;-0.1149;-0.0119;0.1593;0.9060;0.3775;-0.0023;0.1914;0;;;;;;;;;;;;;0;;;;;;;;-0.6014;-0.7892;-0.1247;-0.0300;-0.0242;-0.1760;0.5671;0.2773;-0.6967;0.3406;;;;;;;;;;;;;0;;;;;;;;b974454d-ae33-4d16-9737-e66469f616ef;1;Exposure;2026-05-18 09:45:28.8271;Hands;;OpenXR
Right;1;Exposure;0;NoMitigation;None;anonymous;Sample;5288;0.0000;-0.1149;-0.0119;0.1593;43.2243;11.1049;28.2714;-0.1149;-0.0119;0.1593;0.9060;0.3775;-0.0023;0.1914;0;;;;;;;;;;;;;0;;;;;;;;-0.6014;-0.7892;-0.1247;-0.0300;-0.0242;-0.1760;0.5671;0.2773;-0.6967;0.3406;;;;;;;;;;;;;0;;;;;;;;b974454d-ae33-4d16-9737-e66469f616ef;1;Exposure;2026-05-18 09:45:28.8600;Hands;;OpenXR
Right;1;Exposure;0;NoMitigation;None;anonymous;Sample;5290;0.0000;-0.1149;-0.0119;0.1593;43.2243;11.1049;28.2714;-0.1149;-0.0119;0.1593;0.9060;0.3775;-0.0023;0.1914;0;;;;;;;;;;;;;0;;;;;;;;-0.6014;-0.7892;-0.1247;-0.0300;-0.0242;-0.1760;0.5671;0.2773;-0.6967;0.3406;;;;;;;;;;;;;0;;;;;;;;b974454d-ae33-4d16-9737-e66469f616ef;1;Exposure;2026-05-18 09:45:28.8924;Hands;;OpenXR
Right;1;Exposure;0;NoMitigation;None;anonymous;Sample;5292;0.0000;-0.1149;-0.0119;0.1593;43.2243;11.1049;28.2714;-0.1149;-0.0119;0.1593;0.9060;0.3775;-0.0023;0.1914;0;;;;;;;;;;;;;0;;;;;;;;-0.6014;-0.7892;-0.1247;-0.0300;-0.0242;-0.1760;0.5671;0.2773;-0.6967;0.3406;;;;;;;;;;;;;0;;;;;;;;b974454d-ae33-4d16-9737-e66469f616ef;1;Exposure;2026-05-18 09:45:28.9258;Hands;;OpenXR
Right;1;Exposure;0;NoMitigation;None;anonymous;Sample;5294;0.0000;-0.1149;-0.0119;0.1593;43.2243;11.1049;28.2714;-0.1149;-0.0119;0.1593;0.9060;0.3775;-0.0023;0.1914;0;;;;;;;;;;;;;0;;;;;;;;-0.6014;-0.7892;-0.1247;-0.0300;-0.0242;-0.1760;0.5671;0.2773;-0.6967;0.3406;;;;;;;;;;;;;0;;;;;;;;b974454d-ae33-4d16-9737-e66469f616ef;1;Exposure;2026-05-18 09:45:28.9596;Hands;;OpenXR
Right;1;Exposure;0;NoMitigation;None;anonymous;Sample;5296;0.0000;-0.1149;-0.0119;0.1593;43.2243;11.1049;28.2714;-0.1149;-0.0119;0.1593;0.9060;0.3775;-0.0023;0.1914;0;;;;;;;;;;;;;0;;;;;;;;-0.6014;-0.7892;-0.1247;-0.0300;-0.0242;-0.1760;0.5671;0.2773;-0.6967;0.3406;;;;;;;;;;;;;0;;;;;;;;b974454d-ae33-4d16-9737-e66469f616ef;1;Exposure;2026-05-18 09:45:28.9946;Hands;;OpenXR
Right;1;Exposure;0;NoMitigation;None;anonymous;Sample;5298;0.0000;-0.1149;-0.0119;0.1593;43.2243;11.1049;28.2714;-0.1149;-0.0119;0.1593;0.9060;0.3775;-0.0023;0.1914;0;;;;;;;;;;;;;0;;;;;;;;-0.6014;-0.7892;-0.1247;-0.0300;-0.0242;-0.1760;0.5671;0.2773;-0.6967;0.3406;;;;;;;;;;;;;0;;;;;;;;b974454d-ae33-4d16-9737-e66469f616ef;1;Exposure;2026-05-18 09:45:29.0260;Hands;;OpenXR
Right;1;Exposure;0;NoMitigation;None;anonymous;Sample;5300;0.0000;-0.1149;-0.0119;0.1593;43.2243;11.1049;28.2714;-0.1149;-0.0119;0.1593;0.9060;0.3775;-0.0023;0.1914;0;;;;;;;;;;;;;0;;;;;;;;-0.6014;-0.7892;-0.1247;-0.0300;-0.0242;-0.1760;0.5671;0.2773;-0.6967;0.3406;;;;;;;;;;;;;0;;;;;;;;b974454d-ae33-4d16-9737-e66469f616ef;1;Exposure;2026-05-18 09:45:29.0606;Hands;;OpenXR
Right;1;Exposure;0;NoMitigation;None;anonymous;Sample;5302;0.0000;-0.1149;-0.0119;0.1593;43.2243;11.1049;28.2714;-0.1149;-0.0119;0.1593;0.9060;0.3775;-0.0023;0.1914;0;;;;;;;;;;;;;0;;;;;;;;-0.6014;-0.7892;-0.1247;-0.0300;-0.0242;-0.1760;0.5671;0.2773;-0.6967;0.3406;;;;;;;;;;;;;0;;;;;;;;b974454d-ae33-4d16-9737-e66469f616ef;1;Exposure;2026-05-18 09:45:29.0939;Hands;;OpenXR
Right;1;Exposure;0;NoMitigation;None;anonymous;Sample;5304;0.0000;-0.1149;-0.0119;0.1593;43.2243;11.1049;28.2714;-0.1149;-0.0119;0.1593;0.9060;0.3775;-0.0023;0.1914;0;;;;;;;;;;;;;0;;;;;;;;-0.6014;-0.7892;-0.1247;-0.0300;-0.0242;-0.1760;0.5671;0.2773;-0.6967;0.3406;;;;;;;;;;;;;0;;;;;;;;b974454d-ae33-4d16-9737-e66469f616ef;1;Exposure;2026-05-18 09:45:29.1273;Hands;;OpenXR
Right;1;Exposure;0;NoMitigation;None;anonymous;Sample;5306;0.0000;-0.1149;-0.0119;0.1593;43.2243;11.1049;28.2714;-0.1149;-0.0119;0.1593;0.9060;0.3775;-0.0023;0.1914;0;;;;;;;;;;;;;0;;;;;;;;-0.6014;-0.7892;-0.1247;-0.0300;-0.0242;-0.1760;0.5671;0.2773;-0.6967;0.3406;;;;;;;;;;;;;0;;;;;;;;b974454d-ae33-4d16-9737-e66469f616ef;1;Exposure;2026-05-18 09:45:29.1602;Hands;;OpenXR
Right;1;Exposure;0;NoMitigation;None;anonymous;Sample;5308;0.0000;-0.1149;-0.0119;0.1593;43.2243;11.1049;28.2714;-0.1149;-0.0119;0.1593;0.9060;0.3775;-0.0023;0.1914;0;;;;;;;;;;;;;0;;;;;;;;-0.6014;-0.7892;-0.1247;-0.0300;-0.0242;-0.1760;0.5671;0.2773;-0.6967;0.3406;;;;;;;;;;;;;0;;;;;;;;b974454d-ae33-4d16-9737-e66469f616ef;1;Exposure;2026-05-18 09:45:29.1930;Hands;;OpenXR
Right;1;Exposure;0;NoMitigation;None;anonymous;Sample;5310;0.0000;-0.1149;-0.0119;0.1593;43.2243;11.1049;28.2714;-0.1149;-0.0119;0.1593;0.9060;0.3775;-0.0023;0.1914;0;;;;;;;;;;;;;0;;;;;;;;-0.6014;-0.7892;-0.1247;-0.0300;-0.0242;-0.1760;0.5671;0.2773;-0.6967;0.3406;;;;;;;;;;;;;0;;;;;;;;b974454d-ae33-4d16-9737-e66469f616ef;1;Exposure;2026-05-18 09:45:29.2270;Hands;;OpenXR
Right;1;Exposure;0;NoMitigation;None;anonymous;Sample;5312;0.0000;-0.1149;-0.0119;0.1593;43.2243;11.1049;28.2714;-0.1149;-0.0119;0.1593;0.9060;0.3775;-0.0023;0.1914;0;;;;;;;;;;;;;0;;;;;;;;-0.6014;-0.7892;-0.1247;-0.0300;-0.0242;-0.1760;0.5671;0.2773;-0.6967;0.3406;;;;;;;;;;;;;0;;;;;;;;b974454d-ae33-4d16-9737-e66469f616ef;1;Exposure;2026-05-18 09:45:29.2603;Hands;;OpenXR
Right;1;Exposure;0;NoMitigation;None;anonymous;Sample;5314;0.0000;-0.1149;-0.0119;0.1593;43.2243;11.1049;28.2714;-0.1149;-0.0119;0.1593;0.9060;0.3775;-0.0023;0.1914;0;;;;;;;;;;;;;0;;;;;;;;-0.6014;-0.7892;-0.1247;-0.0300;-0.0242;-0.1760;0.5671;0.2773;-0.6967;0.3406;;;;;;;;;;;;;0;;;;;;;;b974454d-ae33-4d16-9737-e66469f616ef;1;Exposure;2026-05-18 09:45:29.2942;Hands;;OpenXR
Right;1;Exposure;0;NoMitigation;None;anonymous;Sample;5316;0.0000;-0.0260;-0.0572;0.0790;43.8716;4.0059;5.6635;-0.0260;-0.0572;0.0790;0.9265;0.3745;0.0139;0.0328;0;;;;;;;;;;;;;0;;;;;;;;-0.6014;-0.7892;-0.1247;-0.0300;-0.0242;-0.1760;0.5671;0.2773;-0.6967;0.3406;;;;;;;;;;;;;0;;;;;;;;b974454d-ae33-4d16-9737-e66469f616ef;1;Exposure;2026-05-18 09:45:29.3271;Hands;;OpenXR
Right;1;Exposure;0;NoMitigation;None;anonymous;Sample;5317;0.0000;-0.0244;-0.0569;0.0790;42.0158;3.3013;5.0847;-0.0244;-0.0569;0.0790;0.9327;0.3592;0.0110;0.0311;0;;;;;;;;;;;;;0;;;;;;;;-0.6014;-0.7892;-0.1247;-0.0300;-0.0242;-0.1760;0.5671;0.2773;-0.6967;0.3406;;;;;;;;;;;;;0;;;;;;;;b974454d-ae33-4d16-9737-e66469f616ef;1;Exposure;2026-05-18 09:45:29.3528;Hands;;OpenXR
Right;1;Exposure;0;NoMitigation;None;anonymous;Sample;5318;0.0000;-0.0235;-0.0568;0.0790;40.8151;2.8741;4.7319;-0.0235;-0.0568;0.0790;0.9365;0.3493;0.0091;0.0299;0;;;;;;;;;;;;;0;;;;;;;;-0.6014;-0.7892;-0.1247;-0.0300;-0.0242;-0.1760;0.5671;0.2773;-0.6967;0.3406;;;;;;;;;;;;;0;;;;;;;;b974454d-ae33-4d16-9737-e66469f616ef;1;Exposure;2026-05-18 09:45:29.3778;Hands;;OpenXR
Right;1;Exposure;0;NoMitigation;None;anonymous;Sample;5319;0.0000;-0.0230;-0.0567;0.0790;40.2140;2.6669;4.5622;-0.0230;-0.0567;0.0790;0.9384;0.3443;0.0082;0.0294;0;;;;;;;;;;;;;0;;;;;;;;-0.6014;-0.7892;-0.1247;-0.0300;-0.0242;-0.1760;0.5671;0.2773;-0.6967;0.3406;;;;;;;;;;;;;0;;;;;;;;b974454d-ae33-4d16-9737-e66469f616ef;1;Exposure;2026-05-18 09:45:29.4021;Hands;;OpenXR
Right;1;Exposure;0;NoMitigation;None;anonymous;Sample;5320;0.0000;0.0343;-0.0554;-0.0093;40.1577;355.7583;4.3876;0.0343;-0.0554;-0.0093;0.9374;0.3415;-0.0479;0.0486;0;;;;;;;;;;;;;0;;;;;;;;-0.6014;-0.7892;-0.1247;-0.0300;-0.0242;-0.1760;0.5671;0.2773;-0.6967;0.3406;;;;;;;;;;;;;0;;;;;;;;b974454d-ae33-4d16-9737-e66469f616ef;1;Exposure;2026-05-18 09:45:29.4316;Hands;;OpenXR
Right;1;Exposure;0;NoMitigation;None;anonymous;Sample;5321;0.0000;0.0343;-0.0543;-0.0092;39.5492;355.4398;4.2407;0.0343;-0.0543;-0.0092;0.9391;0.3364;-0.0499;0.0482;0;;;;;;;;;;;;;0;;;;;;;;-0.6014;-0.7892;-0.1247;-0.0300;-0.0242;-0.1760;0.5671;0.2773;-0.6967;0.3406;;;;;;;;;;;;;0;;;;;;;;b974454d-ae33-4d16-9737-e66469f616ef;1;Exposure;2026-05-18 09:45:29.4523;Hands;;OpenXR
Right;1;Exposure;0;NoMitigation;None;anonymous;Sample;5323;0.0000;0.0342;-0.0530;-0.0094;38.3235;354.9633;4.0086;0.0342;-0.0530;-0.0094;0.9426;0.3263;-0.0529;0.0474;0;;;;;;;;;;;;;0;;;;;;;;-0.6014;-0.7892;-0.1247;-0.0300;-0.0242;-0.1760;0.5671;0.2773;-0.6967;0.3406;;;;;;;;;;;;;0;;;;;;;;b974454d-ae33-4d16-9737-e66469f616ef;1;Exposure;2026-05-18 09:45:29.4859;Hands;;OpenXR
Right;1;Exposure;0;NoMitigation;None;anonymous;Sample;5325;0.0000;0.0341;-0.0515;-0.0089;37.2348;354.9133;3.7510;0.0341;-0.0515;-0.0089;0.9458;0.3174;-0.0525;0.0451;0;;;;;;;;;;;;;0;;;;;;;;-0.6014;-0.7892;-0.1247;-0.0300;-0.0242;-0.1760;0.5671;0.2773;-0.6967;0.3406;;;;;;;;;;;;;0;;;;;;;;b974454d-ae33-4d16-9737-e66469f616ef;1;Exposure;2026-05-18 09:45:29.5182;Hands;;OpenXR
Right;1;Exposure;0;NoMitigation;None;anonymous;Sample;5327;0.0000;0.0340;-0.0502;-0.0090;36.7706;355.0940;3.7358;0.0340;-0.0502;-0.0090;0.9471;0.3136;-0.0509;0.0444;0;;;;;;;;;;;;;0;;;;;;;;-0.6014;-0.7892;-0.1247;-0.0300;-0.0242;-0.1760;0.5671;0.2773;-0.6967;0.3406;;;;;;;;;;;;;0;;;;;;;;b974454d-ae33-4d16-9737-e66469f616ef;1;Exposure;2026-05-18 09:45:29.5431;Hands;;OpenXR
Right;1;Exposure;0;NoMitigation;None;anonymous;Sample;5329;0.0000;0.0335;-0.0474;-0.0090;34.7679;355.0492;3.5786;0.0335;-0.0474;-0.0090;0.9526;0.2971;-0.0505;0.0427;0;;;;;;;;;;;;;0;;;;;;;;-0.6014;-0.7892;-0.1247;-0.0300;-0.0242;-0.1760;0.5671;0.2773;-0.6967;0.3406;;;;;;;;;;;;;0;;;;;;;;b974454d-ae33-4d16-9737-e66469f616ef;1;Exposure;2026-05-18 09:45:29.5770;Hands;;OpenXR
Right;1;Exposure;0;NoMitigation;None;anonymous;Sample;5331;0.0000;0.0330;-0.0443;-0.0083;31.6049;354.5753;3.0839;0.0330;-0.0443;-0.0083;0.9604;0.2707;-0.0528;0.0387;0;;;;;;;;;;;;;0;;;;;;;;-0.6014;-0.7892;-0.1247;-0.0300;-0.0242;-0.1760;0.5671;0.2773;-0.6967;0.3406;;;;;;;;;;;;;0;;;;;;;;b974454d-ae33-4d16-9737-e66469f616ef;1;Exposure;2026-05-18 09:45:29.6099;Hands;;OpenXR
Right;1;Exposure;0;NoMitigation;None;anonymous;Sample;5333;0.0000;0.0336;-0.0403;-0.0103;30.0687;354.4208;2.8460;0.0336;-0.0403;-0.0103;0.9640;0.2578;-0.0534;0.0366;0;;;;;;;;;;;;;0;;;;;;;;-0.6014;-0.7892;-0.1247;-0.0300;-0.0242;-0.1760;0.5671;0.2773;-0.6967;0.3406;;;;;;;;;;;;;0;;;;;;;;b974454d-ae33-4d16-9737-e66469f616ef;1;Exposure;2026-05-18 09:45:29.6424;Hands;;OpenXR
Right;1;Exposure;0;NoMitigation;None;anonymous;Sample;5335;0.0000;0.0330;-0.0379;-0.0111;29.5420;354.6241;2.7579;0.0330;-0.0379;-0.0111;0.9653;0.2535;-0.0515;0.0352;0;;;;;;;;;;;;;0;;;;;;;;-0.6014;-0.7892;-0.1247;-0.0300;-0.0242;-0.1760;0.5671;0.2773;-0.6967;0.3406;;;;;;;;;;;;;0;;;;;;;;b974454d-ae33-4d16-9737-e66469f616ef;1;Exposure;2026-05-18 09:45:29.6764;Hands;;OpenXR
Right;1;Exposure;0;NoMitigation;None;anonymous;Sample;5337;0.0000;0.0327;-0.0341;-0.0123;28.4122;354.1960;2.6553;0.0327;-0.0341;-0.0123;0.9676;0.2439;-0.0547;0.0349;0;;;;;;;;;;;;;0;;;;;;;;-0.6014;-0.7892;-0.1247;-0.0300;-0.0242;-0.1760;0.5671;0.2773;-0.6967;0.3406;;;;;;;;;;;;;0;;;;;;;;b974454d-ae33-4d16-9737-e66469f616ef;1;Exposure;2026-05-18 09:45:29.7099;Hands;;OpenXR
Right;1;Exposure;0;NoMitigation;None;anonymous;Sample;5339;0.0000;0.0323;-0.0308;-0.0141;26.8672;354.0364;2.5456;0.0323;-0.0308;-0.0141;0.9708;0.2308;-0.0557;0.0337;0;;;;;;;;;;;;;0;;;;;;;;-0.6014;-0.7892;-0.1247;-0.0300;-0.0242;-0.1760;0.5671;0.2773;-0.6967;0.3406;;;;;;;;;;;;;0;;;;;;;;b974454d-ae33-4d16-9737-e66469f616ef;1;Exposure;2026-05-18 09:45:29.7433;Hands;;OpenXR
Right;1;Exposure;0;NoMitigation;None;anonymous;Sample;5341;0.0000;0.0319;-0.0275;-0.0153;25.2731;354.1858;2.5420;0.0319;-0.0275;-0.0153;0.9740;0.2173;-0.0543;0.0327;0;;;;;;;;;;;;;0;;;;;;;;-0.6014;-0.7892;-0.1247;-0.0300;-0.0242;-0.1760;0.5671;0.2773;-0.6967;0.3406;;;;;;;;;;;;;0;;;;;;;;b974454d-ae33-4d16-9737-e66469f616ef;1;Exposure;2026-05-18 09:45:29.7763;Hands;;OpenXR
Right;1;Exposure;0;NoMitigation;None;anonymous;Sample;5343;0.0000;0.0311;-0.0244;-0.0171;23.8395;354.0309;2.7146;0.0311;-0.0244;-0.0171;0.9766;0.2050;-0.0558;0.0339;0;;;;;;;;;;;;;0;;;;;;;;-0.6014;-0.7892;-0.1247;-0.0300;-0.0242;-0.1760;0.5671;0.2773;-0.6967;0.3406;;;;;;;;;;;;;0;;;;;;;;b974454d-ae33-4d16-9737-e66469f616ef;1;Exposure;2026-05-18 09:45:29.8091;Hands;;OpenXR
Right;1;Exposure;0;NoMitigation;None;anonymous;Sample;5345;0.0000;0.0305;-0.0204;-0.0195;22.3579;354.2819;2.6169;0.0305;-0.0204;-0.0195;0.9793;0.1925;-0.0533;0.0320;0;;;;;;;;;;;;;0;;;;;;;;-0.6014;-0.7892;-0.1247;-0.0300;-0.0242;-0.1760;0.5671;0.2773;-0.6967;0.3406;;;;;;;;;;;;;0;;;;;;;;b974454d-ae33-4d16-9737-e66469f616ef;1;Exposure;2026-05-18 09:45:29.8430;Hands;;OpenXR
Right;1;Exposure;0;NoMitigation;None;anonymous;Sample;5347;0.0000;0.0297;-0.0167;-0.0219;20.7483;354.6101;2.7048;0.0297;-0.0167;-0.0219;0.9821;0.1787;-0.0505;0.0317;0;;;;;;;;;;;;;0;;;;;;;;-0.6014;-0.7892;-0.1247;-0.0300;-0.0242;-0.1760;0.5671;0.2773;-0.6967;0.3406;;;;;;;;;;;;;0;;;;;;;;b974454d-ae33-4d16-9737-e66469f616ef;1;Exposure;2026-05-18 09:45:29.8760;Hands;;OpenXR
Right;1;Exposure;0;NoMitigation;None;anonymous;Sample;5349;0.0000;0.0292;-0.0134;-0.0230;19.1425;355.0532;3.0682;0.0292;-0.0134;-0.0230;0.9846;0.1649;-0.0470;0.0335;0;;;;;;;;;;;;;0;;;;;;;;-0.6014;-0.7892;-0.1247;-0.0300;-0.0242;-0.1760;0.5671;0.2773;-0.6967;0.3406;;;;;;;;;;;;;0;;;;;;;;b974454d-ae33-4d16-9737-e66469f616ef;1;Exposure;2026-05-18 09:45:29.9085;Hands;;OpenXR
Right;1;Exposure;0;NoMitigation;None;anonymous;Sample;5351;0.0000;0.0282;-0.0090;-0.0257;17.4169;355.4138;3.2807;0.0282;-0.0090;-0.0257;0.9871;0.1501;-0.0439;0.0343;0;;;;;;;;;;;;;0;;;;;;;;-0.6014;-0.7892;-0.1247;-0.0300;-0.0242;-0.1760;0.5671;0.2773;-0.6967;0.3406;;;;;;;;;;;;;0;;;;;;;;b974454d-ae33-4d16-9737-e66469f616ef;1;Exposure;2026-05-18 09:45:29.9414;Hands;;OpenXR
Right;1;Exposure;0;NoMitigation;None;anonymous;Sample;5353;0.0000;0.0270;-0.0055;-0.0278;15.6634;355.7480;3.2488;0.0270;-0.0055;-0.0278;0.9894;0.1351;-0.0406;0.0331;0;;;;;;;;;;;;;0;;;;;;;;-0.6014;-0.7892;-0.1247;-0.0300;-0.0242;-0.1760;0.5671;0.2773;-0.6967;0.3406;;;;;;;;;;;;;0;;;;;;;;b974454d-ae33-4d16-9737-e66469f616ef;1;Exposure;2026-05-18 09:45:29.9758;Hands;;OpenXR
Right;1;Exposure;0;NoMitigation;None;anonymous;Sample;5355;0.0000;0.0278;-0.0014;-0.0293;13.3872;355.5536;3.4577;0.0278;-0.0014;-0.0293;0.9918;0.1153;-0.0420;0.0345;0;;;;;;;;;;;;;0;;;;;;;;-0.6014;-0.7892;-0.1247;-0.0300;-0.0242;-0.1760;0.5671;0.2773;-0.6967;0.3406;;;;;;;;;;;;;0;;;;;;;;b974454d-ae33-4d16-9737-e66469f616ef;1;Exposure;2026-05-18 09:45:30.0079;Hands;;OpenXR
Right;1;Exposure;0;NoMitigation;None;anonymous;Sample;5357;0.0000;0.0264;0.0020;-0.0313;11.5834;355.4359;3.0406;0.0264;0.0020;-0.0313;0.9936;0.0997;-0.0423;0.0304;0;;;;;;;;;;;;;0;;;;;;;;-0.6014;-0.7892;-0.1247;-0.0300;-0.0242;-0.1760;0.5671;0.2773;-0.6967;0.3406;;;;;;;;;;;;;0;;;;;;;;b974454d-ae33-4d16-9737-e66469f616ef;1;Exposure;2026-05-18 09:45:30.0414;Hands;;OpenXR
Right;1;Exposure;0;NoMitigation;None;anonymous;Sample;5359;0.0000;0.0273;0.0031;-0.0328;9.6017;354.8515;3.2054;0.0273;0.0031;-0.0328;0.9950;0.0823;-0.0471;0.0316;0;;;;;;;;;;;;;0;;;;;;;;-0.6014;-0.7892;-0.1247;-0.0300;-0.0242;-0.1760;0.5671;0.2773;-0.6967;0.3406;;;;;;;;;;;;;0;;;;;;;;b974454d-ae33-4d16-9737-e66469f616ef;1;Exposure;2026-05-18 09:45:30.0756;Hands;;OpenXR
Right;1;Exposure;0;NoMitigation;None;anonymous;Sample;5361;0.0000;0.0280;0.0067;-0.0355;9.1141;355.0913;2.9715;0.0280;0.0067;-0.0355;0.9955;0.0782;-0.0447;0.0292;0;;;;;;;;;;;;;0;;;;;;;;-0.6014;-0.7892;-0.1247;-0.0300;-0.0242;-0.1760;0.5671;0.2773;-0.6967;0.3406;;;;;;;;;;;;;0;;;;;;;;b974454d-ae33-4d16-9737-e66469f616ef;1;Exposure;2026-05-18 09:45:30.1087;Hands;;OpenXR
Right;1;Exposure;0;NoMitigation;None;anonymous;Sample;5363;0.0000;0.0275;0.0085;-0.0376;8.4264;355.5842;2.5699;0.0275;0.0085;-0.0376;0.9962;0.0725;-0.0401;0.0252;0;;;;;;;;;;;;;0;;;;;;;;-0.6014;-0.7892;-0.1247;-0.0300;-0.0242;-0.1760;0.5671;0.2773;-0.6967;0.3406;;;;;;;;;;;;;0;;;;;;;;b974454d-ae33-4d16-9737-e66469f616ef;1;Exposure;2026-05-18 09:45:30.1421;Hands;;OpenXR
Right;1;Exposure;0;NoMitigation;None;anonymous;Sample;5365;0.0000;0.0278;0.0106;-0.0400;7.6915;356.1111;2.3980;0.0278;0.0106;-0.0400;0.9969;0.0663;-0.0352;0.0231;0;;;;;;;;;;;;;0;;;;;;;;-0.6014;-0.7892;-0.1247;-0.0300;-0.0242;-0.1760;0.5671;0.2773;-0.6967;0.3406;;;;;;;;;;;;;0;;;;;;;;b974454d-ae33-4d16-9737-e66469f616ef;1;Exposure;2026-05-18 09:45:30.1758;Hands;;OpenXR
Right;1;Exposure;0;NoMitigation;None;anonymous;Sample;5367;0.0000;0.0283;0.0121;-0.0413;6.3422;356.7588;2.3319;0.0283;0.0121;-0.0413;0.9978;0.0547;-0.0294;0.0219;0;;;;;;;;;;;;;0;;;;;;;;-0.6014;-0.7892;-0.1247;-0.0300;-0.0242;-0.1760;0.5671;0.2773;-0.6967;0.3406;;;;;;;;;;;;;0;;;;;;;;b974454d-ae33-4d16-9737-e66469f616ef;1;Exposure;2026-05-18 09:45:30.2082;Hands;;OpenXR
Right;1;Exposure;0;NoMitigation;None;anonymous;Sample;5369;0.0000;0.0291;0.0129;-0.0431;6.1075;356.9996;2.3058;0.0291;0.0129;-0.0431;0.9980;0.0527;-0.0272;0.0215;0;;;;;;;;;;;;;0;;;;;;;;-0.6014;-0.7892;-0.1247;-0.0300;-0.0242;-0.1760;0.5671;0.2773;-0.6967;0.3406;;;;;;;;;;;;;0;;;;;;;;b974454d-ae33-4d16-9737-e66469f616ef;1;Exposure;2026-05-18 09:45:30.2421;Hands;;OpenXR
Right;1;Exposure;0;NoMitigation;None;anonymous;Sample;5371;0.0000;0.0301;0.0139;-0.0458;6.5344;357.0694;2.6799;0.0301;0.0139;-0.0458;0.9977;0.0564;-0.0269;0.0248;0;;;;;;;;;;;;;0;;;;;;;;-0.6014;-0.7892;-0.1247;-0.0300;-0.0242;-0.1760;0.5671;0.2773;-0.6967;0.3406;;;;;;;;;;;;;0;;;;;;;;b974454d-ae33-4d16-9737-e66469f616ef;1;Exposure;2026-05-18 09:45:30.2759;Hands;;OpenXR
Right;1;Exposure;0;NoMitigation;None;anonymous;Sample;5373;0.0000;0.0299;0.0157;-0.0467;6.5468;357.7294;2.3312;0.0299;0.0157;-0.0467;0.9979;0.0567;-0.0209;0.0214;0;;;;;;;;;;;;;0;;;;;;;;-0.6014;-0.7892;-0.1247;-0.0300;-0.0242;-0.1760;0.5671;0.2773;-0.6967;0.3406;;;;;;;;;;;;;0;;;;;;;;b974454d-ae33-4d16-9737-e66469f616ef;1;Exposure;2026-05-18 09:45:30.3084;Hands;;OpenXR
Right;1;Exposure;0;NoMitigation;None;anonymous;Sample;5375;0.0000;0.0307;0.0153;-0.0489;6.1812;356.9945;2.3762;0.0307;0.0153;-0.0489;0.9980;0.0533;-0.0273;0.0221;0;;;;;;;;;;;;;0;;;;;;;;-0.6014;-0.7892;-0.1247;-0.0300;-0.0242;-0.1760;0.5671;0.2773;-0.6967;0.3406;;;;;;;;;;;;;0;;;;;;;;b974454d-ae33-4d16-9737-e66469f616ef;1;Exposure;2026-05-18 09:45:30.3424;Hands;;OpenXR
Right;1;Exposure;0;NoMitigation;None;anonymous;Sample;5377;0.0000;0.0312;0.0155;-0.0506;7.2016;356.6499;2.5396;0.0312;0.0155;-0.0506;0.9973;0.0621;-0.0306;0.0239;0;;;;;;;;;;;;;0;;;;;;;;-0.6014;-0.7892;-0.1247;-0.0300;-0.0242;-0.1760;0.5671;0.2773;-0.6967;0.3406;;;;;;;;;;;;;0;;;;;;;;b974454d-ae33-4d16-9737-e66469f616ef;1;Exposure;2026-05-18 09:45:30.3748;Hands;;OpenXR
Right;1;Exposure;0;NoMitigation;None;anonymous;Sample;5379;0.0000;0.0316;0.0155;-0.0515;7.4553;356.6810;2.5511;0.0316;0.0155;-0.0515;0.9972;0.0643;-0.0303;0.0241;0;;;;;;;;;;;;;0;;;;;;;;-0.6014;-0.7892;-0.1247;-0.0300;-0.0242;-0.1760;0.5671;0.2773;-0.6967;0.3406;;;;;;;;;;;;;0;;;;;;;;b974454d-ae33-4d16-9737-e66469f616ef;1;Exposure;2026-05-18 09:45:30.4088;Hands;;OpenXR
Right;1;Exposure;0;NoMitigation;None;anonymous;Sample;5381;0.0000;0.0319;0.0162;-0.0528;7.0068;356.3537;2.4268;0.0319;0.0162;-0.0528;0.9974;0.0604;-0.0330;0.0231;0;;;;;;;;;;;;;0;;;;;;;;-0.6014;-0.7892;-0.1247;-0.0300;-0.0242;-0.1760;0.5671;0.2773;-0.6967;0.3406;;;;;;;;;;;;;0;;;;;;;;b974454d-ae33-4d16-9737-e66469f616ef;1;Exposure;2026-05-18 09:45:30.4423;Hands;;OpenXR
Right;1;Exposure;0;NoMitigation;None;anonymous;Sample;5383;0.0000;0.0331;0.0162;-0.0539;6.1151;356.0593;2.7085;0.0331;0.0162;-0.0539;0.9977;0.0525;-0.0356;0.0254;0;;;;;;;;;;;;;0;;;;;;;;-0.6014;-0.7892;-0.1247;-0.0300;-0.0242;-0.1760;0.5671;0.2773;-0.6967;0.3406;;;;;;;;;;;;;0;;;;;;;;b974454d-ae33-4d16-9737-e66469f616ef;1;Exposure;2026-05-18 09:45:30.4753;Hands;;OpenXR
Right;1;Exposure;0;NoMitigation;None;anonymous;Sample;5385;0.0000;0.0334;0.0172;-0.0548;5.2108;356.0936;2.6631;0.0334;0.0172;-0.0548;0.9981;0.0446;-0.0351;0.0247;0;;;;;;;;;;;;;0;;;;;;;;-0.6014;-0.7892;-0.1247;-0.0300;-0.0242;-0.1760;0.5671;0.2773;-0.6967;0.3406;;;;;;;;;;;;;0;;;;;;;;b974454d-ae33-4d16-9737-e66469f616ef;1;Exposure;2026-05-18 09:45:30.5077;Hands;;OpenXR
Right;1;Exposure;0;NoMitigation;None;anonymous;Sample;5387;0.0000;0.0339;0.0181;-0.0548;4.2773;355.9659;2.7045;0.0339;0.0181;-0.0548;0.9984;0.0365;-0.0360;0.0249;0;;;;;;;;;;;;;0;;;;;;;;-0.6014;-0.7892;-0.1247;-0.0300;-0.0242;-0.1760;0.5671;0.2773;-0.6967;0.3406;;;;;;;;;;;;;0;;;;;;;;b974454d-ae33-4d16-9737-e66469f616ef;1;Exposure;2026-05-18 09:45:30.5413;Hands;;OpenXR
Right;1;Exposure;0;NoMitigation;None;anonymous;Sample;5389;0.0000;0.0344;0.0179;-0.0553;3.8439;356.0922;2.3963;0.0344;0.0179;-0.0553;0.9986;0.0328;-0.0348;0.0220;0;;;;;;;;;;;;;0;;;;;;;;-0.6014;-0.7892;-0.1247;-0.0300;-0.0242;-0.1760;0.5671;0.2773;-0.6967;0.3406;;;;;;;;;;;;;0;;;;;;;;b974454d-ae33-4d16-9737-e66469f616ef;1;Exposure;2026-05-18 09:45:30.5749;Hands;;OpenXR
Right;1;Exposure;0;NoMitigation;None;anonymous;Sample;5391;0.0000;0.0347;0.0173;-0.0564;3.6662;355.9624;2.3579;0.0347;0.0173;-0.0564;0.9986;0.0312;-0.0359;0.0217;0;;;;;;;;;;;;;0;;;;;;;;-0.6014;-0.7892;-0.1247;-0.0300;-0.0242;-0.1760;0.5671;0.2773;-0.6967;0.3406;;;;;;;;;;;;;0;;;;;;;;b974454d-ae33-4d16-9737-e66469f616ef;1;Exposure;2026-05-18 09:45:30.6089;Hands;;OpenXR
Right;1;Exposure;0;NoMitigation;None;anonymous;Sample;5393;0.0000;0.0351;0.0173;-0.0568;3.8922;355.9697;2.4302;0.0351;0.0173;-0.0568;0.9986;0.0332;-0.0359;0.0224;0;;;;;;;;;;;;;0;;;;;;;;-0.6014;-0.7892;-0.1247;-0.0300;-0.0242;-0.1760;0.5671;0.2773;-0.6967;0.3406;;;;;;;;;;;;;0;;;;;;;;b974454d-ae33-4d16-9737-e66469f616ef;1;Exposure;2026-05-18 09:45:30.6416;Hands;;OpenXR
Right;1;Exposure;0;NoMitigation;None;anonymous;Sample;5395;0.0000;0.0355;0.0168;-0.0572;3.7110;356.1245;2.4315;0.0355;0.0168;-0.0572;0.9987;0.0316;-0.0345;0.0223;0;;;;;;;;;;;;;0;;;;;;;;-0.6014;-0.7892;-0.1247;-0.0300;-0.0242;-0.1760;0.5671;0.2773;-0.6967;0.3406;;;;;;;;;;;;;0;;;;;;;;b974454d-ae33-4d16-9737-e66469f616ef;1;Exposure;2026-05-18 09:45:30.6756;Hands;;OpenXR
Right;1;Exposure;0;NoMitigation;None;anonymous;Sample;5397;0.0000;0.0354;0.0170;-0.0575;3.3427;356.0211;2.2227;0.0354;0.0170;-0.0575;0.9988;0.0285;-0.0353;0.0204;0;;;;;;;;;;;;;0;;;;;;;;-0.6014;-0.7892;-0.1247;-0.0300;-0.0242;-0.1760;0.5671;0.2773;-0.6967;0.3406;;;;;;;;;;;;;0;;;;;;;;b974454d-ae33-4d16-9737-e66469f616ef;1;Exposure;2026-05-18 09:45:30.7096;Hands;;OpenXR
Right;1;Exposure;0;NoMitigation;None;anonymous;Sample;5399;0.0000;0.0353;0.0175;-0.0576;2.5263;356.0590;2.1130;0.0353;0.0175;-0.0576;0.9990;0.0214;-0.0348;0.0192;0;;;;;;;;;;;;;0;;;;;;;;-0.6014;-0.7892;-0.1247;-0.0300;-0.0242;-0.1760;0.5671;0.2773;-0.6967;0.3406;;;;;;;;;;;;;0;;;;;;;;b974454d-ae33-4d16-9737-e66469f616ef;1;Exposure;2026-05-18 09:45:30.7427;Hands;;OpenXR
Right;1;Exposure;0;NoMitigation;None;anonymous;Sample;5401;0.0000;0.0356;0.0172;-0.0574;2.3802;356.1144;1.9941;0.0356;0.0172;-0.0574;0.9990;0.0202;-0.0343;0.0181;0;;;;;;;;;;;;;0;;;;;;;;-0.6014;-0.7892;-0.1247;-0.0300;-0.0242;-0.1760;0.5671;0.2773;-0.6967;0.3406;;;;;;;;;;;;;0;;;;;;;;b974454d-ae33-4d16-9737-e66469f616ef;1;Exposure;2026-05-18 09:45:30.7753;Hands;;OpenXR
Right;1;Exposure;0;NoMitigation;None;anonymous;Sample;5403;0.0000;0.0357;0.0166;-0.0575;2.7514;356.1678;1.8050;0.0357;0.0166;-0.0575;0.9990;0.0235;-0.0338;0.0165;0;;;;;;;;;;;;;0;;;;;;;;-0.6014;-0.7892;-0.1247;-0.0300;-0.0242;-0.1760;0.5671;0.2773;-0.6967;0.3406;;;;;;;;;;;;;0;;;;;;;;b974454d-ae33-4d16-9737-e66469f616ef;1;Exposure;2026-05-18 09:45:30.8088;Hands;;OpenXR
Right;1;Exposure;0;NoMitigation;None;anonymous;Sample;5405;0.0000;0.0360;0.0159;-0.0582;3.2903;356.2021;1.8810;0.0360;0.0159;-0.0582;0.9989;0.0281;-0.0336;0.0173;0;;;;;;;;;;;;;0;;;;;;;;-0.6014;-0.7892;-0.1247;-0.0300;-0.0242;-0.1760;0.5671;0.2773;-0.6967;0.3406;;;;;;;;;;;;;0;;;;;;;;b974454d-ae33-4d16-9737-e66469f616ef;1;Exposure;2026-05-18 09:45:30.8429;Hands;;OpenXR
Right;1;Exposure;0;NoMitigation;None;anonymous;Sample;5407;0.0000;0.0362;0.0150;-0.0583;3.5663;356.2061;1.9418;0.0362;0.0150;-0.0583;0.9988;0.0305;-0.0336;0.0180;0;;;;;;;;;;;;;0;-0.2094;-0.2061;0.0457;32.1627;297.3198;279.6781;Palm;-0.6014;-0.7892;-0.1247;-0.0300;-0.0242;-0.1760;0.5671;0.2773;-0.6967;0.3406;;;;;;;;;;;;;0;;;;;;;;b974454d-ae33-4d16-9737-e66469f616ef;1;Exposure;2026-05-18 09:45:30.8765;Hands;;OpenXR
Right;1;Exposure;0;NoMitigation;None;anonymous;Sample;5409;0.0000;0.0362;0.0145;-0.0586;3.9044;356.2544;1.7400;0.0362;0.0145;-0.0586;0.9988;0.0335;-0.0332;0.0163;0;;;;;;;;;;;;;0;;;;;;;;-0.6014;-0.7892;-0.1247;-0.0300;-0.0242;-0.1760;0.5671;0.2773;-0.6967;0.3406;;;;;;;;;;;;;0;;;;;;;;b974454d-ae33-4d16-9737-e66469f616ef;1;Exposure;2026-05-18 09:45:30.9100;Hands;;OpenXR
Right;1;Exposure;0;NoMitigation;None;anonymous;Sample;5411;0.0000;0.0362;0.0144;-0.0591;4.1381;356.1218;1.8022;0.0362;0.0144;-0.0591;0.9986;0.0355;-0.0344;0.0169;0;;;;;;;;;;;;;0;;;;;;;;-0.6014;-0.7892;-0.1247;-0.0300;-0.0242;-0.1760;0.5671;0.2773;-0.6967;0.3406;;;;;;;;;;;;;0;;;;;;;;b974454d-ae33-4d16-9737-e66469f616ef;1;Exposure;2026-05-18 09:45:30.9425;Hands;;OpenXR
Right;1;Exposure;0;NoMitigation;None;anonymous;Sample;5413;0.0000;0.0361;0.0144;-0.0589;3.8275;356.0532;1.8293;0.0361;0.0144;-0.0589;0.9987;0.0328;-0.0349;0.0171;0;;;;;;;;;;;;;0;;;;;;;;-0.6014;-0.7892;-0.1247;-0.0300;-0.0242;-0.1760;0.5671;0.2773;-0.6967;0.3406;;;;;;;;;;;;;0;;;;;;;;b974454d-ae33-4d16-9737-e66469f616ef;1;Exposure;2026-05-18 09:45:30.9759;Hands;;OpenXR
Right;1;Exposure;0;NoMitigation;None;anonymous;Sample;5415;0.0000;0.0359;0.0144;-0.0588;3.8411;355.9235;1.8954;0.0359;0.0144;-0.0588;0.9986;0.0329;-0.0361;0.0177;0;;;;;;;;;;;;;0;;;;;;;;-0.6014;-0.7892;-0.1247;-0.0300;-0.0242;-0.1760;0.5671;0.2773;-0.6967;0.3406;;;;;;;;;;;;;0;;;;;;;;b974454d-ae33-4d16-9737-e66469f616ef;1;Exposure;2026-05-18 09:45:31.0085;Hands;;OpenXR
Right;1;Exposure;0;NoMitigation;None;anonymous;Sample;5417;0.0000;0.0360;0.0144;-0.0589;3.4918;356.0868;2.1185;0.0360;0.0144;-0.0589;0.9988;0.0298;-0.0347;0.0195;0;;;;;;;;;;;;;0;;;;;;;;-0.6014;-0.7892;-0.1247;-0.0300;-0.0242;-0.1760;0.5671;0.2773;-0.6967;0.3406;;;;;;;;;;;;;0;;;;;;;;b974454d-ae33-4d16-9737-e66469f616ef;1;Exposure;2026-05-18 09:45:31.0419;Hands;;OpenXR
Right;1;Exposure;0;NoMitigation;None;anonymous;Sample;5419;0.0000;0.0362;0.0145;-0.0587;3.2912;356.2764;2.0614;0.0362;0.0145;-0.0587;0.9989;0.0281;-0.0330;0.0189;0;;;;;;;;;;;;;0;;;;;;;;-0.6014;-0.7892;-0.1247;-0.0300;-0.0242;-0.1760;0.5671;0.2773;-0.6967;0.3406;;;;;;;;;;;;;0;;;;;;;;b974454d-ae33-4d16-9737-e66469f616ef;1;Exposure;2026-05-18 09:45:31.0753;Hands;;OpenXR
Right;1;Exposure;0;NoMitigation;None;anonymous;Sample;5421;0.0000;0.0366;0.0143;-0.0585;3.4767;356.3987;2.3076;0.0366;0.0143;-0.0585;0.9988;0.0297;-0.0320;0.0211;0;;;;;;;;;;;;;0;;;;;;;;-0.6014;-0.7892;-0.1247;-0.0300;-0.0242;-0.1760;0.5671;0.2773;-0.6967;0.3406;;;;;;;;;;;;;0;;;;;;;;b974454d-ae33-4d16-9737-e66469f616ef;1;Exposure;2026-05-18 09:45:31.1089;Hands;;OpenXR
Right;1;Exposure;0;NoMitigation;None;anonymous;Sample;5423;0.0000;0.0372;0.0136;-0.0589;3.9460;356.5044;2.4948;0.0372;0.0136;-0.0589;0.9987;0.0337;-0.0312;0.0228;0;;;;;;;;;;;;;0;;;;;;;;-0.6014;-0.7892;-0.1247;-0.0300;-0.0242;-0.1760;0.5671;0.2773;-0.6967;0.3406;;;;;;;;;;;;;0;;;;;;;;b974454d-ae33-4d16-9737-e66469f616ef;1;Exposure;2026-05-18 09:45:31.1410;Hands;;OpenXR
Right;1;Exposure;0;NoMitigation;None;anonymous;Sample;5425;0.0000;0.0368;0.0130;-0.0596;4.1986;356.3866;2.2772;0.0368;0.0130;-0.0596;0.9986;0.0360;-0.0322;0.0210;0;;;;;;;;;;;;;0;;;;;;;;-0.6014;-0.7892;-0.1247;-0.0300;-0.0242;-0.1760;0.5671;0.2773;-0.6967;0.3406;;;;;;;;;;;;;0;;;;;;;;b974454d-ae33-4d16-9737-e66469f616ef;1;Exposure;2026-05-18 09:45:31.1756;Hands;;OpenXR
Right;1;Exposure;0;NoMitigation;None;anonymous;Sample;5427;0.0000;0.0363;0.0130;-0.0598;5.0520;356.3044;2.2440;0.0363;0.0130;-0.0598;0.9983;0.0434;-0.0331;0.0210;0;;;;;;;;;;;;;0;;;;;;;;-0.6014;-0.7892;-0.1247;-0.0300;-0.0242;-0.1760;0.5671;0.2773;-0.6967;0.3406;;;;;;;;;;;;;0;;;;;;;;b974454d-ae33-4d16-9737-e66469f616ef;1;Exposure;2026-05-18 09:45:31.2090;Hands;;OpenXR
Right;1;Exposure;0;NoMitigation;None;anonymous;Sample;5429;0.0000;0.0363;0.0130;-0.0603;4.8641;356.7708;2.3707;0.0363;0.0130;-0.0603;0.9985;0.0418;-0.0290;0.0219;0;;;;;;;;;;;;;0;;;;;;;;-0.6014;-0.7892;-0.1247;-0.0300;-0.0242;-0.1760;0.5671;0.2773;-0.6967;0.3406;;;;;;;;;;;;;0;;;;;;;;b974454d-ae33-4d16-9737-e66469f616ef;1;Exposure;2026-05-18 09:45:31.2425;Hands;;OpenXR
Right;1;Exposure;0;NoMitigation;None;anonymous;Sample;5431;0.0000;0.0364;0.0128;-0.0602;4.6512;357.0159;2.2706;0.0364;0.0128;-0.0602;0.9986;0.0400;-0.0268;0.0208;0;;;;;;;;;;;;;0;;;;;;;;-0.6014;-0.7892;-0.1247;-0.0300;-0.0242;-0.1760;0.5671;0.2773;-0.6967;0.3406;;;;;;;;;;;;;0;;;;;;;;b974454d-ae33-4d16-9737-e66469f616ef;1;Exposure;2026-05-18 09:45:31.2751;Hands;;OpenXR
Right;1;Exposure;0;NoMitigation;None;anonymous;Sample;5433;0.0000;0.0367;0.0124;-0.0606;4.9422;357.3437;2.2111;0.0367;0.0124;-0.0606;0.9986;0.0426;-0.0240;0.0203;0;;;;;;;;;;;;;0;;;;;;;;-0.6014;-0.7892;-0.1247;-0.0300;-0.0242;-0.1760;0.5671;0.2773;-0.6967;0.3406;;;;;;;;;;;;;0;;;;;;;;b974454d-ae33-4d16-9737-e66469f616ef;1;Exposure;2026-05-18 09:45:31.3086;Hands;;OpenXR
Right;1;Exposure;0;NoMitigation;None;anonymous;Sample;5435;0.0000;0.0375;0.0117;-0.0611;5.3062;357.8389;2.2855;0.0375;0.0117;-0.0611;0.9985;0.0459;-0.0198;0.0208;0;;;;;;;;;;;;;0;;;;;;;;-0.6014;-0.7892;-0.1247;-0.0300;-0.0242;-0.1760;0.5671;0.2773;-0.6967;0.3406;;;;;;;;;;;;;0;;;;;;;;b974454d-ae33-4d16-9737-e66469f616ef;1;Exposure;2026-05-18 09:45:31.3415;Hands;;OpenXR
Right;1;Exposure;0;NoMitigation;None;anonymous;Sample;5437;0.0000;0.0376;0.0111;-0.0618;5.6060;358.1872;2.2612;0.0376;0.0111;-0.0618;0.9985;0.0486;-0.0168;0.0205;0;;;;;;;;;;;;;0;;;;;;;;-0.6014;-0.7892;-0.1247;-0.0300;-0.0242;-0.1760;0.5671;0.2773;-0.6967;0.3406;;;;;;;;;;;;;0;;;;;;;;b974454d-ae33-4d16-9737-e66469f616ef;1;Exposure;2026-05-18 09:45:31.3757;Hands;;OpenXR
Right;1;Exposure;0;NoMitigation;None;anonymous;Sample;5439;0.0000;0.0379;0.0112;-0.0627;5.9574;358.2092;2.3896;0.0379;0.0112;-0.0627;0.9983;0.0516;-0.0167;0.0216;0;;;;;;;;;;;;;0;;;;;;;;-0.6014;-0.7892;-0.1247;-0.0300;-0.0242;-0.1760;0.5671;0.2773;-0.6967;0.3406;;;;;;;;;;;;;0;;;;;;;;b974454d-ae33-4d16-9737-e66469f616ef;1;Exposure;2026-05-18 09:45:31.4082;Hands;;OpenXR
Right;1;Exposure;0;NoMitigation;None;anonymous;Sample;5441;0.0000;0.0384;0.0109;-0.0637;6.3971;358.5423;2.6602;0.0384;0.0109;-0.0637;0.9981;0.0555;-0.0140;0.0239;0;;;;;;;;;;;;;0;;;;;;;;-0.6014;-0.7892;-0.1247;-0.0300;-0.0242;-0.1760;0.5671;0.2773;-0.6967;0.3406;;;;;;;;;;;;;0;;;;;;;;b974454d-ae33-4d16-9737-e66469f616ef;1;Exposure;2026-05-18 09:45:31.4413;Hands;;OpenXR
Right;1;Exposure;0;NoMitigation;None;anonymous;Sample;5443;0.0000;0.0388;0.0103;-0.0652;7.1883;358.9242;2.6868;0.0388;0.0103;-0.0652;0.9977;0.0624;-0.0108;0.0240;0;;;;;;;;;;;;;0;;;;;;;;-0.6014;-0.7892;-0.1247;-0.0300;-0.0242;-0.1760;0.5671;0.2773;-0.6967;0.3406;;;;;;;;;;;;;0;;;;;;;;b974454d-ae33-4d16-9737-e66469f616ef;1;Exposure;2026-05-18 09:45:31.4750;Hands;;OpenXR
Right;1;Exposure;0;NoMitigation;None;anonymous;Sample;5445;0.0000;0.0393;0.0099;-0.0661;8.1426;359.2153;2.5901;0.0393;0.0099;-0.0661;0.9972;0.0708;-0.0084;0.0230;0;;;;;;;;;;;;;0;;;;;;;;-0.6014;-0.7892;-0.1247;-0.0300;-0.0242;-0.1760;0.5671;0.2773;-0.6967;0.3406;;;;;;;;;;;;;0;;;;;;;;b974454d-ae33-4d16-9737-e66469f616ef;1;Exposure;2026-05-18 09:45:31.5087;Hands;;OpenXR
Right;1;Exposure;0;NoMitigation;None;anonymous;Sample;5447;0.0000;0.0403;0.0097;-0.0670;8.2665;359.5010;2.7126;0.0403;0.0097;-0.0670;0.9971;0.0720;-0.0060;0.0239;0;;;;;;;;;;;;;0;;;;;;;;-0.6014;-0.7892;-0.1247;-0.0300;-0.0242;-0.1760;0.5671;0.2773;-0.6967;0.3406;;;;;;;;;;;;;0;;;;;;;;b974454d-ae33-4d16-9737-e66469f616ef;1;Exposure;2026-05-18 09:45:31.5426;Hands;;OpenXR
Right;1;Exposure;0;NoMitigation;None;anonymous;Sample;5449;0.0000;0.0410;0.0095;-0.0680;7.9870;359.8475;2.9222;0.0410;0.0095;-0.0680;0.9972;0.0696;-0.0031;0.0255;0;;;;;;;;;;;;;0;;;;;;;;-0.6014;-0.7892;-0.1247;-0.0300;-0.0242;-0.1760;0.5671;0.2773;-0.6967;0.3406;;;;;;;;;;;;;0;;;;;;;;b974454d-ae33-4d16-9737-e66469f616ef;1;Exposure;2026-05-18 09:45:31.5758;Hands;;OpenXR
Right;1;Exposure;0;NoMitigation;None;anonymous;Sample;5451;0.0000;0.0417;0.0094;-0.0689;7.9891;359.8982;3.0584;0.0417;0.0094;-0.0689;0.9972;0.0696;-0.0027;0.0267;1;;;;;;;;;;;;;0;;;;;;;;-0.8407;-0.5413;-0.0141;0.0103;-0.0125;-0.0505;0.6727;0.1978;-0.6840;0.2012;;;;;;;;;;;;;0;0.1390;-0.0512;0.1287;277.2941;290.7088;343.0704;Palm;b974454d-ae33-4d16-9737-e66469f616ef;1;Exposure;2026-05-18 09:45:31.6085;Hands;;OpenXR
Right;1;Exposure;0;NoMitigation;None;anonymous;Sample;5453;0.0166;0.0422;0.0092;-0.0697;7.7449;359.8731;3.0490;0.0422;0.0092;-0.0697;0.9974;0.0675;-0.0029;0.0266;1;;;;;;;;;;;;;0;;;;;;;;-0.9360;-0.3183;0.1499;0.0342;-0.0177;0.0718;0.7510;0.1227;-0.6403;0.1046;;;;;;;;;;;;;0;0.1268;-0.0803;0.1595;293.3536;324.3611;317.8693;Palm;b974454d-ae33-4d16-9737-e66469f616ef;1;Exposure;2026-05-18 09:45:31.6426;Hands;;OpenXR
Right;1;Exposure;0;NoMitigation;None;anonymous;Sample;5455;0.0333;0.0425;0.0087;-0.0702;7.6337;359.6677;2.7737;0.0425;0.0087;-0.0702;0.9975;0.0665;-0.0045;0.0243;1;;;;;;;;;;;;;0;;;;;;;;-0.9229;-0.2312;0.3079;0.0388;-0.0438;0.1550;0.8058;0.0944;-0.5806;0.0680;;;;;;;;;;;;;0;0.1187;-0.1128;0.1833;302.6001;330.2375;316.7823;Palm;b974454d-ae33-4d16-9737-e66469f616ef;1;Exposure;2026-05-18 09:45:31.6758;Hands;;OpenXR
Right;1;Exposure;0;NoMitigation;None;anonymous;Sample;5457;0.0500;0.0426;0.0085;-0.0714;7.7477;359.2474;2.6461;0.0426;0.0085;-0.0714;0.9974;0.0674;-0.0081;0.0235;1;;;;;;;;;;;;;0;;;;;;;;-0.8719;-0.3033;0.3843;0.0321;-0.0705;0.2088;0.8277;0.1286;-0.5397;0.0838;;;;;;;;;;;;;0;0.1048;-0.1199;0.2054;310.5784;331.8090;321.5078;Palm;b974454d-ae33-4d16-9737-e66469f616ef;1;Exposure;2026-05-18 09:45:31.7085;Hands;;OpenXR
Right;1;Exposure;0;NoMitigation;None;anonymous;Sample;5459;0.0667;0.0427;0.0081;-0.0717;7.4724;359.0570;2.6980;0.0427;0.0081;-0.0717;0.9976;0.0649;-0.0097;0.0240;1;;;;;;;;;;;;;0;;;;;;;;-0.8000;-0.3972;0.4497;0.0268;-0.0908;0.2490;0.8452;0.1751;-0.4944;0.1024;;;;;;;;;;;;;0;0.0998;-0.1238;0.2284;315.0620;331.9194;329.1844;Palm;b974454d-ae33-4d16-9737-e66469f616ef;1;Exposure;2026-05-18 09:45:31.7415;Hands;;OpenXR
Right;1;Exposure;0;NoMitigation;None;anonymous;Sample;5461;0.0833;0.0425;0.0075;-0.0721;7.7878;358.7525;2.2749;0.0425;0.0075;-0.0721;0.9974;0.0677;-0.0122;0.0205;1;;;;;;;;;;;;;0;;;;;;;;-0.7172;-0.4645;0.5195;0.0241;-0.1075;0.2829;0.8648;0.2130;-0.4414;0.1087;;;;;;;;;;;;;0;0.0965;-0.1313;0.2506;317.2982;332.0338;336.6614;Palm;b974454d-ae33-4d16-9737-e66469f616ef;1;Exposure;2026-05-18 09:45:31.7756;Hands;;OpenXR
Right;1;Exposure;0;NoMitigation;None;anonymous;Sample;5463;0.0000;0.0423;0.0071;-0.0728;8.1231;358.6093;2.0462;0.0423;0.0071;-0.0728;0.9972;0.0706;-0.0134;0.0187;0;;;;;;;;;;;;;0;;;;;;;;-0.6166;-0.4861;0.6193;0.0275;-0.1201;0.3163;0.8947;0.2321;-0.3695;0.0958;;;;;;;;;;;;;0;0.1001;-0.1376;0.2732;318.4323;334.8350;343.6506;Palm;b974454d-ae33-4d16-9737-e66469f616ef;1;Exposure;2026-05-18 09:45:31.8087;Hands;;OpenXR
Right;1;Exposure;0;NoMitigation;None;anonymous;Sample;5465;0.0000;0.0422;0.0068;-0.0731;8.0200;358.4411;2.0559;0.0422;0.0068;-0.0731;0.9973;0.0697;-0.0148;0.0188;0;;;;;;;;;;;;;0;;;;;;;;-0.5023;-0.4464;0.7405;0.0388;-0.1276;0.3475;0.9304;0.2192;-0.2858;0.0673;;;;;;;;;;;;;0;0.1089;-0.1427;0.2897;321.5896;338.8530;349.0485;Palm;b974454d-ae33-4d16-9737-e66469f616ef;1;Exposure;2026-05-18 09:45:31.8428;Hands;;OpenXR
Right;1;Exposure;0;NoMitigation;None;anonymous;Sample;5467;0.0000;0.0418;0.0068;-0.0729;7.8650;358.1005;2.1010;0.0418;0.0068;-0.0729;0.9973;0.0683;-0.0178;0.0194;0;;;;;;;;;;;;;0;;;;;;;;-0.3897;-0.3751;0.8411;0.0525;-0.1327;0.3738;0.9586;0.1866;-0.2113;0.0411;;;;;;;;;;;;;0;0.1158;-0.1477;0.3034;324.3733;341.8477;353.1067;Palm;b974454d-ae33-4d16-9737-e66469f616ef;1;Exposure;2026-05-18 09:45:31.8758;Hands;;OpenXR
Right;1;Exposure;0;NoMitigation;None;anonymous;Sample;5469;0.0000;0.0413;0.0067;-0.0728;7.8728;357.9142;2.2063;0.0413;0.0067;-0.0728;0.9973;0.0683;-0.0195;0.0205;0;;;;;;;;;;;;;0;;;;;;;;-0.2700;-0.2317;0.9346;0.0697;-0.1296;0.3957;0.9834;0.1155;-0.1392;0.0163;;;;;;;;;;;;;0;0.1249;-0.1456;0.3133;328.7651;347.8368;355.0958;Palm;b974454d-ae33-4d16-9737-e66469f616ef;1;Exposure;2026-05-18 09:45:31.9095;Hands;;OpenXR
Right;1;Exposure;0;NoMitigation;None;anonymous;Sample;5471;0.0000;0.0411;0.0063;-0.0723;8.0513;357.9624;2.3099;0.0411;0.0063;-0.0723;0.9971;0.0698;-0.0191;0.0214;0;;;;;;;;;;;;;0;;;;;;;;-0.1526;-0.0711;0.9857;0.0898;-0.1200;0.4127;0.9964;0.0355;-0.0767;0.0027;;;;;;;;;;;;;0;0.1372;-0.1380;0.3222;330.8804;352.6960;356.7668;Palm;b974454d-ae33-4d16-9737-e66469f616ef;1;Exposure;2026-05-18 09:45:31.9422;Hands;;OpenXR
Right;1;Exposure;0;NoMitigation;None;anonymous;Sample;5473;0.0084;0.0407;0.0056;-0.0722;8.5744;357.9211;2.0231;0.0407;0.0056;-0.0722;0.9969;0.0744;-0.0194;0.0190;1;;;;;;;;;;;;;0;;;;;;;;-0.0820;0.0470;0.9955;0.1063;-0.1073;0.4226;0.9989;-0.0235;-0.0411;-0.0010;;;;;;;;;;;;;0;0.1475;-0.1285;0.3261;330.0569;354.1537;355.6984;Palm;b974454d-ae33-4d16-9737-e66469f616ef;1;Exposure;2026-05-18 09:45:31.9766;Hands;;OpenXR
Right;1;Exposure;0;NoMitigation;None;anonymous;Sample;5475;0.0253;0.0404;0.0054;-0.0723;8.9317;357.9218;1.9213;0.0404;0.0054;-0.0723;0.9966;0.0775;-0.0194;0.0181;1;;;;;;;;;;;;;0;;;;;;;;-0.0179;0.1434;0.9895;0.1227;-0.0964;0.4307;0.9974;-0.0719;-0.0090;-0.0006;;;;;;;;;;;;;0;0.1582;-0.1252;0.3332;329.5743;356.9507;355.0106;Palm;b974454d-ae33-4d16-9737-e66469f616ef;1;Exposure;2026-05-18 09:45:32.0097;Hands;;OpenXR
Right;1;Exposure;0;NoMitigation;None;anonymous;Sample;5477;0.0415;0.0400;0.0054;-0.0720;8.6457;358.0539;2.1788;0.0400;0.0054;-0.0720;0.9968;0.0750;-0.0184;0.0202;1;;;;;;;;;;;;;0;;;;;;;;0.0265;0.1720;0.9847;0.1323;-0.0933;0.4333;0.9962;-0.0863;0.0134;0.0012;;;;;;;;;;;;;0;0.1598;-0.1274;0.3317;329.4264;358.1546;353.4821;Palm;b974454d-ae33-4d16-9737-e66469f616ef;1;Exposure;2026-05-18 09:45:32.0429;Hands;;OpenXR
Right;1;Exposure;0;NoMitigation;None;anonymous;Sample;5479;0.0582;0.0393;0.0055;-0.0710;8.4820;358.1157;2.2117;0.0393;0.0055;-0.0710;0.9969;0.0736;-0.0178;0.0205;1;;;;;;;;;;;;;0;;;;;;;;0.1035;0.1763;0.9789;0.1507;-0.0932;0.4414;0.9947;-0.0884;0.0525;0.0047;;;;;;;;;;;;;0;0.1742;-0.1287;0.3430;330.1361;2.9228;351.5842;Palm;b974454d-ae33-4d16-9737-e66469f616ef;1;Exposure;2026-05-18 09:45:32.0761;Hands;;OpenXR
Right;1;Exposure;0;NoMitigation;None;anonymous;Sample;5481;0.0750;0.0382;0.0054;-0.0700;8.7987;358.0681;2.3548;0.0382;0.0054;-0.0700;0.9967;0.0763;-0.0184;0.0218;1;;;;;;;;;;;;;0;;;;;;;;0.1681;0.1619;0.9724;0.1659;-0.0963;0.4474;0.9930;-0.0809;0.0852;0.0069;;;;;;;;;;;;;0;0.1806;-0.1320;0.3462;331.0405;4.6941;350.6032;Palm;b974454d-ae33-4d16-9737-e66469f616ef;1;Exposure;2026-05-18 09:45:32.1098;Hands;;OpenXR
Right;1;Exposure;0;NoMitigation;None;anonymous;Sample;5483;0.0916;0.0366;0.0050;-0.0688;9.8063;357.8921;2.7396;0.0366;0.0050;-0.0688;0.9958;0.0850;-0.0204;0.0254;1;;;;;;;;;;;;;0;;;;;;;;0.1999;0.1524;0.9679;0.1737;-0.0979;0.4488;0.9919;-0.0760;0.1013;0.0078;;;;;;;;;;;;;0;0.1815;-0.1317;0.3434;331.0714;4.8070;350.2708;Palm;b974454d-ae33-4d16-9737-e66469f616ef;1;Exposure;2026-05-18 09:45:32.1430;Hands;;OpenXR
Right;1;Exposure;0;NoMitigation;None;anonymous;Sample;5485;0.1084;0.0347;0.0043;-0.0663;12.0598;357.4531;2.5120;0.0347;0.0043;-0.0663;0.9939;0.1045;-0.0244;0.0241;1;;;;;;;;;;;;;0;;;;;;;;0.1960;0.1560;0.9681;0.1733;-0.0942;0.4408;0.9920;-0.0779;0.0994;0.0078;;;;;;;;;;;;;0;0.1774;-0.1250;0.3276;329.9880;2.7716;349.7636;Palm;b974454d-ae33-4d16-9737-e66469f616ef;1;Exposure;2026-05-18 09:45:32.1760;Hands;;OpenXR
Right;1;Exposure;0;NoMitigation;None;anonymous;Sample;5487;0.1251;0.0335;0.0028;-0.0627;13.5289;357.3259;1.3609;0.0335;0.0028;-0.0627;0.9927;0.1175;-0.0246;0.0145;1;;;;;;;;;;;;;0;;;;;;;;0.1621;0.1752;0.9711;0.1668;-0.0877;0.4288;0.9927;-0.0877;0.0823;0.0073;;;;;;;;;;;;;0;0.1713;-0.1198;0.3132;327.7790;359.0521;349.3450;Palm;b974454d-ae33-4d16-9737-e66469f616ef;1;Exposure;2026-05-18 09:45:32.2096;Hands;;OpenXR
Right;1;Exposure;0;NoMitigation;None;anonymous;Sample;5489;0.1417;0.0318;0.0018;-0.0603;14.2991;356.6528;1.1198;0.0318;0.0018;-0.0603;0.9917;0.1241;-0.0302;0.0133;1;;;;;;;;;;;;;0;;;;;;;;0.0688;0.1698;0.9831;0.1500;-0.0821;0.4109;0.9958;-0.0852;0.0348;0.0030;;;;;;;;;;;;;0;0.1600;-0.1148;0.2931;324.0655;350.8608;349.8070;Palm;b974454d-ae33-4d16-9737-e66469f616ef;1;Exposure;2026-05-18 09:45:32.2433;Hands;;OpenXR
Right;1;Exposure;0;NoMitigation;None;anonymous;Sample;5491;0.1583;0.0310;-0.0001;-0.0573;14.4351;356.0324;1.3349;0.0310;-0.0001;-0.0573;0.9914;0.1252;-0.0358;0.0159;1;;;;;;;;;;;;;0;;;;;;;;-0.0482;0.1381;0.9892;0.1304;-0.0788;0.3903;0.9973;-0.0692;-0.0243;-0.0017;;;;;;;;;;;;;0;0.1524;-0.1115;0.2760;321.5497;344.7381;350.5512;Palm;b974454d-ae33-4d16-9737-e66469f616ef;1;Exposure;2026-05-18 09:45:32.2753;Hands;;OpenXR
Right;1;Exposure;0;NoMitigation;None;anonymous;Sample;5493;0.1750;0.0295;-0.0018;-0.0535;14.7639;355.9736;0.9762;0.0295;-0.0018;-0.0535;0.9910;0.1281;-0.0359;0.0130;1;;;;;;;;;;;;;0;;;;;;;;-0.1918;-0.0685;0.9790;0.1144;-0.0918;0.3695;0.9947;0.0341;-0.0965;0.0033;;;;;;;;;;;;;0;0.1526;-0.1175;0.2603;320.7648;340.6497;348.3291;Palm;b974454d-ae33-4d16-9737-e66469f616ef;1;Exposure;2026-05-18 09:45:32.3087;Hands;;OpenXR
Right;1;Exposure;0;NoMitigation;None;anonymous;Sample;5495;0.1916;0.0281;-0.0024;-0.0485;16.3141;356.1427;0.1104;0.0281;-0.0024;-0.0485;0.9893;0.1418;-0.0335;0.0057;1;;;;;;;;;;;;;0;;;;;;;;-0.3096;-0.3136;0.8976;0.1036;-0.1121;0.3501;0.9737;0.1566;-0.1632;0.0263;;;;;;;;;;;;;0;0.1537;-0.1277;0.2515;321.2079;337.9496;346.4048;Palm;b974454d-ae33-4d16-9737-e66469f616ef;1;Exposure;2026-05-18 09:45:32.3428;Hands;;OpenXR
Right;1;Exposure;0;NoMitigation;None;anonymous;Sample;5497;0.2082;0.0268;-0.0026;-0.0432;17.9702;356.2401;359.7363;0.0268;-0.0026;-0.0432;0.9872;0.1562;-0.0320;0.0029;1;;;;;;;;;;;;;0;;;;;;;;-0.3778;-0.5295;0.7595;0.0973;-0.1313;0.3311;0.9358;0.2681;-0.2199;0.0630;;;;;;;;;;;;;0;0.1553;-0.1330;0.2436;321.0764;335.0376;346.1569;Palm;b974454d-ae33-4d16-9737-e66469f616ef;1;Exposure;2026-05-18 09:45:32.3760;Hands;;OpenXR
Right;1;Exposure;0;NoMitigation;None;anonymous;Sample;5499;0.2249;0.0259;-0.0025;-0.0374;19.1773;355.5938;359.7429;0.0259;-0.0025;-0.0374;0.9853;0.1665;-0.0375;0.0042;1;;;;;;;;;;;;;0;;;;;;;;-0.4070;-0.6617;0.6297;0.0945;-0.1449;0.3167;0.8971;0.3393;-0.2647;0.1001;;;;;;;;;;;;;0;0.1581;-0.1374;0.2413;321.1169;333.6349;345.6032;Palm;b974454d-ae33-4d16-9737-e66469f616ef;1;Exposure;2026-05-18 09:45:32.4086;Hands;;OpenXR
Right;1;Exposure;0;NoMitigation;None;anonymous;Sample;5501;0.2415;0.0238;-0.0020;-0.0306;19.9840;354.6577;359.9233;0.0238;-0.0020;-0.0306;0.9838;0.1734;-0.0458;0.0074;1;;;;;;;;;;;;;0;;;;;;;;-0.4157;-0.7218;0.5533;0.0957;-0.1547;0.3121;0.8725;0.3722;-0.2912;0.1242;;;;;;;;;;;;;0;0.1619;-0.1426;0.2455;321.6996;334.4055;344.6992;Palm;b974454d-ae33-4d16-9737-e66469f616ef;1;Exposure;2026-05-18 09:45:32.4426;Hands;;OpenXR
Right;1;Exposure;0;NoMitigation;None;anonymous;Sample;5503;0.2581;0.0201;-0.0012;-0.0226;21.1699;354.3394;0.3544;0.0201;-0.0012;-0.0226;0.9818;0.1833;-0.0491;0.0121;1;;;;;;;;;;;;;0;;;;;;;;-0.4225;-0.7465;0.5141;0.0979;-0.1619;0.3121;0.8591;0.3851;-0.3077;0.1379;;;;;;;;;;;;;0;0.1647;-0.1475;0.2480;322.4680;335.4061;343.3630;Palm;b974454d-ae33-4d16-9737-e66469f616ef;1;Exposure;2026-05-18 09:45:32.4761;Hands;;OpenXR
Right;1;Exposure;0;NoMitigation;None;anonymous;Sample;5505;0.2749;0.0158;0.0005;-0.0118;23.6570;354.4187;1.1522;0.0158;0.0005;-0.0118;0.9775;0.2043;-0.0497;0.0198;1;;;;;;;;;;;;;0;;;;;;;;-0.4322;-0.7319;0.5268;0.1013;-0.1673;0.3181;0.8633;0.3758;-0.3088;0.1344;;;;;;;;;;;;;0;0.1689;-0.1540;0.2556;323.4494;337.0441;342.1423;Palm;b974454d-ae33-4d16-9737-e66469f616ef;1;Exposure;2026-05-18 09:45:32.5097;Hands;;OpenXR
Right;1;Exposure;0;NoMitigation;None;anonymous;Sample;5507;0.2916;0.0095;0.0025;0.0028;27.6215;354.4265;3.2358;0.0095;0.0025;0.0028;0.9692;0.2370;-0.0539;0.0390;1;;;;;;;;;;;;;0;;;;;;;;-0.4380;-0.6970;0.5677;0.1053;-0.1718;0.3264;0.8770;0.3560;-0.2990;0.1214;;;;;;;;;;;;;0;0.1728;-0.1599;0.2614;325.0146;338.0938;341.5446;Palm;b974454d-ae33-4d16-9737-e66469f616ef;1;Exposure;2026-05-18 09:45:32.5428;Hands;;OpenXR
Right;1;Exposure;0;NoMitigation;None;anonymous;Sample;5509;0.3083;0.0009;0.0036;0.0185;30.6723;354.7561;5.7695;0.0009;0.0036;0.0185;0.9616;0.2616;-0.0574;0.0606;1;;;;;;;;;;;;;0;;;;;;;;-0.4366;-0.6783;0.5910;0.1122;-0.1779;0.3341;0.8846;0.3459;-0.2913;0.1139;;;;;;;;;;;;;0;0.1813;-0.1664;0.2668;326.8217;339.8745;340.3155;Palm;b974454d-ae33-4d16-9737-e66469f616ef;1;Exposure;2026-05-18 09:45:32.5761;Hands;;OpenXR
Right;1;Exposure;0;NoMitigation;None;anonymous;Sample;5511;0.3252;-0.0100;0.0047;0.0349;34.4118;355.7718;9.3733;-0.0100;0.0047;0.0349;0.9505;0.2917;-0.0593;0.0889;1;;;;;;;;;;;;;0;;;;;;;;-0.4360;-0.6670;0.6042;0.1189;-0.1843;0.3403;0.8888;0.3397;-0.2872;0.1098;;;;;;;;;;;;;0;0.1870;-0.1722;0.2709;327.8416;340.7394;339.3368;Palm;b974454d-ae33-4d16-9737-e66469f616ef;1;Exposure;2026-05-18 09:45:32.6103;Hands;;OpenXR
Right;1;Exposure;0;NoMitigation;None;anonymous;Sample;5513;0.3417;-0.0233;0.0047;0.0516;38.6093;358.6873;14.7452;-0.0233;0.0047;0.0516;0.9354;0.3264;-0.0531;0.1249;1;;;;;;;;;;;;;0;;;;;;;;-0.4419;-0.6644;0.6027;0.1251;-0.1922;0.3455;0.8883;0.3378;-0.2908;0.1106;;;;;;;;;;;;;0;0.1937;-0.1815;0.2762;328.8385;341.9119;337.3367;Palm;b974454d-ae33-4d16-9737-e66469f616ef;1;Exposure;2026-05-18 09:45:32.6425;Hands;;OpenXR
Right;1;Exposure;0;NoMitigation;None;anonymous;Sample;5515;0.3584;-0.0399;0.0022;0.0668;42.4036;4.2733;21.7251;-0.0399;0.0022;0.0668;0.9175;0.3615;-0.0340;0.1623;1;;;;;;;;;;;;;0;;;;;;;;-0.4549;-0.6720;0.5843;0.1317;-0.2024;0.3502;0.8823;0.3407;-0.3030;0.1170;;;;;;;;;;;;;0;0.2007;-0.1912;0.2814;330.1843;343.4319;334.7173;Palm;b974454d-ae33-4d16-9737-e66469f616ef;1;Exposure;2026-05-18 09:45:32.6766;Hands;;OpenXR
Right;1;Exposure;0;NoMitigation;None;anonymous;Sample;5517;0.3752;-0.0573;-0.0018;0.0801;45.2286;10.4309;29.2993;-0.0573;-0.0018;0.0801;0.8982;0.3917;-0.0157;0.1987;1;;;;;;;;;;;;;0;;;;;;;;-0.4718;-0.6790;0.5625;0.1402;-0.2155;0.3559;0.8751;0.3426;-0.3184;0.1247;;;;;;;;;;;;;0;0.2117;-0.2064;0.2894;330.5304;344.7664;332.3824;Palm;b974454d-ae33-4d16-9737-e66469f616ef;1;Exposure;2026-05-18 09:45:32.7099;Hands;;OpenXR
Right;1;Exposure;0;NoMitigation;None;anonymous;Sample;5519;0.3918;-0.0750;-0.0057;0.0938;47.6280;17.0796;37.4447;-0.0750;-0.0057;0.0938;0.8761;0.4218;0.0005;0.2336;1;;;;;;;;;;;;;0;;;;;;;;-0.4938;-0.6750;0.5482;0.1487;-0.2303;0.3614;0.8702;0.3380;-0.3341;0.1298;;;;;;;;;;;;;0;0.2212;-0.2249;0.2950;330.3518;345.8969;329.8025;Palm;b974454d-ae33-4d16-9737-e66469f616ef;1;Exposure;2026-05-18 09:45:32.7432;Hands;;OpenXR
Right;1;Exposure;0;NoMitigation;None;anonymous;Sample;5521;0.4085;-0.0926;-0.0095;0.1076;49.3240;24.4522;46.2936;-0.0926;-0.0095;0.1076;0.8514;0.4506;0.0167;0.2679;1;;;;;;;;;;;;;0;;;;;;;;-0.4985;-0.6669;0.5538;0.1634;-0.2484;0.3720;0.8721;0.3333;-0.3347;0.1279;;;;;;;;;;;;;0;0.2370;-0.2470;0.3061;331.2461;351.7993;326.6691;Palm;b974454d-ae33-4d16-9737-e66469f616ef;1;Exposure;2026-05-18 09:45:32.7757;Hands;;OpenXR
Right;1;Exposure;0;NoMitigation;None;anonymous;Sample;5523;0.4261;-0.1103;-0.0272;0.1027;47.7774;41.4469;62.0433;-0.1103;-0.0272;0.1027;0.8067;0.4913;0.0821;0.3179;1;;;;;;;;;;;;;0;;;;;;;;-0.4945;-0.6606;0.5649;0.1797;-0.2686;0.3833;0.8758;0.3304;-0.3291;0.1242;;;;;;;;;;;;;0;0.2486;-0.2675;0.3132;333.1288;355.9778;324.3296;Palm;b974454d-ae33-4d16-9737-e66469f616ef;1;Exposure;2026-05-18 09:45:32.8124;Hands;;OpenXR
Right;1;Exposure;0;NoMitigation;None;anonymous;Sample;5525;0.4405;-0.1103;-0.0272;0.1027;47.7774;41.4469;62.0433;-0.1103;-0.0272;0.1027;0.8067;0.4913;0.0821;0.3179;1;;;;;;;;;;;;;0;;;;;;;;-0.4919;-0.6584;0.5697;0.1866;-0.2776;0.3880;0.8774;0.3296;-0.3264;0.1226;;;;;;;;;;;;;0;0.2486;-0.2675;0.3132;333.1288;355.9778;324.3296;Palm;b974454d-ae33-4d16-9737-e66469f616ef;1;Exposure;2026-05-18 09:45:32.8408;Hands;;OpenXR
Right;1;Exposure;0;NoMitigation;None;anonymous;Sample;5527;0.4568;-0.1103;-0.0272;0.1027;47.7774;41.4469;62.0433;-0.1103;-0.0272;0.1027;0.8067;0.4913;0.0821;0.3179;1;;;;;;;;;;;;;0;;;;;;;;-0.4907;-0.6573;0.5720;0.1899;-0.2818;0.3903;0.8781;0.3292;-0.3251;0.1218;;;;;;;;;;;;;0;0.2486;-0.2675;0.3132;333.1288;355.9778;324.3296;Palm;b974454d-ae33-4d16-9737-e66469f616ef;1;Exposure;2026-05-18 09:45:32.8735;Hands;;OpenXR
Right;1;Exposure;0;NoMitigation;None;anonymous;Sample;5529;0.4737;-0.1103;-0.0272;0.1027;47.7774;41.4469;62.0433;-0.1103;-0.0272;0.1027;0.8067;0.4913;0.0821;0.3179;1;;;;;;;;;;;;;0;;;;;;;;-0.4901;-0.6569;0.5730;0.1914;-0.2838;0.3913;0.8785;0.3290;-0.3245;0.1215;;;;;;;;;;;;;0;0.2486;-0.2675;0.3132;333.1288;355.9778;324.3296;Palm;b974454d-ae33-4d16-9737-e66469f616ef;1;Exposure;2026-05-18 09:45:32.9070;Hands;;OpenXR
Right;1;Exposure;0;NoMitigation;None;anonymous;Sample;5531;0.4902;-0.1103;-0.0272;0.1027;47.7774;41.4469;62.0433;-0.1103;-0.0272;0.1027;0.8067;0.4913;0.0821;0.3179;1;;;;;;;;;;;;;0;;;;;;;;-0.5184;-0.6454;0.5610;0.2038;-0.2966;0.3888;0.8745;0.3200;-0.3422;0.1252;;;;;;;;;;;;;0;0.2614;-0.2953;0.3041;334.8495;4.8699;316.0783;Palm;b974454d-ae33-4d16-9737-e66469f616ef;1;Exposure;2026-05-18 09:45:32.9393;Hands;;OpenXR
Right;1;Exposure;0;NoMitigation;None;anonymous;Sample;5533;0.5068;-0.1103;-0.0272;0.1027;47.7774;41.4469;62.0433;-0.1103;-0.0272;0.1027;0.8067;0.4913;0.0821;0.3179;1;;;;;;;;;;;;;0;;;;;;;;-0.5246;-0.6213;0.5820;0.2127;-0.3082;0.3879;0.8815;0.3071;-0.3387;0.1180;;;;;;;;;;;;;0;0.2648;-0.3107;0.3016;333.7531;6.2670;315.2173;Palm;b974454d-ae33-4d16-9737-e66469f616ef;1;Exposure;2026-05-18 09:45:32.9730;Hands;;OpenXR
Right;1;Exposure;0;NoMitigation;None;anonymous;Sample;5535;0.5236;-0.1103;-0.0272;0.1027;47.7774;41.4469;62.0433;-0.1103;-0.0272;0.1027;0.8067;0.4913;0.0821;0.3179;1;;;;;;;;;;;;;0;;;;;;;;-0.5118;-0.5850;0.6291;0.2181;-0.3177;0.3867;0.8966;0.2897;-0.3186;0.1029;;;;;;;;;;;;;0;0.2647;-0.3235;0.2974;332.1509;6.1370;315.7800;Palm;b974454d-ae33-4d16-9737-e66469f616ef;1;Exposure;2026-05-18 09:45:33.0068;Hands;;OpenXR
Right;1;Exposure;0;NoMitigation;None;anonymous;Sample;5537;0.5401;-0.1103;-0.0272;0.1027;47.7774;41.4469;62.0433;-0.1103;-0.0272;0.1027;0.8067;0.4913;0.0821;0.3179;1;;;;;;;;;;;;;0;;;;;;;;-0.4944;-0.5590;0.6657;0.2198;-0.3256;0.3851;0.9080;0.2775;-0.3003;0.0918;;;;;;;;;;;;;0;0.2622;-0.3354;0.2932;331.5130;4.7430;317.6716;Palm;b974454d-ae33-4d16-9737-e66469f616ef;1;Exposure;2026-05-18 09:45:33.0397;Hands;;OpenXR
Right;1;Exposure;0;NoMitigation;None;anonymous;Sample;5539;0.5569;-0.1103;-0.0272;0.1027;47.7774;41.4469;62.0433;-0.1103;-0.0272;0.1027;0.8067;0.4913;0.0821;0.3179;1;;;;;;;;;;;;;0;;;;;;;;-0.4677;-0.5407;0.6992;0.2198;-0.3343;0.3833;0.9181;0.2696;-0.2788;0.0819;;;;;;;;;;;;;0;0.2591;-0.3449;0.2897;331.8770;3.8813;319.9824;Palm;b974454d-ae33-4d16-9737-e66469f616ef;1;Exposure;2026-05-18 09:45:33.0737;Hands;;OpenXR
Right;1;Exposure;0;NoMitigation;None;anonymous;Sample;5541;0.5735;-0.1103;-0.0272;0.1027;47.7774;41.4469;62.0433;-0.1103;-0.0272;0.1027;0.8067;0.4913;0.0821;0.3179;1;;;;;;;;;;;;;0;;;;;;;;-0.4512;-0.5315;0.7169;0.2196;-0.3393;0.3823;0.9234;0.2657;-0.2664;0.0766;;;;;;;;;;;;;0;0.2591;-0.3449;0.2897;331.8770;3.8813;319.9824;Palm;b974454d-ae33-4d16-9737-e66469f616ef;1;Exposure;2026-05-18 09:45:33.1069;Hands;;OpenXR
Right;1;Exposure;0;NoMitigation;None;anonymous;Sample;5543;0.5902;-0.1103;-0.0272;0.1027;47.7774;41.4469;62.0433;-0.1103;-0.0272;0.1027;0.8067;0.4913;0.0821;0.3179;1;;;;;;;;;;;;;0;;;;;;;;-0.4230;-0.5196;0.7424;0.2188;-0.3449;0.3827;0.9308;0.2608;-0.2466;0.0691;;;;;;;;;;;;;0;0.2555;-0.3523;0.2892;331.9981;3.9486;321.8655;Palm;b974454d-ae33-4d16-9737-e66469f616ef;1;Exposure;2026-05-18 09:45:33.1391;Hands;;OpenXR
Right;1;Exposure;0;NoMitigation;None;anonymous;Sample;5545;0.0000;-0.1103;-0.0272;0.1027;47.7774;41.4469;62.0433;-0.1103;-0.0272;0.1027;0.8067;0.4913;0.0821;0.3179;0;;;;;;;;;;;;;0;;;;;;;;-0.3888;-0.5264;0.7561;0.2176;-0.3517;0.3826;0.9348;0.2660;-0.2263;0.0644;;;;;;;;;;;;;0;0.2525;-0.3567;0.2878;332.9083;3.8319;324.4909;Palm;b974454d-ae33-4d16-9737-e66469f616ef;1;Exposure;2026-05-18 09:45:33.1731;Hands;;OpenXR
Right;1;Exposure;0;NoMitigation;None;anonymous;Sample;5547;0.0000;-0.1103;-0.0272;0.1027;47.7774;41.4469;62.0433;-0.1103;-0.0272;0.1027;0.8067;0.4913;0.0821;0.3179;0;;;;;;;;;;;;;0;;;;;;;;-0.3643;-0.5450;0.7551;0.2151;-0.3588;0.3820;0.9346;0.2771;-0.2137;0.0633;;;;;;;;;;;;;0;0.2489;-0.3607;0.2868;333.5107;3.3722;326.4373;Palm;b974454d-ae33-4d16-9737-e66469f616ef;1;Exposure;2026-05-18 09:45:33.2058;Hands;;OpenXR
Right;1;Exposure;0;NoMitigation;None;anonymous;Sample;5549;0.0000;-0.1103;-0.0272;0.1027;47.7774;41.4469;62.0433;-0.1103;-0.0272;0.1027;0.8067;0.4913;0.0821;0.3179;0;;;;;;;;;;;;;0;;;;;;;;-0.3543;-0.5713;0.7403;0.2093;-0.3655;0.3804;0.9305;0.2920;-0.2112;0.0663;;;;;;;;;;;;;0;0.2419;-0.3641;0.2856;333.8825;2.5764;327.8570;Palm;b974454d-ae33-4d16-9737-e66469f616ef;1;Exposure;2026-05-18 09:45:33.2400;Hands;;OpenXR
Right;1;Exposure;0;NoMitigation;None;anonymous;Sample;5551;0.0000;-0.1103;-0.0272;0.1027;47.7774;41.4469;62.0433;-0.1103;-0.0272;0.1027;0.8067;0.4913;0.0821;0.3179;0;;;;;;;;;;;;;0;;;;;;;;-0.3525;-0.6019;0.7166;0.2026;-0.3714;0.3782;0.9236;0.3091;-0.2149;0.0719;;;;;;;;;;;;;0;0.2339;-0.3670;0.2842;334.2740;1.7883;329.2380;Palm;b974454d-ae33-4d16-9737-e66469f616ef;1;Exposure;2026-05-18 09:45:33.2722;Hands;;OpenXR
Right;1;Exposure;0;NoMitigation;None;anonymous;Sample;5553;0.0000;-0.1103;-0.0272;0.1027;47.7774;41.4469;62.0433;-0.1103;-0.0272;0.1027;0.8067;0.4913;0.0821;0.3179;0;;;;;;;;;;;;;0;;;;;;;;-0.3523;-0.6212;0.7000;0.1984;-0.3749;0.3768;0.9188;0.3200;-0.2182;0.0760;;;;;;;;;;;;;0;;;;;;;;b974454d-ae33-4d16-9737-e66469f616ef;1;Exposure;2026-05-18 09:45:33.3070;Hands;;OpenXR
Right;1;Exposure;0;NoMitigation;None;anonymous;Sample;5555;0.0000;-0.1103;-0.0272;0.1027;47.7774;41.4469;62.0433;-0.1103;-0.0272;0.1027;0.8067;0.4913;0.0821;0.3179;0;;;;;;;;;;;;;0;;;;;;;;-0.3522;-0.6293;0.6928;0.1965;-0.3764;0.3761;0.9167;0.3246;-0.2196;0.0778;;;;;;;;;;;;;0;;;;;;;;b974454d-ae33-4d16-9737-e66469f616ef;1;Exposure;2026-05-18 09:45:33.3393;Hands;;OpenXR
Right;1;Exposure;0;NoMitigation;None;anonymous;Sample;5557;0.0000;-0.1103;-0.0272;0.1027;47.7774;41.4469;62.0433;-0.1103;-0.0272;0.1027;0.8067;0.4913;0.0821;0.3179;0;;;;;;;;;;;;;0;;;;;;;;-0.3521;-0.6328;0.6896;0.1957;-0.3771;0.3759;0.9158;0.3266;-0.2203;0.0786;;;;;;;;;;;;;0;;;;;;;;b974454d-ae33-4d16-9737-e66469f616ef;1;Exposure;2026-05-18 09:45:33.3732;Hands;;OpenXR
Right;1;Exposure;0;NoMitigation;None;anonymous;Sample;5559;0.0000;-0.1103;-0.0272;0.1027;47.7774;41.4469;62.0433;-0.1103;-0.0272;0.1027;0.8067;0.4913;0.0821;0.3179;0;;;;;;;;;;;;;0;;;;;;;;-0.3521;-0.6344;0.6882;0.1954;-0.3774;0.3757;0.9153;0.3275;-0.2206;0.0789;;;;;;;;;;;;;0;;;;;;;;b974454d-ae33-4d16-9737-e66469f616ef;1;Exposure;2026-05-18 09:45:33.4069;Hands;;OpenXR
Right;1;Exposure;0;NoMitigation;None;anonymous;Sample;5561;0.0000;-0.1103;-0.0272;0.1027;47.7774;41.4469;62.0433;-0.1103;-0.0272;0.1027;0.8067;0.4913;0.0821;0.3179;0;;;;;;;;;;;;;0;;;;;;;;-0.3521;-0.6353;0.6873;0.1952;-0.3776;0.3757;0.9151;0.3281;-0.2207;0.0791;;;;;;;;;;;;;0;;;;;;;;b974454d-ae33-4d16-9737-e66469f616ef;1;Exposure;2026-05-18 09:45:33.4686;Hands;;OpenXR
Right;1;Exposure;0;NoMitigation;None;anonymous;Sample;5562;0.0000;-0.1103;-0.0272;0.1027;47.7774;41.4469;62.0433;-0.1103;-0.0272;0.1027;0.8067;0.4913;0.0821;0.3179;0;;;;;;;;;;;;;0;;;;;;;;-0.3521;-0.6355;0.6872;0.1951;-0.3776;0.3757;0.9151;0.3281;-0.2208;0.0792;;;;;;;;;;;;;0;;;;;;;;b974454d-ae33-4d16-9737-e66469f616ef;1;Exposure;2026-05-18 09:45:33.4941;Hands;;OpenXR
Right;1;Exposure;0;NoMitigation;None;anonymous;Sample;5563;0.0000;-0.1103;-0.0272;0.1027;47.7774;41.4469;62.0433;-0.1103;-0.0272;0.1027;0.8067;0.4913;0.0821;0.3179;0;;;;;;;;;;;;;0;;;;;;;;-0.3521;-0.6355;0.6871;0.1951;-0.3776;0.3757;0.9150;0.3282;-0.2208;0.0792;;;;;;;;;;;;;0;;;;;;;;b974454d-ae33-4d16-9737-e66469f616ef;1;Exposure;2026-05-18 09:45:33.5289;Hands;;OpenXR
Right;1;Exposure;0;NoMitigation;None;anonymous;Sample;5564;0.0000;-0.1103;-0.0272;0.1027;47.7774;41.4469;62.0433;-0.1103;-0.0272;0.1027;0.8067;0.4913;0.0821;0.3179;0;;;;;;;;;;;;;0;;;;;;;;-0.3521;-0.6355;0.6871;0.1951;-0.3776;0.3757;0.9150;0.3282;-0.2208;0.0792;;;;;;;;;;;;;0;;;;;;;;b974454d-ae33-4d16-9737-e66469f616ef;1;Exposure;2026-05-18 09:45:33.5605;Hands;;OpenXR
Right;1;Exposure;0;NoMitigation;None;anonymous;Sample;5565;0.0000;-0.1103;-0.0272;0.1027;47.7774;41.4469;62.0433;-0.1103;-0.0272;0.1027;0.8067;0.4913;0.0821;0.3179;0;;;;;;;;;;;;;0;;;;;;;;-0.3521;-0.6355;0.6871;0.1951;-0.3776;0.3757;0.9150;0.3282;-0.2208;0.0792;;;;;;;;;;;;;0;;;;;;;;b974454d-ae33-4d16-9737-e66469f616ef;1;Exposure;2026-05-18 09:45:33.5928;Hands;;OpenXR
Right;1;Exposure;0;NoMitigation;None;anonymous;Sample;5567;0.0000;-0.1103;-0.0272;0.1027;47.7774;41.4469;62.0433;-0.1103;-0.0272;0.1027;0.8067;0.4913;0.0821;0.3179;0;;;;;;;;;;;;;0;;;;;;;;-0.3521;-0.6356;0.6871;0.1951;-0.3776;0.3757;0.9150;0.3282;-0.2208;0.0792;;;;;;;;;;;;;0;;;;;;;;b974454d-ae33-4d16-9737-e66469f616ef;1;Exposure;2026-05-18 09:45:33.6345;Hands;;OpenXR
Right;1;Exposure;0;NoMitigation;None;anonymous;Sample;5568;0.0000;-0.1103;-0.0272;0.1027;47.7774;41.4469;62.0433;-0.1103;-0.0272;0.1027;0.8067;0.4913;0.0821;0.3179;0;;;;;;;;;;;;;0;;;;;;;;-0.3521;-0.6356;0.6871;0.1951;-0.3776;0.3757;0.9150;0.3282;-0.2208;0.0792;;;;;;;;;;;;;0;;;;;;;;b974454d-ae33-4d16-9737-e66469f616ef;1;Exposure;2026-05-18 09:45:33.6600;Hands;;OpenXR
Right;1;Exposure;0;NoMitigation;None;anonymous;Sample;5569;0.0000;-0.1103;-0.0272;0.1027;47.7774;41.4469;62.0433;-0.1103;-0.0272;0.1027;0.8067;0.4913;0.0821;0.3179;0;;;;;;;;;;;;;0;;;;;;;;-0.3521;-0.6356;0.6871;0.1951;-0.3776;0.3757;0.9150;0.3282;-0.2208;0.0792;;;;;;;;;;;;;0;;;;;;;;b974454d-ae33-4d16-9737-e66469f616ef;1;Exposure;2026-05-18 09:45:33.6933;Hands;;OpenXR
Right;1;Exposure;0;NoMitigation;None;anonymous;Sample;5571;0.0000;-0.1103;-0.0272;0.1027;47.7774;41.4469;62.0433;-0.1103;-0.0272;0.1027;0.8067;0.4913;0.0821;0.3179;0;;;;;;;;;;;;;0;;;;;;;;-0.3521;-0.6356;0.6871;0.1951;-0.3776;0.3757;0.9150;0.3282;-0.2208;0.0792;;;;;;;;;;;;;0;;;;;;;;b974454d-ae33-4d16-9737-e66469f616ef;1;Exposure;2026-05-18 09:45:33.7254;Hands;;OpenXR
Right;1;Exposure;0;NoMitigation;None;anonymous;Sample;5572;0.0000;-0.1103;-0.0272;0.1027;47.7774;41.4469;62.0433;-0.1103;-0.0272;0.1027;0.8067;0.4913;0.0821;0.3179;0;;;;;;;;;;;;;0;;;;;;;;-0.3521;-0.6356;0.6871;0.1951;-0.3776;0.3757;0.9150;0.3282;-0.2208;0.0792;;;;;;;;;;;;;0;;;;;;;;b974454d-ae33-4d16-9737-e66469f616ef;1;Exposure;2026-05-18 09:45:33.7601;Hands;;OpenXR
Right;1;Exposure;0;NoMitigation;None;anonymous;Sample;5573;0.0000;-0.1103;-0.0272;0.1027;47.7774;41.4469;62.0433;-0.1103;-0.0272;0.1027;0.8067;0.4913;0.0821;0.3179;0;;;;;;;;;;;;;0;;;;;;;;-0.3521;-0.6356;0.6871;0.1951;-0.3776;0.3757;0.9150;0.3282;-0.2208;0.0792;;;;;;;;;;;;;0;;;;;;;;b974454d-ae33-4d16-9737-e66469f616ef;1;Exposure;2026-05-18 09:45:33.7918;Hands;;OpenXR
Right;1;Exposure;0;NoMitigation;None;anonymous;Sample;5575;0.0000;-0.1103;-0.0272;0.1027;47.7774;41.4469;62.0433;-0.1103;-0.0272;0.1027;0.8067;0.4913;0.0821;0.3179;0;;;;;;;;;;;;;0;;;;;;;;-0.3521;-0.6356;0.6871;0.1951;-0.3776;0.3757;0.9150;0.3282;-0.2208;0.0792;;;;;;;;;;;;;0;;;;;;;;b974454d-ae33-4d16-9737-e66469f616ef;1;Exposure;2026-05-18 09:45:33.8237;Hands;;OpenXR
Right;1;Exposure;0;NoMitigation;None;anonymous;Sample;5577;0.0000;-0.1103;-0.0272;0.1027;47.7774;41.4469;62.0433;-0.1103;-0.0272;0.1027;0.8067;0.4913;0.0821;0.3179;0;;;;;;;;;;;;;0;;;;;;;;-0.3521;-0.6356;0.6871;0.1951;-0.3776;0.3757;0.9150;0.3282;-0.2208;0.0792;;;;;;;;;;;;;0;;;;;;;;b974454d-ae33-4d16-9737-e66469f616ef;1;Exposure;2026-05-18 09:45:33.8558;Hands;;OpenXR
Right;1;Exposure;0;NoMitigation;None;anonymous;Sample;5579;0.0000;-0.1103;-0.0272;0.1027;47.7774;41.4469;62.0433;-0.1103;-0.0272;0.1027;0.8067;0.4913;0.0821;0.3179;0;;;;;;;;;;;;;0;;;;;;;;-0.3521;-0.6356;0.6871;0.1951;-0.3776;0.3757;0.9150;0.3282;-0.2208;0.0792;;;;;;;;;;;;;0;;;;;;;;b974454d-ae33-4d16-9737-e66469f616ef;1;Exposure;2026-05-18 09:45:33.8902;Hands;;OpenXR
Right;;Baseline;0;NoMitigation;None;anonymous;Sample;5581;0.0000;-0.1103;-0.0272;0.1027;47.7774;41.4469;62.0433;-0.1103;-0.0272;0.1027;0.8067;0.4913;0.0821;0.3179;0;;;;;;;;;;;;;0;;;;;;;;-0.3521;-0.6356;0.6871;0.1951;-0.3776;0.3757;0.9150;0.3282;-0.2208;0.0792;;;;;;;;;;;;;0;;;;;;;;b974454d-ae33-4d16-9737-e66469f616ef;;OpenLoop;2026-05-18 09:45:35.6985;Hands;2;OpenXR
Right;;Baseline;0;NoMitigation;None;anonymous;Sample;5582;0.0000;-0.1103;-0.0272;0.1027;47.7774;41.4469;62.0433;-0.1103;-0.0272;0.1027;0.8067;0.4913;0.0821;0.3179;0;;;;;;;;;;;;;0;;;;;;;;-0.3521;-0.6356;0.6871;0.1951;-0.3776;0.3757;0.9150;0.3282;-0.2208;0.0792;;;;;;;;;;;;;0;;;;;;;;b974454d-ae33-4d16-9737-e66469f616ef;;OpenLoop;2026-05-18 09:45:35.7827;Hands;2;OpenXR
Right;;Baseline;0;NoMitigation;None;anonymous;Sample;5583;0.0000;-0.1103;-0.0272;0.1027;47.7774;41.4469;62.0433;-0.1103;-0.0272;0.1027;0.8067;0.4913;0.0821;0.3179;0;;;;;;;;;;;;;0;;;;;;;;-0.3521;-0.6356;0.6871;0.1951;-0.3776;0.3757;0.9150;0.3282;-0.2208;0.0792;;;;;;;;;;;;;0;;;;;;;;b974454d-ae33-4d16-9737-e66469f616ef;;OpenLoop;2026-05-18 09:45:35.8171;Hands;2;OpenXR
Right;;Baseline;0;NoMitigation;None;anonymous;Sample;5585;0.0000;-0.1103;-0.0272;0.1027;47.7774;41.4469;62.0433;-0.1103;-0.0272;0.1027;0.8067;0.4913;0.0821;0.3179;0;;;;;;;;;;;;;0;;;;;;;;-0.3521;-0.6356;0.6871;0.1951;-0.3776;0.3757;0.9150;0.3282;-0.2208;0.0792;;;;;;;;;;;;;0;;;;;;;;b974454d-ae33-4d16-9737-e66469f616ef;;OpenLoop;2026-05-18 09:45:35.8491;Hands;2;OpenXR
Right;;Baseline;0;NoMitigation;None;anonymous;Sample;5586;0.0000;-0.1103;-0.0272;0.1027;47.7774;41.4469;62.0433;-0.1103;-0.0272;0.1027;0.8067;0.4913;0.0821;0.3179;0;;;;;;;;;;;;;0;;;;;;;;-0.3521;-0.6356;0.6871;0.1951;-0.3776;0.3757;0.9150;0.3282;-0.2208;0.0792;;;;;;;;;;;;;0;;;;;;;;b974454d-ae33-4d16-9737-e66469f616ef;;OpenLoop;2026-05-18 09:45:35.8830;Hands;2;OpenXR
Right;;Baseline;0;NoMitigation;None;anonymous;Sample;5587;0.0000;-0.1103;-0.0272;0.1027;47.7774;41.4469;62.0433;-0.1103;-0.0272;0.1027;0.8067;0.4913;0.0821;0.3179;0;;;;;;;;;;;;;0;;;;;;;;-0.3521;-0.6356;0.6871;0.1951;-0.3776;0.3757;0.9150;0.3282;-0.2208;0.0792;;;;;;;;;;;;;0;;;;;;;;b974454d-ae33-4d16-9737-e66469f616ef;;OpenLoop;2026-05-18 09:45:35.9164;Hands;2;OpenXR
Right;;Baseline;0;NoMitigation;None;anonymous;Sample;5589;0.0000;-0.1103;-0.0272;0.1027;47.7774;41.4469;62.0433;-0.1103;-0.0272;0.1027;0.8067;0.4913;0.0821;0.3179;0;;;;;;;;;;;;;0;;;;;;;;-0.3521;-0.6356;0.6871;0.1951;-0.3776;0.3757;0.9150;0.3282;-0.2208;0.0792;;;;;;;;;;;;;0;;;;;;;;b974454d-ae33-4d16-9737-e66469f616ef;;OpenLoop;2026-05-18 09:45:35.9508;Hands;2;OpenXR
Right;;Baseline;0;NoMitigation;None;anonymous;Sample;5591;0.0000;-0.1103;-0.0272;0.1027;47.7774;41.4469;62.0433;-0.1103;-0.0272;0.1027;0.8067;0.4913;0.0821;0.3179;0;;;;;;;;;;;;;0;;;;;;;;-0.3521;-0.6356;0.6871;0.1951;-0.3776;0.3757;0.9150;0.3282;-0.2208;0.0792;;;;;;;;;;;;;0;;;;;;;;b974454d-ae33-4d16-9737-e66469f616ef;;OpenLoop;2026-05-18 09:45:36.0014;Hands;2;OpenXR
Right;;Baseline;0;NoMitigation;None;anonymous;Sample;5592;0.0000;-0.1103;-0.0272;0.1027;47.7774;41.4469;62.0433;-0.1103;-0.0272;0.1027;0.8067;0.4913;0.0821;0.3179;0;;;;;;;;;;;;;0;;;;;;;;-0.3521;-0.6356;0.6871;0.1951;-0.3776;0.3757;0.9150;0.3282;-0.2208;0.0792;;;;;;;;;;;;;0;;;;;;;;b974454d-ae33-4d16-9737-e66469f616ef;;OpenLoop;2026-05-18 09:45:36.0343;Hands;2;OpenXR
Right;;Baseline;0;NoMitigation;None;anonymous;Sample;5594;0.0000;-0.1103;-0.0272;0.1027;47.7774;41.4469;62.0433;-0.1103;-0.0272;0.1027;0.8067;0.4913;0.0821;0.3179;0;;;;;;;;;;;;;0;;;;;;;;-0.3521;-0.6356;0.6871;0.1951;-0.3776;0.3757;0.9150;0.3282;-0.2208;0.0792;;;;;;;;;;;;;0;;;;;;;;b974454d-ae33-4d16-9737-e66469f616ef;;OpenLoop;2026-05-18 09:45:36.0659;Hands;2;OpenXR
Right;;Baseline;0;NoMitigation;None;anonymous;Sample;5595;0.0000;-0.1103;-0.0272;0.1027;47.7774;41.4469;62.0433;-0.1103;-0.0272;0.1027;0.8067;0.4913;0.0821;0.3179;0;;;;;;;;;;;;;0;;;;;;;;-0.3521;-0.6356;0.6871;0.1951;-0.3776;0.3757;0.9150;0.3282;-0.2208;0.0792;;;;;;;;;;;;;0;;;;;;;;b974454d-ae33-4d16-9737-e66469f616ef;;OpenLoop;2026-05-18 09:45:36.1007;Hands;2;OpenXR
Right;;Baseline;0;NoMitigation;None;anonymous;Sample;5596;0.0000;-0.1103;-0.0272;0.1027;47.7774;41.4469;62.0433;-0.1103;-0.0272;0.1027;0.8067;0.4913;0.0821;0.3179;0;;;;;;;;;;;;;0;;;;;;;;-0.3521;-0.6356;0.6871;0.1951;-0.3776;0.3757;0.9150;0.3282;-0.2208;0.0792;;;;;;;;;;;;;0;;;;;;;;b974454d-ae33-4d16-9737-e66469f616ef;;OpenLoop;2026-05-18 09:45:36.1331;Hands;2;OpenXR
Right;;Baseline;0;NoMitigation;None;anonymous;Sample;5598;0.0000;-0.1103;-0.0272;0.1027;47.7774;41.4469;62.0433;-0.1103;-0.0272;0.1027;0.8067;0.4913;0.0821;0.3179;0;;;;;;;;;;;;;0;;;;;;;;-0.3521;-0.6356;0.6871;0.1951;-0.3776;0.3757;0.9150;0.3282;-0.2208;0.0792;;;;;;;;;;;;;0;;;;;;;;b974454d-ae33-4d16-9737-e66469f616ef;;OpenLoop;2026-05-18 09:45:36.1661;Hands;2;OpenXR
Right;;Baseline;0;NoMitigation;None;anonymous;Sample;5600;0.0000;-0.1103;-0.0272;0.1027;47.7774;41.4469;62.0433;-0.1103;-0.0272;0.1027;0.8067;0.4913;0.0821;0.3179;0;;;;;;;;;;;;;0;;;;;;;;-0.3521;-0.6356;0.6871;0.1951;-0.3776;0.3757;0.9150;0.3282;-0.2208;0.0792;;;;;;;;;;;;;0;;;;;;;;b974454d-ae33-4d16-9737-e66469f616ef;;OpenLoop;2026-05-18 09:45:36.1990;Hands;2;OpenXR
Right;;Baseline;0;NoMitigation;None;anonymous;Sample;5602;0.0000;-0.1103;-0.0272;0.1027;47.7774;41.4469;62.0433;-0.1103;-0.0272;0.1027;0.8067;0.4913;0.0821;0.3179;0;;;;;;;;;;;;;0;;;;;;;;-0.3521;-0.6356;0.6871;0.1951;-0.3776;0.3757;0.9150;0.3282;-0.2208;0.0792;;;;;;;;;;;;;0;;;;;;;;b974454d-ae33-4d16-9737-e66469f616ef;;OpenLoop;2026-05-18 09:45:36.2323;Hands;2;OpenXR
Right;;Baseline;0;NoMitigation;None;anonymous;Sample;5604;0.0000;-0.1103;-0.0272;0.1027;47.7774;41.4469;62.0433;-0.1103;-0.0272;0.1027;0.8067;0.4913;0.0821;0.3179;0;;;;;;;;;;;;;0;;;;;;;;-0.3521;-0.6356;0.6871;0.1951;-0.3776;0.3757;0.9150;0.3282;-0.2208;0.0792;;;;;;;;;;;;;0;;;;;;;;b974454d-ae33-4d16-9737-e66469f616ef;;OpenLoop;2026-05-18 09:45:36.2657;Hands;2;OpenXR
Right;;Baseline;0;NoMitigation;None;anonymous;Sample;5606;0.0000;-0.1103;-0.0272;0.1027;47.7774;41.4469;62.0433;-0.1103;-0.0272;0.1027;0.8067;0.4913;0.0821;0.3179;0;;;;;;;;;;;;;0;;;;;;;;-0.3521;-0.6356;0.6871;0.1951;-0.3776;0.3757;0.9150;0.3282;-0.2208;0.0792;;;;;;;;;;;;;0;;;;;;;;b974454d-ae33-4d16-9737-e66469f616ef;;OpenLoop;2026-05-18 09:45:36.2981;Hands;2;OpenXR
Right;;Baseline;0;NoMitigation;None;anonymous;Sample;5608;0.0000;-0.1103;-0.0272;0.1027;47.7774;41.4469;62.0433;-0.1103;-0.0272;0.1027;0.8067;0.4913;0.0821;0.3179;0;;;;;;;;;;;;;0;;;;;;;;-0.3521;-0.6356;0.6871;0.1951;-0.3776;0.3757;0.9150;0.3282;-0.2208;0.0792;;;;;;;;;;;;;0;;;;;;;;b974454d-ae33-4d16-9737-e66469f616ef;;OpenLoop;2026-05-18 09:45:36.3311;Hands;2;OpenXR
Right;;Baseline;0;NoMitigation;None;anonymous;Sample;5610;0.0000;-0.1103;-0.0272;0.1027;47.7774;41.4469;62.0433;-0.1103;-0.0272;0.1027;0.8067;0.4913;0.0821;0.3179;0;;;;;;;;;;;;;0;;;;;;;;-0.3521;-0.6356;0.6871;0.1951;-0.3776;0.3757;0.9150;0.3282;-0.2208;0.0792;;;;;;;;;;;;;0;;;;;;;;b974454d-ae33-4d16-9737-e66469f616ef;;OpenLoop;2026-05-18 09:45:36.3654;Hands;2;OpenXR
Right;;Baseline;0;NoMitigation;None;anonymous;Sample;5612;0.0000;-0.1103;-0.0272;0.1027;47.7774;41.4469;62.0433;-0.1103;-0.0272;0.1027;0.8067;0.4913;0.0821;0.3179;0;;;;;;;;;;;;;0;;;;;;;;-0.3521;-0.6356;0.6871;0.1951;-0.3776;0.3757;0.9150;0.3282;-0.2208;0.0792;;;;;;;;;;;;;0;;;;;;;;b974454d-ae33-4d16-9737-e66469f616ef;;OpenLoop;2026-05-18 09:45:36.3988;Hands;2;OpenXR
Right;;Baseline;0;NoMitigation;None;anonymous;Sample;5614;0.0000;-0.1103;-0.0272;0.1027;47.7774;41.4469;62.0433;-0.1103;-0.0272;0.1027;0.8067;0.4913;0.0821;0.3179;0;;;;;;;;;;;;;0;;;;;;;;-0.3521;-0.6356;0.6871;0.1951;-0.3776;0.3757;0.9150;0.3282;-0.2208;0.0792;;;;;;;;;;;;;0;;;;;;;;b974454d-ae33-4d16-9737-e66469f616ef;;OpenLoop;2026-05-18 09:45:36.4316;Hands;2;OpenXR
Right;;Baseline;0;NoMitigation;None;anonymous;Sample;5616;0.0000;-0.1103;-0.0272;0.1027;47.7774;41.4469;62.0433;-0.1103;-0.0272;0.1027;0.8067;0.4913;0.0821;0.3179;0;;;;;;;;;;;;;0;;;;;;;;-0.3521;-0.6356;0.6871;0.1951;-0.3776;0.3757;0.9150;0.3282;-0.2208;0.0792;;;;;;;;;;;;;0;;;;;;;;b974454d-ae33-4d16-9737-e66469f616ef;;OpenLoop;2026-05-18 09:45:36.4645;Hands;2;OpenXR
Right;;Baseline;0;NoMitigation;None;anonymous;Sample;5618;0.0000;-0.1103;-0.0272;0.1027;47.7774;41.4469;62.0433;-0.1103;-0.0272;0.1027;0.8067;0.4913;0.0821;0.3179;0;;;;;;;;;;;;;0;;;;;;;;-0.3521;-0.6356;0.6871;0.1951;-0.3776;0.3757;0.9150;0.3282;-0.2208;0.0792;;;;;;;;;;;;;0;;;;;;;;b974454d-ae33-4d16-9737-e66469f616ef;;OpenLoop;2026-05-18 09:45:36.4984;Hands;2;OpenXR
Right;;Baseline;0;NoMitigation;None;anonymous;Sample;5620;0.0000;-0.1103;-0.0272;0.1027;47.7774;41.4469;62.0433;-0.1103;-0.0272;0.1027;0.8067;0.4913;0.0821;0.3179;0;;;;;;;;;;;;;0;;;;;;;;0.0513;-0.0345;0.9981;-0.4197;-0.4118;0.3204;0.9995;0.0173;0.0257;-0.0004;;;;;;;;;;;;;0;-0.4750;-0.3988;0.2113;9.8742;10.7371;175.9027;Palm;b974454d-ae33-4d16-9737-e66469f616ef;;OpenLoop;2026-05-18 09:46:20.5845;Hands;2;OpenXR
Right;;Baseline;0;NoMitigation;None;anonymous;Sample;5621;0.0000;-0.1103;-0.0272;0.1027;47.7774;41.4469;62.0433;-0.1103;-0.0272;0.1027;0.8067;0.4913;0.0821;0.3179;0;;;;;;;;;;;;;0;;;;;;;;0.0602;-0.0205;0.9980;-0.4322;-0.4125;0.3193;0.9995;0.0103;0.0301;-0.0003;;;;;;;;;;;;;0;-0.4750;-0.3988;0.2113;9.8742;10.7371;175.9027;Palm;b974454d-ae33-4d16-9737-e66469f616ef;;OpenLoop;2026-05-18 09:46:20.6076;Hands;2;OpenXR
Right;;Baseline;0;NoMitigation;None;anonymous;Sample;5624;0.0000;-0.1103;-0.0272;0.1027;47.7774;41.4469;62.0433;-0.1103;-0.0272;0.1027;0.8067;0.4913;0.0821;0.3179;0;;;;;;;;;;;;;0;;;;;;;;0.0628;-0.0163;0.9979;-0.4360;-0.4127;0.3189;0.9995;0.0082;0.0314;-0.0003;;;;;;;;;;;;;0;-0.4750;-0.3988;0.2113;9.8742;10.7371;175.9027;Palm;b974454d-ae33-4d16-9737-e66469f616ef;;OpenLoop;2026-05-18 09:46:20.6293;Hands;2;OpenXR
Right;;Baseline;0;NoMitigation;None;anonymous;Sample;5628;0.0000;-0.1103;-0.0272;0.1027;47.7774;41.4469;62.0433;-0.1103;-0.0272;0.1027;0.8067;0.4913;0.0821;0.3179;0;;;;;;;;;;;;;0;;;;;;;;0.0717;-0.0241;0.9971;-0.4394;-0.4141;0.3188;0.9993;0.0120;0.0359;-0.0004;;;;;;;;;;;;;0;-0.4788;-0.3993;0.2121;10.1767;11.1782;175.1283;Palm;b974454d-ae33-4d16-9737-e66469f616ef;;OpenLoop;2026-05-18 09:46:20.6515;Hands;2;OpenXR
Right;;Baseline;0;NoMitigation;None;anonymous;Sample;5633;0.0000;-0.1103;-0.0272;0.1027;47.7774;41.4469;62.0433;-0.1103;-0.0272;0.1027;0.8067;0.4913;0.0821;0.3179;0;;;;;;;;;;;;;0;;;;;;;;0.0787;-0.0327;0.9964;-0.4415;-0.4153;0.3187;0.9991;0.0164;0.0394;-0.0006;;;;;;;;;;;;;0;-0.4813;-0.4000;0.2124;10.2183;11.4623;175.1273;Palm;b974454d-ae33-4d16-9737-e66469f616ef;;OpenLoop;2026-05-18 09:46:20.6742;Hands;2;OpenXR
Right;;Baseline;0;NoMitigation;None;anonymous;Sample;5638;0.0000;-0.1103;-0.0272;0.1027;47.7774;41.4469;62.0433;-0.1103;-0.0272;0.1027;0.8067;0.4913;0.0821;0.3179;0;;;;;;;;;;;;;0;;;;;;;;0.0856;-0.0434;0.9954;-0.4432;-0.4166;0.3186;0.9988;0.0217;0.0429;-0.0009;;;;;;;;;;;;;0;-0.4813;-0.4000;0.2124;10.2183;11.4623;175.1273;Palm;b974454d-ae33-4d16-9737-e66469f616ef;;OpenLoop;2026-05-18 09:46:20.6958;Hands;2;OpenXR
Right;;Baseline;0;NoMitigation;None;anonymous;Sample;5643;0.0000;-0.1103;-0.0272;0.1027;47.7774;41.4469;62.0433;-0.1103;-0.0272;0.1027;0.8067;0.4913;0.0821;0.3179;0;;;;;;;;;;;;;0;;;;;;;;0.0905;-0.0529;0.9945;-0.4446;-0.4177;0.3184;0.9986;0.0264;0.0453;-0.0012;;;;;;;;;;;;;0;-0.4834;-0.4006;0.2120;10.1130;11.4660;175.0620;Palm;b974454d-ae33-4d16-9737-e66469f616ef;;OpenLoop;2026-05-18 09:46:20.7210;Hands;2;OpenXR
Right;;Baseline;0;NoMitigation;None;anonymous;Sample;5648;0.0000;-0.1103;-0.0272;0.1027;47.7774;41.4469;62.0433;-0.1103;-0.0272;0.1027;0.8067;0.4913;0.0821;0.3179;0;;;;;;;;;;;;;0;;;;;;;;0.0937;-0.0626;0.9936;-0.4460;-0.4188;0.3181;0.9984;0.0313;0.0470;-0.0015;;;;;;;;;;;;;0;-0.4834;-0.4006;0.2120;10.1130;11.4660;175.0620;Palm;b974454d-ae33-4d16-9737-e66469f616ef;;OpenLoop;2026-05-18 09:46:20.7465;Hands;2;OpenXR
Right;;Baseline;0;NoMitigation;None;anonymous;Sample;5653;0.0000;-0.1103;-0.0272;0.1027;47.7774;41.4469;62.0433;-0.1103;-0.0272;0.1027;0.8067;0.4913;0.0821;0.3179;0;;;;;;;;;;;;;0;;;;;;;;0.0991;-0.0727;0.9924;-0.4472;-0.4200;0.3180;0.9981;0.0363;0.0497;-0.0018;;;;;;;;;;;;;0;-0.4853;-0.4012;0.2124;9.9943;11.8480;174.9456;Palm;b974454d-ae33-4d16-9737-e66469f616ef;;OpenLoop;2026-05-18 09:46:20.7707;Hands;2;OpenXR
Right;;Baseline;0;NoMitigation;None;anonymous;Sample;5658;0.0000;-0.1103;-0.0272;0.1027;47.7774;41.4469;62.0433;-0.1103;-0.0272;0.1027;0.8067;0.4913;0.0821;0.3179;0;;;;;;;;;;;;;0;;;;;;;;0.1032;-0.0837;0.9911;-0.4483;-0.4212;0.3180;0.9978;0.0418;0.0518;-0.0022;;;;;;;;;;;;;0;-0.4869;-0.4017;0.2131;9.8587;11.9860;175.3972;Palm;b974454d-ae33-4d16-9737-e66469f616ef;;OpenLoop;2026-05-18 09:46:20.7953;Hands;2;OpenXR
Right;;Baseline;0;NoMitigation;None;anonymous;Sample;5663;0.0000;-0.1103;-0.0272;0.1027;47.7774;41.4469;62.0433;-0.1103;-0.0272;0.1027;0.8067;0.4913;0.0821;0.3179;0;;;;;;;;;;;;;0;;;;;;;;0.1059;-0.0923;0.9901;-0.4491;-0.4221;0.3181;0.9975;0.0461;0.0532;-0.0025;;;;;;;;;;;;;0;-0.4869;-0.4017;0.2131;9.8587;11.9860;175.3972;Palm;b974454d-ae33-4d16-9737-e66469f616ef;;OpenLoop;2026-05-18 09:46:20.8193;Hands;2;OpenXR
Right;;Baseline;0;NoMitigation;None;anonymous;Sample;5668;0.0000;-0.1103;-0.0272;0.1027;47.7774;41.4469;62.0433;-0.1103;-0.0272;0.1027;0.8067;0.4913;0.0821;0.3179;0;;;;;;;;;;;;;0;;;;;;;;0.1080;-0.1010;0.9890;-0.4501;-0.4228;0.3182;0.9972;0.0505;0.0543;-0.0027;;;;;;;;;;;;;0;-0.4888;-0.4014;0.2135;9.7901;11.9369;175.3446;Palm;b974454d-ae33-4d16-9737-e66469f616ef;;OpenLoop;2026-05-18 09:46:20.8443;Hands;2;OpenXR
Right;;Baseline;0;NoMitigation;None;anonymous;Sample;5672;0.0000;-0.1103;-0.0272;0.1027;47.7774;41.4469;62.0433;-0.1103;-0.0272;0.1027;0.8067;0.4913;0.0821;0.3179;0;;;;;;;;;;;;;0;;;;;;;;0.1092;-0.1070;0.9882;-0.4508;-0.4233;0.3182;0.9971;0.0535;0.0549;-0.0029;;;;;;;;;;;;;0;-0.4888;-0.4014;0.2135;9.7901;11.9369;175.3446;Palm;b974454d-ae33-4d16-9737-e66469f616ef;;OpenLoop;2026-05-18 09:46:20.8642;Hands;2;OpenXR
Right;;Baseline;0;NoMitigation;None;anonymous;Sample;5677;0.0000;-0.1103;-0.0272;0.1027;47.7774;41.4469;62.0433;-0.1103;-0.0272;0.1027;0.8067;0.4913;0.0821;0.3179;0;;;;;;;;;;;;;0;;;;;;;;0.1124;-0.1183;0.9866;-0.4522;-0.4244;0.3186;0.9966;0.0592;0.0566;-0.0034;;;;;;;;;;;;;0;-0.4914;-0.4019;0.2147;9.8092;12.2103;175.5032;Palm;b974454d-ae33-4d16-9737-e66469f616ef;;OpenLoop;2026-05-18 09:46:20.8884;Hands;2;OpenXR
Right;;Baseline;0;NoMitigation;None;anonymous;Sample;5682;0.0000;-0.1103;-0.0272;0.1027;47.7774;41.4469;62.0433;-0.1103;-0.0272;0.1027;0.8067;0.4913;0.0821;0.3179;0;;;;;;;;;;;;;0;;;;;;;;0.1144;-0.1253;0.9855;-0.4529;-0.4250;0.3188;0.9964;0.0626;0.0576;-0.0036;;;;;;;;;;;;;0;-0.4914;-0.4019;0.2147;9.8092;12.2103;175.5032;Palm;b974454d-ae33-4d16-9737-e66469f616ef;;OpenLoop;2026-05-18 09:46:20.9125;Hands;2;OpenXR
Right;;Baseline;0;NoMitigation;None;anonymous;Sample;5687;0.0000;-0.1103;-0.0272;0.1027;47.7774;41.4469;62.0433;-0.1103;-0.0272;0.1027;0.8067;0.4913;0.0821;0.3179;0;;;;;;;;;;;;;0;;;;;;;;0.1199;-0.1376;0.9832;-0.4541;-0.4258;0.3191;0.9958;0.0688;0.0605;-0.0042;;;;;;;;;;;;;0;-0.4942;-0.4010;0.2161;10.1688;12.7163;175.5377;Palm;b974454d-ae33-4d16-9737-e66469f616ef;;OpenLoop;2026-05-18 09:46:20.9383;Hands;2;OpenXR
Right;;Baseline;0;NoMitigation;None;anonymous;Sample;5692;0.0000;-0.1103;-0.0272;0.1027;47.7774;41.4469;62.0433;-0.1103;-0.0272;0.1027;0.8067;0.4913;0.0821;0.3179;0;;;;;;;;;;;;;0;;;;;;;;0.1283;-0.1540;0.9797;-0.4552;-0.4270;0.3193;0.9949;0.0771;0.0649;-0.0050;;;;;;;;;;;;;0;-0.4971;-0.4010;0.2172;10.7557;13.3644;176.0098;Palm;b974454d-ae33-4d16-9737-e66469f616ef;;OpenLoop;2026-05-18 09:46:20.9619;Hands;2;OpenXR
Right;;Baseline;0;NoMitigation;None;anonymous;Sample;5697;0.0000;-0.1103;-0.0272;0.1027;47.7774;41.4469;62.0433;-0.1103;-0.0272;0.1027;0.8067;0.4913;0.0821;0.3179;0;;;;;;;;;;;;;0;;;;;;;;0.1383;-0.1719;0.9754;-0.4561;-0.4283;0.3193;0.9938;0.0860;0.0701;-0.0061;;;;;;;;;;;;;0;-0.5001;-0.4003;0.2175;11.9470;14.2529;176.2571;Palm;b974454d-ae33-4d16-9737-e66469f616ef;;OpenLoop;2026-05-18 09:46:20.9869;Hands;2;OpenXR
Right;;Baseline;0;NoMitigation;None;anonymous;Sample;5702;0.0000;-0.1103;-0.0272;0.1027;47.7774;41.4469;62.0433;-0.1103;-0.0272;0.1027;0.8067;0.4913;0.0821;0.3179;0;;;;;;;;;;;;;0;;;;;;;;0.1502;-0.1916;0.9699;-0.4570;-0.4298;0.3189;0.9924;0.0959;0.0764;-0.0074;;;;;;;;;;;;;0;-0.5001;-0.4003;0.2175;11.9470;14.2529;176.2571;Palm;b974454d-ae33-4d16-9737-e66469f616ef;;OpenLoop;2026-05-18 09:46:21.0130;Hands;2;OpenXR
Right;;Baseline;0;NoMitigation;None;anonymous;Sample;5707;0.0000;-0.1103;-0.0272;0.1027;47.7774;41.4469;62.0433;-0.1103;-0.0272;0.1027;0.8067;0.4913;0.0821;0.3179;0;;;;;;;;;;;;;0;;;;;;;;0.1603;-0.2087;0.9647;-0.4575;-0.4312;0.3184;0.9911;0.1046;0.0818;-0.0086;;;;;;;;;;;;;0;-0.5023;-0.4004;0.2180;13.3025;15.0328;176.6041;Palm;b974454d-ae33-4d16-9737-e66469f616ef;;OpenLoop;2026-05-18 09:46:21.0362;Hands;2;OpenXR
Right;;Baseline;0;NoMitigation;None;anonymous;Sample;5712;0.0000;-0.1103;-0.0272;0.1027;47.7774;41.4469;62.0433;-0.1103;-0.0272;0.1027;0.8067;0.4913;0.0821;0.3179;0;;;;;;;;;;;;;0;;;;;;;;0.1711;-0.2278;0.9586;-0.4579;-0.4329;0.3178;0.9895;0.1142;0.0876;-0.0101;;;;;;;;;;;;;0;-0.5023;-0.4004;0.2180;13.3025;15.0328;176.6041;Palm;b974454d-ae33-4d16-9737-e66469f616ef;;OpenLoop;2026-05-18 09:46:21.0615;Hands;2;OpenXR
Right;;Baseline;0;NoMitigation;None;anonymous;Sample;5717;0.0000;-0.1103;-0.0272;0.1027;47.7774;41.4469;62.0433;-0.1103;-0.0272;0.1027;0.8067;0.4913;0.0821;0.3179;0;;;;;;;;;;;;;0;;;;;;;;0.1831;-0.2502;0.9507;-0.4583;-0.4350;0.3167;0.9875;0.1255;0.0942;-0.0120;;;;;;;;;;;;;0;-0.5043;-0.4005;0.2172;14.4956;15.4791;176.7258;Palm;b974454d-ae33-4d16-9737-e66469f616ef;;OpenLoop;2026-05-18 09:46:21.0860;Hands;2;OpenXR
Right;;Baseline;0;NoMitigation;None;anonymous;Sample;5722;0.0000;-0.1103;-0.0272;0.1027;47.7774;41.4469;62.0433;-0.1103;-0.0272;0.1027;0.8067;0.4913;0.0821;0.3179;0;;;;;;;;;;;;;0;;;;;;;;0.1945;-0.2743;0.9418;-0.4589;-0.4373;0.3155;0.9852;0.1377;0.1007;-0.0141;;;;;;;;;;;;;0;-0.5065;-0.4008;0.2172;15.7449;15.8694;176.8604;Palm;b974454d-ae33-4d16-9737-e66469f616ef;;OpenLoop;2026-05-18 09:46:21.1105;Hands;2;OpenXR
Right;;Baseline;0;NoMitigation;None;anonymous;Sample;5727;0.0000;-0.1103;-0.0272;0.1027;47.7774;41.4469;62.0433;-0.1103;-0.0272;0.1027;0.8067;0.4913;0.0821;0.3179;0;;;;;;;;;;;;;0;;;;;;;;0.2035;-0.2950;0.9336;-0.4594;-0.4393;0.3144;0.9831;0.1483;0.1059;-0.0160;;;;;;;;;;;;;0;-0.5065;-0.4008;0.2172;15.7449;15.8694;176.8604;Palm;b974454d-ae33-4d16-9737-e66469f616ef;;OpenLoop;2026-05-18 09:46:21.1357;Hands;2;OpenXR
Right;;Baseline;0;NoMitigation;None;anonymous;Sample;5732;0.0000;-0.1103;-0.0272;0.1027;47.7774;41.4469;62.0433;-0.1103;-0.0272;0.1027;0.8067;0.4913;0.0821;0.3179;0;;;;;;;;;;;;;0;;;;;;;;0.2116;-0.3144;0.9254;-0.4599;-0.4413;0.3134;0.9810;0.1582;0.1108;-0.0179;;;;;;;;;;;;;0;-0.5086;-0.4014;0.2174;16.9126;16.2611;177.0627;Palm;b974454d-ae33-4d16-9737-e66469f616ef;;OpenLoop;2026-05-18 09:46:21.1599;Hands;2;OpenXR
Right;;Baseline;0;NoMitigation;None;anonymous;Sample;5736;0.0000;-0.1103;-0.0272;0.1027;47.7774;41.4469;62.0433;-0.1103;-0.0272;0.1027;0.8067;0.4913;0.0821;0.3179;0;;;;;;;;;;;;;0;;;;;;;;0.2182;-0.3303;0.9183;-0.4604;-0.4430;0.3127;0.9792;0.1664;0.1147;-0.0195;;;;;;;;;;;;;0;-0.5086;-0.4014;0.2174;16.9126;16.2611;177.0627;Palm;b974454d-ae33-4d16-9737-e66469f616ef;;OpenLoop;2026-05-18 09:46:21.1804;Hands;2;OpenXR
Right;;Baseline;0;NoMitigation;None;anonymous;Sample;5741;0.0000;-0.1103;-0.0272;0.1027;47.7774;41.4469;62.0433;-0.1103;-0.0272;0.1027;0.8067;0.4913;0.0821;0.3179;0;;;;;;;;;;;;;0;;;;;;;;0.2270;-0.3561;0.9065;-0.4611;-0.4456;0.3112;0.9761;0.1797;0.1204;-0.0222;;;;;;;;;;;;;0;-0.5106;-0.4020;0.2171;17.9987;16.6082;177.5650;Palm;b974454d-ae33-4d16-9737-e66469f616ef;;OpenLoop;2026-05-18 09:46:21.2054;Hands;2;OpenXR
Right;;Baseline;0;NoMitigation;None;anonymous;Sample;5746;0.0000;-0.1103;-0.0272;0.1027;47.7774;41.4469;62.0433;-0.1103;-0.0272;0.1027;0.8067;0.4913;0.0821;0.3179;0;;;;;;;;;;;;;0;;;;;;;;0.2324;-0.3717;0.8988;-0.4616;-0.4473;0.3103;0.9741;0.1878;0.1239;-0.0239;;;;;;;;;;;;;0;-0.5106;-0.4020;0.2171;17.9987;16.6082;177.5650;Palm;b974454d-ae33-4d16-9737-e66469f616ef;;OpenLoop;2026-05-18 09:46:21.2304;Hands;2;OpenXR
Right;;Baseline;0;NoMitigation;None;anonymous;Sample;5751;0.0000;-0.1103;-0.0272;0.1027;47.7774;41.4469;62.0433;-0.1103;-0.0272;0.1027;0.8067;0.4913;0.0821;0.3179;0;;;;;;;;;;;;;0;;;;;;;;0.2370;-0.3906;0.8895;-0.4624;-0.4491;0.3093;0.9716;0.1976;0.1272;-0.0259;;;;;;;;;;;;;0;-0.5125;-0.4020;0.2171;18.8483;16.6342;177.8014;Palm;b974454d-ae33-4d16-9737-e66469f616ef;;OpenLoop;2026-05-18 09:46:21.2550;Hands;2;OpenXR
Right;;Baseline;0;NoMitigation;None;anonymous;Sample;5756;0.0000;-0.1103;-0.0272;0.1027;47.7774;41.4469;62.0433;-0.1103;-0.0272;0.1027;0.8067;0.4913;0.0821;0.3179;0;;;;;;;;;;;;;0;;;;;;;;0.2411;-0.4050;0.8820;-0.4637;-0.4508;0.3086;0.9696;0.2051;0.1301;-0.0275;;;;;;;;;;;;;0;-0.5152;-0.4027;0.2177;19.4766;16.6105;177.3428;Palm;b974454d-ae33-4d16-9737-e66469f616ef;;OpenLoop;2026-05-18 09:46:21.2796;Hands;2;OpenXR
Right;;Baseline;0;NoMitigation;None;anonymous;Sample;5761;0.0000;-0.1103;-0.0272;0.1027;47.7774;41.4469;62.0433;-0.1103;-0.0272;0.1027;0.8067;0.4913;0.0821;0.3179;0;;;;;;;;;;;;;0;;;;;;;;0.2456;-0.4125;0.8772;-0.4651;-0.4522;0.3083;0.9684;0.2090;0.1330;-0.0287;;;;;;;;;;;;;0;-0.5178;-0.4030;0.2184;19.7862;16.5997;176.8909;Palm;b974454d-ae33-4d16-9737-e66469f616ef;;OpenLoop;2026-05-18 09:46:21.3050;Hands;2;OpenXR
Right;;Baseline;0;NoMitigation;None;anonymous;Sample;5766;0.0000;-0.1103;-0.0272;0.1027;47.7774;41.4469;62.0433;-0.1103;-0.0272;0.1027;0.8067;0.4913;0.0821;0.3179;0;;;;;;;;;;;;;0;;;;;;;;0.2505;-0.4142;0.8751;-0.4665;-0.4530;0.3082;0.9678;0.2098;0.1358;-0.0294;;;;;;;;;;;;;0;-0.5178;-0.4030;0.2184;19.7862;16.5997;176.8909;Palm;b974454d-ae33-4d16-9737-e66469f616ef;;OpenLoop;2026-05-18 09:46:21.3301;Hands;2;OpenXR
Right;;Baseline;0;NoMitigation;None;anonymous;Sample;5771;0.0000;-0.1103;-0.0272;0.1027;47.7774;41.4469;62.0433;-0.1103;-0.0272;0.1027;0.8067;0.4913;0.0821;0.3179;0;;;;;;;;;;;;;0;;;;;;;;0.2569;-0.4112;0.8746;-0.4680;-0.4536;0.3083;0.9677;0.2082;0.1392;-0.0299;;;;;;;;;;;;;0;-0.5205;-0.4033;0.2192;20.0957;16.5863;176.4430;Palm;b974454d-ae33-4d16-9737-e66469f616ef;;OpenLoop;2026-05-18 09:46:21.3546;Hands;2;OpenXR
Right;;Baseline;0;NoMitigation;None;anonymous;Sample;5776;0.0000;-0.1103;-0.0272;0.1027;47.7774;41.4469;62.0433;-0.1103;-0.0272;0.1027;0.8067;0.4913;0.0821;0.3179;0;;;;;;;;;;;;;0;;;;;;;;0.2613;-0.4088;0.8744;-0.4690;-0.4540;0.3084;0.9676;0.2068;0.1415;-0.0302;;;;;;;;;;;;;0;-0.5205;-0.4033;0.2192;20.0957;16.5863;176.4430;Palm;b974454d-ae33-4d16-9737-e66469f616ef;;OpenLoop;2026-05-18 09:46:21.3801;Hands;2;OpenXR
Right;;Baseline;0;NoMitigation;None;anonymous;Sample;5781;0.0000;-0.1103;-0.0272;0.1027;47.7774;41.4469;62.0433;-0.1103;-0.0272;0.1027;0.8067;0.4913;0.0821;0.3179;0;;;;;;;;;;;;;0;;;;;;;;0.2639;-0.4074;0.8743;-0.4697;-0.4542;0.3085;0.9676;0.2060;0.1429;-0.0304;;;;;;;;;;;;;0;;;;;;;;b974454d-ae33-4d16-9737-e66469f616ef;;OpenLoop;2026-05-18 09:46:21.4045;Hands;2;OpenXR
Right;;Baseline;0;NoMitigation;None;anonymous;Sample;5786;0.0000;-0.1103;-0.0272;0.1027;47.7774;41.4469;62.0433;-0.1103;-0.0272;0.1027;0.8067;0.4913;0.0821;0.3179;0;;;;;;;;;;;;;0;;;;;;;;0.2655;-0.4065;0.8742;-0.4700;-0.4543;0.3085;0.9676;0.2055;0.1437;-0.0305;;;;;;;;;;;;;0;;;;;;;;b974454d-ae33-4d16-9737-e66469f616ef;;OpenLoop;2026-05-18 09:46:21.4286;Hands;2;OpenXR
Right;;Baseline;0;NoMitigation;None;anonymous;Sample;5790;0.0000;-0.1103;-0.0272;0.1027;47.7774;41.4469;62.0433;-0.1103;-0.0272;0.1027;0.8067;0.4913;0.0821;0.3179;0;;;;;;;;;;;;;0;;;;;;;;0.2664;-0.4060;0.8742;-0.4702;-0.4544;0.3086;0.9676;0.2053;0.1441;-0.0306;;;;;;;;;;;;;0;;;;;;;;b974454d-ae33-4d16-9737-e66469f616ef;;OpenLoop;2026-05-18 09:46:21.4490;Hands;2;OpenXR
Right;;Baseline;0;NoMitigation;None;anonymous;Sample;5795;0.0000;-0.1103;-0.0272;0.1027;47.7774;41.4469;62.0433;-0.1103;-0.0272;0.1027;0.8067;0.4913;0.0821;0.3179;0;;;;;;;;;;;;;0;;;;;;;;0.2670;-0.4057;0.8742;-0.4704;-0.4544;0.3086;0.9675;0.2051;0.1445;-0.0306;;;;;;;;;;;;;0;;;;;;;;b974454d-ae33-4d16-9737-e66469f616ef;;OpenLoop;2026-05-18 09:46:21.4737;Hands;2;OpenXR
Right;;Baseline;0;NoMitigation;None;anonymous;Sample;5800;0.0000;-0.1103;-0.0272;0.1027;47.7774;41.4469;62.0433;-0.1103;-0.0272;0.1027;0.8067;0.4913;0.0821;0.3179;0;;;;;;;;;;;;;0;;;;;;;;0.2674;-0.4054;0.8741;-0.4705;-0.4545;0.3086;0.9675;0.2049;0.1447;-0.0306;;;;;;;;;;;;;0;;;;;;;;b974454d-ae33-4d16-9737-e66469f616ef;;OpenLoop;2026-05-18 09:46:21.4982;Hands;2;OpenXR
Right;;Baseline;0;NoMitigation;None;anonymous;Sample;5804;0.0000;-0.1103;-0.0272;0.1027;47.7774;41.4469;62.0433;-0.1103;-0.0272;0.1027;0.8067;0.4913;0.0821;0.3179;0;;;;;;;;;;;;;0;;;;;;;;0.2676;-0.4053;0.8741;-0.4705;-0.4545;0.3086;0.9675;0.2049;0.1448;-0.0307;;;;;;;;;;;;;0;;;;;;;;b974454d-ae33-4d16-9737-e66469f616ef;;OpenLoop;2026-05-18 09:46:21.5186;Hands;2;OpenXR
Right;;Baseline;0;NoMitigation;None;anonymous;Sample;5807;0.0000;-0.1103;-0.0272;0.1027;47.7774;41.4469;62.0433;-0.1103;-0.0272;0.1027;0.8067;0.4913;0.0821;0.3179;0;;;;;;;;;;;;;0;;;;;;;;0.2678;-0.4052;0.8741;-0.4706;-0.4545;0.3086;0.9675;0.2048;0.1449;-0.0307;;;;;;;;;;;;;0;;;;;;;;b974454d-ae33-4d16-9737-e66469f616ef;;OpenLoop;2026-05-18 09:46:21.5557;Hands;2;OpenXR
Right;;Baseline;0;NoMitigation;None;anonymous;Sample;5809;0.0000;-0.1103;-0.0272;0.1027;47.7774;41.4469;62.0433;-0.1103;-0.0272;0.1027;0.8067;0.4913;0.0821;0.3179;0;;;;;;;;;;;;;0;;;;;;;;0.2679;-0.4052;0.8741;-0.4706;-0.4545;0.3086;0.9675;0.2048;0.1449;-0.0307;;;;;;;;;;;;;0;;;;;;;;b974454d-ae33-4d16-9737-e66469f616ef;;OpenLoop;2026-05-18 09:46:21.5757;Hands;2;OpenXR
Right;;Baseline;0;NoMitigation;None;anonymous;Sample;5814;0.0000;-0.1103;-0.0272;0.1027;47.7774;41.4469;62.0433;-0.1103;-0.0272;0.1027;0.8067;0.4913;0.0821;0.3179;0;;;;;;;;;;;;;0;;;;;;;;0.2679;-0.4051;0.8741;-0.4706;-0.4545;0.3086;0.9675;0.2048;0.1450;-0.0307;;;;;;;;;;;;;0;;;;;;;;b974454d-ae33-4d16-9737-e66469f616ef;;OpenLoop;2026-05-18 09:46:21.5989;Hands;2;OpenXR
Right;;Baseline;0;NoMitigation;None;anonymous;Sample;5818;0.0000;-0.1103;-0.0272;0.1027;47.7774;41.4469;62.0433;-0.1103;-0.0272;0.1027;0.8067;0.4913;0.0821;0.3179;0;;;;;;;;;;;;;0;;;;;;;;0.2679;-0.4051;0.8741;-0.4706;-0.4545;0.3086;0.9675;0.2048;0.1450;-0.0307;;;;;;;;;;;;;0;;;;;;;;b974454d-ae33-4d16-9737-e66469f616ef;;OpenLoop;2026-05-18 09:46:21.6190;Hands;2;OpenXR
Right;;Baseline;0;NoMitigation;None;anonymous;Sample;5822;0.0000;-0.1103;-0.0272;0.1027;47.7774;41.4469;62.0433;-0.1103;-0.0272;0.1027;0.8067;0.4913;0.0821;0.3179;0;;;;;;;;;;;;;0;;;;;;;;0.2680;-0.4051;0.8741;-0.4706;-0.4545;0.3086;0.9675;0.2048;0.1450;-0.0307;;;;;;;;;;;;;0;;;;;;;;b974454d-ae33-4d16-9737-e66469f616ef;;OpenLoop;2026-05-18 09:46:21.6397;Hands;2;OpenXR
Right;;Baseline;0;NoMitigation;None;anonymous;Sample;5827;0.0000;-0.1103;-0.0272;0.1027;47.7774;41.4469;62.0433;-0.1103;-0.0272;0.1027;0.8067;0.4913;0.0821;0.3179;0;;;;;;;;;;;;;0;;;;;;;;0.2680;-0.4051;0.8741;-0.4706;-0.4545;0.3086;0.9675;0.2048;0.1450;-0.0307;;;;;;;;;;;;;0;;;;;;;;b974454d-ae33-4d16-9737-e66469f616ef;;OpenLoop;2026-05-18 09:46:21.6643;Hands;2;OpenXR
Right;;Baseline;0;NoMitigation;None;anonymous;Sample;5831;0.0000;-0.1103;-0.0272;0.1027;47.7774;41.4469;62.0433;-0.1103;-0.0272;0.1027;0.8067;0.4913;0.0821;0.3179;0;;;;;;;;;;;;;0;;;;;;;;0.2680;-0.4051;0.8741;-0.4706;-0.4545;0.3086;0.9675;0.2048;0.1450;-0.0307;;;;;;;;;;;;;0;;;;;;;;b974454d-ae33-4d16-9737-e66469f616ef;;OpenLoop;2026-05-18 09:46:21.6846;Hands;2;OpenXR
Right;;Baseline;0;NoMitigation;None;anonymous;Sample;5835;0.0000;-0.1103;-0.0272;0.1027;47.7774;41.4469;62.0433;-0.1103;-0.0272;0.1027;0.8067;0.4913;0.0821;0.3179;0;;;;;;;;;;;;;0;;;;;;;;0.2680;-0.4051;0.8741;-0.4706;-0.4545;0.3086;0.9675;0.2048;0.1450;-0.0307;;;;;;;;;;;;;0;;;;;;;;b974454d-ae33-4d16-9737-e66469f616ef;;OpenLoop;2026-05-18 09:46:21.7053;Hands;2;OpenXR
Right;;Baseline;0;NoMitigation;None;anonymous;Sample;5839;0.0000;-0.1103;-0.0272;0.1027;47.7774;41.4469;62.0433;-0.1103;-0.0272;0.1027;0.8067;0.4913;0.0821;0.3179;0;;;;;;;;;;;;;0;;;;;;;;0.2680;-0.4051;0.8741;-0.4706;-0.4545;0.3086;0.9675;0.2048;0.1450;-0.0307;;;;;;;;;;;;;0;;;;;;;;b974454d-ae33-4d16-9737-e66469f616ef;;OpenLoop;2026-05-18 09:46:21.7245;Hands;2;OpenXR
Right;;Baseline;0;NoMitigation;None;anonymous;Sample;5844;0.0000;-0.1103;-0.0272;0.1027;47.7774;41.4469;62.0433;-0.1103;-0.0272;0.1027;0.8067;0.4913;0.0821;0.3179;0;;;;;;;;;;;;;0;;;;;;;;0.2680;-0.4051;0.8741;-0.4706;-0.4545;0.3086;0.9675;0.2048;0.1450;-0.0307;;;;;;;;;;;;;0;;;;;;;;b974454d-ae33-4d16-9737-e66469f616ef;;OpenLoop;2026-05-18 09:46:21.7506;Hands;2;OpenXR
Right;;Baseline;0;NoMitigation;None;anonymous;Sample;5849;0.0000;-0.1103;-0.0272;0.1027;47.7774;41.4469;62.0433;-0.1103;-0.0272;0.1027;0.8067;0.4913;0.0821;0.3179;0;;;;;;;;;;;;;0;;;;;;;;0.2680;-0.4051;0.8741;-0.4706;-0.4545;0.3086;0.9675;0.2048;0.1450;-0.0307;;;;;;;;;;;;;0;;;;;;;;b974454d-ae33-4d16-9737-e66469f616ef;;OpenLoop;2026-05-18 09:46:21.7752;Hands;2;OpenXR
Right;;Baseline;0;NoMitigation;None;anonymous;Sample;5853;0.0000;-0.1103;-0.0272;0.1027;47.7774;41.4469;62.0433;-0.1103;-0.0272;0.1027;0.8067;0.4913;0.0821;0.3179;0;;;;;;;;;;;;;0;;;;;;;;0.2680;-0.4051;0.8741;-0.4706;-0.4545;0.3086;0.9675;0.2048;0.1450;-0.0307;;;;;;;;;;;;;0;;;;;;;;b974454d-ae33-4d16-9737-e66469f616ef;;OpenLoop;2026-05-18 09:46:21.7943;Hands;2;OpenXR
Right;;Baseline;0;NoMitigation;None;anonymous;Sample;5857;0.0000;-0.1103;-0.0272;0.1027;47.7774;41.4469;62.0433;-0.1103;-0.0272;0.1027;0.8067;0.4913;0.0821;0.3179;0;;;;;;;;;;;;;0;;;;;;;;0.2680;-0.4051;0.8741;-0.4706;-0.4545;0.3086;0.9675;0.2048;0.1450;-0.0307;;;;;;;;;;;;;0;;;;;;;;b974454d-ae33-4d16-9737-e66469f616ef;;OpenLoop;2026-05-18 09:46:21.8157;Hands;2;OpenXR
Right;;Baseline;0;NoMitigation;None;anonymous;Sample;5861;0.0000;-0.1103;-0.0272;0.1027;47.7774;41.4469;62.0433;-0.1103;-0.0272;0.1027;0.8067;0.4913;0.0821;0.3179;0;;;;;;;;;;;;;0;;;;;;;;0.2680;-0.4051;0.8741;-0.4706;-0.4545;0.3086;0.9675;0.2048;0.1450;-0.0307;;;;;;;;;;;;;0;;;;;;;;b974454d-ae33-4d16-9737-e66469f616ef;;OpenLoop;2026-05-18 09:46:21.8358;Hands;2;OpenXR
Right;;Baseline;0;NoMitigation;None;anonymous;Sample;5865;0.0000;-0.1103;-0.0272;0.1027;47.7774;41.4469;62.0433;-0.1103;-0.0272;0.1027;0.8067;0.4913;0.0821;0.3179;0;;;;;;;;;;;;;0;;;;;;;;0.2680;-0.4051;0.8741;-0.4706;-0.4545;0.3086;0.9675;0.2048;0.1450;-0.0307;;;;;;;;;;;;;0;;;;;;;;b974454d-ae33-4d16-9737-e66469f616ef;;OpenLoop;2026-05-18 09:46:21.8562;Hands;2;OpenXR
Right;;Baseline;0;NoMitigation;None;anonymous;Sample;5869;0.0000;-0.1103;-0.0272;0.1027;47.7774;41.4469;62.0433;-0.1103;-0.0272;0.1027;0.8067;0.4913;0.0821;0.3179;0;;;;;;;;;;;;;0;;;;;;;;0.2680;-0.4051;0.8741;-0.4706;-0.4545;0.3086;0.9675;0.2048;0.1450;-0.0307;;;;;;;;;;;;;0;;;;;;;;b974454d-ae33-4d16-9737-e66469f616ef;;OpenLoop;2026-05-18 09:46:21.8759;Hands;2;OpenXR
Right;;Baseline;0;NoMitigation;None;anonymous;Sample;5874;0.0000;-0.1103;-0.0272;0.1027;47.7774;41.4469;62.0433;-0.1103;-0.0272;0.1027;0.8067;0.4913;0.0821;0.3179;0;;;;;;;;;;;;;0;;;;;;;;0.2680;-0.4051;0.8741;-0.4706;-0.4545;0.3086;0.9675;0.2048;0.1450;-0.0307;;;;;;;;;;;;;0;;;;;;;;b974454d-ae33-4d16-9737-e66469f616ef;;OpenLoop;2026-05-18 09:46:21.9015;Hands;2;OpenXR
Right;;Baseline;0;NoMitigation;None;anonymous;Sample;5878;0.0000;-0.1103;-0.0272;0.1027;47.7774;41.4469;62.0433;-0.1103;-0.0272;0.1027;0.8067;0.4913;0.0821;0.3179;0;;;;;;;;;;;;;0;;;;;;;;0.2680;-0.4051;0.8741;-0.4706;-0.4545;0.3086;0.9675;0.2048;0.1450;-0.0307;;;;;;;;;;;;;0;;;;;;;;b974454d-ae33-4d16-9737-e66469f616ef;;OpenLoop;2026-05-18 09:46:21.9221;Hands;2;OpenXR
Right;;Baseline;0;NoMitigation;None;anonymous;Sample;5883;0.0000;-0.1103;-0.0272;0.1027;47.7774;41.4469;62.0433;-0.1103;-0.0272;0.1027;0.8067;0.4913;0.0821;0.3179;0;;;;;;;;;;;;;0;;;;;;;;0.2680;-0.4051;0.8741;-0.4706;-0.4545;0.3086;0.9675;0.2048;0.1450;-0.0307;;;;;;;;;;;;;0;;;;;;;;b974454d-ae33-4d16-9737-e66469f616ef;;OpenLoop;2026-05-18 09:46:21.9469;Hands;2;OpenXR
Right;;Baseline;0;NoMitigation;None;anonymous;Sample;5888;0.0000;-0.1103;-0.0272;0.1027;47.7774;41.4469;62.0433;-0.1103;-0.0272;0.1027;0.8067;0.4913;0.0821;0.3179;0;;;;;;;;;;;;;0;;;;;;;;0.2680;-0.4051;0.8741;-0.4706;-0.4545;0.3086;0.9675;0.2048;0.1450;-0.0307;;;;;;;;;;;;;0;;;;;;;;b974454d-ae33-4d16-9737-e66469f616ef;;OpenLoop;2026-05-18 09:46:21.9716;Hands;2;OpenXR
Right;;Baseline;0;NoMitigation;None;anonymous;Sample;5892;0.0000;-0.1103;-0.0272;0.1027;47.7774;41.4469;62.0433;-0.1103;-0.0272;0.1027;0.8067;0.4913;0.0821;0.3179;0;;;;;;;;;;;;;0;;;;;;;;0.2680;-0.4051;0.8741;-0.4706;-0.4545;0.3086;0.9675;0.2048;0.1450;-0.0307;;;;;;;;;;;;;0;;;;;;;;b974454d-ae33-4d16-9737-e66469f616ef;;OpenLoop;2026-05-18 09:46:21.9916;Hands;2;OpenXR
Right;;Baseline;0;NoMitigation;None;anonymous;Sample;5897;0.0000;-0.1103;-0.0272;0.1027;47.7774;41.4469;62.0433;-0.1103;-0.0272;0.1027;0.8067;0.4913;0.0821;0.3179;0;;;;;;;;;;;;;0;;;;;;;;0.2680;-0.4051;0.8741;-0.4706;-0.4545;0.3086;0.9675;0.2048;0.1450;-0.0307;;;;;;;;;;;;;0;;;;;;;;b974454d-ae33-4d16-9737-e66469f616ef;;OpenLoop;2026-05-18 09:46:22.0170;Hands;2;OpenXR
Right;;Baseline;0;NoMitigation;None;anonymous;Sample;5901;0.0000;-0.1103;-0.0272;0.1027;47.7774;41.4469;62.0433;-0.1103;-0.0272;0.1027;0.8067;0.4913;0.0821;0.3179;0;;;;;;;;;;;;;0;;;;;;;;0.2680;-0.4051;0.8741;-0.4706;-0.4545;0.3086;0.9675;0.2048;0.1450;-0.0307;;;;;;;;;;;;;0;;;;;;;;b974454d-ae33-4d16-9737-e66469f616ef;;OpenLoop;2026-05-18 09:46:22.0380;Hands;2;OpenXR
Right;;Baseline;0;NoMitigation;None;anonymous;Sample;5905;0.0000;-0.1103;-0.0272;0.1027;47.7774;41.4469;62.0433;-0.1103;-0.0272;0.1027;0.8067;0.4913;0.0821;0.3179;0;;;;;;;;;;;;;0;;;;;;;;0.2680;-0.4051;0.8741;-0.4706;-0.4545;0.3086;0.9675;0.2048;0.1450;-0.0307;;;;;;;;;;;;;0;;;;;;;;b974454d-ae33-4d16-9737-e66469f616ef;;OpenLoop;2026-05-18 09:46:22.0592;Hands;2;OpenXR
Right;;Baseline;0;NoMitigation;None;anonymous;Sample;5910;0.0000;-0.1103;-0.0272;0.1027;47.7774;41.4469;62.0433;-0.1103;-0.0272;0.1027;0.8067;0.4913;0.0821;0.3179;0;;;;;;;;;;;;;0;;;;;;;;0.2680;-0.4051;0.8741;-0.4706;-0.4545;0.3086;0.9675;0.2048;0.1450;-0.0307;;;;;;;;;;;;;0;;;;;;;;b974454d-ae33-4d16-9737-e66469f616ef;;OpenLoop;2026-05-18 09:46:22.0838;Hands;2;OpenXR
Right;;Baseline;0;NoMitigation;None;anonymous;Sample;5914;0.0000;-0.1103;-0.0272;0.1027;47.7774;41.4469;62.0433;-0.1103;-0.0272;0.1027;0.8067;0.4913;0.0821;0.3179;0;;;;;;;;;;;;;0;;;;;;;;0.2680;-0.4051;0.8741;-0.4706;-0.4545;0.3086;0.9675;0.2048;0.1450;-0.0307;;;;;;;;;;;;;0;;;;;;;;b974454d-ae33-4d16-9737-e66469f616ef;;OpenLoop;2026-05-18 09:46:22.1040;Hands;2;OpenXR
Right;;Baseline;0;NoMitigation;None;anonymous;Sample;5918;0.0000;-0.1103;-0.0272;0.1027;47.7774;41.4469;62.0433;-0.1103;-0.0272;0.1027;0.8067;0.4913;0.0821;0.3179;0;;;;;;;;;;;;;0;;;;;;;;0.2680;-0.4051;0.8741;-0.4706;-0.4545;0.3086;0.9675;0.2048;0.1450;-0.0307;;;;;;;;;;;;;0;;;;;;;;b974454d-ae33-4d16-9737-e66469f616ef;;OpenLoop;2026-05-18 09:46:22.1241;Hands;2;OpenXR
Right;;Baseline;0;NoMitigation;None;anonymous;Sample;5923;0.0000;-0.1103;-0.0272;0.1027;47.7774;41.4469;62.0433;-0.1103;-0.0272;0.1027;0.8067;0.4913;0.0821;0.3179;0;;;;;;;;;;;;;0;;;;;;;;0.2680;-0.4051;0.8741;-0.4706;-0.4545;0.3086;0.9675;0.2048;0.1450;-0.0307;;;;;;;;;;;;;0;;;;;;;;b974454d-ae33-4d16-9737-e66469f616ef;;OpenLoop;2026-05-18 09:46:22.1494;Hands;2;OpenXR
Right;;Baseline;0;NoMitigation;None;anonymous;Sample;5927;0.0000;-0.1103;-0.0272;0.1027;47.7774;41.4469;62.0433;-0.1103;-0.0272;0.1027;0.8067;0.4913;0.0821;0.3179;0;;;;;;;;;;;;;0;;;;;;;;0.2680;-0.4051;0.8741;-0.4706;-0.4545;0.3086;0.9675;0.2048;0.1450;-0.0307;;;;;;;;;;;;;0;;;;;;;;b974454d-ae33-4d16-9737-e66469f616ef;;OpenLoop;2026-05-18 09:46:22.1701;Hands;2;OpenXR
Right;;Baseline;0;NoMitigation;None;anonymous;Sample;5932;0.0000;-0.1103;-0.0272;0.1027;47.7774;41.4469;62.0433;-0.1103;-0.0272;0.1027;0.8067;0.4913;0.0821;0.3179;0;;;;;;;;;;;;;0;;;;;;;;0.2680;-0.4051;0.8741;-0.4706;-0.4545;0.3086;0.9675;0.2048;0.1450;-0.0307;;;;;;;;;;;;;0;;;;;;;;b974454d-ae33-4d16-9737-e66469f616ef;;OpenLoop;2026-05-18 09:46:22.1944;Hands;2;OpenXR
Right;;Baseline;0;NoMitigation;None;anonymous;Sample;5937;0.0000;-0.1103;-0.0272;0.1027;47.7774;41.4469;62.0433;-0.1103;-0.0272;0.1027;0.8067;0.4913;0.0821;0.3179;0;;;;;;;;;;;;;0;;;;;;;;0.2680;-0.4051;0.8741;-0.4706;-0.4545;0.3086;0.9675;0.2048;0.1450;-0.0307;;;;;;;;;;;;;0;;;;;;;;b974454d-ae33-4d16-9737-e66469f616ef;;OpenLoop;2026-05-18 09:46:22.2211;Hands;2;OpenXR
Right;;Baseline;0;NoMitigation;None;anonymous;Sample;5941;0.0000;-0.1103;-0.0272;0.1027;47.7774;41.4469;62.0433;-0.1103;-0.0272;0.1027;0.8067;0.4913;0.0821;0.3179;0;;;;;;;;;;;;;0;;;;;;;;0.2680;-0.4051;0.8741;-0.4706;-0.4545;0.3086;0.9675;0.2048;0.1450;-0.0307;;;;;;;;;;;;;0;;;;;;;;b974454d-ae33-4d16-9737-e66469f616ef;;OpenLoop;2026-05-18 09:46:22.2413;Hands;2;OpenXR
Right;;Baseline;0;NoMitigation;None;anonymous;Sample;5945;0.0000;-0.1103;-0.0272;0.1027;47.7774;41.4469;62.0433;-0.1103;-0.0272;0.1027;0.8067;0.4913;0.0821;0.3179;0;;;;;;;;;;;;;0;;;;;;;;0.2680;-0.4051;0.8741;-0.4706;-0.4545;0.3086;0.9675;0.2048;0.1450;-0.0307;;;;;;;;;;;;;0;;;;;;;;b974454d-ae33-4d16-9737-e66469f616ef;;OpenLoop;2026-05-18 09:46:22.2612;Hands;2;OpenXR
Right;;Baseline;0;NoMitigation;None;anonymous;Sample;5949;0.0000;-0.1103;-0.0272;0.1027;47.7774;41.4469;62.0433;-0.1103;-0.0272;0.1027;0.8067;0.4913;0.0821;0.3179;0;;;;;;;;;;;;;0;;;;;;;;0.2680;-0.4051;0.8741;-0.4706;-0.4545;0.3086;0.9675;0.2048;0.1450;-0.0307;;;;;;;;;;;;;0;;;;;;;;b974454d-ae33-4d16-9737-e66469f616ef;;OpenLoop;2026-05-18 09:46:22.2817;Hands;2;OpenXR
Right;;Baseline;0;NoMitigation;None;anonymous;Sample;5953;0.0000;-0.1103;-0.0272;0.1027;47.7774;41.4469;62.0433;-0.1103;-0.0272;0.1027;0.8067;0.4913;0.0821;0.3179;0;;;;;;;;;;;;;0;;;;;;;;0.2680;-0.4051;0.8741;-0.4706;-0.4545;0.3086;0.9675;0.2048;0.1450;-0.0307;;;;;;;;;;;;;0;;;;;;;;b974454d-ae33-4d16-9737-e66469f616ef;;OpenLoop;2026-05-18 09:46:22.3034;Hands;2;OpenXR
Right;;Baseline;0;NoMitigation;None;anonymous;Sample;5957;0.0000;-0.1103;-0.0272;0.1027;47.7774;41.4469;62.0433;-0.1103;-0.0272;0.1027;0.8067;0.4913;0.0821;0.3179;0;;;;;;;;;;;;;0;;;;;;;;0.2680;-0.4051;0.8741;-0.4706;-0.4545;0.3086;0.9675;0.2048;0.1450;-0.0307;;;;;;;;;;;;;0;;;;;;;;b974454d-ae33-4d16-9737-e66469f616ef;;OpenLoop;2026-05-18 09:46:22.3231;Hands;2;OpenXR
Right;;Baseline;0;NoMitigation;None;anonymous;Sample;5962;0.0000;-0.1103;-0.0272;0.1027;47.7774;41.4469;62.0433;-0.1103;-0.0272;0.1027;0.8067;0.4913;0.0821;0.3179;0;;;;;;;;;;;;;0;;;;;;;;0.2680;-0.4051;0.8741;-0.4706;-0.4545;0.3086;0.9675;0.2048;0.1450;-0.0307;;;;;;;;;;;;;0;;;;;;;;b974454d-ae33-4d16-9737-e66469f616ef;;OpenLoop;2026-05-18 09:46:22.3482;Hands;2;OpenXR
Right;;Baseline;0;NoMitigation;None;anonymous;Sample;5966;0.0000;-0.1103;-0.0272;0.1027;47.7774;41.4469;62.0433;-0.1103;-0.0272;0.1027;0.8067;0.4913;0.0821;0.3179;0;;;;;;;;;;;;;0;;;;;;;;0.2680;-0.4051;0.8741;-0.4706;-0.4545;0.3086;0.9675;0.2048;0.1450;-0.0307;;;;;;;;;;;;;0;;;;;;;;b974454d-ae33-4d16-9737-e66469f616ef;;OpenLoop;2026-05-18 09:46:22.3683;Hands;2;OpenXR
Right;;Baseline;0;NoMitigation;None;anonymous;Sample;5970;0.0000;-0.1103;-0.0272;0.1027;47.7774;41.4469;62.0433;-0.1103;-0.0272;0.1027;0.8067;0.4913;0.0821;0.3179;0;;;;;;;;;;;;;0;;;;;;;;0.2680;-0.4051;0.8741;-0.4706;-0.4545;0.3086;0.9675;0.2048;0.1450;-0.0307;;;;;;;;;;;;;0;;;;;;;;b974454d-ae33-4d16-9737-e66469f616ef;;OpenLoop;2026-05-18 09:46:22.3887;Hands;2;OpenXR
Right;;Baseline;0;NoMitigation;None;anonymous;Sample;5974;0.0000;-0.1103;-0.0272;0.1027;47.7774;41.4469;62.0433;-0.1103;-0.0272;0.1027;0.8067;0.4913;0.0821;0.3179;0;;;;;;;;;;;;;0;;;;;;;;0.2680;-0.4051;0.8741;-0.4706;-0.4545;0.3086;0.9675;0.2048;0.1450;-0.0307;;;;;;;;;;;;;0;;;;;;;;b974454d-ae33-4d16-9737-e66469f616ef;;OpenLoop;2026-05-18 09:46:22.4093;Hands;2;OpenXR
Right;;Baseline;0;NoMitigation;None;anonymous;Sample;5979;0.0000;-0.1103;-0.0272;0.1027;47.7774;41.4469;62.0433;-0.1103;-0.0272;0.1027;0.8067;0.4913;0.0821;0.3179;0;;;;;;;;;;;;;0;;;;;;;;0.2680;-0.4051;0.8741;-0.4706;-0.4545;0.3086;0.9675;0.2048;0.1450;-0.0307;;;;;;;;;;;;;0;;;;;;;;b974454d-ae33-4d16-9737-e66469f616ef;;OpenLoop;2026-05-18 09:46:22.4344;Hands;2;OpenXR
Right;;Baseline;0;NoMitigation;None;anonymous;Sample;5983;0.0000;-0.1103;-0.0272;0.1027;47.7774;41.4469;62.0433;-0.1103;-0.0272;0.1027;0.8067;0.4913;0.0821;0.3179;0;;;;;;;;;;;;;0;;;;;;;;0.2680;-0.4051;0.8741;-0.4706;-0.4545;0.3086;0.9675;0.2048;0.1450;-0.0307;;;;;;;;;;;;;0;;;;;;;;b974454d-ae33-4d16-9737-e66469f616ef;;OpenLoop;2026-05-18 09:46:22.4554;Hands;2;OpenXR
Right;;Baseline;0;NoMitigation;None;anonymous;Sample;5987;0.0000;-0.1103;-0.0272;0.1027;47.7774;41.4469;62.0433;-0.1103;-0.0272;0.1027;0.8067;0.4913;0.0821;0.3179;0;;;;;;;;;;;;;0;;;;;;;;0.2680;-0.4051;0.8741;-0.4706;-0.4545;0.3086;0.9675;0.2048;0.1450;-0.0307;;;;;;;;;;;;;0;;;;;;;;b974454d-ae33-4d16-9737-e66469f616ef;;OpenLoop;2026-05-18 09:46:22.4754;Hands;2;OpenXR
Right;;Baseline;0;NoMitigation;None;anonymous;Sample;5991;0.0000;-0.1103;-0.0272;0.1027;47.7774;41.4469;62.0433;-0.1103;-0.0272;0.1027;0.8067;0.4913;0.0821;0.3179;0;;;;;;;;;;;;;0;;;;;;;;0.2680;-0.4051;0.8741;-0.4706;-0.4545;0.3086;0.9675;0.2048;0.1450;-0.0307;;;;;;;;;;;;;0;;;;;;;;b974454d-ae33-4d16-9737-e66469f616ef;;OpenLoop;2026-05-18 09:46:22.4953;Hands;2;OpenXR
Right;;Baseline;0;NoMitigation;None;anonymous;Sample;5995;0.0000;-0.1103;-0.0272;0.1027;47.7774;41.4469;62.0433;-0.1103;-0.0272;0.1027;0.8067;0.4913;0.0821;0.3179;0;;;;;;;;;;;;;0;;;;;;;;0.2680;-0.4051;0.8741;-0.4706;-0.4545;0.3086;0.9675;0.2048;0.1450;-0.0307;;;;;;;;;;;;;0;;;;;;;;b974454d-ae33-4d16-9737-e66469f616ef;;OpenLoop;2026-05-18 09:46:22.5176;Hands;2;OpenXR
Right;;Baseline;0;NoMitigation;None;anonymous;Sample;6000;0.0000;-0.1103;-0.0272;0.1027;47.7774;41.4469;62.0433;-0.1103;-0.0272;0.1027;0.8067;0.4913;0.0821;0.3179;0;;;;;;;;;;;;;0;;;;;;;;0.2680;-0.4051;0.8741;-0.4706;-0.4545;0.3086;0.9675;0.2048;0.1450;-0.0307;;;;;;;;;;;;;0;;;;;;;;b974454d-ae33-4d16-9737-e66469f616ef;;OpenLoop;2026-05-18 09:46:22.5427;Hands;2;OpenXR
Right;;Baseline;0;NoMitigation;None;anonymous;Sample;6004;0.0000;-0.1103;-0.0272;0.1027;47.7774;41.4469;62.0433;-0.1103;-0.0272;0.1027;0.8067;0.4913;0.0821;0.3179;0;;;;;;;;;;;;;0;;;;;;;;0.2680;-0.4051;0.8741;-0.4706;-0.4545;0.3086;0.9675;0.2048;0.1450;-0.0307;;;;;;;;;;;;;0;;;;;;;;b974454d-ae33-4d16-9737-e66469f616ef;;OpenLoop;2026-05-18 09:46:22.5633;Hands;2;OpenXR
Right;;Baseline;0;NoMitigation;None;anonymous;Sample;6008;0.0000;-0.1103;-0.0272;0.1027;47.7774;41.4469;62.0433;-0.1103;-0.0272;0.1027;0.8067;0.4913;0.0821;0.3179;0;;;;;;;;;;;;;0;;;;;;;;0.2680;-0.4051;0.8741;-0.4706;-0.4545;0.3086;0.9675;0.2048;0.1450;-0.0307;;;;;;;;;;;;;0;;;;;;;;b974454d-ae33-4d16-9737-e66469f616ef;;OpenLoop;2026-05-18 09:46:22.5839;Hands;2;OpenXR
Right;;Baseline;0;NoMitigation;None;anonymous;Sample;6012;0.0000;-0.1103;-0.0272;0.1027;47.7774;41.4469;62.0433;-0.1103;-0.0272;0.1027;0.8067;0.4913;0.0821;0.3179;0;;;;;;;;;;;;;0;;;;;;;;0.2680;-0.4051;0.8741;-0.4706;-0.4545;0.3086;0.9675;0.2048;0.1450;-0.0307;;;;;;;;;;;;;0;;;;;;;;b974454d-ae33-4d16-9737-e66469f616ef;;OpenLoop;2026-05-18 09:46:22.6045;Hands;2;OpenXR
Right;;Baseline;0;NoMitigation;None;anonymous;Sample;6016;0.0000;-0.1103;-0.0272;0.1027;47.7774;41.4469;62.0433;-0.1103;-0.0272;0.1027;0.8067;0.4913;0.0821;0.3179;0;;;;;;;;;;;;;0;;;;;;;;0.2680;-0.4051;0.8741;-0.4706;-0.4545;0.3086;0.9675;0.2048;0.1450;-0.0307;;;;;;;;;;;;;0;;;;;;;;b974454d-ae33-4d16-9737-e66469f616ef;;OpenLoop;2026-05-18 09:46:22.6261;Hands;2;OpenXR
Right;;Baseline;0;NoMitigation;None;anonymous;Sample;6019;0.0000;-0.1103;-0.0272;0.1027;47.7774;41.4469;62.0433;-0.1103;-0.0272;0.1027;0.8067;0.4913;0.0821;0.3179;0;;;;;;;;;;;;;0;;;;;;;;0.2680;-0.4051;0.8741;-0.4706;-0.4545;0.3086;0.9675;0.2048;0.1450;-0.0307;;;;;;;;;;;;;0;;;;;;;;b974454d-ae33-4d16-9737-e66469f616ef;;OpenLoop;2026-05-18 09:46:22.6491;Hands;2;OpenXR
Right;;Baseline;0;NoMitigation;None;anonymous;Sample;6021;0.0000;-0.1103;-0.0272;0.1027;47.7774;41.4469;62.0433;-0.1103;-0.0272;0.1027;0.8067;0.4913;0.0821;0.3179;0;;;;;;;;;;;;;0;;;;;;;;0.2680;-0.4051;0.8741;-0.4706;-0.4545;0.3086;0.9675;0.2048;0.1450;-0.0307;;;;;;;;;;;;;0;;;;;;;;b974454d-ae33-4d16-9737-e66469f616ef;;OpenLoop;2026-05-18 09:46:22.6705;Hands;2;OpenXR
Right;;Baseline;0;NoMitigation;None;anonymous;Sample;6023;0.0000;-0.1103;-0.0272;0.1027;47.7774;41.4469;62.0433;-0.1103;-0.0272;0.1027;0.8067;0.4913;0.0821;0.3179;0;;;;;;;;;;;;;0;;;;;;;;0.2680;-0.4051;0.8741;-0.4706;-0.4545;0.3086;0.9675;0.2048;0.1450;-0.0307;;;;;;;;;;;;;0;;;;;;;;b974454d-ae33-4d16-9737-e66469f616ef;;OpenLoop;2026-05-18 09:46:22.6997;Hands;2;OpenXR
Right;;Baseline;0;NoMitigation;None;anonymous;Sample;6025;0.0000;-0.1103;-0.0272;0.1027;47.7774;41.4469;62.0433;-0.1103;-0.0272;0.1027;0.8067;0.4913;0.0821;0.3179;0;;;;;;;;;;;;;0;;;;;;;;0.2680;-0.4051;0.8741;-0.4706;-0.4545;0.3086;0.9675;0.2048;0.1450;-0.0307;;;;;;;;;;;;;0;;;;;;;;b974454d-ae33-4d16-9737-e66469f616ef;;OpenLoop;2026-05-18 09:46:22.7217;Hands;2;OpenXR
Right;;Baseline;0;NoMitigation;None;anonymous;Sample;6027;0.0000;-0.1103;-0.0272;0.1027;47.7774;41.4469;62.0433;-0.1103;-0.0272;0.1027;0.8067;0.4913;0.0821;0.3179;0;;;;;;;;;;;;;0;;;;;;;;0.2680;-0.4051;0.8741;-0.4706;-0.4545;0.3086;0.9675;0.2048;0.1450;-0.0307;;;;;;;;;;;;;0;;;;;;;;b974454d-ae33-4d16-9737-e66469f616ef;;OpenLoop;2026-05-18 09:46:22.7474;Hands;2;OpenXR
Right;;Baseline;0;NoMitigation;None;anonymous;Sample;6029;0.0000;-0.1103;-0.0272;0.1027;47.7774;41.4469;62.0433;-0.1103;-0.0272;0.1027;0.8067;0.4913;0.0821;0.3179;0;;;;;;;;;;;;;0;;;;;;;;0.2680;-0.4051;0.8741;-0.4706;-0.4545;0.3086;0.9675;0.2048;0.1450;-0.0307;;;;;;;;;;;;;0;;;;;;;;b974454d-ae33-4d16-9737-e66469f616ef;;OpenLoop;2026-05-18 09:46:22.7700;Hands;2;OpenXR
Right;;Baseline;0;NoMitigation;None;anonymous;Sample;6032;0.0000;-0.1103;-0.0272;0.1027;47.7774;41.4469;62.0433;-0.1103;-0.0272;0.1027;0.8067;0.4913;0.0821;0.3179;0;;;;;;;;;;;;;0;;;;;;;;0.2680;-0.4051;0.8741;-0.4706;-0.4545;0.3086;0.9675;0.2048;0.1450;-0.0307;;;;;;;;;;;;;0;;;;;;;;b974454d-ae33-4d16-9737-e66469f616ef;;OpenLoop;2026-05-18 09:46:22.7904;Hands;2;OpenXR
Right;;Baseline;0;NoMitigation;None;anonymous;Sample;6036;0.0000;-0.1103;-0.0272;0.1027;47.7774;41.4469;62.0433;-0.1103;-0.0272;0.1027;0.8067;0.4913;0.0821;0.3179;0;;;;;;;;;;;;;0;;;;;;;;0.2680;-0.4051;0.8741;-0.4706;-0.4545;0.3086;0.9675;0.2048;0.1450;-0.0307;;;;;;;;;;;;;0;;;;;;;;b974454d-ae33-4d16-9737-e66469f616ef;;OpenLoop;2026-05-18 09:46:22.8145;Hands;2;OpenXR
Right;;Baseline;0;NoMitigation;None;anonymous;Sample;6041;0.0000;-0.1103;-0.0272;0.1027;47.7774;41.4469;62.0433;-0.1103;-0.0272;0.1027;0.8067;0.4913;0.0821;0.3179;0;;;;;;;;;;;;;0;;;;;;;;0.2680;-0.4051;0.8741;-0.4706;-0.4545;0.3086;0.9675;0.2048;0.1450;-0.0307;;;;;;;;;;;;;0;;;;;;;;b974454d-ae33-4d16-9737-e66469f616ef;;OpenLoop;2026-05-18 09:46:22.8412;Hands;2;OpenXR
Right;;Baseline;0;NoMitigation;None;anonymous;Sample;6043;0.0000;-0.1103;-0.0272;0.1027;47.7774;41.4469;62.0433;-0.1103;-0.0272;0.1027;0.8067;0.4913;0.0821;0.3179;0;;;;;;;;;;;;;0;;;;;;;;0.2680;-0.4051;0.8741;-0.4706;-0.4545;0.3086;0.9675;0.2048;0.1450;-0.0307;;;;;;;;;;;;;0;;;;;;;;b974454d-ae33-4d16-9737-e66469f616ef;;OpenLoop;2026-05-18 09:46:22.8603;Hands;2;OpenXR
Right;;Baseline;0;NoMitigation;None;anonymous;Sample;6046;0.0000;-0.1103;-0.0272;0.1027;47.7774;41.4469;62.0433;-0.1103;-0.0272;0.1027;0.8067;0.4913;0.0821;0.3179;0;;;;;;;;;;;;;0;;;;;;;;0.2680;-0.4051;0.8741;-0.4706;-0.4545;0.3086;0.9675;0.2048;0.1450;-0.0307;;;;;;;;;;;;;0;;;;;;;;b974454d-ae33-4d16-9737-e66469f616ef;;OpenLoop;2026-05-18 09:46:22.8834;Hands;2;OpenXR
Right;;Baseline;0;NoMitigation;None;anonymous;Sample;6051;0.0000;-0.1103;-0.0272;0.1027;47.7774;41.4469;62.0433;-0.1103;-0.0272;0.1027;0.8067;0.4913;0.0821;0.3179;0;;;;;;;;;;;;;0;;;;;;;;0.2680;-0.4051;0.8741;-0.4706;-0.4545;0.3086;0.9675;0.2048;0.1450;-0.0307;;;;;;;;;;;;;0;;;;;;;;b974454d-ae33-4d16-9737-e66469f616ef;;OpenLoop;2026-05-18 09:46:22.9060;Hands;2;OpenXR
Right;;Baseline;0;NoMitigation;None;anonymous;Sample;6055;0.0000;-0.1103;-0.0272;0.1027;47.7774;41.4469;62.0433;-0.1103;-0.0272;0.1027;0.8067;0.4913;0.0821;0.3179;0;;;;;;;;;;;;;0;;;;;;;;0.2680;-0.4051;0.8741;-0.4706;-0.4545;0.3086;0.9675;0.2048;0.1450;-0.0307;;;;;;;;;;;;;0;;;;;;;;b974454d-ae33-4d16-9737-e66469f616ef;;OpenLoop;2026-05-18 09:46:22.9259;Hands;2;OpenXR
Right;;Baseline;0;NoMitigation;None;anonymous;Sample;6059;0.0000;-0.1103;-0.0272;0.1027;47.7774;41.4469;62.0433;-0.1103;-0.0272;0.1027;0.8067;0.4913;0.0821;0.3179;0;;;;;;;;;;;;;0;;;;;;;;0.2680;-0.4051;0.8741;-0.4706;-0.4545;0.3086;0.9675;0.2048;0.1450;-0.0307;;;;;;;;;;;;;0;;;;;;;;b974454d-ae33-4d16-9737-e66469f616ef;;OpenLoop;2026-05-18 09:46:22.9505;Hands;2;OpenXR
Right;;Baseline;0;NoMitigation;None;anonymous;Sample;6063;0.0000;-0.1103;-0.0272;0.1027;47.7774;41.4469;62.0433;-0.1103;-0.0272;0.1027;0.8067;0.4913;0.0821;0.3179;0;;;;;;;;;;;;;0;;;;;;;;0.2680;-0.4051;0.8741;-0.4706;-0.4545;0.3086;0.9675;0.2048;0.1450;-0.0307;;;;;;;;;;;;;0;;;;;;;;b974454d-ae33-4d16-9737-e66469f616ef;;OpenLoop;2026-05-18 09:46:22.9731;Hands;2;OpenXR
Right;;Baseline;0;NoMitigation;None;anonymous;Sample;6067;0.0000;-0.1103;-0.0272;0.1027;47.7774;41.4469;62.0433;-0.1103;-0.0272;0.1027;0.8067;0.4913;0.0821;0.3179;0;;;;;;;;;;;;;0;;;;;;;;0.2680;-0.4051;0.8741;-0.4706;-0.4545;0.3086;0.9675;0.2048;0.1450;-0.0307;;;;;;;;;;;;;0;;;;;;;;b974454d-ae33-4d16-9737-e66469f616ef;;OpenLoop;2026-05-18 09:46:23.0018;Hands;2;OpenXR
Right;;Baseline;0;NoMitigation;None;anonymous;Sample;6072;0.0000;-0.1103;-0.0272;0.1027;47.7774;41.4469;62.0433;-0.1103;-0.0272;0.1027;0.8067;0.4913;0.0821;0.3179;0;;;;;;;;;;;;;0;;;;;;;;0.2680;-0.4051;0.8741;-0.4706;-0.4545;0.3086;0.9675;0.2048;0.1450;-0.0307;;;;;;;;;;;;;0;;;;;;;;b974454d-ae33-4d16-9737-e66469f616ef;;OpenLoop;2026-05-18 09:46:23.0273;Hands;2;OpenXR
Right;;Baseline;0;NoMitigation;None;anonymous;Sample;6076;0.0000;-0.1103;-0.0272;0.1027;47.7774;41.4469;62.0433;-0.1103;-0.0272;0.1027;0.8067;0.4913;0.0821;0.3179;0;;;;;;;;;;;;;0;;;;;;;;0.2680;-0.4051;0.8741;-0.4706;-0.4545;0.3086;0.9675;0.2048;0.1450;-0.0307;;;;;;;;;;;;;0;;;;;;;;b974454d-ae33-4d16-9737-e66469f616ef;;OpenLoop;2026-05-18 09:46:23.0482;Hands;2;OpenXR
Right;;Baseline;0;NoMitigation;None;anonymous;Sample;6079;0.0000;-0.1103;-0.0272;0.1027;47.7774;41.4469;62.0433;-0.1103;-0.0272;0.1027;0.8067;0.4913;0.0821;0.3179;0;;;;;;;;;;;;;0;;;;;;;;0.2680;-0.4051;0.8741;-0.4706;-0.4545;0.3086;0.9675;0.2048;0.1450;-0.0307;;;;;;;;;;;;;0;;;;;;;;b974454d-ae33-4d16-9737-e66469f616ef;;OpenLoop;2026-05-18 09:46:23.0698;Hands;2;OpenXR
Right;;Baseline;0;NoMitigation;None;anonymous;Sample;6084;0.0000;-0.1103;-0.0272;0.1027;47.7774;41.4469;62.0433;-0.1103;-0.0272;0.1027;0.8067;0.4913;0.0821;0.3179;0;;;;;;;;;;;;;0;;;;;;;;0.2680;-0.4051;0.8741;-0.4706;-0.4545;0.3086;0.9675;0.2048;0.1450;-0.0307;;;;;;;;;;;;;0;;;;;;;;b974454d-ae33-4d16-9737-e66469f616ef;;OpenLoop;2026-05-18 09:46:23.1020;Hands;2;OpenXR
Right;;Baseline;0;NoMitigation;None;anonymous;Sample;6088;0.0000;-0.1103;-0.0272;0.1027;47.7774;41.4469;62.0433;-0.1103;-0.0272;0.1027;0.8067;0.4913;0.0821;0.3179;0;;;;;;;;;;;;;0;;;;;;;;0.2680;-0.4051;0.8741;-0.4706;-0.4545;0.3086;0.9675;0.2048;0.1450;-0.0307;;;;;;;;;;;;;0;;;;;;;;b974454d-ae33-4d16-9737-e66469f616ef;;OpenLoop;2026-05-18 09:46:23.1240;Hands;2;OpenXR
Right;;Baseline;0;NoMitigation;None;anonymous;Sample;6091;0.0000;-0.1103;-0.0272;0.1027;47.7774;41.4469;62.0433;-0.1103;-0.0272;0.1027;0.8067;0.4913;0.0821;0.3179;0;;;;;;;;;;;;;0;;;;;;;;0.2680;-0.4051;0.8741;-0.4706;-0.4545;0.3086;0.9675;0.2048;0.1450;-0.0307;;;;;;;;;;;;;0;;;;;;;;b974454d-ae33-4d16-9737-e66469f616ef;;OpenLoop;2026-05-18 09:46:23.1440;Hands;2;OpenXR
Right;;Baseline;0;NoMitigation;None;anonymous;Sample;6095;0.0000;-0.1103;-0.0272;0.1027;47.7774;41.4469;62.0433;-0.1103;-0.0272;0.1027;0.8067;0.4913;0.0821;0.3179;0;;;;;;;;;;;;;0;;;;;;;;0.2680;-0.4051;0.8741;-0.4706;-0.4545;0.3086;0.9675;0.2048;0.1450;-0.0307;;;;;;;;;;;;;0;;;;;;;;b974454d-ae33-4d16-9737-e66469f616ef;;OpenLoop;2026-05-18 09:46:23.1648;Hands;2;OpenXR
Right;;Baseline;0;NoMitigation;None;anonymous;Sample;6099;0.0000;-0.1103;-0.0272;0.1027;47.7774;41.4469;62.0433;-0.1103;-0.0272;0.1027;0.8067;0.4913;0.0821;0.3179;0;;;;;;;;;;;;;0;;;;;;;;0.2680;-0.4051;0.8741;-0.4706;-0.4545;0.3086;0.9675;0.2048;0.1450;-0.0307;;;;;;;;;;;;;0;;;;;;;;b974454d-ae33-4d16-9737-e66469f616ef;;OpenLoop;2026-05-18 09:46:23.1858;Hands;2;OpenXR
Right;;Baseline;0;NoMitigation;None;anonymous;Sample;6103;0.0000;-0.1103;-0.0272;0.1027;47.7774;41.4469;62.0433;-0.1103;-0.0272;0.1027;0.8067;0.4913;0.0821;0.3179;0;;;;;;;;;;;;;0;;;;;;;;0.2680;-0.4051;0.8741;-0.4706;-0.4545;0.3086;0.9675;0.2048;0.1450;-0.0307;;;;;;;;;;;;;0;;;;;;;;b974454d-ae33-4d16-9737-e66469f616ef;;OpenLoop;2026-05-18 09:46:23.2064;Hands;2;OpenXR
Right;;Baseline;0;NoMitigation;None;anonymous;Sample;6107;0.0000;-0.1103;-0.0272;0.1027;47.7774;41.4469;62.0433;-0.1103;-0.0272;0.1027;0.8067;0.4913;0.0821;0.3179;0;;;;;;;;;;;;;0;;;;;;;;0.2680;-0.4051;0.8741;-0.4706;-0.4545;0.3086;0.9675;0.2048;0.1450;-0.0307;;;;;;;;;;;;;0;;;;;;;;b974454d-ae33-4d16-9737-e66469f616ef;;OpenLoop;2026-05-18 09:46:23.2268;Hands;2;OpenXR
Right;;Baseline;0;NoMitigation;None;anonymous;Sample;6111;0.0000;-0.1103;-0.0272;0.1027;47.7774;41.4469;62.0433;-0.1103;-0.0272;0.1027;0.8067;0.4913;0.0821;0.3179;0;;;;;;;;;;;;;0;;;;;;;;0.2680;-0.4051;0.8741;-0.4706;-0.4545;0.3086;0.9675;0.2048;0.1450;-0.0307;;;;;;;;;;;;;0;;;;;;;;b974454d-ae33-4d16-9737-e66469f616ef;;OpenLoop;2026-05-18 09:46:23.2483;Hands;2;OpenXR
Right;;Baseline;0;NoMitigation;None;anonymous;Sample;6115;0.0000;-0.1103;-0.0272;0.1027;47.7774;41.4469;62.0433;-0.1103;-0.0272;0.1027;0.8067;0.4913;0.0821;0.3179;0;;;;;;;;;;;;;0;;;;;;;;0.2680;-0.4051;0.8741;-0.4706;-0.4545;0.3086;0.9675;0.2048;0.1450;-0.0307;;;;;;;;;;;;;0;;;;;;;;b974454d-ae33-4d16-9737-e66469f616ef;;OpenLoop;2026-05-18 09:46:23.2686;Hands;2;OpenXR
Right;;Baseline;0;NoMitigation;None;anonymous;Sample;6119;0.0000;-0.1103;-0.0272;0.1027;47.7774;41.4469;62.0433;-0.1103;-0.0272;0.1027;0.8067;0.4913;0.0821;0.3179;0;;;;;;;;;;;;;0;;;;;;;;0.2680;-0.4051;0.8741;-0.4706;-0.4545;0.3086;0.9675;0.2048;0.1450;-0.0307;;;;;;;;;;;;;0;;;;;;;;b974454d-ae33-4d16-9737-e66469f616ef;;OpenLoop;2026-05-18 09:46:23.2900;Hands;2;OpenXR
Right;;Baseline;0;NoMitigation;None;anonymous;Sample;6123;0.0000;-0.1103;-0.0272;0.1027;47.7774;41.4469;62.0433;-0.1103;-0.0272;0.1027;0.8067;0.4913;0.0821;0.3179;0;;;;;;;;;;;;;0;;;;;;;;0.2680;-0.4051;0.8741;-0.4706;-0.4545;0.3086;0.9675;0.2048;0.1450;-0.0307;;;;;;;;;;;;;0;;;;;;;;b974454d-ae33-4d16-9737-e66469f616ef;;OpenLoop;2026-05-18 09:46:23.3099;Hands;2;OpenXR
Right;;Baseline;0;NoMitigation;None;anonymous;Sample;6127;0.0000;-0.1103;-0.0272;0.1027;47.7774;41.4469;62.0433;-0.1103;-0.0272;0.1027;0.8067;0.4913;0.0821;0.3179;0;;;;;;;;;;;;;0;;;;;;;;0.2680;-0.4051;0.8741;-0.4706;-0.4545;0.3086;0.9675;0.2048;0.1450;-0.0307;;;;;;;;;;;;;0;;;;;;;;b974454d-ae33-4d16-9737-e66469f616ef;;OpenLoop;2026-05-18 09:46:23.3316;Hands;2;OpenXR
Right;;Baseline;0;NoMitigation;None;anonymous;Sample;6131;0.0000;-0.1103;-0.0272;0.1027;47.7774;41.4469;62.0433;-0.1103;-0.0272;0.1027;0.8067;0.4913;0.0821;0.3179;0;;;;;;;;;;;;;0;;;;;;;;0.2680;-0.4051;0.8741;-0.4706;-0.4545;0.3086;0.9675;0.2048;0.1450;-0.0307;;;;;;;;;;;;;0;;;;;;;;b974454d-ae33-4d16-9737-e66469f616ef;;OpenLoop;2026-05-18 09:46:23.3515;Hands;2;OpenXR
Right;;Baseline;0;NoMitigation;None;anonymous;Sample;6135;0.0000;-0.1103;-0.0272;0.1027;47.7774;41.4469;62.0433;-0.1103;-0.0272;0.1027;0.8067;0.4913;0.0821;0.3179;0;;;;;;;;;;;;;0;;;;;;;;0.2680;-0.4051;0.8741;-0.4706;-0.4545;0.3086;0.9675;0.2048;0.1450;-0.0307;;;;;;;;;;;;;0;;;;;;;;b974454d-ae33-4d16-9737-e66469f616ef;;OpenLoop;2026-05-18 09:46:23.3728;Hands;2;OpenXR
Right;;Baseline;0;NoMitigation;None;anonymous;Sample;6139;0.0000;-0.1103;-0.0272;0.1027;47.7774;41.4469;62.0433;-0.1103;-0.0272;0.1027;0.8067;0.4913;0.0821;0.3179;0;;;;;;;;;;;;;0;;;;;;;;0.2680;-0.4051;0.8741;-0.4706;-0.4545;0.3086;0.9675;0.2048;0.1450;-0.0307;;;;;;;;;;;;;0;;;;;;;;b974454d-ae33-4d16-9737-e66469f616ef;;OpenLoop;2026-05-18 09:46:23.3945;Hands;2;OpenXR
Right;;Baseline;0;NoMitigation;None;anonymous;Sample;6143;0.0000;-0.1103;-0.0272;0.1027;47.7774;41.4469;62.0433;-0.1103;-0.0272;0.1027;0.8067;0.4913;0.0821;0.3179;0;;;;;;;;;;;;;0;;;;;;;;-0.3918;0.0559;0.9184;-0.4631;-0.4173;0.2883;0.9794;-0.0274;-0.2002;-0.0056;;;;;;;;;;;;;0;-0.4226;-0.3945;0.2026;15.1705;18.8890;233.3494;Palm;b974454d-ae33-4d16-9737-e66469f616ef;;OpenLoop;2026-05-18 09:46:23.4143;Hands;2;OpenXR
Right;;Baseline;0;NoMitigation;None;anonymous;Sample;6147;0.0000;-0.1103;-0.0272;0.1027;47.7774;41.4469;62.0433;-0.1103;-0.0272;0.1027;0.8067;0.4913;0.0821;0.3179;0;;;;;;;;;;;;;0;;;;;;;;-0.6591;0.3771;0.6507;-0.4574;-0.3921;0.2777;0.9055;-0.1773;-0.3784;-0.0741;;;;;;;;;;;;;0;-0.4282;-0.3948;0.2060;14.1114;17.1754;222.2553;Palm;b974454d-ae33-4d16-9737-e66469f616ef;;OpenLoop;2026-05-18 09:46:23.4357;Hands;2;OpenXR
Right;;Baseline;0;NoMitigation;None;anonymous;Sample;6151;0.0000;-0.1103;-0.0272;0.1027;47.7774;41.4469;62.0433;-0.1103;-0.0272;0.1027;0.8067;0.4913;0.0821;0.3179;0;;;;;;;;;;;;;0;;;;;;;;-0.7263;0.5549;0.4058;-0.4534;-0.3749;0.2721;0.8254;-0.2500;-0.4844;-0.1467;;;;;;;;;;;;;0;-0.4282;-0.3948;0.2060;14.1114;17.1754;222.2553;Palm;b974454d-ae33-4d16-9737-e66469f616ef;;OpenLoop;2026-05-18 09:46:23.4575;Hands;2;OpenXR
Right;;Baseline;0;NoMitigation;None;anonymous;Sample;6155;0.0000;-0.1103;-0.0272;0.1027;47.7774;41.4469;62.0433;-0.1103;-0.0272;0.1027;0.8067;0.4913;0.0821;0.3179;0;;;;;;;;;;;;;0;;;;;;;;-0.7327;0.6419;0.2261;-0.4507;-0.3639;0.2685;0.7563;-0.2747;-0.5581;-0.2028;;;;;;;;;;;;;0;-0.4282;-0.3948;0.2060;14.1114;17.1754;222.2553;Palm;b974454d-ae33-4d16-9737-e66469f616ef;;OpenLoop;2026-05-18 09:46:23.4788;Hands;2;OpenXR
Right;;Baseline;0;NoMitigation;None;anonymous;Sample;6159;0.0000;-0.1103;-0.0272;0.1027;47.7774;41.4469;62.0433;-0.1103;-0.0272;0.1027;0.8067;0.4913;0.0821;0.3179;0;;;;;;;;;;;;;0;;;;;;;;-0.6744;0.7139;0.1884;-0.4477;-0.3565;0.2704;0.7344;-0.3084;-0.5574;-0.2341;;;;;;;;;;;;;0;-0.4358;-0.3950;0.2066;13.9364;15.9479;212.7285;Palm;b974454d-ae33-4d16-9737-e66469f616ef;;OpenLoop;2026-05-18 09:46:23.4986;Hands;2;OpenXR
Right;;Baseline;0;NoMitigation;None;anonymous;Sample;6163;0.0000;-0.1103;-0.0272;0.1027;47.7774;41.4469;62.0433;-0.1103;-0.0272;0.1027;0.8067;0.4913;0.0821;0.3179;0;;;;;;;;;;;;;0;;;;;;;;-0.6031;0.7671;0.2187;-0.4445;-0.3521;0.2743;0.7418;-0.3467;-0.5201;-0.2430;;;;;;;;;;;;;0;-0.4414;-0.3941;0.2076;13.7235;15.0395;204.4233;Palm;b974454d-ae33-4d16-9737-e66469f616ef;;OpenLoop;2026-05-18 09:46:23.5204;Hands;2;OpenXR
Right;;Baseline;0;NoMitigation;None;anonymous;Sample;6167;0.0000;-0.1103;-0.0272;0.1027;47.7774;41.4469;62.0433;-0.1103;-0.0272;0.1027;0.8067;0.4913;0.0821;0.3179;0;;;;;;;;;;;;;0;;;;;;;;-0.5355;0.8014;0.2663;-0.4417;-0.3495;0.2783;0.7599;-0.3811;-0.4708;-0.2361;;;;;;;;;;;;;0;-0.4414;-0.3941;0.2076;13.7235;15.0395;204.4233;Palm;b974454d-ae33-4d16-9737-e66469f616ef;;OpenLoop;2026-05-18 09:46:23.5412;Hands;2;OpenXR
Right;;Baseline;0;NoMitigation;None;anonymous;Sample;6171;0.0000;-0.1103;-0.0272;0.1027;47.7774;41.4469;62.0433;-0.1103;-0.0272;0.1027;0.8067;0.4913;0.0821;0.3179;0;;;;;;;;;;;;;0;;;;;;;;-0.4457;0.8125;0.3758;-0.4382;-0.3504;0.2845;0.8067;-0.4141;-0.3750;-0.1925;;;;;;;;;;;;;0;-0.4464;-0.3944;0.2082;13.5857;14.5936;198.2554;Palm;b974454d-ae33-4d16-9737-e66469f616ef;;OpenLoop;2026-05-18 09:46:23.5632;Hands;2;OpenXR
Right;;Baseline;0;NoMitigation;None;anonymous;Sample;6175;0.0000;-0.1103;-0.0272;0.1027;47.7774;41.4469;62.0433;-0.1103;-0.0272;0.1027;0.8067;0.4913;0.0821;0.3179;0;;;;;;;;;;;;;0;;;;;;;;-0.3842;0.8111;0.4411;-0.4360;-0.3509;0.2884;0.8337;-0.4266;-0.3122;-0.1598;;;;;;;;;;;;;0;-0.4464;-0.3944;0.2082;13.5857;14.5936;198.2554;Palm;b974454d-ae33-4d16-9737-e66469f616ef;;OpenLoop;2026-05-18 09:46:23.5840;Hands;2;OpenXR
Right;;Baseline;0;NoMitigation;None;anonymous;Sample;6179;0.0000;-0.1103;-0.0272;0.1027;47.7774;41.4469;62.0433;-0.1103;-0.0272;0.1027;0.8067;0.4913;0.0821;0.3179;0;;;;;;;;;;;;;0;;;;;;;;-0.3178;0.7897;0.5248;-0.4336;-0.3533;0.2928;0.8651;-0.4234;-0.2415;-0.1182;;;;;;;;;;;;;0;-0.4499;-0.3944;0.2090;13.1551;14.1288;193.1823;Palm;b974454d-ae33-4d16-9737-e66469f616ef;;OpenLoop;2026-05-18 09:46:23.6042;Hands;2;OpenXR
Right;;Baseline;0;NoMitigation;None;anonymous;Sample;6183;0.0000;-0.1103;-0.0272;0.1027;47.7774;41.4469;62.0433;-0.1103;-0.0272;0.1027;0.8067;0.4913;0.0821;0.3179;0;;;;;;;;;;;;;0;;;;;;;;-0.2577;0.7588;0.5982;-0.4315;-0.3559;0.2967;0.8899;-0.4089;-0.1835;-0.0843;;;;;;;;;;;;;0;-0.4499;-0.3944;0.2090;13.1551;14.1288;193.1823;Palm;b974454d-ae33-4d16-9737-e66469f616ef;;OpenLoop;2026-05-18 09:46:23.6256;Hands;2;OpenXR
Right;;Baseline;0;NoMitigation;None;anonymous;Sample;6187;0.0000;-0.1103;-0.0272;0.1027;47.7774;41.4469;62.0433;-0.1103;-0.0272;0.1027;0.8067;0.4913;0.0821;0.3179;0;;;;;;;;;;;;;0;;;;;;;;-0.1928;0.7034;0.6841;-0.4298;-0.3604;0.3010;0.9162;-0.3767;-0.1266;-0.0521;;;;;;;;;;;;;0;-0.4530;-0.3945;0.2093;12.7492;13.5566;189.3210;Palm;b974454d-ae33-4d16-9737-e66469f616ef;;OpenLoop;2026-05-18 09:46:23.6471;Hands;2;OpenXR
Right;;Baseline;0;NoMitigation;None;anonymous;Sample;6191;0.0000;-0.1103;-0.0272;0.1027;47.7774;41.4469;62.0433;-0.1103;-0.0272;0.1027;0.8067;0.4913;0.0821;0.3179;0;;;;;;;;;;;;;0;;;;;;;;-0.1375;0.6458;0.7510;-0.4286;-0.3647;0.3045;0.9352;-0.3425;-0.0849;-0.0311;;;;;;;;;;;;;0;-0.4557;-0.3949;0.2101;12.4306;12.9803;186.0481;Palm;b974454d-ae33-4d16-9737-e66469f616ef;;OpenLoop;2026-05-18 09:46:23.6673;Hands;2;OpenXR
Right;;Baseline;0;NoMitigation;None;anonymous;Sample;6195;0.0000;-0.1103;-0.0272;0.1027;47.7774;41.4469;62.0433;-0.1103;-0.0272;0.1027;0.8067;0.4913;0.0821;0.3179;0;;;;;;;;;;;;;0;;;;;;;;-0.0952;0.5962;0.7972;-0.4279;-0.3682;0.3071;0.9478;-0.3134;-0.0564;-0.0186;;;;;;;;;;;;;0;-0.4557;-0.3949;0.2101;12.4306;12.9803;186.0481;Palm;b974454d-ae33-4d16-9737-e66469f616ef;;OpenLoop;2026-05-18 09:46:23.6896;Hands;2;OpenXR
Right;;Baseline;0;NoMitigation;None;anonymous;Sample;6199;0.0000;-0.1103;-0.0272;0.1027;47.7774;41.4469;62.0433;-0.1103;-0.0272;0.1027;0.8067;0.4913;0.0821;0.3179;0;;;;;;;;;;;;;0;;;;;;;;-0.0685;0.5634;0.8233;-0.4275;-0.3704;0.3088;0.9547;-0.2946;-0.0397;-0.0122;;;;;;;;;;;;;0;-0.4557;-0.3949;0.2101;12.4306;12.9803;186.0481;Palm;b974454d-ae33-4d16-9737-e66469f616ef;;OpenLoop;2026-05-18 09:46:23.7105;Hands;2;OpenXR
Right;;Baseline;0;NoMitigation;None;anonymous;Sample;6203;0.0000;-0.1103;-0.0272;0.1027;47.7774;41.4469;62.0433;-0.1103;-0.0272;0.1027;0.8067;0.4913;0.0821;0.3179;0;;;;;;;;;;;;;0;;;;;;;;-0.0387;0.5218;0.8522;-0.4276;-0.3737;0.3105;0.9623;-0.2710;-0.0219;-0.0062;;;;;;;;;;;;;0;-0.4587;-0.3954;0.2105;12.6275;12.5425;183.3500;Palm;b974454d-ae33-4d16-9737-e66469f616ef;;OpenLoop;2026-05-18 09:46:23.7319;Hands;2;OpenXR
Right;;Baseline;0;NoMitigation;None;anonymous;Sample;6207;0.0000;-0.1103;-0.0272;0.1027;47.7774;41.4469;62.0433;-0.1103;-0.0272;0.1027;0.8067;0.4913;0.0821;0.3179;0;;;;;;;;;;;;;0;;;;;;;;-0.0156;0.4841;0.8749;-0.4282;-0.3768;0.3117;0.9682;-0.2500;-0.0086;-0.0022;;;;;;;;;;;;;0;-0.4616;-0.3959;0.2102;13.0539;12.1047;181.4179;Palm;b974454d-ae33-4d16-9737-e66469f616ef;;OpenLoop;2026-05-18 09:46:23.7521;Hands;2;OpenXR
Right;;Baseline;0;NoMitigation;None;anonymous;Sample;6211;0.0000;-0.1103;-0.0272;0.1027;47.7774;41.4469;62.0433;-0.1103;-0.0272;0.1027;0.8067;0.4913;0.0821;0.3179;0;;;;;;;;;;;;;0;;;;;;;;0.0018;0.4531;0.8914;-0.4289;-0.3794;0.3126;0.9725;-0.2330;0.0010;0.0002;;;;;;;;;;;;;0;-0.4616;-0.3959;0.2102;13.0539;12.1047;181.4179;Palm;b974454d-ae33-4d16-9737-e66469f616ef;;OpenLoop;2026-05-18 09:46:23.7739;Hands;2;OpenXR
Right;;Baseline;0;NoMitigation;None;anonymous;Sample;6215;0.0000;-0.1103;-0.0272;0.1027;47.7774;41.4469;62.0433;-0.1103;-0.0272;0.1027;0.8067;0.4913;0.0821;0.3179;0;;;;;;;;;;;;;0;;;;;;;;0.0130;0.4327;0.9015;-0.4293;-0.3812;0.3131;0.9751;-0.2219;0.0070;0.0016;;;;;;;;;;;;;0;-0.4616;-0.3959;0.2102;13.0539;12.1047;181.4179;Palm;b974454d-ae33-4d16-9737-e66469f616ef;;OpenLoop;2026-05-18 09:46:23.7943;Hands;2;OpenXR
Right;;Baseline;0;NoMitigation;None;anonymous;Sample;6219;0.0000;-0.1103;-0.0272;0.1027;47.7774;41.4469;62.0433;-0.1103;-0.0272;0.1027;0.8067;0.4913;0.0821;0.3179;0;;;;;;;;;;;;;0;;;;;;;;0.0237;0.4057;0.9137;-0.4306;-0.3839;0.3134;0.9782;-0.2073;0.0127;0.0027;;;;;;;;;;;;;0;-0.4646;-0.3968;0.2093;13.5425;11.5076;179.9458;Palm;b974454d-ae33-4d16-9737-e66469f616ef;;OpenLoop;2026-05-18 09:46:23.8157;Hands;2;OpenXR
Right;;Baseline;0;NoMitigation;None;anonymous;Sample;6223;0.0000;-0.1103;-0.0272;0.1027;47.7774;41.4469;62.0433;-0.1103;-0.0272;0.1027;0.8067;0.4913;0.0821;0.3179;0;;;;;;;;;;;;;0;;;;;;;;0.0309;0.3834;0.9231;-0.4319;-0.3862;0.3135;0.9806;-0.1955;0.0164;0.0033;;;;;;;;;;;;;0;-0.4663;-0.3977;0.2083;13.6602;10.9925;179.2135;Palm;b974454d-ae33-4d16-9737-e66469f616ef;;OpenLoop;2026-05-18 09:46:23.8370;Hands;2;OpenXR
Right;;Baseline;0;NoMitigation;None;anonymous;Sample;6227;0.0000;-0.1103;-0.0272;0.1027;47.7774;41.4469;62.0433;-0.1103;-0.0272;0.1027;0.8067;0.4913;0.0821;0.3179;0;;;;;;;;;;;;;0;;;;;;;;0.0356;0.3666;0.9297;-0.4330;-0.3881;0.3135;0.9823;-0.1865;0.0188;0.0036;;;;;;;;;;;;;0;-0.4663;-0.3977;0.2083;13.6602;10.9925;179.2135;Palm;b974454d-ae33-4d16-9737-e66469f616ef;;OpenLoop;2026-05-18 09:46:23.8582;Hands;2;OpenXR
Right;;Baseline;0;NoMitigation;None;anonymous;Sample;6231;0.0000;-0.1103;-0.0272;0.1027;47.7774;41.4469;62.0433;-0.1103;-0.0272;0.1027;0.8067;0.4913;0.0821;0.3179;0;;;;;;;;;;;;;0;;;;;;;;0.0344;0.3507;0.9359;-0.4348;-0.3899;0.3132;0.9838;-0.1782;0.0181;0.0033;;;;;;;;;;;;;0;-0.4678;-0.3982;0.2069;13.6535;10.2217;179.0323;Palm;b974454d-ae33-4d16-9737-e66469f616ef;;OpenLoop;2026-05-18 09:46:23.8805;Hands;2;OpenXR
Right;;Baseline;0;NoMitigation;None;anonymous;Sample;6235;0.0000;-0.1103;-0.0272;0.1027;47.7774;41.4469;62.0433;-0.1103;-0.0272;0.1027;0.8067;0.4913;0.0821;0.3179;0;;;;;;;;;;;;;0;;;;;;;;0.0337;0.3404;0.9397;-0.4359;-0.3910;0.3130;0.9848;-0.1728;0.0176;0.0031;;;;;;;;;;;;;0;-0.4678;-0.3982;0.2069;13.6535;10.2217;179.0323;Palm;b974454d-ae33-4d16-9737-e66469f616ef;;OpenLoop;2026-05-18 09:46:23.9003;Hands;2;OpenXR
Right;;Baseline;0;NoMitigation;None;anonymous;Sample;6239;0.0000;-0.1103;-0.0272;0.1027;47.7774;41.4469;62.0433;-0.1103;-0.0272;0.1027;0.8067;0.4913;0.0821;0.3179;0;;;;;;;;;;;;;0;;;;;;;;0.0296;0.3316;0.9430;-0.4372;-0.3920;0.3128;0.9856;-0.1682;0.0155;0.0026;;;;;;;;;;;;;0;-0.4688;-0.3988;0.2059;13.5354;9.4912;179.3162;Palm;b974454d-ae33-4d16-9737-e66469f616ef;;OpenLoop;2026-05-18 09:46:23.9215;Hands;2;OpenXR
Right;;Baseline;0;NoMitigation;None;anonymous;Sample;6243;0.0000;-0.1103;-0.0272;0.1027;47.7774;41.4469;62.0433;-0.1103;-0.0272;0.1027;0.8067;0.4913;0.0821;0.3179;0;;;;;;;;;;;;;0;;;;;;;;0.0250;0.3245;0.9456;-0.4384;-0.3929;0.3126;0.9863;-0.1645;0.0130;0.0022;;;;;;;;;;;;;0;-0.4688;-0.3988;0.2059;13.5354;9.4912;179.3162;Palm;b974454d-ae33-4d16-9737-e66469f616ef;;OpenLoop;2026-05-18 09:46:23.9438;Hands;2;OpenXR
Right;;Baseline;0;NoMitigation;None;anonymous;Sample;6247;0.0000;-0.1103;-0.0272;0.1027;47.7774;41.4469;62.0433;-0.1103;-0.0272;0.1027;0.8067;0.4913;0.0821;0.3179;0;;;;;;;;;;;;;0;;;;;;;;0.0162;0.3156;0.9488;-0.4401;-0.3939;0.3122;0.9871;-0.1599;0.0084;0.0014;;;;;;;;;;;;;0;-0.4697;-0.3995;0.2047;13.3884;8.7297;179.7802;Palm;b974454d-ae33-4d16-9737-e66469f616ef;;OpenLoop;2026-05-18 09:46:23.9645;Hands;2;OpenXR
Right;;Baseline;0;NoMitigation;None;anonymous;Sample;6251;0.0000;-0.1103;-0.0272;0.1027;47.7774;41.4469;62.0433;-0.1103;-0.0272;0.1027;0.8067;0.4913;0.0821;0.3179;0;;;;;;;;;;;;;0;;;;;;;;0.0105;0.3098;0.9507;-0.4411;-0.3946;0.3120;0.9876;-0.1569;0.0054;0.0009;;;;;;;;;;;;;0;-0.4697;-0.3995;0.2047;13.3884;8.7297;179.7802;Palm;b974454d-ae33-4d16-9737-e66469f616ef;;OpenLoop;2026-05-18 09:46:23.9874;Hands;2;OpenXR
Right;;Baseline;0;NoMitigation;None;anonymous;Sample;6255;0.0000;-0.1103;-0.0272;0.1027;47.7774;41.4469;62.0433;-0.1103;-0.0272;0.1027;0.8067;0.4913;0.0821;0.3179;0;;;;;;;;;;;;;0;;;;;;;;0.0036;0.3043;0.9526;-0.4425;-0.3951;0.3118;0.9881;-0.1540;0.0019;0.0003;;;;;;;;;;;;;0;-0.4710;-0.3996;0.2043;13.1371;8.1643;180.1872;Palm;b974454d-ae33-4d16-9737-e66469f616ef;;OpenLoop;2026-05-18 09:46:24.0082;Hands;2;OpenXR
Right;;Baseline;0;NoMitigation;None;anonymous;Sample;6259;0.0000;-0.1103;-0.0272;0.1027;47.7774;41.4469;62.0433;-0.1103;-0.0272;0.1027;0.8067;0.4913;0.0821;0.3179;0;;;;;;;;;;;;;0;;;;;;;;-0.0017;0.3002;0.9539;-0.4436;-0.3955;0.3117;0.9884;-0.1519;-0.0009;-0.0001;;;;;;;;;;;;;0;-0.4710;-0.3996;0.2043;13.1371;8.1643;180.1872;Palm;b974454d-ae33-4d16-9737-e66469f616ef;;OpenLoop;2026-05-18 09:46:24.0298;Hands;2;OpenXR
Right;;Baseline;0;NoMitigation;None;anonymous;Sample;6263;0.0000;-0.1103;-0.0272;0.1027;47.7774;41.4469;62.0433;-0.1103;-0.0272;0.1027;0.8067;0.4913;0.0821;0.3179;0;;;;;;;;;;;;;0;;;;;;;;-0.0087;0.2940;0.9558;-0.4452;-0.3961;0.3115;0.9889;-0.1487;-0.0045;-0.0007;;;;;;;;;;;;;0;-0.4725;-0.3999;0.2034;12.8907;7.5317;180.3429;Palm;b974454d-ae33-4d16-9737-e66469f616ef;;OpenLoop;2026-05-18 09:46:24.0512;Hands;2;OpenXR
Right;;Baseline;0;NoMitigation;None;anonymous;Sample;6267;0.0000;-0.1103;-0.0272;0.1027;47.7774;41.4469;62.0433;-0.1103;-0.0272;0.1027;0.8067;0.4913;0.0821;0.3179;0;;;;;;;;;;;;;0;;;;;;;;-0.0152;0.2882;0.9574;-0.4467;-0.3966;0.3112;0.9893;-0.1457;-0.0078;-0.0012;;;;;;;;;;;;;0;-0.4738;-0.4002;0.2026;12.5674;6.9134;180.5399;Palm;b974454d-ae33-4d16-9737-e66469f616ef;;OpenLoop;2026-05-18 09:46:24.0716;Hands;2;OpenXR
Right;;Baseline;0;NoMitigation;None;anonymous;Sample;6271;0.0000;-0.1103;-0.0272;0.1027;47.7774;41.4469;62.0433;-0.1103;-0.0272;0.1027;0.8067;0.4913;0.0821;0.3179;0;;;;;;;;;;;;;0;;;;;;;;-0.0208;0.2832;0.9588;-0.4480;-0.3970;0.3110;0.9897;-0.1430;-0.0107;-0.0015;;;;;;;;;;;;;0;-0.4738;-0.4002;0.2026;12.5674;6.9134;180.5399;Palm;b974454d-ae33-4d16-9737-e66469f616ef;;OpenLoop;2026-05-18 09:46:24.0925;Hands;2;OpenXR
Right;;Baseline;0;NoMitigation;None;anonymous;Sample;6275;0.0000;-0.1103;-0.0272;0.1027;47.7774;41.4469;62.0433;-0.1103;-0.0272;0.1027;0.8067;0.4913;0.0821;0.3179;0;;;;;;;;;;;;;0;;;;;;;;-0.0256;0.2786;0.9601;-0.4492;-0.3973;0.3109;0.9900;-0.1407;-0.0132;-0.0019;;;;;;;;;;;;;0;-0.4748;-0.4002;0.2022;12.1485;6.2878;180.6319;Palm;b974454d-ae33-4d16-9737-e66469f616ef;;OpenLoop;2026-05-18 09:46:24.1149;Hands;2;OpenXR
Right;;Baseline;0;NoMitigation;None;anonymous;Sample;6279;0.0000;-0.1103;-0.0272;0.1027;47.7774;41.4469;62.0433;-0.1103;-0.0272;0.1027;0.8067;0.4913;0.0821;0.3179;0;;;;;;;;;;;;;0;;;;;;;;-0.0306;0.2738;0.9613;-0.4504;-0.3976;0.3108;0.9903;-0.1382;-0.0158;-0.0022;;;;;;;;;;;;;0;-0.4748;-0.4002;0.2022;12.1485;6.2878;180.6319;Palm;b974454d-ae33-4d16-9737-e66469f616ef;;OpenLoop;2026-05-18 09:46:24.1352;Hands;2;OpenXR
Right;;Baseline;0;NoMitigation;None;anonymous;Sample;6283;0.0000;-0.1103;-0.0272;0.1027;47.7774;41.4469;62.0433;-0.1103;-0.0272;0.1027;0.8067;0.4913;0.0821;0.3179;0;;;;;;;;;;;;;0;;;;;;;;-0.0358;0.2678;0.9628;-0.4515;-0.3981;0.3108;0.9907;-0.1351;-0.0184;-0.0025;;;;;;;;;;;;;0;-0.4756;-0.4008;0.2022;11.7547;5.7914;181.0047;Palm;b974454d-ae33-4d16-9737-e66469f616ef;;OpenLoop;2026-05-18 09:46:24.1576;Hands;2;OpenXR
Right;;Baseline;0;NoMitigation;None;anonymous;Sample;6287;0.0000;-0.1103;-0.0272;0.1027;47.7774;41.4469;62.0433;-0.1103;-0.0272;0.1027;0.8067;0.4913;0.0821;0.3179;0;;;;;;;;;;;;;0;;;;;;;;-0.0404;0.2623;0.9641;-0.4524;-0.3985;0.3108;0.9910;-0.1323;-0.0207;-0.0028;;;;;;;;;;;;;0;-0.4756;-0.4008;0.2022;11.7547;5.7914;181.0047;Palm;b974454d-ae33-4d16-9737-e66469f616ef;;OpenLoop;2026-05-18 09:46:24.1796;Hands;2;OpenXR
Right;;Baseline;0;NoMitigation;None;anonymous;Sample;6291;0.0000;-0.1103;-0.0272;0.1027;47.7774;41.4469;62.0433;-0.1103;-0.0272;0.1027;0.8067;0.4913;0.0821;0.3179;0;;;;;;;;;;;;;0;;;;;;;;-0.0445;0.2575;0.9653;-0.4534;-0.3989;0.3109;0.9913;-0.1298;-0.0228;-0.0030;;;;;;;;;;;;;0;-0.4766;-0.4007;0.2019;11.1394;5.1645;180.8122;Palm;b974454d-ae33-4d16-9737-e66469f616ef;;OpenLoop;2026-05-18 09:46:24.2006;Hands;2;OpenXR
Right;;Baseline;0;NoMitigation;None;anonymous;Sample;6295;0.0000;-0.1103;-0.0272;0.1027;47.7774;41.4469;62.0433;-0.1103;-0.0272;0.1027;0.8067;0.4913;0.0821;0.3179;0;;;;;;;;;;;;;0;;;;;;;;-0.0485;0.2529;0.9663;-0.4543;-0.3991;0.3109;0.9915;-0.1275;-0.0248;-0.0032;;;;;;;;;;;;;0;-0.4766;-0.4007;0.2019;11.1394;5.1645;180.8122;Palm;b974454d-ae33-4d16-9737-e66469f616ef;;OpenLoop;2026-05-18 09:46:24.2213;Hands;2;OpenXR
Right;;Baseline;0;NoMitigation;None;anonymous;Sample;6299;0.0000;-0.1103;-0.0272;0.1027;47.7774;41.4469;62.0433;-0.1103;-0.0272;0.1027;0.8067;0.4913;0.0821;0.3179;0;;;;;;;;;;;;;0;;;;;;;;-0.0526;0.2470;0.9676;-0.4554;-0.3997;0.3109;0.9919;-0.1244;-0.0269;-0.0034;;;;;;;;;;;;;0;-0.4773;-0.4015;0.2016;10.5451;4.8088;180.9123;Palm;b974454d-ae33-4d16-9737-e66469f616ef;;OpenLoop;2026-05-18 09:46:24.2441;Hands;2;OpenXR
Right;;Baseline;0;NoMitigation;None;anonymous;Sample;6303;0.0000;-0.1103;-0.0272;0.1027;47.7774;41.4469;62.0433;-0.1103;-0.0272;0.1027;0.8067;0.4913;0.0821;0.3179;0;;;;;;;;;;;;;0;;;;;;;;-0.0562;0.2416;0.9688;-0.4563;-0.4001;0.3110;0.9922;-0.1216;-0.0288;-0.0035;;;;;;;;;;;;;0;-0.4780;-0.4019;0.2017;10.0170;4.5259;181.1674;Palm;b974454d-ae33-4d16-9737-e66469f616ef;;OpenLoop;2026-05-18 09:46:24.2654;Hands;2;OpenXR
Right;;Baseline;0;NoMitigation;None;anonymous;Sample;6307;0.0000;-0.1103;-0.0272;0.1027;47.7774;41.4469;62.0433;-0.1103;-0.0272;0.1027;0.8067;0.4913;0.0821;0.3179;0;;;;;;;;;;;;;0;;;;;;;;-0.0594;0.2366;0.9698;-0.4570;-0.4006;0.3111;0.9924;-0.1191;-0.0304;-0.0036;;;;;;;;;;;;;0;-0.4780;-0.4019;0.2017;10.0170;4.5259;181.1674;Palm;b974454d-ae33-4d16-9737-e66469f616ef;;OpenLoop;2026-05-18 09:46:24.2867;Hands;2;OpenXR
Right;;Baseline;0;NoMitigation;None;anonymous;Sample;6311;0.0000;-0.1103;-0.0272;0.1027;47.7774;41.4469;62.0433;-0.1103;-0.0272;0.1027;0.8067;0.4913;0.0821;0.3179;0;;;;;;;;;;;;;0;;;;;;;;-0.0614;0.2335;0.9704;-0.4575;-0.4009;0.3111;0.9926;-0.1175;-0.0314;-0.0037;;;;;;;;;;;;;0;-0.4780;-0.4019;0.2017;10.0170;4.5259;181.1674;Palm;b974454d-ae33-4d16-9737-e66469f616ef;;OpenLoop;2026-05-18 09:46:24.3085;Hands;2;OpenXR
Right;;Baseline;0;NoMitigation;None;anonymous;Sample;6315;0.0000;-0.1103;-0.0272;0.1027;47.7774;41.4469;62.0433;-0.1103;-0.0272;0.1027;0.8067;0.4913;0.0821;0.3179;0;;;;;;;;;;;;;0;;;;;;;;-0.0618;0.2268;0.9720;-0.4581;-0.4015;0.3113;0.9930;-0.1141;-0.0316;-0.0036;;;;;;;;;;;;;0;-0.4789;-0.4022;0.2021;9.6339;4.4373;180.8568;Palm;b974454d-ae33-4d16-9737-e66469f616ef;;OpenLoop;2026-05-18 09:46:24.3294;Hands;2;OpenXR
Right;;Baseline;0;NoMitigation;None;anonymous;Sample;6319;0.0000;-0.1103;-0.0272;0.1027;47.7774;41.4469;62.0433;-0.1103;-0.0272;0.1027;0.8067;0.4913;0.0821;0.3179;0;;;;;;;;;;;;;0;;;;;;;;-0.0610;0.2173;0.9742;-0.4586;-0.4023;0.3116;0.9935;-0.1092;-0.0310;-0.0034;;;;;;;;;;;;;0;-0.4795;-0.4028;0.2027;9.4495;4.4842;180.8672;Palm;b974454d-ae33-4d16-9737-e66469f616ef;;OpenLoop;2026-05-18 09:46:24.3508;Hands;2;OpenXR
Right;;Baseline;0;NoMitigation;None;anonymous;Sample;6323;0.0000;-0.1103;-0.0272;0.1027;47.7774;41.4469;62.0433;-0.1103;-0.0272;0.1027;0.8067;0.4913;0.0821;0.3179;0;;;;;;;;;;;;;0;;;;;;;;-0.0592;0.2057;0.9768;-0.4589;-0.4033;0.3119;0.9942;-0.1034;-0.0301;-0.0031;;;;;;;;;;;;;0;-0.4795;-0.4028;0.2027;9.4495;4.4842;180.8672;Palm;b974454d-ae33-4d16-9737-e66469f616ef;;OpenLoop;2026-05-18 09:46:24.3720;Hands;2;OpenXR
Right;;Baseline;0;NoMitigation;None;anonymous;Sample;6327;0.0000;-0.1103;-0.0272;0.1027;47.7774;41.4469;62.0433;-0.1103;-0.0272;0.1027;0.8067;0.4913;0.0821;0.3179;0;;;;;;;;;;;;;0;;;;;;;;-0.0546;0.1888;0.9805;-0.4592;-0.4047;0.3123;0.9951;-0.0948;-0.0277;-0.0026;;;;;;;;;;;;;0;-0.4808;-0.4030;0.2031;9.4006;4.6564;180.7498;Palm;b974454d-ae33-4d16-9737-e66469f616ef;;OpenLoop;2026-05-18 09:46:24.3954;Hands;2;OpenXR
Right;;Baseline;0;NoMitigation;None;anonymous;Sample;6331;0.0000;-0.1103;-0.0272;0.1027;47.7774;41.4469;62.0433;-0.1103;-0.0272;0.1027;0.8067;0.4913;0.0821;0.3179;0;;;;;;;;;;;;;0;;;;;;;;-0.0511;0.1766;0.9830;-0.4594;-0.4058;0.3125;0.9957;-0.0886;-0.0259;-0.0023;;;;;;;;;;;;;0;-0.4808;-0.4030;0.2031;9.4006;4.6564;180.7498;Palm;b974454d-ae33-4d16-9737-e66469f616ef;;OpenLoop;2026-05-18 09:46:24.4157;Hands;2;OpenXR
Right;;Baseline;0;NoMitigation;None;anonymous;Sample;6335;0.0000;-0.1103;-0.0272;0.1027;47.7774;41.4469;62.0433;-0.1103;-0.0272;0.1027;0.8067;0.4913;0.0821;0.3179;0;;;;;;;;;;;;;0;;;;;;;;-0.0472;0.1610;0.9858;-0.4597;-0.4070;0.3126;0.9964;-0.0807;-0.0239;-0.0019;;;;;;;;;;;;;0;-0.4822;-0.4029;0.2030;9.4881;4.8109;181.0085;Palm;b974454d-ae33-4d16-9737-e66469f616ef;;OpenLoop;2026-05-18 09:46:24.4370;Hands;2;OpenXR
Right;;Baseline;0;NoMitigation;None;anonymous;Sample;6339;0.0000;-0.1103;-0.0272;0.1027;47.7774;41.4469;62.0433;-0.1103;-0.0272;0.1027;0.8067;0.4913;0.0821;0.3179;0;;;;;;;;;;;;;0;;;;;;;;-0.0438;0.1469;0.9882;-0.4599;-0.4080;0.3126;0.9970;-0.0736;-0.0221;-0.0016;;;;;;;;;;;;;0;-0.4822;-0.4029;0.2030;9.4881;4.8109;181.0085;Palm;b974454d-ae33-4d16-9737-e66469f616ef;;OpenLoop;2026-05-18 09:46:24.4597;Hands;2;OpenXR
Right;;Baseline;0;NoMitigation;None;anonymous;Sample;6343;0.0000;-0.1103;-0.0272;0.1027;47.7774;41.4469;62.0433;-0.1103;-0.0272;0.1027;0.8067;0.4913;0.0821;0.3179;0;;;;;;;;;;;;;0;;;;;;;;-0.0416;0.1267;0.9911;-0.4604;-0.4097;0.3126;0.9978;-0.0635;-0.0209;-0.0013;;;;;;;;;;;;;0;-0.4830;-0.4035;0.2028;9.6585;4.6683;181.3437;Palm;b974454d-ae33-4d16-9737-e66469f616ef;;OpenLoop;2026-05-18 09:46:24.4814;Hands;2;OpenXR
Right;;Baseline;0;NoMitigation;None;anonymous;Sample;6347;0.0000;-0.1103;-0.0272;0.1027;47.7774;41.4469;62.0433;-0.1103;-0.0272;0.1027;0.8067;0.4913;0.0821;0.3179;0;;;;;;;;;;;;;0;;;;;;;;-0.0402;0.1118;0.9929;-0.4607;-0.4110;0.3125;0.9982;-0.0560;-0.0202;-0.0011;;;;;;;;;;;;;0;-0.4830;-0.4035;0.2028;9.6585;4.6683;181.3437;Palm;b974454d-ae33-4d16-9737-e66469f616ef;;OpenLoop;2026-05-18 09:46:24.5036;Hands;2;OpenXR
Right;;Baseline;0;NoMitigation;None;anonymous;Sample;6351;0.0000;-0.1103;-0.0272;0.1027;47.7774;41.4469;62.0433;-0.1103;-0.0272;0.1027;0.8067;0.4913;0.0821;0.3179;0;;;;;;;;;;;;;0;;;;;;;;-0.0381;0.0943;0.9948;-0.4610;-0.4126;0.3126;0.9987;-0.0472;-0.0191;-0.0009;;;;;;;;;;;;;0;-0.4837;-0.4042;0.2034;9.7722;4.5432;181.2334;Palm;b974454d-ae33-4d16-9737-e66469f616ef;;OpenLoop;2026-05-18 09:46:24.5255;Hands;2;OpenXR
Right;;Baseline;0;NoMitigation;None;anonymous;Sample;6355;0.0000;-0.1103;-0.0272;0.1027;47.7774;41.4469;62.0433;-0.1103;-0.0272;0.1027;0.8067;0.4913;0.0821;0.3179;0;;;;;;;;;;;;;0;;;;;;;;-0.0362;0.0794;0.9962;-0.4612;-0.4140;0.3127;0.9990;-0.0397;-0.0181;-0.0007;;;;;;;;;;;;;0;-0.4837;-0.4042;0.2034;9.7722;4.5432;181.2334;Palm;b974454d-ae33-4d16-9737-e66469f616ef;;OpenLoop;2026-05-18 09:46:24.5468;Hands;2;OpenXR
Right;;Baseline;0;NoMitigation;None;anonymous;Sample;6359;0.0000;-0.1103;-0.0272;0.1027;47.7774;41.4469;62.0433;-0.1103;-0.0272;0.1027;0.8067;0.4913;0.0821;0.3179;0;;;;;;;;;;;;;0;;;;;;;;-0.0363;0.0597;0.9976;-0.4616;-0.4157;0.3129;0.9994;-0.0299;-0.0182;-0.0005;;;;;;;;;;;;;0;-0.4839;-0.4043;0.2036;9.9126;4.0379;181.0166;Palm;b974454d-ae33-4d16-9737-e66469f616ef;;OpenLoop;2026-05-18 09:46:24.5686;Hands;2;OpenXR
Right;;Baseline;0;NoMitigation;None;anonymous;Sample;6363;0.0000;-0.1103;-0.0272;0.1027;47.7774;41.4469;62.0433;-0.1103;-0.0272;0.1027;0.8067;0.4913;0.0821;0.3179;0;;;;;;;;;;;;;0;;;;;;;;-0.0363;0.0425;0.9984;-0.4619;-0.4172;0.3129;0.9996;-0.0213;-0.0181;-0.0004;;;;;;;;;;;;;0;-0.4839;-0.4048;0.2035;9.9993;3.8399;181.0308;Palm;b974454d-ae33-4d16-9737-e66469f616ef;;OpenLoop;2026-05-18 09:46:24.5904;Hands;2;OpenXR
Right;;Baseline;0;NoMitigation;None;anonymous;Sample;6367;0.0000;-0.1103;-0.0272;0.1027;47.7774;41.4469;62.0433;-0.1103;-0.0272;0.1027;0.8067;0.4913;0.0821;0.3179;0;;;;;;;;;;;;;0;;;;;;;;-0.0362;0.0295;0.9989;-0.4621;-0.4184;0.3129;0.9997;-0.0147;-0.0181;-0.0003;;;;;;;;;;;;;0;-0.4839;-0.4048;0.2035;9.9993;3.8399;181.0308;Palm;b974454d-ae33-4d16-9737-e66469f616ef;;OpenLoop;2026-05-18 09:46:24.6116;Hands;2;OpenXR
Right;;Baseline;0;NoMitigation;None;anonymous;Sample;6371;0.0000;-0.1103;-0.0272;0.1027;47.7774;41.4469;62.0433;-0.1103;-0.0272;0.1027;0.8067;0.4913;0.0821;0.3179;0;;;;;;;;;;;;;0;;;;;;;;-0.0360;0.0183;0.9992;-0.4623;-0.4195;0.3130;0.9998;-0.0091;-0.0180;-0.0002;;;;;;;;;;;;;0;-0.4841;-0.4056;0.2038;10.0939;3.6154;181.0271;Palm;b974454d-ae33-4d16-9737-e66469f616ef;;OpenLoop;2026-05-18 09:46:24.6341;Hands;2;OpenXR
Right;;Baseline;0;NoMitigation;None;anonymous;Sample;6375;0.0000;-0.1103;-0.0272;0.1027;47.7774;41.4469;62.0433;-0.1103;-0.0272;0.1027;0.8067;0.4913;0.0821;0.3179;0;;;;;;;;;;;;;0;;;;;;;;-0.0356;0.0078;0.9993;-0.4625;-0.4206;0.3130;0.9998;-0.0039;-0.0178;-0.0001;;;;;;;;;;;;;0;-0.4841;-0.4056;0.2038;10.0939;3.6154;181.0271;Palm;b974454d-ae33-4d16-9737-e66469f616ef;;OpenLoop;2026-05-18 09:46:24.6558;Hands;2;OpenXR
Right;;Baseline;0;NoMitigation;None;anonymous;Sample;6379;0.0000;-0.1103;-0.0272;0.1027;47.7774;41.4469;62.0433;-0.1103;-0.0272;0.1027;0.8067;0.4913;0.0821;0.3179;0;;;;;;;;;;;;;0;;;;;;;;-0.0341;-0.0034;0.9994;-0.4625;-0.4217;0.3131;0.9999;0.0017;-0.0170;0.0000;;;;;;;;;;;;;0;-0.4841;-0.4056;0.2039;10.1203;3.6305;180.8214;Palm;b974454d-ae33-4d16-9737-e66469f616ef;;OpenLoop;2026-05-18 09:46:24.6771;Hands;2;OpenXR
Right;;Baseline;0;NoMitigation;None;anonymous;Sample;6383;0.0000;-0.1103;-0.0272;0.1027;47.7774;41.4469;62.0433;-0.1103;-0.0272;0.1027;0.8067;0.4913;0.0821;0.3179;0;;;;;;;;;;;;;0;;;;;;;;-0.0329;-0.0115;0.9994;-0.4625;-0.4225;0.3131;0.9998;0.0058;-0.0164;0.0001;;;;;;;;;;;;;0;-0.4841;-0.4056;0.2039;10.1203;3.6305;180.8214;Palm;b974454d-ae33-4d16-9737-e66469f616ef;;OpenLoop;2026-05-18 09:46:24.6998;Hands;2;OpenXR
Right;;Baseline;0;NoMitigation;None;anonymous;Sample;6387;0.0000;-0.1103;-0.0272;0.1027;47.7774;41.4469;62.0433;-0.1103;-0.0272;0.1027;0.8067;0.4913;0.0821;0.3179;0;;;;;;;;;;;;;0;;;;;;;;-0.0306;-0.0195;0.9993;-0.4623;-0.4232;0.3131;0.9998;0.0097;-0.0153;0.0001;;;;;;;;;;;;;0;-0.4843;-0.4058;0.2041;10.2063;3.8759;180.6657;Palm;b974454d-ae33-4d16-9737-e66469f616ef;;OpenLoop;2026-05-18 09:46:24.7222;Hands;2;OpenXR
Right;;Baseline;0;NoMitigation;None;anonymous;Sample;6391;0.0000;-0.1103;-0.0272;0.1027;47.7774;41.4469;62.0433;-0.1103;-0.0272;0.1027;0.8067;0.4913;0.0821;0.3179;0;;;;;;;;;;;;;0;;;;;;;;-0.0275;-0.0278;0.9992;-0.4622;-0.4239;0.3131;0.9998;0.0139;-0.0138;0.0002;;;;;;;;;;;;;0;-0.4843;-0.4058;0.2041;10.2063;3.8759;180.6657;Palm;b974454d-ae33-4d16-9737-e66469f616ef;;OpenLoop;2026-05-18 09:46:24.7440;Hands;2;OpenXR
Right;;Baseline;0;NoMitigation;None;anonymous;Sample;6395;0.0000;-0.1103;-0.0272;0.1027;47.7774;41.4469;62.0433;-0.1103;-0.0272;0.1027;0.8067;0.4913;0.0821;0.3179;0;;;;;;;;;;;;;0;;;;;;;;-0.0224;-0.0355;0.9991;-0.4619;-0.4245;0.3130;0.9998;0.0178;-0.0112;0.0002;;;;;;;;;;;;;0;-0.4848;-0.4055;0.2042;10.1712;4.1933;180.1735;Palm;b974454d-ae33-4d16-9737-e66469f616ef;;OpenLoop;2026-05-18 09:46:24.7658;Hands;2;OpenXR
Right;;Baseline;0;NoMitigation;None;anonymous;Sample;6399;0.0000;-0.1103;-0.0272;0.1027;47.7774;41.4469;62.0433;-0.1103;-0.0272;0.1027;0.8067;0.4913;0.0821;0.3179;0;;;;;;;;;;;;;0;;;;;;;;-0.0171;-0.0438;0.9989;-0.4618;-0.4251;0.3129;0.9997;0.0219;-0.0085;0.0002;;;;;;;;;;;;;0;-0.4856;-0.4054;0.2042;10.2532;4.3381;179.9271;Palm;b974454d-ae33-4d16-9737-e66469f616ef;;OpenLoop;2026-05-18 09:46:24.7877;Hands;2;OpenXR
Right;;Baseline;0;NoMitigation;None;anonymous;Sample;6403;0.0000;-0.1103;-0.0272;0.1027;47.7774;41.4469;62.0433;-0.1103;-0.0272;0.1027;0.8067;0.4913;0.0821;0.3179;0;;;;;;;;;;;;;0;;;;;;;;-0.0121;-0.0522;0.9986;-0.4617;-0.4257;0.3129;0.9996;0.0261;-0.0060;0.0002;;;;;;;;;;;;;0;-0.4856;-0.4054;0.2042;10.2532;4.3381;179.9271;Palm;b974454d-ae33-4d16-9737-e66469f616ef;;OpenLoop;2026-05-18 09:46:24.8099;Hands;2;OpenXR
Right;;Baseline;0;NoMitigation;None;anonymous;Sample;6407;0.0000;-0.1103;-0.0272;0.1027;47.7774;41.4469;62.0433;-0.1103;-0.0272;0.1027;0.8067;0.4913;0.0821;0.3179;0;;;;;;;;;;;;;0;;;;;;;;-0.0088;-0.0577;0.9983;-0.4617;-0.4260;0.3128;0.9996;0.0289;-0.0044;0.0001;;;;;;;;;;;;;0;-0.4856;-0.4054;0.2042;10.2532;4.3381;179.9271;Palm;b974454d-ae33-4d16-9737-e66469f616ef;;OpenLoop;2026-05-18 09:46:24.8313;Hands;2;OpenXR
Right;;Baseline;0;NoMitigation;None;anonymous;Sample;6411;0.0000;-0.1103;-0.0272;0.1027;47.7774;41.4469;62.0433;-0.1103;-0.0272;0.1027;0.8067;0.4913;0.0821;0.3179;0;;;;;;;;;;;;;0;;;;;;;;-0.0051;-0.0659;0.9978;-0.4618;-0.4262;0.3126;0.9995;0.0330;-0.0025;0.0001;;;;;;;;;;;;;0;-0.4864;-0.4048;0.2039;10.0131;4.2343;179.3600;Palm;b974454d-ae33-4d16-9737-e66469f616ef;;OpenLoop;2026-05-18 09:46:24.8531;Hands;2;OpenXR
Right;;Baseline;0;NoMitigation;None;anonymous;Sample;6415;0.0000;-0.1103;-0.0272;0.1027;47.7774;41.4469;62.0433;-0.1103;-0.0272;0.1027;0.8067;0.4913;0.0821;0.3179;0;;;;;;;;;;;;;0;;;;;;;;-0.0010;-0.0748;0.9972;-0.4620;-0.4265;0.3127;0.9993;0.0374;-0.0005;0.0000;;;;;;;;;;;;;0;-0.4874;-0.4045;0.2047;9.8994;4.2938;179.1371;Palm;b974454d-ae33-4d16-9737-e66469f616ef;;OpenLoop;2026-05-18 09:46:24.8760;Hands;2;OpenXR
Right;;Baseline;0;NoMitigation;None;anonymous;Sample;6419;0.0000;-0.1103;-0.0272;0.1027;47.7774;41.4469;62.0433;-0.1103;-0.0272;0.1027;0.8067;0.4913;0.0821;0.3179;0;;;;;;;;;;;;;0;;;;;;;;0.0026;-0.0825;0.9966;-0.4622;-0.4267;0.3129;0.9991;0.0413;0.0013;-0.0001;;;;;;;;;;;;;0;-0.4874;-0.4045;0.2047;9.8994;4.2938;179.1371;Palm;b974454d-ae33-4d16-9737-e66469f616ef;;OpenLoop;2026-05-18 09:46:24.8969;Hands;2;OpenXR
Right;;Baseline;0;NoMitigation;None;anonymous;Sample;6423;0.0000;-0.1103;-0.0272;0.1027;47.7774;41.4469;62.0433;-0.1103;-0.0272;0.1027;0.8067;0.4913;0.0821;0.3179;0;;;;;;;;;;;;;0;;;;;;;;0.0054;-0.0937;0.9956;-0.4626;-0.4270;0.3128;0.9989;0.0469;0.0027;-0.0001;;;;;;;;;;;;;0;-0.4882;-0.4043;0.2044;9.7722;4.0951;179.2093;Palm;b974454d-ae33-4d16-9737-e66469f616ef;;OpenLoop;2026-05-18 09:46:24.9202;Hands;2;OpenXR
Right;;Baseline;0;NoMitigation;None;anonymous;Sample;6427;0.0000;-0.1103;-0.0272;0.1027;47.7774;41.4469;62.0433;-0.1103;-0.0272;0.1027;0.8067;0.4913;0.0821;0.3179;0;;;;;;;;;;;;;0;;;;;;;;0.0072;-0.1007;0.9949;-0.4628;-0.4272;0.3128;0.9987;0.0504;0.0036;-0.0002;;;;;;;;;;;;;0;-0.4882;-0.4043;0.2044;9.7722;4.0951;179.2093;Palm;b974454d-ae33-4d16-9737-e66469f616ef;;OpenLoop;2026-05-18 09:46:24.9420;Hands;2;OpenXR
Right;;Baseline;0;NoMitigation;None;anonymous;Sample;6431;0.0000;-0.1103;-0.0272;0.1027;47.7774;41.4469;62.0433;-0.1103;-0.0272;0.1027;0.8067;0.4913;0.0821;0.3179;0;;;;;;;;;;;;;0;;;;;;;;0.0087;-0.1085;0.9941;-0.4632;-0.4273;0.3129;0.9985;0.0543;0.0044;-0.0002;;;;;;;;;;;;;0;-0.4891;-0.4039;0.2048;9.6130;3.9354;179.1533;Palm;b974454d-ae33-4d16-9737-e66469f616ef;;OpenLoop;2026-05-18 09:46:24.9643;Hands;2;OpenXR
Right;;Baseline;0;NoMitigation;None;anonymous;Sample;6435;0.0000;-0.1103;-0.0272;0.1027;47.7774;41.4469;62.0433;-0.1103;-0.0272;0.1027;0.8067;0.4913;0.0821;0.3179;0;;;;;;;;;;;;;0;;;;;;;;0.0107;-0.1180;0.9930;-0.4637;-0.4275;0.3131;0.9982;0.0591;0.0054;-0.0003;;;;;;;;;;;;;0;-0.4902;-0.4033;0.2053;9.7926;3.9880;179.2612;Palm;b974454d-ae33-4d16-9737-e66469f616ef;;OpenLoop;2026-05-18 09:46:24.9860;Hands;2;OpenXR
Right;;Baseline;0;NoMitigation;None;anonymous;Sample;6439;0.0000;-0.1103;-0.0272;0.1027;47.7774;41.4469;62.0433;-0.1103;-0.0272;0.1027;0.8067;0.4913;0.0821;0.3179;0;;;;;;;;;;;;;0;;;;;;;;0.0130;-0.1284;0.9916;-0.4640;-0.4278;0.3132;0.9979;0.0643;0.0065;-0.0004;;;;;;;;;;;;;0;-0.4902;-0.4033;0.2053;9.7926;3.9880;179.2612;Palm;b974454d-ae33-4d16-9737-e66469f616ef;;OpenLoop;2026-05-18 09:46:25.0073;Hands;2;OpenXR
Right;;Baseline;0;NoMitigation;None;anonymous;Sample;6443;0.0000;-0.1103;-0.0272;0.1027;47.7774;41.4469;62.0433;-0.1103;-0.0272;0.1027;0.8067;0.4913;0.0821;0.3179;0;;;;;;;;;;;;;0;;;;;;;;0.0144;-0.1350;0.9907;-0.4643;-0.4280;0.3132;0.9977;0.0676;0.0073;-0.0005;;;;;;;;;;;;;0;-0.4902;-0.4033;0.2053;9.7926;3.9880;179.2612;Palm;b974454d-ae33-4d16-9737-e66469f616ef;;OpenLoop;2026-05-18 09:46:25.0306;Hands;2;OpenXR
Right;;Baseline;0;NoMitigation;None;anonymous;Sample;6447;0.0000;-0.1103;-0.0272;0.1027;47.7774;41.4469;62.0433;-0.1103;-0.0272;0.1027;0.8067;0.4913;0.0821;0.3179;0;;;;;;;;;;;;;0;;;;;;;;0.0167;-0.1483;0.9888;-0.4646;-0.4290;0.3133;0.9972;0.0744;0.0084;-0.0006;;;;;;;;;;;;;0;-0.4908;-0.4039;0.2056;10.0457;3.9173;179.5458;Palm;b974454d-ae33-4d16-9737-e66469f616ef;;OpenLoop;2026-05-18 09:46:25.0523;Hands;2;OpenXR
Right;;Baseline;0;NoMitigation;None;anonymous;Sample;6451;0.0000;-0.1103;-0.0272;0.1027;47.7774;41.4469;62.0433;-0.1103;-0.0272;0.1027;0.8067;0.4913;0.0821;0.3179;0;;;;;;;;;;;;;0;;;;;;;;0.0196;-0.1611;0.9867;-0.4650;-0.4298;0.3135;0.9967;0.0808;0.0099;-0.0008;;;;;;;;;;;;;0;-0.4923;-0.4030;0.2070;10.5606;4.1580;179.6459;Palm;b974454d-ae33-4d16-9737-e66469f616ef;;OpenLoop;2026-05-18 09:46:25.0741;Hands;2;OpenXR
Right;;Baseline;0;NoMitigation;None;anonymous;Sample;6455;0.0000;-0.1103;-0.0272;0.1027;47.7774;41.4469;62.0433;-0.1103;-0.0272;0.1027;0.8067;0.4913;0.0821;0.3179;0;;;;;;;;;;;;;0;;;;;;;;0.0222;-0.1718;0.9849;-0.4654;-0.4305;0.3137;0.9962;0.0862;0.0112;-0.0010;;;;;;;;;;;;;0;-0.4923;-0.4030;0.2070;10.5606;4.1580;179.6459;Palm;b974454d-ae33-4d16-9737-e66469f616ef;;OpenLoop;2026-05-18 09:46:25.0961;Hands;2;OpenXR
Right;;Baseline;0;NoMitigation;None;anonymous;Sample;6459;0.0000;-0.1103;-0.0272;0.1027;47.7774;41.4469;62.0433;-0.1103;-0.0272;0.1027;0.8067;0.4913;0.0821;0.3179;0;;;;;;;;;;;;;0;;;;;;;;0.0302;-0.1865;0.9820;-0.4652;-0.4313;0.3141;0.9955;0.0936;0.0153;-0.0014;;;;;;;;;;;;;0;-0.4931;-0.4018;0.2087;11.4390;5.0485;179.2585;Palm;b974454d-ae33-4d16-9737-e66469f616ef;;OpenLoop;2026-05-18 09:46:25.1184;Hands;2;OpenXR
Right;;Baseline;0;NoMitigation;None;anonymous;Sample;6463;0.0000;-0.1103;-0.0272;0.1027;47.7774;41.4469;62.0433;-0.1103;-0.0272;0.1027;0.8067;0.4913;0.0821;0.3179;0;;;;;;;;;;;;;0;;;;;;;;0.0352;-0.1956;0.9800;-0.4652;-0.4319;0.3143;0.9950;0.0983;0.0179;-0.0018;;;;;;;;;;;;;0;-0.4931;-0.4018;0.2087;11.4390;5.0485;179.2585;Palm;b974454d-ae33-4d16-9737-e66469f616ef;;OpenLoop;2026-05-18 09:46:25.1417;Hands;2;OpenXR
Right;;Baseline;0;NoMitigation;None;anonymous;Sample;6467;0.0000;-0.1103;-0.0272;0.1027;47.7774;41.4469;62.0433;-0.1103;-0.0272;0.1027;0.8067;0.4913;0.0821;0.3179;0;;;;;;;;;;;;;0;;;;;;;;0.0445;-0.2093;0.9768;-0.4649;-0.4330;0.3144;0.9942;0.1052;0.0226;-0.0024;;;;;;;;;;;;;0;-0.4944;-0.4014;0.2102;12.8349;6.0161;179.2866;Palm;b974454d-ae33-4d16-9737-e66469f616ef;;OpenLoop;2026-05-18 09:46:25.1639;Hands;2;OpenXR
Right;;Baseline;0;NoMitigation;None;anonymous;Sample;6471;0.0000;-0.1103;-0.0272;0.1027;47.7774;41.4469;62.0433;-0.1103;-0.0272;0.1027;0.8067;0.4913;0.0821;0.3179;0;;;;;;;;;;;;;0;;;;;;;;0.0555;-0.2234;0.9732;-0.4644;-0.4344;0.3145;0.9933;0.1124;0.0283;-0.0032;;;;;;;;;;;;;0;-0.4952;-0.4019;0.2117;13.9425;7.2186;179.3051;Palm;b974454d-ae33-4d16-9737-e66469f616ef;;OpenLoop;2026-05-18 09:46:25.1867;Hands;2;OpenXR
Right;;Baseline;0;NoMitigation;None;anonymous;Sample;6475;0.0000;-0.1103;-0.0272;0.1027;47.7774;41.4469;62.0433;-0.1103;-0.0272;0.1027;0.8067;0.4913;0.0821;0.3179;0;;;;;;;;;;;;;0;;;;;;;;0.0668;-0.2364;0.9693;-0.4638;-0.4358;0.3145;0.9923;0.1190;0.0342;-0.0041;;;;;;;;;;;;;0;-0.4952;-0.4019;0.2117;13.9425;7.2186;179.3051;Palm;b974454d-ae33-4d16-9737-e66469f616ef;;OpenLoop;2026-05-18 09:46:25.2075;Hands;2;OpenXR
Right;;Baseline;0;NoMitigation;None;anonymous;Sample;6479;0.0000;-0.1103;-0.0272;0.1027;47.7774;41.4469;62.0433;-0.1103;-0.0272;0.1027;0.8067;0.4913;0.0821;0.3179;0;;;;;;;;;;;;;0;;;;;;;;0.0740;-0.2446;0.9668;-0.4635;-0.4367;0.3146;0.9917;0.1232;0.0379;-0.0047;;;;;;;;;;;;;0;-0.4952;-0.4019;0.2117;13.9425;7.2186;179.3051;Palm;b974454d-ae33-4d16-9737-e66469f616ef;;OpenLoop;2026-05-18 09:46:25.2302;Hands;2;OpenXR
Right;;Baseline;0;NoMitigation;None;anonymous;Sample;6483;0.0000;-0.1103;-0.0272;0.1027;47.7774;41.4469;62.0433;-0.1103;-0.0272;0.1027;0.8067;0.4913;0.0821;0.3179;0;;;;;;;;;;;;;0;;;;;;;;0.0867;-0.2552;0.9630;-0.4625;-0.4380;0.3145;0.9907;0.1286;0.0445;-0.0058;;;;;;;;;;;;;0;-0.4956;-0.4020;0.2129;14.9046;8.4052;179.3724;Palm;b974454d-ae33-4d16-9737-e66469f616ef;;OpenLoop;2026-05-18 09:46:25.2530;Hands;2;OpenXR
Right;;Baseline;0;NoMitigation;None;anonymous;Sample;6487;0.0000;-0.1103;-0.0272;0.1027;47.7774;41.4469;62.0433;-0.1103;-0.0272;0.1027;0.8067;0.4913;0.0821;0.3179;0;;;;;;;;;;;;;0;;;;;;;;0.0991;-0.2653;0.9591;-0.4617;-0.4392;0.3144;0.9897;0.1337;0.0510;-0.0069;;;;;;;;;;;;;0;-0.4965;-0.4021;0.2139;15.5550;9.4585;179.1079;Palm;b974454d-ae33-4d16-9737-e66469f616ef;;OpenLoop;2026-05-18 09:46:25.2749;Hands;2;OpenXR
Right;;Baseline;0;NoMitigation;None;anonymous;Sample;6491;0.0000;-0.1103;-0.0272;0.1027;47.7774;41.4469;62.0433;-0.1103;-0.0272;0.1027;0.8067;0.4913;0.0821;0.3179;0;;;;;;;;;;;;;0;;;;;;;;0.1093;-0.2735;0.9556;-0.4611;-0.4402;0.3143;0.9888;0.1378;0.0564;-0.0079;;;;;;;;;;;;;0;-0.4965;-0.4021;0.2139;15.5550;9.4585;179.1079;Palm;b974454d-ae33-4d16-9737-e66469f616ef;;OpenLoop;2026-05-18 09:46:25.2982;Hands;2;OpenXR
Right;;Baseline;0;NoMitigation;None;anonymous;Sample;6495;0.0000;-0.1103;-0.0272;0.1027;47.7774;41.4469;62.0433;-0.1103;-0.0272;0.1027;0.8067;0.4913;0.0821;0.3179;0;;;;;;;;;;;;;0;;;;;;;;0.1231;-0.2826;0.9513;-0.4604;-0.4412;0.3141;0.9877;0.1425;0.0636;-0.0092;;;;;;;;;;;;;0;-0.4978;-0.4019;0.2148;16.0176;10.6768;178.6769;Palm;b974454d-ae33-4d16-9737-e66469f616ef;;OpenLoop;2026-05-18 09:46:25.3205;Hands;2;OpenXR
Right;;Baseline;0;NoMitigation;None;anonymous;Sample;6499;0.0000;-0.1103;-0.0272;0.1027;47.7774;41.4469;62.0433;-0.1103;-0.0272;0.1027;0.8067;0.4913;0.0821;0.3179;0;;;;;;;;;;;;;0;;;;;;;;0.1315;-0.2882;0.9485;-0.4600;-0.4418;0.3140;0.9870;0.1453;0.0681;-0.0100;;;;;;;;;;;;;0;-0.4978;-0.4019;0.2148;16.0176;10.6768;178.6769;Palm;b974454d-ae33-4d16-9737-e66469f616ef;;OpenLoop;2026-05-18 09:46:25.3429;Hands;2;OpenXR
Right;;Baseline;0;NoMitigation;None;anonymous;Sample;6503;0.0000;-0.1103;-0.0272;0.1027;47.7774;41.4469;62.0433;-0.1103;-0.0272;0.1027;0.8067;0.4913;0.0821;0.3179;0;;;;;;;;;;;;;0;;;;;;;;0.1411;-0.2948;0.9451;-0.4600;-0.4425;0.3141;0.9861;0.1487;0.0732;-0.0110;;;;;;;;;;;;;0;-0.4999;-0.4017;0.2162;16.2465;11.7159;177.8198;Palm;b974454d-ae33-4d16-9737-e66469f616ef;;OpenLoop;2026-05-18 09:46:25.3642;Hands;2;OpenXR
Right;;Baseline;0;NoMitigation;None;anonymous;Sample;6507;0.0000;-0.1103;-0.0272;0.1027;47.7774;41.4469;62.0433;-0.1103;-0.0272;0.1027;0.8067;0.4913;0.0821;0.3179;0;;;;;;;;;;;;;0;;;;;;;;0.1504;-0.3024;0.9412;-0.4602;-0.4432;0.3141;0.9851;0.1525;0.0782;-0.0121;;;;;;;;;;;;;0;-0.5024;-0.4017;0.2176;16.6067;12.6393;177.1043;Palm;b974454d-ae33-4d16-9737-e66469f616ef;;OpenLoop;2026-05-18 09:46:25.3874;Hands;2;OpenXR
Right;;Baseline;0;NoMitigation;None;anonymous;Sample;6511;0.0000;-0.1103;-0.0272;0.1027;47.7774;41.4469;62.0433;-0.1103;-0.0272;0.1027;0.8067;0.4913;0.0821;0.3179;0;;;;;;;;;;;;;0;;;;;;;;0.1592;-0.3108;0.9371;-0.4605;-0.4440;0.3142;0.9840;0.1568;0.0830;-0.0132;;;;;;;;;;;;;0;-0.5024;-0.4017;0.2176;16.6067;12.6393;177.1043;Palm;b974454d-ae33-4d16-9737-e66469f616ef;;OpenLoop;2026-05-18 09:46:25.4110;Hands;2;OpenXR
Right;;Baseline;0;NoMitigation;None;anonymous;Sample;6515;0.0000;-0.1103;-0.0272;0.1027;47.7774;41.4469;62.0433;-0.1103;-0.0272;0.1027;0.8067;0.4913;0.0821;0.3179;0;;;;;;;;;;;;;0;;;;;;;;0.1646;-0.3159;0.9344;-0.4607;-0.4445;0.3142;0.9834;0.1594;0.0860;-0.0139;;;;;;;;;;;;;0;-0.5024;-0.4017;0.2176;16.6067;12.6393;177.1043;Palm;b974454d-ae33-4d16-9737-e66469f616ef;;OpenLoop;2026-05-18 09:46:25.4322;Hands;2;OpenXR
Right;;Baseline;0;NoMitigation;None;anonymous;Sample;6519;0.0000;-0.1103;-0.0272;0.1027;47.7774;41.4469;62.0433;-0.1103;-0.0272;0.1027;0.8067;0.4913;0.0821;0.3179;0;;;;;;;;;;;;;0;;;;;;;;0.1727;-0.3286;0.9286;-0.4614;-0.4457;0.3141;0.9819;0.1659;0.0905;-0.0153;;;;;;;;;;;;;0;-0.5050;-0.4021;0.2187;17.1384;13.3723;176.9237;Palm;b974454d-ae33-4d16-9737-e66469f616ef;;OpenLoop;2026-05-18 09:46:25.4557;Hands;2;OpenXR
Right;;Baseline;0;NoMitigation;None;anonymous;Sample;6523;0.0000;-0.1103;-0.0272;0.1027;47.7774;41.4469;62.0433;-0.1103;-0.0272;0.1027;0.8067;0.4913;0.0821;0.3179;0;;;;;;;;;;;;;0;;;;;;;;0.1793;-0.3422;0.9224;-0.4623;-0.4468;0.3139;0.9803;0.1729;0.0944;-0.0166;;;;;;;;;;;;;0;-0.5078;-0.4017;0.2193;17.6653;13.9001;177.2085;Palm;b974454d-ae33-4d16-9737-e66469f616ef;;OpenLoop;2026-05-18 09:46:25.4780;Hands;2;OpenXR
Right;;Baseline;0;NoMitigation;None;anonymous;Sample;6527;0.0000;-0.1103;-0.0272;0.1027;47.7774;41.4469;62.0433;-0.1103;-0.0272;0.1027;0.8067;0.4913;0.0821;0.3179;0;;;;;;;;;;;;;0;;;;;;;;0.1844;-0.3541;0.9169;-0.4631;-0.4477;0.3136;0.9788;0.1791;0.0975;-0.0178;;;;;;;;;;;;;0;-0.5078;-0.4017;0.2193;17.6653;13.9001;177.2085;Palm;b974454d-ae33-4d16-9737-e66469f616ef;;OpenLoop;2026-05-18 09:46:25.5008;Hands;2;OpenXR
Right;;Baseline;0;NoMitigation;None;anonymous;Sample;6531;0.0000;-0.1103;-0.0272;0.1027;47.7774;41.4469;62.0433;-0.1103;-0.0272;0.1027;0.8067;0.4913;0.0821;0.3179;0;;;;;;;;;;;;;0;;;;;;;;0.1892;-0.3708;0.9092;-0.4646;-0.4491;0.3131;0.9769;0.1878;0.1006;-0.0193;;;;;;;;;;;;;0;-0.5107;-0.4019;0.2196;18.3821;14.2875;177.7025;Palm;b974454d-ae33-4d16-9737-e66469f616ef;;OpenLoop;2026-05-18 09:46:25.5231;Hands;2;OpenXR
Right;;Baseline;0;NoMitigation;None;anonymous;Sample;6535;0.0000;-0.1103;-0.0272;0.1027;47.7774;41.4469;62.0433;-0.1103;-0.0272;0.1027;0.8067;0.4913;0.0821;0.3179;0;;;;;;;;;;;;;0;;;;;;;;0.1923;-0.3815;0.9042;-0.4655;-0.4499;0.3128;0.9755;0.1934;0.1026;-0.0203;;;;;;;;;;;;;0;-0.5107;-0.4019;0.2196;18.3821;14.2875;177.7025;Palm;b974454d-ae33-4d16-9737-e66469f616ef;;OpenLoop;2026-05-18 09:46:25.5453;Hands;2;OpenXR
Right;;Baseline;0;NoMitigation;None;anonymous;Sample;6539;0.0000;-0.1103;-0.0272;0.1027;47.7774;41.4469;62.0433;-0.1103;-0.0272;0.1027;0.8067;0.4913;0.0821;0.3179;0;;;;;;;;;;;;;0;;;;;;;;0.1950;-0.3970;0.8969;-0.4667;-0.4514;0.3121;0.9736;0.2015;0.1046;-0.0217;;;;;;;;;;;;;0;-0.5132;-0.4027;0.2194;19.3453;14.5450;178.4876;Palm;b974454d-ae33-4d16-9737-e66469f616ef;;OpenLoop;2026-05-18 09:46:25.5686;Hands;2;OpenXR
Right;;Baseline;0;NoMitigation;None;anonymous;Sample;6543;0.0000;-0.1103;-0.0272;0.1027;47.7774;41.4469;62.0433;-0.1103;-0.0272;0.1027;0.8067;0.4913;0.0821;0.3179;0;;;;;;;;;;;;;0;;;;;;;;0.1978;-0.4136;0.8887;-0.4679;-0.4531;0.3111;0.9715;0.2103;0.1068;-0.0231;;;;;;;;;;;;;0;-0.5154;-0.4035;0.2186;20.3902;14.8212;179.8812;Palm;b974454d-ae33-4d16-9737-e66469f616ef;;OpenLoop;2026-05-18 09:46:25.5913;Hands;2;OpenXR
Right;;Baseline;0;NoMitigation;None;anonymous;Sample;6547;0.0000;-0.1103;-0.0272;0.1027;47.7774;41.4469;62.0433;-0.1103;-0.0272;0.1027;0.8067;0.4913;0.0821;0.3179;0;;;;;;;;;;;;;0;;;;;;;;0.2004;-0.4296;0.8805;-0.4689;-0.4547;0.3101;0.9694;0.2188;0.1089;-0.0246;;;;;;;;;;;;;0;-0.5154;-0.4035;0.2186;20.3902;14.8212;179.8812;Palm;b974454d-ae33-4d16-9737-e66469f616ef;;OpenLoop;2026-05-18 09:46:25.6141;Hands;2;OpenXR
Right;;Baseline;0;NoMitigation;None;anonymous;Sample;6551;0.0000;-0.1103;-0.0272;0.1027;47.7774;41.4469;62.0433;-0.1103;-0.0272;0.1027;0.8067;0.4913;0.0821;0.3179;0;;;;;;;;;;;;;0;;;;;;;;0.2046;-0.4485;0.8700;-0.4695;-0.4566;0.3086;0.9666;0.2289;0.1121;-0.0266;;;;;;;;;;;;;0;-0.5162;-0.4044;0.2179;21.4589;15.2908;181.3429;Palm;b974454d-ae33-4d16-9737-e66469f616ef;;OpenLoop;2026-05-18 09:46:25.6359;Hands;2;OpenXR
Right;;Baseline;0;NoMitigation;None;anonymous;Sample;6555;0.0000;-0.1103;-0.0272;0.1027;47.7774;41.4469;62.0433;-0.1103;-0.0272;0.1027;0.8067;0.4913;0.0821;0.3179;0;;;;;;;;;;;;;0;;;;;;;;0.2076;-0.4621;0.8622;-0.4699;-0.4580;0.3076;0.9645;0.2362;0.1145;-0.0280;;;;;;;;;;;;;0;-0.5162;-0.4044;0.2179;21.4589;15.2908;181.3429;Palm;b974454d-ae33-4d16-9737-e66469f616ef;;OpenLoop;2026-05-18 09:46:25.6592;Hands;2;OpenXR
Right;;Baseline;0;NoMitigation;None;anonymous;Sample;6559;0.0000;-0.1103;-0.0272;0.1027;47.7774;41.4469;62.0433;-0.1103;-0.0272;0.1027;0.8067;0.4913;0.0821;0.3179;0;;;;;;;;;;;;;0;;;;;;;;0.2100;-0.4786;0.8526;-0.4704;-0.4594;0.3063;0.9620;0.2451;0.1167;-0.0297;;;;;;;;;;;;;0;-0.5174;-0.4046;0.2170;22.3574;15.2609;182.7419;Palm;b974454d-ae33-4d16-9737-e66469f616ef;;OpenLoop;2026-05-18 09:46:25.6825;Hands;2;OpenXR
Right;;Baseline;0;NoMitigation;None;anonymous;Sample;6563;0.0000;-0.1103;-0.0272;0.1027;47.7774;41.4469;62.0433;-0.1103;-0.0272;0.1027;0.8067;0.4913;0.0821;0.3179;0;;;;;;;;;;;;;0;;;;;;;;0.2116;-0.4909;0.8451;-0.4708;-0.4605;0.3053;0.9600;0.2519;0.1183;-0.0310;;;;;;;;;;;;;0;-0.5174;-0.4046;0.2170;22.3574;15.2609;182.7419;Palm;b974454d-ae33-4d16-9737-e66469f616ef;;OpenLoop;2026-05-18 09:46:25.7038;Hands;2;OpenXR
Right;;Baseline;0;NoMitigation;None;anonymous;Sample;6567;0.0000;-0.1103;-0.0272;0.1027;47.7774;41.4469;62.0433;-0.1103;-0.0272;0.1027;0.8067;0.4913;0.0821;0.3179;0;;;;;;;;;;;;;0;;;;;;;;0.2121;-0.5059;0.8361;-0.4714;-0.4617;0.3040;0.9576;0.2601;0.1195;-0.0325;;;;;;;;;;;;;0;-0.5183;-0.4047;0.2161;22.9688;14.9445;183.7296;Palm;b974454d-ae33-4d16-9737-e66469f616ef;;OpenLoop;2026-05-18 09:46:25.7276;Hands;2;OpenXR
Right;;Baseline;0;NoMitigation;None;anonymous;Sample;6571;0.0000;-0.1103;-0.0272;0.1027;47.7774;41.4469;62.0433;-0.1103;-0.0272;0.1027;0.8067;0.4913;0.0821;0.3179;0;;;;;;;;;;;;;0;;;;;;;;0.2123;-0.5151;0.8304;-0.4719;-0.4625;0.3032;0.9561;0.2652;0.1203;-0.0334;;;;;;;;;;;;;0;-0.5183;-0.4047;0.2161;22.9688;14.9445;183.7296;Palm;b974454d-ae33-4d16-9737-e66469f616ef;;OpenLoop;2026-05-18 09:46:25.7500;Hands;2;OpenXR
Right;;Baseline;0;NoMitigation;None;anonymous;Sample;6575;0.0000;-0.1103;-0.0272;0.1027;47.7774;41.4469;62.0433;-0.1103;-0.0272;0.1027;0.8067;0.4913;0.0821;0.3179;0;;;;;;;;;;;;;0;;;;;;;;0.2123;-0.5244;0.8246;-0.4726;-0.4631;0.3022;0.9545;0.2704;0.1209;-0.0342;;;;;;;;;;;;;0;-0.5196;-0.4043;0.2152;23.3744;14.6852;184.1190;Palm;b974454d-ae33-4d16-9737-e66469f616ef;;OpenLoop;2026-05-18 09:46:25.7734;Hands;2;OpenXR
Right;;Baseline;0;NoMitigation;None;anonymous;Sample;6579;0.0000;-0.1103;-0.0272;0.1027;47.7774;41.4469;62.0433;-0.1103;-0.0272;0.1027;0.8067;0.4913;0.0821;0.3179;0;;;;;;;;;;;;;0;;;;;;;;0.2126;-0.5321;0.8196;-0.4735;-0.4634;0.3013;0.9532;0.2746;0.1216;-0.0350;;;;;;;;;;;;;0;-0.5210;-0.4032;0.2148;23.4997;14.6185;184.1353;Palm;b974454d-ae33-4d16-9737-e66469f616ef;;OpenLoop;2026-05-18 09:46:25.7963;Hands;2;OpenXR
Right;;Baseline;0;NoMitigation;None;anonymous;Sample;6583;0.0000;-0.1103;-0.0272;0.1027;47.7774;41.4469;62.0433;-0.1103;-0.0272;0.1027;0.8067;0.4913;0.0821;0.3179;0;;;;;;;;;;;;;0;;;;;;;;0.2129;-0.5378;0.8157;-0.4742;-0.4636;0.3006;0.9521;0.2779;0.1222;-0.0357;;;;;;;;;;;;;0;-0.5210;-0.4032;0.2148;23.4997;14.6185;184.1353;Palm;b974454d-ae33-4d16-9737-e66469f616ef;;OpenLoop;2026-05-18 09:46:25.8191;Hands;2;OpenXR
Right;;Baseline;0;NoMitigation;None;anonymous;Sample;6587;0.0000;-0.1103;-0.0272;0.1027;47.7774;41.4469;62.0433;-0.1103;-0.0272;0.1027;0.8067;0.4913;0.0821;0.3179;0;;;;;;;;;;;;;0;;;;;;;;0.2145;-0.5447;0.8107;-0.4751;-0.4637;0.3000;0.9508;0.2817;0.1236;-0.0366;;;;;;;;;;;;;0;-0.5225;-0.4023;0.2151;23.6037;14.7576;183.8893;Palm;b974454d-ae33-4d16-9737-e66469f616ef;;OpenLoop;2026-05-18 09:46:25.8409;Hands;2;OpenXR
Right;;Baseline;0;NoMitigation;None;anonymous;Sample;6591;0.0000;-0.1103;-0.0272;0.1027;47.7774;41.4469;62.0433;-0.1103;-0.0272;0.1027;0.8067;0.4913;0.0821;0.3179;0;;;;;;;;;;;;;0;;;;;;;;0.2154;-0.5490;0.8076;-0.4757;-0.4637;0.2996;0.9500;0.2841;0.1245;-0.0372;;;;;;;;;;;;;0;-0.5225;-0.4023;0.2151;23.6037;14.7576;183.8893;Palm;b974454d-ae33-4d16-9737-e66469f616ef;;OpenLoop;2026-05-18 09:46:25.8642;Hands;2;OpenXR
Right;;Baseline;0;NoMitigation;None;anonymous;Sample;6595;0.0000;-0.1103;-0.0272;0.1027;47.7774;41.4469;62.0433;-0.1103;-0.0272;0.1027;0.8067;0.4913;0.0821;0.3179;0;;;;;;;;;;;;;0;;;;;;;;0.2174;-0.5542;0.8035;-0.4765;-0.4638;0.2993;0.9488;0.2870;0.1261;-0.0381;;;;;;;;;;;;;0;-0.5245;-0.4017;0.2157;23.6059;14.9476;183.5730;Palm;b974454d-ae33-4d16-9737-e66469f616ef;;OpenLoop;2026-05-18 09:46:25.8871;Hands;2;OpenXR
Right;;Baseline;0;NoMitigation;None;anonymous;Sample;6599;0.0000;-0.1103;-0.0272;0.1027;47.7774;41.4469;62.0433;-0.1103;-0.0272;0.1027;0.8067;0.4913;0.0821;0.3179;0;;;;;;;;;;;;;0;;;;;;;;0.2206;-0.5612;0.7977;-0.4776;-0.4640;0.2989;0.9473;0.2909;0.1286;-0.0395;;;;;;;;;;;;;0;-0.5267;-0.4014;0.2162;23.7388;15.1731;183.4347;Palm;b974454d-ae33-4d16-9737-e66469f616ef;;OpenLoop;2026-05-18 09:46:25.9110;Hands;2;OpenXR
Right;;Baseline;0;NoMitigation;None;anonymous;Sample;6603;0.0000;-0.1103;-0.0272;0.1027;47.7774;41.4469;62.0433;-0.1103;-0.0272;0.1027;0.8067;0.4913;0.0821;0.3179;0;;;;;;;;;;;;;0;;;;;;;;0.2234;-0.5672;0.7927;-0.4784;-0.4643;0.2986;0.9459;0.2942;0.1308;-0.0407;;;;;;;;;;;;;0;-0.5267;-0.4014;0.2162;23.7388;15.1731;183.4347;Palm;b974454d-ae33-4d16-9737-e66469f616ef;;OpenLoop;2026-05-18 09:46:25.9339;Hands;2;OpenXR
Right;;Baseline;0;NoMitigation;None;anonymous;Sample;6607;0.0000;-0.1103;-0.0272;0.1027;47.7774;41.4469;62.0433;-0.1103;-0.0272;0.1027;0.8067;0.4913;0.0821;0.3179;0;;;;;;;;;;;;;0;;;;;;;;0.2267;-0.5728;0.7877;-0.4793;-0.4646;0.2983;0.9445;0.2973;0.1332;-0.0419;;;;;;;;;;;;;0;-0.5292;-0.4016;0.2164;23.8491;15.5079;183.7196;Palm;b974454d-ae33-4d16-9737-e66469f616ef;;OpenLoop;2026-05-18 09:46:25.9567;Hands;2;OpenXR
Right;;Baseline;0;NoMitigation;None;anonymous;Sample;6611;0.0000;-0.1103;-0.0272;0.1027;47.7774;41.4469;62.0433;-0.1103;-0.0272;0.1027;0.8067;0.4913;0.0821;0.3179;0;;;;;;;;;;;;;0;;;;;;;;0.2305;-0.5786;0.7823;-0.4802;-0.4651;0.2978;0.9430;0.3005;0.1361;-0.0434;;;;;;;;;;;;;0;-0.5292;-0.4016;0.2164;23.8491;15.5079;183.7196;Palm;b974454d-ae33-4d16-9737-e66469f616ef;;OpenLoop;2026-05-18 09:46:25.9790;Hands;2;OpenXR
Right;;Baseline;0;NoMitigation;None;anonymous;Sample;6615;0.0000;-0.1103;-0.0272;0.1027;47.7774;41.4469;62.0433;-0.1103;-0.0272;0.1027;0.8067;0.4913;0.0821;0.3179;0;;;;;;;;;;;;;0;;;;;;;;0.2349;-0.5864;0.7752;-0.4813;-0.4658;0.2971;0.9410;0.3049;0.1395;-0.0452;;;;;;;;;;;;;0;-0.5315;-0.4021;0.2159;23.9983;15.5512;184.2670;Palm;b974454d-ae33-4d16-9737-e66469f616ef;;OpenLoop;2026-05-18 09:46:26.0023;Hands;2;OpenXR
Right;;Baseline;0;NoMitigation;None;anonymous;Sample;6619;0.0000;-0.1103;-0.0272;0.1027;47.7774;41.4469;62.0433;-0.1103;-0.0272;0.1027;0.8067;0.4913;0.0821;0.3179;0;;;;;;;;;;;;;0;;;;;;;;0.2392;-0.5930;0.7688;-0.4824;-0.4664;0.2963;0.9393;0.3086;0.1427;-0.0469;;;;;;;;;;;;;0;-0.5339;-0.4025;0.2153;24.2273;15.6142;185.0962;Palm;b974454d-ae33-4d16-9737-e66469f616ef;;OpenLoop;2026-05-18 09:46:26.0263;Hands;2;OpenXR
Right;;Baseline;0;NoMitigation;None;anonymous;Sample;6623;0.0000;-0.1103;-0.0272;0.1027;47.7774;41.4469;62.0433;-0.1103;-0.0272;0.1027;0.8067;0.4913;0.0821;0.3179;0;;;;;;;;;;;;;0;;;;;;;;0.2430;-0.5979;0.7639;-0.4835;-0.4669;0.2955;0.9379;0.3112;0.1456;-0.0483;;;;;;;;;;;;;0;-0.5339;-0.4025;0.2153;24.2273;15.6142;185.0962;Palm;b974454d-ae33-4d16-9737-e66469f616ef;;OpenLoop;2026-05-18 09:46:26.0486;Hands;2;OpenXR
Right;;Baseline;0;NoMitigation;None;anonymous;Sample;6627;0.0000;-0.1103;-0.0272;0.1027;47.7774;41.4469;62.0433;-0.1103;-0.0272;0.1027;0.8067;0.4913;0.0821;0.3179;0;;;;;;;;;;;;;0;;;;;;;;0.2454;-0.6009;0.7607;-0.4841;-0.4673;0.2951;0.9370;0.3129;0.1474;-0.0492;;;;;;;;;;;;;0;-0.5339;-0.4025;0.2153;24.2273;15.6142;185.0962;Palm;b974454d-ae33-4d16-9737-e66469f616ef;;OpenLoop;2026-05-18 09:46:26.0718;Hands;2;OpenXR
Right;;Baseline;0;NoMitigation;None;anonymous;Sample;6631;0.0000;-0.1103;-0.0272;0.1027;47.7774;41.4469;62.0433;-0.1103;-0.0272;0.1027;0.8067;0.4913;0.0821;0.3179;0;;;;;;;;;;;;;0;;;;;;;;0.2466;-0.5974;0.7631;-0.4858;-0.4668;0.2956;0.9376;0.3109;0.1477;-0.0490;;;;;;;;;;;;;0;-0.5369;-0.4017;0.2165;24.2510;15.2291;184.9414;Palm;b974454d-ae33-4d16-9737-e66469f616ef;;OpenLoop;2026-05-18 09:46:26.0941;Hands;2;OpenXR
Right;;Baseline;0;NoMitigation;None;anonymous;Sample;6635;0.0000;-0.1103;-0.0272;0.1027;47.7774;41.4469;62.0433;-0.1103;-0.0272;0.1027;0.8067;0.4913;0.0821;0.3179;0;;;;;;;;;;;;;0;;;;;;;;0.2469;-0.5893;0.7692;-0.4879;-0.4655;0.2970;0.9393;0.3062;0.1471;-0.0479;;;;;;;;;;;;;0;-0.5399;-0.3994;0.2183;23.9700;14.8238;184.7821;Palm;b974454d-ae33-4d16-9737-e66469f616ef;;OpenLoop;2026-05-18 09:46:26.1186;Hands;2;OpenXR
Right;;Baseline;0;NoMitigation;None;anonymous;Sample;6639;0.0000;-0.1103;-0.0272;0.1027;47.7774;41.4469;62.0433;-0.1103;-0.0272;0.1027;0.8067;0.4913;0.0821;0.3179;0;;;;;;;;;;;;;0;;;;;;;;0.2466;-0.5794;0.7768;-0.4899;-0.4638;0.2985;0.9414;0.3005;0.1459;-0.0466;;;;;;;;;;;;;0;-0.5429;-0.3971;0.2201;23.6889;14.4213;184.6258;Palm;b974454d-ae33-4d16-9737-e66469f616ef;;OpenLoop;2026-05-18 09:46:26.1414;Hands;2;OpenXR
Right;;Baseline;0;NoMitigation;None;anonymous;Sample;6643;0.0000;-0.1103;-0.0272;0.1027;47.7774;41.4469;62.0433;-0.1103;-0.0272;0.1027;0.8067;0.4913;0.0821;0.3179;0;;;;;;;;;;;;;0;;;;;;;;0.2460;-0.5683;0.7852;-0.4919;-0.4620;0.3002;0.9437;0.2942;0.1444;-0.0450;;;;;;;;;;;;;0;-0.5429;-0.3971;0.2201;23.6889;14.4213;184.6258;Palm;b974454d-ae33-4d16-9737-e66469f616ef;;OpenLoop;2026-05-18 09:46:26.1646;Hands;2;OpenXR
Right;;Baseline;0;NoMitigation;None;anonymous;Sample;6647;0.0000;-0.1103;-0.0272;0.1027;47.7774;41.4469;62.0433;-0.1103;-0.0272;0.1027;0.8067;0.4913;0.0821;0.3179;0;;;;;;;;;;;;;0;;;;;;;;0.2456;-0.5615;0.7902;-0.4931;-0.4608;0.3012;0.9451;0.2904;0.1435;-0.0441;;;;;;;;;;;;;0;-0.5429;-0.3971;0.2201;23.6889;14.4213;184.6258;Palm;b974454d-ae33-4d16-9737-e66469f616ef;;OpenLoop;2026-05-18 09:46:26.1884;Hands;2;OpenXR
Right;;Baseline;0;NoMitigation;None;anonymous;Sample;6651;0.0000;-0.1103;-0.0272;0.1027;47.7774;41.4469;62.0433;-0.1103;-0.0272;0.1027;0.8067;0.4913;0.0821;0.3179;0;;;;;;;;;;;;;0;;;;;;;;0.2453;-0.5572;0.7933;-0.4939;-0.4601;0.3018;0.9459;0.2880;0.1429;-0.0435;;;;;;;;;;;;;0;;;;;;;;b974454d-ae33-4d16-9737-e66469f616ef;;OpenLoop;2026-05-18 09:46:26.2107;Hands;2;OpenXR
Right;;Baseline;0;NoMitigation;None;anonymous;Sample;6655;0.0000;-0.1103;-0.0272;0.1027;47.7774;41.4469;62.0433;-0.1103;-0.0272;0.1027;0.8067;0.4913;0.0821;0.3179;0;;;;;;;;;;;;;0;;;;;;;;0.2451;-0.5546;0.7952;-0.4943;-0.4597;0.3022;0.9464;0.2865;0.1426;-0.0432;;;;;;;;;;;;;0;;;;;;;;b974454d-ae33-4d16-9737-e66469f616ef;;OpenLoop;2026-05-18 09:46:26.2345;Hands;2;OpenXR
Right;;Baseline;0;NoMitigation;None;anonymous;Sample;6659;0.0000;-0.1103;-0.0272;0.1027;47.7774;41.4469;62.0433;-0.1103;-0.0272;0.1027;0.8067;0.4913;0.0821;0.3179;0;;;;;;;;;;;;;0;;;;;;;;0.2450;-0.5530;0.7963;-0.4946;-0.4595;0.3024;0.9467;0.2856;0.1424;-0.0429;;;;;;;;;;;;;0;;;;;;;;b974454d-ae33-4d16-9737-e66469f616ef;;OpenLoop;2026-05-18 09:46:26.2584;Hands;2;OpenXR
Right;;Baseline;0;NoMitigation;None;anonymous;Sample;6663;0.0000;-0.1103;-0.0272;0.1027;47.7774;41.4469;62.0433;-0.1103;-0.0272;0.1027;0.8067;0.4913;0.0821;0.3179;0;;;;;;;;;;;;;0;;;;;;;;0.2450;-0.5520;0.7970;-0.4948;-0.4593;0.3025;0.9469;0.2850;0.1422;-0.0428;;;;;;;;;;;;;0;;;;;;;;b974454d-ae33-4d16-9737-e66469f616ef;;OpenLoop;2026-05-18 09:46:26.2821;Hands;2;OpenXR
Right;;Baseline;0;NoMitigation;None;anonymous;Sample;6667;0.0000;-0.1103;-0.0272;0.1027;47.7774;41.4469;62.0433;-0.1103;-0.0272;0.1027;0.8067;0.4913;0.0821;0.3179;0;;;;;;;;;;;;;0;;;;;;;;0.2449;-0.5514;0.7975;-0.4949;-0.4592;0.3026;0.9471;0.2847;0.1422;-0.0427;;;;;;;;;;;;;0;;;;;;;;b974454d-ae33-4d16-9737-e66469f616ef;;OpenLoop;2026-05-18 09:46:26.3055;Hands;2;OpenXR
Right;;Baseline;0;NoMitigation;None;anonymous;Sample;6671;0.0000;-0.1103;-0.0272;0.1027;47.7774;41.4469;62.0433;-0.1103;-0.0272;0.1027;0.8067;0.4913;0.0821;0.3179;0;;;;;;;;;;;;;0;;;;;;;;0.2449;-0.5510;0.7977;-0.4950;-0.4591;0.3027;0.9471;0.2845;0.1421;-0.0427;;;;;;;;;;;;;0;;;;;;;;b974454d-ae33-4d16-9737-e66469f616ef;;OpenLoop;2026-05-18 09:46:26.3282;Hands;2;OpenXR
Right;;Baseline;0;NoMitigation;None;anonymous;Sample;6675;0.0000;-0.1103;-0.0272;0.1027;47.7774;41.4469;62.0433;-0.1103;-0.0272;0.1027;0.8067;0.4913;0.0821;0.3179;0;;;;;;;;;;;;;0;;;;;;;;0.2449;-0.5508;0.7979;-0.4950;-0.4591;0.3027;0.9472;0.2844;0.1421;-0.0427;;;;;;;;;;;;;0;;;;;;;;b974454d-ae33-4d16-9737-e66469f616ef;;OpenLoop;2026-05-18 09:46:26.3516;Hands;2;OpenXR
Right;;Baseline;0;NoMitigation;None;anonymous;Sample;6679;0.0000;-0.1103;-0.0272;0.1027;47.7774;41.4469;62.0433;-0.1103;-0.0272;0.1027;0.8067;0.4913;0.0821;0.3179;0;;;;;;;;;;;;;0;;;;;;;;0.2449;-0.5506;0.7980;-0.4950;-0.4591;0.3027;0.9472;0.2843;0.1421;-0.0426;;;;;;;;;;;;;0;;;;;;;;b974454d-ae33-4d16-9737-e66469f616ef;;OpenLoop;2026-05-18 09:46:26.3759;Hands;2;OpenXR
Right;;Baseline;0;NoMitigation;None;anonymous;Sample;6683;0.0000;-0.1103;-0.0272;0.1027;47.7774;41.4469;62.0433;-0.1103;-0.0272;0.1027;0.8067;0.4913;0.0821;0.3179;0;;;;;;;;;;;;;0;;;;;;;;0.2449;-0.5506;0.7981;-0.4951;-0.4591;0.3028;0.9472;0.2842;0.1420;-0.0426;;;;;;;;;;;;;0;;;;;;;;b974454d-ae33-4d16-9737-e66469f616ef;;OpenLoop;2026-05-18 09:46:26.3997;Hands;2;OpenXR
Right;;Baseline;0;NoMitigation;None;anonymous;Sample;6687;0.0000;-0.1103;-0.0272;0.1027;47.7774;41.4469;62.0433;-0.1103;-0.0272;0.1027;0.8067;0.4913;0.0821;0.3179;0;;;;;;;;;;;;;0;;;;;;;;0.2449;-0.5505;0.7981;-0.4951;-0.4591;0.3028;0.9472;0.2842;0.1420;-0.0426;;;;;;;;;;;;;0;;;;;;;;b974454d-ae33-4d16-9737-e66469f616ef;;OpenLoop;2026-05-18 09:46:26.4229;Hands;2;OpenXR
Right;;Baseline;0;NoMitigation;None;anonymous;Sample;6691;0.0000;-0.1103;-0.0272;0.1027;47.7774;41.4469;62.0433;-0.1103;-0.0272;0.1027;0.8067;0.4913;0.0821;0.3179;0;;;;;;;;;;;;;0;;;;;;;;0.2449;-0.5505;0.7981;-0.4951;-0.4591;0.3028;0.9472;0.2842;0.1420;-0.0426;;;;;;;;;;;;;0;;;;;;;;b974454d-ae33-4d16-9737-e66469f616ef;;OpenLoop;2026-05-18 09:46:26.4468;Hands;2;OpenXR
Right;;Baseline;0;NoMitigation;None;anonymous;Sample;6695;0.0000;-0.1103;-0.0272;0.1027;47.7774;41.4469;62.0433;-0.1103;-0.0272;0.1027;0.8067;0.4913;0.0821;0.3179;0;;;;;;;;;;;;;0;;;;;;;;0.2449;-0.5504;0.7982;-0.4951;-0.4590;0.3028;0.9472;0.2842;0.1420;-0.0426;;;;;;;;;;;;;0;;;;;;;;b974454d-ae33-4d16-9737-e66469f616ef;;OpenLoop;2026-05-18 09:46:26.4700;Hands;2;OpenXR
Right;;Baseline;0;NoMitigation;None;anonymous;Sample;6699;0.0000;-0.1103;-0.0272;0.1027;47.7774;41.4469;62.0433;-0.1103;-0.0272;0.1027;0.8067;0.4913;0.0821;0.3179;0;;;;;;;;;;;;;0;;;;;;;;0.2449;-0.5504;0.7982;-0.4951;-0.4590;0.3028;0.9472;0.2842;0.1420;-0.0426;;;;;;;;;;;;;0;;;;;;;;b974454d-ae33-4d16-9737-e66469f616ef;;OpenLoop;2026-05-18 09:46:26.4944;Hands;2;OpenXR
Right;;Baseline;0;NoMitigation;None;anonymous;Sample;6703;0.0000;-0.1103;-0.0272;0.1027;47.7774;41.4469;62.0433;-0.1103;-0.0272;0.1027;0.8067;0.4913;0.0821;0.3179;0;;;;;;;;;;;;;0;;;;;;;;0.2449;-0.5504;0.7982;-0.4951;-0.4590;0.3028;0.9472;0.2842;0.1420;-0.0426;;;;;;;;;;;;;0;;;;;;;;b974454d-ae33-4d16-9737-e66469f616ef;;OpenLoop;2026-05-18 09:46:26.5175;Hands;2;OpenXR
Right;;Baseline;0;NoMitigation;None;anonymous;Sample;6707;0.0000;-0.1103;-0.0272;0.1027;47.7774;41.4469;62.0433;-0.1103;-0.0272;0.1027;0.8067;0.4913;0.0821;0.3179;0;;;;;;;;;;;;;0;;;;;;;;0.2449;-0.5504;0.7982;-0.4951;-0.4590;0.3028;0.9472;0.2841;0.1420;-0.0426;;;;;;;;;;;;;0;;;;;;;;b974454d-ae33-4d16-9737-e66469f616ef;;OpenLoop;2026-05-18 09:46:26.5419;Hands;2;OpenXR
Right;;Baseline;0;NoMitigation;None;anonymous;Sample;6711;0.0000;-0.1103;-0.0272;0.1027;47.7774;41.4469;62.0433;-0.1103;-0.0272;0.1027;0.8067;0.4913;0.0821;0.3179;0;;;;;;;;;;;;;0;;;;;;;;0.2449;-0.5504;0.7982;-0.4951;-0.4590;0.3028;0.9472;0.2841;0.1420;-0.0426;;;;;;;;;;;;;0;;;;;;;;b974454d-ae33-4d16-9737-e66469f616ef;;OpenLoop;2026-05-18 09:46:26.5656;Hands;2;OpenXR
Right;;Baseline;0;NoMitigation;None;anonymous;Sample;6715;0.0000;-0.1103;-0.0272;0.1027;47.7774;41.4469;62.0433;-0.1103;-0.0272;0.1027;0.8067;0.4913;0.0821;0.3179;0;;;;;;;;;;;;;0;;;;;;;;0.2449;-0.5504;0.7982;-0.4951;-0.4590;0.3028;0.9472;0.2841;0.1420;-0.0426;;;;;;;;;;;;;0;;;;;;;;b974454d-ae33-4d16-9737-e66469f616ef;;OpenLoop;2026-05-18 09:46:26.5899;Hands;2;OpenXR
Right;;Baseline;0;NoMitigation;None;anonymous;Sample;6719;0.0000;-0.1103;-0.0272;0.1027;47.7774;41.4469;62.0433;-0.1103;-0.0272;0.1027;0.8067;0.4913;0.0821;0.3179;0;;;;;;;;;;;;;0;;;;;;;;0.2449;-0.5504;0.7982;-0.4951;-0.4590;0.3028;0.9472;0.2841;0.1420;-0.0426;;;;;;;;;;;;;0;;;;;;;;b974454d-ae33-4d16-9737-e66469f616ef;;OpenLoop;2026-05-18 09:46:26.6136;Hands;2;OpenXR
Right;;Baseline;0;NoMitigation;None;anonymous;Sample;6723;0.0000;-0.1103;-0.0272;0.1027;47.7774;41.4469;62.0433;-0.1103;-0.0272;0.1027;0.8067;0.4913;0.0821;0.3179;0;;;;;;;;;;;;;0;;;;;;;;0.2449;-0.5504;0.7982;-0.4951;-0.4590;0.3028;0.9472;0.2841;0.1420;-0.0426;;;;;;;;;;;;;0;;;;;;;;b974454d-ae33-4d16-9737-e66469f616ef;;OpenLoop;2026-05-18 09:46:26.6373;Hands;2;OpenXR
Right;;Baseline;0;NoMitigation;None;anonymous;Sample;6727;0.0000;-0.1103;-0.0272;0.1027;47.7774;41.4469;62.0433;-0.1103;-0.0272;0.1027;0.8067;0.4913;0.0821;0.3179;0;;;;;;;;;;;;;0;;;;;;;;0.2449;-0.5504;0.7982;-0.4951;-0.4590;0.3028;0.9472;0.2841;0.1420;-0.0426;;;;;;;;;;;;;0;;;;;;;;b974454d-ae33-4d16-9737-e66469f616ef;;OpenLoop;2026-05-18 09:46:26.6616;Hands;2;OpenXR
Right;;Baseline;0;NoMitigation;None;anonymous;Sample;6731;0.0000;-0.1103;-0.0272;0.1027;47.7774;41.4469;62.0433;-0.1103;-0.0272;0.1027;0.8067;0.4913;0.0821;0.3179;0;;;;;;;;;;;;;0;;;;;;;;0.2449;-0.5504;0.7982;-0.4951;-0.4590;0.3028;0.9472;0.2841;0.1420;-0.0426;;;;;;;;;;;;;0;;;;;;;;b974454d-ae33-4d16-9737-e66469f616ef;;OpenLoop;2026-05-18 09:46:26.6858;Hands;2;OpenXR
Right;;Baseline;0;NoMitigation;None;anonymous;Sample;6735;0.0000;-0.1103;-0.0272;0.1027;47.7774;41.4469;62.0433;-0.1103;-0.0272;0.1027;0.8067;0.4913;0.0821;0.3179;0;;;;;;;;;;;;;0;;;;;;;;0.2449;-0.5504;0.7982;-0.4951;-0.4590;0.3028;0.9472;0.2841;0.1420;-0.0426;;;;;;;;;;;;;0;;;;;;;;b974454d-ae33-4d16-9737-e66469f616ef;;OpenLoop;2026-05-18 09:46:26.7097;Hands;2;OpenXR
Right;;Baseline;0;NoMitigation;None;anonymous;Sample;6739;0.0000;-0.1103;-0.0272;0.1027;47.7774;41.4469;62.0433;-0.1103;-0.0272;0.1027;0.8067;0.4913;0.0821;0.3179;0;;;;;;;;;;;;;0;;;;;;;;0.2449;-0.5504;0.7982;-0.4951;-0.4590;0.3028;0.9472;0.2841;0.1420;-0.0426;;;;;;;;;;;;;0;;;;;;;;b974454d-ae33-4d16-9737-e66469f616ef;;OpenLoop;2026-05-18 09:46:26.7340;Hands;2;OpenXR
Right;;Baseline;0;NoMitigation;None;anonymous;Sample;6743;0.0000;-0.1103;-0.0272;0.1027;47.7774;41.4469;62.0433;-0.1103;-0.0272;0.1027;0.8067;0.4913;0.0821;0.3179;0;;;;;;;;;;;;;0;;;;;;;;0.2449;-0.5504;0.7982;-0.4951;-0.4590;0.3028;0.9472;0.2841;0.1420;-0.0426;;;;;;;;;;;;;0;;;;;;;;b974454d-ae33-4d16-9737-e66469f616ef;;OpenLoop;2026-05-18 09:46:26.7578;Hands;2;OpenXR
Right;;Baseline;0;NoMitigation;None;anonymous;Sample;6747;0.0000;-0.1103;-0.0272;0.1027;47.7774;41.4469;62.0433;-0.1103;-0.0272;0.1027;0.8067;0.4913;0.0821;0.3179;0;;;;;;;;;;;;;0;;;;;;;;0.2449;-0.5504;0.7982;-0.4951;-0.4590;0.3028;0.9472;0.2841;0.1420;-0.0426;;;;;;;;;;;;;0;;;;;;;;b974454d-ae33-4d16-9737-e66469f616ef;;OpenLoop;2026-05-18 09:46:26.7838;Hands;2;OpenXR
Right;;Baseline;0;NoMitigation;None;anonymous;Sample;6751;0.0000;-0.1103;-0.0272;0.1027;47.7774;41.4469;62.0433;-0.1103;-0.0272;0.1027;0.8067;0.4913;0.0821;0.3179;0;;;;;;;;;;;;;0;;;;;;;;0.2449;-0.5504;0.7982;-0.4951;-0.4590;0.3028;0.9472;0.2841;0.1420;-0.0426;;;;;;;;;;;;;0;;;;;;;;b974454d-ae33-4d16-9737-e66469f616ef;;OpenLoop;2026-05-18 09:46:26.8068;Hands;2;OpenXR
Right;;Baseline;0;NoMitigation;None;anonymous;Sample;6755;0.0000;-0.1103;-0.0272;0.1027;47.7774;41.4469;62.0433;-0.1103;-0.0272;0.1027;0.8067;0.4913;0.0821;0.3179;0;;;;;;;;;;;;;0;;;;;;;;0.2449;-0.5504;0.7982;-0.4951;-0.4590;0.3028;0.9472;0.2841;0.1420;-0.0426;;;;;;;;;;;;;0;;;;;;;;b974454d-ae33-4d16-9737-e66469f616ef;;OpenLoop;2026-05-18 09:46:26.8295;Hands;2;OpenXR
Right;;Baseline;0;NoMitigation;None;anonymous;Sample;6759;0.0000;-0.1103;-0.0272;0.1027;47.7774;41.4469;62.0433;-0.1103;-0.0272;0.1027;0.8067;0.4913;0.0821;0.3179;0;;;;;;;;;;;;;0;;;;;;;;0.2449;-0.5504;0.7982;-0.4951;-0.4590;0.3028;0.9472;0.2841;0.1420;-0.0426;;;;;;;;;;;;;0;;;;;;;;b974454d-ae33-4d16-9737-e66469f616ef;;OpenLoop;2026-05-18 09:46:26.8543;Hands;2;OpenXR
Right;;Baseline;0;NoMitigation;None;anonymous;Sample;6763;0.0000;-0.1103;-0.0272;0.1027;47.7774;41.4469;62.0433;-0.1103;-0.0272;0.1027;0.8067;0.4913;0.0821;0.3179;0;;;;;;;;;;;;;0;;;;;;;;0.2449;-0.5504;0.7982;-0.4951;-0.4590;0.3028;0.9472;0.2841;0.1420;-0.0426;;;;;;;;;;;;;0;;;;;;;;b974454d-ae33-4d16-9737-e66469f616ef;;OpenLoop;2026-05-18 09:46:26.8787;Hands;2;OpenXR
Right;;Baseline;0;NoMitigation;None;anonymous;Sample;6767;0.0000;-0.1103;-0.0272;0.1027;47.7774;41.4469;62.0433;-0.1103;-0.0272;0.1027;0.8067;0.4913;0.0821;0.3179;0;;;;;;;;;;;;;0;;;;;;;;0.2449;-0.5504;0.7982;-0.4951;-0.4590;0.3028;0.9472;0.2841;0.1420;-0.0426;;;;;;;;;;;;;0;;;;;;;;b974454d-ae33-4d16-9737-e66469f616ef;;OpenLoop;2026-05-18 09:46:26.9037;Hands;2;OpenXR
Right;;Baseline;0;NoMitigation;None;anonymous;Sample;6771;0.0000;-0.1103;-0.0272;0.1027;47.7774;41.4469;62.0433;-0.1103;-0.0272;0.1027;0.8067;0.4913;0.0821;0.3179;0;;;;;;;;;;;;;0;;;;;;;;0.2449;-0.5504;0.7982;-0.4951;-0.4590;0.3028;0.9472;0.2841;0.1420;-0.0426;;;;;;;;;;;;;0;;;;;;;;b974454d-ae33-4d16-9737-e66469f616ef;;OpenLoop;2026-05-18 09:46:26.9268;Hands;2;OpenXR
Right;;Baseline;0;NoMitigation;None;anonymous;Sample;6775;0.0000;-0.1103;-0.0272;0.1027;47.7774;41.4469;62.0433;-0.1103;-0.0272;0.1027;0.8067;0.4913;0.0821;0.3179;0;;;;;;;;;;;;;0;;;;;;;;0.2449;-0.5504;0.7982;-0.4951;-0.4590;0.3028;0.9472;0.2841;0.1420;-0.0426;;;;;;;;;;;;;0;;;;;;;;b974454d-ae33-4d16-9737-e66469f616ef;;OpenLoop;2026-05-18 09:46:26.9517;Hands;2;OpenXR
Right;;Baseline;0;NoMitigation;None;anonymous;Sample;6779;0.0000;-0.1103;-0.0272;0.1027;47.7774;41.4469;62.0433;-0.1103;-0.0272;0.1027;0.8067;0.4913;0.0821;0.3179;0;;;;;;;;;;;;;0;;;;;;;;0.2449;-0.5504;0.7982;-0.4951;-0.4590;0.3028;0.9472;0.2841;0.1420;-0.0426;;;;;;;;;;;;;0;;;;;;;;b974454d-ae33-4d16-9737-e66469f616ef;;OpenLoop;2026-05-18 09:46:26.9761;Hands;2;OpenXR
Right;;Baseline;0;NoMitigation;None;anonymous;Sample;6783;0.0000;-0.1103;-0.0272;0.1027;47.7774;41.4469;62.0433;-0.1103;-0.0272;0.1027;0.8067;0.4913;0.0821;0.3179;0;;;;;;;;;;;;;0;;;;;;;;0.2449;-0.5504;0.7982;-0.4951;-0.4590;0.3028;0.9472;0.2841;0.1420;-0.0426;;;;;;;;;;;;;0;;;;;;;;b974454d-ae33-4d16-9737-e66469f616ef;;OpenLoop;2026-05-18 09:46:26.9999;Hands;2;OpenXR
Right;;Baseline;0;NoMitigation;None;anonymous;Sample;6787;0.0000;-0.1103;-0.0272;0.1027;47.7774;41.4469;62.0433;-0.1103;-0.0272;0.1027;0.8067;0.4913;0.0821;0.3179;0;;;;;;;;;;;;;0;;;;;;;;0.2449;-0.5504;0.7982;-0.4951;-0.4590;0.3028;0.9472;0.2841;0.1420;-0.0426;;;;;;;;;;;;;0;;;;;;;;b974454d-ae33-4d16-9737-e66469f616ef;;OpenLoop;2026-05-18 09:46:27.0252;Hands;2;OpenXR
Right;;Baseline;0;NoMitigation;None;anonymous;Sample;6791;0.0000;-0.1103;-0.0272;0.1027;47.7774;41.4469;62.0433;-0.1103;-0.0272;0.1027;0.8067;0.4913;0.0821;0.3179;0;;;;;;;;;;;;;0;;;;;;;;0.2449;-0.5504;0.7982;-0.4951;-0.4590;0.3028;0.9472;0.2841;0.1420;-0.0426;;;;;;;;;;;;;0;;;;;;;;b974454d-ae33-4d16-9737-e66469f616ef;;OpenLoop;2026-05-18 09:46:27.0497;Hands;2;OpenXR
Right;;Baseline;0;NoMitigation;None;anonymous;Sample;6795;0.0000;-0.1103;-0.0272;0.1027;47.7774;41.4469;62.0433;-0.1103;-0.0272;0.1027;0.8067;0.4913;0.0821;0.3179;0;;;;;;;;;;;;;0;;;;;;;;0.2449;-0.5504;0.7982;-0.4951;-0.4590;0.3028;0.9472;0.2841;0.1420;-0.0426;;;;;;;;;;;;;0;;;;;;;;b974454d-ae33-4d16-9737-e66469f616ef;;OpenLoop;2026-05-18 09:46:27.0740;Hands;2;OpenXR
Right;;Baseline;0;NoMitigation;None;anonymous;Sample;6799;0.0000;-0.1103;-0.0272;0.1027;47.7774;41.4469;62.0433;-0.1103;-0.0272;0.1027;0.8067;0.4913;0.0821;0.3179;0;;;;;;;;;;;;;0;;;;;;;;0.2449;-0.5504;0.7982;-0.4951;-0.4590;0.3028;0.9472;0.2841;0.1420;-0.0426;;;;;;;;;;;;;0;;;;;;;;b974454d-ae33-4d16-9737-e66469f616ef;;OpenLoop;2026-05-18 09:46:27.0988;Hands;2;OpenXR
Right;;Baseline;0;NoMitigation;None;anonymous;Sample;6803;0.0000;-0.1103;-0.0272;0.1027;47.7774;41.4469;62.0433;-0.1103;-0.0272;0.1027;0.8067;0.4913;0.0821;0.3179;0;;;;;;;;;;;;;0;;;;;;;;0.2449;-0.5504;0.7982;-0.4951;-0.4590;0.3028;0.9472;0.2841;0.1420;-0.0426;;;;;;;;;;;;;0;;;;;;;;b974454d-ae33-4d16-9737-e66469f616ef;;OpenLoop;2026-05-18 09:46:27.1231;Hands;2;OpenXR
Right;;Baseline;0;NoMitigation;None;anonymous;Sample;6807;0.0000;-0.1103;-0.0272;0.1027;47.7774;41.4469;62.0433;-0.1103;-0.0272;0.1027;0.8067;0.4913;0.0821;0.3179;0;;;;;;;;;;;;;0;;;;;;;;0.2449;-0.5504;0.7982;-0.4951;-0.4590;0.3028;0.9472;0.2841;0.1420;-0.0426;;;;;;;;;;;;;0;;;;;;;;b974454d-ae33-4d16-9737-e66469f616ef;;OpenLoop;2026-05-18 09:46:27.1469;Hands;2;OpenXR
Right;;Baseline;0;NoMitigation;None;anonymous;Sample;6811;0.0000;-0.1103;-0.0272;0.1027;47.7774;41.4469;62.0433;-0.1103;-0.0272;0.1027;0.8067;0.4913;0.0821;0.3179;0;;;;;;;;;;;;;0;;;;;;;;0.2449;-0.5504;0.7982;-0.4951;-0.4590;0.3028;0.9472;0.2841;0.1420;-0.0426;;;;;;;;;;;;;0;;;;;;;;b974454d-ae33-4d16-9737-e66469f616ef;;OpenLoop;2026-05-18 09:46:27.1728;Hands;2;OpenXR
Right;;Baseline;0;NoMitigation;None;anonymous;Sample;6815;0.0000;-0.1103;-0.0272;0.1027;47.7774;41.4469;62.0433;-0.1103;-0.0272;0.1027;0.8067;0.4913;0.0821;0.3179;0;;;;;;;;;;;;;0;;;;;;;;0.2449;-0.5504;0.7982;-0.4951;-0.4590;0.3028;0.9472;0.2841;0.1420;-0.0426;;;;;;;;;;;;;0;;;;;;;;b974454d-ae33-4d16-9737-e66469f616ef;;OpenLoop;2026-05-18 09:46:27.1975;Hands;2;OpenXR
Right;;Baseline;0;NoMitigation;None;anonymous;Sample;6819;0.0000;-0.1103;-0.0272;0.1027;47.7774;41.4469;62.0433;-0.1103;-0.0272;0.1027;0.8067;0.4913;0.0821;0.3179;0;;;;;;;;;;;;;0;;;;;;;;0.2449;-0.5504;0.7982;-0.4951;-0.4590;0.3028;0.9472;0.2841;0.1420;-0.0426;;;;;;;;;;;;;0;;;;;;;;b974454d-ae33-4d16-9737-e66469f616ef;;OpenLoop;2026-05-18 09:46:27.2220;Hands;2;OpenXR
Right;;Baseline;0;NoMitigation;None;anonymous;Sample;6823;0.0000;-0.1103;-0.0272;0.1027;47.7774;41.4469;62.0433;-0.1103;-0.0272;0.1027;0.8067;0.4913;0.0821;0.3179;0;;;;;;;;;;;;;0;;;;;;;;0.2449;-0.5504;0.7982;-0.4951;-0.4590;0.3028;0.9472;0.2841;0.1420;-0.0426;;;;;;;;;;;;;0;;;;;;;;b974454d-ae33-4d16-9737-e66469f616ef;;OpenLoop;2026-05-18 09:46:27.2468;Hands;2;OpenXR
Right;;Baseline;0;NoMitigation;None;anonymous;Sample;6827;0.0000;-0.1103;-0.0272;0.1027;47.7774;41.4469;62.0433;-0.1103;-0.0272;0.1027;0.8067;0.4913;0.0821;0.3179;0;;;;;;;;;;;;;0;;;;;;;;0.2449;-0.5504;0.7982;-0.4951;-0.4590;0.3028;0.9472;0.2841;0.1420;-0.0426;;;;;;;;;;;;;0;;;;;;;;b974454d-ae33-4d16-9737-e66469f616ef;;OpenLoop;2026-05-18 09:46:27.2721;Hands;2;OpenXR
Right;;Baseline;0;NoMitigation;None;anonymous;Sample;6831;0.0000;-0.1103;-0.0272;0.1027;47.7774;41.4469;62.0433;-0.1103;-0.0272;0.1027;0.8067;0.4913;0.0821;0.3179;0;;;;;;;;;;;;;0;;;;;;;;0.2449;-0.5504;0.7982;-0.4951;-0.4590;0.3028;0.9472;0.2841;0.1420;-0.0426;;;;;;;;;;;;;0;;;;;;;;b974454d-ae33-4d16-9737-e66469f616ef;;OpenLoop;2026-05-18 09:46:27.2954;Hands;2;OpenXR
Right;;Baseline;0;NoMitigation;None;anonymous;Sample;6835;0.0000;-0.1103;-0.0272;0.1027;47.7774;41.4469;62.0433;-0.1103;-0.0272;0.1027;0.8067;0.4913;0.0821;0.3179;0;;;;;;;;;;;;;0;;;;;;;;0.2449;-0.5504;0.7982;-0.4951;-0.4590;0.3028;0.9472;0.2841;0.1420;-0.0426;;;;;;;;;;;;;0;;;;;;;;b974454d-ae33-4d16-9737-e66469f616ef;;OpenLoop;2026-05-18 09:46:27.3217;Hands;2;OpenXR
Right;;Baseline;0;NoMitigation;None;anonymous;Sample;6839;0.0000;-0.1103;-0.0272;0.1027;47.7774;41.4469;62.0433;-0.1103;-0.0272;0.1027;0.8067;0.4913;0.0821;0.3179;0;;;;;;;;;;;;;0;;;;;;;;0.2449;-0.5504;0.7982;-0.4951;-0.4590;0.3028;0.9472;0.2841;0.1420;-0.0426;;;;;;;;;;;;;0;;;;;;;;b974454d-ae33-4d16-9737-e66469f616ef;;OpenLoop;2026-05-18 09:46:27.3472;Hands;2;OpenXR
Right;;Baseline;0;NoMitigation;None;anonymous;Sample;6843;0.0000;-0.1103;-0.0272;0.1027;47.7774;41.4469;62.0433;-0.1103;-0.0272;0.1027;0.8067;0.4913;0.0821;0.3179;0;;;;;;;;;;;;;0;;;;;;;;0.2449;-0.5504;0.7982;-0.4951;-0.4590;0.3028;0.9472;0.2841;0.1420;-0.0426;;;;;;;;;;;;;0;;;;;;;;b974454d-ae33-4d16-9737-e66469f616ef;;OpenLoop;2026-05-18 09:46:27.3715;Hands;2;OpenXR
Right;;Baseline;0;NoMitigation;None;anonymous;Sample;6847;0.0000;-0.1103;-0.0272;0.1027;47.7774;41.4469;62.0433;-0.1103;-0.0272;0.1027;0.8067;0.4913;0.0821;0.3179;0;;;;;;;;;;;;;0;;;;;;;;0.2449;-0.5504;0.7982;-0.4951;-0.4590;0.3028;0.9472;0.2841;0.1420;-0.0426;;;;;;;;;;;;;0;;;;;;;;b974454d-ae33-4d16-9737-e66469f616ef;;OpenLoop;2026-05-18 09:46:27.3954;Hands;2;OpenXR
Right;;Baseline;0;NoMitigation;None;anonymous;Sample;6851;0.0000;-0.1103;-0.0272;0.1027;47.7774;41.4469;62.0433;-0.1103;-0.0272;0.1027;0.8067;0.4913;0.0821;0.3179;0;;;;;;;;;;;;;0;;;;;;;;0.2449;-0.5504;0.7982;-0.4951;-0.4590;0.3028;0.9472;0.2841;0.1420;-0.0426;;;;;;;;;;;;;0;;;;;;;;b974454d-ae33-4d16-9737-e66469f616ef;;OpenLoop;2026-05-18 09:46:27.4220;Hands;2;OpenXR
Right;;Baseline;0;NoMitigation;None;anonymous;Sample;6855;0.0000;-0.1103;-0.0272;0.1027;47.7774;41.4469;62.0433;-0.1103;-0.0272;0.1027;0.8067;0.4913;0.0821;0.3179;0;;;;;;;;;;;;;0;;;;;;;;0.2449;-0.5504;0.7982;-0.4951;-0.4590;0.3028;0.9472;0.2841;0.1420;-0.0426;;;;;;;;;;;;;0;;;;;;;;b974454d-ae33-4d16-9737-e66469f616ef;;OpenLoop;2026-05-18 09:46:27.4469;Hands;2;OpenXR
Right;;Baseline;0;NoMitigation;None;anonymous;Sample;6859;0.0000;-0.1103;-0.0272;0.1027;47.7774;41.4469;62.0433;-0.1103;-0.0272;0.1027;0.8067;0.4913;0.0821;0.3179;0;;;;;;;;;;;;;0;;;;;;;;0.2449;-0.5504;0.7982;-0.4951;-0.4590;0.3028;0.9472;0.2841;0.1420;-0.0426;;;;;;;;;;;;;0;;;;;;;;b974454d-ae33-4d16-9737-e66469f616ef;;OpenLoop;2026-05-18 09:46:27.4728;Hands;2;OpenXR
Right;;Baseline;0;NoMitigation;None;anonymous;Sample;6863;0.0000;-0.1103;-0.0272;0.1027;47.7774;41.4469;62.0433;-0.1103;-0.0272;0.1027;0.8067;0.4913;0.0821;0.3179;0;;;;;;;;;;;;;0;;;;;;;;0.2449;-0.5504;0.7982;-0.4951;-0.4590;0.3028;0.9472;0.2841;0.1420;-0.0426;;;;;;;;;;;;;0;;;;;;;;b974454d-ae33-4d16-9737-e66469f616ef;;OpenLoop;2026-05-18 09:46:27.4972;Hands;2;OpenXR
Right;;Baseline;0;NoMitigation;None;anonymous;Sample;6867;0.0000;-0.1103;-0.0272;0.1027;47.7774;41.4469;62.0433;-0.1103;-0.0272;0.1027;0.8067;0.4913;0.0821;0.3179;0;;;;;;;;;;;;;0;;;;;;;;0.2449;-0.5504;0.7982;-0.4951;-0.4590;0.3028;0.9472;0.2841;0.1420;-0.0426;;;;;;;;;;;;;0;;;;;;;;b974454d-ae33-4d16-9737-e66469f616ef;;OpenLoop;2026-05-18 09:46:27.5229;Hands;2;OpenXR
Right;;Baseline;0;NoMitigation;None;anonymous;Sample;6871;0.0000;-0.1103;-0.0272;0.1027;47.7774;41.4469;62.0433;-0.1103;-0.0272;0.1027;0.8067;0.4913;0.0821;0.3179;0;;;;;;;;;;;;;0;;;;;;;;0.2449;-0.5504;0.7982;-0.4951;-0.4590;0.3028;0.9472;0.2841;0.1420;-0.0426;;;;;;;;;;;;;0;;;;;;;;b974454d-ae33-4d16-9737-e66469f616ef;;OpenLoop;2026-05-18 09:46:27.5471;Hands;2;OpenXR
Right;;Baseline;0;NoMitigation;None;anonymous;Sample;6875;0.0000;-0.1103;-0.0272;0.1027;47.7774;41.4469;62.0433;-0.1103;-0.0272;0.1027;0.8067;0.4913;0.0821;0.3179;0;;;;;;;;;;;;;0;;;;;;;;0.2449;-0.5504;0.7982;-0.4951;-0.4590;0.3028;0.9472;0.2841;0.1420;-0.0426;;;;;;;;;;;;;0;;;;;;;;b974454d-ae33-4d16-9737-e66469f616ef;;OpenLoop;2026-05-18 09:46:27.5740;Hands;2;OpenXR
Right;;Baseline;0;NoMitigation;None;anonymous;Sample;6879;0.0000;-0.1103;-0.0272;0.1027;47.7774;41.4469;62.0433;-0.1103;-0.0272;0.1027;0.8067;0.4913;0.0821;0.3179;0;;;;;;;;;;;;;0;;;;;;;;0.2449;-0.5504;0.7982;-0.4951;-0.4590;0.3028;0.9472;0.2841;0.1420;-0.0426;;;;;;;;;;;;;0;;;;;;;;b974454d-ae33-4d16-9737-e66469f616ef;;OpenLoop;2026-05-18 09:46:27.5984;Hands;2;OpenXR
Right;;Baseline;0;NoMitigation;None;anonymous;Sample;6883;0.0000;-0.1103;-0.0272;0.1027;47.7774;41.4469;62.0433;-0.1103;-0.0272;0.1027;0.8067;0.4913;0.0821;0.3179;0;;;;;;;;;;;;;0;;;;;;;;0.2449;-0.5504;0.7982;-0.4951;-0.4590;0.3028;0.9472;0.2841;0.1420;-0.0426;;;;;;;;;;;;;0;;;;;;;;b974454d-ae33-4d16-9737-e66469f616ef;;OpenLoop;2026-05-18 09:46:27.6244;Hands;2;OpenXR
Right;;Baseline;0;NoMitigation;None;anonymous;Sample;6887;0.0000;-0.1103;-0.0272;0.1027;47.7774;41.4469;62.0433;-0.1103;-0.0272;0.1027;0.8067;0.4913;0.0821;0.3179;0;;;;;;;;;;;;;0;;;;;;;;0.2449;-0.5504;0.7982;-0.4951;-0.4590;0.3028;0.9472;0.2841;0.1420;-0.0426;;;;;;;;;;;;;0;;;;;;;;b974454d-ae33-4d16-9737-e66469f616ef;;OpenLoop;2026-05-18 09:46:27.6492;Hands;2;OpenXR
Right;;Baseline;0;NoMitigation;None;anonymous;Sample;6891;0.0000;-0.1103;-0.0272;0.1027;47.7774;41.4469;62.0433;-0.1103;-0.0272;0.1027;0.8067;0.4913;0.0821;0.3179;0;;;;;;;;;;;;;0;;;;;;;;0.2449;-0.5504;0.7982;-0.4951;-0.4590;0.3028;0.9472;0.2841;0.1420;-0.0426;;;;;;;;;;;;;0;;;;;;;;b974454d-ae33-4d16-9737-e66469f616ef;;OpenLoop;2026-05-18 09:46:27.6745;Hands;2;OpenXR
Right;;Baseline;0;NoMitigation;None;anonymous;Sample;6894;0.0000;-0.1103;-0.0272;0.1027;47.7774;41.4469;62.0433;-0.1103;-0.0272;0.1027;0.8067;0.4913;0.0821;0.3179;0;;;;;;;;;;;;;0;;;;;;;;0.2449;-0.5504;0.7982;-0.4951;-0.4590;0.3028;0.9472;0.2841;0.1420;-0.0426;;;;;;;;;;;;;0;;;;;;;;b974454d-ae33-4d16-9737-e66469f616ef;;OpenLoop;2026-05-18 09:46:27.6975;Hands;2;OpenXR
Right;;Baseline;0;NoMitigation;None;anonymous;Sample;6898;0.0000;-0.1103;-0.0272;0.1027;47.7774;41.4469;62.0433;-0.1103;-0.0272;0.1027;0.8067;0.4913;0.0821;0.3179;0;;;;;;;;;;;;;0;;;;;;;;0.2449;-0.5504;0.7982;-0.4951;-0.4590;0.3028;0.9472;0.2841;0.1420;-0.0426;;;;;;;;;;;;;0;;;;;;;;b974454d-ae33-4d16-9737-e66469f616ef;;OpenLoop;2026-05-18 09:46:27.7211;Hands;2;OpenXR
Right;;Baseline;0;NoMitigation;None;anonymous;Sample;6902;0.0000;-0.1103;-0.0272;0.1027;47.7774;41.4469;62.0433;-0.1103;-0.0272;0.1027;0.8067;0.4913;0.0821;0.3179;0;;;;;;;;;;;;;0;;;;;;;;0.2449;-0.5504;0.7982;-0.4951;-0.4590;0.3028;0.9472;0.2841;0.1420;-0.0426;;;;;;;;;;;;;0;;;;;;;;b974454d-ae33-4d16-9737-e66469f616ef;;OpenLoop;2026-05-18 09:46:27.7457;Hands;2;OpenXR
Right;;Baseline;0;NoMitigation;None;anonymous;Sample;6906;0.0000;-0.1103;-0.0272;0.1027;47.7774;41.4469;62.0433;-0.1103;-0.0272;0.1027;0.8067;0.4913;0.0821;0.3179;0;;;;;;;;;;;;;0;;;;;;;;0.2449;-0.5504;0.7982;-0.4951;-0.4590;0.3028;0.9472;0.2841;0.1420;-0.0426;;;;;;;;;;;;;0;;;;;;;;b974454d-ae33-4d16-9737-e66469f616ef;;OpenLoop;2026-05-18 09:46:27.7715;Hands;2;OpenXR
Right;;Baseline;0;NoMitigation;None;anonymous;Sample;6910;0.0000;-0.1103;-0.0272;0.1027;47.7774;41.4469;62.0433;-0.1103;-0.0272;0.1027;0.8067;0.4913;0.0821;0.3179;0;;;;;;;;;;;;;0;;;;;;;;0.2449;-0.5504;0.7982;-0.4951;-0.4590;0.3028;0.9472;0.2841;0.1420;-0.0426;;;;;;;;;;;;;0;;;;;;;;b974454d-ae33-4d16-9737-e66469f616ef;;OpenLoop;2026-05-18 09:46:27.7985;Hands;2;OpenXR
Right;;Baseline;0;NoMitigation;None;anonymous;Sample;6914;0.0000;-0.1103;-0.0272;0.1027;47.7774;41.4469;62.0433;-0.1103;-0.0272;0.1027;0.8067;0.4913;0.0821;0.3179;0;;;;;;;;;;;;;0;;;;;;;;0.2449;-0.5504;0.7982;-0.4951;-0.4590;0.3028;0.9472;0.2841;0.1420;-0.0426;;;;;;;;;;;;;0;;;;;;;;b974454d-ae33-4d16-9737-e66469f616ef;;OpenLoop;2026-05-18 09:46:27.8218;Hands;2;OpenXR
Right;;Baseline;0;NoMitigation;None;anonymous;Sample;6917;0.0000;-0.1103;-0.0272;0.1027;47.7774;41.4469;62.0433;-0.1103;-0.0272;0.1027;0.8067;0.4913;0.0821;0.3179;0;;;;;;;;;;;;;0;;;;;;;;0.2449;-0.5504;0.7982;-0.4951;-0.4590;0.3028;0.9472;0.2841;0.1420;-0.0426;;;;;;;;;;;;;0;;;;;;;;b974454d-ae33-4d16-9737-e66469f616ef;;OpenLoop;2026-05-18 09:46:27.8428;Hands;2;OpenXR
Right;;Baseline;0;NoMitigation;None;anonymous;Sample;6921;0.0000;-0.1103;-0.0272;0.1027;47.7774;41.4469;62.0433;-0.1103;-0.0272;0.1027;0.8067;0.4913;0.0821;0.3179;0;;;;;;;;;;;;;0;;;;;;;;0.2449;-0.5504;0.7982;-0.4951;-0.4590;0.3028;0.9472;0.2841;0.1420;-0.0426;;;;;;;;;;;;;0;;;;;;;;b974454d-ae33-4d16-9737-e66469f616ef;;OpenLoop;2026-05-18 09:46:27.8672;Hands;2;OpenXR
Right;;Baseline;0;NoMitigation;None;anonymous;Sample;6925;0.0000;-0.1103;-0.0272;0.1027;47.7774;41.4469;62.0433;-0.1103;-0.0272;0.1027;0.8067;0.4913;0.0821;0.3179;0;;;;;;;;;;;;;0;;;;;;;;0.2449;-0.5504;0.7982;-0.4951;-0.4590;0.3028;0.9472;0.2841;0.1420;-0.0426;;;;;;;;;;;;;0;;;;;;;;b974454d-ae33-4d16-9737-e66469f616ef;;OpenLoop;2026-05-18 09:46:27.8932;Hands;2;OpenXR
Right;;Baseline;0;NoMitigation;None;anonymous;Sample;6929;0.0000;-0.1103;-0.0272;0.1027;47.7774;41.4469;62.0433;-0.1103;-0.0272;0.1027;0.8067;0.4913;0.0821;0.3179;0;;;;;;;;;;;;;0;;;;;;;;0.2449;-0.5504;0.7982;-0.4951;-0.4590;0.3028;0.9472;0.2841;0.1420;-0.0426;;;;;;;;;;;;;0;;;;;;;;b974454d-ae33-4d16-9737-e66469f616ef;;OpenLoop;2026-05-18 09:46:27.9191;Hands;2;OpenXR
Right;;Baseline;0;NoMitigation;None;anonymous;Sample;6933;0.0000;-0.1103;-0.0272;0.1027;47.7774;41.4469;62.0433;-0.1103;-0.0272;0.1027;0.8067;0.4913;0.0821;0.3179;0;;;;;;;;;;;;;0;;;;;;;;0.2449;-0.5504;0.7982;-0.4951;-0.4590;0.3028;0.9472;0.2841;0.1420;-0.0426;;;;;;;;;;;;;0;;;;;;;;b974454d-ae33-4d16-9737-e66469f616ef;;OpenLoop;2026-05-18 09:46:27.9445;Hands;2;OpenXR
Right;;Baseline;0;NoMitigation;None;anonymous;Sample;6937;0.0000;-0.1103;-0.0272;0.1027;47.7774;41.4469;62.0433;-0.1103;-0.0272;0.1027;0.8067;0.4913;0.0821;0.3179;0;;;;;;;;;;;;;0;;;;;;;;0.2449;-0.5504;0.7982;-0.4951;-0.4590;0.3028;0.9472;0.2841;0.1420;-0.0426;;;;;;;;;;;;;0;;;;;;;;b974454d-ae33-4d16-9737-e66469f616ef;;OpenLoop;2026-05-18 09:46:27.9710;Hands;2;OpenXR
Right;;Baseline;0;NoMitigation;None;anonymous;Sample;6941;0.0000;-0.1103;-0.0272;0.1027;47.7774;41.4469;62.0433;-0.1103;-0.0272;0.1027;0.8067;0.4913;0.0821;0.3179;0;;;;;;;;;;;;;0;;;;;;;;0.2449;-0.5504;0.7982;-0.4951;-0.4590;0.3028;0.9472;0.2841;0.1420;-0.0426;;;;;;;;;;;;;0;;;;;;;;b974454d-ae33-4d16-9737-e66469f616ef;;OpenLoop;2026-05-18 09:46:27.9970;Hands;2;OpenXR
Right;;Baseline;0;NoMitigation;None;anonymous;Sample;6945;0.0000;-0.1103;-0.0272;0.1027;47.7774;41.4469;62.0433;-0.1103;-0.0272;0.1027;0.8067;0.4913;0.0821;0.3179;0;;;;;;;;;;;;;0;;;;;;;;0.2449;-0.5504;0.7982;-0.4951;-0.4590;0.3028;0.9472;0.2841;0.1420;-0.0426;;;;;;;;;;;;;0;;;;;;;;b974454d-ae33-4d16-9737-e66469f616ef;;OpenLoop;2026-05-18 09:46:28.0238;Hands;2;OpenXR
Right;;Baseline;0;NoMitigation;None;anonymous;Sample;6949;0.0000;-0.1103;-0.0272;0.1027;47.7774;41.4469;62.0433;-0.1103;-0.0272;0.1027;0.8067;0.4913;0.0821;0.3179;0;;;;;;;;;;;;;0;;;;;;;;0.2449;-0.5504;0.7982;-0.4951;-0.4590;0.3028;0.9472;0.2841;0.1420;-0.0426;;;;;;;;;;;;;0;;;;;;;;b974454d-ae33-4d16-9737-e66469f616ef;;OpenLoop;2026-05-18 09:46:28.0498;Hands;2;OpenXR
Right;;Baseline;0;NoMitigation;None;anonymous;Sample;6953;0.0000;-0.1103;-0.0272;0.1027;47.7774;41.4469;62.0433;-0.1103;-0.0272;0.1027;0.8067;0.4913;0.0821;0.3179;0;;;;;;;;;;;;;0;;;;;;;;0.2449;-0.5504;0.7982;-0.4951;-0.4590;0.3028;0.9472;0.2841;0.1420;-0.0426;;;;;;;;;;;;;0;;;;;;;;b974454d-ae33-4d16-9737-e66469f616ef;;OpenLoop;2026-05-18 09:46:28.0753;Hands;2;OpenXR
Right;;Baseline;0;NoMitigation;None;anonymous;Sample;6957;0.0000;-0.1103;-0.0272;0.1027;47.7774;41.4469;62.0433;-0.1103;-0.0272;0.1027;0.8067;0.4913;0.0821;0.3179;0;;;;;;;;;;;;;0;;;;;;;;0.2449;-0.5504;0.7982;-0.4951;-0.4590;0.3028;0.9472;0.2841;0.1420;-0.0426;;;;;;;;;;;;;0;;;;;;;;b974454d-ae33-4d16-9737-e66469f616ef;;OpenLoop;2026-05-18 09:46:28.1023;Hands;2;OpenXR
Right;;Baseline;0;NoMitigation;None;anonymous;Sample;6960;0.0000;-0.1103;-0.0272;0.1027;47.7774;41.4469;62.0433;-0.1103;-0.0272;0.1027;0.8067;0.4913;0.0821;0.3179;0;;;;;;;;;;;;;0;;;;;;;;0.2449;-0.5504;0.7982;-0.4951;-0.4590;0.3028;0.9472;0.2841;0.1420;-0.0426;;;;;;;;;;;;;0;;;;;;;;b974454d-ae33-4d16-9737-e66469f616ef;;OpenLoop;2026-05-18 09:46:28.1232;Hands;2;OpenXR
Right;;Baseline;0;NoMitigation;None;anonymous;Sample;6964;0.0000;-0.1103;-0.0272;0.1027;47.7774;41.4469;62.0433;-0.1103;-0.0272;0.1027;0.8067;0.4913;0.0821;0.3179;0;;;;;;;;;;;;;0;;;;;;;;0.2449;-0.5504;0.7982;-0.4951;-0.4590;0.3028;0.9472;0.2841;0.1420;-0.0426;;;;;;;;;;;;;0;;;;;;;;b974454d-ae33-4d16-9737-e66469f616ef;;OpenLoop;2026-05-18 09:46:28.1477;Hands;2;OpenXR
Right;;Baseline;0;NoMitigation;None;anonymous;Sample;6967;0.0000;-0.1103;-0.0272;0.1027;47.7774;41.4469;62.0433;-0.1103;-0.0272;0.1027;0.8067;0.4913;0.0821;0.3179;0;;;;;;;;;;;;;0;;;;;;;;0.2449;-0.5504;0.7982;-0.4951;-0.4590;0.3028;0.9472;0.2841;0.1420;-0.0426;;;;;;;;;;;;;0;;;;;;;;b974454d-ae33-4d16-9737-e66469f616ef;;OpenLoop;2026-05-18 09:46:28.1676;Hands;2;OpenXR
Right;;Baseline;0;NoMitigation;None;anonymous;Sample;6971;0.0000;-0.1103;-0.0272;0.1027;47.7774;41.4469;62.0433;-0.1103;-0.0272;0.1027;0.8067;0.4913;0.0821;0.3179;0;;;;;;;;;;;;;0;;;;;;;;0.2449;-0.5504;0.7982;-0.4951;-0.4590;0.3028;0.9472;0.2841;0.1420;-0.0426;;;;;;;;;;;;;0;;;;;;;;b974454d-ae33-4d16-9737-e66469f616ef;;OpenLoop;2026-05-18 09:46:28.1940;Hands;2;OpenXR
Right;;Baseline;0;NoMitigation;None;anonymous;Sample;6975;0.0000;-0.1103;-0.0272;0.1027;47.7774;41.4469;62.0433;-0.1103;-0.0272;0.1027;0.8067;0.4913;0.0821;0.3179;0;;;;;;;;;;;;;0;;;;;;;;0.2449;-0.5504;0.7982;-0.4951;-0.4590;0.3028;0.9472;0.2841;0.1420;-0.0426;;;;;;;;;;;;;0;;;;;;;;b974454d-ae33-4d16-9737-e66469f616ef;;OpenLoop;2026-05-18 09:46:28.2203;Hands;2;OpenXR
Right;;Baseline;0;NoMitigation;None;anonymous;Sample;6978;0.0000;-0.1103;-0.0272;0.1027;47.7774;41.4469;62.0433;-0.1103;-0.0272;0.1027;0.8067;0.4913;0.0821;0.3179;0;;;;;;;;;;;;;0;;;;;;;;0.2449;-0.5504;0.7982;-0.4951;-0.4590;0.3028;0.9472;0.2841;0.1420;-0.0426;;;;;;;;;;;;;0;;;;;;;;b974454d-ae33-4d16-9737-e66469f616ef;;OpenLoop;2026-05-18 09:46:28.2417;Hands;2;OpenXR
Right;;Baseline;0;NoMitigation;None;anonymous;Sample;6982;0.0000;-0.1103;-0.0272;0.1027;47.7774;41.4469;62.0433;-0.1103;-0.0272;0.1027;0.8067;0.4913;0.0821;0.3179;0;;;;;;;;;;;;;0;;;;;;;;0.2449;-0.5504;0.7982;-0.4951;-0.4590;0.3028;0.9472;0.2841;0.1420;-0.0426;;;;;;;;;;;;;0;;;;;;;;b974454d-ae33-4d16-9737-e66469f616ef;;OpenLoop;2026-05-18 09:46:28.2683;Hands;2;OpenXR
Right;;Baseline;0;NoMitigation;None;anonymous;Sample;6986;0.0000;-0.1103;-0.0272;0.1027;47.7774;41.4469;62.0433;-0.1103;-0.0272;0.1027;0.8067;0.4913;0.0821;0.3179;0;;;;;;;;;;;;;0;;;;;;;;0.2449;-0.5504;0.7982;-0.4951;-0.4590;0.3028;0.9472;0.2841;0.1420;-0.0426;;;;;;;;;;;;;0;;;;;;;;b974454d-ae33-4d16-9737-e66469f616ef;;OpenLoop;2026-05-18 09:46:28.2945;Hands;2;OpenXR
Right;;Baseline;0;NoMitigation;None;anonymous;Sample;6989;0.0000;-0.1103;-0.0272;0.1027;47.7774;41.4469;62.0433;-0.1103;-0.0272;0.1027;0.8067;0.4913;0.0821;0.3179;0;;;;;;;;;;;;;0;;;;;;;;0.2449;-0.5504;0.7982;-0.4951;-0.4590;0.3028;0.9472;0.2841;0.1420;-0.0426;;;;;;;;;;;;;0;;;;;;;;b974454d-ae33-4d16-9737-e66469f616ef;;OpenLoop;2026-05-18 09:46:28.3143;Hands;2;OpenXR
Right;;Baseline;0;NoMitigation;None;anonymous;Sample;6992;0.0000;-0.1103;-0.0272;0.1027;47.7774;41.4469;62.0433;-0.1103;-0.0272;0.1027;0.8067;0.4913;0.0821;0.3179;0;;;;;;;;;;;;;0;;;;;;;;0.2449;-0.5504;0.7982;-0.4951;-0.4590;0.3028;0.9472;0.2841;0.1420;-0.0426;;;;;;;;;;;;;0;;;;;;;;b974454d-ae33-4d16-9737-e66469f616ef;;OpenLoop;2026-05-18 09:46:28.3344;Hands;2;OpenXR
Right;;Baseline;0;NoMitigation;None;anonymous;Sample;6996;0.0000;-0.1103;-0.0272;0.1027;47.7774;41.4469;62.0433;-0.1103;-0.0272;0.1027;0.8067;0.4913;0.0821;0.3179;0;;;;;;;;;;;;;0;;;;;;;;0.2449;-0.5504;0.7982;-0.4951;-0.4590;0.3028;0.9472;0.2841;0.1420;-0.0426;;;;;;;;;;;;;0;;;;;;;;b974454d-ae33-4d16-9737-e66469f616ef;;OpenLoop;2026-05-18 09:46:28.3610;Hands;2;OpenXR
Right;;Baseline;0;NoMitigation;None;anonymous;Sample;6999;0.0000;-0.1103;-0.0272;0.1027;47.7774;41.4469;62.0433;-0.1103;-0.0272;0.1027;0.8067;0.4913;0.0821;0.3179;0;;;;;;;;;;;;;0;;;;;;;;0.2449;-0.5504;0.7982;-0.4951;-0.4590;0.3028;0.9472;0.2841;0.1420;-0.0426;;;;;;;;;;;;;0;;;;;;;;b974454d-ae33-4d16-9737-e66469f616ef;;OpenLoop;2026-05-18 09:46:28.3809;Hands;2;OpenXR
Right;;Baseline;0;NoMitigation;None;anonymous;Sample;7002;0.0000;-0.1103;-0.0272;0.1027;47.7774;41.4469;62.0433;-0.1103;-0.0272;0.1027;0.8067;0.4913;0.0821;0.3179;0;;;;;;;;;;;;;0;;;;;;;;0.2449;-0.5504;0.7982;-0.4951;-0.4590;0.3028;0.9472;0.2841;0.1420;-0.0426;;;;;;;;;;;;;0;;;;;;;;b974454d-ae33-4d16-9737-e66469f616ef;;OpenLoop;2026-05-18 09:46:28.4003;Hands;2;OpenXR
Right;;Baseline;0;NoMitigation;None;anonymous;Sample;7006;0.0000;-0.1103;-0.0272;0.1027;47.7774;41.4469;62.0433;-0.1103;-0.0272;0.1027;0.8067;0.4913;0.0821;0.3179;0;;;;;;;;;;;;;0;;;;;;;;0.2449;-0.5504;0.7982;-0.4951;-0.4590;0.3028;0.9472;0.2841;0.1420;-0.0426;;;;;;;;;;;;;0;;;;;;;;b974454d-ae33-4d16-9737-e66469f616ef;;OpenLoop;2026-05-18 09:46:28.4284;Hands;2;OpenXR
Right;;Baseline;0;NoMitigation;None;anonymous;Sample;7010;0.0000;-0.1103;-0.0272;0.1027;47.7774;41.4469;62.0433;-0.1103;-0.0272;0.1027;0.8067;0.4913;0.0821;0.3179;0;;;;;;;;;;;;;0;;;;;;;;0.2449;-0.5504;0.7982;-0.4951;-0.4590;0.3028;0.9472;0.2841;0.1420;-0.0426;;;;;;;;;;;;;0;;;;;;;;b974454d-ae33-4d16-9737-e66469f616ef;;OpenLoop;2026-05-18 09:46:28.4554;Hands;2;OpenXR
Right;;Baseline;0;NoMitigation;None;anonymous;Sample;7014;0.0000;-0.1103;-0.0272;0.1027;47.7774;41.4469;62.0433;-0.1103;-0.0272;0.1027;0.8067;0.4913;0.0821;0.3179;0;;;;;;;;;;;;;0;;;;;;;;0.2449;-0.5504;0.7982;-0.4951;-0.4590;0.3028;0.9472;0.2841;0.1420;-0.0426;;;;;;;;;;;;;0;;;;;;;;b974454d-ae33-4d16-9737-e66469f616ef;;OpenLoop;2026-05-18 09:46:28.4815;Hands;2;OpenXR
Right;;Baseline;0;NoMitigation;None;anonymous;Sample;7018;0.0000;-0.1103;-0.0272;0.1027;47.7774;41.4469;62.0433;-0.1103;-0.0272;0.1027;0.8067;0.4913;0.0821;0.3179;0;;;;;;;;;;;;;0;;;;;;;;0.2449;-0.5504;0.7982;-0.4951;-0.4590;0.3028;0.9472;0.2841;0.1420;-0.0426;;;;;;;;;;;;;0;;;;;;;;b974454d-ae33-4d16-9737-e66469f616ef;;OpenLoop;2026-05-18 09:46:28.5089;Hands;2;OpenXR
Right;;Baseline;0;NoMitigation;None;anonymous;Sample;7021;0.0000;-0.1103;-0.0272;0.1027;47.7774;41.4469;62.0433;-0.1103;-0.0272;0.1027;0.8067;0.4913;0.0821;0.3179;0;;;;;;;;;;;;;0;;;;;;;;0.2449;-0.5504;0.7982;-0.4951;-0.4590;0.3028;0.9472;0.2841;0.1420;-0.0426;;;;;;;;;;;;;0;;;;;;;;b974454d-ae33-4d16-9737-e66469f616ef;;OpenLoop;2026-05-18 09:46:28.5292;Hands;2;OpenXR
Right;;Baseline;0;NoMitigation;None;anonymous;Sample;7024;0.0000;-0.1103;-0.0272;0.1027;47.7774;41.4469;62.0433;-0.1103;-0.0272;0.1027;0.8067;0.4913;0.0821;0.3179;0;;;;;;;;;;;;;0;;;;;;;;0.2449;-0.5504;0.7982;-0.4951;-0.4590;0.3028;0.9472;0.2841;0.1420;-0.0426;;;;;;;;;;;;;0;;;;;;;;b974454d-ae33-4d16-9737-e66469f616ef;;OpenLoop;2026-05-18 09:46:28.5481;Hands;2;OpenXR
Right;;Baseline;0;NoMitigation;None;anonymous;Sample;7027;0.0000;-0.1103;-0.0272;0.1027;47.7774;41.4469;62.0433;-0.1103;-0.0272;0.1027;0.8067;0.4913;0.0821;0.3179;0;;;;;;;;;;;;;0;;;;;;;;0.2449;-0.5504;0.7982;-0.4951;-0.4590;0.3028;0.9472;0.2841;0.1420;-0.0426;;;;;;;;;;;;;0;;;;;;;;b974454d-ae33-4d16-9737-e66469f616ef;;OpenLoop;2026-05-18 09:46:28.5684;Hands;2;OpenXR
Right;;Baseline;0;NoMitigation;None;anonymous;Sample;7030;0.0000;-0.1103;-0.0272;0.1027;47.7774;41.4469;62.0433;-0.1103;-0.0272;0.1027;0.8067;0.4913;0.0821;0.3179;0;;;;;;;;;;;;;0;;;;;;;;0.2449;-0.5504;0.7982;-0.4951;-0.4590;0.3028;0.9472;0.2841;0.1420;-0.0426;;;;;;;;;;;;;0;;;;;;;;b974454d-ae33-4d16-9737-e66469f616ef;;OpenLoop;2026-05-18 09:46:28.5893;Hands;2;OpenXR
Right;;Baseline;0;NoMitigation;None;anonymous;Sample;7033;0.0000;-0.1103;-0.0272;0.1027;47.7774;41.4469;62.0433;-0.1103;-0.0272;0.1027;0.8067;0.4913;0.0821;0.3179;0;;;;;;;;;;;;;0;;;;;;;;0.2449;-0.5504;0.7982;-0.4951;-0.4590;0.3028;0.9472;0.2841;0.1420;-0.0426;;;;;;;;;;;;;0;;;;;;;;b974454d-ae33-4d16-9737-e66469f616ef;;OpenLoop;2026-05-18 09:46:28.6101;Hands;2;OpenXR
Right;;Baseline;0;NoMitigation;None;anonymous;Sample;7036;0.0000;-0.1103;-0.0272;0.1027;47.7774;41.4469;62.0433;-0.1103;-0.0272;0.1027;0.8067;0.4913;0.0821;0.3179;0;;;;;;;;;;;;;0;;;;;;;;0.2449;-0.5504;0.7982;-0.4951;-0.4590;0.3028;0.9472;0.2841;0.1420;-0.0426;;;;;;;;;;;;;0;;;;;;;;b974454d-ae33-4d16-9737-e66469f616ef;;OpenLoop;2026-05-18 09:46:28.6309;Hands;2;OpenXR
Right;;Baseline;0;NoMitigation;None;anonymous;Sample;7039;0.0000;-0.1103;-0.0272;0.1027;47.7774;41.4469;62.0433;-0.1103;-0.0272;0.1027;0.8067;0.4913;0.0821;0.3179;0;;;;;;;;;;;;;0;;;;;;;;0.2449;-0.5504;0.7982;-0.4951;-0.4590;0.3028;0.9472;0.2841;0.1420;-0.0426;;;;;;;;;;;;;0;;;;;;;;b974454d-ae33-4d16-9737-e66469f616ef;;OpenLoop;2026-05-18 09:46:28.6502;Hands;2;OpenXR
Right;;Baseline;0;NoMitigation;None;anonymous;Sample;7042;0.0000;-0.1103;-0.0272;0.1027;47.7774;41.4469;62.0433;-0.1103;-0.0272;0.1027;0.8067;0.4913;0.0821;0.3179;0;;;;;;;;;;;;;0;;;;;;;;0.2449;-0.5504;0.7982;-0.4951;-0.4590;0.3028;0.9472;0.2841;0.1420;-0.0426;;;;;;;;;;;;;0;;;;;;;;b974454d-ae33-4d16-9737-e66469f616ef;;OpenLoop;2026-05-18 09:46:28.6715;Hands;2;OpenXR
Right;;Baseline;0;NoMitigation;None;anonymous;Sample;7045;0.0000;-0.1103;-0.0272;0.1027;47.7774;41.4469;62.0433;-0.1103;-0.0272;0.1027;0.8067;0.4913;0.0821;0.3179;0;;;;;;;;;;;;;0;;;;;;;;0.2449;-0.5504;0.7982;-0.4951;-0.4590;0.3028;0.9472;0.2841;0.1420;-0.0426;;;;;;;;;;;;;0;;;;;;;;b974454d-ae33-4d16-9737-e66469f616ef;;OpenLoop;2026-05-18 09:46:28.6913;Hands;2;OpenXR
Right;;Baseline;0;NoMitigation;None;anonymous;Sample;7048;0.0000;-0.1103;-0.0272;0.1027;47.7774;41.4469;62.0433;-0.1103;-0.0272;0.1027;0.8067;0.4913;0.0821;0.3179;0;;;;;;;;;;;;;0;;;;;;;;0.2449;-0.5504;0.7982;-0.4951;-0.4590;0.3028;0.9472;0.2841;0.1420;-0.0426;;;;;;;;;;;;;0;;;;;;;;b974454d-ae33-4d16-9737-e66469f616ef;;OpenLoop;2026-05-18 09:46:28.7126;Hands;2;OpenXR
Right;;Baseline;0;NoMitigation;None;anonymous;Sample;7051;0.0000;-0.1103;-0.0272;0.1027;47.7774;41.4469;62.0433;-0.1103;-0.0272;0.1027;0.8067;0.4913;0.0821;0.3179;0;;;;;;;;;;;;;0;;;;;;;;0.2449;-0.5504;0.7982;-0.4951;-0.4590;0.3028;0.9472;0.2841;0.1420;-0.0426;;;;;;;;;;;;;0;;;;;;;;b974454d-ae33-4d16-9737-e66469f616ef;;OpenLoop;2026-05-18 09:46:28.7329;Hands;2;OpenXR
Right;;Baseline;0;NoMitigation;None;anonymous;Sample;7054;0.0000;-0.1103;-0.0272;0.1027;47.7774;41.4469;62.0433;-0.1103;-0.0272;0.1027;0.8067;0.4913;0.0821;0.3179;0;;;;;;;;;;;;;0;;;;;;;;0.2449;-0.5504;0.7982;-0.4951;-0.4590;0.3028;0.9472;0.2841;0.1420;-0.0426;;;;;;;;;;;;;0;;;;;;;;b974454d-ae33-4d16-9737-e66469f616ef;;OpenLoop;2026-05-18 09:46:28.7538;Hands;2;OpenXR
Right;;Baseline;0;NoMitigation;None;anonymous;Sample;7057;0.0000;-0.1103;-0.0272;0.1027;47.7774;41.4469;62.0433;-0.1103;-0.0272;0.1027;0.8067;0.4913;0.0821;0.3179;0;;;;;;;;;;;;;0;;;;;;;;0.2449;-0.5504;0.7982;-0.4951;-0.4590;0.3028;0.9472;0.2841;0.1420;-0.0426;;;;;;;;;;;;;0;;;;;;;;b974454d-ae33-4d16-9737-e66469f616ef;;OpenLoop;2026-05-18 09:46:28.7743;Hands;2;OpenXR
Right;;Baseline;0;NoMitigation;None;anonymous;Sample;7060;0.0000;-0.1103;-0.0272;0.1027;47.7774;41.4469;62.0433;-0.1103;-0.0272;0.1027;0.8067;0.4913;0.0821;0.3179;0;;;;;;;;;;;;;0;;;;;;;;0.2449;-0.5504;0.7982;-0.4951;-0.4590;0.3028;0.9472;0.2841;0.1420;-0.0426;;;;;;;;;;;;;0;;;;;;;;b974454d-ae33-4d16-9737-e66469f616ef;;OpenLoop;2026-05-18 09:46:28.7947;Hands;2;OpenXR
Right;;Baseline;0;NoMitigation;None;anonymous;Sample;7063;0.0000;-0.1103;-0.0272;0.1027;47.7774;41.4469;62.0433;-0.1103;-0.0272;0.1027;0.8067;0.4913;0.0821;0.3179;0;;;;;;;;;;;;;0;;;;;;;;0.2449;-0.5504;0.7982;-0.4951;-0.4590;0.3028;0.9472;0.2841;0.1420;-0.0426;;;;;;;;;;;;;0;;;;;;;;b974454d-ae33-4d16-9737-e66469f616ef;;OpenLoop;2026-05-18 09:46:28.8154;Hands;2;OpenXR
Right;;Baseline;0;NoMitigation;None;anonymous;Sample;7066;0.0000;-0.1103;-0.0272;0.1027;47.7774;41.4469;62.0433;-0.1103;-0.0272;0.1027;0.8067;0.4913;0.0821;0.3179;0;;;;;;;;;;;;;0;;;;;;;;0.2449;-0.5504;0.7982;-0.4951;-0.4590;0.3028;0.9472;0.2841;0.1420;-0.0426;;;;;;;;;;;;;0;;;;;;;;b974454d-ae33-4d16-9737-e66469f616ef;;OpenLoop;2026-05-18 09:46:28.8353;Hands;2;OpenXR
Right;;Baseline;0;NoMitigation;None;anonymous;Sample;7069;0.0000;-0.1103;-0.0272;0.1027;47.7774;41.4469;62.0433;-0.1103;-0.0272;0.1027;0.8067;0.4913;0.0821;0.3179;0;;;;;;;;;;;;;0;;;;;;;;0.2449;-0.5504;0.7982;-0.4951;-0.4590;0.3028;0.9472;0.2841;0.1420;-0.0426;;;;;;;;;;;;;0;;;;;;;;b974454d-ae33-4d16-9737-e66469f616ef;;OpenLoop;2026-05-18 09:46:28.8555;Hands;2;OpenXR
Right;;Baseline;0;NoMitigation;None;anonymous;Sample;7072;0.0000;-0.1103;-0.0272;0.1027;47.7774;41.4469;62.0433;-0.1103;-0.0272;0.1027;0.8067;0.4913;0.0821;0.3179;0;;;;;;;;;;;;;0;;;;;;;;0.2449;-0.5504;0.7982;-0.4951;-0.4590;0.3028;0.9472;0.2841;0.1420;-0.0426;;;;;;;;;;;;;0;;;;;;;;b974454d-ae33-4d16-9737-e66469f616ef;;OpenLoop;2026-05-18 09:46:28.8774;Hands;2;OpenXR
Right;;Baseline;0;NoMitigation;None;anonymous;Sample;7075;0.0000;-0.1103;-0.0272;0.1027;47.7774;41.4469;62.0433;-0.1103;-0.0272;0.1027;0.8067;0.4913;0.0821;0.3179;0;;;;;;;;;;;;;0;;;;;;;;0.2449;-0.5504;0.7982;-0.4951;-0.4590;0.3028;0.9472;0.2841;0.1420;-0.0426;;;;;;;;;;;;;0;;;;;;;;b974454d-ae33-4d16-9737-e66469f616ef;;OpenLoop;2026-05-18 09:46:28.8989;Hands;2;OpenXR
Right;;Baseline;0;NoMitigation;None;anonymous;Sample;7078;0.0000;-0.1103;-0.0272;0.1027;47.7774;41.4469;62.0433;-0.1103;-0.0272;0.1027;0.8067;0.4913;0.0821;0.3179;0;;;;;;;;;;;;;0;;;;;;;;0.2449;-0.5504;0.7982;-0.4951;-0.4590;0.3028;0.9472;0.2841;0.1420;-0.0426;;;;;;;;;;;;;0;;;;;;;;b974454d-ae33-4d16-9737-e66469f616ef;;OpenLoop;2026-05-18 09:46:28.9196;Hands;2;OpenXR
Right;;Baseline;0;NoMitigation;None;anonymous;Sample;7081;0.0000;-0.1103;-0.0272;0.1027;47.7774;41.4469;62.0433;-0.1103;-0.0272;0.1027;0.8067;0.4913;0.0821;0.3179;0;;;;;;;;;;;;;0;;;;;;;;0.2449;-0.5504;0.7982;-0.4951;-0.4590;0.3028;0.9472;0.2841;0.1420;-0.0426;;;;;;;;;;;;;0;;;;;;;;b974454d-ae33-4d16-9737-e66469f616ef;;OpenLoop;2026-05-18 09:46:28.9400;Hands;2;OpenXR
Right;;Baseline;0;NoMitigation;None;anonymous;Sample;7084;0.0000;-0.1103;-0.0272;0.1027;47.7774;41.4469;62.0433;-0.1103;-0.0272;0.1027;0.8067;0.4913;0.0821;0.3179;0;;;;;;;;;;;;;0;;;;;;;;0.2449;-0.5504;0.7982;-0.4951;-0.4590;0.3028;0.9472;0.2841;0.1420;-0.0426;;;;;;;;;;;;;0;;;;;;;;b974454d-ae33-4d16-9737-e66469f616ef;;OpenLoop;2026-05-18 09:46:28.9614;Hands;2;OpenXR
Right;;Baseline;0;NoMitigation;None;anonymous;Sample;7087;0.0000;-0.1103;-0.0272;0.1027;47.7774;41.4469;62.0433;-0.1103;-0.0272;0.1027;0.8067;0.4913;0.0821;0.3179;0;;;;;;;;;;;;;0;;;;;;;;0.2449;-0.5504;0.7982;-0.4951;-0.4590;0.3028;0.9472;0.2841;0.1420;-0.0426;;;;;;;;;;;;;0;;;;;;;;b974454d-ae33-4d16-9737-e66469f616ef;;OpenLoop;2026-05-18 09:46:28.9812;Hands;2;OpenXR
Right;;Baseline;0;NoMitigation;None;anonymous;Sample;7090;0.0000;-0.1103;-0.0272;0.1027;47.7774;41.4469;62.0433;-0.1103;-0.0272;0.1027;0.8067;0.4913;0.0821;0.3179;0;;;;;;;;;;;;;0;;;;;;;;0.2449;-0.5504;0.7982;-0.4951;-0.4590;0.3028;0.9472;0.2841;0.1420;-0.0426;;;;;;;;;;;;;0;;;;;;;;b974454d-ae33-4d16-9737-e66469f616ef;;OpenLoop;2026-05-18 09:46:29.0032;Hands;2;OpenXR
Right;;Baseline;0;NoMitigation;None;anonymous;Sample;7093;0.0000;-0.1103;-0.0272;0.1027;47.7774;41.4469;62.0433;-0.1103;-0.0272;0.1027;0.8067;0.4913;0.0821;0.3179;0;;;;;;;;;;;;;0;;;;;;;;0.2449;-0.5504;0.7982;-0.4951;-0.4590;0.3028;0.9472;0.2841;0.1420;-0.0426;;;;;;;;;;;;;0;;;;;;;;b974454d-ae33-4d16-9737-e66469f616ef;;OpenLoop;2026-05-18 09:46:29.0240;Hands;2;OpenXR
Right;;Baseline;0;NoMitigation;None;anonymous;Sample;7096;0.0000;-0.1103;-0.0272;0.1027;47.7774;41.4469;62.0433;-0.1103;-0.0272;0.1027;0.8067;0.4913;0.0821;0.3179;0;;;;;;;;;;;;;0;;;;;;;;0.2449;-0.5504;0.7982;-0.4951;-0.4590;0.3028;0.9472;0.2841;0.1420;-0.0426;;;;;;;;;;;;;0;;;;;;;;b974454d-ae33-4d16-9737-e66469f616ef;;OpenLoop;2026-05-18 09:46:29.0449;Hands;2;OpenXR
Right;;Baseline;0;NoMitigation;None;anonymous;Sample;7099;0.0000;-0.1103;-0.0272;0.1027;47.7774;41.4469;62.0433;-0.1103;-0.0272;0.1027;0.8067;0.4913;0.0821;0.3179;0;;;;;;;;;;;;;0;;;;;;;;0.2449;-0.5504;0.7982;-0.4951;-0.4590;0.3028;0.9472;0.2841;0.1420;-0.0426;;;;;;;;;;;;;0;;;;;;;;b974454d-ae33-4d16-9737-e66469f616ef;;OpenLoop;2026-05-18 09:46:29.0652;Hands;2;OpenXR
Right;;Baseline;0;NoMitigation;None;anonymous;Sample;7102;0.0000;-0.1103;-0.0272;0.1027;47.7774;41.4469;62.0433;-0.1103;-0.0272;0.1027;0.8067;0.4913;0.0821;0.3179;0;;;;;;;;;;;;;0;;;;;;;;0.2449;-0.5504;0.7982;-0.4951;-0.4590;0.3028;0.9472;0.2841;0.1420;-0.0426;;;;;;;;;;;;;0;;;;;;;;b974454d-ae33-4d16-9737-e66469f616ef;;OpenLoop;2026-05-18 09:46:29.0871;Hands;2;OpenXR
Right;;Baseline;0;NoMitigation;None;anonymous;Sample;7105;0.0000;-0.1103;-0.0272;0.1027;47.7774;41.4469;62.0433;-0.1103;-0.0272;0.1027;0.8067;0.4913;0.0821;0.3179;0;;;;;;;;;;;;;0;;;;;;;;0.2449;-0.5504;0.7982;-0.4951;-0.4590;0.3028;0.9472;0.2841;0.1420;-0.0426;;;;;;;;;;;;;0;;;;;;;;b974454d-ae33-4d16-9737-e66469f616ef;;OpenLoop;2026-05-18 09:46:29.1069;Hands;2;OpenXR
Right;;Baseline;0;NoMitigation;None;anonymous;Sample;7108;0.0000;-0.1103;-0.0272;0.1027;47.7774;41.4469;62.0433;-0.1103;-0.0272;0.1027;0.8067;0.4913;0.0821;0.3179;0;;;;;;;;;;;;;0;;;;;;;;0.2449;-0.5504;0.7982;-0.4951;-0.4590;0.3028;0.9472;0.2841;0.1420;-0.0426;;;;;;;;;;;;;0;;;;;;;;b974454d-ae33-4d16-9737-e66469f616ef;;OpenLoop;2026-05-18 09:46:29.1283;Hands;2;OpenXR
Right;;Baseline;0;NoMitigation;None;anonymous;Sample;7111;0.0000;-0.1103;-0.0272;0.1027;47.7774;41.4469;62.0433;-0.1103;-0.0272;0.1027;0.8067;0.4913;0.0821;0.3179;0;;;;;;;;;;;;;0;;;;;;;;0.2449;-0.5504;0.7982;-0.4951;-0.4590;0.3028;0.9472;0.2841;0.1420;-0.0426;;;;;;;;;;;;;0;;;;;;;;b974454d-ae33-4d16-9737-e66469f616ef;;OpenLoop;2026-05-18 09:46:29.1499;Hands;2;OpenXR
Right;;Baseline;0;NoMitigation;None;anonymous;Sample;7114;0.0000;-0.1103;-0.0272;0.1027;47.7774;41.4469;62.0433;-0.1103;-0.0272;0.1027;0.8067;0.4913;0.0821;0.3179;0;;;;;;;;;;;;;0;;;;;;;;0.2449;-0.5504;0.7982;-0.4951;-0.4590;0.3028;0.9472;0.2841;0.1420;-0.0426;;;;;;;;;;;;;0;;;;;;;;b974454d-ae33-4d16-9737-e66469f616ef;;OpenLoop;2026-05-18 09:46:29.1716;Hands;2;OpenXR
Right;;Baseline;0;NoMitigation;None;anonymous;Sample;7117;0.0000;-0.1103;-0.0272;0.1027;47.7774;41.4469;62.0433;-0.1103;-0.0272;0.1027;0.8067;0.4913;0.0821;0.3179;0;;;;;;;;;;;;;0;;;;;;;;0.2449;-0.5504;0.7982;-0.4951;-0.4590;0.3028;0.9472;0.2841;0.1420;-0.0426;;;;;;;;;;;;;0;;;;;;;;b974454d-ae33-4d16-9737-e66469f616ef;;OpenLoop;2026-05-18 09:46:29.1929;Hands;2;OpenXR
Right;;Baseline;0;NoMitigation;None;anonymous;Sample;7120;0.0000;-0.1103;-0.0272;0.1027;47.7774;41.4469;62.0433;-0.1103;-0.0272;0.1027;0.8067;0.4913;0.0821;0.3179;0;;;;;;;;;;;;;0;;;;;;;;0.2449;-0.5504;0.7982;-0.4951;-0.4590;0.3028;0.9472;0.2841;0.1420;-0.0426;;;;;;;;;;;;;0;;;;;;;;b974454d-ae33-4d16-9737-e66469f616ef;;OpenLoop;2026-05-18 09:46:29.2142;Hands;2;OpenXR
Right;;Baseline;0;NoMitigation;None;anonymous;Sample;7123;0.0000;-0.1103;-0.0272;0.1027;47.7774;41.4469;62.0433;-0.1103;-0.0272;0.1027;0.8067;0.4913;0.0821;0.3179;0;;;;;;;;;;;;;0;;;;;;;;0.2449;-0.5504;0.7982;-0.4951;-0.4590;0.3028;0.9472;0.2841;0.1420;-0.0426;;;;;;;;;;;;;0;;;;;;;;b974454d-ae33-4d16-9737-e66469f616ef;;OpenLoop;2026-05-18 09:46:29.2361;Hands;2;OpenXR
Right;;Baseline;0;NoMitigation;None;anonymous;Sample;7126;0.0000;-0.1103;-0.0272;0.1027;47.7774;41.4469;62.0433;-0.1103;-0.0272;0.1027;0.8067;0.4913;0.0821;0.3179;0;;;;;;;;;;;;;0;;;;;;;;0.2449;-0.5504;0.7982;-0.4951;-0.4590;0.3028;0.9472;0.2841;0.1420;-0.0426;;;;;;;;;;;;;0;;;;;;;;b974454d-ae33-4d16-9737-e66469f616ef;;OpenLoop;2026-05-18 09:46:29.2571;Hands;2;OpenXR
Right;;Baseline;0;NoMitigation;None;anonymous;Sample;7129;0.0000;-0.1103;-0.0272;0.1027;47.7774;41.4469;62.0433;-0.1103;-0.0272;0.1027;0.8067;0.4913;0.0821;0.3179;0;;;;;;;;;;;;;0;;;;;;;;0.2449;-0.5504;0.7982;-0.4951;-0.4590;0.3028;0.9472;0.2841;0.1420;-0.0426;;;;;;;;;;;;;0;;;;;;;;b974454d-ae33-4d16-9737-e66469f616ef;;OpenLoop;2026-05-18 09:46:29.2789;Hands;2;OpenXR
Right;;Baseline;0;NoMitigation;None;anonymous;Sample;7132;0.0000;-0.1103;-0.0272;0.1027;47.7774;41.4469;62.0433;-0.1103;-0.0272;0.1027;0.8067;0.4913;0.0821;0.3179;0;;;;;;;;;;;;;0;;;;;;;;0.2449;-0.5504;0.7982;-0.4951;-0.4590;0.3028;0.9472;0.2841;0.1420;-0.0426;;;;;;;;;;;;;0;;;;;;;;b974454d-ae33-4d16-9737-e66469f616ef;;OpenLoop;2026-05-18 09:46:29.3004;Hands;2;OpenXR
Right;;Baseline;0;NoMitigation;None;anonymous;Sample;7135;0.0000;-0.1103;-0.0272;0.1027;47.7774;41.4469;62.0433;-0.1103;-0.0272;0.1027;0.8067;0.4913;0.0821;0.3179;0;;;;;;;;;;;;;0;;;;;;;;0.2449;-0.5504;0.7982;-0.4951;-0.4590;0.3028;0.9472;0.2841;0.1420;-0.0426;;;;;;;;;;;;;0;;;;;;;;b974454d-ae33-4d16-9737-e66469f616ef;;OpenLoop;2026-05-18 09:46:29.3209;Hands;2;OpenXR
Right;;Baseline;0;NoMitigation;None;anonymous;Sample;7138;0.0000;-0.1103;-0.0272;0.1027;47.7774;41.4469;62.0433;-0.1103;-0.0272;0.1027;0.8067;0.4913;0.0821;0.3179;0;;;;;;;;;;;;;0;;;;;;;;0.2449;-0.5504;0.7982;-0.4951;-0.4590;0.3028;0.9472;0.2841;0.1420;-0.0426;;;;;;;;;;;;;0;;;;;;;;b974454d-ae33-4d16-9737-e66469f616ef;;OpenLoop;2026-05-18 09:46:29.3434;Hands;2;OpenXR
Right;;Baseline;0;NoMitigation;None;anonymous;Sample;7141;0.0000;-0.1103;-0.0272;0.1027;47.7774;41.4469;62.0433;-0.1103;-0.0272;0.1027;0.8067;0.4913;0.0821;0.3179;0;;;;;;;;;;;;;0;;;;;;;;0.2449;-0.5504;0.7982;-0.4951;-0.4590;0.3028;0.9472;0.2841;0.1420;-0.0426;;;;;;;;;;;;;0;;;;;;;;b974454d-ae33-4d16-9737-e66469f616ef;;OpenLoop;2026-05-18 09:46:29.3645;Hands;2;OpenXR
Right;;Baseline;0;NoMitigation;None;anonymous;Sample;7144;0.0000;-0.1103;-0.0272;0.1027;47.7774;41.4469;62.0433;-0.1103;-0.0272;0.1027;0.8067;0.4913;0.0821;0.3179;0;;;;;;;;;;;;;0;;;;;;;;0.2449;-0.5504;0.7982;-0.4951;-0.4590;0.3028;0.9472;0.2841;0.1420;-0.0426;;;;;;;;;;;;;0;;;;;;;;b974454d-ae33-4d16-9737-e66469f616ef;;OpenLoop;2026-05-18 09:46:29.3855;Hands;2;OpenXR
Right;;Baseline;0;NoMitigation;None;anonymous;Sample;7147;0.0000;-0.1103;-0.0272;0.1027;47.7774;41.4469;62.0433;-0.1103;-0.0272;0.1027;0.8067;0.4913;0.0821;0.3179;0;;;;;;;;;;;;;0;;;;;;;;0.2449;-0.5504;0.7982;-0.4951;-0.4590;0.3028;0.9472;0.2841;0.1420;-0.0426;;;;;;;;;;;;;0;;;;;;;;b974454d-ae33-4d16-9737-e66469f616ef;;OpenLoop;2026-05-18 09:46:29.4073;Hands;2;OpenXR
Right;;Baseline;0;NoMitigation;None;anonymous;Sample;7150;0.0000;-0.1103;-0.0272;0.1027;47.7774;41.4469;62.0433;-0.1103;-0.0272;0.1027;0.8067;0.4913;0.0821;0.3179;0;;;;;;;;;;;;;0;;;;;;;;0.2449;-0.5504;0.7982;-0.4951;-0.4590;0.3028;0.9472;0.2841;0.1420;-0.0426;;;;;;;;;;;;;0;;;;;;;;b974454d-ae33-4d16-9737-e66469f616ef;;OpenLoop;2026-05-18 09:46:29.4288;Hands;2;OpenXR
Right;;Baseline;0;NoMitigation;None;anonymous;Sample;7153;0.0000;-0.1103;-0.0272;0.1027;47.7774;41.4469;62.0433;-0.1103;-0.0272;0.1027;0.8067;0.4913;0.0821;0.3179;0;;;;;;;;;;;;;0;;;;;;;;0.2449;-0.5504;0.7982;-0.4951;-0.4590;0.3028;0.9472;0.2841;0.1420;-0.0426;;;;;;;;;;;;;0;;;;;;;;b974454d-ae33-4d16-9737-e66469f616ef;;OpenLoop;2026-05-18 09:46:29.4503;Hands;2;OpenXR
Right;;Baseline;0;NoMitigation;None;anonymous;Sample;7156;0.0000;-0.1103;-0.0272;0.1027;47.7774;41.4469;62.0433;-0.1103;-0.0272;0.1027;0.8067;0.4913;0.0821;0.3179;0;;;;;;;;;;;;;0;;;;;;;;0.2449;-0.5504;0.7982;-0.4951;-0.4590;0.3028;0.9472;0.2841;0.1420;-0.0426;;;;;;;;;;;;;0;;;;;;;;b974454d-ae33-4d16-9737-e66469f616ef;;OpenLoop;2026-05-18 09:46:29.4728;Hands;2;OpenXR
Right;;Baseline;0;NoMitigation;None;anonymous;Sample;7159;0.0000;-0.1103;-0.0272;0.1027;47.7774;41.4469;62.0433;-0.1103;-0.0272;0.1027;0.8067;0.4913;0.0821;0.3179;0;;;;;;;;;;;;;0;;;;;;;;0.2449;-0.5504;0.7982;-0.4951;-0.4590;0.3028;0.9472;0.2841;0.1420;-0.0426;;;;;;;;;;;;;0;;;;;;;;b974454d-ae33-4d16-9737-e66469f616ef;;OpenLoop;2026-05-18 09:46:29.4943;Hands;2;OpenXR
Right;;Baseline;0;NoMitigation;None;anonymous;Sample;7162;0.0000;-0.1103;-0.0272;0.1027;47.7774;41.4469;62.0433;-0.1103;-0.0272;0.1027;0.8067;0.4913;0.0821;0.3179;0;;;;;;;;;;;;;0;;;;;;;;0.2449;-0.5504;0.7982;-0.4951;-0.4590;0.3028;0.9472;0.2841;0.1420;-0.0426;;;;;;;;;;;;;0;;;;;;;;b974454d-ae33-4d16-9737-e66469f616ef;;OpenLoop;2026-05-18 09:46:29.5159;Hands;2;OpenXR
Right;;Baseline;0;NoMitigation;None;anonymous;Sample;7165;0.0000;-0.1103;-0.0272;0.1027;47.7774;41.4469;62.0433;-0.1103;-0.0272;0.1027;0.8067;0.4913;0.0821;0.3179;0;;;;;;;;;;;;;0;;;;;;;;0.2449;-0.5504;0.7982;-0.4951;-0.4590;0.3028;0.9472;0.2841;0.1420;-0.0426;;;;;;;;;;;;;0;;;;;;;;b974454d-ae33-4d16-9737-e66469f616ef;;OpenLoop;2026-05-18 09:46:29.5378;Hands;2;OpenXR
Right;;Baseline;0;NoMitigation;None;anonymous;Sample;7168;0.0000;-0.1103;-0.0272;0.1027;47.7774;41.4469;62.0433;-0.1103;-0.0272;0.1027;0.8067;0.4913;0.0821;0.3179;0;;;;;;;;;;;;;0;;;;;;;;0.2449;-0.5504;0.7982;-0.4951;-0.4590;0.3028;0.9472;0.2841;0.1420;-0.0426;;;;;;;;;;;;;0;;;;;;;;b974454d-ae33-4d16-9737-e66469f616ef;;OpenLoop;2026-05-18 09:46:29.5603;Hands;2;OpenXR
Right;;Baseline;0;NoMitigation;None;anonymous;Sample;7171;0.0000;-0.1103;-0.0272;0.1027;47.7774;41.4469;62.0433;-0.1103;-0.0272;0.1027;0.8067;0.4913;0.0821;0.3179;0;;;;;;;;;;;;;0;;;;;;;;0.2449;-0.5504;0.7982;-0.4951;-0.4590;0.3028;0.9472;0.2841;0.1420;-0.0426;;;;;;;;;;;;;0;;;;;;;;b974454d-ae33-4d16-9737-e66469f616ef;;OpenLoop;2026-05-18 09:46:29.5818;Hands;2;OpenXR
Right;;Baseline;0;NoMitigation;None;anonymous;Sample;7174;0.0000;-0.1103;-0.0272;0.1027;47.7774;41.4469;62.0433;-0.1103;-0.0272;0.1027;0.8067;0.4913;0.0821;0.3179;0;;;;;;;;;;;;;0;;;;;;;;0.2449;-0.5504;0.7982;-0.4951;-0.4590;0.3028;0.9472;0.2841;0.1420;-0.0426;;;;;;;;;;;;;0;;;;;;;;b974454d-ae33-4d16-9737-e66469f616ef;;OpenLoop;2026-05-18 09:46:29.6038;Hands;2;OpenXR
Right;;Baseline;0;NoMitigation;None;anonymous;Sample;7177;0.0000;-0.1103;-0.0272;0.1027;47.7774;41.4469;62.0433;-0.1103;-0.0272;0.1027;0.8067;0.4913;0.0821;0.3179;0;;;;;;;;;;;;;0;;;;;;;;0.2449;-0.5504;0.7982;-0.4951;-0.4590;0.3028;0.9472;0.2841;0.1420;-0.0426;;;;;;;;;;;;;0;;;;;;;;b974454d-ae33-4d16-9737-e66469f616ef;;OpenLoop;2026-05-18 09:46:29.6253;Hands;2;OpenXR
Right;;Baseline;0;NoMitigation;None;anonymous;Sample;7180;0.0000;-0.1103;-0.0272;0.1027;47.7774;41.4469;62.0433;-0.1103;-0.0272;0.1027;0.8067;0.4913;0.0821;0.3179;0;;;;;;;;;;;;;0;;;;;;;;0.2449;-0.5504;0.7982;-0.4951;-0.4590;0.3028;0.9472;0.2841;0.1420;-0.0426;;;;;;;;;;;;;0;;;;;;;;b974454d-ae33-4d16-9737-e66469f616ef;;OpenLoop;2026-05-18 09:46:29.6473;Hands;2;OpenXR
Right;;Baseline;0;NoMitigation;None;anonymous;Sample;7183;0.0000;-0.1103;-0.0272;0.1027;47.7774;41.4469;62.0433;-0.1103;-0.0272;0.1027;0.8067;0.4913;0.0821;0.3179;0;;;;;;;;;;;;;0;;;;;;;;0.2449;-0.5504;0.7982;-0.4951;-0.4590;0.3028;0.9472;0.2841;0.1420;-0.0426;;;;;;;;;;;;;0;;;;;;;;b974454d-ae33-4d16-9737-e66469f616ef;;OpenLoop;2026-05-18 09:46:29.6694;Hands;2;OpenXR
Right;;Baseline;0;NoMitigation;None;anonymous;Sample;7186;0.0000;-0.1103;-0.0272;0.1027;47.7774;41.4469;62.0433;-0.1103;-0.0272;0.1027;0.8067;0.4913;0.0821;0.3179;0;;;;;;;;;;;;;0;;;;;;;;0.2449;-0.5504;0.7982;-0.4951;-0.4590;0.3028;0.9472;0.2841;0.1420;-0.0426;;;;;;;;;;;;;0;;;;;;;;b974454d-ae33-4d16-9737-e66469f616ef;;OpenLoop;2026-05-18 09:46:29.6907;Hands;2;OpenXR
Right;;Baseline;0;NoMitigation;None;anonymous;Sample;7189;0.0000;-0.1103;-0.0272;0.1027;47.7774;41.4469;62.0433;-0.1103;-0.0272;0.1027;0.8067;0.4913;0.0821;0.3179;0;;;;;;;;;;;;;0;;;;;;;;0.2449;-0.5504;0.7982;-0.4951;-0.4590;0.3028;0.9472;0.2841;0.1420;-0.0426;;;;;;;;;;;;;0;;;;;;;;b974454d-ae33-4d16-9737-e66469f616ef;;OpenLoop;2026-05-18 09:46:29.7126;Hands;2;OpenXR
Right;;Baseline;0;NoMitigation;None;anonymous;Sample;7192;0.0000;-0.1103;-0.0272;0.1027;47.7774;41.4469;62.0433;-0.1103;-0.0272;0.1027;0.8067;0.4913;0.0821;0.3179;0;;;;;;;;;;;;;0;;;;;;;;0.2449;-0.5504;0.7982;-0.4951;-0.4590;0.3028;0.9472;0.2841;0.1420;-0.0426;;;;;;;;;;;;;0;;;;;;;;b974454d-ae33-4d16-9737-e66469f616ef;;OpenLoop;2026-05-18 09:46:29.7354;Hands;2;OpenXR
Right;;Baseline;0;NoMitigation;None;anonymous;Sample;7195;0.0000;-0.1103;-0.0272;0.1027;47.7774;41.4469;62.0433;-0.1103;-0.0272;0.1027;0.8067;0.4913;0.0821;0.3179;0;;;;;;;;;;;;;0;;;;;;;;0.2449;-0.5504;0.7982;-0.4951;-0.4590;0.3028;0.9472;0.2841;0.1420;-0.0426;;;;;;;;;;;;;0;;;;;;;;b974454d-ae33-4d16-9737-e66469f616ef;;OpenLoop;2026-05-18 09:46:29.7573;Hands;2;OpenXR
Right;;Baseline;0;NoMitigation;None;anonymous;Sample;7198;0.0000;-0.1103;-0.0272;0.1027;47.7774;41.4469;62.0433;-0.1103;-0.0272;0.1027;0.8067;0.4913;0.0821;0.3179;0;;;;;;;;;;;;;0;;;;;;;;0.2449;-0.5504;0.7982;-0.4951;-0.4590;0.3028;0.9472;0.2841;0.1420;-0.0426;;;;;;;;;;;;;0;;;;;;;;b974454d-ae33-4d16-9737-e66469f616ef;;OpenLoop;2026-05-18 09:46:29.7803;Hands;2;OpenXR
Right;;Baseline;0;NoMitigation;None;anonymous;Sample;7201;0.0000;-0.1103;-0.0272;0.1027;47.7774;41.4469;62.0433;-0.1103;-0.0272;0.1027;0.8067;0.4913;0.0821;0.3179;0;;;;;;;;;;;;;0;;;;;;;;0.2449;-0.5504;0.7982;-0.4951;-0.4590;0.3028;0.9472;0.2841;0.1420;-0.0426;;;;;;;;;;;;;0;;;;;;;;b974454d-ae33-4d16-9737-e66469f616ef;;OpenLoop;2026-05-18 09:46:29.8023;Hands;2;OpenXR
Right;;Baseline;0;NoMitigation;None;anonymous;Sample;7204;0.0000;-0.1103;-0.0272;0.1027;47.7774;41.4469;62.0433;-0.1103;-0.0272;0.1027;0.8067;0.4913;0.0821;0.3179;0;;;;;;;;;;;;;0;;;;;;;;0.2449;-0.5504;0.7982;-0.4951;-0.4590;0.3028;0.9472;0.2841;0.1420;-0.0426;;;;;;;;;;;;;0;;;;;;;;b974454d-ae33-4d16-9737-e66469f616ef;;OpenLoop;2026-05-18 09:46:29.8243;Hands;2;OpenXR
Right;;Baseline;0;NoMitigation;None;anonymous;Sample;7207;0.0000;-0.1103;-0.0272;0.1027;47.7774;41.4469;62.0433;-0.1103;-0.0272;0.1027;0.8067;0.4913;0.0821;0.3179;0;;;;;;;;;;;;;0;;;;;;;;0.2449;-0.5504;0.7982;-0.4951;-0.4590;0.3028;0.9472;0.2841;0.1420;-0.0426;;;;;;;;;;;;;0;;;;;;;;b974454d-ae33-4d16-9737-e66469f616ef;;OpenLoop;2026-05-18 09:46:29.8456;Hands;2;OpenXR
Right;;Baseline;0;NoMitigation;None;anonymous;Sample;7210;0.0000;-0.1103;-0.0272;0.1027;47.7774;41.4469;62.0433;-0.1103;-0.0272;0.1027;0.8067;0.4913;0.0821;0.3179;0;;;;;;;;;;;;;0;;;;;;;;0.2449;-0.5504;0.7982;-0.4951;-0.4590;0.3028;0.9472;0.2841;0.1420;-0.0426;;;;;;;;;;;;;0;;;;;;;;b974454d-ae33-4d16-9737-e66469f616ef;;OpenLoop;2026-05-18 09:46:29.8685;Hands;2;OpenXR
Right;;Baseline;0;NoMitigation;None;anonymous;Sample;7213;0.0000;-0.1103;-0.0272;0.1027;47.7774;41.4469;62.0433;-0.1103;-0.0272;0.1027;0.8067;0.4913;0.0821;0.3179;0;;;;;;;;;;;;;0;;;;;;;;0.2449;-0.5504;0.7982;-0.4951;-0.4590;0.3028;0.9472;0.2841;0.1420;-0.0426;;;;;;;;;;;;;0;;;;;;;;b974454d-ae33-4d16-9737-e66469f616ef;;OpenLoop;2026-05-18 09:46:29.8918;Hands;2;OpenXR
Right;;Baseline;0;NoMitigation;None;anonymous;Sample;7216;0.0000;-0.1103;-0.0272;0.1027;47.7774;41.4469;62.0433;-0.1103;-0.0272;0.1027;0.8067;0.4913;0.0821;0.3179;0;;;;;;;;;;;;;0;;;;;;;;0.2449;-0.5504;0.7982;-0.4951;-0.4590;0.3028;0.9472;0.2841;0.1420;-0.0426;;;;;;;;;;;;;0;;;;;;;;b974454d-ae33-4d16-9737-e66469f616ef;;OpenLoop;2026-05-18 09:46:29.9142;Hands;2;OpenXR
Right;;Baseline;0;NoMitigation;None;anonymous;Sample;7219;0.0000;-0.1103;-0.0272;0.1027;47.7774;41.4469;62.0433;-0.1103;-0.0272;0.1027;0.8067;0.4913;0.0821;0.3179;0;;;;;;;;;;;;;0;;;;;;;;0.2449;-0.5504;0.7982;-0.4951;-0.4590;0.3028;0.9472;0.2841;0.1420;-0.0426;;;;;;;;;;;;;0;;;;;;;;b974454d-ae33-4d16-9737-e66469f616ef;;OpenLoop;2026-05-18 09:46:29.9363;Hands;2;OpenXR
Right;;Baseline;0;NoMitigation;None;anonymous;Sample;7222;0.0000;-0.1103;-0.0272;0.1027;47.7774;41.4469;62.0433;-0.1103;-0.0272;0.1027;0.8067;0.4913;0.0821;0.3179;0;;;;;;;;;;;;;0;;;;;;;;0.2449;-0.5504;0.7982;-0.4951;-0.4590;0.3028;0.9472;0.2841;0.1420;-0.0426;;;;;;;;;;;;;0;;;;;;;;b974454d-ae33-4d16-9737-e66469f616ef;;OpenLoop;2026-05-18 09:46:29.9582;Hands;2;OpenXR
Right;;Baseline;0;NoMitigation;None;anonymous;Sample;7225;0.0000;-0.1103;-0.0272;0.1027;47.7774;41.4469;62.0433;-0.1103;-0.0272;0.1027;0.8067;0.4913;0.0821;0.3179;0;;;;;;;;;;;;;0;;;;;;;;0.2449;-0.5504;0.7982;-0.4951;-0.4590;0.3028;0.9472;0.2841;0.1420;-0.0426;;;;;;;;;;;;;0;;;;;;;;b974454d-ae33-4d16-9737-e66469f616ef;;OpenLoop;2026-05-18 09:46:29.9817;Hands;2;OpenXR
Right;;Baseline;0;NoMitigation;None;anonymous;Sample;7228;0.0000;-0.1103;-0.0272;0.1027;47.7774;41.4469;62.0433;-0.1103;-0.0272;0.1027;0.8067;0.4913;0.0821;0.3179;0;;;;;;;;;;;;;0;;;;;;;;0.2449;-0.5504;0.7982;-0.4951;-0.4590;0.3028;0.9472;0.2841;0.1420;-0.0426;;;;;;;;;;;;;0;;;;;;;;b974454d-ae33-4d16-9737-e66469f616ef;;OpenLoop;2026-05-18 09:46:30.0046;Hands;2;OpenXR
Right;;Baseline;0;NoMitigation;None;anonymous;Sample;7231;0.0000;-0.1103;-0.0272;0.1027;47.7774;41.4469;62.0433;-0.1103;-0.0272;0.1027;0.8067;0.4913;0.0821;0.3179;0;;;;;;;;;;;;;0;;;;;;;;0.2449;-0.5504;0.7982;-0.4951;-0.4590;0.3028;0.9472;0.2841;0.1420;-0.0426;;;;;;;;;;;;;0;;;;;;;;b974454d-ae33-4d16-9737-e66469f616ef;;OpenLoop;2026-05-18 09:46:30.0272;Hands;2;OpenXR
Right;;Baseline;0;NoMitigation;None;anonymous;Sample;7234;0.0000;-0.1103;-0.0272;0.1027;47.7774;41.4469;62.0433;-0.1103;-0.0272;0.1027;0.8067;0.4913;0.0821;0.3179;0;;;;;;;;;;;;;0;;;;;;;;0.2449;-0.5504;0.7982;-0.4951;-0.4590;0.3028;0.9472;0.2841;0.1420;-0.0426;;;;;;;;;;;;;0;;;;;;;;b974454d-ae33-4d16-9737-e66469f616ef;;OpenLoop;2026-05-18 09:46:30.0494;Hands;2;OpenXR
Right;;Baseline;0;NoMitigation;None;anonymous;Sample;7237;0.0000;-0.1103;-0.0272;0.1027;47.7774;41.4469;62.0433;-0.1103;-0.0272;0.1027;0.8067;0.4913;0.0821;0.3179;0;;;;;;;;;;;;;0;;;;;;;;0.2449;-0.5504;0.7982;-0.4951;-0.4590;0.3028;0.9472;0.2841;0.1420;-0.0426;;;;;;;;;;;;;0;;;;;;;;b974454d-ae33-4d16-9737-e66469f616ef;;OpenLoop;2026-05-18 09:46:30.0719;Hands;2;OpenXR
Right;;Baseline;0;NoMitigation;None;anonymous;Sample;7240;0.0000;-0.1103;-0.0272;0.1027;47.7774;41.4469;62.0433;-0.1103;-0.0272;0.1027;0.8067;0.4913;0.0821;0.3179;0;;;;;;;;;;;;;0;;;;;;;;0.2449;-0.5504;0.7982;-0.4951;-0.4590;0.3028;0.9472;0.2841;0.1420;-0.0426;;;;;;;;;;;;;0;;;;;;;;b974454d-ae33-4d16-9737-e66469f616ef;;OpenLoop;2026-05-18 09:46:30.0958;Hands;2;OpenXR
Right;;Baseline;0;NoMitigation;None;anonymous;Sample;7243;0.0000;-0.1103;-0.0272;0.1027;47.7774;41.4469;62.0433;-0.1103;-0.0272;0.1027;0.8067;0.4913;0.0821;0.3179;0;;;;;;;;;;;;;0;;;;;;;;0.2449;-0.5504;0.7982;-0.4951;-0.4590;0.3028;0.9472;0.2841;0.1420;-0.0426;;;;;;;;;;;;;0;;;;;;;;b974454d-ae33-4d16-9737-e66469f616ef;;OpenLoop;2026-05-18 09:46:30.1179;Hands;2;OpenXR
Right;;Baseline;0;NoMitigation;None;anonymous;Sample;7246;0.0000;-0.1103;-0.0272;0.1027;47.7774;41.4469;62.0433;-0.1103;-0.0272;0.1027;0.8067;0.4913;0.0821;0.3179;0;;;;;;;;;;;;;0;;;;;;;;0.2449;-0.5504;0.7982;-0.4951;-0.4590;0.3028;0.9472;0.2841;0.1420;-0.0426;;;;;;;;;;;;;0;;;;;;;;b974454d-ae33-4d16-9737-e66469f616ef;;OpenLoop;2026-05-18 09:46:30.1408;Hands;2;OpenXR
Right;;Baseline;0;NoMitigation;None;anonymous;Sample;7249;0.0000;-0.1103;-0.0272;0.1027;47.7774;41.4469;62.0433;-0.1103;-0.0272;0.1027;0.8067;0.4913;0.0821;0.3179;0;;;;;;;;;;;;;0;;;;;;;;0.2449;-0.5504;0.7982;-0.4951;-0.4590;0.3028;0.9472;0.2841;0.1420;-0.0426;;;;;;;;;;;;;0;;;;;;;;b974454d-ae33-4d16-9737-e66469f616ef;;OpenLoop;2026-05-18 09:46:30.1637;Hands;2;OpenXR
Right;;Baseline;0;NoMitigation;None;anonymous;Sample;7252;0.0000;-0.1103;-0.0272;0.1027;47.7774;41.4469;62.0433;-0.1103;-0.0272;0.1027;0.8067;0.4913;0.0821;0.3179;0;;;;;;;;;;;;;0;;;;;;;;0.2449;-0.5504;0.7982;-0.4951;-0.4590;0.3028;0.9472;0.2841;0.1420;-0.0426;;;;;;;;;;;;;0;;;;;;;;b974454d-ae33-4d16-9737-e66469f616ef;;OpenLoop;2026-05-18 09:46:30.1857;Hands;2;OpenXR
Right;;Baseline;0;NoMitigation;None;anonymous;Sample;7255;0.0000;-0.1103;-0.0272;0.1027;47.7774;41.4469;62.0433;-0.1103;-0.0272;0.1027;0.8067;0.4913;0.0821;0.3179;0;;;;;;;;;;;;;0;;;;;;;;0.2449;-0.5504;0.7982;-0.4951;-0.4590;0.3028;0.9472;0.2841;0.1420;-0.0426;;;;;;;;;;;;;0;;;;;;;;b974454d-ae33-4d16-9737-e66469f616ef;;OpenLoop;2026-05-18 09:46:30.2096;Hands;2;OpenXR
Right;;Baseline;0;NoMitigation;None;anonymous;Sample;7258;0.0000;-0.1103;-0.0272;0.1027;47.7774;41.4469;62.0433;-0.1103;-0.0272;0.1027;0.8067;0.4913;0.0821;0.3179;0;;;;;;;;;;;;;0;;;;;;;;0.2449;-0.5504;0.7982;-0.4951;-0.4590;0.3028;0.9472;0.2841;0.1420;-0.0426;;;;;;;;;;;;;0;;;;;;;;b974454d-ae33-4d16-9737-e66469f616ef;;OpenLoop;2026-05-18 09:46:30.2326;Hands;2;OpenXR
Right;;Baseline;0;NoMitigation;None;anonymous;Sample;7261;0.0000;-0.1103;-0.0272;0.1027;47.7774;41.4469;62.0433;-0.1103;-0.0272;0.1027;0.8067;0.4913;0.0821;0.3179;0;;;;;;;;;;;;;0;;;;;;;;0.2449;-0.5504;0.7982;-0.4951;-0.4590;0.3028;0.9472;0.2841;0.1420;-0.0426;;;;;;;;;;;;;0;;;;;;;;b974454d-ae33-4d16-9737-e66469f616ef;;OpenLoop;2026-05-18 09:46:30.2547;Hands;2;OpenXR
Right;;Baseline;0;NoMitigation;None;anonymous;Sample;7264;0.0000;-0.1103;-0.0272;0.1027;47.7774;41.4469;62.0433;-0.1103;-0.0272;0.1027;0.8067;0.4913;0.0821;0.3179;0;;;;;;;;;;;;;0;;;;;;;;0.2449;-0.5504;0.7982;-0.4951;-0.4590;0.3028;0.9472;0.2841;0.1420;-0.0426;;;;;;;;;;;;;0;;;;;;;;b974454d-ae33-4d16-9737-e66469f616ef;;OpenLoop;2026-05-18 09:46:30.2787;Hands;2;OpenXR
Right;;Baseline;0;NoMitigation;None;anonymous;Sample;7267;0.0000;-0.1103;-0.0272;0.1027;47.7774;41.4469;62.0433;-0.1103;-0.0272;0.1027;0.8067;0.4913;0.0821;0.3179;0;;;;;;;;;;;;;0;;;;;;;;0.2449;-0.5504;0.7982;-0.4951;-0.4590;0.3028;0.9472;0.2841;0.1420;-0.0426;;;;;;;;;;;;;0;;;;;;;;b974454d-ae33-4d16-9737-e66469f616ef;;OpenLoop;2026-05-18 09:46:30.3021;Hands;2;OpenXR
Right;;Baseline;0;NoMitigation;None;anonymous;Sample;7270;0.0000;-0.1103;-0.0272;0.1027;47.7774;41.4469;62.0433;-0.1103;-0.0272;0.1027;0.8067;0.4913;0.0821;0.3179;0;;;;;;;;;;;;;0;;;;;;;;0.2449;-0.5504;0.7982;-0.4951;-0.4590;0.3028;0.9472;0.2841;0.1420;-0.0426;;;;;;;;;;;;;0;;;;;;;;b974454d-ae33-4d16-9737-e66469f616ef;;OpenLoop;2026-05-18 09:46:30.3246;Hands;2;OpenXR
Right;;Baseline;0;NoMitigation;None;anonymous;Sample;7273;0.0000;-0.1103;-0.0272;0.1027;47.7774;41.4469;62.0433;-0.1103;-0.0272;0.1027;0.8067;0.4913;0.0821;0.3179;0;;;;;;;;;;;;;0;;;;;;;;0.2449;-0.5504;0.7982;-0.4951;-0.4590;0.3028;0.9472;0.2841;0.1420;-0.0426;;;;;;;;;;;;;0;;;;;;;;b974454d-ae33-4d16-9737-e66469f616ef;;OpenLoop;2026-05-18 09:46:30.3477;Hands;2;OpenXR
Right;;Baseline;0;NoMitigation;None;anonymous;Sample;7276;0.0000;-0.1103;-0.0272;0.1027;47.7774;41.4469;62.0433;-0.1103;-0.0272;0.1027;0.8067;0.4913;0.0821;0.3179;0;;;;;;;;;;;;;0;;;;;;;;0.2449;-0.5504;0.7982;-0.4951;-0.4590;0.3028;0.9472;0.2841;0.1420;-0.0426;;;;;;;;;;;;;0;;;;;;;;b974454d-ae33-4d16-9737-e66469f616ef;;OpenLoop;2026-05-18 09:46:30.3718;Hands;2;OpenXR
Right;;Baseline;0;NoMitigation;None;anonymous;Sample;7279;0.0000;-0.1103;-0.0272;0.1027;47.7774;41.4469;62.0433;-0.1103;-0.0272;0.1027;0.8067;0.4913;0.0821;0.3179;0;;;;;;;;;;;;;0;;;;;;;;0.2449;-0.5504;0.7982;-0.4951;-0.4590;0.3028;0.9472;0.2841;0.1420;-0.0426;;;;;;;;;;;;;0;;;;;;;;b974454d-ae33-4d16-9737-e66469f616ef;;OpenLoop;2026-05-18 09:46:30.3949;Hands;2;OpenXR
Right;;Baseline;0;NoMitigation;None;anonymous;Sample;7282;0.0000;-0.1103;-0.0272;0.1027;47.7774;41.4469;62.0433;-0.1103;-0.0272;0.1027;0.8067;0.4913;0.0821;0.3179;0;;;;;;;;;;;;;0;;;;;;;;0.2449;-0.5504;0.7982;-0.4951;-0.4590;0.3028;0.9472;0.2841;0.1420;-0.0426;;;;;;;;;;;;;0;;;;;;;;b974454d-ae33-4d16-9737-e66469f616ef;;OpenLoop;2026-05-18 09:46:30.4181;Hands;2;OpenXR
Right;;Baseline;0;NoMitigation;None;anonymous;Sample;7285;0.0000;-0.1103;-0.0272;0.1027;47.7774;41.4469;62.0433;-0.1103;-0.0272;0.1027;0.8067;0.4913;0.0821;0.3179;0;;;;;;;;;;;;;0;;;;;;;;0.2449;-0.5504;0.7982;-0.4951;-0.4590;0.3028;0.9472;0.2841;0.1420;-0.0426;;;;;;;;;;;;;0;;;;;;;;b974454d-ae33-4d16-9737-e66469f616ef;;OpenLoop;2026-05-18 09:46:30.4416;Hands;2;OpenXR
Right;;Baseline;0;NoMitigation;None;anonymous;Sample;7288;0.0000;-0.1103;-0.0272;0.1027;47.7774;41.4469;62.0433;-0.1103;-0.0272;0.1027;0.8067;0.4913;0.0821;0.3179;0;;;;;;;;;;;;;0;;;;;;;;0.2449;-0.5504;0.7982;-0.4951;-0.4590;0.3028;0.9472;0.2841;0.1420;-0.0426;;;;;;;;;;;;;0;;;;;;;;b974454d-ae33-4d16-9737-e66469f616ef;;OpenLoop;2026-05-18 09:46:30.4643;Hands;2;OpenXR
Right;;Baseline;0;NoMitigation;None;anonymous;Sample;7291;0.0000;-0.1103;-0.0272;0.1027;47.7774;41.4469;62.0433;-0.1103;-0.0272;0.1027;0.8067;0.4913;0.0821;0.3179;0;;;;;;;;;;;;;0;;;;;;;;0.2449;-0.5504;0.7982;-0.4951;-0.4590;0.3028;0.9472;0.2841;0.1420;-0.0426;;;;;;;;;;;;;0;;;;;;;;b974454d-ae33-4d16-9737-e66469f616ef;;OpenLoop;2026-05-18 09:46:30.4876;Hands;2;OpenXR
Right;;Baseline;0;NoMitigation;None;anonymous;Sample;7294;0.0000;-0.1103;-0.0272;0.1027;47.7774;41.4469;62.0433;-0.1103;-0.0272;0.1027;0.8067;0.4913;0.0821;0.3179;0;;;;;;;;;;;;;0;;;;;;;;0.2449;-0.5504;0.7982;-0.4951;-0.4590;0.3028;0.9472;0.2841;0.1420;-0.0426;;;;;;;;;;;;;0;;;;;;;;b974454d-ae33-4d16-9737-e66469f616ef;;OpenLoop;2026-05-18 09:46:30.5129;Hands;2;OpenXR
Right;;Baseline;0;NoMitigation;None;anonymous;Sample;7297;0.0000;-0.1103;-0.0272;0.1027;47.7774;41.4469;62.0433;-0.1103;-0.0272;0.1027;0.8067;0.4913;0.0821;0.3179;0;;;;;;;;;;;;;0;;;;;;;;0.2449;-0.5504;0.7982;-0.4951;-0.4590;0.3028;0.9472;0.2841;0.1420;-0.0426;;;;;;;;;;;;;0;;;;;;;;b974454d-ae33-4d16-9737-e66469f616ef;;OpenLoop;2026-05-18 09:46:30.5343;Hands;2;OpenXR
Right;;Baseline;0;NoMitigation;None;anonymous;Sample;7300;0.0000;-0.1103;-0.0272;0.1027;47.7774;41.4469;62.0433;-0.1103;-0.0272;0.1027;0.8067;0.4913;0.0821;0.3179;0;;;;;;;;;;;;;0;;;;;;;;0.2449;-0.5504;0.7982;-0.4951;-0.4590;0.3028;0.9472;0.2841;0.1420;-0.0426;;;;;;;;;;;;;0;;;;;;;;b974454d-ae33-4d16-9737-e66469f616ef;;OpenLoop;2026-05-18 09:46:30.5588;Hands;2;OpenXR
Right;;Baseline;0;NoMitigation;None;anonymous;Sample;7303;0.0000;-0.1103;-0.0272;0.1027;47.7774;41.4469;62.0433;-0.1103;-0.0272;0.1027;0.8067;0.4913;0.0821;0.3179;0;;;;;;;;;;;;;0;;;;;;;;0.2449;-0.5504;0.7982;-0.4951;-0.4590;0.3028;0.9472;0.2841;0.1420;-0.0426;;;;;;;;;;;;;0;;;;;;;;b974454d-ae33-4d16-9737-e66469f616ef;;OpenLoop;2026-05-18 09:46:30.5817;Hands;2;OpenXR
Right;;Baseline;0;NoMitigation;None;anonymous;Sample;7306;0.0000;-0.1103;-0.0272;0.1027;47.7774;41.4469;62.0433;-0.1103;-0.0272;0.1027;0.8067;0.4913;0.0821;0.3179;0;;;;;;;;;;;;;0;;;;;;;;0.2449;-0.5504;0.7982;-0.4951;-0.4590;0.3028;0.9472;0.2841;0.1420;-0.0426;;;;;;;;;;;;;0;;;;;;;;b974454d-ae33-4d16-9737-e66469f616ef;;OpenLoop;2026-05-18 09:46:30.6067;Hands;2;OpenXR
Right;;Baseline;0;NoMitigation;None;anonymous;Sample;7309;0.0000;-0.1103;-0.0272;0.1027;47.7774;41.4469;62.0433;-0.1103;-0.0272;0.1027;0.8067;0.4913;0.0821;0.3179;0;;;;;;;;;;;;;0;;;;;;;;0.2449;-0.5504;0.7982;-0.4951;-0.4590;0.3028;0.9472;0.2841;0.1420;-0.0426;;;;;;;;;;;;;0;;;;;;;;b974454d-ae33-4d16-9737-e66469f616ef;;OpenLoop;2026-05-18 09:46:30.6297;Hands;2;OpenXR
Right;;Baseline;0;NoMitigation;None;anonymous;Sample;7312;0.0000;-0.1103;-0.0272;0.1027;47.7774;41.4469;62.0433;-0.1103;-0.0272;0.1027;0.8067;0.4913;0.0821;0.3179;0;;;;;;;;;;;;;0;;;;;;;;0.2449;-0.5504;0.7982;-0.4951;-0.4590;0.3028;0.9472;0.2841;0.1420;-0.0426;;;;;;;;;;;;;0;;;;;;;;b974454d-ae33-4d16-9737-e66469f616ef;;OpenLoop;2026-05-18 09:46:30.6536;Hands;2;OpenXR
Right;;Baseline;0;NoMitigation;None;anonymous;Sample;7315;0.0000;-0.1103;-0.0272;0.1027;47.7774;41.4469;62.0433;-0.1103;-0.0272;0.1027;0.8067;0.4913;0.0821;0.3179;0;;;;;;;;;;;;;0;;;;;;;;0.2449;-0.5504;0.7982;-0.4951;-0.4590;0.3028;0.9472;0.2841;0.1420;-0.0426;;;;;;;;;;;;;0;;;;;;;;b974454d-ae33-4d16-9737-e66469f616ef;;OpenLoop;2026-05-18 09:46:30.6772;Hands;2;OpenXR
Right;;Baseline;0;NoMitigation;None;anonymous;Sample;7318;0.0000;-0.1103;-0.0272;0.1027;47.7774;41.4469;62.0433;-0.1103;-0.0272;0.1027;0.8067;0.4913;0.0821;0.3179;0;;;;;;;;;;;;;0;;;;;;;;0.2449;-0.5504;0.7982;-0.4951;-0.4590;0.3028;0.9472;0.2841;0.1420;-0.0426;;;;;;;;;;;;;0;;;;;;;;b974454d-ae33-4d16-9737-e66469f616ef;;OpenLoop;2026-05-18 09:46:30.7010;Hands;2;OpenXR
Right;;Baseline;0;NoMitigation;None;anonymous;Sample;7321;0.0000;-0.1103;-0.0272;0.1027;47.7774;41.4469;62.0433;-0.1103;-0.0272;0.1027;0.8067;0.4913;0.0821;0.3179;0;;;;;;;;;;;;;0;;;;;;;;0.2449;-0.5504;0.7982;-0.4951;-0.4590;0.3028;0.9472;0.2841;0.1420;-0.0426;;;;;;;;;;;;;0;;;;;;;;b974454d-ae33-4d16-9737-e66469f616ef;;OpenLoop;2026-05-18 09:46:30.7255;Hands;2;OpenXR
Right;;Baseline;0;NoMitigation;None;anonymous;Sample;7324;0.0000;-0.1103;-0.0272;0.1027;47.7774;41.4469;62.0433;-0.1103;-0.0272;0.1027;0.8067;0.4913;0.0821;0.3179;0;;;;;;;;;;;;;0;;;;;;;;0.2449;-0.5504;0.7982;-0.4951;-0.4590;0.3028;0.9472;0.2841;0.1420;-0.0426;;;;;;;;;;;;;0;;;;;;;;b974454d-ae33-4d16-9737-e66469f616ef;;OpenLoop;2026-05-18 09:46:30.7490;Hands;2;OpenXR
Right;;Baseline;0;NoMitigation;None;anonymous;Sample;7327;0.0000;-0.1103;-0.0272;0.1027;47.7774;41.4469;62.0433;-0.1103;-0.0272;0.1027;0.8067;0.4913;0.0821;0.3179;0;;;;;;;;;;;;;0;;;;;;;;0.2449;-0.5504;0.7982;-0.4951;-0.4590;0.3028;0.9472;0.2841;0.1420;-0.0426;;;;;;;;;;;;;0;;;;;;;;b974454d-ae33-4d16-9737-e66469f616ef;;OpenLoop;2026-05-18 09:46:30.7730;Hands;2;OpenXR
Right;;Baseline;0;NoMitigation;None;anonymous;Sample;7330;0.0000;-0.1103;-0.0272;0.1027;47.7774;41.4469;62.0433;-0.1103;-0.0272;0.1027;0.8067;0.4913;0.0821;0.3179;0;;;;;;;;;;;;;0;;;;;;;;0.2449;-0.5504;0.7982;-0.4951;-0.4590;0.3028;0.9472;0.2841;0.1420;-0.0426;;;;;;;;;;;;;0;;;;;;;;b974454d-ae33-4d16-9737-e66469f616ef;;OpenLoop;2026-05-18 09:46:30.7974;Hands;2;OpenXR
Right;;Baseline;0;NoMitigation;None;anonymous;Sample;7333;0.0000;-0.1103;-0.0272;0.1027;47.7774;41.4469;62.0433;-0.1103;-0.0272;0.1027;0.8067;0.4913;0.0821;0.3179;0;;;;;;;;;;;;;0;;;;;;;;0.2449;-0.5504;0.7982;-0.4951;-0.4590;0.3028;0.9472;0.2841;0.1420;-0.0426;;;;;;;;;;;;;0;;;;;;;;b974454d-ae33-4d16-9737-e66469f616ef;;OpenLoop;2026-05-18 09:46:30.8205;Hands;2;OpenXR
Right;;Baseline;0;NoMitigation;None;anonymous;Sample;7336;0.0000;-0.1103;-0.0272;0.1027;47.7774;41.4469;62.0433;-0.1103;-0.0272;0.1027;0.8067;0.4913;0.0821;0.3179;0;;;;;;;;;;;;;0;;;;;;;;0.2449;-0.5504;0.7982;-0.4951;-0.4590;0.3028;0.9472;0.2841;0.1420;-0.0426;;;;;;;;;;;;;0;;;;;;;;b974454d-ae33-4d16-9737-e66469f616ef;;OpenLoop;2026-05-18 09:46:30.8460;Hands;2;OpenXR
Right;;Baseline;0;NoMitigation;None;anonymous;Sample;7339;0.0000;-0.1103;-0.0272;0.1027;47.7774;41.4469;62.0433;-0.1103;-0.0272;0.1027;0.8067;0.4913;0.0821;0.3179;0;;;;;;;;;;;;;0;;;;;;;;0.2449;-0.5504;0.7982;-0.4951;-0.4590;0.3028;0.9472;0.2841;0.1420;-0.0426;;;;;;;;;;;;;0;;;;;;;;b974454d-ae33-4d16-9737-e66469f616ef;;OpenLoop;2026-05-18 09:46:30.8701;Hands;2;OpenXR
Right;;Baseline;0;NoMitigation;None;anonymous;Sample;7342;0.0000;-0.1103;-0.0272;0.1027;47.7774;41.4469;62.0433;-0.1103;-0.0272;0.1027;0.8067;0.4913;0.0821;0.3179;0;;;;;;;;;;;;;0;;;;;;;;0.2449;-0.5504;0.7982;-0.4951;-0.4590;0.3028;0.9472;0.2841;0.1420;-0.0426;;;;;;;;;;;;;0;;;;;;;;b974454d-ae33-4d16-9737-e66469f616ef;;OpenLoop;2026-05-18 09:46:30.8944;Hands;2;OpenXR
Right;;Baseline;0;NoMitigation;None;anonymous;Sample;7345;0.0000;-0.1103;-0.0272;0.1027;47.7774;41.4469;62.0433;-0.1103;-0.0272;0.1027;0.8067;0.4913;0.0821;0.3179;0;;;;;;;;;;;;;0;;;;;;;;0.2449;-0.5504;0.7982;-0.4951;-0.4590;0.3028;0.9472;0.2841;0.1420;-0.0426;;;;;;;;;;;;;0;;;;;;;;b974454d-ae33-4d16-9737-e66469f616ef;;OpenLoop;2026-05-18 09:46:30.9183;Hands;2;OpenXR
Right;;Baseline;0;NoMitigation;None;anonymous;Sample;7348;0.0000;-0.1103;-0.0272;0.1027;47.7774;41.4469;62.0433;-0.1103;-0.0272;0.1027;0.8067;0.4913;0.0821;0.3179;0;;;;;;;;;;;;;0;;;;;;;;0.2449;-0.5504;0.7982;-0.4951;-0.4590;0.3028;0.9472;0.2841;0.1420;-0.0426;;;;;;;;;;;;;0;;;;;;;;b974454d-ae33-4d16-9737-e66469f616ef;;OpenLoop;2026-05-18 09:46:30.9438;Hands;2;OpenXR
Right;;Baseline;0;NoMitigation;None;anonymous;Sample;7351;0.0000;-0.1103;-0.0272;0.1027;47.7774;41.4469;62.0433;-0.1103;-0.0272;0.1027;0.8067;0.4913;0.0821;0.3179;0;;;;;;;;;;;;;0;;;;;;;;0.2449;-0.5504;0.7982;-0.4951;-0.4590;0.3028;0.9472;0.2841;0.1420;-0.0426;;;;;;;;;;;;;0;;;;;;;;b974454d-ae33-4d16-9737-e66469f616ef;;OpenLoop;2026-05-18 09:46:30.9674;Hands;2;OpenXR
Right;;Baseline;0;NoMitigation;None;anonymous;Sample;7354;0.0000;-0.1103;-0.0272;0.1027;47.7774;41.4469;62.0433;-0.1103;-0.0272;0.1027;0.8067;0.4913;0.0821;0.3179;0;;;;;;;;;;;;;0;;;;;;;;0.2449;-0.5504;0.7982;-0.4951;-0.4590;0.3028;0.9472;0.2841;0.1420;-0.0426;;;;;;;;;;;;;0;;;;;;;;b974454d-ae33-4d16-9737-e66469f616ef;;OpenLoop;2026-05-18 09:46:30.9916;Hands;2;OpenXR
Right;;Baseline;0;NoMitigation;None;anonymous;Sample;7357;0.0000;-0.1103;-0.0272;0.1027;47.7774;41.4469;62.0433;-0.1103;-0.0272;0.1027;0.8067;0.4913;0.0821;0.3179;0;;;;;;;;;;;;;0;;;;;;;;0.2449;-0.5504;0.7982;-0.4951;-0.4590;0.3028;0.9472;0.2841;0.1420;-0.0426;;;;;;;;;;;;;0;;;;;;;;b974454d-ae33-4d16-9737-e66469f616ef;;OpenLoop;2026-05-18 09:46:31.0159;Hands;2;OpenXR
Right;;Baseline;0;NoMitigation;None;anonymous;Sample;7360;0.0000;-0.1103;-0.0272;0.1027;47.7774;41.4469;62.0433;-0.1103;-0.0272;0.1027;0.8067;0.4913;0.0821;0.3179;0;;;;;;;;;;;;;0;;;;;;;;0.2449;-0.5504;0.7982;-0.4951;-0.4590;0.3028;0.9472;0.2841;0.1420;-0.0426;;;;;;;;;;;;;0;;;;;;;;b974454d-ae33-4d16-9737-e66469f616ef;;OpenLoop;2026-05-18 09:46:31.0406;Hands;2;OpenXR
Right;;Baseline;0;NoMitigation;None;anonymous;Sample;7363;0.0000;-0.1103;-0.0272;0.1027;47.7774;41.4469;62.0433;-0.1103;-0.0272;0.1027;0.8067;0.4913;0.0821;0.3179;0;;;;;;;;;;;;;0;;;;;;;;0.2449;-0.5504;0.7982;-0.4951;-0.4590;0.3028;0.9472;0.2841;0.1420;-0.0426;;;;;;;;;;;;;0;;;;;;;;b974454d-ae33-4d16-9737-e66469f616ef;;OpenLoop;2026-05-18 09:46:31.0653;Hands;2;OpenXR
Right;;Baseline;0;NoMitigation;None;anonymous;Sample;7366;0.0000;-0.1103;-0.0272;0.1027;47.7774;41.4469;62.0433;-0.1103;-0.0272;0.1027;0.8067;0.4913;0.0821;0.3179;0;;;;;;;;;;;;;0;;;;;;;;0.2449;-0.5504;0.7982;-0.4951;-0.4590;0.3028;0.9472;0.2841;0.1420;-0.0426;;;;;;;;;;;;;0;;;;;;;;b974454d-ae33-4d16-9737-e66469f616ef;;OpenLoop;2026-05-18 09:46:31.0892;Hands;2;OpenXR
Right;;Baseline;0;NoMitigation;None;anonymous;Sample;7369;0.0000;-0.1103;-0.0272;0.1027;47.7774;41.4469;62.0433;-0.1103;-0.0272;0.1027;0.8067;0.4913;0.0821;0.3179;0;;;;;;;;;;;;;0;;;;;;;;0.2449;-0.5504;0.7982;-0.4951;-0.4590;0.3028;0.9472;0.2841;0.1420;-0.0426;;;;;;;;;;;;;0;;;;;;;;b974454d-ae33-4d16-9737-e66469f616ef;;OpenLoop;2026-05-18 09:46:31.1144;Hands;2;OpenXR
Right;;Baseline;0;NoMitigation;None;anonymous;Sample;7372;0.0000;-0.1103;-0.0272;0.1027;47.7774;41.4469;62.0433;-0.1103;-0.0272;0.1027;0.8067;0.4913;0.0821;0.3179;0;;;;;;;;;;;;;0;;;;;;;;0.2449;-0.5504;0.7982;-0.4951;-0.4590;0.3028;0.9472;0.2841;0.1420;-0.0426;;;;;;;;;;;;;0;;;;;;;;b974454d-ae33-4d16-9737-e66469f616ef;;OpenLoop;2026-05-18 09:46:31.1384;Hands;2;OpenXR
Right;;Baseline;0;NoMitigation;None;anonymous;Sample;7375;0.0000;-0.1103;-0.0272;0.1027;47.7774;41.4469;62.0433;-0.1103;-0.0272;0.1027;0.8067;0.4913;0.0821;0.3179;0;;;;;;;;;;;;;0;;;;;;;;0.2449;-0.5504;0.7982;-0.4951;-0.4590;0.3028;0.9472;0.2841;0.1420;-0.0426;;;;;;;;;;;;;0;;;;;;;;b974454d-ae33-4d16-9737-e66469f616ef;;OpenLoop;2026-05-18 09:46:31.1628;Hands;2;OpenXR
Right;;Baseline;0;NoMitigation;None;anonymous;Sample;7378;0.0000;-0.1103;-0.0272;0.1027;47.7774;41.4469;62.0433;-0.1103;-0.0272;0.1027;0.8067;0.4913;0.0821;0.3179;0;;;;;;;;;;;;;0;;;;;;;;0.2449;-0.5504;0.7982;-0.4951;-0.4590;0.3028;0.9472;0.2841;0.1420;-0.0426;;;;;;;;;;;;;0;;;;;;;;b974454d-ae33-4d16-9737-e66469f616ef;;OpenLoop;2026-05-18 09:46:31.1889;Hands;2;OpenXR
Right;;Baseline;0;NoMitigation;None;anonymous;Sample;7381;0.0000;-0.1103;-0.0272;0.1027;47.7774;41.4469;62.0433;-0.1103;-0.0272;0.1027;0.8067;0.4913;0.0821;0.3179;0;;;;;;;;;;;;;0;;;;;;;;0.2449;-0.5504;0.7982;-0.4951;-0.4590;0.3028;0.9472;0.2841;0.1420;-0.0426;;;;;;;;;;;;;0;;;;;;;;b974454d-ae33-4d16-9737-e66469f616ef;;OpenLoop;2026-05-18 09:46:31.2127;Hands;2;OpenXR
Right;;Baseline;0;NoMitigation;None;anonymous;Sample;7384;0.0000;-0.1103;-0.0272;0.1027;47.7774;41.4469;62.0433;-0.1103;-0.0272;0.1027;0.8067;0.4913;0.0821;0.3179;0;;;;;;;;;;;;;0;;;;;;;;0.2449;-0.5504;0.7982;-0.4951;-0.4590;0.3028;0.9472;0.2841;0.1420;-0.0426;;;;;;;;;;;;;0;;;;;;;;b974454d-ae33-4d16-9737-e66469f616ef;;OpenLoop;2026-05-18 09:46:31.2386;Hands;2;OpenXR
Right;;Baseline;0;NoMitigation;None;anonymous;Sample;7387;0.0000;-0.1103;-0.0272;0.1027;47.7774;41.4469;62.0433;-0.1103;-0.0272;0.1027;0.8067;0.4913;0.0821;0.3179;0;;;;;;;;;;;;;0;;;;;;;;0.2449;-0.5504;0.7982;-0.4951;-0.4590;0.3028;0.9472;0.2841;0.1420;-0.0426;;;;;;;;;;;;;0;;;;;;;;b974454d-ae33-4d16-9737-e66469f616ef;;OpenLoop;2026-05-18 09:46:31.2628;Hands;2;OpenXR
Right;;Baseline;0;NoMitigation;None;anonymous;Sample;7390;0.0000;-0.1103;-0.0272;0.1027;47.7774;41.4469;62.0433;-0.1103;-0.0272;0.1027;0.8067;0.4913;0.0821;0.3179;0;;;;;;;;;;;;;0;;;;;;;;0.2449;-0.5504;0.7982;-0.4951;-0.4590;0.3028;0.9472;0.2841;0.1420;-0.0426;;;;;;;;;;;;;0;;;;;;;;b974454d-ae33-4d16-9737-e66469f616ef;;OpenLoop;2026-05-18 09:46:31.2884;Hands;2;OpenXR
Right;;Baseline;0;NoMitigation;None;anonymous;Sample;7393;0.0000;-0.1103;-0.0272;0.1027;47.7774;41.4469;62.0433;-0.1103;-0.0272;0.1027;0.8067;0.4913;0.0821;0.3179;0;;;;;;;;;;;;;0;;;;;;;;0.2449;-0.5504;0.7982;-0.4951;-0.4590;0.3028;0.9472;0.2841;0.1420;-0.0426;;;;;;;;;;;;;0;;;;;;;;b974454d-ae33-4d16-9737-e66469f616ef;;OpenLoop;2026-05-18 09:46:31.3127;Hands;2;OpenXR
Right;;Baseline;0;NoMitigation;None;anonymous;Sample;7396;0.0000;-0.1103;-0.0272;0.1027;47.7774;41.4469;62.0433;-0.1103;-0.0272;0.1027;0.8067;0.4913;0.0821;0.3179;0;;;;;;;;;;;;;0;;;;;;;;0.2449;-0.5504;0.7982;-0.4951;-0.4590;0.3028;0.9472;0.2841;0.1420;-0.0426;;;;;;;;;;;;;0;;;;;;;;b974454d-ae33-4d16-9737-e66469f616ef;;OpenLoop;2026-05-18 09:46:31.3385;Hands;2;OpenXR
Right;;Baseline;0;NoMitigation;None;anonymous;Sample;7399;0.0000;-0.1103;-0.0272;0.1027;47.7774;41.4469;62.0433;-0.1103;-0.0272;0.1027;0.8067;0.4913;0.0821;0.3179;0;;;;;;;;;;;;;0;;;;;;;;0.2449;-0.5504;0.7982;-0.4951;-0.4590;0.3028;0.9472;0.2841;0.1420;-0.0426;;;;;;;;;;;;;0;;;;;;;;b974454d-ae33-4d16-9737-e66469f616ef;;OpenLoop;2026-05-18 09:46:31.3625;Hands;2;OpenXR
Right;;Baseline;0;NoMitigation;None;anonymous;Sample;7402;0.0000;-0.1103;-0.0272;0.1027;47.7774;41.4469;62.0433;-0.1103;-0.0272;0.1027;0.8067;0.4913;0.0821;0.3179;0;;;;;;;;;;;;;0;;;;;;;;0.2449;-0.5504;0.7982;-0.4951;-0.4590;0.3028;0.9472;0.2841;0.1420;-0.0426;;;;;;;;;;;;;0;;;;;;;;b974454d-ae33-4d16-9737-e66469f616ef;;OpenLoop;2026-05-18 09:46:31.3884;Hands;2;OpenXR
Right;;Baseline;0;NoMitigation;None;anonymous;Sample;7405;0.0000;-0.1103;-0.0272;0.1027;47.7774;41.4469;62.0433;-0.1103;-0.0272;0.1027;0.8067;0.4913;0.0821;0.3179;0;;;;;;;;;;;;;0;;;;;;;;0.2449;-0.5504;0.7982;-0.4951;-0.4590;0.3028;0.9472;0.2841;0.1420;-0.0426;;;;;;;;;;;;;0;;;;;;;;b974454d-ae33-4d16-9737-e66469f616ef;;OpenLoop;2026-05-18 09:46:31.4140;Hands;2;OpenXR
Right;;Baseline;0;NoMitigation;None;anonymous;Sample;7408;0.0000;-0.1103;-0.0272;0.1027;47.7774;41.4469;62.0433;-0.1103;-0.0272;0.1027;0.8067;0.4913;0.0821;0.3179;0;;;;;;;;;;;;;0;;;;;;;;0.2449;-0.5504;0.7982;-0.4951;-0.4590;0.3028;0.9472;0.2841;0.1420;-0.0426;;;;;;;;;;;;;0;;;;;;;;b974454d-ae33-4d16-9737-e66469f616ef;;OpenLoop;2026-05-18 09:46:31.4395;Hands;2;OpenXR
Right;;Baseline;0;NoMitigation;None;anonymous;Sample;7411;0.0000;-0.1103;-0.0272;0.1027;47.7774;41.4469;62.0433;-0.1103;-0.0272;0.1027;0.8067;0.4913;0.0821;0.3179;0;;;;;;;;;;;;;0;;;;;;;;0.2449;-0.5504;0.7982;-0.4951;-0.4590;0.3028;0.9472;0.2841;0.1420;-0.0426;;;;;;;;;;;;;0;;;;;;;;b974454d-ae33-4d16-9737-e66469f616ef;;OpenLoop;2026-05-18 09:46:31.4639;Hands;2;OpenXR
Right;;Baseline;0;NoMitigation;None;anonymous;Sample;7414;0.0000;-0.1103;-0.0272;0.1027;47.7774;41.4469;62.0433;-0.1103;-0.0272;0.1027;0.8067;0.4913;0.0821;0.3179;0;;;;;;;;;;;;;0;;;;;;;;0.2449;-0.5504;0.7982;-0.4951;-0.4590;0.3028;0.9472;0.2841;0.1420;-0.0426;;;;;;;;;;;;;0;;;;;;;;b974454d-ae33-4d16-9737-e66469f616ef;;OpenLoop;2026-05-18 09:46:31.4909;Hands;2;OpenXR
Right;;Baseline;0;NoMitigation;None;anonymous;Sample;7417;0.0000;-0.1103;-0.0272;0.1027;47.7774;41.4469;62.0433;-0.1103;-0.0272;0.1027;0.8067;0.4913;0.0821;0.3179;0;;;;;;;;;;;;;0;;;;;;;;0.2449;-0.5504;0.7982;-0.4951;-0.4590;0.3028;0.9472;0.2841;0.1420;-0.0426;;;;;;;;;;;;;0;;;;;;;;b974454d-ae33-4d16-9737-e66469f616ef;;OpenLoop;2026-05-18 09:46:31.5163;Hands;2;OpenXR
Right;;Baseline;0;NoMitigation;None;anonymous;Sample;7420;0.0000;-0.1103;-0.0272;0.1027;47.7774;41.4469;62.0433;-0.1103;-0.0272;0.1027;0.8067;0.4913;0.0821;0.3179;0;;;;;;;;;;;;;0;;;;;;;;0.2449;-0.5504;0.7982;-0.4951;-0.4590;0.3028;0.9472;0.2841;0.1420;-0.0426;;;;;;;;;;;;;0;;;;;;;;b974454d-ae33-4d16-9737-e66469f616ef;;OpenLoop;2026-05-18 09:46:31.5413;Hands;2;OpenXR
Right;;Baseline;0;NoMitigation;None;anonymous;Sample;7423;0.0000;-0.1103;-0.0272;0.1027;47.7774;41.4469;62.0433;-0.1103;-0.0272;0.1027;0.8067;0.4913;0.0821;0.3179;0;;;;;;;;;;;;;0;;;;;;;;0.2449;-0.5504;0.7982;-0.4951;-0.4590;0.3028;0.9472;0.2841;0.1420;-0.0426;;;;;;;;;;;;;0;;;;;;;;b974454d-ae33-4d16-9737-e66469f616ef;;OpenLoop;2026-05-18 09:46:31.5659;Hands;2;OpenXR
Right;;Baseline;0;NoMitigation;None;anonymous;Sample;7426;0.0000;-0.1103;-0.0272;0.1027;47.7774;41.4469;62.0433;-0.1103;-0.0272;0.1027;0.8067;0.4913;0.0821;0.3179;0;;;;;;;;;;;;;0;;;;;;;;0.2449;-0.5504;0.7982;-0.4951;-0.4590;0.3028;0.9472;0.2841;0.1420;-0.0426;;;;;;;;;;;;;0;;;;;;;;b974454d-ae33-4d16-9737-e66469f616ef;;OpenLoop;2026-05-18 09:46:31.5919;Hands;2;OpenXR
Right;;Baseline;0;NoMitigation;None;anonymous;Sample;7429;0.0000;-0.1103;-0.0272;0.1027;47.7774;41.4469;62.0433;-0.1103;-0.0272;0.1027;0.8067;0.4913;0.0821;0.3179;0;;;;;;;;;;;;;0;;;;;;;;0.2449;-0.5504;0.7982;-0.4951;-0.4590;0.3028;0.9472;0.2841;0.1420;-0.0426;;;;;;;;;;;;;0;;;;;;;;b974454d-ae33-4d16-9737-e66469f616ef;;OpenLoop;2026-05-18 09:46:31.6180;Hands;2;OpenXR
Right;;Baseline;0;NoMitigation;None;anonymous;Sample;7432;0.0000;-0.1103;-0.0272;0.1027;47.7774;41.4469;62.0433;-0.1103;-0.0272;0.1027;0.8067;0.4913;0.0821;0.3179;0;;;;;;;;;;;;;0;;;;;;;;0.2449;-0.5504;0.7982;-0.4951;-0.4590;0.3028;0.9472;0.2841;0.1420;-0.0426;;;;;;;;;;;;;0;;;;;;;;b974454d-ae33-4d16-9737-e66469f616ef;;OpenLoop;2026-05-18 09:46:31.6444;Hands;2;OpenXR
Right;;Baseline;0;NoMitigation;None;anonymous;Sample;7435;0.0000;-0.1103;-0.0272;0.1027;47.7774;41.4469;62.0433;-0.1103;-0.0272;0.1027;0.8067;0.4913;0.0821;0.3179;0;;;;;;;;;;;;;0;;;;;;;;0.2449;-0.5504;0.7982;-0.4951;-0.4590;0.3028;0.9472;0.2841;0.1420;-0.0426;;;;;;;;;;;;;0;;;;;;;;b974454d-ae33-4d16-9737-e66469f616ef;;OpenLoop;2026-05-18 09:46:31.6698;Hands;2;OpenXR
Right;;Baseline;0;NoMitigation;None;anonymous;Sample;7438;0.0000;-0.1103;-0.0272;0.1027;47.7774;41.4469;62.0433;-0.1103;-0.0272;0.1027;0.8067;0.4913;0.0821;0.3179;0;;;;;;;;;;;;;0;;;;;;;;0.2449;-0.5504;0.7982;-0.4951;-0.4590;0.3028;0.9472;0.2841;0.1420;-0.0426;;;;;;;;;;;;;0;;;;;;;;b974454d-ae33-4d16-9737-e66469f616ef;;OpenLoop;2026-05-18 09:46:31.6954;Hands;2;OpenXR
Right;;Baseline;0;NoMitigation;None;anonymous;Sample;7441;0.0000;-0.1103;-0.0272;0.1027;47.7774;41.4469;62.0433;-0.1103;-0.0272;0.1027;0.8067;0.4913;0.0821;0.3179;0;;;;;;;;;;;;;0;;;;;;;;0.2449;-0.5504;0.7982;-0.4951;-0.4590;0.3028;0.9472;0.2841;0.1420;-0.0426;;;;;;;;;;;;;0;;;;;;;;b974454d-ae33-4d16-9737-e66469f616ef;;OpenLoop;2026-05-18 09:46:31.7220;Hands;2;OpenXR
Right;;Baseline;0;NoMitigation;None;anonymous;Sample;7444;0.0000;-0.1103;-0.0272;0.1027;47.7774;41.4469;62.0433;-0.1103;-0.0272;0.1027;0.8067;0.4913;0.0821;0.3179;0;;;;;;;;;;;;;0;;;;;;;;0.2449;-0.5504;0.7982;-0.4951;-0.4590;0.3028;0.9472;0.2841;0.1420;-0.0426;;;;;;;;;;;;;0;;;;;;;;b974454d-ae33-4d16-9737-e66469f616ef;;OpenLoop;2026-05-18 09:46:31.7481;Hands;2;OpenXR
Right;;Baseline;0;NoMitigation;None;anonymous;Sample;7447;0.0000;-0.1103;-0.0272;0.1027;47.7774;41.4469;62.0433;-0.1103;-0.0272;0.1027;0.8067;0.4913;0.0821;0.3179;0;;;;;;;;;;;;;0;;;;;;;;0.2449;-0.5504;0.7982;-0.4951;-0.4590;0.3028;0.9472;0.2841;0.1420;-0.0426;;;;;;;;;;;;;0;;;;;;;;b974454d-ae33-4d16-9737-e66469f616ef;;OpenLoop;2026-05-18 09:46:31.7741;Hands;2;OpenXR
Right;;Baseline;0;NoMitigation;None;anonymous;Sample;7450;0.0000;-0.1103;-0.0272;0.1027;47.7774;41.4469;62.0433;-0.1103;-0.0272;0.1027;0.8067;0.4913;0.0821;0.3179;0;;;;;;;;;;;;;0;;;;;;;;0.2449;-0.5504;0.7982;-0.4951;-0.4590;0.3028;0.9472;0.2841;0.1420;-0.0426;;;;;;;;;;;;;0;;;;;;;;b974454d-ae33-4d16-9737-e66469f616ef;;OpenLoop;2026-05-18 09:46:31.8019;Hands;2;OpenXR
Right;;Baseline;0;NoMitigation;None;anonymous;Sample;7453;0.0000;-0.1103;-0.0272;0.1027;47.7774;41.4469;62.0433;-0.1103;-0.0272;0.1027;0.8067;0.4913;0.0821;0.3179;0;;;;;;;;;;;;;0;;;;;;;;0.2449;-0.5504;0.7982;-0.4951;-0.4590;0.3028;0.9472;0.2841;0.1420;-0.0426;;;;;;;;;;;;;0;;;;;;;;b974454d-ae33-4d16-9737-e66469f616ef;;OpenLoop;2026-05-18 09:46:31.8281;Hands;2;OpenXR
Right;;Baseline;0;NoMitigation;None;anonymous;Sample;7456;0.0000;-0.1103;-0.0272;0.1027;47.7774;41.4469;62.0433;-0.1103;-0.0272;0.1027;0.8067;0.4913;0.0821;0.3179;0;;;;;;;;;;;;;0;;;;;;;;0.2449;-0.5504;0.7982;-0.4951;-0.4590;0.3028;0.9472;0.2841;0.1420;-0.0426;;;;;;;;;;;;;0;;;;;;;;b974454d-ae33-4d16-9737-e66469f616ef;;OpenLoop;2026-05-18 09:46:31.8526;Hands;2;OpenXR
Right;;Baseline;0;NoMitigation;None;anonymous;Sample;7459;0.0000;-0.1103;-0.0272;0.1027;47.7774;41.4469;62.0433;-0.1103;-0.0272;0.1027;0.8067;0.4913;0.0821;0.3179;0;;;;;;;;;;;;;0;;;;;;;;0.2449;-0.5504;0.7982;-0.4951;-0.4590;0.3028;0.9472;0.2841;0.1420;-0.0426;;;;;;;;;;;;;0;;;;;;;;b974454d-ae33-4d16-9737-e66469f616ef;;OpenLoop;2026-05-18 09:46:31.8802;Hands;2;OpenXR
Right;;Baseline;0;NoMitigation;None;anonymous;Sample;7462;0.0000;-0.1103;-0.0272;0.1027;47.7774;41.4469;62.0433;-0.1103;-0.0272;0.1027;0.8067;0.4913;0.0821;0.3179;0;;;;;;;;;;;;;0;;;;;;;;0.2449;-0.5504;0.7982;-0.4951;-0.4590;0.3028;0.9472;0.2841;0.1420;-0.0426;;;;;;;;;;;;;0;;;;;;;;b974454d-ae33-4d16-9737-e66469f616ef;;OpenLoop;2026-05-18 09:46:31.9052;Hands;2;OpenXR
Right;;Baseline;0;NoMitigation;None;anonymous;Sample;7465;0.0000;-0.1103;-0.0272;0.1027;47.7774;41.4469;62.0433;-0.1103;-0.0272;0.1027;0.8067;0.4913;0.0821;0.3179;0;;;;;;;;;;;;;0;;;;;;;;0.2449;-0.5504;0.7982;-0.4951;-0.4590;0.3028;0.9472;0.2841;0.1420;-0.0426;;;;;;;;;;;;;0;;;;;;;;b974454d-ae33-4d16-9737-e66469f616ef;;OpenLoop;2026-05-18 09:46:31.9312;Hands;2;OpenXR
Right;;Baseline;0;NoMitigation;None;anonymous;Sample;7468;0.0000;-0.1103;-0.0272;0.1027;47.7774;41.4469;62.0433;-0.1103;-0.0272;0.1027;0.8067;0.4913;0.0821;0.3179;0;;;;;;;;;;;;;0;;;;;;;;0.2449;-0.5504;0.7982;-0.4951;-0.4590;0.3028;0.9472;0.2841;0.1420;-0.0426;;;;;;;;;;;;;0;;;;;;;;b974454d-ae33-4d16-9737-e66469f616ef;;OpenLoop;2026-05-18 09:46:31.9572;Hands;2;OpenXR
Right;;Baseline;0;NoMitigation;None;anonymous;Sample;7471;0.0000;-0.1103;-0.0272;0.1027;47.7774;41.4469;62.0433;-0.1103;-0.0272;0.1027;0.8067;0.4913;0.0821;0.3179;0;;;;;;;;;;;;;0;;;;;;;;0.2449;-0.5504;0.7982;-0.4951;-0.4590;0.3028;0.9472;0.2841;0.1420;-0.0426;;;;;;;;;;;;;0;;;;;;;;b974454d-ae33-4d16-9737-e66469f616ef;;OpenLoop;2026-05-18 09:46:31.9839;Hands;2;OpenXR
Right;;Baseline;0;NoMitigation;None;anonymous;Sample;7474;0.0000;-0.1103;-0.0272;0.1027;47.7774;41.4469;62.0433;-0.1103;-0.0272;0.1027;0.8067;0.4913;0.0821;0.3179;0;;;;;;;;;;;;;0;;;;;;;;0.2449;-0.5504;0.7982;-0.4951;-0.4590;0.3028;0.9472;0.2841;0.1420;-0.0426;;;;;;;;;;;;;0;;;;;;;;b974454d-ae33-4d16-9737-e66469f616ef;;OpenLoop;2026-05-18 09:46:32.0094;Hands;2;OpenXR
Right;;Baseline;0;NoMitigation;None;anonymous;Sample;7477;0.0000;-0.1103;-0.0272;0.1027;47.7774;41.4469;62.0433;-0.1103;-0.0272;0.1027;0.8067;0.4913;0.0821;0.3179;0;;;;;;;;;;;;;0;;;;;;;;0.2449;-0.5504;0.7982;-0.4951;-0.4590;0.3028;0.9472;0.2841;0.1420;-0.0426;;;;;;;;;;;;;0;;;;;;;;b974454d-ae33-4d16-9737-e66469f616ef;;OpenLoop;2026-05-18 09:46:32.0363;Hands;2;OpenXR
Right;;Baseline;0;NoMitigation;None;anonymous;Sample;7480;0.0000;-0.1103;-0.0272;0.1027;47.7774;41.4469;62.0433;-0.1103;-0.0272;0.1027;0.8067;0.4913;0.0821;0.3179;0;;;;;;;;;;;;;0;;;;;;;;0.2449;-0.5504;0.7982;-0.4951;-0.4590;0.3028;0.9472;0.2841;0.1420;-0.0426;;;;;;;;;;;;;0;;;;;;;;b974454d-ae33-4d16-9737-e66469f616ef;;OpenLoop;2026-05-18 09:46:32.0645;Hands;2;OpenXR
Right;;Baseline;0;NoMitigation;None;anonymous;Sample;7483;0.0000;-0.1103;-0.0272;0.1027;47.7774;41.4469;62.0433;-0.1103;-0.0272;0.1027;0.8067;0.4913;0.0821;0.3179;0;;;;;;;;;;;;;0;;;;;;;;0.2449;-0.5504;0.7982;-0.4951;-0.4590;0.3028;0.9472;0.2841;0.1420;-0.0426;;;;;;;;;;;;;0;;;;;;;;b974454d-ae33-4d16-9737-e66469f616ef;;OpenLoop;2026-05-18 09:46:32.0900;Hands;2;OpenXR
Right;;Baseline;0;NoMitigation;None;anonymous;Sample;7486;0.0000;-0.1103;-0.0272;0.1027;47.7774;41.4469;62.0433;-0.1103;-0.0272;0.1027;0.8067;0.4913;0.0821;0.3179;0;;;;;;;;;;;;;0;;;;;;;;0.2449;-0.5504;0.7982;-0.4951;-0.4590;0.3028;0.9472;0.2841;0.1420;-0.0426;;;;;;;;;;;;;0;;;;;;;;b974454d-ae33-4d16-9737-e66469f616ef;;OpenLoop;2026-05-18 09:46:32.1174;Hands;2;OpenXR
Right;;Baseline;0;NoMitigation;None;anonymous;Sample;7489;0.0000;-0.1103;-0.0272;0.1027;47.7774;41.4469;62.0433;-0.1103;-0.0272;0.1027;0.8067;0.4913;0.0821;0.3179;0;;;;;;;;;;;;;0;;;;;;;;0.2449;-0.5504;0.7982;-0.4951;-0.4590;0.3028;0.9472;0.2841;0.1420;-0.0426;;;;;;;;;;;;;0;;;;;;;;b974454d-ae33-4d16-9737-e66469f616ef;;OpenLoop;2026-05-18 09:46:32.1446;Hands;2;OpenXR
Right;;Baseline;0;NoMitigation;None;anonymous;Sample;7492;0.0000;-0.1103;-0.0272;0.1027;47.7774;41.4469;62.0433;-0.1103;-0.0272;0.1027;0.8067;0.4913;0.0821;0.3179;0;;;;;;;;;;;;;0;;;;;;;;0.2449;-0.5504;0.7982;-0.4951;-0.4590;0.3028;0.9472;0.2841;0.1420;-0.0426;;;;;;;;;;;;;0;;;;;;;;b974454d-ae33-4d16-9737-e66469f616ef;;OpenLoop;2026-05-18 09:46:32.1706;Hands;2;OpenXR
Right;;Baseline;0;NoMitigation;None;anonymous;Sample;7495;0.0000;-0.1103;-0.0272;0.1027;47.7774;41.4469;62.0433;-0.1103;-0.0272;0.1027;0.8067;0.4913;0.0821;0.3179;0;;;;;;;;;;;;;0;;;;;;;;0.2449;-0.5504;0.7982;-0.4951;-0.4590;0.3028;0.9472;0.2841;0.1420;-0.0426;;;;;;;;;;;;;0;;;;;;;;b974454d-ae33-4d16-9737-e66469f616ef;;OpenLoop;2026-05-18 09:46:32.1976;Hands;2;OpenXR
Right;;Baseline;0;NoMitigation;None;anonymous;Sample;7498;0.0000;-0.1103;-0.0272;0.1027;47.7774;41.4469;62.0433;-0.1103;-0.0272;0.1027;0.8067;0.4913;0.0821;0.3179;0;;;;;;;;;;;;;0;;;;;;;;0.2449;-0.5504;0.7982;-0.4951;-0.4590;0.3028;0.9472;0.2841;0.1420;-0.0426;;;;;;;;;;;;;0;;;;;;;;b974454d-ae33-4d16-9737-e66469f616ef;;OpenLoop;2026-05-18 09:46:32.2248;Hands;2;OpenXR
Right;;Baseline;0;NoMitigation;None;anonymous;Sample;7501;0.0000;-0.1103;-0.0272;0.1027;47.7774;41.4469;62.0433;-0.1103;-0.0272;0.1027;0.8067;0.4913;0.0821;0.3179;0;;;;;;;;;;;;;0;;;;;;;;0.2449;-0.5504;0.7982;-0.4951;-0.4590;0.3028;0.9472;0.2841;0.1420;-0.0426;;;;;;;;;;;;;0;;;;;;;;b974454d-ae33-4d16-9737-e66469f616ef;;OpenLoop;2026-05-18 09:46:32.2515;Hands;2;OpenXR
Right;;Baseline;0;NoMitigation;None;anonymous;Sample;7504;0.0000;-0.1103;-0.0272;0.1027;47.7774;41.4469;62.0433;-0.1103;-0.0272;0.1027;0.8067;0.4913;0.0821;0.3179;0;;;;;;;;;;;;;0;;;;;;;;0.2449;-0.5504;0.7982;-0.4951;-0.4590;0.3028;0.9472;0.2841;0.1420;-0.0426;;;;;;;;;;;;;0;;;;;;;;b974454d-ae33-4d16-9737-e66469f616ef;;OpenLoop;2026-05-18 09:46:32.2783;Hands;2;OpenXR
Right;;Baseline;0;NoMitigation;None;anonymous;Sample;7507;0.0000;-0.1103;-0.0272;0.1027;47.7774;41.4469;62.0433;-0.1103;-0.0272;0.1027;0.8067;0.4913;0.0821;0.3179;0;;;;;;;;;;;;;0;;;;;;;;0.2449;-0.5504;0.7982;-0.4951;-0.4590;0.3028;0.9472;0.2841;0.1420;-0.0426;;;;;;;;;;;;;0;;;;;;;;b974454d-ae33-4d16-9737-e66469f616ef;;OpenLoop;2026-05-18 09:46:32.3057;Hands;2;OpenXR
Right;;Baseline;0;NoMitigation;None;anonymous;Sample;7510;0.0000;-0.1103;-0.0272;0.1027;47.7774;41.4469;62.0433;-0.1103;-0.0272;0.1027;0.8067;0.4913;0.0821;0.3179;0;;;;;;;;;;;;;0;;;;;;;;0.2449;-0.5504;0.7982;-0.4951;-0.4590;0.3028;0.9472;0.2841;0.1420;-0.0426;;;;;;;;;;;;;0;;;;;;;;b974454d-ae33-4d16-9737-e66469f616ef;;OpenLoop;2026-05-18 09:46:32.3323;Hands;2;OpenXR
Right;;Baseline;0;NoMitigation;None;anonymous;Sample;7513;0.0000;-0.1103;-0.0272;0.1027;47.7774;41.4469;62.0433;-0.1103;-0.0272;0.1027;0.8067;0.4913;0.0821;0.3179;0;;;;;;;;;;;;;0;;;;;;;;0.2449;-0.5504;0.7982;-0.4951;-0.4590;0.3028;0.9472;0.2841;0.1420;-0.0426;;;;;;;;;;;;;0;;;;;;;;b974454d-ae33-4d16-9737-e66469f616ef;;OpenLoop;2026-05-18 09:46:32.3599;Hands;2;OpenXR
Right;;Baseline;0;NoMitigation;None;anonymous;Sample;7516;0.0000;-0.1103;-0.0272;0.1027;47.7774;41.4469;62.0433;-0.1103;-0.0272;0.1027;0.8067;0.4913;0.0821;0.3179;0;;;;;;;;;;;;;0;;;;;;;;0.2449;-0.5504;0.7982;-0.4951;-0.4590;0.3028;0.9472;0.2841;0.1420;-0.0426;;;;;;;;;;;;;0;;;;;;;;b974454d-ae33-4d16-9737-e66469f616ef;;OpenLoop;2026-05-18 09:46:32.3874;Hands;2;OpenXR
Right;;Baseline;0;NoMitigation;None;anonymous;Sample;7519;0.0000;-0.1103;-0.0272;0.1027;47.7774;41.4469;62.0433;-0.1103;-0.0272;0.1027;0.8067;0.4913;0.0821;0.3179;0;;;;;;;;;;;;;0;;;;;;;;0.2449;-0.5504;0.7982;-0.4951;-0.4590;0.3028;0.9472;0.2841;0.1420;-0.0426;;;;;;;;;;;;;0;;;;;;;;b974454d-ae33-4d16-9737-e66469f616ef;;OpenLoop;2026-05-18 09:46:32.4145;Hands;2;OpenXR
Right;;Baseline;0;NoMitigation;None;anonymous;Sample;7522;0.0000;-0.1103;-0.0272;0.1027;47.7774;41.4469;62.0433;-0.1103;-0.0272;0.1027;0.8067;0.4913;0.0821;0.3179;0;;;;;;;;;;;;;0;;;;;;;;0.2449;-0.5504;0.7982;-0.4951;-0.4590;0.3028;0.9472;0.2841;0.1420;-0.0426;;;;;;;;;;;;;0;;;;;;;;b974454d-ae33-4d16-9737-e66469f616ef;;OpenLoop;2026-05-18 09:46:32.4421;Hands;2;OpenXR
Right;;Baseline;0;NoMitigation;None;anonymous;Sample;7525;0.0000;-0.1103;-0.0272;0.1027;47.7774;41.4469;62.0433;-0.1103;-0.0272;0.1027;0.8067;0.4913;0.0821;0.3179;0;;;;;;;;;;;;;0;;;;;;;;0.2449;-0.5504;0.7982;-0.4951;-0.4590;0.3028;0.9472;0.2841;0.1420;-0.0426;;;;;;;;;;;;;0;;;;;;;;b974454d-ae33-4d16-9737-e66469f616ef;;OpenLoop;2026-05-18 09:46:32.4687;Hands;2;OpenXR
Right;;Baseline;0;NoMitigation;None;anonymous;Sample;7528;0.0000;-0.1103;-0.0272;0.1027;47.7774;41.4469;62.0433;-0.1103;-0.0272;0.1027;0.8067;0.4913;0.0821;0.3179;0;;;;;;;;;;;;;0;;;;;;;;0.2449;-0.5504;0.7982;-0.4951;-0.4590;0.3028;0.9472;0.2841;0.1420;-0.0426;;;;;;;;;;;;;0;;;;;;;;b974454d-ae33-4d16-9737-e66469f616ef;;OpenLoop;2026-05-18 09:46:32.4962;Hands;2;OpenXR
Right;;Baseline;0;NoMitigation;None;anonymous;Sample;7531;0.0000;-0.1103;-0.0272;0.1027;47.7774;41.4469;62.0433;-0.1103;-0.0272;0.1027;0.8067;0.4913;0.0821;0.3179;0;;;;;;;;;;;;;0;;;;;;;;0.2449;-0.5504;0.7982;-0.4951;-0.4590;0.3028;0.9472;0.2841;0.1420;-0.0426;;;;;;;;;;;;;0;;;;;;;;b974454d-ae33-4d16-9737-e66469f616ef;;OpenLoop;2026-05-18 09:46:32.5242;Hands;2;OpenXR
Right;;Baseline;0;NoMitigation;None;anonymous;Sample;7534;0.0000;-0.1103;-0.0272;0.1027;47.7774;41.4469;62.0433;-0.1103;-0.0272;0.1027;0.8067;0.4913;0.0821;0.3179;0;;;;;;;;;;;;;0;;;;;;;;0.2449;-0.5504;0.7982;-0.4951;-0.4590;0.3028;0.9472;0.2841;0.1420;-0.0426;;;;;;;;;;;;;0;;;;;;;;b974454d-ae33-4d16-9737-e66469f616ef;;OpenLoop;2026-05-18 09:46:32.5505;Hands;2;OpenXR
Right;;Baseline;0;NoMitigation;None;anonymous;Sample;7537;0.0000;-0.1103;-0.0272;0.1027;47.7774;41.4469;62.0433;-0.1103;-0.0272;0.1027;0.8067;0.4913;0.0821;0.3179;0;;;;;;;;;;;;;0;;;;;;;;0.2449;-0.5504;0.7982;-0.4951;-0.4590;0.3028;0.9472;0.2841;0.1420;-0.0426;;;;;;;;;;;;;0;;;;;;;;b974454d-ae33-4d16-9737-e66469f616ef;;OpenLoop;2026-05-18 09:46:32.5784;Hands;2;OpenXR
Right;;Baseline;0;NoMitigation;None;anonymous;Sample;7540;0.0000;-0.1103;-0.0272;0.1027;47.7774;41.4469;62.0433;-0.1103;-0.0272;0.1027;0.8067;0.4913;0.0821;0.3179;0;;;;;;;;;;;;;0;;;;;;;;0.2449;-0.5504;0.7982;-0.4951;-0.4590;0.3028;0.9472;0.2841;0.1420;-0.0426;;;;;;;;;;;;;0;;;;;;;;b974454d-ae33-4d16-9737-e66469f616ef;;OpenLoop;2026-05-18 09:46:32.6070;Hands;2;OpenXR
Right;;Baseline;0;NoMitigation;None;anonymous;Sample;7543;0.0000;-0.1103;-0.0272;0.1027;47.7774;41.4469;62.0433;-0.1103;-0.0272;0.1027;0.8067;0.4913;0.0821;0.3179;0;;;;;;;;;;;;;0;;;;;;;;0.2449;-0.5504;0.7982;-0.4951;-0.4590;0.3028;0.9472;0.2841;0.1420;-0.0426;;;;;;;;;;;;;0;;;;;;;;b974454d-ae33-4d16-9737-e66469f616ef;;OpenLoop;2026-05-18 09:46:32.6339;Hands;2;OpenXR
Right;;Baseline;0;NoMitigation;None;anonymous;Sample;7546;0.0000;-0.1103;-0.0272;0.1027;47.7774;41.4469;62.0433;-0.1103;-0.0272;0.1027;0.8067;0.4913;0.0821;0.3179;0;;;;;;;;;;;;;0;;;;;;;;0.2449;-0.5504;0.7982;-0.4951;-0.4590;0.3028;0.9472;0.2841;0.1420;-0.0426;;;;;;;;;;;;;0;;;;;;;;b974454d-ae33-4d16-9737-e66469f616ef;;OpenLoop;2026-05-18 09:46:32.6620;Hands;2;OpenXR
Right;;Baseline;0;NoMitigation;None;anonymous;Sample;7549;0.0000;-0.1103;-0.0272;0.1027;47.7774;41.4469;62.0433;-0.1103;-0.0272;0.1027;0.8067;0.4913;0.0821;0.3179;0;;;;;;;;;;;;;0;;;;;;;;0.2449;-0.5504;0.7982;-0.4951;-0.4590;0.3028;0.9472;0.2841;0.1420;-0.0426;;;;;;;;;;;;;0;;;;;;;;b974454d-ae33-4d16-9737-e66469f616ef;;OpenLoop;2026-05-18 09:46:32.6896;Hands;2;OpenXR
Right;;Baseline;0;NoMitigation;None;anonymous;Sample;7552;0.0000;-0.1103;-0.0272;0.1027;47.7774;41.4469;62.0433;-0.1103;-0.0272;0.1027;0.8067;0.4913;0.0821;0.3179;0;;;;;;;;;;;;;0;;;;;;;;0.2449;-0.5504;0.7982;-0.4951;-0.4590;0.3028;0.9472;0.2841;0.1420;-0.0426;;;;;;;;;;;;;0;;;;;;;;b974454d-ae33-4d16-9737-e66469f616ef;;OpenLoop;2026-05-18 09:46:32.7186;Hands;2;OpenXR
Right;;Baseline;0;NoMitigation;None;anonymous;Sample;7555;0.0000;-0.1103;-0.0272;0.1027;47.7774;41.4469;62.0433;-0.1103;-0.0272;0.1027;0.8067;0.4913;0.0821;0.3179;0;;;;;;;;;;;;;0;;;;;;;;0.2449;-0.5504;0.7982;-0.4951;-0.4590;0.3028;0.9472;0.2841;0.1420;-0.0426;;;;;;;;;;;;;0;;;;;;;;b974454d-ae33-4d16-9737-e66469f616ef;;OpenLoop;2026-05-18 09:46:32.7458;Hands;2;OpenXR
Right;;Baseline;0;NoMitigation;None;anonymous;Sample;7558;0.0000;-0.1103;-0.0272;0.1027;47.7774;41.4469;62.0433;-0.1103;-0.0272;0.1027;0.8067;0.4913;0.0821;0.3179;0;;;;;;;;;;;;;0;;;;;;;;0.2449;-0.5504;0.7982;-0.4951;-0.4590;0.3028;0.9472;0.2841;0.1420;-0.0426;;;;;;;;;;;;;0;;;;;;;;b974454d-ae33-4d16-9737-e66469f616ef;;OpenLoop;2026-05-18 09:46:32.7745;Hands;2;OpenXR
Right;;Baseline;0;NoMitigation;None;anonymous;Sample;7561;0.0000;-0.1103;-0.0272;0.1027;47.7774;41.4469;62.0433;-0.1103;-0.0272;0.1027;0.8067;0.4913;0.0821;0.3179;0;;;;;;;;;;;;;0;;;;;;;;0.2449;-0.5504;0.7982;-0.4951;-0.4590;0.3028;0.9472;0.2841;0.1420;-0.0426;;;;;;;;;;;;;0;;;;;;;;b974454d-ae33-4d16-9737-e66469f616ef;;OpenLoop;2026-05-18 09:46:32.8019;Hands;2;OpenXR
Right;;Baseline;0;NoMitigation;None;anonymous;Sample;7564;0.0000;-0.1103;-0.0272;0.1027;47.7774;41.4469;62.0433;-0.1103;-0.0272;0.1027;0.8067;0.4913;0.0821;0.3179;0;;;;;;;;;;;;;0;;;;;;;;0.2449;-0.5504;0.7982;-0.4951;-0.4590;0.3028;0.9472;0.2841;0.1420;-0.0426;;;;;;;;;;;;;0;;;;;;;;b974454d-ae33-4d16-9737-e66469f616ef;;OpenLoop;2026-05-18 09:46:32.8305;Hands;2;OpenXR
Right;;Baseline;0;NoMitigation;None;anonymous;Sample;7567;0.0000;-0.1103;-0.0272;0.1027;47.7774;41.4469;62.0433;-0.1103;-0.0272;0.1027;0.8067;0.4913;0.0821;0.3179;0;;;;;;;;;;;;;0;;;;;;;;0.2449;-0.5504;0.7982;-0.4951;-0.4590;0.3028;0.9472;0.2841;0.1420;-0.0426;;;;;;;;;;;;;0;;;;;;;;b974454d-ae33-4d16-9737-e66469f616ef;;OpenLoop;2026-05-18 09:46:32.8576;Hands;2;OpenXR
Right;;Baseline;0;NoMitigation;None;anonymous;Sample;7570;0.0000;-0.1103;-0.0272;0.1027;47.7774;41.4469;62.0433;-0.1103;-0.0272;0.1027;0.8067;0.4913;0.0821;0.3179;0;;;;;;;;;;;;;0;;;;;;;;0.2449;-0.5504;0.7982;-0.4951;-0.4590;0.3028;0.9472;0.2841;0.1420;-0.0426;;;;;;;;;;;;;0;;;;;;;;b974454d-ae33-4d16-9737-e66469f616ef;;OpenLoop;2026-05-18 09:46:32.8868;Hands;2;OpenXR
Right;;Baseline;0;NoMitigation;None;anonymous;Sample;7573;0.0000;-0.1103;-0.0272;0.1027;47.7774;41.4469;62.0433;-0.1103;-0.0272;0.1027;0.8067;0.4913;0.0821;0.3179;0;;;;;;;;;;;;;0;;;;;;;;0.2449;-0.5504;0.7982;-0.4951;-0.4590;0.3028;0.9472;0.2841;0.1420;-0.0426;;;;;;;;;;;;;0;;;;;;;;b974454d-ae33-4d16-9737-e66469f616ef;;OpenLoop;2026-05-18 09:46:32.9146;Hands;2;OpenXR
Right;;Baseline;0;NoMitigation;None;anonymous;Sample;7576;0.0000;-0.1103;-0.0272;0.1027;47.7774;41.4469;62.0433;-0.1103;-0.0272;0.1027;0.8067;0.4913;0.0821;0.3179;0;;;;;;;;;;;;;0;;;;;;;;0.2449;-0.5504;0.7982;-0.4951;-0.4590;0.3028;0.9472;0.2841;0.1420;-0.0426;;;;;;;;;;;;;0;;;;;;;;b974454d-ae33-4d16-9737-e66469f616ef;;OpenLoop;2026-05-18 09:46:32.9439;Hands;2;OpenXR
Right;;Baseline;0;NoMitigation;None;anonymous;Sample;7579;0.0000;-0.1103;-0.0272;0.1027;47.7774;41.4469;62.0433;-0.1103;-0.0272;0.1027;0.8067;0.4913;0.0821;0.3179;0;;;;;;;;;;;;;0;;;;;;;;0.2449;-0.5504;0.7982;-0.4951;-0.4590;0.3028;0.9472;0.2841;0.1420;-0.0426;;;;;;;;;;;;;0;;;;;;;;b974454d-ae33-4d16-9737-e66469f616ef;;OpenLoop;2026-05-18 09:46:32.9720;Hands;2;OpenXR
Right;;Baseline;0;NoMitigation;None;anonymous;Sample;7582;0.0000;-0.1103;-0.0272;0.1027;47.7774;41.4469;62.0433;-0.1103;-0.0272;0.1027;0.8067;0.4913;0.0821;0.3179;0;;;;;;;;;;;;;0;;;;;;;;0.2449;-0.5504;0.7982;-0.4951;-0.4590;0.3028;0.9472;0.2841;0.1420;-0.0426;;;;;;;;;;;;;0;;;;;;;;b974454d-ae33-4d16-9737-e66469f616ef;;OpenLoop;2026-05-18 09:46:32.9997;Hands;2;OpenXR
Right;;Baseline;0;NoMitigation;None;anonymous;Sample;7585;0.0000;-0.1103;-0.0272;0.1027;47.7774;41.4469;62.0433;-0.1103;-0.0272;0.1027;0.8067;0.4913;0.0821;0.3179;0;;;;;;;;;;;;;0;;;;;;;;0.2449;-0.5504;0.7982;-0.4951;-0.4590;0.3028;0.9472;0.2841;0.1420;-0.0426;;;;;;;;;;;;;0;;;;;;;;b974454d-ae33-4d16-9737-e66469f616ef;;OpenLoop;2026-05-18 09:46:33.0284;Hands;2;OpenXR
Right;;Baseline;0;NoMitigation;None;anonymous;Sample;7588;0.0000;-0.1103;-0.0272;0.1027;47.7774;41.4469;62.0433;-0.1103;-0.0272;0.1027;0.8067;0.4913;0.0821;0.3179;0;;;;;;;;;;;;;0;;;;;;;;0.2449;-0.5504;0.7982;-0.4951;-0.4590;0.3028;0.9472;0.2841;0.1420;-0.0426;;;;;;;;;;;;;0;;;;;;;;b974454d-ae33-4d16-9737-e66469f616ef;;OpenLoop;2026-05-18 09:46:33.0572;Hands;2;OpenXR
Right;;Baseline;0;NoMitigation;None;anonymous;Sample;7591;0.0000;-0.1103;-0.0272;0.1027;47.7774;41.4469;62.0433;-0.1103;-0.0272;0.1027;0.8067;0.4913;0.0821;0.3179;0;;;;;;;;;;;;;0;;;;;;;;0.2449;-0.5504;0.7982;-0.4951;-0.4590;0.3028;0.9472;0.2841;0.1420;-0.0426;;;;;;;;;;;;;0;;;;;;;;b974454d-ae33-4d16-9737-e66469f616ef;;OpenLoop;2026-05-18 09:46:33.0860;Hands;2;OpenXR
Right;;Baseline;0;NoMitigation;None;anonymous;Sample;7594;0.0000;-0.1103;-0.0272;0.1027;47.7774;41.4469;62.0433;-0.1103;-0.0272;0.1027;0.8067;0.4913;0.0821;0.3179;0;;;;;;;;;;;;;0;;;;;;;;0.2449;-0.5504;0.7982;-0.4951;-0.4590;0.3028;0.9472;0.2841;0.1420;-0.0426;;;;;;;;;;;;;0;;;;;;;;b974454d-ae33-4d16-9737-e66469f616ef;;OpenLoop;2026-05-18 09:46:33.1141;Hands;2;OpenXR
Right;;Baseline;0;NoMitigation;None;anonymous;Sample;7597;0.0000;-0.1103;-0.0272;0.1027;47.7774;41.4469;62.0433;-0.1103;-0.0272;0.1027;0.8067;0.4913;0.0821;0.3179;0;;;;;;;;;;;;;0;;;;;;;;0.2449;-0.5504;0.7982;-0.4951;-0.4590;0.3028;0.9472;0.2841;0.1420;-0.0426;;;;;;;;;;;;;0;;;;;;;;b974454d-ae33-4d16-9737-e66469f616ef;;OpenLoop;2026-05-18 09:46:33.1432;Hands;2;OpenXR
Right;;Baseline;0;NoMitigation;None;anonymous;Sample;7600;0.0000;-0.1103;-0.0272;0.1027;47.7774;41.4469;62.0433;-0.1103;-0.0272;0.1027;0.8067;0.4913;0.0821;0.3179;0;;;;;;;;;;;;;0;;;;;;;;0.2449;-0.5504;0.7982;-0.4951;-0.4590;0.3028;0.9472;0.2841;0.1420;-0.0426;;;;;;;;;;;;;0;;;;;;;;b974454d-ae33-4d16-9737-e66469f616ef;;OpenLoop;2026-05-18 09:46:33.1720;Hands;2;OpenXR
Right;;Baseline;0;NoMitigation;None;anonymous;Sample;7603;0.0000;-0.1103;-0.0272;0.1027;47.7774;41.4469;62.0433;-0.1103;-0.0272;0.1027;0.8067;0.4913;0.0821;0.3179;0;;;;;;;;;;;;;0;;;;;;;;0.2449;-0.5504;0.7982;-0.4951;-0.4590;0.3028;0.9472;0.2841;0.1420;-0.0426;;;;;;;;;;;;;0;;;;;;;;b974454d-ae33-4d16-9737-e66469f616ef;;OpenLoop;2026-05-18 09:46:33.2013;Hands;2;OpenXR
Right;;Baseline;0;NoMitigation;None;anonymous;Sample;7606;0.0000;-0.1103;-0.0272;0.1027;47.7774;41.4469;62.0433;-0.1103;-0.0272;0.1027;0.8067;0.4913;0.0821;0.3179;0;;;;;;;;;;;;;0;;;;;;;;0.2449;-0.5504;0.7982;-0.4951;-0.4590;0.3028;0.9472;0.2841;0.1420;-0.0426;;;;;;;;;;;;;0;;;;;;;;b974454d-ae33-4d16-9737-e66469f616ef;;OpenLoop;2026-05-18 09:46:33.2300;Hands;2;OpenXR
Right;;Baseline;0;NoMitigation;None;anonymous;Sample;7609;0.0000;-0.1103;-0.0272;0.1027;47.7774;41.4469;62.0433;-0.1103;-0.0272;0.1027;0.8067;0.4913;0.0821;0.3179;0;;;;;;;;;;;;;0;;;;;;;;0.2449;-0.5504;0.7982;-0.4951;-0.4590;0.3028;0.9472;0.2841;0.1420;-0.0426;;;;;;;;;;;;;0;;;;;;;;b974454d-ae33-4d16-9737-e66469f616ef;;OpenLoop;2026-05-18 09:46:33.2583;Hands;2;OpenXR
Right;;Baseline;0;NoMitigation;None;anonymous;Sample;7612;0.0000;-0.1103;-0.0272;0.1027;47.7774;41.4469;62.0433;-0.1103;-0.0272;0.1027;0.8067;0.4913;0.0821;0.3179;0;;;;;;;;;;;;;0;;;;;;;;0.2449;-0.5504;0.7982;-0.4951;-0.4590;0.3028;0.9472;0.2841;0.1420;-0.0426;;;;;;;;;;;;;0;;;;;;;;b974454d-ae33-4d16-9737-e66469f616ef;;OpenLoop;2026-05-18 09:46:33.2890;Hands;2;OpenXR
Right;;Baseline;0;NoMitigation;None;anonymous;Sample;7615;0.0000;-0.1103;-0.0272;0.1027;47.7774;41.4469;62.0433;-0.1103;-0.0272;0.1027;0.8067;0.4913;0.0821;0.3179;0;;;;;;;;;;;;;0;;;;;;;;0.2449;-0.5504;0.7982;-0.4951;-0.4590;0.3028;0.9472;0.2841;0.1420;-0.0426;;;;;;;;;;;;;0;;;;;;;;b974454d-ae33-4d16-9737-e66469f616ef;;OpenLoop;2026-05-18 09:46:33.3166;Hands;2;OpenXR
Right;;Baseline;0;NoMitigation;None;anonymous;Sample;7618;0.0000;-0.1103;-0.0272;0.1027;47.7774;41.4469;62.0433;-0.1103;-0.0272;0.1027;0.8067;0.4913;0.0821;0.3179;0;;;;;;;;;;;;;0;;;;;;;;0.2449;-0.5504;0.7982;-0.4951;-0.4590;0.3028;0.9472;0.2841;0.1420;-0.0426;;;;;;;;;;;;;0;;;;;;;;b974454d-ae33-4d16-9737-e66469f616ef;;OpenLoop;2026-05-18 09:46:33.3452;Hands;2;OpenXR
Right;;Baseline;0;NoMitigation;None;anonymous;Sample;7621;0.0000;-0.1103;-0.0272;0.1027;47.7774;41.4469;62.0433;-0.1103;-0.0272;0.1027;0.8067;0.4913;0.0821;0.3179;0;;;;;;;;;;;;;0;;;;;;;;0.2449;-0.5504;0.7982;-0.4951;-0.4590;0.3028;0.9472;0.2841;0.1420;-0.0426;;;;;;;;;;;;;0;;;;;;;;b974454d-ae33-4d16-9737-e66469f616ef;;OpenLoop;2026-05-18 09:46:33.3755;Hands;2;OpenXR
Right;;Baseline;0;NoMitigation;None;anonymous;Sample;7624;0.0000;-0.1103;-0.0272;0.1027;47.7774;41.4469;62.0433;-0.1103;-0.0272;0.1027;0.8067;0.4913;0.0821;0.3179;0;;;;;;;;;;;;;0;;;;;;;;0.2449;-0.5504;0.7982;-0.4951;-0.4590;0.3028;0.9472;0.2841;0.1420;-0.0426;;;;;;;;;;;;;0;;;;;;;;b974454d-ae33-4d16-9737-e66469f616ef;;OpenLoop;2026-05-18 09:46:33.4048;Hands;2;OpenXR
Right;;Baseline;0;NoMitigation;None;anonymous;Sample;7627;0.0000;-0.1103;-0.0272;0.1027;47.7774;41.4469;62.0433;-0.1103;-0.0272;0.1027;0.8067;0.4913;0.0821;0.3179;0;;;;;;;;;;;;;0;;;;;;;;0.2449;-0.5504;0.7982;-0.4951;-0.4590;0.3028;0.9472;0.2841;0.1420;-0.0426;;;;;;;;;;;;;0;;;;;;;;b974454d-ae33-4d16-9737-e66469f616ef;;OpenLoop;2026-05-18 09:46:33.4339;Hands;2;OpenXR
Right;;Baseline;0;NoMitigation;None;anonymous;Sample;7630;0.0000;-0.1103;-0.0272;0.1027;47.7774;41.4469;62.0433;-0.1103;-0.0272;0.1027;0.8067;0.4913;0.0821;0.3179;0;;;;;;;;;;;;;0;;;;;;;;0.2449;-0.5504;0.7982;-0.4951;-0.4590;0.3028;0.9472;0.2841;0.1420;-0.0426;;;;;;;;;;;;;0;;;;;;;;b974454d-ae33-4d16-9737-e66469f616ef;;OpenLoop;2026-05-18 09:46:33.4626;Hands;2;OpenXR
Right;;Baseline;0;NoMitigation;None;anonymous;Sample;7633;0.0000;-0.1103;-0.0272;0.1027;47.7774;41.4469;62.0433;-0.1103;-0.0272;0.1027;0.8067;0.4913;0.0821;0.3179;0;;;;;;;;;;;;;0;;;;;;;;0.2449;-0.5504;0.7982;-0.4951;-0.4590;0.3028;0.9472;0.2841;0.1420;-0.0426;;;;;;;;;;;;;0;;;;;;;;b974454d-ae33-4d16-9737-e66469f616ef;;OpenLoop;2026-05-18 09:46:33.4913;Hands;2;OpenXR
Right;;Baseline;0;NoMitigation;None;anonymous;Sample;7636;0.0000;-0.1103;-0.0272;0.1027;47.7774;41.4469;62.0433;-0.1103;-0.0272;0.1027;0.8067;0.4913;0.0821;0.3179;0;;;;;;;;;;;;;0;;;;;;;;0.2449;-0.5504;0.7982;-0.4951;-0.4590;0.3028;0.9472;0.2841;0.1420;-0.0426;;;;;;;;;;;;;0;;;;;;;;b974454d-ae33-4d16-9737-e66469f616ef;;OpenLoop;2026-05-18 09:46:33.5210;Hands;2;OpenXR
Right;;Baseline;0;NoMitigation;None;anonymous;Sample;7639;0.0000;-0.1103;-0.0272;0.1027;47.7774;41.4469;62.0433;-0.1103;-0.0272;0.1027;0.8067;0.4913;0.0821;0.3179;0;;;;;;;;;;;;;0;;;;;;;;0.2449;-0.5504;0.7982;-0.4951;-0.4590;0.3028;0.9472;0.2841;0.1420;-0.0426;;;;;;;;;;;;;0;;;;;;;;b974454d-ae33-4d16-9737-e66469f616ef;;OpenLoop;2026-05-18 09:46:33.5500;Hands;2;OpenXR
Right;;Baseline;0;NoMitigation;None;anonymous;Sample;7642;0.0000;-0.1103;-0.0272;0.1027;47.7774;41.4469;62.0433;-0.1103;-0.0272;0.1027;0.8067;0.4913;0.0821;0.3179;0;;;;;;;;;;;;;0;;;;;;;;0.2449;-0.5504;0.7982;-0.4951;-0.4590;0.3028;0.9472;0.2841;0.1420;-0.0426;;;;;;;;;;;;;0;;;;;;;;b974454d-ae33-4d16-9737-e66469f616ef;;OpenLoop;2026-05-18 09:46:33.5808;Hands;2;OpenXR
Right;;Baseline;0;NoMitigation;None;anonymous;Sample;7645;0.0000;-0.1103;-0.0272;0.1027;47.7774;41.4469;62.0433;-0.1103;-0.0272;0.1027;0.8067;0.4913;0.0821;0.3179;0;;;;;;;;;;;;;0;;;;;;;;0.2449;-0.5504;0.7982;-0.4951;-0.4590;0.3028;0.9472;0.2841;0.1420;-0.0426;;;;;;;;;;;;;0;;;;;;;;b974454d-ae33-4d16-9737-e66469f616ef;;OpenLoop;2026-05-18 09:46:33.6099;Hands;2;OpenXR
Right;;Baseline;0;NoMitigation;None;anonymous;Sample;7647;0.0000;-0.1103;-0.0272;0.1027;47.7774;41.4469;62.0433;-0.1103;-0.0272;0.1027;0.8067;0.4913;0.0821;0.3179;0;;;;;;;;;;;;;0;;;;;;;;0.2449;-0.5504;0.7982;-0.4951;-0.4590;0.3028;0.9472;0.2841;0.1420;-0.0426;;;;;;;;;;;;;0;;;;;;;;b974454d-ae33-4d16-9737-e66469f616ef;;OpenLoop;2026-05-18 09:46:33.6300;Hands;2;OpenXR
Right;;Baseline;0;NoMitigation;None;anonymous;Sample;7650;0.0000;-0.1103;-0.0272;0.1027;47.7774;41.4469;62.0433;-0.1103;-0.0272;0.1027;0.8067;0.4913;0.0821;0.3179;0;;;;;;;;;;;;;0;;;;;;;;0.2449;-0.5504;0.7982;-0.4951;-0.4590;0.3028;0.9472;0.2841;0.1420;-0.0426;;;;;;;;;;;;;0;;;;;;;;b974454d-ae33-4d16-9737-e66469f616ef;;OpenLoop;2026-05-18 09:46:33.6591;Hands;2;OpenXR
Right;;Baseline;0;NoMitigation;None;anonymous;Sample;7653;0.0000;-0.1103;-0.0272;0.1027;47.7774;41.4469;62.0433;-0.1103;-0.0272;0.1027;0.8067;0.4913;0.0821;0.3179;0;;;;;;;;;;;;;0;;;;;;;;0.2449;-0.5504;0.7982;-0.4951;-0.4590;0.3028;0.9472;0.2841;0.1420;-0.0426;;;;;;;;;;;;;0;;;;;;;;b974454d-ae33-4d16-9737-e66469f616ef;;OpenLoop;2026-05-18 09:46:33.6882;Hands;2;OpenXR
Right;;Baseline;0;NoMitigation;None;anonymous;Sample;7655;0.0000;-0.1103;-0.0272;0.1027;47.7774;41.4469;62.0433;-0.1103;-0.0272;0.1027;0.8067;0.4913;0.0821;0.3179;0;;;;;;;;;;;;;0;;;;;;;;0.2449;-0.5504;0.7982;-0.4951;-0.4590;0.3028;0.9472;0.2841;0.1420;-0.0426;;;;;;;;;;;;;0;;;;;;;;b974454d-ae33-4d16-9737-e66469f616ef;;OpenLoop;2026-05-18 09:46:33.7083;Hands;2;OpenXR
Right;;Baseline;0;NoMitigation;None;anonymous;Sample;7658;0.0000;-0.1103;-0.0272;0.1027;47.7774;41.4469;62.0433;-0.1103;-0.0272;0.1027;0.8067;0.4913;0.0821;0.3179;0;;;;;;;;;;;;;0;;;;;;;;0.2449;-0.5504;0.7982;-0.4951;-0.4590;0.3028;0.9472;0.2841;0.1420;-0.0426;;;;;;;;;;;;;0;;;;;;;;b974454d-ae33-4d16-9737-e66469f616ef;;OpenLoop;2026-05-18 09:46:33.7383;Hands;2;OpenXR
Right;;Baseline;0;NoMitigation;None;anonymous;Sample;7661;0.0000;-0.1103;-0.0272;0.1027;47.7774;41.4469;62.0433;-0.1103;-0.0272;0.1027;0.8067;0.4913;0.0821;0.3179;0;;;;;;;;;;;;;0;;;;;;;;0.2449;-0.5504;0.7982;-0.4951;-0.4590;0.3028;0.9472;0.2841;0.1420;-0.0426;;;;;;;;;;;;;0;;;;;;;;b974454d-ae33-4d16-9737-e66469f616ef;;OpenLoop;2026-05-18 09:46:33.7688;Hands;2;OpenXR
Right;;Baseline;0;NoMitigation;None;anonymous;Sample;7664;0.0000;-0.1103;-0.0272;0.1027;47.7774;41.4469;62.0433;-0.1103;-0.0272;0.1027;0.8067;0.4913;0.0821;0.3179;0;;;;;;;;;;;;;0;;;;;;;;0.2449;-0.5504;0.7982;-0.4951;-0.4590;0.3028;0.9472;0.2841;0.1420;-0.0426;;;;;;;;;;;;;0;;;;;;;;b974454d-ae33-4d16-9737-e66469f616ef;;OpenLoop;2026-05-18 09:46:33.7981;Hands;2;OpenXR
Right;;Baseline;0;NoMitigation;None;anonymous;Sample;7666;0.0000;-0.1103;-0.0272;0.1027;47.7774;41.4469;62.0433;-0.1103;-0.0272;0.1027;0.8067;0.4913;0.0821;0.3179;0;;;;;;;;;;;;;0;;;;;;;;0.2449;-0.5504;0.7982;-0.4951;-0.4590;0.3028;0.9472;0.2841;0.1420;-0.0426;;;;;;;;;;;;;0;;;;;;;;b974454d-ae33-4d16-9737-e66469f616ef;;OpenLoop;2026-05-18 09:46:33.8190;Hands;2;OpenXR
Right;;Baseline;0;NoMitigation;None;anonymous;Sample;7669;0.0000;-0.1103;-0.0272;0.1027;47.7774;41.4469;62.0433;-0.1103;-0.0272;0.1027;0.8067;0.4913;0.0821;0.3179;0;;;;;;;;;;;;;0;;;;;;;;0.2449;-0.5504;0.7982;-0.4951;-0.4590;0.3028;0.9472;0.2841;0.1420;-0.0426;;;;;;;;;;;;;0;;;;;;;;b974454d-ae33-4d16-9737-e66469f616ef;;OpenLoop;2026-05-18 09:46:33.8502;Hands;2;OpenXR
Right;;Baseline;0;NoMitigation;None;anonymous;Sample;7672;0.0000;-0.1103;-0.0272;0.1027;47.7774;41.4469;62.0433;-0.1103;-0.0272;0.1027;0.8067;0.4913;0.0821;0.3179;0;;;;;;;;;;;;;0;;;;;;;;0.2449;-0.5504;0.7982;-0.4951;-0.4590;0.3028;0.9472;0.2841;0.1420;-0.0426;;;;;;;;;;;;;0;;;;;;;;b974454d-ae33-4d16-9737-e66469f616ef;;OpenLoop;2026-05-18 09:46:33.8800;Hands;2;OpenXR
Right;;Baseline;0;NoMitigation;None;anonymous;Sample;7675;0.0000;-0.1103;-0.0272;0.1027;47.7774;41.4469;62.0433;-0.1103;-0.0272;0.1027;0.8067;0.4913;0.0821;0.3179;0;;;;;;;;;;;;;0;;;;;;;;0.2449;-0.5504;0.7982;-0.4951;-0.4590;0.3028;0.9472;0.2841;0.1420;-0.0426;;;;;;;;;;;;;0;;;;;;;;b974454d-ae33-4d16-9737-e66469f616ef;;OpenLoop;2026-05-18 09:46:33.9090;Hands;2;OpenXR
Right;;Baseline;0;NoMitigation;None;anonymous;Sample;7677;0.0000;-0.1103;-0.0272;0.1027;47.7774;41.4469;62.0433;-0.1103;-0.0272;0.1027;0.8067;0.4913;0.0821;0.3179;0;;;;;;;;;;;;;0;;;;;;;;0.2449;-0.5504;0.7982;-0.4951;-0.4590;0.3028;0.9472;0.2841;0.1420;-0.0426;;;;;;;;;;;;;0;;;;;;;;b974454d-ae33-4d16-9737-e66469f616ef;;OpenLoop;2026-05-18 09:46:33.9306;Hands;2;OpenXR
Right;;Baseline;0;NoMitigation;None;anonymous;Sample;7680;0.0000;-0.1103;-0.0272;0.1027;47.7774;41.4469;62.0433;-0.1103;-0.0272;0.1027;0.8067;0.4913;0.0821;0.3179;0;;;;;;;;;;;;;0;;;;;;;;0.2449;-0.5504;0.7982;-0.4951;-0.4590;0.3028;0.9472;0.2841;0.1420;-0.0426;;;;;;;;;;;;;0;;;;;;;;b974454d-ae33-4d16-9737-e66469f616ef;;OpenLoop;2026-05-18 09:46:33.9606;Hands;2;OpenXR
Right;;Baseline;0;NoMitigation;None;anonymous;Sample;7682;0.0000;-0.1103;-0.0272;0.1027;47.7774;41.4469;62.0433;-0.1103;-0.0272;0.1027;0.8067;0.4913;0.0821;0.3179;0;;;;;;;;;;;;;0;;;;;;;;0.2449;-0.5504;0.7982;-0.4951;-0.4590;0.3028;0.9472;0.2841;0.1420;-0.0426;;;;;;;;;;;;;0;;;;;;;;b974454d-ae33-4d16-9737-e66469f616ef;;OpenLoop;2026-05-18 09:46:33.9803;Hands;2;OpenXR
Right;;Baseline;0;NoMitigation;None;anonymous;Sample;7684;0.0000;-0.1103;-0.0272;0.1027;47.7774;41.4469;62.0433;-0.1103;-0.0272;0.1027;0.8067;0.4913;0.0821;0.3179;0;;;;;;;;;;;;;0;;;;;;;;0.2449;-0.5504;0.7982;-0.4951;-0.4590;0.3028;0.9472;0.2841;0.1420;-0.0426;;;;;;;;;;;;;0;;;;;;;;b974454d-ae33-4d16-9737-e66469f616ef;;OpenLoop;2026-05-18 09:46:34.0003;Hands;2;OpenXR
Right;;Baseline;0;NoMitigation;None;anonymous;Sample;7687;0.0000;-0.1103;-0.0272;0.1027;47.7774;41.4469;62.0433;-0.1103;-0.0272;0.1027;0.8067;0.4913;0.0821;0.3179;0;;;;;;;;;;;;;0;;;;;;;;0.2449;-0.5504;0.7982;-0.4951;-0.4590;0.3028;0.9472;0.2841;0.1420;-0.0426;;;;;;;;;;;;;0;;;;;;;;b974454d-ae33-4d16-9737-e66469f616ef;;OpenLoop;2026-05-18 09:46:34.0322;Hands;2;OpenXR
Right;;Baseline;0;NoMitigation;None;anonymous;Sample;7690;0.0000;-0.1103;-0.0272;0.1027;47.7774;41.4469;62.0433;-0.1103;-0.0272;0.1027;0.8067;0.4913;0.0821;0.3179;0;;;;;;;;;;;;;0;;;;;;;;0.2449;-0.5504;0.7982;-0.4951;-0.4590;0.3028;0.9472;0.2841;0.1420;-0.0426;;;;;;;;;;;;;0;;;;;;;;b974454d-ae33-4d16-9737-e66469f616ef;;OpenLoop;2026-05-18 09:46:34.0602;Hands;2;OpenXR
Right;;Baseline;0;NoMitigation;None;anonymous;Sample;7692;0.0000;-0.1103;-0.0272;0.1027;47.7774;41.4469;62.0433;-0.1103;-0.0272;0.1027;0.8067;0.4913;0.0821;0.3179;0;;;;;;;;;;;;;0;;;;;;;;0.2449;-0.5504;0.7982;-0.4951;-0.4590;0.3028;0.9472;0.2841;0.1420;-0.0426;;;;;;;;;;;;;0;;;;;;;;b974454d-ae33-4d16-9737-e66469f616ef;;OpenLoop;2026-05-18 09:46:34.0809;Hands;2;OpenXR
Right;;Baseline;0;NoMitigation;None;anonymous;Sample;7694;0.0000;-0.1103;-0.0272;0.1027;47.7774;41.4469;62.0433;-0.1103;-0.0272;0.1027;0.8067;0.4913;0.0821;0.3179;0;;;;;;;;;;;;;0;;;;;;;;0.2449;-0.5504;0.7982;-0.4951;-0.4590;0.3028;0.9472;0.2841;0.1420;-0.0426;;;;;;;;;;;;;0;;;;;;;;b974454d-ae33-4d16-9737-e66469f616ef;;OpenLoop;2026-05-18 09:46:34.1024;Hands;2;OpenXR
Right;;Baseline;0;NoMitigation;None;anonymous;Sample;7696;0.0000;-0.1103;-0.0272;0.1027;47.7774;41.4469;62.0433;-0.1103;-0.0272;0.1027;0.8067;0.4913;0.0821;0.3179;0;;;;;;;;;;;;;0;;;;;;;;0.2449;-0.5504;0.7982;-0.4951;-0.4590;0.3028;0.9472;0.2841;0.1420;-0.0426;;;;;;;;;;;;;0;;;;;;;;b974454d-ae33-4d16-9737-e66469f616ef;;OpenLoop;2026-05-18 09:46:34.1228;Hands;2;OpenXR
Right;;Baseline;0;NoMitigation;None;anonymous;Sample;7698;0.0000;-0.1103;-0.0272;0.1027;47.7774;41.4469;62.0433;-0.1103;-0.0272;0.1027;0.8067;0.4913;0.0821;0.3179;0;;;;;;;;;;;;;0;;;;;;;;0.2449;-0.5504;0.7982;-0.4951;-0.4590;0.3028;0.9472;0.2841;0.1420;-0.0426;;;;;;;;;;;;;0;;;;;;;;b974454d-ae33-4d16-9737-e66469f616ef;;OpenLoop;2026-05-18 09:46:34.1444;Hands;2;OpenXR
Right;;Baseline;0;NoMitigation;None;anonymous;Sample;7700;0.0000;-0.1103;-0.0272;0.1027;47.7774;41.4469;62.0433;-0.1103;-0.0272;0.1027;0.8067;0.4913;0.0821;0.3179;0;;;;;;;;;;;;;0;;;;;;;;0.2449;-0.5504;0.7982;-0.4951;-0.4590;0.3028;0.9472;0.2841;0.1420;-0.0426;;;;;;;;;;;;;0;;;;;;;;b974454d-ae33-4d16-9737-e66469f616ef;;OpenLoop;2026-05-18 09:46:34.1641;Hands;2;OpenXR
Right;;Baseline;0;NoMitigation;None;anonymous;Sample;7703;0.0000;-0.1103;-0.0272;0.1027;47.7774;41.4469;62.0433;-0.1103;-0.0272;0.1027;0.8067;0.4913;0.0821;0.3179;0;;;;;;;;;;;;;0;;;;;;;;0.2449;-0.5504;0.7982;-0.4951;-0.4590;0.3028;0.9472;0.2841;0.1420;-0.0426;;;;;;;;;;;;;0;;;;;;;;b974454d-ae33-4d16-9737-e66469f616ef;;OpenLoop;2026-05-18 09:46:34.1943;Hands;2;OpenXR
Right;;Baseline;0;NoMitigation;None;anonymous;Sample;7705;0.0000;-0.1103;-0.0272;0.1027;47.7774;41.4469;62.0433;-0.1103;-0.0272;0.1027;0.8067;0.4913;0.0821;0.3179;0;;;;;;;;;;;;;0;;;;;;;;0.2449;-0.5504;0.7982;-0.4951;-0.4590;0.3028;0.9472;0.2841;0.1420;-0.0426;;;;;;;;;;;;;0;;;;;;;;b974454d-ae33-4d16-9737-e66469f616ef;;OpenLoop;2026-05-18 09:46:34.2154;Hands;2;OpenXR
Right;;Baseline;0;NoMitigation;None;anonymous;Sample;7707;0.0000;-0.1103;-0.0272;0.1027;47.7774;41.4469;62.0433;-0.1103;-0.0272;0.1027;0.8067;0.4913;0.0821;0.3179;0;;;;;;;;;;;;;0;;;;;;;;0.2449;-0.5504;0.7982;-0.4951;-0.4590;0.3028;0.9472;0.2841;0.1420;-0.0426;;;;;;;;;;;;;0;;;;;;;;b974454d-ae33-4d16-9737-e66469f616ef;;OpenLoop;2026-05-18 09:46:34.2359;Hands;2;OpenXR
Right;;Baseline;0;NoMitigation;None;anonymous;Sample;7709;0.0000;-0.1103;-0.0272;0.1027;47.7774;41.4469;62.0433;-0.1103;-0.0272;0.1027;0.8067;0.4913;0.0821;0.3179;0;;;;;;;;;;;;;0;;;;;;;;0.2449;-0.5504;0.7982;-0.4951;-0.4590;0.3028;0.9472;0.2841;0.1420;-0.0426;;;;;;;;;;;;;0;;;;;;;;b974454d-ae33-4d16-9737-e66469f616ef;;OpenLoop;2026-05-18 09:46:34.2553;Hands;2;OpenXR
Right;;Baseline;0;NoMitigation;None;anonymous;Sample;7711;0.0000;-0.1103;-0.0272;0.1027;47.7774;41.4469;62.0433;-0.1103;-0.0272;0.1027;0.8067;0.4913;0.0821;0.3179;0;;;;;;;;;;;;;0;;;;;;;;0.2449;-0.5504;0.7982;-0.4951;-0.4590;0.3028;0.9472;0.2841;0.1420;-0.0426;;;;;;;;;;;;;0;;;;;;;;b974454d-ae33-4d16-9737-e66469f616ef;;OpenLoop;2026-05-18 09:46:34.2765;Hands;2;OpenXR
Right;;Baseline;0;NoMitigation;None;anonymous;Sample;7713;0.0000;-0.1103;-0.0272;0.1027;47.7774;41.4469;62.0433;-0.1103;-0.0272;0.1027;0.8067;0.4913;0.0821;0.3179;0;;;;;;;;;;;;;0;;;;;;;;0.2449;-0.5504;0.7982;-0.4951;-0.4590;0.3028;0.9472;0.2841;0.1420;-0.0426;;;;;;;;;;;;;0;;;;;;;;b974454d-ae33-4d16-9737-e66469f616ef;;OpenLoop;2026-05-18 09:46:34.2975;Hands;2;OpenXR
Right;;Baseline;0;NoMitigation;None;anonymous;Sample;7715;0.0000;-0.1103;-0.0272;0.1027;47.7774;41.4469;62.0433;-0.1103;-0.0272;0.1027;0.8067;0.4913;0.0821;0.3179;0;;;;;;;;;;;;;0;;;;;;;;0.2449;-0.5504;0.7982;-0.4951;-0.4590;0.3028;0.9472;0.2841;0.1420;-0.0426;;;;;;;;;;;;;0;;;;;;;;b974454d-ae33-4d16-9737-e66469f616ef;;OpenLoop;2026-05-18 09:46:34.3185;Hands;2;OpenXR
Right;;Baseline;0;NoMitigation;None;anonymous;Sample;7717;0.0000;-0.1103;-0.0272;0.1027;47.7774;41.4469;62.0433;-0.1103;-0.0272;0.1027;0.8067;0.4913;0.0821;0.3179;0;;;;;;;;;;;;;0;;;;;;;;0.2449;-0.5504;0.7982;-0.4951;-0.4590;0.3028;0.9472;0.2841;0.1420;-0.0426;;;;;;;;;;;;;0;;;;;;;;b974454d-ae33-4d16-9737-e66469f616ef;;OpenLoop;2026-05-18 09:46:34.3384;Hands;2;OpenXR
Right;;Baseline;0;NoMitigation;None;anonymous;Sample;7719;0.0000;-0.1103;-0.0272;0.1027;47.7774;41.4469;62.0433;-0.1103;-0.0272;0.1027;0.8067;0.4913;0.0821;0.3179;0;;;;;;;;;;;;;0;;;;;;;;0.2449;-0.5504;0.7982;-0.4951;-0.4590;0.3028;0.9472;0.2841;0.1420;-0.0426;;;;;;;;;;;;;0;;;;;;;;b974454d-ae33-4d16-9737-e66469f616ef;;OpenLoop;2026-05-18 09:46:34.3599;Hands;2;OpenXR
Right;;Baseline;0;NoMitigation;None;anonymous;Sample;7721;0.0000;-0.1103;-0.0272;0.1027;47.7774;41.4469;62.0433;-0.1103;-0.0272;0.1027;0.8067;0.4913;0.0821;0.3179;0;;;;;;;;;;;;;0;;;;;;;;0.2449;-0.5504;0.7982;-0.4951;-0.4590;0.3028;0.9472;0.2841;0.1420;-0.0426;;;;;;;;;;;;;0;;;;;;;;b974454d-ae33-4d16-9737-e66469f616ef;;OpenLoop;2026-05-18 09:46:34.3811;Hands;2;OpenXR
Right;;Baseline;0;NoMitigation;None;anonymous;Sample;7723;0.0000;-0.1103;-0.0272;0.1027;47.7774;41.4469;62.0433;-0.1103;-0.0272;0.1027;0.8067;0.4913;0.0821;0.3179;0;;;;;;;;;;;;;0;;;;;;;;0.2449;-0.5504;0.7982;-0.4951;-0.4590;0.3028;0.9472;0.2841;0.1420;-0.0426;;;;;;;;;;;;;0;;;;;;;;b974454d-ae33-4d16-9737-e66469f616ef;;OpenLoop;2026-05-18 09:46:34.4016;Hands;2;OpenXR
Right;;Baseline;0;NoMitigation;None;anonymous;Sample;7725;0.0000;-0.1103;-0.0272;0.1027;47.7774;41.4469;62.0433;-0.1103;-0.0272;0.1027;0.8067;0.4913;0.0821;0.3179;0;;;;;;;;;;;;;0;;;;;;;;0.2449;-0.5504;0.7982;-0.4951;-0.4590;0.3028;0.9472;0.2841;0.1420;-0.0426;;;;;;;;;;;;;0;;;;;;;;b974454d-ae33-4d16-9737-e66469f616ef;;OpenLoop;2026-05-18 09:46:34.4225;Hands;2;OpenXR
Right;;Baseline;0;NoMitigation;None;anonymous;Sample;7727;0.0000;-0.1103;-0.0272;0.1027;47.7774;41.4469;62.0433;-0.1103;-0.0272;0.1027;0.8067;0.4913;0.0821;0.3179;0;;;;;;;;;;;;;0;;;;;;;;0.2449;-0.5504;0.7982;-0.4951;-0.4590;0.3028;0.9472;0.2841;0.1420;-0.0426;;;;;;;;;;;;;0;;;;;;;;b974454d-ae33-4d16-9737-e66469f616ef;;OpenLoop;2026-05-18 09:46:34.4424;Hands;2;OpenXR
Right;;Baseline;0;NoMitigation;None;anonymous;Sample;7729;0.0000;-0.1103;-0.0272;0.1027;47.7774;41.4469;62.0433;-0.1103;-0.0272;0.1027;0.8067;0.4913;0.0821;0.3179;0;;;;;;;;;;;;;0;;;;;;;;0.2449;-0.5504;0.7982;-0.4951;-0.4590;0.3028;0.9472;0.2841;0.1420;-0.0426;;;;;;;;;;;;;0;;;;;;;;b974454d-ae33-4d16-9737-e66469f616ef;;OpenLoop;2026-05-18 09:46:34.4645;Hands;2;OpenXR
Right;;Baseline;0;NoMitigation;None;anonymous;Sample;7731;0.0000;-0.1103;-0.0272;0.1027;47.7774;41.4469;62.0433;-0.1103;-0.0272;0.1027;0.8067;0.4913;0.0821;0.3179;0;;;;;;;;;;;;;0;;;;;;;;0.2449;-0.5504;0.7982;-0.4951;-0.4590;0.3028;0.9472;0.2841;0.1420;-0.0426;;;;;;;;;;;;;0;;;;;;;;b974454d-ae33-4d16-9737-e66469f616ef;;OpenLoop;2026-05-18 09:46:34.4841;Hands;2;OpenXR
Right;;Baseline;0;NoMitigation;None;anonymous;Sample;7733;0.0000;-0.1103;-0.0272;0.1027;47.7774;41.4469;62.0433;-0.1103;-0.0272;0.1027;0.8067;0.4913;0.0821;0.3179;0;;;;;;;;;;;;;0;;;;;;;;0.2449;-0.5504;0.7982;-0.4951;-0.4590;0.3028;0.9472;0.2841;0.1420;-0.0426;;;;;;;;;;;;;0;;;;;;;;b974454d-ae33-4d16-9737-e66469f616ef;;OpenLoop;2026-05-18 09:46:34.5057;Hands;2;OpenXR
Right;;Baseline;0;NoMitigation;None;anonymous;Sample;7735;0.0000;-0.1103;-0.0272;0.1027;47.7774;41.4469;62.0433;-0.1103;-0.0272;0.1027;0.8067;0.4913;0.0821;0.3179;0;;;;;;;;;;;;;0;;;;;;;;0.2449;-0.5504;0.7982;-0.4951;-0.4590;0.3028;0.9472;0.2841;0.1420;-0.0426;;;;;;;;;;;;;0;;;;;;;;b974454d-ae33-4d16-9737-e66469f616ef;;OpenLoop;2026-05-18 09:46:34.5273;Hands;2;OpenXR
Right;;Baseline;0;NoMitigation;None;anonymous;Sample;7737;0.0000;-0.1103;-0.0272;0.1027;47.7774;41.4469;62.0433;-0.1103;-0.0272;0.1027;0.8067;0.4913;0.0821;0.3179;0;;;;;;;;;;;;;0;;;;;;;;0.2449;-0.5504;0.7982;-0.4951;-0.4590;0.3028;0.9472;0.2841;0.1420;-0.0426;;;;;;;;;;;;;0;;;;;;;;b974454d-ae33-4d16-9737-e66469f616ef;;OpenLoop;2026-05-18 09:46:34.5480;Hands;2;OpenXR
Right;;Baseline;0;NoMitigation;None;anonymous;Sample;7739;0.0000;-0.1103;-0.0272;0.1027;47.7774;41.4469;62.0433;-0.1103;-0.0272;0.1027;0.8067;0.4913;0.0821;0.3179;0;;;;;;;;;;;;;0;;;;;;;;0.2449;-0.5504;0.7982;-0.4951;-0.4590;0.3028;0.9472;0.2841;0.1420;-0.0426;;;;;;;;;;;;;0;;;;;;;;b974454d-ae33-4d16-9737-e66469f616ef;;OpenLoop;2026-05-18 09:46:34.5686;Hands;2;OpenXR
Right;;Baseline;0;NoMitigation;None;anonymous;Sample;7741;0.0000;-0.1103;-0.0272;0.1027;47.7774;41.4469;62.0433;-0.1103;-0.0272;0.1027;0.8067;0.4913;0.0821;0.3179;0;;;;;;;;;;;;;0;;;;;;;;0.2449;-0.5504;0.7982;-0.4951;-0.4590;0.3028;0.9472;0.2841;0.1420;-0.0426;;;;;;;;;;;;;0;;;;;;;;b974454d-ae33-4d16-9737-e66469f616ef;;OpenLoop;2026-05-18 09:46:34.5901;Hands;2;OpenXR
Right;;Baseline;0;NoMitigation;None;anonymous;Sample;7743;0.0000;-0.1103;-0.0272;0.1027;47.7774;41.4469;62.0433;-0.1103;-0.0272;0.1027;0.8067;0.4913;0.0821;0.3179;0;;;;;;;;;;;;;0;;;;;;;;0.2449;-0.5504;0.7982;-0.4951;-0.4590;0.3028;0.9472;0.2841;0.1420;-0.0426;;;;;;;;;;;;;0;;;;;;;;b974454d-ae33-4d16-9737-e66469f616ef;;OpenLoop;2026-05-18 09:46:34.6111;Hands;2;OpenXR
Right;;Baseline;0;NoMitigation;None;anonymous;Sample;7745;0.0000;-0.1103;-0.0272;0.1027;47.7774;41.4469;62.0433;-0.1103;-0.0272;0.1027;0.8067;0.4913;0.0821;0.3179;0;;;;;;;;;;;;;0;;;;;;;;0.2449;-0.5504;0.7982;-0.4951;-0.4590;0.3028;0.9472;0.2841;0.1420;-0.0426;;;;;;;;;;;;;0;;;;;;;;b974454d-ae33-4d16-9737-e66469f616ef;;OpenLoop;2026-05-18 09:46:34.6315;Hands;2;OpenXR
Right;;Baseline;0;NoMitigation;None;anonymous;Sample;7747;0.0000;-0.1103;-0.0272;0.1027;47.7774;41.4469;62.0433;-0.1103;-0.0272;0.1027;0.8067;0.4913;0.0821;0.3179;0;;;;;;;;;;;;;0;;;;;;;;0.2449;-0.5504;0.7982;-0.4951;-0.4590;0.3028;0.9472;0.2841;0.1420;-0.0426;;;;;;;;;;;;;0;;;;;;;;b974454d-ae33-4d16-9737-e66469f616ef;;OpenLoop;2026-05-18 09:46:34.6535;Hands;2;OpenXR
Right;;Baseline;0;NoMitigation;None;anonymous;Sample;7749;0.0000;-0.1103;-0.0272;0.1027;47.7774;41.4469;62.0433;-0.1103;-0.0272;0.1027;0.8067;0.4913;0.0821;0.3179;0;;;;;;;;;;;;;0;;;;;;;;0.2449;-0.5504;0.7982;-0.4951;-0.4590;0.3028;0.9472;0.2841;0.1420;-0.0426;;;;;;;;;;;;;0;;;;;;;;b974454d-ae33-4d16-9737-e66469f616ef;;OpenLoop;2026-05-18 09:46:34.6747;Hands;2;OpenXR
Right;;Baseline;0;NoMitigation;None;anonymous;Sample;7751;0.0000;-0.1103;-0.0272;0.1027;47.7774;41.4469;62.0433;-0.1103;-0.0272;0.1027;0.8067;0.4913;0.0821;0.3179;0;;;;;;;;;;;;;0;;;;;;;;0.2449;-0.5504;0.7982;-0.4951;-0.4590;0.3028;0.9472;0.2841;0.1420;-0.0426;;;;;;;;;;;;;0;;;;;;;;b974454d-ae33-4d16-9737-e66469f616ef;;OpenLoop;2026-05-18 09:46:34.6962;Hands;2;OpenXR
Right;;Baseline;0;NoMitigation;None;anonymous;Sample;7753;0.0000;-0.1103;-0.0272;0.1027;47.7774;41.4469;62.0433;-0.1103;-0.0272;0.1027;0.8067;0.4913;0.0821;0.3179;0;;;;;;;;;;;;;0;;;;;;;;0.2449;-0.5504;0.7982;-0.4951;-0.4590;0.3028;0.9472;0.2841;0.1420;-0.0426;;;;;;;;;;;;;0;;;;;;;;b974454d-ae33-4d16-9737-e66469f616ef;;OpenLoop;2026-05-18 09:46:34.7170;Hands;2;OpenXR
Right;;Baseline;0;NoMitigation;None;anonymous;Sample;7755;0.0000;-0.1103;-0.0272;0.1027;47.7774;41.4469;62.0433;-0.1103;-0.0272;0.1027;0.8067;0.4913;0.0821;0.3179;0;;;;;;;;;;;;;0;;;;;;;;0.2449;-0.5504;0.7982;-0.4951;-0.4590;0.3028;0.9472;0.2841;0.1420;-0.0426;;;;;;;;;;;;;0;;;;;;;;b974454d-ae33-4d16-9737-e66469f616ef;;OpenLoop;2026-05-18 09:46:34.7389;Hands;2;OpenXR
Right;;Baseline;0;NoMitigation;None;anonymous;Sample;7757;0.0000;-0.1103;-0.0272;0.1027;47.7774;41.4469;62.0433;-0.1103;-0.0272;0.1027;0.8067;0.4913;0.0821;0.3179;0;;;;;;;;;;;;;0;;;;;;;;0.2449;-0.5504;0.7982;-0.4951;-0.4590;0.3028;0.9472;0.2841;0.1420;-0.0426;;;;;;;;;;;;;0;;;;;;;;b974454d-ae33-4d16-9737-e66469f616ef;;OpenLoop;2026-05-18 09:46:34.7599;Hands;2;OpenXR
Right;;Baseline;0;NoMitigation;None;anonymous;Sample;7759;0.0000;-0.1103;-0.0272;0.1027;47.7774;41.4469;62.0433;-0.1103;-0.0272;0.1027;0.8067;0.4913;0.0821;0.3179;0;;;;;;;;;;;;;0;;;;;;;;0.2449;-0.5504;0.7982;-0.4951;-0.4590;0.3028;0.9472;0.2841;0.1420;-0.0426;;;;;;;;;;;;;0;;;;;;;;b974454d-ae33-4d16-9737-e66469f616ef;;OpenLoop;2026-05-18 09:46:34.7818;Hands;2;OpenXR
Right;;Baseline;0;NoMitigation;None;anonymous;Sample;7761;0.0000;-0.1103;-0.0272;0.1027;47.7774;41.4469;62.0433;-0.1103;-0.0272;0.1027;0.8067;0.4913;0.0821;0.3179;0;;;;;;;;;;;;;0;;;;;;;;0.2449;-0.5504;0.7982;-0.4951;-0.4590;0.3028;0.9472;0.2841;0.1420;-0.0426;;;;;;;;;;;;;0;;;;;;;;b974454d-ae33-4d16-9737-e66469f616ef;;OpenLoop;2026-05-18 09:46:34.8019;Hands;2;OpenXR
Right;;Baseline;0;NoMitigation;None;anonymous;Sample;7763;0.0000;-0.1103;-0.0272;0.1027;47.7774;41.4469;62.0433;-0.1103;-0.0272;0.1027;0.8067;0.4913;0.0821;0.3179;0;;;;;;;;;;;;;0;;;;;;;;0.2449;-0.5504;0.7982;-0.4951;-0.4590;0.3028;0.9472;0.2841;0.1420;-0.0426;;;;;;;;;;;;;0;;;;;;;;b974454d-ae33-4d16-9737-e66469f616ef;;OpenLoop;2026-05-18 09:46:34.8237;Hands;2;OpenXR
Right;;Baseline;0;NoMitigation;None;anonymous;Sample;7765;0.0000;-0.1103;-0.0272;0.1027;47.7774;41.4469;62.0433;-0.1103;-0.0272;0.1027;0.8067;0.4913;0.0821;0.3179;0;;;;;;;;;;;;;0;;;;;;;;0.2449;-0.5504;0.7982;-0.4951;-0.4590;0.3028;0.9472;0.2841;0.1420;-0.0426;;;;;;;;;;;;;0;;;;;;;;b974454d-ae33-4d16-9737-e66469f616ef;;OpenLoop;2026-05-18 09:46:34.8454;Hands;2;OpenXR
Right;;Baseline;0;NoMitigation;None;anonymous;Sample;7767;0.0000;-0.1103;-0.0272;0.1027;47.7774;41.4469;62.0433;-0.1103;-0.0272;0.1027;0.8067;0.4913;0.0821;0.3179;0;;;;;;;;;;;;;0;;;;;;;;0.2449;-0.5504;0.7982;-0.4951;-0.4590;0.3028;0.9472;0.2841;0.1420;-0.0426;;;;;;;;;;;;;0;;;;;;;;b974454d-ae33-4d16-9737-e66469f616ef;;OpenLoop;2026-05-18 09:46:34.8674;Hands;2;OpenXR
Right;;Baseline;0;NoMitigation;None;anonymous;Sample;7769;0.0000;-0.1103;-0.0272;0.1027;47.7774;41.4469;62.0433;-0.1103;-0.0272;0.1027;0.8067;0.4913;0.0821;0.3179;0;;;;;;;;;;;;;0;;;;;;;;0.2449;-0.5504;0.7982;-0.4951;-0.4590;0.3028;0.9472;0.2841;0.1420;-0.0426;;;;;;;;;;;;;0;;;;;;;;b974454d-ae33-4d16-9737-e66469f616ef;;OpenLoop;2026-05-18 09:46:34.8895;Hands;2;OpenXR
Right;;Baseline;0;NoMitigation;None;anonymous;Sample;7771;0.0000;-0.1103;-0.0272;0.1027;47.7774;41.4469;62.0433;-0.1103;-0.0272;0.1027;0.8067;0.4913;0.0821;0.3179;0;;;;;;;;;;;;;0;;;;;;;;0.2449;-0.5504;0.7982;-0.4951;-0.4590;0.3028;0.9472;0.2841;0.1420;-0.0426;;;;;;;;;;;;;0;;;;;;;;b974454d-ae33-4d16-9737-e66469f616ef;;OpenLoop;2026-05-18 09:46:34.9100;Hands;2;OpenXR
Right;;Baseline;0;NoMitigation;None;anonymous;Sample;7773;0.0000;-0.1103;-0.0272;0.1027;47.7774;41.4469;62.0433;-0.1103;-0.0272;0.1027;0.8067;0.4913;0.0821;0.3179;0;;;;;;;;;;;;;0;;;;;;;;0.2449;-0.5504;0.7982;-0.4951;-0.4590;0.3028;0.9472;0.2841;0.1420;-0.0426;;;;;;;;;;;;;0;;;;;;;;b974454d-ae33-4d16-9737-e66469f616ef;;OpenLoop;2026-05-18 09:46:34.9315;Hands;2;OpenXR
Right;;Baseline;0;NoMitigation;None;anonymous;Sample;7775;0.0000;-0.1103;-0.0272;0.1027;47.7774;41.4469;62.0433;-0.1103;-0.0272;0.1027;0.8067;0.4913;0.0821;0.3179;0;;;;;;;;;;;;;0;;;;;;;;0.2449;-0.5504;0.7982;-0.4951;-0.4590;0.3028;0.9472;0.2841;0.1420;-0.0426;;;;;;;;;;;;;0;;;;;;;;b974454d-ae33-4d16-9737-e66469f616ef;;OpenLoop;2026-05-18 09:46:34.9536;Hands;2;OpenXR
Right;;Baseline;0;NoMitigation;None;anonymous;Sample;7777;0.0000;-0.1103;-0.0272;0.1027;47.7774;41.4469;62.0433;-0.1103;-0.0272;0.1027;0.8067;0.4913;0.0821;0.3179;0;;;;;;;;;;;;;0;;;;;;;;0.2449;-0.5504;0.7982;-0.4951;-0.4590;0.3028;0.9472;0.2841;0.1420;-0.0426;;;;;;;;;;;;;0;;;;;;;;b974454d-ae33-4d16-9737-e66469f616ef;;OpenLoop;2026-05-18 09:46:34.9748;Hands;2;OpenXR
Right;;Baseline;0;NoMitigation;None;anonymous;Sample;7779;0.0000;-0.1103;-0.0272;0.1027;47.7774;41.4469;62.0433;-0.1103;-0.0272;0.1027;0.8067;0.4913;0.0821;0.3179;0;;;;;;;;;;;;;0;;;;;;;;0.2449;-0.5504;0.7982;-0.4951;-0.4590;0.3028;0.9472;0.2841;0.1420;-0.0426;;;;;;;;;;;;;0;;;;;;;;b974454d-ae33-4d16-9737-e66469f616ef;;OpenLoop;2026-05-18 09:46:34.9969;Hands;2;OpenXR
Right;;Baseline;0;NoMitigation;None;anonymous;Sample;7781;0.0000;-0.1103;-0.0272;0.1027;47.7774;41.4469;62.0433;-0.1103;-0.0272;0.1027;0.8067;0.4913;0.0821;0.3179;0;;;;;;;;;;;;;0;;;;;;;;0.2449;-0.5504;0.7982;-0.4951;-0.4590;0.3028;0.9472;0.2841;0.1420;-0.0426;;;;;;;;;;;;;0;;;;;;;;b974454d-ae33-4d16-9737-e66469f616ef;;OpenLoop;2026-05-18 09:46:35.0184;Hands;2;OpenXR
Right;;Baseline;0;NoMitigation;None;anonymous;Sample;7783;0.0000;-0.1103;-0.0272;0.1027;47.7774;41.4469;62.0433;-0.1103;-0.0272;0.1027;0.8067;0.4913;0.0821;0.3179;0;;;;;;;;;;;;;0;;;;;;;;0.2449;-0.5504;0.7982;-0.4951;-0.4590;0.3028;0.9472;0.2841;0.1420;-0.0426;;;;;;;;;;;;;0;;;;;;;;b974454d-ae33-4d16-9737-e66469f616ef;;OpenLoop;2026-05-18 09:46:35.0392;Hands;2;OpenXR
Right;;Baseline;0;NoMitigation;None;anonymous;Sample;7785;0.0000;-0.1103;-0.0272;0.1027;47.7774;41.4469;62.0433;-0.1103;-0.0272;0.1027;0.8067;0.4913;0.0821;0.3179;0;;;;;;;;;;;;;0;;;;;;;;0.2449;-0.5504;0.7982;-0.4951;-0.4590;0.3028;0.9472;0.2841;0.1420;-0.0426;;;;;;;;;;;;;0;;;;;;;;b974454d-ae33-4d16-9737-e66469f616ef;;OpenLoop;2026-05-18 09:46:35.0615;Hands;2;OpenXR
Right;;Baseline;0;NoMitigation;None;anonymous;Sample;7787;0.0000;-0.1103;-0.0272;0.1027;47.7774;41.4469;62.0433;-0.1103;-0.0272;0.1027;0.8067;0.4913;0.0821;0.3179;0;;;;;;;;;;;;;0;;;;;;;;0.2449;-0.5504;0.7982;-0.4951;-0.4590;0.3028;0.9472;0.2841;0.1420;-0.0426;;;;;;;;;;;;;0;;;;;;;;b974454d-ae33-4d16-9737-e66469f616ef;;OpenLoop;2026-05-18 09:46:35.0823;Hands;2;OpenXR
Right;;Baseline;0;NoMitigation;None;anonymous;Sample;7789;0.0000;-0.1103;-0.0272;0.1027;47.7774;41.4469;62.0433;-0.1103;-0.0272;0.1027;0.8067;0.4913;0.0821;0.3179;0;;;;;;;;;;;;;0;;;;;;;;0.2449;-0.5504;0.7982;-0.4951;-0.4590;0.3028;0.9472;0.2841;0.1420;-0.0426;;;;;;;;;;;;;0;;;;;;;;b974454d-ae33-4d16-9737-e66469f616ef;;OpenLoop;2026-05-18 09:46:35.1054;Hands;2;OpenXR
Right;;Baseline;0;NoMitigation;None;anonymous;Sample;7791;0.0000;-0.1103;-0.0272;0.1027;47.7774;41.4469;62.0433;-0.1103;-0.0272;0.1027;0.8067;0.4913;0.0821;0.3179;0;;;;;;;;;;;;;0;;;;;;;;0.2449;-0.5504;0.7982;-0.4951;-0.4590;0.3028;0.9472;0.2841;0.1420;-0.0426;;;;;;;;;;;;;0;;;;;;;;b974454d-ae33-4d16-9737-e66469f616ef;;OpenLoop;2026-05-18 09:46:35.1259;Hands;2;OpenXR
Right;;Baseline;0;NoMitigation;None;anonymous;Sample;7793;0.0000;-0.1103;-0.0272;0.1027;47.7774;41.4469;62.0433;-0.1103;-0.0272;0.1027;0.8067;0.4913;0.0821;0.3179;0;;;;;;;;;;;;;0;;;;;;;;0.2449;-0.5504;0.7982;-0.4951;-0.4590;0.3028;0.9472;0.2841;0.1420;-0.0426;;;;;;;;;;;;;0;;;;;;;;b974454d-ae33-4d16-9737-e66469f616ef;;OpenLoop;2026-05-18 09:46:35.1483;Hands;2;OpenXR
Right;;Baseline;0;NoMitigation;None;anonymous;Sample;7795;0.0000;-0.1103;-0.0272;0.1027;47.7774;41.4469;62.0433;-0.1103;-0.0272;0.1027;0.8067;0.4913;0.0821;0.3179;0;;;;;;;;;;;;;0;;;;;;;;0.2449;-0.5504;0.7982;-0.4951;-0.4590;0.3028;0.9472;0.2841;0.1420;-0.0426;;;;;;;;;;;;;0;;;;;;;;b974454d-ae33-4d16-9737-e66469f616ef;;OpenLoop;2026-05-18 09:46:35.1698;Hands;2;OpenXR
Right;;Baseline;0;NoMitigation;None;anonymous;Sample;7797;0.0000;-0.1103;-0.0272;0.1027;47.7774;41.4469;62.0433;-0.1103;-0.0272;0.1027;0.8067;0.4913;0.0821;0.3179;0;;;;;;;;;;;;;0;;;;;;;;0.2449;-0.5504;0.7982;-0.4951;-0.4590;0.3028;0.9472;0.2841;0.1420;-0.0426;;;;;;;;;;;;;0;;;;;;;;b974454d-ae33-4d16-9737-e66469f616ef;;OpenLoop;2026-05-18 09:46:35.1913;Hands;2;OpenXR
Right;;Baseline;0;NoMitigation;None;anonymous;Sample;7799;0.0000;-0.1103;-0.0272;0.1027;47.7774;41.4469;62.0433;-0.1103;-0.0272;0.1027;0.8067;0.4913;0.0821;0.3179;0;;;;;;;;;;;;;0;;;;;;;;0.2449;-0.5504;0.7982;-0.4951;-0.4590;0.3028;0.9472;0.2841;0.1420;-0.0426;;;;;;;;;;;;;0;;;;;;;;b974454d-ae33-4d16-9737-e66469f616ef;;OpenLoop;2026-05-18 09:46:35.2138;Hands;2;OpenXR
Right;;Baseline;0;NoMitigation;None;anonymous;Sample;7801;0.0000;-0.1103;-0.0272;0.1027;47.7774;41.4469;62.0433;-0.1103;-0.0272;0.1027;0.8067;0.4913;0.0821;0.3179;0;;;;;;;;;;;;;0;;;;;;;;0.2449;-0.5504;0.7982;-0.4951;-0.4590;0.3028;0.9472;0.2841;0.1420;-0.0426;;;;;;;;;;;;;0;;;;;;;;b974454d-ae33-4d16-9737-e66469f616ef;;OpenLoop;2026-05-18 09:46:35.2358;Hands;2;OpenXR
Right;;Baseline;0;NoMitigation;None;anonymous;Sample;7803;0.0000;-0.1103;-0.0272;0.1027;47.7774;41.4469;62.0433;-0.1103;-0.0272;0.1027;0.8067;0.4913;0.0821;0.3179;0;;;;;;;;;;;;;0;;;;;;;;0.2449;-0.5504;0.7982;-0.4951;-0.4590;0.3028;0.9472;0.2841;0.1420;-0.0426;;;;;;;;;;;;;0;;;;;;;;b974454d-ae33-4d16-9737-e66469f616ef;;OpenLoop;2026-05-18 09:46:35.2572;Hands;2;OpenXR
Right;;Baseline;0;NoMitigation;None;anonymous;Sample;7805;0.0000;-0.1103;-0.0272;0.1027;47.7774;41.4469;62.0433;-0.1103;-0.0272;0.1027;0.8067;0.4913;0.0821;0.3179;0;;;;;;;;;;;;;0;;;;;;;;0.2449;-0.5504;0.7982;-0.4951;-0.4590;0.3028;0.9472;0.2841;0.1420;-0.0426;;;;;;;;;;;;;0;;;;;;;;b974454d-ae33-4d16-9737-e66469f616ef;;OpenLoop;2026-05-18 09:46:35.2805;Hands;2;OpenXR
Right;;Baseline;0;NoMitigation;None;anonymous;Sample;7807;0.0000;-0.1103;-0.0272;0.1027;47.7774;41.4469;62.0433;-0.1103;-0.0272;0.1027;0.8067;0.4913;0.0821;0.3179;0;;;;;;;;;;;;;0;;;;;;;;0.2449;-0.5504;0.7982;-0.4951;-0.4590;0.3028;0.9472;0.2841;0.1420;-0.0426;;;;;;;;;;;;;0;;;;;;;;b974454d-ae33-4d16-9737-e66469f616ef;;OpenLoop;2026-05-18 09:46:35.3029;Hands;2;OpenXR
Right;;Baseline;0;NoMitigation;None;anonymous;Sample;7809;0.0000;-0.1103;-0.0272;0.1027;47.7774;41.4469;62.0433;-0.1103;-0.0272;0.1027;0.8067;0.4913;0.0821;0.3179;0;;;;;;;;;;;;;0;;;;;;;;0.2449;-0.5504;0.7982;-0.4951;-0.4590;0.3028;0.9472;0.2841;0.1420;-0.0426;;;;;;;;;;;;;0;;;;;;;;b974454d-ae33-4d16-9737-e66469f616ef;;OpenLoop;2026-05-18 09:46:35.3244;Hands;2;OpenXR
Right;;Baseline;0;NoMitigation;None;anonymous;Sample;7811;0.0000;-0.1103;-0.0272;0.1027;47.7774;41.4469;62.0433;-0.1103;-0.0272;0.1027;0.8067;0.4913;0.0821;0.3179;0;;;;;;;;;;;;;0;;;;;;;;0.2449;-0.5504;0.7982;-0.4951;-0.4590;0.3028;0.9472;0.2841;0.1420;-0.0426;;;;;;;;;;;;;0;;;;;;;;b974454d-ae33-4d16-9737-e66469f616ef;;OpenLoop;2026-05-18 09:46:35.3474;Hands;2;OpenXR
Right;;Baseline;0;NoMitigation;None;anonymous;Sample;7813;0.0000;-0.1103;-0.0272;0.1027;47.7774;41.4469;62.0433;-0.1103;-0.0272;0.1027;0.8067;0.4913;0.0821;0.3179;0;;;;;;;;;;;;;0;;;;;;;;0.2449;-0.5504;0.7982;-0.4951;-0.4590;0.3028;0.9472;0.2841;0.1420;-0.0426;;;;;;;;;;;;;0;;;;;;;;b974454d-ae33-4d16-9737-e66469f616ef;;OpenLoop;2026-05-18 09:46:35.3689;Hands;2;OpenXR
Right;;Baseline;0;NoMitigation;None;anonymous;Sample;7815;0.0000;-0.1103;-0.0272;0.1027;47.7774;41.4469;62.0433;-0.1103;-0.0272;0.1027;0.8067;0.4913;0.0821;0.3179;0;;;;;;;;;;;;;0;;;;;;;;0.2449;-0.5504;0.7982;-0.4951;-0.4590;0.3028;0.9472;0.2841;0.1420;-0.0426;;;;;;;;;;;;;0;;;;;;;;b974454d-ae33-4d16-9737-e66469f616ef;;OpenLoop;2026-05-18 09:46:35.3906;Hands;2;OpenXR
Right;;Baseline;0;NoMitigation;None;anonymous;Sample;7817;0.0000;-0.1103;-0.0272;0.1027;47.7774;41.4469;62.0433;-0.1103;-0.0272;0.1027;0.8067;0.4913;0.0821;0.3179;0;;;;;;;;;;;;;0;;;;;;;;0.2449;-0.5504;0.7982;-0.4951;-0.4590;0.3028;0.9472;0.2841;0.1420;-0.0426;;;;;;;;;;;;;0;;;;;;;;b974454d-ae33-4d16-9737-e66469f616ef;;OpenLoop;2026-05-18 09:46:35.4136;Hands;2;OpenXR
Right;;Baseline;0;NoMitigation;None;anonymous;Sample;7819;0.0000;-0.1103;-0.0272;0.1027;47.7774;41.4469;62.0433;-0.1103;-0.0272;0.1027;0.8067;0.4913;0.0821;0.3179;0;;;;;;;;;;;;;0;;;;;;;;0.2449;-0.5504;0.7982;-0.4951;-0.4590;0.3028;0.9472;0.2841;0.1420;-0.0426;;;;;;;;;;;;;0;;;;;;;;b974454d-ae33-4d16-9737-e66469f616ef;;OpenLoop;2026-05-18 09:46:35.4355;Hands;2;OpenXR
Right;;Baseline;0;NoMitigation;None;anonymous;Sample;7821;0.0000;-0.1103;-0.0272;0.1027;47.7774;41.4469;62.0433;-0.1103;-0.0272;0.1027;0.8067;0.4913;0.0821;0.3179;0;;;;;;;;;;;;;0;;;;;;;;0.2449;-0.5504;0.7982;-0.4951;-0.4590;0.3028;0.9472;0.2841;0.1420;-0.0426;;;;;;;;;;;;;0;;;;;;;;b974454d-ae33-4d16-9737-e66469f616ef;;OpenLoop;2026-05-18 09:46:35.4581;Hands;2;OpenXR
Right;;Baseline;0;NoMitigation;None;anonymous;Sample;7823;0.0000;-0.1103;-0.0272;0.1027;47.7774;41.4469;62.0433;-0.1103;-0.0272;0.1027;0.8067;0.4913;0.0821;0.3179;0;;;;;;;;;;;;;0;;;;;;;;0.2449;-0.5504;0.7982;-0.4951;-0.4590;0.3028;0.9472;0.2841;0.1420;-0.0426;;;;;;;;;;;;;0;;;;;;;;b974454d-ae33-4d16-9737-e66469f616ef;;OpenLoop;2026-05-18 09:46:35.4801;Hands;2;OpenXR
Right;;Baseline;0;NoMitigation;None;anonymous;Sample;7825;0.0000;-0.1103;-0.0272;0.1027;47.7774;41.4469;62.0433;-0.1103;-0.0272;0.1027;0.8067;0.4913;0.0821;0.3179;0;;;;;;;;;;;;;0;;;;;;;;0.2449;-0.5504;0.7982;-0.4951;-0.4590;0.3028;0.9472;0.2841;0.1420;-0.0426;;;;;;;;;;;;;0;;;;;;;;b974454d-ae33-4d16-9737-e66469f616ef;;OpenLoop;2026-05-18 09:46:35.5025;Hands;2;OpenXR
Right;;Baseline;0;NoMitigation;None;anonymous;Sample;7827;0.0000;-0.1103;-0.0272;0.1027;47.7774;41.4469;62.0433;-0.1103;-0.0272;0.1027;0.8067;0.4913;0.0821;0.3179;0;;;;;;;;;;;;;0;;;;;;;;0.2449;-0.5504;0.7982;-0.4951;-0.4590;0.3028;0.9472;0.2841;0.1420;-0.0426;;;;;;;;;;;;;0;;;;;;;;b974454d-ae33-4d16-9737-e66469f616ef;;OpenLoop;2026-05-18 09:46:35.5257;Hands;2;OpenXR
Right;;Baseline;0;NoMitigation;None;anonymous;Sample;7829;0.0000;-0.1103;-0.0272;0.1027;47.7774;41.4469;62.0433;-0.1103;-0.0272;0.1027;0.8067;0.4913;0.0821;0.3179;0;;;;;;;;;;;;;0;;;;;;;;0.2449;-0.5504;0.7982;-0.4951;-0.4590;0.3028;0.9472;0.2841;0.1420;-0.0426;;;;;;;;;;;;;0;;;;;;;;b974454d-ae33-4d16-9737-e66469f616ef;;OpenLoop;2026-05-18 09:46:35.5483;Hands;2;OpenXR
Right;;Baseline;0;NoMitigation;None;anonymous;Sample;7831;0.0000;-0.1103;-0.0272;0.1027;47.7774;41.4469;62.0433;-0.1103;-0.0272;0.1027;0.8067;0.4913;0.0821;0.3179;0;;;;;;;;;;;;;0;;;;;;;;0.2449;-0.5504;0.7982;-0.4951;-0.4590;0.3028;0.9472;0.2841;0.1420;-0.0426;;;;;;;;;;;;;0;;;;;;;;b974454d-ae33-4d16-9737-e66469f616ef;;OpenLoop;2026-05-18 09:46:35.5709;Hands;2;OpenXR
Right;;Baseline;0;NoMitigation;None;anonymous;Sample;7833;0.0000;-0.1103;-0.0272;0.1027;47.7774;41.4469;62.0433;-0.1103;-0.0272;0.1027;0.8067;0.4913;0.0821;0.3179;0;;;;;;;;;;;;;0;;;;;;;;0.2449;-0.5504;0.7982;-0.4951;-0.4590;0.3028;0.9472;0.2841;0.1420;-0.0426;;;;;;;;;;;;;0;;;;;;;;b974454d-ae33-4d16-9737-e66469f616ef;;OpenLoop;2026-05-18 09:46:35.5926;Hands;2;OpenXR
Right;;Baseline;0;NoMitigation;None;anonymous;Sample;7835;0.0000;-0.1103;-0.0272;0.1027;47.7774;41.4469;62.0433;-0.1103;-0.0272;0.1027;0.8067;0.4913;0.0821;0.3179;0;;;;;;;;;;;;;0;;;;;;;;0.2449;-0.5504;0.7982;-0.4951;-0.4590;0.3028;0.9472;0.2841;0.1420;-0.0426;;;;;;;;;;;;;0;;;;;;;;b974454d-ae33-4d16-9737-e66469f616ef;;OpenLoop;2026-05-18 09:46:35.6155;Hands;2;OpenXR
Right;;Baseline;0;NoMitigation;None;anonymous;Sample;7837;0.0000;-0.1103;-0.0272;0.1027;47.7774;41.4469;62.0433;-0.1103;-0.0272;0.1027;0.8067;0.4913;0.0821;0.3179;0;;;;;;;;;;;;;0;;;;;;;;0.2449;-0.5504;0.7982;-0.4951;-0.4590;0.3028;0.9472;0.2841;0.1420;-0.0426;;;;;;;;;;;;;0;;;;;;;;b974454d-ae33-4d16-9737-e66469f616ef;;OpenLoop;2026-05-18 09:46:35.6383;Hands;2;OpenXR
Right;;Baseline;0;NoMitigation;None;anonymous;Sample;7839;0.0000;-0.1103;-0.0272;0.1027;47.7774;41.4469;62.0433;-0.1103;-0.0272;0.1027;0.8067;0.4913;0.0821;0.3179;0;;;;;;;;;;;;;0;;;;;;;;0.2449;-0.5504;0.7982;-0.4951;-0.4590;0.3028;0.9472;0.2841;0.1420;-0.0426;;;;;;;;;;;;;0;;;;;;;;b974454d-ae33-4d16-9737-e66469f616ef;;OpenLoop;2026-05-18 09:46:35.6602;Hands;2;OpenXR
Right;;Baseline;0;NoMitigation;None;anonymous;Sample;7841;0.0000;-0.1103;-0.0272;0.1027;47.7774;41.4469;62.0433;-0.1103;-0.0272;0.1027;0.8067;0.4913;0.0821;0.3179;0;;;;;;;;;;;;;0;;;;;;;;0.2449;-0.5504;0.7982;-0.4951;-0.4590;0.3028;0.9472;0.2841;0.1420;-0.0426;;;;;;;;;;;;;0;;;;;;;;b974454d-ae33-4d16-9737-e66469f616ef;;OpenLoop;2026-05-18 09:46:35.6839;Hands;2;OpenXR
Right;;Baseline;0;NoMitigation;None;anonymous;Sample;7843;0.0000;-0.1103;-0.0272;0.1027;47.7774;41.4469;62.0433;-0.1103;-0.0272;0.1027;0.8067;0.4913;0.0821;0.3179;0;;;;;;;;;;;;;0;;;;;;;;0.2449;-0.5504;0.7982;-0.4951;-0.4590;0.3028;0.9472;0.2841;0.1420;-0.0426;;;;;;;;;;;;;0;;;;;;;;b974454d-ae33-4d16-9737-e66469f616ef;;OpenLoop;2026-05-18 09:46:35.7061;Hands;2;OpenXR
Right;;Baseline;0;NoMitigation;None;anonymous;Sample;7845;0.0000;-0.1103;-0.0272;0.1027;47.7774;41.4469;62.0433;-0.1103;-0.0272;0.1027;0.8067;0.4913;0.0821;0.3179;0;;;;;;;;;;;;;0;;;;;;;;0.2449;-0.5504;0.7982;-0.4951;-0.4590;0.3028;0.9472;0.2841;0.1420;-0.0426;;;;;;;;;;;;;0;;;;;;;;b974454d-ae33-4d16-9737-e66469f616ef;;OpenLoop;2026-05-18 09:46:35.7287;Hands;2;OpenXR
Right;;Baseline;0;NoMitigation;None;anonymous;Sample;7847;0.0000;-0.1103;-0.0272;0.1027;47.7774;41.4469;62.0433;-0.1103;-0.0272;0.1027;0.8067;0.4913;0.0821;0.3179;0;;;;;;;;;;;;;0;;;;;;;;0.2449;-0.5504;0.7982;-0.4951;-0.4590;0.3028;0.9472;0.2841;0.1420;-0.0426;;;;;;;;;;;;;0;;;;;;;;b974454d-ae33-4d16-9737-e66469f616ef;;OpenLoop;2026-05-18 09:46:35.7518;Hands;2;OpenXR
Right;;Baseline;0;NoMitigation;None;anonymous;Sample;7849;0.0000;-0.1103;-0.0272;0.1027;47.7774;41.4469;62.0433;-0.1103;-0.0272;0.1027;0.8067;0.4913;0.0821;0.3179;0;;;;;;;;;;;;;0;;;;;;;;0.2449;-0.5504;0.7982;-0.4951;-0.4590;0.3028;0.9472;0.2841;0.1420;-0.0426;;;;;;;;;;;;;0;;;;;;;;b974454d-ae33-4d16-9737-e66469f616ef;;OpenLoop;2026-05-18 09:46:35.7745;Hands;2;OpenXR
Right;;Baseline;0;NoMitigation;None;anonymous;Sample;7851;0.0000;-0.1103;-0.0272;0.1027;47.7774;41.4469;62.0433;-0.1103;-0.0272;0.1027;0.8067;0.4913;0.0821;0.3179;0;;;;;;;;;;;;;0;;;;;;;;0.2449;-0.5504;0.7982;-0.4951;-0.4590;0.3028;0.9472;0.2841;0.1420;-0.0426;;;;;;;;;;;;;0;;;;;;;;b974454d-ae33-4d16-9737-e66469f616ef;;OpenLoop;2026-05-18 09:46:35.7972;Hands;2;OpenXR
Right;;Baseline;0;NoMitigation;None;anonymous;Sample;7853;0.0000;-0.1103;-0.0272;0.1027;47.7774;41.4469;62.0433;-0.1103;-0.0272;0.1027;0.8067;0.4913;0.0821;0.3179;0;;;;;;;;;;;;;0;;;;;;;;0.2449;-0.5504;0.7982;-0.4951;-0.4590;0.3028;0.9472;0.2841;0.1420;-0.0426;;;;;;;;;;;;;0;;;;;;;;b974454d-ae33-4d16-9737-e66469f616ef;;OpenLoop;2026-05-18 09:46:35.8198;Hands;2;OpenXR
Right;;Baseline;0;NoMitigation;None;anonymous;Sample;7855;0.0000;-0.1103;-0.0272;0.1027;47.7774;41.4469;62.0433;-0.1103;-0.0272;0.1027;0.8067;0.4913;0.0821;0.3179;0;;;;;;;;;;;;;0;;;;;;;;0.2449;-0.5504;0.7982;-0.4951;-0.4590;0.3028;0.9472;0.2841;0.1420;-0.0426;;;;;;;;;;;;;0;;;;;;;;b974454d-ae33-4d16-9737-e66469f616ef;;OpenLoop;2026-05-18 09:46:35.8453;Hands;2;OpenXR
Right;;Baseline;0;NoMitigation;None;anonymous;Sample;7857;0.0000;-0.1103;-0.0272;0.1027;47.7774;41.4469;62.0433;-0.1103;-0.0272;0.1027;0.8067;0.4913;0.0821;0.3179;0;;;;;;;;;;;;;0;;;;;;;;0.2449;-0.5504;0.7982;-0.4951;-0.4590;0.3028;0.9472;0.2841;0.1420;-0.0426;;;;;;;;;;;;;0;;;;;;;;b974454d-ae33-4d16-9737-e66469f616ef;;OpenLoop;2026-05-18 09:46:35.8669;Hands;2;OpenXR
Right;;Baseline;0;NoMitigation;None;anonymous;Sample;7859;0.0000;-0.1103;-0.0272;0.1027;47.7774;41.4469;62.0433;-0.1103;-0.0272;0.1027;0.8067;0.4913;0.0821;0.3179;0;;;;;;;;;;;;;0;;;;;;;;0.2449;-0.5504;0.7982;-0.4951;-0.4590;0.3028;0.9472;0.2841;0.1420;-0.0426;;;;;;;;;;;;;0;;;;;;;;b974454d-ae33-4d16-9737-e66469f616ef;;OpenLoop;2026-05-18 09:46:35.8900;Hands;2;OpenXR
Right;;Baseline;0;NoMitigation;None;anonymous;Sample;7861;0.0000;-0.1103;-0.0272;0.1027;47.7774;41.4469;62.0433;-0.1103;-0.0272;0.1027;0.8067;0.4913;0.0821;0.3179;0;;;;;;;;;;;;;0;;;;;;;;0.2449;-0.5504;0.7982;-0.4951;-0.4590;0.3028;0.9472;0.2841;0.1420;-0.0426;;;;;;;;;;;;;0;;;;;;;;b974454d-ae33-4d16-9737-e66469f616ef;;OpenLoop;2026-05-18 09:46:35.9116;Hands;2;OpenXR
Right;;Baseline;0;NoMitigation;None;anonymous;Sample;7863;0.0000;-0.1103;-0.0272;0.1027;47.7774;41.4469;62.0433;-0.1103;-0.0272;0.1027;0.8067;0.4913;0.0821;0.3179;0;;;;;;;;;;;;;0;;;;;;;;0.2449;-0.5504;0.7982;-0.4951;-0.4590;0.3028;0.9472;0.2841;0.1420;-0.0426;;;;;;;;;;;;;0;;;;;;;;b974454d-ae33-4d16-9737-e66469f616ef;;OpenLoop;2026-05-18 09:46:35.9346;Hands;2;OpenXR
Right;;Baseline;0;NoMitigation;None;anonymous;Sample;7865;0.0000;-0.1103;-0.0272;0.1027;47.7774;41.4469;62.0433;-0.1103;-0.0272;0.1027;0.8067;0.4913;0.0821;0.3179;0;;;;;;;;;;;;;0;;;;;;;;0.2449;-0.5504;0.7982;-0.4951;-0.4590;0.3028;0.9472;0.2841;0.1420;-0.0426;;;;;;;;;;;;;0;;;;;;;;b974454d-ae33-4d16-9737-e66469f616ef;;OpenLoop;2026-05-18 09:46:35.9582;Hands;2;OpenXR
Right;;Baseline;0;NoMitigation;None;anonymous;Sample;7867;0.0000;-0.1103;-0.0272;0.1027;47.7774;41.4469;62.0433;-0.1103;-0.0272;0.1027;0.8067;0.4913;0.0821;0.3179;0;;;;;;;;;;;;;0;;;;;;;;0.2449;-0.5504;0.7982;-0.4951;-0.4590;0.3028;0.9472;0.2841;0.1420;-0.0426;;;;;;;;;;;;;0;;;;;;;;b974454d-ae33-4d16-9737-e66469f616ef;;OpenLoop;2026-05-18 09:46:35.9828;Hands;2;OpenXR
Right;;Baseline;0;NoMitigation;None;anonymous;Sample;7869;0.0000;-0.1103;-0.0272;0.1027;47.7774;41.4469;62.0433;-0.1103;-0.0272;0.1027;0.8067;0.4913;0.0821;0.3179;0;;;;;;;;;;;;;0;;;;;;;;0.2449;-0.5504;0.7982;-0.4951;-0.4590;0.3028;0.9472;0.2841;0.1420;-0.0426;;;;;;;;;;;;;0;;;;;;;;b974454d-ae33-4d16-9737-e66469f616ef;;OpenLoop;2026-05-18 09:46:36.0043;Hands;2;OpenXR
Right;;Baseline;0;NoMitigation;None;anonymous;Sample;7871;0.0000;-0.1103;-0.0272;0.1027;47.7774;41.4469;62.0433;-0.1103;-0.0272;0.1027;0.8067;0.4913;0.0821;0.3179;0;;;;;;;;;;;;;0;;;;;;;;0.2449;-0.5504;0.7982;-0.4951;-0.4590;0.3028;0.9472;0.2841;0.1420;-0.0426;;;;;;;;;;;;;0;;;;;;;;b974454d-ae33-4d16-9737-e66469f616ef;;OpenLoop;2026-05-18 09:46:36.0285;Hands;2;OpenXR
Right;;Baseline;0;NoMitigation;None;anonymous;Sample;7873;0.0000;-0.1103;-0.0272;0.1027;47.7774;41.4469;62.0433;-0.1103;-0.0272;0.1027;0.8067;0.4913;0.0821;0.3179;0;;;;;;;;;;;;;0;;;;;;;;0.2449;-0.5504;0.7982;-0.4951;-0.4590;0.3028;0.9472;0.2841;0.1420;-0.0426;;;;;;;;;;;;;0;;;;;;;;b974454d-ae33-4d16-9737-e66469f616ef;;OpenLoop;2026-05-18 09:46:36.0501;Hands;2;OpenXR
Right;;Baseline;0;NoMitigation;None;anonymous;Sample;7875;0.0000;-0.1103;-0.0272;0.1027;47.7774;41.4469;62.0433;-0.1103;-0.0272;0.1027;0.8067;0.4913;0.0821;0.3179;0;;;;;;;;;;;;;0;;;;;;;;0.2449;-0.5504;0.7982;-0.4951;-0.4590;0.3028;0.9472;0.2841;0.1420;-0.0426;;;;;;;;;;;;;0;;;;;;;;b974454d-ae33-4d16-9737-e66469f616ef;;OpenLoop;2026-05-18 09:46:36.0741;Hands;2;OpenXR
Right;;Baseline;0;NoMitigation;None;anonymous;Sample;7877;0.0000;-0.1103;-0.0272;0.1027;47.7774;41.4469;62.0433;-0.1103;-0.0272;0.1027;0.8067;0.4913;0.0821;0.3179;0;;;;;;;;;;;;;0;;;;;;;;0.2449;-0.5504;0.7982;-0.4951;-0.4590;0.3028;0.9472;0.2841;0.1420;-0.0426;;;;;;;;;;;;;0;;;;;;;;b974454d-ae33-4d16-9737-e66469f616ef;;OpenLoop;2026-05-18 09:46:36.0967;Hands;2;OpenXR
Right;;Baseline;0;NoMitigation;None;anonymous;Sample;7879;0.0000;-0.1103;-0.0272;0.1027;47.7774;41.4469;62.0433;-0.1103;-0.0272;0.1027;0.8067;0.4913;0.0821;0.3179;0;;;;;;;;;;;;;0;;;;;;;;0.2449;-0.5504;0.7982;-0.4951;-0.4590;0.3028;0.9472;0.2841;0.1420;-0.0426;;;;;;;;;;;;;0;;;;;;;;b974454d-ae33-4d16-9737-e66469f616ef;;OpenLoop;2026-05-18 09:46:36.1213;Hands;2;OpenXR
Right;;Baseline;0;NoMitigation;None;anonymous;Sample;7881;0.0000;-0.1103;-0.0272;0.1027;47.7774;41.4469;62.0433;-0.1103;-0.0272;0.1027;0.8067;0.4913;0.0821;0.3179;0;;;;;;;;;;;;;0;;;;;;;;0.2449;-0.5504;0.7982;-0.4951;-0.4590;0.3028;0.9472;0.2841;0.1420;-0.0426;;;;;;;;;;;;;0;;;;;;;;b974454d-ae33-4d16-9737-e66469f616ef;;OpenLoop;2026-05-18 09:46:36.1449;Hands;2;OpenXR
Right;;Baseline;0;NoMitigation;None;anonymous;Sample;7883;0.0000;-0.1103;-0.0272;0.1027;47.7774;41.4469;62.0433;-0.1103;-0.0272;0.1027;0.8067;0.4913;0.0821;0.3179;0;;;;;;;;;;;;;0;;;;;;;;0.2449;-0.5504;0.7982;-0.4951;-0.4590;0.3028;0.9472;0.2841;0.1420;-0.0426;;;;;;;;;;;;;0;;;;;;;;b974454d-ae33-4d16-9737-e66469f616ef;;OpenLoop;2026-05-18 09:46:36.1679;Hands;2;OpenXR
Right;;Baseline;0;NoMitigation;None;anonymous;Sample;7885;0.0000;-0.1103;-0.0272;0.1027;47.7774;41.4469;62.0433;-0.1103;-0.0272;0.1027;0.8067;0.4913;0.0821;0.3179;0;;;;;;;;;;;;;0;;;;;;;;0.2449;-0.5504;0.7982;-0.4951;-0.4590;0.3028;0.9472;0.2841;0.1420;-0.0426;;;;;;;;;;;;;0;;;;;;;;b974454d-ae33-4d16-9737-e66469f616ef;;OpenLoop;2026-05-18 09:46:36.1904;Hands;2;OpenXR
Right;;Baseline;0;NoMitigation;None;anonymous;Sample;7887;0.0000;-0.1103;-0.0272;0.1027;47.7774;41.4469;62.0433;-0.1103;-0.0272;0.1027;0.8067;0.4913;0.0821;0.3179;0;;;;;;;;;;;;;0;;;;;;;;0.2449;-0.5504;0.7982;-0.4951;-0.4590;0.3028;0.9472;0.2841;0.1420;-0.0426;;;;;;;;;;;;;0;;;;;;;;b974454d-ae33-4d16-9737-e66469f616ef;;OpenLoop;2026-05-18 09:46:36.2144;Hands;2;OpenXR
Right;;Baseline;0;NoMitigation;None;anonymous;Sample;7889;0.0000;-0.1103;-0.0272;0.1027;47.7774;41.4469;62.0433;-0.1103;-0.0272;0.1027;0.8067;0.4913;0.0821;0.3179;0;;;;;;;;;;;;;0;;;;;;;;0.2449;-0.5504;0.7982;-0.4951;-0.4590;0.3028;0.9472;0.2841;0.1420;-0.0426;;;;;;;;;;;;;0;;;;;;;;b974454d-ae33-4d16-9737-e66469f616ef;;OpenLoop;2026-05-18 09:46:36.2385;Hands;2;OpenXR
Right;;Baseline;0;NoMitigation;None;anonymous;Sample;7891;0.0000;-0.1103;-0.0272;0.1027;47.7774;41.4469;62.0433;-0.1103;-0.0272;0.1027;0.8067;0.4913;0.0821;0.3179;0;;;;;;;;;;;;;0;;;;;;;;0.2449;-0.5504;0.7982;-0.4951;-0.4590;0.3028;0.9472;0.2841;0.1420;-0.0426;;;;;;;;;;;;;0;;;;;;;;b974454d-ae33-4d16-9737-e66469f616ef;;OpenLoop;2026-05-18 09:46:36.2622;Hands;2;OpenXR
Right;;Baseline;0;NoMitigation;None;anonymous;Sample;7893;0.0000;-0.1103;-0.0272;0.1027;47.7774;41.4469;62.0433;-0.1103;-0.0272;0.1027;0.8067;0.4913;0.0821;0.3179;0;;;;;;;;;;;;;0;;;;;;;;0.2449;-0.5504;0.7982;-0.4951;-0.4590;0.3028;0.9472;0.2841;0.1420;-0.0426;;;;;;;;;;;;;0;;;;;;;;b974454d-ae33-4d16-9737-e66469f616ef;;OpenLoop;2026-05-18 09:46:36.2858;Hands;2;OpenXR
Right;;Baseline;0;NoMitigation;None;anonymous;Sample;7895;0.0000;-0.1103;-0.0272;0.1027;47.7774;41.4469;62.0433;-0.1103;-0.0272;0.1027;0.8067;0.4913;0.0821;0.3179;0;;;;;;;;;;;;;0;;;;;;;;0.2449;-0.5504;0.7982;-0.4951;-0.4590;0.3028;0.9472;0.2841;0.1420;-0.0426;;;;;;;;;;;;;0;;;;;;;;b974454d-ae33-4d16-9737-e66469f616ef;;OpenLoop;2026-05-18 09:46:36.3087;Hands;2;OpenXR
Right;;Baseline;0;NoMitigation;None;anonymous;Sample;7897;0.0000;-0.1103;-0.0272;0.1027;47.7774;41.4469;62.0433;-0.1103;-0.0272;0.1027;0.8067;0.4913;0.0821;0.3179;0;;;;;;;;;;;;;0;;;;;;;;0.2449;-0.5504;0.7982;-0.4951;-0.4590;0.3028;0.9472;0.2841;0.1420;-0.0426;;;;;;;;;;;;;0;;;;;;;;b974454d-ae33-4d16-9737-e66469f616ef;;OpenLoop;2026-05-18 09:46:36.3328;Hands;2;OpenXR
Right;;Baseline;0;NoMitigation;None;anonymous;Sample;7899;0.0000;-0.1103;-0.0272;0.1027;47.7774;41.4469;62.0433;-0.1103;-0.0272;0.1027;0.8067;0.4913;0.0821;0.3179;0;;;;;;;;;;;;;0;;;;;;;;0.2449;-0.5504;0.7982;-0.4951;-0.4590;0.3028;0.9472;0.2841;0.1420;-0.0426;;;;;;;;;;;;;0;;;;;;;;b974454d-ae33-4d16-9737-e66469f616ef;;OpenLoop;2026-05-18 09:46:36.3575;Hands;2;OpenXR
Right;;Baseline;0;NoMitigation;None;anonymous;Sample;7901;0.0000;-0.1103;-0.0272;0.1027;47.7774;41.4469;62.0433;-0.1103;-0.0272;0.1027;0.8067;0.4913;0.0821;0.3179;0;;;;;;;;;;;;;0;;;;;;;;0.2449;-0.5504;0.7982;-0.4951;-0.4590;0.3028;0.9472;0.2841;0.1420;-0.0426;;;;;;;;;;;;;0;;;;;;;;b974454d-ae33-4d16-9737-e66469f616ef;;OpenLoop;2026-05-18 09:46:36.3816;Hands;2;OpenXR
Right;;Baseline;0;NoMitigation;None;anonymous;Sample;7903;0.0000;-0.1103;-0.0272;0.1027;47.7774;41.4469;62.0433;-0.1103;-0.0272;0.1027;0.8067;0.4913;0.0821;0.3179;0;;;;;;;;;;;;;0;;;;;;;;0.2449;-0.5504;0.7982;-0.4951;-0.4590;0.3028;0.9472;0.2841;0.1420;-0.0426;;;;;;;;;;;;;0;;;;;;;;b974454d-ae33-4d16-9737-e66469f616ef;;OpenLoop;2026-05-18 09:46:36.4054;Hands;2;OpenXR
Right;;Baseline;0;NoMitigation;None;anonymous;Sample;7905;0.0000;-0.1103;-0.0272;0.1027;47.7774;41.4469;62.0433;-0.1103;-0.0272;0.1027;0.8067;0.4913;0.0821;0.3179;0;;;;;;;;;;;;;0;;;;;;;;0.2449;-0.5504;0.7982;-0.4951;-0.4590;0.3028;0.9472;0.2841;0.1420;-0.0426;;;;;;;;;;;;;0;;;;;;;;b974454d-ae33-4d16-9737-e66469f616ef;;OpenLoop;2026-05-18 09:46:36.4282;Hands;2;OpenXR
Right;;Baseline;0;NoMitigation;None;anonymous;Sample;7907;0.0000;-0.1103;-0.0272;0.1027;47.7774;41.4469;62.0433;-0.1103;-0.0272;0.1027;0.8067;0.4913;0.0821;0.3179;0;;;;;;;;;;;;;0;;;;;;;;0.2449;-0.5504;0.7982;-0.4951;-0.4590;0.3028;0.9472;0.2841;0.1420;-0.0426;;;;;;;;;;;;;0;;;;;;;;b974454d-ae33-4d16-9737-e66469f616ef;;OpenLoop;2026-05-18 09:46:36.4521;Hands;2;OpenXR
Right;;Baseline;0;NoMitigation;None;anonymous;Sample;7909;0.0000;-0.1103;-0.0272;0.1027;47.7774;41.4469;62.0433;-0.1103;-0.0272;0.1027;0.8067;0.4913;0.0821;0.3179;0;;;;;;;;;;;;;0;;;;;;;;0.2449;-0.5504;0.7982;-0.4951;-0.4590;0.3028;0.9472;0.2841;0.1420;-0.0426;;;;;;;;;;;;;0;;;;;;;;b974454d-ae33-4d16-9737-e66469f616ef;;OpenLoop;2026-05-18 09:46:36.4767;Hands;2;OpenXR
Right;;Baseline;0;NoMitigation;None;anonymous;Sample;7911;0.0000;-0.1103;-0.0272;0.1027;47.7774;41.4469;62.0433;-0.1103;-0.0272;0.1027;0.8067;0.4913;0.0821;0.3179;0;;;;;;;;;;;;;0;;;;;;;;0.2449;-0.5504;0.7982;-0.4951;-0.4590;0.3028;0.9472;0.2841;0.1420;-0.0426;;;;;;;;;;;;;0;;;;;;;;b974454d-ae33-4d16-9737-e66469f616ef;;OpenLoop;2026-05-18 09:46:36.5015;Hands;2;OpenXR
Right;;Baseline;0;NoMitigation;None;anonymous;Sample;7913;0.0000;-0.1103;-0.0272;0.1027;47.7774;41.4469;62.0433;-0.1103;-0.0272;0.1027;0.8067;0.4913;0.0821;0.3179;0;;;;;;;;;;;;;0;;;;;;;;0.2449;-0.5504;0.7982;-0.4951;-0.4590;0.3028;0.9472;0.2841;0.1420;-0.0426;;;;;;;;;;;;;0;;;;;;;;b974454d-ae33-4d16-9737-e66469f616ef;;OpenLoop;2026-05-18 09:46:36.5257;Hands;2;OpenXR
Right;;Baseline;0;NoMitigation;None;anonymous;Sample;7915;0.0000;-0.1103;-0.0272;0.1027;47.7774;41.4469;62.0433;-0.1103;-0.0272;0.1027;0.8067;0.4913;0.0821;0.3179;0;;;;;;;;;;;;;0;;;;;;;;0.2449;-0.5504;0.7982;-0.4951;-0.4590;0.3028;0.9472;0.2841;0.1420;-0.0426;;;;;;;;;;;;;0;;;;;;;;b974454d-ae33-4d16-9737-e66469f616ef;;OpenLoop;2026-05-18 09:46:36.5493;Hands;2;OpenXR
Right;;Baseline;0;NoMitigation;None;anonymous;Sample;7917;0.0000;-0.1103;-0.0272;0.1027;47.7774;41.4469;62.0433;-0.1103;-0.0272;0.1027;0.8067;0.4913;0.0821;0.3179;0;;;;;;;;;;;;;0;;;;;;;;0.2449;-0.5504;0.7982;-0.4951;-0.4590;0.3028;0.9472;0.2841;0.1420;-0.0426;;;;;;;;;;;;;0;;;;;;;;b974454d-ae33-4d16-9737-e66469f616ef;;OpenLoop;2026-05-18 09:46:36.5733;Hands;2;OpenXR
Right;;Baseline;0;NoMitigation;None;anonymous;Sample;7919;0.0000;-0.1103;-0.0272;0.1027;47.7774;41.4469;62.0433;-0.1103;-0.0272;0.1027;0.8067;0.4913;0.0821;0.3179;0;;;;;;;;;;;;;0;;;;;;;;0.2449;-0.5504;0.7982;-0.4951;-0.4590;0.3028;0.9472;0.2841;0.1420;-0.0426;;;;;;;;;;;;;0;;;;;;;;b974454d-ae33-4d16-9737-e66469f616ef;;OpenLoop;2026-05-18 09:46:36.5974;Hands;2;OpenXR
Right;;Baseline;0;NoMitigation;None;anonymous;Sample;7921;0.0000;-0.1103;-0.0272;0.1027;47.7774;41.4469;62.0433;-0.1103;-0.0272;0.1027;0.8067;0.4913;0.0821;0.3179;0;;;;;;;;;;;;;0;;;;;;;;0.2449;-0.5504;0.7982;-0.4951;-0.4590;0.3028;0.9472;0.2841;0.1420;-0.0426;;;;;;;;;;;;;0;;;;;;;;b974454d-ae33-4d16-9737-e66469f616ef;;OpenLoop;2026-05-18 09:46:36.6221;Hands;2;OpenXR
Right;;Baseline;0;NoMitigation;None;anonymous;Sample;7923;0.0000;-0.1103;-0.0272;0.1027;47.7774;41.4469;62.0433;-0.1103;-0.0272;0.1027;0.8067;0.4913;0.0821;0.3179;0;;;;;;;;;;;;;0;;;;;;;;0.2449;-0.5504;0.7982;-0.4951;-0.4590;0.3028;0.9472;0.2841;0.1420;-0.0426;;;;;;;;;;;;;0;;;;;;;;b974454d-ae33-4d16-9737-e66469f616ef;;OpenLoop;2026-05-18 09:46:36.6456;Hands;2;OpenXR
Right;;Baseline;0;NoMitigation;None;anonymous;Sample;7925;0.0000;-0.1103;-0.0272;0.1027;47.7774;41.4469;62.0433;-0.1103;-0.0272;0.1027;0.8067;0.4913;0.0821;0.3179;0;;;;;;;;;;;;;0;;;;;;;;0.2449;-0.5504;0.7982;-0.4951;-0.4590;0.3028;0.9472;0.2841;0.1420;-0.0426;;;;;;;;;;;;;0;;;;;;;;b974454d-ae33-4d16-9737-e66469f616ef;;OpenLoop;2026-05-18 09:46:36.6705;Hands;2;OpenXR
Right;;Baseline;0;NoMitigation;None;anonymous;Sample;7927;0.0000;-0.1103;-0.0272;0.1027;47.7774;41.4469;62.0433;-0.1103;-0.0272;0.1027;0.8067;0.4913;0.0821;0.3179;0;;;;;;;;;;;;;0;;;;;;;;0.2449;-0.5504;0.7982;-0.4951;-0.4590;0.3028;0.9472;0.2841;0.1420;-0.0426;;;;;;;;;;;;;0;;;;;;;;b974454d-ae33-4d16-9737-e66469f616ef;;OpenLoop;2026-05-18 09:46:36.6937;Hands;2;OpenXR
Right;;Baseline;0;NoMitigation;None;anonymous;Sample;7929;0.0000;-0.1103;-0.0272;0.1027;47.7774;41.4469;62.0433;-0.1103;-0.0272;0.1027;0.8067;0.4913;0.0821;0.3179;0;;;;;;;;;;;;;0;;;;;;;;0.2449;-0.5504;0.7982;-0.4951;-0.4590;0.3028;0.9472;0.2841;0.1420;-0.0426;;;;;;;;;;;;;0;;;;;;;;b974454d-ae33-4d16-9737-e66469f616ef;;OpenLoop;2026-05-18 09:46:36.7190;Hands;2;OpenXR
Right;;Baseline;0;NoMitigation;None;anonymous;Sample;7931;0.0000;-0.1103;-0.0272;0.1027;47.7774;41.4469;62.0433;-0.1103;-0.0272;0.1027;0.8067;0.4913;0.0821;0.3179;0;;;;;;;;;;;;;0;;;;;;;;0.2449;-0.5504;0.7982;-0.4951;-0.4590;0.3028;0.9472;0.2841;0.1420;-0.0426;;;;;;;;;;;;;0;;;;;;;;b974454d-ae33-4d16-9737-e66469f616ef;;OpenLoop;2026-05-18 09:46:36.7438;Hands;2;OpenXR
Right;;Baseline;0;NoMitigation;None;anonymous;Sample;7933;0.0000;-0.1103;-0.0272;0.1027;47.7774;41.4469;62.0433;-0.1103;-0.0272;0.1027;0.8067;0.4913;0.0821;0.3179;0;;;;;;;;;;;;;0;;;;;;;;0.2449;-0.5504;0.7982;-0.4951;-0.4590;0.3028;0.9472;0.2841;0.1420;-0.0426;;;;;;;;;;;;;0;;;;;;;;b974454d-ae33-4d16-9737-e66469f616ef;;OpenLoop;2026-05-18 09:46:36.7670;Hands;2;OpenXR
Right;;Baseline;0;NoMitigation;None;anonymous;Sample;7935;0.0000;-0.1103;-0.0272;0.1027;47.7774;41.4469;62.0433;-0.1103;-0.0272;0.1027;0.8067;0.4913;0.0821;0.3179;0;;;;;;;;;;;;;0;;;;;;;;0.2449;-0.5504;0.7982;-0.4951;-0.4590;0.3028;0.9472;0.2841;0.1420;-0.0426;;;;;;;;;;;;;0;;;;;;;;b974454d-ae33-4d16-9737-e66469f616ef;;OpenLoop;2026-05-18 09:46:36.7915;Hands;2;OpenXR
Right;;Baseline;0;NoMitigation;None;anonymous;Sample;7937;0.0000;-0.1103;-0.0272;0.1027;47.7774;41.4469;62.0433;-0.1103;-0.0272;0.1027;0.8067;0.4913;0.0821;0.3179;0;;;;;;;;;;;;;0;;;;;;;;0.2449;-0.5504;0.7982;-0.4951;-0.4590;0.3028;0.9472;0.2841;0.1420;-0.0426;;;;;;;;;;;;;0;;;;;;;;b974454d-ae33-4d16-9737-e66469f616ef;;OpenLoop;2026-05-18 09:46:36.8164;Hands;2;OpenXR
Right;;Baseline;0;NoMitigation;None;anonymous;Sample;7939;0.0000;-0.1103;-0.0272;0.1027;47.7774;41.4469;62.0433;-0.1103;-0.0272;0.1027;0.8067;0.4913;0.0821;0.3179;0;;;;;;;;;;;;;0;;;;;;;;0.2449;-0.5504;0.7982;-0.4951;-0.4590;0.3028;0.9472;0.2841;0.1420;-0.0426;;;;;;;;;;;;;0;;;;;;;;b974454d-ae33-4d16-9737-e66469f616ef;;OpenLoop;2026-05-18 09:46:36.8399;Hands;2;OpenXR
Right;;Baseline;0;NoMitigation;None;anonymous;Sample;7941;0.0000;-0.1103;-0.0272;0.1027;47.7774;41.4469;62.0433;-0.1103;-0.0272;0.1027;0.8067;0.4913;0.0821;0.3179;0;;;;;;;;;;;;;0;;;;;;;;0.2449;-0.5504;0.7982;-0.4951;-0.4590;0.3028;0.9472;0.2841;0.1420;-0.0426;;;;;;;;;;;;;0;;;;;;;;b974454d-ae33-4d16-9737-e66469f616ef;;OpenLoop;2026-05-18 09:46:36.8655;Hands;2;OpenXR
Right;;Baseline;0;NoMitigation;None;anonymous;Sample;7943;0.0000;-0.1103;-0.0272;0.1027;47.7774;41.4469;62.0433;-0.1103;-0.0272;0.1027;0.8067;0.4913;0.0821;0.3179;0;;;;;;;;;;;;;0;;;;;;;;0.2449;-0.5504;0.7982;-0.4951;-0.4590;0.3028;0.9472;0.2841;0.1420;-0.0426;;;;;;;;;;;;;0;;;;;;;;b974454d-ae33-4d16-9737-e66469f616ef;;OpenLoop;2026-05-18 09:46:36.8907;Hands;2;OpenXR
Right;;Baseline;0;NoMitigation;None;anonymous;Sample;7945;0.0000;-0.1103;-0.0272;0.1027;47.7774;41.4469;62.0433;-0.1103;-0.0272;0.1027;0.8067;0.4913;0.0821;0.3179;0;;;;;;;;;;;;;0;;;;;;;;0.2449;-0.5504;0.7982;-0.4951;-0.4590;0.3028;0.9472;0.2841;0.1420;-0.0426;;;;;;;;;;;;;0;;;;;;;;b974454d-ae33-4d16-9737-e66469f616ef;;OpenLoop;2026-05-18 09:46:36.9148;Hands;2;OpenXR
Right;;Baseline;0;NoMitigation;None;anonymous;Sample;7947;0.0000;-0.1103;-0.0272;0.1027;47.7774;41.4469;62.0433;-0.1103;-0.0272;0.1027;0.8067;0.4913;0.0821;0.3179;0;;;;;;;;;;;;;0;;;;;;;;0.2449;-0.5504;0.7982;-0.4951;-0.4590;0.3028;0.9472;0.2841;0.1420;-0.0426;;;;;;;;;;;;;0;;;;;;;;b974454d-ae33-4d16-9737-e66469f616ef;;OpenLoop;2026-05-18 09:46:36.9398;Hands;2;OpenXR
Right;;Baseline;0;NoMitigation;None;anonymous;Sample;7949;0.0000;-0.1103;-0.0272;0.1027;47.7774;41.4469;62.0433;-0.1103;-0.0272;0.1027;0.8067;0.4913;0.0821;0.3179;0;;;;;;;;;;;;;0;;;;;;;;0.2449;-0.5504;0.7982;-0.4951;-0.4590;0.3028;0.9472;0.2841;0.1420;-0.0426;;;;;;;;;;;;;0;;;;;;;;b974454d-ae33-4d16-9737-e66469f616ef;;OpenLoop;2026-05-18 09:46:36.9643;Hands;2;OpenXR
Right;;Baseline;0;NoMitigation;None;anonymous;Sample;7951;0.0000;-0.1103;-0.0272;0.1027;47.7774;41.4469;62.0433;-0.1103;-0.0272;0.1027;0.8067;0.4913;0.0821;0.3179;0;;;;;;;;;;;;;0;;;;;;;;0.2449;-0.5504;0.7982;-0.4951;-0.4590;0.3028;0.9472;0.2841;0.1420;-0.0426;;;;;;;;;;;;;0;;;;;;;;b974454d-ae33-4d16-9737-e66469f616ef;;OpenLoop;2026-05-18 09:46:36.9889;Hands;2;OpenXR
Right;;Baseline;0;NoMitigation;None;anonymous;Sample;7953;0.0000;-0.1103;-0.0272;0.1027;47.7774;41.4469;62.0433;-0.1103;-0.0272;0.1027;0.8067;0.4913;0.0821;0.3179;0;;;;;;;;;;;;;0;;;;;;;;0.2449;-0.5504;0.7982;-0.4951;-0.4590;0.3028;0.9472;0.2841;0.1420;-0.0426;;;;;;;;;;;;;0;;;;;;;;b974454d-ae33-4d16-9737-e66469f616ef;;OpenLoop;2026-05-18 09:46:37.0137;Hands;2;OpenXR
Right;;Baseline;0;NoMitigation;None;anonymous;Sample;7955;0.0000;-0.1103;-0.0272;0.1027;47.7774;41.4469;62.0433;-0.1103;-0.0272;0.1027;0.8067;0.4913;0.0821;0.3179;0;;;;;;;;;;;;;0;;;;;;;;0.2449;-0.5504;0.7982;-0.4951;-0.4590;0.3028;0.9472;0.2841;0.1420;-0.0426;;;;;;;;;;;;;0;;;;;;;;b974454d-ae33-4d16-9737-e66469f616ef;;OpenLoop;2026-05-18 09:46:37.0387;Hands;2;OpenXR
Right;;Baseline;0;NoMitigation;None;anonymous;Sample;7957;0.0000;-0.1103;-0.0272;0.1027;47.7774;41.4469;62.0433;-0.1103;-0.0272;0.1027;0.8067;0.4913;0.0821;0.3179;0;;;;;;;;;;;;;0;;;;;;;;0.2449;-0.5504;0.7982;-0.4951;-0.4590;0.3028;0.9472;0.2841;0.1420;-0.0426;;;;;;;;;;;;;0;;;;;;;;b974454d-ae33-4d16-9737-e66469f616ef;;OpenLoop;2026-05-18 09:46:37.0642;Hands;2;OpenXR
Right;;Baseline;0;NoMitigation;None;anonymous;Sample;7959;0.0000;-0.1103;-0.0272;0.1027;47.7774;41.4469;62.0433;-0.1103;-0.0272;0.1027;0.8067;0.4913;0.0821;0.3179;0;;;;;;;;;;;;;0;;;;;;;;0.2449;-0.5504;0.7982;-0.4951;-0.4590;0.3028;0.9472;0.2841;0.1420;-0.0426;;;;;;;;;;;;;0;;;;;;;;b974454d-ae33-4d16-9737-e66469f616ef;;OpenLoop;2026-05-18 09:46:37.0893;Hands;2;OpenXR
Right;;Baseline;0;NoMitigation;None;anonymous;Sample;7961;0.0000;-0.1103;-0.0272;0.1027;47.7774;41.4469;62.0433;-0.1103;-0.0272;0.1027;0.8067;0.4913;0.0821;0.3179;0;;;;;;;;;;;;;0;;;;;;;;0.2449;-0.5504;0.7982;-0.4951;-0.4590;0.3028;0.9472;0.2841;0.1420;-0.0426;;;;;;;;;;;;;0;;;;;;;;b974454d-ae33-4d16-9737-e66469f616ef;;OpenLoop;2026-05-18 09:46:37.1124;Hands;2;OpenXR
Right;;Baseline;0;NoMitigation;None;anonymous;Sample;7963;0.0000;-0.1103;-0.0272;0.1027;47.7774;41.4469;62.0433;-0.1103;-0.0272;0.1027;0.8067;0.4913;0.0821;0.3179;0;;;;;;;;;;;;;0;;;;;;;;0.2449;-0.5504;0.7982;-0.4951;-0.4590;0.3028;0.9472;0.2841;0.1420;-0.0426;;;;;;;;;;;;;0;;;;;;;;b974454d-ae33-4d16-9737-e66469f616ef;;OpenLoop;2026-05-18 09:46:37.1384;Hands;2;OpenXR
Right;;Baseline;0;NoMitigation;None;anonymous;Sample;7965;0.0000;-0.1103;-0.0272;0.1027;47.7774;41.4469;62.0433;-0.1103;-0.0272;0.1027;0.8067;0.4913;0.0821;0.3179;0;;;;;;;;;;;;;0;;;;;;;;0.2449;-0.5504;0.7982;-0.4951;-0.4590;0.3028;0.9472;0.2841;0.1420;-0.0426;;;;;;;;;;;;;0;;;;;;;;b974454d-ae33-4d16-9737-e66469f616ef;;OpenLoop;2026-05-18 09:46:37.1641;Hands;2;OpenXR
Right;;Baseline;0;NoMitigation;None;anonymous;Sample;7967;0.0000;-0.1103;-0.0272;0.1027;47.7774;41.4469;62.0433;-0.1103;-0.0272;0.1027;0.8067;0.4913;0.0821;0.3179;0;;;;;;;;;;;;;0;;;;;;;;0.2449;-0.5504;0.7982;-0.4951;-0.4590;0.3028;0.9472;0.2841;0.1420;-0.0426;;;;;;;;;;;;;0;;;;;;;;b974454d-ae33-4d16-9737-e66469f616ef;;OpenLoop;2026-05-18 09:46:37.1887;Hands;2;OpenXR
Right;;Baseline;0;NoMitigation;None;anonymous;Sample;7969;0.0000;-0.1103;-0.0272;0.1027;47.7774;41.4469;62.0433;-0.1103;-0.0272;0.1027;0.8067;0.4913;0.0821;0.3179;0;;;;;;;;;;;;;0;;;;;;;;0.2449;-0.5504;0.7982;-0.4951;-0.4590;0.3028;0.9472;0.2841;0.1420;-0.0426;;;;;;;;;;;;;0;;;;;;;;b974454d-ae33-4d16-9737-e66469f616ef;;OpenLoop;2026-05-18 09:46:37.2139;Hands;2;OpenXR
Right;;Baseline;0;NoMitigation;None;anonymous;Sample;7971;0.0000;-0.1103;-0.0272;0.1027;47.7774;41.4469;62.0433;-0.1103;-0.0272;0.1027;0.8067;0.4913;0.0821;0.3179;0;;;;;;;;;;;;;0;;;;;;;;0.2449;-0.5504;0.7982;-0.4951;-0.4590;0.3028;0.9472;0.2841;0.1420;-0.0426;;;;;;;;;;;;;0;;;;;;;;b974454d-ae33-4d16-9737-e66469f616ef;;OpenLoop;2026-05-18 09:46:37.2390;Hands;2;OpenXR
Right;;Baseline;0;NoMitigation;None;anonymous;Sample;7973;0.0000;-0.1103;-0.0272;0.1027;47.7774;41.4469;62.0433;-0.1103;-0.0272;0.1027;0.8067;0.4913;0.0821;0.3179;0;;;;;;;;;;;;;0;;;;;;;;0.2449;-0.5504;0.7982;-0.4951;-0.4590;0.3028;0.9472;0.2841;0.1420;-0.0426;;;;;;;;;;;;;0;;;;;;;;b974454d-ae33-4d16-9737-e66469f616ef;;OpenLoop;2026-05-18 09:46:37.2637;Hands;2;OpenXR
Right;;Baseline;0;NoMitigation;None;anonymous;Sample;7975;0.0000;-0.1103;-0.0272;0.1027;47.7774;41.4469;62.0433;-0.1103;-0.0272;0.1027;0.8067;0.4913;0.0821;0.3179;0;;;;;;;;;;;;;0;;;;;;;;0.2449;-0.5504;0.7982;-0.4951;-0.4590;0.3028;0.9472;0.2841;0.1420;-0.0426;;;;;;;;;;;;;0;;;;;;;;b974454d-ae33-4d16-9737-e66469f616ef;;OpenLoop;2026-05-18 09:46:37.2884;Hands;2;OpenXR
Right;;Baseline;0;NoMitigation;None;anonymous;Sample;7977;0.0000;-0.1103;-0.0272;0.1027;47.7774;41.4469;62.0433;-0.1103;-0.0272;0.1027;0.8067;0.4913;0.0821;0.3179;0;;;;;;;;;;;;;0;;;;;;;;0.2449;-0.5504;0.7982;-0.4951;-0.4590;0.3028;0.9472;0.2841;0.1420;-0.0426;;;;;;;;;;;;;0;;;;;;;;b974454d-ae33-4d16-9737-e66469f616ef;;OpenLoop;2026-05-18 09:46:37.3145;Hands;2;OpenXR
Right;;Baseline;0;NoMitigation;None;anonymous;Sample;7979;0.0000;-0.1103;-0.0272;0.1027;47.7774;41.4469;62.0433;-0.1103;-0.0272;0.1027;0.8067;0.4913;0.0821;0.3179;0;;;;;;;;;;;;;0;;;;;;;;0.2449;-0.5504;0.7982;-0.4951;-0.4590;0.3028;0.9472;0.2841;0.1420;-0.0426;;;;;;;;;;;;;0;;;;;;;;b974454d-ae33-4d16-9737-e66469f616ef;;OpenLoop;2026-05-18 09:46:37.3398;Hands;2;OpenXR
Right;;Baseline;0;NoMitigation;None;anonymous;Sample;7981;0.0000;-0.1103;-0.0272;0.1027;47.7774;41.4469;62.0433;-0.1103;-0.0272;0.1027;0.8067;0.4913;0.0821;0.3179;0;;;;;;;;;;;;;0;;;;;;;;0.2449;-0.5504;0.7982;-0.4951;-0.4590;0.3028;0.9472;0.2841;0.1420;-0.0426;;;;;;;;;;;;;0;;;;;;;;b974454d-ae33-4d16-9737-e66469f616ef;;OpenLoop;2026-05-18 09:46:37.3643;Hands;2;OpenXR
Right;;Baseline;0;NoMitigation;None;anonymous;Sample;7983;0.0000;-0.1103;-0.0272;0.1027;47.7774;41.4469;62.0433;-0.1103;-0.0272;0.1027;0.8067;0.4913;0.0821;0.3179;0;;;;;;;;;;;;;0;;;;;;;;0.2449;-0.5504;0.7982;-0.4951;-0.4590;0.3028;0.9472;0.2841;0.1420;-0.0426;;;;;;;;;;;;;0;;;;;;;;b974454d-ae33-4d16-9737-e66469f616ef;;OpenLoop;2026-05-18 09:46:37.3900;Hands;2;OpenXR
Right;;Baseline;0;NoMitigation;None;anonymous;Sample;7985;0.0000;-0.1103;-0.0272;0.1027;47.7774;41.4469;62.0433;-0.1103;-0.0272;0.1027;0.8067;0.4913;0.0821;0.3179;0;;;;;;;;;;;;;0;;;;;;;;0.2449;-0.5504;0.7982;-0.4951;-0.4590;0.3028;0.9472;0.2841;0.1420;-0.0426;;;;;;;;;;;;;0;;;;;;;;b974454d-ae33-4d16-9737-e66469f616ef;;OpenLoop;2026-05-18 09:46:37.4152;Hands;2;OpenXR
Right;;Baseline;0;NoMitigation;None;anonymous;Sample;7987;0.0000;-0.1103;-0.0272;0.1027;47.7774;41.4469;62.0433;-0.1103;-0.0272;0.1027;0.8067;0.4913;0.0821;0.3179;0;;;;;;;;;;;;;0;;;;;;;;0.2449;-0.5504;0.7982;-0.4951;-0.4590;0.3028;0.9472;0.2841;0.1420;-0.0426;;;;;;;;;;;;;0;;;;;;;;b974454d-ae33-4d16-9737-e66469f616ef;;OpenLoop;2026-05-18 09:46:37.4403;Hands;2;OpenXR
Right;;Baseline;0;NoMitigation;None;anonymous;Sample;7989;0.0000;-0.1103;-0.0272;0.1027;47.7774;41.4469;62.0433;-0.1103;-0.0272;0.1027;0.8067;0.4913;0.0821;0.3179;0;;;;;;;;;;;;;0;;;;;;;;0.2449;-0.5504;0.7982;-0.4951;-0.4590;0.3028;0.9472;0.2841;0.1420;-0.0426;;;;;;;;;;;;;0;;;;;;;;b974454d-ae33-4d16-9737-e66469f616ef;;OpenLoop;2026-05-18 09:46:37.4668;Hands;2;OpenXR
Right;;Baseline;0;NoMitigation;None;anonymous;Sample;7991;0.0000;-0.1103;-0.0272;0.1027;47.7774;41.4469;62.0433;-0.1103;-0.0272;0.1027;0.8067;0.4913;0.0821;0.3179;0;;;;;;;;;;;;;0;;;;;;;;0.2449;-0.5504;0.7982;-0.4951;-0.4590;0.3028;0.9472;0.2841;0.1420;-0.0426;;;;;;;;;;;;;0;;;;;;;;b974454d-ae33-4d16-9737-e66469f616ef;;OpenLoop;2026-05-18 09:46:37.4923;Hands;2;OpenXR
Right;;Baseline;0;NoMitigation;None;anonymous;Sample;7993;0.0000;-0.1103;-0.0272;0.1027;47.7774;41.4469;62.0433;-0.1103;-0.0272;0.1027;0.8067;0.4913;0.0821;0.3179;0;;;;;;;;;;;;;0;;;;;;;;0.2449;-0.5504;0.7982;-0.4951;-0.4590;0.3028;0.9472;0.2841;0.1420;-0.0426;;;;;;;;;;;;;0;;;;;;;;b974454d-ae33-4d16-9737-e66469f616ef;;OpenLoop;2026-05-18 09:46:37.5180;Hands;2;OpenXR
Right;;Baseline;0;NoMitigation;None;anonymous;Sample;7995;0.0000;-0.1103;-0.0272;0.1027;47.7774;41.4469;62.0433;-0.1103;-0.0272;0.1027;0.8067;0.4913;0.0821;0.3179;0;;;;;;;;;;;;;0;;;;;;;;0.2449;-0.5504;0.7982;-0.4951;-0.4590;0.3028;0.9472;0.2841;0.1420;-0.0426;;;;;;;;;;;;;0;;;;;;;;b974454d-ae33-4d16-9737-e66469f616ef;;OpenLoop;2026-05-18 09:46:37.5434;Hands;2;OpenXR
Right;;Baseline;0;NoMitigation;None;anonymous;Sample;7997;0.0000;-0.1103;-0.0272;0.1027;47.7774;41.4469;62.0433;-0.1103;-0.0272;0.1027;0.8067;0.4913;0.0821;0.3179;0;;;;;;;;;;;;;0;;;;;;;;0.2449;-0.5504;0.7982;-0.4951;-0.4590;0.3028;0.9472;0.2841;0.1420;-0.0426;;;;;;;;;;;;;0;;;;;;;;b974454d-ae33-4d16-9737-e66469f616ef;;OpenLoop;2026-05-18 09:46:37.5691;Hands;2;OpenXR
Right;;Baseline;0;NoMitigation;None;anonymous;Sample;7999;0.0000;-0.1103;-0.0272;0.1027;47.7774;41.4469;62.0433;-0.1103;-0.0272;0.1027;0.8067;0.4913;0.0821;0.3179;0;;;;;;;;;;;;;0;;;;;;;;0.2449;-0.5504;0.7982;-0.4951;-0.4590;0.3028;0.9472;0.2841;0.1420;-0.0426;;;;;;;;;;;;;0;;;;;;;;b974454d-ae33-4d16-9737-e66469f616ef;;OpenLoop;2026-05-18 09:46:37.5941;Hands;2;OpenXR
Right;;Baseline;0;NoMitigation;None;anonymous;Sample;8001;0.0000;-0.1103;-0.0272;0.1027;47.7774;41.4469;62.0433;-0.1103;-0.0272;0.1027;0.8067;0.4913;0.0821;0.3179;0;;;;;;;;;;;;;0;;;;;;;;0.2449;-0.5504;0.7982;-0.4951;-0.4590;0.3028;0.9472;0.2841;0.1420;-0.0426;;;;;;;;;;;;;0;;;;;;;;b974454d-ae33-4d16-9737-e66469f616ef;;OpenLoop;2026-05-18 09:46:37.6210;Hands;2;OpenXR
Right;;Baseline;0;NoMitigation;None;anonymous;Sample;8003;0.0000;-0.1103;-0.0272;0.1027;47.7774;41.4469;62.0433;-0.1103;-0.0272;0.1027;0.8067;0.4913;0.0821;0.3179;0;;;;;;;;;;;;;0;;;;;;;;0.2449;-0.5504;0.7982;-0.4951;-0.4590;0.3028;0.9472;0.2841;0.1420;-0.0426;;;;;;;;;;;;;0;;;;;;;;b974454d-ae33-4d16-9737-e66469f616ef;;OpenLoop;2026-05-18 09:46:37.6466;Hands;2;OpenXR
Right;;Baseline;0;NoMitigation;None;anonymous;Sample;8005;0.0000;-0.1103;-0.0272;0.1027;47.7774;41.4469;62.0433;-0.1103;-0.0272;0.1027;0.8067;0.4913;0.0821;0.3179;0;;;;;;;;;;;;;0;;;;;;;;0.2449;-0.5504;0.7982;-0.4951;-0.4590;0.3028;0.9472;0.2841;0.1420;-0.0426;;;;;;;;;;;;;0;;;;;;;;b974454d-ae33-4d16-9737-e66469f616ef;;OpenLoop;2026-05-18 09:46:37.6721;Hands;2;OpenXR
Right;;Baseline;0;NoMitigation;None;anonymous;Sample;8007;0.0000;-0.1103;-0.0272;0.1027;47.7774;41.4469;62.0433;-0.1103;-0.0272;0.1027;0.8067;0.4913;0.0821;0.3179;0;;;;;;;;;;;;;0;;;;;;;;0.2449;-0.5504;0.7982;-0.4951;-0.4590;0.3028;0.9472;0.2841;0.1420;-0.0426;;;;;;;;;;;;;0;;;;;;;;b974454d-ae33-4d16-9737-e66469f616ef;;OpenLoop;2026-05-18 09:46:37.6978;Hands;2;OpenXR
Right;;Baseline;0;NoMitigation;None;anonymous;Sample;8009;0.0000;-0.1103;-0.0272;0.1027;47.7774;41.4469;62.0433;-0.1103;-0.0272;0.1027;0.8067;0.4913;0.0821;0.3179;0;;;;;;;;;;;;;0;;;;;;;;0.2449;-0.5504;0.7982;-0.4951;-0.4590;0.3028;0.9472;0.2841;0.1420;-0.0426;;;;;;;;;;;;;0;;;;;;;;b974454d-ae33-4d16-9737-e66469f616ef;;OpenLoop;2026-05-18 09:46:37.7239;Hands;2;OpenXR
Right;;Baseline;0;NoMitigation;None;anonymous;Sample;8011;0.0000;-0.1103;-0.0272;0.1027;47.7774;41.4469;62.0433;-0.1103;-0.0272;0.1027;0.8067;0.4913;0.0821;0.3179;0;;;;;;;;;;;;;0;;;;;;;;0.2449;-0.5504;0.7982;-0.4951;-0.4590;0.3028;0.9472;0.2841;0.1420;-0.0426;;;;;;;;;;;;;0;;;;;;;;b974454d-ae33-4d16-9737-e66469f616ef;;OpenLoop;2026-05-18 09:46:37.7481;Hands;2;OpenXR
Right;;Baseline;0;NoMitigation;None;anonymous;Sample;8013;0.0000;-0.1103;-0.0272;0.1027;47.7774;41.4469;62.0433;-0.1103;-0.0272;0.1027;0.8067;0.4913;0.0821;0.3179;0;;;;;;;;;;;;;0;;;;;;;;0.2449;-0.5504;0.7982;-0.4951;-0.4590;0.3028;0.9472;0.2841;0.1420;-0.0426;;;;;;;;;;;;;0;;;;;;;;b974454d-ae33-4d16-9737-e66469f616ef;;OpenLoop;2026-05-18 09:46:37.7748;Hands;2;OpenXR
Right;;Baseline;0;NoMitigation;None;anonymous;Sample;8015;0.0000;-0.1103;-0.0272;0.1027;47.7774;41.4469;62.0433;-0.1103;-0.0272;0.1027;0.8067;0.4913;0.0821;0.3179;0;;;;;;;;;;;;;0;;;;;;;;0.2449;-0.5504;0.7982;-0.4951;-0.4590;0.3028;0.9472;0.2841;0.1420;-0.0426;;;;;;;;;;;;;0;;;;;;;;b974454d-ae33-4d16-9737-e66469f616ef;;OpenLoop;2026-05-18 09:46:37.8000;Hands;2;OpenXR
Right;;Baseline;0;NoMitigation;None;anonymous;Sample;8017;0.0000;-0.1103;-0.0272;0.1027;47.7774;41.4469;62.0433;-0.1103;-0.0272;0.1027;0.8067;0.4913;0.0821;0.3179;0;;;;;;;;;;;;;0;;;;;;;;0.2449;-0.5504;0.7982;-0.4951;-0.4590;0.3028;0.9472;0.2841;0.1420;-0.0426;;;;;;;;;;;;;0;;;;;;;;b974454d-ae33-4d16-9737-e66469f616ef;;OpenLoop;2026-05-18 09:46:37.8259;Hands;2;OpenXR
Right;;Baseline;0;NoMitigation;None;anonymous;Sample;8019;0.0000;-0.1103;-0.0272;0.1027;47.7774;41.4469;62.0433;-0.1103;-0.0272;0.1027;0.8067;0.4913;0.0821;0.3179;0;;;;;;;;;;;;;0;;;;;;;;0.2449;-0.5504;0.7982;-0.4951;-0.4590;0.3028;0.9472;0.2841;0.1420;-0.0426;;;;;;;;;;;;;0;;;;;;;;b974454d-ae33-4d16-9737-e66469f616ef;;OpenLoop;2026-05-18 09:46:37.8536;Hands;2;OpenXR
Right;;Baseline;0;NoMitigation;None;anonymous;Sample;8021;0.0000;-0.1103;-0.0272;0.1027;47.7774;41.4469;62.0433;-0.1103;-0.0272;0.1027;0.8067;0.4913;0.0821;0.3179;0;;;;;;;;;;;;;0;;;;;;;;0.2449;-0.5504;0.7982;-0.4951;-0.4590;0.3028;0.9472;0.2841;0.1420;-0.0426;;;;;;;;;;;;;0;;;;;;;;b974454d-ae33-4d16-9737-e66469f616ef;;OpenLoop;2026-05-18 09:46:37.8788;Hands;2;OpenXR
Right;;Baseline;0;NoMitigation;None;anonymous;Sample;8023;0.0000;-0.1103;-0.0272;0.1027;47.7774;41.4469;62.0433;-0.1103;-0.0272;0.1027;0.8067;0.4913;0.0821;0.3179;0;;;;;;;;;;;;;0;;;;;;;;0.2449;-0.5504;0.7982;-0.4951;-0.4590;0.3028;0.9472;0.2841;0.1420;-0.0426;;;;;;;;;;;;;0;;;;;;;;b974454d-ae33-4d16-9737-e66469f616ef;;OpenLoop;2026-05-18 09:46:37.9050;Hands;2;OpenXR
Right;;Baseline;0;NoMitigation;None;anonymous;Sample;8025;0.0000;-0.1103;-0.0272;0.1027;47.7774;41.4469;62.0433;-0.1103;-0.0272;0.1027;0.8067;0.4913;0.0821;0.3179;0;;;;;;;;;;;;;0;;;;;;;;0.2449;-0.5504;0.7982;-0.4951;-0.4590;0.3028;0.9472;0.2841;0.1420;-0.0426;;;;;;;;;;;;;0;;;;;;;;b974454d-ae33-4d16-9737-e66469f616ef;;OpenLoop;2026-05-18 09:46:37.9301;Hands;2;OpenXR
Right;;Baseline;0;NoMitigation;None;anonymous;Sample;8027;0.0000;-0.1103;-0.0272;0.1027;47.7774;41.4469;62.0433;-0.1103;-0.0272;0.1027;0.8067;0.4913;0.0821;0.3179;0;;;;;;;;;;;;;0;;;;;;;;0.2449;-0.5504;0.7982;-0.4951;-0.4590;0.3028;0.9472;0.2841;0.1420;-0.0426;;;;;;;;;;;;;0;;;;;;;;b974454d-ae33-4d16-9737-e66469f616ef;;OpenLoop;2026-05-18 09:46:37.9557;Hands;2;OpenXR
Right;;Baseline;0;NoMitigation;None;anonymous;Sample;8029;0.0000;-0.1103;-0.0272;0.1027;47.7774;41.4469;62.0433;-0.1103;-0.0272;0.1027;0.8067;0.4913;0.0821;0.3179;0;;;;;;;;;;;;;0;;;;;;;;0.2449;-0.5504;0.7982;-0.4951;-0.4590;0.3028;0.9472;0.2841;0.1420;-0.0426;;;;;;;;;;;;;0;;;;;;;;b974454d-ae33-4d16-9737-e66469f616ef;;OpenLoop;2026-05-18 09:46:37.9835;Hands;2;OpenXR
Right;;Baseline;0;NoMitigation;None;anonymous;Sample;8031;0.0000;-0.1103;-0.0272;0.1027;47.7774;41.4469;62.0433;-0.1103;-0.0272;0.1027;0.8067;0.4913;0.0821;0.3179;0;;;;;;;;;;;;;0;;;;;;;;0.2449;-0.5504;0.7982;-0.4951;-0.4590;0.3028;0.9472;0.2841;0.1420;-0.0426;;;;;;;;;;;;;0;;;;;;;;b974454d-ae33-4d16-9737-e66469f616ef;;OpenLoop;2026-05-18 09:46:38.0098;Hands;2;OpenXR
Right;;Baseline;0;NoMitigation;None;anonymous;Sample;8033;0.0000;-0.1103;-0.0272;0.1027;47.7774;41.4469;62.0433;-0.1103;-0.0272;0.1027;0.8067;0.4913;0.0821;0.3179;0;;;;;;;;;;;;;0;;;;;;;;0.2449;-0.5504;0.7982;-0.4951;-0.4590;0.3028;0.9472;0.2841;0.1420;-0.0426;;;;;;;;;;;;;0;;;;;;;;b974454d-ae33-4d16-9737-e66469f616ef;;OpenLoop;2026-05-18 09:46:38.0360;Hands;2;OpenXR
Right;;Baseline;0;NoMitigation;None;anonymous;Sample;8035;0.0000;-0.1103;-0.0272;0.1027;47.7774;41.4469;62.0433;-0.1103;-0.0272;0.1027;0.8067;0.4913;0.0821;0.3179;0;;;;;;;;;;;;;0;;;;;;;;0.2449;-0.5504;0.7982;-0.4951;-0.4590;0.3028;0.9472;0.2841;0.1420;-0.0426;;;;;;;;;;;;;0;;;;;;;;b974454d-ae33-4d16-9737-e66469f616ef;;OpenLoop;2026-05-18 09:46:38.0623;Hands;2;OpenXR
Right;;Baseline;0;NoMitigation;None;anonymous;Sample;8037;0.0000;-0.1103;-0.0272;0.1027;47.7774;41.4469;62.0433;-0.1103;-0.0272;0.1027;0.8067;0.4913;0.0821;0.3179;0;;;;;;;;;;;;;0;;;;;;;;0.2449;-0.5504;0.7982;-0.4951;-0.4590;0.3028;0.9472;0.2841;0.1420;-0.0426;;;;;;;;;;;;;0;;;;;;;;b974454d-ae33-4d16-9737-e66469f616ef;;OpenLoop;2026-05-18 09:46:38.0885;Hands;2;OpenXR
Right;;Baseline;0;NoMitigation;None;anonymous;Sample;8039;0.0000;-0.1103;-0.0272;0.1027;47.7774;41.4469;62.0433;-0.1103;-0.0272;0.1027;0.8067;0.4913;0.0821;0.3179;0;;;;;;;;;;;;;0;;;;;;;;0.2449;-0.5504;0.7982;-0.4951;-0.4590;0.3028;0.9472;0.2841;0.1420;-0.0426;;;;;;;;;;;;;0;;;;;;;;b974454d-ae33-4d16-9737-e66469f616ef;;OpenLoop;2026-05-18 09:46:38.1151;Hands;2;OpenXR
Right;;Baseline;0;NoMitigation;None;anonymous;Sample;8041;0.0000;-0.1103;-0.0272;0.1027;47.7774;41.4469;62.0433;-0.1103;-0.0272;0.1027;0.8067;0.4913;0.0821;0.3179;0;;;;;;;;;;;;;0;;;;;;;;0.2449;-0.5504;0.7982;-0.4951;-0.4590;0.3028;0.9472;0.2841;0.1420;-0.0426;;;;;;;;;;;;;0;;;;;;;;b974454d-ae33-4d16-9737-e66469f616ef;;OpenLoop;2026-05-18 09:46:38.1414;Hands;2;OpenXR
Right;;Baseline;0;NoMitigation;None;anonymous;Sample;8043;0.0000;-0.1103;-0.0272;0.1027;47.7774;41.4469;62.0433;-0.1103;-0.0272;0.1027;0.8067;0.4913;0.0821;0.3179;0;;;;;;;;;;;;;0;;;;;;;;0.2449;-0.5504;0.7982;-0.4951;-0.4590;0.3028;0.9472;0.2841;0.1420;-0.0426;;;;;;;;;;;;;0;;;;;;;;b974454d-ae33-4d16-9737-e66469f616ef;;OpenLoop;2026-05-18 09:46:38.1683;Hands;2;OpenXR
Right;;Baseline;0;NoMitigation;None;anonymous;Sample;8045;0.0000;-0.1103;-0.0272;0.1027;47.7774;41.4469;62.0433;-0.1103;-0.0272;0.1027;0.8067;0.4913;0.0821;0.3179;0;;;;;;;;;;;;;0;;;;;;;;0.2449;-0.5504;0.7982;-0.4951;-0.4590;0.3028;0.9472;0.2841;0.1420;-0.0426;;;;;;;;;;;;;0;;;;;;;;b974454d-ae33-4d16-9737-e66469f616ef;;OpenLoop;2026-05-18 09:46:38.1943;Hands;2;OpenXR
Right;;Baseline;0;NoMitigation;None;anonymous;Sample;8047;0.0000;-0.1103;-0.0272;0.1027;47.7774;41.4469;62.0433;-0.1103;-0.0272;0.1027;0.8067;0.4913;0.0821;0.3179;0;;;;;;;;;;;;;0;;;;;;;;0.2449;-0.5504;0.7982;-0.4951;-0.4590;0.3028;0.9472;0.2841;0.1420;-0.0426;;;;;;;;;;;;;0;;;;;;;;b974454d-ae33-4d16-9737-e66469f616ef;;OpenLoop;2026-05-18 09:46:38.2215;Hands;2;OpenXR
Right;;Baseline;0;NoMitigation;None;anonymous;Sample;8049;0.0000;-0.1103;-0.0272;0.1027;47.7774;41.4469;62.0433;-0.1103;-0.0272;0.1027;0.8067;0.4913;0.0821;0.3179;0;;;;;;;;;;;;;0;;;;;;;;0.2449;-0.5504;0.7982;-0.4951;-0.4590;0.3028;0.9472;0.2841;0.1420;-0.0426;;;;;;;;;;;;;0;;;;;;;;b974454d-ae33-4d16-9737-e66469f616ef;;OpenLoop;2026-05-18 09:46:38.2475;Hands;2;OpenXR
Right;;Baseline;0;NoMitigation;None;anonymous;Sample;8051;0.0000;-0.1103;-0.0272;0.1027;47.7774;41.4469;62.0433;-0.1103;-0.0272;0.1027;0.8067;0.4913;0.0821;0.3179;0;;;;;;;;;;;;;0;;;;;;;;0.2449;-0.5504;0.7982;-0.4951;-0.4590;0.3028;0.9472;0.2841;0.1420;-0.0426;;;;;;;;;;;;;0;;;;;;;;b974454d-ae33-4d16-9737-e66469f616ef;;OpenLoop;2026-05-18 09:46:38.2738;Hands;2;OpenXR
Right;;Baseline;0;NoMitigation;None;anonymous;Sample;8053;0.0000;-0.1103;-0.0272;0.1027;47.7774;41.4469;62.0433;-0.1103;-0.0272;0.1027;0.8067;0.4913;0.0821;0.3179;0;;;;;;;;;;;;;0;;;;;;;;0.2449;-0.5504;0.7982;-0.4951;-0.4590;0.3028;0.9472;0.2841;0.1420;-0.0426;;;;;;;;;;;;;0;;;;;;;;b974454d-ae33-4d16-9737-e66469f616ef;;OpenLoop;2026-05-18 09:46:38.3005;Hands;2;OpenXR
Right;;Baseline;0;NoMitigation;None;anonymous;Sample;8055;0.0000;-0.1103;-0.0272;0.1027;47.7774;41.4469;62.0433;-0.1103;-0.0272;0.1027;0.8067;0.4913;0.0821;0.3179;0;;;;;;;;;;;;;0;;;;;;;;0.2449;-0.5504;0.7982;-0.4951;-0.4590;0.3028;0.9472;0.2841;0.1420;-0.0426;;;;;;;;;;;;;0;;;;;;;;b974454d-ae33-4d16-9737-e66469f616ef;;OpenLoop;2026-05-18 09:46:38.3283;Hands;2;OpenXR
Right;;Baseline;0;NoMitigation;None;anonymous;Sample;8057;0.0000;-0.1103;-0.0272;0.1027;47.7774;41.4469;62.0433;-0.1103;-0.0272;0.1027;0.8067;0.4913;0.0821;0.3179;0;;;;;;;;;;;;;0;;;;;;;;0.2449;-0.5504;0.7982;-0.4951;-0.4590;0.3028;0.9472;0.2841;0.1420;-0.0426;;;;;;;;;;;;;0;;;;;;;;b974454d-ae33-4d16-9737-e66469f616ef;;OpenLoop;2026-05-18 09:46:38.3551;Hands;2;OpenXR
Right;;Baseline;0;NoMitigation;None;anonymous;Sample;8059;0.0000;-0.1103;-0.0272;0.1027;47.7774;41.4469;62.0433;-0.1103;-0.0272;0.1027;0.8067;0.4913;0.0821;0.3179;0;;;;;;;;;;;;;0;;;;;;;;0.2449;-0.5504;0.7982;-0.4951;-0.4590;0.3028;0.9472;0.2841;0.1420;-0.0426;;;;;;;;;;;;;0;;;;;;;;b974454d-ae33-4d16-9737-e66469f616ef;;OpenLoop;2026-05-18 09:46:38.3811;Hands;2;OpenXR
Right;;Baseline;0;NoMitigation;None;anonymous;Sample;8061;0.0000;-0.1103;-0.0272;0.1027;47.7774;41.4469;62.0433;-0.1103;-0.0272;0.1027;0.8067;0.4913;0.0821;0.3179;0;;;;;;;;;;;;;0;;;;;;;;0.2449;-0.5504;0.7982;-0.4951;-0.4590;0.3028;0.9472;0.2841;0.1420;-0.0426;;;;;;;;;;;;;0;;;;;;;;b974454d-ae33-4d16-9737-e66469f616ef;;OpenLoop;2026-05-18 09:46:38.4086;Hands;2;OpenXR
Right;;Baseline;0;NoMitigation;None;anonymous;Sample;8063;0.0000;-0.1103;-0.0272;0.1027;47.7774;41.4469;62.0433;-0.1103;-0.0272;0.1027;0.8067;0.4913;0.0821;0.3179;0;;;;;;;;;;;;;0;;;;;;;;0.2449;-0.5504;0.7982;-0.4951;-0.4590;0.3028;0.9472;0.2841;0.1420;-0.0426;;;;;;;;;;;;;0;;;;;;;;b974454d-ae33-4d16-9737-e66469f616ef;;OpenLoop;2026-05-18 09:46:38.4354;Hands;2;OpenXR
Right;;Baseline;0;NoMitigation;None;anonymous;Sample;8065;0.0000;-0.1103;-0.0272;0.1027;47.7774;41.4469;62.0433;-0.1103;-0.0272;0.1027;0.8067;0.4913;0.0821;0.3179;0;;;;;;;;;;;;;0;;;;;;;;0.2449;-0.5504;0.7982;-0.4951;-0.4590;0.3028;0.9472;0.2841;0.1420;-0.0426;;;;;;;;;;;;;0;;;;;;;;b974454d-ae33-4d16-9737-e66469f616ef;;OpenLoop;2026-05-18 09:46:38.4627;Hands;2;OpenXR
Right;;Baseline;0;NoMitigation;None;anonymous;Sample;8067;0.0000;-0.1103;-0.0272;0.1027;47.7774;41.4469;62.0433;-0.1103;-0.0272;0.1027;0.8067;0.4913;0.0821;0.3179;0;;;;;;;;;;;;;0;;;;;;;;0.2449;-0.5504;0.7982;-0.4951;-0.4590;0.3028;0.9472;0.2841;0.1420;-0.0426;;;;;;;;;;;;;0;;;;;;;;b974454d-ae33-4d16-9737-e66469f616ef;;OpenLoop;2026-05-18 09:46:38.4897;Hands;2;OpenXR
Right;;Baseline;0;NoMitigation;None;anonymous;Sample;8069;0.0000;-0.1103;-0.0272;0.1027;47.7774;41.4469;62.0433;-0.1103;-0.0272;0.1027;0.8067;0.4913;0.0821;0.3179;0;;;;;;;;;;;;;0;;;;;;;;0.2449;-0.5504;0.7982;-0.4951;-0.4590;0.3028;0.9472;0.2841;0.1420;-0.0426;;;;;;;;;;;;;0;;;;;;;;b974454d-ae33-4d16-9737-e66469f616ef;;OpenLoop;2026-05-18 09:46:38.5173;Hands;2;OpenXR
Right;;Baseline;0;NoMitigation;None;anonymous;Sample;8071;0.0000;-0.1103;-0.0272;0.1027;47.7774;41.4469;62.0433;-0.1103;-0.0272;0.1027;0.8067;0.4913;0.0821;0.3179;0;;;;;;;;;;;;;0;;;;;;;;0.2449;-0.5504;0.7982;-0.4951;-0.4590;0.3028;0.9472;0.2841;0.1420;-0.0426;;;;;;;;;;;;;0;;;;;;;;b974454d-ae33-4d16-9737-e66469f616ef;;OpenLoop;2026-05-18 09:46:38.5446;Hands;2;OpenXR
Right;;Baseline;0;NoMitigation;None;anonymous;Sample;8073;0.0000;-0.1103;-0.0272;0.1027;47.7774;41.4469;62.0433;-0.1103;-0.0272;0.1027;0.8067;0.4913;0.0821;0.3179;0;;;;;;;;;;;;;0;;;;;;;;0.2449;-0.5504;0.7982;-0.4951;-0.4590;0.3028;0.9472;0.2841;0.1420;-0.0426;;;;;;;;;;;;;0;;;;;;;;b974454d-ae33-4d16-9737-e66469f616ef;;OpenLoop;2026-05-18 09:46:38.5714;Hands;2;OpenXR
Right;;Baseline;0;NoMitigation;None;anonymous;Sample;8075;0.0000;-0.1103;-0.0272;0.1027;47.7774;41.4469;62.0433;-0.1103;-0.0272;0.1027;0.8067;0.4913;0.0821;0.3179;0;;;;;;;;;;;;;0;;;;;;;;0.2449;-0.5504;0.7982;-0.4951;-0.4590;0.3028;0.9472;0.2841;0.1420;-0.0426;;;;;;;;;;;;;0;;;;;;;;b974454d-ae33-4d16-9737-e66469f616ef;;OpenLoop;2026-05-18 09:46:38.5991;Hands;2;OpenXR
Right;;Baseline;0;NoMitigation;None;anonymous;Sample;8077;0.0000;-0.1103;-0.0272;0.1027;47.7774;41.4469;62.0433;-0.1103;-0.0272;0.1027;0.8067;0.4913;0.0821;0.3179;0;;;;;;;;;;;;;0;;;;;;;;0.2449;-0.5504;0.7982;-0.4951;-0.4590;0.3028;0.9472;0.2841;0.1420;-0.0426;;;;;;;;;;;;;0;;;;;;;;b974454d-ae33-4d16-9737-e66469f616ef;;OpenLoop;2026-05-18 09:46:38.6268;Hands;2;OpenXR
Right;;Baseline;0;NoMitigation;None;anonymous;Sample;8079;0.0000;-0.1103;-0.0272;0.1027;47.7774;41.4469;62.0433;-0.1103;-0.0272;0.1027;0.8067;0.4913;0.0821;0.3179;0;;;;;;;;;;;;;0;;;;;;;;0.2449;-0.5504;0.7982;-0.4951;-0.4590;0.3028;0.9472;0.2841;0.1420;-0.0426;;;;;;;;;;;;;0;;;;;;;;b974454d-ae33-4d16-9737-e66469f616ef;;OpenLoop;2026-05-18 09:46:38.6535;Hands;2;OpenXR
Right;;Baseline;0;NoMitigation;None;anonymous;Sample;8081;0.0000;-0.1103;-0.0272;0.1027;47.7774;41.4469;62.0433;-0.1103;-0.0272;0.1027;0.8067;0.4913;0.0821;0.3179;0;;;;;;;;;;;;;0;;;;;;;;0.2449;-0.5504;0.7982;-0.4951;-0.4590;0.3028;0.9472;0.2841;0.1420;-0.0426;;;;;;;;;;;;;0;;;;;;;;b974454d-ae33-4d16-9737-e66469f616ef;;OpenLoop;2026-05-18 09:46:38.6813;Hands;2;OpenXR
Right;;Baseline;0;NoMitigation;None;anonymous;Sample;8083;0.0000;-0.1103;-0.0272;0.1027;47.7774;41.4469;62.0433;-0.1103;-0.0272;0.1027;0.8067;0.4913;0.0821;0.3179;0;;;;;;;;;;;;;0;;;;;;;;0.2449;-0.5504;0.7982;-0.4951;-0.4590;0.3028;0.9472;0.2841;0.1420;-0.0426;;;;;;;;;;;;;0;;;;;;;;b974454d-ae33-4d16-9737-e66469f616ef;;OpenLoop;2026-05-18 09:46:38.7086;Hands;2;OpenXR
Right;;Baseline;0;NoMitigation;None;anonymous;Sample;8085;0.0000;-0.1103;-0.0272;0.1027;47.7774;41.4469;62.0433;-0.1103;-0.0272;0.1027;0.8067;0.4913;0.0821;0.3179;0;;;;;;;;;;;;;0;;;;;;;;0.2449;-0.5504;0.7982;-0.4951;-0.4590;0.3028;0.9472;0.2841;0.1420;-0.0426;;;;;;;;;;;;;0;;;;;;;;b974454d-ae33-4d16-9737-e66469f616ef;;OpenLoop;2026-05-18 09:46:38.7352;Hands;2;OpenXR
Right;;Baseline;0;NoMitigation;None;anonymous;Sample;8087;0.0000;-0.1103;-0.0272;0.1027;47.7774;41.4469;62.0433;-0.1103;-0.0272;0.1027;0.8067;0.4913;0.0821;0.3179;0;;;;;;;;;;;;;0;;;;;;;;0.2449;-0.5504;0.7982;-0.4951;-0.4590;0.3028;0.9472;0.2841;0.1420;-0.0426;;;;;;;;;;;;;0;;;;;;;;b974454d-ae33-4d16-9737-e66469f616ef;;OpenLoop;2026-05-18 09:46:38.7631;Hands;2;OpenXR
Right;;Baseline;0;NoMitigation;None;anonymous;Sample;8089;0.0000;-0.1103;-0.0272;0.1027;47.7774;41.4469;62.0433;-0.1103;-0.0272;0.1027;0.8067;0.4913;0.0821;0.3179;0;;;;;;;;;;;;;0;;;;;;;;0.2449;-0.5504;0.7982;-0.4951;-0.4590;0.3028;0.9472;0.2841;0.1420;-0.0426;;;;;;;;;;;;;0;;;;;;;;b974454d-ae33-4d16-9737-e66469f616ef;;OpenLoop;2026-05-18 09:46:38.7908;Hands;2;OpenXR
Right;;Baseline;0;NoMitigation;None;anonymous;Sample;8091;0.0000;-0.1103;-0.0272;0.1027;47.7774;41.4469;62.0433;-0.1103;-0.0272;0.1027;0.8067;0.4913;0.0821;0.3179;0;;;;;;;;;;;;;0;;;;;;;;0.2449;-0.5504;0.7982;-0.4951;-0.4590;0.3028;0.9472;0.2841;0.1420;-0.0426;;;;;;;;;;;;;0;;;;;;;;b974454d-ae33-4d16-9737-e66469f616ef;;OpenLoop;2026-05-18 09:46:38.8176;Hands;2;OpenXR
Right;;Baseline;0;NoMitigation;None;anonymous;Sample;8093;0.0000;-0.1103;-0.0272;0.1027;47.7774;41.4469;62.0433;-0.1103;-0.0272;0.1027;0.8067;0.4913;0.0821;0.3179;0;;;;;;;;;;;;;0;;;;;;;;0.2449;-0.5504;0.7982;-0.4951;-0.4590;0.3028;0.9472;0.2841;0.1420;-0.0426;;;;;;;;;;;;;0;;;;;;;;b974454d-ae33-4d16-9737-e66469f616ef;;OpenLoop;2026-05-18 09:46:38.8457;Hands;2;OpenXR
Right;;Baseline;0;NoMitigation;None;anonymous;Sample;8095;0.0000;-0.1103;-0.0272;0.1027;47.7774;41.4469;62.0433;-0.1103;-0.0272;0.1027;0.8067;0.4913;0.0821;0.3179;0;;;;;;;;;;;;;0;;;;;;;;0.2449;-0.5504;0.7982;-0.4951;-0.4590;0.3028;0.9472;0.2841;0.1420;-0.0426;;;;;;;;;;;;;0;;;;;;;;b974454d-ae33-4d16-9737-e66469f616ef;;OpenLoop;2026-05-18 09:46:38.8745;Hands;2;OpenXR
Right;;Baseline;0;NoMitigation;None;anonymous;Sample;8097;0.0000;-0.1103;-0.0272;0.1027;47.7774;41.4469;62.0433;-0.1103;-0.0272;0.1027;0.8067;0.4913;0.0821;0.3179;0;;;;;;;;;;;;;0;;;;;;;;0.2449;-0.5504;0.7982;-0.4951;-0.4590;0.3028;0.9472;0.2841;0.1420;-0.0426;;;;;;;;;;;;;0;;;;;;;;b974454d-ae33-4d16-9737-e66469f616ef;;OpenLoop;2026-05-18 09:46:38.9013;Hands;2;OpenXR
Right;;Baseline;0;NoMitigation;None;anonymous;Sample;8099;0.0000;-0.1103;-0.0272;0.1027;47.7774;41.4469;62.0433;-0.1103;-0.0272;0.1027;0.8067;0.4913;0.0821;0.3179;0;;;;;;;;;;;;;0;;;;;;;;0.2449;-0.5504;0.7982;-0.4951;-0.4590;0.3028;0.9472;0.2841;0.1420;-0.0426;;;;;;;;;;;;;0;;;;;;;;b974454d-ae33-4d16-9737-e66469f616ef;;OpenLoop;2026-05-18 09:46:38.9290;Hands;2;OpenXR
Right;;Baseline;0;NoMitigation;None;anonymous;Sample;8101;0.0000;-0.1103;-0.0272;0.1027;47.7774;41.4469;62.0433;-0.1103;-0.0272;0.1027;0.8067;0.4913;0.0821;0.3179;0;;;;;;;;;;;;;0;;;;;;;;0.2449;-0.5504;0.7982;-0.4951;-0.4590;0.3028;0.9472;0.2841;0.1420;-0.0426;;;;;;;;;;;;;0;;;;;;;;b974454d-ae33-4d16-9737-e66469f616ef;;OpenLoop;2026-05-18 09:46:38.9557;Hands;2;OpenXR
Right;;Baseline;0;NoMitigation;None;anonymous;Sample;8103;0.0000;-0.1103;-0.0272;0.1027;47.7774;41.4469;62.0433;-0.1103;-0.0272;0.1027;0.8067;0.4913;0.0821;0.3179;0;;;;;;;;;;;;;0;;;;;;;;0.2449;-0.5504;0.7982;-0.4951;-0.4590;0.3028;0.9472;0.2841;0.1420;-0.0426;;;;;;;;;;;;;0;;;;;;;;b974454d-ae33-4d16-9737-e66469f616ef;;OpenLoop;2026-05-18 09:46:38.9837;Hands;2;OpenXR
Right;;Baseline;0;NoMitigation;None;anonymous;Sample;8105;0.0000;-0.1103;-0.0272;0.1027;47.7774;41.4469;62.0433;-0.1103;-0.0272;0.1027;0.8067;0.4913;0.0821;0.3179;0;;;;;;;;;;;;;0;;;;;;;;0.2449;-0.5504;0.7982;-0.4951;-0.4590;0.3028;0.9472;0.2841;0.1420;-0.0426;;;;;;;;;;;;;0;;;;;;;;b974454d-ae33-4d16-9737-e66469f616ef;;OpenLoop;2026-05-18 09:46:39.0120;Hands;2;OpenXR
Right;;Baseline;0;NoMitigation;None;anonymous;Sample;8107;0.0000;-0.1103;-0.0272;0.1027;47.7774;41.4469;62.0433;-0.1103;-0.0272;0.1027;0.8067;0.4913;0.0821;0.3179;0;;;;;;;;;;;;;0;;;;;;;;0.2449;-0.5504;0.7982;-0.4951;-0.4590;0.3028;0.9472;0.2841;0.1420;-0.0426;;;;;;;;;;;;;0;;;;;;;;b974454d-ae33-4d16-9737-e66469f616ef;;OpenLoop;2026-05-18 09:46:39.0409;Hands;2;OpenXR
Right;;Baseline;0;NoMitigation;None;anonymous;Sample;8109;0.0000;-0.1103;-0.0272;0.1027;47.7774;41.4469;62.0433;-0.1103;-0.0272;0.1027;0.8067;0.4913;0.0821;0.3179;0;;;;;;;;;;;;;0;;;;;;;;0.2449;-0.5504;0.7982;-0.4951;-0.4590;0.3028;0.9472;0.2841;0.1420;-0.0426;;;;;;;;;;;;;0;;;;;;;;b974454d-ae33-4d16-9737-e66469f616ef;;OpenLoop;2026-05-18 09:46:39.0672;Hands;2;OpenXR
Right;;Baseline;0;NoMitigation;None;anonymous;Sample;8111;0.0000;-0.1103;-0.0272;0.1027;47.7774;41.4469;62.0433;-0.1103;-0.0272;0.1027;0.8067;0.4913;0.0821;0.3179;0;;;;;;;;;;;;;0;;;;;;;;0.2449;-0.5504;0.7982;-0.4951;-0.4590;0.3028;0.9472;0.2841;0.1420;-0.0426;;;;;;;;;;;;;0;;;;;;;;b974454d-ae33-4d16-9737-e66469f616ef;;OpenLoop;2026-05-18 09:46:39.0956;Hands;2;OpenXR
Right;;Baseline;0;NoMitigation;None;anonymous;Sample;8113;0.0000;-0.1103;-0.0272;0.1027;47.7774;41.4469;62.0433;-0.1103;-0.0272;0.1027;0.8067;0.4913;0.0821;0.3179;0;;;;;;;;;;;;;0;;;;;;;;0.2449;-0.5504;0.7982;-0.4951;-0.4590;0.3028;0.9472;0.2841;0.1420;-0.0426;;;;;;;;;;;;;0;;;;;;;;b974454d-ae33-4d16-9737-e66469f616ef;;OpenLoop;2026-05-18 09:46:39.1229;Hands;2;OpenXR
Right;;Baseline;0;NoMitigation;None;anonymous;Sample;8115;0.0000;-0.1103;-0.0272;0.1027;47.7774;41.4469;62.0433;-0.1103;-0.0272;0.1027;0.8067;0.4913;0.0821;0.3179;0;;;;;;;;;;;;;0;;;;;;;;0.2449;-0.5504;0.7982;-0.4951;-0.4590;0.3028;0.9472;0.2841;0.1420;-0.0426;;;;;;;;;;;;;0;;;;;;;;b974454d-ae33-4d16-9737-e66469f616ef;;OpenLoop;2026-05-18 09:46:39.1515;Hands;2;OpenXR
Right;;Baseline;0;NoMitigation;None;anonymous;Sample;8117;0.0000;-0.1103;-0.0272;0.1027;47.7774;41.4469;62.0433;-0.1103;-0.0272;0.1027;0.8067;0.4913;0.0821;0.3179;0;;;;;;;;;;;;;0;;;;;;;;0.2449;-0.5504;0.7982;-0.4951;-0.4590;0.3028;0.9472;0.2841;0.1420;-0.0426;;;;;;;;;;;;;0;;;;;;;;b974454d-ae33-4d16-9737-e66469f616ef;;OpenLoop;2026-05-18 09:46:39.1794;Hands;2;OpenXR
Right;;Baseline;0;NoMitigation;None;anonymous;Sample;8119;0.0000;-0.1103;-0.0272;0.1027;47.7774;41.4469;62.0433;-0.1103;-0.0272;0.1027;0.8067;0.4913;0.0821;0.3179;0;;;;;;;;;;;;;0;;;;;;;;0.2449;-0.5504;0.7982;-0.4951;-0.4590;0.3028;0.9472;0.2841;0.1420;-0.0426;;;;;;;;;;;;;0;;;;;;;;b974454d-ae33-4d16-9737-e66469f616ef;;OpenLoop;2026-05-18 09:46:39.2074;Hands;2;OpenXR
Right;;Baseline;0;NoMitigation;None;anonymous;Sample;8121;0.0000;-0.1103;-0.0272;0.1027;47.7774;41.4469;62.0433;-0.1103;-0.0272;0.1027;0.8067;0.4913;0.0821;0.3179;0;;;;;;;;;;;;;0;;;;;;;;0.2449;-0.5504;0.7982;-0.4951;-0.4590;0.3028;0.9472;0.2841;0.1420;-0.0426;;;;;;;;;;;;;0;;;;;;;;b974454d-ae33-4d16-9737-e66469f616ef;;OpenLoop;2026-05-18 09:46:39.2343;Hands;2;OpenXR
Right;;Baseline;0;NoMitigation;None;anonymous;Sample;8123;0.0000;-0.1103;-0.0272;0.1027;47.7774;41.4469;62.0433;-0.1103;-0.0272;0.1027;0.8067;0.4913;0.0821;0.3179;0;;;;;;;;;;;;;0;;;;;;;;0.2449;-0.5504;0.7982;-0.4951;-0.4590;0.3028;0.9472;0.2841;0.1420;-0.0426;;;;;;;;;;;;;0;;;;;;;;b974454d-ae33-4d16-9737-e66469f616ef;;OpenLoop;2026-05-18 09:46:39.2629;Hands;2;OpenXR
Right;;Baseline;0;NoMitigation;None;anonymous;Sample;8125;0.0000;-0.1103;-0.0272;0.1027;47.7774;41.4469;62.0433;-0.1103;-0.0272;0.1027;0.8067;0.4913;0.0821;0.3179;0;;;;;;;;;;;;;0;;;;;;;;0.2449;-0.5504;0.7982;-0.4951;-0.4590;0.3028;0.9472;0.2841;0.1420;-0.0426;;;;;;;;;;;;;0;;;;;;;;b974454d-ae33-4d16-9737-e66469f616ef;;OpenLoop;2026-05-18 09:46:39.2902;Hands;2;OpenXR
Right;;Baseline;0;NoMitigation;None;anonymous;Sample;8127;0.0000;-0.1103;-0.0272;0.1027;47.7774;41.4469;62.0433;-0.1103;-0.0272;0.1027;0.8067;0.4913;0.0821;0.3179;0;;;;;;;;;;;;;0;;;;;;;;0.2449;-0.5504;0.7982;-0.4951;-0.4590;0.3028;0.9472;0.2841;0.1420;-0.0426;;;;;;;;;;;;;0;;;;;;;;b974454d-ae33-4d16-9737-e66469f616ef;;OpenLoop;2026-05-18 09:46:39.3190;Hands;2;OpenXR
Right;;Baseline;0;NoMitigation;None;anonymous;Sample;8129;0.0000;-0.1103;-0.0272;0.1027;47.7774;41.4469;62.0433;-0.1103;-0.0272;0.1027;0.8067;0.4913;0.0821;0.3179;0;;;;;;;;;;;;;0;;;;;;;;0.2449;-0.5504;0.7982;-0.4951;-0.4590;0.3028;0.9472;0.2841;0.1420;-0.0426;;;;;;;;;;;;;0;;;;;;;;b974454d-ae33-4d16-9737-e66469f616ef;;OpenLoop;2026-05-18 09:46:39.3458;Hands;2;OpenXR
Right;;Baseline;0;NoMitigation;None;anonymous;Sample;8131;0.0000;-0.1103;-0.0272;0.1027;47.7774;41.4469;62.0433;-0.1103;-0.0272;0.1027;0.8067;0.4913;0.0821;0.3179;0;;;;;;;;;;;;;0;;;;;;;;0.2449;-0.5504;0.7982;-0.4951;-0.4590;0.3028;0.9472;0.2841;0.1420;-0.0426;;;;;;;;;;;;;0;;;;;;;;b974454d-ae33-4d16-9737-e66469f616ef;;OpenLoop;2026-05-18 09:46:39.3756;Hands;2;OpenXR
Right;;Baseline;0;NoMitigation;None;anonymous;Sample;8133;0.0000;-0.1103;-0.0272;0.1027;47.7774;41.4469;62.0433;-0.1103;-0.0272;0.1027;0.8067;0.4913;0.0821;0.3179;0;;;;;;;;;;;;;0;;;;;;;;0.2449;-0.5504;0.7982;-0.4951;-0.4590;0.3028;0.9472;0.2841;0.1420;-0.0426;;;;;;;;;;;;;0;;;;;;;;b974454d-ae33-4d16-9737-e66469f616ef;;OpenLoop;2026-05-18 09:46:39.4039;Hands;2;OpenXR
Right;;Baseline;0;NoMitigation;None;anonymous;Sample;8135;0.0000;-0.1103;-0.0272;0.1027;47.7774;41.4469;62.0433;-0.1103;-0.0272;0.1027;0.8067;0.4913;0.0821;0.3179;0;;;;;;;;;;;;;0;;;;;;;;0.2449;-0.5504;0.7982;-0.4951;-0.4590;0.3028;0.9472;0.2841;0.1420;-0.0426;;;;;;;;;;;;;0;;;;;;;;b974454d-ae33-4d16-9737-e66469f616ef;;OpenLoop;2026-05-18 09:46:39.4323;Hands;2;OpenXR
Right;;Baseline;0;NoMitigation;None;anonymous;Sample;8137;0.0000;-0.1103;-0.0272;0.1027;47.7774;41.4469;62.0433;-0.1103;-0.0272;0.1027;0.8067;0.4913;0.0821;0.3179;0;;;;;;;;;;;;;0;;;;;;;;0.2449;-0.5504;0.7982;-0.4951;-0.4590;0.3028;0.9472;0.2841;0.1420;-0.0426;;;;;;;;;;;;;0;;;;;;;;b974454d-ae33-4d16-9737-e66469f616ef;;OpenLoop;2026-05-18 09:46:39.4606;Hands;2;OpenXR
Right;;Baseline;0;NoMitigation;None;anonymous;Sample;8139;0.0000;-0.1103;-0.0272;0.1027;47.7774;41.4469;62.0433;-0.1103;-0.0272;0.1027;0.8067;0.4913;0.0821;0.3179;0;;;;;;;;;;;;;0;;;;;;;;0.2449;-0.5504;0.7982;-0.4951;-0.4590;0.3028;0.9472;0.2841;0.1420;-0.0426;;;;;;;;;;;;;0;;;;;;;;b974454d-ae33-4d16-9737-e66469f616ef;;OpenLoop;2026-05-18 09:46:39.4883;Hands;2;OpenXR
Right;;Baseline;0;NoMitigation;None;anonymous;Sample;8141;0.0000;-0.1103;-0.0272;0.1027;47.7774;41.4469;62.0433;-0.1103;-0.0272;0.1027;0.8067;0.4913;0.0821;0.3179;0;;;;;;;;;;;;;0;;;;;;;;0.2449;-0.5504;0.7982;-0.4951;-0.4590;0.3028;0.9472;0.2841;0.1420;-0.0426;;;;;;;;;;;;;0;;;;;;;;b974454d-ae33-4d16-9737-e66469f616ef;;OpenLoop;2026-05-18 09:46:39.5170;Hands;2;OpenXR
Right;;Baseline;0;NoMitigation;None;anonymous;Sample;8143;0.0000;-0.1103;-0.0272;0.1027;47.7774;41.4469;62.0433;-0.1103;-0.0272;0.1027;0.8067;0.4913;0.0821;0.3179;0;;;;;;;;;;;;;0;;;;;;;;0.2449;-0.5504;0.7982;-0.4951;-0.4590;0.3028;0.9472;0.2841;0.1420;-0.0426;;;;;;;;;;;;;0;;;;;;;;b974454d-ae33-4d16-9737-e66469f616ef;;OpenLoop;2026-05-18 09:46:39.5467;Hands;2;OpenXR
Right;;Baseline;0;NoMitigation;None;anonymous;Sample;8145;0.0000;-0.1103;-0.0272;0.1027;47.7774;41.4469;62.0433;-0.1103;-0.0272;0.1027;0.8067;0.4913;0.0821;0.3179;0;;;;;;;;;;;;;0;;;;;;;;0.2449;-0.5504;0.7982;-0.4951;-0.4590;0.3028;0.9472;0.2841;0.1420;-0.0426;;;;;;;;;;;;;0;;;;;;;;b974454d-ae33-4d16-9737-e66469f616ef;;OpenLoop;2026-05-18 09:46:39.5750;Hands;2;OpenXR
Right;;Baseline;0;NoMitigation;None;anonymous;Sample;8147;0.0000;-0.1103;-0.0272;0.1027;47.7774;41.4469;62.0433;-0.1103;-0.0272;0.1027;0.8067;0.4913;0.0821;0.3179;0;;;;;;;;;;;;;0;;;;;;;;0.2449;-0.5504;0.7982;-0.4951;-0.4590;0.3028;0.9472;0.2841;0.1420;-0.0426;;;;;;;;;;;;;0;;;;;;;;b974454d-ae33-4d16-9737-e66469f616ef;;OpenLoop;2026-05-18 09:46:39.6044;Hands;2;OpenXR
Right;;Baseline;0;NoMitigation;None;anonymous;Sample;8149;0.0000;-0.1103;-0.0272;0.1027;47.7774;41.4469;62.0433;-0.1103;-0.0272;0.1027;0.8067;0.4913;0.0821;0.3179;0;;;;;;;;;;;;;0;;;;;;;;0.2449;-0.5504;0.7982;-0.4951;-0.4590;0.3028;0.9472;0.2841;0.1420;-0.0426;;;;;;;;;;;;;0;;;;;;;;b974454d-ae33-4d16-9737-e66469f616ef;;OpenLoop;2026-05-18 09:46:39.6330;Hands;2;OpenXR
Right;;Baseline;0;NoMitigation;None;anonymous;Sample;8151;0.0000;-0.1103;-0.0272;0.1027;47.7774;41.4469;62.0433;-0.1103;-0.0272;0.1027;0.8067;0.4913;0.0821;0.3179;0;;;;;;;;;;;;;0;;;;;;;;0.2449;-0.5504;0.7982;-0.4951;-0.4590;0.3028;0.9472;0.2841;0.1420;-0.0426;;;;;;;;;;;;;0;;;;;;;;b974454d-ae33-4d16-9737-e66469f616ef;;OpenLoop;2026-05-18 09:46:39.6616;Hands;2;OpenXR
Right;;Baseline;0;NoMitigation;None;anonymous;Sample;8153;0.0000;-0.1103;-0.0272;0.1027;47.7774;41.4469;62.0433;-0.1103;-0.0272;0.1027;0.8067;0.4913;0.0821;0.3179;0;;;;;;;;;;;;;0;;;;;;;;0.2449;-0.5504;0.7982;-0.4951;-0.4590;0.3028;0.9472;0.2841;0.1420;-0.0426;;;;;;;;;;;;;0;;;;;;;;b974454d-ae33-4d16-9737-e66469f616ef;;OpenLoop;2026-05-18 09:46:39.6903;Hands;2;OpenXR
Right;;Baseline;0;NoMitigation;None;anonymous;Sample;8155;0.0000;-0.1103;-0.0272;0.1027;47.7774;41.4469;62.0433;-0.1103;-0.0272;0.1027;0.8067;0.4913;0.0821;0.3179;0;;;;;;;;;;;;;0;;;;;;;;0.2449;-0.5504;0.7982;-0.4951;-0.4590;0.3028;0.9472;0.2841;0.1420;-0.0426;;;;;;;;;;;;;0;;;;;;;;b974454d-ae33-4d16-9737-e66469f616ef;;OpenLoop;2026-05-18 09:46:39.7192;Hands;2;OpenXR
Right;;Baseline;0;NoMitigation;None;anonymous;Sample;8157;0.0000;-0.1103;-0.0272;0.1027;47.7774;41.4469;62.0433;-0.1103;-0.0272;0.1027;0.8067;0.4913;0.0821;0.3179;0;;;;;;;;;;;;;0;;;;;;;;0.2449;-0.5504;0.7982;-0.4951;-0.4590;0.3028;0.9472;0.2841;0.1420;-0.0426;;;;;;;;;;;;;0;;;;;;;;b974454d-ae33-4d16-9737-e66469f616ef;;OpenLoop;2026-05-18 09:46:39.7486;Hands;2;OpenXR
Right;;Baseline;0;NoMitigation;None;anonymous;Sample;8159;0.0000;-0.1103;-0.0272;0.1027;47.7774;41.4469;62.0433;-0.1103;-0.0272;0.1027;0.8067;0.4913;0.0821;0.3179;0;;;;;;;;;;;;;0;;;;;;;;0.2449;-0.5504;0.7982;-0.4951;-0.4590;0.3028;0.9472;0.2841;0.1420;-0.0426;;;;;;;;;;;;;0;;;;;;;;b974454d-ae33-4d16-9737-e66469f616ef;;OpenLoop;2026-05-18 09:46:39.7771;Hands;2;OpenXR
Right;;Baseline;0;NoMitigation;None;anonymous;Sample;8161;0.0000;-0.1103;-0.0272;0.1027;47.7774;41.4469;62.0433;-0.1103;-0.0272;0.1027;0.8067;0.4913;0.0821;0.3179;0;;;;;;;;;;;;;0;;;;;;;;0.2449;-0.5504;0.7982;-0.4951;-0.4590;0.3028;0.9472;0.2841;0.1420;-0.0426;;;;;;;;;;;;;0;;;;;;;;b974454d-ae33-4d16-9737-e66469f616ef;;OpenLoop;2026-05-18 09:46:39.8071;Hands;2;OpenXR
Right;;Baseline;0;NoMitigation;None;anonymous;Sample;8163;0.0000;-0.1103;-0.0272;0.1027;47.7774;41.4469;62.0433;-0.1103;-0.0272;0.1027;0.8067;0.4913;0.0821;0.3179;0;;;;;;;;;;;;;0;;;;;;;;0.2449;-0.5504;0.7982;-0.4951;-0.4590;0.3028;0.9472;0.2841;0.1420;-0.0426;;;;;;;;;;;;;0;;;;;;;;b974454d-ae33-4d16-9737-e66469f616ef;;OpenLoop;2026-05-18 09:46:39.8342;Hands;2;OpenXR
Right;;Baseline;0;NoMitigation;None;anonymous;Sample;8165;0.0000;-0.1103;-0.0272;0.1027;47.7774;41.4469;62.0433;-0.1103;-0.0272;0.1027;0.8067;0.4913;0.0821;0.3179;0;;;;;;;;;;;;;0;;;;;;;;0.2449;-0.5504;0.7982;-0.4951;-0.4590;0.3028;0.9472;0.2841;0.1420;-0.0426;;;;;;;;;;;;;0;;;;;;;;b974454d-ae33-4d16-9737-e66469f616ef;;OpenLoop;2026-05-18 09:46:39.8642;Hands;2;OpenXR
Right;;Baseline;0;NoMitigation;None;anonymous;Sample;8167;0.0000;-0.1103;-0.0272;0.1027;47.7774;41.4469;62.0433;-0.1103;-0.0272;0.1027;0.8067;0.4913;0.0821;0.3179;0;;;;;;;;;;;;;0;;;;;;;;0.2449;-0.5504;0.7982;-0.4951;-0.4590;0.3028;0.9472;0.2841;0.1420;-0.0426;;;;;;;;;;;;;0;;;;;;;;b974454d-ae33-4d16-9737-e66469f616ef;;OpenLoop;2026-05-18 09:46:39.8925;Hands;2;OpenXR
Right;;Baseline;0;NoMitigation;None;anonymous;Sample;8169;0.0000;-0.1103;-0.0272;0.1027;47.7774;41.4469;62.0433;-0.1103;-0.0272;0.1027;0.8067;0.4913;0.0821;0.3179;0;;;;;;;;;;;;;0;;;;;;;;0.2449;-0.5504;0.7982;-0.4951;-0.4590;0.3028;0.9472;0.2841;0.1420;-0.0426;;;;;;;;;;;;;0;;;;;;;;b974454d-ae33-4d16-9737-e66469f616ef;;OpenLoop;2026-05-18 09:46:39.9223;Hands;2;OpenXR
Right;;Baseline;0;NoMitigation;None;anonymous;Sample;8171;0.0000;-0.1103;-0.0272;0.1027;47.7774;41.4469;62.0433;-0.1103;-0.0272;0.1027;0.8067;0.4913;0.0821;0.3179;0;;;;;;;;;;;;;0;;;;;;;;0.2449;-0.5504;0.7982;-0.4951;-0.4590;0.3028;0.9472;0.2841;0.1420;-0.0426;;;;;;;;;;;;;0;;;;;;;;b974454d-ae33-4d16-9737-e66469f616ef;;OpenLoop;2026-05-18 09:46:39.9503;Hands;2;OpenXR
Right;;Baseline;0;NoMitigation;None;anonymous;Sample;8173;0.0000;-0.1103;-0.0272;0.1027;47.7774;41.4469;62.0433;-0.1103;-0.0272;0.1027;0.8067;0.4913;0.0821;0.3179;0;;;;;;;;;;;;;0;;;;;;;;0.2449;-0.5504;0.7982;-0.4951;-0.4590;0.3028;0.9472;0.2841;0.1420;-0.0426;;;;;;;;;;;;;0;;;;;;;;b974454d-ae33-4d16-9737-e66469f616ef;;OpenLoop;2026-05-18 09:46:39.9812;Hands;2;OpenXR
Right;;Baseline;0;NoMitigation;None;anonymous;Sample;8175;0.0000;-0.1103;-0.0272;0.1027;47.7774;41.4469;62.0433;-0.1103;-0.0272;0.1027;0.8067;0.4913;0.0821;0.3179;0;;;;;;;;;;;;;0;;;;;;;;0.2449;-0.5504;0.7982;-0.4951;-0.4590;0.3028;0.9472;0.2841;0.1420;-0.0426;;;;;;;;;;;;;0;;;;;;;;b974454d-ae33-4d16-9737-e66469f616ef;;OpenLoop;2026-05-18 09:46:40.0107;Hands;2;OpenXR
Right;;Baseline;0;NoMitigation;None;anonymous;Sample;8177;0.0000;-0.1103;-0.0272;0.1027;47.7774;41.4469;62.0433;-0.1103;-0.0272;0.1027;0.8067;0.4913;0.0821;0.3179;0;;;;;;;;;;;;;0;;;;;;;;0.2449;-0.5504;0.7982;-0.4951;-0.4590;0.3028;0.9472;0.2841;0.1420;-0.0426;;;;;;;;;;;;;0;;;;;;;;b974454d-ae33-4d16-9737-e66469f616ef;;OpenLoop;2026-05-18 09:46:40.0383;Hands;2;OpenXR
Right;;Baseline;0;NoMitigation;None;anonymous;Sample;8179;0.0000;-0.1103;-0.0272;0.1027;47.7774;41.4469;62.0433;-0.1103;-0.0272;0.1027;0.8067;0.4913;0.0821;0.3179;0;;;;;;;;;;;;;0;;;;;;;;0.2449;-0.5504;0.7982;-0.4951;-0.4590;0.3028;0.9472;0.2841;0.1420;-0.0426;;;;;;;;;;;;;0;;;;;;;;b974454d-ae33-4d16-9737-e66469f616ef;;OpenLoop;2026-05-18 09:46:40.0694;Hands;2;OpenXR
Right;;Baseline;0;NoMitigation;None;anonymous;Sample;8181;0.0000;-0.1103;-0.0272;0.1027;47.7774;41.4469;62.0433;-0.1103;-0.0272;0.1027;0.8067;0.4913;0.0821;0.3179;0;;;;;;;;;;;;;0;;;;;;;;0.2449;-0.5504;0.7982;-0.4951;-0.4590;0.3028;0.9472;0.2841;0.1420;-0.0426;;;;;;;;;;;;;0;;;;;;;;b974454d-ae33-4d16-9737-e66469f616ef;;OpenLoop;2026-05-18 09:46:40.0972;Hands;2;OpenXR
Right;;Baseline;0;NoMitigation;None;anonymous;Sample;8183;0.0000;-0.1103;-0.0272;0.1027;47.7774;41.4469;62.0433;-0.1103;-0.0272;0.1027;0.8067;0.4913;0.0821;0.3179;0;;;;;;;;;;;;;0;;;;;;;;0.2449;-0.5504;0.7982;-0.4951;-0.4590;0.3028;0.9472;0.2841;0.1420;-0.0426;;;;;;;;;;;;;0;;;;;;;;b974454d-ae33-4d16-9737-e66469f616ef;;OpenLoop;2026-05-18 09:46:40.1271;Hands;2;OpenXR
Right;;Baseline;0;NoMitigation;None;anonymous;Sample;8185;0.0000;-0.1103;-0.0272;0.1027;47.7774;41.4469;62.0433;-0.1103;-0.0272;0.1027;0.8067;0.4913;0.0821;0.3179;0;;;;;;;;;;;;;0;;;;;;;;0.2449;-0.5504;0.7982;-0.4951;-0.4590;0.3028;0.9472;0.2841;0.1420;-0.0426;;;;;;;;;;;;;0;;;;;;;;b974454d-ae33-4d16-9737-e66469f616ef;;OpenLoop;2026-05-18 09:46:40.1558;Hands;2;OpenXR
Right;;Baseline;0;NoMitigation;None;anonymous;Sample;8187;0.0000;-0.1103;-0.0272;0.1027;47.7774;41.4469;62.0433;-0.1103;-0.0272;0.1027;0.8067;0.4913;0.0821;0.3179;0;;;;;;;;;;;;;0;;;;;;;;0.2449;-0.5504;0.7982;-0.4951;-0.4590;0.3028;0.9472;0.2841;0.1420;-0.0426;;;;;;;;;;;;;0;;;;;;;;b974454d-ae33-4d16-9737-e66469f616ef;;OpenLoop;2026-05-18 09:46:40.1872;Hands;2;OpenXR
Right;;Baseline;0;NoMitigation;None;anonymous;Sample;8189;0.0000;-0.1103;-0.0272;0.1027;47.7774;41.4469;62.0433;-0.1103;-0.0272;0.1027;0.8067;0.4913;0.0821;0.3179;0;;;;;;;;;;;;;0;;;;;;;;0.2449;-0.5504;0.7982;-0.4951;-0.4590;0.3028;0.9472;0.2841;0.1420;-0.0426;;;;;;;;;;;;;0;;;;;;;;b974454d-ae33-4d16-9737-e66469f616ef;;OpenLoop;2026-05-18 09:46:40.2144;Hands;2;OpenXR
Right;;Baseline;0;NoMitigation;None;anonymous;Sample;8191;0.0000;-0.1103;-0.0272;0.1027;47.7774;41.4469;62.0433;-0.1103;-0.0272;0.1027;0.8067;0.4913;0.0821;0.3179;0;;;;;;;;;;;;;0;;;;;;;;0.2449;-0.5504;0.7982;-0.4951;-0.4590;0.3028;0.9472;0.2841;0.1420;-0.0426;;;;;;;;;;;;;0;;;;;;;;b974454d-ae33-4d16-9737-e66469f616ef;;OpenLoop;2026-05-18 09:46:40.2453;Hands;2;OpenXR
Right;;Baseline;0;NoMitigation;None;anonymous;Sample;8193;0.0000;-0.1103;-0.0272;0.1027;47.7774;41.4469;62.0433;-0.1103;-0.0272;0.1027;0.8067;0.4913;0.0821;0.3179;0;;;;;;;;;;;;;0;;;;;;;;0.2449;-0.5504;0.7982;-0.4951;-0.4590;0.3028;0.9472;0.2841;0.1420;-0.0426;;;;;;;;;;;;;0;;;;;;;;b974454d-ae33-4d16-9737-e66469f616ef;;OpenLoop;2026-05-18 09:46:40.2746;Hands;2;OpenXR
Right;;Baseline;0;NoMitigation;None;anonymous;Sample;8195;0.0000;-0.1103;-0.0272;0.1027;47.7774;41.4469;62.0433;-0.1103;-0.0272;0.1027;0.8067;0.4913;0.0821;0.3179;0;;;;;;;;;;;;;0;;;;;;;;0.2449;-0.5504;0.7982;-0.4951;-0.4590;0.3028;0.9472;0.2841;0.1420;-0.0426;;;;;;;;;;;;;0;;;;;;;;b974454d-ae33-4d16-9737-e66469f616ef;;OpenLoop;2026-05-18 09:46:40.3052;Hands;2;OpenXR
Right;;Baseline;0;NoMitigation;None;anonymous;Sample;8197;0.0000;-0.1103;-0.0272;0.1027;47.7774;41.4469;62.0433;-0.1103;-0.0272;0.1027;0.8067;0.4913;0.0821;0.3179;0;;;;;;;;;;;;;0;;;;;;;;0.2449;-0.5504;0.7982;-0.4951;-0.4590;0.3028;0.9472;0.2841;0.1420;-0.0426;;;;;;;;;;;;;0;;;;;;;;b974454d-ae33-4d16-9737-e66469f616ef;;OpenLoop;2026-05-18 09:46:40.3345;Hands;2;OpenXR
Right;;Baseline;0;NoMitigation;None;anonymous;Sample;8199;0.0000;-0.1103;-0.0272;0.1027;47.7774;41.4469;62.0433;-0.1103;-0.0272;0.1027;0.8067;0.4913;0.0821;0.3179;0;;;;;;;;;;;;;0;;;;;;;;0.2449;-0.5504;0.7982;-0.4951;-0.4590;0.3028;0.9472;0.2841;0.1420;-0.0426;;;;;;;;;;;;;0;;;;;;;;b974454d-ae33-4d16-9737-e66469f616ef;;OpenLoop;2026-05-18 09:46:40.3646;Hands;2;OpenXR
Right;;Baseline;0;NoMitigation;None;anonymous;Sample;8201;0.0000;-0.1103;-0.0272;0.1027;47.7774;41.4469;62.0433;-0.1103;-0.0272;0.1027;0.8067;0.4913;0.0821;0.3179;0;;;;;;;;;;;;;0;;;;;;;;0.2449;-0.5504;0.7982;-0.4951;-0.4590;0.3028;0.9472;0.2841;0.1420;-0.0426;;;;;;;;;;;;;0;;;;;;;;b974454d-ae33-4d16-9737-e66469f616ef;;OpenLoop;2026-05-18 09:46:40.3944;Hands;2;OpenXR
Right;;Baseline;0;NoMitigation;None;anonymous;Sample;8203;0.0000;-0.1103;-0.0272;0.1027;47.7774;41.4469;62.0433;-0.1103;-0.0272;0.1027;0.8067;0.4913;0.0821;0.3179;0;;;;;;;;;;;;;0;;;;;;;;0.2449;-0.5504;0.7982;-0.4951;-0.4590;0.3028;0.9472;0.2841;0.1420;-0.0426;;;;;;;;;;;;;0;;;;;;;;b974454d-ae33-4d16-9737-e66469f616ef;;OpenLoop;2026-05-18 09:46:40.4243;Hands;2;OpenXR
Right;;Baseline;0;NoMitigation;None;anonymous;Sample;8205;0.0000;-0.1103;-0.0272;0.1027;47.7774;41.4469;62.0433;-0.1103;-0.0272;0.1027;0.8067;0.4913;0.0821;0.3179;0;;;;;;;;;;;;;0;;;;;;;;0.2449;-0.5504;0.7982;-0.4951;-0.4590;0.3028;0.9472;0.2841;0.1420;-0.0426;;;;;;;;;;;;;0;;;;;;;;b974454d-ae33-4d16-9737-e66469f616ef;;OpenLoop;2026-05-18 09:46:40.4550;Hands;2;OpenXR
Right;;Baseline;0;NoMitigation;None;anonymous;Sample;8207;0.0000;-0.1103;-0.0272;0.1027;47.7774;41.4469;62.0433;-0.1103;-0.0272;0.1027;0.8067;0.4913;0.0821;0.3179;0;;;;;;;;;;;;;0;;;;;;;;0.2449;-0.5504;0.7982;-0.4951;-0.4590;0.3028;0.9472;0.2841;0.1420;-0.0426;;;;;;;;;;;;;0;;;;;;;;b974454d-ae33-4d16-9737-e66469f616ef;;OpenLoop;2026-05-18 09:46:40.4843;Hands;2;OpenXR
Right;;Baseline;0;NoMitigation;None;anonymous;Sample;8209;0.0000;-0.1103;-0.0272;0.1027;47.7774;41.4469;62.0433;-0.1103;-0.0272;0.1027;0.8067;0.4913;0.0821;0.3179;0;;;;;;;;;;;;;0;;;;;;;;0.2449;-0.5504;0.7982;-0.4951;-0.4590;0.3028;0.9472;0.2841;0.1420;-0.0426;;;;;;;;;;;;;0;;;;;;;;b974454d-ae33-4d16-9737-e66469f616ef;;OpenLoop;2026-05-18 09:46:40.5137;Hands;2;OpenXR
Right;;Baseline;0;NoMitigation;None;anonymous;Sample;8211;0.0000;-0.1103;-0.0272;0.1027;47.7774;41.4469;62.0433;-0.1103;-0.0272;0.1027;0.8067;0.4913;0.0821;0.3179;0;;;;;;;;;;;;;0;;;;;;;;0.2449;-0.5504;0.7982;-0.4951;-0.4590;0.3028;0.9472;0.2841;0.1420;-0.0426;;;;;;;;;;;;;0;;;;;;;;b974454d-ae33-4d16-9737-e66469f616ef;;OpenLoop;2026-05-18 09:46:40.5452;Hands;2;OpenXR
Right;;Baseline;0;NoMitigation;None;anonymous;Sample;8213;0.0000;-0.1103;-0.0272;0.1027;47.7774;41.4469;62.0433;-0.1103;-0.0272;0.1027;0.8067;0.4913;0.0821;0.3179;0;;;;;;;;;;;;;0;;;;;;;;0.2449;-0.5504;0.7982;-0.4951;-0.4590;0.3028;0.9472;0.2841;0.1420;-0.0426;;;;;;;;;;;;;0;;;;;;;;b974454d-ae33-4d16-9737-e66469f616ef;;OpenLoop;2026-05-18 09:46:40.5743;Hands;2;OpenXR
Right;;Baseline;0;NoMitigation;None;anonymous;Sample;8215;0.0000;-0.1103;-0.0272;0.1027;47.7774;41.4469;62.0433;-0.1103;-0.0272;0.1027;0.8067;0.4913;0.0821;0.3179;0;;;;;;;;;;;;;0;;;;;;;;0.2449;-0.5504;0.7982;-0.4951;-0.4590;0.3028;0.9472;0.2841;0.1420;-0.0426;;;;;;;;;;;;;0;;;;;;;;b974454d-ae33-4d16-9737-e66469f616ef;;OpenLoop;2026-05-18 09:46:40.6046;Hands;2;OpenXR
Right;;Baseline;0;NoMitigation;None;anonymous;Sample;8217;0.0000;-0.1103;-0.0272;0.1027;47.7774;41.4469;62.0433;-0.1103;-0.0272;0.1027;0.8067;0.4913;0.0821;0.3179;0;;;;;;;;;;;;;0;;;;;;;;0.2449;-0.5504;0.7982;-0.4951;-0.4590;0.3028;0.9472;0.2841;0.1420;-0.0426;;;;;;;;;;;;;0;;;;;;;;b974454d-ae33-4d16-9737-e66469f616ef;;OpenLoop;2026-05-18 09:46:40.6353;Hands;2;OpenXR
Right;;Baseline;0;NoMitigation;None;anonymous;Sample;8219;0.0000;-0.1103;-0.0272;0.1027;47.7774;41.4469;62.0433;-0.1103;-0.0272;0.1027;0.8067;0.4913;0.0821;0.3179;0;;;;;;;;;;;;;0;;;;;;;;0.2449;-0.5504;0.7982;-0.4951;-0.4590;0.3028;0.9472;0.2841;0.1420;-0.0426;;;;;;;;;;;;;0;;;;;;;;b974454d-ae33-4d16-9737-e66469f616ef;;OpenLoop;2026-05-18 09:46:40.6662;Hands;2;OpenXR
Right;;Baseline;0;NoMitigation;None;anonymous;Sample;8221;0.0000;-0.1103;-0.0272;0.1027;47.7774;41.4469;62.0433;-0.1103;-0.0272;0.1027;0.8067;0.4913;0.0821;0.3179;0;;;;;;;;;;;;;0;;;;;;;;0.2449;-0.5504;0.7982;-0.4951;-0.4590;0.3028;0.9472;0.2841;0.1420;-0.0426;;;;;;;;;;;;;0;;;;;;;;b974454d-ae33-4d16-9737-e66469f616ef;;OpenLoop;2026-05-18 09:46:40.6959;Hands;2;OpenXR
Right;;Baseline;0;NoMitigation;None;anonymous;Sample;8223;0.0000;-0.1103;-0.0272;0.1027;47.7774;41.4469;62.0433;-0.1103;-0.0272;0.1027;0.8067;0.4913;0.0821;0.3179;0;;;;;;;;;;;;;0;;;;;;;;0.2449;-0.5504;0.7982;-0.4951;-0.4590;0.3028;0.9472;0.2841;0.1420;-0.0426;;;;;;;;;;;;;0;;;;;;;;b974454d-ae33-4d16-9737-e66469f616ef;;OpenLoop;2026-05-18 09:46:40.7274;Hands;2;OpenXR
Right;;Baseline;0;NoMitigation;None;anonymous;Sample;8225;0.0000;-0.1103;-0.0272;0.1027;47.7774;41.4469;62.0433;-0.1103;-0.0272;0.1027;0.8067;0.4913;0.0821;0.3179;0;;;;;;;;;;;;;0;;;;;;;;0.2449;-0.5504;0.7982;-0.4951;-0.4590;0.3028;0.9472;0.2841;0.1420;-0.0426;;;;;;;;;;;;;0;;;;;;;;b974454d-ae33-4d16-9737-e66469f616ef;;OpenLoop;2026-05-18 09:46:40.7577;Hands;2;OpenXR
Right;;Baseline;0;NoMitigation;None;anonymous;Sample;8227;0.0000;-0.1103;-0.0272;0.1027;47.7774;41.4469;62.0433;-0.1103;-0.0272;0.1027;0.8067;0.4913;0.0821;0.3179;0;;;;;;;;;;;;;0;;;;;;;;0.2449;-0.5504;0.7982;-0.4951;-0.4590;0.3028;0.9472;0.2841;0.1420;-0.0426;;;;;;;;;;;;;0;;;;;;;;b974454d-ae33-4d16-9737-e66469f616ef;;OpenLoop;2026-05-18 09:46:40.7876;Hands;2;OpenXR
Right;;Baseline;0;NoMitigation;None;anonymous;Sample;8229;0.0000;-0.1103;-0.0272;0.1027;47.7774;41.4469;62.0433;-0.1103;-0.0272;0.1027;0.8067;0.4913;0.0821;0.3179;0;;;;;;;;;;;;;0;;;;;;;;0.2449;-0.5504;0.7982;-0.4951;-0.4590;0.3028;0.9472;0.2841;0.1420;-0.0426;;;;;;;;;;;;;0;;;;;;;;b974454d-ae33-4d16-9737-e66469f616ef;;OpenLoop;2026-05-18 09:46:40.8189;Hands;2;OpenXR
Right;;Baseline;0;NoMitigation;None;anonymous;Sample;8231;0.0000;-0.1103;-0.0272;0.1027;47.7774;41.4469;62.0433;-0.1103;-0.0272;0.1027;0.8067;0.4913;0.0821;0.3179;0;;;;;;;;;;;;;0;;;;;;;;0.2449;-0.5504;0.7982;-0.4951;-0.4590;0.3028;0.9472;0.2841;0.1420;-0.0426;;;;;;;;;;;;;0;;;;;;;;b974454d-ae33-4d16-9737-e66469f616ef;;OpenLoop;2026-05-18 09:46:40.8499;Hands;2;OpenXR
Right;;Baseline;0;NoMitigation;None;anonymous;Sample;8233;0.0000;-0.1103;-0.0272;0.1027;47.7774;41.4469;62.0433;-0.1103;-0.0272;0.1027;0.8067;0.4913;0.0821;0.3179;0;;;;;;;;;;;;;0;;;;;;;;0.2449;-0.5504;0.7982;-0.4951;-0.4590;0.3028;0.9472;0.2841;0.1420;-0.0426;;;;;;;;;;;;;0;;;;;;;;b974454d-ae33-4d16-9737-e66469f616ef;;OpenLoop;2026-05-18 09:46:40.8801;Hands;2;OpenXR
Right;;Baseline;0;NoMitigation;None;anonymous;Sample;8235;0.0000;-0.1103;-0.0272;0.1027;47.7774;41.4469;62.0433;-0.1103;-0.0272;0.1027;0.8067;0.4913;0.0821;0.3179;0;;;;;;;;;;;;;0;;;;;;;;0.2449;-0.5504;0.7982;-0.4951;-0.4590;0.3028;0.9472;0.2841;0.1420;-0.0426;;;;;;;;;;;;;0;;;;;;;;b974454d-ae33-4d16-9737-e66469f616ef;;OpenLoop;2026-05-18 09:46:40.9123;Hands;2;OpenXR
Right;;Baseline;0;NoMitigation;None;anonymous;Sample;8237;0.0000;-0.1103;-0.0272;0.1027;47.7774;41.4469;62.0433;-0.1103;-0.0272;0.1027;0.8067;0.4913;0.0821;0.3179;0;;;;;;;;;;;;;0;;;;;;;;0.2449;-0.5504;0.7982;-0.4951;-0.4590;0.3028;0.9472;0.2841;0.1420;-0.0426;;;;;;;;;;;;;0;;;;;;;;b974454d-ae33-4d16-9737-e66469f616ef;;OpenLoop;2026-05-18 09:46:40.9412;Hands;2;OpenXR
Right;;Baseline;0;NoMitigation;None;anonymous;Sample;8239;0.0000;-0.1103;-0.0272;0.1027;47.7774;41.4469;62.0433;-0.1103;-0.0272;0.1027;0.8067;0.4913;0.0821;0.3179;0;;;;;;;;;;;;;0;;;;;;;;0.2449;-0.5504;0.7982;-0.4951;-0.4590;0.3028;0.9472;0.2841;0.1420;-0.0426;;;;;;;;;;;;;0;;;;;;;;b974454d-ae33-4d16-9737-e66469f616ef;;OpenLoop;2026-05-18 09:46:40.9733;Hands;2;OpenXR
Right;;Baseline;0;NoMitigation;None;anonymous;Sample;8241;0.0000;-0.1103;-0.0272;0.1027;47.7774;41.4469;62.0433;-0.1103;-0.0272;0.1027;0.8067;0.4913;0.0821;0.3179;0;;;;;;;;;;;;;0;;;;;;;;0.2449;-0.5504;0.7982;-0.4951;-0.4590;0.3028;0.9472;0.2841;0.1420;-0.0426;;;;;;;;;;;;;0;;;;;;;;b974454d-ae33-4d16-9737-e66469f616ef;;OpenLoop;2026-05-18 09:46:41.0045;Hands;2;OpenXR
Right;;Baseline;0;NoMitigation;None;anonymous;Sample;8243;0.0000;-0.1103;-0.0272;0.1027;47.7774;41.4469;62.0433;-0.1103;-0.0272;0.1027;0.8067;0.4913;0.0821;0.3179;0;;;;;;;;;;;;;0;;;;;;;;0.2449;-0.5504;0.7982;-0.4951;-0.4590;0.3028;0.9472;0.2841;0.1420;-0.0426;;;;;;;;;;;;;0;;;;;;;;b974454d-ae33-4d16-9737-e66469f616ef;;OpenLoop;2026-05-18 09:46:41.0351;Hands;2;OpenXR
Right;;Baseline;0;NoMitigation;None;anonymous;Sample;8245;0.0000;-0.1103;-0.0272;0.1027;47.7774;41.4469;62.0433;-0.1103;-0.0272;0.1027;0.8067;0.4913;0.0821;0.3179;0;;;;;;;;;;;;;0;;;;;;;;0.2449;-0.5504;0.7982;-0.4951;-0.4590;0.3028;0.9472;0.2841;0.1420;-0.0426;;;;;;;;;;;;;0;;;;;;;;b974454d-ae33-4d16-9737-e66469f616ef;;OpenLoop;2026-05-18 09:46:41.0661;Hands;2;OpenXR
Right;;Baseline;0;NoMitigation;None;anonymous;Sample;8247;0.0000;-0.1103;-0.0272;0.1027;47.7774;41.4469;62.0433;-0.1103;-0.0272;0.1027;0.8067;0.4913;0.0821;0.3179;0;;;;;;;;;;;;;0;;;;;;;;0.2449;-0.5504;0.7982;-0.4951;-0.4590;0.3028;0.9472;0.2841;0.1420;-0.0426;;;;;;;;;;;;;0;;;;;;;;b974454d-ae33-4d16-9737-e66469f616ef;;OpenLoop;2026-05-18 09:46:41.0966;Hands;2;OpenXR
Right;;Baseline;0;NoMitigation;None;anonymous;Sample;8249;0.0000;-0.1103;-0.0272;0.1027;47.7774;41.4469;62.0433;-0.1103;-0.0272;0.1027;0.8067;0.4913;0.0821;0.3179;0;;;;;;;;;;;;;0;;;;;;;;0.2449;-0.5504;0.7982;-0.4951;-0.4590;0.3028;0.9472;0.2841;0.1420;-0.0426;;;;;;;;;;;;;0;;;;;;;;b974454d-ae33-4d16-9737-e66469f616ef;;OpenLoop;2026-05-18 09:46:41.1283;Hands;2;OpenXR
Right;;Baseline;0;NoMitigation;None;anonymous;Sample;8251;0.0000;-0.1103;-0.0272;0.1027;47.7774;41.4469;62.0433;-0.1103;-0.0272;0.1027;0.8067;0.4913;0.0821;0.3179;0;;;;;;;;;;;;;0;;;;;;;;0.2449;-0.5504;0.7982;-0.4951;-0.4590;0.3028;0.9472;0.2841;0.1420;-0.0426;;;;;;;;;;;;;0;;;;;;;;b974454d-ae33-4d16-9737-e66469f616ef;;OpenLoop;2026-05-18 09:46:41.1587;Hands;2;OpenXR
Right;;Baseline;0;NoMitigation;None;anonymous;Sample;8253;0.0000;-0.1103;-0.0272;0.1027;47.7774;41.4469;62.0433;-0.1103;-0.0272;0.1027;0.8067;0.4913;0.0821;0.3179;0;;;;;;;;;;;;;0;;;;;;;;0.2449;-0.5504;0.7982;-0.4951;-0.4590;0.3028;0.9472;0.2841;0.1420;-0.0426;;;;;;;;;;;;;0;;;;;;;;b974454d-ae33-4d16-9737-e66469f616ef;;OpenLoop;2026-05-18 09:46:41.1912;Hands;2;OpenXR
Right;;Baseline;0;NoMitigation;None;anonymous;Sample;8255;0.0000;-0.1103;-0.0272;0.1027;47.7774;41.4469;62.0433;-0.1103;-0.0272;0.1027;0.8067;0.4913;0.0821;0.3179;0;;;;;;;;;;;;;0;;;;;;;;0.2449;-0.5504;0.7982;-0.4951;-0.4590;0.3028;0.9472;0.2841;0.1420;-0.0426;;;;;;;;;;;;;0;;;;;;;;b974454d-ae33-4d16-9737-e66469f616ef;;OpenLoop;2026-05-18 09:46:41.2217;Hands;2;OpenXR
Right;;Baseline;0;NoMitigation;None;anonymous;Sample;8257;0.0000;-0.1103;-0.0272;0.1027;47.7774;41.4469;62.0433;-0.1103;-0.0272;0.1027;0.8067;0.4913;0.0821;0.3179;0;;;;;;;;;;;;;0;;;;;;;;0.2449;-0.5504;0.7982;-0.4951;-0.4590;0.3028;0.9472;0.2841;0.1420;-0.0426;;;;;;;;;;;;;0;;;;;;;;b974454d-ae33-4d16-9737-e66469f616ef;;OpenLoop;2026-05-18 09:46:41.2531;Hands;2;OpenXR
Right;;Baseline;0;NoMitigation;None;anonymous;Sample;8259;0.0000;-0.1103;-0.0272;0.1027;47.7774;41.4469;62.0433;-0.1103;-0.0272;0.1027;0.8067;0.4913;0.0821;0.3179;0;;;;;;;;;;;;;0;;;;;;;;0.2449;-0.5504;0.7982;-0.4951;-0.4590;0.3028;0.9472;0.2841;0.1420;-0.0426;;;;;;;;;;;;;0;;;;;;;;b974454d-ae33-4d16-9737-e66469f616ef;;OpenLoop;2026-05-18 09:46:41.2845;Hands;2;OpenXR
Right;;Baseline;0;NoMitigation;None;anonymous;Sample;8261;0.0000;-0.1103;-0.0272;0.1027;47.7774;41.4469;62.0433;-0.1103;-0.0272;0.1027;0.8067;0.4913;0.0821;0.3179;0;;;;;;;;;;;;;0;;;;;;;;0.2449;-0.5504;0.7982;-0.4951;-0.4590;0.3028;0.9472;0.2841;0.1420;-0.0426;;;;;;;;;;;;;0;;;;;;;;b974454d-ae33-4d16-9737-e66469f616ef;;OpenLoop;2026-05-18 09:46:41.3162;Hands;2;OpenXR
Right;;Baseline;0;NoMitigation;None;anonymous;Sample;8263;0.0000;-0.1103;-0.0272;0.1027;47.7774;41.4469;62.0433;-0.1103;-0.0272;0.1027;0.8067;0.4913;0.0821;0.3179;0;;;;;;;;;;;;;0;;;;;;;;0.2449;-0.5504;0.7982;-0.4951;-0.4590;0.3028;0.9472;0.2841;0.1420;-0.0426;;;;;;;;;;;;;0;;;;;;;;b974454d-ae33-4d16-9737-e66469f616ef;;OpenLoop;2026-05-18 09:46:41.3470;Hands;2;OpenXR
Right;;Baseline;0;NoMitigation;None;anonymous;Sample;8265;0.0000;-0.1103;-0.0272;0.1027;47.7774;41.4469;62.0433;-0.1103;-0.0272;0.1027;0.8067;0.4913;0.0821;0.3179;0;;;;;;;;;;;;;0;;;;;;;;0.2449;-0.5504;0.7982;-0.4951;-0.4590;0.3028;0.9472;0.2841;0.1420;-0.0426;;;;;;;;;;;;;0;;;;;;;;b974454d-ae33-4d16-9737-e66469f616ef;;OpenLoop;2026-05-18 09:46:41.3790;Hands;2;OpenXR
Right;;Baseline;0;NoMitigation;None;anonymous;Sample;8267;0.0000;-0.1103;-0.0272;0.1027;47.7774;41.4469;62.0433;-0.1103;-0.0272;0.1027;0.8067;0.4913;0.0821;0.3179;0;;;;;;;;;;;;;0;;;;;;;;0.2449;-0.5504;0.7982;-0.4951;-0.4590;0.3028;0.9472;0.2841;0.1420;-0.0426;;;;;;;;;;;;;0;;;;;;;;b974454d-ae33-4d16-9737-e66469f616ef;;OpenLoop;2026-05-18 09:46:41.4103;Hands;2;OpenXR
Right;;Baseline;0;NoMitigation;None;anonymous;Sample;8269;0.0000;-0.1103;-0.0272;0.1027;47.7774;41.4469;62.0433;-0.1103;-0.0272;0.1027;0.8067;0.4913;0.0821;0.3179;0;;;;;;;;;;;;;0;;;;;;;;0.2449;-0.5504;0.7982;-0.4951;-0.4590;0.3028;0.9472;0.2841;0.1420;-0.0426;;;;;;;;;;;;;0;;;;;;;;b974454d-ae33-4d16-9737-e66469f616ef;;OpenLoop;2026-05-18 09:46:41.4410;Hands;2;OpenXR
Right;;Baseline;0;NoMitigation;None;anonymous;Sample;8271;0.0000;-0.1103;-0.0272;0.1027;47.7774;41.4469;62.0433;-0.1103;-0.0272;0.1027;0.8067;0.4913;0.0821;0.3179;0;;;;;;;;;;;;;0;;;;;;;;0.2449;-0.5504;0.7982;-0.4951;-0.4590;0.3028;0.9472;0.2841;0.1420;-0.0426;;;;;;;;;;;;;0;;;;;;;;b974454d-ae33-4d16-9737-e66469f616ef;;OpenLoop;2026-05-18 09:46:41.4738;Hands;2;OpenXR
Right;;Baseline;0;NoMitigation;None;anonymous;Sample;8273;0.0000;-0.1103;-0.0272;0.1027;47.7774;41.4469;62.0433;-0.1103;-0.0272;0.1027;0.8067;0.4913;0.0821;0.3179;0;;;;;;;;;;;;;0;;;;;;;;0.2449;-0.5504;0.7982;-0.4951;-0.4590;0.3028;0.9472;0.2841;0.1420;-0.0426;;;;;;;;;;;;;0;;;;;;;;b974454d-ae33-4d16-9737-e66469f616ef;;OpenLoop;2026-05-18 09:46:41.5061;Hands;2;OpenXR
Right;;Baseline;0;NoMitigation;None;anonymous;Sample;8275;0.0000;-0.1103;-0.0272;0.1027;47.7774;41.4469;62.0433;-0.1103;-0.0272;0.1027;0.8067;0.4913;0.0821;0.3179;0;;;;;;;;;;;;;0;;;;;;;;0.2449;-0.5504;0.7982;-0.4951;-0.4590;0.3028;0.9472;0.2841;0.1420;-0.0426;;;;;;;;;;;;;0;;;;;;;;b974454d-ae33-4d16-9737-e66469f616ef;;OpenLoop;2026-05-18 09:46:41.5371;Hands;2;OpenXR
Right;;Baseline;0;NoMitigation;None;anonymous;Sample;8277;0.0000;-0.1103;-0.0272;0.1027;47.7774;41.4469;62.0433;-0.1103;-0.0272;0.1027;0.8067;0.4913;0.0821;0.3179;0;;;;;;;;;;;;;0;;;;;;;;0.2449;-0.5504;0.7982;-0.4951;-0.4590;0.3028;0.9472;0.2841;0.1420;-0.0426;;;;;;;;;;;;;0;;;;;;;;b974454d-ae33-4d16-9737-e66469f616ef;;OpenLoop;2026-05-18 09:46:41.5688;Hands;2;OpenXR
Right;;Baseline;0;NoMitigation;None;anonymous;Sample;8279;0.0000;-0.1103;-0.0272;0.1027;47.7774;41.4469;62.0433;-0.1103;-0.0272;0.1027;0.8067;0.4913;0.0821;0.3179;0;;;;;;;;;;;;;0;;;;;;;;0.2449;-0.5504;0.7982;-0.4951;-0.4590;0.3028;0.9472;0.2841;0.1420;-0.0426;;;;;;;;;;;;;0;;;;;;;;b974454d-ae33-4d16-9737-e66469f616ef;;OpenLoop;2026-05-18 09:46:41.6020;Hands;2;OpenXR
Right;;Baseline;0;NoMitigation;None;anonymous;Sample;8281;0.0000;-0.1103;-0.0272;0.1027;47.7774;41.4469;62.0433;-0.1103;-0.0272;0.1027;0.8067;0.4913;0.0821;0.3179;0;;;;;;;;;;;;;0;;;;;;;;0.2449;-0.5504;0.7982;-0.4951;-0.4590;0.3028;0.9472;0.2841;0.1420;-0.0426;;;;;;;;;;;;;0;;;;;;;;b974454d-ae33-4d16-9737-e66469f616ef;;OpenLoop;2026-05-18 09:46:41.6345;Hands;2;OpenXR
Right;;Baseline;0;NoMitigation;None;anonymous;Sample;8283;0.0000;-0.1103;-0.0272;0.1027;47.7774;41.4469;62.0433;-0.1103;-0.0272;0.1027;0.8067;0.4913;0.0821;0.3179;0;;;;;;;;;;;;;0;;;;;;;;0.2449;-0.5504;0.7982;-0.4951;-0.4590;0.3028;0.9472;0.2841;0.1420;-0.0426;;;;;;;;;;;;;0;;;;;;;;b974454d-ae33-4d16-9737-e66469f616ef;;OpenLoop;2026-05-18 09:46:41.6655;Hands;2;OpenXR
Right;;Baseline;0;NoMitigation;None;anonymous;Sample;8285;0.0000;-0.1103;-0.0272;0.1027;47.7774;41.4469;62.0433;-0.1103;-0.0272;0.1027;0.8067;0.4913;0.0821;0.3179;0;;;;;;;;;;;;;0;;;;;;;;0.2449;-0.5504;0.7982;-0.4951;-0.4590;0.3028;0.9472;0.2841;0.1420;-0.0426;;;;;;;;;;;;;0;;;;;;;;b974454d-ae33-4d16-9737-e66469f616ef;;OpenLoop;2026-05-18 09:46:41.6976;Hands;2;OpenXR
Right;;Baseline;0;NoMitigation;None;anonymous;Sample;8287;0.0000;-0.1103;-0.0272;0.1027;47.7774;41.4469;62.0433;-0.1103;-0.0272;0.1027;0.8067;0.4913;0.0821;0.3179;0;;;;;;;;;;;;;0;;;;;;;;0.2449;-0.5504;0.7982;-0.4951;-0.4590;0.3028;0.9472;0.2841;0.1420;-0.0426;;;;;;;;;;;;;0;;;;;;;;b974454d-ae33-4d16-9737-e66469f616ef;;OpenLoop;2026-05-18 09:46:41.7295;Hands;2;OpenXR
Right;;Baseline;0;NoMitigation;None;anonymous;Sample;8289;0.0000;-0.1103;-0.0272;0.1027;47.7774;41.4469;62.0433;-0.1103;-0.0272;0.1027;0.8067;0.4913;0.0821;0.3179;0;;;;;;;;;;;;;0;;;;;;;;0.2449;-0.5504;0.7982;-0.4951;-0.4590;0.3028;0.9472;0.2841;0.1420;-0.0426;;;;;;;;;;;;;0;;;;;;;;b974454d-ae33-4d16-9737-e66469f616ef;;OpenLoop;2026-05-18 09:46:41.7619;Hands;2;OpenXR
Right;;Baseline;0;NoMitigation;None;anonymous;Sample;8291;0.0000;-0.1103;-0.0272;0.1027;47.7774;41.4469;62.0433;-0.1103;-0.0272;0.1027;0.8067;0.4913;0.0821;0.3179;0;;;;;;;;;;;;;0;;;;;;;;0.2449;-0.5504;0.7982;-0.4951;-0.4590;0.3028;0.9472;0.2841;0.1420;-0.0426;;;;;;;;;;;;;0;;;;;;;;b974454d-ae33-4d16-9737-e66469f616ef;;OpenLoop;2026-05-18 09:46:41.7953;Hands;2;OpenXR
Right;;Baseline;0;NoMitigation;None;anonymous;Sample;8293;0.0000;-0.1103;-0.0272;0.1027;47.7774;41.4469;62.0433;-0.1103;-0.0272;0.1027;0.8067;0.4913;0.0821;0.3179;0;;;;;;;;;;;;;0;;;;;;;;0.2449;-0.5504;0.7982;-0.4951;-0.4590;0.3028;0.9472;0.2841;0.1420;-0.0426;;;;;;;;;;;;;0;;;;;;;;b974454d-ae33-4d16-9737-e66469f616ef;;OpenLoop;2026-05-18 09:46:41.8261;Hands;2;OpenXR
Right;;Baseline;0;NoMitigation;None;anonymous;Sample;8295;0.0000;-0.1103;-0.0272;0.1027;47.7774;41.4469;62.0433;-0.1103;-0.0272;0.1027;0.8067;0.4913;0.0821;0.3179;0;;;;;;;;;;;;;0;;;;;;;;0.2449;-0.5504;0.7982;-0.4951;-0.4590;0.3028;0.9472;0.2841;0.1420;-0.0426;;;;;;;;;;;;;0;;;;;;;;b974454d-ae33-4d16-9737-e66469f616ef;;OpenLoop;2026-05-18 09:46:41.8569;Hands;2;OpenXR
Right;;Baseline;0;NoMitigation;None;anonymous;Sample;8297;0.0000;-0.1103;-0.0272;0.1027;47.7774;41.4469;62.0433;-0.1103;-0.0272;0.1027;0.8067;0.4913;0.0821;0.3179;0;;;;;;;;;;;;;0;;;;;;;;0.2449;-0.5504;0.7982;-0.4951;-0.4590;0.3028;0.9472;0.2841;0.1420;-0.0426;;;;;;;;;;;;;0;;;;;;;;b974454d-ae33-4d16-9737-e66469f616ef;;OpenLoop;2026-05-18 09:46:41.8906;Hands;2;OpenXR
Right;;Baseline;0;NoMitigation;None;anonymous;Sample;8299;0.0000;-0.1103;-0.0272;0.1027;47.7774;41.4469;62.0433;-0.1103;-0.0272;0.1027;0.8067;0.4913;0.0821;0.3179;0;;;;;;;;;;;;;0;;;;;;;;0.2449;-0.5504;0.7982;-0.4951;-0.4590;0.3028;0.9472;0.2841;0.1420;-0.0426;;;;;;;;;;;;;0;;;;;;;;b974454d-ae33-4d16-9737-e66469f616ef;;OpenLoop;2026-05-18 09:46:41.9241;Hands;2;OpenXR
Right;;Baseline;0;NoMitigation;None;anonymous;Sample;8301;0.0000;-0.1103;-0.0272;0.1027;47.7774;41.4469;62.0433;-0.1103;-0.0272;0.1027;0.8067;0.4913;0.0821;0.3179;0;;;;;;;;;;;;;0;;;;;;;;0.2449;-0.5504;0.7982;-0.4951;-0.4590;0.3028;0.9472;0.2841;0.1420;-0.0426;;;;;;;;;;;;;0;;;;;;;;b974454d-ae33-4d16-9737-e66469f616ef;;OpenLoop;2026-05-18 09:46:41.9544;Hands;2;OpenXR
Right;;Baseline;0;NoMitigation;None;anonymous;Sample;8303;0.0000;-0.1103;-0.0272;0.1027;47.7774;41.4469;62.0433;-0.1103;-0.0272;0.1027;0.8067;0.4913;0.0821;0.3179;0;;;;;;;;;;;;;0;;;;;;;;0.2449;-0.5504;0.7982;-0.4951;-0.4590;0.3028;0.9472;0.2841;0.1420;-0.0426;;;;;;;;;;;;;0;;;;;;;;b974454d-ae33-4d16-9737-e66469f616ef;;OpenLoop;2026-05-18 09:46:41.9872;Hands;2;OpenXR
Right;;Baseline;0;NoMitigation;None;anonymous;Sample;8305;0.0000;-0.1103;-0.0272;0.1027;47.7774;41.4469;62.0433;-0.1103;-0.0272;0.1027;0.8067;0.4913;0.0821;0.3179;0;;;;;;;;;;;;;0;;;;;;;;0.2449;-0.5504;0.7982;-0.4951;-0.4590;0.3028;0.9472;0.2841;0.1420;-0.0426;;;;;;;;;;;;;0;;;;;;;;b974454d-ae33-4d16-9737-e66469f616ef;;OpenLoop;2026-05-18 09:46:42.3072;Hands;2;OpenXR
Right;;Baseline;0;NoMitigation;None;anonymous;Sample;8306;0.0000;-0.1103;-0.0272;0.1027;47.7774;41.4469;62.0433;-0.1103;-0.0272;0.1027;0.8067;0.4913;0.0821;0.3179;0;;;;;;;;;;;;;0;;;;;;;;0.2449;-0.5504;0.7982;-0.4951;-0.4590;0.3028;0.9472;0.2841;0.1420;-0.0426;;;;;;;;;;;;;0;;;;;;;;b974454d-ae33-4d16-9737-e66469f616ef;;OpenLoop;2026-05-18 09:46:42.4095;Hands;2;OpenXR
Right;;Baseline;0;NoMitigation;None;anonymous;Sample;8307;0.0000;-0.1103;-0.0272;0.1027;47.7774;41.4469;62.0433;-0.1103;-0.0272;0.1027;0.8067;0.4913;0.0821;0.3179;0;;;;;;;;;;;;;0;;;;;;;;0.2449;-0.5504;0.7982;-0.4951;-0.4590;0.3028;0.9472;0.2841;0.1420;-0.0426;;;;;;;;;;;;;0;;;;;;;;b974454d-ae33-4d16-9737-e66469f616ef;;OpenLoop;2026-05-18 09:46:42.4498;Hands;2;OpenXR
Right;;Baseline;0;NoMitigation;None;anonymous;Sample;8308;0.0000;-0.1103;-0.0272;0.1027;47.7774;41.4469;62.0433;-0.1103;-0.0272;0.1027;0.8067;0.4913;0.0821;0.3179;0;;;;;;;;;;;;;0;;;;;;;;0.2449;-0.5504;0.7982;-0.4951;-0.4590;0.3028;0.9472;0.2841;0.1420;-0.0426;;;;;;;;;;;;;0;;;;;;;;b974454d-ae33-4d16-9737-e66469f616ef;;OpenLoop;2026-05-18 09:46:42.4775;Hands;2;OpenXR
Right;;Baseline;0;NoMitigation;None;anonymous;Sample;8311;0.0000;-0.1103;-0.0272;0.1027;47.7774;41.4469;62.0433;-0.1103;-0.0272;0.1027;0.8067;0.4913;0.0821;0.3179;0;;;;;;;;;;;;;0;;;;;;;;0.2449;-0.5504;0.7982;-0.4951;-0.4590;0.3028;0.9472;0.2841;0.1420;-0.0426;;;;;;;;;;;;;0;;;;;;;;b974454d-ae33-4d16-9737-e66469f616ef;;OpenLoop;2026-05-18 09:46:42.5167;Hands;2;OpenXR
Right;;Baseline;0;NoMitigation;None;anonymous;Sample;8313;0.0000;-0.1103;-0.0272;0.1027;47.7774;41.4469;62.0433;-0.1103;-0.0272;0.1027;0.8067;0.4913;0.0821;0.3179;0;;;;;;;;;;;;;0;;;;;;;;0.2449;-0.5504;0.7982;-0.4951;-0.4590;0.3028;0.9472;0.2841;0.1420;-0.0426;;;;;;;;;;;;;0;;;;;;;;b974454d-ae33-4d16-9737-e66469f616ef;;OpenLoop;2026-05-18 09:46:42.5411;Hands;2;OpenXR
Right;;Baseline;0;NoMitigation;None;anonymous;Sample;8315;0.0000;-0.1103;-0.0272;0.1027;47.7774;41.4469;62.0433;-0.1103;-0.0272;0.1027;0.8067;0.4913;0.0821;0.3179;0;;;;;;;;;;;;;0;;;;;;;;0.2449;-0.5504;0.7982;-0.4951;-0.4590;0.3028;0.9472;0.2841;0.1420;-0.0426;;;;;;;;;;;;;0;;;;;;;;b974454d-ae33-4d16-9737-e66469f616ef;;OpenLoop;2026-05-18 09:46:42.5769;Hands;2;OpenXR
Right;;Baseline;0;NoMitigation;None;anonymous;Sample;8317;0.0000;-0.1103;-0.0272;0.1027;47.7774;41.4469;62.0433;-0.1103;-0.0272;0.1027;0.8067;0.4913;0.0821;0.3179;0;;;;;;;;;;;;;0;;;;;;;;0.2449;-0.5504;0.7982;-0.4951;-0.4590;0.3028;0.9472;0.2841;0.1420;-0.0426;;;;;;;;;;;;;0;;;;;;;;b974454d-ae33-4d16-9737-e66469f616ef;;OpenLoop;2026-05-18 09:46:42.6085;Hands;2;OpenXR
Right;;Baseline;0;NoMitigation;None;anonymous;Sample;8319;0.0000;-0.1103;-0.0272;0.1027;47.7774;41.4469;62.0433;-0.1103;-0.0272;0.1027;0.8067;0.4913;0.0821;0.3179;0;;;;;;;;;;;;;0;;;;;;;;0.2449;-0.5504;0.7982;-0.4951;-0.4590;0.3028;0.9472;0.2841;0.1420;-0.0426;;;;;;;;;;;;;0;;;;;;;;b974454d-ae33-4d16-9737-e66469f616ef;;OpenLoop;2026-05-18 09:46:42.6412;Hands;2;OpenXR
Right;;Baseline;0;NoMitigation;None;anonymous;Sample;8321;0.0000;-0.1103;-0.0272;0.1027;47.7774;41.4469;62.0433;-0.1103;-0.0272;0.1027;0.8067;0.4913;0.0821;0.3179;0;;;;;;;;;;;;;0;;;;;;;;0.2449;-0.5504;0.7982;-0.4951;-0.4590;0.3028;0.9472;0.2841;0.1420;-0.0426;;;;;;;;;;;;;0;;;;;;;;b974454d-ae33-4d16-9737-e66469f616ef;;OpenLoop;2026-05-18 09:46:42.6765;Hands;2;OpenXR
Right;;Baseline;0;NoMitigation;None;anonymous;Sample;8322;0.0000;-0.1103;-0.0272;0.1027;47.7774;41.4469;62.0433;-0.1103;-0.0272;0.1027;0.8067;0.4913;0.0821;0.3179;0;;;;;;;;;;;;;0;;;;;;;;0.2449;-0.5504;0.7982;-0.4951;-0.4590;0.3028;0.9472;0.2841;0.1420;-0.0426;;;;;;;;;;;;;0;;;;;;;;b974454d-ae33-4d16-9737-e66469f616ef;;OpenLoop;2026-05-18 09:46:42.6979;Hands;2;OpenXR
Right;;Baseline;0;NoMitigation;None;anonymous;Sample;8323;0.0000;-0.1103;-0.0272;0.1027;47.7774;41.4469;62.0433;-0.1103;-0.0272;0.1027;0.8067;0.4913;0.0821;0.3179;0;;;;;;;;;;;;;0;;;;;;;;0.2449;-0.5504;0.7982;-0.4951;-0.4590;0.3028;0.9472;0.2841;0.1420;-0.0426;;;;;;;;;;;;;0;;;;;;;;b974454d-ae33-4d16-9737-e66469f616ef;;OpenLoop;2026-05-18 09:46:42.7255;Hands;2;OpenXR
Right;;Baseline;0;NoMitigation;None;anonymous;Sample;8325;0.0000;-0.1103;-0.0272;0.1027;47.7774;41.4469;62.0433;-0.1103;-0.0272;0.1027;0.8067;0.4913;0.0821;0.3179;0;;;;;;;;;;;;;0;;;;;;;;0.2449;-0.5504;0.7982;-0.4951;-0.4590;0.3028;0.9472;0.2841;0.1420;-0.0426;;;;;;;;;;;;;0;;;;;;;;b974454d-ae33-4d16-9737-e66469f616ef;;OpenLoop;2026-05-18 09:46:42.7629;Hands;2;OpenXR
Right;;Baseline;0;NoMitigation;None;anonymous;Sample;8326;0.0000;-0.1103;-0.0272;0.1027;47.7774;41.4469;62.0433;-0.1103;-0.0272;0.1027;0.8067;0.4913;0.0821;0.3179;0;;;;;;;;;;;;;0;;;;;;;;0.2449;-0.5504;0.7982;-0.4951;-0.4590;0.3028;0.9472;0.2841;0.1420;-0.0426;;;;;;;;;;;;;0;;;;;;;;b974454d-ae33-4d16-9737-e66469f616ef;;OpenLoop;2026-05-18 09:46:42.7954;Hands;2;OpenXR
Right;;Baseline;0;NoMitigation;None;anonymous;Sample;8327;0.0000;-0.1103;-0.0272;0.1027;47.7774;41.4469;62.0433;-0.1103;-0.0272;0.1027;0.8067;0.4913;0.0821;0.3179;0;;;;;;;;;;;;;0;;;;;;;;0.2449;-0.5504;0.7982;-0.4951;-0.4590;0.3028;0.9472;0.2841;0.1420;-0.0426;;;;;;;;;;;;;0;;;;;;;;b974454d-ae33-4d16-9737-e66469f616ef;;OpenLoop;2026-05-18 09:46:42.8271;Hands;2;OpenXR
Right;;Baseline;0;NoMitigation;None;anonymous;Sample;8329;0.0000;-0.1103;-0.0272;0.1027;47.7774;41.4469;62.0433;-0.1103;-0.0272;0.1027;0.8067;0.4913;0.0821;0.3179;0;;;;;;;;;;;;;0;;;;;;;;0.2449;-0.5504;0.7982;-0.4951;-0.4590;0.3028;0.9472;0.2841;0.1420;-0.0426;;;;;;;;;;;;;0;;;;;;;;b974454d-ae33-4d16-9737-e66469f616ef;;OpenLoop;2026-05-18 09:46:42.8693;Hands;2;OpenXR
Right;;Baseline;0;NoMitigation;None;anonymous;Sample;8331;0.0000;-0.1103;-0.0272;0.1027;47.7774;41.4469;62.0433;-0.1103;-0.0272;0.1027;0.8067;0.4913;0.0821;0.3179;0;;;;;;;;;;;;;0;;;;;;;;0.2449;-0.5504;0.7982;-0.4951;-0.4590;0.3028;0.9472;0.2841;0.1420;-0.0426;;;;;;;;;;;;;0;;;;;;;;b974454d-ae33-4d16-9737-e66469f616ef;;OpenLoop;2026-05-18 09:46:42.8918;Hands;2;OpenXR
Right;;Baseline;0;NoMitigation;None;anonymous;Sample;8333;0.0000;-0.1103;-0.0272;0.1027;47.7774;41.4469;62.0433;-0.1103;-0.0272;0.1027;0.8067;0.4913;0.0821;0.3179;0;;;;;;;;;;;;;0;;;;;;;;0.2449;-0.5504;0.7982;-0.4951;-0.4590;0.3028;0.9472;0.2841;0.1420;-0.0426;;;;;;;;;;;;;0;;;;;;;;b974454d-ae33-4d16-9737-e66469f616ef;;OpenLoop;2026-05-18 09:46:42.9239;Hands;2;OpenXR
Right;;Baseline;0;NoMitigation;None;anonymous;Sample;8335;0.0000;-0.1103;-0.0272;0.1027;47.7774;41.4469;62.0433;-0.1103;-0.0272;0.1027;0.8067;0.4913;0.0821;0.3179;0;;;;;;;;;;;;;0;;;;;;;;0.2449;-0.5504;0.7982;-0.4951;-0.4590;0.3028;0.9472;0.2841;0.1420;-0.0426;;;;;;;;;;;;;0;;;;;;;;b974454d-ae33-4d16-9737-e66469f616ef;;OpenLoop;2026-05-18 09:46:42.9570;Hands;2;OpenXR
Right;;Baseline;0;NoMitigation;None;anonymous;Sample;8337;0.0000;-0.1103;-0.0272;0.1027;47.7774;41.4469;62.0433;-0.1103;-0.0272;0.1027;0.8067;0.4913;0.0821;0.3179;0;;;;;;;;;;;;;0;;;;;;;;0.2449;-0.5504;0.7982;-0.4951;-0.4590;0.3028;0.9472;0.2841;0.1420;-0.0426;;;;;;;;;;;;;0;;;;;;;;b974454d-ae33-4d16-9737-e66469f616ef;;OpenLoop;2026-05-18 09:46:42.9912;Hands;2;OpenXR
Right;;Baseline;0;NoMitigation;None;anonymous;Sample;8339;0.0000;-0.1103;-0.0272;0.1027;47.7774;41.4469;62.0433;-0.1103;-0.0272;0.1027;0.8067;0.4913;0.0821;0.3179;0;;;;;;;;;;;;;0;;;;;;;;0.2449;-0.5504;0.7982;-0.4951;-0.4590;0.3028;0.9472;0.2841;0.1420;-0.0426;;;;;;;;;;;;;0;;;;;;;;b974454d-ae33-4d16-9737-e66469f616ef;;OpenLoop;2026-05-18 09:46:43.0244;Hands;2;OpenXR
Right;;Baseline;0;NoMitigation;None;anonymous;Sample;8341;0.0000;-0.1103;-0.0272;0.1027;47.7774;41.4469;62.0433;-0.1103;-0.0272;0.1027;0.8067;0.4913;0.0821;0.3179;0;;;;;;;;;;;;;0;;;;;;;;0.2449;-0.5504;0.7982;-0.4951;-0.4590;0.3028;0.9472;0.2841;0.1420;-0.0426;;;;;;;;;;;;;0;;;;;;;;b974454d-ae33-4d16-9737-e66469f616ef;;OpenLoop;2026-05-18 09:46:43.0576;Hands;2;OpenXR
Right;;Baseline;0;NoMitigation;None;anonymous;Sample;8343;0.0000;-0.1103;-0.0272;0.1027;47.7774;41.4469;62.0433;-0.1103;-0.0272;0.1027;0.8067;0.4913;0.0821;0.3179;0;;;;;;;;;;;;;0;;;;;;;;0.2449;-0.5504;0.7982;-0.4951;-0.4590;0.3028;0.9472;0.2841;0.1420;-0.0426;;;;;;;;;;;;;0;;;;;;;;b974454d-ae33-4d16-9737-e66469f616ef;;OpenLoop;2026-05-18 09:46:43.0922;Hands;2;OpenXR
Right;;Baseline;0;NoMitigation;None;anonymous;Sample;8345;0.0000;-0.1103;-0.0272;0.1027;47.7774;41.4469;62.0433;-0.1103;-0.0272;0.1027;0.8067;0.4913;0.0821;0.3179;0;;;;;;;;;;;;;0;;;;;;;;0.2449;-0.5504;0.7982;-0.4951;-0.4590;0.3028;0.9472;0.2841;0.1420;-0.0426;;;;;;;;;;;;;0;;;;;;;;b974454d-ae33-4d16-9737-e66469f616ef;;OpenLoop;2026-05-18 09:46:43.1259;Hands;2;OpenXR
Right;;Baseline;0;NoMitigation;None;anonymous;Sample;8347;0.0000;-0.1103;-0.0272;0.1027;47.7774;41.4469;62.0433;-0.1103;-0.0272;0.1027;0.8067;0.4913;0.0821;0.3179;0;;;;;;;;;;;;;0;;;;;;;;0.2449;-0.5504;0.7982;-0.4951;-0.4590;0.3028;0.9472;0.2841;0.1420;-0.0426;;;;;;;;;;;;;0;;;;;;;;b974454d-ae33-4d16-9737-e66469f616ef;;OpenLoop;2026-05-18 09:46:43.1608;Hands;2;OpenXR
Right;;Baseline;0;NoMitigation;None;anonymous;Sample;8349;0.0000;-0.1103;-0.0272;0.1027;47.7774;41.4469;62.0433;-0.1103;-0.0272;0.1027;0.8067;0.4913;0.0821;0.3179;0;;;;;;;;;;;;;0;;;;;;;;0.2449;-0.5504;0.7982;-0.4951;-0.4590;0.3028;0.9472;0.2841;0.1420;-0.0426;;;;;;;;;;;;;0;;;;;;;;b974454d-ae33-4d16-9737-e66469f616ef;;OpenLoop;2026-05-18 09:46:43.1913;Hands;2;OpenXR
Right;;Baseline;0;NoMitigation;None;anonymous;Sample;8351;0.0000;-0.1103;-0.0272;0.1027;47.7774;41.4469;62.0433;-0.1103;-0.0272;0.1027;0.8067;0.4913;0.0821;0.3179;0;;;;;;;;;;;;;0;;;;;;;;0.2449;-0.5504;0.7982;-0.4951;-0.4590;0.3028;0.9472;0.2841;0.1420;-0.0426;;;;;;;;;;;;;0;;;;;;;;b974454d-ae33-4d16-9737-e66469f616ef;;OpenLoop;2026-05-18 09:46:43.2255;Hands;2;OpenXR
Right;;Baseline;0;NoMitigation;None;anonymous;Sample;8353;0.0000;-0.1103;-0.0272;0.1027;47.7774;41.4469;62.0433;-0.1103;-0.0272;0.1027;0.8067;0.4913;0.0821;0.3179;0;;;;;;;;;;;;;0;;;;;;;;0.2449;-0.5504;0.7982;-0.4951;-0.4590;0.3028;0.9472;0.2841;0.1420;-0.0426;;;;;;;;;;;;;0;;;;;;;;b974454d-ae33-4d16-9737-e66469f616ef;;OpenLoop;2026-05-18 09:46:43.2572;Hands;2;OpenXR
Right;;Baseline;0;NoMitigation;None;anonymous;Sample;8355;0.0000;-0.1103;-0.0272;0.1027;47.7774;41.4469;62.0433;-0.1103;-0.0272;0.1027;0.8067;0.4913;0.0821;0.3179;0;;;;;;;;;;;;;0;;;;;;;;0.2449;-0.5504;0.7982;-0.4951;-0.4590;0.3028;0.9472;0.2841;0.1420;-0.0426;;;;;;;;;;;;;0;;;;;;;;b974454d-ae33-4d16-9737-e66469f616ef;;OpenLoop;2026-05-18 09:46:43.2908;Hands;2;OpenXR
Right;;Baseline;0;NoMitigation;None;anonymous;Sample;8357;0.0000;-0.1103;-0.0272;0.1027;47.7774;41.4469;62.0433;-0.1103;-0.0272;0.1027;0.8067;0.4913;0.0821;0.3179;0;;;;;;;;;;;;;0;;;;;;;;0.2449;-0.5504;0.7982;-0.4951;-0.4590;0.3028;0.9472;0.2841;0.1420;-0.0426;;;;;;;;;;;;;0;;;;;;;;b974454d-ae33-4d16-9737-e66469f616ef;;OpenLoop;2026-05-18 09:46:43.3246;Hands;2;OpenXR
Right;;Baseline;0;NoMitigation;None;anonymous;Sample;8359;0.0000;-0.1103;-0.0272;0.1027;47.7774;41.4469;62.0433;-0.1103;-0.0272;0.1027;0.8067;0.4913;0.0821;0.3179;0;;;;;;;;;;;;;0;;;;;;;;0.2449;-0.5504;0.7982;-0.4951;-0.4590;0.3028;0.9472;0.2841;0.1420;-0.0426;;;;;;;;;;;;;0;;;;;;;;b974454d-ae33-4d16-9737-e66469f616ef;;OpenLoop;2026-05-18 09:46:43.3571;Hands;2;OpenXR
Right;;Baseline;0;NoMitigation;None;anonymous;Sample;8361;0.0000;-0.1103;-0.0272;0.1027;47.7774;41.4469;62.0433;-0.1103;-0.0272;0.1027;0.8067;0.4913;0.0821;0.3179;0;;;;;;;;;;;;;0;;;;;;;;0.2449;-0.5504;0.7982;-0.4951;-0.4590;0.3028;0.9472;0.2841;0.1420;-0.0426;;;;;;;;;;;;;0;;;;;;;;b974454d-ae33-4d16-9737-e66469f616ef;;OpenLoop;2026-05-18 09:46:43.3924;Hands;2;OpenXR
Right;;Baseline;0;NoMitigation;None;anonymous;Sample;8363;0.0000;-0.1103;-0.0272;0.1027;47.7774;41.4469;62.0433;-0.1103;-0.0272;0.1027;0.8067;0.4913;0.0821;0.3179;0;;;;;;;;;;;;;0;;;;;;;;0.2449;-0.5504;0.7982;-0.4951;-0.4590;0.3028;0.9472;0.2841;0.1420;-0.0426;;;;;;;;;;;;;0;;;;;;;;b974454d-ae33-4d16-9737-e66469f616ef;;OpenLoop;2026-05-18 09:46:43.4423;Hands;2;OpenXR
Right;;Baseline;0;NoMitigation;None;anonymous;Sample;8364;0.0000;-0.1103;-0.0272;0.1027;47.7774;41.4469;62.0433;-0.1103;-0.0272;0.1027;0.8067;0.4913;0.0821;0.3179;0;;;;;;;;;;;;;0;;;;;;;;0.2449;-0.5504;0.7982;-0.4951;-0.4590;0.3028;0.9472;0.2841;0.1420;-0.0426;;;;;;;;;;;;;0;;;;;;;;b974454d-ae33-4d16-9737-e66469f616ef;;OpenLoop;2026-05-18 09:46:43.4750;Hands;2;OpenXR
Right;;Baseline;0;NoMitigation;None;anonymous;Sample;8365;0.0000;-0.1103;-0.0272;0.1027;47.7774;41.4469;62.0433;-0.1103;-0.0272;0.1027;0.8067;0.4913;0.0821;0.3179;0;;;;;;;;;;;;;0;;;;;;;;0.2449;-0.5504;0.7982;-0.4951;-0.4590;0.3028;0.9472;0.2841;0.1420;-0.0426;;;;;;;;;;;;;0;;;;;;;;b974454d-ae33-4d16-9737-e66469f616ef;;OpenLoop;2026-05-18 09:46:43.5139;Hands;2;OpenXR
Right;;Baseline;0;NoMitigation;None;anonymous;Sample;8366;0.0000;-0.1103;-0.0272;0.1027;47.7774;41.4469;62.0433;-0.1103;-0.0272;0.1027;0.8067;0.4913;0.0821;0.3179;0;;;;;;;;;;;;;0;;;;;;;;0.2449;-0.5504;0.7982;-0.4951;-0.4590;0.3028;0.9472;0.2841;0.1420;-0.0426;;;;;;;;;;;;;0;;;;;;;;b974454d-ae33-4d16-9737-e66469f616ef;;OpenLoop;2026-05-18 09:46:43.5623;Hands;2;OpenXR
Right;;Baseline;0;NoMitigation;None;anonymous;Sample;8367;0.0000;-0.1103;-0.0272;0.1027;47.7774;41.4469;62.0433;-0.1103;-0.0272;0.1027;0.8067;0.4913;0.0821;0.3179;0;;;;;;;;;;;;;0;;;;;;;;0.0000;0.0000;1.0000;0.0000;0.0000;0.0000;1.0000;0.0000;0.0000;0.0000;;;;;;;;;;;;;0;;;;;;;;b974454d-ae33-4d16-9737-e66469f616ef;;OpenLoop;2026-05-18 09:46:43.7173;Hands;2;OpenXR
