ActiveHand;AttemptIndex;BlockType;ConfirmDown;ConfirmMitigationMode;EffectMode;Email;Event;Framecount;HandDwellProgress01;HeadCameraPosWorldX;HeadCameraPosWorldY;HeadCameraPosWorldZ;HeadCameraRotEulerX;HeadCameraRotEulerY;HeadCameraRotEulerZ;HmdPosX;HmdPosY;HmdPosZ;HmdRotW;HmdRotX;HmdRotY;HmdRotZ;IsHandPointing;LeftControllerLaserPosWorldX;LeftControllerLaserPosWorldY;LeftControllerLaserPosWorldZ;LeftControllerLaserRotEulerX;LeftControllerLaserRotEulerY;LeftControllerLaserRotEulerZ;LeftControllerPosWorldX;LeftControllerPosWorldY;LeftControllerPosWorldZ;LeftControllerRotEulerX;LeftControllerRotEulerY;LeftControllerRotEulerZ;LeftControllerTrigger;LeftMovementAnchorPosWorldX;LeftMovementAnchorPosWorldY;LeftMovementAnchorPosWorldZ;LeftMovementAnchorRotEulerX;LeftMovementAnchorRotEulerY;LeftMovementAnchorRotEulerZ;LeftMovementAnchorSource;PointerForwardX;PointerForwardY;PointerForwardZ;PointerOriginX;PointerOriginY;PointerOriginZ;PointerRotationW;PointerRotationX;PointerRotationY;PointerRotationZ;RightControllerLaserPosWorldX;RightControllerLaserPosWorldY;RightControllerLaserPosWorldZ;RightControllerLaserRotEulerX;RightControllerLaserRotEulerY;RightControllerLaserRotEulerZ;RightControllerPosWorldX;RightControllerPosWorldY;RightControllerPosWorldZ;RightControllerRotEulerX;RightControllerRotEulerY;RightControllerRotEulerZ;RightControllerTrigger;RightMovementAnchorPosWorldX;RightMovementAnchorPosWorldY;RightMovementAnchorPosWorldZ;RightMovementAnchorRotEulerX;RightMovementAnchorRotEulerY;RightMovementAnchorRotEulerZ;RightMovementAnchorSource;SessionID;TargetIndex;TaskMode;Timestamp;TrackingMode;TrialIndex;XRBackend
Left;;Baseline;0;NoMitigation;None;anonymous;Sample;-1;0.0000;0.0000;0.3614;-0.5530;0.0000;0.0000;0.0000;0.0000;0.3614;-0.5530;1.0000;0.0000;0.0000;0.0000;0;0.0000;0.3614;-0.5455;0.0000;0.0000;0.0000;0.0000;0.0000;0.0000;0.0000;0.0000;0.0000;0;0.0000;0.0000;0.0000;0.0000;0.0000;0.0000;ControllerBody;0.0000;0.0000;1.0000;0.0000;0.0000;0.0000;1.0000;0.0000;0.0000;0.0000;0.0000;0.3614;-0.5455;0.0000;0.0000;0.0000;0.0000;0.0000;0.0000;0.0000;0.0000;0.0000;0;0.0000;0.0000;0.0000;0.0000;0.0000;0.0000;ControllerBody;fc9c2bd3-aae8-4497-a886-be853502c08c;;OpenLoop;2026-05-18 09:49:15.0110;Controllers;1;OpenXR
Left;;Baseline;0;NoMitigation;None;anonymous;Sample;3;0.0000;0.0000;-1.0000;-0.5530;0.0000;0.0000;0.0000;0.0000;-1.0000;-0.5530;1.0000;0.0000;0.0000;0.0000;0;0.0000;-1.0000;-0.5455;0.0000;0.0000;0.0000;0.0000;0.0000;0.0000;0.0000;0.0000;0.0000;0;0.0000;0.0000;0.0000;0.0000;0.0000;0.0000;ControllerBody;0.0000;0.0000;1.0000;0.0000;0.0000;0.0000;1.0000;0.0000;0.0000;0.0000;0.0000;-1.0000;-0.5455;0.0000;0.0000;0.0000;0.0000;0.0000;0.0000;0.0000;0.0000;0.0000;0;0.0000;0.0000;0.0000;0.0000;0.0000;0.0000;ControllerBody;fc9c2bd3-aae8-4497-a886-be853502c08c;;OpenLoop;2026-05-18 09:49:17.0382;Controllers;1;OpenXR
Left;;Baseline;0;NoMitigation;None;anonymous;Sample;4;0.0000;0.0000;-1.0000;-0.5530;0.0000;0.0000;0.0000;0.0000;-1.0000;-0.5530;1.0000;0.0000;0.0000;0.0000;0;0.0000;-1.0000;-0.5455;0.0000;0.0000;0.0000;0.0000;0.0000;0.0000;0.0000;0.0000;0.0000;0;0.0000;0.0000;0.0000;0.0000;0.0000;0.0000;ControllerBody;0.0000;0.0000;1.0000;0.0000;0.0000;0.0000;1.0000;0.0000;0.0000;0.0000;0.0000;-1.0000;-0.5455;0.0000;0.0000;0.0000;0.0000;0.0000;0.0000;0.0000;0.0000;0.0000;0;0.0000;0.0000;0.0000;0.0000;0.0000;0.0000;ControllerBody;fc9c2bd3-aae8-4497-a886-be853502c08c;;OpenLoop;2026-05-18 09:49:17.0737;Controllers;1;OpenXR
Left;;Baseline;0;NoMitigation;None;anonymous;Sample;5;0.0000;0.0000;-1.0000;-0.5530;0.0000;0.0000;0.0000;0.0000;-1.0000;-0.5530;1.0000;0.0000;0.0000;0.0000;0;0.0000;-1.0000;-0.5455;0.0000;0.0000;0.0000;0.0000;0.0000;0.0000;0.0000;0.0000;0.0000;0;0.0000;0.0000;0.0000;0.0000;0.0000;0.0000;ControllerBody;0.0000;0.0000;1.0000;0.0000;0.0000;0.0000;1.0000;0.0000;0.0000;0.0000;0.0000;-1.0000;-0.5455;0.0000;0.0000;0.0000;0.0000;0.0000;0.0000;0.0000;0.0000;0.0000;0;0.0000;0.0000;0.0000;0.0000;0.0000;0.0000;ControllerBody;fc9c2bd3-aae8-4497-a886-be853502c08c;;OpenLoop;2026-05-18 09:49:17.0944;Controllers;1;OpenXR
Left;;Baseline;0;NoMitigation;None;anonymous;Sample;6;0.0000;0.0000;-1.0000;-0.5530;0.0000;0.0000;0.0000;0.0000;-1.0000;-0.5530;1.0000;0.0000;0.0000;0.0000;0;0.0000;-1.0000;-0.5455;0.0000;0.0000;0.0000;0.0000;0.0000;0.0000;0.0000;0.0000;0.0000;0;0.0000;0.0000;0.0000;0.0000;0.0000;0.0000;ControllerBody;0.0000;0.0000;1.0000;0.0000;0.0000;0.0000;1.0000;0.0000;0.0000;0.0000;0.0000;-1.0000;-0.5455;0.0000;0.0000;0.0000;0.0000;0.0000;0.0000;0.0000;0.0000;0.0000;0;0.0000;0.0000;0.0000;0.0000;0.0000;0.0000;ControllerBody;fc9c2bd3-aae8-4497-a886-be853502c08c;;OpenLoop;2026-05-18 09:49:17.1156;Controllers;1;OpenXR
Left;;Baseline;0;NoMitigation;None;anonymous;Sample;8;0.0000;0.0000;-1.0000;-0.5530;0.0000;0.0000;0.0000;0.0000;-1.0000;-0.5530;1.0000;0.0000;0.0000;0.0000;0;0.0000;-1.0000;-0.5455;0.0000;0.0000;0.0000;0.0000;0.0000;0.0000;0.0000;0.0000;0.0000;0;0.0000;0.0000;0.0000;0.0000;0.0000;0.0000;ControllerBody;0.0000;0.0000;1.0000;0.0000;0.0000;0.0000;1.0000;0.0000;0.0000;0.0000;0.0000;-1.0000;-0.5455;0.0000;0.0000;0.0000;0.0000;0.0000;0.0000;0.0000;0.0000;0.0000;0;0.0000;0.0000;0.0000;0.0000;0.0000;0.0000;ControllerBody;fc9c2bd3-aae8-4497-a886-be853502c08c;;OpenLoop;2026-05-18 09:49:17.1399;Controllers;1;OpenXR
Left;;Baseline;0;NoMitigation;None;anonymous;Sample;10;0.0000;0.0000;-1.0000;-0.5530;0.0000;0.0000;0.0000;0.0000;-1.0000;-0.5530;1.0000;0.0000;0.0000;0.0000;0;0.0000;-1.0000;-0.5455;0.0000;0.0000;0.0000;0.0000;0.0000;0.0000;0.0000;0.0000;0.0000;0;0.0000;0.0000;0.0000;0.0000;0.0000;0.0000;ControllerBody;0.0000;0.0000;1.0000;0.0000;0.0000;0.0000;1.0000;0.0000;0.0000;0.0000;0.0000;-1.0000;-0.5455;0.0000;0.0000;0.0000;0.0000;0.0000;0.0000;0.0000;0.0000;0.0000;0;0.0000;0.0000;0.0000;0.0000;0.0000;0.0000;ControllerBody;fc9c2bd3-aae8-4497-a886-be853502c08c;;OpenLoop;2026-05-18 09:49:17.1646;Controllers;1;OpenXR
Left;;Baseline;0;NoMitigation;None;anonymous;Sample;12;0.0000;0.0000;-1.0000;-0.5530;0.0000;0.0000;0.0000;0.0000;-1.0000;-0.5530;1.0000;0.0000;0.0000;0.0000;0;0.0000;-1.0000;-0.5455;0.0000;0.0000;0.0000;0.0000;0.0000;0.0000;0.0000;0.0000;0.0000;0;0.0000;0.0000;0.0000;0.0000;0.0000;0.0000;ControllerBody;0.0000;0.0000;1.0000;0.0000;0.0000;0.0000;1.0000;0.0000;0.0000;0.0000;0.0000;-1.0000;-0.5455;0.0000;0.0000;0.0000;0.0000;0.0000;0.0000;0.0000;0.0000;0.0000;0;0.0000;0.0000;0.0000;0.0000;0.0000;0.0000;ControllerBody;fc9c2bd3-aae8-4497-a886-be853502c08c;;OpenLoop;2026-05-18 09:49:17.1906;Controllers;1;OpenXR
Left;;Baseline;0;NoMitigation;None;anonymous;Sample;14;0.0000;0.0000;-1.0000;-0.5530;0.0000;0.0000;0.0000;0.0000;-1.0000;-0.5530;1.0000;0.0000;0.0000;0.0000;0;0.0000;-1.0000;-0.5455;0.0000;0.0000;0.0000;0.0000;0.0000;0.0000;0.0000;0.0000;0.0000;0;0.0000;0.0000;0.0000;0.0000;0.0000;0.0000;ControllerBody;0.0000;0.0000;1.0000;0.0000;0.0000;0.0000;1.0000;0.0000;0.0000;0.0000;0.0000;-1.0000;-0.5455;0.0000;0.0000;0.0000;0.0000;0.0000;0.0000;0.0000;0.0000;0.0000;0;0.0000;0.0000;0.0000;0.0000;0.0000;0.0000;ControllerBody;fc9c2bd3-aae8-4497-a886-be853502c08c;;OpenLoop;2026-05-18 09:49:17.2159;Controllers;1;OpenXR
Left;;Baseline;0;NoMitigation;None;anonymous;Sample;16;0.0000;0.0000;-1.0000;-0.5530;0.0000;0.0000;0.0000;0.0000;-1.0000;-0.5530;1.0000;0.0000;0.0000;0.0000;0;0.0000;-1.0000;-0.5455;0.0000;0.0000;0.0000;0.0000;0.0000;0.0000;0.0000;0.0000;0.0000;0;0.0000;0.0000;0.0000;0.0000;0.0000;0.0000;ControllerBody;0.0000;0.0000;1.0000;0.0000;0.0000;0.0000;1.0000;0.0000;0.0000;0.0000;0.0000;-1.0000;-0.5455;0.0000;0.0000;0.0000;0.0000;0.0000;0.0000;0.0000;0.0000;0.0000;0;0.0000;0.0000;0.0000;0.0000;0.0000;0.0000;ControllerBody;fc9c2bd3-aae8-4497-a886-be853502c08c;;OpenLoop;2026-05-18 09:49:17.2417;Controllers;1;OpenXR
Left;;Baseline;0;NoMitigation;None;anonymous;Sample;18;0.0000;0.0000;-1.0000;-0.5530;0.0000;0.0000;0.0000;0.0000;-1.0000;-0.5530;1.0000;0.0000;0.0000;0.0000;0;0.0000;-1.0000;-0.5455;0.0000;0.0000;0.0000;0.0000;0.0000;0.0000;0.0000;0.0000;0.0000;0;0.0000;0.0000;0.0000;0.0000;0.0000;0.0000;ControllerBody;0.0000;0.0000;1.0000;0.0000;0.0000;0.0000;1.0000;0.0000;0.0000;0.0000;0.0000;-1.0000;-0.5455;0.0000;0.0000;0.0000;0.0000;0.0000;0.0000;0.0000;0.0000;0.0000;0;0.0000;0.0000;0.0000;0.0000;0.0000;0.0000;ControllerBody;fc9c2bd3-aae8-4497-a886-be853502c08c;;OpenLoop;2026-05-18 09:49:17.2660;Controllers;1;OpenXR
Left;;Baseline;0;NoMitigation;None;anonymous;Sample;20;0.0000;0.0000;-1.0000;-0.5530;0.0000;0.0000;0.0000;0.0000;-1.0000;-0.5530;1.0000;0.0000;0.0000;0.0000;0;0.0000;-1.0000;-0.5455;0.0000;0.0000;0.0000;0.0000;0.0000;0.0000;0.0000;0.0000;0.0000;0;0.0000;0.0000;0.0000;0.0000;0.0000;0.0000;ControllerBody;0.0000;0.0000;1.0000;0.0000;0.0000;0.0000;1.0000;0.0000;0.0000;0.0000;0.0000;-1.0000;-0.5455;0.0000;0.0000;0.0000;0.0000;0.0000;0.0000;0.0000;0.0000;0.0000;0;0.0000;0.0000;0.0000;0.0000;0.0000;0.0000;ControllerBody;fc9c2bd3-aae8-4497-a886-be853502c08c;;OpenLoop;2026-05-18 09:49:17.2918;Controllers;1;OpenXR
Left;;Baseline;0;NoMitigation;None;anonymous;Sample;22;0.0000;0.0000;-1.0000;-0.5530;0.0000;0.0000;0.0000;0.0000;-1.0000;-0.5530;1.0000;0.0000;0.0000;0.0000;0;0.0000;-1.0000;-0.5455;0.0000;0.0000;0.0000;0.0000;0.0000;0.0000;0.0000;0.0000;0.0000;0;0.0000;0.0000;0.0000;0.0000;0.0000;0.0000;ControllerBody;0.0000;0.0000;1.0000;0.0000;0.0000;0.0000;1.0000;0.0000;0.0000;0.0000;0.0000;-1.0000;-0.5455;0.0000;0.0000;0.0000;0.0000;0.0000;0.0000;0.0000;0.0000;0.0000;0;0.0000;0.0000;0.0000;0.0000;0.0000;0.0000;ControllerBody;fc9c2bd3-aae8-4497-a886-be853502c08c;;OpenLoop;2026-05-18 09:49:17.3206;Controllers;1;OpenXR
Left;;Baseline;0;NoMitigation;None;anonymous;Sample;24;0.0000;0.0000;-1.0000;-0.5530;0.0000;0.0000;0.0000;0.0000;-1.0000;-0.5530;1.0000;0.0000;0.0000;0.0000;0;0.0000;-1.0000;-0.5455;0.0000;0.0000;0.0000;0.0000;0.0000;0.0000;0.0000;0.0000;0.0000;0;0.0000;0.0000;0.0000;0.0000;0.0000;0.0000;ControllerBody;0.0000;0.0000;1.0000;0.0000;0.0000;0.0000;1.0000;0.0000;0.0000;0.0000;0.0000;-1.0000;-0.5455;0.0000;0.0000;0.0000;0.0000;0.0000;0.0000;0.0000;0.0000;0.0000;0;0.0000;0.0000;0.0000;0.0000;0.0000;0.0000;ControllerBody;fc9c2bd3-aae8-4497-a886-be853502c08c;;OpenLoop;2026-05-18 09:49:17.3469;Controllers;1;OpenXR
Left;;Baseline;0;NoMitigation;None;anonymous;Sample;26;0.0000;0.0000;-1.0000;-0.5530;0.0000;0.0000;0.0000;0.0000;-1.0000;-0.5530;1.0000;0.0000;0.0000;0.0000;0;0.0000;-1.0000;-0.5455;0.0000;0.0000;0.0000;0.0000;0.0000;0.0000;0.0000;0.0000;0.0000;0;0.0000;0.0000;0.0000;0.0000;0.0000;0.0000;ControllerBody;0.0000;0.0000;1.0000;0.0000;0.0000;0.0000;1.0000;0.0000;0.0000;0.0000;0.0000;-1.0000;-0.5455;0.0000;0.0000;0.0000;0.0000;0.0000;0.0000;0.0000;0.0000;0.0000;0;0.0000;0.0000;0.0000;0.0000;0.0000;0.0000;ControllerBody;fc9c2bd3-aae8-4497-a886-be853502c08c;;OpenLoop;2026-05-18 09:49:17.3722;Controllers;1;OpenXR
Left;;Baseline;0;NoMitigation;None;anonymous;Sample;28;0.0000;0.0000;-1.0000;-0.5530;0.0000;0.0000;0.0000;0.0000;-1.0000;-0.5530;1.0000;0.0000;0.0000;0.0000;0;0.0000;-1.0000;-0.5455;0.0000;0.0000;0.0000;0.0000;0.0000;0.0000;0.0000;0.0000;0.0000;0;0.0000;0.0000;0.0000;0.0000;0.0000;0.0000;ControllerBody;0.0000;0.0000;1.0000;0.0000;0.0000;0.0000;1.0000;0.0000;0.0000;0.0000;0.0000;-1.0000;-0.5455;0.0000;0.0000;0.0000;0.0000;0.0000;0.0000;0.0000;0.0000;0.0000;0;0.0000;0.0000;0.0000;0.0000;0.0000;0.0000;ControllerBody;fc9c2bd3-aae8-4497-a886-be853502c08c;;OpenLoop;2026-05-18 09:49:17.3965;Controllers;1;OpenXR
Left;;Baseline;0;NoMitigation;None;anonymous;Sample;30;0.0000;0.0000;-1.0000;-0.5530;0.0000;0.0000;0.0000;0.0000;-1.0000;-0.5530;1.0000;0.0000;0.0000;0.0000;0;0.0000;-1.0000;-0.5455;0.0000;0.0000;0.0000;0.0000;0.0000;0.0000;0.0000;0.0000;0.0000;0;0.0000;0.0000;0.0000;0.0000;0.0000;0.0000;ControllerBody;0.0000;0.0000;1.0000;0.0000;0.0000;0.0000;1.0000;0.0000;0.0000;0.0000;0.0000;-1.0000;-0.5455;0.0000;0.0000;0.0000;0.0000;0.0000;0.0000;0.0000;0.0000;0.0000;0;0.0000;0.0000;0.0000;0.0000;0.0000;0.0000;ControllerBody;fc9c2bd3-aae8-4497-a886-be853502c08c;;OpenLoop;2026-05-18 09:49:17.4214;Controllers;1;OpenXR
Left;;Baseline;0;NoMitigation;None;anonymous;Sample;32;0.0000;0.0000;-1.0000;-0.5530;0.0000;0.0000;0.0000;0.0000;-1.0000;-0.5530;1.0000;0.0000;0.0000;0.0000;0;0.0000;-1.0000;-0.5455;0.0000;0.0000;0.0000;0.0000;0.0000;0.0000;0.0000;0.0000;0.0000;0;0.0000;0.0000;0.0000;0.0000;0.0000;0.0000;ControllerBody;0.0000;0.0000;1.0000;0.0000;0.0000;0.0000;1.0000;0.0000;0.0000;0.0000;0.0000;-1.0000;-0.5455;0.0000;0.0000;0.0000;0.0000;0.0000;0.0000;0.0000;0.0000;0.0000;0;0.0000;0.0000;0.0000;0.0000;0.0000;0.0000;ControllerBody;fc9c2bd3-aae8-4497-a886-be853502c08c;;OpenLoop;2026-05-18 09:49:17.4471;Controllers;1;OpenXR
Left;;Baseline;0;NoMitigation;None;anonymous;Sample;34;0.0000;0.0000;-1.0000;-0.5530;0.0000;0.0000;0.0000;0.0000;-1.0000;-0.5530;1.0000;0.0000;0.0000;0.0000;0;0.0000;-1.0000;-0.5455;0.0000;0.0000;0.0000;0.0000;0.0000;0.0000;0.0000;0.0000;0.0000;0;0.0000;0.0000;0.0000;0.0000;0.0000;0.0000;ControllerBody;0.0000;0.0000;1.0000;0.0000;0.0000;0.0000;1.0000;0.0000;0.0000;0.0000;0.0000;-1.0000;-0.5455;0.0000;0.0000;0.0000;0.0000;0.0000;0.0000;0.0000;0.0000;0.0000;0;0.0000;0.0000;0.0000;0.0000;0.0000;0.0000;ControllerBody;fc9c2bd3-aae8-4497-a886-be853502c08c;;OpenLoop;2026-05-18 09:49:17.4724;Controllers;1;OpenXR
Left;;Baseline;0;NoMitigation;None;anonymous;Sample;36;0.0000;0.0000;-1.0000;-0.5530;0.0000;0.0000;0.0000;0.0000;-1.0000;-0.5530;1.0000;0.0000;0.0000;0.0000;0;0.0000;-1.0000;-0.5455;0.0000;0.0000;0.0000;0.0000;0.0000;0.0000;0.0000;0.0000;0.0000;0;0.0000;0.0000;0.0000;0.0000;0.0000;0.0000;ControllerBody;0.0000;0.0000;1.0000;0.0000;0.0000;0.0000;1.0000;0.0000;0.0000;0.0000;0.0000;-1.0000;-0.5455;0.0000;0.0000;0.0000;0.0000;0.0000;0.0000;0.0000;0.0000;0.0000;0;0.0000;0.0000;0.0000;0.0000;0.0000;0.0000;ControllerBody;fc9c2bd3-aae8-4497-a886-be853502c08c;;OpenLoop;2026-05-18 09:49:17.5038;Controllers;1;OpenXR
Left;;Baseline;0;NoMitigation;None;anonymous;Sample;38;0.0000;0.0000;-1.0000;-0.5530;0.0000;0.0000;0.0000;0.0000;-1.0000;-0.5530;1.0000;0.0000;0.0000;0.0000;0;0.0000;-1.0000;-0.5455;0.0000;0.0000;0.0000;0.0000;0.0000;0.0000;0.0000;0.0000;0.0000;0;0.0000;0.0000;0.0000;0.0000;0.0000;0.0000;ControllerBody;0.0000;0.0000;1.0000;0.0000;0.0000;0.0000;1.0000;0.0000;0.0000;0.0000;0.0000;-1.0000;-0.5455;0.0000;0.0000;0.0000;0.0000;0.0000;0.0000;0.0000;0.0000;0.0000;0;0.0000;0.0000;0.0000;0.0000;0.0000;0.0000;ControllerBody;fc9c2bd3-aae8-4497-a886-be853502c08c;;OpenLoop;2026-05-18 09:49:17.5291;Controllers;1;OpenXR
Left;;Baseline;0;NoMitigation;None;anonymous;Sample;40;0.0000;0.0000;-1.0000;-0.5530;0.0000;0.0000;0.0000;0.0000;-1.0000;-0.5530;1.0000;0.0000;0.0000;0.0000;0;0.0000;-1.0000;-0.5455;0.0000;0.0000;0.0000;0.0000;0.0000;0.0000;0.0000;0.0000;0.0000;0;0.0000;0.0000;0.0000;0.0000;0.0000;0.0000;ControllerBody;0.0000;0.0000;1.0000;0.0000;0.0000;0.0000;1.0000;0.0000;0.0000;0.0000;0.0000;-1.0000;-0.5455;0.0000;0.0000;0.0000;0.0000;0.0000;0.0000;0.0000;0.0000;0.0000;0;0.0000;0.0000;0.0000;0.0000;0.0000;0.0000;ControllerBody;fc9c2bd3-aae8-4497-a886-be853502c08c;;OpenLoop;2026-05-18 09:49:17.5544;Controllers;1;OpenXR
Left;;Baseline;0;NoMitigation;None;anonymous;Sample;42;0.0000;0.0000;-1.0000;-0.5530;0.0000;0.0000;0.0000;0.0000;-1.0000;-0.5530;1.0000;0.0000;0.0000;0.0000;0;0.0000;-1.0000;-0.5455;0.0000;0.0000;0.0000;0.0000;0.0000;0.0000;0.0000;0.0000;0.0000;0;0.0000;0.0000;0.0000;0.0000;0.0000;0.0000;ControllerBody;0.0000;0.0000;1.0000;0.0000;0.0000;0.0000;1.0000;0.0000;0.0000;0.0000;0.0000;-1.0000;-0.5455;0.0000;0.0000;0.0000;0.0000;0.0000;0.0000;0.0000;0.0000;0.0000;0;0.0000;0.0000;0.0000;0.0000;0.0000;0.0000;ControllerBody;fc9c2bd3-aae8-4497-a886-be853502c08c;;OpenLoop;2026-05-18 09:49:17.5797;Controllers;1;OpenXR
Left;;Baseline;0;NoMitigation;None;anonymous;Sample;44;0.0000;0.0000;-1.0000;-0.5530;0.0000;0.0000;0.0000;0.0000;-1.0000;-0.5530;1.0000;0.0000;0.0000;0.0000;0;0.0000;-1.0000;-0.5455;0.0000;0.0000;0.0000;0.0000;0.0000;0.0000;0.0000;0.0000;0.0000;0;0.0000;0.0000;0.0000;0.0000;0.0000;0.0000;ControllerBody;0.0000;0.0000;1.0000;0.0000;0.0000;0.0000;1.0000;0.0000;0.0000;0.0000;0.0000;-1.0000;-0.5455;0.0000;0.0000;0.0000;0.0000;0.0000;0.0000;0.0000;0.0000;0.0000;0;0.0000;0.0000;0.0000;0.0000;0.0000;0.0000;ControllerBody;fc9c2bd3-aae8-4497-a886-be853502c08c;;OpenLoop;2026-05-18 09:49:17.6075;Controllers;1;OpenXR
Left;;Baseline;0;NoMitigation;None;anonymous;Sample;46;0.0000;0.0000;-1.0000;-0.5530;0.0000;0.0000;0.0000;0.0000;-1.0000;-0.5530;1.0000;0.0000;0.0000;0.0000;0;0.0000;-1.0000;-0.5455;0.0000;0.0000;0.0000;0.0000;0.0000;0.0000;0.0000;0.0000;0.0000;0;0.0000;0.0000;0.0000;0.0000;0.0000;0.0000;ControllerBody;0.0000;0.0000;1.0000;0.0000;0.0000;0.0000;1.0000;0.0000;0.0000;0.0000;0.0000;-1.0000;-0.5455;0.0000;0.0000;0.0000;0.0000;0.0000;0.0000;0.0000;0.0000;0.0000;0;0.0000;0.0000;0.0000;0.0000;0.0000;0.0000;ControllerBody;fc9c2bd3-aae8-4497-a886-be853502c08c;;OpenLoop;2026-05-18 09:49:17.6312;Controllers;1;OpenXR
Left;;Baseline;0;NoMitigation;None;anonymous;Sample;48;0.0000;0.0000;-1.0000;-0.5530;0.0000;0.0000;0.0000;0.0000;-1.0000;-0.5530;1.0000;0.0000;0.0000;0.0000;0;0.0000;-1.0000;-0.5455;0.0000;0.0000;0.0000;0.0000;0.0000;0.0000;0.0000;0.0000;0.0000;0;0.0000;0.0000;0.0000;0.0000;0.0000;0.0000;ControllerBody;0.0000;0.0000;1.0000;0.0000;0.0000;0.0000;1.0000;0.0000;0.0000;0.0000;0.0000;-1.0000;-0.5455;0.0000;0.0000;0.0000;0.0000;0.0000;0.0000;0.0000;0.0000;0.0000;0;0.0000;0.0000;0.0000;0.0000;0.0000;0.0000;ControllerBody;fc9c2bd3-aae8-4497-a886-be853502c08c;;OpenLoop;2026-05-18 09:49:17.6585;Controllers;1;OpenXR
Left;;Baseline;0;NoMitigation;None;anonymous;Sample;50;0.0000;0.0000;-1.0000;-0.5530;0.0000;0.0000;0.0000;0.0000;-1.0000;-0.5530;1.0000;0.0000;0.0000;0.0000;0;0.0000;-1.0000;-0.5455;0.0000;0.0000;0.0000;0.0000;0.0000;0.0000;0.0000;0.0000;0.0000;0;0.0000;0.0000;0.0000;0.0000;0.0000;0.0000;ControllerBody;0.0000;0.0000;1.0000;0.0000;0.0000;0.0000;1.0000;0.0000;0.0000;0.0000;0.0000;-1.0000;-0.5455;0.0000;0.0000;0.0000;0.0000;0.0000;0.0000;0.0000;0.0000;0.0000;0;0.0000;0.0000;0.0000;0.0000;0.0000;0.0000;ControllerBody;fc9c2bd3-aae8-4497-a886-be853502c08c;;OpenLoop;2026-05-18 09:49:17.6889;Controllers;1;OpenXR
Left;;Baseline;0;NoMitigation;None;anonymous;Sample;52;0.0000;0.0000;-1.0000;-0.5530;0.0000;0.0000;0.0000;0.0000;-1.0000;-0.5530;1.0000;0.0000;0.0000;0.0000;0;0.0000;-1.0000;-0.5455;0.0000;0.0000;0.0000;0.0000;0.0000;0.0000;0.0000;0.0000;0.0000;0;0.0000;0.0000;0.0000;0.0000;0.0000;0.0000;ControllerBody;0.0000;0.0000;1.0000;0.0000;0.0000;0.0000;1.0000;0.0000;0.0000;0.0000;0.0000;-1.0000;-0.5455;0.0000;0.0000;0.0000;0.0000;0.0000;0.0000;0.0000;0.0000;0.0000;0;0.0000;0.0000;0.0000;0.0000;0.0000;0.0000;ControllerBody;fc9c2bd3-aae8-4497-a886-be853502c08c;;OpenLoop;2026-05-18 09:49:17.7226;Controllers;1;OpenXR
Left;;Baseline;0;NoMitigation;None;anonymous;Sample;54;0.0000;-0.0993;0.7155;-0.4998;355.1484;18.3936;5.4122;-0.0993;0.7155;-0.4998;0.9848;-0.0342;0.1615;0.0533;0;0.0000;-1.0000;-0.5455;0.0000;0.0000;0.0000;0.0000;0.0000;0.0000;0.0000;0.0000;0.0000;0;0.0000;0.0000;0.0000;0.0000;0.0000;0.0000;ControllerBody;0.0000;0.0000;1.0000;0.0000;0.0000;0.0000;1.0000;0.0000;0.0000;0.0000;0.0120;0.6101;-0.1994;5.1988;5.0915;353.9152;0.0113;0.6109;-0.2068;6.0603;5.8415;353.0005;0;0.0113;0.6109;-0.2068;6.0603;5.8415;353.0005;ControllerBody;fc9c2bd3-aae8-4497-a886-be853502c08c;;OpenLoop;2026-05-18 09:49:17.7880;Controllers;1;OpenXR
Left;;Baseline;0;NoMitigation;None;anonymous;Sample;56;0.0000;-0.0991;0.7153;-0.4995;355.3041;18.1456;5.4778;-0.0991;0.7153;-0.4995;0.9852;-0.0329;0.1593;0.0536;0;0.0000;-1.0000;-0.5455;0.0000;0.0000;0.0000;0.0000;0.0000;0.0000;0.0000;0.0000;0.0000;0;0.0000;0.0000;0.0000;0.0000;0.0000;0.0000;ControllerBody;0.0000;0.0000;1.0000;0.0000;0.0000;0.0000;1.0000;0.0000;0.0000;0.0000;0.0120;0.6101;-0.1994;5.2974;5.1965;353.8218;0.0115;0.6106;-0.2068;6.0125;5.8632;353.1480;0;0.0115;0.6106;-0.2068;6.0125;5.8632;353.1480;ControllerBody;fc9c2bd3-aae8-4497-a886-be853502c08c;;OpenLoop;2026-05-18 09:49:17.8119;Controllers;1;OpenXR
Left;;Baseline;0;NoMitigation;None;anonymous;Sample;57;0.0000;-0.0990;0.7151;-0.4996;355.2134;18.1773;5.4439;-0.0990;0.7151;-0.4996;0.9852;-0.0337;0.1596;0.0534;0;0.0000;-1.0000;-0.5455;0.0000;0.0000;0.0000;0.0000;0.0000;0.0000;0.0000;0.0000;0.0000;0;0.0000;0.0000;0.0000;0.0000;0.0000;0.0000;ControllerBody;0.0000;0.0000;1.0000;0.0000;0.0000;0.0000;1.0000;0.0000;0.0000;0.0000;0.0120;0.6100;-0.1994;5.5615;5.2876;353.6208;0.0118;0.6091;-0.2064;6.7400;5.6820;352.7305;0;0.0118;0.6091;-0.2064;6.7400;5.6820;352.7305;ControllerBody;fc9c2bd3-aae8-4497-a886-be853502c08c;;OpenLoop;2026-05-18 09:49:17.8379;Controllers;1;OpenXR
Left;;Baseline;0;NoMitigation;None;anonymous;Sample;58;0.0000;-0.0990;0.7149;-0.4996;355.1146;18.2804;5.4284;-0.0990;0.7149;-0.4996;0.9850;-0.0345;0.1605;0.0535;0;0.0000;-1.0000;-0.5455;0.0000;0.0000;0.0000;0.0000;0.0000;0.0000;0.0000;0.0000;0.0000;0;0.0000;0.0000;0.0000;0.0000;0.0000;0.0000;ControllerBody;0.0000;0.0000;1.0000;0.0000;0.0000;0.0000;1.0000;0.0000;0.0000;0.0000;0.0121;0.6100;-0.1994;5.7663;5.3467;353.4756;0.0118;0.6089;-0.2064;6.8519;5.6512;352.7105;0;0.0118;0.6089;-0.2064;6.8519;5.6512;352.7105;ControllerBody;fc9c2bd3-aae8-4497-a886-be853502c08c;;OpenLoop;2026-05-18 09:49:17.8637;Controllers;1;OpenXR
Left;;Baseline;0;NoMitigation;None;anonymous;Sample;60;0.0000;-0.0988;0.7146;-0.4996;355.1797;18.2285;5.3844;-0.0988;0.7146;-0.4996;0.9851;-0.0340;0.1600;0.0530;0;0.0000;-1.0000;-0.5455;0.0000;0.0000;0.0000;0.0000;0.0000;0.0000;0.0000;0.0000;0.0000;0;0.0000;0.0000;0.0000;0.0000;0.0000;0.0000;ControllerBody;0.0000;0.0000;1.0000;0.0000;0.0000;0.0000;1.0000;0.0000;0.0000;0.0000;0.0121;0.6100;-0.1994;5.9024;5.4077;353.3746;0.0118;0.6092;-0.2065;6.5939;5.7475;352.8559;0;0.0118;0.6092;-0.2065;6.5939;5.7475;352.8559;ControllerBody;fc9c2bd3-aae8-4497-a886-be853502c08c;;OpenLoop;2026-05-18 09:49:17.8958;Controllers;1;OpenXR
Left;;Baseline;0;NoMitigation;None;anonymous;Sample;62;0.0000;-0.0986;0.7145;-0.4994;355.2355;18.1604;5.4226;-0.0986;0.7145;-0.4994;0.9852;-0.0335;0.1594;0.0532;0;0.0000;-1.0000;-0.5455;0.0000;0.0000;0.0000;0.0000;0.0000;0.0000;0.0000;0.0000;0.0000;0;0.0000;0.0000;0.0000;0.0000;0.0000;0.0000;ControllerBody;0.0000;0.0000;1.0000;0.0000;0.0000;0.0000;1.0000;0.0000;0.0000;0.0000;0.0121;0.6100;-0.1994;5.9432;5.4455;353.3383;0.0118;0.6094;-0.2066;6.3229;5.8685;352.9795;0;0.0118;0.6094;-0.2066;6.3229;5.8685;352.9795;ControllerBody;fc9c2bd3-aae8-4497-a886-be853502c08c;;OpenLoop;2026-05-18 09:49:17.9224;Controllers;1;OpenXR
Left;;Baseline;0;NoMitigation;None;anonymous;Sample;64;0.0000;-0.0985;0.7143;-0.4993;355.3134;18.1576;5.4210;-0.0985;0.7143;-0.4993;0.9852;-0.0329;0.1594;0.0531;0;0.0000;-1.0000;-0.5455;0.0000;0.0000;0.0000;0.0000;0.0000;0.0000;0.0000;0.0000;0.0000;0;0.0000;0.0000;0.0000;0.0000;0.0000;0.0000;ControllerBody;0.0000;0.0000;1.0000;0.0000;0.0000;0.0000;1.0000;0.0000;0.0000;0.0000;0.0121;0.6099;-0.1994;5.9753;5.4788;353.3092;0.0117;0.6093;-0.2065;6.3843;5.8664;352.9518;0;0.0117;0.6093;-0.2065;6.3843;5.8664;352.9518;ControllerBody;fc9c2bd3-aae8-4497-a886-be853502c08c;;OpenLoop;2026-05-18 09:49:17.9461;Controllers;1;OpenXR
Left;;Baseline;0;NoMitigation;None;anonymous;Sample;66;0.0000;-0.0987;0.7141;-0.4993;355.3426;18.1730;5.4160;-0.0987;0.7141;-0.4993;0.9852;-0.0326;0.1595;0.0530;0;0.0000;-1.0000;-0.5455;0.0000;0.0000;0.0000;0.0000;0.0000;0.0000;0.0000;0.0000;0.0000;0;0.0000;0.0000;0.0000;0.0000;0.0000;0.0000;ControllerBody;0.0000;0.0000;1.0000;0.0000;0.0000;0.0000;1.0000;0.0000;0.0000;0.0000;0.0121;0.6099;-0.1994;6.0982;5.5065;353.2664;0.0105;0.6083;-0.2060;6.9568;5.5890;353.0876;0;0.0105;0.6083;-0.2060;6.9568;5.5890;353.0876;ControllerBody;fc9c2bd3-aae8-4497-a886-be853502c08c;;OpenLoop;2026-05-18 09:49:17.9896;Controllers;1;OpenXR
Left;;Baseline;0;NoMitigation;None;anonymous;Sample;68;0.0000;-0.0001;0.0000;0.0000;355.3533;0.0218;5.4201;-0.0001;0.0000;0.0000;0.9981;-0.0405;0.0021;0.0473;0;0.1082;-1.7141;-0.0132;0.0000;341.8270;0.0000;0.0000;0.0000;0.0000;0.0000;0.0000;0.0000;0;0.0000;0.0000;0.0000;0.0000;0.0000;0.0000;ControllerBody;0.0000;0.0000;1.0000;0.0000;0.0000;0.0000;1.0000;0.0000;0.0000;0.0000;0.0116;-0.1044;0.3195;6.1962;347.3115;353.2970;0.0110;-0.1054;0.3121;6.7236;347.0771;353.6939;0;0.0110;-0.1054;0.3121;6.7236;347.0771;353.6939;ControllerBody;fc9c2bd3-aae8-4497-a886-be853502c08c;;OpenLoop;2026-05-18 09:49:18.0225;Controllers;1;OpenXR
Left;;Baseline;0;NoMitigation;None;anonymous;Sample;71;0.0000;-0.0001;0.0005;0.0000;355.3908;359.8995;5.2789;-0.0001;0.0005;0.0000;0.9981;-0.0402;0.0010;0.0460;0;0.1082;-1.7141;-0.0132;0.0000;341.8270;0.0000;0.0000;0.0000;0.0000;0.0000;0.0000;0.0000;0;0.0000;0.0000;0.0000;0.0000;0.0000;0.0000;ControllerBody;0.0000;0.0000;1.0000;0.0000;0.0000;0.0000;1.0000;0.0000;0.0000;0.0000;0.0115;-0.1044;0.3195;6.1274;347.1641;353.3073;0.0100;-0.1036;0.3114;5.5088;346.0570;353.1313;0;0.0100;-0.1036;0.3114;5.5088;346.0570;353.1313;ControllerBody;fc9c2bd3-aae8-4497-a886-be853502c08c;;OpenLoop;2026-05-18 09:49:18.0555;Controllers;1;OpenXR
Left;;Baseline;0;NoMitigation;None;anonymous;Sample;73;0.0000;0.0000;0.0008;-0.0003;355.3505;359.7737;5.2556;0.0000;0.0008;-0.0003;0.9981;-0.0406;-0.0001;0.0457;0;0.1082;-1.7141;-0.0132;0.0000;341.8270;0.0000;0.0000;0.0000;0.0000;0.0000;0.0000;0.0000;0;0.0000;0.0000;0.0000;0.0000;0.0000;0.0000;ControllerBody;0.0000;0.0000;1.0000;0.0000;0.0000;0.0000;1.0000;0.0000;0.0000;0.0000;0.0113;-0.1043;0.3194;5.6767;346.4168;352.5519;0.0096;-0.1014;0.3111;4.5157;344.7366;350.5204;0;0.0096;-0.1014;0.3111;4.5157;344.7366;350.5204;ControllerBody;fc9c2bd3-aae8-4497-a886-be853502c08c;;OpenLoop;2026-05-18 09:49:18.0813;Controllers;1;OpenXR
Left;;Baseline;0;NoMitigation;None;anonymous;Sample;74;0.0000;0.0000;0.0009;-0.0006;355.2613;359.8686;5.2261;0.0000;0.0009;-0.0006;0.9981;-0.0414;0.0007;0.0455;0;0.1082;-1.7141;-0.0132;0.0000;341.8270;0.0000;0.0000;0.0000;0.0000;0.0000;0.0000;0.0000;0;0.0000;0.0000;0.0000;0.0000;0.0000;0.0000;ControllerBody;0.0000;0.0000;1.0000;0.0000;0.0000;0.0000;1.0000;0.0000;0.0000;0.0000;0.0112;-0.1042;0.3194;5.7119;346.1044;352.1264;0.0092;-0.1021;0.3115;5.8164;345.0142;350.6426;0;0.0092;-0.1021;0.3115;5.8164;345.0142;350.6426;ControllerBody;fc9c2bd3-aae8-4497-a886-be853502c08c;;OpenLoop;2026-05-18 09:49:18.1298;Controllers;1;OpenXR
Left;;Baseline;0;NoMitigation;None;anonymous;Sample;76;0.0000;0.0000;0.0013;-0.0012;355.3700;359.6517;4.6932;0.0000;0.0013;-0.0012;0.9983;-0.0405;-0.0014;0.0408;0;0.1082;-1.7141;-0.0132;0.0000;341.8270;0.0000;0.0000;0.0000;0.0000;0.0000;0.0000;0.0000;0;0.0000;0.0000;0.0000;0.0000;0.0000;0.0000;ControllerBody;0.0000;0.0000;1.0000;0.0000;0.0000;0.0000;1.0000;0.0000;0.0000;0.0000;0.0108;-0.1041;0.3193;5.9687;345.4828;351.4806;0.0064;-0.1018;0.3105;6.6189;343.8464;349.8358;0;0.0064;-0.1018;0.3105;6.6189;343.8464;349.8358;ControllerBody;fc9c2bd3-aae8-4497-a886-be853502c08c;;OpenLoop;2026-05-18 09:49:18.1543;Controllers;1;OpenXR
Left;;Baseline;0;NoMitigation;None;anonymous;Sample;78;0.0000;-0.0003;0.0020;-0.0011;355.8581;359.1492;4.0537;-0.0003;0.0020;-0.0011;0.9987;-0.0364;-0.0061;0.0351;0;0.1082;-1.7141;-0.0132;0.0000;341.8270;0.0000;0.0000;0.0000;0.0000;0.0000;0.0000;0.0000;0;0.0000;0.0000;0.0000;0.0000;0.0000;0.0000;ControllerBody;0.0000;0.0000;1.0000;0.0000;0.0000;0.0000;1.0000;0.0000;0.0000;0.0000;0.0097;-0.1039;0.3189;6.3286;344.4066;350.8036;0.0028;-0.1012;0.3085;6.8639;342.3407;349.7784;0;0.0028;-0.1012;0.3085;6.8639;342.3407;349.7784;ControllerBody;fc9c2bd3-aae8-4497-a886-be853502c08c;;OpenLoop;2026-05-18 09:49:18.1884;Controllers;1;OpenXR
Left;;Baseline;0;NoMitigation;None;anonymous;Sample;80;0.0000;-0.0006;0.0023;-0.0006;356.3614;358.8969;3.8426;-0.0006;0.0023;-0.0006;0.9989;-0.0321;-0.0086;0.0332;0;0.1082;-1.7141;-0.0132;0.0000;341.8270;0.0000;0.0000;0.0000;0.0000;0.0000;0.0000;0.0000;0;0.0000;0.0000;0.0000;0.0000;0.0000;0.0000;ControllerBody;0.0000;0.0000;1.0000;0.0000;0.0000;0.0000;1.0000;0.0000;0.0000;0.0000;0.0088;-0.1037;0.3186;6.3631;343.9863;350.6938;0.0025;-0.1000;0.3077;6.2897;342.5339;350.4724;0;0.0025;-0.1000;0.3077;6.2897;342.5339;350.4724;ControllerBody;fc9c2bd3-aae8-4497-a886-be853502c08c;;OpenLoop;2026-05-18 09:49:18.2133;Controllers;1;OpenXR
Left;;Baseline;0;NoMitigation;None;anonymous;Sample;82;0.0000;-0.0020;0.0017;0.0016;357.3337;358.4983;3.4261;-0.0020;0.0017;0.0016;0.9992;-0.0236;-0.0124;0.0296;0;0.1082;-1.7141;-0.0132;0.0000;341.8270;0.0000;0.0000;0.0000;0.0000;0.0000;0.0000;0.0000;0;0.0000;0.0000;0.0000;0.0000;0.0000;0.0000;ControllerBody;0.0000;0.0000;1.0000;0.0000;0.0000;0.0000;1.0000;0.0000;0.0000;0.0000;0.0081;-0.1033;0.3182;6.2919;343.8972;350.6844;0.0039;-0.0992;0.3085;5.7100;343.6366;350.5576;0;0.0039;-0.0992;0.3085;5.7100;343.6366;350.5576;ControllerBody;fc9c2bd3-aae8-4497-a886-be853502c08c;;OpenLoop;2026-05-18 09:49:18.2457;Controllers;1;OpenXR
Left;;Baseline;0;NoMitigation;None;anonymous;Sample;84;0.0000;-0.0027;0.0009;0.0041;358.2247;358.0556;3.3862;-0.0027;0.0009;0.0041;0.9993;-0.0160;-0.0165;0.0293;0;0.1082;-1.7141;-0.0132;0.0000;341.8270;0.0000;0.0000;0.0000;0.0000;0.0000;0.0000;0.0000;0;0.0000;0.0000;0.0000;0.0000;0.0000;0.0000;ControllerBody;0.0000;0.0000;1.0000;0.0000;0.0000;0.0000;1.0000;0.0000;0.0000;0.0000;0.0078;-0.1032;0.3182;6.2823;343.9625;350.6848;0.0045;-0.1002;0.3100;6.0198;344.5169;350.6943;0;0.0045;-0.1002;0.3100;6.0198;344.5169;350.6943;ControllerBody;fc9c2bd3-aae8-4497-a886-be853502c08c;;OpenLoop;2026-05-18 09:49:18.2703;Controllers;1;OpenXR
Left;;Baseline;0;NoMitigation;None;anonymous;Sample;86;0.0000;-0.0039;-0.0007;0.0085;359.6081;357.1333;3.5331;-0.0039;-0.0007;0.0085;0.9992;-0.0042;-0.0249;0.0307;0;0.1082;-1.7141;-0.0132;0.0000;341.8270;0.0000;0.0000;0.0000;0.0000;0.0000;0.0000;0.0000;0;0.0000;0.0000;0.0000;0.0000;0.0000;0.0000;ControllerBody;0.0000;0.0000;1.0000;0.0000;0.0000;0.0000;1.0000;0.0000;0.0000;0.0000;0.0074;-0.1030;0.3182;6.2144;344.2247;350.8320;0.0044;-0.1002;0.3116;5.6681;345.2920;351.6500;0;0.0044;-0.1002;0.3116;5.6681;345.2920;351.6500;ControllerBody;fc9c2bd3-aae8-4497-a886-be853502c08c;;OpenLoop;2026-05-18 09:49:18.3038;Controllers;1;OpenXR
Left;;Baseline;0;NoMitigation;None;anonymous;Sample;88;0.0000;-0.0053;-0.0018;0.0116;1.0982;356.5433;3.7716;-0.0053;-0.0018;0.0116;0.9989;0.0086;-0.0305;0.0332;0;0.1082;-1.7141;-0.0132;0.0000;341.8270;0.0000;0.0000;0.0000;0.0000;0.0000;0.0000;0.0000;0;0.0000;0.0000;0.0000;0.0000;0.0000;0.0000;ControllerBody;0.0000;0.0000;1.0000;0.0000;0.0000;0.0000;1.0000;0.0000;0.0000;0.0000;0.0072;-0.1029;0.3183;5.9516;344.6511;351.0615;0.0054;-0.0994;0.3134;4.8137;346.1118;351.7838;0;0.0054;-0.0994;0.3134;4.8137;346.1118;351.7838;ControllerBody;fc9c2bd3-aae8-4497-a886-be853502c08c;;OpenLoop;2026-05-18 09:49:18.3286;Controllers;1;OpenXR
Left;;Baseline;0;NoMitigation;None;anonymous;Sample;90;0.0000;-0.0075;-0.0042;0.0148;2.5705;355.9958;4.1363;-0.0075;-0.0042;0.0148;0.9985;0.0211;-0.0357;0.0368;0;0.1082;-1.7141;-0.0132;0.0000;341.8270;0.0000;0.0000;0.0000;0.0000;0.0000;0.0000;0.0000;0;0.0000;0.0000;0.0000;0.0000;0.0000;0.0000;ControllerBody;0.0000;0.0000;1.0000;0.0000;0.0000;0.0000;1.0000;0.0000;0.0000;0.0000;0.0071;-0.1027;0.3186;5.4433;345.3744;351.3115;0.0066;-0.0994;0.3163;4.3408;346.9940;351.8093;0;0.0066;-0.0994;0.3163;4.3408;346.9940;351.8093;ControllerBody;fc9c2bd3-aae8-4497-a886-be853502c08c;;OpenLoop;2026-05-18 09:49:18.3626;Controllers;1;OpenXR
Left;;Baseline;0;NoMitigation;None;anonymous;Sample;92;0.0000;-0.0088;-0.0057;0.0172;3.3897;355.6585;4.5798;-0.0088;-0.0057;0.0172;0.9980;0.0280;-0.0390;0.0410;0;0.1082;-1.7141;-0.0132;0.0000;341.8270;0.0000;0.0000;0.0000;0.0000;0.0000;0.0000;0.0000;0;0.0000;0.0000;0.0000;0.0000;0.0000;0.0000;ControllerBody;0.0000;0.0000;1.0000;0.0000;0.0000;0.0000;1.0000;0.0000;0.0000;0.0000;0.0070;-0.1026;0.3190;5.3873;345.8447;351.4085;0.0070;-0.1007;0.3186;5.4888;347.6027;351.6888;0;0.0070;-0.1007;0.3186;5.4888;347.6027;351.6888;ControllerBody;fc9c2bd3-aae8-4497-a886-be853502c08c;;OpenLoop;2026-05-18 09:49:18.3869;Controllers;1;OpenXR
Left;;Baseline;0;NoMitigation;None;anonymous;Sample;94;0.0000;-0.0108;-0.0074;0.0199;4.2343;355.5327;5.3679;-0.0108;-0.0074;0.0199;0.9974;0.0351;-0.0406;0.0482;0;0.1082;-1.7141;-0.0132;0.0000;341.8270;0.0000;0.0000;0.0000;0.0000;0.0000;0.0000;0.0000;0;0.0000;0.0000;0.0000;0.0000;0.0000;0.0000;ControllerBody;0.0000;0.0000;1.0000;0.0000;0.0000;0.0000;1.0000;0.0000;0.0000;0.0000;0.0066;-0.1028;0.3199;6.2249;346.1987;351.1498;0.0050;-0.1038;0.3206;8.3285;346.6331;350.3961;0;0.0050;-0.1038;0.3206;8.3285;346.6331;350.3961;ControllerBody;fc9c2bd3-aae8-4497-a886-be853502c08c;;OpenLoop;2026-05-18 09:49:18.4204;Controllers;1;OpenXR
Left;;Baseline;0;NoMitigation;None;anonymous;Sample;96;0.0000;-0.0128;-0.0088;0.0216;5.0749;355.6631;5.8964;-0.0128;-0.0088;0.0216;0.9969;0.0422;-0.0400;0.0530;0;0.1082;-1.7141;-0.0132;0.0000;341.8270;0.0000;0.0000;0.0000;0.0000;0.0000;0.0000;0.0000;0;0.0000;0.0000;0.0000;0.0000;0.0000;0.0000;ControllerBody;0.0000;0.0000;1.0000;0.0000;0.0000;0.0000;1.0000;0.0000;0.0000;0.0000;0.0063;-0.1029;0.3206;6.8175;346.2299;350.8687;0.0035;-0.1036;0.3214;8.5595;346.2392;349.9562;0;0.0035;-0.1036;0.3214;8.5595;346.2392;349.9562;ControllerBody;fc9c2bd3-aae8-4497-a886-be853502c08c;;OpenLoop;2026-05-18 09:49:18.4452;Controllers;1;OpenXR
Left;;Baseline;0;NoMitigation;None;anonymous;Sample;98;0.0000;-0.0138;-0.0095;0.0225;5.2882;355.9179;6.0087;-0.0138;-0.0095;0.0225;0.9968;0.0442;-0.0379;0.0540;0;0.1082;-1.7141;-0.0132;0.0000;341.8270;0.0000;0.0000;0.0000;0.0000;0.0000;0.0000;0.0000;0;0.0000;0.0000;0.0000;0.0000;0.0000;0.0000;ControllerBody;0.0000;0.0000;1.0000;0.0000;0.0000;0.0000;1.0000;0.0000;0.0000;0.0000;0.0059;-0.1028;0.3213;6.8656;346.3120;350.8470;0.0037;-0.1003;0.3211;6.5081;346.8677;350.8528;0;0.0037;-0.1003;0.3211;6.5081;346.8677;350.8528;ControllerBody;fc9c2bd3-aae8-4497-a886-be853502c08c;;OpenLoop;2026-05-18 09:49:18.4787;Controllers;1;OpenXR
Left;;Baseline;0;NoMitigation;None;anonymous;Sample;100;0.0000;-0.0145;-0.0101;0.0230;5.4620;356.0064;5.9331;-0.0145;-0.0101;0.0230;0.9968;0.0458;-0.0372;0.0533;0;0.1082;-1.7141;-0.0132;0.0000;341.8270;0.0000;0.0000;0.0000;0.0000;0.0000;0.0000;0.0000;0;0.0000;0.0000;0.0000;0.0000;0.0000;0.0000;ControllerBody;0.0000;0.0000;1.0000;0.0000;0.0000;0.0000;1.0000;0.0000;0.0000;0.0000;0.0055;-0.1025;0.3220;6.5132;346.6008;351.0550;0.0037;-0.0982;0.3211;5.1693;347.6034;351.8134;0;0.0037;-0.0982;0.3211;5.1693;347.6034;351.8134;ControllerBody;fc9c2bd3-aae8-4497-a886-be853502c08c;;OpenLoop;2026-05-18 09:49:18.5120;Controllers;1;OpenXR
Left;;Baseline;0;NoMitigation;None;anonymous;Sample;102;0.0000;-0.0144;-0.0105;0.0229;5.2493;356.0055;5.9706;-0.0144;-0.0105;0.0229;0.9969;0.0439;-0.0372;0.0536;0;0.1082;-1.7141;-0.0132;0.0000;341.8270;0.0000;0.0000;0.0000;0.0000;0.0000;0.0000;0.0000;0;0.0000;0.0000;0.0000;0.0000;0.0000;0.0000;ControllerBody;0.0000;0.0000;1.0000;0.0000;0.0000;0.0000;1.0000;0.0000;0.0000;0.0000;0.0053;-0.1021;0.3225;5.9011;346.9893;351.4195;0.0041;-0.0969;0.3209;4.1669;348.0450;352.4458;0;0.0041;-0.0969;0.3209;4.1669;348.0450;352.4458;ControllerBody;fc9c2bd3-aae8-4497-a886-be853502c08c;;OpenLoop;2026-05-18 09:49:18.5369;Controllers;1;OpenXR
Left;;Baseline;0;NoMitigation;None;anonymous;Sample;104;0.0000;-0.0144;-0.0111;0.0232;4.7414;356.3175;5.9717;-0.0144;-0.0111;0.0232;0.9972;0.0396;-0.0342;0.0533;0;0.1082;-1.7141;-0.0132;0.0000;341.8270;0.0000;0.0000;0.0000;0.0000;0.0000;0.0000;0.0000;0;0.0000;0.0000;0.0000;0.0000;0.0000;0.0000;ControllerBody;0.0000;0.0000;1.0000;0.0000;0.0000;0.0000;1.0000;0.0000;0.0000;0.0000;0.0051;-0.1017;0.3230;4.9313;347.7114;352.0697;0.0059;-0.0964;0.3212;3.2095;349.0450;353.1874;0;0.0059;-0.0964;0.3212;3.2095;349.0450;353.1874;ControllerBody;fc9c2bd3-aae8-4497-a886-be853502c08c;;OpenLoop;2026-05-18 09:49:18.5704;Controllers;1;OpenXR
Left;;Baseline;0;NoMitigation;None;anonymous;Sample;106;0.0000;-0.0139;-0.0111;0.0231;4.7825;356.8745;5.6895;-0.0139;-0.0111;0.0231;0.9975;0.0403;-0.0293;0.0507;0;0.1082;-1.7141;-0.0132;0.0000;341.8270;0.0000;0.0000;0.0000;0.0000;0.0000;0.0000;0.0000;0;0.0000;0.0000;0.0000;0.0000;0.0000;0.0000;ControllerBody;0.0000;0.0000;1.0000;0.0000;0.0000;0.0000;1.0000;0.0000;0.0000;0.0000;0.0053;-0.1013;0.3235;4.0738;348.6003;352.5995;0.0090;-0.0959;0.3220;2.0847;350.7648;353.7303;0;0.0090;-0.0959;0.3220;2.0847;350.7648;353.7303;ControllerBody;fc9c2bd3-aae8-4497-a886-be853502c08c;;OpenLoop;2026-05-18 09:49:18.5951;Controllers;1;OpenXR
Left;;Baseline;0;NoMitigation;None;anonymous;Sample;108;0.0000;-0.0130;-0.0107;0.0230;4.7213;358.1263;5.5749;-0.0130;-0.0107;0.0230;0.9978;0.0403;-0.0183;0.0493;0;0.1082;-1.7141;-0.0132;0.0000;341.8270;0.0000;0.0000;0.0000;0.0000;0.0000;0.0000;0.0000;0;0.0000;0.0000;0.0000;0.0000;0.0000;0.0000;ControllerBody;0.0000;0.0000;1.0000;0.0000;0.0000;0.0000;1.0000;0.0000;0.0000;0.0000;0.0061;-0.1004;0.3243;1.9278;351.4937;353.8542;0.0144;-0.0940;0.3229;359.9496;354.1929;354.8893;0;0.0144;-0.0940;0.3229;359.9496;354.1929;354.8893;ControllerBody;fc9c2bd3-aae8-4497-a886-be853502c08c;;OpenLoop;2026-05-18 09:49:18.6289;Controllers;1;OpenXR
Left;;Baseline;0;NoMitigation;None;anonymous;Sample;110;0.0000;-0.0120;-0.0104;0.0228;4.7127;359.6282;5.0497;-0.0120;-0.0104;0.0228;0.9982;0.0409;-0.0050;0.0441;0;0.1082;-1.7141;-0.0132;0.0000;341.8270;0.0000;0.0000;0.0000;0.0000;0.0000;0.0000;0.0000;0;0.0000;0.0000;0.0000;0.0000;0.0000;0.0000;ControllerBody;0.0000;0.0000;1.0000;0.0000;0.0000;0.0000;1.0000;0.0000;0.0000;0.0000;0.0075;-0.0995;0.3252;0.7502;353.3089;354.4033;0.0161;-0.0942;0.3229;359.5398;355.2262;354.9031;0;0.0161;-0.0942;0.3229;359.5398;355.2262;354.9031;ControllerBody;fc9c2bd3-aae8-4497-a886-be853502c08c;;OpenLoop;2026-05-18 09:49:18.6624;Controllers;1;OpenXR
Left;;Baseline;0;NoMitigation;None;anonymous;Sample;112;0.0000;-0.0104;-0.0104;0.0228;4.5824;0.7098;4.4700;-0.0104;-0.0104;0.0228;0.9984;0.0402;0.0046;0.0387;0;0.1082;-1.7141;-0.0132;0.0000;341.8270;0.0000;0.0000;0.0000;0.0000;0.0000;0.0000;0.0000;0;0.0000;0.0000;0.0000;0.0000;0.0000;0.0000;ControllerBody;0.0000;0.0000;1.0000;0.0000;0.0000;0.0000;1.0000;0.0000;0.0000;0.0000;0.0081;-0.0992;0.3257;0.7047;353.5450;354.4771;0.0153;-0.0966;0.3231;0.8505;354.6138;354.7857;0;0.0153;-0.0966;0.3231;0.8505;354.6138;354.7857;ControllerBody;fc9c2bd3-aae8-4497-a886-be853502c08c;;OpenLoop;2026-05-18 09:49:18.6880;Controllers;1;OpenXR
Left;;Baseline;0;NoMitigation;None;anonymous;Sample;114;0.0000;-0.0097;-0.0103;0.0225;4.5175;2.2450;3.8166;-0.0097;-0.0103;0.0225;0.9985;0.0400;0.0183;0.0325;0;0.1082;-1.7141;-0.0132;0.0000;341.8270;0.0000;0.0000;0.0000;0.0000;0.0000;0.0000;0.0000;0;0.0000;0.0000;0.0000;0.0000;0.0000;0.0000;ControllerBody;0.0000;0.0000;1.0000;0.0000;0.0000;0.0000;1.0000;0.0000;0.0000;0.0000;0.0090;-0.0990;0.3262;0.7518;353.7976;354.4616;0.0176;-0.0967;0.3236;0.8681;355.1068;354.2632;0;0.0176;-0.0967;0.3236;0.8681;355.1068;354.2632;ControllerBody;fc9c2bd3-aae8-4497-a886-be853502c08c;;OpenLoop;2026-05-18 09:49:18.7209;Controllers;1;OpenXR
Left;;Baseline;0;NoMitigation;None;anonymous;Sample;115;0.0000;-0.0098;-0.0103;0.0222;4.5826;3.5290;3.0355;-0.0098;-0.0103;0.0222;0.9984;0.0408;0.0297;0.0252;0;0.1082;-1.7141;-0.0132;0.0000;341.8270;0.0000;0.0000;0.0000;0.0000;0.0000;0.0000;0.0000;0;0.0000;0.0000;0.0000;0.0000;0.0000;0.0000;ControllerBody;0.0000;0.0000;1.0000;0.0000;0.0000;0.0000;1.0000;0.0000;0.0000;0.0000;0.0099;-0.0987;0.3267;0.6512;354.1018;354.3724;0.0195;-0.0958;0.3237;0.1976;355.4937;353.9582;0;0.0195;-0.0958;0.3237;0.1976;355.4937;353.9582;ControllerBody;fc9c2bd3-aae8-4497-a886-be853502c08c;;OpenLoop;2026-05-18 09:49:18.7467;Controllers;1;OpenXR
Left;;Baseline;0;NoMitigation;None;anonymous;Sample;117;0.0000;-0.0078;-0.0103;0.0216;4.3754;5.6776;2.4149;-0.0078;-0.0103;0.0216;0.9979;0.0392;0.0487;0.0191;0;0.1082;-1.7141;-0.0132;0.0000;341.8270;0.0000;0.0000;0.0000;0.0000;0.0000;0.0000;0.0000;0;0.0000;0.0000;0.0000;0.0000;0.0000;0.0000;ControllerBody;0.0000;0.0000;1.0000;0.0000;0.0000;0.0000;1.0000;0.0000;0.0000;0.0000;0.0114;-0.0983;0.3273;0.5302;354.4407;354.1446;0.0217;-0.0961;0.3242;0.4238;355.2936;353.1449;0;0.0217;-0.0961;0.3242;0.4238;355.2936;353.1449;ControllerBody;fc9c2bd3-aae8-4497-a886-be853502c08c;;OpenLoop;2026-05-18 09:49:18.7802;Controllers;1;OpenXR
Left;;Baseline;0;NoMitigation;None;anonymous;Sample;120;0.0000;-0.0068;-0.0105;0.0216;4.1287;5.9475;2.4667;-0.0068;-0.0105;0.0216;0.9978;0.0371;0.0511;0.0196;0;0.1082;-1.7141;-0.0132;0.0000;341.8270;0.0000;0.0000;0.0000;0.0000;0.0000;0.0000;0.0000;0;0.0000;0.0000;0.0000;0.0000;0.0000;0.0000;ControllerBody;0.0000;0.0000;1.0000;0.0000;0.0000;0.0000;1.0000;0.0000;0.0000;0.0000;0.0123;-0.0983;0.3278;1.0182;354.1325;353.4329;0.0199;-0.0989;0.3241;2.4479;353.2895;351.7011;0;0.0199;-0.0989;0.3241;2.4479;353.2895;351.7011;ControllerBody;fc9c2bd3-aae8-4497-a886-be853502c08c;;OpenLoop;2026-05-18 09:49:18.8123;Controllers;1;OpenXR
Left;;Baseline;0;NoMitigation;None;anonymous;Sample;122;0.0000;-0.0064;-0.0103;0.0218;4.2167;5.4934;2.5257;-0.0064;-0.0103;0.0218;0.9980;0.0378;0.0471;0.0202;0;0.1082;-1.7141;-0.0132;0.0000;341.8270;0.0000;0.0000;0.0000;0.0000;0.0000;0.0000;0.0000;0;0.0000;0.0000;0.0000;0.0000;0.0000;0.0000;ControllerBody;0.0000;0.0000;1.0000;0.0000;0.0000;0.0000;1.0000;0.0000;0.0000;0.0000;0.0127;-0.0985;0.3280;1.7603;353.4455;353.2193;0.0180;-0.1008;0.3232;3.3049;352.1346;353.3007;0;0.0180;-0.1008;0.3232;3.3049;352.1346;353.3007;ControllerBody;fc9c2bd3-aae8-4497-a886-be853502c08c;;OpenLoop;2026-05-18 09:49:18.8458;Controllers;1;OpenXR
Left;;Baseline;0;NoMitigation;None;anonymous;Sample;124;0.0000;-0.0059;-0.0101;0.0218;4.3239;4.5934;2.6435;-0.0059;-0.0101;0.0218;0.9983;0.0386;0.0392;0.0215;0;0.1082;-1.7141;-0.0132;0.0000;341.8270;0.0000;0.0000;0.0000;0.0000;0.0000;0.0000;0.0000;0;0.0000;0.0000;0.0000;0.0000;0.0000;0.0000;ControllerBody;0.0000;0.0000;1.0000;0.0000;0.0000;0.0000;1.0000;0.0000;0.0000;0.0000;0.0127;-0.0988;0.3281;3.4686;351.0172;354.6621;0.0126;-0.1036;0.3204;5.2321;348.4646;356.2598;0;0.0126;-0.1036;0.3204;5.2321;348.4646;356.2598;ControllerBody;fc9c2bd3-aae8-4497-a886-be853502c08c;;OpenLoop;2026-05-18 09:49:18.8787;Controllers;1;OpenXR
Left;;Baseline;0;NoMitigation;None;anonymous;Sample;126;0.0000;-0.0057;-0.0101;0.0219;4.2559;3.7200;2.3903;-0.0057;-0.0101;0.0219;0.9986;0.0378;0.0317;0.0196;0;0.1082;-1.7141;-0.0132;0.0000;341.8270;0.0000;0.0000;0.0000;0.0000;0.0000;0.0000;0.0000;0;0.0000;0.0000;0.0000;0.0000;0.0000;0.0000;ControllerBody;0.0000;0.0000;1.0000;0.0000;0.0000;0.0000;1.0000;0.0000;0.0000;0.0000;0.0113;-0.1001;0.3273;6.6231;345.4860;359.2684;0.0037;-0.1072;0.3148;8.0627;342.8307;1.4862;0;0.0037;-0.1072;0.3148;8.0627;342.8307;1.4862;ControllerBody;fc9c2bd3-aae8-4497-a886-be853502c08c;;OpenLoop;2026-05-18 09:49:18.9117;Controllers;1;OpenXR
Left;;Baseline;0;NoMitigation;None;anonymous;Sample;128;0.0000;-0.0061;-0.0104;0.0220;4.1771;3.2439;2.0203;-0.0061;-0.0104;0.0220;0.9988;0.0369;0.0276;0.0166;0;0.1082;-1.7141;-0.0132;0.0000;341.8270;0.0000;0.0000;0.0000;0.0000;0.0000;0.0000;0.0000;0;0.0000;0.0000;0.0000;0.0000;0.0000;0.0000;ControllerBody;0.0000;0.0000;1.0000;0.0000;0.0000;0.0000;1.0000;0.0000;0.0000;0.0000;0.0093;-0.1012;0.3258;7.5690;342.3442;2.0099;-0.0009;-0.1063;0.3083;8.7103;339.0869;4.8668;0;-0.0009;-0.1063;0.3083;8.7103;339.0869;4.8668;ControllerBody;fc9c2bd3-aae8-4497-a886-be853502c08c;;OpenLoop;2026-05-18 09:49:18.9376;Controllers;1;OpenXR
Left;;Baseline;0;NoMitigation;None;anonymous;Sample;129;0.0000;-0.0064;-0.0105;0.0221;4.2154;3.4369;2.2620;-0.0064;-0.0105;0.0221;0.9987;0.0373;0.0292;0.0186;0;0.1082;-1.7141;-0.0132;0.0000;341.8270;0.0000;0.0000;0.0000;0.0000;0.0000;0.0000;0.0000;0;0.0000;0.0000;0.0000;0.0000;0.0000;0.0000;ControllerBody;0.0000;0.0000;1.0000;0.0000;0.0000;0.0000;1.0000;0.0000;0.0000;0.0000;0.0069;-0.1019;0.3233;7.9923;339.0146;6.4110;-0.0019;-0.1042;0.3038;8.2375;337.6653;8.2009;0;-0.0019;-0.1042;0.3038;8.2375;337.6653;8.2009;ControllerBody;fc9c2bd3-aae8-4497-a886-be853502c08c;;OpenLoop;2026-05-18 09:49:18.9700;Controllers;1;OpenXR
Left;;Baseline;0;NoMitigation;None;anonymous;Sample;131;0.0000;-0.0069;-0.0107;0.0225;4.3900;3.6833;2.8277;-0.0069;-0.0107;0.0225;0.9985;0.0391;0.0312;0.0234;0;0.1082;-1.7141;-0.0132;0.0000;341.8270;0.0000;0.0000;0.0000;0.0000;0.0000;0.0000;0.0000;0;0.0000;0.0000;0.0000;0.0000;0.0000;0.0000;ControllerBody;0.0000;0.0000;1.0000;0.0000;0.0000;0.0000;1.0000;0.0000;0.0000;0.0000;0.0043;-0.1000;0.3165;4.4634;336.7712;15.2791;0.0028;-0.0918;0.2904;2.0569;336.7993;18.2650;0;0.0028;-0.0918;0.2904;2.0569;336.7993;18.2650;ControllerBody;fc9c2bd3-aae8-4497-a886-be853502c08c;;OpenLoop;2026-05-18 09:49:19.0039;Controllers;1;OpenXR
Left;;Baseline;0;NoMitigation;None;anonymous;Sample;133;0.0000;-0.0072;-0.0107;0.0222;4.4645;4.1041;2.5610;-0.0072;-0.0107;0.0222;0.9984;0.0397;0.0349;0.0209;0;0.1082;-1.7141;-0.0132;0.0000;341.8270;0.0000;0.0000;0.0000;0.0000;0.0000;0.0000;0.0000;0;0.0000;0.0000;0.0000;0.0000;0.0000;0.0000;ControllerBody;0.0000;0.0000;1.0000;0.0000;0.0000;0.0000;1.0000;0.0000;0.0000;0.0000;0.0035;-0.0985;0.3095;1.5319;334.7619;25.2332;0.0043;-0.0954;0.2806;0.9618;333.8045;28.5835;0;0.0043;-0.0954;0.2806;0.9618;333.8045;28.5835;ControllerBody;fc9c2bd3-aae8-4497-a886-be853502c08c;;OpenLoop;2026-05-18 09:49:19.0369;Controllers;1;OpenXR
Left;;Baseline;0;NoMitigation;None;anonymous;Sample;135;0.0000;-0.0076;-0.0111;0.0214;4.2625;4.2064;2.2852;-0.0076;-0.0111;0.0214;0.9985;0.0379;0.0359;0.0185;0;0.1082;-1.7141;-0.0132;0.0000;341.8270;0.0000;0.0000;0.0000;0.0000;0.0000;0.0000;0.0000;0;0.0000;0.0000;0.0000;0.0000;0.0000;0.0000;ControllerBody;0.0000;0.0000;1.0000;0.0000;0.0000;0.0000;1.0000;0.0000;0.0000;0.0000;0.0027;-0.0997;0.2997;0.9312;330.8374;41.7779;0.0051;-0.1040;0.2686;0.7835;330.2342;45.5181;0;0.0051;-0.1040;0.2686;0.7835;330.2342;45.5181;ControllerBody;fc9c2bd3-aae8-4497-a886-be853502c08c;;OpenLoop;2026-05-18 09:49:19.0684;Controllers;1;OpenXR
Left;;Baseline;0;NoMitigation;None;anonymous;Sample;137;0.0000;-0.0077;-0.0117;0.0209;4.0965;4.1405;2.2388;-0.0077;-0.0117;0.0209;0.9985;0.0364;0.0354;0.0182;0;0.1082;-1.7141;-0.0132;0.0000;341.8270;0.0000;0.0000;0.0000;0.0000;0.0000;0.0000;0.0000;0;0.0000;0.0000;0.0000;0.0000;0.0000;0.0000;ControllerBody;0.0000;0.0000;1.0000;0.0000;0.0000;0.0000;1.0000;0.0000;0.0000;0.0000;0.0035;-0.1036;0.2908;1.7528;329.6865;56.3586;0.0094;-0.1151;0.2627;2.2196;329.2055;59.8386;0;0.0094;-0.1151;0.2627;2.2196;329.2055;59.8386;ControllerBody;fc9c2bd3-aae8-4497-a886-be853502c08c;;OpenLoop;2026-05-18 09:49:19.1012;Controllers;1;OpenXR
Left;;Baseline;0;NoMitigation;None;anonymous;Sample;140;0.0000;-0.0076;-0.0120;0.0209;3.8673;3.9415;2.5316;-0.0076;-0.0120;0.0209;0.9986;0.0345;0.0336;0.0209;0;0.1082;-1.7141;-0.0132;0.0000;341.8270;0.0000;0.0000;0.0000;0.0000;0.0000;0.0000;0.0000;0;0.0000;0.0000;0.0000;0.0000;0.0000;0.0000;ControllerBody;0.0000;0.0000;1.0000;0.0000;0.0000;0.0000;1.0000;0.0000;0.0000;0.0000;0.0031;-0.1106;0.2801;4.8364;323.1921;70.1243;0.0057;-0.1260;0.2508;5.7668;321.7532;72.6582;0;0.0057;-0.1260;0.2508;5.7668;321.7532;72.6582;ControllerBody;fc9c2bd3-aae8-4497-a886-be853502c08c;;OpenLoop;2026-05-18 09:49:19.1362;Controllers;1;OpenXR
Left;;Baseline;0;NoMitigation;None;anonymous;Sample;142;0.0000;-0.0069;-0.0119;0.0217;3.8322;4.0208;2.9604;-0.0069;-0.0119;0.0217;0.9985;0.0343;0.0342;0.0246;0;0.1082;-1.7141;-0.0132;0.0000;341.8270;0.0000;0.0000;0.0000;0.0000;0.0000;0.0000;0.0000;0;0.0000;0.0000;0.0000;0.0000;0.0000;0.0000;ControllerBody;0.0000;0.0000;1.0000;0.0000;0.0000;0.0000;1.0000;0.0000;0.0000;0.0000;0.0057;-0.1286;0.2658;14.1105;320.5851;82.4428;0.0157;-0.1501;0.2445;15.7808;321.1251;84.7367;0;0.0157;-0.1501;0.2445;15.7808;321.1251;84.7367;ControllerBody;fc9c2bd3-aae8-4497-a886-be853502c08c;;OpenLoop;2026-05-18 09:49:19.1758;Controllers;1;OpenXR
Left;;Baseline;0;NoMitigation;None;anonymous;Sample;144;0.0000;-0.0056;-0.0121;0.0231;3.6804;4.4276;3.2017;-0.0056;-0.0121;0.0231;0.9984;0.0332;0.0377;0.0267;0;0.1082;-1.7141;-0.0132;0.0000;341.8270;0.0000;0.0000;0.0000;0.0000;0.0000;0.0000;0.0000;0;0.0000;0.0000;0.0000;0.0000;0.0000;0.0000;ControllerBody;0.0000;0.0000;1.0000;0.0000;0.0000;0.0000;1.0000;0.0000;0.0000;0.0000;0.0144;-0.1477;0.2566;21.7554;322.6597;96.0391;0.0321;-0.1727;0.2384;23.5091;323.1351;99.8058;0;0.0321;-0.1727;0.2384;23.5091;323.1351;99.8058;ControllerBody;fc9c2bd3-aae8-4497-a886-be853502c08c;;OpenLoop;2026-05-18 09:49:19.2078;Controllers;1;OpenXR
Left;;Baseline;0;NoMitigation;None;anonymous;Sample;146;0.0000;-0.0046;-0.0122;0.0240;3.7033;4.5937;2.8257;-0.0046;-0.0122;0.0240;0.9984;0.0333;0.0392;0.0233;0;0.1082;-1.7141;-0.0132;0.0000;341.8270;0.0000;0.0000;0.0000;0.0000;0.0000;0.0000;0.0000;0;0.0000;0.0000;0.0000;0.0000;0.0000;0.0000;ControllerBody;0.0000;0.0000;1.0000;0.0000;0.0000;0.0000;1.0000;0.0000;0.0000;0.0000;0.0242;-0.1642;0.2524;28.2159;326.6550;106.2434;0.0461;-0.1892;0.2420;30.1710;328.5454;109.6768;0;0.0461;-0.1892;0.2420;30.1710;328.5454;109.6768;ControllerBody;fc9c2bd3-aae8-4497-a886-be853502c08c;;OpenLoop;2026-05-18 09:49:19.2403;Controllers;1;OpenXR
Left;;Baseline;0;NoMitigation;None;anonymous;Sample;148;0.0000;-0.0033;-0.0122;0.0249;4.0563;4.4762;2.4048;-0.0033;-0.0122;0.0249;0.9984;0.0362;0.0383;0.0196;0;0.1082;-1.7141;-0.0132;0.0000;341.8270;0.0000;0.0000;0.0000;0.0000;0.0000;0.0000;0.0000;0;0.0000;0.0000;0.0000;0.0000;0.0000;0.0000;ControllerBody;0.0000;0.0000;1.0000;0.0000;0.0000;0.0000;1.0000;0.0000;0.0000;0.0000;0.0365;-0.1788;0.2527;28.6738;333.2908;123.8897;0.0583;-0.1955;0.2483;27.7142;333.6687;127.5826;0;0.0583;-0.1955;0.2483;27.7142;333.6687;127.5826;ControllerBody;fc9c2bd3-aae8-4497-a886-be853502c08c;;OpenLoop;2026-05-18 09:49:19.2723;Controllers;1;OpenXR
Left;;Baseline;0;NoMitigation;None;anonymous;Sample;150;0.0000;-0.0026;-0.0124;0.0253;4.3180;4.3007;2.1916;-0.0026;-0.0124;0.0253;0.9984;0.0384;0.0368;0.0177;0;0.1082;-1.7141;-0.0132;0.0000;341.8270;0.0000;0.0000;0.0000;0.0000;0.0000;0.0000;0.0000;0;0.0000;0.0000;0.0000;0.0000;0.0000;0.0000;ControllerBody;0.0000;0.0000;1.0000;0.0000;0.0000;0.0000;1.0000;0.0000;0.0000;0.0000;0.0402;-0.1839;0.2521;25.9976;327.3894;131.4763;0.0536;-0.1969;0.2429;26.4405;325.0903;133.7458;0;0.0536;-0.1969;0.2429;26.4405;325.0903;133.7458;ControllerBody;fc9c2bd3-aae8-4497-a886-be853502c08c;;OpenLoop;2026-05-18 09:49:19.3040;Controllers;1;OpenXR
Left;;Baseline;0;NoMitigation;None;anonymous;Sample;152;0.0000;-0.0018;-0.0129;0.0257;4.4202;4.2378;2.0920;-0.0018;-0.0129;0.0257;0.9984;0.0392;0.0362;0.0168;0;0.1082;-1.7141;-0.0132;0.0000;341.8270;0.0000;0.0000;0.0000;0.0000;0.0000;0.0000;0.0000;0;0.0000;0.0000;0.0000;0.0000;0.0000;0.0000;ControllerBody;0.0000;0.0000;1.0000;0.0000;0.0000;0.0000;1.0000;0.0000;0.0000;0.0000;0.0442;-0.1912;0.2506;29.4675;326.6274;136.2502;0.0593;-0.2076;0.2420;32.2664;327.9035;138.7069;0;0.0593;-0.2076;0.2420;32.2664;327.9035;138.7069;ControllerBody;fc9c2bd3-aae8-4497-a886-be853502c08c;;OpenLoop;2026-05-18 09:49:19.3387;Controllers;1;OpenXR
Left;;Baseline;0;NoMitigation;None;anonymous;Sample;154;0.0000;-0.0014;-0.0130;0.0260;4.4306;4.2452;1.8972;-0.0014;-0.0130;0.0260;0.9985;0.0392;0.0364;0.0151;0;0.1082;-1.7141;-0.0132;0.0000;341.8270;0.0000;0.0000;0.0000;0.0000;0.0000;0.0000;0.0000;0;0.0000;0.0000;0.0000;0.0000;0.0000;0.0000;ControllerBody;0.0000;0.0000;1.0000;0.0000;0.0000;0.0000;1.0000;0.0000;0.0000;0.0000;0.0531;-0.2015;0.2498;38.2956;339.1733;139.8807;0.0750;-0.2180;0.2423;40.2480;342.5685;141.1689;0;0.0750;-0.2180;0.2423;40.2480;342.5685;141.1689;ControllerBody;fc9c2bd3-aae8-4497-a886-be853502c08c;;OpenLoop;2026-05-18 09:49:19.3707;Controllers;1;OpenXR
Left;;Baseline;0;NoMitigation;None;anonymous;Sample;156;0.0000;-0.0010;-0.0132;0.0264;4.5732;4.1048;1.6682;-0.0010;-0.0132;0.0264;0.9985;0.0404;0.0352;0.0131;0;0.1082;-1.7141;-0.0132;0.0000;341.8270;0.0000;0.0000;0.0000;0.0000;0.0000;0.0000;0.0000;0;0.0000;0.0000;0.0000;0.0000;0.0000;0.0000;ControllerBody;0.0000;0.0000;1.0000;0.0000;0.0000;0.0000;1.0000;0.0000;0.0000;0.0000;0.0648;-0.2126;0.2475;43.3599;349.3818;146.1958;0.0861;-0.2274;0.2369;45.3254;353.9301;149.8970;0;0.0861;-0.2274;0.2369;45.3254;353.9301;149.8970;ControllerBody;fc9c2bd3-aae8-4497-a886-be853502c08c;;OpenLoop;2026-05-18 09:49:19.4041;Controllers;1;OpenXR
Left;;Baseline;0;NoMitigation;None;anonymous;Sample;158;0.0000;-0.0012;-0.0132;0.0268;4.6131;3.8918;1.7583;-0.0012;-0.0132;0.0268;0.9985;0.0407;0.0333;0.0140;0;0.1082;-1.7141;-0.0132;0.0000;341.8270;0.0000;0.0000;0.0000;0.0000;0.0000;0.0000;0.0000;0;0.0000;0.0000;0.0000;0.0000;0.0000;0.0000;ControllerBody;0.0000;0.0000;1.0000;0.0000;0.0000;0.0000;1.0000;0.0000;0.0000;0.0000;0.0686;-0.2186;0.2452;44.5714;348.2392;147.9106;0.0783;-0.2306;0.2333;45.7605;346.2564;149.4395;0;0.0783;-0.2306;0.2333;45.7605;346.2564;149.4395;ControllerBody;fc9c2bd3-aae8-4497-a886-be853502c08c;;OpenLoop;2026-05-18 09:49:19.4363;Controllers;1;OpenXR
Left;;Baseline;0;NoMitigation;None;anonymous;Sample;160;0.0000;-0.0018;-0.0131;0.0272;4.8281;3.8221;1.9480;-0.0018;-0.0131;0.0272;0.9984;0.0427;0.0326;0.0156;0;0.1082;-1.7141;-0.0132;0.0000;341.8270;0.0000;0.0000;0.0000;0.0000;0.0000;0.0000;0.0000;0;0.0000;0.0000;0.0000;0.0000;0.0000;0.0000;ControllerBody;0.0000;0.0000;1.0000;0.0000;0.0000;0.0000;1.0000;0.0000;0.0000;0.0000;0.0692;-0.2229;0.2440;44.9076;346.2452;148.3227;0.0717;-0.2342;0.2350;45.0976;344.0006;148.6315;0;0.0717;-0.2342;0.2350;45.0976;344.0006;148.6315;ControllerBody;fc9c2bd3-aae8-4497-a886-be853502c08c;;OpenLoop;2026-05-18 09:49:19.4694;Controllers;1;OpenXR
Left;;Baseline;0;NoMitigation;None;anonymous;Sample;162;0.0000;-0.0032;-0.0134;0.0272;4.7628;4.1064;2.0824;-0.0032;-0.0134;0.0272;0.9984;0.0422;0.0350;0.0167;0;0.1082;-1.7141;-0.0132;0.0000;341.8270;0.0000;0.0000;0.0000;0.0000;0.0000;0.0000;0.0000;0;0.0000;0.0000;0.0000;0.0000;0.0000;0.0000;ControllerBody;0.0000;0.0000;1.0000;0.0000;0.0000;0.0000;1.0000;0.0000;0.0000;0.0000;0.0711;-0.2262;0.2436;45.8086;350.8022;152.5609;0.0804;-0.2335;0.2380;45.8910;355.6722;156.2312;0;0.0804;-0.2335;0.2380;45.8910;355.6722;156.2312;ControllerBody;fc9c2bd3-aae8-4497-a886-be853502c08c;;OpenLoop;2026-05-18 09:49:19.5026;Controllers;1;OpenXR
Left;;Baseline;0;NoMitigation;None;anonymous;Sample;164;0.0000;-0.0042;-0.0137;0.0272;4.7881;4.3378;2.2534;-0.0042;-0.0137;0.0272;0.9982;0.0425;0.0370;0.0181;0;0.1082;-1.7141;-0.0132;0.0000;341.8270;0.0000;0.0000;0.0000;0.0000;0.0000;0.0000;0.0000;0;0.0000;0.0000;0.0000;0.0000;0.0000;0.0000;ControllerBody;0.0000;0.0000;1.0000;0.0000;0.0000;0.0000;1.0000;0.0000;0.0000;0.0000;0.0730;-0.2280;0.2441;44.4890;355.8195;155.3222;0.0828;-0.2318;0.2410;43.5029;359.5292;157.4373;0;0.0828;-0.2318;0.2410;43.5029;359.5292;157.4373;ControllerBody;fc9c2bd3-aae8-4497-a886-be853502c08c;;OpenLoop;2026-05-18 09:49:19.5346;Controllers;1;OpenXR
Left;;Baseline;0;NoMitigation;None;anonymous;Sample;166;0.0000;-0.0048;-0.0143;0.0271;4.6614;4.3956;2.6793;-0.0048;-0.0143;0.0271;0.9982;0.0415;0.0374;0.0218;0;0.1082;-1.7141;-0.0132;0.0000;341.8270;0.0000;0.0000;0.0000;0.0000;0.0000;0.0000;0.0000;0;0.0000;0.0000;0.0000;0.0000;0.0000;0.0000;ControllerBody;0.0000;0.0000;1.0000;0.0000;0.0000;0.0000;1.0000;0.0000;0.0000;0.0000;0.0742;-0.2292;0.2443;44.3588;356.5947;155.5721;0.0828;-0.2312;0.2411;43.9354;358.9889;156.0973;0;0.0828;-0.2312;0.2411;43.9354;358.9889;156.0973;ControllerBody;fc9c2bd3-aae8-4497-a886-be853502c08c;;OpenLoop;2026-05-18 09:49:19.5686;Controllers;1;OpenXR
Left;;Baseline;0;NoMitigation;None;anonymous;Sample;168;0.0000;-0.0053;-0.0145;0.0274;4.6882;4.5394;2.7954;-0.0053;-0.0145;0.0274;0.9981;0.0418;0.0386;0.0227;0;0.1082;-1.7141;-0.0132;0.0000;341.8270;0.0000;0.0000;0.0000;0.0000;0.0000;0.0000;0.0000;0;0.0000;0.0000;0.0000;0.0000;0.0000;0.0000;ControllerBody;0.0000;0.0000;1.0000;0.0000;0.0000;0.0000;1.0000;0.0000;0.0000;0.0000;0.0769;-0.2308;0.2446;44.4273;1.5426;157.5732;0.0903;-0.2337;0.2398;44.6724;6.2788;159.6558;0;0.0903;-0.2337;0.2398;44.6724;6.2788;159.6558;ControllerBody;fc9c2bd3-aae8-4497-a886-be853502c08c;;OpenLoop;2026-05-18 09:49:19.6021;Controllers;1;OpenXR
Left;;Baseline;0;NoMitigation;None;anonymous;Sample;170;0.0000;-0.0057;-0.0147;0.0275;4.8143;4.5958;2.7847;-0.0057;-0.0147;0.0275;0.9981;0.0429;0.0390;0.0226;0;0.1082;-1.7141;-0.0132;0.0000;341.8270;0.0000;0.0000;0.0000;0.0000;0.0000;0.0000;0.0000;0;0.0000;0.0000;0.0000;0.0000;0.0000;0.0000;ControllerBody;0.0000;0.0000;1.0000;0.0000;0.0000;0.0000;1.0000;0.0000;0.0000;0.0000;0.0831;-0.2344;0.2438;45.6079;12.7092;165.5223;0.1013;-0.2407;0.2354;45.7640;18.0783;169.8385;0;0.1013;-0.2407;0.2354;45.7640;18.0783;169.8385;ControllerBody;fc9c2bd3-aae8-4497-a886-be853502c08c;;OpenLoop;2026-05-18 09:49:19.6342;Controllers;1;OpenXR
Left;;Baseline;0;NoMitigation;None;anonymous;Sample;172;0.0000;-0.0056;-0.0145;0.0278;4.9309;4.5502;2.7085;-0.0056;-0.0145;0.0278;0.9980;0.0439;0.0386;0.0219;0;0.1082;-1.7141;-0.0132;0.0000;341.8270;0.0000;0.0000;0.0000;0.0000;0.0000;0.0000;0.0000;0;0.0000;0.0000;0.0000;0.0000;0.0000;0.0000;ControllerBody;0.0000;0.0000;1.0000;0.0000;0.0000;0.0000;1.0000;0.0000;0.0000;0.0000;0.0896;-0.2391;0.2425;45.5077;18.8050;171.4949;0.0969;-0.2456;0.2379;44.9029;14.3906;166.5810;0;0.0969;-0.2456;0.2379;44.9029;14.3906;166.5810;ControllerBody;fc9c2bd3-aae8-4497-a886-be853502c08c;;OpenLoop;2026-05-18 09:49:19.6688;Controllers;1;OpenXR
Left;;Baseline;0;NoMitigation;None;anonymous;Sample;174;0.0000;-0.0052;-0.0147;0.0279;4.8273;4.4093;2.5590;-0.0052;-0.0147;0.0279;0.9982;0.0429;0.0375;0.0207;0;0.1082;-1.7141;-0.0132;0.0000;341.8270;0.0000;0.0000;0.0000;0.0000;0.0000;0.0000;0.0000;0;0.0000;0.0000;0.0000;0.0000;0.0000;0.0000;ControllerBody;0.0000;0.0000;1.0000;0.0000;0.0000;0.0000;1.0000;0.0000;0.0000;0.0000;0.0910;-0.2409;0.2426;45.1970;16.9021;169.4604;0.0969;-0.2456;0.2379;44.9029;14.3906;166.5810;0;0.0969;-0.2456;0.2379;44.9029;14.3906;166.5810;ControllerBody;fc9c2bd3-aae8-4497-a886-be853502c08c;;OpenLoop;2026-05-18 09:49:19.7015;Controllers;1;OpenXR
Left;;Baseline;0;NoMitigation;None;anonymous;Sample;176;0.0000;-0.0048;-0.0148;0.0279;4.7895;4.2738;2.4798;-0.0048;-0.0148;0.0279;0.9982;0.0426;0.0363;0.0200;0;0.1082;-1.7141;-0.0132;0.0000;341.8270;0.0000;0.0000;0.0000;0.0000;0.0000;0.0000;0.0000;0;0.0000;0.0000;0.0000;0.0000;0.0000;0.0000;ControllerBody;0.0000;0.0000;1.0000;0.0000;0.0000;0.0000;1.0000;0.0000;0.0000;0.0000;0.0920;-0.2423;0.2426;45.0354;16.0891;168.6049;0.0969;-0.2456;0.2379;44.9029;14.3906;166.5810;0;0.0969;-0.2456;0.2379;44.9029;14.3906;166.5810;ControllerBody;fc9c2bd3-aae8-4497-a886-be853502c08c;;OpenLoop;2026-05-18 09:49:19.7352;Controllers;1;OpenXR
Left;;Baseline;0;NoMitigation;None;anonymous;Sample;178;0.0000;-0.0047;-0.0148;0.0278;4.8687;4.2477;2.3680;-0.0047;-0.0148;0.0278;0.9982;0.0432;0.0361;0.0191;0;0.1082;-1.7141;-0.0132;0.0000;341.8270;0.0000;0.0000;0.0000;0.0000;0.0000;0.0000;0.0000;0;0.0000;0.0000;0.0000;0.0000;0.0000;0.0000;ControllerBody;0.0000;0.0000;1.0000;0.0000;0.0000;0.0000;1.0000;0.0000;0.0000;0.0000;0.0927;-0.2433;0.2427;44.9381;15.6396;168.1361;0.0969;-0.2456;0.2379;44.9029;14.3906;166.5810;0;0.0969;-0.2456;0.2379;44.9029;14.3906;166.5810;ControllerBody;fc9c2bd3-aae8-4497-a886-be853502c08c;;OpenLoop;2026-05-18 09:49:19.7671;Controllers;1;OpenXR
Left;;Baseline;0;NoMitigation;None;anonymous;Sample;180;0.0000;-0.0051;-0.0147;0.0274;4.9532;4.2744;2.3473;-0.0051;-0.0147;0.0274;0.9982;0.0439;0.0364;0.0188;0;0.1082;-1.7141;-0.0132;0.0000;341.8270;0.0000;0.0000;0.0000;0.0000;0.0000;0.0000;0.0000;0;0.0000;0.0000;0.0000;0.0000;0.0000;0.0000;ControllerBody;0.0000;0.0000;1.0000;0.0000;0.0000;0.0000;1.0000;0.0000;0.0000;0.0000;0.0933;-0.2441;0.2427;44.8720;15.3468;167.8321;0.0969;-0.2456;0.2379;44.9029;14.3906;166.5810;0;0.0969;-0.2456;0.2379;44.9029;14.3906;166.5810;ControllerBody;fc9c2bd3-aae8-4497-a886-be853502c08c;;OpenLoop;2026-05-18 09:49:19.8021;Controllers;1;OpenXR
Left;;Baseline;0;NoMitigation;None;anonymous;Sample;182;0.0000;-0.0061;-0.0150;0.0261;4.6713;4.2264;2.3918;-0.0061;-0.0150;0.0261;0.9983;0.0415;0.0360;0.0193;0;0.1082;-1.7141;-0.0132;0.0000;341.8270;0.0000;0.0000;0.0000;0.0000;0.0000;0.0000;0.0000;0;0.0000;0.0000;0.0000;0.0000;0.0000;0.0000;ControllerBody;0.0000;0.0000;1.0000;0.0000;0.0000;0.0000;1.0000;0.0000;0.0000;0.0000;0.0938;-0.2447;0.2427;44.8257;15.1450;167.6227;0.0969;-0.2456;0.2379;44.9029;14.3906;166.5810;0;0.0969;-0.2456;0.2379;44.9029;14.3906;166.5810;ControllerBody;fc9c2bd3-aae8-4497-a886-be853502c08c;;OpenLoop;2026-05-18 09:49:19.8342;Controllers;1;OpenXR
Left;;Baseline;0;NoMitigation;None;anonymous;Sample;184;0.0000;-0.0068;-0.0152;0.0253;4.2429;4.1882;2.6822;-0.0068;-0.0152;0.0253;0.9984;0.0378;0.0356;0.0220;0;0.1082;-1.7141;-0.0132;0.0000;341.8270;0.0000;0.0000;0.0000;0.0000;0.0000;0.0000;0.0000;0;0.0000;0.0000;0.0000;0.0000;0.0000;0.0000;ControllerBody;0.0000;0.0000;1.0000;0.0000;0.0000;0.0000;1.0000;0.0000;0.0000;0.0000;0.0942;-0.2453;0.2428;44.7906;14.9921;167.4636;0.0969;-0.2456;0.2379;44.9029;14.3906;166.5810;0;0.0969;-0.2456;0.2379;44.9029;14.3906;166.5810;ControllerBody;fc9c2bd3-aae8-4497-a886-be853502c08c;;OpenLoop;2026-05-18 09:49:19.8673;Controllers;1;OpenXR
Left;;Baseline;0;NoMitigation;None;anonymous;Sample;186;0.0000;-0.0075;-0.0148;0.0252;3.9814;4.4463;3.0062;-0.0075;-0.0148;0.0252;0.9983;0.0357;0.0378;0.0248;0;0.1082;-1.7141;-0.0132;0.0000;341.8270;0.0000;0.0000;0.0000;0.0000;0.0000;0.0000;0.0000;0;0.0000;0.0000;0.0000;0.0000;0.0000;0.0000;ControllerBody;0.0000;0.0000;1.0000;0.0000;0.0000;0.0000;1.0000;0.0000;0.0000;0.0000;0.0945;-0.2458;0.2428;44.7601;14.8560;167.3213;0.0969;-0.2456;0.2379;44.9029;14.3906;166.5810;0;0.0969;-0.2456;0.2379;44.9029;14.3906;166.5810;ControllerBody;fc9c2bd3-aae8-4497-a886-be853502c08c;;OpenLoop;2026-05-18 09:49:19.9085;Controllers;1;OpenXR
Left;;Baseline;0;NoMitigation;None;anonymous;Sample;188;0.0000;-0.0080;-0.0140;0.0253;4.0615;4.8028;3.2248;-0.0080;-0.0140;0.0253;0.9981;0.0366;0.0409;0.0266;0;0.1082;-1.7141;-0.0132;0.0000;341.8270;0.0000;0.0000;0.0000;0.0000;0.0000;0.0000;0.0000;0;0.0000;0.0000;0.0000;0.0000;0.0000;0.0000;ControllerBody;0.0000;0.0000;1.0000;0.0000;0.0000;0.0000;1.0000;0.0000;0.0000;0.0000;0.0948;-0.2461;0.2428;44.7413;14.7699;167.2305;0.0969;-0.2456;0.2379;44.9029;14.3906;166.5810;0;0.0969;-0.2456;0.2379;44.9029;14.3906;166.5810;ControllerBody;fc9c2bd3-aae8-4497-a886-be853502c08c;;OpenLoop;2026-05-18 09:49:19.9442;Controllers;1;OpenXR
Left;;Baseline;0;NoMitigation;None;anonymous;Sample;190;0.0000;-0.0081;-0.0137;0.0252;3.8857;4.9279;3.2856;-0.0081;-0.0137;0.0252;0.9981;0.0351;0.0420;0.0272;0;0.1082;-1.7141;-0.0132;0.0000;341.8270;0.0000;0.0000;0.0000;0.0000;0.0000;0.0000;0.0000;0;0.0000;0.0000;0.0000;0.0000;0.0000;0.0000;ControllerBody;0.0000;0.0000;1.0000;0.0000;0.0000;0.0000;1.0000;0.0000;0.0000;0.0000;0.0950;-0.2464;0.2428;44.7390;14.7204;167.1695;0.0969;-0.2456;0.2379;44.9029;14.3906;166.5810;0;0.0969;-0.2456;0.2379;44.9029;14.3906;166.5810;ControllerBody;fc9c2bd3-aae8-4497-a886-be853502c08c;;OpenLoop;2026-05-18 09:49:19.9712;Controllers;1;OpenXR
Left;;Baseline;0;NoMitigation;None;anonymous;Sample;192;0.0000;-0.0078;-0.0136;0.0253;3.7451;4.5567;3.1454;-0.0078;-0.0136;0.0253;0.9983;0.0337;0.0388;0.0261;0;0.1082;-1.7141;-0.0132;0.0000;341.8270;0.0000;0.0000;0.0000;0.0000;0.0000;0.0000;0.0000;0;0.0000;0.0000;0.0000;0.0000;0.0000;0.0000;ControllerBody;0.0000;0.0000;1.0000;0.0000;0.0000;0.0000;1.0000;0.0000;0.0000;0.0000;0.0952;-0.2467;0.2428;44.7265;14.6589;167.1037;0.0969;-0.2456;0.2379;44.9029;14.3906;166.5810;0;0.0969;-0.2456;0.2379;44.9029;14.3906;166.5810;ControllerBody;fc9c2bd3-aae8-4497-a886-be853502c08c;;OpenLoop;2026-05-18 09:49:20.0047;Controllers;1;OpenXR
Left;;Baseline;0;NoMitigation;None;anonymous;Sample;194;0.0000;-0.0074;-0.0139;0.0254;3.6229;3.9845;3.1188;-0.0074;-0.0139;0.0254;0.9986;0.0325;0.0339;0.0261;0;0.1082;-1.7141;-0.0132;0.0000;341.8270;0.0000;0.0000;0.0000;0.0000;0.0000;0.0000;0.0000;0;0.0000;0.0000;0.0000;0.0000;0.0000;0.0000;ControllerBody;0.0000;0.0000;1.0000;0.0000;0.0000;0.0000;1.0000;0.0000;0.0000;0.0000;0.0954;-0.2470;0.2428;44.7374;14.6425;167.0715;0.0969;-0.2456;0.2379;44.9029;14.3906;166.5810;0;0.0969;-0.2456;0.2379;44.9029;14.3906;166.5810;ControllerBody;fc9c2bd3-aae8-4497-a886-be853502c08c;;OpenLoop;2026-05-18 09:49:20.0374;Controllers;1;OpenXR
Left;;Baseline;0;NoMitigation;None;anonymous;Sample;195;0.0000;-0.0074;-0.0141;0.0257;3.7056;3.9358;3.0660;-0.0074;-0.0141;0.0257;0.9986;0.0332;0.0334;0.0256;0;0.1082;-1.7141;-0.0132;0.0000;341.8270;0.0000;0.0000;0.0000;0.0000;0.0000;0.0000;0.0000;0;0.0000;0.0000;0.0000;0.0000;0.0000;0.0000;ControllerBody;0.0000;0.0000;1.0000;0.0000;0.0000;0.0000;1.0000;0.0000;0.0000;0.0000;0.0955;-0.2471;0.2428;44.7311;14.6099;167.0363;0.0969;-0.2456;0.2379;44.9029;14.3906;166.5810;0;0.0969;-0.2456;0.2379;44.9029;14.3906;166.5810;ControllerBody;fc9c2bd3-aae8-4497-a886-be853502c08c;;OpenLoop;2026-05-18 09:49:20.0711;Controllers;1;OpenXR
Left;;Baseline;0;NoMitigation;None;anonymous;Sample;196;0.0000;-0.0073;-0.0142;0.0265;3.9158;3.9387;3.1758;-0.0073;-0.0142;0.0265;0.9985;0.0351;0.0334;0.0265;0;0.1082;-1.7141;-0.0132;0.0000;341.8270;0.0000;0.0000;0.0000;0.0000;0.0000;0.0000;0.0000;0;0.0000;0.0000;0.0000;0.0000;0.0000;0.0000;ControllerBody;0.0000;0.0000;1.0000;0.0000;0.0000;0.0000;1.0000;0.0000;0.0000;0.0000;0.0956;-0.2473;0.2429;44.7257;14.5806;167.0044;0.0969;-0.2456;0.2379;44.9029;14.3906;166.5810;0;0.0969;-0.2456;0.2379;44.9029;14.3906;166.5810;ControllerBody;fc9c2bd3-aae8-4497-a886-be853502c08c;;OpenLoop;2026-05-18 09:49:20.1041;Controllers;1;OpenXR
Left;;Baseline;0;NoMitigation;None;anonymous;Sample;198;0.0000;-0.0070;-0.0142;0.0278;4.2574;4.4232;3.2182;-0.0070;-0.0142;0.0278;0.9982;0.0382;0.0375;0.0266;0;0.1082;-1.7141;-0.0132;0.0000;341.8270;0.0000;0.0000;0.0000;0.0000;0.0000;0.0000;0.0000;0;0.0000;0.0000;0.0000;0.0000;0.0000;0.0000;ControllerBody;0.0000;0.0000;1.0000;0.0000;0.0000;0.0000;1.0000;0.0000;0.0000;0.0000;0.0958;-0.2475;0.2429;44.7365;14.5691;166.9787;0.0969;-0.2456;0.2379;44.9029;14.3906;166.5810;0;0.0969;-0.2456;0.2379;44.9029;14.3906;166.5810;ControllerBody;fc9c2bd3-aae8-4497-a886-be853502c08c;;OpenLoop;2026-05-18 09:49:20.1667;Controllers;1;OpenXR
Left;;Baseline;0;NoMitigation;None;anonymous;Sample;199;0.0000;-0.0079;-0.0132;0.0255;3.7419;4.6716;2.8825;-0.0079;-0.0132;0.0255;0.9984;0.0336;0.0399;0.0238;0;0.1082;-1.7141;-0.0132;0.0000;341.8270;0.0000;0.0000;0.0000;0.0000;0.0000;0.0000;0.0000;0;0.0000;0.0000;0.0000;0.0000;0.0000;0.0000;ControllerBody;0.0000;0.0000;1.0000;0.0000;0.0000;0.0000;1.0000;0.0000;0.0000;0.0000;0.0959;-0.2476;0.2429;44.7423;14.5630;166.9651;0.0969;-0.2456;0.2379;44.9029;14.3906;166.5810;0;0.0969;-0.2456;0.2379;44.9029;14.3906;166.5810;ControllerBody;fc9c2bd3-aae8-4497-a886-be853502c08c;;OpenLoop;2026-05-18 09:49:20.8171;Controllers;1;OpenXR
Left;;Baseline;0;NoMitigation;None;anonymous;Sample;200;0.0000;-0.0038;-0.0149;0.0261;3.8063;5.0238;2.6818;-0.0038;-0.0149;0.0261;0.9982;0.0342;0.0430;0.0219;0;0.1082;-1.7141;-0.0132;0.0000;341.8270;0.0000;0.0000;0.0000;0.0000;0.0000;0.0000;0.0000;0;0.0000;0.0000;0.0000;0.0000;0.0000;0.0000;ControllerBody;0.0000;0.0000;1.0000;0.0000;0.0000;0.0000;1.0000;0.0000;0.0000;0.0000;0.0959;-0.2477;0.2429;44.7475;14.5574;166.9525;0.0969;-0.2456;0.2379;44.9029;14.3906;166.5810;0;0.0969;-0.2456;0.2379;44.9029;14.3906;166.5810;ControllerBody;fc9c2bd3-aae8-4497-a886-be853502c08c;;LineBisection;2026-05-18 09:49:21.7409;Controllers;1;OpenXR
Left;;Baseline;0;NoMitigation;None;anonymous;Sample;201;0.0000;-0.0036;-0.0150;0.0257;3.7302;4.9737;2.6250;-0.0036;-0.0150;0.0257;0.9983;0.0335;0.0426;0.0215;0;0.1082;-1.7141;-0.0132;0.0000;341.8270;0.0000;0.0000;0.0000;0.0000;0.0000;0.0000;0.0000;0;0.0000;0.0000;0.0000;0.0000;0.0000;0.0000;ControllerBody;0.0000;0.0000;1.0000;0.0000;0.0000;0.0000;1.0000;0.0000;0.0000;0.0000;0.0960;-0.2478;0.2429;44.7525;14.5521;166.9408;0.0969;-0.2456;0.2379;44.9029;14.3906;166.5810;0;0.0969;-0.2456;0.2379;44.9029;14.3906;166.5810;ControllerBody;fc9c2bd3-aae8-4497-a886-be853502c08c;;LineBisection;2026-05-18 09:49:21.8142;Controllers;1;OpenXR
Left;;Baseline;0;NoMitigation;None;anonymous;Sample;202;0.0000;-0.0036;-0.0149;0.0254;3.7075;5.1245;2.6706;-0.0036;-0.0149;0.0254;0.9982;0.0333;0.0439;0.0218;0;0.1082;-1.7141;-0.0132;0.0000;341.8270;0.0000;0.0000;0.0000;0.0000;0.0000;0.0000;0.0000;0;0.0000;0.0000;0.0000;0.0000;0.0000;0.0000;ControllerBody;0.0000;0.0000;1.0000;0.0000;0.0000;0.0000;1.0000;0.0000;0.0000;0.0000;0.0961;-0.2479;0.2429;44.7572;14.5471;166.9296;0.0969;-0.2456;0.2379;44.9029;14.3906;166.5810;0;0.0969;-0.2456;0.2379;44.9029;14.3906;166.5810;ControllerBody;fc9c2bd3-aae8-4497-a886-be853502c08c;;LineBisection;2026-05-18 09:49:21.8621;Controllers;1;OpenXR
Left;;Baseline;0;NoMitigation;None;anonymous;Sample;203;0.0000;-0.0035;-0.0148;0.0253;3.6892;5.2357;2.4245;-0.0035;-0.0148;0.0253;0.9982;0.0331;0.0450;0.0197;0;0.1082;-1.7141;-0.0132;0.0000;341.8270;0.0000;0.0000;0.0000;0.0000;0.0000;0.0000;0.0000;0;0.0000;0.0000;0.0000;0.0000;0.0000;0.0000;ControllerBody;0.0000;0.0000;1.0000;0.0000;0.0000;0.0000;1.0000;0.0000;0.0000;0.0000;0.0961;-0.2480;0.2429;44.7540;14.5291;166.9097;0.0969;-0.2456;0.2379;44.9029;14.3906;166.5810;0;0.0969;-0.2456;0.2379;44.9029;14.3906;166.5810;ControllerBody;fc9c2bd3-aae8-4497-a886-be853502c08c;;LineBisection;2026-05-18 09:49:21.8920;Controllers;1;OpenXR
Left;;Baseline;0;NoMitigation;None;anonymous;Sample;204;0.0000;-0.0030;-0.0146;0.0253;3.7612;5.1497;2.2121;-0.0030;-0.0146;0.0253;0.9983;0.0336;0.0443;0.0178;0;0.1082;-1.7141;-0.0132;0.0000;341.8270;0.0000;0.0000;0.0000;0.0000;0.0000;0.0000;0.0000;0;0.0000;0.0000;0.0000;0.0000;0.0000;0.0000;ControllerBody;0.0000;0.0000;1.0000;0.0000;0.0000;0.0000;1.0000;0.0000;0.0000;0.0000;0.0962;-0.2481;0.2429;44.7584;14.5251;166.9002;0.0969;-0.2456;0.2379;44.9029;14.3906;166.5810;0;0.0969;-0.2456;0.2379;44.9029;14.3906;166.5810;ControllerBody;fc9c2bd3-aae8-4497-a886-be853502c08c;;LineBisection;2026-05-18 09:49:21.9264;Controllers;1;OpenXR
Left;;Baseline;0;NoMitigation;None;anonymous;Sample;205;0.0000;-0.0023;-0.0147;0.0254;3.7506;5.0837;1.8004;-0.0023;-0.0147;0.0254;0.9984;0.0334;0.0438;0.0142;0;0.1082;-1.7141;-0.0132;0.0000;341.8270;0.0000;0.0000;0.0000;0.0000;0.0000;0.0000;0.0000;0;0.0000;0.0000;0.0000;0.0000;0.0000;0.0000;ControllerBody;0.0000;0.0000;1.0000;0.0000;0.0000;0.0000;1.0000;0.0000;0.0000;0.0000;0.0963;-0.2481;0.2429;44.7624;14.5213;166.8913;0.0969;-0.2456;0.2379;44.9029;14.3906;166.5810;0;0.0969;-0.2456;0.2379;44.9029;14.3906;166.5810;ControllerBody;fc9c2bd3-aae8-4497-a886-be853502c08c;;LineBisection;2026-05-18 09:49:21.9674;Controllers;1;OpenXR
Left;;Baseline;0;NoMitigation;None;anonymous;Sample;207;0.0000;-0.0011;-0.0155;0.0258;3.5870;4.7163;1.2636;-0.0011;-0.0155;0.0258;0.9986;0.0317;0.0408;0.0097;0;0.1082;-1.7141;-0.0132;0.0000;341.8270;0.0000;0.0000;0.0000;0.0000;0.0000;0.0000;0.0000;0;0.0000;0.0000;0.0000;0.0000;0.0000;0.0000;ControllerBody;0.0000;0.0000;1.0000;0.0000;0.0000;0.0000;1.0000;0.0000;0.0000;0.0000;0.0963;-0.2482;0.2429;44.7643;14.5133;166.8790;0.0969;-0.2456;0.2379;44.9029;14.3906;166.5810;0;0.0969;-0.2456;0.2379;44.9029;14.3906;166.5810;ControllerBody;fc9c2bd3-aae8-4497-a886-be853502c08c;;LineBisection;2026-05-18 09:49:21.9923;Controllers;1;OpenXR
Left;;Baseline;0;NoMitigation;None;anonymous;Sample;209;0.0000;0.0001;-0.0157;0.0267;3.7355;4.2123;1.1469;0.0001;-0.0157;0.0267;0.9988;0.0329;0.0364;0.0088;0;0.1082;-1.7141;-0.0132;0.0000;341.8270;0.0000;0.0000;0.0000;0.0000;0.0000;0.0000;0.0000;0;0.0000;0.0000;0.0000;0.0000;0.0000;0.0000;ControllerBody;0.0000;0.0000;1.0000;0.0000;0.0000;0.0000;1.0000;0.0000;0.0000;0.0000;0.0964;-0.2483;0.2429;44.7697;14.5086;166.8674;0.0969;-0.2456;0.2379;44.9029;14.3906;166.5810;0;0.0969;-0.2456;0.2379;44.9029;14.3906;166.5810;ControllerBody;fc9c2bd3-aae8-4497-a886-be853502c08c;;LineBisection;2026-05-18 09:49:22.0251;Controllers;1;OpenXR
Left;;Baseline;0;NoMitigation;None;anonymous;Sample;211;0.0000;0.0011;-0.0158;0.0280;4.1586;4.0221;0.9261;0.0011;-0.0158;0.0280;0.9987;0.0365;0.0348;0.0068;0;0.1082;-1.7141;-0.0132;0.0000;341.8270;0.0000;0.0000;0.0000;0.0000;0.0000;0.0000;0.0000;0;0.0000;0.0000;0.0000;0.0000;0.0000;0.0000;ControllerBody;0.0000;0.0000;1.0000;0.0000;0.0000;0.0000;1.0000;0.0000;0.0000;0.0000;0.0965;-0.2484;0.2429;44.7747;14.5042;166.8567;0.0969;-0.2456;0.2379;44.9029;14.3906;166.5810;0;0.0969;-0.2456;0.2379;44.9029;14.3906;166.5810;ControllerBody;fc9c2bd3-aae8-4497-a886-be853502c08c;;LineBisection;2026-05-18 09:49:22.0590;Controllers;1;OpenXR
Left;;Baseline;0;NoMitigation;None;anonymous;Sample;213;0.0000;0.0021;-0.0156;0.0296;4.5910;4.1787;0.6472;0.0021;-0.0156;0.0296;0.9985;0.0402;0.0362;0.0042;0;0.1082;-1.7141;-0.0132;0.0000;341.8270;0.0000;0.0000;0.0000;0.0000;0.0000;0.0000;0.0000;0;0.0000;0.0000;0.0000;0.0000;0.0000;0.0000;ControllerBody;0.0000;0.0000;1.0000;0.0000;0.0000;0.0000;1.0000;0.0000;0.0000;0.0000;0.0965;-0.2485;0.2429;44.7793;14.5001;166.8469;0.0969;-0.2456;0.2379;44.9029;14.3906;166.5810;0;0.0969;-0.2456;0.2379;44.9029;14.3906;166.5810;ControllerBody;fc9c2bd3-aae8-4497-a886-be853502c08c;;LineBisection;2026-05-18 09:49:22.0923;Controllers;1;OpenXR
Left;;Baseline;0;NoMitigation;None;anonymous;Sample;215;0.0000;0.0032;-0.0152;0.0309;4.9469;4.5547;0.6224;0.0032;-0.0152;0.0309;0.9983;0.0433;0.0395;0.0037;0;0.1082;-1.7141;-0.0132;0.0000;341.8270;0.0000;0.0000;0.0000;0.0000;0.0000;0.0000;0.0000;0;0.0000;0.0000;0.0000;0.0000;0.0000;0.0000;ControllerBody;0.0000;0.0000;1.0000;0.0000;0.0000;0.0000;1.0000;0.0000;0.0000;0.0000;0.0966;-0.2486;0.2429;44.7836;14.4963;166.8377;0.0969;-0.2456;0.2379;44.9029;14.3906;166.5810;0;0.0969;-0.2456;0.2379;44.9029;14.3906;166.5810;ControllerBody;fc9c2bd3-aae8-4497-a886-be853502c08c;;LineBisection;2026-05-18 09:49:22.1248;Controllers;1;OpenXR
Left;;Baseline;0;NoMitigation;None;anonymous;Sample;217;0.0000;0.0041;-0.0148;0.0310;5.3224;5.0054;0.6526;0.0041;-0.0148;0.0310;0.9980;0.0466;0.0434;0.0037;0;0.1082;-1.7141;-0.0132;0.0000;341.8270;0.0000;0.0000;0.0000;0.0000;0.0000;0.0000;0.0000;0;0.0000;0.0000;0.0000;0.0000;0.0000;0.0000;ControllerBody;0.0000;0.0000;1.0000;0.0000;0.0000;0.0000;1.0000;0.0000;0.0000;0.0000;0.0966;-0.2487;0.2429;44.7811;14.4814;166.8211;0.0969;-0.2456;0.2379;44.9029;14.3906;166.5810;0;0.0969;-0.2456;0.2379;44.9029;14.3906;166.5810;ControllerBody;fc9c2bd3-aae8-4497-a886-be853502c08c;;LineBisection;2026-05-18 09:49:22.1591;Controllers;1;OpenXR
Left;;Baseline;0;NoMitigation;None;anonymous;Sample;219;0.0000;0.0050;-0.0149;0.0303;5.0170;5.5172;0.6011;0.0050;-0.0149;0.0303;0.9979;0.0440;0.0479;0.0031;0;0.1082;-1.7141;-0.0132;0.0000;341.8270;0.0000;0.0000;0.0000;0.0000;0.0000;0.0000;0.0000;0;0.0000;0.0000;0.0000;0.0000;0.0000;0.0000;ControllerBody;0.0000;0.0000;1.0000;0.0000;0.0000;0.0000;1.0000;0.0000;0.0000;0.0000;0.0967;-0.2487;0.2429;44.7820;14.4729;166.8093;0.0969;-0.2456;0.2379;44.9029;14.3906;166.5810;0;0.0969;-0.2456;0.2379;44.9029;14.3906;166.5810;ControllerBody;fc9c2bd3-aae8-4497-a886-be853502c08c;;LineBisection;2026-05-18 09:49:22.1915;Controllers;1;OpenXR
Left;;Baseline;0;NoMitigation;None;anonymous;Sample;221;0.0000;0.0062;-0.0154;0.0296;4.4467;5.8369;0.4371;0.0062;-0.0154;0.0296;0.9980;0.0389;0.0507;0.0018;0;0.1082;-1.7141;-0.0132;0.0000;341.8270;0.0000;0.0000;0.0000;0.0000;0.0000;0.0000;0.0000;0;0.0000;0.0000;0.0000;0.0000;0.0000;0.0000;ControllerBody;0.0000;0.0000;1.0000;0.0000;0.0000;0.0000;1.0000;0.0000;0.0000;0.0000;0.0967;-0.2488;0.2429;44.7858;14.4703;166.8022;0.0969;-0.2456;0.2379;44.9029;14.3906;166.5810;0;0.0969;-0.2456;0.2379;44.9029;14.3906;166.5810;ControllerBody;fc9c2bd3-aae8-4497-a886-be853502c08c;;LineBisection;2026-05-18 09:49:22.2259;Controllers;1;OpenXR
Left;;Baseline;0;NoMitigation;None;anonymous;Sample;223;0.0000;0.0074;-0.0150;0.0288;4.4725;6.0392;0.2569;0.0074;-0.0150;0.0288;0.9979;0.0391;0.0525;0.0002;0;0.1082;-1.7141;-0.0132;0.0000;341.8270;0.0000;0.0000;0.0000;0.0000;0.0000;0.0000;0.0000;0;0.0000;0.0000;0.0000;0.0000;0.0000;0.0000;ControllerBody;0.0000;0.0000;1.0000;0.0000;0.0000;0.0000;1.0000;0.0000;0.0000;0.0000;0.0968;-0.2489;0.2429;44.7894;14.4679;166.7953;0.0969;-0.2456;0.2379;44.9029;14.3906;166.5810;0;0.0969;-0.2456;0.2379;44.9029;14.3906;166.5810;ControllerBody;fc9c2bd3-aae8-4497-a886-be853502c08c;;LineBisection;2026-05-18 09:49:22.2594;Controllers;1;OpenXR
Left;;Baseline;0;NoMitigation;None;anonymous;Sample;225;0.0000;0.0087;-0.0144;0.0280;4.6541;6.2307;0.0976;0.0087;-0.0144;0.0280;0.9977;0.0406;0.0543;-0.0014;0;0.1082;-1.7141;-0.0132;0.0000;341.8270;0.0000;0.0000;0.0000;0.0000;0.0000;0.0000;0.0000;0;0.0000;0.0000;0.0000;0.0000;0.0000;0.0000;ControllerBody;0.0000;0.0000;1.0000;0.0000;0.0000;0.0000;1.0000;0.0000;0.0000;0.0000;0.0968;-0.2489;0.2429;44.7903;14.4611;166.7859;0.0969;-0.2456;0.2379;44.9029;14.3906;166.5810;0;0.0969;-0.2456;0.2379;44.9029;14.3906;166.5810;ControllerBody;fc9c2bd3-aae8-4497-a886-be853502c08c;;LineBisection;2026-05-18 09:49:22.2929;Controllers;1;OpenXR
Left;;Baseline;0;NoMitigation;None;anonymous;Sample;227;0.0000;0.0094;-0.0140;0.0270;4.7148;6.3677;359.6428;0.0094;-0.0140;0.0270;0.9976;0.0409;0.0556;-0.0054;0;0.1082;-1.7141;-0.0132;0.0000;341.8270;0.0000;0.0000;0.0000;0.0000;0.0000;0.0000;0.0000;0;0.0000;0.0000;0.0000;0.0000;0.0000;0.0000;ControllerBody;0.0000;0.0000;1.0000;0.0000;0.0000;0.0000;1.0000;0.0000;0.0000;0.0000;0.0969;-0.2490;0.2429;44.7912;14.4549;166.7769;0.0969;-0.2456;0.2379;44.9029;14.3906;166.5810;0;0.0969;-0.2456;0.2379;44.9029;14.3906;166.5810;ControllerBody;fc9c2bd3-aae8-4497-a886-be853502c08c;;LineBisection;2026-05-18 09:49:22.3270;Controllers;1;OpenXR
Left;;Baseline;0;NoMitigation;None;anonymous;Sample;229;0.0000;0.0101;-0.0139;0.0260;4.3138;6.3040;359.3112;0.0101;-0.0139;0.0260;0.9977;0.0372;0.0552;-0.0081;0;0.1082;-1.7141;-0.0132;0.0000;341.8270;0.0000;0.0000;0.0000;0.0000;0.0000;0.0000;0.0000;0;0.0000;0.0000;0.0000;0.0000;0.0000;0.0000;ControllerBody;0.0000;0.0000;1.0000;0.0000;0.0000;0.0000;1.0000;0.0000;0.0000;0.0000;0.0969;-0.2490;0.2429;44.7944;14.4531;166.7714;0.0969;-0.2456;0.2379;44.9029;14.3906;166.5810;0;0.0969;-0.2456;0.2379;44.9029;14.3906;166.5810;ControllerBody;fc9c2bd3-aae8-4497-a886-be853502c08c;;LineBisection;2026-05-18 09:49:22.3605;Controllers;1;OpenXR
Left;;Baseline;0;NoMitigation;None;anonymous;Sample;231;0.0000;0.0110;-0.0134;0.0250;3.9653;6.0570;359.4149;0.0110;-0.0134;0.0250;0.9980;0.0343;0.0530;-0.0069;0;0.1082;-1.7141;-0.0132;0.0000;341.8270;0.0000;0.0000;0.0000;0.0000;0.0000;0.0000;0.0000;0;0.0000;0.0000;0.0000;0.0000;0.0000;0.0000;ControllerBody;0.0000;0.0000;1.0000;0.0000;0.0000;0.0000;1.0000;0.0000;0.0000;0.0000;0.0970;-0.2491;0.2429;44.7952;14.4477;166.7637;0.0969;-0.2456;0.2379;44.9029;14.3906;166.5810;0;0.0969;-0.2456;0.2379;44.9029;14.3906;166.5810;ControllerBody;fc9c2bd3-aae8-4497-a886-be853502c08c;;LineBisection;2026-05-18 09:49:22.3929;Controllers;1;OpenXR
Left;;Baseline;0;NoMitigation;None;anonymous;Sample;233;0.0000;0.0113;-0.0125;0.0246;3.8179;6.0527;359.2678;0.0113;-0.0125;0.0246;0.9980;0.0329;0.0530;-0.0081;0;0.1082;-1.7141;-0.0132;0.0000;341.8270;0.0000;0.0000;0.0000;0.0000;0.0000;0.0000;0.0000;0;0.0000;0.0000;0.0000;0.0000;0.0000;0.0000;ControllerBody;0.0000;0.0000;1.0000;0.0000;0.0000;0.0000;1.0000;0.0000;0.0000;0.0000;0.0970;-0.2491;0.2429;44.7980;14.4462;166.7588;0.0969;-0.2456;0.2379;44.9029;14.3906;166.5810;0;0.0969;-0.2456;0.2379;44.9029;14.3906;166.5810;ControllerBody;fc9c2bd3-aae8-4497-a886-be853502c08c;;LineBisection;2026-05-18 09:49:22.4254;Controllers;1;OpenXR
Left;;Baseline;0;NoMitigation;None;anonymous;Sample;235;0.0000;0.0112;-0.0116;0.0239;3.8661;6.3239;359.0212;0.0112;-0.0116;0.0239;0.9979;0.0332;0.0554;-0.0104;0;0.1082;-1.7141;-0.0132;0.0000;341.8270;0.0000;0.0000;0.0000;0.0000;0.0000;0.0000;0.0000;0;0.0000;0.0000;0.0000;0.0000;0.0000;0.0000;ControllerBody;0.0000;0.0000;1.0000;0.0000;0.0000;0.0000;1.0000;0.0000;0.0000;0.0000;0.0970;-0.2492;0.2429;44.7988;14.4414;166.7519;0.0969;-0.2456;0.2379;44.9029;14.3906;166.5810;0;0.0969;-0.2456;0.2379;44.9029;14.3906;166.5810;ControllerBody;fc9c2bd3-aae8-4497-a886-be853502c08c;;LineBisection;2026-05-18 09:49:22.4588;Controllers;1;OpenXR
Left;;Baseline;0;NoMitigation;None;anonymous;Sample;237;0.0000;0.0111;-0.0118;0.0231;3.5229;6.5096;359.0827;0.0111;-0.0118;0.0231;0.9979;0.0302;0.0570;-0.0097;0;0.1082;-1.7141;-0.0132;0.0000;341.8270;0.0000;0.0000;0.0000;0.0000;0.0000;0.0000;0.0000;0;0.0000;0.0000;0.0000;0.0000;0.0000;0.0000;ControllerBody;0.0000;0.0000;1.0000;0.0000;0.0000;0.0000;1.0000;0.0000;0.0000;0.0000;0.0971;-0.2492;0.2429;44.7996;14.4369;166.7454;0.0969;-0.2456;0.2379;44.9029;14.3906;166.5810;0;0.0969;-0.2456;0.2379;44.9029;14.3906;166.5810;ControllerBody;fc9c2bd3-aae8-4497-a886-be853502c08c;;LineBisection;2026-05-18 09:49:22.4922;Controllers;1;OpenXR
Left;;Baseline;0;NoMitigation;None;anonymous;Sample;239;0.0000;0.0111;-0.0121;0.0225;3.0930;6.5061;359.2915;0.0111;-0.0121;0.0225;0.9980;0.0266;0.0569;-0.0077;0;0.1082;-1.7141;-0.0132;0.0000;341.8270;0.0000;0.0000;0.0000;0.0000;0.0000;0.0000;0.0000;0;0.0000;0.0000;0.0000;0.0000;0.0000;0.0000;ControllerBody;0.0000;0.0000;1.0000;0.0000;0.0000;0.0000;1.0000;0.0000;0.0000;0.0000;0.0971;-0.2493;0.2429;44.8022;14.4358;166.7412;0.0969;-0.2456;0.2379;44.9029;14.3906;166.5810;0;0.0969;-0.2456;0.2379;44.9029;14.3906;166.5810;ControllerBody;fc9c2bd3-aae8-4497-a886-be853502c08c;;LineBisection;2026-05-18 09:49:22.5246;Controllers;1;OpenXR
Left;;Baseline;0;NoMitigation;None;anonymous;Sample;241;0.0000;0.0111;-0.0121;0.0220;3.0005;6.4495;359.5177;0.0111;-0.0121;0.0220;0.9981;0.0259;0.0563;-0.0057;0;0.1082;-1.7141;-0.0132;0.0000;341.8270;0.0000;0.0000;0.0000;0.0000;0.0000;0.0000;0.0000;0;0.0000;0.0000;0.0000;0.0000;0.0000;0.0000;ControllerBody;0.0000;0.0000;1.0000;0.0000;0.0000;0.0000;1.0000;0.0000;0.0000;0.0000;0.0971;-0.2493;0.2429;44.8047;14.4347;166.7373;0.0969;-0.2456;0.2379;44.9029;14.3906;166.5810;0;0.0969;-0.2456;0.2379;44.9029;14.3906;166.5810;ControllerBody;fc9c2bd3-aae8-4497-a886-be853502c08c;;LineBisection;2026-05-18 09:49:22.5585;Controllers;1;OpenXR
Left;;Baseline;0;NoMitigation;None;anonymous;Sample;243;0.0000;0.0112;-0.0125;0.0222;2.9913;6.4575;359.5154;0.0112;-0.0125;0.0222;0.9981;0.0258;0.0564;-0.0057;0;0.1082;-1.7141;-0.0132;0.0000;341.8270;0.0000;0.0000;0.0000;0.0000;0.0000;0.0000;0.0000;0;0.0000;0.0000;0.0000;0.0000;0.0000;0.0000;ControllerBody;0.0000;0.0000;1.0000;0.0000;0.0000;0.0000;1.0000;0.0000;0.0000;0.0000;0.0971;-0.2493;0.2429;44.8047;14.4347;166.7373;0.0969;-0.2456;0.2379;44.9029;14.3906;166.5810;0;0.0969;-0.2456;0.2379;44.9029;14.3906;166.5810;ControllerBody;fc9c2bd3-aae8-4497-a886-be853502c08c;;LineBisection;2026-05-18 09:49:22.5924;Controllers;1;OpenXR
Left;;Baseline;0;NoMitigation;None;anonymous;Sample;245;0.0000;0.0116;-0.0127;0.0232;3.1056;6.4537;359.7051;0.0116;-0.0127;0.0232;0.9980;0.0269;0.0563;-0.0041;0;0.1082;-1.7141;-0.0132;0.0000;341.8270;0.0000;0.0000;0.0000;0.0000;0.0000;0.0000;0.0000;0;0.0000;0.0000;0.0000;0.0000;0.0000;0.0000;ControllerBody;0.0000;0.0000;1.0000;0.0000;0.0000;0.0000;1.0000;0.0000;0.0000;0.0000;0.0972;-0.2494;0.2429;44.8047;14.4347;166.7373;0.0969;-0.2456;0.2379;44.9029;14.3906;166.5810;0;0.0969;-0.2456;0.2379;44.9029;14.3906;166.5810;ControllerBody;fc9c2bd3-aae8-4497-a886-be853502c08c;;LineBisection;2026-05-18 09:49:22.6244;Controllers;1;OpenXR
Left;;Baseline;0;NoMitigation;None;anonymous;Sample;247;0.0000;0.0130;-0.0126;0.0250;3.3919;6.4701;359.6357;0.0130;-0.0126;0.0250;0.9980;0.0294;0.0565;-0.0048;0;0.1082;-1.7141;-0.0132;0.0000;341.8270;0.0000;0.0000;0.0000;0.0000;0.0000;0.0000;0.0000;0;0.0000;0.0000;0.0000;0.0000;0.0000;0.0000;ControllerBody;0.0000;0.0000;1.0000;0.0000;0.0000;0.0000;1.0000;0.0000;0.0000;0.0000;0.0972;-0.2494;0.2429;44.8047;14.4347;166.7373;0.0969;-0.2456;0.2379;44.9029;14.3906;166.5810;0;0.0969;-0.2456;0.2379;44.9029;14.3906;166.5810;ControllerBody;fc9c2bd3-aae8-4497-a886-be853502c08c;;LineBisection;2026-05-18 09:49:22.6587;Controllers;1;OpenXR
Left;;Baseline;0;NoMitigation;None;anonymous;Sample;249;0.0000;0.0140;-0.0120;0.0265;3.9142;6.6449;359.0110;0.0140;-0.0120;0.0265;0.9977;0.0336;0.0582;-0.0106;0;0.1082;-1.7141;-0.0132;0.0000;341.8270;0.0000;0.0000;0.0000;0.0000;0.0000;0.0000;0.0000;0;0.0000;0.0000;0.0000;0.0000;0.0000;0.0000;ControllerBody;0.0000;0.0000;1.0000;0.0000;0.0000;0.0000;1.0000;0.0000;0.0000;0.0000;0.0972;-0.2494;0.2429;44.8047;14.4347;166.7373;0.0969;-0.2456;0.2379;44.9029;14.3906;166.5810;0;0.0969;-0.2456;0.2379;44.9029;14.3906;166.5810;ControllerBody;fc9c2bd3-aae8-4497-a886-be853502c08c;;LineBisection;2026-05-18 09:49:22.6923;Controllers;1;OpenXR
Left;;Baseline;0;NoMitigation;None;anonymous;Sample;251;0.0000;0.0155;-0.0115;0.0273;4.3216;6.5817;358.6443;0.0155;-0.0115;0.0273;0.9975;0.0370;0.0578;-0.0140;0;0.1082;-1.7141;-0.0132;0.0000;341.8270;0.0000;0.0000;0.0000;0.0000;0.0000;0.0000;0.0000;0;0.0000;0.0000;0.0000;0.0000;0.0000;0.0000;ControllerBody;0.0000;0.0000;1.0000;0.0000;0.0000;0.0000;1.0000;0.0000;0.0000;0.0000;0.0972;-0.2495;0.2429;44.8047;14.4347;166.7373;0.0969;-0.2456;0.2379;44.9029;14.3906;166.5810;0;0.0969;-0.2456;0.2379;44.9029;14.3906;166.5810;ControllerBody;fc9c2bd3-aae8-4497-a886-be853502c08c;;LineBisection;2026-05-18 09:49:22.7244;Controllers;1;OpenXR
Left;;Baseline;0;NoMitigation;None;anonymous;Sample;253;0.0000;0.0167;-0.0114;0.0270;4.3508;6.5004;358.6417;0.0167;-0.0114;0.0270;0.9976;0.0372;0.0571;-0.0140;0;0.1082;-1.7141;-0.0132;0.0000;341.8270;0.0000;0.0000;0.0000;0.0000;0.0000;0.0000;0.0000;0;0.0000;0.0000;0.0000;0.0000;0.0000;0.0000;ControllerBody;0.0000;0.0000;1.0000;0.0000;0.0000;0.0000;1.0000;0.0000;0.0000;0.0000;0.0973;-0.2495;0.2429;44.8047;14.4347;166.7373;0.0969;-0.2456;0.2379;44.9029;14.3906;166.5810;0;0.0969;-0.2456;0.2379;44.9029;14.3906;166.5810;ControllerBody;fc9c2bd3-aae8-4497-a886-be853502c08c;;LineBisection;2026-05-18 09:49:22.7583;Controllers;1;OpenXR
Left;;Baseline;0;NoMitigation;None;anonymous;Sample;255;0.0000;0.0174;-0.0116;0.0261;3.9376;6.6887;358.7252;0.0174;-0.0116;0.0261;0.9976;0.0336;0.0587;-0.0131;0;0.1082;-1.7141;-0.0132;0.0000;341.8270;0.0000;0.0000;0.0000;0.0000;0.0000;0.0000;0.0000;0;0.0000;0.0000;0.0000;0.0000;0.0000;0.0000;ControllerBody;0.0000;0.0000;1.0000;0.0000;0.0000;0.0000;1.0000;0.0000;0.0000;0.0000;0.0973;-0.2495;0.2429;44.8047;14.4347;166.7373;0.0969;-0.2456;0.2379;44.9029;14.3906;166.5810;0;0.0969;-0.2456;0.2379;44.9029;14.3906;166.5810;ControllerBody;fc9c2bd3-aae8-4497-a886-be853502c08c;;LineBisection;2026-05-18 09:49:22.7916;Controllers;1;OpenXR
Left;;Baseline;0;NoMitigation;None;anonymous;Sample;257;0.0000;0.0180;-0.0115;0.0255;3.4604;6.7817;358.4385;0.0180;-0.0115;0.0255;0.9977;0.0293;0.0595;-0.0154;0;0.1082;-1.7141;-0.0132;0.0000;341.8270;0.0000;0.0000;0.0000;0.0000;0.0000;0.0000;0.0000;0;0.0000;0.0000;0.0000;0.0000;0.0000;0.0000;ControllerBody;0.0000;0.0000;1.0000;0.0000;0.0000;0.0000;1.0000;0.0000;0.0000;0.0000;0.0973;-0.2496;0.2429;44.8047;14.4347;166.7373;0.0969;-0.2456;0.2379;44.9029;14.3906;166.5810;0;0.0969;-0.2456;0.2379;44.9029;14.3906;166.5810;ControllerBody;fc9c2bd3-aae8-4497-a886-be853502c08c;;LineBisection;2026-05-18 09:49:22.8371;Controllers;1;OpenXR
Left;;Baseline;0;NoMitigation;None;anonymous;Sample;259;0.0000;0.0184;-0.0112;0.0251;3.2929;6.7177;358.1309;0.0184;-0.0112;0.0251;0.9977;0.0277;0.0590;-0.0180;0;0.1082;-1.7141;-0.0132;0.0000;341.8270;0.0000;0.0000;0.0000;0.0000;0.0000;0.0000;0.0000;0;0.0000;0.0000;0.0000;0.0000;0.0000;0.0000;ControllerBody;0.0000;0.0000;1.0000;0.0000;0.0000;0.0000;1.0000;0.0000;0.0000;0.0000;0.0973;-0.2496;0.2429;44.8047;14.4347;166.7373;0.0969;-0.2456;0.2379;44.9029;14.3906;166.5810;0;0.0969;-0.2456;0.2379;44.9029;14.3906;166.5810;ControllerBody;fc9c2bd3-aae8-4497-a886-be853502c08c;;LineBisection;2026-05-18 09:49:22.8595;Controllers;1;OpenXR
Left;;Baseline;0;NoMitigation;None;anonymous;Sample;261;0.0000;0.0189;-0.0103;0.0251;3.5791;6.3801;358.1207;0.0189;-0.0103;0.0251;0.9978;0.0303;0.0561;-0.0181;0;0.1082;-1.7141;-0.0132;0.0000;341.8270;0.0000;0.0000;0.0000;0.0000;0.0000;0.0000;0.0000;0;0.0000;0.0000;0.0000;0.0000;0.0000;0.0000;ControllerBody;0.0000;0.0000;1.0000;0.0000;0.0000;0.0000;1.0000;0.0000;0.0000;0.0000;0.0973;-0.2496;0.2430;44.8047;14.4347;166.7373;0.0969;-0.2456;0.2379;44.9029;14.3906;166.5810;0;0.0969;-0.2456;0.2379;44.9029;14.3906;166.5810;ControllerBody;fc9c2bd3-aae8-4497-a886-be853502c08c;;LineBisection;2026-05-18 09:49:22.8920;Controllers;1;OpenXR
Left;;Baseline;0;NoMitigation;None;anonymous;Sample;263;0.0000;0.0191;-0.0098;0.0252;3.7209;6.1329;358.2542;0.0191;-0.0098;0.0252;0.9979;0.0316;0.0540;-0.0169;0;0.1082;-1.7141;-0.0132;0.0000;341.8270;0.0000;0.0000;0.0000;0.0000;0.0000;0.0000;0.0000;0;0.0000;0.0000;0.0000;0.0000;0.0000;0.0000;ControllerBody;0.0000;0.0000;1.0000;0.0000;0.0000;0.0000;1.0000;0.0000;0.0000;0.0000;0.0973;-0.2496;0.2430;44.8047;14.4347;166.7373;0.0969;-0.2456;0.2379;44.9029;14.3906;166.5810;0;0.0969;-0.2456;0.2379;44.9029;14.3906;166.5810;ControllerBody;fc9c2bd3-aae8-4497-a886-be853502c08c;;LineBisection;2026-05-18 09:49:22.9259;Controllers;1;OpenXR
Left;;Baseline;0;NoMitigation;None;anonymous;Sample;265;0.0000;0.0191;-0.0094;0.0253;3.6223;6.2480;358.2337;0.0191;-0.0094;0.0253;0.9979;0.0307;0.0550;-0.0171;0;0.1082;-1.7141;-0.0132;0.0000;341.8270;0.0000;0.0000;0.0000;0.0000;0.0000;0.0000;0.0000;0;0.0000;0.0000;0.0000;0.0000;0.0000;0.0000;ControllerBody;0.0000;0.0000;1.0000;0.0000;0.0000;0.0000;1.0000;0.0000;0.0000;0.0000;0.0974;-0.2496;0.2430;44.8047;14.4347;166.7373;0.0969;-0.2456;0.2379;44.9029;14.3906;166.5810;0;0.0969;-0.2456;0.2379;44.9029;14.3906;166.5810;ControllerBody;fc9c2bd3-aae8-4497-a886-be853502c08c;;LineBisection;2026-05-18 09:49:22.9587;Controllers;1;OpenXR
Left;;Baseline;0;NoMitigation;None;anonymous;Sample;267;0.0000;0.0191;-0.0092;0.0254;3.6156;6.3711;358.5045;0.0191;-0.0092;0.0254;0.9979;0.0308;0.0559;-0.0148;0;0.1082;-1.7141;-0.0132;0.0000;341.8270;0.0000;0.0000;0.0000;0.0000;0.0000;0.0000;0.0000;0;0.0000;0.0000;0.0000;0.0000;0.0000;0.0000;ControllerBody;0.0000;0.0000;1.0000;0.0000;0.0000;0.0000;1.0000;0.0000;0.0000;0.0000;0.0974;-0.2497;0.2430;44.8047;14.4347;166.7373;0.0969;-0.2456;0.2379;44.9029;14.3906;166.5810;0;0.0969;-0.2456;0.2379;44.9029;14.3906;166.5810;ControllerBody;fc9c2bd3-aae8-4497-a886-be853502c08c;;LineBisection;2026-05-18 09:49:22.9937;Controllers;1;OpenXR
Left;;Baseline;0;NoMitigation;None;anonymous;Sample;269;0.0000;0.0193;-0.0088;0.0252;3.6790;6.4194;358.4983;0.0193;-0.0088;0.0252;0.9978;0.0313;0.0564;-0.0149;0;0.1082;-1.7141;-0.0132;0.0000;341.8270;0.0000;0.0000;0.0000;0.0000;0.0000;0.0000;0.0000;0;0.0000;0.0000;0.0000;0.0000;0.0000;0.0000;ControllerBody;0.0000;0.0000;1.0000;0.0000;0.0000;0.0000;1.0000;0.0000;0.0000;0.0000;0.0974;-0.2497;0.2430;44.8047;14.4347;166.7373;0.0969;-0.2456;0.2379;44.9029;14.3906;166.5810;0;0.0969;-0.2456;0.2379;44.9029;14.3906;166.5810;ControllerBody;fc9c2bd3-aae8-4497-a886-be853502c08c;;LineBisection;2026-05-18 09:49:23.0598;Controllers;1;OpenXR
Left;;Baseline;0;NoMitigation;None;anonymous;Sample;271;0.0000;0.0193;-0.0084;0.0243;3.4537;6.4021;358.3401;0.0193;-0.0084;0.0243;0.9979;0.0293;0.0562;-0.0161;0;0.1082;-1.7141;-0.0132;0.0000;341.8270;0.0000;0.0000;0.0000;0.0000;0.0000;0.0000;0.0000;0;0.0000;0.0000;0.0000;0.0000;0.0000;0.0000;ControllerBody;0.0000;0.0000;1.0000;0.0000;0.0000;0.0000;1.0000;0.0000;0.0000;0.0000;0.0974;-0.2497;0.2430;44.8047;14.4347;166.7373;0.0969;-0.2456;0.2379;44.9029;14.3906;166.5810;0;0.0969;-0.2456;0.2379;44.9029;14.3906;166.5810;ControllerBody;fc9c2bd3-aae8-4497-a886-be853502c08c;;LineBisection;2026-05-18 09:49:23.0932;Controllers;1;OpenXR
Left;;Baseline;0;NoMitigation;None;anonymous;Sample;273;0.0000;0.0193;-0.0081;0.0238;3.3151;6.1297;358.5109;0.0193;-0.0081;0.0238;0.9980;0.0282;0.0538;-0.0145;0;0.1082;-1.7141;-0.0132;0.0000;341.8270;0.0000;0.0000;0.0000;0.0000;0.0000;0.0000;0.0000;0;0.0000;0.0000;0.0000;0.0000;0.0000;0.0000;ControllerBody;0.0000;0.0000;1.0000;0.0000;0.0000;0.0000;1.0000;0.0000;0.0000;0.0000;0.0974;-0.2497;0.2430;44.8047;14.4347;166.7373;0.0969;-0.2456;0.2379;44.9029;14.3906;166.5810;0;0.0969;-0.2456;0.2379;44.9029;14.3906;166.5810;ControllerBody;fc9c2bd3-aae8-4497-a886-be853502c08c;;LineBisection;2026-05-18 09:49:23.1260;Controllers;1;OpenXR
Left;;Baseline;0;NoMitigation;None;anonymous;Sample;275;0.0000;0.0192;-0.0075;0.0237;3.3510;5.8605;358.5827;0.0192;-0.0075;0.0237;0.9982;0.0286;0.0515;-0.0138;0;0.1082;-1.7141;-0.0132;0.0000;341.8270;0.0000;0.0000;0.0000;0.0000;0.0000;0.0000;0.0000;0;0.0000;0.0000;0.0000;0.0000;0.0000;0.0000;ControllerBody;0.0000;0.0000;1.0000;0.0000;0.0000;0.0000;1.0000;0.0000;0.0000;0.0000;0.0974;-0.2498;0.2430;44.8047;14.4347;166.7373;0.0969;-0.2456;0.2379;44.9029;14.3906;166.5810;0;0.0969;-0.2456;0.2379;44.9029;14.3906;166.5810;ControllerBody;fc9c2bd3-aae8-4497-a886-be853502c08c;;LineBisection;2026-05-18 09:49:23.1590;Controllers;1;OpenXR
Left;;Baseline;0;NoMitigation;None;anonymous;Sample;277;0.0000;0.0189;-0.0064;0.0240;3.2299;5.6885;358.8576;0.0189;-0.0064;0.0240;0.9983;0.0277;0.0499;-0.0114;0;0.1082;-1.7141;-0.0132;0.0000;341.8270;0.0000;0.0000;0.0000;0.0000;0.0000;0.0000;0.0000;0;0.0000;0.0000;0.0000;0.0000;0.0000;0.0000;ControllerBody;0.0000;0.0000;1.0000;0.0000;0.0000;0.0000;1.0000;0.0000;0.0000;0.0000;0.0975;-0.2498;0.2430;44.8047;14.4347;166.7373;0.0969;-0.2456;0.2379;44.9029;14.3906;166.5810;0;0.0969;-0.2456;0.2379;44.9029;14.3906;166.5810;ControllerBody;fc9c2bd3-aae8-4497-a886-be853502c08c;;LineBisection;2026-05-18 09:49:23.1925;Controllers;1;OpenXR
Left;;Baseline;0;NoMitigation;None;anonymous;Sample;279;0.0000;0.0190;-0.0058;0.0241;2.9693;5.6342;359.3560;0.0190;-0.0058;0.0241;0.9984;0.0256;0.0493;-0.0069;0;0.1082;-1.7141;-0.0132;0.0000;341.8270;0.0000;0.0000;0.0000;0.0000;0.0000;0.0000;0.0000;0;0.0000;0.0000;0.0000;0.0000;0.0000;0.0000;ControllerBody;0.0000;0.0000;1.0000;0.0000;0.0000;0.0000;1.0000;0.0000;0.0000;0.0000;0.0975;-0.2498;0.2430;44.8047;14.4347;166.7373;0.0969;-0.2456;0.2379;44.9029;14.3906;166.5810;0;0.0969;-0.2456;0.2379;44.9029;14.3906;166.5810;ControllerBody;fc9c2bd3-aae8-4497-a886-be853502c08c;;LineBisection;2026-05-18 09:49:23.2255;Controllers;1;OpenXR
Left;;Baseline;0;NoMitigation;None;anonymous;Sample;281;0.0000;0.0186;-0.0050;0.0237;2.9447;5.8397;359.4036;0.0186;-0.0050;0.0237;0.9984;0.0254;0.0511;-0.0065;0;0.1082;-1.7141;-0.0132;0.0000;341.8270;0.0000;0.0000;0.0000;0.0000;0.0000;0.0000;0.0000;0;0.0000;0.0000;0.0000;0.0000;0.0000;0.0000;ControllerBody;0.0000;0.0000;1.0000;0.0000;0.0000;0.0000;1.0000;0.0000;0.0000;0.0000;0.0975;-0.2498;0.2430;44.8047;14.4347;166.7373;0.0969;-0.2456;0.2379;44.9029;14.3906;166.5810;0;0.0969;-0.2456;0.2379;44.9029;14.3906;166.5810;ControllerBody;fc9c2bd3-aae8-4497-a886-be853502c08c;;LineBisection;2026-05-18 09:49:23.2585;Controllers;1;OpenXR
Left;;Baseline;0;NoMitigation;None;anonymous;Sample;283;0.0000;0.0183;-0.0049;0.0227;2.9141;5.8717;359.3493;0.0183;-0.0049;0.0227;0.9983;0.0251;0.0513;-0.0070;0;0.1082;-1.7141;-0.0132;0.0000;341.8270;0.0000;0.0000;0.0000;0.0000;0.0000;0.0000;0.0000;0;0.0000;0.0000;0.0000;0.0000;0.0000;0.0000;ControllerBody;0.0000;0.0000;1.0000;0.0000;0.0000;0.0000;1.0000;0.0000;0.0000;0.0000;0.0975;-0.2498;0.2430;44.8047;14.4347;166.7373;0.0969;-0.2456;0.2379;44.9029;14.3906;166.5810;0;0.0969;-0.2456;0.2379;44.9029;14.3906;166.5810;ControllerBody;fc9c2bd3-aae8-4497-a886-be853502c08c;;LineBisection;2026-05-18 09:49:23.2923;Controllers;1;OpenXR
Left;;Baseline;0;NoMitigation;None;anonymous;Sample;285;0.0000;0.0183;-0.0050;0.0213;2.6842;5.7069;359.8009;0.0183;-0.0050;0.0213;0.9985;0.0233;0.0498;-0.0029;0;0.1082;-1.7141;-0.0132;0.0000;341.8270;0.0000;0.0000;0.0000;0.0000;0.0000;0.0000;0.0000;0;0.0000;0.0000;0.0000;0.0000;0.0000;0.0000;ControllerBody;0.0000;0.0000;1.0000;0.0000;0.0000;0.0000;1.0000;0.0000;0.0000;0.0000;0.0975;-0.2498;0.2430;44.8047;14.4347;166.7373;0.0969;-0.2456;0.2379;44.9029;14.3906;166.5810;0;0.0969;-0.2456;0.2379;44.9029;14.3906;166.5810;ControllerBody;fc9c2bd3-aae8-4497-a886-be853502c08c;;LineBisection;2026-05-18 09:49:23.3256;Controllers;1;OpenXR
Left;;Baseline;0;NoMitigation;None;anonymous;Sample;287;0.0000;0.0179;-0.0041;0.0193;2.7208;5.6735;0.2527;0.0179;-0.0041;0.0193;0.9985;0.0238;0.0494;0.0010;0;0.1082;-1.7141;-0.0132;0.0000;341.8270;0.0000;0.0000;0.0000;0.0000;0.0000;0.0000;0.0000;0;0.0000;0.0000;0.0000;0.0000;0.0000;0.0000;ControllerBody;0.0000;0.0000;1.0000;0.0000;0.0000;0.0000;1.0000;0.0000;0.0000;0.0000;0.0975;-0.2499;0.2430;44.8047;14.4347;166.7373;0.0969;-0.2456;0.2379;44.9029;14.3906;166.5810;0;0.0969;-0.2456;0.2379;44.9029;14.3906;166.5810;ControllerBody;fc9c2bd3-aae8-4497-a886-be853502c08c;;LineBisection;2026-05-18 09:49:23.3586;Controllers;1;OpenXR
Left;;Baseline;0;NoMitigation;None;anonymous;Sample;288;0.0000;0.0174;-0.0034;0.0181;2.7242;5.7599;0.3016;0.0174;-0.0034;0.0181;0.9985;0.0239;0.0502;0.0014;0;0.1082;-1.7141;-0.0132;0.0000;341.8270;0.0000;0.0000;0.0000;0.0000;0.0000;0.0000;0.0000;0;0.0000;0.0000;0.0000;0.0000;0.0000;0.0000;ControllerBody;0.0000;0.0000;1.0000;0.0000;0.0000;0.0000;1.0000;0.0000;0.0000;0.0000;0.0975;-0.2499;0.2430;44.8047;14.4347;166.7373;0.0969;-0.2456;0.2379;44.9029;14.3906;166.5810;0;0.0969;-0.2456;0.2379;44.9029;14.3906;166.5810;ControllerBody;fc9c2bd3-aae8-4497-a886-be853502c08c;;LineBisection;2026-05-18 09:49:23.3946;Controllers;1;OpenXR
Left;;Baseline;0;NoMitigation;None;anonymous;Sample;290;0.0000;0.0165;-0.0018;0.0136;1.9217;5.1436;0.6296;0.0165;-0.0018;0.0136;0.9988;0.0170;0.0448;0.0047;0;0.1082;-1.7141;-0.0132;0.0000;341.8270;0.0000;0.0000;0.0000;0.0000;0.0000;0.0000;0.0000;0;0.0000;0.0000;0.0000;0.0000;0.0000;0.0000;ControllerBody;0.0000;0.0000;1.0000;0.0000;0.0000;0.0000;1.0000;0.0000;0.0000;0.0000;0.0975;-0.2499;0.2430;44.8047;14.4347;166.7373;0.0969;-0.2456;0.2379;44.9029;14.3906;166.5810;0;0.0969;-0.2456;0.2379;44.9029;14.3906;166.5810;ControllerBody;fc9c2bd3-aae8-4497-a886-be853502c08c;;LineBisection;2026-05-18 09:49:23.4281;Controllers;1;OpenXR
Left;;Baseline;0;NoMitigation;None;anonymous;Sample;292;0.0000;0.0159;-0.0004;0.0118;1.5393;4.3372;0.6241;0.0159;-0.0004;0.0118;0.9992;0.0136;0.0378;0.0049;0;0.1082;-1.7141;-0.0132;0.0000;341.8270;0.0000;0.0000;0.0000;0.0000;0.0000;0.0000;0.0000;0;0.0000;0.0000;0.0000;0.0000;0.0000;0.0000;ControllerBody;0.0000;0.0000;1.0000;0.0000;0.0000;0.0000;1.0000;0.0000;0.0000;0.0000;0.0975;-0.2499;0.2430;44.8047;14.4347;166.7373;0.0969;-0.2456;0.2379;44.9029;14.3906;166.5810;0;0.0969;-0.2456;0.2379;44.9029;14.3906;166.5810;ControllerBody;fc9c2bd3-aae8-4497-a886-be853502c08c;;LineBisection;2026-05-18 09:49:23.4519;Controllers;1;OpenXR
Left;;Baseline;0;NoMitigation;None;anonymous;Sample;294;0.0000;0.0150;0.0009;0.0098;0.7979;3.7109;0.9162;0.0150;0.0009;0.0098;0.9994;0.0072;0.0323;0.0078;0;0.1082;-1.7141;-0.0132;0.0000;341.8270;0.0000;0.0000;0.0000;0.0000;0.0000;0.0000;0.0000;0;0.0000;0.0000;0.0000;0.0000;0.0000;0.0000;ControllerBody;0.0000;0.0000;1.0000;0.0000;0.0000;0.0000;1.0000;0.0000;0.0000;0.0000;0.0976;-0.2499;0.2430;44.8047;14.4347;166.7373;0.0969;-0.2456;0.2379;44.9029;14.3906;166.5810;0;0.0969;-0.2456;0.2379;44.9029;14.3906;166.5810;ControllerBody;fc9c2bd3-aae8-4497-a886-be853502c08c;;LineBisection;2026-05-18 09:49:23.4860;Controllers;1;OpenXR
Left;;Baseline;0;NoMitigation;None;anonymous;Sample;296;0.0000;0.0144;0.0020;0.0090;0.5989;3.8833;0.9892;0.0144;0.0020;0.0090;0.9994;0.0055;0.0338;0.0084;0;0.1082;-1.7141;-0.0132;0.0000;341.8270;0.0000;0.0000;0.0000;0.0000;0.0000;0.0000;0.0000;0;0.0000;0.0000;0.0000;0.0000;0.0000;0.0000;ControllerBody;0.0000;0.0000;1.0000;0.0000;0.0000;0.0000;1.0000;0.0000;0.0000;0.0000;0.0976;-0.2499;0.2430;44.8047;14.4347;166.7373;0.0969;-0.2456;0.2379;44.9029;14.3906;166.5810;0;0.0969;-0.2456;0.2379;44.9029;14.3906;166.5810;ControllerBody;fc9c2bd3-aae8-4497-a886-be853502c08c;;LineBisection;2026-05-18 09:49:23.5188;Controllers;1;OpenXR
Left;;Baseline;0;NoMitigation;None;anonymous;Sample;298;0.0000;0.0133;0.0032;0.0080;0.7366;4.2162;0.6751;0.0133;0.0032;0.0080;0.9993;0.0066;0.0367;0.0057;0;0.1082;-1.7141;-0.0132;0.0000;341.8270;0.0000;0.0000;0.0000;0.0000;0.0000;0.0000;0.0000;0;0.0000;0.0000;0.0000;0.0000;0.0000;0.0000;ControllerBody;0.0000;0.0000;1.0000;0.0000;0.0000;0.0000;1.0000;0.0000;0.0000;0.0000;0.0976;-0.2499;0.2430;44.8047;14.4347;166.7373;0.0969;-0.2456;0.2379;44.9029;14.3906;166.5810;0;0.0969;-0.2456;0.2379;44.9029;14.3906;166.5810;ControllerBody;fc9c2bd3-aae8-4497-a886-be853502c08c;;LineBisection;2026-05-18 09:49:23.5528;Controllers;1;OpenXR
Left;;Baseline;0;NoMitigation;None;anonymous;Sample;300;0.0000;0.0123;0.0037;0.0072;1.1147;4.2219;0.0521;0.0123;0.0037;0.0072;0.9993;0.0097;0.0368;0.0001;0;0.1082;-1.7141;-0.0132;0.0000;341.8270;0.0000;0.0000;0.0000;0.0000;0.0000;0.0000;0.0000;0;0.0000;0.0000;0.0000;0.0000;0.0000;0.0000;ControllerBody;0.0000;0.0000;1.0000;0.0000;0.0000;0.0000;1.0000;0.0000;0.0000;0.0000;0.0976;-0.2499;0.2430;44.8047;14.4347;166.7373;0.0969;-0.2456;0.2379;44.9029;14.3906;166.5810;0;0.0969;-0.2456;0.2379;44.9029;14.3906;166.5810;ControllerBody;fc9c2bd3-aae8-4497-a886-be853502c08c;;LineBisection;2026-05-18 09:49:23.5842;Controllers;1;OpenXR
Left;;Baseline;0;NoMitigation;None;anonymous;Sample;302;0.0000;0.0117;0.0035;0.0070;1.2190;3.6259;359.8577;0.0117;0.0035;0.0070;0.9994;0.0106;0.0316;-0.0016;0;0.1082;-1.7141;-0.0132;0.0000;341.8270;0.0000;0.0000;0.0000;0.0000;0.0000;0.0000;0.0000;0;0.0000;0.0000;0.0000;0.0000;0.0000;0.0000;ControllerBody;0.0000;0.0000;1.0000;0.0000;0.0000;0.0000;1.0000;0.0000;0.0000;0.0000;0.0976;-0.2500;0.2430;44.8047;14.4347;166.7373;0.0969;-0.2456;0.2379;44.9029;14.3906;166.5810;0;0.0969;-0.2456;0.2379;44.9029;14.3906;166.5810;ControllerBody;fc9c2bd3-aae8-4497-a886-be853502c08c;;LineBisection;2026-05-18 09:49:23.6170;Controllers;1;OpenXR
Left;;Baseline;0;NoMitigation;None;anonymous;Sample;304;0.0000;0.0101;0.0035;0.0066;1.4993;3.4109;0.1611;0.0101;0.0035;0.0066;0.9995;0.0131;0.0297;0.0010;0;0.1082;-1.7141;-0.0132;0.0000;341.8270;0.0000;0.0000;0.0000;0.0000;0.0000;0.0000;0.0000;0;0.0000;0.0000;0.0000;0.0000;0.0000;0.0000;ControllerBody;0.0000;0.0000;1.0000;0.0000;0.0000;0.0000;1.0000;0.0000;0.0000;0.0000;0.0976;-0.2500;0.2430;44.8047;14.4347;166.7373;0.0969;-0.2456;0.2379;44.9029;14.3906;166.5810;0;0.0969;-0.2456;0.2379;44.9029;14.3906;166.5810;ControllerBody;fc9c2bd3-aae8-4497-a886-be853502c08c;;LineBisection;2026-05-18 09:49:23.6509;Controllers;1;OpenXR
Left;;Baseline;0;NoMitigation;None;anonymous;Sample;306;0.0000;0.0079;0.0029;0.0068;1.4288;3.6681;0.3461;0.0079;0.0029;0.0068;0.9994;0.0126;0.0320;0.0026;0;0.1082;-1.7141;-0.0132;0.0000;341.8270;0.0000;0.0000;0.0000;0.0000;0.0000;0.0000;0.0000;0;0.0000;0.0000;0.0000;0.0000;0.0000;0.0000;ControllerBody;0.0000;0.0000;1.0000;0.0000;0.0000;0.0000;1.0000;0.0000;0.0000;0.0000;0.0976;-0.2500;0.2430;44.8047;14.4347;166.7373;0.0969;-0.2456;0.2379;44.9029;14.3906;166.5810;0;0.0969;-0.2456;0.2379;44.9029;14.3906;166.5810;ControllerBody;fc9c2bd3-aae8-4497-a886-be853502c08c;;LineBisection;2026-05-18 09:49:23.6840;Controllers;1;OpenXR
Left;;Baseline;0;NoMitigation;None;anonymous;Sample;308;0.0000;0.0066;0.0025;0.0069;1.4909;3.5347;0.4365;0.0066;0.0025;0.0069;0.9994;0.0131;0.0308;0.0034;0;0.1082;-1.7141;-0.0132;0.0000;341.8270;0.0000;0.0000;0.0000;0.0000;0.0000;0.0000;0.0000;0;0.0000;0.0000;0.0000;0.0000;0.0000;0.0000;ControllerBody;0.0000;0.0000;1.0000;0.0000;0.0000;0.0000;1.0000;0.0000;0.0000;0.0000;0.0976;-0.2500;0.2430;44.8047;14.4347;166.7373;0.0969;-0.2456;0.2379;44.9029;14.3906;166.5810;0;0.0969;-0.2456;0.2379;44.9029;14.3906;166.5810;ControllerBody;fc9c2bd3-aae8-4497-a886-be853502c08c;;LineBisection;2026-05-18 09:49:23.7170;Controllers;1;OpenXR
Left;;Baseline;0;NoMitigation;None;anonymous;Sample;310;0.0000;0.0056;0.0021;0.0069;1.6722;3.0204;0.4744;0.0056;0.0021;0.0069;0.9995;0.0147;0.0263;0.0038;0;0.1082;-1.7141;-0.0132;0.0000;341.8270;0.0000;0.0000;0.0000;0.0000;0.0000;0.0000;0.0000;0;0.0000;0.0000;0.0000;0.0000;0.0000;0.0000;ControllerBody;0.0000;0.0000;1.0000;0.0000;0.0000;0.0000;1.0000;0.0000;0.0000;0.0000;0.0976;-0.2500;0.2430;44.8047;14.4347;166.7373;0.0969;-0.2456;0.2379;44.9029;14.3906;166.5810;0;0.0969;-0.2456;0.2379;44.9029;14.3906;166.5810;ControllerBody;fc9c2bd3-aae8-4497-a886-be853502c08c;;LineBisection;2026-05-18 09:49:23.7500;Controllers;1;OpenXR
Left;;Baseline;0;NoMitigation;None;anonymous;Sample;312;0.0000;0.0045;0.0015;0.0069;1.6681;2.6615;0.4033;0.0045;0.0015;0.0069;0.9996;0.0146;0.0232;0.0032;0;0.1082;-1.7141;-0.0132;0.0000;341.8270;0.0000;0.0000;0.0000;0.0000;0.0000;0.0000;0.0000;0;0.0000;0.0000;0.0000;0.0000;0.0000;0.0000;ControllerBody;0.0000;0.0000;1.0000;0.0000;0.0000;0.0000;1.0000;0.0000;0.0000;0.0000;0.0976;-0.2500;0.2430;44.8047;14.4347;166.7373;0.0969;-0.2456;0.2379;44.9029;14.3906;166.5810;0;0.0969;-0.2456;0.2379;44.9029;14.3906;166.5810;ControllerBody;fc9c2bd3-aae8-4497-a886-be853502c08c;;LineBisection;2026-05-18 09:49:23.7837;Controllers;1;OpenXR
Left;;Baseline;0;NoMitigation;None;anonymous;Sample;314;0.0000;0.0037;0.0012;0.0069;1.8416;2.6065;0.5496;0.0037;0.0012;0.0069;0.9996;0.0162;0.0227;0.0044;0;0.1082;-1.7141;-0.0132;0.0000;341.8270;0.0000;0.0000;0.0000;0.0000;0.0000;0.0000;0.0000;0;0.0000;0.0000;0.0000;0.0000;0.0000;0.0000;ControllerBody;0.0000;0.0000;1.0000;0.0000;0.0000;0.0000;1.0000;0.0000;0.0000;0.0000;0.0976;-0.2500;0.2430;44.8047;14.4347;166.7373;0.0969;-0.2456;0.2379;44.9029;14.3906;166.5810;0;0.0969;-0.2456;0.2379;44.9029;14.3906;166.5810;ControllerBody;fc9c2bd3-aae8-4497-a886-be853502c08c;;LineBisection;2026-05-18 09:49:23.8171;Controllers;1;OpenXR
Left;;Baseline;0;NoMitigation;None;anonymous;Sample;316;0.0000;0.0019;0.0012;0.0068;2.1521;2.7550;0.1296;0.0019;0.0012;0.0068;0.9995;0.0188;0.0240;0.0007;0;0.1082;-1.7141;-0.0132;0.0000;341.8270;0.0000;0.0000;0.0000;0.0000;0.0000;0.0000;0.0000;0;0.0000;0.0000;0.0000;0.0000;0.0000;0.0000;ControllerBody;0.0000;0.0000;1.0000;0.0000;0.0000;0.0000;1.0000;0.0000;0.0000;0.0000;0.0977;-0.2500;0.2430;44.8047;14.4347;166.7373;0.0969;-0.2456;0.2379;44.9029;14.3906;166.5810;0;0.0969;-0.2456;0.2379;44.9029;14.3906;166.5810;ControllerBody;fc9c2bd3-aae8-4497-a886-be853502c08c;;LineBisection;2026-05-18 09:49:23.8500;Controllers;1;OpenXR
Left;;Baseline;0;NoMitigation;None;anonymous;Sample;318;0.0000;-0.0001;0.0015;0.0065;2.6046;2.6144;359.9494;-0.0001;0.0015;0.0065;0.9995;0.0227;0.0228;-0.0010;0;0.1082;-1.7141;-0.0132;0.0000;341.8270;0.0000;0.0000;0.0000;0.0000;0.0000;0.0000;0.0000;0;0.0000;0.0000;0.0000;0.0000;0.0000;0.0000;ControllerBody;0.0000;0.0000;1.0000;0.0000;0.0000;0.0000;1.0000;0.0000;0.0000;0.0000;0.0977;-0.2500;0.2430;44.8047;14.4347;166.7373;0.0969;-0.2456;0.2379;44.9029;14.3906;166.5810;0;0.0969;-0.2456;0.2379;44.9029;14.3906;166.5810;ControllerBody;fc9c2bd3-aae8-4497-a886-be853502c08c;;LineBisection;2026-05-18 09:49:23.8840;Controllers;1;OpenXR
Left;;Baseline;0;NoMitigation;None;anonymous;Sample;320;0.0000;-0.0025;0.0017;0.0052;2.7092;2.0707;0.1445;-0.0025;0.0017;0.0052;0.9996;0.0237;0.0180;0.0008;0;0.1082;-1.7141;-0.0132;0.0000;341.8270;0.0000;0.0000;0.0000;0.0000;0.0000;0.0000;0.0000;0;0.0000;0.0000;0.0000;0.0000;0.0000;0.0000;ControllerBody;0.0000;0.0000;1.0000;0.0000;0.0000;0.0000;1.0000;0.0000;0.0000;0.0000;0.0977;-0.2501;0.2430;44.8047;14.4347;166.7373;0.0969;-0.2456;0.2379;44.9029;14.3906;166.5810;0;0.0969;-0.2456;0.2379;44.9029;14.3906;166.5810;ControllerBody;fc9c2bd3-aae8-4497-a886-be853502c08c;;LineBisection;2026-05-18 09:49:23.9174;Controllers;1;OpenXR
Left;;Baseline;0;NoMitigation;None;anonymous;Sample;322;0.0000;-0.0054;0.0020;0.0038;2.2478;1.4737;0.3599;-0.0054;0.0020;0.0038;0.9997;0.0197;0.0128;0.0029;0;0.1082;-1.7141;-0.0132;0.0000;341.8270;0.0000;0.0000;0.0000;0.0000;0.0000;0.0000;0.0000;0;0.0000;0.0000;0.0000;0.0000;0.0000;0.0000;ControllerBody;0.0000;0.0000;1.0000;0.0000;0.0000;0.0000;1.0000;0.0000;0.0000;0.0000;0.0977;-0.2501;0.2430;44.8047;14.4347;166.7373;0.0969;-0.2456;0.2379;44.9029;14.3906;166.5810;0;0.0969;-0.2456;0.2379;44.9029;14.3906;166.5810;ControllerBody;fc9c2bd3-aae8-4497-a886-be853502c08c;;LineBisection;2026-05-18 09:49:23.9507;Controllers;1;OpenXR
Left;;Baseline;0;NoMitigation;None;anonymous;Sample;324;0.0000;-0.0088;0.0028;0.0025;1.9184;1.2375;0.2634;-0.0088;0.0028;0.0025;0.9998;0.0168;0.0108;0.0021;0;0.1082;-1.7141;-0.0132;0.0000;341.8270;0.0000;0.0000;0.0000;0.0000;0.0000;0.0000;0.0000;0;0.0000;0.0000;0.0000;0.0000;0.0000;0.0000;ControllerBody;0.0000;0.0000;1.0000;0.0000;0.0000;0.0000;1.0000;0.0000;0.0000;0.0000;0.0977;-0.2501;0.2430;44.8047;14.4347;166.7373;0.0969;-0.2456;0.2379;44.9029;14.3906;166.5810;0;0.0969;-0.2456;0.2379;44.9029;14.3906;166.5810;ControllerBody;fc9c2bd3-aae8-4497-a886-be853502c08c;;LineBisection;2026-05-18 09:49:23.9843;Controllers;1;OpenXR
Left;;Baseline;0;NoMitigation;None;anonymous;Sample;326;0.0000;-0.0122;0.0040;0.0008;1.8587;0.7412;0.2371;-0.0122;0.0040;0.0008;0.9998;0.0162;0.0064;0.0020;0;0.1082;-1.7141;-0.0132;0.0000;341.8270;0.0000;0.0000;0.0000;0.0000;0.0000;0.0000;0.0000;0;0.0000;0.0000;0.0000;0.0000;0.0000;0.0000;ControllerBody;0.0000;0.0000;1.0000;0.0000;0.0000;0.0000;1.0000;0.0000;0.0000;0.0000;0.0977;-0.2501;0.2430;44.8047;14.4347;166.7373;0.0969;-0.2456;0.2379;44.9029;14.3906;166.5810;0;0.0969;-0.2456;0.2379;44.9029;14.3906;166.5810;ControllerBody;fc9c2bd3-aae8-4497-a886-be853502c08c;;LineBisection;2026-05-18 09:49:24.0167;Controllers;1;OpenXR
Left;;Baseline;0;NoMitigation;None;anonymous;Sample;328;0.0000;-0.0152;0.0046;-0.0006;1.2266;0.0544;0.5317;-0.0152;0.0046;-0.0006;0.9999;0.0107;0.0004;0.0046;0;0.1082;-1.7141;-0.0132;0.0000;341.8270;0.0000;0.0000;0.0000;0.0000;0.0000;0.0000;0.0000;0;0.0000;0.0000;0.0000;0.0000;0.0000;0.0000;ControllerBody;0.0000;0.0000;1.0000;0.0000;0.0000;0.0000;1.0000;0.0000;0.0000;0.0000;0.0977;-0.2501;0.2430;44.8047;14.4347;166.7373;0.0969;-0.2456;0.2379;44.9029;14.3906;166.5810;0;0.0969;-0.2456;0.2379;44.9029;14.3906;166.5810;ControllerBody;fc9c2bd3-aae8-4497-a886-be853502c08c;;LineBisection;2026-05-18 09:49:24.0502;Controllers;1;OpenXR
Left;;Baseline;0;NoMitigation;None;anonymous;Sample;330;0.0000;-0.0180;0.0054;-0.0017;0.8241;359.5113;0.9862;-0.0180;0.0054;-0.0017;0.9999;0.0072;-0.0043;0.0086;0;0.1082;-1.7141;-0.0132;0.0000;341.8270;0.0000;0.0000;0.0000;0.0000;0.0000;0.0000;0.0000;0;0.0000;0.0000;0.0000;0.0000;0.0000;0.0000;ControllerBody;0.0000;0.0000;1.0000;0.0000;0.0000;0.0000;1.0000;0.0000;0.0000;0.0000;0.0977;-0.2501;0.2430;44.8047;14.4347;166.7373;0.0969;-0.2456;0.2379;44.9029;14.3906;166.5810;0;0.0969;-0.2456;0.2379;44.9029;14.3906;166.5810;ControllerBody;fc9c2bd3-aae8-4497-a886-be853502c08c;;LineBisection;2026-05-18 09:49:24.0843;Controllers;1;OpenXR
Left;;Baseline;0;NoMitigation;None;anonymous;Sample;332;0.0000;-0.0210;0.0059;-0.0027;0.6134;358.9563;0.9107;-0.0210;0.0059;-0.0027;0.9999;0.0053;-0.0091;0.0080;0;0.1082;-1.7141;-0.0132;0.0000;341.8270;0.0000;0.0000;0.0000;0.0000;0.0000;0.0000;0.0000;0;0.0000;0.0000;0.0000;0.0000;0.0000;0.0000;ControllerBody;0.0000;0.0000;1.0000;0.0000;0.0000;0.0000;1.0000;0.0000;0.0000;0.0000;0.0977;-0.2501;0.2430;44.8047;14.4347;166.7373;0.0969;-0.2456;0.2379;44.9029;14.3906;166.5810;0;0.0969;-0.2456;0.2379;44.9029;14.3906;166.5810;ControllerBody;fc9c2bd3-aae8-4497-a886-be853502c08c;;LineBisection;2026-05-18 09:49:24.1178;Controllers;1;OpenXR
Left;;Baseline;0;NoMitigation;None;anonymous;Sample;334;0.0000;-0.0232;0.0066;-0.0029;0.3274;358.3230;1.1901;-0.0232;0.0066;-0.0029;0.9998;0.0027;-0.0147;0.0104;0;0.1082;-1.7141;-0.0132;0.0000;341.8270;0.0000;0.0000;0.0000;0.0000;0.0000;0.0000;0.0000;0;0.0000;0.0000;0.0000;0.0000;0.0000;0.0000;ControllerBody;0.0000;0.0000;1.0000;0.0000;0.0000;0.0000;1.0000;0.0000;0.0000;0.0000;0.0977;-0.2501;0.2430;44.8047;14.4347;166.7373;0.0969;-0.2456;0.2379;44.9029;14.3906;166.5810;0;0.0969;-0.2456;0.2379;44.9029;14.3906;166.5810;ControllerBody;fc9c2bd3-aae8-4497-a886-be853502c08c;;LineBisection;2026-05-18 09:49:24.1502;Controllers;1;OpenXR
Left;;Baseline;0;NoMitigation;None;anonymous;Sample;336;0.0000;-0.0250;0.0070;-0.0032;0.2196;357.9996;1.9826;-0.0250;0.0070;-0.0032;0.9997;0.0016;-0.0175;0.0173;0;0.1082;-1.7141;-0.0132;0.0000;341.8270;0.0000;0.0000;0.0000;0.0000;0.0000;0.0000;0.0000;0;0.0000;0.0000;0.0000;0.0000;0.0000;0.0000;ControllerBody;0.0000;0.0000;1.0000;0.0000;0.0000;0.0000;1.0000;0.0000;0.0000;0.0000;0.0977;-0.2501;0.2430;44.8047;14.4347;166.7373;0.0969;-0.2456;0.2379;44.9029;14.3906;166.5810;0;0.0969;-0.2456;0.2379;44.9029;14.3906;166.5810;ControllerBody;fc9c2bd3-aae8-4497-a886-be853502c08c;;LineBisection;2026-05-18 09:49:24.1842;Controllers;1;OpenXR
Left;;Baseline;0;NoMitigation;None;anonymous;Sample;338;0.0000;-0.0262;0.0073;-0.0033;0.0113;358.2534;2.3799;-0.0262;0.0073;-0.0033;0.9997;-0.0002;-0.0152;0.0208;0;0.1082;-1.7141;-0.0132;0.0000;341.8270;0.0000;0.0000;0.0000;0.0000;0.0000;0.0000;0.0000;0;0.0000;0.0000;0.0000;0.0000;0.0000;0.0000;ControllerBody;0.0000;0.0000;1.0000;0.0000;0.0000;0.0000;1.0000;0.0000;0.0000;0.0000;0.0977;-0.2501;0.2430;44.8047;14.4347;166.7373;0.0969;-0.2456;0.2379;44.9029;14.3906;166.5810;0;0.0969;-0.2456;0.2379;44.9029;14.3906;166.5810;ControllerBody;fc9c2bd3-aae8-4497-a886-be853502c08c;;LineBisection;2026-05-18 09:49:24.2176;Controllers;1;OpenXR
Left;;Baseline;0;NoMitigation;None;anonymous;Sample;340;0.0000;-0.0266;0.0074;-0.0032;0.0213;358.7567;2.1878;-0.0266;0.0074;-0.0032;0.9998;0.0000;-0.0109;0.0191;0;0.1082;-1.7141;-0.0132;0.0000;341.8270;0.0000;0.0000;0.0000;0.0000;0.0000;0.0000;0.0000;0;0.0000;0.0000;0.0000;0.0000;0.0000;0.0000;ControllerBody;0.0000;0.0000;1.0000;0.0000;0.0000;0.0000;1.0000;0.0000;0.0000;0.0000;0.0977;-0.2501;0.2430;44.8047;14.4347;166.7373;0.0969;-0.2456;0.2379;44.9029;14.3906;166.5810;0;0.0969;-0.2456;0.2379;44.9029;14.3906;166.5810;ControllerBody;fc9c2bd3-aae8-4497-a886-be853502c08c;;LineBisection;2026-05-18 09:49:24.2511;Controllers;1;OpenXR
Left;;Baseline;0;NoMitigation;None;anonymous;Sample;342;0.0000;-0.0263;0.0074;-0.0030;0.1083;358.8753;2.2049;-0.0263;0.0074;-0.0030;0.9998;0.0008;-0.0098;0.0192;0;0.1082;-1.7141;-0.0132;0.0000;341.8270;0.0000;0.0000;0.0000;0.0000;0.0000;0.0000;0.0000;0;0.0000;0.0000;0.0000;0.0000;0.0000;0.0000;ControllerBody;0.0000;0.0000;1.0000;0.0000;0.0000;0.0000;1.0000;0.0000;0.0000;0.0000;0.0977;-0.2502;0.2430;44.8047;14.4347;166.7373;0.0969;-0.2456;0.2379;44.9029;14.3906;166.5810;0;0.0969;-0.2456;0.2379;44.9029;14.3906;166.5810;ControllerBody;fc9c2bd3-aae8-4497-a886-be853502c08c;;LineBisection;2026-05-18 09:49:24.2845;Controllers;1;OpenXR
Left;;Baseline;0;NoMitigation;None;anonymous;Sample;344;0.0000;-0.0241;0.0069;-0.0025;0.1854;358.9901;1.8816;-0.0241;0.0069;-0.0025;0.9998;0.0015;-0.0088;0.0164;0;0.1082;-1.7141;-0.0132;0.0000;341.8270;0.0000;0.0000;0.0000;0.0000;0.0000;0.0000;0.0000;0;0.0000;0.0000;0.0000;0.0000;0.0000;0.0000;ControllerBody;0.0000;0.0000;1.0000;0.0000;0.0000;0.0000;1.0000;0.0000;0.0000;0.0000;0.0977;-0.2502;0.2430;44.8047;14.4347;166.7373;0.0969;-0.2456;0.2379;44.9029;14.3906;166.5810;0;0.0969;-0.2456;0.2379;44.9029;14.3906;166.5810;ControllerBody;fc9c2bd3-aae8-4497-a886-be853502c08c;;LineBisection;2026-05-18 09:49:24.3170;Controllers;1;OpenXR
Left;;Baseline;0;NoMitigation;None;anonymous;Sample;346;0.0000;-0.0229;0.0068;-0.0023;0.4510;359.2132;1.2650;-0.0229;0.0068;-0.0023;0.9999;0.0039;-0.0069;0.0111;0;0.1082;-1.7141;-0.0132;0.0000;341.8270;0.0000;0.0000;0.0000;0.0000;0.0000;0.0000;0.0000;0;0.0000;0.0000;0.0000;0.0000;0.0000;0.0000;ControllerBody;0.0000;0.0000;1.0000;0.0000;0.0000;0.0000;1.0000;0.0000;0.0000;0.0000;0.0977;-0.2502;0.2430;44.8047;14.4347;166.7373;0.0969;-0.2456;0.2379;44.9029;14.3906;166.5810;0;0.0969;-0.2456;0.2379;44.9029;14.3906;166.5810;ControllerBody;fc9c2bd3-aae8-4497-a886-be853502c08c;;LineBisection;2026-05-18 09:49:24.3504;Controllers;1;OpenXR
Left;;Baseline;0;NoMitigation;None;anonymous;Sample;348;0.0000;-0.0215;0.0065;-0.0019;0.6009;359.3375;1.0281;-0.0215;0.0065;-0.0019;0.9999;0.0052;-0.0058;0.0090;0;0.1082;-1.7141;-0.0132;0.0000;341.8270;0.0000;0.0000;0.0000;0.0000;0.0000;0.0000;0.0000;0;0.0000;0.0000;0.0000;0.0000;0.0000;0.0000;ControllerBody;0.0000;0.0000;1.0000;0.0000;0.0000;0.0000;1.0000;0.0000;0.0000;0.0000;0.0978;-0.2502;0.2430;44.8047;14.4347;166.7373;0.0969;-0.2456;0.2379;44.9029;14.3906;166.5810;0;0.0969;-0.2456;0.2379;44.9029;14.3906;166.5810;ControllerBody;fc9c2bd3-aae8-4497-a886-be853502c08c;;LineBisection;2026-05-18 09:49:24.3845;Controllers;1;OpenXR
Left;;Baseline;0;NoMitigation;None;anonymous;Sample;350;0.0000;-0.0204;0.0062;-0.0016;0.6664;359.3963;0.9487;-0.0204;0.0062;-0.0016;0.9999;0.0058;-0.0053;0.0083;0;0.1082;-1.7141;-0.0132;0.0000;341.8270;0.0000;0.0000;0.0000;0.0000;0.0000;0.0000;0.0000;0;0.0000;0.0000;0.0000;0.0000;0.0000;0.0000;ControllerBody;0.0000;0.0000;1.0000;0.0000;0.0000;0.0000;1.0000;0.0000;0.0000;0.0000;0.0978;-0.2502;0.2430;44.8047;14.4347;166.7373;0.0969;-0.2456;0.2379;44.9029;14.3906;166.5810;0;0.0969;-0.2456;0.2379;44.9029;14.3906;166.5810;ControllerBody;fc9c2bd3-aae8-4497-a886-be853502c08c;;LineBisection;2026-05-18 09:49:24.4171;Controllers;1;OpenXR
Left;;Baseline;0;NoMitigation;None;anonymous;Sample;352;0.0000;-0.0197;0.0058;-0.0015;0.5931;359.3761;0.7944;-0.0197;0.0058;-0.0015;0.9999;0.0051;-0.0055;0.0070;0;0.1082;-1.7141;-0.0132;0.0000;341.8270;0.0000;0.0000;0.0000;0.0000;0.0000;0.0000;0.0000;0;0.0000;0.0000;0.0000;0.0000;0.0000;0.0000;ControllerBody;0.0000;0.0000;1.0000;0.0000;0.0000;0.0000;1.0000;0.0000;0.0000;0.0000;0.0978;-0.2502;0.2430;44.8047;14.4347;166.7373;0.0969;-0.2456;0.2379;44.9029;14.3906;166.5810;0;0.0969;-0.2456;0.2379;44.9029;14.3906;166.5810;ControllerBody;fc9c2bd3-aae8-4497-a886-be853502c08c;;LineBisection;2026-05-18 09:49:24.4510;Controllers;1;OpenXR
Left;;Baseline;0;NoMitigation;None;anonymous;Sample;354;0.0000;-0.0194;0.0058;-0.0012;0.5846;359.4514;0.6727;-0.0194;0.0058;-0.0012;1.0000;0.0051;-0.0048;0.0059;0;0.1082;-1.7141;-0.0132;0.0000;341.8270;0.0000;0.0000;0.0000;0.0000;0.0000;0.0000;0.0000;0;0.0000;0.0000;0.0000;0.0000;0.0000;0.0000;ControllerBody;0.0000;0.0000;1.0000;0.0000;0.0000;0.0000;1.0000;0.0000;0.0000;0.0000;0.0978;-0.2502;0.2430;44.8047;14.4347;166.7373;0.0969;-0.2456;0.2379;44.9029;14.3906;166.5810;0;0.0969;-0.2456;0.2379;44.9029;14.3906;166.5810;ControllerBody;fc9c2bd3-aae8-4497-a886-be853502c08c;;LineBisection;2026-05-18 09:49:24.4840;Controllers;1;OpenXR
Left;;Baseline;0;NoMitigation;None;anonymous;Sample;356;0.0000;-0.0191;0.0056;-0.0010;0.6548;359.5582;0.7526;-0.0191;0.0056;-0.0010;1.0000;0.0057;-0.0039;0.0066;0;0.1082;-1.7141;-0.0132;0.0000;341.8270;0.0000;0.0000;0.0000;0.0000;0.0000;0.0000;0.0000;0;0.0000;0.0000;0.0000;0.0000;0.0000;0.0000;ControllerBody;0.0000;0.0000;1.0000;0.0000;0.0000;0.0000;1.0000;0.0000;0.0000;0.0000;0.0978;-0.2502;0.2430;44.8047;14.4347;166.7373;0.0969;-0.2456;0.2379;44.9029;14.3906;166.5810;0;0.0969;-0.2456;0.2379;44.9029;14.3906;166.5810;ControllerBody;fc9c2bd3-aae8-4497-a886-be853502c08c;;LineBisection;2026-05-18 09:49:24.5185;Controllers;1;OpenXR
Left;;Baseline;0;NoMitigation;None;anonymous;Sample;358;0.0000;-0.0194;0.0054;-0.0009;0.5987;359.7070;0.7707;-0.0194;0.0054;-0.0009;1.0000;0.0052;-0.0026;0.0067;0;0.1082;-1.7141;-0.0132;0.0000;341.8270;0.0000;0.0000;0.0000;0.0000;0.0000;0.0000;0.0000;0;0.0000;0.0000;0.0000;0.0000;0.0000;0.0000;ControllerBody;0.0000;0.0000;1.0000;0.0000;0.0000;0.0000;1.0000;0.0000;0.0000;0.0000;0.0978;-0.2502;0.2430;44.8047;14.4347;166.7373;0.0969;-0.2456;0.2379;44.9029;14.3906;166.5810;0;0.0969;-0.2456;0.2379;44.9029;14.3906;166.5810;ControllerBody;fc9c2bd3-aae8-4497-a886-be853502c08c;;LineBisection;2026-05-18 09:49:24.5509;Controllers;1;OpenXR
Left;;Baseline;0;NoMitigation;None;anonymous;Sample;360;0.0000;-0.0195;0.0052;-0.0005;0.6103;359.6829;0.9757;-0.0195;0.0052;-0.0005;0.9999;0.0053;-0.0028;0.0085;0;0.1082;-1.7141;-0.0132;0.0000;341.8270;0.0000;0.0000;0.0000;0.0000;0.0000;0.0000;0.0000;0;0.0000;0.0000;0.0000;0.0000;0.0000;0.0000;ControllerBody;0.0000;0.0000;1.0000;0.0000;0.0000;0.0000;1.0000;0.0000;0.0000;0.0000;0.0978;-0.2502;0.2430;44.8047;14.4347;166.7373;0.0969;-0.2456;0.2379;44.9029;14.3906;166.5810;0;0.0969;-0.2456;0.2379;44.9029;14.3906;166.5810;ControllerBody;fc9c2bd3-aae8-4497-a886-be853502c08c;;LineBisection;2026-05-18 09:49:24.5853;Controllers;1;OpenXR
Left;;Baseline;0;NoMitigation;None;anonymous;Sample;362;0.0000;-0.0195;0.0053;-0.0001;0.7041;359.6816;1.1879;-0.0195;0.0053;-0.0001;0.9999;0.0061;-0.0028;0.0104;0;0.1082;-1.7141;-0.0132;0.0000;341.8270;0.0000;0.0000;0.0000;0.0000;0.0000;0.0000;0.0000;0;0.0000;0.0000;0.0000;0.0000;0.0000;0.0000;ControllerBody;0.0000;0.0000;1.0000;0.0000;0.0000;0.0000;1.0000;0.0000;0.0000;0.0000;0.0978;-0.2502;0.2430;44.8047;14.4347;166.7373;0.0969;-0.2456;0.2379;44.9029;14.3906;166.5810;0;0.0969;-0.2456;0.2379;44.9029;14.3906;166.5810;ControllerBody;fc9c2bd3-aae8-4497-a886-be853502c08c;;LineBisection;2026-05-18 09:49:24.6188;Controllers;1;OpenXR
Left;;Baseline;0;NoMitigation;None;anonymous;Sample;364;0.0000;-0.0194;0.0055;0.0000;0.9119;359.8244;1.0690;-0.0194;0.0055;0.0000;0.9999;0.0079;-0.0016;0.0093;0;0.1082;-1.7141;-0.0132;0.0000;341.8270;0.0000;0.0000;0.0000;0.0000;0.0000;0.0000;0.0000;0;0.0000;0.0000;0.0000;0.0000;0.0000;0.0000;ControllerBody;0.0000;0.0000;1.0000;0.0000;0.0000;0.0000;1.0000;0.0000;0.0000;0.0000;0.0978;-0.2502;0.2430;44.8047;14.4347;166.7373;0.0969;-0.2456;0.2379;44.9029;14.3906;166.5810;0;0.0969;-0.2456;0.2379;44.9029;14.3906;166.5810;ControllerBody;fc9c2bd3-aae8-4497-a886-be853502c08c;;LineBisection;2026-05-18 09:49:24.6522;Controllers;1;OpenXR
Left;;Baseline;0;NoMitigation;None;anonymous;Sample;366;0.0000;-0.0193;0.0053;0.0000;0.7771;359.8571;0.8957;-0.0193;0.0053;0.0000;0.9999;0.0068;-0.0013;0.0078;0;0.1082;-1.7141;-0.0132;0.0000;341.8270;0.0000;0.0000;0.0000;0.0000;0.0000;0.0000;0.0000;0;0.0000;0.0000;0.0000;0.0000;0.0000;0.0000;ControllerBody;0.0000;0.0000;1.0000;0.0000;0.0000;0.0000;1.0000;0.0000;0.0000;0.0000;0.0978;-0.2502;0.2430;44.8047;14.4347;166.7373;0.0969;-0.2456;0.2379;44.9029;14.3906;166.5810;0;0.0969;-0.2456;0.2379;44.9029;14.3906;166.5810;ControllerBody;fc9c2bd3-aae8-4497-a886-be853502c08c;;LineBisection;2026-05-18 09:49:24.6846;Controllers;1;OpenXR
Left;;Baseline;0;NoMitigation;None;anonymous;Sample;368;0.0000;-0.0188;0.0050;0.0000;0.6184;359.8269;0.9666;-0.0188;0.0050;0.0000;0.9999;0.0054;-0.0016;0.0084;0;0.1082;-1.7141;-0.0132;0.0000;341.8270;0.0000;0.0000;0.0000;0.0000;0.0000;0.0000;0.0000;0;0.0000;0.0000;0.0000;0.0000;0.0000;0.0000;ControllerBody;0.0000;0.0000;1.0000;0.0000;0.0000;0.0000;1.0000;0.0000;0.0000;0.0000;0.0978;-0.2502;0.2430;44.8047;14.4347;166.7373;0.0969;-0.2456;0.2379;44.9029;14.3906;166.5810;0;0.0969;-0.2456;0.2379;44.9029;14.3906;166.5810;ControllerBody;fc9c2bd3-aae8-4497-a886-be853502c08c;;LineBisection;2026-05-18 09:49:24.7191;Controllers;1;OpenXR
Left;;Baseline;0;NoMitigation;None;anonymous;Sample;370;0.0000;-0.0185;0.0050;0.0000;0.7563;0.0030;0.9941;-0.0185;0.0050;0.0000;0.9999;0.0066;0.0000;0.0087;0;0.1082;-1.7141;-0.0132;0.0000;341.8270;0.0000;0.0000;0.0000;0.0000;0.0000;0.0000;0.0000;0;0.0000;0.0000;0.0000;0.0000;0.0000;0.0000;ControllerBody;0.0000;0.0000;1.0000;0.0000;0.0000;0.0000;1.0000;0.0000;0.0000;0.0000;-0.0029;0.1525;-0.0042;345.8096;349.5229;1.4041;-0.0016;0.1506;-0.0113;345.8096;349.5229;1.4041;0;-0.0016;0.1506;-0.0113;345.8096;349.5229;1.4041;ControllerBody;fc9c2bd3-aae8-4497-a886-be853502c08c;;LineBisection;2026-05-18 09:49:24.7537;Controllers;1;OpenXR
Left;;Baseline;0;NoMitigation;None;anonymous;Sample;372;0.0000;-0.0184;0.0049;-0.0002;0.8827;0.1598;0.7338;-0.0184;0.0049;-0.0002;0.9999;0.0077;0.0013;0.0064;0;0.1082;-1.7141;-0.0132;0.0000;341.8270;0.0000;0.0000;0.0000;0.0000;0.0000;0.0000;0.0000;0;0.0000;0.0000;0.0000;0.0000;0.0000;0.0000;ControllerBody;0.0000;0.0000;1.0000;0.0000;0.0000;0.0000;1.0000;0.0000;0.0000;0.0000;-0.0029;0.1514;-0.0035;345.9217;349.3244;1.6867;-0.0011;0.1396;-0.0051;346.1754;348.1086;2.6939;0;-0.0011;0.1396;-0.0051;346.1754;348.1086;2.6939;ControllerBody;fc9c2bd3-aae8-4497-a886-be853502c08c;;LineBisection;2026-05-18 09:49:24.7869;Controllers;1;OpenXR
Left;;Baseline;0;NoMitigation;None;anonymous;Sample;374;0.0000;-0.0181;0.0045;0.0000;0.7271;359.9763;0.8091;-0.0181;0.0045;0.0000;1.0000;0.0063;-0.0003;0.0071;0;0.1082;-1.7141;-0.0132;0.0000;341.8270;0.0000;0.0000;0.0000;0.0000;0.0000;0.0000;0.0000;0;0.0000;0.0000;0.0000;0.0000;0.0000;0.0000;ControllerBody;0.0000;0.0000;1.0000;0.0000;0.0000;0.0000;1.0000;0.0000;0.0000;0.0000;-0.0046;0.1491;-0.0028;345.8752;347.9503;1.9538;-0.0136;0.1360;-0.0071;345.8042;345.4746;2.2353;0;-0.0136;0.1360;-0.0071;345.8042;345.4746;2.2353;ControllerBody;fc9c2bd3-aae8-4497-a886-be853502c08c;;LineBisection;2026-05-18 09:49:24.8204;Controllers;1;OpenXR
Left;;Baseline;0;NoMitigation;None;anonymous;Sample;376;0.0000;-0.0179;0.0046;0.0001;0.8252;359.9713;0.9258;-0.0179;0.0046;0.0001;0.9999;0.0072;-0.0003;0.0081;0;0.1082;-1.7141;-0.0132;0.0000;341.8270;0.0000;0.0000;0.0000;0.0000;0.0000;0.0000;0.0000;0;0.0000;0.0000;0.0000;0.0000;0.0000;0.0000;ControllerBody;0.0000;0.0000;1.0000;0.0000;0.0000;0.0000;1.0000;0.0000;0.0000;0.0000;-0.0102;0.1410;0.0039;346.2128;347.5569;1.7775;-0.0219;0.1184;0.0171;347.6279;346.9442;0.9334;0;-0.0219;0.1184;0.0171;347.6279;346.9442;0.9334;ControllerBody;fc9c2bd3-aae8-4497-a886-be853502c08c;;LineBisection;2026-05-18 09:49:24.8525;Controllers;1;OpenXR
Left;;Baseline;0;NoMitigation;None;anonymous;Sample;378;0.0000;-0.0181;0.0046;0.0001;0.8381;0.1155;0.8541;-0.0181;0.0046;0.0001;0.9999;0.0073;0.0010;0.0074;0;0.1082;-1.7141;-0.0132;0.0000;341.8270;0.0000;0.0000;0.0000;0.0000;0.0000;0.0000;0.0000;0;0.0000;0.0000;0.0000;0.0000;0.0000;0.0000;ControllerBody;0.0000;0.0000;1.0000;0.0000;0.0000;0.0000;1.0000;0.0000;0.0000;0.0000;-0.1037;0.0320;0.2552;347.5520;347.2179;1.1202;-0.1164;0.0143;0.2890;349.8999;346.6365;0.0084;0;-0.1164;0.0143;0.2890;349.8999;346.6365;0.0084;ControllerBody;fc9c2bd3-aae8-4497-a886-be853502c08c;;LineBisection;2026-05-18 09:49:24.8861;Controllers;1;OpenXR
Left;;Baseline;0;NoMitigation;None;anonymous;Sample;380;0.0000;-0.0180;0.0045;0.0003;0.7846;0.1294;0.9097;-0.0180;0.0045;0.0003;0.9999;0.0069;0.0011;0.0079;0;0.1082;-1.7141;-0.0132;0.0000;341.8270;0.0000;0.0000;0.0000;0.0000;0.0000;0.0000;0.0000;0;0.0000;0.0000;0.0000;0.0000;0.0000;0.0000;ControllerBody;0.0000;0.0000;1.0000;0.0000;0.0000;0.0000;1.0000;0.0000;0.0000;0.0000;-0.1324;-0.0017;0.3374;349.0455;347.1407;0.5040;-0.1410;-0.0149;0.3595;350.8348;347.1585;359.8557;0;-0.1410;-0.0149;0.3595;350.8348;347.1585;359.8557;ControllerBody;fc9c2bd3-aae8-4497-a886-be853502c08c;;LineBisection;2026-05-18 09:49:24.9369;Controllers;1;OpenXR
Left;;Baseline;0;NoMitigation;None;anonymous;Sample;381;0.0000;-0.0178;0.0044;0.0004;0.8740;0.1412;0.8684;-0.0178;0.0044;0.0004;0.9999;0.0076;0.0012;0.0076;0;0.1082;-1.7141;-0.0132;0.0000;341.8270;0.0000;0.0000;0.0000;0.0000;0.0000;0.0000;0.0000;0;0.0000;0.0000;0.0000;0.0000;0.0000;0.0000;ControllerBody;0.0000;0.0000;1.0000;0.0000;0.0000;0.0000;1.0000;0.0000;0.0000;0.0000;-0.1363;-0.0063;0.3478;349.2729;347.0636;0.4338;-0.1435;-0.0181;0.3641;350.4759;346.6518;0.0577;0;-0.1435;-0.0181;0.3641;350.4759;346.6518;0.0577;ControllerBody;fc9c2bd3-aae8-4497-a886-be853502c08c;;LineBisection;2026-05-18 09:49:24.9698;Controllers;1;OpenXR
Left;;Baseline;0;NoMitigation;None;anonymous;Sample;383;0.0000;-0.0177;0.0042;0.0004;1.0115;0.2169;0.7967;-0.0177;0.0042;0.0004;0.9999;0.0088;0.0018;0.0069;0;0.1082;-1.7141;-0.0132;0.0000;341.8270;0.0000;0.0000;0.0000;0.0000;0.0000;0.0000;0.0000;0;0.0000;0.0000;0.0000;0.0000;0.0000;0.0000;ControllerBody;0.0000;0.0000;1.0000;0.0000;0.0000;0.0000;1.0000;0.0000;0.0000;0.0000;-0.1391;-0.0095;0.3540;349.4446;346.7697;0.3936;-0.1448;-0.0198;0.3636;350.0581;345.4850;0.2292;0;-0.1448;-0.0198;0.3636;350.0581;345.4850;0.2292;ControllerBody;fc9c2bd3-aae8-4497-a886-be853502c08c;;LineBisection;2026-05-18 09:49:25.0016;Controllers;1;OpenXR
Left;;Baseline;0;NoMitigation;None;anonymous;Sample;385;0.0000;-0.0177;0.0039;0.0004;1.0276;0.2296;0.9173;-0.0177;0.0039;0.0004;0.9999;0.0090;0.0019;0.0080;0;0.1082;-1.7141;-0.0132;0.0000;341.8270;0.0000;0.0000;0.0000;0.0000;0.0000;0.0000;0.0000;0;0.0000;0.0000;0.0000;0.0000;0.0000;0.0000;ControllerBody;0.0000;0.0000;1.0000;0.0000;0.0000;0.0000;1.0000;0.0000;0.0000;0.0000;-0.1406;-0.0116;0.3574;349.5885;346.3157;0.1320;-0.1434;-0.0206;0.3628;349.7315;345.3816;359.0548;1;-0.1434;-0.0206;0.3628;349.7315;345.3816;359.0548;ControllerBody;fc9c2bd3-aae8-4497-a886-be853502c08c;;LineBisection;2026-05-18 09:49:25.0346;Controllers;1;OpenXR
Left;;Baseline;0;NoMitigation;None;anonymous;Sample;387;0.0000;-0.0178;0.0036;0.0006;0.9493;0.3161;1.0041;-0.0178;0.0036;0.0006;0.9999;0.0083;0.0027;0.0087;0;0.1082;-1.7141;-0.0132;0.0000;341.8270;0.0000;0.0000;0.0000;0.0000;0.0000;0.0000;0.0000;0;0.0000;0.0000;0.0000;0.0000;0.0000;0.0000;ControllerBody;0.0000;0.0000;1.0000;0.0000;0.0000;0.0000;1.0000;0.0000;0.0000;0.0000;-0.1410;-0.0127;0.3593;349.2795;346.2629;359.9373;-0.1420;-0.0201;0.3624;348.7752;346.0752;359.3458;1;-0.1420;-0.0201;0.3624;348.7752;346.0752;359.3458;ControllerBody;fc9c2bd3-aae8-4497-a886-be853502c08c;;LineBisection;2026-05-18 09:49:25.0676;Controllers;1;OpenXR
Left;;Baseline;0;NoMitigation;None;anonymous;Sample;389;0.0000;-0.0178;0.0036;0.0007;1.0500;0.3216;0.9031;-0.0178;0.0036;0.0007;0.9999;0.0092;0.0027;0.0079;0;0.1082;-1.7141;-0.0132;0.0000;341.8270;0.0000;0.0000;0.0000;0.0000;0.0000;0.0000;0.0000;0;0.0000;0.0000;0.0000;0.0000;0.0000;0.0000;ControllerBody;0.0000;0.0000;1.0000;0.0000;0.0000;0.0000;1.0000;0.0000;0.0000;0.0000;-0.1414;-0.0137;0.3610;349.0788;346.3127;359.9934;-0.1421;-0.0212;0.3638;349.0871;346.8256;0.6015;1;-0.1421;-0.0212;0.3638;349.0871;346.8256;0.6015;ControllerBody;fc9c2bd3-aae8-4497-a886-be853502c08c;;LineBisection;2026-05-18 09:49:25.1015;Controllers;1;OpenXR
Left;;Baseline;0;NoMitigation;None;anonymous;Sample;391;0.0000;-0.0178;0.0038;0.0005;1.0555;0.2792;0.8760;-0.0178;0.0038;0.0005;0.9999;0.0092;0.0024;0.0076;0;0.1082;-1.7141;-0.0132;0.0000;341.8270;0.0000;0.0000;0.0000;0.0000;0.0000;0.0000;0.0000;0;0.0000;0.0000;0.0000;0.0000;0.0000;0.0000;ControllerBody;0.0000;0.0000;1.0000;0.0000;0.0000;0.0000;1.0000;0.0000;0.0000;0.0000;-0.1418;-0.0144;0.3624;349.0050;346.3147;359.9848;-0.1422;-0.0207;0.3648;348.9727;346.4802;359.6498;1;-0.1422;-0.0207;0.3648;348.9727;346.4802;359.6498;ControllerBody;fc9c2bd3-aae8-4497-a886-be853502c08c;;LineBisection;2026-05-18 09:49:25.1345;Controllers;1;OpenXR
Left;;Baseline;0;NoMitigation;None;anonymous;Sample;393;0.0000;-0.0176;0.0037;0.0005;0.8835;0.2866;0.9029;-0.0176;0.0037;0.0005;0.9999;0.0077;0.0024;0.0079;0;0.1082;-1.7141;-0.0132;0.0000;341.8270;0.0000;0.0000;0.0000;0.0000;0.0000;0.0000;0.0000;0;0.0000;0.0000;0.0000;0.0000;0.0000;0.0000;ControllerBody;0.0000;0.0000;1.0000;0.0000;0.0000;0.0000;1.0000;0.0000;0.0000;0.0000;-0.1419;-0.0150;0.3638;349.0042;346.5751;359.8160;-0.1405;-0.0201;0.3663;348.9749;348.0168;359.0531;1;-0.1405;-0.0201;0.3663;348.9749;348.0168;359.0531;ControllerBody;fc9c2bd3-aae8-4497-a886-be853502c08c;;LineBisection;2026-05-18 09:49:25.1686;Controllers;1;OpenXR
Left;;Baseline;0;NoMitigation;None;anonymous;Sample;395;0.0000;-0.0174;0.0037;0.0005;0.8425;0.3457;0.9118;-0.0174;0.0037;0.0005;0.9999;0.0074;0.0030;0.0079;0;0.1082;-1.7141;-0.0132;0.0000;341.8270;0.0000;0.0000;0.0000;0.0000;0.0000;0.0000;0.0000;0;0.0000;0.0000;0.0000;0.0000;0.0000;0.0000;ControllerBody;0.0000;0.0000;1.0000;0.0000;0.0000;0.0000;1.0000;0.0000;0.0000;0.0000;-0.1416;-0.0152;0.3649;348.5533;347.9162;359.3235;-0.1375;-0.0170;0.3663;347.5605;350.3013;358.3760;0;-0.1375;-0.0170;0.3663;347.5605;350.3013;358.3760;ControllerBody;fc9c2bd3-aae8-4497-a886-be853502c08c;;LineBisection;2026-05-18 09:49:25.2015;Controllers;1;OpenXR
Left;;Baseline;0;NoMitigation;None;anonymous;Sample;397;0.0000;-0.0171;0.0036;0.0006;0.8848;0.3771;0.7933;-0.0171;0.0036;0.0006;0.9999;0.0077;0.0032;0.0069;0;0.1082;-1.7141;-0.0132;0.0000;341.8270;0.0000;0.0000;0.0000;0.0000;0.0000;0.0000;0.0000;0;0.0000;0.0000;0.0000;0.0000;0.0000;0.0000;ControllerBody;0.0000;0.0000;1.0000;0.0000;0.0000;0.0000;1.0000;0.0000;0.0000;0.0000;-0.1412;-0.0150;0.3658;347.7812;349.0300;358.8759;-0.1370;-0.0143;0.3661;346.2784;350.6913;358.2264;0;-0.1370;-0.0143;0.3661;346.2784;350.6913;358.2264;ControllerBody;fc9c2bd3-aae8-4497-a886-be853502c08c;;LineBisection;2026-05-18 09:49:25.2345;Controllers;1;OpenXR
Left;;Baseline;0;NoMitigation;None;anonymous;Sample;399;0.0000;-0.0168;0.0036;0.0008;0.9944;0.3160;0.7396;-0.0168;0.0036;0.0008;0.9999;0.0087;0.0027;0.0064;0;0.1082;-1.7141;-0.0132;0.0000;341.8270;0.0000;0.0000;0.0000;0.0000;0.0000;0.0000;0.0000;0;0.0000;0.0000;0.0000;0.0000;0.0000;0.0000;ControllerBody;0.0000;0.0000;1.0000;0.0000;0.0000;0.0000;1.0000;0.0000;0.0000;0.0000;-0.1410;-0.0146;0.3664;346.6693;349.5070;358.8972;-0.1378;-0.0117;0.3639;344.4326;349.9565;359.1094;0;-0.1378;-0.0117;0.3639;344.4326;349.9565;359.1094;ControllerBody;fc9c2bd3-aae8-4497-a886-be853502c08c;;LineBisection;2026-05-18 09:49:25.2684;Controllers;1;OpenXR
Left;;Baseline;0;NoMitigation;None;anonymous;Sample;401;0.0000;-0.0165;0.0034;0.0011;1.1098;0.2863;0.7164;-0.0165;0.0034;0.0011;0.9999;0.0097;0.0024;0.0062;0;0.1082;-1.7141;-0.0132;0.0000;341.8270;0.0000;0.0000;0.0000;0.0000;0.0000;0.0000;0.0000;0;0.0000;0.0000;0.0000;0.0000;0.0000;0.0000;ControllerBody;0.0000;0.0000;1.0000;0.0000;0.0000;0.0000;1.0000;0.0000;0.0000;0.0000;-0.1409;-0.0142;0.3666;346.0247;349.4106;359.0664;-0.1390;-0.0111;0.3625;344.4815;349.0993;359.4875;0;-0.1390;-0.0111;0.3625;344.4815;349.0993;359.4875;ControllerBody;fc9c2bd3-aae8-4497-a886-be853502c08c;;LineBisection;2026-05-18 09:49:25.3018;Controllers;1;OpenXR
Left;;Baseline;0;NoMitigation;None;anonymous;Sample;403;0.0000;-0.0165;0.0033;0.0015;1.1577;0.3821;0.7139;-0.0165;0.0033;0.0015;0.9999;0.0101;0.0033;0.0062;0;0.1082;-1.7141;-0.0132;0.0000;341.8270;0.0000;0.0000;0.0000;0.0000;0.0000;0.0000;0.0000;0;0.0000;0.0000;0.0000;0.0000;0.0000;0.0000;ControllerBody;0.0000;0.0000;1.0000;0.0000;0.0000;0.0000;1.0000;0.0000;0.0000;0.0000;-0.1408;-0.0138;0.3668;345.7342;349.5152;359.0086;-0.1368;-0.0105;0.3626;344.5953;350.2388;358.5307;0;-0.1368;-0.0105;0.3626;344.5953;350.2388;358.5307;ControllerBody;fc9c2bd3-aae8-4497-a886-be853502c08c;;LineBisection;2026-05-18 09:49:25.3353;Controllers;1;OpenXR
Left;;Baseline;0;NoMitigation;None;anonymous;Sample;405;0.0000;-0.0166;0.0032;0.0016;1.2095;0.4805;0.7757;-0.0166;0.0032;0.0016;0.9999;0.0106;0.0041;0.0067;0;0.1082;-1.7141;-0.0132;0.0000;341.8270;0.0000;0.0000;0.0000;0.0000;0.0000;0.0000;0.0000;0;0.0000;0.0000;0.0000;0.0000;0.0000;0.0000;ControllerBody;0.0000;0.0000;1.0000;0.0000;0.0000;0.0000;1.0000;0.0000;0.0000;0.0000;-0.1405;-0.0133;0.3671;345.4903;349.6594;358.8753;-0.1364;-0.0105;0.3628;344.4840;350.1735;358.3543;0;-0.1364;-0.0105;0.3628;344.4840;350.1735;358.3543;ControllerBody;fc9c2bd3-aae8-4497-a886-be853502c08c;;LineBisection;2026-05-18 09:49:25.3688;Controllers;1;OpenXR
Left;;Baseline;0;NoMitigation;None;anonymous;Sample;407;0.0000;-0.0166;0.0031;0.0017;1.1776;0.4240;0.9021;-0.0166;0.0031;0.0017;0.9999;0.0103;0.0036;0.0078;0;0.1082;-1.7141;-0.0132;0.0000;341.8270;0.0000;0.0000;0.0000;0.0000;0.0000;0.0000;0.0000;0;0.0000;0.0000;0.0000;0.0000;0.0000;0.0000;ControllerBody;0.0000;0.0000;1.0000;0.0000;0.0000;0.0000;1.0000;0.0000;0.0000;0.0000;-0.1403;-0.0131;0.3673;345.3523;349.7336;358.8022;-0.1366;-0.0115;0.3631;344.6122;350.1619;358.4027;0;-0.1366;-0.0115;0.3631;344.6122;350.1619;358.4027;ControllerBody;fc9c2bd3-aae8-4497-a886-be853502c08c;;LineBisection;2026-05-18 09:49:25.4013;Controllers;1;OpenXR
Left;;Baseline;0;NoMitigation;None;anonymous;Sample;409;0.0000;-0.0166;0.0031;0.0019;1.1947;0.4607;0.9522;-0.0166;0.0031;0.0019;0.9999;0.0105;0.0039;0.0083;0;0.1082;-1.7141;-0.0132;0.0000;341.8270;0.0000;0.0000;0.0000;0.0000;0.0000;0.0000;0.0000;0;0.0000;0.0000;0.0000;0.0000;0.0000;0.0000;ControllerBody;0.0000;0.0000;1.0000;0.0000;0.0000;0.0000;1.0000;0.0000;0.0000;0.0000;-0.1402;-0.0129;0.3675;345.2740;349.7659;358.7632;-0.1372;-0.0129;0.3633;344.6393;349.9425;358.4814;0;-0.1372;-0.0129;0.3633;344.6393;349.9425;358.4814;ControllerBody;fc9c2bd3-aae8-4497-a886-be853502c08c;;LineBisection;2026-05-18 09:49:25.4343;Controllers;1;OpenXR
Left;;Baseline;0;NoMitigation;None;anonymous;Sample;411;0.0000;-0.0167;0.0032;0.0018;1.2340;0.4890;0.8504;-0.0167;0.0032;0.0018;0.9999;0.0108;0.0042;0.0074;0;0.1082;-1.7141;-0.0132;0.0000;341.8270;0.0000;0.0000;0.0000;0.0000;0.0000;0.0000;0.0000;0;0.0000;0.0000;0.0000;0.0000;0.0000;0.0000;ControllerBody;0.0000;0.0000;1.0000;0.0000;0.0000;0.0000;1.0000;0.0000;0.0000;0.0000;-0.1402;-0.0129;0.3676;345.1430;349.7441;358.7449;-0.1372;-0.0147;0.3633;344.2594;349.6551;358.6539;0;-0.1372;-0.0147;0.3633;344.2594;349.6551;358.6539;ControllerBody;fc9c2bd3-aae8-4497-a886-be853502c08c;;LineBisection;2026-05-18 09:49:25.4686;Controllers;1;OpenXR
Left;;Baseline;0;NoMitigation;None;anonymous;Sample;413;0.0000;-0.0168;0.0032;0.0015;1.1268;0.3731;0.8509;-0.0168;0.0032;0.0015;0.9999;0.0099;0.0032;0.0074;0;0.1082;-1.7141;-0.0132;0.0000;341.8270;0.0000;0.0000;0.0000;0.0000;0.0000;0.0000;0.0000;0;0.0000;0.0000;0.0000;0.0000;0.0000;0.0000;ControllerBody;0.0000;0.0000;1.0000;0.0000;0.0000;0.0000;1.0000;0.0000;0.0000;0.0000;-0.1401;-0.0131;0.3678;345.1293;349.7296;358.7411;-0.1375;-0.0190;0.3644;345.4060;349.5013;358.6124;0;-0.1375;-0.0190;0.3644;345.4060;349.5013;358.6124;ControllerBody;fc9c2bd3-aae8-4497-a886-be853502c08c;;LineBisection;2026-05-18 09:49:25.5021;Controllers;1;OpenXR
Left;;Baseline;0;NoMitigation;None;anonymous;Sample;415;0.0000;-0.0168;0.0031;0.0015;1.0564;0.2449;1.0845;-0.0168;0.0031;0.0015;0.9999;0.0092;0.0021;0.0094;0;0.1082;-1.7141;-0.0132;0.0000;341.8270;0.0000;0.0000;0.0000;0.0000;0.0000;0.0000;0.0000;0;0.0000;0.0000;0.0000;0.0000;0.0000;0.0000;ControllerBody;0.0000;0.0000;1.0000;0.0000;0.0000;0.0000;1.0000;0.0000;0.0000;0.0000;-0.1401;-0.0139;0.3682;345.6678;349.2133;358.3293;-0.1391;-0.0239;0.3641;347.0503;347.8511;357.1392;0;-0.1391;-0.0239;0.3641;347.0503;347.8511;357.1392;ControllerBody;fc9c2bd3-aae8-4497-a886-be853502c08c;;LineBisection;2026-05-18 09:49:25.5356;Controllers;1;OpenXR
Left;;Baseline;0;NoMitigation;None;anonymous;Sample;417;0.0000;-0.0169;0.0031;0.0015;1.0576;0.3434;1.0315;-0.0169;0.0031;0.0015;0.9999;0.0093;0.0029;0.0090;0;0.1082;-1.7141;-0.0132;0.0000;341.8270;0.0000;0.0000;0.0000;0.0000;0.0000;0.0000;0.0000;0;0.0000;0.0000;0.0000;0.0000;0.0000;0.0000;ControllerBody;0.0000;0.0000;1.0000;0.0000;0.0000;0.0000;1.0000;0.0000;0.0000;0.0000;-0.1403;-0.0157;0.3686;347.6842;347.5159;355.9385;-0.1397;-0.0288;0.3648;349.4650;346.0208;353.6304;0;-0.1397;-0.0288;0.3648;349.4650;346.0208;353.6304;ControllerBody;fc9c2bd3-aae8-4497-a886-be853502c08c;;LineBisection;2026-05-18 09:49:25.5698;Controllers;1;OpenXR
Left;;Baseline;0;NoMitigation;None;anonymous;Sample;419;0.0000;-0.0170;0.0031;0.0016;1.0589;0.4223;0.8776;-0.0170;0.0031;0.0016;0.9999;0.0093;0.0036;0.0076;0;0.1082;-1.7141;-0.0132;0.0000;341.8270;0.0000;0.0000;0.0000;0.0000;0.0000;0.0000;0.0000;0;0.0000;0.0000;0.0000;0.0000;0.0000;0.0000;ControllerBody;0.0000;0.0000;1.0000;0.0000;0.0000;0.0000;1.0000;0.0000;0.0000;0.0000;-0.1402;-0.0189;0.3700;350.7722;347.1521;353.5263;-0.1373;-0.0348;0.3692;353.5862;347.3115;351.6639;0;-0.1373;-0.0348;0.3692;353.5862;347.3115;351.6639;ControllerBody;fc9c2bd3-aae8-4497-a886-be853502c08c;;LineBisection;2026-05-18 09:49:25.6033;Controllers;1;OpenXR
Left;;Baseline;0;NoMitigation;None;anonymous;Sample;421;0.0000;-0.0169;0.0033;0.0017;1.2019;0.3700;0.8905;-0.0169;0.0033;0.0017;0.9999;0.0105;0.0031;0.0077;0;0.1082;-1.7141;-0.0132;0.0000;341.8270;0.0000;0.0000;0.0000;0.0000;0.0000;0.0000;0.0000;0;0.0000;0.0000;0.0000;0.0000;0.0000;0.0000;ControllerBody;0.0000;0.0000;1.0000;0.0000;0.0000;0.0000;1.0000;0.0000;0.0000;0.0000;-0.1397;-0.0240;0.3722;354.9558;347.3899;351.0347;-0.1364;-0.0422;0.3727;358.0435;347.2745;349.1985;0;-0.1364;-0.0422;0.3727;358.0435;347.2745;349.1985;ControllerBody;fc9c2bd3-aae8-4497-a886-be853502c08c;;LineBisection;2026-05-18 09:49:25.6363;Controllers;1;OpenXR
Left;;Baseline;0;NoMitigation;None;anonymous;Sample;423;0.0000;-0.0167;0.0030;0.0018;1.1321;0.3790;0.8988;-0.0167;0.0030;0.0018;0.9999;0.0099;0.0032;0.0078;0;0.1082;-1.7141;-0.0132;0.0000;341.8270;0.0000;0.0000;0.0000;0.0000;0.0000;0.0000;0.0000;0;0.0000;0.0000;0.0000;0.0000;0.0000;0.0000;ControllerBody;0.0000;0.0000;1.0000;0.0000;0.0000;0.0000;1.0000;0.0000;0.0000;0.0000;-0.1393;-0.0297;0.3746;358.1923;347.0455;349.2102;-0.1364;-0.0476;0.3750;0.9842;346.7359;347.7944;0;-0.1364;-0.0476;0.3750;0.9842;346.7359;347.7944;ControllerBody;fc9c2bd3-aae8-4497-a886-be853502c08c;;LineBisection;2026-05-18 09:49:25.6693;Controllers;1;OpenXR
Left;;Baseline;0;NoMitigation;None;anonymous;Sample;425;0.0000;-0.0167;0.0028;0.0020;1.1052;0.4989;0.9330;-0.0167;0.0028;0.0020;0.9999;0.0097;0.0043;0.0081;0;0.1082;-1.7141;-0.0132;0.0000;341.8270;0.0000;0.0000;0.0000;0.0000;0.0000;0.0000;0.0000;0;0.0000;0.0000;0.0000;0.0000;0.0000;0.0000;ControllerBody;0.0000;0.0000;1.0000;0.0000;0.0000;0.0000;1.0000;0.0000;0.0000;0.0000;-0.1388;-0.0342;0.3767;359.7697;347.3899;349.0180;-0.1356;-0.0499;0.3767;2.1787;348.1441;349.1375;0;-0.1356;-0.0499;0.3767;2.1787;348.1441;349.1375;ControllerBody;fc9c2bd3-aae8-4497-a886-be853502c08c;;LineBisection;2026-05-18 09:49:25.7038;Controllers;1;OpenXR
Left;;Baseline;0;NoMitigation;None;anonymous;Sample;427;0.0000;-0.0167;0.0027;0.0020;1.2630;0.5892;1.0079;-0.0167;0.0027;0.0020;0.9999;0.0111;0.0050;0.0087;0;0.1082;-1.7141;-0.0132;0.0000;341.8270;0.0000;0.0000;0.0000;0.0000;0.0000;0.0000;0.0000;0;0.0000;0.0000;0.0000;0.0000;0.0000;0.0000;ControllerBody;0.0000;0.0000;1.0000;0.0000;0.0000;0.0000;1.0000;0.0000;0.0000;0.0000;-0.1384;-0.0373;0.3780;0.3640;347.7389;349.1222;-0.1353;-0.0502;0.3763;1.5594;348.4901;349.3044;0;-0.1353;-0.0502;0.3763;1.5594;348.4901;349.3044;ControllerBody;fc9c2bd3-aae8-4497-a886-be853502c08c;;LineBisection;2026-05-18 09:49:25.7368;Controllers;1;OpenXR
Left;;Baseline;0;NoMitigation;None;anonymous;Sample;429;0.0000;-0.0165;0.0026;0.0021;1.2698;0.5511;0.9753;-0.0165;0.0026;0.0021;0.9999;0.0111;0.0047;0.0085;0;0.1082;-1.7141;-0.0132;0.0000;341.8270;0.0000;0.0000;0.0000;0.0000;0.0000;0.0000;0.0000;0;0.0000;0.0000;0.0000;0.0000;0.0000;0.0000;ControllerBody;0.0000;0.0000;1.0000;0.0000;0.0000;0.0000;1.0000;0.0000;0.0000;0.0000;-0.1383;-0.0399;0.3790;1.0188;347.6673;348.9366;-0.1363;-0.0530;0.3763;3.0423;347.3170;348.2491;0;-0.1363;-0.0530;0.3763;3.0423;347.3170;348.2491;ControllerBody;fc9c2bd3-aae8-4497-a886-be853502c08c;;LineBisection;2026-05-18 09:49:25.7705;Controllers;1;OpenXR
Left;;Baseline;0;NoMitigation;None;anonymous;Sample;431;0.0000;-0.0163;0.0025;0.0022;1.2060;0.5197;0.8912;-0.0163;0.0025;0.0022;0.9999;0.0106;0.0045;0.0077;0;0.1082;-1.7141;-0.0132;0.0000;341.8270;0.0000;0.0000;0.0000;0.0000;0.0000;0.0000;0.0000;0;0.0000;0.0000;0.0000;0.0000;0.0000;0.0000;ControllerBody;0.0000;0.0000;1.0000;0.0000;0.0000;0.0000;1.0000;0.0000;0.0000;0.0000;-0.1381;-0.0424;0.3799;1.9434;347.5486;348.4989;-0.1350;-0.0545;0.3776;3.6940;347.4400;347.6104;0;-0.1350;-0.0545;0.3776;3.6940;347.4400;347.6104;ControllerBody;fc9c2bd3-aae8-4497-a886-be853502c08c;;LineBisection;2026-05-18 09:49:25.8028;Controllers;1;OpenXR
Left;;Baseline;0;NoMitigation;None;anonymous;Sample;433;0.0000;-0.0162;0.0025;0.0020;1.1717;0.5966;0.9237;-0.0162;0.0025;0.0020;0.9999;0.0103;0.0051;0.0080;0;0.1082;-1.7141;-0.0132;0.0000;341.8270;0.0000;0.0000;0.0000;0.0000;0.0000;0.0000;0.0000;0;0.0000;0.0000;0.0000;0.0000;0.0000;0.0000;ControllerBody;0.0000;0.0000;1.0000;0.0000;0.0000;0.0000;1.0000;0.0000;0.0000;0.0000;-0.1376;-0.0440;0.3807;1.9082;347.8671;348.7831;-0.1329;-0.0527;0.3781;1.3382;349.0943;350.2007;0;-0.1329;-0.0527;0.3781;1.3382;349.0943;350.2007;ControllerBody;fc9c2bd3-aae8-4497-a886-be853502c08c;;LineBisection;2026-05-18 09:49:25.8361;Controllers;1;OpenXR
Left;;Baseline;0;NoMitigation;None;anonymous;Sample;435;0.0000;-0.0161;0.0025;0.0020;1.1334;0.6438;0.9495;-0.0161;0.0025;0.0020;0.9999;0.0099;0.0055;0.0082;0;0.1082;-1.7141;-0.0132;0.0000;341.8270;0.0000;0.0000;0.0000;0.0000;0.0000;0.0000;0.0000;0;0.0000;0.0000;0.0000;0.0000;0.0000;0.0000;ControllerBody;0.0000;0.0000;1.0000;0.0000;0.0000;0.0000;1.0000;0.0000;0.0000;0.0000;-0.1373;-0.0445;0.3810;359.1383;349.6432;352.6252;-0.1325;-0.0480;0.3767;356.9497;350.7847;355.3987;0;-0.1325;-0.0480;0.3767;356.9497;350.7847;355.3987;ControllerBody;fc9c2bd3-aae8-4497-a886-be853502c08c;;LineBisection;2026-05-18 09:49:25.8703;Controllers;1;OpenXR
Left;;Baseline;0;NoMitigation;None;anonymous;Sample;437;0.0000;-0.0161;0.0025;0.0020;1.2075;0.6459;0.9092;-0.0161;0.0025;0.0020;0.9999;0.0106;0.0056;0.0079;0;0.1082;-1.7141;-0.0132;0.0000;341.8270;0.0000;0.0000;0.0000;0.0000;0.0000;0.0000;0.0000;0;0.0000;0.0000;0.0000;0.0000;0.0000;0.0000;ControllerBody;0.0000;0.0000;1.0000;0.0000;0.0000;0.0000;1.0000;0.0000;0.0000;0.0000;-0.1371;-0.0444;0.3811;355.2220;350.9897;355.8898;-0.1324;-0.0423;0.3741;352.4224;351.6526;357.6924;0;-0.1324;-0.0423;0.3741;352.4224;351.6526;357.6924;ControllerBody;fc9c2bd3-aae8-4497-a886-be853502c08c;;LineBisection;2026-05-18 09:49:25.9038;Controllers;1;OpenXR
Left;;Baseline;0;NoMitigation;None;anonymous;Sample;439;0.0000;-0.0160;0.0023;0.0019;1.1169;0.6458;0.8287;-0.0160;0.0023;0.0019;0.9999;0.0098;0.0056;0.0072;0;0.1082;-1.7141;-0.0132;0.0000;341.8270;0.0000;0.0000;0.0000;0.0000;0.0000;0.0000;0.0000;0;0.0000;0.0000;0.0000;0.0000;0.0000;0.0000;ControllerBody;0.0000;0.0000;1.0000;0.0000;0.0000;0.0000;1.0000;0.0000;0.0000;0.0000;-0.1370;-0.0443;0.3811;354.5966;351.0696;356.1823;-0.1334;-0.0447;0.3735;354.2073;350.7871;356.0216;0;-0.1334;-0.0447;0.3735;354.2073;350.7871;356.0216;ControllerBody;fc9c2bd3-aae8-4497-a886-be853502c08c;;LineBisection;2026-05-18 09:49:25.9368;Controllers;1;OpenXR
Left;;Baseline;0;NoMitigation;None;anonymous;Sample;441;0.0000;-0.0160;0.0022;0.0018;1.1162;0.6455;0.8442;-0.0160;0.0022;0.0018;0.9999;0.0098;0.0056;0.0073;0;0.1082;-1.7141;-0.0132;0.0000;341.8270;0.0000;0.0000;0.0000;0.0000;0.0000;0.0000;0.0000;0;0.0000;0.0000;0.0000;0.0000;0.0000;0.0000;ControllerBody;0.0000;0.0000;1.0000;0.0000;0.0000;0.0000;1.0000;0.0000;0.0000;0.0000;-0.1369;-0.0444;0.3811;355.6689;350.4762;355.1290;-0.1341;-0.0487;0.3748;357.5514;349.4004;353.2393;0;-0.1341;-0.0487;0.3748;357.5514;349.4004;353.2393;ControllerBody;fc9c2bd3-aae8-4497-a886-be853502c08c;;LineBisection;2026-05-18 09:49:25.9699;Controllers;1;OpenXR
Left;;Baseline;0;NoMitigation;None;anonymous;Sample;443;0.0000;-0.0159;0.0023;0.0020;1.1000;0.6443;0.9468;-0.0159;0.0023;0.0020;0.9999;0.0096;0.0055;0.0082;0;0.1082;-1.7141;-0.0132;0.0000;341.8270;0.0000;0.0000;0.0000;0.0000;0.0000;0.0000;0.0000;0;0.0000;0.0000;0.0000;0.0000;0.0000;0.0000;ControllerBody;0.0000;0.0000;1.0000;0.0000;0.0000;0.0000;1.0000;0.0000;0.0000;0.0000;-0.1368;-0.0446;0.3812;356.2187;349.9563;354.1818;-0.1332;-0.0468;0.3742;356.5309;348.9406;352.5413;0;-0.1332;-0.0468;0.3742;356.5309;348.9406;352.5413;ControllerBody;fc9c2bd3-aae8-4497-a886-be853502c08c;;LineBisection;2026-05-18 09:49:26.0029;Controllers;1;OpenXR
Left;;Baseline;0;NoMitigation;None;anonymous;Sample;445;0.0000;-0.0158;0.0025;0.0023;1.1547;0.6839;0.9097;-0.0158;0.0025;0.0023;0.9999;0.0101;0.0059;0.0079;0;0.1082;-1.7141;-0.0132;0.0000;341.8270;0.0000;0.0000;0.0000;0.0000;0.0000;0.0000;0.0000;0;0.0000;0.0000;0.0000;0.0000;0.0000;0.0000;ControllerBody;0.0000;0.0000;1.0000;0.0000;0.0000;0.0000;1.0000;0.0000;0.0000;0.0000;-0.1367;-0.0444;0.3811;355.1765;349.4101;353.9493;-0.1334;-0.0417;0.3715;352.9470;348.4787;353.8892;0;-0.1334;-0.0417;0.3715;352.9470;348.4787;353.8892;ControllerBody;fc9c2bd3-aae8-4497-a886-be853502c08c;;LineBisection;2026-05-18 09:49:26.0371;Controllers;1;OpenXR
Left;;Baseline;0;NoMitigation;None;anonymous;Sample;447;0.0000;-0.0157;0.0025;0.0024;1.3089;0.7332;0.7720;-0.0157;0.0025;0.0024;0.9999;0.0115;0.0063;0.0067;0;0.1082;-1.7141;-0.0132;0.0000;341.8270;0.0000;0.0000;0.0000;0.0000;0.0000;0.0000;0.0000;0;0.0000;0.0000;0.0000;0.0000;0.0000;0.0000;ControllerBody;0.0000;0.0000;1.0000;0.0000;0.0000;0.0000;1.0000;0.0000;0.0000;0.0000;-0.1366;-0.0440;0.3808;353.5689;349.2626;354.6415;-0.1335;-0.0391;0.3696;351.0440;349.1597;355.9010;0;-0.1335;-0.0391;0.3696;351.0440;349.1597;355.9010;ControllerBody;fc9c2bd3-aae8-4497-a886-be853502c08c;;LineBisection;2026-05-18 09:49:26.0706;Controllers;1;OpenXR
Left;;Baseline;0;NoMitigation;None;anonymous;Sample;449;0.0000;-0.0157;0.0023;0.0022;1.2445;0.7202;0.7361;-0.0157;0.0023;0.0022;0.9999;0.0109;0.0062;0.0064;0;0.1082;-1.7141;-0.0132;0.0000;341.8270;0.0000;0.0000;0.0000;0.0000;0.0000;0.0000;0.0000;0;0.0000;0.0000;0.0000;0.0000;0.0000;0.0000;ControllerBody;0.0000;0.0000;1.0000;0.0000;0.0000;0.0000;1.0000;0.0000;0.0000;0.0000;-0.1365;-0.0431;0.3802;351.7533;349.1606;355.6504;-0.1341;-0.0373;0.3680;349.5181;348.9966;356.9605;0;-0.1341;-0.0373;0.3680;349.5181;348.9966;356.9605;ControllerBody;fc9c2bd3-aae8-4497-a886-be853502c08c;;LineBisection;2026-05-18 09:49:26.1038;Controllers;1;OpenXR
Left;;Baseline;0;NoMitigation;None;anonymous;Sample;451;0.0000;-0.0155;0.0022;0.0021;1.2411;0.6824;0.8598;-0.0155;0.0022;0.0021;0.9999;0.0109;0.0059;0.0074;0;0.1082;-1.7141;-0.0132;0.0000;341.8270;0.0000;0.0000;0.0000;0.0000;0.0000;0.0000;0.0000;0;0.0000;0.0000;0.0000;0.0000;0.0000;0.0000;ControllerBody;0.0000;0.0000;1.0000;0.0000;0.0000;0.0000;1.0000;0.0000;0.0000;0.0000;-0.1363;-0.0427;0.3799;351.5980;349.2881;355.8075;-0.1323;-0.0405;0.3704;351.9375;350.1393;355.9441;0;-0.1323;-0.0405;0.3704;351.9375;350.1393;355.9441;ControllerBody;fc9c2bd3-aae8-4497-a886-be853502c08c;;LineBisection;2026-05-18 09:49:26.1359;Controllers;1;OpenXR
Left;;Baseline;0;NoMitigation;None;anonymous;Sample;453;0.0000;-0.0155;0.0021;0.0021;1.1947;0.7485;0.8908;-0.0155;0.0021;0.0021;0.9999;0.0105;0.0065;0.0077;0;0.1082;-1.7141;-0.0132;0.0000;341.8270;0.0000;0.0000;0.0000;0.0000;0.0000;0.0000;0.0000;0;0.0000;0.0000;0.0000;0.0000;0.0000;0.0000;ControllerBody;0.0000;0.0000;1.0000;0.0000;0.0000;0.0000;1.0000;0.0000;0.0000;0.0000;-0.1361;-0.0427;0.3799;352.4522;349.4280;355.0652;-0.1306;-0.0436;0.3734;354.3078;349.5556;353.2797;0;-0.1306;-0.0436;0.3734;354.3078;349.5556;353.2797;ControllerBody;fc9c2bd3-aae8-4497-a886-be853502c08c;;LineBisection;2026-05-18 09:49:26.1704;Controllers;1;OpenXR
Left;;Baseline;0;NoMitigation;None;anonymous;Sample;455;0.0000;-0.0154;0.0022;0.0021;1.2296;0.8337;0.7707;-0.0154;0.0022;0.0021;0.9999;0.0108;0.0072;0.0066;0;0.1082;-1.7141;-0.0132;0.0000;341.8270;0.0000;0.0000;0.0000;0.0000;0.0000;0.0000;0.0000;0;0.0000;0.0000;0.0000;0.0000;0.0000;0.0000;ControllerBody;0.0000;0.0000;1.0000;0.0000;0.0000;0.0000;1.0000;0.0000;0.0000;0.0000;-0.1354;-0.0429;0.3803;354.1561;349.9350;353.3471;-0.1269;-0.0464;0.3769;356.3408;350.6699;351.2825;0;-0.1269;-0.0464;0.3769;356.3408;350.6699;351.2825;ControllerBody;fc9c2bd3-aae8-4497-a886-be853502c08c;;LineBisection;2026-05-18 09:49:26.2038;Controllers;1;OpenXR
Left;;Baseline;0;NoMitigation;None;anonymous;Sample;457;0.0000;-0.0154;0.0022;0.0020;1.2980;0.7325;0.6967;-0.0154;0.0022;0.0020;0.9999;0.0114;0.0063;0.0060;0;0.1082;-1.7141;-0.0132;0.0000;341.8270;0.0000;0.0000;0.0000;0.0000;0.0000;0.0000;0.0000;0;0.0000;0.0000;0.0000;0.0000;0.0000;0.0000;ControllerBody;0.0000;0.0000;1.0000;0.0000;0.0000;0.0000;1.0000;0.0000;0.0000;0.0000;-0.1342;-0.0440;0.3813;356.7897;350.7286;352.2731;-0.1251;-0.0512;0.3806;359.6634;351.5317;351.4473;0;-0.1251;-0.0512;0.3806;359.6634;351.5317;351.4473;ControllerBody;fc9c2bd3-aae8-4497-a886-be853502c08c;;LineBisection;2026-05-18 09:49:26.2372;Controllers;1;OpenXR
Left;;Baseline;0;NoMitigation;None;anonymous;Sample;459;0.0000;-0.0154;0.0021;0.0023;1.2054;0.6513;0.8665;-0.0154;0.0021;0.0023;0.9999;0.0106;0.0056;0.0075;0;0.1082;-1.7141;-0.0132;0.0000;341.8270;0.0000;0.0000;0.0000;0.0000;0.0000;0.0000;0.0000;0;0.0000;0.0000;0.0000;0.0000;0.0000;0.0000;ControllerBody;0.0000;0.0000;1.0000;0.0000;0.0000;0.0000;1.0000;0.0000;0.0000;0.0000;-0.1330;-0.0452;0.3824;358.0175;350.8336;351.9040;-0.1251;-0.0526;0.3810;359.9769;350.7688;351.3695;0;-0.1251;-0.0526;0.3810;359.9769;350.7688;351.3695;ControllerBody;fc9c2bd3-aae8-4497-a886-be853502c08c;;LineBisection;2026-05-18 09:49:26.2693;Controllers;1;OpenXR
Left;;Baseline;0;NoMitigation;None;anonymous;Sample;461;0.0000;-0.0153;0.0021;0.0023;1.1737;0.8500;0.8940;-0.0153;0.0021;0.0023;0.9999;0.0103;0.0073;0.0077;0;0.1082;-1.7141;-0.0132;0.0000;341.8270;0.0000;0.0000;0.0000;0.0000;0.0000;0.0000;0.0000;0;0.0000;0.0000;0.0000;0.0000;0.0000;0.0000;ControllerBody;0.0000;0.0000;1.0000;0.0000;0.0000;0.0000;1.0000;0.0000;0.0000;0.0000;-0.1320;-0.0460;0.3832;358.2084;350.9126;351.9329;-0.1233;-0.0507;0.3813;358.7047;351.7567;352.2581;0;-0.1233;-0.0507;0.3813;358.7047;351.7567;352.2581;ControllerBody;fc9c2bd3-aae8-4497-a886-be853502c08c;;LineBisection;2026-05-18 09:49:26.3037;Controllers;1;OpenXR
Left;;Baseline;0;NoMitigation;None;anonymous;Sample;463;0.0000;-0.0152;0.0022;0.0024;1.1846;0.9710;0.8018;-0.0152;0.0022;0.0024;0.9999;0.0104;0.0084;0.0069;0;0.1082;-1.7141;-0.0132;0.0000;341.8270;0.0000;0.0000;0.0000;0.0000;0.0000;0.0000;0.0000;0;0.0000;0.0000;0.0000;0.0000;0.0000;0.0000;ControllerBody;0.0000;0.0000;1.0000;0.0000;0.0000;0.0000;1.0000;0.0000;0.0000;0.0000;-0.1307;-0.0465;0.3841;358.1933;351.0676;351.6187;-0.1206;-0.0499;0.3827;358.0848;351.6032;350.0672;0;-0.1206;-0.0499;0.3827;358.0848;351.6032;350.0672;ControllerBody;fc9c2bd3-aae8-4497-a886-be853502c08c;;LineBisection;2026-05-18 09:49:26.3359;Controllers;1;OpenXR
Left;;Baseline;0;NoMitigation;None;anonymous;Sample;465;0.0000;-0.0150;0.0022;0.0025;1.2018;0.8667;0.6965;-0.0150;0.0022;0.0025;0.9999;0.0105;0.0075;0.0060;0;0.1082;-1.7141;-0.0132;0.0000;341.8270;0.0000;0.0000;0.0000;0.0000;0.0000;0.0000;0.0000;0;0.0000;0.0000;0.0000;0.0000;0.0000;0.0000;ControllerBody;0.0000;0.0000;1.0000;0.0000;0.0000;0.0000;1.0000;0.0000;0.0000;0.0000;-0.1291;-0.0468;0.3851;358.2644;351.3412;350.9880;-0.1185;-0.0484;0.3841;358.6173;352.1615;349.3723;0;-0.1185;-0.0484;0.3841;358.6173;352.1615;349.3723;ControllerBody;fc9c2bd3-aae8-4497-a886-be853502c08c;;LineBisection;2026-05-18 09:49:26.3705;Controllers;1;OpenXR
Left;;Baseline;0;NoMitigation;None;anonymous;Sample;467;0.0000;-0.0147;0.0021;0.0027;1.2011;0.7983;0.6989;-0.0147;0.0021;0.0027;0.9999;0.0105;0.0069;0.0060;0;0.1082;-1.7141;-0.0132;0.0000;341.8270;0.0000;0.0000;0.0000;0.0000;0.0000;0.0000;0.0000;0;0.0000;0.0000;0.0000;0.0000;0.0000;0.0000;ControllerBody;0.0000;0.0000;1.0000;0.0000;0.0000;0.0000;1.0000;0.0000;0.0000;0.0000;-0.1274;-0.0469;0.3863;358.6378;351.7542;350.2312;-0.1161;-0.0471;0.3864;359.5562;352.6362;348.5160;0;-0.1161;-0.0471;0.3864;359.5562;352.6362;348.5160;ControllerBody;fc9c2bd3-aae8-4497-a886-be853502c08c;;LineBisection;2026-05-18 09:49:26.4026;Controllers;1;OpenXR
Left;;Baseline;0;NoMitigation;None;anonymous;Sample;469;0.0000;-0.0146;0.0022;0.0028;1.2500;0.9752;0.6925;-0.0146;0.0022;0.0028;0.9999;0.0110;0.0084;0.0059;0;0.1082;-1.7141;-0.0132;0.0000;341.8270;0.0000;0.0000;0.0000;0.0000;0.0000;0.0000;0.0000;0;0.0000;0.0000;0.0000;0.0000;0.0000;0.0000;ControllerBody;0.0000;0.0000;1.0000;0.0000;0.0000;0.0000;1.0000;0.0000;0.0000;0.0000;-0.1260;-0.0466;0.3872;358.5489;351.6400;349.6414;-0.1167;-0.0434;0.3852;357.6286;351.2322;348.0863;0;-0.1167;-0.0434;0.3852;357.6286;351.2322;348.0863;ControllerBody;fc9c2bd3-aae8-4497-a886-be853502c08c;;LineBisection;2026-05-18 09:49:26.4372;Controllers;1;OpenXR
Left;;Baseline;0;NoMitigation;None;anonymous;Sample;471;0.0000;-0.0145;0.0023;0.0029;1.3545;1.0823;0.6961;-0.0145;0.0023;0.0029;0.9999;0.0119;0.0094;0.0060;0;0.1082;-1.7141;-0.0132;0.0000;341.8270;0.0000;0.0000;0.0000;0.0000;0.0000;0.0000;0.0000;0;0.0000;0.0000;0.0000;0.0000;0.0000;0.0000;ControllerBody;0.0000;0.0000;1.0000;0.0000;0.0000;0.0000;1.0000;0.0000;0.0000;0.0000;-0.1250;-0.0459;0.3878;358.2742;351.5381;349.4313;-0.1160;-0.0414;0.3837;357.3183;351.7039;349.0935;1;-0.1160;-0.0414;0.3837;357.3183;351.7039;349.0935;ControllerBody;fc9c2bd3-aae8-4497-a886-be853502c08c;;LineBisection;2026-05-18 09:49:26.4702;Controllers;1;OpenXR
Left;;Baseline;0;NoMitigation;None;anonymous;Sample;473;0.0000;-0.0144;0.0021;0.0030;1.2513;1.0279;0.5940;-0.0144;0.0021;0.0030;0.9999;0.0110;0.0089;0.0051;0;0.1082;-1.7141;-0.0132;0.0000;341.8270;0.0000;0.0000;0.0000;0.0000;0.0000;0.0000;0.0000;0;0.0000;0.0000;0.0000;0.0000;0.0000;0.0000;ControllerBody;0.0000;0.0000;1.0000;0.0000;0.0000;0.0000;1.0000;0.0000;0.0000;0.0000;-0.1239;-0.0450;0.3882;357.8109;351.5297;349.3427;-0.1152;-0.0388;0.3837;356.2166;351.2075;348.9252;1;-0.1152;-0.0388;0.3837;356.2166;351.2075;348.9252;ControllerBody;fc9c2bd3-aae8-4497-a886-be853502c08c;;LineBisection;2026-05-18 09:49:26.5037;Controllers;1;OpenXR
Left;;Baseline;0;NoMitigation;None;anonymous;Sample;475;0.0000;-0.0143;0.0018;0.0032;1.1887;0.9310;0.6149;-0.0143;0.0018;0.0032;0.9999;0.0104;0.0081;0.0053;0;0.1082;-1.7141;-0.0132;0.0000;341.8270;0.0000;0.0000;0.0000;0.0000;0.0000;0.0000;0.0000;0;0.0000;0.0000;0.0000;0.0000;0.0000;0.0000;ControllerBody;0.0000;0.0000;1.0000;0.0000;0.0000;0.0000;1.0000;0.0000;0.0000;0.0000;-0.1226;-0.0441;0.3889;357.6632;351.5239;349.2207;-0.1132;-0.0385;0.3869;357.2705;351.7671;348.5012;1;-0.1132;-0.0385;0.3869;357.2705;351.7671;348.5012;ControllerBody;fc9c2bd3-aae8-4497-a886-be853502c08c;;LineBisection;2026-05-18 09:49:26.5368;Controllers;1;OpenXR
Left;;Baseline;0;NoMitigation;None;anonymous;Sample;477;0.0000;-0.0142;0.0017;0.0034;1.3042;0.9939;0.7308;-0.0142;0.0017;0.0034;0.9999;0.0114;0.0086;0.0063;0;0.1082;-1.7141;-0.0132;0.0000;341.8270;0.0000;0.0000;0.0000;0.0000;0.0000;0.0000;0.0000;0;0.0000;0.0000;0.0000;0.0000;0.0000;0.0000;ControllerBody;0.0000;0.0000;1.0000;0.0000;0.0000;0.0000;1.0000;0.0000;0.0000;0.0000;-0.1209;-0.0433;0.3901;357.8159;351.8141;348.9612;-0.1097;-0.0399;0.3893;358.5100;352.9248;347.9013;1;-0.1097;-0.0399;0.3893;358.5100;352.9248;347.9013;ControllerBody;fc9c2bd3-aae8-4497-a886-be853502c08c;;LineBisection;2026-05-18 09:49:26.5701;Controllers;1;OpenXR
Left;;Baseline;0;NoMitigation;None;anonymous;Sample;479;0.0000;-0.0141;0.0018;0.0037;1.4370;1.1259;0.7781;-0.0141;0.0018;0.0037;0.9999;0.0126;0.0097;0.0067;0;0.1082;-1.7141;-0.0132;0.0000;341.8270;0.0000;0.0000;0.0000;0.0000;0.0000;0.0000;0.0000;0;0.0000;0.0000;0.0000;0.0000;0.0000;0.0000;ControllerBody;0.0000;0.0000;1.0000;0.0000;0.0000;0.0000;1.0000;0.0000;0.0000;0.0000;-0.1196;-0.0430;0.3909;357.9700;352.0653;348.6661;-0.1087;-0.0405;0.3898;358.6375;353.1151;347.6003;0;-0.1087;-0.0405;0.3898;358.6375;353.1151;347.6003;ControllerBody;fc9c2bd3-aae8-4497-a886-be853502c08c;;LineBisection;2026-05-18 09:49:26.5961;Controllers;1;OpenXR
Left;;Baseline;0;NoMitigation;None;anonymous;Sample;480;0.0000;-0.0140;0.0018;0.0037;1.3874;1.1642;0.7727;-0.0140;0.0018;0.0037;0.9999;0.0122;0.0101;0.0066;0;0.1082;-1.7141;-0.0132;0.0000;341.8270;0.0000;0.0000;0.0000;0.0000;0.0000;0.0000;0.0000;0;0.0000;0.0000;0.0000;0.0000;0.0000;0.0000;ControllerBody;0.0000;0.0000;1.0000;0.0000;0.0000;0.0000;1.0000;0.0000;0.0000;0.0000;-0.1189;-0.0427;0.3914;357.9782;352.0869;348.6660;-0.1103;-0.0403;0.3895;358.1426;352.5163;348.6657;0;-0.1103;-0.0403;0.3895;358.1426;352.5163;348.6657;ControllerBody;fc9c2bd3-aae8-4497-a886-be853502c08c;;LineBisection;2026-05-18 09:49:26.6202;Controllers;1;OpenXR
Left;;Baseline;0;NoMitigation;None;anonymous;Sample;482;0.0000;-0.0136;0.0017;0.0038;1.3886;1.2782;0.6028;-0.0136;0.0017;0.0038;0.9999;0.0122;0.0111;0.0051;0;0.1082;-1.7141;-0.0132;0.0000;341.8270;0.0000;0.0000;0.0000;0.0000;0.0000;0.0000;0.0000;0;0.0000;0.0000;0.0000;0.0000;0.0000;0.0000;ControllerBody;0.0000;0.0000;1.0000;0.0000;0.0000;0.0000;1.0000;0.0000;0.0000;0.0000;-0.1179;-0.0423;0.3920;357.7471;352.1802;349.0201;-0.1092;-0.0385;0.3885;356.6155;352.5585;350.2182;0;-0.1092;-0.0385;0.3885;356.6155;352.5585;350.2182;ControllerBody;fc9c2bd3-aae8-4497-a886-be853502c08c;;LineBisection;2026-05-18 09:49:26.6543;Controllers;1;OpenXR
Left;;Baseline;0;NoMitigation;None;anonymous;Sample;484;0.0000;-0.0132;0.0016;0.0036;1.4398;1.2132;0.5459;-0.0132;0.0016;0.0036;0.9999;0.0126;0.0105;0.0046;0;0.1082;-1.7141;-0.0132;0.0000;341.8270;0.0000;0.0000;0.0000;0.0000;0.0000;0.0000;0.0000;0;0.0000;0.0000;0.0000;0.0000;0.0000;0.0000;ControllerBody;0.0000;0.0000;1.0000;0.0000;0.0000;0.0000;1.0000;0.0000;0.0000;0.0000;-0.1170;-0.0417;0.3923;357.1949;352.3907;349.4487;-0.1085;-0.0375;0.3876;355.8723;352.9188;350.4894;0;-0.1085;-0.0375;0.3876;355.8723;352.9188;350.4894;ControllerBody;fc9c2bd3-aae8-4497-a886-be853502c08c;;LineBisection;2026-05-18 09:49:26.6877;Controllers;1;OpenXR
Left;;Baseline;0;NoMitigation;None;anonymous;Sample;486;0.0000;-0.0127;0.0015;0.0036;1.3781;1.2860;0.5810;-0.0127;0.0015;0.0036;0.9999;0.0121;0.0112;0.0049;0;0.1082;-1.7141;-0.0132;0.0000;341.8270;0.0000;0.0000;0.0000;0.0000;0.0000;0.0000;0.0000;0;0.0000;0.0000;0.0000;0.0000;0.0000;0.0000;ControllerBody;0.0000;0.0000;1.0000;0.0000;0.0000;0.0000;1.0000;0.0000;0.0000;0.0000;-0.1165;-0.0413;0.3925;356.9808;352.2643;349.8450;-0.1108;-0.0384;0.3864;356.5206;351.5749;351.0833;0;-0.1108;-0.0384;0.3864;356.5206;351.5749;351.0833;ControllerBody;fc9c2bd3-aae8-4497-a886-be853502c08c;;LineBisection;2026-05-18 09:49:26.7209;Controllers;1;OpenXR
Left;;Baseline;0;NoMitigation;None;anonymous;Sample;488;0.0000;-0.0121;0.0012;0.0041;1.3321;1.6157;0.5060;-0.0121;0.0012;0.0041;0.9998;0.0117;0.0140;0.0043;0;0.1082;-1.7141;-0.0132;0.0000;341.8270;0.0000;0.0000;0.0000;0.0000;0.0000;0.0000;0.0000;0;0.0000;0.0000;0.0000;0.0000;0.0000;0.0000;ControllerBody;0.0000;0.0000;1.0000;0.0000;0.0000;0.0000;1.0000;0.0000;0.0000;0.0000;-0.1164;-0.0413;0.3924;357.0910;351.4897;350.1193;-0.1140;-0.0395;0.3843;357.5887;349.0066;350.5801;0;-0.1140;-0.0395;0.3843;357.5887;349.0066;350.5801;ControllerBody;fc9c2bd3-aae8-4497-a886-be853502c08c;;LineBisection;2026-05-18 09:49:26.7469;Controllers;1;OpenXR
Left;;Baseline;0;NoMitigation;None;anonymous;Sample;489;0.0000;-0.0119;0.0013;0.0043;1.4771;1.7342;0.4318;-0.0119;0.0013;0.0043;0.9998;0.0129;0.0151;0.0036;0;0.1082;-1.7141;-0.0132;0.0000;341.8270;0.0000;0.0000;0.0000;0.0000;0.0000;0.0000;0.0000;0;0.0000;0.0000;0.0000;0.0000;0.0000;0.0000;ControllerBody;0.0000;0.0000;1.0000;0.0000;0.0000;0.0000;1.0000;0.0000;0.0000;0.0000;-0.1165;-0.0413;0.3924;357.8583;349.8735;350.0388;-0.1156;-0.0409;0.3836;359.0002;347.4565;349.8782;0;-0.1156;-0.0409;0.3836;359.0002;347.4565;349.8782;ControllerBody;fc9c2bd3-aae8-4497-a886-be853502c08c;;LineBisection;2026-05-18 09:49:26.7708;Controllers;1;OpenXR
Left;;Baseline;0;NoMitigation;None;anonymous;Sample;491;0.0000;-0.0105;0.0012;0.0050;1.6685;2.0203;0.4263;-0.0105;0.0012;0.0050;0.9997;0.0146;0.0176;0.0035;0;0.1082;-1.7141;-0.0132;0.0000;341.8270;0.0000;0.0000;0.0000;0.0000;0.0000;0.0000;0.0000;0;0.0000;0.0000;0.0000;0.0000;0.0000;0.0000;ControllerBody;0.0000;0.0000;1.0000;0.0000;0.0000;0.0000;1.0000;0.0000;0.0000;0.0000;-0.1173;-0.0417;0.3920;1.2498;344.1892;349.3561;-0.1256;-0.0465;0.3793;3.8025;339.7078;348.5290;0;-0.1256;-0.0465;0.3793;3.8025;339.7078;348.5290;ControllerBody;fc9c2bd3-aae8-4497-a886-be853502c08c;;LineBisection;2026-05-18 09:49:26.7970;Controllers;1;OpenXR
Left;;Baseline;0;NoMitigation;None;anonymous;Sample;492;0.0000;-0.0100;0.0010;0.0052;1.7718;2.1621;0.5520;-0.0100;0.0010;0.0052;0.9997;0.0155;0.0188;0.0045;0;0.1082;-1.7141;-0.0132;0.0000;341.8270;0.0000;0.0000;0.0000;0.0000;0.0000;0.0000;0.0000;0;0.0000;0.0000;0.0000;0.0000;0.0000;0.0000;ControllerBody;0.0000;0.0000;1.0000;0.0000;0.0000;0.0000;1.0000;0.0000;0.0000;0.0000;-0.1189;-0.0424;0.3911;3.2141;340.7164;348.5295;-0.1275;-0.0473;0.3778;4.5967;338.1912;347.8594;0;-0.1275;-0.0473;0.3778;4.5967;338.1912;347.8594;ControllerBody;fc9c2bd3-aae8-4497-a886-be853502c08c;;LineBisection;2026-05-18 09:49:26.8210;Controllers;1;OpenXR
Left;;Baseline;0;NoMitigation;None;anonymous;Sample;494;0.0000;-0.0091;0.0006;0.0059;1.9990;2.9211;0.5677;-0.0091;0.0006;0.0059;0.9995;0.0176;0.0254;0.0045;0;0.1082;-1.7141;-0.0132;0.0000;341.8270;0.0000;0.0000;0.0000;0.0000;0.0000;0.0000;0.0000;0;0.0000;0.0000;0.0000;0.0000;0.0000;0.0000;ControllerBody;0.0000;0.0000;1.0000;0.0000;0.0000;0.0000;1.0000;0.0000;0.0000;0.0000;-0.1213;-0.0435;0.3895;4.3250;338.2679;347.5705;-0.1286;-0.0470;0.3757;4.9305;336.3260;346.4464;0;-0.1286;-0.0470;0.3757;4.9305;336.3260;346.4464;ControllerBody;fc9c2bd3-aae8-4497-a886-be853502c08c;;LineBisection;2026-05-18 09:49:26.8546;Controllers;1;OpenXR
Left;;Baseline;0;NoMitigation;None;anonymous;Sample;496;0.0000;-0.0082;0.0001;0.0068;2.3227;3.8539;0.6099;-0.0082;0.0001;0.0068;0.9992;0.0204;0.0335;0.0046;0;0.1082;-1.7141;-0.0132;0.0000;341.8270;0.0000;0.0000;0.0000;0.0000;0.0000;0.0000;0.0000;0;0.0000;0.0000;0.0000;0.0000;0.0000;0.0000;ControllerBody;0.0000;0.0000;1.0000;0.0000;0.0000;0.0000;1.0000;0.0000;0.0000;0.0000;-0.1223;-0.0438;0.3887;4.3159;338.0186;347.2763;-0.1257;-0.0447;0.3759;3.6292;338.1049;346.6722;0;-0.1257;-0.0447;0.3759;3.6292;338.1049;346.6722;ControllerBody;fc9c2bd3-aae8-4497-a886-be853502c08c;;LineBisection;2026-05-18 09:49:26.8873;Controllers;1;OpenXR
Left;;Baseline;0;NoMitigation;None;anonymous;Sample;498;0.0000;-0.0075;-0.0004;0.0076;2.6653;4.7126;0.7941;-0.0075;-0.0004;0.0076;0.9989;0.0235;0.0409;0.0060;0;0.1082;-1.7141;-0.0132;0.0000;341.8270;0.0000;0.0000;0.0000;0.0000;0.0000;0.0000;0.0000;0;0.0000;0.0000;0.0000;0.0000;0.0000;0.0000;ControllerBody;0.0000;0.0000;1.0000;0.0000;0.0000;0.0000;1.0000;0.0000;0.0000;0.0000;-0.1226;-0.0438;0.3883;4.1192;338.2518;347.2996;-0.1245;-0.0441;0.3760;3.1603;339.1867;347.5580;0;-0.1245;-0.0441;0.3760;3.1603;339.1867;347.5580;ControllerBody;fc9c2bd3-aae8-4497-a886-be853502c08c;;LineBisection;2026-05-18 09:49:26.9143;Controllers;1;OpenXR
Left;;Baseline;0;NoMitigation;None;anonymous;Sample;499;0.0000;-0.0076;-0.0005;0.0082;2.8539;5.4805;1.2167;-0.0076;-0.0005;0.0082;0.9985;0.0254;0.0475;0.0094;0;0.1082;-1.7141;-0.0132;0.0000;341.8270;0.0000;0.0000;0.0000;0.0000;0.0000;0.0000;0.0000;0;0.0000;0.0000;0.0000;0.0000;0.0000;0.0000;ControllerBody;0.0000;0.0000;1.0000;0.0000;0.0000;0.0000;1.0000;0.0000;0.0000;0.0000;-0.1230;-0.0439;0.3879;4.0689;338.3396;347.2957;-0.1252;-0.0451;0.3760;3.6068;338.7551;347.1819;0;-0.1252;-0.0451;0.3760;3.6068;338.7551;347.1819;ControllerBody;fc9c2bd3-aae8-4497-a886-be853502c08c;;LineBisection;2026-05-18 09:49:26.9372;Controllers;1;OpenXR
Left;;Baseline;0;NoMitigation;None;anonymous;Sample;501;0.0000;-0.0084;-0.0009;0.0094;3.4277;7.6771;1.9532;-0.0084;-0.0009;0.0094;0.9972;0.0310;0.0664;0.0150;0;0.1082;-1.7141;-0.0132;0.0000;341.8270;0.0000;0.0000;0.0000;0.0000;0.0000;0.0000;0.0000;0;0.0000;0.0000;0.0000;0.0000;0.0000;0.0000;ControllerBody;0.0000;0.0000;1.0000;0.0000;0.0000;0.0000;1.0000;0.0000;0.0000;0.0000;-0.1234;-0.0442;0.3875;4.0813;338.3069;347.2724;-0.1266;-0.0469;0.3751;4.3683;337.6478;346.9928;0;-0.1266;-0.0469;0.3751;4.3683;337.6478;346.9928;ControllerBody;fc9c2bd3-aae8-4497-a886-be853502c08c;;LineBisection;2026-05-18 09:49:26.9638;Controllers;1;OpenXR
Left;;Baseline;0;NoMitigation;None;anonymous;Sample;503;0.0000;-0.0084;-0.0013;0.0102;3.4541;8.6334;2.1354;-0.0084;-0.0013;0.0102;0.9966;0.0314;0.0747;0.0163;0;0.1082;-1.7141;-0.0132;0.0000;341.8270;0.0000;0.0000;0.0000;0.0000;0.0000;0.0000;0.0000;0;0.0000;0.0000;0.0000;0.0000;0.0000;0.0000;ControllerBody;0.0000;0.0000;1.0000;0.0000;0.0000;0.0000;1.0000;0.0000;0.0000;0.0000;-0.1241;-0.0445;0.3868;4.0366;338.1927;347.3786;-0.1259;-0.0461;0.3748;3.5868;337.7606;348.1276;0;-0.1259;-0.0461;0.3748;3.5868;337.7606;348.1276;ControllerBody;fc9c2bd3-aae8-4497-a886-be853502c08c;;LineBisection;2026-05-18 09:49:27.0039;Controllers;1;OpenXR
Left;;Baseline;0;NoMitigation;None;anonymous;Sample;505;0.0000;-0.0083;-0.0018;0.0108;3.6155;9.4902;1.9959;-0.0083;-0.0018;0.0108;0.9960;0.0329;0.0821;0.0147;0;0.1082;-1.7141;-0.0132;0.0000;341.8270;0.0000;0.0000;0.0000;0.0000;0.0000;0.0000;0.0000;0;0.0000;0.0000;0.0000;0.0000;0.0000;0.0000;ControllerBody;0.0000;0.0000;1.0000;0.0000;0.0000;0.0000;1.0000;0.0000;0.0000;0.0000;-0.1242;-0.0445;0.3866;3.7742;338.2863;347.6486;-0.1236;-0.0444;0.3753;2.4964;338.7955;348.8766;0;-0.1236;-0.0444;0.3753;2.4964;338.7955;348.8766;ControllerBody;fc9c2bd3-aae8-4497-a886-be853502c08c;;LineBisection;2026-05-18 09:49:27.0300;Controllers;1;OpenXR
Left;;Baseline;0;NoMitigation;None;anonymous;Sample;506;0.0000;-0.0083;-0.0019;0.0109;3.5782;8.9386;1.5855;-0.0083;-0.0019;0.0109;0.9964;0.0322;0.0774;0.0114;0;0.1082;-1.7141;-0.0132;0.0000;341.8270;0.0000;0.0000;0.0000;0.0000;0.0000;0.0000;0.0000;0;0.0000;0.0000;0.0000;0.0000;0.0000;0.0000;ControllerBody;0.0000;0.0000;1.0000;0.0000;0.0000;0.0000;1.0000;0.0000;0.0000;0.0000;-0.1243;-0.0445;0.3865;3.3568;338.5814;347.9672;-0.1225;-0.0437;0.3759;1.9889;339.4899;348.9825;0;-0.1225;-0.0437;0.3759;1.9889;339.4899;348.9825;ControllerBody;fc9c2bd3-aae8-4497-a886-be853502c08c;;LineBisection;2026-05-18 09:49:27.0540;Controllers;1;OpenXR
Left;;Baseline;0;NoMitigation;None;anonymous;Sample;508;0.0000;-0.0071;-0.0021;0.0112;3.5368;8.1405;1.1795;-0.0071;-0.0021;0.0112;0.9970;0.0315;0.0706;0.0081;0;0.1082;-1.7141;-0.0132;0.0000;341.8270;0.0000;0.0000;0.0000;0.0000;0.0000;0.0000;0.0000;0;0.0000;0.0000;0.0000;0.0000;0.0000;0.0000;ControllerBody;0.0000;0.0000;1.0000;0.0000;0.0000;0.0000;1.0000;0.0000;0.0000;0.0000;-0.1242;-0.0444;0.3863;2.5505;339.1577;348.2443;-0.1199;-0.0424;0.3767;0.8253;340.4327;348.5714;0;-0.1199;-0.0424;0.3767;0.8253;340.4327;348.5714;ControllerBody;fc9c2bd3-aae8-4497-a886-be853502c08c;;LineBisection;2026-05-18 09:49:27.0861;Controllers;1;OpenXR
Left;;Baseline;0;NoMitigation;None;anonymous;Sample;510;0.0000;-0.0067;-0.0018;0.0112;3.6632;8.1374;1.1605;-0.0067;-0.0018;0.0112;0.9969;0.0326;0.0706;0.0078;0;0.1082;-1.7141;-0.0132;0.0000;341.8270;0.0000;0.0000;0.0000;0.0000;0.0000;0.0000;0.0000;0;0.0000;0.0000;0.0000;0.0000;0.0000;0.0000;ControllerBody;0.0000;0.0000;1.0000;0.0000;0.0000;0.0000;1.0000;0.0000;0.0000;0.0000;-0.1242;-0.0444;0.3862;2.3776;339.2329;348.2120;-0.1205;-0.0437;0.3765;1.6651;339.3694;347.9074;0;-0.1205;-0.0437;0.3765;1.6651;339.3694;347.9074;ControllerBody;fc9c2bd3-aae8-4497-a886-be853502c08c;;LineBisection;2026-05-18 09:49:27.1198;Controllers;1;OpenXR
Left;;Baseline;0;NoMitigation;None;anonymous;Sample;512;0.0000;-0.0064;-0.0016;0.0112;3.5326;8.4586;1.0498;-0.0064;-0.0016;0.0112;0.9968;0.0314;0.0734;0.0069;0;0.1082;-1.7141;-0.0132;0.0000;341.8270;0.0000;0.0000;0.0000;0.0000;0.0000;0.0000;0.0000;0;0.0000;0.0000;0.0000;0.0000;0.0000;0.0000;ControllerBody;0.0000;0.0000;1.0000;0.0000;0.0000;0.0000;1.0000;0.0000;0.0000;0.0000;-0.1241;-0.0444;0.3862;2.3370;339.2292;348.1511;-0.1199;-0.0444;0.3771;1.9886;339.3497;347.5585;0;-0.1199;-0.0444;0.3771;1.9886;339.3497;347.5585;ControllerBody;fc9c2bd3-aae8-4497-a886-be853502c08c;;LineBisection;2026-05-18 09:49:27.1532;Controllers;1;OpenXR
Left;;Baseline;0;NoMitigation;None;anonymous;Sample;514;0.0000;-0.0061;-0.0015;0.0109;3.4464;8.5386;0.7193;-0.0061;-0.0015;0.0109;0.9968;0.0305;0.0742;0.0040;0;0.1082;-1.7141;-0.0132;0.0000;341.8270;0.0000;0.0000;0.0000;0.0000;0.0000;0.0000;0.0000;0;0.0000;0.0000;0.0000;0.0000;0.0000;0.0000;ControllerBody;0.0000;0.0000;1.0000;0.0000;0.0000;0.0000;1.0000;0.0000;0.0000;0.0000;-0.1240;-0.0443;0.3859;1.9039;339.2471;347.9680;-0.1185;-0.0423;0.3746;0.1493;339.3211;347.3732;1;-0.1185;-0.0423;0.3746;0.1493;339.3211;347.3732;ControllerBody;fc9c2bd3-aae8-4497-a886-be853502c08c;;LineBisection;2026-05-18 09:49:27.1863;Controllers;1;OpenXR
Left;;Baseline;0;NoMitigation;None;anonymous;Sample;516;0.0000;-0.0054;-0.0013;0.0107;3.3886;8.1303;0.4442;-0.0054;-0.0013;0.0107;0.9970;0.0298;0.0707;0.0018;0;0.1082;-1.7141;-0.0132;0.0000;341.8270;0.0000;0.0000;0.0000;0.0000;0.0000;0.0000;0.0000;0;0.0000;0.0000;0.0000;0.0000;0.0000;0.0000;ControllerBody;0.0000;0.0000;1.0000;0.0000;0.0000;0.0000;1.0000;0.0000;0.0000;0.0000;-0.1237;-0.0439;0.3855;0.4870;339.4447;348.0923;-0.1182;-0.0400;0.3735;358.1833;339.9365;348.6057;1;-0.1182;-0.0400;0.3735;358.1833;339.9365;348.6057;ControllerBody;fc9c2bd3-aae8-4497-a886-be853502c08c;;LineBisection;2026-05-18 09:49:27.2200;Controllers;1;OpenXR
Left;;Baseline;0;NoMitigation;None;anonymous;Sample;518;0.0000;-0.0048;-0.0013;0.0103;3.3314;7.7882;0.0241;-0.0048;-0.0013;0.0103;0.9973;0.0290;0.0679;-0.0018;0;0.1082;-1.7141;-0.0132;0.0000;341.8270;0.0000;0.0000;0.0000;0.0000;0.0000;0.0000;0.0000;0;0.0000;0.0000;0.0000;0.0000;0.0000;0.0000;ControllerBody;0.0000;0.0000;1.0000;0.0000;0.0000;0.0000;1.0000;0.0000;0.0000;0.0000;-0.1236;-0.0437;0.3852;359.7979;339.6469;348.7420;-0.1194;-0.0406;0.3747;358.5223;340.1144;350.3026;1;-0.1194;-0.0406;0.3747;358.5223;340.1144;350.3026;ControllerBody;fc9c2bd3-aae8-4497-a886-be853502c08c;;LineBisection;2026-05-18 09:49:27.2543;Controllers;1;OpenXR
Left;;Baseline;0;NoMitigation;None;anonymous;Sample;520;0.0000;-0.0045;-0.0013;0.0101;3.2243;7.7282;359.8744;-0.0045;-0.0013;0.0101;0.9973;0.0280;0.0674;-0.0030;0;0.1082;-1.7141;-0.0132;0.0000;341.8270;0.0000;0.0000;0.0000;0.0000;0.0000;0.0000;0.0000;0;0.0000;0.0000;0.0000;0.0000;0.0000;0.0000;ControllerBody;0.0000;0.0000;1.0000;0.0000;0.0000;0.0000;1.0000;0.0000;0.0000;0.0000;-0.1234;-0.0435;0.3850;359.3704;339.9660;349.1341;-0.1185;-0.0402;0.3758;358.2461;340.9470;349.9347;1;-0.1185;-0.0402;0.3758;358.2461;340.9470;349.9347;ControllerBody;fc9c2bd3-aae8-4497-a886-be853502c08c;;LineBisection;2026-05-18 09:49:27.2875;Controllers;1;OpenXR
Left;;Baseline;0;NoMitigation;None;anonymous;Sample;522;0.0000;-0.0046;-0.0011;0.0100;3.2056;7.6761;359.9417;-0.0046;-0.0011;0.0100;0.9974;0.0279;0.0669;-0.0024;0;0.1082;-1.7141;-0.0132;0.0000;341.8270;0.0000;0.0000;0.0000;0.0000;0.0000;0.0000;0.0000;0;0.0000;0.0000;0.0000;0.0000;0.0000;0.0000;ControllerBody;0.0000;0.0000;1.0000;0.0000;0.0000;0.0000;1.0000;0.0000;0.0000;0.0000;-0.1233;-0.0433;0.3849;359.1772;340.1494;349.0989;-0.1179;-0.0398;0.3764;358.4023;340.9301;348.6110;1;-0.1179;-0.0398;0.3764;358.4023;340.9301;348.6110;ControllerBody;fc9c2bd3-aae8-4497-a886-be853502c08c;;LineBisection;2026-05-18 09:49:27.3205;Controllers;1;OpenXR
Left;;Baseline;0;NoMitigation;None;anonymous;Sample;524;0.0000;-0.0048;-0.0011;0.0099;3.1176;7.6255;0.0872;-0.0048;-0.0011;0.0099;0.9974;0.0272;0.0665;-0.0011;0;0.1082;-1.7141;-0.0132;0.0000;341.8270;0.0000;0.0000;0.0000;0.0000;0.0000;0.0000;0.0000;0;0.0000;0.0000;0.0000;0.0000;0.0000;0.0000;ControllerBody;0.0000;0.0000;1.0000;0.0000;0.0000;0.0000;1.0000;0.0000;0.0000;0.0000;-0.1231;-0.0430;0.3849;359.0465;340.4133;348.8350;-0.1173;-0.0398;0.3770;358.6713;341.4675;347.8018;0;-0.1173;-0.0398;0.3770;358.6713;341.4675;347.8018;ControllerBody;fc9c2bd3-aae8-4497-a886-be853502c08c;;LineBisection;2026-05-18 09:49:27.3544;Controllers;1;OpenXR
Left;;Baseline;0;NoMitigation;None;anonymous;Sample;526;0.0000;-0.0051;-0.0012;0.0096;3.0466;7.3945;0.1021;-0.0051;-0.0012;0.0096;0.9976;0.0266;0.0644;-0.0008;0;0.1082;-1.7141;-0.0132;0.0000;341.8270;0.0000;0.0000;0.0000;0.0000;0.0000;0.0000;0.0000;0;0.0000;0.0000;0.0000;0.0000;0.0000;0.0000;ControllerBody;0.0000;0.0000;1.0000;0.0000;0.0000;0.0000;1.0000;0.0000;0.0000;0.0000;-0.1229;-0.0429;0.3849;359.0066;340.8105;348.6714;-0.1175;-0.0398;0.3781;358.9425;342.3650;348.4178;0;-0.1175;-0.0398;0.3781;358.9425;342.3650;348.4178;ControllerBody;fc9c2bd3-aae8-4497-a886-be853502c08c;;LineBisection;2026-05-18 09:49:27.3877;Controllers;1;OpenXR
Left;;Baseline;0;NoMitigation;None;anonymous;Sample;528;0.0000;-0.0053;-0.0013;0.0094;2.9389;7.0670;0.0253;-0.0053;-0.0013;0.0094;0.9978;0.0256;0.0616;-0.0014;0;0.1082;-1.7141;-0.0132;0.0000;341.8270;0.0000;0.0000;0.0000;0.0000;0.0000;0.0000;0.0000;0;0.0000;0.0000;0.0000;0.0000;0.0000;0.0000;ControllerBody;0.0000;0.0000;1.0000;0.0000;0.0000;0.0000;1.0000;0.0000;0.0000;0.0000;-0.1226;-0.0424;0.3849;358.5630;341.5442;348.7456;-0.1163;-0.0367;0.3774;357.1394;343.1815;348.8308;0;-0.1163;-0.0367;0.3774;357.1394;343.1815;348.8308;ControllerBody;fc9c2bd3-aae8-4497-a886-be853502c08c;;LineBisection;2026-05-18 09:49:27.4199;Controllers;1;OpenXR
Left;;Baseline;0;NoMitigation;None;anonymous;Sample;530;0.0000;-0.0058;-0.0013;0.0094;3.0901;6.9515;359.9379;-0.0058;-0.0013;0.0094;0.9978;0.0269;0.0606;-0.0022;0;0.1082;-1.7141;-0.0132;0.0000;341.8270;0.0000;0.0000;0.0000;0.0000;0.0000;0.0000;0.0000;0;0.0000;0.0000;0.0000;0.0000;0.0000;0.0000;ControllerBody;0.0000;0.0000;1.0000;0.0000;0.0000;0.0000;1.0000;0.0000;0.0000;0.0000;-0.1218;-0.0412;0.3848;357.1487;342.6344;348.3015;-0.1136;-0.0323;0.3767;355.0233;344.2150;347.3647;0;-0.1136;-0.0323;0.3767;355.0233;344.2150;347.3647;ControllerBody;fc9c2bd3-aae8-4497-a886-be853502c08c;;LineBisection;2026-05-18 09:49:27.4546;Controllers;1;OpenXR
Left;;Baseline;0;NoMitigation;None;anonymous;Sample;532;0.0000;-0.0065;-0.0014;0.0092;2.9275;6.9552;0.0293;-0.0065;-0.0014;0.0092;0.9978;0.0255;0.0606;-0.0013;0;0.1082;-1.7141;-0.0132;0.0000;341.8270;0.0000;0.0000;0.0000;0.0000;0.0000;0.0000;0.0000;0;0.0000;0.0000;0.0000;0.0000;0.0000;0.0000;ControllerBody;0.0000;0.0000;1.0000;0.0000;0.0000;0.0000;1.0000;0.0000;0.0000;0.0000;-0.1204;-0.0390;0.3845;355.6874;343.5008;347.2678;-0.1110;-0.0278;0.3759;353.7137;344.6329;345.6086;0;-0.1110;-0.0278;0.3759;353.7137;344.6329;345.6086;ControllerBody;fc9c2bd3-aae8-4497-a886-be853502c08c;;LineBisection;2026-05-18 09:49:27.4872;Controllers;1;OpenXR
Left;;Baseline;0;NoMitigation;None;anonymous;Sample;534;0.0000;-0.0071;-0.0018;0.0092;2.6783;6.9350;0.1188;-0.0071;-0.0018;0.0092;0.9979;0.0234;0.0604;-0.0004;0;0.1082;-1.7141;-0.0132;0.0000;341.8270;0.0000;0.0000;0.0000;0.0000;0.0000;0.0000;0.0000;0;0.0000;0.0000;0.0000;0.0000;0.0000;0.0000;ControllerBody;0.0000;0.0000;1.0000;0.0000;0.0000;0.0000;1.0000;0.0000;0.0000;0.0000;-0.1179;-0.0349;0.3839;353.5912;344.4343;345.2144;-0.1061;-0.0197;0.3743;351.3477;345.4563;342.8614;0;-0.1061;-0.0197;0.3743;351.3477;345.4563;342.8614;ControllerBody;fc9c2bd3-aae8-4497-a886-be853502c08c;;LineBisection;2026-05-18 09:49:27.5202;Controllers;1;OpenXR
Left;;Baseline;0;NoMitigation;None;anonymous;Sample;536;0.0000;-0.0076;-0.0018;0.0093;2.8774;6.9101;0.2287;-0.0076;-0.0018;0.0093;0.9979;0.0252;0.0602;0.0005;0;0.1082;-1.7141;-0.0132;0.0000;341.8270;0.0000;0.0000;0.0000;0.0000;0.0000;0.0000;0.0000;0;0.0000;0.0000;0.0000;0.0000;0.0000;0.0000;ControllerBody;0.0000;0.0000;1.0000;0.0000;0.0000;0.0000;1.0000;0.0000;0.0000;0.0000;-0.1141;-0.0283;0.3825;350.9204;344.6749;341.4158;-0.1016;-0.0107;0.3707;349.1281;344.5590;338.3967;0;-0.1016;-0.0107;0.3707;349.1281;344.5590;338.3967;ControllerBody;fc9c2bd3-aae8-4497-a886-be853502c08c;;LineBisection;2026-05-18 09:49:27.5540;Controllers;1;OpenXR
Left;;Baseline;0;NoMitigation;None;anonymous;Sample;538;0.0000;-0.0083;-0.0021;0.0097;2.8533;6.8618;0.5170;-0.0083;-0.0021;0.0097;0.9979;0.0251;0.0597;0.0030;0;0.1082;-1.7141;-0.0132;0.0000;341.8270;0.0000;0.0000;0.0000;0.0000;0.0000;0.0000;0.0000;0;0.0000;0.0000;0.0000;0.0000;0.0000;0.0000;ControllerBody;0.0000;0.0000;1.0000;0.0000;0.0000;0.0000;1.0000;0.0000;0.0000;0.0000;-0.1116;-0.0223;0.3802;350.6736;340.5804;335.7415;-0.1024;-0.0056;0.3657;350.4402;338.2051;333.0880;0;-0.1024;-0.0056;0.3657;350.4402;338.2051;333.0880;ControllerBody;fc9c2bd3-aae8-4497-a886-be853502c08c;;LineBisection;2026-05-18 09:49:27.5871;Controllers;1;OpenXR
Left;;Baseline;0;NoMitigation;None;anonymous;Sample;540;0.0000;-0.0091;-0.0027;0.0096;2.3465;6.9027;1.4419;-0.0091;-0.0027;0.0096;0.9979;0.0212;0.0599;0.0113;0;0.1082;-1.7141;-0.0132;0.0000;341.8270;0.0000;0.0000;0.0000;0.0000;0.0000;0.0000;0.0000;0;0.0000;0.0000;0.0000;0.0000;0.0000;0.0000;ControllerBody;0.0000;0.0000;1.0000;0.0000;0.0000;0.0000;1.0000;0.0000;0.0000;0.0000;-0.1082;-0.0140;0.3763;349.0736;337.3686;332.6563;-0.0954;0.0061;0.3598;347.1433;335.6385;330.5982;0;-0.0954;0.0061;0.3598;347.1433;335.6385;330.5982;ControllerBody;fc9c2bd3-aae8-4497-a886-be853502c08c;;LineBisection;2026-05-18 09:49:27.6216;Controllers;1;OpenXR
Left;;Baseline;0;NoMitigation;None;anonymous;Sample;542;0.0000;-0.0104;-0.0029;0.0094;2.0322;7.1041;2.1332;-0.0104;-0.0029;0.0094;0.9978;0.0188;0.0616;0.0175;0;0.1082;-1.7141;-0.0132;0.0000;341.8270;0.0000;0.0000;0.0000;0.0000;0.0000;0.0000;0.0000;0;0.0000;0.0000;0.0000;0.0000;0.0000;0.0000;ControllerBody;0.0000;0.0000;1.0000;0.0000;0.0000;0.0000;1.0000;0.0000;0.0000;0.0000;-0.1007;-0.0015;0.3720;345.6961;338.1184;329.0160;-0.0821;0.0201;0.3579;343.6139;340.1478;326.4177;0;-0.0821;0.0201;0.3579;343.6139;340.1478;326.4177;ControllerBody;fc9c2bd3-aae8-4497-a886-be853502c08c;;LineBisection;2026-05-18 09:49:27.6544;Controllers;1;OpenXR
Left;;Baseline;0;NoMitigation;None;anonymous;Sample;544;0.0000;-0.0117;-0.0031;0.0094;1.9187;7.2909;2.1383;-0.0117;-0.0031;0.0094;0.9977;0.0179;0.0633;0.0176;0;0.1082;-1.7141;-0.0132;0.0000;341.8270;0.0000;0.0000;0.0000;0.0000;0.0000;0.0000;0.0000;0;0.0000;0.0000;0.0000;0.0000;0.0000;0.0000;ControllerBody;0.0000;0.0000;1.0000;0.0000;0.0000;0.0000;1.0000;0.0000;0.0000;0.0000;-0.0921;0.0098;0.3687;344.8715;340.0029;327.0895;-0.0739;0.0295;0.3552;344.0101;341.4601;324.7406;0;-0.0739;0.0295;0.3552;344.0101;341.4601;324.7406;ControllerBody;fc9c2bd3-aae8-4497-a886-be853502c08c;;LineBisection;2026-05-18 09:49:27.6871;Controllers;1;OpenXR
Left;;Baseline;0;NoMitigation;None;anonymous;Sample;546;0.0000;-0.0133;-0.0031;0.0093;1.9981;7.2558;1.7243;-0.0133;-0.0031;0.0093;0.9977;0.0184;0.0630;0.0139;0;0.1082;-1.7141;-0.0132;0.0000;341.8270;0.0000;0.0000;0.0000;0.0000;0.0000;0.0000;0.0000;0;0.0000;0.0000;0.0000;0.0000;0.0000;0.0000;ControllerBody;0.0000;0.0000;1.0000;0.0000;0.0000;0.0000;1.0000;0.0000;0.0000;0.0000;-0.0840;0.0214;0.3644;343.0838;340.0706;324.9555;-0.0655;0.0414;0.3489;340.8076;340.1365;322.6833;0;-0.0655;0.0414;0.3489;340.8076;340.1365;322.6833;ControllerBody;fc9c2bd3-aae8-4497-a886-be853502c08c;;LineBisection;2026-05-18 09:49:27.7212;Controllers;1;OpenXR
Left;;Baseline;0;NoMitigation;None;anonymous;Sample;548;0.0000;-0.0146;-0.0034;0.0091;1.8433;6.9226;1.6679;-0.0146;-0.0034;0.0091;0.9980;0.0169;0.0601;0.0136;0;0.1082;-1.7141;-0.0132;0.0000;341.8270;0.0000;0.0000;0.0000;0.0000;0.0000;0.0000;0.0000;0;0.0000;0.0000;0.0000;0.0000;0.0000;0.0000;ControllerBody;0.0000;0.0000;1.0000;0.0000;0.0000;0.0000;1.0000;0.0000;0.0000;0.0000;-0.0763;0.0315;0.3598;340.8354;340.5577;323.7697;-0.0550;0.0537;0.3412;337.3347;341.4964;322.4219;0;-0.0550;0.0537;0.3412;337.3347;341.4964;322.4219;ControllerBody;fc9c2bd3-aae8-4497-a886-be853502c08c;;LineBisection;2026-05-18 09:49:27.7464;Controllers;1;OpenXR
Left;;Baseline;0;NoMitigation;None;anonymous;Sample;549;0.0000;-0.0149;-0.0033;0.0090;1.8296;6.7061;1.8405;-0.0149;-0.0033;0.0090;0.9980;0.0169;0.0582;0.0151;0;0.1082;-1.7141;-0.0132;0.0000;341.8270;0.0000;0.0000;0.0000;0.0000;0.0000;0.0000;0.0000;0;0.0000;0.0000;0.0000;0.0000;0.0000;0.0000;ControllerBody;0.0000;0.0000;1.0000;0.0000;0.0000;0.0000;1.0000;0.0000;0.0000;0.0000;-0.0704;0.0395;0.3554;339.0208;340.9916;323.9269;-0.0535;0.0566;0.3379;336.4190;341.6136;324.1296;0;-0.0535;0.0566;0.3379;336.4190;341.6136;324.1296;ControllerBody;fc9c2bd3-aae8-4497-a886-be853502c08c;;LineBisection;2026-05-18 09:49:27.7711;Controllers;1;OpenXR
Left;;Baseline;0;NoMitigation;None;anonymous;Sample;551;0.0000;-0.0169;-0.0035;0.0085;1.6540;6.2868;2.2807;-0.0169;-0.0035;0.0085;0.9982;0.0155;0.0545;0.0191;0;0.1082;-1.7141;-0.0132;0.0000;341.8270;0.0000;0.0000;0.0000;0.0000;0.0000;0.0000;0.0000;0;0.0000;0.0000;0.0000;0.0000;0.0000;0.0000;ControllerBody;0.0000;0.0000;1.0000;0.0000;0.0000;0.0000;1.0000;0.0000;0.0000;0.0000;-0.0608;0.0531;0.3460;334.4949;341.2859;324.7768;-0.0433;0.0716;0.3231;330.9539;341.0548;325.4742;0;-0.0433;0.0716;0.3231;330.9539;341.0548;325.4742;ControllerBody;fc9c2bd3-aae8-4497-a886-be853502c08c;;LineBisection;2026-05-18 09:49:27.8044;Controllers;1;OpenXR
Left;;Baseline;0;NoMitigation;None;anonymous;Sample;553;0.0000;-0.0183;-0.0035;0.0085;1.5524;6.2105;2.3235;-0.0183;-0.0035;0.0085;0.9982;0.0146;0.0539;0.0195;0;0.1082;-1.7141;-0.0132;0.0000;341.8270;0.0000;0.0000;0.0000;0.0000;0.0000;0.0000;0.0000;0;0.0000;0.0000;0.0000;0.0000;0.0000;0.0000;ControllerBody;0.0000;0.0000;1.0000;0.0000;0.0000;0.0000;1.0000;0.0000;0.0000;0.0000;-0.0544;0.0635;0.3356;331.0912;338.9630;326.7379;-0.0418;0.0766;0.3114;329.0537;336.8033;328.5735;0;-0.0418;0.0766;0.3114;329.0537;336.8033;328.5735;ControllerBody;fc9c2bd3-aae8-4497-a886-be853502c08c;;LineBisection;2026-05-18 09:49:27.8370;Controllers;1;OpenXR
Left;;Baseline;0;NoMitigation;None;anonymous;Sample;555;0.0000;-0.0207;-0.0030;0.0076;1.6484;6.1543;2.3913;-0.0207;-0.0030;0.0076;0.9983;0.0155;0.0534;0.0201;0;0.1082;-1.7141;-0.0132;0.0000;341.8270;0.0000;0.0000;0.0000;0.0000;0.0000;0.0000;0.0000;0;0.0000;0.0000;0.0000;0.0000;0.0000;0.0000;ControllerBody;0.0000;0.0000;1.0000;0.0000;0.0000;0.0000;1.0000;0.0000;0.0000;0.0000;-0.0502;0.0717;0.3227;328.6721;334.1947;335.4605;-0.0405;0.0812;0.2925;328.0570;332.1791;339.8159;0;-0.0405;0.0812;0.2925;328.0570;332.1791;339.8159;ControllerBody;fc9c2bd3-aae8-4497-a886-be853502c08c;;LineBisection;2026-05-18 09:49:27.8712;Controllers;1;OpenXR
Left;;Baseline;0;NoMitigation;None;anonymous;Sample;557;0.0000;-0.0228;-0.0032;0.0063;1.4706;6.0772;2.5818;-0.0228;-0.0032;0.0063;0.9983;0.0140;0.0527;0.0218;0;0.1082;-1.7141;-0.0132;0.0000;341.8270;0.0000;0.0000;0.0000;0.0000;0.0000;0.0000;0.0000;0;0.0000;0.0000;0.0000;0.0000;0.0000;0.0000;ControllerBody;0.0000;0.0000;1.0000;0.0000;0.0000;0.0000;1.0000;0.0000;0.0000;0.0000;-0.0488;0.0757;0.3070;327.6625;327.3604;347.5889;-0.0442;0.0771;0.2718;327.5858;324.3995;352.0645;0;-0.0442;0.0771;0.2718;327.5858;324.3995;352.0645;ControllerBody;fc9c2bd3-aae8-4497-a886-be853502c08c;;LineBisection;2026-05-18 09:49:27.9049;Controllers;1;OpenXR
Left;;Baseline;0;NoMitigation;None;anonymous;Sample;559;0.0000;-0.0246;-0.0036;0.0050;0.9604;5.8057;2.6710;-0.0246;-0.0036;0.0050;0.9984;0.0095;0.0504;0.0229;0;0.1082;-1.7141;-0.0132;0.0000;341.8270;0.0000;0.0000;0.0000;0.0000;0.0000;0.0000;0.0000;0;0.0000;0.0000;0.0000;0.0000;0.0000;0.0000;ControllerBody;0.0000;0.0000;1.0000;0.0000;0.0000;0.0000;1.0000;0.0000;0.0000;0.0000;-0.0512;0.0740;0.2858;328.8447;315.5271;2.5809;-0.0517;0.0644;0.2489;329.7041;312.5009;6.4222;0;-0.0517;0.0644;0.2489;329.7041;312.5009;6.4222;ControllerBody;fc9c2bd3-aae8-4497-a886-be853502c08c;;LineBisection;2026-05-18 09:49:27.9374;Controllers;1;OpenXR
Left;;Baseline;0;NoMitigation;None;anonymous;Sample;561;0.0000;-0.0262;-0.0042;0.0040;0.4553;5.4139;2.5252;-0.0262;-0.0042;0.0040;0.9986;0.0050;0.0471;0.0218;0;0.1082;-1.7141;-0.0132;0.0000;341.8270;0.0000;0.0000;0.0000;0.0000;0.0000;0.0000;0.0000;0;0.0000;0.0000;0.0000;0.0000;0.0000;0.0000;ControllerBody;0.0000;0.0000;1.0000;0.0000;0.0000;0.0000;1.0000;0.0000;0.0000;0.0000;-0.0563;0.0629;0.2627;333.7449;304.9477;19.1162;-0.0574;0.0427;0.2288;335.0941;302.9482;22.6048;0;-0.0574;0.0427;0.2288;335.0941;302.9482;22.6048;ControllerBody;fc9c2bd3-aae8-4497-a886-be853502c08c;;LineBisection;2026-05-18 09:49:27.9718;Controllers;1;OpenXR
Left;;Baseline;0;NoMitigation;None;anonymous;Sample;563;0.0000;-0.0272;-0.0045;0.0038;359.9170;5.0052;2.6201;-0.0272;-0.0045;0.0038;0.9988;0.0003;0.0437;0.0229;0;0.1082;-1.7141;-0.0132;0.0000;341.8270;0.0000;0.0000;0.0000;0.0000;0.0000;0.0000;0.0000;0;0.0000;0.0000;0.0000;0.0000;0.0000;0.0000;ControllerBody;0.0000;0.0000;1.0000;0.0000;0.0000;0.0000;1.0000;0.0000;0.0000;0.0000;-0.0589;0.0509;0.2459;336.4705;298.3539;32.3470;-0.0558;0.0244;0.2119;337.6516;295.8959;38.4307;0;-0.0558;0.0244;0.2119;337.6516;295.8959;38.4307;ControllerBody;fc9c2bd3-aae8-4497-a886-be853502c08c;;LineBisection;2026-05-18 09:49:27.9973;Controllers;1;OpenXR
Left;;Baseline;0;NoMitigation;None;anonymous;Sample;564;0.0000;-0.0272;-0.0042;0.0040;0.0577;4.9382;2.8287;-0.0272;-0.0042;0.0040;0.9988;0.0016;0.0431;0.0246;0;0.1082;-1.7141;-0.0132;0.0000;341.8270;0.0000;0.0000;0.0000;0.0000;0.0000;0.0000;0.0000;0;0.0000;0.0000;0.0000;0.0000;0.0000;0.0000;ControllerBody;0.0000;0.0000;1.0000;0.0000;0.0000;0.0000;1.0000;0.0000;0.0000;0.0000;-0.0573;0.0460;0.2397;333.0800;300.0454;37.3103;-0.0466;0.0274;0.2175;331.8969;300.2068;39.6097;0;-0.0466;0.0274;0.2175;331.8969;300.2068;39.6097;ControllerBody;fc9c2bd3-aae8-4497-a886-be853502c08c;;LineBisection;2026-05-18 09:49:28.0203;Controllers;1;OpenXR
Left;;Baseline;0;NoMitigation;None;anonymous;Sample;566;0.0000;-0.0279;-0.0041;0.0042;0.0720;4.6746;3.1989;-0.0279;-0.0041;0.0042;0.9988;0.0018;0.0407;0.0279;0;0.1082;-1.7141;-0.0132;0.0000;341.8270;0.0000;0.0000;0.0000;0.0000;0.0000;0.0000;0.0000;0;0.0000;0.0000;0.0000;0.0000;0.0000;0.0000;ControllerBody;0.0000;0.0000;1.0000;0.0000;0.0000;0.0000;1.0000;0.0000;0.0000;0.0000;-0.0538;0.0399;0.2349;331.3268;301.5165;43.4237;-0.0366;0.0162;0.2195;331.4365;302.3904;47.5463;0;-0.0366;0.0162;0.2195;331.4365;302.3904;47.5463;ControllerBody;fc9c2bd3-aae8-4497-a886-be853502c08c;;LineBisection;2026-05-18 09:49:28.0480;Controllers;1;OpenXR
Left;;Baseline;0;NoMitigation;None;anonymous;Sample;567;0.0000;-0.0276;-0.0040;0.0048;0.1121;4.7850;3.1756;-0.0276;-0.0040;0.0048;0.9987;0.0021;0.0417;0.0276;0;0.1082;-1.7141;-0.0132;0.0000;341.8270;0.0000;0.0000;0.0000;0.0000;0.0000;0.0000;0.0000;0;0.0000;0.0000;0.0000;0.0000;0.0000;0.0000;ControllerBody;0.0000;0.0000;1.0000;0.0000;0.0000;0.0000;1.0000;0.0000;0.0000;0.0000;-0.0512;0.0349;0.2340;332.5966;302.6287;44.0644;-0.0355;0.0128;0.2267;334.3341;304.1726;44.9838;0;-0.0355;0.0128;0.2267;334.3341;304.1726;44.9838;ControllerBody;fc9c2bd3-aae8-4497-a886-be853502c08c;;LineBisection;2026-05-18 09:49:28.0706;Controllers;1;OpenXR
Left;;Baseline;0;NoMitigation;None;anonymous;Sample;569;0.0000;-0.0269;-0.0041;0.0063;0.3246;4.7781;3.1067;-0.0269;-0.0041;0.0063;0.9988;0.0040;0.0416;0.0270;0;0.1082;-1.7141;-0.0132;0.0000;341.8270;0.0000;0.0000;0.0000;0.0000;0.0000;0.0000;0.0000;0;0.0000;0.0000;0.0000;0.0000;0.0000;0.0000;ControllerBody;0.0000;0.0000;1.0000;0.0000;0.0000;0.0000;1.0000;0.0000;0.0000;0.0000;-0.0458;0.0247;0.2349;335.7318;304.4383;46.8940;-0.0287;0.0001;0.2335;337.6228;305.4662;48.4715;0;-0.0287;0.0001;0.2335;337.6228;305.4662;48.4715;ControllerBody;fc9c2bd3-aae8-4497-a886-be853502c08c;;LineBisection;2026-05-18 09:49:28.1044;Controllers;1;OpenXR
Left;;Baseline;0;NoMitigation;None;anonymous;Sample;571;0.0000;-0.0261;-0.0043;0.0073;0.9250;4.7068;2.7181;-0.0261;-0.0043;0.0073;0.9989;0.0090;0.0409;0.0234;0;0.1082;-1.7141;-0.0132;0.0000;341.8270;0.0000;0.0000;0.0000;0.0000;0.0000;0.0000;0.0000;0;0.0000;0.0000;0.0000;0.0000;0.0000;0.0000;ControllerBody;0.0000;0.0000;1.0000;0.0000;0.0000;0.0000;1.0000;0.0000;0.0000;0.0000;-0.0395;0.0067;0.2371;343.0462;304.5242;55.0281;-0.0242;-0.0266;0.2360;345.6538;304.4359;57.8425;0;-0.0242;-0.0266;0.2360;345.6538;304.4359;57.8425;ControllerBody;fc9c2bd3-aae8-4497-a886-be853502c08c;;LineBisection;2026-05-18 09:49:28.1371;Controllers;1;OpenXR
Left;;Baseline;0;NoMitigation;None;anonymous;Sample;573;0.0000;-0.0255;-0.0049;0.0074;0.9719;4.7322;2.5887;-0.0255;-0.0049;0.0074;0.9989;0.0094;0.0411;0.0222;0;0.1082;-1.7141;-0.0132;0.0000;341.8270;0.0000;0.0000;0.0000;0.0000;0.0000;0.0000;0.0000;0;0.0000;0.0000;0.0000;0.0000;0.0000;0.0000;ControllerBody;0.0000;0.0000;1.0000;0.0000;0.0000;0.0000;1.0000;0.0000;0.0000;0.0000;-0.0348;-0.0176;0.2370;351.3621;302.3127;64.1391;-0.0232;-0.0498;0.2321;352.8895;301.9424;65.7112;0;-0.0232;-0.0498;0.2321;352.8895;301.9424;65.7112;ControllerBody;fc9c2bd3-aae8-4497-a886-be853502c08c;;LineBisection;2026-05-18 09:49:28.1712;Controllers;1;OpenXR
Left;;Baseline;0;NoMitigation;None;anonymous;Sample;575;0.0000;-0.0246;-0.0056;0.0077;0.8455;4.9346;2.6725;-0.0246;-0.0056;0.0077;0.9988;0.0084;0.0429;0.0230;0;0.1082;-1.7141;-0.0132;0.0000;341.8270;0.0000;0.0000;0.0000;0.0000;0.0000;0.0000;0.0000;0;0.0000;0.0000;0.0000;0.0000;0.0000;0.0000;ControllerBody;0.0000;0.0000;1.0000;0.0000;0.0000;0.0000;1.0000;0.0000;0.0000;0.0000;-0.0286;-0.0541;0.2345;3.8885;300.7308;74.5782;-0.0152;-0.0917;0.2277;6.5420;300.6490;76.8020;0;-0.0152;-0.0917;0.2277;6.5420;300.6490;76.8020;ControllerBody;fc9c2bd3-aae8-4497-a886-be853502c08c;;LineBisection;2026-05-18 09:49:28.2048;Controllers;1;OpenXR
Left;;Baseline;0;NoMitigation;None;anonymous;Sample;577;0.0000;-0.0242;-0.0057;0.0082;0.7160;5.3517;2.7846;-0.0242;-0.0057;0.0082;0.9986;0.0074;0.0465;0.0240;0;0.1082;-1.7141;-0.0132;0.0000;341.8270;0.0000;0.0000;0.0000;0.0000;0.0000;0.0000;0.0000;0;0.0000;0.0000;0.0000;0.0000;0.0000;0.0000;ControllerBody;0.0000;0.0000;1.0000;0.0000;0.0000;0.0000;1.0000;0.0000;0.0000;0.0000;-0.0188;-0.0905;0.2316;14.3144;301.6042;84.3947;-0.0013;-0.1263;0.2249;16.9880;302.1366;86.8718;0;-0.0013;-0.1263;0.2249;16.9880;302.1366;86.8718;ControllerBody;fc9c2bd3-aae8-4497-a886-be853502c08c;;LineBisection;2026-05-18 09:49:28.2370;Controllers;1;OpenXR
Left;;Baseline;0;NoMitigation;None;anonymous;Sample;579;0.0000;-0.0238;-0.0053;0.0088;0.9042;5.6722;2.5630;-0.0238;-0.0053;0.0088;0.9985;0.0090;0.0493;0.0219;0;0.1082;-1.7141;-0.0132;0.0000;341.8270;0.0000;0.0000;0.0000;0.0000;0.0000;0.0000;0.0000;0;0.0000;0.0000;0.0000;0.0000;0.0000;0.0000;ControllerBody;0.0000;0.0000;1.0000;0.0000;0.0000;0.0000;1.0000;0.0000;0.0000;0.0000;-0.0057;-0.1240;0.2309;23.2967;305.2473;94.2492;0.0145;-0.1559;0.2267;25.6228;306.6981;97.5215;0;0.0145;-0.1559;0.2267;25.6228;306.6981;97.5215;ControllerBody;fc9c2bd3-aae8-4497-a886-be853502c08c;;LineBisection;2026-05-18 09:49:28.2719;Controllers;1;OpenXR
Left;;Baseline;0;NoMitigation;None;anonymous;Sample;581;0.0000;-0.0231;-0.0049;0.0089;0.9424;5.6214;2.4304;-0.0231;-0.0049;0.0089;0.9985;0.0093;0.0488;0.0208;0;0.1082;-1.7141;-0.0132;0.0000;341.8270;0.0000;0.0000;0.0000;0.0000;0.0000;0.0000;0.0000;0;0.0000;0.0000;0.0000;0.0000;0.0000;0.0000;ControllerBody;0.0000;0.0000;1.0000;0.0000;0.0000;0.0000;1.0000;0.0000;0.0000;0.0000;0.0049;-0.1453;0.2308;26.2949;306.9528;101.7903;0.0254;-0.1715;0.2265;27.6072;307.7286;105.7336;0;0.0254;-0.1715;0.2265;27.6072;307.7286;105.7336;ControllerBody;fc9c2bd3-aae8-4497-a886-be853502c08c;;LineBisection;2026-05-18 09:49:28.3051;Controllers;1;OpenXR
Left;;Baseline;0;NoMitigation;None;anonymous;Sample;583;0.0000;-0.0226;-0.0048;0.0090;0.8186;5.5013;2.3759;-0.0226;-0.0048;0.0090;0.9986;0.0081;0.0478;0.0204;0;0.1082;-1.7141;-0.0132;0.0000;341.8270;0.0000;0.0000;0.0000;0.0000;0.0000;0.0000;0.0000;0;0.0000;0.0000;0.0000;0.0000;0.0000;0.0000;ControllerBody;0.0000;0.0000;1.0000;0.0000;0.0000;0.0000;1.0000;0.0000;0.0000;0.0000;0.0135;-0.1617;0.2294;29.0470;307.0629;106.1372;0.0329;-0.1847;0.2227;31.3909;307.3006;108.9653;0;0.0329;-0.1847;0.2227;31.3909;307.3006;108.9653;ControllerBody;fc9c2bd3-aae8-4497-a886-be853502c08c;;LineBisection;2026-05-18 09:49:28.3373;Controllers;1;OpenXR
Left;;Baseline;0;NoMitigation;None;anonymous;Sample;585;0.0000;-0.0223;-0.0047;0.0090;0.7325;5.5852;2.3967;-0.0223;-0.0047;0.0090;0.9986;0.0074;0.0486;0.0206;0;0.1082;-1.7141;-0.0132;0.0000;341.8270;0.0000;0.0000;0.0000;0.0000;0.0000;0.0000;0.0000;0;0.0000;0.0000;0.0000;0.0000;0.0000;0.0000;ControllerBody;0.0000;0.0000;1.0000;0.0000;0.0000;0.0000;1.0000;0.0000;0.0000;0.0000;0.0196;-0.1731;0.2283;31.4964;307.3939;108.3092;0.0359;-0.1904;0.2227;33.5736;307.7084;109.8541;0;0.0359;-0.1904;0.2227;33.5736;307.7084;109.8541;ControllerBody;fc9c2bd3-aae8-4497-a886-be853502c08c;;LineBisection;2026-05-18 09:49:28.3716;Controllers;1;OpenXR
Left;;Baseline;0;NoMitigation;None;anonymous;Sample;587;0.0000;-0.0219;-0.0048;0.0086;0.5916;5.7557;2.4514;-0.0219;-0.0048;0.0086;0.9985;0.0062;0.0501;0.0211;0;0.1082;-1.7141;-0.0132;0.0000;341.8270;0.0000;0.0000;0.0000;0.0000;0.0000;0.0000;0.0000;0;0.0000;0.0000;0.0000;0.0000;0.0000;0.0000;ControllerBody;0.0000;0.0000;1.0000;0.0000;0.0000;0.0000;1.0000;0.0000;0.0000;0.0000;0.0238;-0.1812;0.2284;33.2839;308.2707;111.1293;0.0410;-0.2014;0.2256;35.5260;309.7036;115.1409;0;0.0410;-0.2014;0.2256;35.5260;309.7036;115.1409;ControllerBody;fc9c2bd3-aae8-4497-a886-be853502c08c;;LineBisection;2026-05-18 09:49:28.3981;Controllers;1;OpenXR
Left;;Baseline;0;NoMitigation;None;anonymous;Sample;589;0.0000;-0.0215;-0.0051;0.0083;0.5106;5.8584;2.2956;-0.0215;-0.0051;0.0083;0.9985;0.0055;0.0510;0.0198;0;0.1082;-1.7141;-0.0132;0.0000;341.8270;0.0000;0.0000;0.0000;0.0000;0.0000;0.0000;0.0000;0;0.0000;0.0000;0.0000;0.0000;0.0000;0.0000;ControllerBody;0.0000;0.0000;1.0000;0.0000;0.0000;0.0000;1.0000;0.0000;0.0000;0.0000;0.0283;-0.1899;0.2292;35.4603;309.9056;115.2413;0.0441;-0.2063;0.2274;37.1639;311.4591;118.9264;0;0.0441;-0.2063;0.2274;37.1639;311.4591;118.9264;ControllerBody;fc9c2bd3-aae8-4497-a886-be853502c08c;;LineBisection;2026-05-18 09:49:28.4308;Controllers;1;OpenXR
Left;;Baseline;0;NoMitigation;None;anonymous;Sample;591;0.0000;-0.0208;-0.0052;0.0084;0.6592;5.8070;2.0478;-0.0208;-0.0052;0.0084;0.9985;0.0066;0.0505;0.0176;0;0.1082;-1.7141;-0.0132;0.0000;341.8270;0.0000;0.0000;0.0000;0.0000;0.0000;0.0000;0.0000;0;0.0000;0.0000;0.0000;0.0000;0.0000;0.0000;ControllerBody;0.0000;0.0000;1.0000;0.0000;0.0000;0.0000;1.0000;0.0000;0.0000;0.0000;0.0333;-0.1983;0.2302;37.8453;312.0302;120.3175;0.0487;-0.2118;0.2282;39.3556;313.4703;123.4023;0;0.0487;-0.2118;0.2282;39.3556;313.4703;123.4023;ControllerBody;fc9c2bd3-aae8-4497-a886-be853502c08c;;LineBisection;2026-05-18 09:49:28.4703;Controllers;1;OpenXR
Left;;Baseline;0;NoMitigation;None;anonymous;Sample;593;0.0000;-0.0198;-0.0052;0.0086;0.8911;5.6380;1.7167;-0.0198;-0.0052;0.0086;0.9987;0.0085;0.0491;0.0146;0;0.1082;-1.7141;-0.0132;0.0000;341.8270;0.0000;0.0000;0.0000;0.0000;0.0000;0.0000;0.0000;0;0.0000;0.0000;0.0000;0.0000;0.0000;0.0000;ControllerBody;0.0000;0.0000;1.0000;0.0000;0.0000;0.0000;1.0000;0.0000;0.0000;0.0000;0.0386;-0.2058;0.2310;40.9010;314.9067;125.2497;0.0559;-0.2196;0.2295;42.9648;317.4385;129.0294;0;0.0559;-0.2196;0.2295;42.9648;317.4385;129.0294;ControllerBody;fc9c2bd3-aae8-4497-a886-be853502c08c;;LineBisection;2026-05-18 09:49:28.5047;Controllers;1;OpenXR
Left;;Baseline;0;NoMitigation;None;anonymous;Sample;595;0.0000;-0.0192;-0.0053;0.0086;0.9416;5.4905;1.4777;-0.0192;-0.0053;0.0086;0.9987;0.0088;0.0478;0.0125;0;0.1082;-1.7141;-0.0132;0.0000;341.8270;0.0000;0.0000;0.0000;0.0000;0.0000;0.0000;0.0000;0;0.0000;0.0000;0.0000;0.0000;0.0000;0.0000;ControllerBody;0.0000;0.0000;1.0000;0.0000;0.0000;0.0000;1.0000;0.0000;0.0000;0.0000;0.0425;-0.2114;0.2318;42.8364;317.3365;128.7816;0.0600;-0.2258;0.2304;45.0287;320.6681;133.6121;0;0.0600;-0.2258;0.2304;45.0287;320.6681;133.6121;ControllerBody;fc9c2bd3-aae8-4497-a886-be853502c08c;;LineBisection;2026-05-18 09:49:28.5301;Controllers;1;OpenXR
Left;;Baseline;0;NoMitigation;None;anonymous;Sample;596;0.0000;-0.0192;-0.0054;0.0086;0.8989;5.5089;1.5696;-0.0192;-0.0054;0.0086;0.9987;0.0085;0.0479;0.0133;0;0.1082;-1.7141;-0.0132;0.0000;341.8270;0.0000;0.0000;0.0000;0.0000;0.0000;0.0000;0.0000;0;0.0000;0.0000;0.0000;0.0000;0.0000;0.0000;ControllerBody;0.0000;0.0000;1.0000;0.0000;0.0000;0.0000;1.0000;0.0000;0.0000;0.0000;0.0457;-0.2161;0.2323;44.2977;319.2139;131.6474;0.0609;-0.2286;0.2302;45.8508;321.4970;135.0267;0;0.0609;-0.2286;0.2302;45.8508;321.4970;135.0267;ControllerBody;fc9c2bd3-aae8-4497-a886-be853502c08c;;LineBisection;2026-05-18 09:49:28.5545;Controllers;1;OpenXR
Left;;Baseline;0;NoMitigation;None;anonymous;Sample;598;0.0000;-0.0191;-0.0057;0.0087;0.7641;5.5298;1.7618;-0.0191;-0.0057;0.0087;0.9987;0.0074;0.0481;0.0150;0;0.1082;-1.7141;-0.0132;0.0000;341.8270;0.0000;0.0000;0.0000;0.0000;0.0000;0.0000;0.0000;0;0.0000;0.0000;0.0000;0.0000;0.0000;0.0000;ControllerBody;0.0000;0.0000;1.0000;0.0000;0.0000;0.0000;1.0000;0.0000;0.0000;0.0000;0.0518;-0.2233;0.2329;49.0761;325.6762;138.4783;0.0696;-0.2341;0.2300;50.9737;328.8363;141.5111;0;0.0696;-0.2341;0.2300;50.9737;328.8363;141.5111;ControllerBody;fc9c2bd3-aae8-4497-a886-be853502c08c;;LineBisection;2026-05-18 09:49:28.5887;Controllers;1;OpenXR
Left;;Baseline;0;NoMitigation;None;anonymous;Sample;600;0.0000;-0.0190;-0.0060;0.0090;0.6855;5.6255;1.9441;-0.0190;-0.0060;0.0090;0.9986;0.0068;0.0490;0.0167;0;0.1082;-1.7141;-0.0132;0.0000;341.8270;0.0000;0.0000;0.0000;0.0000;0.0000;0.0000;0.0000;0;0.0000;0.0000;0.0000;0.0000;0.0000;0.0000;ControllerBody;0.0000;0.0000;1.0000;0.0000;0.0000;0.0000;1.0000;0.0000;0.0000;0.0000;0.0563;-0.2273;0.2336;50.5210;329.6013;142.0370;0.0754;-0.2356;0.2334;51.6691;335.5506;147.2850;0;0.0754;-0.2356;0.2334;51.6691;335.5506;147.2850;ControllerBody;fc9c2bd3-aae8-4497-a886-be853502c08c;;LineBisection;2026-05-18 09:49:28.6145;Controllers;1;OpenXR
Left;;Baseline;0;NoMitigation;None;anonymous;Sample;601;0.0000;-0.0191;-0.0059;0.0092;0.7951;5.6823;1.9436;-0.0191;-0.0059;0.0092;0.9986;0.0078;0.0494;0.0166;0;0.1082;-1.7141;-0.0132;0.0000;341.8270;0.0000;0.0000;0.0000;0.0000;0.0000;0.0000;0.0000;0;0.0000;0.0000;0.0000;0.0000;0.0000;0.0000;ControllerBody;0.0000;0.0000;1.0000;0.0000;0.0000;0.0000;1.0000;0.0000;0.0000;0.0000;0.0586;-0.2292;0.2345;50.4638;331.2782;143.2538;0.0731;-0.2337;0.2350;50.2611;334.9153;145.8875;0;0.0731;-0.2337;0.2350;50.2611;334.9153;145.8875;ControllerBody;fc9c2bd3-aae8-4497-a886-be853502c08c;;LineBisection;2026-05-18 09:49:28.6386;Controllers;1;OpenXR
Left;;Baseline;0;NoMitigation;None;anonymous;Sample;603;0.0000;-0.0192;-0.0060;0.0094;0.9925;5.8120;2.0014;-0.0192;-0.0060;0.0094;0.9985;0.0095;0.0505;0.0170;0;0.1082;-1.7141;-0.0132;0.0000;341.8270;0.0000;0.0000;0.0000;0.0000;0.0000;0.0000;0.0000;0;0.0000;0.0000;0.0000;0.0000;0.0000;0.0000;ControllerBody;0.0000;0.0000;1.0000;0.0000;0.0000;0.0000;1.0000;0.0000;0.0000;0.0000;0.0608;-0.2309;0.2357;50.2155;334.7997;145.3063;0.0744;-0.2337;0.2385;49.6139;340.2784;148.3245;0;0.0744;-0.2337;0.2385;49.6139;340.2784;148.3245;ControllerBody;fc9c2bd3-aae8-4497-a886-be853502c08c;;LineBisection;2026-05-18 09:49:28.6648;Controllers;1;OpenXR
Left;;Baseline;0;NoMitigation;None;anonymous;Sample;604;0.0000;-0.0191;-0.0061;0.0095;1.0026;5.8333;1.9004;-0.0191;-0.0061;0.0095;0.9985;0.0096;0.0507;0.0161;0;0.1082;-1.7141;-0.0132;0.0000;341.8270;0.0000;0.0000;0.0000;0.0000;0.0000;0.0000;0.0000;0;0.0000;0.0000;0.0000;0.0000;0.0000;0.0000;ControllerBody;0.0000;0.0000;1.0000;0.0000;0.0000;0.0000;1.0000;0.0000;0.0000;0.0000;0.0625;-0.2320;0.2368;49.8437;338.0047;146.7535;0.0750;-0.2335;0.2393;49.3257;341.8275;148.4430;0;0.0750;-0.2335;0.2393;49.3257;341.8275;148.4430;ControllerBody;fc9c2bd3-aae8-4497-a886-be853502c08c;;LineBisection;2026-05-18 09:49:28.6877;Controllers;1;OpenXR
Left;;Baseline;0;NoMitigation;None;anonymous;Sample;606;0.0000;-0.0190;-0.0062;0.0098;1.1042;5.9123;1.8143;-0.0190;-0.0062;0.0098;0.9985;0.0104;0.0514;0.0153;0;0.1082;-1.7141;-0.0132;0.0000;341.8270;0.0000;0.0000;0.0000;0.0000;0.0000;0.0000;0.0000;0;0.0000;0.0000;0.0000;0.0000;0.0000;0.0000;ControllerBody;0.0000;0.0000;1.0000;0.0000;0.0000;0.0000;1.0000;0.0000;0.0000;0.0000;0.0648;-0.2333;0.2385;49.3366;341.3095;148.7294;0.0769;-0.2336;0.2415;48.6368;344.7597;151.1454;0;0.0769;-0.2336;0.2415;48.6368;344.7597;151.1454;ControllerBody;fc9c2bd3-aae8-4497-a886-be853502c08c;;LineBisection;2026-05-18 09:49:28.7209;Controllers;1;OpenXR
Left;;Baseline;0;NoMitigation;None;anonymous;Sample;608;0.0000;-0.0188;-0.0065;0.0100;1.1594;5.9623;1.8517;-0.0188;-0.0065;0.0100;0.9985;0.0109;0.0518;0.0156;0;0.1082;-1.7141;-0.0132;0.0000;341.8270;0.0000;0.0000;0.0000;0.0000;0.0000;0.0000;0.0000;0;0.0000;0.0000;0.0000;0.0000;0.0000;0.0000;ControllerBody;0.0000;0.0000;1.0000;0.0000;0.0000;0.0000;1.0000;0.0000;0.0000;0.0000;0.0669;-0.2346;0.2398;49.4877;343.1842;150.7697;0.0783;-0.2356;0.2406;49.9683;345.9422;154.1392;0;0.0783;-0.2356;0.2406;49.9683;345.9422;154.1392;ControllerBody;fc9c2bd3-aae8-4497-a886-be853502c08c;;LineBisection;2026-05-18 09:49:28.7538;Controllers;1;OpenXR
Left;;Baseline;0;NoMitigation;None;anonymous;Sample;610;0.0000;-0.0184;-0.0067;0.0100;1.2019;5.9790;1.8700;-0.0184;-0.0067;0.0100;0.9985;0.0113;0.0520;0.0157;0;0.1082;-1.7141;-0.0132;0.0000;341.8270;0.0000;0.0000;0.0000;0.0000;0.0000;0.0000;0.0000;0;0.0000;0.0000;0.0000;0.0000;0.0000;0.0000;ControllerBody;0.0000;0.0000;1.0000;0.0000;0.0000;0.0000;1.0000;0.0000;0.0000;0.0000;0.0694;-0.2363;0.2408;50.3201;347.7782;156.3148;0.0821;-0.2385;0.2411;50.6557;352.4390;161.6006;0;0.0821;-0.2385;0.2411;50.6557;352.4390;161.6006;ControllerBody;fc9c2bd3-aae8-4497-a886-be853502c08c;;LineBisection;2026-05-18 09:49:28.7883;Controllers;1;OpenXR
Left;;Baseline;0;NoMitigation;None;anonymous;Sample;612;0.0000;-0.0181;-0.0071;0.0099;1.2000;5.9269;1.8630;-0.0181;-0.0071;0.0099;0.9985;0.0113;0.0515;0.0157;0;0.1082;-1.7141;-0.0132;0.0000;341.8270;0.0000;0.0000;0.0000;0.0000;0.0000;0.0000;0.0000;0;0.0000;0.0000;0.0000;0.0000;0.0000;0.0000;ControllerBody;0.0000;0.0000;1.0000;0.0000;0.0000;0.0000;1.0000;0.0000;0.0000;0.0000;0.0722;-0.2377;0.2424;49.3399;353.6505;160.7473;0.0852;-0.2378;0.2448;48.0455;358.5680;163.9361;0;0.0852;-0.2378;0.2448;48.0455;358.5680;163.9361;ControllerBody;fc9c2bd3-aae8-4497-a886-be853502c08c;;LineBisection;2026-05-18 09:49:28.8205;Controllers;1;OpenXR
Left;;Baseline;0;NoMitigation;None;anonymous;Sample;614;0.0000;-0.0178;-0.0074;0.0098;1.1678;5.8629;1.7572;-0.0178;-0.0074;0.0098;0.9985;0.0110;0.0510;0.0148;0;0.1082;-1.7141;-0.0132;0.0000;341.8270;0.0000;0.0000;0.0000;0.0000;0.0000;0.0000;0.0000;0;0.0000;0.0000;0.0000;0.0000;0.0000;0.0000;ControllerBody;0.0000;0.0000;1.0000;0.0000;0.0000;0.0000;1.0000;0.0000;0.0000;0.0000;0.0752;-0.2387;0.2443;47.5744;359.1037;162.8337;0.0874;-0.2373;0.2475;46.2237;2.5970;163.5669;0;0.0874;-0.2373;0.2475;46.2237;2.5970;163.5669;ControllerBody;fc9c2bd3-aae8-4497-a886-be853502c08c;;LineBisection;2026-05-18 09:49:28.8545;Controllers;1;OpenXR
Left;;Baseline;0;NoMitigation;None;anonymous;Sample;616;0.0000;-0.0176;-0.0076;0.0097;1.2352;5.8273;1.7679;-0.0176;-0.0076;0.0097;0.9985;0.0115;0.0507;0.0149;0;0.1082;-1.7141;-0.0132;0.0000;341.8270;0.0000;0.0000;0.0000;0.0000;0.0000;0.0000;0.0000;0;0.0000;0.0000;0.0000;0.0000;0.0000;0.0000;ControllerBody;0.0000;0.0000;1.0000;0.0000;0.0000;0.0000;1.0000;0.0000;0.0000;0.0000;0.0770;-0.2394;0.2455;47.2958;359.7556;162.8798;0.0863;-0.2377;0.2463;46.7923;0.7056;163.1319;0;0.0863;-0.2377;0.2463;46.7923;0.7056;163.1319;ControllerBody;fc9c2bd3-aae8-4497-a886-be853502c08c;;LineBisection;2026-05-18 09:49:28.8873;Controllers;1;OpenXR
Left;;Baseline;0;NoMitigation;None;anonymous;Sample;618;0.0000;-0.0176;-0.0077;0.0096;1.3137;5.8941;1.7900;-0.0176;-0.0077;0.0096;0.9985;0.0123;0.0512;0.0150;0;0.1082;-1.7141;-0.0132;0.0000;341.8270;0.0000;0.0000;0.0000;0.0000;0.0000;0.0000;0.0000;0;0.0000;0.0000;0.0000;0.0000;0.0000;0.0000;ControllerBody;0.0000;0.0000;1.0000;0.0000;0.0000;0.0000;1.0000;0.0000;0.0000;0.0000;0.0779;-0.2398;0.2460;47.2958;359.7556;162.8798;0.0862;-0.2381;0.2459;47.3045;359.6130;162.8216;0;0.0862;-0.2381;0.2459;47.3045;359.6130;162.8216;ControllerBody;fc9c2bd3-aae8-4497-a886-be853502c08c;;LineBisection;2026-05-18 09:49:28.9150;Controllers;1;OpenXR
Left;;Baseline;0;NoMitigation;None;anonymous;Sample;619;0.0000;-0.0177;-0.0078;0.0095;1.2169;5.9500;1.7554;-0.0177;-0.0078;0.0095;0.9985;0.0114;0.0517;0.0147;0;0.1082;-1.7141;-0.0132;0.0000;341.8270;0.0000;0.0000;0.0000;0.0000;0.0000;0.0000;0.0000;0;0.0000;0.0000;0.0000;0.0000;0.0000;0.0000;ControllerBody;0.0000;0.0000;1.0000;0.0000;0.0000;0.0000;1.0000;0.0000;0.0000;0.0000;0.0791;-0.2402;0.2468;46.6807;0.5223;163.7828;0.0887;-0.2382;0.2481;45.1084;2.3413;165.9449;0;0.0887;-0.2382;0.2481;45.1084;2.3413;165.9449;ControllerBody;fc9c2bd3-aae8-4497-a886-be853502c08c;;LineBisection;2026-05-18 09:49:28.9379;Controllers;1;OpenXR
Left;;Baseline;0;NoMitigation;None;anonymous;Sample;621;0.0000;-0.0178;-0.0081;0.0093;1.0999;5.9437;1.8176;-0.0178;-0.0081;0.0093;0.9985;0.0104;0.0517;0.0153;0;0.1082;-1.7141;-0.0132;0.0000;341.8270;0.0000;0.0000;0.0000;0.0000;0.0000;0.0000;0.0000;0;0.0000;0.0000;0.0000;0.0000;0.0000;0.0000;ControllerBody;0.0000;0.0000;1.0000;0.0000;0.0000;0.0000;1.0000;0.0000;0.0000;0.0000;0.0804;-0.2406;0.2477;45.3789;1.4681;164.9209;0.0881;-0.2387;0.2460;45.4811;2.6047;165.4209;0;0.0881;-0.2387;0.2460;45.4811;2.6047;165.4209;ControllerBody;fc9c2bd3-aae8-4497-a886-be853502c08c;;LineBisection;2026-05-18 09:49:28.9717;Controllers;1;OpenXR
Left;;Baseline;0;NoMitigation;None;anonymous;Sample;623;0.0000;-0.0179;-0.0082;0.0092;1.0483;5.9059;1.8926;-0.0179;-0.0082;0.0092;0.9985;0.0100;0.0514;0.0160;0;0.1082;-1.7141;-0.0132;0.0000;341.8270;0.0000;0.0000;0.0000;0.0000;0.0000;0.0000;0.0000;0;0.0000;0.0000;0.0000;0.0000;0.0000;0.0000;ControllerBody;0.0000;0.0000;1.0000;0.0000;0.0000;0.0000;1.0000;0.0000;0.0000;0.0000;0.0809;-0.2409;0.2479;45.2059;1.3758;164.7125;0.0874;-0.2392;0.2442;45.4275;1.4322;164.6232;0;0.0874;-0.2392;0.2442;45.4275;1.4322;164.6232;ControllerBody;fc9c2bd3-aae8-4497-a886-be853502c08c;;LineBisection;2026-05-18 09:49:28.9973;Controllers;1;OpenXR
Left;;Baseline;0;NoMitigation;None;anonymous;Sample;624;0.0000;-0.0181;-0.0081;0.0091;1.0535;5.9243;1.8947;-0.0181;-0.0081;0.0091;0.9985;0.0100;0.0515;0.0160;0;0.1082;-1.7141;-0.0132;0.0000;341.8270;0.0000;0.0000;0.0000;0.0000;0.0000;0.0000;0.0000;0;0.0000;0.0000;0.0000;0.0000;0.0000;0.0000;ControllerBody;0.0000;0.0000;1.0000;0.0000;0.0000;0.0000;1.0000;0.0000;0.0000;0.0000;0.0813;-0.2411;0.2480;45.2115;1.3773;164.7102;0.0874;-0.2392;0.2442;45.4275;1.4322;164.6232;0;0.0874;-0.2392;0.2442;45.4275;1.4322;164.6232;ControllerBody;fc9c2bd3-aae8-4497-a886-be853502c08c;;LineBisection;2026-05-18 09:49:29.0217;Controllers;1;OpenXR
Left;;Baseline;0;NoMitigation;None;anonymous;Sample;626;0.0000;-0.0185;-0.0080;0.0087;1.0388;5.9723;1.7794;-0.0185;-0.0080;0.0087;0.9985;0.0099;0.0519;0.0150;0;0.1082;-1.7141;-0.0132;0.0000;341.8270;0.0000;0.0000;0.0000;0.0000;0.0000;0.0000;0.0000;0;0.0000;0.0000;0.0000;0.0000;0.0000;0.0000;ControllerBody;0.0000;0.0000;1.0000;0.0000;0.0000;0.0000;1.0000;0.0000;0.0000;0.0000;0.0818;-0.2414;0.2481;45.2195;1.3793;164.7070;0.0874;-0.2392;0.2442;45.4275;1.4322;164.6232;0;0.0874;-0.2392;0.2442;45.4275;1.4322;164.6232;ControllerBody;fc9c2bd3-aae8-4497-a886-be853502c08c;;LineBisection;2026-05-18 09:49:29.0537;Controllers;1;OpenXR
Left;;Baseline;0;NoMitigation;None;anonymous;Sample;628;0.0000;-0.0191;-0.0082;0.0075;0.9934;5.8962;1.7741;-0.0191;-0.0082;0.0075;0.9985;0.0095;0.0513;0.0150;0;0.1082;-1.7141;-0.0132;0.0000;341.8270;0.0000;0.0000;0.0000;0.0000;0.0000;0.0000;0.0000;0;0.0000;0.0000;0.0000;0.0000;0.0000;0.0000;ControllerBody;0.0000;0.0000;1.0000;0.0000;0.0000;0.0000;1.0000;0.0000;0.0000;0.0000;0.0821;-0.2416;0.2482;45.2253;1.3808;164.7047;0.0874;-0.2392;0.2442;45.4275;1.4322;164.6232;0;0.0874;-0.2392;0.2442;45.4275;1.4322;164.6232;ControllerBody;fc9c2bd3-aae8-4497-a886-be853502c08c;;LineBisection;2026-05-18 09:49:29.0810;Controllers;1;OpenXR
Left;;Baseline;0;NoMitigation;None;anonymous;Sample;629;0.0000;-0.0192;-0.0086;0.0074;0.8524;5.8050;1.8034;-0.0192;-0.0086;0.0074;0.9986;0.0082;0.0505;0.0153;0;0.1082;-1.7141;-0.0132;0.0000;341.8270;0.0000;0.0000;0.0000;0.0000;0.0000;0.0000;0.0000;0;0.0000;0.0000;0.0000;0.0000;0.0000;0.0000;ControllerBody;0.0000;0.0000;1.0000;0.0000;0.0000;0.0000;1.0000;0.0000;0.0000;0.0000;0.0824;-0.2417;0.2482;45.2299;1.3820;164.7028;0.0874;-0.2392;0.2442;45.4275;1.4322;164.6232;0;0.0874;-0.2392;0.2442;45.4275;1.4322;164.6232;ControllerBody;fc9c2bd3-aae8-4497-a886-be853502c08c;;LineBisection;2026-05-18 09:49:29.1044;Controllers;1;OpenXR
Left;;Baseline;0;NoMitigation;None;anonymous;Sample;631;0.0000;-0.0195;-0.0090;0.0072;0.5704;5.6712;1.9346;-0.0195;-0.0090;0.0072;0.9986;0.0058;0.0494;0.0166;0;0.1082;-1.7141;-0.0132;0.0000;341.8270;0.0000;0.0000;0.0000;0.0000;0.0000;0.0000;0.0000;0;0.0000;0.0000;0.0000;0.0000;0.0000;0.0000;ControllerBody;0.0000;0.0000;1.0000;0.0000;0.0000;0.0000;1.0000;0.0000;0.0000;0.0000;0.0827;-0.2419;0.2483;45.2363;1.3836;164.7003;0.0874;-0.2392;0.2442;45.4275;1.4322;164.6232;0;0.0874;-0.2392;0.2442;45.4275;1.4322;164.6232;ControllerBody;fc9c2bd3-aae8-4497-a886-be853502c08c;;LineBisection;2026-05-18 09:49:29.1383;Controllers;1;OpenXR
Left;;Baseline;0;NoMitigation;None;anonymous;Sample;633;0.0000;-0.0198;-0.0092;0.0072;0.6004;5.6676;2.2821;-0.0198;-0.0092;0.0072;0.9986;0.0062;0.0493;0.0196;0;0.1082;-1.7141;-0.0132;0.0000;341.8270;0.0000;0.0000;0.0000;0.0000;0.0000;0.0000;0.0000;0;0.0000;0.0000;0.0000;0.0000;0.0000;0.0000;ControllerBody;0.0000;0.0000;1.0000;0.0000;0.0000;0.0000;1.0000;0.0000;0.0000;0.0000;0.0830;-0.2420;0.2484;45.2411;1.3848;164.6983;0.0874;-0.2392;0.2442;45.4275;1.4322;164.6232;0;0.0874;-0.2392;0.2442;45.4275;1.4322;164.6232;ControllerBody;fc9c2bd3-aae8-4497-a886-be853502c08c;;LineBisection;2026-05-18 09:49:29.1639;Controllers;1;OpenXR
Left;;Baseline;0;NoMitigation;None;anonymous;Sample;634;0.0000;-0.0199;-0.0090;0.0077;0.8271;5.7928;2.3849;-0.0199;-0.0090;0.0077;0.9985;0.0083;0.0504;0.0204;0;0.1082;-1.7141;-0.0132;0.0000;341.8270;0.0000;0.0000;0.0000;0.0000;0.0000;0.0000;0.0000;0;0.0000;0.0000;0.0000;0.0000;0.0000;0.0000;ControllerBody;0.0000;0.0000;1.0000;0.0000;0.0000;0.0000;1.0000;0.0000;0.0000;0.0000;0.0832;-0.2421;0.2484;45.2450;1.3858;164.6967;0.0874;-0.2392;0.2442;45.4275;1.4322;164.6232;0;0.0874;-0.2392;0.2442;45.4275;1.4322;164.6232;ControllerBody;fc9c2bd3-aae8-4497-a886-be853502c08c;;LineBisection;2026-05-18 09:49:29.1879;Controllers;1;OpenXR
Left;;Baseline;0;NoMitigation;None;anonymous;Sample;636;0.0000;-0.0198;-0.0087;0.0083;1.0379;6.0715;2.5083;-0.0198;-0.0087;0.0083;0.9983;0.0102;0.0527;0.0214;0;0.1082;-1.7141;-0.0132;0.0000;341.8270;0.0000;0.0000;0.0000;0.0000;0.0000;0.0000;0.0000;0;0.0000;0.0000;0.0000;0.0000;0.0000;0.0000;ControllerBody;0.0000;0.0000;1.0000;0.0000;0.0000;0.0000;1.0000;0.0000;0.0000;0.0000;0.0834;-0.2423;0.2485;45.2504;1.3872;164.6945;0.0874;-0.2392;0.2442;45.4275;1.4322;164.6232;0;0.0874;-0.2392;0.2442;45.4275;1.4322;164.6232;ControllerBody;fc9c2bd3-aae8-4497-a886-be853502c08c;;LineBisection;2026-05-18 09:49:29.2211;Controllers;1;OpenXR
Left;;Baseline;0;NoMitigation;None;anonymous;Sample;638;0.0000;-0.0195;-0.0088;0.0086;1.0021;6.3332;2.4641;-0.0195;-0.0088;0.0086;0.9982;0.0099;0.0550;0.0210;0;0.1082;-1.7141;-0.0132;0.0000;341.8270;0.0000;0.0000;0.0000;0.0000;0.0000;0.0000;0.0000;0;0.0000;0.0000;0.0000;0.0000;0.0000;0.0000;ControllerBody;0.0000;0.0000;1.0000;0.0000;0.0000;0.0000;1.0000;0.0000;0.0000;0.0000;0.0836;-0.2424;0.2485;45.2557;1.3885;164.6924;0.0874;-0.2392;0.2442;45.4275;1.4322;164.6232;0;0.0874;-0.2392;0.2442;45.4275;1.4322;164.6232;ControllerBody;fc9c2bd3-aae8-4497-a886-be853502c08c;;LineBisection;2026-05-18 09:49:29.2545;Controllers;1;OpenXR
Left;;Baseline;0;NoMitigation;None;anonymous;Sample;640;0.0000;-0.0188;-0.0093;0.0085;0.7373;6.5278;2.2301;-0.0188;-0.0093;0.0085;0.9982;0.0075;0.0568;0.0191;0;0.1082;-1.7141;-0.0132;0.0000;341.8270;0.0000;0.0000;0.0000;0.0000;0.0000;0.0000;0.0000;0;0.0000;0.0000;0.0000;0.0000;0.0000;0.0000;ControllerBody;0.0000;0.0000;1.0000;0.0000;0.0000;0.0000;1.0000;0.0000;0.0000;0.0000;0.0838;-0.2425;0.2486;45.2607;1.3898;164.6904;0.0874;-0.2392;0.2442;45.4275;1.4322;164.6232;0;0.0874;-0.2392;0.2442;45.4275;1.4322;164.6232;ControllerBody;fc9c2bd3-aae8-4497-a886-be853502c08c;;LineBisection;2026-05-18 09:49:29.2931;Controllers;1;OpenXR
Left;;Baseline;0;NoMitigation;None;anonymous;Sample;642;0.0000;-0.0181;-0.0097;0.0082;0.6095;6.5831;1.9619;-0.0181;-0.0097;0.0082;0.9982;0.0063;0.0573;0.0168;0;0.1082;-1.7141;-0.0132;0.0000;341.8270;0.0000;0.0000;0.0000;0.0000;0.0000;0.0000;0.0000;0;0.0000;0.0000;0.0000;0.0000;0.0000;0.0000;ControllerBody;0.0000;0.0000;1.0000;0.0000;0.0000;0.0000;1.0000;0.0000;0.0000;0.0000;0.0840;-0.2426;0.2486;45.2653;1.3910;164.6886;0.0874;-0.2392;0.2442;45.4275;1.4322;164.6232;0;0.0874;-0.2392;0.2442;45.4275;1.4322;164.6232;ControllerBody;fc9c2bd3-aae8-4497-a886-be853502c08c;;LineBisection;2026-05-18 09:49:29.3217;Controllers;1;OpenXR
Left;;Baseline;0;NoMitigation;None;anonymous;Sample;644;0.0000;-0.0175;-0.0097;0.0086;0.7368;6.4783;1.9337;-0.0175;-0.0097;0.0086;0.9982;0.0074;0.0564;0.0165;0;0.1082;-1.7141;-0.0132;0.0000;341.8270;0.0000;0.0000;0.0000;0.0000;0.0000;0.0000;0.0000;0;0.0000;0.0000;0.0000;0.0000;0.0000;0.0000;ControllerBody;0.0000;0.0000;1.0000;0.0000;0.0000;0.0000;1.0000;0.0000;0.0000;0.0000;0.0842;-0.2427;0.2486;45.2695;1.3920;164.6869;0.0874;-0.2392;0.2442;45.4275;1.4322;164.6232;0;0.0874;-0.2392;0.2442;45.4275;1.4322;164.6232;ControllerBody;fc9c2bd3-aae8-4497-a886-be853502c08c;;LineBisection;2026-05-18 09:49:29.3545;Controllers;1;OpenXR
Left;;Baseline;0;NoMitigation;None;anonymous;Sample;645;0.0000;-0.0170;-0.0097;0.0090;0.9313;6.4236;1.8753;-0.0170;-0.0097;0.0090;0.9983;0.0090;0.0559;0.0159;0;0.1082;-1.7141;-0.0132;0.0000;341.8270;0.0000;0.0000;0.0000;0.0000;0.0000;0.0000;0.0000;0;0.0000;0.0000;0.0000;0.0000;0.0000;0.0000;ControllerBody;0.0000;0.0000;1.0000;0.0000;0.0000;0.0000;1.0000;0.0000;0.0000;0.0000;0.0843;-0.2428;0.2487;45.2722;1.3928;164.6858;0.0874;-0.2392;0.2442;45.4275;1.4322;164.6232;0;0.0874;-0.2392;0.2442;45.4275;1.4322;164.6232;ControllerBody;fc9c2bd3-aae8-4497-a886-be853502c08c;;LineBisection;2026-05-18 09:49:29.3880;Controllers;1;OpenXR
Left;;Baseline;0;NoMitigation;None;anonymous;Sample;646;0.0000;-0.0165;-0.0099;0.0097;0.9967;6.3515;1.7462;-0.0165;-0.0099;0.0097;0.9983;0.0095;0.0553;0.0147;0;0.1082;-1.7141;-0.0132;0.0000;341.8270;0.0000;0.0000;0.0000;0.0000;0.0000;0.0000;0.0000;0;0.0000;0.0000;0.0000;0.0000;0.0000;0.0000;ControllerBody;0.0000;0.0000;1.0000;0.0000;0.0000;0.0000;1.0000;0.0000;0.0000;0.0000;0.0844;-0.2428;0.2487;45.2750;1.3935;164.6847;0.0874;-0.2392;0.2442;45.4275;1.4322;164.6232;0;0.0874;-0.2392;0.2442;45.4275;1.4322;164.6232;ControllerBody;fc9c2bd3-aae8-4497-a886-be853502c08c;;LineBisection;2026-05-18 09:49:29.4215;Controllers;1;OpenXR
Left;;Baseline;0;NoMitigation;None;anonymous;Sample;648;0.0000;-0.0156;-0.0099;0.0111;1.1677;6.2252;1.9463;-0.0156;-0.0099;0.0111;0.9983;0.0111;0.0541;0.0164;0;0.1082;-1.7141;-0.0132;0.0000;341.8270;0.0000;0.0000;0.0000;0.0000;0.0000;0.0000;0.0000;0;0.0000;0.0000;0.0000;0.0000;0.0000;0.0000;ControllerBody;0.0000;0.0000;1.0000;0.0000;0.0000;0.0000;1.0000;0.0000;0.0000;0.0000;0.0845;-0.2429;0.2487;45.2788;1.3944;164.6831;0.0874;-0.2392;0.2442;45.4275;1.4322;164.6232;0;0.0874;-0.2392;0.2442;45.4275;1.4322;164.6232;ControllerBody;fc9c2bd3-aae8-4497-a886-be853502c08c;;LineBisection;2026-05-18 09:49:29.4542;Controllers;1;OpenXR
Left;;Baseline;0;NoMitigation;None;anonymous;Sample;650;0.0000;-0.0154;-0.0100;0.0115;1.2515;6.5041;2.2463;-0.0154;-0.0100;0.0115;0.9982;0.0120;0.0565;0.0189;0;0.1082;-1.7141;-0.0132;0.0000;341.8270;0.0000;0.0000;0.0000;0.0000;0.0000;0.0000;0.0000;0;0.0000;0.0000;0.0000;0.0000;0.0000;0.0000;ControllerBody;0.0000;0.0000;1.0000;0.0000;0.0000;0.0000;1.0000;0.0000;0.0000;0.0000;0.0846;-0.2429;0.2488;45.2827;1.3954;164.6816;0.0874;-0.2392;0.2442;45.4275;1.4322;164.6232;0;0.0874;-0.2392;0.2442;45.4275;1.4322;164.6232;ControllerBody;fc9c2bd3-aae8-4497-a886-be853502c08c;;LineBisection;2026-05-18 09:49:29.4897;Controllers;1;OpenXR
Left;;Baseline;0;NoMitigation;None;anonymous;Sample;652;0.0000;-0.0153;-0.0101;0.0119;1.3380;6.9523;2.1740;-0.0153;-0.0101;0.0119;0.9979;0.0128;0.0604;0.0182;0;0.1082;-1.7141;-0.0132;0.0000;341.8270;0.0000;0.0000;0.0000;0.0000;0.0000;0.0000;0.0000;0;0.0000;0.0000;0.0000;0.0000;0.0000;0.0000;ControllerBody;0.0000;0.0000;1.0000;0.0000;0.0000;0.0000;1.0000;0.0000;0.0000;0.0000;0.0847;-0.2430;0.2488;45.2834;1.3956;164.6813;0.0874;-0.2392;0.2442;45.4275;1.4322;164.6232;0;0.0874;-0.2392;0.2442;45.4275;1.4322;164.6232;ControllerBody;fc9c2bd3-aae8-4497-a886-be853502c08c;;LineBisection;2026-05-18 09:49:29.5247;Controllers;1;OpenXR
Left;;Baseline;0;NoMitigation;None;anonymous;Sample;654;0.0000;-0.0153;-0.0103;0.0117;1.3413;7.1482;2.0444;-0.0153;-0.0103;0.0117;0.9978;0.0128;0.0621;0.0171;0;0.1082;-1.7141;-0.0132;0.0000;341.8270;0.0000;0.0000;0.0000;0.0000;0.0000;0.0000;0.0000;0;0.0000;0.0000;0.0000;0.0000;0.0000;0.0000;ControllerBody;0.0000;0.0000;1.0000;0.0000;0.0000;0.0000;1.0000;0.0000;0.0000;0.0000;0.0848;-0.2430;0.2488;45.2834;1.3956;164.6813;0.0874;-0.2392;0.2442;45.4275;1.4322;164.6232;0;0.0874;-0.2392;0.2442;45.4275;1.4322;164.6232;ControllerBody;fc9c2bd3-aae8-4497-a886-be853502c08c;;LineBisection;2026-05-18 09:49:29.5514;Controllers;1;OpenXR
Left;;Baseline;0;NoMitigation;None;anonymous;Sample;655;0.0000;-0.0153;-0.0105;0.0111;1.3580;7.0103;1.9739;-0.0153;-0.0105;0.0111;0.9979;0.0129;0.0609;0.0165;0;0.1082;-1.7141;-0.0132;0.0000;341.8270;0.0000;0.0000;0.0000;0.0000;0.0000;0.0000;0.0000;0;0.0000;0.0000;0.0000;0.0000;0.0000;0.0000;ControllerBody;0.0000;0.0000;1.0000;0.0000;0.0000;0.0000;1.0000;0.0000;0.0000;0.0000;0.0849;-0.2431;0.2488;45.2834;1.3956;164.6813;0.0874;-0.2392;0.2442;45.4275;1.4322;164.6232;0;0.0874;-0.2392;0.2442;45.4275;1.4322;164.6232;ControllerBody;fc9c2bd3-aae8-4497-a886-be853502c08c;;LineBisection;2026-05-18 09:49:29.5747;Controllers;1;OpenXR
Left;;Baseline;0;NoMitigation;None;anonymous;Sample;657;0.0000;-0.0154;-0.0111;0.0104;1.3610;6.6003;1.7890;-0.0154;-0.0111;0.0104;0.9982;0.0128;0.0574;0.0149;0;0.1082;-1.7141;-0.0132;0.0000;341.8270;0.0000;0.0000;0.0000;0.0000;0.0000;0.0000;0.0000;0;0.0000;0.0000;0.0000;0.0000;0.0000;0.0000;ControllerBody;0.0000;0.0000;1.0000;0.0000;0.0000;0.0000;1.0000;0.0000;0.0000;0.0000;0.0850;-0.2431;0.2488;45.2834;1.3956;164.6813;0.0874;-0.2392;0.2442;45.4275;1.4322;164.6232;0;0.0874;-0.2392;0.2442;45.4275;1.4322;164.6232;ControllerBody;fc9c2bd3-aae8-4497-a886-be853502c08c;;LineBisection;2026-05-18 09:49:29.6267;Controllers;1;OpenXR
Left;;Baseline;0;NoMitigation;None;anonymous;Sample;658;0.0000;-0.0160;-0.0115;0.0097;1.4659;6.1744;1.5924;-0.0160;-0.0115;0.0097;0.9984;0.0135;0.0537;0.0132;0;0.1082;-1.7141;-0.0132;0.0000;341.8270;0.0000;0.0000;0.0000;0.0000;0.0000;0.0000;0.0000;0;0.0000;0.0000;0.0000;0.0000;0.0000;0.0000;ControllerBody;0.0000;0.0000;1.0000;0.0000;0.0000;0.0000;1.0000;0.0000;0.0000;0.0000;0.0850;-0.2432;0.2488;45.2834;1.3956;164.6813;0.0874;-0.2392;0.2442;45.4275;1.4322;164.6232;0;0.0874;-0.2392;0.2442;45.4275;1.4322;164.6232;ControllerBody;fc9c2bd3-aae8-4497-a886-be853502c08c;;LineBisection;2026-05-18 09:49:29.6542;Controllers;1;OpenXR
Left;;Baseline;0;NoMitigation;None;anonymous;Sample;659;0.0000;-0.0164;-0.0116;0.0097;1.5527;6.0732;1.6726;-0.0164;-0.0116;0.0097;0.9984;0.0143;0.0528;0.0139;0;0.1082;-1.7141;-0.0132;0.0000;341.8270;0.0000;0.0000;0.0000;0.0000;0.0000;0.0000;0.0000;0;0.0000;0.0000;0.0000;0.0000;0.0000;0.0000;ControllerBody;0.0000;0.0000;1.0000;0.0000;0.0000;0.0000;1.0000;0.0000;0.0000;0.0000;0.0851;-0.2432;0.2489;45.2834;1.3956;164.6813;0.0874;-0.2392;0.2442;45.4275;1.4322;164.6232;0;0.0874;-0.2392;0.2442;45.4275;1.4322;164.6232;ControllerBody;fc9c2bd3-aae8-4497-a886-be853502c08c;;LineBisection;2026-05-18 09:49:29.6963;Controllers;1;OpenXR
Left;;Baseline;0;NoMitigation;None;anonymous;Sample;660;0.0000;-0.0172;-0.0115;0.0099;1.6765;6.0094;1.9836;-0.0172;-0.0115;0.0099;0.9984;0.0155;0.0522;0.0165;0;0.1082;-1.7141;-0.0132;0.0000;341.8270;0.0000;0.0000;0.0000;0.0000;0.0000;0.0000;0.0000;0;0.0000;0.0000;0.0000;0.0000;0.0000;0.0000;ControllerBody;0.0000;0.0000;1.0000;0.0000;0.0000;0.0000;1.0000;0.0000;0.0000;0.0000;0.0851;-0.2432;0.2489;45.2834;1.3956;164.6813;0.0874;-0.2392;0.2442;45.4275;1.4322;164.6232;0;0.0874;-0.2392;0.2442;45.4275;1.4322;164.6232;ControllerBody;fc9c2bd3-aae8-4497-a886-be853502c08c;;LineBisection;2026-05-18 09:49:29.7229;Controllers;1;OpenXR
Left;;Baseline;0;NoMitigation;None;anonymous;Sample;661;0.0000;-0.0176;-0.0113;0.0104;1.6562;6.1494;2.1858;-0.0176;-0.0113;0.0104;0.9983;0.0155;0.0533;0.0183;0;0.1082;-1.7141;-0.0132;0.0000;341.8270;0.0000;0.0000;0.0000;0.0000;0.0000;0.0000;0.0000;0;0.0000;0.0000;0.0000;0.0000;0.0000;0.0000;ControllerBody;0.0000;0.0000;1.0000;0.0000;0.0000;0.0000;1.0000;0.0000;0.0000;0.0000;0.0852;-0.2433;0.2489;45.2834;1.3956;164.6813;0.0874;-0.2392;0.2442;45.4275;1.4322;164.6232;0;0.0874;-0.2392;0.2442;45.4275;1.4322;164.6232;ControllerBody;fc9c2bd3-aae8-4497-a886-be853502c08c;;LineBisection;2026-05-18 09:49:29.7588;Controllers;1;OpenXR
Left;;Baseline;0;NoMitigation;None;anonymous;Sample;662;0.0000;-0.0182;-0.0112;0.0108;1.5821;6.4239;2.3448;-0.0182;-0.0112;0.0108;0.9981;0.0149;0.0557;0.0197;0;0.1082;-1.7141;-0.0132;0.0000;341.8270;0.0000;0.0000;0.0000;0.0000;0.0000;0.0000;0.0000;0;0.0000;0.0000;0.0000;0.0000;0.0000;0.0000;ControllerBody;0.0000;0.0000;1.0000;0.0000;0.0000;0.0000;1.0000;0.0000;0.0000;0.0000;0.0852;-0.2433;0.2489;45.2834;1.3956;164.6813;0.0874;-0.2392;0.2442;45.4275;1.4322;164.6232;0;0.0874;-0.2392;0.2442;45.4275;1.4322;164.6232;ControllerBody;fc9c2bd3-aae8-4497-a886-be853502c08c;;LineBisection;2026-05-18 09:49:29.7813;Controllers;1;OpenXR
Left;;Baseline;0;NoMitigation;None;anonymous;Sample;663;0.0000;-0.0183;-0.0112;0.0109;1.4558;6.5350;2.3973;-0.0183;-0.0112;0.0109;0.9981;0.0139;0.0567;0.0202;0;0.1082;-1.7141;-0.0132;0.0000;341.8270;0.0000;0.0000;0.0000;0.0000;0.0000;0.0000;0.0000;0;0.0000;0.0000;0.0000;0.0000;0.0000;0.0000;ControllerBody;0.0000;0.0000;1.0000;0.0000;0.0000;0.0000;1.0000;0.0000;0.0000;0.0000;0.0853;-0.2433;0.2489;45.2834;1.3956;164.6813;0.0874;-0.2392;0.2442;45.4275;1.4322;164.6232;0;0.0874;-0.2392;0.2442;45.4275;1.4322;164.6232;ControllerBody;fc9c2bd3-aae8-4497-a886-be853502c08c;;LineBisection;2026-05-18 09:49:29.8043;Controllers;1;OpenXR
Left;;Baseline;0;NoMitigation;None;anonymous;Sample;665;0.0000;-0.0182;-0.0111;0.0111;1.4046;6.5734;2.4490;-0.0182;-0.0111;0.0111;0.9981;0.0135;0.0571;0.0206;0;0.1082;-1.7141;-0.0132;0.0000;341.8270;0.0000;0.0000;0.0000;0.0000;0.0000;0.0000;0.0000;0;0.0000;0.0000;0.0000;0.0000;0.0000;0.0000;ControllerBody;0.0000;0.0000;1.0000;0.0000;0.0000;0.0000;1.0000;0.0000;0.0000;0.0000;0.0853;-0.2433;0.2489;45.2834;1.3956;164.6813;0.0874;-0.2392;0.2442;45.4275;1.4322;164.6232;0;0.0874;-0.2392;0.2442;45.4275;1.4322;164.6232;ControllerBody;fc9c2bd3-aae8-4497-a886-be853502c08c;;LineBisection;2026-05-18 09:49:29.8304;Controllers;1;OpenXR
Left;;Baseline;0;NoMitigation;None;anonymous;Sample;666;0.0000;-0.0179;-0.0112;0.0112;1.4517;6.5299;2.4183;-0.0179;-0.0112;0.0112;0.9981;0.0138;0.0567;0.0203;0;0.1082;-1.7141;-0.0132;0.0000;341.8270;0.0000;0.0000;0.0000;0.0000;0.0000;0.0000;0.0000;0;0.0000;0.0000;0.0000;0.0000;0.0000;0.0000;ControllerBody;0.0000;0.0000;1.0000;0.0000;0.0000;0.0000;1.0000;0.0000;0.0000;0.0000;0.0854;-0.2434;0.2489;45.2834;1.3956;164.6813;0.0874;-0.2392;0.2442;45.4275;1.4322;164.6232;0;0.0874;-0.2392;0.2442;45.4275;1.4322;164.6232;ControllerBody;fc9c2bd3-aae8-4497-a886-be853502c08c;;LineBisection;2026-05-18 09:49:29.8560;Controllers;1;OpenXR
Left;;Baseline;0;NoMitigation;None;anonymous;Sample;668;0.0000;-0.0174;-0.0114;0.0115;1.5007;6.4876;2.2271;-0.0174;-0.0114;0.0115;0.9981;0.0142;0.0563;0.0187;0;0.1082;-1.7141;-0.0132;0.0000;341.8270;0.0000;0.0000;0.0000;0.0000;0.0000;0.0000;0.0000;0;0.0000;0.0000;0.0000;0.0000;0.0000;0.0000;ControllerBody;0.0000;0.0000;1.0000;0.0000;0.0000;0.0000;1.0000;0.0000;0.0000;0.0000;0.0854;-0.2434;0.2489;45.2834;1.3956;164.6813;0.0874;-0.2392;0.2442;45.4275;1.4322;164.6232;0;0.0874;-0.2392;0.2442;45.4275;1.4322;164.6232;ControllerBody;fc9c2bd3-aae8-4497-a886-be853502c08c;;LineBisection;2026-05-18 09:49:29.8887;Controllers;1;OpenXR
Left;;Baseline;0;NoMitigation;None;anonymous;Sample;670;0.0000;-0.0167;-0.0116;0.0118;1.5937;6.4045;2.0612;-0.0167;-0.0116;0.0118;0.9982;0.0149;0.0556;0.0172;0;0.1082;-1.7141;-0.0132;0.0000;341.8270;0.0000;0.0000;0.0000;0.0000;0.0000;0.0000;0.0000;0;0.0000;0.0000;0.0000;0.0000;0.0000;0.0000;ControllerBody;0.0000;0.0000;1.0000;0.0000;0.0000;0.0000;1.0000;0.0000;0.0000;0.0000;0.0855;-0.2434;0.2490;45.2834;1.3956;164.6813;0.0874;-0.2392;0.2442;45.4275;1.4322;164.6232;0;0.0874;-0.2392;0.2442;45.4275;1.4322;164.6232;ControllerBody;fc9c2bd3-aae8-4497-a886-be853502c08c;;LineBisection;2026-05-18 09:49:29.9278;Controllers;1;OpenXR
Left;;Baseline;0;NoMitigation;None;anonymous;Sample;671;0.0000;-0.0165;-0.0117;0.0120;1.6844;6.3386;1.9958;-0.0165;-0.0117;0.0120;0.9982;0.0156;0.0550;0.0166;0;0.1082;-1.7141;-0.0132;0.0000;341.8270;0.0000;0.0000;0.0000;0.0000;0.0000;0.0000;0.0000;0;0.0000;0.0000;0.0000;0.0000;0.0000;0.0000;ControllerBody;0.0000;0.0000;1.0000;0.0000;0.0000;0.0000;1.0000;0.0000;0.0000;0.0000;0.0855;-0.2434;0.2490;45.2834;1.3956;164.6813;0.0874;-0.2392;0.2442;45.4275;1.4322;164.6232;0;0.0874;-0.2392;0.2442;45.4275;1.4322;164.6232;ControllerBody;fc9c2bd3-aae8-4497-a886-be853502c08c;;LineBisection;2026-05-18 09:49:29.9700;Controllers;1;OpenXR
Left;;Baseline;0;NoMitigation;None;anonymous;Sample;672;0.0000;-0.0160;-0.0119;0.0123;1.8762;6.2484;1.9050;-0.0160;-0.0119;0.0123;0.9983;0.0173;0.0542;0.0157;0;0.1082;-1.7141;-0.0132;0.0000;341.8270;0.0000;0.0000;0.0000;0.0000;0.0000;0.0000;0.0000;0;0.0000;0.0000;0.0000;0.0000;0.0000;0.0000;ControllerBody;0.0000;0.0000;1.0000;0.0000;0.0000;0.0000;1.0000;0.0000;0.0000;0.0000;0.0856;-0.2435;0.2490;45.2834;1.3956;164.6813;0.0874;-0.2392;0.2442;45.4275;1.4322;164.6232;0;0.0874;-0.2392;0.2442;45.4275;1.4322;164.6232;ControllerBody;fc9c2bd3-aae8-4497-a886-be853502c08c;;LineBisection;2026-05-18 09:49:29.9971;Controllers;1;OpenXR
Left;;Baseline;0;NoMitigation;None;anonymous;Sample;673;0.0000;-0.0159;-0.0120;0.0124;1.9538;6.3243;1.9272;-0.0159;-0.0120;0.0124;0.9982;0.0179;0.0549;0.0158;0;0.1082;-1.7141;-0.0132;0.0000;341.8270;0.0000;0.0000;0.0000;0.0000;0.0000;0.0000;0.0000;0;0.0000;0.0000;0.0000;0.0000;0.0000;0.0000;ControllerBody;0.0000;0.0000;1.0000;0.0000;0.0000;0.0000;1.0000;0.0000;0.0000;0.0000;0.0856;-0.2435;0.2490;45.2834;1.3956;164.6813;0.0874;-0.2392;0.2442;45.4275;1.4322;164.6232;0;0.0874;-0.2392;0.2442;45.4275;1.4322;164.6232;ControllerBody;fc9c2bd3-aae8-4497-a886-be853502c08c;;LineBisection;2026-05-18 09:49:30.0255;Controllers;1;OpenXR
Left;;Baseline;0;NoMitigation;None;anonymous;Sample;674;0.0000;-0.0161;-0.0120;0.0122;1.9325;6.4551;1.9430;-0.0161;-0.0120;0.0122;0.9981;0.0178;0.0560;0.0160;0;0.1082;-1.7141;-0.0132;0.0000;341.8270;0.0000;0.0000;0.0000;0.0000;0.0000;0.0000;0.0000;0;0.0000;0.0000;0.0000;0.0000;0.0000;0.0000;ControllerBody;0.0000;0.0000;1.0000;0.0000;0.0000;0.0000;1.0000;0.0000;0.0000;0.0000;0.0856;-0.2435;0.2490;45.2834;1.3956;164.6813;0.0874;-0.2392;0.2442;45.4275;1.4322;164.6232;0;0.0874;-0.2392;0.2442;45.4275;1.4322;164.6232;ControllerBody;fc9c2bd3-aae8-4497-a886-be853502c08c;;LineBisection;2026-05-18 09:49:30.0618;Controllers;1;OpenXR
Left;;Baseline;0;NoMitigation;None;anonymous;Sample;675;0.0000;-0.0164;-0.0121;0.0119;1.7915;6.5712;1.9312;-0.0164;-0.0121;0.0119;0.9981;0.0166;0.0570;0.0159;0;0.1082;-1.7141;-0.0132;0.0000;341.8270;0.0000;0.0000;0.0000;0.0000;0.0000;0.0000;0.0000;0;0.0000;0.0000;0.0000;0.0000;0.0000;0.0000;ControllerBody;0.0000;0.0000;1.0000;0.0000;0.0000;0.0000;1.0000;0.0000;0.0000;0.0000;0.0857;-0.2435;0.2490;45.2834;1.3956;164.6813;0.0874;-0.2392;0.2442;45.4275;1.4322;164.6232;0;0.0874;-0.2392;0.2442;45.4275;1.4322;164.6232;ControllerBody;fc9c2bd3-aae8-4497-a886-be853502c08c;;LineBisection;2026-05-18 09:49:30.0884;Controllers;1;OpenXR
Left;;Baseline;0;NoMitigation;None;anonymous;Sample;676;0.0000;-0.0166;-0.0119;0.0118;1.7819;6.4982;2.0189;-0.0166;-0.0119;0.0118;0.9981;0.0165;0.0564;0.0167;0;0.1082;-1.7141;-0.0132;0.0000;341.8270;0.0000;0.0000;0.0000;0.0000;0.0000;0.0000;0.0000;0;0.0000;0.0000;0.0000;0.0000;0.0000;0.0000;ControllerBody;0.0000;0.0000;1.0000;0.0000;0.0000;0.0000;1.0000;0.0000;0.0000;0.0000;0.0857;-0.2435;0.2490;45.2834;1.3956;164.6813;0.0874;-0.2392;0.2442;45.4275;1.4322;164.6232;0;0.0874;-0.2392;0.2442;45.4275;1.4322;164.6232;ControllerBody;fc9c2bd3-aae8-4497-a886-be853502c08c;;LineBisection;2026-05-18 09:49:30.1242;Controllers;1;OpenXR
Left;;Baseline;0;NoMitigation;None;anonymous;Sample;678;0.0000;-0.0172;-0.0116;0.0112;1.5461;6.3656;2.2252;-0.0172;-0.0116;0.0112;0.9982;0.0145;0.0552;0.0186;0;0.1082;-1.7141;-0.0132;0.0000;341.8270;0.0000;0.0000;0.0000;0.0000;0.0000;0.0000;0.0000;0;0.0000;0.0000;0.0000;0.0000;0.0000;0.0000;ControllerBody;0.0000;0.0000;1.0000;0.0000;0.0000;0.0000;1.0000;0.0000;0.0000;0.0000;0.0857;-0.2436;0.2490;45.2834;1.3956;164.6813;0.0874;-0.2392;0.2442;45.4275;1.4322;164.6232;0;0.0874;-0.2392;0.2442;45.4275;1.4322;164.6232;ControllerBody;fc9c2bd3-aae8-4497-a886-be853502c08c;;LineBisection;2026-05-18 09:49:30.1540;Controllers;1;OpenXR
Left;;Baseline;0;NoMitigation;None;anonymous;Sample;679;0.0000;-0.0173;-0.0116;0.0113;1.5456;6.4121;2.1473;-0.0173;-0.0116;0.0113;0.9982;0.0145;0.0557;0.0180;0;0.1082;-1.7141;-0.0132;0.0000;341.8270;0.0000;0.0000;0.0000;0.0000;0.0000;0.0000;0.0000;0;0.0000;0.0000;0.0000;0.0000;0.0000;0.0000;ControllerBody;0.0000;0.0000;1.0000;0.0000;0.0000;0.0000;1.0000;0.0000;0.0000;0.0000;0.0858;-0.2436;0.2490;45.2834;1.3956;164.6813;0.0874;-0.2392;0.2442;45.4275;1.4322;164.6232;0;0.0874;-0.2392;0.2442;45.4275;1.4322;164.6232;ControllerBody;fc9c2bd3-aae8-4497-a886-be853502c08c;;LineBisection;2026-05-18 09:49:30.1874;Controllers;1;OpenXR
Left;;Baseline;0;NoMitigation;None;anonymous;Sample;680;0.0000;-0.0175;-0.0115;0.0114;1.5579;6.4074;2.2462;-0.0175;-0.0115;0.0114;0.9982;0.0147;0.0556;0.0188;0;0.1082;-1.7141;-0.0132;0.0000;341.8270;0.0000;0.0000;0.0000;0.0000;0.0000;0.0000;0.0000;0;0.0000;0.0000;0.0000;0.0000;0.0000;0.0000;ControllerBody;0.0000;0.0000;1.0000;0.0000;0.0000;0.0000;1.0000;0.0000;0.0000;0.0000;0.0858;-0.2436;0.2490;45.2834;1.3956;164.6813;0.0874;-0.2392;0.2442;45.4275;1.4322;164.6232;0;0.0874;-0.2392;0.2442;45.4275;1.4322;164.6232;ControllerBody;fc9c2bd3-aae8-4497-a886-be853502c08c;;LineBisection;2026-05-18 09:49:30.2276;Controllers;1;OpenXR
Left;;Baseline;0;NoMitigation;None;anonymous;Sample;681;0.0000;-0.0175;-0.0115;0.0115;1.6082;6.4251;2.3408;-0.0175;-0.0115;0.0115;0.9981;0.0152;0.0557;0.0196;0;0.1082;-1.7141;-0.0132;0.0000;341.8270;0.0000;0.0000;0.0000;0.0000;0.0000;0.0000;0.0000;0;0.0000;0.0000;0.0000;0.0000;0.0000;0.0000;ControllerBody;0.0000;0.0000;1.0000;0.0000;0.0000;0.0000;1.0000;0.0000;0.0000;0.0000;0.0858;-0.2436;0.2490;45.2834;1.3956;164.6813;0.0874;-0.2392;0.2442;45.4275;1.4322;164.6232;0;0.0874;-0.2392;0.2442;45.4275;1.4322;164.6232;ControllerBody;fc9c2bd3-aae8-4497-a886-be853502c08c;;LineBisection;2026-05-18 09:49:30.2523;Controllers;1;OpenXR
Left;;Baseline;0;NoMitigation;None;anonymous;Sample;682;0.0000;-0.0174;-0.0117;0.0116;1.6346;6.4726;2.2685;-0.0174;-0.0117;0.0116;0.9981;0.0154;0.0562;0.0190;0;0.1082;-1.7141;-0.0132;0.0000;341.8270;0.0000;0.0000;0.0000;0.0000;0.0000;0.0000;0.0000;0;0.0000;0.0000;0.0000;0.0000;0.0000;0.0000;ControllerBody;0.0000;0.0000;1.0000;0.0000;0.0000;0.0000;1.0000;0.0000;0.0000;0.0000;0.0858;-0.2436;0.2490;45.2834;1.3956;164.6813;0.0874;-0.2392;0.2442;45.4275;1.4322;164.6232;0;0.0874;-0.2392;0.2442;45.4275;1.4322;164.6232;ControllerBody;fc9c2bd3-aae8-4497-a886-be853502c08c;;LineBisection;2026-05-18 09:49:30.2885;Controllers;1;OpenXR
Left;;Baseline;0;NoMitigation;None;anonymous;Sample;684;0.0000;-0.0170;-0.0121;0.0116;1.7001;6.4658;2.2145;-0.0170;-0.0121;0.0116;0.9981;0.0159;0.0561;0.0185;0;0.1082;-1.7141;-0.0132;0.0000;341.8270;0.0000;0.0000;0.0000;0.0000;0.0000;0.0000;0.0000;0;0.0000;0.0000;0.0000;0.0000;0.0000;0.0000;ControllerBody;0.0000;0.0000;1.0000;0.0000;0.0000;0.0000;1.0000;0.0000;0.0000;0.0000;0.0859;-0.2436;0.2490;45.2834;1.3956;164.6813;0.0874;-0.2392;0.2442;45.4275;1.4322;164.6232;0;0.0874;-0.2392;0.2442;45.4275;1.4322;164.6232;ControllerBody;fc9c2bd3-aae8-4497-a886-be853502c08c;;LineBisection;2026-05-18 09:49:30.3214;Controllers;1;OpenXR
Left;;Baseline;0;NoMitigation;None;anonymous;Sample;686;0.0000;-0.0166;-0.0122;0.0116;1.7228;6.4300;2.2155;-0.0166;-0.0122;0.0116;0.9981;0.0161;0.0558;0.0185;0;0.1082;-1.7141;-0.0132;0.0000;341.8270;0.0000;0.0000;0.0000;0.0000;0.0000;0.0000;0.0000;0;0.0000;0.0000;0.0000;0.0000;0.0000;0.0000;ControllerBody;0.0000;0.0000;1.0000;0.0000;0.0000;0.0000;1.0000;0.0000;0.0000;0.0000;0.0859;-0.2437;0.2491;45.2834;1.3956;164.6813;0.0874;-0.2392;0.2442;45.4275;1.4322;164.6232;0;0.0874;-0.2392;0.2442;45.4275;1.4322;164.6232;ControllerBody;fc9c2bd3-aae8-4497-a886-be853502c08c;;LineBisection;2026-05-18 09:49:30.3470;Controllers;1;OpenXR
Left;;Baseline;0;NoMitigation;None;anonymous;Sample;688;0.0000;-0.0163;-0.0121;0.0116;1.8107;6.4360;2.0707;-0.0163;-0.0121;0.0116;0.9982;0.0168;0.0558;0.0172;0;0.1082;-1.7141;-0.0132;0.0000;341.8270;0.0000;0.0000;0.0000;0.0000;0.0000;0.0000;0.0000;0;0.0000;0.0000;0.0000;0.0000;0.0000;0.0000;ControllerBody;0.0000;0.0000;1.0000;0.0000;0.0000;0.0000;1.0000;0.0000;0.0000;0.0000;0.0860;-0.2437;0.2491;45.2834;1.3956;164.6813;0.0874;-0.2392;0.2442;45.4275;1.4322;164.6232;0;0.0874;-0.2392;0.2442;45.4275;1.4322;164.6232;ControllerBody;fc9c2bd3-aae8-4497-a886-be853502c08c;;LineBisection;2026-05-18 09:49:30.3918;Controllers;1;OpenXR
Right;;Baseline;0;NoMitigation;None;anonymous;Sample;689;0.0000;-0.0159;-0.0105;0.0117;1.7721;6.6523;1.6945;-0.0159;-0.0105;0.0117;0.9981;0.0163;0.0578;0.0139;0;0.1082;-1.7141;-0.0132;0.0000;341.8270;0.0000;0.0000;0.0000;0.0000;0.0000;0.0000;0.0000;0;0.0000;0.0000;0.0000;0.0000;0.0000;0.0000;ControllerBody;0.0171;-0.7106;0.7034;0.0860;-0.2437;0.2491;0.1276;0.0624;-0.3800;0.9140;0.0860;-0.2437;0.2491;45.2834;1.3956;164.6813;0.0874;-0.2392;0.2442;45.4275;1.4322;164.6232;0;0.0874;-0.2392;0.2442;45.4275;1.4322;164.6232;ControllerBody;fc9c2bd3-aae8-4497-a886-be853502c08c;;LineBisection;2026-05-18 09:49:31.3008;Controllers;1;OpenXR
Right;;Baseline;0;NoMitigation;None;anonymous;Sample;690;0.0000;-0.0157;-0.0103;0.0118;1.7586;6.6643;1.5643;-0.0157;-0.0103;0.0118;0.9981;0.0161;0.0579;0.0127;0;0.1082;-1.7141;-0.0132;0.0000;341.8270;0.0000;0.0000;0.0000;0.0000;0.0000;0.0000;0.0000;0;0.0000;0.0000;0.0000;0.0000;0.0000;0.0000;ControllerBody;0.0171;-0.7106;0.7034;0.0860;-0.2437;0.2491;0.1276;0.0624;-0.3800;0.9140;0.0860;-0.2437;0.2491;45.2834;1.3956;164.6813;0.0874;-0.2392;0.2442;45.4275;1.4322;164.6232;0;0.0874;-0.2392;0.2442;45.4275;1.4322;164.6232;ControllerBody;fc9c2bd3-aae8-4497-a886-be853502c08c;;LineBisection;2026-05-18 09:49:31.3425;Controllers;1;OpenXR
Right;;Baseline;0;NoMitigation;None;anonymous;Sample;691;0.0000;-0.0155;-0.0102;0.0119;1.8080;6.7429;1.4691;-0.0155;-0.0102;0.0119;0.9981;0.0165;0.0586;0.0119;0;0.1082;-1.7141;-0.0132;0.0000;341.8270;0.0000;0.0000;0.0000;0.0000;0.0000;0.0000;0.0000;0;0.0000;0.0000;0.0000;0.0000;0.0000;0.0000;ControllerBody;0.0171;-0.7106;0.7034;0.0860;-0.2437;0.2491;0.1276;0.0624;-0.3800;0.9140;0.0860;-0.2437;0.2491;45.2834;1.3956;164.6813;0.0874;-0.2392;0.2442;45.4275;1.4322;164.6232;0;0.0874;-0.2392;0.2442;45.4275;1.4322;164.6232;ControllerBody;fc9c2bd3-aae8-4497-a886-be853502c08c;;LineBisection;2026-05-18 09:49:31.4077;Controllers;1;OpenXR
Right;;Baseline;0;NoMitigation;None;anonymous;Sample;692;0.0000;-0.0155;-0.0101;0.0121;1.7915;6.8263;1.4702;-0.0155;-0.0101;0.0121;0.9980;0.0164;0.0593;0.0119;0;0.1082;-1.7141;-0.0132;0.0000;341.8270;0.0000;0.0000;0.0000;0.0000;0.0000;0.0000;0.0000;0;0.0000;0.0000;0.0000;0.0000;0.0000;0.0000;ControllerBody;0.0171;-0.7106;0.7034;0.0860;-0.2437;0.2491;0.1276;0.0624;-0.3800;0.9140;0.0860;-0.2437;0.2491;45.2834;1.3956;164.6813;0.0874;-0.2392;0.2442;45.4275;1.4322;164.6232;0;0.0874;-0.2392;0.2442;45.4275;1.4322;164.6232;ControllerBody;fc9c2bd3-aae8-4497-a886-be853502c08c;;LineBisection;2026-05-18 09:49:31.4391;Controllers;1;OpenXR
Right;;Baseline;0;NoMitigation;None;anonymous;Sample;694;0.0000;-0.0156;-0.0099;0.0123;1.8065;6.7988;1.4888;-0.0156;-0.0099;0.0123;0.9980;0.0165;0.0591;0.0120;0;0.1082;-1.7141;-0.0132;0.0000;341.8270;0.0000;0.0000;0.0000;0.0000;0.0000;0.0000;0.0000;0;0.0000;0.0000;0.0000;0.0000;0.0000;0.0000;ControllerBody;0.0171;-0.7106;0.7034;0.0861;-0.2437;0.2491;0.1276;0.0624;-0.3800;0.9140;0.0861;-0.2437;0.2491;45.2834;1.3956;164.6813;0.0874;-0.2392;0.2442;45.4275;1.4322;164.6232;0;0.0874;-0.2392;0.2442;45.4275;1.4322;164.6232;ControllerBody;fc9c2bd3-aae8-4497-a886-be853502c08c;;LineBisection;2026-05-18 09:49:31.4889;Controllers;1;OpenXR
Right;;Baseline;0;NoMitigation;None;anonymous;Sample;695;0.0000;-0.0156;-0.0097;0.0124;1.8178;6.8273;1.5040;-0.0156;-0.0097;0.0124;0.9980;0.0166;0.0593;0.0122;0;0.1082;-1.7141;-0.0132;0.0000;341.8270;0.0000;0.0000;0.0000;0.0000;0.0000;0.0000;0.0000;0;0.0000;0.0000;0.0000;0.0000;0.0000;0.0000;ControllerBody;0.0171;-0.7106;0.7034;0.0861;-0.2438;0.2491;0.1276;0.0624;-0.3800;0.9140;0.0861;-0.2438;0.2491;45.2834;1.3956;164.6813;0.0874;-0.2392;0.2442;45.4275;1.4322;164.6232;0;0.0874;-0.2392;0.2442;45.4275;1.4322;164.6232;ControllerBody;fc9c2bd3-aae8-4497-a886-be853502c08c;;LineBisection;2026-05-18 09:49:31.5265;Controllers;1;OpenXR
Right;;Baseline;0;NoMitigation;None;anonymous;Sample;696;0.0000;-0.0156;-0.0096;0.0125;1.7172;6.9253;1.4344;-0.0156;-0.0096;0.0125;0.9980;0.0157;0.0602;0.0116;0;0.1082;-1.7141;-0.0132;0.0000;341.8270;0.0000;0.0000;0.0000;0.0000;0.0000;0.0000;0.0000;0;0.0000;0.0000;0.0000;0.0000;0.0000;0.0000;ControllerBody;0.0171;-0.7106;0.7034;0.0861;-0.2438;0.2491;0.1276;0.0624;-0.3800;0.9140;0.0861;-0.2438;0.2491;45.2834;1.3956;164.6813;0.0874;-0.2392;0.2442;45.4275;1.4322;164.6232;0;0.0874;-0.2392;0.2442;45.4275;1.4322;164.6232;ControllerBody;fc9c2bd3-aae8-4497-a886-be853502c08c;;LineBisection;2026-05-18 09:49:31.5581;Controllers;1;OpenXR
Right;;Baseline;0;NoMitigation;None;anonymous;Sample;697;0.0000;-0.0156;-0.0094;0.0125;1.7634;7.0198;1.4434;-0.0156;-0.0094;0.0125;0.9979;0.0161;0.0610;0.0116;0;0.1082;-1.7141;-0.0132;0.0000;341.8270;0.0000;0.0000;0.0000;0.0000;0.0000;0.0000;0.0000;0;0.0000;0.0000;0.0000;0.0000;0.0000;0.0000;ControllerBody;0.0171;-0.7106;0.7034;0.0861;-0.2438;0.2491;0.1276;0.0624;-0.3800;0.9140;0.0861;-0.2438;0.2491;45.2834;1.3956;164.6813;0.0874;-0.2392;0.2442;45.4275;1.4322;164.6232;0;0.0874;-0.2392;0.2442;45.4275;1.4322;164.6232;ControllerBody;fc9c2bd3-aae8-4497-a886-be853502c08c;;LineBisection;2026-05-18 09:49:31.5943;Controllers;1;OpenXR
Right;;Baseline;0;NoMitigation;None;anonymous;Sample;698;0.0000;-0.0154;-0.0094;0.0125;1.7329;7.1161;1.4292;-0.0154;-0.0094;0.0125;0.9979;0.0159;0.0619;0.0115;0;0.1082;-1.7141;-0.0132;0.0000;341.8270;0.0000;0.0000;0.0000;0.0000;0.0000;0.0000;0.0000;0;0.0000;0.0000;0.0000;0.0000;0.0000;0.0000;ControllerBody;0.0171;-0.7106;0.7034;0.0861;-0.2438;0.2491;0.1276;0.0624;-0.3800;0.9140;0.0861;-0.2438;0.2491;45.2834;1.3956;164.6813;0.0874;-0.2392;0.2442;45.4275;1.4322;164.6232;0;0.0874;-0.2392;0.2442;45.4275;1.4322;164.6232;ControllerBody;fc9c2bd3-aae8-4497-a886-be853502c08c;;LineBisection;2026-05-18 09:49:31.6279;Controllers;1;OpenXR
Right;;Baseline;0;NoMitigation;None;anonymous;Sample;699;0.0000;-0.0152;-0.0095;0.0126;1.7026;7.1575;1.3512;-0.0152;-0.0095;0.0126;0.9979;0.0156;0.0622;0.0108;0;0.1082;-1.7141;-0.0132;0.0000;341.8270;0.0000;0.0000;0.0000;0.0000;0.0000;0.0000;0.0000;0;0.0000;0.0000;0.0000;0.0000;0.0000;0.0000;ControllerBody;0.0171;-0.7106;0.7034;0.0862;-0.2438;0.2491;0.1276;0.0624;-0.3800;0.9140;0.0862;-0.2438;0.2491;45.2834;1.3956;164.6813;0.0874;-0.2392;0.2442;45.4275;1.4322;164.6232;0;0.0874;-0.2392;0.2442;45.4275;1.4322;164.6232;ControllerBody;fc9c2bd3-aae8-4497-a886-be853502c08c;;LineBisection;2026-05-18 09:49:31.6594;Controllers;1;OpenXR
Right;;Baseline;0;NoMitigation;None;anonymous;Sample;700;0.0000;-0.0150;-0.0095;0.0126;1.7732;7.1570;1.2503;-0.0150;-0.0095;0.0126;0.9979;0.0161;0.0622;0.0099;0;0.1082;-1.7141;-0.0132;0.0000;341.8270;0.0000;0.0000;0.0000;0.0000;0.0000;0.0000;0.0000;0;0.0000;0.0000;0.0000;0.0000;0.0000;0.0000;ControllerBody;0.0171;-0.7106;0.7034;0.0862;-0.2438;0.2491;0.1276;0.0624;-0.3800;0.9140;0.0862;-0.2438;0.2491;45.2834;1.3956;164.6813;0.0874;-0.2392;0.2442;45.4275;1.4322;164.6232;0;0.0874;-0.2392;0.2442;45.4275;1.4322;164.6232;ControllerBody;fc9c2bd3-aae8-4497-a886-be853502c08c;;LineBisection;2026-05-18 09:49:31.6924;Controllers;1;OpenXR
Right;;Baseline;0;NoMitigation;None;anonymous;Sample;701;0.0000;-0.0148;-0.0095;0.0126;1.8122;7.1372;1.2120;-0.0148;-0.0095;0.0126;0.9979;0.0164;0.0621;0.0096;0;0.1082;-1.7141;-0.0132;0.0000;341.8270;0.0000;0.0000;0.0000;0.0000;0.0000;0.0000;0.0000;0;0.0000;0.0000;0.0000;0.0000;0.0000;0.0000;ControllerBody;0.0171;-0.7106;0.7034;0.0862;-0.2438;0.2491;0.1276;0.0624;-0.3800;0.9140;0.0862;-0.2438;0.2491;45.2834;1.3956;164.6813;0.0874;-0.2392;0.2442;45.4275;1.4322;164.6232;0;0.0874;-0.2392;0.2442;45.4275;1.4322;164.6232;ControllerBody;fc9c2bd3-aae8-4497-a886-be853502c08c;;LineBisection;2026-05-18 09:49:31.7225;Controllers;1;OpenXR
Right;;Baseline;0;NoMitigation;None;anonymous;Sample;703;0.0000;-0.0146;-0.0095;0.0126;1.8066;7.1285;1.2324;-0.0146;-0.0095;0.0126;0.9979;0.0164;0.0620;0.0098;0;0.1082;-1.7141;-0.0132;0.0000;341.8270;0.0000;0.0000;0.0000;0.0000;0.0000;0.0000;0.0000;0;0.0000;0.0000;0.0000;0.0000;0.0000;0.0000;ControllerBody;0.0171;-0.7106;0.7034;0.0862;-0.2438;0.2491;0.1276;0.0624;-0.3800;0.9140;0.0862;-0.2438;0.2491;45.2834;1.3956;164.6813;0.0874;-0.2392;0.2442;45.4275;1.4322;164.6232;0;0.0874;-0.2392;0.2442;45.4275;1.4322;164.6232;ControllerBody;fc9c2bd3-aae8-4497-a886-be853502c08c;;LineBisection;2026-05-18 09:49:31.7566;Controllers;1;OpenXR
Right;;Baseline;0;NoMitigation;None;anonymous;Sample;705;0.0000;-0.0145;-0.0097;0.0125;1.6853;7.1682;1.2032;-0.0145;-0.0097;0.0125;0.9979;0.0153;0.0623;0.0096;0;0.1082;-1.7141;-0.0132;0.0000;341.8270;0.0000;0.0000;0.0000;0.0000;0.0000;0.0000;0.0000;0;0.0000;0.0000;0.0000;0.0000;0.0000;0.0000;ControllerBody;0.0171;-0.7106;0.7034;0.0862;-0.2438;0.2491;0.1276;0.0624;-0.3800;0.9140;0.0862;-0.2438;0.2491;45.2834;1.3956;164.6813;0.0874;-0.2392;0.2442;45.4275;1.4322;164.6232;0;0.0874;-0.2392;0.2442;45.4275;1.4322;164.6232;ControllerBody;fc9c2bd3-aae8-4497-a886-be853502c08c;;LineBisection;2026-05-18 09:49:31.7892;Controllers;1;OpenXR
Right;;Baseline;0;NoMitigation;None;anonymous;Sample;707;0.0000;-0.0144;-0.0098;0.0125;1.7054;7.1918;1.2568;-0.0144;-0.0098;0.0125;0.9979;0.0155;0.0625;0.0100;0;0.1082;-1.7141;-0.0132;0.0000;341.8270;0.0000;0.0000;0.0000;0.0000;0.0000;0.0000;0.0000;0;0.0000;0.0000;0.0000;0.0000;0.0000;0.0000;ControllerBody;0.0171;-0.7106;0.7034;0.0863;-0.2438;0.2491;0.1276;0.0624;-0.3800;0.9140;0.0863;-0.2438;0.2491;45.2834;1.3956;164.6813;0.0874;-0.2392;0.2442;45.4275;1.4322;164.6232;0;0.0874;-0.2392;0.2442;45.4275;1.4322;164.6232;ControllerBody;fc9c2bd3-aae8-4497-a886-be853502c08c;;LineBisection;2026-05-18 09:49:31.8237;Controllers;1;OpenXR
Right;;Baseline;0;NoMitigation;None;anonymous;Sample;709;0.0000;-0.0143;-0.0097;0.0125;1.8362;7.1874;1.2253;-0.0143;-0.0097;0.0125;0.9979;0.0167;0.0625;0.0097;0;0.1082;-1.7141;-0.0132;0.0000;341.8270;0.0000;0.0000;0.0000;0.0000;0.0000;0.0000;0.0000;0;0.0000;0.0000;0.0000;0.0000;0.0000;0.0000;ControllerBody;0.0171;-0.7106;0.7034;0.0863;-0.2439;0.2491;0.1276;0.0624;-0.3800;0.9140;0.0863;-0.2439;0.2491;45.2834;1.3956;164.6813;0.0874;-0.2392;0.2442;45.4275;1.4322;164.6232;0;0.0874;-0.2392;0.2442;45.4275;1.4322;164.6232;ControllerBody;fc9c2bd3-aae8-4497-a886-be853502c08c;;LineBisection;2026-05-18 09:49:31.8593;Controllers;1;OpenXR
Right;;Baseline;0;NoMitigation;None;anonymous;Sample;711;0.0000;-0.0142;-0.0099;0.0125;1.7160;7.1544;1.1503;-0.0142;-0.0099;0.0125;0.9979;0.0156;0.0622;0.0091;0;0.1082;-1.7141;-0.0132;0.0000;341.8270;0.0000;0.0000;0.0000;0.0000;0.0000;0.0000;0.0000;0;0.0000;0.0000;0.0000;0.0000;0.0000;0.0000;ControllerBody;0.0171;-0.7106;0.7034;0.0863;-0.2439;0.2491;0.1276;0.0624;-0.3800;0.9140;0.0863;-0.2439;0.2491;45.2834;1.3956;164.6813;0.0874;-0.2392;0.2442;45.4275;1.4322;164.6232;0;0.0874;-0.2392;0.2442;45.4275;1.4322;164.6232;ControllerBody;fc9c2bd3-aae8-4497-a886-be853502c08c;;LineBisection;2026-05-18 09:49:31.8878;Controllers;1;OpenXR
Right;;Baseline;0;NoMitigation;None;anonymous;Sample;713;0.0000;-0.0140;-0.0101;0.0125;1.7333;7.1022;1.2219;-0.0140;-0.0101;0.0125;0.9979;0.0158;0.0618;0.0097;0;0.1082;-1.7141;-0.0132;0.0000;341.8270;0.0000;0.0000;0.0000;0.0000;0.0000;0.0000;0.0000;0;0.0000;0.0000;0.0000;0.0000;0.0000;0.0000;ControllerBody;0.0171;-0.7106;0.7034;0.0863;-0.2439;0.2492;0.1276;0.0624;-0.3800;0.9140;0.0863;-0.2439;0.2492;45.2834;1.3956;164.6813;0.0874;-0.2392;0.2442;45.4275;1.4322;164.6232;0;0.0874;-0.2392;0.2442;45.4275;1.4322;164.6232;ControllerBody;fc9c2bd3-aae8-4497-a886-be853502c08c;;LineBisection;2026-05-18 09:49:31.9224;Controllers;1;OpenXR
Right;;Baseline;0;NoMitigation;None;anonymous;Sample;715;0.0000;-0.0139;-0.0101;0.0125;1.7656;7.1554;1.2314;-0.0139;-0.0101;0.0125;0.9979;0.0160;0.0622;0.0098;0;0.1082;-1.7141;-0.0132;0.0000;341.8270;0.0000;0.0000;0.0000;0.0000;0.0000;0.0000;0.0000;0;0.0000;0.0000;0.0000;0.0000;0.0000;0.0000;ControllerBody;0.0171;-0.7106;0.7034;0.0863;-0.2439;0.2492;0.1276;0.0624;-0.3800;0.9140;0.0863;-0.2439;0.2492;45.2834;1.3956;164.6813;0.0874;-0.2392;0.2442;45.4275;1.4322;164.6232;0;0.0874;-0.2392;0.2442;45.4275;1.4322;164.6232;ControllerBody;fc9c2bd3-aae8-4497-a886-be853502c08c;;LineBisection;2026-05-18 09:49:31.9545;Controllers;1;OpenXR
Right;;Baseline;0;NoMitigation;None;anonymous;Sample;717;0.0000;-0.0138;-0.0101;0.0125;1.7593;7.1849;1.1814;-0.0138;-0.0101;0.0125;0.9979;0.0160;0.0625;0.0093;0;0.1082;-1.7141;-0.0132;0.0000;341.8270;0.0000;0.0000;0.0000;0.0000;0.0000;0.0000;0.0000;0;0.0000;0.0000;0.0000;0.0000;0.0000;0.0000;ControllerBody;0.0171;-0.7106;0.7034;0.0864;-0.2439;0.2492;0.1276;0.0624;-0.3800;0.9140;0.0864;-0.2439;0.2492;45.2834;1.3956;164.6813;0.0874;-0.2392;0.2442;45.4275;1.4322;164.6232;0;0.0874;-0.2392;0.2442;45.4275;1.4322;164.6232;ControllerBody;fc9c2bd3-aae8-4497-a886-be853502c08c;;LineBisection;2026-05-18 09:49:31.9884;Controllers;1;OpenXR
Right;;Baseline;0;NoMitigation;None;anonymous;Sample;718;0.0000;-0.0137;-0.0101;0.0125;1.7477;7.1450;1.1473;-0.0137;-0.0101;0.0125;0.9979;0.0158;0.0621;0.0090;0;0.1082;-1.7141;-0.0132;0.0000;341.8270;0.0000;0.0000;0.0000;0.0000;0.0000;0.0000;0.0000;0;0.0000;0.0000;0.0000;0.0000;0.0000;0.0000;ControllerBody;0.0171;-0.7106;0.7034;0.0864;-0.2439;0.2492;0.1276;0.0624;-0.3800;0.9140;0.0864;-0.2439;0.2492;45.2834;1.3956;164.6813;0.0874;-0.2392;0.2442;45.4275;1.4322;164.6232;0;0.0874;-0.2392;0.2442;45.4275;1.4322;164.6232;ControllerBody;fc9c2bd3-aae8-4497-a886-be853502c08c;;LineBisection;2026-05-18 09:49:32.0225;Controllers;1;OpenXR
Right;;Baseline;0;NoMitigation;None;anonymous;Sample;719;0.0000;-0.0135;-0.0101;0.0124;1.7723;7.1564;1.0783;-0.0135;-0.0101;0.0124;0.9979;0.0160;0.0623;0.0084;0;0.1082;-1.7141;-0.0132;0.0000;341.8270;0.0000;0.0000;0.0000;0.0000;0.0000;0.0000;0.0000;0;0.0000;0.0000;0.0000;0.0000;0.0000;0.0000;ControllerBody;0.0171;-0.7106;0.7034;0.0864;-0.2439;0.2492;0.1276;0.0624;-0.3800;0.9140;0.0864;-0.2439;0.2492;45.2834;1.3956;164.6813;0.0874;-0.2392;0.2442;45.4275;1.4322;164.6232;0;0.0874;-0.2392;0.2442;45.4275;1.4322;164.6232;ControllerBody;fc9c2bd3-aae8-4497-a886-be853502c08c;;LineBisection;2026-05-18 09:49:32.0574;Controllers;1;OpenXR
Right;;Baseline;0;NoMitigation;None;anonymous;Sample;720;0.0000;-0.0134;-0.0101;0.0124;1.7417;7.1825;1.0673;-0.0134;-0.0101;0.0124;0.9979;0.0158;0.0625;0.0083;0;0.1082;-1.7141;-0.0132;0.0000;341.8270;0.0000;0.0000;0.0000;0.0000;0.0000;0.0000;0.0000;0;0.0000;0.0000;0.0000;0.0000;0.0000;0.0000;ControllerBody;0.0171;-0.7106;0.7034;0.0864;-0.2439;0.2492;0.1276;0.0624;-0.3800;0.9140;0.0864;-0.2439;0.2492;45.2834;1.3956;164.6813;0.0874;-0.2392;0.2442;45.4275;1.4322;164.6232;0;0.0874;-0.2392;0.2442;45.4275;1.4322;164.6232;ControllerBody;fc9c2bd3-aae8-4497-a886-be853502c08c;;LineBisection;2026-05-18 09:49:32.0946;Controllers;1;OpenXR
Right;;Baseline;0;NoMitigation;None;anonymous;Sample;721;0.0000;-0.0134;-0.0102;0.0124;1.6978;7.1807;1.0838;-0.0134;-0.0102;0.0124;0.9979;0.0154;0.0625;0.0085;0;0.1082;-1.7141;-0.0132;0.0000;341.8270;0.0000;0.0000;0.0000;0.0000;0.0000;0.0000;0.0000;0;0.0000;0.0000;0.0000;0.0000;0.0000;0.0000;ControllerBody;0.0171;-0.7106;0.7034;0.0864;-0.2439;0.2492;0.1276;0.0624;-0.3800;0.9140;0.0864;-0.2439;0.2492;45.2834;1.3956;164.6813;0.0874;-0.2392;0.2442;45.4275;1.4322;164.6232;0;0.0874;-0.2392;0.2442;45.4275;1.4322;164.6232;ControllerBody;fc9c2bd3-aae8-4497-a886-be853502c08c;;LineBisection;2026-05-18 09:49:32.1261;Controllers;1;OpenXR
Right;;Baseline;0;NoMitigation;None;anonymous;Sample;722;0.0000;-0.0133;-0.0103;0.0124;1.7147;7.1594;1.0819;-0.0133;-0.0103;0.0124;0.9979;0.0155;0.0623;0.0085;0;0.1082;-1.7141;-0.0132;0.0000;341.8270;0.0000;0.0000;0.0000;0.0000;0.0000;0.0000;0.0000;0;0.0000;0.0000;0.0000;0.0000;0.0000;0.0000;ControllerBody;0.0171;-0.7106;0.7034;0.0864;-0.2439;0.2492;0.1276;0.0624;-0.3800;0.9140;0.0864;-0.2439;0.2492;45.2834;1.3956;164.6813;0.0874;-0.2392;0.2442;45.4275;1.4322;164.6232;0;0.0874;-0.2392;0.2442;45.4275;1.4322;164.6232;ControllerBody;fc9c2bd3-aae8-4497-a886-be853502c08c;;LineBisection;2026-05-18 09:49:32.2867;Controllers;1;OpenXR
