Accuracy01;ActiveHand;AfterEffectCm;AttemptIndex;BlockType;ChoiceSide;ConfirmMitigationMode;CurrentMoleToHitId;CurrentMoleToHitIndexX;CurrentMoleToHitIndexY;CurrentMoleToHitPositionLocalX;CurrentMoleToHitPositionLocalY;CurrentMoleToHitPositionLocalZ;CurrentMoleToHitPositionWorldX;CurrentMoleToHitPositionWorldY;CurrentMoleToHitPositionWorldZ;DeltaAccuracyPct;EffectMode;Email;ErrorCm;Event;EventType;Framecount;GameId;GapMeters;HeadCameraPosWorldX;HeadCameraPosWorldY;HeadCameraPosWorldZ;HeadCameraRotEulerX;HeadCameraRotEulerY;HeadCameraRotEulerZ;HitDistanceMeters;HitPositionWorldX;HitPositionWorldY;HitPositionWorldZ;HitWorldX;HitWorldY;HitWorldZ;IsCorrect;IsHit;LeftControllerLaserPosWorldX;LeftControllerLaserPosWorldY;LeftControllerLaserPosWorldZ;LeftControllerLaserRotEulerX;LeftControllerLaserRotEulerY;LeftControllerLaserRotEulerZ;LeftControllerPosWorldX;LeftControllerPosWorldY;LeftControllerPosWorldZ;LeftControllerRotEulerX;LeftControllerRotEulerY;LeftControllerRotEulerZ;LeftControllerTrigger;LeftLengthMeters;LeftMovementAnchorPosWorldX;LeftMovementAnchorPosWorldY;LeftMovementAnchorPosWorldZ;LeftMovementAnchorRotEulerX;LeftMovementAnchorRotEulerY;LeftMovementAnchorRotEulerZ;LeftMovementAnchorSource;LineLengthMeters;LineZMeters;LongerSide;MeanCm;MoleId;MoleIndexX;MoleIndexY;MolePositionLocalX;MolePositionLocalY;MolePositionLocalZ;MolePositionWorldX;MolePositionWorldY;MolePositionWorldZ;RightControllerLaserPosWorldX;RightControllerLaserPosWorldY;RightControllerLaserPosWorldZ;RightControllerLaserRotEulerX;RightControllerLaserRotEulerY;RightControllerLaserRotEulerZ;RightControllerPosWorldX;RightControllerPosWorldY;RightControllerPosWorldZ;RightControllerRotEulerX;RightControllerRotEulerY;RightControllerRotEulerZ;RightControllerTrigger;RightLengthMeters;RightMovementAnchorPosWorldX;RightMovementAnchorPosWorldY;RightMovementAnchorPosWorldZ;RightMovementAnchorRotEulerX;RightMovementAnchorRotEulerY;RightMovementAnchorRotEulerZ;RightMovementAnchorSource;SdCm;SessionID;SignedOffsetCm;SourceTaskMode;SuccessCount;TargetIndex;TargetRadiusMeters;TargetWorldX;TargetWorldY;TargetWorldZ;TaskMode;TimeSinceLastEvent;Timestamp;TrackingMode;TrialIndex;TrialsPerBlock;XRBackend
NULL;Right;NULL;NULL;Baseline;NULL;NoMitigation;NULL;NULL;NULL;NULL;NULL;NULL;NULL;NULL;NULL;NULL;None;anonymous;NULL;Game Started;GameEvent;1;877a4ae9-5043-4b6b-b35e-95337330fe10;NULL;0.0000;0.3614;0.0000;0.0000;0.0000;0.0000;NULL;NULL;NULL;NULL;NULL;NULL;NULL;NULL;NULL;;;;;;;;;;;;;0;NULL;;;;;;;;NULL;NULL;NULL;NULL;NULL;NULL;NULL;NULL;NULL;NULL;NULL;NULL;NULL;;;;;;;;;;;;;0;NULL;;;;;;;;NULL;122ed9df-0a02-49d5-9741-6f70481e5b76;NULL;NULL;NULL;NULL;NULL;NULL;NULL;NULL;OpenLoop;0.0000;2026-03-26 11:58:55.0650;Hands;NULL;NULL;OpenXR
NULL;Right;NULL;NULL;Baseline;NULL;NoMitigation;NULL;NULL;NULL;NULL;NULL;NULL;NULL;NULL;NULL;NULL;None;anonymous;NULL;Block Started;BlockEvent;1;877a4ae9-5043-4b6b-b35e-95337330fe10;NULL;0.0000;0.3614;0.0000;0.0000;0.0000;0.0000;NULL;NULL;NULL;NULL;NULL;NULL;NULL;NULL;NULL;;;;;;;;;;;;;0;NULL;;;;;;;;NULL;NULL;NULL;NULL;NULL;NULL;NULL;NULL;NULL;NULL;NULL;NULL;NULL;;;;;;;;;;;;;0;NULL;;;;;;;;NULL;122ed9df-0a02-49d5-9741-6f70481e5b76;NULL;NULL;NULL;NULL;NULL;NULL;NULL;NULL;OpenLoop;0.0000;2026-03-26 11:58:55.0666;Hands;NULL;NULL;OpenXR
NULL;Right;NULL;NULL;Baseline;NULL;NoMitigation;NULL;NULL;NULL;NULL;NULL;NULL;NULL;NULL;NULL;NULL;None;anonymous;NULL;Trial Started;TaskEvent;1;877a4ae9-5043-4b6b-b35e-95337330fe10;NULL;0.0000;0.3614;0.0000;0.0000;0.0000;0.0000;NULL;NULL;NULL;NULL;NULL;NULL;NULL;NULL;NULL;;;;;;;;;;;;;0;NULL;;;;;;;;NULL;NULL;NULL;NULL;NULL;NULL;NULL;NULL;NULL;NULL;NULL;NULL;NULL;;;;;;;;;;;;;0;NULL;;;;;;;;NULL;122ed9df-0a02-49d5-9741-6f70481e5b76;NULL;NULL;NULL;NULL;0.0300;0.0000;0.0000;2.0000;OpenLoop;0.0000;2026-03-26 11:58:55.0686;Hands;1;30;OpenXR
NULL;Right;NULL;NULL;Baseline;NULL;NoMitigation;NULL;NULL;NULL;NULL;NULL;NULL;NULL;NULL;NULL;NULL;None;anonymous;NULL;Trial Accepted;TaskEvent;557;877a4ae9-5043-4b6b-b35e-95337330fe10;NULL;0.0014;0.0011;-0.0232;356.2106;358.2715;0.0225;NULL;NULL;NULL;NULL;0.0164;0.0000;2.0000;NULL;NULL;;;;;;;;;;;;;0;NULL;-0.1605;-0.5845;0.2610;353.0241;6.7754;27.9623;Palm;NULL;NULL;NULL;NULL;NULL;NULL;NULL;NULL;NULL;NULL;NULL;NULL;NULL;;;;;;;;;;;;;0;NULL;0.0540;-0.0629;0.4670;341.6145;1.5329;342.4557;Palm;NULL;122ed9df-0a02-49d5-9741-6f70481e5b76;1.6378;NULL;NULL;NULL;NULL;NULL;NULL;NULL;OpenLoop;4.9381;2026-03-26 11:59:02.5671;Hands;1;30;OpenXR
NULL;Right;NULL;NULL;Baseline;NULL;NoMitigation;NULL;NULL;NULL;NULL;NULL;NULL;NULL;NULL;NULL;NULL;None;anonymous;NULL;Trial Started;TaskEvent;557;877a4ae9-5043-4b6b-b35e-95337330fe10;NULL;0.0014;0.0011;-0.0232;356.2106;358.2715;0.0225;NULL;NULL;NULL;NULL;NULL;NULL;NULL;NULL;NULL;;;;;;;;;;;;;0;NULL;-0.1605;-0.5845;0.2610;353.0241;6.7754;27.9623;Palm;NULL;NULL;NULL;NULL;NULL;NULL;NULL;NULL;NULL;NULL;NULL;NULL;NULL;;;;;;;;;;;;;0;NULL;0.0540;-0.0629;0.4670;341.6145;1.5329;342.4557;Palm;NULL;122ed9df-0a02-49d5-9741-6f70481e5b76;NULL;NULL;NULL;NULL;0.0300;0.0000;0.0000;2.0000;OpenLoop;0.0000;2026-03-26 11:59:02.5692;Hands;2;30;OpenXR
NULL;Right;NULL;NULL;Baseline;NULL;NoMitigation;NULL;NULL;NULL;NULL;NULL;NULL;NULL;NULL;NULL;NULL;None;anonymous;NULL;Trial Accepted;TaskEvent;905;877a4ae9-5043-4b6b-b35e-95337330fe10;NULL;0.0038;0.0023;-0.0187;355.9956;358.5390;359.8769;NULL;NULL;NULL;NULL;-0.0315;0.0000;2.0000;NULL;NULL;;;;;;;;;;;;;0;NULL;-0.1606;-0.5844;0.2612;353.1129;6.5904;28.1547;Palm;NULL;NULL;NULL;NULL;NULL;NULL;NULL;NULL;NULL;NULL;NULL;NULL;NULL;;;;;;;;;;;;;0;NULL;0.0578;-0.0579;0.4700;340.3381;355.4099;354.4549;Palm;NULL;122ed9df-0a02-49d5-9741-6f70481e5b76;-3.1517;NULL;NULL;NULL;NULL;NULL;NULL;NULL;OpenLoop;2.9661;2026-03-26 11:59:05.5330;Hands;2;30;OpenXR
NULL;Right;NULL;NULL;Baseline;NULL;NoMitigation;NULL;NULL;NULL;NULL;NULL;NULL;NULL;NULL;NULL;NULL;None;anonymous;NULL;Trial Started;TaskEvent;905;877a4ae9-5043-4b6b-b35e-95337330fe10;NULL;0.0038;0.0023;-0.0187;355.9956;358.5390;359.8769;NULL;NULL;NULL;NULL;NULL;NULL;NULL;NULL;NULL;;;;;;;;;;;;;0;NULL;-0.1606;-0.5844;0.2612;353.1129;6.5904;28.1547;Palm;NULL;NULL;NULL;NULL;NULL;NULL;NULL;NULL;NULL;NULL;NULL;NULL;NULL;;;;;;;;;;;;;0;NULL;0.0578;-0.0579;0.4700;340.3381;355.4099;354.4549;Palm;NULL;122ed9df-0a02-49d5-9741-6f70481e5b76;NULL;NULL;NULL;NULL;0.0300;0.0000;0.0000;2.0000;OpenLoop;0.0000;2026-03-26 11:59:05.5350;Hands;3;30;OpenXR
NULL;Right;NULL;NULL;Baseline;NULL;NoMitigation;NULL;NULL;NULL;NULL;NULL;NULL;NULL;NULL;NULL;NULL;None;anonymous;NULL;Trial Accepted;TaskEvent;1280;877a4ae9-5043-4b6b-b35e-95337330fe10;NULL;0.0053;0.0017;-0.0145;356.5772;358.9940;359.3500;NULL;NULL;NULL;NULL;-0.0264;0.0000;2.0000;NULL;NULL;;;;;;;;;;;;;0;NULL;-0.1614;-0.5864;0.2621;352.9339;6.5922;28.2251;Palm;NULL;NULL;NULL;NULL;NULL;NULL;NULL;NULL;NULL;NULL;NULL;NULL;NULL;;;;;;;;;;;;;0;NULL;0.0598;-0.0595;0.4760;341.5115;356.9405;356.6816;Palm;NULL;122ed9df-0a02-49d5-9741-6f70481e5b76;-2.6362;NULL;NULL;NULL;NULL;NULL;NULL;NULL;OpenLoop;3.1494;2026-03-26 11:59:08.6823;Hands;3;30;OpenXR
NULL;Right;NULL;NULL;Baseline;NULL;NoMitigation;NULL;NULL;NULL;NULL;NULL;NULL;NULL;NULL;NULL;NULL;None;anonymous;NULL;Trial Started;TaskEvent;1280;877a4ae9-5043-4b6b-b35e-95337330fe10;NULL;0.0053;0.0017;-0.0145;356.5772;358.9940;359.3500;NULL;NULL;NULL;NULL;NULL;NULL;NULL;NULL;NULL;;;;;;;;;;;;;0;NULL;-0.1614;-0.5864;0.2621;352.9339;6.5922;28.2251;Palm;NULL;NULL;NULL;NULL;NULL;NULL;NULL;NULL;NULL;NULL;NULL;NULL;NULL;;;;;;;;;;;;;0;NULL;0.0598;-0.0595;0.4760;341.5115;356.9405;356.6816;Palm;NULL;122ed9df-0a02-49d5-9741-6f70481e5b76;NULL;NULL;NULL;NULL;0.0300;0.0000;0.0000;2.0000;OpenLoop;0.0000;2026-03-26 11:59:08.6844;Hands;4;30;OpenXR
NULL;Right;NULL;NULL;Baseline;NULL;NoMitigation;NULL;NULL;NULL;NULL;NULL;NULL;NULL;NULL;NULL;NULL;None;anonymous;NULL;Trial Accepted;TaskEvent;1658;877a4ae9-5043-4b6b-b35e-95337330fe10;NULL;0.0090;0.0023;-0.0105;356.4908;359.7628;357.4463;NULL;NULL;NULL;NULL;0.0053;0.0000;2.0000;NULL;NULL;;;;;;;;;;;;;0;NULL;-0.1603;-0.5840;0.2612;352.2768;6.8665;28.4762;Palm;NULL;NULL;NULL;NULL;NULL;NULL;NULL;NULL;NULL;NULL;NULL;NULL;NULL;;;;;;;;;;;;;0;NULL;0.0608;-0.0596;0.4779;342.4463;358.8936;353.4610;Palm;NULL;122ed9df-0a02-49d5-9741-6f70481e5b76;0.5333;NULL;NULL;NULL;NULL;NULL;NULL;NULL;OpenLoop;3.1656;2026-03-26 11:59:11.8474;Hands;4;30;OpenXR
NULL;Right;NULL;NULL;Baseline;NULL;NoMitigation;NULL;NULL;NULL;NULL;NULL;NULL;NULL;NULL;NULL;NULL;None;anonymous;NULL;Trial Started;TaskEvent;1658;877a4ae9-5043-4b6b-b35e-95337330fe10;NULL;0.0090;0.0023;-0.0105;356.4908;359.7628;357.4463;NULL;NULL;NULL;NULL;NULL;NULL;NULL;NULL;NULL;;;;;;;;;;;;;0;NULL;-0.1603;-0.5840;0.2612;352.2768;6.8665;28.4762;Palm;NULL;NULL;NULL;NULL;NULL;NULL;NULL;NULL;NULL;NULL;NULL;NULL;NULL;;;;;;;;;;;;;0;NULL;0.0608;-0.0596;0.4779;342.4463;358.8936;353.4610;Palm;NULL;122ed9df-0a02-49d5-9741-6f70481e5b76;NULL;NULL;NULL;NULL;0.0300;0.0000;0.0000;2.0000;OpenLoop;0.0000;2026-03-26 11:59:11.8495;Hands;5;30;OpenXR
NULL;Right;NULL;NULL;Baseline;NULL;NoMitigation;NULL;NULL;NULL;NULL;NULL;NULL;NULL;NULL;NULL;NULL;None;anonymous;NULL;Trial Accepted;TaskEvent;2046;877a4ae9-5043-4b6b-b35e-95337330fe10;NULL;0.0032;0.0019;-0.0074;357.2542;358.7803;359.6577;NULL;NULL;NULL;NULL;0.0031;0.0000;2.0000;NULL;NULL;;;;;;;;;;;;;0;NULL;-0.1611;-0.5850;0.2622;352.2642;6.5134;28.1034;Palm;NULL;NULL;NULL;NULL;NULL;NULL;NULL;NULL;NULL;NULL;NULL;NULL;NULL;;;;;;;;;;;;;0;NULL;0.0557;-0.0636;0.4808;342.3705;356.7056;357.1376;Palm;NULL;122ed9df-0a02-49d5-9741-6f70481e5b76;0.3124;NULL;NULL;NULL;NULL;NULL;NULL;NULL;OpenLoop;3.2496;2026-03-26 11:59:15.0979;Hands;5;30;OpenXR
NULL;Right;NULL;NULL;Baseline;NULL;NoMitigation;NULL;NULL;NULL;NULL;NULL;NULL;NULL;NULL;NULL;NULL;None;anonymous;NULL;Trial Started;TaskEvent;2046;877a4ae9-5043-4b6b-b35e-95337330fe10;NULL;0.0032;0.0019;-0.0074;357.2542;358.7803;359.6577;NULL;NULL;NULL;NULL;NULL;NULL;NULL;NULL;NULL;;;;;;;;;;;;;0;NULL;-0.1611;-0.5850;0.2622;352.2642;6.5134;28.1034;Palm;NULL;NULL;NULL;NULL;NULL;NULL;NULL;NULL;NULL;NULL;NULL;NULL;NULL;;;;;;;;;;;;;0;NULL;0.0557;-0.0636;0.4808;342.3705;356.7056;357.1376;Palm;NULL;122ed9df-0a02-49d5-9741-6f70481e5b76;NULL;NULL;NULL;NULL;0.0300;0.0000;0.0000;2.0000;OpenLoop;0.0000;2026-03-26 11:59:15.1015;Hands;6;30;OpenXR
NULL;Right;NULL;NULL;Baseline;NULL;NoMitigation;NULL;NULL;NULL;NULL;NULL;NULL;NULL;NULL;NULL;NULL;None;anonymous;NULL;Trial Accepted;TaskEvent;2403;877a4ae9-5043-4b6b-b35e-95337330fe10;NULL;0.0053;0.0032;-0.0090;356.6268;359.3441;359.7392;NULL;NULL;NULL;NULL;-0.0027;0.0000;2.0000;NULL;NULL;;;;;;;;;;;;;0;NULL;-0.1613;-0.5845;0.2602;352.8154;6.5378;28.0829;Palm;NULL;NULL;NULL;NULL;NULL;NULL;NULL;NULL;NULL;NULL;NULL;NULL;NULL;;;;;;;;;;;;;0;NULL;0.0618;-0.0609;0.4788;338.4600;356.3664;351.6065;Palm;NULL;122ed9df-0a02-49d5-9741-6f70481e5b76;-0.2689;NULL;NULL;NULL;NULL;NULL;NULL;NULL;OpenLoop;2.9908;2026-03-26 11:59:18.0878;Hands;6;30;OpenXR
NULL;Right;NULL;NULL;Baseline;NULL;NoMitigation;NULL;NULL;NULL;NULL;NULL;NULL;NULL;NULL;NULL;NULL;None;anonymous;NULL;Trial Started;TaskEvent;2403;877a4ae9-5043-4b6b-b35e-95337330fe10;NULL;0.0053;0.0032;-0.0090;356.6268;359.3441;359.7392;NULL;NULL;NULL;NULL;NULL;NULL;NULL;NULL;NULL;;;;;;;;;;;;;0;NULL;-0.1613;-0.5845;0.2602;352.8154;6.5378;28.0829;Palm;NULL;NULL;NULL;NULL;NULL;NULL;NULL;NULL;NULL;NULL;NULL;NULL;NULL;;;;;;;;;;;;;0;NULL;0.0618;-0.0609;0.4788;338.4600;356.3664;351.6065;Palm;NULL;122ed9df-0a02-49d5-9741-6f70481e5b76;NULL;NULL;NULL;NULL;0.0300;0.0000;0.0000;2.0000;OpenLoop;0.0000;2026-03-26 11:59:18.0893;Hands;7;30;OpenXR
NULL;Right;NULL;NULL;Baseline;NULL;NoMitigation;NULL;NULL;NULL;NULL;NULL;NULL;NULL;NULL;NULL;NULL;None;anonymous;NULL;Trial Accepted;TaskEvent;2766;877a4ae9-5043-4b6b-b35e-95337330fe10;NULL;0.0042;0.0032;-0.0100;356.2138;358.8836;359.8906;NULL;NULL;NULL;NULL;-0.0218;0.0000;2.0000;NULL;NULL;;;;;;;;;;;;;0;NULL;-0.1612;-0.5846;0.2603;352.8348;6.2867;28.5318;Palm;NULL;NULL;NULL;NULL;NULL;NULL;NULL;NULL;NULL;NULL;NULL;NULL;NULL;;;;;;;;;;;;;0;NULL;0.0615;-0.0630;0.4795;342.4172;357.8736;351.3197;Palm;NULL;122ed9df-0a02-49d5-9741-6f70481e5b76;-2.1753;NULL;NULL;NULL;NULL;NULL;NULL;NULL;OpenLoop;3.0244;2026-03-26 11:59:21.1122;Hands;7;30;OpenXR
NULL;Right;NULL;NULL;Baseline;NULL;NoMitigation;NULL;NULL;NULL;NULL;NULL;NULL;NULL;NULL;NULL;NULL;None;anonymous;NULL;Trial Started;TaskEvent;2766;877a4ae9-5043-4b6b-b35e-95337330fe10;NULL;0.0042;0.0032;-0.0100;356.2138;358.8836;359.8906;NULL;NULL;NULL;NULL;NULL;NULL;NULL;NULL;NULL;;;;;;;;;;;;;0;NULL;-0.1612;-0.5846;0.2603;352.8348;6.2867;28.5318;Palm;NULL;NULL;NULL;NULL;NULL;NULL;NULL;NULL;NULL;NULL;NULL;NULL;NULL;;;;;;;;;;;;;0;NULL;0.0615;-0.0630;0.4795;342.4172;357.8736;351.3197;Palm;NULL;122ed9df-0a02-49d5-9741-6f70481e5b76;NULL;NULL;NULL;NULL;0.0300;0.0000;0.0000;2.0000;OpenLoop;0.0000;2026-03-26 11:59:21.1142;Hands;8;30;OpenXR
NULL;Right;NULL;NULL;Baseline;NULL;NoMitigation;NULL;NULL;NULL;NULL;NULL;NULL;NULL;NULL;NULL;NULL;None;anonymous;NULL;Trial Accepted;TaskEvent;3133;877a4ae9-5043-4b6b-b35e-95337330fe10;NULL;0.0047;0.0020;-0.0068;357.2906;359.1014;359.5323;NULL;NULL;NULL;NULL;-0.0266;0.0000;2.0000;NULL;NULL;;;;;;;;;;;;;0;NULL;-0.1610;-0.5839;0.2603;353.4868;6.3878;29.4562;Palm;NULL;NULL;NULL;NULL;NULL;NULL;NULL;NULL;NULL;NULL;NULL;NULL;NULL;;;;;;;;;;;;;0;NULL;0.0659;-0.0580;0.4788;342.1057;357.5239;351.7064;Palm;NULL;122ed9df-0a02-49d5-9741-6f70481e5b76;-2.6644;NULL;NULL;NULL;NULL;NULL;NULL;NULL;OpenLoop;3.0739;2026-03-26 11:59:24.1854;Hands;8;30;OpenXR
NULL;Right;NULL;NULL;Baseline;NULL;NoMitigation;NULL;NULL;NULL;NULL;NULL;NULL;NULL;NULL;NULL;NULL;None;anonymous;NULL;Trial Started;TaskEvent;3133;877a4ae9-5043-4b6b-b35e-95337330fe10;NULL;0.0047;0.0020;-0.0068;357.2906;359.1014;359.5323;NULL;NULL;NULL;NULL;NULL;NULL;NULL;NULL;NULL;;;;;;;;;;;;;0;NULL;-0.1610;-0.5839;0.2603;353.4868;6.3878;29.4562;Palm;NULL;NULL;NULL;NULL;NULL;NULL;NULL;NULL;NULL;NULL;NULL;NULL;NULL;;;;;;;;;;;;;0;NULL;0.0659;-0.0580;0.4788;342.1057;357.5239;351.7064;Palm;NULL;122ed9df-0a02-49d5-9741-6f70481e5b76;NULL;NULL;NULL;NULL;0.0300;0.0000;0.0000;2.0000;OpenLoop;0.0000;2026-03-26 11:59:24.1885;Hands;9;30;OpenXR
NULL;Right;NULL;NULL;Baseline;NULL;NoMitigation;NULL;NULL;NULL;NULL;NULL;NULL;NULL;NULL;NULL;NULL;None;anonymous;NULL;Trial Accepted;TaskEvent;3494;877a4ae9-5043-4b6b-b35e-95337330fe10;NULL;0.0074;0.0017;-0.0081;356.7569;359.6155;359.3991;NULL;NULL;NULL;NULL;0.0191;0.0000;2.0000;NULL;NULL;;;;;;;;;;;;;0;NULL;-0.1601;-0.5829;0.2600;352.7028;6.2655;29.6731;Palm;NULL;NULL;NULL;NULL;NULL;NULL;NULL;NULL;NULL;NULL;NULL;NULL;NULL;;;;;;;;;;;;;0;NULL;0.0644;-0.0566;0.4749;346.2857;0.6890;349.6208;Palm;NULL;122ed9df-0a02-49d5-9741-6f70481e5b76;1.9055;NULL;NULL;NULL;NULL;NULL;NULL;NULL;OpenLoop;3.0248;2026-03-26 11:59:27.2113;Hands;9;30;OpenXR
NULL;Right;NULL;NULL;Baseline;NULL;NoMitigation;NULL;NULL;NULL;NULL;NULL;NULL;NULL;NULL;NULL;NULL;None;anonymous;NULL;Trial Started;TaskEvent;3494;877a4ae9-5043-4b6b-b35e-95337330fe10;NULL;0.0074;0.0017;-0.0081;356.7569;359.6155;359.3991;NULL;NULL;NULL;NULL;NULL;NULL;NULL;NULL;NULL;;;;;;;;;;;;;0;NULL;-0.1601;-0.5829;0.2600;352.7028;6.2655;29.6731;Palm;NULL;NULL;NULL;NULL;NULL;NULL;NULL;NULL;NULL;NULL;NULL;NULL;NULL;;;;;;;;;;;;;0;NULL;0.0644;-0.0566;0.4749;346.2857;0.6890;349.6208;Palm;NULL;122ed9df-0a02-49d5-9741-6f70481e5b76;NULL;NULL;NULL;NULL;0.0300;0.0000;0.0000;2.0000;OpenLoop;0.0000;2026-03-26 11:59:27.2124;Hands;10;30;OpenXR
NULL;Right;NULL;NULL;Baseline;NULL;NoMitigation;NULL;NULL;NULL;NULL;NULL;NULL;NULL;NULL;NULL;NULL;None;anonymous;NULL;Trial Accepted;TaskEvent;3843;877a4ae9-5043-4b6b-b35e-95337330fe10;NULL;0.0087;0.0048;-0.0066;355.7431;359.4243;359.4685;NULL;NULL;NULL;NULL;0.0101;0.0000;2.0000;NULL;NULL;;;;;;;;;;;;;0;NULL;-0.1605;-0.5830;0.2604;353.2524;6.5661;29.4621;Palm;NULL;NULL;NULL;NULL;NULL;NULL;NULL;NULL;NULL;NULL;NULL;NULL;NULL;;;;;;;;;;;;;0;NULL;0.0696;-0.0633;0.4808;340.7877;356.3550;353.6423;Palm;NULL;122ed9df-0a02-49d5-9741-6f70481e5b76;1.0088;NULL;NULL;NULL;NULL;NULL;NULL;NULL;OpenLoop;2.9149;2026-03-26 11:59:30.1256;Hands;10;30;OpenXR
NULL;Right;NULL;NULL;Baseline;NULL;NoMitigation;NULL;NULL;NULL;NULL;NULL;NULL;NULL;NULL;NULL;NULL;None;anonymous;NULL;Trial Started;TaskEvent;3843;877a4ae9-5043-4b6b-b35e-95337330fe10;NULL;0.0087;0.0048;-0.0066;355.7431;359.4243;359.4685;NULL;NULL;NULL;NULL;NULL;NULL;NULL;NULL;NULL;;;;;;;;;;;;;0;NULL;-0.1605;-0.5830;0.2604;353.2524;6.5661;29.4621;Palm;NULL;NULL;NULL;NULL;NULL;NULL;NULL;NULL;NULL;NULL;NULL;NULL;NULL;;;;;;;;;;;;;0;NULL;0.0696;-0.0633;0.4808;340.7877;356.3550;353.6423;Palm;NULL;122ed9df-0a02-49d5-9741-6f70481e5b76;NULL;NULL;NULL;NULL;0.0300;0.0000;0.0000;2.0000;OpenLoop;0.0000;2026-03-26 11:59:30.1271;Hands;11;30;OpenXR
NULL;Right;NULL;NULL;Baseline;NULL;NoMitigation;NULL;NULL;NULL;NULL;NULL;NULL;NULL;NULL;NULL;NULL;None;anonymous;NULL;Trial Accepted;TaskEvent;4201;877a4ae9-5043-4b6b-b35e-95337330fe10;NULL;0.0052;0.0053;-0.0062;355.7319;359.2622;0.1620;NULL;NULL;NULL;NULL;0.0055;0.0000;2.0000;NULL;NULL;;;;;;;;;;;;;0;NULL;-0.1603;-0.5815;0.2600;353.6283;6.5294;29.6643;Palm;NULL;NULL;NULL;NULL;NULL;NULL;NULL;NULL;NULL;NULL;NULL;NULL;NULL;;;;;;;;;;;;;0;NULL;0.0676;-0.0750;0.4911;342.3034;356.4242;354.5232;Palm;NULL;122ed9df-0a02-49d5-9741-6f70481e5b76;0.5539;NULL;NULL;NULL;NULL;NULL;NULL;NULL;OpenLoop;2.9924;2026-03-26 11:59:33.1173;Hands;11;30;OpenXR
NULL;Right;NULL;NULL;Baseline;NULL;NoMitigation;NULL;NULL;NULL;NULL;NULL;NULL;NULL;NULL;NULL;NULL;None;anonymous;NULL;Trial Started;TaskEvent;4201;877a4ae9-5043-4b6b-b35e-95337330fe10;NULL;0.0052;0.0053;-0.0062;355.7319;359.2622;0.1620;NULL;NULL;NULL;NULL;NULL;NULL;NULL;NULL;NULL;;;;;;;;;;;;;0;NULL;-0.1603;-0.5815;0.2600;353.6283;6.5294;29.6643;Palm;NULL;NULL;NULL;NULL;NULL;NULL;NULL;NULL;NULL;NULL;NULL;NULL;NULL;;;;;;;;;;;;;0;NULL;0.0676;-0.0750;0.4911;342.3034;356.4242;354.5232;Palm;NULL;122ed9df-0a02-49d5-9741-6f70481e5b76;NULL;NULL;NULL;NULL;0.0300;0.0000;0.0000;2.0000;OpenLoop;0.0000;2026-03-26 11:59:33.1205;Hands;12;30;OpenXR
NULL;Right;NULL;NULL;Baseline;NULL;NoMitigation;NULL;NULL;NULL;NULL;NULL;NULL;NULL;NULL;NULL;NULL;None;anonymous;NULL;Trial Accepted;TaskEvent;4543;877a4ae9-5043-4b6b-b35e-95337330fe10;NULL;0.0056;0.0042;0.0003;357.0836;359.1852;359.9366;NULL;NULL;NULL;NULL;-0.0112;0.0000;2.0000;NULL;NULL;;;;;;;;;;;;;0;NULL;-0.1609;-0.5830;0.2603;353.0709;6.2798;30.0538;Palm;NULL;NULL;NULL;NULL;NULL;NULL;NULL;NULL;NULL;NULL;NULL;NULL;NULL;;;;;;;;;;;;;0;NULL;0.0651;-0.0751;0.4956;341.0729;355.8350;355.1627;Palm;NULL;122ed9df-0a02-49d5-9741-6f70481e5b76;-1.1176;NULL;NULL;NULL;NULL;NULL;NULL;NULL;OpenLoop;2.8565;2026-03-26 11:59:35.9743;Hands;12;30;OpenXR
NULL;Right;NULL;NULL;Baseline;NULL;NoMitigation;NULL;NULL;NULL;NULL;NULL;NULL;NULL;NULL;NULL;NULL;None;anonymous;NULL;Trial Started;TaskEvent;4543;877a4ae9-5043-4b6b-b35e-95337330fe10;NULL;0.0056;0.0042;0.0003;357.0836;359.1852;359.9366;NULL;NULL;NULL;NULL;NULL;NULL;NULL;NULL;NULL;;;;;;;;;;;;;0;NULL;-0.1609;-0.5830;0.2603;353.0709;6.2798;30.0538;Palm;NULL;NULL;NULL;NULL;NULL;NULL;NULL;NULL;NULL;NULL;NULL;NULL;NULL;;;;;;;;;;;;;0;NULL;0.0651;-0.0751;0.4956;341.0729;355.8350;355.1627;Palm;NULL;122ed9df-0a02-49d5-9741-6f70481e5b76;NULL;NULL;NULL;NULL;0.0300;0.0000;0.0000;2.0000;OpenLoop;0.0000;2026-03-26 11:59:35.9774;Hands;13;30;OpenXR
NULL;Right;NULL;NULL;Baseline;NULL;NoMitigation;NULL;NULL;NULL;NULL;NULL;NULL;NULL;NULL;NULL;NULL;None;anonymous;NULL;Trial Accepted;TaskEvent;4868;877a4ae9-5043-4b6b-b35e-95337330fe10;NULL;0.0059;0.0019;-0.0011;357.6924;359.1729;359.7908;NULL;NULL;NULL;NULL;0.0048;0.0000;2.0000;NULL;NULL;;;;;;;;;;;;;0;NULL;-0.1606;-0.5831;0.2601;353.1500;6.2750;29.4755;Palm;NULL;NULL;NULL;NULL;NULL;NULL;NULL;NULL;NULL;NULL;NULL;NULL;NULL;;;;;;;;;;;;;0;NULL;0.0650;-0.0777;0.4940;344.4787;358.4113;354.7878;Palm;NULL;122ed9df-0a02-49d5-9741-6f70481e5b76;0.4792;NULL;NULL;NULL;NULL;NULL;NULL;NULL;OpenLoop;2.7075;2026-03-26 11:59:38.6815;Hands;13;30;OpenXR
NULL;Right;NULL;NULL;Baseline;NULL;NoMitigation;NULL;NULL;NULL;NULL;NULL;NULL;NULL;NULL;NULL;NULL;None;anonymous;NULL;Trial Started;TaskEvent;4868;877a4ae9-5043-4b6b-b35e-95337330fe10;NULL;0.0059;0.0019;-0.0011;357.6924;359.1729;359.7908;NULL;NULL;NULL;NULL;NULL;NULL;NULL;NULL;NULL;;;;;;;;;;;;;0;NULL;-0.1606;-0.5831;0.2601;353.1500;6.2750;29.4755;Palm;NULL;NULL;NULL;NULL;NULL;NULL;NULL;NULL;NULL;NULL;NULL;NULL;NULL;;;;;;;;;;;;;0;NULL;0.0650;-0.0777;0.4940;344.4787;358.4113;354.7878;Palm;NULL;122ed9df-0a02-49d5-9741-6f70481e5b76;NULL;NULL;NULL;NULL;0.0300;0.0000;0.0000;2.0000;OpenLoop;0.0000;2026-03-26 11:59:38.6845;Hands;14;30;OpenXR
NULL;Right;NULL;NULL;Baseline;NULL;NoMitigation;NULL;NULL;NULL;NULL;NULL;NULL;NULL;NULL;NULL;NULL;None;anonymous;NULL;Trial Accepted;TaskEvent;5227;877a4ae9-5043-4b6b-b35e-95337330fe10;NULL;0.0048;0.0039;-0.0009;356.8177;359.4728;359.9756;NULL;NULL;NULL;NULL;-0.0086;0.0000;2.0000;NULL;NULL;;;;;;;;;;;;;0;NULL;-0.1605;-0.5832;0.2609;353.1435;6.1809;30.1264;Palm;NULL;NULL;NULL;NULL;NULL;NULL;NULL;NULL;NULL;NULL;NULL;NULL;NULL;;;;;;;;;;;;;0;NULL;0.0687;-0.0761;0.4912;347.5935;358.5381;347.9531;Palm;NULL;122ed9df-0a02-49d5-9741-6f70481e5b76;-0.8583;NULL;NULL;NULL;NULL;NULL;NULL;NULL;OpenLoop;3.0163;2026-03-26 11:59:41.6984;Hands;14;30;OpenXR
NULL;Right;NULL;NULL;Baseline;NULL;NoMitigation;NULL;NULL;NULL;NULL;NULL;NULL;NULL;NULL;NULL;NULL;None;anonymous;NULL;Trial Started;TaskEvent;5227;877a4ae9-5043-4b6b-b35e-95337330fe10;NULL;0.0048;0.0039;-0.0009;356.8177;359.4728;359.9756;NULL;NULL;NULL;NULL;NULL;NULL;NULL;NULL;NULL;;;;;;;;;;;;;0;NULL;-0.1605;-0.5832;0.2609;353.1435;6.1809;30.1264;Palm;NULL;NULL;NULL;NULL;NULL;NULL;NULL;NULL;NULL;NULL;NULL;NULL;NULL;;;;;;;;;;;;;0;NULL;0.0687;-0.0761;0.4912;347.5935;358.5381;347.9531;Palm;NULL;122ed9df-0a02-49d5-9741-6f70481e5b76;NULL;NULL;NULL;NULL;0.0300;0.0000;0.0000;2.0000;OpenLoop;0.0000;2026-03-26 11:59:41.7005;Hands;15;30;OpenXR
NULL;Right;NULL;NULL;Baseline;NULL;NoMitigation;NULL;NULL;NULL;NULL;NULL;NULL;NULL;NULL;NULL;NULL;None;anonymous;NULL;Trial Accepted;TaskEvent;5579;877a4ae9-5043-4b6b-b35e-95337330fe10;NULL;0.0065;0.0026;-0.0041;358.0478;359.7018;0.1049;NULL;NULL;NULL;NULL;-0.0177;0.0000;2.0000;NULL;NULL;;;;;;;;;;;;;0;NULL;-0.1605;-0.5817;0.2603;353.5559;6.3676;29.4950;Palm;NULL;NULL;NULL;NULL;NULL;NULL;NULL;NULL;NULL;NULL;NULL;NULL;NULL;;;;;;;;;;;;;0;NULL;0.0641;-0.0693;0.4884;343.1989;358.4773;353.4518;Palm;NULL;122ed9df-0a02-49d5-9741-6f70481e5b76;-1.7706;NULL;NULL;NULL;NULL;NULL;NULL;NULL;OpenLoop;2.9403;2026-03-26 11:59:44.6382;Hands;15;30;OpenXR
NULL;Right;NULL;NULL;Baseline;NULL;NoMitigation;NULL;NULL;NULL;NULL;NULL;NULL;NULL;NULL;NULL;NULL;None;anonymous;NULL;Trial Started;TaskEvent;5579;877a4ae9-5043-4b6b-b35e-95337330fe10;NULL;0.0065;0.0026;-0.0041;358.0478;359.7018;0.1049;NULL;NULL;NULL;NULL;NULL;NULL;NULL;NULL;NULL;;;;;;;;;;;;;0;NULL;-0.1605;-0.5817;0.2603;353.5559;6.3676;29.4950;Palm;NULL;NULL;NULL;NULL;NULL;NULL;NULL;NULL;NULL;NULL;NULL;NULL;NULL;;;;;;;;;;;;;0;NULL;0.0641;-0.0693;0.4884;343.1989;358.4773;353.4518;Palm;NULL;122ed9df-0a02-49d5-9741-6f70481e5b76;NULL;NULL;NULL;NULL;0.0300;0.0000;0.0000;2.0000;OpenLoop;0.0000;2026-03-26 11:59:44.6419;Hands;16;30;OpenXR
NULL;Right;NULL;NULL;Baseline;NULL;NoMitigation;NULL;NULL;NULL;NULL;NULL;NULL;NULL;NULL;NULL;NULL;None;anonymous;NULL;Trial Accepted;TaskEvent;6186;877a4ae9-5043-4b6b-b35e-95337330fe10;NULL;0.0071;0.0043;-0.0055;356.9067;0.2717;0.0012;NULL;NULL;NULL;NULL;-0.0281;0.0000;2.0000;NULL;NULL;;;;;;;;;;;;;0;NULL;-0.1609;-0.5839;0.2607;352.5027;6.4315;29.1551;Palm;NULL;NULL;NULL;NULL;NULL;NULL;NULL;NULL;NULL;NULL;NULL;NULL;NULL;;;;;;;;;;;;;0;NULL;0.0686;-0.0758;0.4926;344.0263;0.4458;349.8238;Palm;NULL;122ed9df-0a02-49d5-9741-6f70481e5b76;-2.8071;NULL;NULL;NULL;NULL;NULL;NULL;NULL;OpenLoop;5.0915;2026-03-26 11:59:49.7298;Hands;16;30;OpenXR
NULL;Right;NULL;NULL;Baseline;NULL;NoMitigation;NULL;NULL;NULL;NULL;NULL;NULL;NULL;NULL;NULL;NULL;None;anonymous;NULL;Trial Started;TaskEvent;6186;877a4ae9-5043-4b6b-b35e-95337330fe10;NULL;0.0071;0.0043;-0.0055;356.9067;0.2717;0.0012;NULL;NULL;NULL;NULL;NULL;NULL;NULL;NULL;NULL;;;;;;;;;;;;;0;NULL;-0.1609;-0.5839;0.2607;352.5027;6.4315;29.1551;Palm;NULL;NULL;NULL;NULL;NULL;NULL;NULL;NULL;NULL;NULL;NULL;NULL;NULL;;;;;;;;;;;;;0;NULL;0.0686;-0.0758;0.4926;344.0263;0.4458;349.8238;Palm;NULL;122ed9df-0a02-49d5-9741-6f70481e5b76;NULL;NULL;NULL;NULL;0.0300;0.0000;0.0000;2.0000;OpenLoop;0.0000;2026-03-26 11:59:49.7324;Hands;17;30;OpenXR
NULL;Right;NULL;NULL;Baseline;NULL;NoMitigation;NULL;NULL;NULL;NULL;NULL;NULL;NULL;NULL;NULL;NULL;None;anonymous;NULL;Trial Accepted;TaskEvent;6535;877a4ae9-5043-4b6b-b35e-95337330fe10;NULL;0.0068;0.0067;-0.0091;355.2907;359.9911;-0.0039;NULL;NULL;NULL;NULL;-0.0533;0.0000;2.0000;NULL;NULL;;;;;;;;;;;;;0;NULL;-0.1611;-0.5833;0.2599;353.2870;6.3492;29.2355;Palm;NULL;NULL;NULL;NULL;NULL;NULL;NULL;NULL;NULL;NULL;NULL;NULL;NULL;;;;;;;;;;;;;0;NULL;0.0701;-0.0817;0.4934;344.6308;357.8128;351.1010;Palm;NULL;122ed9df-0a02-49d5-9741-6f70481e5b76;-5.3280;NULL;NULL;NULL;NULL;NULL;NULL;NULL;OpenLoop;2.9063;2026-03-26 11:59:52.6372;Hands;17;30;OpenXR
NULL;Right;NULL;NULL;Baseline;NULL;NoMitigation;NULL;NULL;NULL;NULL;NULL;NULL;NULL;NULL;NULL;NULL;None;anonymous;NULL;Trial Started;TaskEvent;6535;877a4ae9-5043-4b6b-b35e-95337330fe10;NULL;0.0068;0.0067;-0.0091;355.2907;359.9911;-0.0039;NULL;NULL;NULL;NULL;NULL;NULL;NULL;NULL;NULL;;;;;;;;;;;;;0;NULL;-0.1611;-0.5833;0.2599;353.2870;6.3492;29.2355;Palm;NULL;NULL;NULL;NULL;NULL;NULL;NULL;NULL;NULL;NULL;NULL;NULL;NULL;;;;;;;;;;;;;0;NULL;0.0701;-0.0817;0.4934;344.6308;357.8128;351.1010;Palm;NULL;122ed9df-0a02-49d5-9741-6f70481e5b76;NULL;NULL;NULL;NULL;0.0300;0.0000;0.0000;2.0000;OpenLoop;0.0000;2026-03-26 11:59:52.6393;Hands;18;30;OpenXR
NULL;Right;NULL;NULL;Baseline;NULL;NoMitigation;NULL;NULL;NULL;NULL;NULL;NULL;NULL;NULL;NULL;NULL;None;anonymous;NULL;Trial Accepted;TaskEvent;6889;877a4ae9-5043-4b6b-b35e-95337330fe10;NULL;0.0079;0.0029;-0.0047;357.1900;1.0390;-0.0039;NULL;NULL;NULL;NULL;-0.0515;0.0000;2.0000;NULL;NULL;;;;;;;;;;;;;0;NULL;-0.1610;-0.5832;0.2599;352.4804;6.2859;29.8407;Palm;NULL;NULL;NULL;NULL;NULL;NULL;NULL;NULL;NULL;NULL;NULL;NULL;NULL;;;;;;;;;;;;;0;NULL;0.0689;-0.0670;0.4823;347.6916;0.4311;348.7467;Palm;NULL;122ed9df-0a02-49d5-9741-6f70481e5b76;-5.1539;NULL;NULL;NULL;NULL;NULL;NULL;NULL;OpenLoop;3.0079;2026-03-26 11:59:55.6452;Hands;18;30;OpenXR
NULL;Right;NULL;NULL;Baseline;NULL;NoMitigation;NULL;NULL;NULL;NULL;NULL;NULL;NULL;NULL;NULL;NULL;None;anonymous;NULL;Trial Started;TaskEvent;6889;877a4ae9-5043-4b6b-b35e-95337330fe10;NULL;0.0079;0.0029;-0.0047;357.1900;1.0390;-0.0039;NULL;NULL;NULL;NULL;NULL;NULL;NULL;NULL;NULL;;;;;;;;;;;;;0;NULL;-0.1610;-0.5832;0.2599;352.4804;6.2859;29.8407;Palm;NULL;NULL;NULL;NULL;NULL;NULL;NULL;NULL;NULL;NULL;NULL;NULL;NULL;;;;;;;;;;;;;0;NULL;0.0689;-0.0670;0.4823;347.6916;0.4311;348.7467;Palm;NULL;122ed9df-0a02-49d5-9741-6f70481e5b76;NULL;NULL;NULL;NULL;0.0300;0.0000;0.0000;2.0000;OpenLoop;0.0000;2026-03-26 11:59:55.6483;Hands;19;30;OpenXR
NULL;Right;NULL;NULL;Baseline;NULL;NoMitigation;NULL;NULL;NULL;NULL;NULL;NULL;NULL;NULL;NULL;NULL;None;anonymous;NULL;Trial Accepted;TaskEvent;7217;877a4ae9-5043-4b6b-b35e-95337330fe10;NULL;0.0093;0.0023;-0.0034;357.2626;1.2024;359.6721;NULL;NULL;NULL;NULL;0.0181;0.0000;2.0000;NULL;NULL;;;;;;;;;;;;;0;NULL;-0.1603;-0.5816;0.2593;352.8837;6.4422;29.9064;Palm;NULL;NULL;NULL;NULL;NULL;NULL;NULL;NULL;NULL;NULL;NULL;NULL;NULL;;;;;;;;;;;;;0;NULL;0.0726;-0.0651;0.4843;346.8508;358.4803;352.8478;Palm;NULL;122ed9df-0a02-49d5-9741-6f70481e5b76;1.8066;NULL;NULL;NULL;NULL;NULL;NULL;NULL;OpenLoop;2.8745;2026-03-26 11:59:58.5185;Hands;19;30;OpenXR
NULL;Right;NULL;NULL;Baseline;NULL;NoMitigation;NULL;NULL;NULL;NULL;NULL;NULL;NULL;NULL;NULL;NULL;None;anonymous;NULL;Trial Started;TaskEvent;7217;877a4ae9-5043-4b6b-b35e-95337330fe10;NULL;0.0093;0.0023;-0.0034;357.2626;1.2024;359.6721;NULL;NULL;NULL;NULL;NULL;NULL;NULL;NULL;NULL;;;;;;;;;;;;;0;NULL;-0.1603;-0.5816;0.2593;352.8837;6.4422;29.9064;Palm;NULL;NULL;NULL;NULL;NULL;NULL;NULL;NULL;NULL;NULL;NULL;NULL;NULL;;;;;;;;;;;;;0;NULL;0.0726;-0.0651;0.4843;346.8508;358.4803;352.8478;Palm;NULL;122ed9df-0a02-49d5-9741-6f70481e5b76;NULL;NULL;NULL;NULL;0.0300;0.0000;0.0000;2.0000;OpenLoop;0.0000;2026-03-26 11:59:58.5216;Hands;20;30;OpenXR
NULL;Right;NULL;NULL;Baseline;NULL;NoMitigation;NULL;NULL;NULL;NULL;NULL;NULL;NULL;NULL;NULL;NULL;None;anonymous;NULL;Trial Accepted;TaskEvent;7507;877a4ae9-5043-4b6b-b35e-95337330fe10;NULL;0.0055;0.0044;-0.0020;356.7259;359.8666;0.1954;NULL;NULL;NULL;NULL;-0.0035;0.0000;2.0000;NULL;NULL;;;;;;;;;;;;;0;NULL;-0.1611;-0.5852;0.2606;352.5748;6.1222;29.8576;Palm;NULL;NULL;NULL;NULL;NULL;NULL;NULL;NULL;NULL;NULL;NULL;NULL;NULL;;;;;;;;;;;;;0;NULL;0.0693;-0.0737;0.4883;346.8085;357.1524;351.5478;Palm;NULL;122ed9df-0a02-49d5-9741-6f70481e5b76;-0.3516;NULL;NULL;NULL;NULL;NULL;NULL;NULL;OpenLoop;3.0386;2026-03-26 12:00:01.5578;Hands;20;30;OpenXR
NULL;Right;NULL;NULL;Baseline;NULL;NoMitigation;NULL;NULL;NULL;NULL;NULL;NULL;NULL;NULL;NULL;NULL;None;anonymous;NULL;Trial Started;TaskEvent;7507;877a4ae9-5043-4b6b-b35e-95337330fe10;NULL;0.0055;0.0044;-0.0020;356.7259;359.8666;0.1954;NULL;NULL;NULL;NULL;NULL;NULL;NULL;NULL;NULL;;;;;;;;;;;;;0;NULL;-0.1611;-0.5852;0.2606;352.5748;6.1222;29.8576;Palm;NULL;NULL;NULL;NULL;NULL;NULL;NULL;NULL;NULL;NULL;NULL;NULL;NULL;;;;;;;;;;;;;0;NULL;0.0693;-0.0737;0.4883;346.8085;357.1524;351.5478;Palm;NULL;122ed9df-0a02-49d5-9741-6f70481e5b76;NULL;NULL;NULL;NULL;0.0300;0.0000;0.0000;2.0000;OpenLoop;0.0000;2026-03-26 12:00:01.5619;Hands;21;30;OpenXR
NULL;Right;NULL;NULL;Baseline;NULL;NoMitigation;NULL;NULL;NULL;NULL;NULL;NULL;NULL;NULL;NULL;NULL;None;anonymous;NULL;Trial Accepted;TaskEvent;7756;877a4ae9-5043-4b6b-b35e-95337330fe10;NULL;0.0022;0.0038;-0.0033;357.1456;359.6814;0.0710;NULL;NULL;NULL;NULL;-0.0646;0.0000;2.0000;NULL;NULL;;;;;;;;;;;;;0;NULL;-0.1608;-0.5830;0.2595;353.4178;6.1276;29.9434;Palm;NULL;NULL;NULL;NULL;NULL;NULL;NULL;NULL;NULL;NULL;NULL;NULL;NULL;;;;;;;;;;;;;0;NULL;0.0345;-0.0596;0.4778;345.2182;349.9634;355.1116;Palm;NULL;122ed9df-0a02-49d5-9741-6f70481e5b76;-6.4570;NULL;NULL;NULL;NULL;NULL;NULL;NULL;OpenLoop;2.7177;2026-03-26 12:00:04.2759;Hands;21;30;OpenXR
NULL;Right;NULL;NULL;Baseline;NULL;NoMitigation;NULL;NULL;NULL;NULL;NULL;NULL;NULL;NULL;NULL;NULL;None;anonymous;NULL;Trial Started;TaskEvent;7756;877a4ae9-5043-4b6b-b35e-95337330fe10;NULL;0.0022;0.0038;-0.0033;357.1456;359.6814;0.0710;NULL;NULL;NULL;NULL;NULL;NULL;NULL;NULL;NULL;;;;;;;;;;;;;0;NULL;-0.1608;-0.5830;0.2595;353.4178;6.1276;29.9434;Palm;NULL;NULL;NULL;NULL;NULL;NULL;NULL;NULL;NULL;NULL;NULL;NULL;NULL;;;;;;;;;;;;;0;NULL;0.0345;-0.0596;0.4778;345.2182;349.9634;355.1116;Palm;NULL;122ed9df-0a02-49d5-9741-6f70481e5b76;NULL;NULL;NULL;NULL;0.0300;0.0000;0.0000;2.0000;OpenLoop;0.0000;2026-03-26 12:00:04.2779;Hands;22;30;OpenXR
NULL;Right;NULL;NULL;Baseline;NULL;NoMitigation;NULL;NULL;NULL;NULL;NULL;NULL;NULL;NULL;NULL;NULL;None;anonymous;NULL;Trial Accepted;TaskEvent;8034;877a4ae9-5043-4b6b-b35e-95337330fe10;NULL;0.0038;0.0029;-0.0036;357.1207;359.8097;0.0895;NULL;NULL;NULL;NULL;-0.0631;0.0000;2.0000;NULL;NULL;;;;;;;;;;;;;0;NULL;-0.1608;-0.5836;0.2601;352.6426;6.3323;29.9054;Palm;NULL;NULL;NULL;NULL;NULL;NULL;NULL;NULL;NULL;NULL;NULL;NULL;NULL;;;;;;;;;;;;;0;NULL;0.0660;-0.0697;0.4900;344.5052;357.0915;352.9376;Palm;NULL;122ed9df-0a02-49d5-9741-6f70481e5b76;-6.3123;NULL;NULL;NULL;NULL;NULL;NULL;NULL;OpenLoop;2.5660;2026-03-26 12:00:06.8423;Hands;22;30;OpenXR
NULL;Right;NULL;NULL;Baseline;NULL;NoMitigation;NULL;NULL;NULL;NULL;NULL;NULL;NULL;NULL;NULL;NULL;None;anonymous;NULL;Trial Started;TaskEvent;8034;877a4ae9-5043-4b6b-b35e-95337330fe10;NULL;0.0038;0.0029;-0.0036;357.1207;359.8097;0.0895;NULL;NULL;NULL;NULL;NULL;NULL;NULL;NULL;NULL;;;;;;;;;;;;;0;NULL;-0.1608;-0.5836;0.2601;352.6426;6.3323;29.9054;Palm;NULL;NULL;NULL;NULL;NULL;NULL;NULL;NULL;NULL;NULL;NULL;NULL;NULL;;;;;;;;;;;;;0;NULL;0.0660;-0.0697;0.4900;344.5052;357.0915;352.9376;Palm;NULL;122ed9df-0a02-49d5-9741-6f70481e5b76;NULL;NULL;NULL;NULL;0.0300;0.0000;0.0000;2.0000;OpenLoop;0.0000;2026-03-26 12:00:06.8456;Hands;23;30;OpenXR
NULL;Right;NULL;NULL;Baseline;NULL;NoMitigation;NULL;NULL;NULL;NULL;NULL;NULL;NULL;NULL;NULL;NULL;None;anonymous;NULL;Trial Accepted;TaskEvent;8709;877a4ae9-5043-4b6b-b35e-95337330fe10;NULL;0.0008;0.0039;-0.0157;355.6705;359.5294;0.9417;NULL;NULL;NULL;NULL;-0.0004;0.0000;2.0000;NULL;NULL;;;;;;;;;;;;;0;NULL;-0.1607;-0.5834;0.2592;352.8105;6.1593;30.7896;Palm;NULL;NULL;NULL;NULL;NULL;NULL;NULL;NULL;NULL;NULL;NULL;NULL;NULL;;;;;;;;;;;;;0;NULL;0.0617;-0.0861;0.4834;345.0375;357.6236;349.3462;Palm;NULL;122ed9df-0a02-49d5-9741-6f70481e5b76;-0.0369;NULL;NULL;NULL;NULL;NULL;NULL;NULL;OpenLoop;6.1735;2026-03-26 12:00:13.0154;Hands;23;30;OpenXR
NULL;Right;NULL;NULL;Baseline;NULL;NoMitigation;NULL;NULL;NULL;NULL;NULL;NULL;NULL;NULL;NULL;NULL;None;anonymous;NULL;Trial Started;TaskEvent;8709;877a4ae9-5043-4b6b-b35e-95337330fe10;NULL;0.0008;0.0039;-0.0157;355.6705;359.5294;0.9417;NULL;NULL;NULL;NULL;NULL;NULL;NULL;NULL;NULL;;;;;;;;;;;;;0;NULL;-0.1607;-0.5834;0.2592;352.8105;6.1593;30.7896;Palm;NULL;NULL;NULL;NULL;NULL;NULL;NULL;NULL;NULL;NULL;NULL;NULL;NULL;;;;;;;;;;;;;0;NULL;0.0617;-0.0861;0.4834;345.0375;357.6236;349.3462;Palm;NULL;122ed9df-0a02-49d5-9741-6f70481e5b76;NULL;NULL;NULL;NULL;0.0300;0.0000;0.0000;2.0000;OpenLoop;0.0000;2026-03-26 12:00:13.0180;Hands;24;30;OpenXR
NULL;Right;NULL;NULL;Baseline;NULL;NoMitigation;NULL;NULL;NULL;NULL;NULL;NULL;NULL;NULL;NULL;NULL;None;anonymous;NULL;Trial Accepted;TaskEvent;9033;877a4ae9-5043-4b6b-b35e-95337330fe10;NULL;0.0038;0.0032;-0.0158;355.6260;0.1913;0.3946;NULL;NULL;NULL;NULL;-0.0288;0.0000;2.0000;NULL;NULL;;;;;;;;;;;;;0;NULL;-0.1609;-0.5850;0.2606;352.4663;6.0440;30.0353;Palm;NULL;NULL;NULL;NULL;NULL;NULL;NULL;NULL;NULL;NULL;NULL;NULL;NULL;;;;;;;;;;;;;0;NULL;0.0752;-0.0830;0.4784;347.4052;356.0687;354.5877;Palm;NULL;122ed9df-0a02-49d5-9741-6f70481e5b76;-2.8756;NULL;NULL;NULL;NULL;NULL;NULL;NULL;OpenLoop;2.9840;2026-03-26 12:00:15.9984;Hands;24;30;OpenXR
NULL;Right;NULL;NULL;Baseline;NULL;NoMitigation;NULL;NULL;NULL;NULL;NULL;NULL;NULL;NULL;NULL;NULL;None;anonymous;NULL;Trial Started;TaskEvent;9033;877a4ae9-5043-4b6b-b35e-95337330fe10;NULL;0.0038;0.0032;-0.0158;355.6260;0.1913;0.3946;NULL;NULL;NULL;NULL;NULL;NULL;NULL;NULL;NULL;;;;;;;;;;;;;0;NULL;-0.1609;-0.5850;0.2606;352.4663;6.0440;30.0353;Palm;NULL;NULL;NULL;NULL;NULL;NULL;NULL;NULL;NULL;NULL;NULL;NULL;NULL;;;;;;;;;;;;;0;NULL;0.0752;-0.0830;0.4784;347.4052;356.0687;354.5877;Palm;NULL;122ed9df-0a02-49d5-9741-6f70481e5b76;NULL;NULL;NULL;NULL;0.0300;0.0000;0.0000;2.0000;OpenLoop;0.0000;2026-03-26 12:00:16.0030;Hands;25;30;OpenXR
NULL;Right;NULL;NULL;Baseline;NULL;NoMitigation;NULL;NULL;NULL;NULL;NULL;NULL;NULL;NULL;NULL;NULL;None;anonymous;NULL;Trial Accepted;TaskEvent;9351;877a4ae9-5043-4b6b-b35e-95337330fe10;NULL;0.0014;0.0039;-0.0131;355.8376;-0.0047;1.0932;NULL;NULL;NULL;NULL;-0.0159;0.0000;2.0000;NULL;NULL;;;;;;;;;;;;;0;NULL;-0.1604;-0.5816;0.2598;352.7352;6.0795;30.6794;Palm;NULL;NULL;NULL;NULL;NULL;NULL;NULL;NULL;NULL;NULL;NULL;NULL;NULL;;;;;;;;;;;;;0;NULL;0.0635;-0.0788;0.4790;348.1393;357.1444;351.0301;Palm;NULL;122ed9df-0a02-49d5-9741-6f70481e5b76;-1.5897;NULL;NULL;NULL;NULL;NULL;NULL;NULL;OpenLoop;2.9693;2026-03-26 12:00:18.9693;Hands;25;30;OpenXR
NULL;Right;NULL;NULL;Baseline;NULL;NoMitigation;NULL;NULL;NULL;NULL;NULL;NULL;NULL;NULL;NULL;NULL;None;anonymous;NULL;Trial Started;TaskEvent;9351;877a4ae9-5043-4b6b-b35e-95337330fe10;NULL;0.0014;0.0039;-0.0131;355.8376;-0.0047;1.0932;NULL;NULL;NULL;NULL;NULL;NULL;NULL;NULL;NULL;;;;;;;;;;;;;0;NULL;-0.1604;-0.5816;0.2598;352.7352;6.0795;30.6794;Palm;NULL;NULL;NULL;NULL;NULL;NULL;NULL;NULL;NULL;NULL;NULL;NULL;NULL;;;;;;;;;;;;;0;NULL;0.0635;-0.0788;0.4790;348.1393;357.1444;351.0301;Palm;NULL;122ed9df-0a02-49d5-9741-6f70481e5b76;NULL;NULL;NULL;NULL;0.0300;0.0000;0.0000;2.0000;OpenLoop;0.0000;2026-03-26 12:00:18.9724;Hands;26;30;OpenXR
NULL;Right;NULL;NULL;Baseline;NULL;NoMitigation;NULL;NULL;NULL;NULL;NULL;NULL;NULL;NULL;NULL;NULL;None;anonymous;NULL;Trial Accepted;TaskEvent;9678;877a4ae9-5043-4b6b-b35e-95337330fe10;NULL;0.0040;0.0025;-0.0106;356.9840;0.1698;0.4754;NULL;NULL;NULL;NULL;-0.0539;0.0000;2.0000;NULL;NULL;;;;;;;;;;;;;0;NULL;-0.1607;-0.5837;0.2598;352.1237;6.2239;30.2101;Palm;NULL;NULL;NULL;NULL;NULL;NULL;NULL;NULL;NULL;NULL;NULL;NULL;NULL;;;;;;;;;;;;;0;NULL;0.0723;-0.0762;0.4825;343.7578;355.0116;354.8225;Palm;NULL;122ed9df-0a02-49d5-9741-6f70481e5b76;-5.3920;NULL;NULL;NULL;NULL;NULL;NULL;NULL;OpenLoop;3.0774;2026-03-26 12:00:22.0460;Hands;26;30;OpenXR
NULL;Right;NULL;NULL;Baseline;NULL;NoMitigation;NULL;NULL;NULL;NULL;NULL;NULL;NULL;NULL;NULL;NULL;None;anonymous;NULL;Trial Started;TaskEvent;9678;877a4ae9-5043-4b6b-b35e-95337330fe10;NULL;0.0040;0.0025;-0.0106;356.9840;0.1698;0.4754;NULL;NULL;NULL;NULL;NULL;NULL;NULL;NULL;NULL;;;;;;;;;;;;;0;NULL;-0.1607;-0.5837;0.2598;352.1237;6.2239;30.2101;Palm;NULL;NULL;NULL;NULL;NULL;NULL;NULL;NULL;NULL;NULL;NULL;NULL;NULL;;;;;;;;;;;;;0;NULL;0.0723;-0.0762;0.4825;343.7578;355.0116;354.8225;Palm;NULL;122ed9df-0a02-49d5-9741-6f70481e5b76;NULL;NULL;NULL;NULL;0.0300;0.0000;0.0000;2.0000;OpenLoop;0.0000;2026-03-26 12:00:22.0497;Hands;27;30;OpenXR
NULL;Right;NULL;NULL;Baseline;NULL;NoMitigation;NULL;NULL;NULL;NULL;NULL;NULL;NULL;NULL;NULL;NULL;None;anonymous;NULL;Trial Accepted;TaskEvent;10003;877a4ae9-5043-4b6b-b35e-95337330fe10;NULL;-0.0023;0.0016;-0.0113;357.6240;359.7676;1.7594;NULL;NULL;NULL;NULL;-0.0339;0.0000;2.0000;NULL;NULL;;;;;;;;;;;;;0;NULL;-0.1605;-0.5829;0.2591;352.6418;6.0790;30.2207;Palm;NULL;NULL;NULL;NULL;NULL;NULL;NULL;NULL;NULL;NULL;NULL;NULL;NULL;;;;;;;;;;;;;0;NULL;0.0660;-0.0845;0.4801;343.7574;354.2521;349.3352;Palm;NULL;122ed9df-0a02-49d5-9741-6f70481e5b76;-3.3889;NULL;NULL;NULL;NULL;NULL;NULL;NULL;OpenLoop;3.0331;2026-03-26 12:00:25.0792;Hands;27;30;OpenXR
NULL;Right;NULL;NULL;Baseline;NULL;NoMitigation;NULL;NULL;NULL;NULL;NULL;NULL;NULL;NULL;NULL;NULL;None;anonymous;NULL;Trial Started;TaskEvent;10003;877a4ae9-5043-4b6b-b35e-95337330fe10;NULL;-0.0023;0.0016;-0.0113;357.6240;359.7676;1.7594;NULL;NULL;NULL;NULL;NULL;NULL;NULL;NULL;NULL;;;;;;;;;;;;;0;NULL;-0.1605;-0.5829;0.2591;352.6418;6.0790;30.2207;Palm;NULL;NULL;NULL;NULL;NULL;NULL;NULL;NULL;NULL;NULL;NULL;NULL;NULL;;;;;;;;;;;;;0;NULL;0.0660;-0.0845;0.4801;343.7574;354.2521;349.3352;Palm;NULL;122ed9df-0a02-49d5-9741-6f70481e5b76;NULL;NULL;NULL;NULL;0.0300;0.0000;0.0000;2.0000;OpenLoop;0.0000;2026-03-26 12:00:25.0822;Hands;28;30;OpenXR
NULL;Right;NULL;NULL;Baseline;NULL;NoMitigation;NULL;NULL;NULL;NULL;NULL;NULL;NULL;NULL;NULL;NULL;None;anonymous;NULL;Trial Accepted;TaskEvent;10310;877a4ae9-5043-4b6b-b35e-95337330fe10;NULL;0.0021;0.0018;-0.0132;357.1088;0.1565;0.9009;NULL;NULL;NULL;NULL;-0.0497;0.0000;2.0000;NULL;NULL;;;;;;;;;;;;;0;NULL;-0.1608;-0.5828;0.2595;352.6130;6.1016;30.4815;Palm;NULL;NULL;NULL;NULL;NULL;NULL;NULL;NULL;NULL;NULL;NULL;NULL;NULL;;;;;;;;;;;;;0;NULL;0.0668;-0.0724;0.4788;341.5471;351.5857;358.0655;Palm;NULL;122ed9df-0a02-49d5-9741-6f70481e5b76;-4.9742;NULL;NULL;NULL;NULL;NULL;NULL;NULL;OpenLoop;3.0238;2026-03-26 12:00:28.1034;Hands;28;30;OpenXR
NULL;Right;NULL;NULL;Baseline;NULL;NoMitigation;NULL;NULL;NULL;NULL;NULL;NULL;NULL;NULL;NULL;NULL;None;anonymous;NULL;Trial Started;TaskEvent;10310;877a4ae9-5043-4b6b-b35e-95337330fe10;NULL;0.0021;0.0018;-0.0132;357.1088;0.1565;0.9009;NULL;NULL;NULL;NULL;NULL;NULL;NULL;NULL;NULL;;;;;;;;;;;;;0;NULL;-0.1608;-0.5828;0.2595;352.6130;6.1016;30.4815;Palm;NULL;NULL;NULL;NULL;NULL;NULL;NULL;NULL;NULL;NULL;NULL;NULL;NULL;;;;;;;;;;;;;0;NULL;0.0668;-0.0724;0.4788;341.5471;351.5857;358.0655;Palm;NULL;122ed9df-0a02-49d5-9741-6f70481e5b76;NULL;NULL;NULL;NULL;0.0300;0.0000;0.0000;2.0000;OpenLoop;0.0000;2026-03-26 12:00:28.1065;Hands;29;30;OpenXR
NULL;Right;NULL;NULL;Baseline;NULL;NoMitigation;NULL;NULL;NULL;NULL;NULL;NULL;NULL;NULL;NULL;NULL;None;anonymous;NULL;Trial Accepted;TaskEvent;10613;877a4ae9-5043-4b6b-b35e-95337330fe10;NULL;0.0017;0.0003;-0.0132;357.6897;0.3445;0.8500;NULL;NULL;NULL;NULL;-0.0125;0.0000;2.0000;NULL;NULL;;;;;;;;;;;;;0;NULL;-0.1613;-0.5853;0.2597;352.3487;5.9589;30.1973;Palm;NULL;NULL;NULL;NULL;NULL;NULL;NULL;NULL;NULL;NULL;NULL;NULL;NULL;;;;;;;;;;;;;0;NULL;0.0666;-0.0847;0.4770;344.9900;355.1172;357.2151;Palm;NULL;122ed9df-0a02-49d5-9741-6f70481e5b76;-1.2480;NULL;NULL;NULL;NULL;NULL;NULL;NULL;OpenLoop;2.9327;2026-03-26 12:00:31.0361;Hands;29;30;OpenXR
NULL;Right;NULL;NULL;Baseline;NULL;NoMitigation;NULL;NULL;NULL;NULL;NULL;NULL;NULL;NULL;NULL;NULL;None;anonymous;NULL;Trial Started;TaskEvent;10613;877a4ae9-5043-4b6b-b35e-95337330fe10;NULL;0.0017;0.0003;-0.0132;357.6897;0.3445;0.8500;NULL;NULL;NULL;NULL;NULL;NULL;NULL;NULL;NULL;;;;;;;;;;;;;0;NULL;-0.1613;-0.5853;0.2597;352.3487;5.9589;30.1973;Palm;NULL;NULL;NULL;NULL;NULL;NULL;NULL;NULL;NULL;NULL;NULL;NULL;NULL;;;;;;;;;;;;;0;NULL;0.0666;-0.0847;0.4770;344.9900;355.1172;357.2151;Palm;NULL;122ed9df-0a02-49d5-9741-6f70481e5b76;NULL;NULL;NULL;NULL;0.0300;0.0000;0.0000;2.0000;OpenLoop;0.0000;2026-03-26 12:00:31.0393;Hands;30;30;OpenXR
NULL;Right;NULL;NULL;Baseline;NULL;NoMitigation;NULL;NULL;NULL;NULL;NULL;NULL;NULL;NULL;NULL;NULL;None;anonymous;NULL;Trial Accepted;TaskEvent;10891;877a4ae9-5043-4b6b-b35e-95337330fe10;NULL;0.0007;0.0016;-0.0105;357.4441;0.1019;0.8960;NULL;NULL;NULL;NULL;-0.0444;0.0000;2.0000;NULL;NULL;;;;;;;;;;;;;0;NULL;-0.1609;-0.5837;0.2599;352.4071;5.8916;30.7918;Palm;NULL;NULL;NULL;NULL;NULL;NULL;NULL;NULL;NULL;NULL;NULL;NULL;NULL;;;;;;;;;;;;;0;NULL;0.0642;-0.0875;0.4799;344.0399;351.2791;359.6139;Palm;NULL;122ed9df-0a02-49d5-9741-6f70481e5b76;-4.4396;NULL;NULL;NULL;NULL;NULL;NULL;NULL;OpenLoop;2.7345;2026-03-26 12:00:33.7716;Hands;30;30;OpenXR
NULL;Right;NULL;NULL;Baseline;NULL;NoMitigation;NULL;NULL;NULL;NULL;NULL;NULL;NULL;NULL;NULL;NULL;None;anonymous;NULL;Block Completed;BlockEvent;10891;877a4ae9-5043-4b6b-b35e-95337330fe10;NULL;0.0007;0.0016;-0.0105;357.4441;0.1019;0.8960;NULL;NULL;NULL;NULL;NULL;NULL;NULL;NULL;NULL;;;;;;;;;;;;;0;NULL;-0.1609;-0.5837;0.2599;352.4071;5.8916;30.7918;Palm;NULL;NULL;NULL;-1.8920;NULL;NULL;NULL;NULL;NULL;NULL;NULL;NULL;NULL;;;;;;;;;;;;;0;NULL;0.0642;-0.0875;0.4799;344.0399;351.2791;359.6139;Palm;2.4906;122ed9df-0a02-49d5-9741-6f70481e5b76;NULL;NULL;NULL;NULL;NULL;NULL;NULL;NULL;OpenLoop;0.0000;2026-03-26 12:00:33.7778;Hands;NULL;30;OpenXR
NULL;Right;NULL;NULL;Exposure;NULL;NoMitigation;NULL;NULL;NULL;NULL;NULL;NULL;NULL;NULL;NULL;NULL;None;anonymous;NULL;Exposure Started;BlockEvent;11100;877a4ae9-5043-4b6b-b35e-95337330fe10;NULL;0.0311;0.0010;0.0337;359.7457;2.4327;0.8592;NULL;NULL;NULL;NULL;NULL;NULL;NULL;NULL;NULL;;;;;;;;;;;;;0;NULL;-0.1612;-0.5860;0.2602;354.5520;5.2052;28.1156;Palm;NULL;NULL;NULL;NULL;NULL;NULL;NULL;NULL;NULL;NULL;NULL;NULL;NULL;;;;;;;;;;;;;0;NULL;0.1109;-0.1378;0.3186;296.8911;7.9198;190.6781;Palm;NULL;122ed9df-0a02-49d5-9741-6f70481e5b76;NULL;OpenLoop;NULL;NULL;NULL;NULL;NULL;NULL;Exposure;2.0057;2026-03-26 12:00:35.7771;Hands;NULL;NULL;OpenXR
NULL;Right;NULL;NULL;Exposure;NULL;NoMitigation;2;1;0;0;0;0;0.5000;0.0000;2.0000;NULL;None;anonymous;NULL;Mole Spawned;MoleEvent;11100;877a4ae9-5043-4b6b-b35e-95337330fe10;NULL;0.0311;0.0010;0.0337;359.7457;2.4327;0.8592;NULL;NULL;NULL;NULL;NULL;NULL;NULL;NULL;NULL;;;;;;;;;;;;;0;NULL;-0.1612;-0.5860;0.2602;354.5520;5.2052;28.1156;Palm;NULL;NULL;NULL;NULL;2;1;0;0;0;0;0.5000;0.0000;2.0000;;;;;;;;;;;;;0;NULL;0.1109;-0.1378;0.3186;296.8911;7.9198;190.6781;Palm;NULL;122ed9df-0a02-49d5-9741-6f70481e5b76;NULL;NULL;NULL;1;NULL;0.5000;0.0000;2.0000;Exposure;0.0000;2026-03-26 12:00:35.7928;Hands;NULL;NULL;OpenXR
NULL;Right;NULL;1;Exposure;NULL;NoMitigation;2;1;0;0;0;0;0.5000;0.0000;2.0000;NULL;None;anonymous;NULL;Pointer Shoot;PointerEvent;11440;877a4ae9-5043-4b6b-b35e-95337330fe10;NULL;-0.0009;0.0021;0.0024;358.5508;6.8952;2.7132;NULL;0.5245;-0.0190;2.0000;0.5245;-0.0190;2.0000;NULL;NULL;;;;;;;;;;;;;0;NULL;-0.1611;-0.5819;0.2589;351.3146;4.9475;32.8484;Palm;NULL;NULL;NULL;NULL;2;1;0;0;0;0;0.5000;0.0000;2.0000;;;;;;;;;;;;;0;NULL;0.1808;-0.0806;0.4881;337.3447;15.9991;339.8882;Palm;NULL;122ed9df-0a02-49d5-9741-6f70481e5b76;NULL;NULL;0;1;NULL;0.5000;0.0000;2.0000;Exposure;3.1173;2026-03-26 12:00:38.8952;Hands;NULL;NULL;OpenXR
NULL;Right;NULL;1;Exposure;NULL;NoMitigation;2;1;0;0;0;0;0.5000;0.0000;2.0000;NULL;None;anonymous;NULL;Mole Hit;MoleEvent;11440;877a4ae9-5043-4b6b-b35e-95337330fe10;NULL;-0.0009;0.0021;0.0024;358.5508;6.8952;2.7132;0.0310;0.5245;-0.0190;2.0000;0.5245;-0.0190;2.0000;NULL;1;;;;;;;;;;;;;0;NULL;-0.1611;-0.5819;0.2589;351.3146;4.9475;32.8484;Palm;NULL;NULL;NULL;NULL;2;1;0;0;0;0;0.5000;0.0000;2.0000;;;;;;;;;;;;;0;NULL;0.1808;-0.0806;0.4881;337.3447;15.9991;339.8882;Palm;NULL;122ed9df-0a02-49d5-9741-6f70481e5b76;NULL;NULL;0;1;NULL;0.5000;0.0000;2.0000;Exposure;0.0000;2026-03-26 12:00:38.9031;Hands;NULL;NULL;OpenXR
NULL;Right;NULL;NULL;Exposure;NULL;NoMitigation;3;2;0;1;0;0;-0.5000;0.0000;2.0000;NULL;None;anonymous;NULL;Mole Spawned;MoleEvent;11440;877a4ae9-5043-4b6b-b35e-95337330fe10;NULL;-0.0009;0.0021;0.0024;358.5508;6.8952;2.7132;NULL;NULL;NULL;NULL;NULL;NULL;NULL;NULL;NULL;;;;;;;;;;;;;0;NULL;-0.1611;-0.5819;0.2589;351.3146;4.9475;32.8484;Palm;NULL;NULL;NULL;NULL;3;2;0;1;0;0;-0.5000;0.0000;2.0000;;;;;;;;;;;;;0;NULL;0.1808;-0.0806;0.4881;337.3447;15.9991;339.8882;Palm;NULL;122ed9df-0a02-49d5-9741-6f70481e5b76;NULL;NULL;NULL;2;NULL;-0.5000;0.0000;2.0000;Exposure;0.0000;2026-03-26 12:00:38.9073;Hands;NULL;NULL;OpenXR
NULL;Right;NULL;2;Exposure;NULL;NoMitigation;3;2;0;1;0;0;-0.5000;0.0000;2.0000;NULL;None;anonymous;NULL;Pointer Shoot;PointerEvent;11769;877a4ae9-5043-4b6b-b35e-95337330fe10;NULL;-0.0118;0.0004;-0.0018;358.6147;348.2433;0.8166;NULL;-0.6325;0.1985;2.0000;-0.6325;0.1985;2.0000;NULL;NULL;;;;;;;;;;;;;0;NULL;-0.1618;-0.5842;0.2599;350.0768;5.1948;32.6686;Palm;NULL;NULL;NULL;NULL;3;2;0;1;0;0;-0.5000;0.0000;2.0000;;;;;;;;;;;;;0;NULL;-0.0589;-0.0760;0.4723;335.8813;342.2842;347.2545;Palm;NULL;122ed9df-0a02-49d5-9741-6f70481e5b76;NULL;NULL;1;2;NULL;-0.5000;0.0000;2.0000;Exposure;2.9069;2026-03-26 12:00:41.8008;Hands;NULL;NULL;OpenXR
NULL;Right;NULL;2;Exposure;NULL;NoMitigation;3;2;0;1;0;0;-0.5000;0.0000;2.0000;NULL;None;anonymous;NULL;Mole Missed;PointerEvent;11769;877a4ae9-5043-4b6b-b35e-95337330fe10;NULL;-0.0118;0.0004;-0.0018;358.6147;348.2433;0.8166;0.2387;-0.6325;0.1985;2.0000;-0.6325;0.1985;2.0000;NULL;0;;;;;;;;;;;;;0;NULL;-0.1618;-0.5842;0.2599;350.0768;5.1948;32.6686;Palm;NULL;NULL;NULL;NULL;3;2;0;1;0;0;-0.5000;0.0000;2.0000;;;;;;;;;;;;;0;NULL;-0.0589;-0.0760;0.4723;335.8813;342.2842;347.2545;Palm;NULL;122ed9df-0a02-49d5-9741-6f70481e5b76;NULL;NULL;1;2;NULL;-0.5000;0.0000;2.0000;Exposure;0.0000;2026-03-26 12:00:41.8039;Hands;NULL;NULL;OpenXR
NULL;Right;NULL;3;Exposure;NULL;NoMitigation;3;2;0;1;0;0;-0.5000;0.0000;2.0000;NULL;None;anonymous;NULL;Pointer Shoot;PointerEvent;12094;877a4ae9-5043-4b6b-b35e-95337330fe10;NULL;-0.0095;-0.0003;-0.0005;359.4908;348.6550;0.4702;NULL;-0.4489;0.0106;2.0000;-0.4489;0.0106;2.0000;NULL;NULL;;;;;;;;;;;;;0;NULL;-0.1625;-0.5840;0.2591;349.6579;5.9548;32.4462;Palm;NULL;NULL;NULL;NULL;3;2;0;1;0;0;-0.5000;0.0000;2.0000;;;;;;;;;;;;;0;NULL;-0.0620;-0.0761;0.4664;339.1858;344.7197;354.6798;Palm;NULL;122ed9df-0a02-49d5-9741-6f70481e5b76;NULL;NULL;1;2;NULL;-0.5000;0.0000;2.0000;Exposure;2.9163;2026-03-26 12:00:44.7188;Hands;NULL;NULL;OpenXR
NULL;Right;NULL;3;Exposure;NULL;NoMitigation;3;2;0;1;0;0;-0.5000;0.0000;2.0000;NULL;None;anonymous;NULL;Mole Hit;MoleEvent;12094;877a4ae9-5043-4b6b-b35e-95337330fe10;NULL;-0.0095;-0.0003;-0.0005;359.4908;348.6550;0.4702;0.0522;-0.4489;0.0106;2.0000;-0.4489;0.0106;2.0000;NULL;1;;;;;;;;;;;;;0;NULL;-0.1625;-0.5840;0.2591;349.6579;5.9548;32.4462;Palm;NULL;NULL;NULL;NULL;3;2;0;1;0;0;-0.5000;0.0000;2.0000;;;;;;;;;;;;;0;NULL;-0.0620;-0.0761;0.4664;339.1858;344.7197;354.6798;Palm;NULL;122ed9df-0a02-49d5-9741-6f70481e5b76;NULL;NULL;1;2;NULL;-0.5000;0.0000;2.0000;Exposure;0.0000;2026-03-26 12:00:44.7219;Hands;NULL;NULL;OpenXR
NULL;Right;NULL;NULL;Exposure;NULL;NoMitigation;2;1;0;0;0;0;0.5000;0.0000;2.0000;NULL;None;anonymous;NULL;Mole Spawned;MoleEvent;12094;877a4ae9-5043-4b6b-b35e-95337330fe10;NULL;-0.0095;-0.0003;-0.0005;359.4908;348.6550;0.4702;NULL;NULL;NULL;NULL;NULL;NULL;NULL;NULL;NULL;;;;;;;;;;;;;0;NULL;-0.1625;-0.5840;0.2591;349.6579;5.9548;32.4462;Palm;NULL;NULL;NULL;NULL;2;1;0;0;0;0;0.5000;0.0000;2.0000;;;;;;;;;;;;;0;NULL;-0.0620;-0.0761;0.4664;339.1858;344.7197;354.6798;Palm;NULL;122ed9df-0a02-49d5-9741-6f70481e5b76;NULL;NULL;NULL;1;NULL;0.5000;0.0000;2.0000;Exposure;0.0000;2026-03-26 12:00:44.7268;Hands;NULL;NULL;OpenXR
NULL;Right;NULL;4;Exposure;NULL;NoMitigation;2;1;0;0;0;0;0.5000;0.0000;2.0000;NULL;None;anonymous;NULL;Pointer Shoot;PointerEvent;12387;877a4ae9-5043-4b6b-b35e-95337330fe10;NULL;0.0068;-0.0018;-0.0004;0.1983;8.0281;1.2217;NULL;0.5384;0.0041;2.0000;0.5384;0.0041;2.0000;NULL;NULL;;;;;;;;;;;;;0;NULL;-0.1597;-0.5781;0.2571;350.3758;5.8815;32.5786;Palm;NULL;NULL;NULL;NULL;2;1;0;0;0;0;0.5000;0.0000;2.0000;;;;;;;;;;;;;0;NULL;0.1826;-0.0825;0.4825;344.9967;14.2209;349.4791;Palm;NULL;122ed9df-0a02-49d5-9741-6f70481e5b76;NULL;NULL;2;1;NULL;0.5000;0.0000;2.0000;Exposure;2.8138;2026-03-26 12:00:47.5305;Hands;NULL;NULL;OpenXR
NULL;Right;NULL;4;Exposure;NULL;NoMitigation;2;1;0;0;0;0;0.5000;0.0000;2.0000;NULL;None;anonymous;NULL;Mole Hit;MoleEvent;12387;877a4ae9-5043-4b6b-b35e-95337330fe10;NULL;0.0068;-0.0018;-0.0004;0.1983;8.0281;1.2217;0.0386;0.5384;0.0041;2.0000;0.5384;0.0041;2.0000;NULL;1;;;;;;;;;;;;;0;NULL;-0.1597;-0.5781;0.2571;350.3758;5.8815;32.5786;Palm;NULL;NULL;NULL;NULL;2;1;0;0;0;0;0.5000;0.0000;2.0000;;;;;;;;;;;;;0;NULL;0.1826;-0.0825;0.4825;344.9967;14.2209;349.4791;Palm;NULL;122ed9df-0a02-49d5-9741-6f70481e5b76;NULL;NULL;2;1;NULL;0.5000;0.0000;2.0000;Exposure;0.0000;2026-03-26 12:00:47.5347;Hands;NULL;NULL;OpenXR
NULL;Right;NULL;NULL;Exposure;NULL;NoMitigation;3;2;0;1;0;0;-0.5000;0.0000;2.0000;NULL;None;anonymous;NULL;Mole Spawned;MoleEvent;12387;877a4ae9-5043-4b6b-b35e-95337330fe10;NULL;0.0068;-0.0018;-0.0004;0.1983;8.0281;1.2217;NULL;NULL;NULL;NULL;NULL;NULL;NULL;NULL;NULL;;;;;;;;;;;;;0;NULL;-0.1597;-0.5781;0.2571;350.3758;5.8815;32.5786;Palm;NULL;NULL;NULL;NULL;3;2;0;1;0;0;-0.5000;0.0000;2.0000;;;;;;;;;;;;;0;NULL;0.1826;-0.0825;0.4825;344.9967;14.2209;349.4791;Palm;NULL;122ed9df-0a02-49d5-9741-6f70481e5b76;NULL;NULL;NULL;2;NULL;-0.5000;0.0000;2.0000;Exposure;0.0000;2026-03-26 12:00:47.5379;Hands;NULL;NULL;OpenXR
NULL;Right;NULL;5;Exposure;NULL;NoMitigation;3;2;0;1;0;0;-0.5000;0.0000;2.0000;NULL;None;anonymous;NULL;Pointer Shoot;PointerEvent;12691;877a4ae9-5043-4b6b-b35e-95337330fe10;NULL;-0.0205;-0.0031;0.0006;0.9748;347.0790;1.9845;NULL;-0.4855;-0.0183;2.0000;-0.4855;-0.0183;2.0000;NULL;NULL;;;;;;;;;;;;;0;NULL;-0.1627;-0.5844;0.2594;349.6338;5.2584;32.8230;Palm;NULL;NULL;NULL;NULL;3;2;0;1;0;0;-0.5000;0.0000;2.0000;;;;;;;;;;;;;0;NULL;-0.0688;-0.0870;0.4573;343.0320;344.1577;356.3666;Palm;NULL;122ed9df-0a02-49d5-9741-6f70481e5b76;NULL;NULL;3;2;NULL;-0.5000;0.0000;2.0000;Exposure;2.8255;2026-03-26 12:00:50.3562;Hands;NULL;NULL;OpenXR
NULL;Right;NULL;5;Exposure;NULL;NoMitigation;3;2;0;1;0;0;-0.5000;0.0000;2.0000;NULL;None;anonymous;NULL;Mole Hit;MoleEvent;12691;877a4ae9-5043-4b6b-b35e-95337330fe10;NULL;-0.0205;-0.0031;0.0006;0.9748;347.0790;1.9845;0.0234;-0.4855;-0.0183;2.0000;-0.4855;-0.0183;2.0000;NULL;1;;;;;;;;;;;;;0;NULL;-0.1627;-0.5844;0.2594;349.6338;5.2584;32.8230;Palm;NULL;NULL;NULL;NULL;3;2;0;1;0;0;-0.5000;0.0000;2.0000;;;;;;;;;;;;;0;NULL;-0.0688;-0.0870;0.4573;343.0320;344.1577;356.3666;Palm;NULL;122ed9df-0a02-49d5-9741-6f70481e5b76;NULL;NULL;3;2;NULL;-0.5000;0.0000;2.0000;Exposure;0.0000;2026-03-26 12:00:50.3603;Hands;NULL;NULL;OpenXR
NULL;Right;NULL;NULL;Exposure;NULL;NoMitigation;2;1;0;0;0;0;0.5000;0.0000;2.0000;NULL;None;anonymous;NULL;Mole Spawned;MoleEvent;12691;877a4ae9-5043-4b6b-b35e-95337330fe10;NULL;-0.0205;-0.0031;0.0006;0.9748;347.0790;1.9845;NULL;NULL;NULL;NULL;NULL;NULL;NULL;NULL;NULL;;;;;;;;;;;;;0;NULL;-0.1627;-0.5844;0.2594;349.6338;5.2584;32.8230;Palm;NULL;NULL;NULL;NULL;2;1;0;0;0;0;0.5000;0.0000;2.0000;;;;;;;;;;;;;0;NULL;-0.0688;-0.0870;0.4573;343.0320;344.1577;356.3666;Palm;NULL;122ed9df-0a02-49d5-9741-6f70481e5b76;NULL;NULL;NULL;1;NULL;0.5000;0.0000;2.0000;Exposure;0.0000;2026-03-26 12:00:50.3634;Hands;NULL;NULL;OpenXR
NULL;Right;NULL;6;Exposure;NULL;NoMitigation;2;1;0;0;0;0;0.5000;0.0000;2.0000;NULL;None;anonymous;NULL;Pointer Shoot;PointerEvent;13006;877a4ae9-5043-4b6b-b35e-95337330fe10;NULL;-0.0025;-0.0018;0.0056;0.6780;6.7762;2.6495;NULL;0.5115;0.2046;2.0000;0.5115;0.2046;2.0000;NULL;NULL;;;;;;;;;;;;;0;NULL;-0.1612;-0.5817;0.2584;350.3743;5.2451;33.7561;Palm;NULL;NULL;NULL;NULL;2;1;0;0;0;0;0.5000;0.0000;2.0000;;;;;;;;;;;;;0;NULL;0.1739;-0.0916;0.4880;346.5949;13.0645;355.2769;Palm;NULL;122ed9df-0a02-49d5-9741-6f70481e5b76;NULL;NULL;4;1;NULL;0.5000;0.0000;2.0000;Exposure;2.7506;2026-03-26 12:00:53.1073;Hands;NULL;NULL;OpenXR
NULL;Right;NULL;6;Exposure;NULL;NoMitigation;2;1;0;0;0;0;0.5000;0.0000;2.0000;NULL;None;anonymous;NULL;Mole Missed;PointerEvent;13006;877a4ae9-5043-4b6b-b35e-95337330fe10;NULL;-0.0025;-0.0018;0.0056;0.6780;6.7762;2.6495;0.2050;0.5115;0.2046;2.0000;0.5115;0.2046;2.0000;NULL;0;;;;;;;;;;;;;0;NULL;-0.1612;-0.5817;0.2584;350.3743;5.2451;33.7561;Palm;NULL;NULL;NULL;NULL;2;1;0;0;0;0;0.5000;0.0000;2.0000;;;;;;;;;;;;;0;NULL;0.1739;-0.0916;0.4880;346.5949;13.0645;355.2769;Palm;NULL;122ed9df-0a02-49d5-9741-6f70481e5b76;NULL;NULL;4;1;NULL;0.5000;0.0000;2.0000;Exposure;0.0000;2026-03-26 12:00:53.1109;Hands;NULL;NULL;OpenXR
NULL;Right;NULL;7;Exposure;NULL;NoMitigation;2;1;0;0;0;0;0.5000;0.0000;2.0000;NULL;None;anonymous;NULL;Pointer Shoot;PointerEvent;14497;877a4ae9-5043-4b6b-b35e-95337330fe10;NULL;0.0094;0.0010;0.0005;359.4585;8.1417;1.2712;NULL;0.4708;-0.0096;2.0000;0.4708;-0.0096;2.0000;NULL;NULL;;;;;;;;;;;;;0;NULL;-0.1859;-0.5755;0.2312;349.3530;357.7946;35.0829;Palm;NULL;NULL;NULL;NULL;2;1;0;0;0;0;0.5000;0.0000;2.0000;;;;;;;;;;;;;0;NULL;0.1897;-0.0837;0.4978;342.2837;14.8808;352.3963;Palm;NULL;122ed9df-0a02-49d5-9741-6f70481e5b76;NULL;NULL;4;1;NULL;0.5000;0.0000;2.0000;Exposure;14.1541;2026-03-26 12:01:07.7520;Hands;NULL;NULL;OpenXR
NULL;Right;NULL;7;Exposure;NULL;NoMitigation;2;1;0;0;0;0;0.5000;0.0000;2.0000;NULL;None;anonymous;NULL;Mole Hit;MoleEvent;14497;877a4ae9-5043-4b6b-b35e-95337330fe10;NULL;0.0094;0.0010;0.0005;359.4585;8.1417;1.2712;0.0307;0.4708;-0.0096;2.0000;0.4708;-0.0096;2.0000;NULL;1;;;;;;;;;;;;;0;NULL;-0.1859;-0.5755;0.2312;349.3530;357.7946;35.0829;Palm;NULL;NULL;NULL;NULL;2;1;0;0;0;0;0.5000;0.0000;2.0000;;;;;;;;;;;;;0;NULL;0.1897;-0.0837;0.4978;342.2837;14.8808;352.3963;Palm;NULL;122ed9df-0a02-49d5-9741-6f70481e5b76;NULL;NULL;4;1;NULL;0.5000;0.0000;2.0000;Exposure;0.0000;2026-03-26 12:01:07.7552;Hands;NULL;NULL;OpenXR
NULL;Right;NULL;NULL;Exposure;NULL;NoMitigation;3;2;0;1;0;0;-0.5000;0.0000;2.0000;NULL;None;anonymous;NULL;Mole Spawned;MoleEvent;14497;877a4ae9-5043-4b6b-b35e-95337330fe10;NULL;0.0094;0.0010;0.0005;359.4585;8.1417;1.2712;NULL;NULL;NULL;NULL;NULL;NULL;NULL;NULL;NULL;;;;;;;;;;;;;0;NULL;-0.1859;-0.5755;0.2312;349.3530;357.7946;35.0829;Palm;NULL;NULL;NULL;NULL;3;2;0;1;0;0;-0.5000;0.0000;2.0000;;;;;;;;;;;;;0;NULL;0.1897;-0.0837;0.4978;342.2837;14.8808;352.3963;Palm;NULL;122ed9df-0a02-49d5-9741-6f70481e5b76;NULL;NULL;NULL;2;NULL;-0.5000;0.0000;2.0000;Exposure;0.0000;2026-03-26 12:01:07.7598;Hands;NULL;NULL;OpenXR
NULL;Right;NULL;8;Exposure;NULL;NoMitigation;3;2;0;1;0;0;-0.5000;0.0000;2.0000;NULL;None;anonymous;NULL;Pointer Shoot;PointerEvent;14844;877a4ae9-5043-4b6b-b35e-95337330fe10;NULL;-0.0082;0.0003;0.0027;359.9291;347.4513;359.9069;NULL;-0.4555;0.0387;2.0000;-0.4555;0.0387;2.0000;NULL;NULL;;;;;;;;;;;;;0;NULL;-0.1869;-0.5747;0.2324;351.7683;358.4724;34.9131;Palm;NULL;NULL;NULL;NULL;3;2;0;1;0;0;-0.5000;0.0000;2.0000;;;;;;;;;;;;;0;NULL;-0.0656;-0.0864;0.4772;342.2705;342.7600;353.0263;Palm;NULL;122ed9df-0a02-49d5-9741-6f70481e5b76;NULL;NULL;5;2;NULL;-0.5000;0.0000;2.0000;Exposure;3.0413;2026-03-26 12:01:10.7933;Hands;NULL;NULL;OpenXR
NULL;Right;NULL;8;Exposure;NULL;NoMitigation;3;2;0;1;0;0;-0.5000;0.0000;2.0000;NULL;None;anonymous;NULL;Mole Hit;MoleEvent;14844;877a4ae9-5043-4b6b-b35e-95337330fe10;NULL;-0.0082;0.0003;0.0027;359.9291;347.4513;359.9069;0.0589;-0.4555;0.0387;2.0000;-0.4555;0.0387;2.0000;NULL;1;;;;;;;;;;;;;0;NULL;-0.1869;-0.5747;0.2324;351.7683;358.4724;34.9131;Palm;NULL;NULL;NULL;NULL;3;2;0;1;0;0;-0.5000;0.0000;2.0000;;;;;;;;;;;;;0;NULL;-0.0656;-0.0864;0.4772;342.2705;342.7600;353.0263;Palm;NULL;122ed9df-0a02-49d5-9741-6f70481e5b76;NULL;NULL;5;2;NULL;-0.5000;0.0000;2.0000;Exposure;0.0000;2026-03-26 12:01:10.7982;Hands;NULL;NULL;OpenXR
NULL;Right;NULL;NULL;Exposure;NULL;NoMitigation;2;1;0;0;0;0;0.5000;0.0000;2.0000;NULL;None;anonymous;NULL;Mole Spawned;MoleEvent;14844;877a4ae9-5043-4b6b-b35e-95337330fe10;NULL;-0.0082;0.0003;0.0027;359.9291;347.4513;359.9069;NULL;NULL;NULL;NULL;NULL;NULL;NULL;NULL;NULL;;;;;;;;;;;;;0;NULL;-0.1869;-0.5747;0.2324;351.7683;358.4724;34.9131;Palm;NULL;NULL;NULL;NULL;2;1;0;0;0;0;0.5000;0.0000;2.0000;;;;;;;;;;;;;0;NULL;-0.0656;-0.0864;0.4772;342.2705;342.7600;353.0263;Palm;NULL;122ed9df-0a02-49d5-9741-6f70481e5b76;NULL;NULL;NULL;1;NULL;0.5000;0.0000;2.0000;Exposure;0.0000;2026-03-26 12:01:10.8023;Hands;NULL;NULL;OpenXR
NULL;Right;NULL;9;Exposure;NULL;NoMitigation;2;1;0;0;0;0;0.5000;0.0000;2.0000;NULL;None;anonymous;NULL;Pointer Shoot;PointerEvent;15183;877a4ae9-5043-4b6b-b35e-95337330fe10;NULL;0.0083;0.0006;0.0040;359.5580;7.0637;1.4988;NULL;0.5410;0.1604;2.0000;0.5410;0.1604;2.0000;NULL;NULL;;;;;;;;;;;;;0;NULL;-0.1859;-0.5741;0.2311;350.3320;358.0302;34.6204;Palm;NULL;NULL;NULL;NULL;2;1;0;0;0;0;0.5000;0.0000;2.0000;;;;;;;;;;;;;0;NULL;0.1858;-0.0891;0.5048;343.8112;13.0968;352.2930;Palm;NULL;122ed9df-0a02-49d5-9741-6f70481e5b76;NULL;NULL;6;1;NULL;0.5000;0.0000;2.0000;Exposure;2.9576;2026-03-26 12:01:13.7501;Hands;NULL;NULL;OpenXR
NULL;Right;NULL;9;Exposure;NULL;NoMitigation;2;1;0;0;0;0;0.5000;0.0000;2.0000;NULL;None;anonymous;NULL;Mole Missed;PointerEvent;15183;877a4ae9-5043-4b6b-b35e-95337330fe10;NULL;0.0083;0.0006;0.0040;359.5580;7.0637;1.4988;0.1655;0.5410;0.1604;2.0000;0.5410;0.1604;2.0000;NULL;0;;;;;;;;;;;;;0;NULL;-0.1859;-0.5741;0.2311;350.3320;358.0302;34.6204;Palm;NULL;NULL;NULL;NULL;2;1;0;0;0;0;0.5000;0.0000;2.0000;;;;;;;;;;;;;0;NULL;0.1858;-0.0891;0.5048;343.8112;13.0968;352.2930;Palm;NULL;122ed9df-0a02-49d5-9741-6f70481e5b76;NULL;NULL;6;1;NULL;0.5000;0.0000;2.0000;Exposure;0.0000;2026-03-26 12:01:13.7532;Hands;NULL;NULL;OpenXR
NULL;Right;NULL;10;Exposure;NULL;NoMitigation;2;1;0;0;0;0;0.5000;0.0000;2.0000;NULL;None;anonymous;NULL;Pointer Shoot;PointerEvent;15741;877a4ae9-5043-4b6b-b35e-95337330fe10;NULL;0.0115;-0.0003;0.0014;359.5604;9.2715;1.4879;NULL;0.5115;0.1602;2.0000;0.5115;0.1602;2.0000;NULL;NULL;;;;;;;;;;;;;0;NULL;-0.1867;-0.5759;0.2313;349.5769;358.0291;34.5669;Palm;NULL;NULL;NULL;NULL;2;1;0;0;0;0;0.5000;0.0000;2.0000;;;;;;;;;;;;;0;NULL;0.1961;-0.0937;0.5000;346.0532;17.3872;352.2771;Palm;NULL;122ed9df-0a02-49d5-9741-6f70481e5b76;NULL;NULL;6;1;NULL;0.5000;0.0000;2.0000;Exposure;4.8071;2026-03-26 12:01:18.5573;Hands;NULL;NULL;OpenXR
NULL;Right;NULL;10;Exposure;NULL;NoMitigation;2;1;0;0;0;0;0.5000;0.0000;2.0000;NULL;None;anonymous;NULL;Mole Missed;PointerEvent;15741;877a4ae9-5043-4b6b-b35e-95337330fe10;NULL;0.0115;-0.0003;0.0014;359.5604;9.2715;1.4879;0.1607;0.5115;0.1602;2.0000;0.5115;0.1602;2.0000;NULL;0;;;;;;;;;;;;;0;NULL;-0.1867;-0.5759;0.2313;349.5769;358.0291;34.5669;Palm;NULL;NULL;NULL;NULL;2;1;0;0;0;0;0.5000;0.0000;2.0000;;;;;;;;;;;;;0;NULL;0.1961;-0.0937;0.5000;346.0532;17.3872;352.2771;Palm;NULL;122ed9df-0a02-49d5-9741-6f70481e5b76;NULL;NULL;6;1;NULL;0.5000;0.0000;2.0000;Exposure;0.0000;2026-03-26 12:01:18.5604;Hands;NULL;NULL;OpenXR
NULL;Right;NULL;11;Exposure;NULL;NoMitigation;2;1;0;0;0;0;0.5000;0.0000;2.0000;NULL;None;anonymous;NULL;Pointer Shoot;PointerEvent;16085;877a4ae9-5043-4b6b-b35e-95337330fe10;NULL;0.0106;-0.0002;0.0004;359.2551;8.6336;1.6839;NULL;0.5099;-0.0039;2.0000;0.5099;-0.0039;2.0000;NULL;NULL;;;;;;;;;;;;;0;NULL;-0.1862;-0.5751;0.2316;349.8900;358.3176;33.8829;Palm;NULL;NULL;NULL;NULL;2;1;0;0;0;0;0.5000;0.0000;2.0000;;;;;;;;;;;;;0;NULL;0.1884;-0.0964;0.4979;343.3191;14.6699;351.0286;Palm;NULL;122ed9df-0a02-49d5-9741-6f70481e5b76;NULL;NULL;6;1;NULL;0.5000;0.0000;2.0000;Exposure;2.9998;2026-03-26 12:01:21.5568;Hands;NULL;NULL;OpenXR
NULL;Right;NULL;11;Exposure;NULL;NoMitigation;2;1;0;0;0;0;0.5000;0.0000;2.0000;NULL;None;anonymous;NULL;Mole Hit;MoleEvent;16085;877a4ae9-5043-4b6b-b35e-95337330fe10;NULL;0.0106;-0.0002;0.0004;359.2551;8.6336;1.6839;0.0106;0.5099;-0.0039;2.0000;0.5099;-0.0039;2.0000;NULL;1;;;;;;;;;;;;;0;NULL;-0.1862;-0.5751;0.2316;349.8900;358.3176;33.8829;Palm;NULL;NULL;NULL;NULL;2;1;0;0;0;0;0.5000;0.0000;2.0000;;;;;;;;;;;;;0;NULL;0.1884;-0.0964;0.4979;343.3191;14.6699;351.0286;Palm;NULL;122ed9df-0a02-49d5-9741-6f70481e5b76;NULL;NULL;6;1;NULL;0.5000;0.0000;2.0000;Exposure;0.0000;2026-03-26 12:01:21.5589;Hands;NULL;NULL;OpenXR
NULL;Right;NULL;NULL;Exposure;NULL;NoMitigation;1;0;0;-1;0;0;0.0000;0.0000;2.0000;NULL;None;anonymous;NULL;Mole Spawned;MoleEvent;16085;877a4ae9-5043-4b6b-b35e-95337330fe10;NULL;0.0106;-0.0002;0.0004;359.2551;8.6336;1.6839;NULL;NULL;NULL;NULL;NULL;NULL;NULL;NULL;NULL;;;;;;;;;;;;;0;NULL;-0.1862;-0.5751;0.2316;349.8900;358.3176;33.8829;Palm;NULL;NULL;NULL;NULL;1;0;0;-1;0;0;0.0000;0.0000;2.0000;;;;;;;;;;;;;0;NULL;0.1884;-0.0964;0.4979;343.3191;14.6699;351.0286;Palm;NULL;122ed9df-0a02-49d5-9741-6f70481e5b76;NULL;NULL;NULL;0;NULL;0.0000;0.0000;2.0000;Exposure;0.0000;2026-03-26 12:01:21.5620;Hands;NULL;NULL;OpenXR
NULL;Right;NULL;12;Exposure;NULL;NoMitigation;1;0;0;-1;0;0;0.0000;0.0000;2.0000;NULL;None;anonymous;NULL;Pointer Shoot;PointerEvent;16435;877a4ae9-5043-4b6b-b35e-95337330fe10;NULL;-0.0043;0.0007;-0.0019;359.1031;356.2062;1.1877;NULL;-0.0804;0.0296;2.0000;-0.0804;0.0296;2.0000;NULL;NULL;;;;;;;;;;;;;0;NULL;-0.1883;-0.5789;0.2313;350.2607;357.9018;33.6694;Palm;NULL;NULL;NULL;NULL;1;0;0;-1;0;0;0.0000;0.0000;2.0000;;;;;;;;;;;;;0;NULL;0.0540;-0.0924;0.4893;351.4182;359.9198;352.2904;Palm;NULL;122ed9df-0a02-49d5-9741-6f70481e5b76;NULL;NULL;7;0;NULL;0.0000;0.0000;2.0000;Exposure;3.0487;2026-03-26 12:01:24.6061;Hands;NULL;NULL;OpenXR
NULL;Right;NULL;12;Exposure;NULL;NoMitigation;1;0;0;-1;0;0;0.0000;0.0000;2.0000;NULL;None;anonymous;NULL;Mole Hit;MoleEvent;16435;877a4ae9-5043-4b6b-b35e-95337330fe10;NULL;-0.0043;0.0007;-0.0019;359.1031;356.2062;1.1877;0.0857;-0.0804;0.0296;2.0000;-0.0804;0.0296;2.0000;NULL;1;;;;;;;;;;;;;0;NULL;-0.1883;-0.5789;0.2313;350.2607;357.9018;33.6694;Palm;NULL;NULL;NULL;NULL;1;0;0;-1;0;0;0.0000;0.0000;2.0000;;;;;;;;;;;;;0;NULL;0.0540;-0.0924;0.4893;351.4182;359.9198;352.2904;Palm;NULL;122ed9df-0a02-49d5-9741-6f70481e5b76;NULL;NULL;7;0;NULL;0.0000;0.0000;2.0000;Exposure;0.0000;2026-03-26 12:01:24.6092;Hands;NULL;NULL;OpenXR
NULL;Right;NULL;NULL;Exposure;NULL;NoMitigation;3;2;0;1;0;0;-0.5000;0.0000;2.0000;NULL;None;anonymous;NULL;Mole Spawned;MoleEvent;16435;877a4ae9-5043-4b6b-b35e-95337330fe10;NULL;-0.0043;0.0007;-0.0019;359.1031;356.2062;1.1877;NULL;NULL;NULL;NULL;NULL;NULL;NULL;NULL;NULL;;;;;;;;;;;;;0;NULL;-0.1883;-0.5789;0.2313;350.2607;357.9018;33.6694;Palm;NULL;NULL;NULL;NULL;3;2;0;1;0;0;-0.5000;0.0000;2.0000;;;;;;;;;;;;;0;NULL;0.0540;-0.0924;0.4893;351.4182;359.9198;352.2904;Palm;NULL;122ed9df-0a02-49d5-9741-6f70481e5b76;NULL;NULL;NULL;2;NULL;-0.5000;0.0000;2.0000;Exposure;0.0000;2026-03-26 12:01:24.6123;Hands;NULL;NULL;OpenXR
NULL;Right;NULL;13;Exposure;NULL;NoMitigation;3;2;0;1;0;0;-0.5000;0.0000;2.0000;NULL;None;anonymous;NULL;Pointer Shoot;PointerEvent;16766;877a4ae9-5043-4b6b-b35e-95337330fe10;NULL;-0.0137;-0.0012;0.0002;0.0655;347.9623;0.7136;NULL;-0.5251;0.1737;2.0000;-0.5251;0.1737;2.0000;NULL;NULL;;;;;;;;;;;;;0;NULL;-0.1899;-0.5795;0.2320;350.0184;358.7073;34.4635;Palm;NULL;NULL;NULL;NULL;3;2;0;1;0;0;-0.5000;0.0000;2.0000;;;;;;;;;;;;;0;NULL;-0.0648;-0.0937;0.4644;344.5029;342.0361;356.9316;Palm;NULL;122ed9df-0a02-49d5-9741-6f70481e5b76;NULL;NULL;8;2;NULL;-0.5000;0.0000;2.0000;Exposure;2.8743;2026-03-26 12:01:27.4802;Hands;NULL;NULL;OpenXR
NULL;Right;NULL;13;Exposure;NULL;NoMitigation;3;2;0;1;0;0;-0.5000;0.0000;2.0000;NULL;None;anonymous;NULL;Mole Missed;PointerEvent;16766;877a4ae9-5043-4b6b-b35e-95337330fe10;NULL;-0.0137;-0.0012;0.0002;0.0655;347.9623;0.7136;0.1755;-0.5251;0.1737;2.0000;-0.5251;0.1737;2.0000;NULL;0;;;;;;;;;;;;;0;NULL;-0.1899;-0.5795;0.2320;350.0184;358.7073;34.4635;Palm;NULL;NULL;NULL;NULL;3;2;0;1;0;0;-0.5000;0.0000;2.0000;;;;;;;;;;;;;0;NULL;-0.0648;-0.0937;0.4644;344.5029;342.0361;356.9316;Palm;NULL;122ed9df-0a02-49d5-9741-6f70481e5b76;NULL;NULL;8;2;NULL;-0.5000;0.0000;2.0000;Exposure;0.0000;2026-03-26 12:01:27.4833;Hands;NULL;NULL;OpenXR
NULL;Right;NULL;14;Exposure;NULL;NoMitigation;3;2;0;1;0;0;-0.5000;0.0000;2.0000;NULL;None;anonymous;NULL;Pointer Shoot;PointerEvent;17129;877a4ae9-5043-4b6b-b35e-95337330fe10;NULL;-0.0114;-0.0017;0.0025;0.3257;348.5607;0.4075;NULL;-0.5509;0.2085;2.0000;-0.5509;0.2085;2.0000;NULL;NULL;;;;;;;;;;;;;0;NULL;-0.1895;-0.5781;0.2320;350.8077;358.6847;34.3029;Palm;NULL;NULL;NULL;NULL;3;2;0;1;0;0;-0.5000;0.0000;2.0000;;;;;;;;;;;;;0;NULL;-0.0590;-0.0931;0.4638;345.8547;342.9359;354.7896;Palm;NULL;122ed9df-0a02-49d5-9741-6f70481e5b76;NULL;NULL;8;2;NULL;-0.5000;0.0000;2.0000;Exposure;3.1152;2026-03-26 12:01:30.5947;Hands;NULL;NULL;OpenXR
NULL;Right;NULL;14;Exposure;NULL;NoMitigation;3;2;0;1;0;0;-0.5000;0.0000;2.0000;NULL;None;anonymous;NULL;Mole Missed;PointerEvent;17129;877a4ae9-5043-4b6b-b35e-95337330fe10;NULL;-0.0114;-0.0017;0.0025;0.3257;348.5607;0.4075;0.2146;-0.5509;0.2085;2.0000;-0.5509;0.2085;2.0000;NULL;0;;;;;;;;;;;;;0;NULL;-0.1895;-0.5781;0.2320;350.8077;358.6847;34.3029;Palm;NULL;NULL;NULL;NULL;3;2;0;1;0;0;-0.5000;0.0000;2.0000;;;;;;;;;;;;;0;NULL;-0.0590;-0.0931;0.4638;345.8547;342.9359;354.7896;Palm;NULL;122ed9df-0a02-49d5-9741-6f70481e5b76;NULL;NULL;8;2;NULL;-0.5000;0.0000;2.0000;Exposure;0.0000;2026-03-26 12:01:30.5989;Hands;NULL;NULL;OpenXR
NULL;Right;NULL;15;Exposure;NULL;NoMitigation;3;2;0;1;0;0;-0.5000;0.0000;2.0000;NULL;None;anonymous;NULL;Pointer Shoot;PointerEvent;17933;877a4ae9-5043-4b6b-b35e-95337330fe10;NULL;-0.0048;-0.0017;-0.0013;359.1477;347.8541;358.5880;NULL;-0.4724;0.0642;2.0000;-0.4724;0.0642;2.0000;NULL;NULL;;;;;;;;;;;;;0;NULL;-0.1883;-0.5751;0.2332;352.4271;358.7415;34.3603;Palm;NULL;NULL;NULL;NULL;3;2;0;1;0;0;-0.5000;0.0000;2.0000;;;;;;;;;;;;;0;NULL;-0.0592;-0.0726;0.4545;349.8171;348.4083;354.4537;Palm;NULL;122ed9df-0a02-49d5-9741-6f70481e5b76;NULL;NULL;8;2;NULL;-0.5000;0.0000;2.0000;Exposure;7.1158;2026-03-26 12:01:37.7122;Hands;NULL;NULL;OpenXR
NULL;Right;NULL;15;Exposure;NULL;NoMitigation;3;2;0;1;0;0;-0.5000;0.0000;2.0000;NULL;None;anonymous;NULL;Mole Hit;MoleEvent;17933;877a4ae9-5043-4b6b-b35e-95337330fe10;NULL;-0.0048;-0.0017;-0.0013;359.1477;347.8541;358.5880;0.0699;-0.4724;0.0642;2.0000;-0.4724;0.0642;2.0000;NULL;1;;;;;;;;;;;;;0;NULL;-0.1883;-0.5751;0.2332;352.4271;358.7415;34.3603;Palm;NULL;NULL;NULL;NULL;3;2;0;1;0;0;-0.5000;0.0000;2.0000;;;;;;;;;;;;;0;NULL;-0.0592;-0.0726;0.4545;349.8171;348.4083;354.4537;Palm;NULL;122ed9df-0a02-49d5-9741-6f70481e5b76;NULL;NULL;8;2;NULL;-0.5000;0.0000;2.0000;Exposure;0.0000;2026-03-26 12:01:37.7160;Hands;NULL;NULL;OpenXR
NULL;Right;NULL;NULL;Exposure;NULL;NoMitigation;2;1;0;0;0;0;0.5000;0.0000;2.0000;NULL;None;anonymous;NULL;Mole Spawned;MoleEvent;17933;877a4ae9-5043-4b6b-b35e-95337330fe10;NULL;-0.0048;-0.0017;-0.0013;359.1477;347.8541;358.5880;NULL;NULL;NULL;NULL;NULL;NULL;NULL;NULL;NULL;;;;;;;;;;;;;0;NULL;-0.1883;-0.5751;0.2332;352.4271;358.7415;34.3603;Palm;NULL;NULL;NULL;NULL;2;1;0;0;0;0;0.5000;0.0000;2.0000;;;;;;;;;;;;;0;NULL;-0.0592;-0.0726;0.4545;349.8171;348.4083;354.4537;Palm;NULL;122ed9df-0a02-49d5-9741-6f70481e5b76;NULL;NULL;NULL;1;NULL;0.5000;0.0000;2.0000;Exposure;0.0000;2026-03-26 12:01:37.7191;Hands;NULL;NULL;OpenXR
NULL;Right;NULL;16;Exposure;NULL;NoMitigation;2;1;0;0;0;0;0.5000;0.0000;2.0000;NULL;None;anonymous;NULL;Pointer Shoot;PointerEvent;18273;877a4ae9-5043-4b6b-b35e-95337330fe10;NULL;0.0074;0.0009;-0.0026;358.3427;5.1143;1.5761;NULL;0.4684;0.0292;2.0000;0.4684;0.0292;2.0000;NULL;NULL;;;;;;;;;;;;;0;NULL;-0.1859;-0.5746;0.2311;350.2694;358.2891;34.8378;Palm;NULL;NULL;NULL;NULL;2;1;0;0;0;0;0.5000;0.0000;2.0000;;;;;;;;;;;;;0;NULL;0.1880;-0.0825;0.4967;345.3430;14.7828;350.8480;Palm;NULL;122ed9df-0a02-49d5-9741-6f70481e5b76;NULL;NULL;9;1;NULL;0.5000;0.0000;2.0000;Exposure;3.0498;2026-03-26 12:01:40.7608;Hands;NULL;NULL;OpenXR
NULL;Right;NULL;16;Exposure;NULL;NoMitigation;2;1;0;0;0;0;0.5000;0.0000;2.0000;NULL;None;anonymous;NULL;Mole Hit;MoleEvent;18273;877a4ae9-5043-4b6b-b35e-95337330fe10;NULL;0.0074;0.0009;-0.0026;358.3427;5.1143;1.5761;0.0430;0.4684;0.0292;2.0000;0.4684;0.0292;2.0000;NULL;1;;;;;;;;;;;;;0;NULL;-0.1859;-0.5746;0.2311;350.2694;358.2891;34.8378;Palm;NULL;NULL;NULL;NULL;2;1;0;0;0;0;0.5000;0.0000;2.0000;;;;;;;;;;;;;0;NULL;0.1880;-0.0825;0.4967;345.3430;14.7828;350.8480;Palm;NULL;122ed9df-0a02-49d5-9741-6f70481e5b76;NULL;NULL;9;1;NULL;0.5000;0.0000;2.0000;Exposure;0.0000;2026-03-26 12:01:40.7640;Hands;NULL;NULL;OpenXR
NULL;Right;NULL;NULL;Exposure;NULL;NoMitigation;1;0;0;-1;0;0;0.0000;0.0000;2.0000;NULL;None;anonymous;NULL;Mole Spawned;MoleEvent;18273;877a4ae9-5043-4b6b-b35e-95337330fe10;NULL;0.0074;0.0009;-0.0026;358.3427;5.1143;1.5761;NULL;NULL;NULL;NULL;NULL;NULL;NULL;NULL;NULL;;;;;;;;;;;;;0;NULL;-0.1859;-0.5746;0.2311;350.2694;358.2891;34.8378;Palm;NULL;NULL;NULL;NULL;1;0;0;-1;0;0;0.0000;0.0000;2.0000;;;;;;;;;;;;;0;NULL;0.1880;-0.0825;0.4967;345.3430;14.7828;350.8480;Palm;NULL;122ed9df-0a02-49d5-9741-6f70481e5b76;NULL;NULL;NULL;0;NULL;0.0000;0.0000;2.0000;Exposure;0.0000;2026-03-26 12:01:40.7661;Hands;NULL;NULL;OpenXR
NULL;Right;NULL;17;Exposure;NULL;NoMitigation;1;0;0;-1;0;0;0.0000;0.0000;2.0000;NULL;None;anonymous;NULL;Pointer Shoot;PointerEvent;19327;877a4ae9-5043-4b6b-b35e-95337330fe10;NULL;-0.0021;0.0006;-0.0018;358.7220;356.9645;1.8136;NULL;0.0990;0.0840;2.0000;0.0990;0.0840;2.0000;NULL;NULL;;;;;;;;;;;;;0;NULL;-0.1874;-0.5755;0.2315;350.3596;358.5028;33.7366;Palm;NULL;NULL;NULL;NULL;1;0;0;-1;0;0;0.0000;0.0000;2.0000;;;;;;;;;;;;;0;NULL;0.0549;-0.0986;0.5033;342.7427;359.2784;0.2818;Palm;NULL;122ed9df-0a02-49d5-9741-6f70481e5b76;NULL;NULL;10;0;NULL;0.0000;0.0000;2.0000;Exposure;9.2801;2026-03-26 12:01:50.0408;Hands;NULL;NULL;OpenXR
NULL;Right;NULL;17;Exposure;NULL;NoMitigation;1;0;0;-1;0;0;0.0000;0.0000;2.0000;NULL;None;anonymous;NULL;Mole Missed;PointerEvent;19327;877a4ae9-5043-4b6b-b35e-95337330fe10;NULL;-0.0021;0.0006;-0.0018;358.7220;356.9645;1.8136;0.1298;0.0990;0.0840;2.0000;0.0990;0.0840;2.0000;NULL;0;;;;;;;;;;;;;0;NULL;-0.1874;-0.5755;0.2315;350.3596;358.5028;33.7366;Palm;NULL;NULL;NULL;NULL;1;0;0;-1;0;0;0.0000;0.0000;2.0000;;;;;;;;;;;;;0;NULL;0.0549;-0.0986;0.5033;342.7427;359.2784;0.2818;Palm;NULL;122ed9df-0a02-49d5-9741-6f70481e5b76;NULL;NULL;10;0;NULL;0.0000;0.0000;2.0000;Exposure;0.0000;2026-03-26 12:01:50.0439;Hands;NULL;NULL;OpenXR
NULL;Right;NULL;18;Exposure;NULL;NoMitigation;1;0;0;-1;0;0;0.0000;0.0000;2.0000;NULL;None;anonymous;NULL;Pointer Shoot;PointerEvent;19686;877a4ae9-5043-4b6b-b35e-95337330fe10;NULL;-0.0003;0.0011;0.0004;358.8147;357.1588;1.2729;NULL;-0.0104;0.0382;2.0000;-0.0104;0.0382;2.0000;NULL;NULL;;;;;;;;;;;;;0;NULL;-0.1872;-0.5759;0.2312;350.3184;358.2051;33.7319;Palm;NULL;NULL;NULL;NULL;1;0;0;-1;0;0;0.0000;0.0000;2.0000;;;;;;;;;;;;;0;NULL;0.0561;-0.0969;0.4934;350.5253;1.2679;350.3112;Palm;NULL;122ed9df-0a02-49d5-9741-6f70481e5b76;NULL;NULL;10;0;NULL;0.0000;0.0000;2.0000;Exposure;3.1163;2026-03-26 12:01:53.1565;Hands;NULL;NULL;OpenXR
NULL;Right;NULL;18;Exposure;NULL;NoMitigation;1;0;0;-1;0;0;0.0000;0.0000;2.0000;NULL;None;anonymous;NULL;Mole Hit;MoleEvent;19686;877a4ae9-5043-4b6b-b35e-95337330fe10;NULL;-0.0003;0.0011;0.0004;358.8147;357.1588;1.2729;0.0396;-0.0104;0.0382;2.0000;-0.0104;0.0382;2.0000;NULL;1;;;;;;;;;;;;;0;NULL;-0.1872;-0.5759;0.2312;350.3184;358.2051;33.7319;Palm;NULL;NULL;NULL;NULL;1;0;0;-1;0;0;0.0000;0.0000;2.0000;;;;;;;;;;;;;0;NULL;0.0561;-0.0969;0.4934;350.5253;1.2679;350.3112;Palm;NULL;122ed9df-0a02-49d5-9741-6f70481e5b76;NULL;NULL;10;0;NULL;0.0000;0.0000;2.0000;Exposure;0.0000;2026-03-26 12:01:53.1607;Hands;NULL;NULL;OpenXR
NULL;Right;NULL;NULL;Exposure;NULL;NoMitigation;3;2;0;1;0;0;-0.5000;0.0000;2.0000;NULL;None;anonymous;NULL;Mole Spawned;MoleEvent;19686;877a4ae9-5043-4b6b-b35e-95337330fe10;NULL;-0.0003;0.0011;0.0004;358.8147;357.1588;1.2729;NULL;NULL;NULL;NULL;NULL;NULL;NULL;NULL;NULL;;;;;;;;;;;;;0;NULL;-0.1872;-0.5759;0.2312;350.3184;358.2051;33.7319;Palm;NULL;NULL;NULL;NULL;3;2;0;1;0;0;-0.5000;0.0000;2.0000;;;;;;;;;;;;;0;NULL;0.0561;-0.0969;0.4934;350.5253;1.2679;350.3112;Palm;NULL;122ed9df-0a02-49d5-9741-6f70481e5b76;NULL;NULL;NULL;2;NULL;-0.5000;0.0000;2.0000;Exposure;0.0000;2026-03-26 12:01:53.1649;Hands;NULL;NULL;OpenXR
NULL;Right;NULL;19;Exposure;NULL;NoMitigation;3;2;0;1;0;0;-0.5000;0.0000;2.0000;NULL;None;anonymous;NULL;Pointer Shoot;PointerEvent;19995;877a4ae9-5043-4b6b-b35e-95337330fe10;NULL;-0.0110;-0.0005;0.0022;359.6722;347.4550;0.2996;NULL;-0.5721;0.1867;2.0000;-0.5721;0.1867;2.0000;NULL;NULL;;;;;;;;;;;;;0;NULL;-0.1891;-0.5762;0.2330;350.7599;358.2942;34.8135;Palm;NULL;NULL;NULL;NULL;3;2;0;1;0;0;-0.5000;0.0000;2.0000;;;;;;;;;;;;;0;NULL;-0.0612;-0.1007;0.4741;347.2952;344.5966;353.3378;Palm;NULL;122ed9df-0a02-49d5-9741-6f70481e5b76;NULL;NULL;11;2;NULL;-0.5000;0.0000;2.0000;Exposure;2.8322;2026-03-26 12:01:55.9899;Hands;NULL;NULL;OpenXR
NULL;Right;NULL;19;Exposure;NULL;NoMitigation;3;2;0;1;0;0;-0.5000;0.0000;2.0000;NULL;None;anonymous;NULL;Mole Missed;PointerEvent;19995;877a4ae9-5043-4b6b-b35e-95337330fe10;NULL;-0.0110;-0.0005;0.0022;359.6722;347.4550;0.2996;0.2001;-0.5721;0.1867;2.0000;-0.5721;0.1867;2.0000;NULL;0;;;;;;;;;;;;;0;NULL;-0.1891;-0.5762;0.2330;350.7599;358.2942;34.8135;Palm;NULL;NULL;NULL;NULL;3;2;0;1;0;0;-0.5000;0.0000;2.0000;;;;;;;;;;;;;0;NULL;-0.0612;-0.1007;0.4741;347.2952;344.5966;353.3378;Palm;NULL;122ed9df-0a02-49d5-9741-6f70481e5b76;NULL;NULL;11;2;NULL;-0.5000;0.0000;2.0000;Exposure;0.0000;2026-03-26 12:01:55.9932;Hands;NULL;NULL;OpenXR
NULL;Right;NULL;20;Exposure;NULL;NoMitigation;3;2;0;1;0;0;-0.5000;0.0000;2.0000;NULL;None;anonymous;NULL;Pointer Shoot;PointerEvent;20341;877a4ae9-5043-4b6b-b35e-95337330fe10;NULL;-0.0090;-0.0025;0.0040;0.9968;348.2420;0.0342;NULL;-0.5387;0.0565;2.0000;-0.5387;0.0565;2.0000;NULL;NULL;;;;;;;;;;;;;0;NULL;-0.1889;-0.5759;0.2328;351.5402;358.5682;34.9444;Palm;NULL;NULL;NULL;NULL;3;2;0;1;0;0;-0.5000;0.0000;2.0000;;;;;;;;;;;;;0;NULL;-0.0631;-0.1037;0.4803;345.2383;342.1230;355.1746;Palm;NULL;122ed9df-0a02-49d5-9741-6f70481e5b76;NULL;NULL;11;2;NULL;-0.5000;0.0000;2.0000;Exposure;3.0157;2026-03-26 12:01:59.0051;Hands;NULL;NULL;OpenXR
NULL;Right;NULL;20;Exposure;NULL;NoMitigation;3;2;0;1;0;0;-0.5000;0.0000;2.0000;NULL;None;anonymous;NULL;Mole Hit;MoleEvent;20341;877a4ae9-5043-4b6b-b35e-95337330fe10;NULL;-0.0090;-0.0025;0.0040;0.9968;348.2420;0.0342;0.0685;-0.5387;0.0565;2.0000;-0.5387;0.0565;2.0000;NULL;1;;;;;;;;;;;;;0;NULL;-0.1889;-0.5759;0.2328;351.5402;358.5682;34.9444;Palm;NULL;NULL;NULL;NULL;3;2;0;1;0;0;-0.5000;0.0000;2.0000;;;;;;;;;;;;;0;NULL;-0.0631;-0.1037;0.4803;345.2383;342.1230;355.1746;Palm;NULL;122ed9df-0a02-49d5-9741-6f70481e5b76;NULL;NULL;11;2;NULL;-0.5000;0.0000;2.0000;Exposure;0.0000;2026-03-26 12:01:59.0078;Hands;NULL;NULL;OpenXR
NULL;Right;NULL;NULL;Exposure;NULL;NoMitigation;2;1;0;0;0;0;0.5000;0.0000;2.0000;NULL;None;anonymous;NULL;Mole Spawned;MoleEvent;20341;877a4ae9-5043-4b6b-b35e-95337330fe10;NULL;-0.0090;-0.0025;0.0040;0.9968;348.2420;0.0342;NULL;NULL;NULL;NULL;NULL;NULL;NULL;NULL;NULL;;;;;;;;;;;;;0;NULL;-0.1889;-0.5759;0.2328;351.5402;358.5682;34.9444;Palm;NULL;NULL;NULL;NULL;2;1;0;0;0;0;0.5000;0.0000;2.0000;;;;;;;;;;;;;0;NULL;-0.0631;-0.1037;0.4803;345.2383;342.1230;355.1746;Palm;NULL;122ed9df-0a02-49d5-9741-6f70481e5b76;NULL;NULL;NULL;1;NULL;0.5000;0.0000;2.0000;Exposure;0.0000;2026-03-26 12:01:59.0119;Hands;NULL;NULL;OpenXR
NULL;Right;NULL;21;Exposure;NULL;NoMitigation;2;1;0;0;0;0;0.5000;0.0000;2.0000;NULL;None;anonymous;NULL;Pointer Shoot;PointerEvent;20671;877a4ae9-5043-4b6b-b35e-95337330fe10;NULL;0.0098;-0.0024;0.0051;0.6224;6.8622;1.2639;NULL;0.5116;-0.0513;2.0000;0.5116;-0.0513;2.0000;NULL;NULL;;;;;;;;;;;;;0;NULL;-0.1860;-0.5749;0.2302;350.5280;358.2066;34.7372;Palm;NULL;NULL;NULL;NULL;2;1;0;0;0;0;0.5000;0.0000;2.0000;;;;;;;;;;;;;0;NULL;0.1899;-0.1050;0.4993;342.9097;13.8764;350.7253;Palm;NULL;122ed9df-0a02-49d5-9741-6f70481e5b76;NULL;NULL;12;1;NULL;0.5000;0.0000;2.0000;Exposure;2.9502;2026-03-26 12:02:01.9554;Hands;NULL;NULL;OpenXR
NULL;Right;NULL;21;Exposure;NULL;NoMitigation;2;1;0;0;0;0;0.5000;0.0000;2.0000;NULL;None;anonymous;NULL;Mole Hit;MoleEvent;20671;877a4ae9-5043-4b6b-b35e-95337330fe10;NULL;0.0098;-0.0024;0.0051;0.6224;6.8622;1.2639;0.0526;0.5116;-0.0513;2.0000;0.5116;-0.0513;2.0000;NULL;1;;;;;;;;;;;;;0;NULL;-0.1860;-0.5749;0.2302;350.5280;358.2066;34.7372;Palm;NULL;NULL;NULL;NULL;2;1;0;0;0;0;0.5000;0.0000;2.0000;;;;;;;;;;;;;0;NULL;0.1899;-0.1050;0.4993;342.9097;13.8764;350.7253;Palm;NULL;122ed9df-0a02-49d5-9741-6f70481e5b76;NULL;NULL;12;1;NULL;0.5000;0.0000;2.0000;Exposure;0.0000;2026-03-26 12:02:01.9586;Hands;NULL;NULL;OpenXR
NULL;Right;NULL;NULL;Exposure;NULL;NoMitigation;3;2;0;1;0;0;-0.5000;0.0000;2.0000;NULL;None;anonymous;NULL;Mole Spawned;MoleEvent;20671;877a4ae9-5043-4b6b-b35e-95337330fe10;NULL;0.0098;-0.0024;0.0051;0.6224;6.8622;1.2639;NULL;NULL;NULL;NULL;NULL;NULL;NULL;NULL;NULL;;;;;;;;;;;;;0;NULL;-0.1860;-0.5749;0.2302;350.5280;358.2066;34.7372;Palm;NULL;NULL;NULL;NULL;3;2;0;1;0;0;-0.5000;0.0000;2.0000;;;;;;;;;;;;;0;NULL;0.1899;-0.1050;0.4993;342.9097;13.8764;350.7253;Palm;NULL;122ed9df-0a02-49d5-9741-6f70481e5b76;NULL;NULL;NULL;2;NULL;-0.5000;0.0000;2.0000;Exposure;0.0000;2026-03-26 12:02:01.9617;Hands;NULL;NULL;OpenXR
NULL;Right;NULL;22;Exposure;NULL;NoMitigation;3;2;0;1;0;0;-0.5000;0.0000;2.0000;NULL;None;anonymous;NULL;Pointer Shoot;PointerEvent;21006;877a4ae9-5043-4b6b-b35e-95337330fe10;NULL;-0.0146;-0.0028;0.0058;0.6491;346.0046;0.3888;NULL;-0.4516;0.0531;2.0000;-0.4516;0.0531;2.0000;NULL;NULL;;;;;;;;;;;;;0;NULL;-0.1907;-0.5804;0.2322;349.7862;358.6701;34.3846;Palm;NULL;NULL;NULL;NULL;3;2;0;1;0;0;-0.5000;0.0000;2.0000;;;;;;;;;;;;;0;NULL;-0.0729;-0.1024;0.4806;343.1449;341.1220;355.6379;Palm;NULL;122ed9df-0a02-49d5-9741-6f70481e5b76;NULL;NULL;13;2;NULL;-0.5000;0.0000;2.0000;Exposure;2.9234;2026-03-26 12:02:04.8784;Hands;NULL;NULL;OpenXR
NULL;Right;NULL;22;Exposure;NULL;NoMitigation;3;2;0;1;0;0;-0.5000;0.0000;2.0000;NULL;None;anonymous;NULL;Mole Hit;MoleEvent;21006;877a4ae9-5043-4b6b-b35e-95337330fe10;NULL;-0.0146;-0.0028;0.0058;0.6491;346.0046;0.3888;0.0718;-0.4516;0.0531;2.0000;-0.4516;0.0531;2.0000;NULL;1;;;;;;;;;;;;;0;NULL;-0.1907;-0.5804;0.2322;349.7862;358.6701;34.3846;Palm;NULL;NULL;NULL;NULL;3;2;0;1;0;0;-0.5000;0.0000;2.0000;;;;;;;;;;;;;0;NULL;-0.0729;-0.1024;0.4806;343.1449;341.1220;355.6379;Palm;NULL;122ed9df-0a02-49d5-9741-6f70481e5b76;NULL;NULL;13;2;NULL;-0.5000;0.0000;2.0000;Exposure;0.0000;2026-03-26 12:02:04.8815;Hands;NULL;NULL;OpenXR
NULL;Right;NULL;NULL;Exposure;NULL;NoMitigation;1;0;0;-1;0;0;0.0000;0.0000;2.0000;NULL;None;anonymous;NULL;Mole Spawned;MoleEvent;21006;877a4ae9-5043-4b6b-b35e-95337330fe10;NULL;-0.0146;-0.0028;0.0058;0.6491;346.0046;0.3888;NULL;NULL;NULL;NULL;NULL;NULL;NULL;NULL;NULL;;;;;;;;;;;;;0;NULL;-0.1907;-0.5804;0.2322;349.7862;358.6701;34.3846;Palm;NULL;NULL;NULL;NULL;1;0;0;-1;0;0;0.0000;0.0000;2.0000;;;;;;;;;;;;;0;NULL;-0.0729;-0.1024;0.4806;343.1449;341.1220;355.6379;Palm;NULL;122ed9df-0a02-49d5-9741-6f70481e5b76;NULL;NULL;NULL;0;NULL;0.0000;0.0000;2.0000;Exposure;0.0000;2026-03-26 12:02:04.8861;Hands;NULL;NULL;OpenXR
NULL;Right;NULL;23;Exposure;NULL;NoMitigation;1;0;0;-1;0;0;0.0000;0.0000;2.0000;NULL;None;anonymous;NULL;Pointer Shoot;PointerEvent;21315;877a4ae9-5043-4b6b-b35e-95337330fe10;NULL;-0.0026;-0.0020;0.0062;0.5089;356.6373;1.1538;NULL;-0.0088;0.0361;2.0000;-0.0088;0.0361;2.0000;NULL;NULL;;;;;;;;;;;;;0;NULL;-0.1872;-0.5761;0.2317;350.6612;358.1545;34.2586;Palm;NULL;NULL;NULL;NULL;1;0;0;-1;0;0;0.0000;0.0000;2.0000;;;;;;;;;;;;;0;NULL;0.0546;-0.1038;0.5036;349.8412;358.1992;356.3006;Palm;NULL;122ed9df-0a02-49d5-9741-6f70481e5b76;NULL;NULL;14;0;NULL;0.0000;0.0000;2.0000;Exposure;2.8403;2026-03-26 12:02:07.7185;Hands;NULL;NULL;OpenXR
NULL;Right;NULL;23;Exposure;NULL;NoMitigation;1;0;0;-1;0;0;0.0000;0.0000;2.0000;NULL;None;anonymous;NULL;Mole Hit;MoleEvent;21315;877a4ae9-5043-4b6b-b35e-95337330fe10;NULL;-0.0026;-0.0020;0.0062;0.5089;356.6373;1.1538;0.0371;-0.0088;0.0361;2.0000;-0.0088;0.0361;2.0000;NULL;1;;;;;;;;;;;;;0;NULL;-0.1872;-0.5761;0.2317;350.6612;358.1545;34.2586;Palm;NULL;NULL;NULL;NULL;1;0;0;-1;0;0;0.0000;0.0000;2.0000;;;;;;;;;;;;;0;NULL;0.0546;-0.1038;0.5036;349.8412;358.1992;356.3006;Palm;NULL;122ed9df-0a02-49d5-9741-6f70481e5b76;NULL;NULL;14;0;NULL;0.0000;0.0000;2.0000;Exposure;0.0000;2026-03-26 12:02:07.7231;Hands;NULL;NULL;OpenXR
NULL;Right;NULL;NULL;Exposure;NULL;NoMitigation;2;1;0;0;0;0;0.5000;0.0000;2.0000;NULL;None;anonymous;NULL;Mole Spawned;MoleEvent;21315;877a4ae9-5043-4b6b-b35e-95337330fe10;NULL;-0.0026;-0.0020;0.0062;0.5089;356.6373;1.1538;NULL;NULL;NULL;NULL;NULL;NULL;NULL;NULL;NULL;;;;;;;;;;;;;0;NULL;-0.1872;-0.5761;0.2317;350.6612;358.1545;34.2586;Palm;NULL;NULL;NULL;NULL;2;1;0;0;0;0;0.5000;0.0000;2.0000;;;;;;;;;;;;;0;NULL;0.0546;-0.1038;0.5036;349.8412;358.1992;356.3006;Palm;NULL;122ed9df-0a02-49d5-9741-6f70481e5b76;NULL;NULL;NULL;1;NULL;0.5000;0.0000;2.0000;Exposure;0.0000;2026-03-26 12:02:07.7262;Hands;NULL;NULL;OpenXR
NULL;Right;NULL;24;Exposure;NULL;NoMitigation;2;1;0;0;0;0;0.5000;0.0000;2.0000;NULL;None;anonymous;NULL;Pointer Shoot;PointerEvent;21640;877a4ae9-5043-4b6b-b35e-95337330fe10;NULL;0.0114;0.0009;0.0040;359.2227;6.9558;1.0695;NULL;0.5744;-0.0483;2.0000;0.5744;-0.0483;2.0000;NULL;NULL;;;;;;;;;;;;;0;NULL;-0.1865;-0.5756;0.2318;350.3554;358.1873;34.0335;Palm;NULL;NULL;NULL;NULL;2;1;0;0;0;0;0.5000;0.0000;2.0000;;;;;;;;;;;;;0;NULL;0.1871;-0.1158;0.5024;344.0933;12.9360;349.6397;Palm;NULL;122ed9df-0a02-49d5-9741-6f70481e5b76;NULL;NULL;15;1;NULL;0.5000;0.0000;2.0000;Exposure;2.8917;2026-03-26 12:02:10.6108;Hands;NULL;NULL;OpenXR
NULL;Right;NULL;24;Exposure;NULL;NoMitigation;2;1;0;0;0;0;0.5000;0.0000;2.0000;NULL;None;anonymous;NULL;Mole Hit;MoleEvent;21640;877a4ae9-5043-4b6b-b35e-95337330fe10;NULL;0.0114;0.0009;0.0040;359.2227;6.9558;1.0695;0.0887;0.5744;-0.0483;2.0000;0.5744;-0.0483;2.0000;NULL;1;;;;;;;;;;;;;0;NULL;-0.1865;-0.5756;0.2318;350.3554;358.1873;34.0335;Palm;NULL;NULL;NULL;NULL;2;1;0;0;0;0;0.5000;0.0000;2.0000;;;;;;;;;;;;;0;NULL;0.1871;-0.1158;0.5024;344.0933;12.9360;349.6397;Palm;NULL;122ed9df-0a02-49d5-9741-6f70481e5b76;NULL;NULL;15;1;NULL;0.5000;0.0000;2.0000;Exposure;0.0000;2026-03-26 12:02:10.6146;Hands;NULL;NULL;OpenXR
NULL;Right;NULL;NULL;Exposure;NULL;NoMitigation;1;0;0;-1;0;0;0.0000;0.0000;2.0000;NULL;None;anonymous;NULL;Mole Spawned;MoleEvent;21640;877a4ae9-5043-4b6b-b35e-95337330fe10;NULL;0.0114;0.0009;0.0040;359.2227;6.9558;1.0695;NULL;NULL;NULL;NULL;NULL;NULL;NULL;NULL;NULL;;;;;;;;;;;;;0;NULL;-0.1865;-0.5756;0.2318;350.3554;358.1873;34.0335;Palm;NULL;NULL;NULL;NULL;1;0;0;-1;0;0;0.0000;0.0000;2.0000;;;;;;;;;;;;;0;NULL;0.1871;-0.1158;0.5024;344.0933;12.9360;349.6397;Palm;NULL;122ed9df-0a02-49d5-9741-6f70481e5b76;NULL;NULL;NULL;0;NULL;0.0000;0.0000;2.0000;Exposure;0.0000;2026-03-26 12:02:10.6176;Hands;NULL;NULL;OpenXR
NULL;Right;NULL;25;Exposure;NULL;NoMitigation;1;0;0;-1;0;0;0.0000;0.0000;2.0000;NULL;None;anonymous;NULL;Pointer Shoot;PointerEvent;21965;877a4ae9-5043-4b6b-b35e-95337330fe10;NULL;-0.0007;-0.0018;0.0044;0.7158;356.9001;1.0528;NULL;0.0278;0.0193;2.0000;0.0278;0.0193;2.0000;NULL;NULL;;;;;;;;;;;;;0;NULL;-0.1881;-0.5762;0.2312;350.2297;358.5190;33.3709;Palm;NULL;NULL;NULL;NULL;1;0;0;-1;0;0;0.0000;0.0000;2.0000;;;;;;;;;;;;;0;NULL;0.0512;-0.1166;0.5032;346.5434;359.1177;348.6781;Palm;NULL;122ed9df-0a02-49d5-9741-6f70481e5b76;NULL;NULL;16;0;NULL;0.0000;0.0000;2.0000;Exposure;2.9069;2026-03-26 12:02:13.5173;Hands;NULL;NULL;OpenXR
NULL;Right;NULL;25;Exposure;NULL;NoMitigation;1;0;0;-1;0;0;0.0000;0.0000;2.0000;NULL;None;anonymous;NULL;Mole Hit;MoleEvent;21965;877a4ae9-5043-4b6b-b35e-95337330fe10;NULL;-0.0007;-0.0018;0.0044;0.7158;356.9001;1.0528;0.0339;0.0278;0.0193;2.0000;0.0278;0.0193;2.0000;NULL;1;;;;;;;;;;;;;0;NULL;-0.1881;-0.5762;0.2312;350.2297;358.5190;33.3709;Palm;NULL;NULL;NULL;NULL;1;0;0;-1;0;0;0.0000;0.0000;2.0000;;;;;;;;;;;;;0;NULL;0.0512;-0.1166;0.5032;346.5434;359.1177;348.6781;Palm;NULL;122ed9df-0a02-49d5-9741-6f70481e5b76;NULL;NULL;16;0;NULL;0.0000;0.0000;2.0000;Exposure;0.0000;2026-03-26 12:02:13.5210;Hands;NULL;NULL;OpenXR
NULL;Right;NULL;NULL;Exposure;NULL;NoMitigation;3;2;0;1;0;0;-0.5000;0.0000;2.0000;NULL;None;anonymous;NULL;Mole Spawned;MoleEvent;21965;877a4ae9-5043-4b6b-b35e-95337330fe10;NULL;-0.0007;-0.0018;0.0044;0.7158;356.9001;1.0528;NULL;NULL;NULL;NULL;NULL;NULL;NULL;NULL;NULL;;;;;;;;;;;;;0;NULL;-0.1881;-0.5762;0.2312;350.2297;358.5190;33.3709;Palm;NULL;NULL;NULL;NULL;3;2;0;1;0;0;-0.5000;0.0000;2.0000;;;;;;;;;;;;;0;NULL;0.0512;-0.1166;0.5032;346.5434;359.1177;348.6781;Palm;NULL;122ed9df-0a02-49d5-9741-6f70481e5b76;NULL;NULL;NULL;2;NULL;-0.5000;0.0000;2.0000;Exposure;0.0000;2026-03-26 12:02:13.5257;Hands;NULL;NULL;OpenXR
NULL;Right;NULL;26;Exposure;NULL;NoMitigation;3;2;0;1;0;0;-0.5000;0.0000;2.0000;NULL;None;anonymous;NULL;Pointer Shoot;PointerEvent;22311;877a4ae9-5043-4b6b-b35e-95337330fe10;NULL;-0.0079;-0.0019;0.0035;0.3237;353.0294;0.9181;NULL;-0.4873;0.0287;2.0000;-0.4873;0.0287;2.0000;NULL;NULL;;;;;;;;;;;;;0;NULL;-0.1893;-0.5796;0.2336;351.1513;358.2624;33.8148;Palm;NULL;NULL;NULL;NULL;3;2;0;1;0;0;-0.5000;0.0000;2.0000;;;;;;;;;;;;;0;NULL;-0.0700;-0.1104;0.4771;342.1307;343.0093;357.9466;Palm;NULL;122ed9df-0a02-49d5-9741-6f70481e5b76;NULL;NULL;17;2;NULL;-0.5000;0.0000;2.0000;Exposure;3.0411;2026-03-26 12:02:16.5589;Hands;NULL;NULL;OpenXR
NULL;Right;NULL;26;Exposure;NULL;NoMitigation;3;2;0;1;0;0;-0.5000;0.0000;2.0000;NULL;None;anonymous;NULL;Mole Hit;MoleEvent;22311;877a4ae9-5043-4b6b-b35e-95337330fe10;NULL;-0.0079;-0.0019;0.0035;0.3237;353.0294;0.9181;0.0314;-0.4873;0.0287;2.0000;-0.4873;0.0287;2.0000;NULL;1;;;;;;;;;;;;;0;NULL;-0.1893;-0.5796;0.2336;351.1513;358.2624;33.8148;Palm;NULL;NULL;NULL;NULL;3;2;0;1;0;0;-0.5000;0.0000;2.0000;;;;;;;;;;;;;0;NULL;-0.0700;-0.1104;0.4771;342.1307;343.0093;357.9466;Palm;NULL;122ed9df-0a02-49d5-9741-6f70481e5b76;NULL;NULL;17;2;NULL;-0.5000;0.0000;2.0000;Exposure;0.0000;2026-03-26 12:02:16.5609;Hands;NULL;NULL;OpenXR
NULL;Right;NULL;NULL;Exposure;NULL;NoMitigation;2;1;0;0;0;0;0.5000;0.0000;2.0000;NULL;None;anonymous;NULL;Mole Spawned;MoleEvent;22311;877a4ae9-5043-4b6b-b35e-95337330fe10;NULL;-0.0079;-0.0019;0.0035;0.3237;353.0294;0.9181;NULL;NULL;NULL;NULL;NULL;NULL;NULL;NULL;NULL;;;;;;;;;;;;;0;NULL;-0.1893;-0.5796;0.2336;351.1513;358.2624;33.8148;Palm;NULL;NULL;NULL;NULL;2;1;0;0;0;0;0.5000;0.0000;2.0000;;;;;;;;;;;;;0;NULL;-0.0700;-0.1104;0.4771;342.1307;343.0093;357.9466;Palm;NULL;122ed9df-0a02-49d5-9741-6f70481e5b76;NULL;NULL;NULL;1;NULL;0.5000;0.0000;2.0000;Exposure;0.0000;2026-03-26 12:02:16.5656;Hands;NULL;NULL;OpenXR
NULL;Right;NULL;27;Exposure;NULL;NoMitigation;2;1;0;0;0;0;0.5000;0.0000;2.0000;NULL;None;anonymous;NULL;Pointer Shoot;PointerEvent;26702;877a4ae9-5043-4b6b-b35e-95337330fe10;NULL;0.0079;0.0012;-0.0155;359.1675;6.8623;1.4469;NULL;0.5548;-0.0340;2.0000;0.5548;-0.0340;2.0000;NULL;NULL;;;;;;;;;;;;;0;NULL;-0.1599;-0.6223;0.2534;13.7569;9.1973;25.0565;Palm;NULL;NULL;NULL;NULL;2;1;0;0;0;0;0.5000;0.0000;2.0000;;;;;;;;;;;;;0;NULL;0.1881;-0.0902;0.4850;342.8536;13.6548;346.0101;Palm;NULL;122ed9df-0a02-49d5-9741-6f70481e5b76;NULL;NULL;18;1;NULL;0.5000;0.0000;2.0000;Exposure;37.9990;2026-03-26 12:02:54.5591;Hands;NULL;NULL;OpenXR
NULL;Right;NULL;27;Exposure;NULL;NoMitigation;2;1;0;0;0;0;0.5000;0.0000;2.0000;NULL;None;anonymous;NULL;Mole Hit;MoleEvent;26702;877a4ae9-5043-4b6b-b35e-95337330fe10;NULL;0.0079;0.0012;-0.0155;359.1675;6.8623;1.4469;0.0645;0.5548;-0.0340;2.0000;0.5548;-0.0340;2.0000;NULL;1;;;;;;;;;;;;;0;NULL;-0.1599;-0.6223;0.2534;13.7569;9.1973;25.0565;Palm;NULL;NULL;NULL;NULL;2;1;0;0;0;0;0.5000;0.0000;2.0000;;;;;;;;;;;;;0;NULL;0.1881;-0.0902;0.4850;342.8536;13.6548;346.0101;Palm;NULL;122ed9df-0a02-49d5-9741-6f70481e5b76;NULL;NULL;18;1;NULL;0.5000;0.0000;2.0000;Exposure;0.0000;2026-03-26 12:02:54.5618;Hands;NULL;NULL;OpenXR
NULL;Right;NULL;NULL;Exposure;NULL;NoMitigation;3;2;0;1;0;0;-0.5000;0.0000;2.0000;NULL;None;anonymous;NULL;Mole Spawned;MoleEvent;26702;877a4ae9-5043-4b6b-b35e-95337330fe10;NULL;0.0079;0.0012;-0.0155;359.1675;6.8623;1.4469;NULL;NULL;NULL;NULL;NULL;NULL;NULL;NULL;NULL;;;;;;;;;;;;;0;NULL;-0.1599;-0.6223;0.2534;13.7569;9.1973;25.0565;Palm;NULL;NULL;NULL;NULL;3;2;0;1;0;0;-0.5000;0.0000;2.0000;;;;;;;;;;;;;0;NULL;0.1881;-0.0902;0.4850;342.8536;13.6548;346.0101;Palm;NULL;122ed9df-0a02-49d5-9741-6f70481e5b76;NULL;NULL;NULL;2;NULL;-0.5000;0.0000;2.0000;Exposure;0.0000;2026-03-26 12:02:54.5661;Hands;NULL;NULL;OpenXR
NULL;Right;NULL;28;Exposure;NULL;NoMitigation;3;2;0;1;0;0;-0.5000;0.0000;2.0000;NULL;None;anonymous;NULL;Pointer Shoot;PointerEvent;26993;877a4ae9-5043-4b6b-b35e-95337330fe10;NULL;-0.0070;0.0014;-0.0160;359.0531;348.1967;0.6160;NULL;-0.5011;-0.0004;2.0000;-0.5011;-0.0004;2.0000;NULL;NULL;;;;;;;;;;;;;0;NULL;-0.1598;-0.6220;0.2548;12.6035;7.5684;21.4201;Palm;NULL;NULL;NULL;NULL;3;2;0;1;0;0;-0.5000;0.0000;2.0000;;;;;;;;;;;;;0;NULL;-0.0652;-0.0922;0.4569;344.1180;342.9807;352.0753;Palm;NULL;122ed9df-0a02-49d5-9741-6f70481e5b76;NULL;NULL;19;2;NULL;-0.5000;0.0000;2.0000;Exposure;2.8663;2026-03-26 12:02:57.7474;Hands;NULL;NULL;OpenXR
NULL;Right;NULL;28;Exposure;NULL;NoMitigation;3;2;0;1;0;0;-0.5000;0.0000;2.0000;NULL;None;anonymous;NULL;Mole Hit;MoleEvent;26993;877a4ae9-5043-4b6b-b35e-95337330fe10;NULL;-0.0070;0.0014;-0.0160;359.0531;348.1967;0.6160;0.0012;-0.5011;-0.0004;2.0000;-0.5011;-0.0004;2.0000;NULL;1;;;;;;;;;;;;;0;NULL;-0.1598;-0.6220;0.2548;12.6035;7.5684;21.4201;Palm;NULL;NULL;NULL;NULL;3;2;0;1;0;0;-0.5000;0.0000;2.0000;;;;;;;;;;;;;0;NULL;-0.0652;-0.0922;0.4569;344.1180;342.9807;352.0753;Palm;NULL;122ed9df-0a02-49d5-9741-6f70481e5b76;NULL;NULL;19;2;NULL;-0.5000;0.0000;2.0000;Exposure;0.0000;2026-03-26 12:02:57.7520;Hands;NULL;NULL;OpenXR
NULL;Right;NULL;NULL;Exposure;NULL;NoMitigation;1;0;0;-1;0;0;0.0000;0.0000;2.0000;NULL;None;anonymous;NULL;Mole Spawned;MoleEvent;26993;877a4ae9-5043-4b6b-b35e-95337330fe10;NULL;-0.0070;0.0014;-0.0160;359.0531;348.1967;0.6160;NULL;NULL;NULL;NULL;NULL;NULL;NULL;NULL;NULL;;;;;;;;;;;;;0;NULL;-0.1598;-0.6220;0.2548;12.6035;7.5684;21.4201;Palm;NULL;NULL;NULL;NULL;1;0;0;-1;0;0;0.0000;0.0000;2.0000;;;;;;;;;;;;;0;NULL;-0.0652;-0.0922;0.4569;344.1180;342.9807;352.0753;Palm;NULL;122ed9df-0a02-49d5-9741-6f70481e5b76;NULL;NULL;NULL;0;NULL;0.0000;0.0000;2.0000;Exposure;0.0000;2026-03-26 12:02:57.7558;Hands;NULL;NULL;OpenXR
NULL;Right;NULL;29;Exposure;NULL;NoMitigation;1;0;0;-1;0;0;0.0000;0.0000;2.0000;NULL;None;anonymous;NULL;Pointer Shoot;PointerEvent;27861;877a4ae9-5043-4b6b-b35e-95337330fe10;NULL;0.0006;-0.0009;-0.0128;0.0970;357.6255;1.7091;NULL;0.0584;0.1005;2.0000;0.0584;0.1005;2.0000;NULL;NULL;;;;;;;;;;;;;0;NULL;-0.1606;-0.6271;0.2581;13.8576;6.3495;21.4341;Palm;NULL;NULL;NULL;NULL;1;0;0;-1;0;0;0.0000;0.0000;2.0000;;;;;;;;;;;;;0;NULL;0.0560;-0.1085;0.4965;342.9330;356.0250;353.9413;Palm;NULL;122ed9df-0a02-49d5-9741-6f70481e5b76;NULL;NULL;20;0;NULL;0.0000;0.0000;2.0000;Exposure;8.5236;2026-03-26 12:03:06.2720;Hands;NULL;NULL;OpenXR
NULL;Right;NULL;29;Exposure;NULL;NoMitigation;1;0;0;-1;0;0;0.0000;0.0000;2.0000;NULL;None;anonymous;NULL;Mole Missed;PointerEvent;27861;877a4ae9-5043-4b6b-b35e-95337330fe10;NULL;0.0006;-0.0009;-0.0128;0.0970;357.6255;1.7091;0.1162;0.0584;0.1005;2.0000;0.0584;0.1005;2.0000;NULL;0;;;;;;;;;;;;;0;NULL;-0.1606;-0.6271;0.2581;13.8576;6.3495;21.4341;Palm;NULL;NULL;NULL;NULL;1;0;0;-1;0;0;0.0000;0.0000;2.0000;;;;;;;;;;;;;0;NULL;0.0560;-0.1085;0.4965;342.9330;356.0250;353.9413;Palm;NULL;122ed9df-0a02-49d5-9741-6f70481e5b76;NULL;NULL;20;0;NULL;0.0000;0.0000;2.0000;Exposure;0.0000;2026-03-26 12:03:06.2755;Hands;NULL;NULL;OpenXR
NULL;Right;NULL;30;Exposure;NULL;NoMitigation;1;0;0;-1;0;0;0.0000;0.0000;2.0000;NULL;None;anonymous;NULL;Pointer Shoot;PointerEvent;28154;877a4ae9-5043-4b6b-b35e-95337330fe10;NULL;0.0009;-0.0006;-0.0127;359.7300;357.7372;1.6198;NULL;0.0302;0.0284;2.0000;0.0302;0.0284;2.0000;NULL;NULL;;;;;;;;;;;;;0;NULL;-0.1607;-0.6274;0.2589;13.4036;6.4356;21.3430;Palm;NULL;NULL;NULL;NULL;1;0;0;-1;0;0;0.0000;0.0000;2.0000;;;;;;;;;;;;;0;NULL;0.0562;-0.1131;0.4967;342.9119;354.7656;354.5471;Palm;NULL;122ed9df-0a02-49d5-9741-6f70481e5b76;NULL;NULL;20;0;NULL;0.0000;0.0000;2.0000;Exposure;2.8824;2026-03-26 12:03:09.1535;Hands;NULL;NULL;OpenXR
NULL;Right;NULL;30;Exposure;NULL;NoMitigation;1;0;0;-1;0;0;0.0000;0.0000;2.0000;NULL;None;anonymous;NULL;Mole Hit;MoleEvent;28154;877a4ae9-5043-4b6b-b35e-95337330fe10;NULL;0.0009;-0.0006;-0.0127;359.7300;357.7372;1.6198;0.0414;0.0302;0.0284;2.0000;0.0302;0.0284;2.0000;NULL;1;;;;;;;;;;;;;0;NULL;-0.1607;-0.6274;0.2589;13.4036;6.4356;21.3430;Palm;NULL;NULL;NULL;NULL;1;0;0;-1;0;0;0.0000;0.0000;2.0000;;;;;;;;;;;;;0;NULL;0.0562;-0.1131;0.4967;342.9119;354.7656;354.5471;Palm;NULL;122ed9df-0a02-49d5-9741-6f70481e5b76;NULL;NULL;20;0;NULL;0.0000;0.0000;2.0000;Exposure;0.0000;2026-03-26 12:03:09.1568;Hands;NULL;NULL;OpenXR
NULL;Right;NULL;NULL;Exposure;NULL;NoMitigation;2;1;0;0;0;0;0.5000;0.0000;2.0000;NULL;None;anonymous;NULL;Mole Spawned;MoleEvent;28154;877a4ae9-5043-4b6b-b35e-95337330fe10;NULL;0.0009;-0.0006;-0.0127;359.7300;357.7372;1.6198;NULL;NULL;NULL;NULL;NULL;NULL;NULL;NULL;NULL;;;;;;;;;;;;;0;NULL;-0.1607;-0.6274;0.2589;13.4036;6.4356;21.3430;Palm;NULL;NULL;NULL;NULL;2;1;0;0;0;0;0.5000;0.0000;2.0000;;;;;;;;;;;;;0;NULL;0.0562;-0.1131;0.4967;342.9119;354.7656;354.5471;Palm;NULL;122ed9df-0a02-49d5-9741-6f70481e5b76;NULL;NULL;NULL;1;NULL;0.5000;0.0000;2.0000;Exposure;0.0000;2026-03-26 12:03:09.1604;Hands;NULL;NULL;OpenXR
NULL;Right;NULL;31;Exposure;NULL;NoMitigation;2;1;0;0;0;0;0.5000;0.0000;2.0000;NULL;None;anonymous;NULL;Pointer Shoot;PointerEvent;28492;877a4ae9-5043-4b6b-b35e-95337330fe10;NULL;0.0109;-0.0001;-0.0108;359.3247;6.6146;1.6608;NULL;0.5003;-0.1119;2.0000;0.5003;-0.1119;2.0000;NULL;NULL;;;;;;;;;;;;;0;NULL;-0.1607;-0.6253;0.2581;13.7165;6.9944;22.8927;Palm;NULL;NULL;NULL;NULL;2;1;0;0;0;0;0.5000;0.0000;2.0000;;;;;;;;;;;;;0;NULL;0.1915;-0.1066;0.4966;343.7931;14.9972;351.2498;Palm;NULL;122ed9df-0a02-49d5-9741-6f70481e5b76;NULL;NULL;21;1;NULL;0.5000;0.0000;2.0000;Exposure;3.1260;2026-03-26 12:03:12.2800;Hands;NULL;NULL;OpenXR
NULL;Right;NULL;31;Exposure;NULL;NoMitigation;2;1;0;0;0;0;0.5000;0.0000;2.0000;NULL;None;anonymous;NULL;Mole Missed;PointerEvent;28492;877a4ae9-5043-4b6b-b35e-95337330fe10;NULL;0.0109;-0.0001;-0.0108;359.3247;6.6146;1.6608;0.1119;0.5003;-0.1119;2.0000;0.5003;-0.1119;2.0000;NULL;0;;;;;;;;;;;;;0;NULL;-0.1607;-0.6253;0.2581;13.7165;6.9944;22.8927;Palm;NULL;NULL;NULL;NULL;2;1;0;0;0;0;0.5000;0.0000;2.0000;;;;;;;;;;;;;0;NULL;0.1915;-0.1066;0.4966;343.7931;14.9972;351.2498;Palm;NULL;122ed9df-0a02-49d5-9741-6f70481e5b76;NULL;NULL;21;1;NULL;0.5000;0.0000;2.0000;Exposure;0.0000;2026-03-26 12:03:12.2826;Hands;NULL;NULL;OpenXR
NULL;Right;NULL;32;Exposure;NULL;NoMitigation;2;1;0;0;0;0;0.5000;0.0000;2.0000;NULL;None;anonymous;NULL;Pointer Shoot;PointerEvent;29473;877a4ae9-5043-4b6b-b35e-95337330fe10;NULL;0.0138;0.0040;-0.0050;356.9509;6.9677;2.0967;NULL;0.5263;-0.0312;2.0000;0.5263;-0.0312;2.0000;NULL;NULL;;;;;;;;;;;;;0;NULL;-0.1688;-0.6341;0.2669;10.2799;3.9162;17.1040;Palm;NULL;NULL;NULL;NULL;2;1;0;0;0;0;0.5000;0.0000;2.0000;;;;;;;;;;;;;0;NULL;0.1829;-0.1110;0.4944;342.2762;11.1768;347.9309;Palm;NULL;122ed9df-0a02-49d5-9741-6f70481e5b76;NULL;NULL;21;1;NULL;0.5000;0.0000;2.0000;Exposure;11.6704;2026-03-26 12:03:23.9492;Hands;NULL;NULL;OpenXR
NULL;Right;NULL;32;Exposure;NULL;NoMitigation;2;1;0;0;0;0;0.5000;0.0000;2.0000;NULL;None;anonymous;NULL;Mole Hit;MoleEvent;29473;877a4ae9-5043-4b6b-b35e-95337330fe10;NULL;0.0138;0.0040;-0.0050;356.9509;6.9677;2.0967;0.0409;0.5263;-0.0312;2.0000;0.5263;-0.0312;2.0000;NULL;1;;;;;;;;;;;;;0;NULL;-0.1688;-0.6341;0.2669;10.2799;3.9162;17.1040;Palm;NULL;NULL;NULL;NULL;2;1;0;0;0;0;0.5000;0.0000;2.0000;;;;;;;;;;;;;0;NULL;0.1829;-0.1110;0.4944;342.2762;11.1768;347.9309;Palm;NULL;122ed9df-0a02-49d5-9741-6f70481e5b76;NULL;NULL;21;1;NULL;0.5000;0.0000;2.0000;Exposure;0.0000;2026-03-26 12:03:23.9522;Hands;NULL;NULL;OpenXR
NULL;Right;NULL;NULL;Exposure;NULL;NoMitigation;3;2;0;1;0;0;-0.5000;0.0000;2.0000;NULL;None;anonymous;NULL;Mole Spawned;MoleEvent;29473;877a4ae9-5043-4b6b-b35e-95337330fe10;NULL;0.0138;0.0040;-0.0050;356.9509;6.9677;2.0967;NULL;NULL;NULL;NULL;NULL;NULL;NULL;NULL;NULL;;;;;;;;;;;;;0;NULL;-0.1688;-0.6341;0.2669;10.2799;3.9162;17.1040;Palm;NULL;NULL;NULL;NULL;3;2;0;1;0;0;-0.5000;0.0000;2.0000;;;;;;;;;;;;;0;NULL;0.1829;-0.1110;0.4944;342.2762;11.1768;347.9309;Palm;NULL;122ed9df-0a02-49d5-9741-6f70481e5b76;NULL;NULL;NULL;2;NULL;-0.5000;0.0000;2.0000;Exposure;0.0000;2026-03-26 12:03:23.9560;Hands;NULL;NULL;OpenXR
NULL;Right;NULL;33;Exposure;NULL;NoMitigation;3;2;0;1;0;0;-0.5000;0.0000;2.0000;NULL;None;anonymous;NULL;Pointer Shoot;PointerEvent;29805;877a4ae9-5043-4b6b-b35e-95337330fe10;NULL;-0.0020;0.0029;-0.0072;357.0993;344.7837;1.2557;NULL;-0.4859;-0.0570;2.0000;-0.4859;-0.0570;2.0000;NULL;NULL;;;;;;;;;;;;;0;NULL;-0.1738;-0.6325;0.2517;13.0521;3.1779;16.6217;Palm;NULL;NULL;NULL;NULL;3;2;0;1;0;0;-0.5000;0.0000;2.0000;;;;;;;;;;;;;0;NULL;-0.0708;-0.0847;0.4753;340.8868;342.9452;353.7178;Palm;NULL;122ed9df-0a02-49d5-9741-6f70481e5b76;NULL;NULL;22;2;NULL;-0.5000;0.0000;2.0000;Exposure;2.9568;2026-03-26 12:03:26.9065;Hands;NULL;NULL;OpenXR
NULL;Right;NULL;33;Exposure;NULL;NoMitigation;3;2;0;1;0;0;-0.5000;0.0000;2.0000;NULL;None;anonymous;NULL;Mole Hit;MoleEvent;29805;877a4ae9-5043-4b6b-b35e-95337330fe10;NULL;-0.0020;0.0029;-0.0072;357.0993;344.7837;1.2557;0.0587;-0.4859;-0.0570;2.0000;-0.4859;-0.0570;2.0000;NULL;1;;;;;;;;;;;;;0;NULL;-0.1738;-0.6325;0.2517;13.0521;3.1779;16.6217;Palm;NULL;NULL;NULL;NULL;3;2;0;1;0;0;-0.5000;0.0000;2.0000;;;;;;;;;;;;;0;NULL;-0.0708;-0.0847;0.4753;340.8868;342.9452;353.7178;Palm;NULL;122ed9df-0a02-49d5-9741-6f70481e5b76;NULL;NULL;22;2;NULL;-0.5000;0.0000;2.0000;Exposure;0.0000;2026-03-26 12:03:26.9096;Hands;NULL;NULL;OpenXR
NULL;Right;NULL;NULL;Exposure;NULL;NoMitigation;1;0;0;-1;0;0;0.0000;0.0000;2.0000;NULL;None;anonymous;NULL;Mole Spawned;MoleEvent;29805;877a4ae9-5043-4b6b-b35e-95337330fe10;NULL;-0.0020;0.0029;-0.0072;357.0993;344.7837;1.2557;NULL;NULL;NULL;NULL;NULL;NULL;NULL;NULL;NULL;;;;;;;;;;;;;0;NULL;-0.1738;-0.6325;0.2517;13.0521;3.1779;16.6217;Palm;NULL;NULL;NULL;NULL;1;0;0;-1;0;0;0.0000;0.0000;2.0000;;;;;;;;;;;;;0;NULL;-0.0708;-0.0847;0.4753;340.8868;342.9452;353.7178;Palm;NULL;122ed9df-0a02-49d5-9741-6f70481e5b76;NULL;NULL;NULL;0;NULL;0.0000;0.0000;2.0000;Exposure;0.0000;2026-03-26 12:03:26.9139;Hands;NULL;NULL;OpenXR
NULL;Right;NULL;34;Exposure;NULL;NoMitigation;1;0;0;-1;0;0;0.0000;0.0000;2.0000;NULL;None;anonymous;NULL;Pointer Shoot;PointerEvent;30117;877a4ae9-5043-4b6b-b35e-95337330fe10;NULL;0.0069;0.0021;-0.0054;357.4923;355.3291;2.8354;NULL;-0.0293;0.0810;2.0000;-0.0293;0.0810;2.0000;NULL;NULL;;;;;;;;;;;;;0;NULL;-0.1737;-0.6341;0.2533;15.9365;1.4960;16.9253;Palm;NULL;NULL;NULL;NULL;1;0;0;-1;0;0;0.0000;0.0000;2.0000;;;;;;;;;;;;;0;NULL;0.0545;-0.1000;0.4966;342.4638;355.2308;354.3743;Palm;NULL;122ed9df-0a02-49d5-9741-6f70481e5b76;NULL;NULL;23;0;NULL;0.0000;0.0000;2.0000;Exposure;2.8416;2026-03-26 12:03:29.7493;Hands;NULL;NULL;OpenXR
NULL;Right;NULL;34;Exposure;NULL;NoMitigation;1;0;0;-1;0;0;0.0000;0.0000;2.0000;NULL;None;anonymous;NULL;Mole Hit;MoleEvent;30117;877a4ae9-5043-4b6b-b35e-95337330fe10;NULL;0.0069;0.0021;-0.0054;357.4923;355.3291;2.8354;0.0861;-0.0293;0.0810;2.0000;-0.0293;0.0810;2.0000;NULL;1;;;;;;;;;;;;;0;NULL;-0.1737;-0.6341;0.2533;15.9365;1.4960;16.9253;Palm;NULL;NULL;NULL;NULL;1;0;0;-1;0;0;0.0000;0.0000;2.0000;;;;;;;;;;;;;0;NULL;0.0545;-0.1000;0.4966;342.4638;355.2308;354.3743;Palm;NULL;122ed9df-0a02-49d5-9741-6f70481e5b76;NULL;NULL;23;0;NULL;0.0000;0.0000;2.0000;Exposure;0.0000;2026-03-26 12:03:29.7520;Hands;NULL;NULL;OpenXR
NULL;Right;NULL;NULL;Exposure;NULL;NoMitigation;2;1;0;0;0;0;0.5000;0.0000;2.0000;NULL;None;anonymous;NULL;Mole Spawned;MoleEvent;30117;877a4ae9-5043-4b6b-b35e-95337330fe10;NULL;0.0069;0.0021;-0.0054;357.4923;355.3291;2.8354;NULL;NULL;NULL;NULL;NULL;NULL;NULL;NULL;NULL;;;;;;;;;;;;;0;NULL;-0.1737;-0.6341;0.2533;15.9365;1.4960;16.9253;Palm;NULL;NULL;NULL;NULL;2;1;0;0;0;0;0.5000;0.0000;2.0000;;;;;;;;;;;;;0;NULL;0.0545;-0.1000;0.4966;342.4638;355.2308;354.3743;Palm;NULL;122ed9df-0a02-49d5-9741-6f70481e5b76;NULL;NULL;NULL;1;NULL;0.5000;0.0000;2.0000;Exposure;0.0000;2026-03-26 12:03:29.7556;Hands;NULL;NULL;OpenXR
NULL;Right;NULL;35;Exposure;NULL;NoMitigation;2;1;0;0;0;0;0.5000;0.0000;2.0000;NULL;None;anonymous;NULL;Pointer Shoot;PointerEvent;30418;877a4ae9-5043-4b6b-b35e-95337330fe10;NULL;0.0177;0.0011;-0.0071;357.5459;4.2768;3.3798;NULL;0.5598;-0.0044;2.0000;0.5598;-0.0044;2.0000;NULL;NULL;;;;;;;;;;;;;0;NULL;-0.1732;-0.6323;0.2543;14.0971;2.5927;16.8628;Palm;NULL;NULL;NULL;NULL;2;1;0;0;0;0;0.5000;0.0000;2.0000;;;;;;;;;;;;;0;NULL;0.1807;-0.1014;0.4905;343.4510;10.0319;352.5490;Palm;NULL;122ed9df-0a02-49d5-9741-6f70481e5b76;NULL;NULL;24;1;NULL;0.5000;0.0000;2.0000;Exposure;2.8510;2026-03-26 12:03:32.5998;Hands;NULL;NULL;OpenXR
NULL;Right;NULL;35;Exposure;NULL;NoMitigation;2;1;0;0;0;0;0.5000;0.0000;2.0000;NULL;None;anonymous;NULL;Mole Hit;MoleEvent;30418;877a4ae9-5043-4b6b-b35e-95337330fe10;NULL;0.0177;0.0011;-0.0071;357.5459;4.2768;3.3798;0.0600;0.5598;-0.0044;2.0000;0.5598;-0.0044;2.0000;NULL;1;;;;;;;;;;;;;0;NULL;-0.1732;-0.6323;0.2543;14.0971;2.5927;16.8628;Palm;NULL;NULL;NULL;NULL;2;1;0;0;0;0;0.5000;0.0000;2.0000;;;;;;;;;;;;;0;NULL;0.1807;-0.1014;0.4905;343.4510;10.0319;352.5490;Palm;NULL;122ed9df-0a02-49d5-9741-6f70481e5b76;NULL;NULL;24;1;NULL;0.5000;0.0000;2.0000;Exposure;0.0000;2026-03-26 12:03:32.6024;Hands;NULL;NULL;OpenXR
NULL;Right;NULL;NULL;Exposure;NULL;NoMitigation;3;2;0;1;0;0;-0.5000;0.0000;2.0000;NULL;None;anonymous;NULL;Mole Spawned;MoleEvent;30418;877a4ae9-5043-4b6b-b35e-95337330fe10;NULL;0.0177;0.0011;-0.0071;357.5459;4.2768;3.3798;NULL;NULL;NULL;NULL;NULL;NULL;NULL;NULL;NULL;;;;;;;;;;;;;0;NULL;-0.1732;-0.6323;0.2543;14.0971;2.5927;16.8628;Palm;NULL;NULL;NULL;NULL;3;2;0;1;0;0;-0.5000;0.0000;2.0000;;;;;;;;;;;;;0;NULL;0.1807;-0.1014;0.4905;343.4510;10.0319;352.5490;Palm;NULL;122ed9df-0a02-49d5-9741-6f70481e5b76;NULL;NULL;NULL;2;NULL;-0.5000;0.0000;2.0000;Exposure;0.0000;2026-03-26 12:03:32.6066;Hands;NULL;NULL;OpenXR
NULL;Right;NULL;36;Exposure;NULL;NoMitigation;3;2;0;1;0;0;-0.5000;0.0000;2.0000;NULL;None;anonymous;NULL;Pointer Shoot;PointerEvent;30742;877a4ae9-5043-4b6b-b35e-95337330fe10;NULL;-0.0072;-0.0003;-0.0066;358.9923;346.3430;2.1070;NULL;-0.5058;-0.0451;2.0000;-0.5058;-0.0451;2.0000;NULL;NULL;;;;;;;;;;;;;0;NULL;-0.1731;-0.6310;0.2522;13.3353;2.7192;18.0741;Palm;NULL;NULL;NULL;NULL;3;2;0;1;0;0;-0.5000;0.0000;2.0000;;;;;;;;;;;;;0;NULL;-0.0686;-0.0845;0.4673;343.9525;344.5958;353.8886;Palm;NULL;122ed9df-0a02-49d5-9741-6f70481e5b76;NULL;NULL;25;2;NULL;-0.5000;0.0000;2.0000;Exposure;2.9069;2026-03-26 12:03:35.5078;Hands;NULL;NULL;OpenXR
NULL;Right;NULL;36;Exposure;NULL;NoMitigation;3;2;0;1;0;0;-0.5000;0.0000;2.0000;NULL;None;anonymous;NULL;Mole Hit;MoleEvent;30742;877a4ae9-5043-4b6b-b35e-95337330fe10;NULL;-0.0072;-0.0003;-0.0066;358.9923;346.3430;2.1070;0.0455;-0.5058;-0.0451;2.0000;-0.5058;-0.0451;2.0000;NULL;1;;;;;;;;;;;;;0;NULL;-0.1731;-0.6310;0.2522;13.3353;2.7192;18.0741;Palm;NULL;NULL;NULL;NULL;3;2;0;1;0;0;-0.5000;0.0000;2.0000;;;;;;;;;;;;;0;NULL;-0.0686;-0.0845;0.4673;343.9525;344.5958;353.8886;Palm;NULL;122ed9df-0a02-49d5-9741-6f70481e5b76;NULL;NULL;25;2;NULL;-0.5000;0.0000;2.0000;Exposure;0.0000;2026-03-26 12:03:35.5120;Hands;NULL;NULL;OpenXR
NULL;Right;NULL;NULL;Exposure;NULL;NoMitigation;2;1;0;0;0;0;0.5000;0.0000;2.0000;NULL;None;anonymous;NULL;Mole Spawned;MoleEvent;30742;877a4ae9-5043-4b6b-b35e-95337330fe10;NULL;-0.0072;-0.0003;-0.0066;358.9923;346.3430;2.1070;NULL;NULL;NULL;NULL;NULL;NULL;NULL;NULL;NULL;;;;;;;;;;;;;0;NULL;-0.1731;-0.6310;0.2522;13.3353;2.7192;18.0741;Palm;NULL;NULL;NULL;NULL;2;1;0;0;0;0;0.5000;0.0000;2.0000;;;;;;;;;;;;;0;NULL;-0.0686;-0.0845;0.4673;343.9525;344.5958;353.8886;Palm;NULL;122ed9df-0a02-49d5-9741-6f70481e5b76;NULL;NULL;NULL;1;NULL;0.5000;0.0000;2.0000;Exposure;0.0000;2026-03-26 12:03:35.5157;Hands;NULL;NULL;OpenXR
NULL;Right;NULL;37;Exposure;NULL;NoMitigation;2;1;0;0;0;0;0.5000;0.0000;2.0000;NULL;None;anonymous;NULL;Pointer Shoot;PointerEvent;31046;877a4ae9-5043-4b6b-b35e-95337330fe10;NULL;0.0054;-0.0015;-0.0035;359.0186;5.1479;5.7115;NULL;0.5370;-0.0043;2.0000;0.5370;-0.0043;2.0000;NULL;NULL;;;;;;;;;;;;;0;NULL;-0.1738;-0.6328;0.2557;13.6211;2.4786;18.0292;Palm;NULL;NULL;NULL;NULL;2;1;0;0;0;0;0.5000;0.0000;2.0000;;;;;;;;;;;;;0;NULL;0.1822;-0.1009;0.4939;343.9443;11.5445;351.1089;Palm;NULL;122ed9df-0a02-49d5-9741-6f70481e5b76;NULL;NULL;26;1;NULL;0.5000;0.0000;2.0000;Exposure;2.8487;2026-03-26 12:03:38.3555;Hands;NULL;NULL;OpenXR
NULL;Right;NULL;37;Exposure;NULL;NoMitigation;2;1;0;0;0;0;0.5000;0.0000;2.0000;NULL;None;anonymous;NULL;Mole Hit;MoleEvent;31046;877a4ae9-5043-4b6b-b35e-95337330fe10;NULL;0.0054;-0.0015;-0.0035;359.0186;5.1479;5.7115;0.0372;0.5370;-0.0043;2.0000;0.5370;-0.0043;2.0000;NULL;1;;;;;;;;;;;;;0;NULL;-0.1738;-0.6328;0.2557;13.6211;2.4786;18.0292;Palm;NULL;NULL;NULL;NULL;2;1;0;0;0;0;0.5000;0.0000;2.0000;;;;;;;;;;;;;0;NULL;0.1822;-0.1009;0.4939;343.9443;11.5445;351.1089;Palm;NULL;122ed9df-0a02-49d5-9741-6f70481e5b76;NULL;NULL;26;1;NULL;0.5000;0.0000;2.0000;Exposure;0.0000;2026-03-26 12:03:38.3592;Hands;NULL;NULL;OpenXR
NULL;Right;NULL;NULL;Exposure;NULL;NoMitigation;1;0;0;-1;0;0;0.0000;0.0000;2.0000;NULL;None;anonymous;NULL;Mole Spawned;MoleEvent;31046;877a4ae9-5043-4b6b-b35e-95337330fe10;NULL;0.0054;-0.0015;-0.0035;359.0186;5.1479;5.7115;NULL;NULL;NULL;NULL;NULL;NULL;NULL;NULL;NULL;;;;;;;;;;;;;0;NULL;-0.1738;-0.6328;0.2557;13.6211;2.4786;18.0292;Palm;NULL;NULL;NULL;NULL;1;0;0;-1;0;0;0.0000;0.0000;2.0000;;;;;;;;;;;;;0;NULL;0.1822;-0.1009;0.4939;343.9443;11.5445;351.1089;Palm;NULL;122ed9df-0a02-49d5-9741-6f70481e5b76;NULL;NULL;NULL;0;NULL;0.0000;0.0000;2.0000;Exposure;0.0000;2026-03-26 12:03:38.3623;Hands;NULL;NULL;OpenXR
NULL;Right;NULL;38;Exposure;NULL;NoMitigation;1;0;0;-1;0;0;0.0000;0.0000;2.0000;NULL;None;anonymous;NULL;Pointer Shoot;PointerEvent;31476;877a4ae9-5043-4b6b-b35e-95337330fe10;NULL;-0.0009;-0.0001;-0.0083;358.0199;358.5511;4.7932;NULL;0.0104;0.0478;2.0000;0.0104;0.0478;2.0000;NULL;NULL;;;;;;;;;;;;;0;NULL;-0.1743;-0.6335;0.2537;14.7942;1.7889;17.4818;Palm;NULL;NULL;NULL;NULL;1;0;0;-1;0;0;0.0000;0.0000;2.0000;;;;;;;;;;;;;0;NULL;0.0567;-0.1093;0.4939;346.1467;354.1788;356.5303;Palm;NULL;122ed9df-0a02-49d5-9741-6f70481e5b76;NULL;NULL;27;0;NULL;0.0000;0.0000;2.0000;Exposure;4.0239;2026-03-26 12:03:42.3792;Hands;NULL;NULL;OpenXR
NULL;Right;NULL;38;Exposure;NULL;NoMitigation;1;0;0;-1;0;0;0.0000;0.0000;2.0000;NULL;None;anonymous;NULL;Mole Hit;MoleEvent;31476;877a4ae9-5043-4b6b-b35e-95337330fe10;NULL;-0.0009;-0.0001;-0.0083;358.0199;358.5511;4.7932;0.0490;0.0104;0.0478;2.0000;0.0104;0.0478;2.0000;NULL;1;;;;;;;;;;;;;0;NULL;-0.1743;-0.6335;0.2537;14.7942;1.7889;17.4818;Palm;NULL;NULL;NULL;NULL;1;0;0;-1;0;0;0.0000;0.0000;2.0000;;;;;;;;;;;;;0;NULL;0.0567;-0.1093;0.4939;346.1467;354.1788;356.5303;Palm;NULL;122ed9df-0a02-49d5-9741-6f70481e5b76;NULL;NULL;27;0;NULL;0.0000;0.0000;2.0000;Exposure;0.0000;2026-03-26 12:03:42.3823;Hands;NULL;NULL;OpenXR
NULL;Right;NULL;NULL;Exposure;NULL;NoMitigation;3;2;0;1;0;0;-0.5000;0.0000;2.0000;NULL;None;anonymous;NULL;Mole Spawned;MoleEvent;31476;877a4ae9-5043-4b6b-b35e-95337330fe10;NULL;-0.0009;-0.0001;-0.0083;358.0199;358.5511;4.7932;NULL;NULL;NULL;NULL;NULL;NULL;NULL;NULL;NULL;;;;;;;;;;;;;0;NULL;-0.1743;-0.6335;0.2537;14.7942;1.7889;17.4818;Palm;NULL;NULL;NULL;NULL;3;2;0;1;0;0;-0.5000;0.0000;2.0000;;;;;;;;;;;;;0;NULL;0.0567;-0.1093;0.4939;346.1467;354.1788;356.5303;Palm;NULL;122ed9df-0a02-49d5-9741-6f70481e5b76;NULL;NULL;NULL;2;NULL;-0.5000;0.0000;2.0000;Exposure;0.0000;2026-03-26 12:03:42.3871;Hands;NULL;NULL;OpenXR
NULL;Right;NULL;39;Exposure;NULL;NoMitigation;3;2;0;1;0;0;-0.5000;0.0000;2.0000;NULL;None;anonymous;NULL;Pointer Shoot;PointerEvent;31779;877a4ae9-5043-4b6b-b35e-95337330fe10;NULL;-0.0129;0.0004;-0.0105;357.7765;347.6549;3.1690;NULL;-0.5131;-0.0107;2.0000;-0.5131;-0.0107;2.0000;NULL;NULL;;;;;;;;;;;;;0;NULL;-0.1745;-0.6297;0.2521;13.3356;2.3501;19.6573;Palm;NULL;NULL;NULL;NULL;3;2;0;1;0;0;-0.5000;0.0000;2.0000;;;;;;;;;;;;;0;NULL;-0.0621;-0.1012;0.4678;340.5181;341.3552;355.5851;Palm;NULL;122ed9df-0a02-49d5-9741-6f70481e5b76;NULL;NULL;28;2;NULL;-0.5000;0.0000;2.0000;Exposure;2.9660;2026-03-26 12:03:45.3452;Hands;NULL;NULL;OpenXR
NULL;Right;NULL;39;Exposure;NULL;NoMitigation;3;2;0;1;0;0;-0.5000;0.0000;2.0000;NULL;None;anonymous;NULL;Mole Hit;MoleEvent;31779;877a4ae9-5043-4b6b-b35e-95337330fe10;NULL;-0.0129;0.0004;-0.0105;357.7765;347.6549;3.1690;0.0169;-0.5131;-0.0107;2.0000;-0.5131;-0.0107;2.0000;NULL;1;;;;;;;;;;;;;0;NULL;-0.1745;-0.6297;0.2521;13.3356;2.3501;19.6573;Palm;NULL;NULL;NULL;NULL;3;2;0;1;0;0;-0.5000;0.0000;2.0000;;;;;;;;;;;;;0;NULL;-0.0621;-0.1012;0.4678;340.5181;341.3552;355.5851;Palm;NULL;122ed9df-0a02-49d5-9741-6f70481e5b76;NULL;NULL;28;2;NULL;-0.5000;0.0000;2.0000;Exposure;0.0000;2026-03-26 12:03:45.3498;Hands;NULL;NULL;OpenXR
NULL;Right;NULL;NULL;Exposure;NULL;NoMitigation;1;0;0;-1;0;0;0.0000;0.0000;2.0000;NULL;None;anonymous;NULL;Mole Spawned;MoleEvent;31779;877a4ae9-5043-4b6b-b35e-95337330fe10;NULL;-0.0129;0.0004;-0.0105;357.7765;347.6549;3.1690;NULL;NULL;NULL;NULL;NULL;NULL;NULL;NULL;NULL;;;;;;;;;;;;;0;NULL;-0.1745;-0.6297;0.2521;13.3356;2.3501;19.6573;Palm;NULL;NULL;NULL;NULL;1;0;0;-1;0;0;0.0000;0.0000;2.0000;;;;;;;;;;;;;0;NULL;-0.0621;-0.1012;0.4678;340.5181;341.3552;355.5851;Palm;NULL;122ed9df-0a02-49d5-9741-6f70481e5b76;NULL;NULL;NULL;0;NULL;0.0000;0.0000;2.0000;Exposure;0.0000;2026-03-26 12:03:45.3524;Hands;NULL;NULL;OpenXR
NULL;Right;NULL;40;Exposure;NULL;NoMitigation;1;0;0;-1;0;0;0.0000;0.0000;2.0000;NULL;None;anonymous;NULL;Pointer Shoot;PointerEvent;32631;877a4ae9-5043-4b6b-b35e-95337330fe10;NULL;0.0067;0.0019;-0.0059;356.9081;356.2442;2.6510;NULL;0.0132;-0.0234;2.0000;0.0132;-0.0234;2.0000;NULL;NULL;;;;;;;;;;;;;0;NULL;-0.1777;-0.6306;0.2491;16.3444;359.7557;18.4490;Palm;NULL;NULL;NULL;NULL;1;0;0;-1;0;0;0.0000;0.0000;2.0000;;;;;;;;;;;;;0;NULL;0.0723;-0.1095;0.4982;348.2638;359.4033;351.2482;Palm;NULL;122ed9df-0a02-49d5-9741-6f70481e5b76;NULL;NULL;29;0;NULL;0.0000;0.0000;2.0000;Exposure;8.9567;2026-03-26 12:03:54.3020;Hands;NULL;NULL;OpenXR
NULL;Right;NULL;40;Exposure;NULL;NoMitigation;1;0;0;-1;0;0;0.0000;0.0000;2.0000;NULL;None;anonymous;NULL;Mole Hit;MoleEvent;32631;877a4ae9-5043-4b6b-b35e-95337330fe10;NULL;0.0067;0.0019;-0.0059;356.9081;356.2442;2.6510;0.0269;0.0132;-0.0234;2.0000;0.0132;-0.0234;2.0000;NULL;1;;;;;;;;;;;;;0;NULL;-0.1777;-0.6306;0.2491;16.3444;359.7557;18.4490;Palm;NULL;NULL;NULL;NULL;1;0;0;-1;0;0;0.0000;0.0000;2.0000;;;;;;;;;;;;;0;NULL;0.0723;-0.1095;0.4982;348.2638;359.4033;351.2482;Palm;NULL;122ed9df-0a02-49d5-9741-6f70481e5b76;NULL;NULL;29;0;NULL;0.0000;0.0000;2.0000;Exposure;0.0000;2026-03-26 12:03:54.3051;Hands;NULL;NULL;OpenXR
NULL;Right;NULL;NULL;Exposure;NULL;NoMitigation;3;2;0;1;0;0;-0.5000;0.0000;2.0000;NULL;None;anonymous;NULL;Mole Spawned;MoleEvent;32631;877a4ae9-5043-4b6b-b35e-95337330fe10;NULL;0.0067;0.0019;-0.0059;356.9081;356.2442;2.6510;NULL;NULL;NULL;NULL;NULL;NULL;NULL;NULL;NULL;;;;;;;;;;;;;0;NULL;-0.1777;-0.6306;0.2491;16.3444;359.7557;18.4490;Palm;NULL;NULL;NULL;NULL;3;2;0;1;0;0;-0.5000;0.0000;2.0000;;;;;;;;;;;;;0;NULL;0.0723;-0.1095;0.4982;348.2638;359.4033;351.2482;Palm;NULL;122ed9df-0a02-49d5-9741-6f70481e5b76;NULL;NULL;NULL;2;NULL;-0.5000;0.0000;2.0000;Exposure;0.0000;2026-03-26 12:03:54.3082;Hands;NULL;NULL;OpenXR
NULL;Right;NULL;41;Exposure;NULL;NoMitigation;3;2;0;1;0;0;-0.5000;0.0000;2.0000;NULL;None;anonymous;NULL;Pointer Shoot;PointerEvent;32909;877a4ae9-5043-4b6b-b35e-95337330fe10;NULL;-0.0051;0.0034;-0.0077;356.1531;345.9018;2.7152;NULL;-0.4951;-0.0153;2.0000;-0.4951;-0.0153;2.0000;NULL;NULL;;;;;;;;;;;;;0;NULL;-0.1785;-0.6304;0.2477;12.7623;1.3281;19.2220;Palm;NULL;NULL;NULL;NULL;3;2;0;1;0;0;-0.5000;0.0000;2.0000;;;;;;;;;;;;;0;NULL;-0.0459;-0.1046;0.4744;345.4678;340.3227;351.7002;Palm;NULL;122ed9df-0a02-49d5-9741-6f70481e5b76;NULL;NULL;30;2;NULL;-0.5000;0.0000;2.0000;Exposure;2.7311;2026-03-26 12:03:57.0322;Hands;NULL;NULL;OpenXR
NULL;Right;NULL;41;Exposure;NULL;NoMitigation;3;2;0;1;0;0;-0.5000;0.0000;2.0000;NULL;None;anonymous;NULL;Mole Hit;MoleEvent;32909;877a4ae9-5043-4b6b-b35e-95337330fe10;NULL;-0.0051;0.0034;-0.0077;356.1531;345.9018;2.7152;0.0161;-0.4951;-0.0153;2.0000;-0.4951;-0.0153;2.0000;NULL;1;;;;;;;;;;;;;0;NULL;-0.1785;-0.6304;0.2477;12.7623;1.3281;19.2220;Palm;NULL;NULL;NULL;NULL;3;2;0;1;0;0;-0.5000;0.0000;2.0000;;;;;;;;;;;;;0;NULL;-0.0459;-0.1046;0.4744;345.4678;340.3227;351.7002;Palm;NULL;122ed9df-0a02-49d5-9741-6f70481e5b76;NULL;NULL;30;2;NULL;-0.5000;0.0000;2.0000;Exposure;0.0000;2026-03-26 12:03:57.0349;Hands;NULL;NULL;OpenXR
NULL;Right;NULL;NULL;Exposure;NULL;NoMitigation;2;1;0;0;0;0;0.5000;0.0000;2.0000;NULL;None;anonymous;NULL;Mole Spawned;MoleEvent;32909;877a4ae9-5043-4b6b-b35e-95337330fe10;NULL;-0.0051;0.0034;-0.0077;356.1531;345.9018;2.7152;NULL;NULL;NULL;NULL;NULL;NULL;NULL;NULL;NULL;;;;;;;;;;;;;0;NULL;-0.1785;-0.6304;0.2477;12.7623;1.3281;19.2220;Palm;NULL;NULL;NULL;NULL;2;1;0;0;0;0;0.5000;0.0000;2.0000;;;;;;;;;;;;;0;NULL;-0.0459;-0.1046;0.4744;345.4678;340.3227;351.7002;Palm;NULL;122ed9df-0a02-49d5-9741-6f70481e5b76;NULL;NULL;NULL;1;NULL;0.5000;0.0000;2.0000;Exposure;0.0000;2026-03-26 12:03:57.0386;Hands;NULL;NULL;OpenXR
NULL;Right;NULL;42;Exposure;NULL;NoMitigation;2;1;0;0;0;0;0.5000;0.0000;2.0000;NULL;None;anonymous;NULL;Pointer Shoot;PointerEvent;33211;877a4ae9-5043-4b6b-b35e-95337330fe10;NULL;0.0139;0.0022;-0.0054;356.6820;3.9290;3.7728;NULL;0.4874;-0.0021;2.0000;0.4874;-0.0021;2.0000;NULL;NULL;;;;;;;;;;;;;0;NULL;-0.1781;-0.6338;0.2507;12.0183;0.8499;18.3487;Palm;NULL;NULL;NULL;NULL;2;1;0;0;0;0;0.5000;0.0000;2.0000;;;;;;;;;;;;;0;NULL;0.2005;-0.0894;0.4949;342.0002;13.2953;351.2831;Palm;NULL;122ed9df-0a02-49d5-9741-6f70481e5b76;NULL;NULL;31;1;NULL;0.5000;0.0000;2.0000;Exposure;2.7998;2026-03-26 12:03:59.8325;Hands;NULL;NULL;OpenXR
NULL;Right;NULL;42;Exposure;NULL;NoMitigation;2;1;0;0;0;0;0.5000;0.0000;2.0000;NULL;None;anonymous;NULL;Mole Hit;MoleEvent;33211;877a4ae9-5043-4b6b-b35e-95337330fe10;NULL;0.0139;0.0022;-0.0054;356.6820;3.9290;3.7728;0.0128;0.4874;-0.0021;2.0000;0.4874;-0.0021;2.0000;NULL;1;;;;;;;;;;;;;0;NULL;-0.1781;-0.6338;0.2507;12.0183;0.8499;18.3487;Palm;NULL;NULL;NULL;NULL;2;1;0;0;0;0;0.5000;0.0000;2.0000;;;;;;;;;;;;;0;NULL;0.2005;-0.0894;0.4949;342.0002;13.2953;351.2831;Palm;NULL;122ed9df-0a02-49d5-9741-6f70481e5b76;NULL;NULL;31;1;NULL;0.5000;0.0000;2.0000;Exposure;0.0000;2026-03-26 12:03:59.8362;Hands;NULL;NULL;OpenXR
NULL;Right;NULL;NULL;Exposure;NULL;NoMitigation;3;2;0;1;0;0;-0.5000;0.0000;2.0000;NULL;None;anonymous;NULL;Mole Spawned;MoleEvent;33211;877a4ae9-5043-4b6b-b35e-95337330fe10;NULL;0.0139;0.0022;-0.0054;356.6820;3.9290;3.7728;NULL;NULL;NULL;NULL;NULL;NULL;NULL;NULL;NULL;;;;;;;;;;;;;0;NULL;-0.1781;-0.6338;0.2507;12.0183;0.8499;18.3487;Palm;NULL;NULL;NULL;NULL;3;2;0;1;0;0;-0.5000;0.0000;2.0000;;;;;;;;;;;;;0;NULL;0.2005;-0.0894;0.4949;342.0002;13.2953;351.2831;Palm;NULL;122ed9df-0a02-49d5-9741-6f70481e5b76;NULL;NULL;NULL;2;NULL;-0.5000;0.0000;2.0000;Exposure;0.0000;2026-03-26 12:03:59.8420;Hands;NULL;NULL;OpenXR
NULL;Right;NULL;43;Exposure;NULL;NoMitigation;3;2;0;1;0;0;-0.5000;0.0000;2.0000;NULL;None;anonymous;NULL;Pointer Shoot;PointerEvent;33506;877a4ae9-5043-4b6b-b35e-95337330fe10;NULL;-0.0040;0.0010;-0.0067;357.5091;345.6983;1.4230;NULL;-0.4989;0.0020;2.0000;-0.4989;0.0020;2.0000;NULL;NULL;;;;;;;;;;;;;0;NULL;-0.1789;-0.6322;0.2485;12.6687;1.0849;19.7501;Palm;NULL;NULL;NULL;NULL;3;2;0;1;0;0;-0.5000;0.0000;2.0000;;;;;;;;;;;;;0;NULL;-0.0579;-0.0944;0.4703;340.7349;340.9914;355.6255;Palm;NULL;122ed9df-0a02-49d5-9741-6f70481e5b76;NULL;NULL;32;2;NULL;-0.5000;0.0000;2.0000;Exposure;2.7904;2026-03-26 12:04:02.6223;Hands;NULL;NULL;OpenXR
NULL;Right;NULL;43;Exposure;NULL;NoMitigation;3;2;0;1;0;0;-0.5000;0.0000;2.0000;NULL;None;anonymous;NULL;Mole Hit;MoleEvent;33506;877a4ae9-5043-4b6b-b35e-95337330fe10;NULL;-0.0040;0.0010;-0.0067;357.5091;345.6983;1.4230;0.0023;-0.4989;0.0020;2.0000;-0.4989;0.0020;2.0000;NULL;1;;;;;;;;;;;;;0;NULL;-0.1789;-0.6322;0.2485;12.6687;1.0849;19.7501;Palm;NULL;NULL;NULL;NULL;3;2;0;1;0;0;-0.5000;0.0000;2.0000;;;;;;;;;;;;;0;NULL;-0.0579;-0.0944;0.4703;340.7349;340.9914;355.6255;Palm;NULL;122ed9df-0a02-49d5-9741-6f70481e5b76;NULL;NULL;32;2;NULL;-0.5000;0.0000;2.0000;Exposure;0.0000;2026-03-26 12:04:02.6254;Hands;NULL;NULL;OpenXR
NULL;Right;NULL;NULL;Exposure;NULL;NoMitigation;2;1;0;0;0;0;0.5000;0.0000;2.0000;NULL;None;anonymous;NULL;Mole Spawned;MoleEvent;33506;877a4ae9-5043-4b6b-b35e-95337330fe10;NULL;-0.0040;0.0010;-0.0067;357.5091;345.6983;1.4230;NULL;NULL;NULL;NULL;NULL;NULL;NULL;NULL;NULL;;;;;;;;;;;;;0;NULL;-0.1789;-0.6322;0.2485;12.6687;1.0849;19.7501;Palm;NULL;NULL;NULL;NULL;2;1;0;0;0;0;0.5000;0.0000;2.0000;;;;;;;;;;;;;0;NULL;-0.0579;-0.0944;0.4703;340.7349;340.9914;355.6255;Palm;NULL;122ed9df-0a02-49d5-9741-6f70481e5b76;NULL;NULL;NULL;1;NULL;0.5000;0.0000;2.0000;Exposure;0.0000;2026-03-26 12:04:02.6284;Hands;NULL;NULL;OpenXR
NULL;Right;NULL;44;Exposure;NULL;NoMitigation;2;1;0;0;0;0;0.5000;0.0000;2.0000;NULL;None;anonymous;NULL;Pointer Shoot;PointerEvent;33799;877a4ae9-5043-4b6b-b35e-95337330fe10;NULL;0.0073;-0.0010;-0.0044;358.3881;2.8182;4.1575;NULL;0.5299;-0.0144;2.0000;0.5299;-0.0144;2.0000;NULL;NULL;;;;;;;;;;;;;0;NULL;-0.1787;-0.6325;0.2499;12.2197;0.5065;19.9259;Palm;NULL;NULL;NULL;NULL;2;1;0;0;0;0;0.5000;0.0000;2.0000;;;;;;;;;;;;;0;NULL;0.1727;-0.0951;0.4988;345.7117;12.5808;352.9003;Palm;NULL;122ed9df-0a02-49d5-9741-6f70481e5b76;NULL;NULL;33;1;NULL;0.5000;0.0000;2.0000;Exposure;2.7419;2026-03-26 12:04:05.3653;Hands;NULL;NULL;OpenXR
NULL;Right;NULL;44;Exposure;NULL;NoMitigation;2;1;0;0;0;0;0.5000;0.0000;2.0000;NULL;None;anonymous;NULL;Mole Hit;MoleEvent;33799;877a4ae9-5043-4b6b-b35e-95337330fe10;NULL;0.0073;-0.0010;-0.0044;358.3881;2.8182;4.1575;0.0331;0.5299;-0.0144;2.0000;0.5299;-0.0144;2.0000;NULL;1;;;;;;;;;;;;;0;NULL;-0.1787;-0.6325;0.2499;12.2197;0.5065;19.9259;Palm;NULL;NULL;NULL;NULL;2;1;0;0;0;0;0.5000;0.0000;2.0000;;;;;;;;;;;;;0;NULL;0.1727;-0.0951;0.4988;345.7117;12.5808;352.9003;Palm;NULL;122ed9df-0a02-49d5-9741-6f70481e5b76;NULL;NULL;33;1;NULL;0.5000;0.0000;2.0000;Exposure;0.0000;2026-03-26 12:04:05.3683;Hands;NULL;NULL;OpenXR
NULL;Right;NULL;NULL;Exposure;NULL;NoMitigation;1;0;0;-1;0;0;0.0000;0.0000;2.0000;NULL;None;anonymous;NULL;Mole Spawned;MoleEvent;33799;877a4ae9-5043-4b6b-b35e-95337330fe10;NULL;0.0073;-0.0010;-0.0044;358.3881;2.8182;4.1575;NULL;NULL;NULL;NULL;NULL;NULL;NULL;NULL;NULL;;;;;;;;;;;;;0;NULL;-0.1787;-0.6325;0.2499;12.2197;0.5065;19.9259;Palm;NULL;NULL;NULL;NULL;1;0;0;-1;0;0;0.0000;0.0000;2.0000;;;;;;;;;;;;;0;NULL;0.1727;-0.0951;0.4988;345.7117;12.5808;352.9003;Palm;NULL;122ed9df-0a02-49d5-9741-6f70481e5b76;NULL;NULL;NULL;0;NULL;0.0000;0.0000;2.0000;Exposure;0.0000;2026-03-26 12:04:05.3720;Hands;NULL;NULL;OpenXR
NULL;Right;NULL;45;Exposure;NULL;NoMitigation;1;0;0;-1;0;0;0.0000;0.0000;2.0000;NULL;None;anonymous;NULL;Pointer Shoot;PointerEvent;34080;877a4ae9-5043-4b6b-b35e-95337330fe10;NULL;0.0036;-0.0005;-0.0049;358.0810;357.3177;3.3292;NULL;-0.0084;0.0273;2.0000;-0.0084;0.0273;2.0000;NULL;NULL;;;;;;;;;;;;;0;NULL;-0.1791;-0.6342;0.2501;14.7057;359.8239;18.8379;Palm;NULL;NULL;NULL;NULL;1;0;0;-1;0;0;0.0000;0.0000;2.0000;;;;;;;;;;;;;0;NULL;0.0643;-0.0993;0.4966;347.5743;357.6054;354.6375;Palm;NULL;122ed9df-0a02-49d5-9741-6f70481e5b76;NULL;NULL;34;0;NULL;0.0000;0.0000;2.0000;Exposure;2.8152;2026-03-26 12:04:08.1798;Hands;NULL;NULL;OpenXR
NULL;Right;NULL;45;Exposure;NULL;NoMitigation;1;0;0;-1;0;0;0.0000;0.0000;2.0000;NULL;None;anonymous;NULL;Mole Hit;MoleEvent;34080;877a4ae9-5043-4b6b-b35e-95337330fe10;NULL;0.0036;-0.0005;-0.0049;358.0810;357.3177;3.3292;0.0286;-0.0084;0.0273;2.0000;-0.0084;0.0273;2.0000;NULL;1;;;;;;;;;;;;;0;NULL;-0.1791;-0.6342;0.2501;14.7057;359.8239;18.8379;Palm;NULL;NULL;NULL;NULL;1;0;0;-1;0;0;0.0000;0.0000;2.0000;;;;;;;;;;;;;0;NULL;0.0643;-0.0993;0.4966;347.5743;357.6054;354.6375;Palm;NULL;122ed9df-0a02-49d5-9741-6f70481e5b76;NULL;NULL;34;0;NULL;0.0000;0.0000;2.0000;Exposure;0.0000;2026-03-26 12:04:08.1836;Hands;NULL;NULL;OpenXR
NULL;Right;NULL;NULL;Exposure;NULL;NoMitigation;3;2;0;1;0;0;-0.5000;0.0000;2.0000;NULL;None;anonymous;NULL;Mole Spawned;MoleEvent;34080;877a4ae9-5043-4b6b-b35e-95337330fe10;NULL;0.0036;-0.0005;-0.0049;358.0810;357.3177;3.3292;NULL;NULL;NULL;NULL;NULL;NULL;NULL;NULL;NULL;;;;;;;;;;;;;0;NULL;-0.1791;-0.6342;0.2501;14.7057;359.8239;18.8379;Palm;NULL;NULL;NULL;NULL;3;2;0;1;0;0;-0.5000;0.0000;2.0000;;;;;;;;;;;;;0;NULL;0.0643;-0.0993;0.4966;347.5743;357.6054;354.6375;Palm;NULL;122ed9df-0a02-49d5-9741-6f70481e5b76;NULL;NULL;NULL;2;NULL;-0.5000;0.0000;2.0000;Exposure;0.0000;2026-03-26 12:04:08.1877;Hands;NULL;NULL;OpenXR
NULL;Right;NULL;46;Exposure;NULL;NoMitigation;3;2;0;1;0;0;-0.5000;0.0000;2.0000;NULL;None;anonymous;NULL;Pointer Shoot;PointerEvent;35706;877a4ae9-5043-4b6b-b35e-95337330fe10;NULL;0.0170;0.0034;-0.0164;355.7804;347.0727;1.4233;NULL;-0.5237;0.0288;2.0000;-0.5237;0.0288;2.0000;NULL;NULL;;;;;;;;;;;;;0;NULL;-0.1092;-0.6093;0.2225;3.1723;17.4453;23.3028;Palm;NULL;NULL;NULL;NULL;3;2;0;1;0;0;-0.5000;0.0000;2.0000;;;;;;;;;;;;;0;NULL;-0.0199;-0.1113;0.4459;340.5992;338.2944;356.6383;Palm;NULL;122ed9df-0a02-49d5-9741-6f70481e5b76;NULL;NULL;35;2;NULL;-0.5000;0.0000;2.0000;Exposure;16.7041;2026-03-26 12:04:24.8853;Hands;NULL;NULL;OpenXR
NULL;Right;NULL;46;Exposure;NULL;NoMitigation;3;2;0;1;0;0;-0.5000;0.0000;2.0000;NULL;None;anonymous;NULL;Mole Hit;MoleEvent;35706;877a4ae9-5043-4b6b-b35e-95337330fe10;NULL;0.0170;0.0034;-0.0164;355.7804;347.0727;1.4233;0.0373;-0.5237;0.0288;2.0000;-0.5237;0.0288;2.0000;NULL;1;;;;;;;;;;;;;0;NULL;-0.1092;-0.6093;0.2225;3.1723;17.4453;23.3028;Palm;NULL;NULL;NULL;NULL;3;2;0;1;0;0;-0.5000;0.0000;2.0000;;;;;;;;;;;;;0;NULL;-0.0199;-0.1113;0.4459;340.5992;338.2944;356.6383;Palm;NULL;122ed9df-0a02-49d5-9741-6f70481e5b76;NULL;NULL;35;2;NULL;-0.5000;0.0000;2.0000;Exposure;0.0000;2026-03-26 12:04:24.8900;Hands;NULL;NULL;OpenXR
NULL;Right;NULL;NULL;Exposure;NULL;NoMitigation;1;0;0;-1;0;0;0.0000;0.0000;2.0000;NULL;None;anonymous;NULL;Mole Spawned;MoleEvent;35706;877a4ae9-5043-4b6b-b35e-95337330fe10;NULL;0.0170;0.0034;-0.0164;355.7804;347.0727;1.4233;NULL;NULL;NULL;NULL;NULL;NULL;NULL;NULL;NULL;;;;;;;;;;;;;0;NULL;-0.1092;-0.6093;0.2225;3.1723;17.4453;23.3028;Palm;NULL;NULL;NULL;NULL;1;0;0;-1;0;0;0.0000;0.0000;2.0000;;;;;;;;;;;;;0;NULL;-0.0199;-0.1113;0.4459;340.5992;338.2944;356.6383;Palm;NULL;122ed9df-0a02-49d5-9741-6f70481e5b76;NULL;NULL;NULL;0;NULL;0.0000;0.0000;2.0000;Exposure;0.0000;2026-03-26 12:04:24.8947;Hands;NULL;NULL;OpenXR
NULL;Right;NULL;47;Exposure;NULL;NoMitigation;1;0;0;-1;0;0;0.0000;0.0000;2.0000;NULL;None;anonymous;NULL;Pointer Shoot;PointerEvent;36011;877a4ae9-5043-4b6b-b35e-95337330fe10;NULL;0.0242;0.0031;-0.0154;355.9122;357.6941;2.3209;NULL;0.0309;0.0020;2.0000;0.0309;0.0020;2.0000;NULL;NULL;;;;;;;;;;;;;0;NULL;-0.1110;-0.6117;0.2217;3.4940;16.3296;25.8785;Palm;NULL;NULL;NULL;NULL;1;0;0;-1;0;0;0.0000;0.0000;2.0000;;;;;;;;;;;;;0;NULL;0.0771;-0.0973;0.4605;340.8020;349.9544;352.2889;Palm;NULL;122ed9df-0a02-49d5-9741-6f70481e5b76;NULL;NULL;36;0;NULL;0.0000;0.0000;2.0000;Exposure;2.8922;2026-03-26 12:04:27.7774;Hands;NULL;NULL;OpenXR
NULL;Right;NULL;47;Exposure;NULL;NoMitigation;1;0;0;-1;0;0;0.0000;0.0000;2.0000;NULL;None;anonymous;NULL;Mole Hit;MoleEvent;36011;877a4ae9-5043-4b6b-b35e-95337330fe10;NULL;0.0242;0.0031;-0.0154;355.9122;357.6941;2.3209;0.0310;0.0309;0.0020;2.0000;0.0309;0.0020;2.0000;NULL;1;;;;;;;;;;;;;0;NULL;-0.1110;-0.6117;0.2217;3.4940;16.3296;25.8785;Palm;NULL;NULL;NULL;NULL;1;0;0;-1;0;0;0.0000;0.0000;2.0000;;;;;;;;;;;;;0;NULL;0.0771;-0.0973;0.4605;340.8020;349.9544;352.2889;Palm;NULL;122ed9df-0a02-49d5-9741-6f70481e5b76;NULL;NULL;36;0;NULL;0.0000;0.0000;2.0000;Exposure;0.0000;2026-03-26 12:04:27.7821;Hands;NULL;NULL;OpenXR
NULL;Right;NULL;NULL;Exposure;NULL;NoMitigation;2;1;0;0;0;0;0.5000;0.0000;2.0000;NULL;None;anonymous;NULL;Mole Spawned;MoleEvent;36011;877a4ae9-5043-4b6b-b35e-95337330fe10;NULL;0.0242;0.0031;-0.0154;355.9122;357.6941;2.3209;NULL;NULL;NULL;NULL;NULL;NULL;NULL;NULL;NULL;;;;;;;;;;;;;0;NULL;-0.1110;-0.6117;0.2217;3.4940;16.3296;25.8785;Palm;NULL;NULL;NULL;NULL;2;1;0;0;0;0;0.5000;0.0000;2.0000;;;;;;;;;;;;;0;NULL;0.0771;-0.0973;0.4605;340.8020;349.9544;352.2889;Palm;NULL;122ed9df-0a02-49d5-9741-6f70481e5b76;NULL;NULL;NULL;1;NULL;0.5000;0.0000;2.0000;Exposure;0.0000;2026-03-26 12:04:27.7847;Hands;NULL;NULL;OpenXR
NULL;Right;NULL;48;Exposure;NULL;NoMitigation;2;1;0;0;0;0;0.5000;0.0000;2.0000;NULL;None;anonymous;NULL;Pointer Shoot;PointerEvent;36333;877a4ae9-5043-4b6b-b35e-95337330fe10;NULL;0.0311;0.0022;-0.0156;356.1513;5.6232;2.6126;NULL;0.5101;0.0716;2.0000;0.5101;0.0716;2.0000;NULL;NULL;;;;;;;;;;;;;0;NULL;-0.1105;-0.6146;0.2246;4.6202;16.5696;22.6243;Palm;NULL;NULL;NULL;NULL;2;1;0;0;0;0;0.5000;0.0000;2.0000;;;;;;;;;;;;;0;NULL;0.1952;-0.1050;0.4659;343.7473;8.5114;350.5229;Palm;NULL;122ed9df-0a02-49d5-9741-6f70481e5b76;NULL;NULL;37;1;NULL;0.5000;0.0000;2.0000;Exposure;3.0069;2026-03-26 12:04:30.7842;Hands;NULL;NULL;OpenXR
NULL;Right;NULL;48;Exposure;NULL;NoMitigation;2;1;0;0;0;0;0.5000;0.0000;2.0000;NULL;None;anonymous;NULL;Mole Hit;MoleEvent;36333;877a4ae9-5043-4b6b-b35e-95337330fe10;NULL;0.0311;0.0022;-0.0156;356.1513;5.6232;2.6126;0.0723;0.5101;0.0716;2.0000;0.5101;0.0716;2.0000;NULL;1;;;;;;;;;;;;;0;NULL;-0.1105;-0.6146;0.2246;4.6202;16.5696;22.6243;Palm;NULL;NULL;NULL;NULL;2;1;0;0;0;0;0.5000;0.0000;2.0000;;;;;;;;;;;;;0;NULL;0.1952;-0.1050;0.4659;343.7473;8.5114;350.5229;Palm;NULL;122ed9df-0a02-49d5-9741-6f70481e5b76;NULL;NULL;37;1;NULL;0.5000;0.0000;2.0000;Exposure;0.0000;2026-03-26 12:04:30.7883;Hands;NULL;NULL;OpenXR
NULL;Right;NULL;NULL;Exposure;NULL;NoMitigation;1;0;0;-1;0;0;0.0000;0.0000;2.0000;NULL;None;anonymous;NULL;Mole Spawned;MoleEvent;36333;877a4ae9-5043-4b6b-b35e-95337330fe10;NULL;0.0311;0.0022;-0.0156;356.1513;5.6232;2.6126;NULL;NULL;NULL;NULL;NULL;NULL;NULL;NULL;NULL;;;;;;;;;;;;;0;NULL;-0.1105;-0.6146;0.2246;4.6202;16.5696;22.6243;Palm;NULL;NULL;NULL;NULL;1;0;0;-1;0;0;0.0000;0.0000;2.0000;;;;;;;;;;;;;0;NULL;0.1952;-0.1050;0.4659;343.7473;8.5114;350.5229;Palm;NULL;122ed9df-0a02-49d5-9741-6f70481e5b76;NULL;NULL;NULL;0;NULL;0.0000;0.0000;2.0000;Exposure;0.0000;2026-03-26 12:04:30.7936;Hands;NULL;NULL;OpenXR
NULL;Right;NULL;49;Exposure;NULL;NoMitigation;1;0;0;-1;0;0;0.0000;0.0000;2.0000;NULL;None;anonymous;NULL;Pointer Shoot;PointerEvent;36635;877a4ae9-5043-4b6b-b35e-95337330fe10;NULL;0.0248;-0.0006;-0.0115;358.4344;356.6154;1.6419;NULL;0.0014;0.0167;2.0000;0.0014;0.0167;2.0000;NULL;NULL;;;;;;;;;;;;;0;NULL;-0.1111;-0.6137;0.2231;4.3330;16.0905;24.7986;Palm;NULL;NULL;NULL;NULL;1;0;0;-1;0;0;0.0000;0.0000;2.0000;;;;;;;;;;;;;0;NULL;0.0577;-0.0958;0.4583;343.1621;352.7101;349.3274;Palm;NULL;122ed9df-0a02-49d5-9741-6f70481e5b76;NULL;NULL;38;0;NULL;0.0000;0.0000;2.0000;Exposure;2.9070;2026-03-26 12:04:33.6907;Hands;NULL;NULL;OpenXR
NULL;Right;NULL;49;Exposure;NULL;NoMitigation;1;0;0;-1;0;0;0.0000;0.0000;2.0000;NULL;None;anonymous;NULL;Mole Hit;MoleEvent;36635;877a4ae9-5043-4b6b-b35e-95337330fe10;NULL;0.0248;-0.0006;-0.0115;358.4344;356.6154;1.6419;0.0167;0.0014;0.0167;2.0000;0.0014;0.0167;2.0000;NULL;1;;;;;;;;;;;;;0;NULL;-0.1111;-0.6137;0.2231;4.3330;16.0905;24.7986;Palm;NULL;NULL;NULL;NULL;1;0;0;-1;0;0;0.0000;0.0000;2.0000;;;;;;;;;;;;;0;NULL;0.0577;-0.0958;0.4583;343.1621;352.7101;349.3274;Palm;NULL;122ed9df-0a02-49d5-9741-6f70481e5b76;NULL;NULL;38;0;NULL;0.0000;0.0000;2.0000;Exposure;0.0000;2026-03-26 12:04:33.6939;Hands;NULL;NULL;OpenXR
NULL;Right;NULL;NULL;Exposure;NULL;NoMitigation;2;1;0;0;0;0;0.5000;0.0000;2.0000;NULL;None;anonymous;NULL;Mole Spawned;MoleEvent;36635;877a4ae9-5043-4b6b-b35e-95337330fe10;NULL;0.0248;-0.0006;-0.0115;358.4344;356.6154;1.6419;NULL;NULL;NULL;NULL;NULL;NULL;NULL;NULL;NULL;;;;;;;;;;;;;0;NULL;-0.1111;-0.6137;0.2231;4.3330;16.0905;24.7986;Palm;NULL;NULL;NULL;NULL;2;1;0;0;0;0;0.5000;0.0000;2.0000;;;;;;;;;;;;;0;NULL;0.0577;-0.0958;0.4583;343.1621;352.7101;349.3274;Palm;NULL;122ed9df-0a02-49d5-9741-6f70481e5b76;NULL;NULL;NULL;1;NULL;0.5000;0.0000;2.0000;Exposure;0.0000;2026-03-26 12:04:33.6969;Hands;NULL;NULL;OpenXR
NULL;Right;NULL;50;Exposure;NULL;NoMitigation;2;1;0;0;0;0;0.5000;0.0000;2.0000;NULL;None;anonymous;NULL;Pointer Shoot;PointerEvent;37048;877a4ae9-5043-4b6b-b35e-95337330fe10;NULL;0.0313;-0.0005;-0.0113;358.1609;5.2887;2.6500;NULL;0.5277;0.0287;2.0000;0.5277;0.0287;2.0000;NULL;NULL;;;;;;;;;;;;;0;NULL;-0.1108;-0.6144;0.2250;4.1540;16.9781;22.3120;Palm;NULL;NULL;NULL;NULL;2;1;0;0;0;0;0.5000;0.0000;2.0000;;;;;;;;;;;;;0;NULL;0.1983;-0.1004;0.4675;345.0217;7.8521;350.3471;Palm;NULL;122ed9df-0a02-49d5-9741-6f70481e5b76;NULL;NULL;39;1;NULL;0.5000;0.0000;2.0000;Exposure;3.8994;2026-03-26 12:04:37.5893;Hands;NULL;NULL;OpenXR
NULL;Right;NULL;50;Exposure;NULL;NoMitigation;2;1;0;0;0;0;0.5000;0.0000;2.0000;NULL;None;anonymous;NULL;Mole Hit;MoleEvent;37048;877a4ae9-5043-4b6b-b35e-95337330fe10;NULL;0.0313;-0.0005;-0.0113;358.1609;5.2887;2.6500;0.0399;0.5277;0.0287;2.0000;0.5277;0.0287;2.0000;NULL;1;;;;;;;;;;;;;0;NULL;-0.1108;-0.6144;0.2250;4.1540;16.9781;22.3120;Palm;NULL;NULL;NULL;NULL;2;1;0;0;0;0;0.5000;0.0000;2.0000;;;;;;;;;;;;;0;NULL;0.1983;-0.1004;0.4675;345.0217;7.8521;350.3471;Palm;NULL;122ed9df-0a02-49d5-9741-6f70481e5b76;NULL;NULL;39;1;NULL;0.5000;0.0000;2.0000;Exposure;0.0000;2026-03-26 12:04:37.5935;Hands;NULL;NULL;OpenXR
NULL;Right;NULL;NULL;Exposure;NULL;NoMitigation;3;2;0;1;0;0;-0.5000;0.0000;2.0000;NULL;None;anonymous;NULL;Mole Spawned;MoleEvent;37048;877a4ae9-5043-4b6b-b35e-95337330fe10;NULL;0.0313;-0.0005;-0.0113;358.1609;5.2887;2.6500;NULL;NULL;NULL;NULL;NULL;NULL;NULL;NULL;NULL;;;;;;;;;;;;;0;NULL;-0.1108;-0.6144;0.2250;4.1540;16.9781;22.3120;Palm;NULL;NULL;NULL;NULL;3;2;0;1;0;0;-0.5000;0.0000;2.0000;;;;;;;;;;;;;0;NULL;0.1983;-0.1004;0.4675;345.0217;7.8521;350.3471;Palm;NULL;122ed9df-0a02-49d5-9741-6f70481e5b76;NULL;NULL;NULL;2;NULL;-0.5000;0.0000;2.0000;Exposure;0.0000;2026-03-26 12:04:37.5981;Hands;NULL;NULL;OpenXR
NULL;Right;NULL;51;Exposure;NULL;NoMitigation;3;2;0;1;0;0;-0.5000;0.0000;2.0000;NULL;None;anonymous;NULL;Pointer Shoot;PointerEvent;37376;877a4ae9-5043-4b6b-b35e-95337330fe10;NULL;0.0128;-0.0017;-0.0066;359.3030;347.2067;0.7621;NULL;-0.5103;-0.0119;2.0000;-0.5103;-0.0119;2.0000;NULL;NULL;;;;;;;;;;;;;0;NULL;-0.1111;-0.6114;0.2239;2.3646;16.8724;23.6917;Palm;NULL;NULL;NULL;NULL;3;2;0;1;0;0;-0.5000;0.0000;2.0000;;;;;;;;;;;;;0;NULL;-0.0365;-0.1030;0.4469;342.1654;340.4485;351.8194;Palm;NULL;122ed9df-0a02-49d5-9741-6f70481e5b76;NULL;NULL;40;2;NULL;-0.5000;0.0000;2.0000;Exposure;3.0683;2026-03-26 12:04:40.6599;Hands;NULL;NULL;OpenXR
NULL;Right;NULL;51;Exposure;NULL;NoMitigation;3;2;0;1;0;0;-0.5000;0.0000;2.0000;NULL;None;anonymous;NULL;Mole Hit;MoleEvent;37376;877a4ae9-5043-4b6b-b35e-95337330fe10;NULL;0.0128;-0.0017;-0.0066;359.3030;347.2067;0.7621;0.0157;-0.5103;-0.0119;2.0000;-0.5103;-0.0119;2.0000;NULL;1;;;;;;;;;;;;;0;NULL;-0.1111;-0.6114;0.2239;2.3646;16.8724;23.6917;Palm;NULL;NULL;NULL;NULL;3;2;0;1;0;0;-0.5000;0.0000;2.0000;;;;;;;;;;;;;0;NULL;-0.0365;-0.1030;0.4469;342.1654;340.4485;351.8194;Palm;NULL;122ed9df-0a02-49d5-9741-6f70481e5b76;NULL;NULL;40;2;NULL;-0.5000;0.0000;2.0000;Exposure;0.0000;2026-03-26 12:04:40.6647;Hands;NULL;NULL;OpenXR
NULL;Right;NULL;NULL;Exposure;NULL;NoMitigation;2;1;0;0;0;0;0.5000;0.0000;2.0000;NULL;None;anonymous;NULL;Mole Spawned;MoleEvent;37376;877a4ae9-5043-4b6b-b35e-95337330fe10;NULL;0.0128;-0.0017;-0.0066;359.3030;347.2067;0.7621;NULL;NULL;NULL;NULL;NULL;NULL;NULL;NULL;NULL;;;;;;;;;;;;;0;NULL;-0.1111;-0.6114;0.2239;2.3646;16.8724;23.6917;Palm;NULL;NULL;NULL;NULL;2;1;0;0;0;0;0.5000;0.0000;2.0000;;;;;;;;;;;;;0;NULL;-0.0365;-0.1030;0.4469;342.1654;340.4485;351.8194;Palm;NULL;122ed9df-0a02-49d5-9741-6f70481e5b76;NULL;NULL;NULL;1;NULL;0.5000;0.0000;2.0000;Exposure;0.0000;2026-03-26 12:04:40.6690;Hands;NULL;NULL;OpenXR
NULL;Right;NULL;52;Exposure;NULL;NoMitigation;2;1;0;0;0;0;0.5000;0.0000;2.0000;NULL;None;anonymous;NULL;Pointer Shoot;PointerEvent;38409;877a4ae9-5043-4b6b-b35e-95337330fe10;NULL;0.0337;-0.0039;-0.0123;359.6624;6.7810;1.8858;NULL;0.5285;-0.0256;2.0000;0.5285;-0.0256;2.0000;NULL;NULL;;;;;;;;;;;;;0;NULL;-0.1102;-0.6126;0.2248;2.7905;17.3258;22.3540;Palm;NULL;NULL;NULL;NULL;2;1;0;0;0;0;0.5000;0.0000;2.0000;;;;;;;;;;;;;0;NULL;0.2150;-0.1446;0.4758;353.8282;13.7453;342.7678;Palm;NULL;122ed9df-0a02-49d5-9741-6f70481e5b76;NULL;NULL;41;1;NULL;0.5000;0.0000;2.0000;Exposure;9.7534;2026-03-26 12:04:50.4122;Hands;NULL;NULL;OpenXR
NULL;Right;NULL;52;Exposure;NULL;NoMitigation;2;1;0;0;0;0;0.5000;0.0000;2.0000;NULL;None;anonymous;NULL;Mole Hit;MoleEvent;38409;877a4ae9-5043-4b6b-b35e-95337330fe10;NULL;0.0337;-0.0039;-0.0123;359.6624;6.7810;1.8858;0.0383;0.5285;-0.0256;2.0000;0.5285;-0.0256;2.0000;NULL;1;;;;;;;;;;;;;0;NULL;-0.1102;-0.6126;0.2248;2.7905;17.3258;22.3540;Palm;NULL;NULL;NULL;NULL;2;1;0;0;0;0;0.5000;0.0000;2.0000;;;;;;;;;;;;;0;NULL;0.2150;-0.1446;0.4758;353.8282;13.7453;342.7678;Palm;NULL;122ed9df-0a02-49d5-9741-6f70481e5b76;NULL;NULL;41;1;NULL;0.5000;0.0000;2.0000;Exposure;0.0000;2026-03-26 12:04:50.4165;Hands;NULL;NULL;OpenXR
NULL;Right;NULL;NULL;Exposure;NULL;NoMitigation;1;0;0;-1;0;0;0.0000;0.0000;2.0000;NULL;None;anonymous;NULL;Mole Spawned;MoleEvent;38409;877a4ae9-5043-4b6b-b35e-95337330fe10;NULL;0.0337;-0.0039;-0.0123;359.6624;6.7810;1.8858;NULL;NULL;NULL;NULL;NULL;NULL;NULL;NULL;NULL;;;;;;;;;;;;;0;NULL;-0.1102;-0.6126;0.2248;2.7905;17.3258;22.3540;Palm;NULL;NULL;NULL;NULL;1;0;0;-1;0;0;0.0000;0.0000;2.0000;;;;;;;;;;;;;0;NULL;0.2150;-0.1446;0.4758;353.8282;13.7453;342.7678;Palm;NULL;122ed9df-0a02-49d5-9741-6f70481e5b76;NULL;NULL;NULL;0;NULL;0.0000;0.0000;2.0000;Exposure;0.0000;2026-03-26 12:04:50.4217;Hands;NULL;NULL;OpenXR
NULL;Right;NULL;53;Exposure;NULL;NoMitigation;1;0;0;-1;0;0;0.0000;0.0000;2.0000;NULL;None;anonymous;NULL;Pointer Shoot;PointerEvent;38692;877a4ae9-5043-4b6b-b35e-95337330fe10;NULL;0.0239;-0.0025;-0.0129;358.8860;357.2762;1.6862;NULL;0.0597;-0.0078;2.0000;0.0597;-0.0078;2.0000;NULL;NULL;;;;;;;;;;;;;0;NULL;-0.1115;-0.6129;0.2239;2.1560;16.0847;24.6911;Palm;NULL;NULL;NULL;NULL;1;0;0;-1;0;0;0.0000;0.0000;2.0000;;;;;;;;;;;;;0;NULL;0.0691;-0.1483;0.4648;346.3792;350.9305;353.2759;Palm;NULL;122ed9df-0a02-49d5-9741-6f70481e5b76;NULL;NULL;42;0;NULL;0.0000;0.0000;2.0000;Exposure;3.1073;2026-03-26 12:04:53.5205;Hands;NULL;NULL;OpenXR
NULL;Right;NULL;53;Exposure;NULL;NoMitigation;1;0;0;-1;0;0;0.0000;0.0000;2.0000;NULL;None;anonymous;NULL;Mole Hit;MoleEvent;38692;877a4ae9-5043-4b6b-b35e-95337330fe10;NULL;0.0239;-0.0025;-0.0129;358.8860;357.2762;1.6862;0.0602;0.0597;-0.0078;2.0000;0.0597;-0.0078;2.0000;NULL;1;;;;;;;;;;;;;0;NULL;-0.1115;-0.6129;0.2239;2.1560;16.0847;24.6911;Palm;NULL;NULL;NULL;NULL;1;0;0;-1;0;0;0.0000;0.0000;2.0000;;;;;;;;;;;;;0;NULL;0.0691;-0.1483;0.4648;346.3792;350.9305;353.2759;Palm;NULL;122ed9df-0a02-49d5-9741-6f70481e5b76;NULL;NULL;42;0;NULL;0.0000;0.0000;2.0000;Exposure;0.0000;2026-03-26 12:04:53.5231;Hands;NULL;NULL;OpenXR
NULL;Right;NULL;NULL;Exposure;NULL;NoMitigation;3;2;0;1;0;0;-0.5000;0.0000;2.0000;NULL;None;anonymous;NULL;Mole Spawned;MoleEvent;38692;877a4ae9-5043-4b6b-b35e-95337330fe10;NULL;0.0239;-0.0025;-0.0129;358.8860;357.2762;1.6862;NULL;NULL;NULL;NULL;NULL;NULL;NULL;NULL;NULL;;;;;;;;;;;;;0;NULL;-0.1115;-0.6129;0.2239;2.1560;16.0847;24.6911;Palm;NULL;NULL;NULL;NULL;3;2;0;1;0;0;-0.5000;0.0000;2.0000;;;;;;;;;;;;;0;NULL;0.0691;-0.1483;0.4648;346.3792;350.9305;353.2759;Palm;NULL;122ed9df-0a02-49d5-9741-6f70481e5b76;NULL;NULL;NULL;2;NULL;-0.5000;0.0000;2.0000;Exposure;0.0000;2026-03-26 12:04:53.5276;Hands;NULL;NULL;OpenXR
NULL;Right;NULL;54;Exposure;NULL;NoMitigation;3;2;0;1;0;0;-0.5000;0.0000;2.0000;NULL;None;anonymous;NULL;Pointer Shoot;PointerEvent;39418;877a4ae9-5043-4b6b-b35e-95337330fe10;NULL;0.0233;0.0003;-0.0137;357.0560;348.6676;0.2799;NULL;-0.4669;-0.0813;2.0000;-0.4669;-0.0813;2.0000;NULL;NULL;;;;;;;;;;;;;0;NULL;-0.1111;-0.6131;0.2240;1.9525;16.4660;23.4191;Palm;NULL;NULL;NULL;NULL;3;2;0;1;0;0;-0.5000;0.0000;2.0000;;;;;;;;;;;;;0;NULL;-0.0322;-0.1262;0.4499;341.3590;342.1489;348.2980;Palm;NULL;122ed9df-0a02-49d5-9741-6f70481e5b76;NULL;NULL;43;2;NULL;-0.5000;0.0000;2.0000;Exposure;9.3047;2026-03-26 12:05:03.1931;Hands;NULL;NULL;OpenXR
NULL;Right;NULL;54;Exposure;NULL;NoMitigation;3;2;0;1;0;0;-0.5000;0.0000;2.0000;NULL;None;anonymous;NULL;Mole Hit;MoleEvent;39418;877a4ae9-5043-4b6b-b35e-95337330fe10;NULL;0.0233;0.0003;-0.0137;357.0560;348.6676;0.2799;0.0878;-0.4669;-0.0813;2.0000;-0.4669;-0.0813;2.0000;NULL;1;;;;;;;;;;;;;0;NULL;-0.1111;-0.6131;0.2240;1.9525;16.4660;23.4191;Palm;NULL;NULL;NULL;NULL;3;2;0;1;0;0;-0.5000;0.0000;2.0000;;;;;;;;;;;;;0;NULL;-0.0322;-0.1262;0.4499;341.3590;342.1489;348.2980;Palm;NULL;122ed9df-0a02-49d5-9741-6f70481e5b76;NULL;NULL;43;2;NULL;-0.5000;0.0000;2.0000;Exposure;0.0000;2026-03-26 12:05:03.1968;Hands;NULL;NULL;OpenXR
NULL;Right;NULL;NULL;Exposure;NULL;NoMitigation;2;1;0;0;0;0;0.5000;0.0000;2.0000;NULL;None;anonymous;NULL;Mole Spawned;MoleEvent;39418;877a4ae9-5043-4b6b-b35e-95337330fe10;NULL;0.0233;0.0003;-0.0137;357.0560;348.6676;0.2799;NULL;NULL;NULL;NULL;NULL;NULL;NULL;NULL;NULL;;;;;;;;;;;;;0;NULL;-0.1111;-0.6131;0.2240;1.9525;16.4660;23.4191;Palm;NULL;NULL;NULL;NULL;2;1;0;0;0;0;0.5000;0.0000;2.0000;;;;;;;;;;;;;0;NULL;-0.0322;-0.1262;0.4499;341.3590;342.1489;348.2980;Palm;NULL;122ed9df-0a02-49d5-9741-6f70481e5b76;NULL;NULL;NULL;1;NULL;0.5000;0.0000;2.0000;Exposure;0.0000;2026-03-26 12:05:03.2021;Hands;NULL;NULL;OpenXR
NULL;Right;NULL;55;Exposure;NULL;NoMitigation;2;1;0;0;0;0;0.5000;0.0000;2.0000;NULL;None;anonymous;NULL;Pointer Shoot;PointerEvent;39708;877a4ae9-5043-4b6b-b35e-95337330fe10;NULL;0.0299;-0.0024;-0.0150;358.4426;6.2672;3.0207;NULL;0.5033;-0.0184;2.0000;0.5033;-0.0184;2.0000;NULL;NULL;;;;;;;;;;;;;0;NULL;-0.1108;-0.6148;0.2257;1.3625;16.6151;23.3680;Palm;NULL;NULL;NULL;NULL;2;1;0;0;0;0;0.5000;0.0000;2.0000;;;;;;;;;;;;;0;NULL;0.1962;-0.1547;0.4761;347.1078;7.5701;352.6814;Palm;NULL;122ed9df-0a02-49d5-9741-6f70481e5b76;NULL;NULL;44;1;NULL;0.5000;0.0000;2.0000;Exposure;2.9911;2026-03-26 12:05:06.1832;Hands;NULL;NULL;OpenXR
NULL;Right;NULL;55;Exposure;NULL;NoMitigation;2;1;0;0;0;0;0.5000;0.0000;2.0000;NULL;None;anonymous;NULL;Mole Hit;MoleEvent;39708;877a4ae9-5043-4b6b-b35e-95337330fe10;NULL;0.0299;-0.0024;-0.0150;358.4426;6.2672;3.0207;0.0187;0.5033;-0.0184;2.0000;0.5033;-0.0184;2.0000;NULL;1;;;;;;;;;;;;;0;NULL;-0.1108;-0.6148;0.2257;1.3625;16.6151;23.3680;Palm;NULL;NULL;NULL;NULL;2;1;0;0;0;0;0.5000;0.0000;2.0000;;;;;;;;;;;;;0;NULL;0.1962;-0.1547;0.4761;347.1078;7.5701;352.6814;Palm;NULL;122ed9df-0a02-49d5-9741-6f70481e5b76;NULL;NULL;44;1;NULL;0.5000;0.0000;2.0000;Exposure;0.0000;2026-03-26 12:05:06.1871;Hands;NULL;NULL;OpenXR
NULL;Right;NULL;NULL;Exposure;NULL;NoMitigation;1;0;0;-1;0;0;0.0000;0.0000;2.0000;NULL;None;anonymous;NULL;Mole Spawned;MoleEvent;39708;877a4ae9-5043-4b6b-b35e-95337330fe10;NULL;0.0299;-0.0024;-0.0150;358.4426;6.2672;3.0207;NULL;NULL;NULL;NULL;NULL;NULL;NULL;NULL;NULL;;;;;;;;;;;;;0;NULL;-0.1108;-0.6148;0.2257;1.3625;16.6151;23.3680;Palm;NULL;NULL;NULL;NULL;1;0;0;-1;0;0;0.0000;0.0000;2.0000;;;;;;;;;;;;;0;NULL;0.1962;-0.1547;0.4761;347.1078;7.5701;352.6814;Palm;NULL;122ed9df-0a02-49d5-9741-6f70481e5b76;NULL;NULL;NULL;0;NULL;0.0000;0.0000;2.0000;Exposure;0.0000;2026-03-26 12:05:06.1903;Hands;NULL;NULL;OpenXR
NULL;Right;NULL;56;Exposure;NULL;NoMitigation;1;0;0;-1;0;0;0.0000;0.0000;2.0000;NULL;None;anonymous;NULL;Pointer Shoot;PointerEvent;39997;877a4ae9-5043-4b6b-b35e-95337330fe10;NULL;0.0210;-0.0013;-0.0157;358.0452;358.1866;2.6791;NULL;0.0237;0.0027;2.0000;0.0237;0.0027;2.0000;NULL;NULL;;;;;;;;;;;;;0;NULL;-0.1119;-0.6143;0.2241;0.8806;16.3822;24.4602;Palm;NULL;NULL;NULL;NULL;1;0;0;-1;0;0;0.0000;0.0000;2.0000;;;;;;;;;;;;;0;NULL;0.0952;-0.1604;0.4693;346.0931;350.7614;352.6141;Palm;NULL;122ed9df-0a02-49d5-9741-6f70481e5b76;NULL;NULL;45;0;NULL;0.0000;0.0000;2.0000;Exposure;2.9081;2026-03-26 12:05:09.0917;Hands;NULL;NULL;OpenXR
NULL;Right;NULL;56;Exposure;NULL;NoMitigation;1;0;0;-1;0;0;0.0000;0.0000;2.0000;NULL;None;anonymous;NULL;Mole Hit;MoleEvent;39997;877a4ae9-5043-4b6b-b35e-95337330fe10;NULL;0.0210;-0.0013;-0.0157;358.0452;358.1866;2.6791;0.0239;0.0237;0.0027;2.0000;0.0237;0.0027;2.0000;NULL;1;;;;;;;;;;;;;0;NULL;-0.1119;-0.6143;0.2241;0.8806;16.3822;24.4602;Palm;NULL;NULL;NULL;NULL;1;0;0;-1;0;0;0.0000;0.0000;2.0000;;;;;;;;;;;;;0;NULL;0.0952;-0.1604;0.4693;346.0931;350.7614;352.6141;Palm;NULL;122ed9df-0a02-49d5-9741-6f70481e5b76;NULL;NULL;45;0;NULL;0.0000;0.0000;2.0000;Exposure;0.0000;2026-03-26 12:05:09.0949;Hands;NULL;NULL;OpenXR
NULL;Right;NULL;NULL;Exposure;NULL;NoMitigation;2;1;0;0;0;0;0.5000;0.0000;2.0000;NULL;None;anonymous;NULL;Mole Spawned;MoleEvent;39997;877a4ae9-5043-4b6b-b35e-95337330fe10;NULL;0.0210;-0.0013;-0.0157;358.0452;358.1866;2.6791;NULL;NULL;NULL;NULL;NULL;NULL;NULL;NULL;NULL;;;;;;;;;;;;;0;NULL;-0.1119;-0.6143;0.2241;0.8806;16.3822;24.4602;Palm;NULL;NULL;NULL;NULL;2;1;0;0;0;0;0.5000;0.0000;2.0000;;;;;;;;;;;;;0;NULL;0.0952;-0.1604;0.4693;346.0931;350.7614;352.6141;Palm;NULL;122ed9df-0a02-49d5-9741-6f70481e5b76;NULL;NULL;NULL;1;NULL;0.5000;0.0000;2.0000;Exposure;0.0000;2026-03-26 12:05:09.1007;Hands;NULL;NULL;OpenXR
NULL;Right;NULL;57;Exposure;NULL;NoMitigation;2;1;0;0;0;0;0.5000;0.0000;2.0000;NULL;None;anonymous;NULL;Pointer Shoot;PointerEvent;40272;877a4ae9-5043-4b6b-b35e-95337330fe10;NULL;0.0273;-0.0024;-0.0155;358.4462;2.8699;2.5171;NULL;0.4978;-0.0324;2.0000;0.4978;-0.0324;2.0000;NULL;NULL;;;;;;;;;;;;;0;NULL;-0.1112;-0.6133;0.2246;2.0653;16.4227;23.6450;Palm;NULL;NULL;NULL;NULL;2;1;0;0;0;0;0.5000;0.0000;2.0000;;;;;;;;;;;;;0;NULL;0.1765;-0.1642;0.4758;345.2826;5.3096;351.9640;Palm;NULL;122ed9df-0a02-49d5-9741-6f70481e5b76;NULL;NULL;46;1;NULL;0.5000;0.0000;2.0000;Exposure;2.7647;2026-03-26 12:05:11.8565;Hands;NULL;NULL;OpenXR
NULL;Right;NULL;57;Exposure;NULL;NoMitigation;2;1;0;0;0;0;0.5000;0.0000;2.0000;NULL;None;anonymous;NULL;Mole Hit;MoleEvent;40272;877a4ae9-5043-4b6b-b35e-95337330fe10;NULL;0.0273;-0.0024;-0.0155;358.4462;2.8699;2.5171;0.0325;0.4978;-0.0324;2.0000;0.4978;-0.0324;2.0000;NULL;1;;;;;;;;;;;;;0;NULL;-0.1112;-0.6133;0.2246;2.0653;16.4227;23.6450;Palm;NULL;NULL;NULL;NULL;2;1;0;0;0;0;0.5000;0.0000;2.0000;;;;;;;;;;;;;0;NULL;0.1765;-0.1642;0.4758;345.2826;5.3096;351.9640;Palm;NULL;122ed9df-0a02-49d5-9741-6f70481e5b76;NULL;NULL;46;1;NULL;0.5000;0.0000;2.0000;Exposure;0.0000;2026-03-26 12:05:11.8596;Hands;NULL;NULL;OpenXR
NULL;Right;NULL;NULL;Exposure;NULL;NoMitigation;3;2;0;1;0;0;-0.5000;0.0000;2.0000;NULL;None;anonymous;NULL;Mole Spawned;MoleEvent;40272;877a4ae9-5043-4b6b-b35e-95337330fe10;NULL;0.0273;-0.0024;-0.0155;358.4462;2.8699;2.5171;NULL;NULL;NULL;NULL;NULL;NULL;NULL;NULL;NULL;;;;;;;;;;;;;0;NULL;-0.1112;-0.6133;0.2246;2.0653;16.4227;23.6450;Palm;NULL;NULL;NULL;NULL;3;2;0;1;0;0;-0.5000;0.0000;2.0000;;;;;;;;;;;;;0;NULL;0.1765;-0.1642;0.4758;345.2826;5.3096;351.9640;Palm;NULL;122ed9df-0a02-49d5-9741-6f70481e5b76;NULL;NULL;NULL;2;NULL;-0.5000;0.0000;2.0000;Exposure;0.0000;2026-03-26 12:05:11.8638;Hands;NULL;NULL;OpenXR
NULL;Right;NULL;58;Exposure;NULL;NoMitigation;3;2;0;1;0;0;-0.5000;0.0000;2.0000;NULL;None;anonymous;NULL;Pointer Shoot;PointerEvent;40554;877a4ae9-5043-4b6b-b35e-95337330fe10;NULL;0.0135;-0.0012;-0.0180;357.6154;348.0459;0.8890;NULL;-0.4700;0.0085;2.0000;-0.4700;0.0085;2.0000;NULL;NULL;;;;;;;;;;;;;0;NULL;-0.1114;-0.6114;0.2221;2.4116;16.1134;24.3556;Palm;NULL;NULL;NULL;NULL;3;2;0;1;0;0;-0.5000;0.0000;2.0000;;;;;;;;;;;;;0;NULL;-0.0254;-0.1253;0.4411;341.0123;339.0649;354.0872;Palm;NULL;122ed9df-0a02-49d5-9741-6f70481e5b76;NULL;NULL;47;2;NULL;-0.5000;0.0000;2.0000;Exposure;2.8331;2026-03-26 12:05:14.6898;Hands;NULL;NULL;OpenXR
NULL;Right;NULL;58;Exposure;NULL;NoMitigation;3;2;0;1;0;0;-0.5000;0.0000;2.0000;NULL;None;anonymous;NULL;Mole Hit;MoleEvent;40554;877a4ae9-5043-4b6b-b35e-95337330fe10;NULL;0.0135;-0.0012;-0.0180;357.6154;348.0459;0.8890;0.0312;-0.4700;0.0085;2.0000;-0.4700;0.0085;2.0000;NULL;1;;;;;;;;;;;;;0;NULL;-0.1114;-0.6114;0.2221;2.4116;16.1134;24.3556;Palm;NULL;NULL;NULL;NULL;3;2;0;1;0;0;-0.5000;0.0000;2.0000;;;;;;;;;;;;;0;NULL;-0.0254;-0.1253;0.4411;341.0123;339.0649;354.0872;Palm;NULL;122ed9df-0a02-49d5-9741-6f70481e5b76;NULL;NULL;47;2;NULL;-0.5000;0.0000;2.0000;Exposure;0.0000;2026-03-26 12:05:14.6925;Hands;NULL;NULL;OpenXR
NULL;Right;NULL;NULL;Exposure;NULL;NoMitigation;2;1;0;0;0;0;0.5000;0.0000;2.0000;NULL;None;anonymous;NULL;Mole Spawned;MoleEvent;40554;877a4ae9-5043-4b6b-b35e-95337330fe10;NULL;0.0135;-0.0012;-0.0180;357.6154;348.0459;0.8890;NULL;NULL;NULL;NULL;NULL;NULL;NULL;NULL;NULL;;;;;;;;;;;;;0;NULL;-0.1114;-0.6114;0.2221;2.4116;16.1134;24.3556;Palm;NULL;NULL;NULL;NULL;2;1;0;0;0;0;0.5000;0.0000;2.0000;;;;;;;;;;;;;0;NULL;-0.0254;-0.1253;0.4411;341.0123;339.0649;354.0872;Palm;NULL;122ed9df-0a02-49d5-9741-6f70481e5b76;NULL;NULL;NULL;1;NULL;0.5000;0.0000;2.0000;Exposure;0.0000;2026-03-26 12:05:14.6967;Hands;NULL;NULL;OpenXR
NULL;Right;NULL;59;Exposure;NULL;NoMitigation;2;1;0;0;0;0;0.5000;0.0000;2.0000;NULL;None;anonymous;NULL;Pointer Shoot;PointerEvent;40833;877a4ae9-5043-4b6b-b35e-95337330fe10;NULL;0.0264;-0.0016;-0.0172;357.7180;3.0458;2.8357;NULL;0.4970;0.0271;2.0000;0.4970;0.0271;2.0000;NULL;NULL;;;;;;;;;;;;;0;NULL;-0.1112;-0.6126;0.2246;2.5755;16.2964;23.9799;Palm;NULL;NULL;NULL;NULL;2;1;0;0;0;0;0.5000;0.0000;2.0000;;;;;;;;;;;;;0;NULL;0.1986;-0.1376;0.4700;344.9563;8.7470;351.4492;Palm;NULL;122ed9df-0a02-49d5-9741-6f70481e5b76;NULL;NULL;48;1;NULL;0.5000;0.0000;2.0000;Exposure;2.7648;2026-03-26 12:05:17.4543;Hands;NULL;NULL;OpenXR
NULL;Right;NULL;59;Exposure;NULL;NoMitigation;2;1;0;0;0;0;0.5000;0.0000;2.0000;NULL;None;anonymous;NULL;Mole Hit;MoleEvent;40833;877a4ae9-5043-4b6b-b35e-95337330fe10;NULL;0.0264;-0.0016;-0.0172;357.7180;3.0458;2.8357;0.0273;0.4970;0.0271;2.0000;0.4970;0.0271;2.0000;NULL;1;;;;;;;;;;;;;0;NULL;-0.1112;-0.6126;0.2246;2.5755;16.2964;23.9799;Palm;NULL;NULL;NULL;NULL;2;1;0;0;0;0;0.5000;0.0000;2.0000;;;;;;;;;;;;;0;NULL;0.1986;-0.1376;0.4700;344.9563;8.7470;351.4492;Palm;NULL;122ed9df-0a02-49d5-9741-6f70481e5b76;NULL;NULL;48;1;NULL;0.5000;0.0000;2.0000;Exposure;0.0000;2026-03-26 12:05:17.4574;Hands;NULL;NULL;OpenXR
NULL;Right;NULL;NULL;Exposure;NULL;NoMitigation;3;2;0;1;0;0;-0.5000;0.0000;2.0000;NULL;None;anonymous;NULL;Mole Spawned;MoleEvent;40833;877a4ae9-5043-4b6b-b35e-95337330fe10;NULL;0.0264;-0.0016;-0.0172;357.7180;3.0458;2.8357;NULL;NULL;NULL;NULL;NULL;NULL;NULL;NULL;NULL;;;;;;;;;;;;;0;NULL;-0.1112;-0.6126;0.2246;2.5755;16.2964;23.9799;Palm;NULL;NULL;NULL;NULL;3;2;0;1;0;0;-0.5000;0.0000;2.0000;;;;;;;;;;;;;0;NULL;0.1986;-0.1376;0.4700;344.9563;8.7470;351.4492;Palm;NULL;122ed9df-0a02-49d5-9741-6f70481e5b76;NULL;NULL;NULL;2;NULL;-0.5000;0.0000;2.0000;Exposure;0.0000;2026-03-26 12:05:17.4626;Hands;NULL;NULL;OpenXR
NULL;Right;NULL;60;Exposure;NULL;NoMitigation;3;2;0;1;0;0;-0.5000;0.0000;2.0000;NULL;None;anonymous;NULL;Pointer Shoot;PointerEvent;41111;877a4ae9-5043-4b6b-b35e-95337330fe10;NULL;0.0127;-0.0032;-0.0150;358.9737;349.4260;1.2782;NULL;-0.4878;-0.0118;2.0000;-0.4878;-0.0118;2.0000;NULL;NULL;;;;;;;;;;;;;0;NULL;-0.1122;-0.6134;0.2237;1.3083;16.2641;24.4864;Palm;NULL;NULL;NULL;NULL;3;2;0;1;0;0;-0.5000;0.0000;2.0000;;;;;;;;;;;;;0;NULL;-0.0231;-0.1214;0.4456;340.0713;337.6126;357.7532;Palm;NULL;122ed9df-0a02-49d5-9741-6f70481e5b76;NULL;NULL;49;2;NULL;-0.5000;0.0000;2.0000;Exposure;2.8093;2026-03-26 12:05:20.2633;Hands;NULL;NULL;OpenXR
NULL;Right;NULL;60;Exposure;NULL;NoMitigation;3;2;0;1;0;0;-0.5000;0.0000;2.0000;NULL;None;anonymous;NULL;Mole Hit;MoleEvent;41111;877a4ae9-5043-4b6b-b35e-95337330fe10;NULL;0.0127;-0.0032;-0.0150;358.9737;349.4260;1.2782;0.0169;-0.4878;-0.0118;2.0000;-0.4878;-0.0118;2.0000;NULL;1;;;;;;;;;;;;;0;NULL;-0.1122;-0.6134;0.2237;1.3083;16.2641;24.4864;Palm;NULL;NULL;NULL;NULL;3;2;0;1;0;0;-0.5000;0.0000;2.0000;;;;;;;;;;;;;0;NULL;-0.0231;-0.1214;0.4456;340.0713;337.6126;357.7532;Palm;NULL;122ed9df-0a02-49d5-9741-6f70481e5b76;NULL;NULL;49;2;NULL;-0.5000;0.0000;2.0000;Exposure;0.0000;2026-03-26 12:05:20.2664;Hands;NULL;NULL;OpenXR
NULL;Right;NULL;NULL;Exposure;NULL;NoMitigation;1;0;0;-1;0;0;0.0000;0.0000;2.0000;NULL;None;anonymous;NULL;Mole Spawned;MoleEvent;41111;877a4ae9-5043-4b6b-b35e-95337330fe10;NULL;0.0127;-0.0032;-0.0150;358.9737;349.4260;1.2782;NULL;NULL;NULL;NULL;NULL;NULL;NULL;NULL;NULL;;;;;;;;;;;;;0;NULL;-0.1122;-0.6134;0.2237;1.3083;16.2641;24.4864;Palm;NULL;NULL;NULL;NULL;1;0;0;-1;0;0;0.0000;0.0000;2.0000;;;;;;;;;;;;;0;NULL;-0.0231;-0.1214;0.4456;340.0713;337.6126;357.7532;Palm;NULL;122ed9df-0a02-49d5-9741-6f70481e5b76;NULL;NULL;NULL;0;NULL;0.0000;0.0000;2.0000;Exposure;0.0000;2026-03-26 12:05:20.2705;Hands;NULL;NULL;OpenXR
NULL;Right;NULL;61;Exposure;NULL;NoMitigation;1;0;0;-1;0;0;0.0000;0.0000;2.0000;NULL;None;anonymous;NULL;Pointer Shoot;PointerEvent;41759;877a4ae9-5043-4b6b-b35e-95337330fe10;NULL;0.0237;-0.0045;-0.0166;359.0966;355.5072;1.1740;NULL;-0.0044;-0.0312;2.0000;-0.0044;-0.0312;2.0000;NULL;NULL;;;;;;;;;;;;;0;NULL;-0.1115;-0.6124;0.2230;2.0718;16.1592;24.1918;Palm;NULL;NULL;NULL;NULL;1;0;0;-1;0;0;0.0000;0.0000;2.0000;;;;;;;;;;;;;0;NULL;0.0584;-0.1781;0.4690;340.0283;347.9037;6.7337;Palm;NULL;122ed9df-0a02-49d5-9741-6f70481e5b76;NULL;NULL;50;0;NULL;0.0000;0.0000;2.0000;Exposure;5.9052;2026-03-26 12:05:26.1687;Hands;NULL;NULL;OpenXR
NULL;Right;NULL;61;Exposure;NULL;NoMitigation;1;0;0;-1;0;0;0.0000;0.0000;2.0000;NULL;None;anonymous;NULL;Mole Hit;MoleEvent;41759;877a4ae9-5043-4b6b-b35e-95337330fe10;NULL;0.0237;-0.0045;-0.0166;359.0966;355.5072;1.1740;0.0315;-0.0044;-0.0312;2.0000;-0.0044;-0.0312;2.0000;NULL;1;;;;;;;;;;;;;0;NULL;-0.1115;-0.6124;0.2230;2.0718;16.1592;24.1918;Palm;NULL;NULL;NULL;NULL;1;0;0;-1;0;0;0.0000;0.0000;2.0000;;;;;;;;;;;;;0;NULL;0.0584;-0.1781;0.4690;340.0283;347.9037;6.7337;Palm;NULL;122ed9df-0a02-49d5-9741-6f70481e5b76;NULL;NULL;50;0;NULL;0.0000;0.0000;2.0000;Exposure;0.0000;2026-03-26 12:05:26.1718;Hands;NULL;NULL;OpenXR
NULL;Right;NULL;NULL;Exposure;NULL;NoMitigation;3;2;0;1;0;0;-0.5000;0.0000;2.0000;NULL;None;anonymous;NULL;Mole Spawned;MoleEvent;41759;877a4ae9-5043-4b6b-b35e-95337330fe10;NULL;0.0237;-0.0045;-0.0166;359.0966;355.5072;1.1740;NULL;NULL;NULL;NULL;NULL;NULL;NULL;NULL;NULL;;;;;;;;;;;;;0;NULL;-0.1115;-0.6124;0.2230;2.0718;16.1592;24.1918;Palm;NULL;NULL;NULL;NULL;3;2;0;1;0;0;-0.5000;0.0000;2.0000;;;;;;;;;;;;;0;NULL;0.0584;-0.1781;0.4690;340.0283;347.9037;6.7337;Palm;NULL;122ed9df-0a02-49d5-9741-6f70481e5b76;NULL;NULL;NULL;2;NULL;-0.5000;0.0000;2.0000;Exposure;0.0000;2026-03-26 12:05:26.1749;Hands;NULL;NULL;OpenXR
NULL;Right;NULL;62;Exposure;NULL;NoMitigation;3;2;0;1;0;0;-0.5000;0.0000;2.0000;NULL;None;anonymous;NULL;Pointer Shoot;PointerEvent;42177;877a4ae9-5043-4b6b-b35e-95337330fe10;NULL;0.0204;-0.0038;-0.0178;358.6337;350.8758;0.3567;NULL;-0.4907;0.0208;2.0000;-0.4907;0.0208;2.0000;NULL;NULL;;;;;;;;;;;;;0;NULL;-0.1118;-0.6127;0.2226;1.8488;16.1602;23.9401;Palm;NULL;NULL;NULL;NULL;3;2;0;1;0;0;-0.5000;0.0000;2.0000;;;;;;;;;;;;;0;NULL;-0.0200;-0.1695;0.4455;336.7569;333.0614;7.0209;Palm;NULL;122ed9df-0a02-49d5-9741-6f70481e5b76;NULL;NULL;51;2;NULL;-0.5000;0.0000;2.0000;Exposure;3.7401;2026-03-26 12:05:29.9086;Hands;NULL;NULL;OpenXR
NULL;Right;NULL;62;Exposure;NULL;NoMitigation;3;2;0;1;0;0;-0.5000;0.0000;2.0000;NULL;None;anonymous;NULL;Mole Hit;MoleEvent;42177;877a4ae9-5043-4b6b-b35e-95337330fe10;NULL;0.0204;-0.0038;-0.0178;358.6337;350.8758;0.3567;0.0228;-0.4907;0.0208;2.0000;-0.4907;0.0208;2.0000;NULL;1;;;;;;;;;;;;;0;NULL;-0.1118;-0.6127;0.2226;1.8488;16.1602;23.9401;Palm;NULL;NULL;NULL;NULL;3;2;0;1;0;0;-0.5000;0.0000;2.0000;;;;;;;;;;;;;0;NULL;-0.0200;-0.1695;0.4455;336.7569;333.0614;7.0209;Palm;NULL;122ed9df-0a02-49d5-9741-6f70481e5b76;NULL;NULL;51;2;NULL;-0.5000;0.0000;2.0000;Exposure;0.0000;2026-03-26 12:05:29.9118;Hands;NULL;NULL;OpenXR
NULL;Right;NULL;NULL;Exposure;NULL;NoMitigation;2;1;0;0;0;0;0.5000;0.0000;2.0000;NULL;None;anonymous;NULL;Mole Spawned;MoleEvent;42177;877a4ae9-5043-4b6b-b35e-95337330fe10;NULL;0.0204;-0.0038;-0.0178;358.6337;350.8758;0.3567;NULL;NULL;NULL;NULL;NULL;NULL;NULL;NULL;NULL;;;;;;;;;;;;;0;NULL;-0.1118;-0.6127;0.2226;1.8488;16.1602;23.9401;Palm;NULL;NULL;NULL;NULL;2;1;0;0;0;0;0.5000;0.0000;2.0000;;;;;;;;;;;;;0;NULL;-0.0200;-0.1695;0.4455;336.7569;333.0614;7.0209;Palm;NULL;122ed9df-0a02-49d5-9741-6f70481e5b76;NULL;NULL;NULL;1;NULL;0.5000;0.0000;2.0000;Exposure;0.0000;2026-03-26 12:05:29.9172;Hands;NULL;NULL;OpenXR
NULL;Right;NULL;63;Exposure;NULL;NoMitigation;2;1;0;0;0;0;0.5000;0.0000;2.0000;NULL;None;anonymous;NULL;Pointer Shoot;PointerEvent;42490;877a4ae9-5043-4b6b-b35e-95337330fe10;NULL;0.0267;-0.0040;-0.0154;358.9236;1.5161;3.1353;NULL;0.5395;-0.0721;2.0000;0.5395;-0.0721;2.0000;NULL;NULL;;;;;;;;;;;;;0;NULL;-0.1110;-0.6123;0.2231;2.9945;16.2263;24.2217;Palm;NULL;NULL;NULL;NULL;2;1;0;0;0;0;0.5000;0.0000;2.0000;;;;;;;;;;;;;0;NULL;0.1941;-0.1568;0.4696;342.7111;6.2021;356.3549;Palm;NULL;122ed9df-0a02-49d5-9741-6f70481e5b76;NULL;NULL;52;1;NULL;0.5000;0.0000;2.0000;Exposure;2.8922;2026-03-26 12:05:32.8012;Hands;NULL;NULL;OpenXR
NULL;Right;NULL;63;Exposure;NULL;NoMitigation;2;1;0;0;0;0;0.5000;0.0000;2.0000;NULL;None;anonymous;NULL;Mole Hit;MoleEvent;42490;877a4ae9-5043-4b6b-b35e-95337330fe10;NULL;0.0267;-0.0040;-0.0154;358.9236;1.5161;3.1353;0.0822;0.5395;-0.0721;2.0000;0.5395;-0.0721;2.0000;NULL;1;;;;;;;;;;;;;0;NULL;-0.1110;-0.6123;0.2231;2.9945;16.2263;24.2217;Palm;NULL;NULL;NULL;NULL;2;1;0;0;0;0;0.5000;0.0000;2.0000;;;;;;;;;;;;;0;NULL;0.1941;-0.1568;0.4696;342.7111;6.2021;356.3549;Palm;NULL;122ed9df-0a02-49d5-9741-6f70481e5b76;NULL;NULL;52;1;NULL;0.5000;0.0000;2.0000;Exposure;0.0000;2026-03-26 12:05:32.8038;Hands;NULL;NULL;OpenXR
NULL;Right;NULL;NULL;Exposure;NULL;NoMitigation;1;0;0;-1;0;0;0.0000;0.0000;2.0000;NULL;None;anonymous;NULL;Mole Spawned;MoleEvent;42490;877a4ae9-5043-4b6b-b35e-95337330fe10;NULL;0.0267;-0.0040;-0.0154;358.9236;1.5161;3.1353;NULL;NULL;NULL;NULL;NULL;NULL;NULL;NULL;NULL;;;;;;;;;;;;;0;NULL;-0.1110;-0.6123;0.2231;2.9945;16.2263;24.2217;Palm;NULL;NULL;NULL;NULL;1;0;0;-1;0;0;0.0000;0.0000;2.0000;;;;;;;;;;;;;0;NULL;0.1941;-0.1568;0.4696;342.7111;6.2021;356.3549;Palm;NULL;122ed9df-0a02-49d5-9741-6f70481e5b76;NULL;NULL;NULL;0;NULL;0.0000;0.0000;2.0000;Exposure;0.0000;2026-03-26 12:05:32.8068;Hands;NULL;NULL;OpenXR
NULL;Right;NULL;64;Exposure;NULL;NoMitigation;1;0;0;-1;0;0;0.0000;0.0000;2.0000;NULL;None;anonymous;NULL;Pointer Shoot;PointerEvent;43871;877a4ae9-5043-4b6b-b35e-95337330fe10;NULL;0.0313;-0.0136;0.0010;5.7182;5.4281;3.0331;NULL;0.0111;-0.0563;2.0000;0.0111;-0.0563;2.0000;NULL;NULL;;;;;;;;;;;;;0;NULL;-0.1110;-0.6145;0.2237;1.0195;16.5665;23.6568;Palm;NULL;NULL;NULL;NULL;1;0;0;-1;0;0;0.0000;0.0000;2.0000;;;;;;;;;;;;;0;NULL;0.1106;-0.2569;0.3402;337.2676;342.7346;358.6526;Palm;NULL;122ed9df-0a02-49d5-9741-6f70481e5b76;NULL;NULL;53;0;NULL;0.0000;0.0000;2.0000;Exposure;12.3711;2026-03-26 12:05:45.1719;Hands;NULL;NULL;OpenXR
NULL;Right;NULL;64;Exposure;NULL;NoMitigation;1;0;0;-1;0;0;0.0000;0.0000;2.0000;NULL;None;anonymous;NULL;Mole Hit;MoleEvent;43871;877a4ae9-5043-4b6b-b35e-95337330fe10;NULL;0.0313;-0.0136;0.0010;5.7182;5.4281;3.0331;0.0574;0.0111;-0.0563;2.0000;0.0111;-0.0563;2.0000;NULL;1;;;;;;;;;;;;;0;NULL;-0.1110;-0.6145;0.2237;1.0195;16.5665;23.6568;Palm;NULL;NULL;NULL;NULL;1;0;0;-1;0;0;0.0000;0.0000;2.0000;;;;;;;;;;;;;0;NULL;0.1106;-0.2569;0.3402;337.2676;342.7346;358.6526;Palm;NULL;122ed9df-0a02-49d5-9741-6f70481e5b76;NULL;NULL;53;0;NULL;0.0000;0.0000;2.0000;Exposure;0.0000;2026-03-26 12:05:45.1746;Hands;NULL;NULL;OpenXR
NULL;Right;NULL;NULL;Exposure;NULL;NoMitigation;3;2;0;1;0;0;-0.5000;0.0000;2.0000;NULL;None;anonymous;NULL;Mole Spawned;MoleEvent;43871;877a4ae9-5043-4b6b-b35e-95337330fe10;NULL;0.0313;-0.0136;0.0010;5.7182;5.4281;3.0331;NULL;NULL;NULL;NULL;NULL;NULL;NULL;NULL;NULL;;;;;;;;;;;;;0;NULL;-0.1110;-0.6145;0.2237;1.0195;16.5665;23.6568;Palm;NULL;NULL;NULL;NULL;3;2;0;1;0;0;-0.5000;0.0000;2.0000;;;;;;;;;;;;;0;NULL;0.1106;-0.2569;0.3402;337.2676;342.7346;358.6526;Palm;NULL;122ed9df-0a02-49d5-9741-6f70481e5b76;NULL;NULL;NULL;2;NULL;-0.5000;0.0000;2.0000;Exposure;0.0000;2026-03-26 12:05:45.1778;Hands;NULL;NULL;OpenXR
NULL;Right;NULL;65;Exposure;NULL;NoMitigation;3;2;0;1;0;0;-0.5000;0.0000;2.0000;NULL;None;anonymous;NULL;Pointer Shoot;PointerEvent;44186;877a4ae9-5043-4b6b-b35e-95337330fe10;NULL;0.0226;-0.0136;0.0015;5.6812;358.6139;2.0137;NULL;-0.4869;-0.0447;2.0000;-0.4869;-0.0447;2.0000;NULL;NULL;;;;;;;;;;;;;0;NULL;-0.1111;-0.6129;0.2230;3.1363;15.7453;24.8388;Palm;NULL;NULL;NULL;NULL;3;2;0;1;0;0;-0.5000;0.0000;2.0000;;;;;;;;;;;;;0;NULL;0.0875;-0.2578;0.3299;337.0387;335.1262;2.6074;Palm;NULL;122ed9df-0a02-49d5-9741-6f70481e5b76;NULL;NULL;54;2;NULL;-0.5000;0.0000;2.0000;Exposure;2.8577;2026-03-26 12:05:48.0298;Hands;NULL;NULL;OpenXR
NULL;Right;NULL;65;Exposure;NULL;NoMitigation;3;2;0;1;0;0;-0.5000;0.0000;2.0000;NULL;None;anonymous;NULL;Mole Hit;MoleEvent;44186;877a4ae9-5043-4b6b-b35e-95337330fe10;NULL;0.0226;-0.0136;0.0015;5.6812;358.6139;2.0137;0.0465;-0.4869;-0.0447;2.0000;-0.4869;-0.0447;2.0000;NULL;1;;;;;;;;;;;;;0;NULL;-0.1111;-0.6129;0.2230;3.1363;15.7453;24.8388;Palm;NULL;NULL;NULL;NULL;3;2;0;1;0;0;-0.5000;0.0000;2.0000;;;;;;;;;;;;;0;NULL;0.0875;-0.2578;0.3299;337.0387;335.1262;2.6074;Palm;NULL;122ed9df-0a02-49d5-9741-6f70481e5b76;NULL;NULL;54;2;NULL;-0.5000;0.0000;2.0000;Exposure;0.0000;2026-03-26 12:05:48.0325;Hands;NULL;NULL;OpenXR
NULL;Right;NULL;NULL;Exposure;NULL;NoMitigation;1;0;0;-1;0;0;0.0000;0.0000;2.0000;NULL;None;anonymous;NULL;Mole Spawned;MoleEvent;44186;877a4ae9-5043-4b6b-b35e-95337330fe10;NULL;0.0226;-0.0136;0.0015;5.6812;358.6139;2.0137;NULL;NULL;NULL;NULL;NULL;NULL;NULL;NULL;NULL;;;;;;;;;;;;;0;NULL;-0.1111;-0.6129;0.2230;3.1363;15.7453;24.8388;Palm;NULL;NULL;NULL;NULL;1;0;0;-1;0;0;0.0000;0.0000;2.0000;;;;;;;;;;;;;0;NULL;0.0875;-0.2578;0.3299;337.0387;335.1262;2.6074;Palm;NULL;122ed9df-0a02-49d5-9741-6f70481e5b76;NULL;NULL;NULL;0;NULL;0.0000;0.0000;2.0000;Exposure;0.0000;2026-03-26 12:05:48.0382;Hands;NULL;NULL;OpenXR
NULL;Right;NULL;66;Exposure;NULL;NoMitigation;1;0;0;-1;0;0;0.0000;0.0000;2.0000;NULL;None;anonymous;NULL;Pointer Shoot;PointerEvent;44956;877a4ae9-5043-4b6b-b35e-95337330fe10;NULL;0.0225;-0.0116;0.0027;4.7737;0.7040;2.1326;NULL;0.0040;0.0306;2.0000;0.0040;0.0306;2.0000;NULL;NULL;;;;;;;;;;;;;0;NULL;-0.1119;-0.6143;0.2229;2.7664;15.3454;25.4267;Palm;NULL;NULL;NULL;NULL;1;0;0;-1;0;0;0.0000;0.0000;2.0000;;;;;;;;;;;;;0;NULL;0.1191;-0.2532;0.3621;331.9846;348.4861;351.1057;Palm;NULL;122ed9df-0a02-49d5-9741-6f70481e5b76;NULL;NULL;55;0;NULL;0.0000;0.0000;2.0000;Exposure;8.8307;2026-03-26 12:05:56.8612;Hands;NULL;NULL;OpenXR
NULL;Right;NULL;66;Exposure;NULL;NoMitigation;1;0;0;-1;0;0;0.0000;0.0000;2.0000;NULL;None;anonymous;NULL;Mole Hit;MoleEvent;44956;877a4ae9-5043-4b6b-b35e-95337330fe10;NULL;0.0225;-0.0116;0.0027;4.7737;0.7040;2.1326;0.0309;0.0040;0.0306;2.0000;0.0040;0.0306;2.0000;NULL;1;;;;;;;;;;;;;0;NULL;-0.1119;-0.6143;0.2229;2.7664;15.3454;25.4267;Palm;NULL;NULL;NULL;NULL;1;0;0;-1;0;0;0.0000;0.0000;2.0000;;;;;;;;;;;;;0;NULL;0.1191;-0.2532;0.3621;331.9846;348.4861;351.1057;Palm;NULL;122ed9df-0a02-49d5-9741-6f70481e5b76;NULL;NULL;55;0;NULL;0.0000;0.0000;2.0000;Exposure;0.0000;2026-03-26 12:05:56.8638;Hands;NULL;NULL;OpenXR
NULL;Right;NULL;NULL;Exposure;NULL;NoMitigation;3;2;0;1;0;0;-0.5000;0.0000;2.0000;NULL;None;anonymous;NULL;Mole Spawned;MoleEvent;44956;877a4ae9-5043-4b6b-b35e-95337330fe10;NULL;0.0225;-0.0116;0.0027;4.7737;0.7040;2.1326;NULL;NULL;NULL;NULL;NULL;NULL;NULL;NULL;NULL;;;;;;;;;;;;;0;NULL;-0.1119;-0.6143;0.2229;2.7664;15.3454;25.4267;Palm;NULL;NULL;NULL;NULL;3;2;0;1;0;0;-0.5000;0.0000;2.0000;;;;;;;;;;;;;0;NULL;0.1191;-0.2532;0.3621;331.9846;348.4861;351.1057;Palm;NULL;122ed9df-0a02-49d5-9741-6f70481e5b76;NULL;NULL;NULL;2;NULL;-0.5000;0.0000;2.0000;Exposure;0.0000;2026-03-26 12:05:56.8684;Hands;NULL;NULL;OpenXR
NULL;Right;NULL;67;Exposure;NULL;NoMitigation;3;2;0;1;0;0;-0.5000;0.0000;2.0000;NULL;None;anonymous;NULL;Pointer Shoot;PointerEvent;45263;877a4ae9-5043-4b6b-b35e-95337330fe10;NULL;0.0201;-0.0124;0.0024;5.1731;358.3675;1.4994;NULL;-0.4781;0.0028;2.0000;-0.4781;0.0028;2.0000;NULL;NULL;;;;;;;;;;;;;0;NULL;-0.1118;-0.6127;0.2224;3.1639;15.3050;25.9009;Palm;NULL;NULL;NULL;NULL;3;2;0;1;0;0;-0.5000;0.0000;2.0000;;;;;;;;;;;;;0;NULL;0.0798;-0.2578;0.3480;331.7716;336.3389;358.5519;Palm;NULL;122ed9df-0a02-49d5-9741-6f70481e5b76;NULL;NULL;56;2;NULL;-0.5000;0.0000;2.0000;Exposure;2.7496;2026-03-26 12:05:59.6101;Hands;NULL;NULL;OpenXR
NULL;Right;NULL;67;Exposure;NULL;NoMitigation;3;2;0;1;0;0;-0.5000;0.0000;2.0000;NULL;None;anonymous;NULL;Mole Hit;MoleEvent;45263;877a4ae9-5043-4b6b-b35e-95337330fe10;NULL;0.0201;-0.0124;0.0024;5.1731;358.3675;1.4994;0.0221;-0.4781;0.0028;2.0000;-0.4781;0.0028;2.0000;NULL;1;;;;;;;;;;;;;0;NULL;-0.1118;-0.6127;0.2224;3.1639;15.3050;25.9009;Palm;NULL;NULL;NULL;NULL;3;2;0;1;0;0;-0.5000;0.0000;2.0000;;;;;;;;;;;;;0;NULL;0.0798;-0.2578;0.3480;331.7716;336.3389;358.5519;Palm;NULL;122ed9df-0a02-49d5-9741-6f70481e5b76;NULL;NULL;56;2;NULL;-0.5000;0.0000;2.0000;Exposure;0.0000;2026-03-26 12:05:59.6131;Hands;NULL;NULL;OpenXR
NULL;Right;NULL;NULL;Exposure;NULL;NoMitigation;2;1;0;0;0;0;0.5000;0.0000;2.0000;NULL;None;anonymous;NULL;Mole Spawned;MoleEvent;45263;877a4ae9-5043-4b6b-b35e-95337330fe10;NULL;0.0201;-0.0124;0.0024;5.1731;358.3675;1.4994;NULL;NULL;NULL;NULL;NULL;NULL;NULL;NULL;NULL;;;;;;;;;;;;;0;NULL;-0.1118;-0.6127;0.2224;3.1639;15.3050;25.9009;Palm;NULL;NULL;NULL;NULL;2;1;0;0;0;0;0.5000;0.0000;2.0000;;;;;;;;;;;;;0;NULL;0.0798;-0.2578;0.3480;331.7716;336.3389;358.5519;Palm;NULL;122ed9df-0a02-49d5-9741-6f70481e5b76;NULL;NULL;NULL;1;NULL;0.5000;0.0000;2.0000;Exposure;0.0000;2026-03-26 12:05:59.6157;Hands;NULL;NULL;OpenXR
NULL;Right;NULL;68;Exposure;NULL;NoMitigation;2;1;0;0;0;0;0.5000;0.0000;2.0000;NULL;None;anonymous;NULL;Pointer Shoot;PointerEvent;45556;877a4ae9-5043-4b6b-b35e-95337330fe10;NULL;0.0246;-0.0135;0.0006;5.3179;0.5794;1.5785;NULL;0.5125;-0.1204;2.0000;0.5125;-0.1204;2.0000;NULL;NULL;;;;;;;;;;;;;0;NULL;-0.1114;-0.6121;0.2223;3.0872;15.6564;24.8487;Palm;NULL;NULL;NULL;NULL;2;1;0;0;0;0;0.5000;0.0000;2.0000;;;;;;;;;;;;;0;NULL;0.1468;-0.2500;0.3602;331.7117;0.3594;349.2003;Palm;NULL;122ed9df-0a02-49d5-9741-6f70481e5b76;NULL;NULL;57;1;NULL;0.5000;0.0000;2.0000;Exposure;2.7328;2026-03-26 12:06:02.3424;Hands;NULL;NULL;OpenXR
NULL;Right;NULL;68;Exposure;NULL;NoMitigation;2;1;0;0;0;0;0.5000;0.0000;2.0000;NULL;None;anonymous;NULL;Mole Missed;PointerEvent;45556;877a4ae9-5043-4b6b-b35e-95337330fe10;NULL;0.0246;-0.0135;0.0006;5.3179;0.5794;1.5785;0.1210;0.5125;-0.1204;2.0000;0.5125;-0.1204;2.0000;NULL;0;;;;;;;;;;;;;0;NULL;-0.1114;-0.6121;0.2223;3.0872;15.6564;24.8487;Palm;NULL;NULL;NULL;NULL;2;1;0;0;0;0;0.5000;0.0000;2.0000;;;;;;;;;;;;;0;NULL;0.1468;-0.2500;0.3602;331.7117;0.3594;349.2003;Palm;NULL;122ed9df-0a02-49d5-9741-6f70481e5b76;NULL;NULL;57;1;NULL;0.5000;0.0000;2.0000;Exposure;0.0000;2026-03-26 12:06:02.3454;Hands;NULL;NULL;OpenXR
NULL;Right;NULL;69;Exposure;NULL;NoMitigation;2;1;0;0;0;0;0.5000;0.0000;2.0000;NULL;None;anonymous;NULL;Pointer Shoot;PointerEvent;45863;877a4ae9-5043-4b6b-b35e-95337330fe10;NULL;0.0245;-0.0137;0.0000;5.3805;0.7888;1.6851;NULL;0.5037;-0.0305;2.0000;0.5037;-0.0305;2.0000;NULL;NULL;;;;;;;;;;;;;0;NULL;-0.1109;-0.6120;0.2219;2.5357;15.7089;24.9032;Palm;NULL;NULL;NULL;NULL;2;1;0;0;0;0;0.5000;0.0000;2.0000;;;;;;;;;;;;;0;NULL;0.1464;-0.2509;0.3604;329.5804;359.5213;349.9427;Palm;NULL;122ed9df-0a02-49d5-9741-6f70481e5b76;NULL;NULL;57;1;NULL;0.5000;0.0000;2.0000;Exposure;2.7480;2026-03-26 12:06:05.0908;Hands;NULL;NULL;OpenXR
NULL;Right;NULL;69;Exposure;NULL;NoMitigation;2;1;0;0;0;0;0.5000;0.0000;2.0000;NULL;None;anonymous;NULL;Mole Hit;MoleEvent;45863;877a4ae9-5043-4b6b-b35e-95337330fe10;NULL;0.0245;-0.0137;0.0000;5.3805;0.7888;1.6851;0.0308;0.5037;-0.0305;2.0000;0.5037;-0.0305;2.0000;NULL;1;;;;;;;;;;;;;0;NULL;-0.1109;-0.6120;0.2219;2.5357;15.7089;24.9032;Palm;NULL;NULL;NULL;NULL;2;1;0;0;0;0;0.5000;0.0000;2.0000;;;;;;;;;;;;;0;NULL;0.1464;-0.2509;0.3604;329.5804;359.5213;349.9427;Palm;NULL;122ed9df-0a02-49d5-9741-6f70481e5b76;NULL;NULL;57;1;NULL;0.5000;0.0000;2.0000;Exposure;0.0000;2026-03-26 12:06:05.0934;Hands;NULL;NULL;OpenXR
NULL;Right;NULL;NULL;Exposure;NULL;NoMitigation;1;0;0;-1;0;0;0.0000;0.0000;2.0000;NULL;None;anonymous;NULL;Mole Spawned;MoleEvent;45863;877a4ae9-5043-4b6b-b35e-95337330fe10;NULL;0.0245;-0.0137;0.0000;5.3805;0.7888;1.6851;NULL;NULL;NULL;NULL;NULL;NULL;NULL;NULL;NULL;;;;;;;;;;;;;0;NULL;-0.1109;-0.6120;0.2219;2.5357;15.7089;24.9032;Palm;NULL;NULL;NULL;NULL;1;0;0;-1;0;0;0.0000;0.0000;2.0000;;;;;;;;;;;;;0;NULL;0.1464;-0.2509;0.3604;329.5804;359.5213;349.9427;Palm;NULL;122ed9df-0a02-49d5-9741-6f70481e5b76;NULL;NULL;NULL;0;NULL;0.0000;0.0000;2.0000;Exposure;0.0000;2026-03-26 12:06:05.0981;Hands;NULL;NULL;OpenXR
NULL;Right;NULL;70;Exposure;NULL;NoMitigation;1;0;0;-1;0;0;0.0000;0.0000;2.0000;NULL;None;anonymous;NULL;Pointer Shoot;PointerEvent;46150;877a4ae9-5043-4b6b-b35e-95337330fe10;NULL;0.0233;-0.0113;-0.0007;4.4139;0.3918;1.9873;NULL;0.0219;0.0284;2.0000;0.0219;0.0284;2.0000;NULL;NULL;;;;;;;;;;;;;0;NULL;-0.1120;-0.6156;0.2228;3.5321;15.5519;25.1797;Palm;NULL;NULL;NULL;NULL;1;0;0;-1;0;0;0.0000;0.0000;2.0000;;;;;;;;;;;;;0;NULL;0.1128;-0.2534;0.3503;329.3207;348.5693;351.5362;Palm;NULL;122ed9df-0a02-49d5-9741-6f70481e5b76;NULL;NULL;58;0;NULL;0.0000;0.0000;2.0000;Exposure;2.7665;2026-03-26 12:06:07.8576;Hands;NULL;NULL;OpenXR
NULL;Right;NULL;70;Exposure;NULL;NoMitigation;1;0;0;-1;0;0;0.0000;0.0000;2.0000;NULL;None;anonymous;NULL;Mole Hit;MoleEvent;46150;877a4ae9-5043-4b6b-b35e-95337330fe10;NULL;0.0233;-0.0113;-0.0007;4.4139;0.3918;1.9873;0.0359;0.0219;0.0284;2.0000;0.0219;0.0284;2.0000;NULL;1;;;;;;;;;;;;;0;NULL;-0.1120;-0.6156;0.2228;3.5321;15.5519;25.1797;Palm;NULL;NULL;NULL;NULL;1;0;0;-1;0;0;0.0000;0.0000;2.0000;;;;;;;;;;;;;0;NULL;0.1128;-0.2534;0.3503;329.3207;348.5693;351.5362;Palm;NULL;122ed9df-0a02-49d5-9741-6f70481e5b76;NULL;NULL;58;0;NULL;0.0000;0.0000;2.0000;Exposure;0.0000;2026-03-26 12:06:07.8618;Hands;NULL;NULL;OpenXR
NULL;Right;NULL;NULL;Exposure;NULL;NoMitigation;3;2;0;1;0;0;-0.5000;0.0000;2.0000;NULL;None;anonymous;NULL;Mole Spawned;MoleEvent;46150;877a4ae9-5043-4b6b-b35e-95337330fe10;NULL;0.0233;-0.0113;-0.0007;4.4139;0.3918;1.9873;NULL;NULL;NULL;NULL;NULL;NULL;NULL;NULL;NULL;;;;;;;;;;;;;0;NULL;-0.1120;-0.6156;0.2228;3.5321;15.5519;25.1797;Palm;NULL;NULL;NULL;NULL;3;2;0;1;0;0;-0.5000;0.0000;2.0000;;;;;;;;;;;;;0;NULL;0.1128;-0.2534;0.3503;329.3207;348.5693;351.5362;Palm;NULL;122ed9df-0a02-49d5-9741-6f70481e5b76;NULL;NULL;NULL;2;NULL;-0.5000;0.0000;2.0000;Exposure;0.0000;2026-03-26 12:06:07.8665;Hands;NULL;NULL;OpenXR
NULL;Right;NULL;71;Exposure;NULL;NoMitigation;3;2;0;1;0;0;-0.5000;0.0000;2.0000;NULL;None;anonymous;NULL;Pointer Shoot;PointerEvent;46448;877a4ae9-5043-4b6b-b35e-95337330fe10;NULL;0.0154;-0.0103;-0.0035;3.8992;353.8996;1.1823;NULL;-0.5010;0.0233;2.0000;-0.5010;0.0233;2.0000;NULL;NULL;;;;;;;;;;;;;0;NULL;-0.1120;-0.6140;0.2214;2.1509;15.3937;25.3662;Palm;NULL;NULL;NULL;NULL;3;2;0;1;0;0;-0.5000;0.0000;2.0000;;;;;;;;;;;;;0;NULL;0.0236;-0.2476;0.3414;328.1039;331.7323;1.3457;Palm;NULL;122ed9df-0a02-49d5-9741-6f70481e5b76;NULL;NULL;59;2;NULL;-0.5000;0.0000;2.0000;Exposure;2.7249;2026-03-26 12:06:10.5826;Hands;NULL;NULL;OpenXR
NULL;Right;NULL;71;Exposure;NULL;NoMitigation;3;2;0;1;0;0;-0.5000;0.0000;2.0000;NULL;None;anonymous;NULL;Mole Hit;MoleEvent;46448;877a4ae9-5043-4b6b-b35e-95337330fe10;NULL;0.0154;-0.0103;-0.0035;3.8992;353.8996;1.1823;0.0234;-0.5010;0.0233;2.0000;-0.5010;0.0233;2.0000;NULL;1;;;;;;;;;;;;;0;NULL;-0.1120;-0.6140;0.2214;2.1509;15.3937;25.3662;Palm;NULL;NULL;NULL;NULL;3;2;0;1;0;0;-0.5000;0.0000;2.0000;;;;;;;;;;;;;0;NULL;0.0236;-0.2476;0.3414;328.1039;331.7323;1.3457;Palm;NULL;122ed9df-0a02-49d5-9741-6f70481e5b76;NULL;NULL;59;2;NULL;-0.5000;0.0000;2.0000;Exposure;0.0000;2026-03-26 12:06:10.5872;Hands;NULL;NULL;OpenXR
NULL;Right;NULL;71;Exposure;NULL;NoMitigation;NULL;NULL;NULL;NULL;NULL;NULL;NULL;NULL;NULL;NULL;None;anonymous;NULL;Exposure Completed;BlockEvent;46448;877a4ae9-5043-4b6b-b35e-95337330fe10;NULL;0.0154;-0.0103;-0.0035;3.8992;353.8996;1.1823;NULL;NULL;NULL;NULL;NULL;NULL;NULL;NULL;NULL;;;;;;;;;;;;;0;NULL;-0.1120;-0.6140;0.2214;2.1509;15.3937;25.3662;Palm;NULL;NULL;NULL;NULL;NULL;NULL;NULL;NULL;NULL;NULL;NULL;NULL;NULL;;;;;;;;;;;;;0;NULL;0.0236;-0.2476;0.3414;328.1039;331.7323;1.3457;Palm;NULL;122ed9df-0a02-49d5-9741-6f70481e5b76;NULL;NULL;60;NULL;NULL;NULL;NULL;NULL;Exposure;0.0000;2026-03-26 12:06:10.5925;Hands;NULL;NULL;OpenXR
NULL;Right;NULL;NULL;Post;NULL;NoMitigation;NULL;NULL;NULL;NULL;NULL;NULL;NULL;NULL;NULL;NULL;None;anonymous;NULL;Block Started;BlockEvent;46674;877a4ae9-5043-4b6b-b35e-95337330fe10;NULL;0.0239;-0.0103;0.0028;3.9692;1.5330;2.2851;NULL;NULL;NULL;NULL;NULL;NULL;NULL;NULL;NULL;;;;;;;;;;;;;0;NULL;-0.1112;-0.6142;0.2221;1.9034;15.4585;24.0618;Palm;NULL;NULL;NULL;NULL;NULL;NULL;NULL;NULL;NULL;NULL;NULL;NULL;NULL;;;;;;;;;;;;;0;NULL;0.0885;-0.2449;0.3119;321.0605;337.9305;247.3161;Palm;NULL;122ed9df-0a02-49d5-9741-6f70481e5b76;NULL;NULL;NULL;NULL;NULL;NULL;NULL;NULL;OpenLoop;2.0088;2026-03-26 12:06:12.5918;Hands;NULL;NULL;OpenXR
NULL;Right;NULL;NULL;Post;NULL;NoMitigation;NULL;NULL;NULL;NULL;NULL;NULL;NULL;NULL;NULL;NULL;None;anonymous;NULL;Trial Started;TaskEvent;46674;877a4ae9-5043-4b6b-b35e-95337330fe10;NULL;0.0239;-0.0103;0.0028;3.9692;1.5330;2.2851;NULL;NULL;NULL;NULL;NULL;NULL;NULL;NULL;NULL;;;;;;;;;;;;;0;NULL;-0.1112;-0.6142;0.2221;1.9034;15.4585;24.0618;Palm;NULL;NULL;NULL;NULL;NULL;NULL;NULL;NULL;NULL;NULL;NULL;NULL;NULL;;;;;;;;;;;;;0;NULL;0.0885;-0.2449;0.3119;321.0605;337.9305;247.3161;Palm;NULL;122ed9df-0a02-49d5-9741-6f70481e5b76;NULL;NULL;NULL;NULL;0.0300;0.0000;0.0000;2.0000;OpenLoop;0.0000;2026-03-26 12:06:12.5966;Hands;1;30;OpenXR
NULL;Right;NULL;NULL;Post;NULL;NoMitigation;NULL;NULL;NULL;NULL;NULL;NULL;NULL;NULL;NULL;NULL;None;anonymous;NULL;Trial Accepted;TaskEvent;46953;877a4ae9-5043-4b6b-b35e-95337330fe10;NULL;0.0239;-0.0108;0.0018;4.1648;0.0343;1.6068;NULL;NULL;NULL;NULL;0.0230;0.0000;2.0000;NULL;NULL;;;;;;;;;;;;;0;NULL;-0.1116;-0.6143;0.2227;2.6110;15.3890;24.3687;Palm;NULL;NULL;NULL;NULL;NULL;NULL;NULL;NULL;NULL;NULL;NULL;NULL;NULL;;;;;;;;;;;;;0;NULL;0.1039;-0.2560;0.3444;325.2328;356.1821;332.0281;Palm;NULL;122ed9df-0a02-49d5-9741-6f70481e5b76;2.2974;NULL;NULL;NULL;NULL;NULL;NULL;NULL;OpenLoop;2.5982;2026-03-26 12:06:15.1886;Hands;1;30;OpenXR
NULL;Right;NULL;NULL;Post;NULL;NoMitigation;NULL;NULL;NULL;NULL;NULL;NULL;NULL;NULL;NULL;NULL;None;anonymous;NULL;Trial Started;TaskEvent;46953;877a4ae9-5043-4b6b-b35e-95337330fe10;NULL;0.0239;-0.0108;0.0018;4.1648;0.0343;1.6068;NULL;NULL;NULL;NULL;NULL;NULL;NULL;NULL;NULL;;;;;;;;;;;;;0;NULL;-0.1116;-0.6143;0.2227;2.6110;15.3890;24.3687;Palm;NULL;NULL;NULL;NULL;NULL;NULL;NULL;NULL;NULL;NULL;NULL;NULL;NULL;;;;;;;;;;;;;0;NULL;0.1039;-0.2560;0.3444;325.2328;356.1821;332.0281;Palm;NULL;122ed9df-0a02-49d5-9741-6f70481e5b76;NULL;NULL;NULL;NULL;0.0300;0.0000;0.0000;2.0000;OpenLoop;0.0000;2026-03-26 12:06:15.1917;Hands;2;30;OpenXR
NULL;Right;NULL;NULL;Post;NULL;NoMitigation;NULL;NULL;NULL;NULL;NULL;NULL;NULL;NULL;NULL;NULL;None;anonymous;NULL;Trial Accepted;TaskEvent;47260;877a4ae9-5043-4b6b-b35e-95337330fe10;NULL;0.0234;-0.0109;-0.0018;3.9891;359.7916;1.5894;NULL;NULL;NULL;NULL;0.0153;0.0000;2.0000;NULL;NULL;;;;;;;;;;;;;0;NULL;-0.1110;-0.6129;0.2221;3.2516;15.6838;24.5351;Palm;NULL;NULL;NULL;NULL;NULL;NULL;NULL;NULL;NULL;NULL;NULL;NULL;NULL;;;;;;;;;;;;;0;NULL;0.1032;-0.2533;0.3443;323.6663;356.3024;333.7125;Palm;NULL;122ed9df-0a02-49d5-9741-6f70481e5b76;1.5250;NULL;NULL;NULL;NULL;NULL;NULL;NULL;OpenLoop;2.8409;2026-03-26 12:06:18.0300;Hands;2;30;OpenXR
NULL;Right;NULL;NULL;Post;NULL;NoMitigation;NULL;NULL;NULL;NULL;NULL;NULL;NULL;NULL;NULL;NULL;None;anonymous;NULL;Trial Started;TaskEvent;47260;877a4ae9-5043-4b6b-b35e-95337330fe10;NULL;0.0234;-0.0109;-0.0018;3.9891;359.7916;1.5894;NULL;NULL;NULL;NULL;NULL;NULL;NULL;NULL;NULL;;;;;;;;;;;;;0;NULL;-0.1110;-0.6129;0.2221;3.2516;15.6838;24.5351;Palm;NULL;NULL;NULL;NULL;NULL;NULL;NULL;NULL;NULL;NULL;NULL;NULL;NULL;;;;;;;;;;;;;0;NULL;0.1032;-0.2533;0.3443;323.6663;356.3024;333.7125;Palm;NULL;122ed9df-0a02-49d5-9741-6f70481e5b76;NULL;NULL;NULL;NULL;0.0300;0.0000;0.0000;2.0000;OpenLoop;0.0000;2026-03-26 12:06:18.0337;Hands;3;30;OpenXR
NULL;Right;NULL;NULL;Post;NULL;NoMitigation;NULL;NULL;NULL;NULL;NULL;NULL;NULL;NULL;NULL;NULL;None;anonymous;NULL;Trial Accepted;TaskEvent;47550;877a4ae9-5043-4b6b-b35e-95337330fe10;NULL;0.0247;-0.0102;-0.0010;3.6168;359.8517;1.7188;NULL;NULL;NULL;NULL;0.0057;0.0000;2.0000;NULL;NULL;;;;;;;;;;;;;0;NULL;-0.1114;-0.6143;0.2223;3.3327;15.3880;24.7361;Palm;NULL;NULL;NULL;NULL;NULL;NULL;NULL;NULL;NULL;NULL;NULL;NULL;NULL;;;;;;;;;;;;;0;NULL;0.1046;-0.2548;0.3436;323.8268;356.2498;332.4709;Palm;NULL;122ed9df-0a02-49d5-9741-6f70481e5b76;0.5673;NULL;NULL;NULL;NULL;NULL;NULL;NULL;OpenLoop;2.8409;2026-03-26 12:06:20.8695;Hands;3;30;OpenXR
NULL;Right;NULL;NULL;Post;NULL;NoMitigation;NULL;NULL;NULL;NULL;NULL;NULL;NULL;NULL;NULL;NULL;None;anonymous;NULL;Trial Started;TaskEvent;47550;877a4ae9-5043-4b6b-b35e-95337330fe10;NULL;0.0247;-0.0102;-0.0010;3.6168;359.8517;1.7188;NULL;NULL;NULL;NULL;NULL;NULL;NULL;NULL;NULL;;;;;;;;;;;;;0;NULL;-0.1114;-0.6143;0.2223;3.3327;15.3880;24.7361;Palm;NULL;NULL;NULL;NULL;NULL;NULL;NULL;NULL;NULL;NULL;NULL;NULL;NULL;;;;;;;;;;;;;0;NULL;0.1046;-0.2548;0.3436;323.8268;356.2498;332.4709;Palm;NULL;122ed9df-0a02-49d5-9741-6f70481e5b76;NULL;NULL;NULL;NULL;0.0300;0.0000;0.0000;2.0000;OpenLoop;0.0000;2026-03-26 12:06:20.8722;Hands;4;30;OpenXR
NULL;Right;NULL;NULL;Post;NULL;NoMitigation;NULL;NULL;NULL;NULL;NULL;NULL;NULL;NULL;NULL;NULL;None;anonymous;NULL;Trial Accepted;TaskEvent;47889;877a4ae9-5043-4b6b-b35e-95337330fe10;NULL;0.0261;-0.0116;-0.0010;4.2617;0.2772;1.3533;NULL;NULL;NULL;NULL;0.0024;0.0000;2.0000;NULL;NULL;;;;;;;;;;;;;0;NULL;-0.1112;-0.6137;0.2225;3.0495;15.8187;24.4973;Palm;NULL;NULL;NULL;NULL;NULL;NULL;NULL;NULL;NULL;NULL;NULL;NULL;NULL;;;;;;;;;;;;;0;NULL;0.1050;-0.2551;0.3428;323.8431;357.3132;332.0387;Palm;NULL;122ed9df-0a02-49d5-9741-6f70481e5b76;0.2365;NULL;NULL;NULL;NULL;NULL;NULL;NULL;OpenLoop;3.0665;2026-03-26 12:06:23.9376;Hands;4;30;OpenXR
NULL;Right;NULL;NULL;Post;NULL;NoMitigation;NULL;NULL;NULL;NULL;NULL;NULL;NULL;NULL;NULL;NULL;None;anonymous;NULL;Trial Started;TaskEvent;47889;877a4ae9-5043-4b6b-b35e-95337330fe10;NULL;0.0261;-0.0116;-0.0010;4.2617;0.2772;1.3533;NULL;NULL;NULL;NULL;NULL;NULL;NULL;NULL;NULL;;;;;;;;;;;;;0;NULL;-0.1112;-0.6137;0.2225;3.0495;15.8187;24.4973;Palm;NULL;NULL;NULL;NULL;NULL;NULL;NULL;NULL;NULL;NULL;NULL;NULL;NULL;;;;;;;;;;;;;0;NULL;0.1050;-0.2551;0.3428;323.8431;357.3132;332.0387;Palm;NULL;122ed9df-0a02-49d5-9741-6f70481e5b76;NULL;NULL;NULL;NULL;0.0300;0.0000;0.0000;2.0000;OpenLoop;0.0000;2026-03-26 12:06:23.9402;Hands;5;30;OpenXR
NULL;Right;NULL;NULL;Post;NULL;NoMitigation;NULL;NULL;NULL;NULL;NULL;NULL;NULL;NULL;NULL;NULL;None;anonymous;NULL;Trial Accepted;TaskEvent;48219;877a4ae9-5043-4b6b-b35e-95337330fe10;NULL;0.0258;-0.0103;-0.0019;3.6658;0.1141;1.5674;NULL;NULL;NULL;NULL;-0.0163;0.0000;2.0000;NULL;NULL;;;;;;;;;;;;;0;NULL;-0.1112;-0.6127;0.2223;3.5570;15.3138;24.8367;Palm;NULL;NULL;NULL;NULL;NULL;NULL;NULL;NULL;NULL;NULL;NULL;NULL;NULL;;;;;;;;;;;;;0;NULL;0.1044;-0.2550;0.3420;324.0372;356.9472;332.1829;Palm;NULL;122ed9df-0a02-49d5-9741-6f70481e5b76;-1.6313;NULL;NULL;NULL;NULL;NULL;NULL;NULL;OpenLoop;2.9658;2026-03-26 12:06:26.9032;Hands;5;30;OpenXR
NULL;Right;NULL;NULL;Post;NULL;NoMitigation;NULL;NULL;NULL;NULL;NULL;NULL;NULL;NULL;NULL;NULL;None;anonymous;NULL;Trial Started;TaskEvent;48219;877a4ae9-5043-4b6b-b35e-95337330fe10;NULL;0.0258;-0.0103;-0.0019;3.6658;0.1141;1.5674;NULL;NULL;NULL;NULL;NULL;NULL;NULL;NULL;NULL;;;;;;;;;;;;;0;NULL;-0.1112;-0.6127;0.2223;3.5570;15.3138;24.8367;Palm;NULL;NULL;NULL;NULL;NULL;NULL;NULL;NULL;NULL;NULL;NULL;NULL;NULL;;;;;;;;;;;;;0;NULL;0.1044;-0.2550;0.3420;324.0372;356.9472;332.1829;Palm;NULL;122ed9df-0a02-49d5-9741-6f70481e5b76;NULL;NULL;NULL;NULL;0.0300;0.0000;0.0000;2.0000;OpenLoop;0.0000;2026-03-26 12:06:26.9069;Hands;6;30;OpenXR
NULL;Right;NULL;NULL;Post;NULL;NoMitigation;NULL;NULL;NULL;NULL;NULL;NULL;NULL;NULL;NULL;NULL;None;anonymous;NULL;Trial Accepted;TaskEvent;48639;877a4ae9-5043-4b6b-b35e-95337330fe10;NULL;0.0228;-0.0108;0.0014;4.3149;358.8663;1.6755;NULL;NULL;NULL;NULL;0.0196;0.0000;2.0000;NULL;NULL;;;;;;;;;;;;;0;NULL;-0.1126;-0.6146;0.2226;2.9683;15.1495;25.7120;Palm;NULL;NULL;NULL;NULL;NULL;NULL;NULL;NULL;NULL;NULL;NULL;NULL;NULL;;;;;;;;;;;;;0;NULL;0.0810;-0.2462;0.3765;332.6189;359.1492;329.1825;Palm;NULL;122ed9df-0a02-49d5-9741-6f70481e5b76;1.9631;NULL;NULL;NULL;NULL;NULL;NULL;NULL;OpenLoop;3.9987;2026-03-26 12:06:30.9017;Hands;6;30;OpenXR
NULL;Right;NULL;NULL;Post;NULL;NoMitigation;NULL;NULL;NULL;NULL;NULL;NULL;NULL;NULL;NULL;NULL;None;anonymous;NULL;Trial Started;TaskEvent;48639;877a4ae9-5043-4b6b-b35e-95337330fe10;NULL;0.0228;-0.0108;0.0014;4.3149;358.8663;1.6755;NULL;NULL;NULL;NULL;NULL;NULL;NULL;NULL;NULL;;;;;;;;;;;;;0;NULL;-0.1126;-0.6146;0.2226;2.9683;15.1495;25.7120;Palm;NULL;NULL;NULL;NULL;NULL;NULL;NULL;NULL;NULL;NULL;NULL;NULL;NULL;;;;;;;;;;;;;0;NULL;0.0810;-0.2462;0.3765;332.6189;359.1492;329.1825;Palm;NULL;122ed9df-0a02-49d5-9741-6f70481e5b76;NULL;NULL;NULL;NULL;0.0300;0.0000;0.0000;2.0000;OpenLoop;0.0000;2026-03-26 12:06:30.9054;Hands;7;30;OpenXR
NULL;Right;NULL;NULL;Post;NULL;NoMitigation;NULL;NULL;NULL;NULL;NULL;NULL;NULL;NULL;NULL;NULL;None;anonymous;NULL;Trial Accepted;TaskEvent;48978;877a4ae9-5043-4b6b-b35e-95337330fe10;NULL;0.0218;-0.0105;0.0012;3.8914;358.3425;1.8626;NULL;NULL;NULL;NULL;-0.0010;0.0000;2.0000;NULL;NULL;;;;;;;;;;;;;0;NULL;-0.1120;-0.6155;0.2228;2.7203;15.3153;25.4554;Palm;NULL;NULL;NULL;NULL;NULL;NULL;NULL;NULL;NULL;NULL;NULL;NULL;NULL;;;;;;;;;;;;;0;NULL;0.0852;-0.2569;0.3782;331.9612;358.8070;329.7136;Palm;NULL;122ed9df-0a02-49d5-9741-6f70481e5b76;-0.1015;NULL;NULL;NULL;NULL;NULL;NULL;NULL;OpenLoop;3.1077;2026-03-26 12:06:34.0082;Hands;7;30;OpenXR
NULL;Right;NULL;NULL;Post;NULL;NoMitigation;NULL;NULL;NULL;NULL;NULL;NULL;NULL;NULL;NULL;NULL;None;anonymous;NULL;Trial Started;TaskEvent;48978;877a4ae9-5043-4b6b-b35e-95337330fe10;NULL;0.0218;-0.0105;0.0012;3.8914;358.3425;1.8626;NULL;NULL;NULL;NULL;NULL;NULL;NULL;NULL;NULL;;;;;;;;;;;;;0;NULL;-0.1120;-0.6155;0.2228;2.7203;15.3153;25.4554;Palm;NULL;NULL;NULL;NULL;NULL;NULL;NULL;NULL;NULL;NULL;NULL;NULL;NULL;;;;;;;;;;;;;0;NULL;0.0852;-0.2569;0.3782;331.9612;358.8070;329.7136;Palm;NULL;122ed9df-0a02-49d5-9741-6f70481e5b76;NULL;NULL;NULL;NULL;0.0300;0.0000;0.0000;2.0000;OpenLoop;0.0000;2026-03-26 12:06:34.0129;Hands;8;30;OpenXR
NULL;Right;NULL;NULL;Post;NULL;NoMitigation;NULL;NULL;NULL;NULL;NULL;NULL;NULL;NULL;NULL;NULL;None;anonymous;NULL;Trial Accepted;TaskEvent;49550;877a4ae9-5043-4b6b-b35e-95337330fe10;NULL;0.0170;-0.0031;-0.0027;359.9684;357.6714;3.9048;NULL;NULL;NULL;NULL;0.0018;0.0000;2.0000;NULL;NULL;;;;;;;;;;;;;0;NULL;-0.1124;-0.6149;0.2225;2.2084;15.0076;25.8638;Palm;NULL;NULL;NULL;NULL;NULL;NULL;NULL;NULL;NULL;NULL;NULL;NULL;NULL;;;;;;;;;;;;;0;NULL;0.0724;-0.1379;0.4875;333.1476;354.4877;350.4580;Palm;NULL;122ed9df-0a02-49d5-9741-6f70481e5b76;0.1814;NULL;NULL;NULL;NULL;NULL;NULL;NULL;OpenLoop;5.1729;2026-03-26 12:06:39.1824;Hands;8;30;OpenXR
NULL;Right;NULL;NULL;Post;NULL;NoMitigation;NULL;NULL;NULL;NULL;NULL;NULL;NULL;NULL;NULL;NULL;None;anonymous;NULL;Trial Started;TaskEvent;49550;877a4ae9-5043-4b6b-b35e-95337330fe10;NULL;0.0170;-0.0031;-0.0027;359.9684;357.6714;3.9048;NULL;NULL;NULL;NULL;NULL;NULL;NULL;NULL;NULL;;;;;;;;;;;;;0;NULL;-0.1124;-0.6149;0.2225;2.2084;15.0076;25.8638;Palm;NULL;NULL;NULL;NULL;NULL;NULL;NULL;NULL;NULL;NULL;NULL;NULL;NULL;;;;;;;;;;;;;0;NULL;0.0724;-0.1379;0.4875;333.1476;354.4877;350.4580;Palm;NULL;122ed9df-0a02-49d5-9741-6f70481e5b76;NULL;NULL;NULL;NULL;0.0300;0.0000;0.0000;2.0000;OpenLoop;0.0000;2026-03-26 12:06:39.1855;Hands;9;30;OpenXR
NULL;Right;NULL;NULL;Post;NULL;NoMitigation;NULL;NULL;NULL;NULL;NULL;NULL;NULL;NULL;NULL;NULL;None;anonymous;NULL;Trial Accepted;TaskEvent;49862;877a4ae9-5043-4b6b-b35e-95337330fe10;NULL;0.0166;-0.0038;-0.0047;0.0038;357.3043;3.7532;NULL;NULL;NULL;NULL;0.0101;0.0000;2.0000;NULL;NULL;;;;;;;;;;;;;0;NULL;-0.1128;-0.6140;0.2220;1.9447;15.0860;26.0736;Palm;NULL;NULL;NULL;NULL;NULL;NULL;NULL;NULL;NULL;NULL;NULL;NULL;NULL;;;;;;;;;;;;;0;NULL;0.0730;-0.1455;0.4749;333.2997;351.6556;355.1405;Palm;NULL;122ed9df-0a02-49d5-9741-6f70481e5b76;1.0123;NULL;NULL;NULL;NULL;NULL;NULL;NULL;OpenLoop;2.8412;2026-03-26 12:06:42.0234;Hands;9;30;OpenXR
NULL;Right;NULL;NULL;Post;NULL;NoMitigation;NULL;NULL;NULL;NULL;NULL;NULL;NULL;NULL;NULL;NULL;None;anonymous;NULL;Trial Started;TaskEvent;49862;877a4ae9-5043-4b6b-b35e-95337330fe10;NULL;0.0166;-0.0038;-0.0047;0.0038;357.3043;3.7532;NULL;NULL;NULL;NULL;NULL;NULL;NULL;NULL;NULL;;;;;;;;;;;;;0;NULL;-0.1128;-0.6140;0.2220;1.9447;15.0860;26.0736;Palm;NULL;NULL;NULL;NULL;NULL;NULL;NULL;NULL;NULL;NULL;NULL;NULL;NULL;;;;;;;;;;;;;0;NULL;0.0730;-0.1455;0.4749;333.2997;351.6556;355.1405;Palm;NULL;122ed9df-0a02-49d5-9741-6f70481e5b76;NULL;NULL;NULL;NULL;0.0300;0.0000;0.0000;2.0000;OpenLoop;0.0000;2026-03-26 12:06:42.0270;Hands;10;30;OpenXR
NULL;Right;NULL;NULL;Post;NULL;NoMitigation;NULL;NULL;NULL;NULL;NULL;NULL;NULL;NULL;NULL;NULL;None;anonymous;NULL;Trial Accepted;TaskEvent;50178;877a4ae9-5043-4b6b-b35e-95337330fe10;NULL;0.0174;-0.0042;-0.0047;0.0623;357.5350;3.5616;NULL;NULL;NULL;NULL;0.0013;0.0000;2.0000;NULL;NULL;;;;;;;;;;;;;0;NULL;-0.1130;-0.6157;0.2229;1.2031;15.2093;25.4630;Palm;NULL;NULL;NULL;NULL;NULL;NULL;NULL;NULL;NULL;NULL;NULL;NULL;NULL;;;;;;;;;;;;;0;NULL;0.0718;-0.1446;0.4750;332.6960;351.3689;356.6559;Palm;NULL;122ed9df-0a02-49d5-9741-6f70481e5b76;0.1311;NULL;NULL;NULL;NULL;NULL;NULL;NULL;OpenLoop;2.9818;2026-03-26 12:06:45.0050;Hands;10;30;OpenXR
NULL;Right;NULL;NULL;Post;NULL;NoMitigation;NULL;NULL;NULL;NULL;NULL;NULL;NULL;NULL;NULL;NULL;None;anonymous;NULL;Trial Started;TaskEvent;50178;877a4ae9-5043-4b6b-b35e-95337330fe10;NULL;0.0174;-0.0042;-0.0047;0.0623;357.5350;3.5616;NULL;NULL;NULL;NULL;NULL;NULL;NULL;NULL;NULL;;;;;;;;;;;;;0;NULL;-0.1130;-0.6157;0.2229;1.2031;15.2093;25.4630;Palm;NULL;NULL;NULL;NULL;NULL;NULL;NULL;NULL;NULL;NULL;NULL;NULL;NULL;;;;;;;;;;;;;0;NULL;0.0718;-0.1446;0.4750;332.6960;351.3689;356.6559;Palm;NULL;122ed9df-0a02-49d5-9741-6f70481e5b76;NULL;NULL;NULL;NULL;0.0300;0.0000;0.0000;2.0000;OpenLoop;0.0000;2026-03-26 12:06:45.0076;Hands;11;30;OpenXR
NULL;Right;NULL;NULL;Post;NULL;NoMitigation;NULL;NULL;NULL;NULL;NULL;NULL;NULL;NULL;NULL;NULL;None;anonymous;NULL;Trial Accepted;TaskEvent;50457;877a4ae9-5043-4b6b-b35e-95337330fe10;NULL;0.0181;-0.0033;-0.0060;359.7704;357.7255;3.4098;NULL;NULL;NULL;NULL;0.0060;0.0000;2.0000;NULL;NULL;;;;;;;;;;;;;0;NULL;-0.1124;-0.6148;0.2225;1.6412;15.0922;26.1186;Palm;NULL;NULL;NULL;NULL;NULL;NULL;NULL;NULL;NULL;NULL;NULL;NULL;NULL;;;;;;;;;;;;;0;NULL;0.0710;-0.1424;0.4737;332.4246;350.2407;357.9462;Palm;NULL;122ed9df-0a02-49d5-9741-6f70481e5b76;0.5987;NULL;NULL;NULL;NULL;NULL;NULL;NULL;OpenLoop;2.5336;2026-03-26 12:06:47.5383;Hands;11;30;OpenXR
NULL;Right;NULL;NULL;Post;NULL;NoMitigation;NULL;NULL;NULL;NULL;NULL;NULL;NULL;NULL;NULL;NULL;None;anonymous;NULL;Trial Started;TaskEvent;50457;877a4ae9-5043-4b6b-b35e-95337330fe10;NULL;0.0181;-0.0033;-0.0060;359.7704;357.7255;3.4098;NULL;NULL;NULL;NULL;NULL;NULL;NULL;NULL;NULL;;;;;;;;;;;;;0;NULL;-0.1124;-0.6148;0.2225;1.6412;15.0922;26.1186;Palm;NULL;NULL;NULL;NULL;NULL;NULL;NULL;NULL;NULL;NULL;NULL;NULL;NULL;;;;;;;;;;;;;0;NULL;0.0710;-0.1424;0.4737;332.4246;350.2407;357.9462;Palm;NULL;122ed9df-0a02-49d5-9741-6f70481e5b76;NULL;NULL;NULL;NULL;0.0300;0.0000;0.0000;2.0000;OpenLoop;0.0000;2026-03-26 12:06:47.5424;Hands;12;30;OpenXR
NULL;Right;NULL;NULL;Post;NULL;NoMitigation;NULL;NULL;NULL;NULL;NULL;NULL;NULL;NULL;NULL;NULL;None;anonymous;NULL;Trial Accepted;TaskEvent;50747;877a4ae9-5043-4b6b-b35e-95337330fe10;NULL;0.0165;-0.0042;-0.0060;0.1094;357.5021;3.7785;NULL;NULL;NULL;NULL;-0.0036;0.0000;2.0000;NULL;NULL;;;;;;;;;;;;;0;NULL;-0.1127;-0.6144;0.2224;1.7878;14.9638;25.6284;Palm;NULL;NULL;NULL;NULL;NULL;NULL;NULL;NULL;NULL;NULL;NULL;NULL;NULL;;;;;;;;;;;;;0;NULL;0.0695;-0.1418;0.4716;332.2197;349.7078;358.4819;Palm;NULL;122ed9df-0a02-49d5-9741-6f70481e5b76;-0.3648;NULL;NULL;NULL;NULL;NULL;NULL;NULL;OpenLoop;2.7170;2026-03-26 12:06:50.2567;Hands;12;30;OpenXR
NULL;Right;NULL;NULL;Post;NULL;NoMitigation;NULL;NULL;NULL;NULL;NULL;NULL;NULL;NULL;NULL;NULL;None;anonymous;NULL;Trial Started;TaskEvent;50747;877a4ae9-5043-4b6b-b35e-95337330fe10;NULL;0.0165;-0.0042;-0.0060;0.1094;357.5021;3.7785;NULL;NULL;NULL;NULL;NULL;NULL;NULL;NULL;NULL;;;;;;;;;;;;;0;NULL;-0.1127;-0.6144;0.2224;1.7878;14.9638;25.6284;Palm;NULL;NULL;NULL;NULL;NULL;NULL;NULL;NULL;NULL;NULL;NULL;NULL;NULL;;;;;;;;;;;;;0;NULL;0.0695;-0.1418;0.4716;332.2197;349.7078;358.4819;Palm;NULL;122ed9df-0a02-49d5-9741-6f70481e5b76;NULL;NULL;NULL;NULL;0.0300;0.0000;0.0000;2.0000;OpenLoop;0.0000;2026-03-26 12:06:50.2598;Hands;13;30;OpenXR
NULL;Right;NULL;NULL;Post;NULL;NoMitigation;NULL;NULL;NULL;NULL;NULL;NULL;NULL;NULL;NULL;NULL;None;anonymous;NULL;Trial Accepted;TaskEvent;51052;877a4ae9-5043-4b6b-b35e-95337330fe10;NULL;0.0177;-0.0045;-0.0081;359.9544;357.6482;3.6011;NULL;NULL;NULL;NULL;0.0000;0.0000;2.0000;NULL;NULL;;;;;;;;;;;;;0;NULL;-0.1129;-0.6148;0.2220;1.8788;14.9341;25.8808;Palm;NULL;NULL;NULL;NULL;NULL;NULL;NULL;NULL;NULL;NULL;NULL;NULL;NULL;;;;;;;;;;;;;0;NULL;0.0700;-0.1424;0.4729;329.9970;347.7638;1.2173;Palm;NULL;122ed9df-0a02-49d5-9741-6f70481e5b76;-0.0020;NULL;NULL;NULL;NULL;NULL;NULL;NULL;OpenLoop;2.7584;2026-03-26 12:06:53.0137;Hands;13;30;OpenXR
NULL;Right;NULL;NULL;Post;NULL;NoMitigation;NULL;NULL;NULL;NULL;NULL;NULL;NULL;NULL;NULL;NULL;None;anonymous;NULL;Trial Started;TaskEvent;51052;877a4ae9-5043-4b6b-b35e-95337330fe10;NULL;0.0177;-0.0045;-0.0081;359.9544;357.6482;3.6011;NULL;NULL;NULL;NULL;NULL;NULL;NULL;NULL;NULL;;;;;;;;;;;;;0;NULL;-0.1129;-0.6148;0.2220;1.8788;14.9341;25.8808;Palm;NULL;NULL;NULL;NULL;NULL;NULL;NULL;NULL;NULL;NULL;NULL;NULL;NULL;;;;;;;;;;;;;0;NULL;0.0700;-0.1424;0.4729;329.9970;347.7638;1.2173;Palm;NULL;122ed9df-0a02-49d5-9741-6f70481e5b76;NULL;NULL;NULL;NULL;0.0300;0.0000;0.0000;2.0000;OpenLoop;0.0000;2026-03-26 12:06:53.0181;Hands;14;30;OpenXR
NULL;Right;NULL;NULL;Post;NULL;NoMitigation;NULL;NULL;NULL;NULL;NULL;NULL;NULL;NULL;NULL;NULL;None;anonymous;NULL;Trial Accepted;TaskEvent;51759;877a4ae9-5043-4b6b-b35e-95337330fe10;NULL;0.0247;-0.0050;-0.0111;359.8161;358.0284;1.9115;NULL;NULL;NULL;NULL;0.0140;0.0000;2.0000;NULL;NULL;;;;;;;;;;;;;0;NULL;-0.1123;-0.6106;0.2210;1.6642;14.5311;25.8869;Palm;NULL;NULL;NULL;NULL;NULL;NULL;NULL;NULL;NULL;NULL;NULL;NULL;NULL;;;;;;;;;;;;;0;NULL;0.0925;-0.1629;0.4698;335.7356;352.0919;345.3172;Palm;NULL;122ed9df-0a02-49d5-9741-6f70481e5b76;1.3989;NULL;NULL;NULL;NULL;NULL;NULL;NULL;OpenLoop;7.3495;2026-03-26 12:07:00.7024;Hands;14;30;OpenXR
NULL;Right;NULL;NULL;Post;NULL;NoMitigation;NULL;NULL;NULL;NULL;NULL;NULL;NULL;NULL;NULL;NULL;None;anonymous;NULL;Trial Started;TaskEvent;51759;877a4ae9-5043-4b6b-b35e-95337330fe10;NULL;0.0247;-0.0050;-0.0111;359.8161;358.0284;1.9115;NULL;NULL;NULL;NULL;NULL;NULL;NULL;NULL;NULL;;;;;;;;;;;;;0;NULL;-0.1123;-0.6106;0.2210;1.6642;14.5311;25.8869;Palm;NULL;NULL;NULL;NULL;NULL;NULL;NULL;NULL;NULL;NULL;NULL;NULL;NULL;;;;;;;;;;;;;0;NULL;0.0925;-0.1629;0.4698;335.7356;352.0919;345.3172;Palm;NULL;122ed9df-0a02-49d5-9741-6f70481e5b76;NULL;NULL;NULL;NULL;0.0300;0.0000;0.0000;2.0000;OpenLoop;0.0000;2026-03-26 12:07:00.7055;Hands;15;30;OpenXR
NULL;Right;NULL;NULL;Post;NULL;NoMitigation;NULL;NULL;NULL;NULL;NULL;NULL;NULL;NULL;NULL;NULL;None;anonymous;NULL;Trial Accepted;TaskEvent;52064;877a4ae9-5043-4b6b-b35e-95337330fe10;NULL;0.0261;-0.0046;-0.0101;359.4912;358.0750;1.6006;NULL;NULL;NULL;NULL;0.0157;0.0000;2.0000;NULL;NULL;;;;;;;;;;;;;0;NULL;-0.1124;-0.6124;0.2213;1.9417;14.5982;26.0518;Palm;NULL;NULL;NULL;NULL;NULL;NULL;NULL;NULL;NULL;NULL;NULL;NULL;NULL;;;;;;;;;;;;;0;NULL;0.0921;-0.1691;0.4682;336.7778;352.4755;345.6028;Palm;NULL;122ed9df-0a02-49d5-9741-6f70481e5b76;1.5708;NULL;NULL;NULL;NULL;NULL;NULL;NULL;OpenLoop;2.6826;2026-03-26 12:07:03.3850;Hands;15;30;OpenXR
NULL;Right;NULL;NULL;Post;NULL;NoMitigation;NULL;NULL;NULL;NULL;NULL;NULL;NULL;NULL;NULL;NULL;None;anonymous;NULL;Trial Started;TaskEvent;52064;877a4ae9-5043-4b6b-b35e-95337330fe10;NULL;0.0261;-0.0046;-0.0101;359.4912;358.0750;1.6006;NULL;NULL;NULL;NULL;NULL;NULL;NULL;NULL;NULL;;;;;;;;;;;;;0;NULL;-0.1124;-0.6124;0.2213;1.9417;14.5982;26.0518;Palm;NULL;NULL;NULL;NULL;NULL;NULL;NULL;NULL;NULL;NULL;NULL;NULL;NULL;;;;;;;;;;;;;0;NULL;0.0921;-0.1691;0.4682;336.7778;352.4755;345.6028;Palm;NULL;122ed9df-0a02-49d5-9741-6f70481e5b76;NULL;NULL;NULL;NULL;0.0300;0.0000;0.0000;2.0000;OpenLoop;0.0000;2026-03-26 12:07:03.3899;Hands;16;30;OpenXR
NULL;Right;NULL;NULL;Post;NULL;NoMitigation;NULL;NULL;NULL;NULL;NULL;NULL;NULL;NULL;NULL;NULL;None;anonymous;NULL;Trial Accepted;TaskEvent;52373;877a4ae9-5043-4b6b-b35e-95337330fe10;NULL;0.0257;-0.0051;-0.0101;359.7218;358.1114;1.7564;NULL;NULL;NULL;NULL;-0.0187;0.0000;2.0000;NULL;NULL;;;;;;;;;;;;;0;NULL;-0.1124;-0.6109;0.2211;2.1747;14.5975;26.0690;Palm;NULL;NULL;NULL;NULL;NULL;NULL;NULL;NULL;NULL;NULL;NULL;NULL;NULL;;;;;;;;;;;;;0;NULL;0.0940;-0.1671;0.4694;335.3347;351.8057;345.6237;Palm;NULL;122ed9df-0a02-49d5-9741-6f70481e5b76;-1.8720;NULL;NULL;NULL;NULL;NULL;NULL;NULL;OpenLoop;2.8316;2026-03-26 12:07:06.2179;Hands;16;30;OpenXR
NULL;Right;NULL;NULL;Post;NULL;NoMitigation;NULL;NULL;NULL;NULL;NULL;NULL;NULL;NULL;NULL;NULL;None;anonymous;NULL;Trial Started;TaskEvent;52373;877a4ae9-5043-4b6b-b35e-95337330fe10;NULL;0.0257;-0.0051;-0.0101;359.7218;358.1114;1.7564;NULL;NULL;NULL;NULL;NULL;NULL;NULL;NULL;NULL;;;;;;;;;;;;;0;NULL;-0.1124;-0.6109;0.2211;2.1747;14.5975;26.0690;Palm;NULL;NULL;NULL;NULL;NULL;NULL;NULL;NULL;NULL;NULL;NULL;NULL;NULL;;;;;;;;;;;;;0;NULL;0.0940;-0.1671;0.4694;335.3347;351.8057;345.6237;Palm;NULL;122ed9df-0a02-49d5-9741-6f70481e5b76;NULL;NULL;NULL;NULL;0.0300;0.0000;0.0000;2.0000;OpenLoop;0.0000;2026-03-26 12:07:06.2216;Hands;17;30;OpenXR
NULL;Right;NULL;NULL;Post;NULL;NoMitigation;NULL;NULL;NULL;NULL;NULL;NULL;NULL;NULL;NULL;NULL;None;anonymous;NULL;Trial Accepted;TaskEvent;52748;877a4ae9-5043-4b6b-b35e-95337330fe10;NULL;0.0270;-0.0043;-0.0100;359.5285;358.7374;1.8946;NULL;NULL;NULL;NULL;0.0007;0.0000;2.0000;NULL;NULL;;;;;;;;;;;;;0;NULL;-0.1129;-0.6122;0.2212;2.3117;14.4447;26.4131;Palm;NULL;NULL;NULL;NULL;NULL;NULL;NULL;NULL;NULL;NULL;NULL;NULL;NULL;;;;;;;;;;;;;0;NULL;0.0941;-0.1657;0.4699;335.4615;351.8145;346.0851;Palm;NULL;122ed9df-0a02-49d5-9741-6f70481e5b76;0.0739;NULL;NULL;NULL;NULL;NULL;NULL;NULL;OpenLoop;3.4743;2026-03-26 12:07:09.6919;Hands;17;30;OpenXR
NULL;Right;NULL;NULL;Post;NULL;NoMitigation;NULL;NULL;NULL;NULL;NULL;NULL;NULL;NULL;NULL;NULL;None;anonymous;NULL;Trial Started;TaskEvent;52748;877a4ae9-5043-4b6b-b35e-95337330fe10;NULL;0.0270;-0.0043;-0.0100;359.5285;358.7374;1.8946;NULL;NULL;NULL;NULL;NULL;NULL;NULL;NULL;NULL;;;;;;;;;;;;;0;NULL;-0.1129;-0.6122;0.2212;2.3117;14.4447;26.4131;Palm;NULL;NULL;NULL;NULL;NULL;NULL;NULL;NULL;NULL;NULL;NULL;NULL;NULL;;;;;;;;;;;;;0;NULL;0.0941;-0.1657;0.4699;335.4615;351.8145;346.0851;Palm;NULL;122ed9df-0a02-49d5-9741-6f70481e5b76;NULL;NULL;NULL;NULL;0.0300;0.0000;0.0000;2.0000;OpenLoop;0.0000;2026-03-26 12:07:09.6965;Hands;18;30;OpenXR
NULL;Right;NULL;NULL;Post;NULL;NoMitigation;NULL;NULL;NULL;NULL;NULL;NULL;NULL;NULL;NULL;NULL;None;anonymous;NULL;Trial Accepted;TaskEvent;53051;877a4ae9-5043-4b6b-b35e-95337330fe10;NULL;0.0283;-0.0044;-0.0088;359.6732;358.8611;1.3689;NULL;NULL;NULL;NULL;0.0102;0.0000;2.0000;NULL;NULL;;;;;;;;;;;;;0;NULL;-0.1123;-0.6103;0.2205;2.3166;14.2336;26.4010;Palm;NULL;NULL;NULL;NULL;NULL;NULL;NULL;NULL;NULL;NULL;NULL;NULL;NULL;;;;;;;;;;;;;0;NULL;0.0925;-0.1667;0.4695;335.4076;351.1226;346.1010;Palm;NULL;122ed9df-0a02-49d5-9741-6f70481e5b76;1.0214;NULL;NULL;NULL;NULL;NULL;NULL;NULL;OpenLoop;2.7325;2026-03-26 12:07:12.4238;Hands;18;30;OpenXR
NULL;Right;NULL;NULL;Post;NULL;NoMitigation;NULL;NULL;NULL;NULL;NULL;NULL;NULL;NULL;NULL;NULL;None;anonymous;NULL;Trial Started;TaskEvent;53051;877a4ae9-5043-4b6b-b35e-95337330fe10;NULL;0.0283;-0.0044;-0.0088;359.6732;358.8611;1.3689;NULL;NULL;NULL;NULL;NULL;NULL;NULL;NULL;NULL;;;;;;;;;;;;;0;NULL;-0.1123;-0.6103;0.2205;2.3166;14.2336;26.4010;Palm;NULL;NULL;NULL;NULL;NULL;NULL;NULL;NULL;NULL;NULL;NULL;NULL;NULL;;;;;;;;;;;;;0;NULL;0.0925;-0.1667;0.4695;335.4076;351.1226;346.1010;Palm;NULL;122ed9df-0a02-49d5-9741-6f70481e5b76;NULL;NULL;NULL;NULL;0.0300;0.0000;0.0000;2.0000;OpenLoop;0.0000;2026-03-26 12:07:12.4264;Hands;19;30;OpenXR
NULL;Right;NULL;NULL;Post;NULL;NoMitigation;NULL;NULL;NULL;NULL;NULL;NULL;NULL;NULL;NULL;NULL;None;anonymous;NULL;Trial Accepted;TaskEvent;53498;877a4ae9-5043-4b6b-b35e-95337330fe10;NULL;0.0294;-0.0030;-0.0106;358.7074;358.9484;0.9870;NULL;NULL;NULL;NULL;0.0110;0.0000;2.0000;NULL;NULL;;;;;;;;;;;;;0;NULL;-0.1122;-0.6102;0.2202;1.7192;14.0897;26.2378;Palm;NULL;NULL;NULL;NULL;NULL;NULL;NULL;NULL;NULL;NULL;NULL;NULL;NULL;;;;;;;;;;;;;0;NULL;0.0997;-0.1917;0.4609;336.9555;351.1104;342.3129;Palm;NULL;122ed9df-0a02-49d5-9741-6f70481e5b76;1.1026;NULL;NULL;NULL;NULL;NULL;NULL;NULL;OpenLoop;4.0326;2026-03-26 12:07:16.4573;Hands;19;30;OpenXR
NULL;Right;NULL;NULL;Post;NULL;NoMitigation;NULL;NULL;NULL;NULL;NULL;NULL;NULL;NULL;NULL;NULL;None;anonymous;NULL;Trial Started;TaskEvent;53498;877a4ae9-5043-4b6b-b35e-95337330fe10;NULL;0.0294;-0.0030;-0.0106;358.7074;358.9484;0.9870;NULL;NULL;NULL;NULL;NULL;NULL;NULL;NULL;NULL;;;;;;;;;;;;;0;NULL;-0.1122;-0.6102;0.2202;1.7192;14.0897;26.2378;Palm;NULL;NULL;NULL;NULL;NULL;NULL;NULL;NULL;NULL;NULL;NULL;NULL;NULL;;;;;;;;;;;;;0;NULL;0.0997;-0.1917;0.4609;336.9555;351.1104;342.3129;Palm;NULL;122ed9df-0a02-49d5-9741-6f70481e5b76;NULL;NULL;NULL;NULL;0.0300;0.0000;0.0000;2.0000;OpenLoop;0.0000;2026-03-26 12:07:16.4620;Hands;20;30;OpenXR
NULL;Right;NULL;NULL;Post;NULL;NoMitigation;NULL;NULL;NULL;NULL;NULL;NULL;NULL;NULL;NULL;NULL;None;anonymous;NULL;Trial Accepted;TaskEvent;53795;877a4ae9-5043-4b6b-b35e-95337330fe10;NULL;0.0307;-0.0037;-0.0088;359.0466;359.5022;0.8241;NULL;NULL;NULL;NULL;0.0053;0.0000;2.0000;NULL;NULL;;;;;;;;;;;;;0;NULL;-0.1125;-0.6115;0.2208;1.7367;14.3726;26.1921;Palm;NULL;NULL;NULL;NULL;NULL;NULL;NULL;NULL;NULL;NULL;NULL;NULL;NULL;;;;;;;;;;;;;0;NULL;0.0992;-0.1823;0.4570;338.5277;351.6810;340.9795;Palm;NULL;122ed9df-0a02-49d5-9741-6f70481e5b76;0.5348;NULL;NULL;NULL;NULL;NULL;NULL;NULL;OpenLoop;2.8328;2026-03-26 12:07:19.2893;Hands;20;30;OpenXR
NULL;Right;NULL;NULL;Post;NULL;NoMitigation;NULL;NULL;NULL;NULL;NULL;NULL;NULL;NULL;NULL;NULL;None;anonymous;NULL;Trial Started;TaskEvent;53795;877a4ae9-5043-4b6b-b35e-95337330fe10;NULL;0.0307;-0.0037;-0.0088;359.0466;359.5022;0.8241;NULL;NULL;NULL;NULL;NULL;NULL;NULL;NULL;NULL;;;;;;;;;;;;;0;NULL;-0.1125;-0.6115;0.2208;1.7367;14.3726;26.1921;Palm;NULL;NULL;NULL;NULL;NULL;NULL;NULL;NULL;NULL;NULL;NULL;NULL;NULL;;;;;;;;;;;;;0;NULL;0.0992;-0.1823;0.4570;338.5277;351.6810;340.9795;Palm;NULL;122ed9df-0a02-49d5-9741-6f70481e5b76;NULL;NULL;NULL;NULL;0.0300;0.0000;0.0000;2.0000;OpenLoop;0.0000;2026-03-26 12:07:19.2924;Hands;21;30;OpenXR
NULL;Right;NULL;NULL;Post;NULL;NoMitigation;NULL;NULL;NULL;NULL;NULL;NULL;NULL;NULL;NULL;NULL;None;anonymous;NULL;Trial Accepted;TaskEvent;54109;877a4ae9-5043-4b6b-b35e-95337330fe10;NULL;0.0338;-0.0047;-0.0080;359.8210;0.6402;359.2990;NULL;NULL;NULL;NULL;0.0448;0.0000;2.0000;NULL;NULL;;;;;;;;;;;;;0;NULL;-0.1125;-0.6133;0.2215;0.0737;14.6324;25.9496;Palm;NULL;NULL;NULL;NULL;NULL;NULL;NULL;NULL;NULL;NULL;NULL;NULL;NULL;;;;;;;;;;;;;0;NULL;0.0965;-0.1844;0.4600;339.6248;350.5532;342.5433;Palm;NULL;122ed9df-0a02-49d5-9741-6f70481e5b76;4.4772;NULL;NULL;NULL;NULL;NULL;NULL;NULL;OpenLoop;2.9401;2026-03-26 12:07:22.2283;Hands;21;30;OpenXR
NULL;Right;NULL;NULL;Post;NULL;NoMitigation;NULL;NULL;NULL;NULL;NULL;NULL;NULL;NULL;NULL;NULL;None;anonymous;NULL;Trial Started;TaskEvent;54109;877a4ae9-5043-4b6b-b35e-95337330fe10;NULL;0.0338;-0.0047;-0.0080;359.8210;0.6402;359.2990;NULL;NULL;NULL;NULL;NULL;NULL;NULL;NULL;NULL;;;;;;;;;;;;;0;NULL;-0.1125;-0.6133;0.2215;0.0737;14.6324;25.9496;Palm;NULL;NULL;NULL;NULL;NULL;NULL;NULL;NULL;NULL;NULL;NULL;NULL;NULL;;;;;;;;;;;;;0;NULL;0.0965;-0.1844;0.4600;339.6248;350.5532;342.5433;Palm;NULL;122ed9df-0a02-49d5-9741-6f70481e5b76;NULL;NULL;NULL;NULL;0.0300;0.0000;0.0000;2.0000;OpenLoop;0.0000;2026-03-26 12:07:22.2319;Hands;22;30;OpenXR
NULL;Right;NULL;NULL;Post;NULL;NoMitigation;NULL;NULL;NULL;NULL;NULL;NULL;NULL;NULL;NULL;NULL;None;anonymous;NULL;Trial Accepted;TaskEvent;54414;877a4ae9-5043-4b6b-b35e-95337330fe10;NULL;0.0298;-0.0017;-0.0034;358.9807;358.7152;0.5688;NULL;NULL;NULL;NULL;0.0925;0.0000;2.0000;NULL;NULL;;;;;;;;;;;;;0;NULL;-0.0805;-0.4684;0.1896;37.1251;50.9126;20.6854;Palm;NULL;NULL;NULL;NULL;NULL;NULL;NULL;NULL;NULL;NULL;NULL;NULL;NULL;;;;;;;;;;;;;0;NULL;0.1072;-0.1732;0.4606;339.0543;353.4069;344.0883;Palm;NULL;122ed9df-0a02-49d5-9741-6f70481e5b76;9.2500;NULL;NULL;NULL;NULL;NULL;NULL;NULL;OpenLoop;2.7582;2026-03-26 12:07:24.9874;Hands;22;30;OpenXR
NULL;Right;NULL;NULL;Post;NULL;NoMitigation;NULL;NULL;NULL;NULL;NULL;NULL;NULL;NULL;NULL;NULL;None;anonymous;NULL;Trial Started;TaskEvent;54414;877a4ae9-5043-4b6b-b35e-95337330fe10;NULL;0.0298;-0.0017;-0.0034;358.9807;358.7152;0.5688;NULL;NULL;NULL;NULL;NULL;NULL;NULL;NULL;NULL;;;;;;;;;;;;;0;NULL;-0.0805;-0.4684;0.1896;37.1251;50.9126;20.6854;Palm;NULL;NULL;NULL;NULL;NULL;NULL;NULL;NULL;NULL;NULL;NULL;NULL;NULL;;;;;;;;;;;;;0;NULL;0.1072;-0.1732;0.4606;339.0543;353.4069;344.0883;Palm;NULL;122ed9df-0a02-49d5-9741-6f70481e5b76;NULL;NULL;NULL;NULL;0.0300;0.0000;0.0000;2.0000;OpenLoop;0.0000;2026-03-26 12:07:24.9900;Hands;23;30;OpenXR
NULL;Right;NULL;NULL;Post;NULL;NoMitigation;NULL;NULL;NULL;NULL;NULL;NULL;NULL;NULL;NULL;NULL;None;anonymous;NULL;Trial Accepted;TaskEvent;54725;877a4ae9-5043-4b6b-b35e-95337330fe10;NULL;0.0311;-0.0018;-0.0053;358.8871;359.4327;359.9655;NULL;NULL;NULL;NULL;0.0348;0.0000;2.0000;NULL;NULL;;;;;;;;;;;;;0;NULL;-0.1164;-0.6133;0.2277;6.0440;13.8760;25.4117;Palm;NULL;NULL;NULL;NULL;NULL;NULL;NULL;NULL;NULL;NULL;NULL;NULL;NULL;;;;;;;;;;;;;0;NULL;0.1017;-0.1763;0.4566;338.4709;352.1821;344.2597;Palm;NULL;122ed9df-0a02-49d5-9741-6f70481e5b76;3.4782;NULL;NULL;NULL;NULL;NULL;NULL;NULL;OpenLoop;2.8158;2026-03-26 12:07:27.8034;Hands;23;30;OpenXR
NULL;Right;NULL;NULL;Post;NULL;NoMitigation;NULL;NULL;NULL;NULL;NULL;NULL;NULL;NULL;NULL;NULL;None;anonymous;NULL;Trial Started;TaskEvent;54725;877a4ae9-5043-4b6b-b35e-95337330fe10;NULL;0.0311;-0.0018;-0.0053;358.8871;359.4327;359.9655;NULL;NULL;NULL;NULL;NULL;NULL;NULL;NULL;NULL;;;;;;;;;;;;;0;NULL;-0.1164;-0.6133;0.2277;6.0440;13.8760;25.4117;Palm;NULL;NULL;NULL;NULL;NULL;NULL;NULL;NULL;NULL;NULL;NULL;NULL;NULL;;;;;;;;;;;;;0;NULL;0.1017;-0.1763;0.4566;338.4709;352.1821;344.2597;Palm;NULL;122ed9df-0a02-49d5-9741-6f70481e5b76;NULL;NULL;NULL;NULL;0.0300;0.0000;0.0000;2.0000;OpenLoop;0.0000;2026-03-26 12:07:27.8061;Hands;24;30;OpenXR
NULL;Right;NULL;NULL;Post;NULL;NoMitigation;NULL;NULL;NULL;NULL;NULL;NULL;NULL;NULL;NULL;NULL;None;anonymous;NULL;Trial Accepted;TaskEvent;55033;877a4ae9-5043-4b6b-b35e-95337330fe10;NULL;0.0305;-0.0018;0.0007;359.0324;359.1877;0.1419;NULL;NULL;NULL;NULL;0.0157;0.0000;2.0000;NULL;NULL;;;;;;;;;;;;;0;NULL;-0.1180;-0.6131;0.2260;4.3156;12.6778;23.6864;Palm;NULL;NULL;NULL;NULL;NULL;NULL;NULL;NULL;NULL;NULL;NULL;NULL;NULL;;;;;;;;;;;;;0;NULL;0.1008;-0.1759;0.4617;337.8625;351.1044;344.5689;Palm;NULL;122ed9df-0a02-49d5-9741-6f70481e5b76;1.5701;NULL;NULL;NULL;NULL;NULL;NULL;NULL;OpenLoop;2.8145;2026-03-26 12:07:30.6182;Hands;24;30;OpenXR
NULL;Right;NULL;NULL;Post;NULL;NoMitigation;NULL;NULL;NULL;NULL;NULL;NULL;NULL;NULL;NULL;NULL;None;anonymous;NULL;Trial Started;TaskEvent;55033;877a4ae9-5043-4b6b-b35e-95337330fe10;NULL;0.0305;-0.0018;0.0007;359.0324;359.1877;0.1419;NULL;NULL;NULL;NULL;NULL;NULL;NULL;NULL;NULL;;;;;;;;;;;;;0;NULL;-0.1180;-0.6131;0.2260;4.3156;12.6778;23.6864;Palm;NULL;NULL;NULL;NULL;NULL;NULL;NULL;NULL;NULL;NULL;NULL;NULL;NULL;;;;;;;;;;;;;0;NULL;0.1008;-0.1759;0.4617;337.8625;351.1044;344.5689;Palm;NULL;122ed9df-0a02-49d5-9741-6f70481e5b76;NULL;NULL;NULL;NULL;0.0300;0.0000;0.0000;2.0000;OpenLoop;0.0000;2026-03-26 12:07:30.6224;Hands;25;30;OpenXR
NULL;Right;NULL;NULL;Post;NULL;NoMitigation;NULL;NULL;NULL;NULL;NULL;NULL;NULL;NULL;NULL;NULL;None;anonymous;NULL;Trial Accepted;TaskEvent;55318;877a4ae9-5043-4b6b-b35e-95337330fe10;NULL;0.0289;0.0080;-0.0013;352.7312;358.4061;359.4544;NULL;NULL;NULL;NULL;0.0477;0.0000;2.0000;NULL;NULL;;;;;;;;;;;;;0;NULL;-0.1187;-0.6121;0.2243;3.8017;12.0052;25.5070;Palm;NULL;NULL;NULL;NULL;NULL;NULL;NULL;NULL;NULL;NULL;NULL;NULL;NULL;;;;;;;;;;;;;0;NULL;0.0978;-0.1730;0.4590;340.0874;351.4846;343.6660;Palm;NULL;122ed9df-0a02-49d5-9741-6f70481e5b76;4.7667;NULL;NULL;NULL;NULL;NULL;NULL;NULL;OpenLoop;2.7586;2026-03-26 12:07:33.3767;Hands;25;30;OpenXR
NULL;Right;NULL;NULL;Post;NULL;NoMitigation;NULL;NULL;NULL;NULL;NULL;NULL;NULL;NULL;NULL;NULL;None;anonymous;NULL;Trial Started;TaskEvent;55318;877a4ae9-5043-4b6b-b35e-95337330fe10;NULL;0.0289;0.0080;-0.0013;352.7312;358.4061;359.4544;NULL;NULL;NULL;NULL;NULL;NULL;NULL;NULL;NULL;;;;;;;;;;;;;0;NULL;-0.1187;-0.6121;0.2243;3.8017;12.0052;25.5070;Palm;NULL;NULL;NULL;NULL;NULL;NULL;NULL;NULL;NULL;NULL;NULL;NULL;NULL;;;;;;;;;;;;;0;NULL;0.0978;-0.1730;0.4590;340.0874;351.4846;343.6660;Palm;NULL;122ed9df-0a02-49d5-9741-6f70481e5b76;NULL;NULL;NULL;NULL;0.0300;0.0000;0.0000;2.0000;OpenLoop;0.0000;2026-03-26 12:07:33.3805;Hands;26;30;OpenXR
NULL;Right;NULL;NULL;Post;NULL;NoMitigation;NULL;NULL;NULL;NULL;NULL;NULL;NULL;NULL;NULL;NULL;None;anonymous;NULL;Trial Accepted;TaskEvent;55627;877a4ae9-5043-4b6b-b35e-95337330fe10;NULL;0.0319;0.0012;-0.0020;356.8283;359.2656;359.6847;NULL;NULL;NULL;NULL;-0.0161;0.0000;2.0000;NULL;NULL;;;;;;;;;;;;;0;NULL;-0.1191;-0.6111;0.2246;4.5793;12.2042;24.3646;Palm;NULL;NULL;NULL;NULL;NULL;NULL;NULL;NULL;NULL;NULL;NULL;NULL;NULL;;;;;;;;;;;;;0;NULL;0.1004;-0.1700;0.4611;338.3922;351.8673;344.3308;Palm;NULL;122ed9df-0a02-49d5-9741-6f70481e5b76;-1.6071;NULL;NULL;NULL;NULL;NULL;NULL;NULL;OpenLoop;2.8409;2026-03-26 12:07:36.2180;Hands;26;30;OpenXR
NULL;Right;NULL;NULL;Post;NULL;NoMitigation;NULL;NULL;NULL;NULL;NULL;NULL;NULL;NULL;NULL;NULL;None;anonymous;NULL;Trial Started;TaskEvent;55627;877a4ae9-5043-4b6b-b35e-95337330fe10;NULL;0.0319;0.0012;-0.0020;356.8283;359.2656;359.6847;NULL;NULL;NULL;NULL;NULL;NULL;NULL;NULL;NULL;;;;;;;;;;;;;0;NULL;-0.1191;-0.6111;0.2246;4.5793;12.2042;24.3646;Palm;NULL;NULL;NULL;NULL;NULL;NULL;NULL;NULL;NULL;NULL;NULL;NULL;NULL;;;;;;;;;;;;;0;NULL;0.1004;-0.1700;0.4611;338.3922;351.8673;344.3308;Palm;NULL;122ed9df-0a02-49d5-9741-6f70481e5b76;NULL;NULL;NULL;NULL;0.0300;0.0000;0.0000;2.0000;OpenLoop;0.0000;2026-03-26 12:07:36.2221;Hands;27;30;OpenXR
NULL;Right;NULL;NULL;Post;NULL;NoMitigation;NULL;NULL;NULL;NULL;NULL;NULL;NULL;NULL;NULL;NULL;None;anonymous;NULL;Trial Accepted;TaskEvent;55916;877a4ae9-5043-4b6b-b35e-95337330fe10;NULL;0.0314;-0.0018;-0.0009;358.3982;358.7298;359.6732;NULL;NULL;NULL;NULL;-0.0006;0.0000;2.0000;NULL;NULL;;;;;;;;;;;;;0;NULL;-0.0858;-0.5380;0.2219;35.4806;32.6963;18.8141;Palm;NULL;NULL;NULL;NULL;NULL;NULL;NULL;NULL;NULL;NULL;NULL;NULL;NULL;;;;;;;;;;;;;0;NULL;0.1073;-0.1671;0.4626;336.5342;351.3294;345.5181;Palm;NULL;122ed9df-0a02-49d5-9741-6f70481e5b76;-0.0596;NULL;NULL;NULL;NULL;NULL;NULL;NULL;OpenLoop;2.6672;2026-03-26 12:07:38.8845;Hands;27;30;OpenXR
NULL;Right;NULL;NULL;Post;NULL;NoMitigation;NULL;NULL;NULL;NULL;NULL;NULL;NULL;NULL;NULL;NULL;None;anonymous;NULL;Trial Started;TaskEvent;55916;877a4ae9-5043-4b6b-b35e-95337330fe10;NULL;0.0314;-0.0018;-0.0009;358.3982;358.7298;359.6732;NULL;NULL;NULL;NULL;NULL;NULL;NULL;NULL;NULL;;;;;;;;;;;;;0;NULL;-0.0858;-0.5380;0.2219;35.4806;32.6963;18.8141;Palm;NULL;NULL;NULL;NULL;NULL;NULL;NULL;NULL;NULL;NULL;NULL;NULL;NULL;;;;;;;;;;;;;0;NULL;0.1073;-0.1671;0.4626;336.5342;351.3294;345.5181;Palm;NULL;122ed9df-0a02-49d5-9741-6f70481e5b76;NULL;NULL;NULL;NULL;0.0300;0.0000;0.0000;2.0000;OpenLoop;0.0000;2026-03-26 12:07:38.8880;Hands;28;30;OpenXR
NULL;Right;NULL;NULL;Post;NULL;NoMitigation;NULL;NULL;NULL;NULL;NULL;NULL;NULL;NULL;NULL;NULL;None;anonymous;NULL;Trial Accepted;TaskEvent;56207;877a4ae9-5043-4b6b-b35e-95337330fe10;NULL;0.0294;-0.0017;-0.0070;358.0573;359.4013;359.9359;NULL;NULL;NULL;NULL;0.0019;0.0000;2.0000;NULL;NULL;;;;;;;;;;;;;0;NULL;-0.1171;-0.6110;0.2389;8.5443;13.7158;22.2894;Palm;NULL;NULL;NULL;NULL;NULL;NULL;NULL;NULL;NULL;NULL;NULL;NULL;NULL;;;;;;;;;;;;;0;NULL;0.1032;-0.1630;0.4611;336.5680;349.7838;345.4817;Palm;NULL;122ed9df-0a02-49d5-9741-6f70481e5b76;0.1927;NULL;NULL;NULL;NULL;NULL;NULL;NULL;OpenLoop;2.7307;2026-03-26 12:07:41.6159;Hands;28;30;OpenXR
NULL;Right;NULL;NULL;Post;NULL;NoMitigation;NULL;NULL;NULL;NULL;NULL;NULL;NULL;NULL;NULL;NULL;None;anonymous;NULL;Trial Started;TaskEvent;56207;877a4ae9-5043-4b6b-b35e-95337330fe10;NULL;0.0294;-0.0017;-0.0070;358.0573;359.4013;359.9359;NULL;NULL;NULL;NULL;NULL;NULL;NULL;NULL;NULL;;;;;;;;;;;;;0;NULL;-0.1171;-0.6110;0.2389;8.5443;13.7158;22.2894;Palm;NULL;NULL;NULL;NULL;NULL;NULL;NULL;NULL;NULL;NULL;NULL;NULL;NULL;;;;;;;;;;;;;0;NULL;0.1032;-0.1630;0.4611;336.5680;349.7838;345.4817;Palm;NULL;122ed9df-0a02-49d5-9741-6f70481e5b76;NULL;NULL;NULL;NULL;0.0300;0.0000;0.0000;2.0000;OpenLoop;0.0000;2026-03-26 12:07:41.6201;Hands;29;30;OpenXR
NULL;Right;NULL;NULL;Post;NULL;NoMitigation;NULL;NULL;NULL;NULL;NULL;NULL;NULL;NULL;NULL;NULL;None;anonymous;NULL;Trial Accepted;TaskEvent;56490;877a4ae9-5043-4b6b-b35e-95337330fe10;NULL;0.0316;-0.0014;-0.0072;357.3978;359.7382;359.5834;NULL;NULL;NULL;NULL;-0.0027;0.0000;2.0000;NULL;NULL;;;;;;;;;;;;;0;NULL;-0.1168;-0.6112;0.2395;9.1557;13.7816;22.4296;Palm;NULL;NULL;NULL;NULL;NULL;NULL;NULL;NULL;NULL;NULL;NULL;NULL;NULL;;;;;;;;;;;;;0;NULL;0.1032;-0.1631;0.4620;336.2403;348.0770;346.4591;Palm;NULL;122ed9df-0a02-49d5-9741-6f70481e5b76;-0.2680;NULL;NULL;NULL;NULL;NULL;NULL;NULL;OpenLoop;2.7254;2026-03-26 12:07:44.3407;Hands;29;30;OpenXR
NULL;Right;NULL;NULL;Post;NULL;NoMitigation;NULL;NULL;NULL;NULL;NULL;NULL;NULL;NULL;NULL;NULL;None;anonymous;NULL;Trial Started;TaskEvent;56490;877a4ae9-5043-4b6b-b35e-95337330fe10;NULL;0.0316;-0.0014;-0.0072;357.3978;359.7382;359.5834;NULL;NULL;NULL;NULL;NULL;NULL;NULL;NULL;NULL;;;;;;;;;;;;;0;NULL;-0.1168;-0.6112;0.2395;9.1557;13.7816;22.4296;Palm;NULL;NULL;NULL;NULL;NULL;NULL;NULL;NULL;NULL;NULL;NULL;NULL;NULL;;;;;;;;;;;;;0;NULL;0.1032;-0.1631;0.4620;336.2403;348.0770;346.4591;Palm;NULL;122ed9df-0a02-49d5-9741-6f70481e5b76;NULL;NULL;NULL;NULL;0.0300;0.0000;0.0000;2.0000;OpenLoop;0.0000;2026-03-26 12:07:44.3448;Hands;30;30;OpenXR
NULL;Right;NULL;NULL;Post;NULL;NoMitigation;NULL;NULL;NULL;NULL;NULL;NULL;NULL;NULL;NULL;NULL;None;anonymous;NULL;Trial Accepted;TaskEvent;56878;877a4ae9-5043-4b6b-b35e-95337330fe10;NULL;0.0226;0.0014;-0.0029;357.4877;357.9371;2.0568;NULL;NULL;NULL;NULL;-0.0367;0.0000;2.0000;NULL;NULL;;;;;;;;;;;;;0;NULL;-0.1069;-0.6088;0.2397;14.9619;12.5055;17.8995;Palm;NULL;NULL;NULL;NULL;NULL;NULL;NULL;NULL;NULL;NULL;NULL;NULL;NULL;;;;;;;;;;;;;0;NULL;0.0960;-0.1490;0.4637;335.3601;348.5361;348.1614;Palm;NULL;122ed9df-0a02-49d5-9741-6f70481e5b76;-3.6712;NULL;NULL;NULL;NULL;NULL;NULL;NULL;OpenLoop;3.5201;2026-03-26 12:07:47.8602;Hands;30;30;OpenXR
NULL;Right;2.8378;NULL;Post;NULL;NoMitigation;NULL;NULL;NULL;NULL;NULL;NULL;NULL;NULL;NULL;NULL;None;anonymous;NULL;Block Completed;BlockEvent;56878;877a4ae9-5043-4b6b-b35e-95337330fe10;NULL;0.0226;0.0014;-0.0029;357.4877;357.9371;2.0568;NULL;NULL;NULL;NULL;NULL;NULL;NULL;NULL;NULL;;;;;;;;;;;;;0;NULL;-0.1069;-0.6088;0.2397;14.9619;12.5055;17.8995;Palm;NULL;NULL;NULL;0.9458;NULL;NULL;NULL;NULL;NULL;NULL;NULL;NULL;NULL;;;;;;;;;;;;;0;NULL;0.0960;-0.1490;0.4637;335.3601;348.5361;348.1614;Palm;2.3399;122ed9df-0a02-49d5-9741-6f70481e5b76;NULL;NULL;NULL;NULL;NULL;NULL;NULL;NULL;OpenLoop;0.0000;2026-03-26 12:07:47.8659;Hands;NULL;30;OpenXR
NULL;Right;NULL;NULL;Post;NULL;NoMitigation;NULL;NULL;NULL;NULL;NULL;NULL;NULL;NULL;NULL;NULL;None;anonymous;NULL;Game Finished;GameEvent;56878;877a4ae9-5043-4b6b-b35e-95337330fe10;NULL;0.0226;0.0014;-0.0029;357.4877;357.9371;2.0568;NULL;NULL;NULL;NULL;NULL;NULL;NULL;NULL;NULL;;;;;;;;;;;;;0;NULL;-0.1069;-0.6088;0.2397;14.9619;12.5055;17.8995;Palm;NULL;NULL;NULL;NULL;NULL;NULL;NULL;NULL;NULL;NULL;NULL;NULL;NULL;;;;;;;;;;;;;0;NULL;0.0960;-0.1490;0.4637;335.3601;348.5361;348.1614;Palm;NULL;122ed9df-0a02-49d5-9741-6f70481e5b76;NULL;NULL;NULL;NULL;NULL;NULL;NULL;NULL;OpenLoop;0.0000;2026-03-26 12:07:47.8769;Hands;NULL;NULL;OpenXR
NULL;Right;NULL;NULL;Post;NULL;NoMitigation;NULL;NULL;NULL;NULL;NULL;NULL;NULL;NULL;NULL;NULL;None;anonymous;NULL;Experiment Completed;GameEvent;56878;877a4ae9-5043-4b6b-b35e-95337330fe10;NULL;0.0226;0.0014;-0.0029;357.4877;357.9371;2.0568;NULL;NULL;NULL;NULL;NULL;NULL;NULL;NULL;NULL;;;;;;;;;;;;;0;NULL;-0.1069;-0.6088;0.2397;14.9619;12.5055;17.8995;Palm;NULL;NULL;NULL;NULL;NULL;NULL;NULL;NULL;NULL;NULL;NULL;NULL;NULL;;;;;;;;;;;;;0;NULL;0.0960;-0.1490;0.4637;335.3601;348.5361;348.1614;Palm;NULL;122ed9df-0a02-49d5-9741-6f70481e5b76;NULL;NULL;NULL;NULL;NULL;NULL;NULL;NULL;OpenLoop;0.0000;2026-03-26 12:07:47.8800;Hands;NULL;NULL;OpenXR
