ActiveHand;AttemptIndex;BlockType;ConfirmDown;ConfirmMitigationMode;EffectMode;Email;Event;Framecount;HandDwellProgress01;HeadCameraPosWorldX;HeadCameraPosWorldY;HeadCameraPosWorldZ;HeadCameraRotEulerX;HeadCameraRotEulerY;HeadCameraRotEulerZ;HmdPosX;HmdPosY;HmdPosZ;HmdRotW;HmdRotX;HmdRotY;HmdRotZ;IsHandPointing;LeftControllerLaserPosWorldX;LeftControllerLaserPosWorldY;LeftControllerLaserPosWorldZ;LeftControllerLaserRotEulerX;LeftControllerLaserRotEulerY;LeftControllerLaserRotEulerZ;LeftControllerPosWorldX;LeftControllerPosWorldY;LeftControllerPosWorldZ;LeftControllerRotEulerX;LeftControllerRotEulerY;LeftControllerRotEulerZ;LeftControllerTrigger;LeftMovementAnchorPosWorldX;LeftMovementAnchorPosWorldY;LeftMovementAnchorPosWorldZ;LeftMovementAnchorRotEulerX;LeftMovementAnchorRotEulerY;LeftMovementAnchorRotEulerZ;LeftMovementAnchorSource;PointerForwardX;PointerForwardY;PointerForwardZ;PointerOriginX;PointerOriginY;PointerOriginZ;PointerRotationW;PointerRotationX;PointerRotationY;PointerRotationZ;RightControllerLaserPosWorldX;RightControllerLaserPosWorldY;RightControllerLaserPosWorldZ;RightControllerLaserRotEulerX;RightControllerLaserRotEulerY;RightControllerLaserRotEulerZ;RightControllerPosWorldX;RightControllerPosWorldY;RightControllerPosWorldZ;RightControllerRotEulerX;RightControllerRotEulerY;RightControllerRotEulerZ;RightControllerTrigger;RightMovementAnchorPosWorldX;RightMovementAnchorPosWorldY;RightMovementAnchorPosWorldZ;RightMovementAnchorRotEulerX;RightMovementAnchorRotEulerY;RightMovementAnchorRotEulerZ;RightMovementAnchorSource;SessionID;TargetIndex;TaskMode;Timestamp;TrackingMode;TrialIndex;XRBackend
Right;1;Exposure;0;NoMitigation;Translation;anonymous;Sample;-1;0.0000;0.0000;0.3614;-0.5530;0.0000;0.0000;0.0000;0.0000;0.3614;-0.5530;1.0000;0.0000;0.0000;0.0000;0;0.0000;0.3614;-0.5455;0.0000;0.0000;0.0000;0.0000;0.0000;0.0000;0.0000;0.0000;0.0000;0;0.0000;0.0000;0.0000;0.0000;0.0000;0.0000;ControllerBody;0.0000;0.0000;1.0000;0.0000;0.0000;0.0000;1.0000;0.0000;0.0000;0.0000;0.0000;0.3614;-0.5455;0.0000;0.0000;0.0000;0.0000;0.0000;0.0000;0.0000;0.0000;0.0000;0;0.0000;0.0000;0.0000;0.0000;0.0000;0.0000;ControllerBody;1448ff49-a958-4320-80a8-7c589216becd;1;Exposure;2026-04-01 12:34:44.9458;Controllers;;OpenXR
Right;1;Exposure;0;NoMitigation;Translation;anonymous;Sample;3;0.0000;0.0000;-1.0000;-0.5530;0.0000;0.0000;0.0000;0.0000;-1.0000;-0.5530;1.0000;0.0000;0.0000;0.0000;0;0.0000;-1.0000;-0.5455;0.0000;0.0000;0.0000;0.0000;0.0000;0.0000;0.0000;0.0000;0.0000;0;0.0000;0.0000;0.0000;0.0000;0.0000;0.0000;ControllerBody;0.0000;0.0000;1.0000;0.0000;0.0000;0.0000;1.0000;0.0000;0.0000;0.0000;0.0000;-1.0000;-0.5455;0.0000;0.0000;0.0000;0.0000;0.0000;0.0000;0.0000;0.0000;0.0000;0;0.0000;0.0000;0.0000;0.0000;0.0000;0.0000;ControllerBody;1448ff49-a958-4320-80a8-7c589216becd;1;Exposure;2026-04-01 12:34:47.2762;Controllers;;OpenXR
Right;1;Exposure;0;NoMitigation;Translation;anonymous;Sample;5;0.0000;0.0000;-1.0000;-0.5530;0.0000;0.0000;0.0000;0.0000;-1.0000;-0.5530;1.0000;0.0000;0.0000;0.0000;0;0.0000;-1.0000;-0.5455;0.0000;0.0000;0.0000;0.0000;0.0000;0.0000;0.0000;0.0000;0.0000;0;0.0000;0.0000;0.0000;0.0000;0.0000;0.0000;ControllerBody;0.0000;0.0000;1.0000;0.0000;0.0000;0.0000;1.0000;0.0000;0.0000;0.0000;0.0000;-1.0000;-0.5455;0.0000;0.0000;0.0000;0.0000;0.0000;0.0000;0.0000;0.0000;0.0000;0;0.0000;0.0000;0.0000;0.0000;0.0000;0.0000;ControllerBody;1448ff49-a958-4320-80a8-7c589216becd;1;Exposure;2026-04-01 12:34:47.3056;Controllers;;OpenXR
Right;1;Exposure;0;NoMitigation;Translation;anonymous;Sample;8;0.0000;0.0000;-1.0000;-0.5530;0.0000;0.0000;0.0000;0.0000;-1.0000;-0.5530;1.0000;0.0000;0.0000;0.0000;0;0.0000;-1.0000;-0.5455;0.0000;0.0000;0.0000;0.0000;0.0000;0.0000;0.0000;0.0000;0.0000;0;0.0000;0.0000;0.0000;0.0000;0.0000;0.0000;ControllerBody;0.0000;0.0000;1.0000;0.0000;0.0000;0.0000;1.0000;0.0000;0.0000;0.0000;0.0000;-1.0000;-0.5455;0.0000;0.0000;0.0000;0.0000;0.0000;0.0000;0.0000;0.0000;0.0000;0;0.0000;0.0000;0.0000;0.0000;0.0000;0.0000;ControllerBody;1448ff49-a958-4320-80a8-7c589216becd;1;Exposure;2026-04-01 12:34:47.3269;Controllers;;OpenXR
Right;1;Exposure;0;NoMitigation;Translation;anonymous;Sample;11;0.0000;0.0000;-1.0000;-0.5530;0.0000;0.0000;0.0000;0.0000;-1.0000;-0.5530;1.0000;0.0000;0.0000;0.0000;0;0.0000;-1.0000;-0.5455;0.0000;0.0000;0.0000;0.0000;0.0000;0.0000;0.0000;0.0000;0.0000;0;0.0000;0.0000;0.0000;0.0000;0.0000;0.0000;ControllerBody;0.0000;0.0000;1.0000;0.0000;0.0000;0.0000;1.0000;0.0000;0.0000;0.0000;0.0000;-1.0000;-0.5455;0.0000;0.0000;0.0000;0.0000;0.0000;0.0000;0.0000;0.0000;0.0000;0;0.0000;0.0000;0.0000;0.0000;0.0000;0.0000;ControllerBody;1448ff49-a958-4320-80a8-7c589216becd;1;Exposure;2026-04-01 12:34:47.3519;Controllers;;OpenXR
Right;1;Exposure;0;NoMitigation;Translation;anonymous;Sample;14;0.0000;0.0000;-1.0000;-0.5530;0.0000;0.0000;0.0000;0.0000;-1.0000;-0.5530;1.0000;0.0000;0.0000;0.0000;0;0.0000;-1.0000;-0.5455;0.0000;0.0000;0.0000;0.0000;0.0000;0.0000;0.0000;0.0000;0.0000;0;0.0000;0.0000;0.0000;0.0000;0.0000;0.0000;ControllerBody;0.0000;0.0000;1.0000;0.0000;0.0000;0.0000;1.0000;0.0000;0.0000;0.0000;0.0000;-1.0000;-0.5455;0.0000;0.0000;0.0000;0.0000;0.0000;0.0000;0.0000;0.0000;0.0000;0;0.0000;0.0000;0.0000;0.0000;0.0000;0.0000;ControllerBody;1448ff49-a958-4320-80a8-7c589216becd;1;Exposure;2026-04-01 12:34:47.3767;Controllers;;OpenXR
Right;1;Exposure;0;NoMitigation;Translation;anonymous;Sample;17;0.0000;0.0000;-1.0000;-0.5530;0.0000;0.0000;0.0000;0.0000;-1.0000;-0.5530;1.0000;0.0000;0.0000;0.0000;0;0.0000;-1.0000;-0.5455;0.0000;0.0000;0.0000;0.0000;0.0000;0.0000;0.0000;0.0000;0.0000;0;0.0000;0.0000;0.0000;0.0000;0.0000;0.0000;ControllerBody;0.0000;0.0000;1.0000;0.0000;0.0000;0.0000;1.0000;0.0000;0.0000;0.0000;0.0000;-1.0000;-0.5455;0.0000;0.0000;0.0000;0.0000;0.0000;0.0000;0.0000;0.0000;0.0000;0;0.0000;0.0000;0.0000;0.0000;0.0000;0.0000;ControllerBody;1448ff49-a958-4320-80a8-7c589216becd;1;Exposure;2026-04-01 12:34:47.4018;Controllers;;OpenXR
Right;1;Exposure;0;NoMitigation;Translation;anonymous;Sample;20;0.0000;0.0000;-1.0000;-0.5530;0.0000;0.0000;0.0000;0.0000;-1.0000;-0.5530;1.0000;0.0000;0.0000;0.0000;0;0.0000;-1.0000;-0.5455;0.0000;0.0000;0.0000;0.0000;0.0000;0.0000;0.0000;0.0000;0.0000;0;0.0000;0.0000;0.0000;0.0000;0.0000;0.0000;ControllerBody;0.0000;0.0000;1.0000;0.0000;0.0000;0.0000;1.0000;0.0000;0.0000;0.0000;0.0000;-1.0000;-0.5455;0.0000;0.0000;0.0000;0.0000;0.0000;0.0000;0.0000;0.0000;0.0000;0;0.0000;0.0000;0.0000;0.0000;0.0000;0.0000;ControllerBody;1448ff49-a958-4320-80a8-7c589216becd;1;Exposure;2026-04-01 12:34:47.4273;Controllers;;OpenXR
Right;1;Exposure;0;NoMitigation;Translation;anonymous;Sample;23;0.0000;0.0000;-1.0000;-0.5530;0.0000;0.0000;0.0000;0.0000;-1.0000;-0.5530;1.0000;0.0000;0.0000;0.0000;0;0.0000;-1.0000;-0.5455;0.0000;0.0000;0.0000;0.0000;0.0000;0.0000;0.0000;0.0000;0.0000;0;0.0000;0.0000;0.0000;0.0000;0.0000;0.0000;ControllerBody;0.0000;0.0000;1.0000;0.0000;0.0000;0.0000;1.0000;0.0000;0.0000;0.0000;0.0000;-1.0000;-0.5455;0.0000;0.0000;0.0000;0.0000;0.0000;0.0000;0.0000;0.0000;0.0000;0;0.0000;0.0000;0.0000;0.0000;0.0000;0.0000;ControllerBody;1448ff49-a958-4320-80a8-7c589216becd;1;Exposure;2026-04-01 12:34:47.4517;Controllers;;OpenXR
Right;1;Exposure;0;NoMitigation;Translation;anonymous;Sample;26;0.0000;0.0000;-1.0000;-0.5530;0.0000;0.0000;0.0000;0.0000;-1.0000;-0.5530;1.0000;0.0000;0.0000;0.0000;0;0.0000;-1.0000;-0.5455;0.0000;0.0000;0.0000;0.0000;0.0000;0.0000;0.0000;0.0000;0.0000;0;0.0000;0.0000;0.0000;0.0000;0.0000;0.0000;ControllerBody;0.0000;0.0000;1.0000;0.0000;0.0000;0.0000;1.0000;0.0000;0.0000;0.0000;0.0000;-1.0000;-0.5455;0.0000;0.0000;0.0000;0.0000;0.0000;0.0000;0.0000;0.0000;0.0000;0;0.0000;0.0000;0.0000;0.0000;0.0000;0.0000;ControllerBody;1448ff49-a958-4320-80a8-7c589216becd;1;Exposure;2026-04-01 12:34:47.4762;Controllers;;OpenXR
Right;1;Exposure;0;NoMitigation;Translation;anonymous;Sample;29;0.0000;0.0000;-1.0000;-0.5530;0.0000;0.0000;0.0000;0.0000;-1.0000;-0.5530;1.0000;0.0000;0.0000;0.0000;0;0.0000;-1.0000;-0.5455;0.0000;0.0000;0.0000;0.0000;0.0000;0.0000;0.0000;0.0000;0.0000;0;0.0000;0.0000;0.0000;0.0000;0.0000;0.0000;ControllerBody;0.0000;0.0000;1.0000;0.0000;0.0000;0.0000;1.0000;0.0000;0.0000;0.0000;0.0000;-1.0000;-0.5455;0.0000;0.0000;0.0000;0.0000;0.0000;0.0000;0.0000;0.0000;0.0000;0;0.0000;0.0000;0.0000;0.0000;0.0000;0.0000;ControllerBody;1448ff49-a958-4320-80a8-7c589216becd;1;Exposure;2026-04-01 12:34:47.5002;Controllers;;OpenXR
Right;1;Exposure;0;NoMitigation;Translation;anonymous;Sample;32;0.0000;0.0000;-1.0000;-0.5530;0.0000;0.0000;0.0000;0.0000;-1.0000;-0.5530;1.0000;0.0000;0.0000;0.0000;0;0.0000;-1.0000;-0.5455;0.0000;0.0000;0.0000;0.0000;0.0000;0.0000;0.0000;0.0000;0.0000;0;0.0000;0.0000;0.0000;0.0000;0.0000;0.0000;ControllerBody;0.0000;0.0000;1.0000;0.0000;0.0000;0.0000;1.0000;0.0000;0.0000;0.0000;0.0000;-1.0000;-0.5455;0.0000;0.0000;0.0000;0.0000;0.0000;0.0000;0.0000;0.0000;0.0000;0;0.0000;0.0000;0.0000;0.0000;0.0000;0.0000;ControllerBody;1448ff49-a958-4320-80a8-7c589216becd;1;Exposure;2026-04-01 12:34:47.5263;Controllers;;OpenXR
Right;1;Exposure;0;NoMitigation;Translation;anonymous;Sample;35;0.0000;0.0000;-1.0000;-0.5530;0.0000;0.0000;0.0000;0.0000;-1.0000;-0.5530;1.0000;0.0000;0.0000;0.0000;0;0.0000;-1.0000;-0.5455;0.0000;0.0000;0.0000;0.0000;0.0000;0.0000;0.0000;0.0000;0.0000;0;0.0000;0.0000;0.0000;0.0000;0.0000;0.0000;ControllerBody;0.0000;0.0000;1.0000;0.0000;0.0000;0.0000;1.0000;0.0000;0.0000;0.0000;0.0000;-1.0000;-0.5455;0.0000;0.0000;0.0000;0.0000;0.0000;0.0000;0.0000;0.0000;0.0000;0;0.0000;0.0000;0.0000;0.0000;0.0000;0.0000;ControllerBody;1448ff49-a958-4320-80a8-7c589216becd;1;Exposure;2026-04-01 12:34:47.5515;Controllers;;OpenXR
Right;1;Exposure;0;NoMitigation;Translation;anonymous;Sample;38;0.0000;0.0000;-1.0000;-0.5530;0.0000;0.0000;0.0000;0.0000;-1.0000;-0.5530;1.0000;0.0000;0.0000;0.0000;0;0.0000;-1.0000;-0.5455;0.0000;0.0000;0.0000;0.0000;0.0000;0.0000;0.0000;0.0000;0.0000;0;0.0000;0.0000;0.0000;0.0000;0.0000;0.0000;ControllerBody;0.0000;0.0000;1.0000;0.0000;0.0000;0.0000;1.0000;0.0000;0.0000;0.0000;0.0000;-1.0000;-0.5455;0.0000;0.0000;0.0000;0.0000;0.0000;0.0000;0.0000;0.0000;0.0000;0;0.0000;0.0000;0.0000;0.0000;0.0000;0.0000;ControllerBody;1448ff49-a958-4320-80a8-7c589216becd;1;Exposure;2026-04-01 12:34:47.5762;Controllers;;OpenXR
Right;1;Exposure;0;NoMitigation;Translation;anonymous;Sample;41;0.0000;0.0000;-1.0000;-0.5530;0.0000;0.0000;0.0000;0.0000;-1.0000;-0.5530;1.0000;0.0000;0.0000;0.0000;0;0.0000;-1.0000;-0.5455;0.0000;0.0000;0.0000;0.0000;0.0000;0.0000;0.0000;0.0000;0.0000;0;0.0000;0.0000;0.0000;0.0000;0.0000;0.0000;ControllerBody;0.0000;0.0000;1.0000;0.0000;0.0000;0.0000;1.0000;0.0000;0.0000;0.0000;0.0000;-1.0000;-0.5455;0.0000;0.0000;0.0000;0.0000;0.0000;0.0000;0.0000;0.0000;0.0000;0;0.0000;0.0000;0.0000;0.0000;0.0000;0.0000;ControllerBody;1448ff49-a958-4320-80a8-7c589216becd;1;Exposure;2026-04-01 12:34:47.6017;Controllers;;OpenXR
Right;1;Exposure;0;NoMitigation;Translation;anonymous;Sample;44;0.0000;0.0000;-1.0000;-0.5530;0.0000;0.0000;0.0000;0.0000;-1.0000;-0.5530;1.0000;0.0000;0.0000;0.0000;0;0.0000;-1.0000;-0.5455;0.0000;0.0000;0.0000;0.0000;0.0000;0.0000;0.0000;0.0000;0.0000;0;0.0000;0.0000;0.0000;0.0000;0.0000;0.0000;ControllerBody;0.0000;0.0000;1.0000;0.0000;0.0000;0.0000;1.0000;0.0000;0.0000;0.0000;0.0000;-1.0000;-0.5455;0.0000;0.0000;0.0000;0.0000;0.0000;0.0000;0.0000;0.0000;0.0000;0;0.0000;0.0000;0.0000;0.0000;0.0000;0.0000;ControllerBody;1448ff49-a958-4320-80a8-7c589216becd;1;Exposure;2026-04-01 12:34:47.6268;Controllers;;OpenXR
Right;1;Exposure;0;NoMitigation;Translation;anonymous;Sample;47;0.0000;0.0000;-1.0000;-0.5530;0.0000;0.0000;0.0000;0.0000;-1.0000;-0.5530;1.0000;0.0000;0.0000;0.0000;0;0.0000;-1.0000;-0.5455;0.0000;0.0000;0.0000;0.0000;0.0000;0.0000;0.0000;0.0000;0.0000;0;0.0000;0.0000;0.0000;0.0000;0.0000;0.0000;ControllerBody;0.0000;0.0000;1.0000;0.0000;0.0000;0.0000;1.0000;0.0000;0.0000;0.0000;0.0000;-1.0000;-0.5455;0.0000;0.0000;0.0000;0.0000;0.0000;0.0000;0.0000;0.0000;0.0000;0;0.0000;0.0000;0.0000;0.0000;0.0000;0.0000;ControllerBody;1448ff49-a958-4320-80a8-7c589216becd;1;Exposure;2026-04-01 12:34:47.6528;Controllers;;OpenXR
Right;1;Exposure;0;NoMitigation;Translation;anonymous;Sample;50;0.0000;0.0000;-1.0000;-0.5530;0.0000;0.0000;0.0000;0.0000;-1.0000;-0.5530;1.0000;0.0000;0.0000;0.0000;0;0.0000;-1.0000;-0.5455;0.0000;0.0000;0.0000;0.0000;0.0000;0.0000;0.0000;0.0000;0.0000;0;0.0000;0.0000;0.0000;0.0000;0.0000;0.0000;ControllerBody;0.0000;0.0000;1.0000;0.0000;0.0000;0.0000;1.0000;0.0000;0.0000;0.0000;0.0000;-1.0000;-0.5455;0.0000;0.0000;0.0000;0.0000;0.0000;0.0000;0.0000;0.0000;0.0000;0;0.0000;0.0000;0.0000;0.0000;0.0000;0.0000;ControllerBody;1448ff49-a958-4320-80a8-7c589216becd;1;Exposure;2026-04-01 12:34:47.6774;Controllers;;OpenXR
Right;1;Exposure;0;NoMitigation;Translation;anonymous;Sample;53;0.0000;0.0000;-1.0000;-0.5530;0.0000;0.0000;0.0000;0.0000;-1.0000;-0.5530;1.0000;0.0000;0.0000;0.0000;0;0.0000;-1.0000;-0.5455;0.0000;0.0000;0.0000;0.0000;0.0000;0.0000;0.0000;0.0000;0.0000;0;0.0000;0.0000;0.0000;0.0000;0.0000;0.0000;ControllerBody;0.0000;0.0000;1.0000;0.0000;0.0000;0.0000;1.0000;0.0000;0.0000;0.0000;0.0000;-1.0000;-0.5455;0.0000;0.0000;0.0000;0.0000;0.0000;0.0000;0.0000;0.0000;0.0000;0;0.0000;0.0000;0.0000;0.0000;0.0000;0.0000;ControllerBody;1448ff49-a958-4320-80a8-7c589216becd;1;Exposure;2026-04-01 12:34:47.7024;Controllers;;OpenXR
Right;1;Exposure;0;NoMitigation;Translation;anonymous;Sample;56;0.0000;0.0000;-1.0000;-0.5530;0.0000;0.0000;0.0000;0.0000;-1.0000;-0.5530;1.0000;0.0000;0.0000;0.0000;0;0.0000;-1.0000;-0.5455;0.0000;0.0000;0.0000;0.0000;0.0000;0.0000;0.0000;0.0000;0.0000;0;0.0000;0.0000;0.0000;0.0000;0.0000;0.0000;ControllerBody;0.0000;0.0000;1.0000;0.0000;0.0000;0.0000;1.0000;0.0000;0.0000;0.0000;0.0000;-1.0000;-0.5455;0.0000;0.0000;0.0000;0.0000;0.0000;0.0000;0.0000;0.0000;0.0000;0;0.0000;0.0000;0.0000;0.0000;0.0000;0.0000;ControllerBody;1448ff49-a958-4320-80a8-7c589216becd;1;Exposure;2026-04-01 12:34:47.7263;Controllers;;OpenXR
Right;1;Exposure;0;NoMitigation;Translation;anonymous;Sample;59;0.0000;0.0000;-1.0000;-0.5530;0.0000;0.0000;0.0000;0.0000;-1.0000;-0.5530;1.0000;0.0000;0.0000;0.0000;0;0.0000;-1.0000;-0.5455;0.0000;0.0000;0.0000;0.0000;0.0000;0.0000;0.0000;0.0000;0.0000;0;0.0000;0.0000;0.0000;0.0000;0.0000;0.0000;ControllerBody;0.0000;0.0000;1.0000;0.0000;0.0000;0.0000;1.0000;0.0000;0.0000;0.0000;0.0000;-1.0000;-0.5455;0.0000;0.0000;0.0000;0.0000;0.0000;0.0000;0.0000;0.0000;0.0000;0;0.0000;0.0000;0.0000;0.0000;0.0000;0.0000;ControllerBody;1448ff49-a958-4320-80a8-7c589216becd;1;Exposure;2026-04-01 12:34:47.7518;Controllers;;OpenXR
Right;1;Exposure;0;NoMitigation;Translation;anonymous;Sample;62;0.0000;0.0000;-1.0000;-0.5530;0.0000;0.0000;0.0000;0.0000;-1.0000;-0.5530;1.0000;0.0000;0.0000;0.0000;0;0.0000;-1.0000;-0.5455;0.0000;0.0000;0.0000;0.0000;0.0000;0.0000;0.0000;0.0000;0.0000;0;0.0000;0.0000;0.0000;0.0000;0.0000;0.0000;ControllerBody;0.0000;0.0000;1.0000;0.0000;0.0000;0.0000;1.0000;0.0000;0.0000;0.0000;0.0000;-1.0000;-0.5455;0.0000;0.0000;0.0000;0.0000;0.0000;0.0000;0.0000;0.0000;0.0000;0;0.0000;0.0000;0.0000;0.0000;0.0000;0.0000;ControllerBody;1448ff49-a958-4320-80a8-7c589216becd;1;Exposure;2026-04-01 12:34:47.7771;Controllers;;OpenXR
Right;1;Exposure;0;NoMitigation;Translation;anonymous;Sample;65;0.0000;0.0000;-1.0000;-0.5530;0.0000;0.0000;0.0000;0.0000;-1.0000;-0.5530;1.0000;0.0000;0.0000;0.0000;0;0.0000;-1.0000;-0.5455;0.0000;0.0000;0.0000;0.0000;0.0000;0.0000;0.0000;0.0000;0.0000;0;0.0000;0.0000;0.0000;0.0000;0.0000;0.0000;ControllerBody;0.0000;0.0000;1.0000;0.0000;0.0000;0.0000;1.0000;0.0000;0.0000;0.0000;0.0000;-1.0000;-0.5455;0.0000;0.0000;0.0000;0.0000;0.0000;0.0000;0.0000;0.0000;0.0000;0;0.0000;0.0000;0.0000;0.0000;0.0000;0.0000;ControllerBody;1448ff49-a958-4320-80a8-7c589216becd;1;Exposure;2026-04-01 12:34:47.8021;Controllers;;OpenXR
Right;1;Exposure;0;NoMitigation;Translation;anonymous;Sample;68;0.0000;0.0000;-1.0000;-0.5530;0.0000;0.0000;0.0000;0.0000;-1.0000;-0.5530;1.0000;0.0000;0.0000;0.0000;0;0.0000;-1.0000;-0.5455;0.0000;0.0000;0.0000;0.0000;0.0000;0.0000;0.0000;0.0000;0.0000;0;0.0000;0.0000;0.0000;0.0000;0.0000;0.0000;ControllerBody;0.0000;0.0000;1.0000;0.0000;0.0000;0.0000;1.0000;0.0000;0.0000;0.0000;0.0000;-1.0000;-0.5455;0.0000;0.0000;0.0000;0.0000;0.0000;0.0000;0.0000;0.0000;0.0000;0;0.0000;0.0000;0.0000;0.0000;0.0000;0.0000;ControllerBody;1448ff49-a958-4320-80a8-7c589216becd;1;Exposure;2026-04-01 12:34:47.8243;Controllers;;OpenXR
Right;1;Exposure;0;NoMitigation;Translation;anonymous;Sample;71;0.0000;0.0000;-1.0000;-0.5530;0.0000;0.0000;0.0000;0.0000;-1.0000;-0.5530;1.0000;0.0000;0.0000;0.0000;0;0.0000;-1.0000;-0.5455;0.0000;0.0000;0.0000;0.0000;0.0000;0.0000;0.0000;0.0000;0.0000;0;0.0000;0.0000;0.0000;0.0000;0.0000;0.0000;ControllerBody;0.0000;0.0000;1.0000;0.0000;0.0000;0.0000;1.0000;0.0000;0.0000;0.0000;0.0000;-1.0000;-0.5455;0.0000;0.0000;0.0000;0.0000;0.0000;0.0000;0.0000;0.0000;0.0000;0;0.0000;0.0000;0.0000;0.0000;0.0000;0.0000;ControllerBody;1448ff49-a958-4320-80a8-7c589216becd;1;Exposure;2026-04-01 12:34:47.8511;Controllers;;OpenXR
Right;1;Exposure;0;NoMitigation;Translation;anonymous;Sample;74;0.0000;0.0000;-1.0000;-0.5530;0.0000;0.0000;0.0000;0.0000;-1.0000;-0.5530;1.0000;0.0000;0.0000;0.0000;0;0.0000;-1.0000;-0.5455;0.0000;0.0000;0.0000;0.0000;0.0000;0.0000;0.0000;0.0000;0.0000;0;0.0000;0.0000;0.0000;0.0000;0.0000;0.0000;ControllerBody;0.0000;0.0000;1.0000;0.0000;0.0000;0.0000;1.0000;0.0000;0.0000;0.0000;0.0000;-1.0000;-0.5455;0.0000;0.0000;0.0000;0.0000;0.0000;0.0000;0.0000;0.0000;0.0000;0;0.0000;0.0000;0.0000;0.0000;0.0000;0.0000;ControllerBody;1448ff49-a958-4320-80a8-7c589216becd;1;Exposure;2026-04-01 12:34:47.8769;Controllers;;OpenXR
Right;1;Exposure;0;NoMitigation;Translation;anonymous;Sample;77;0.0000;0.0000;-1.0000;-0.5530;0.0000;0.0000;0.0000;0.0000;-1.0000;-0.5530;1.0000;0.0000;0.0000;0.0000;0;0.0000;-1.0000;-0.5455;0.0000;0.0000;0.0000;0.0000;0.0000;0.0000;0.0000;0.0000;0.0000;0;0.0000;0.0000;0.0000;0.0000;0.0000;0.0000;ControllerBody;0.0000;0.0000;1.0000;0.0000;0.0000;0.0000;1.0000;0.0000;0.0000;0.0000;0.0000;-1.0000;-0.5455;0.0000;0.0000;0.0000;0.0000;0.0000;0.0000;0.0000;0.0000;0.0000;0;0.0000;0.0000;0.0000;0.0000;0.0000;0.0000;ControllerBody;1448ff49-a958-4320-80a8-7c589216becd;1;Exposure;2026-04-01 12:34:47.9016;Controllers;;OpenXR
Right;1;Exposure;0;NoMitigation;Translation;anonymous;Sample;80;0.0000;0.0000;-1.0000;-0.5530;0.0000;0.0000;0.0000;0.0000;-1.0000;-0.5530;1.0000;0.0000;0.0000;0.0000;0;0.0000;-1.0000;-0.5455;0.0000;0.0000;0.0000;0.0000;0.0000;0.0000;0.0000;0.0000;0.0000;0;0.0000;0.0000;0.0000;0.0000;0.0000;0.0000;ControllerBody;0.0000;0.0000;1.0000;0.0000;0.0000;0.0000;1.0000;0.0000;0.0000;0.0000;0.0000;-1.0000;-0.5455;0.0000;0.0000;0.0000;0.0000;0.0000;0.0000;0.0000;0.0000;0.0000;0;0.0000;0.0000;0.0000;0.0000;0.0000;0.0000;ControllerBody;1448ff49-a958-4320-80a8-7c589216becd;1;Exposure;2026-04-01 12:34:47.9265;Controllers;;OpenXR
Right;1;Exposure;0;NoMitigation;Translation;anonymous;Sample;83;0.0000;-0.2163;0.7588;-0.4255;352.9656;17.5652;4.0185;-0.2163;0.7588;-0.4255;0.9855;-0.0552;0.1544;0.0439;0;0.0000;-1.0000;-0.5455;0.0000;0.0000;0.0000;0.0000;0.0000;0.0000;0.0000;0.0000;0.0000;0;0.0000;0.0000;0.0000;0.0000;0.0000;0.0000;ControllerBody;0.0000;0.0000;1.0000;0.1000;-1.0000;-0.5455;1.0000;0.0000;0.0000;0.0000;0.0000;-1.0000;-0.5455;0.0000;0.0000;0.0000;0.0000;-1.0000;-0.5530;0.0000;0.0000;0.0000;0;0.0000;-1.0000;-0.5530;0.0000;0.0000;0.0000;ControllerBody;1448ff49-a958-4320-80a8-7c589216becd;1;Exposure;2026-04-01 12:34:48.0181;Controllers;;OpenXR
Right;1;Exposure;0;NoMitigation;Translation;anonymous;Sample;84;0.0000;-0.2160;0.7590;-0.4254;353.0627;17.5914;3.9247;-0.2160;0.7590;-0.4254;0.9855;-0.0545;0.1546;0.0430;0;0.0000;-1.0000;-0.5455;0.0000;0.0000;0.0000;0.0000;0.0000;0.0000;0.0000;0.0000;0.0000;0;0.0000;0.0000;0.0000;0.0000;0.0000;0.0000;ControllerBody;0.0378;0.0031;0.9993;0.0177;0.6931;-0.0266;0.9998;-0.0016;0.0189;-0.0016;-0.0823;0.6931;-0.0266;359.8218;2.1665;359.8130;-0.0829;0.6931;-0.0341;359.6180;4.7612;359.5804;0;-0.0829;0.6931;-0.0341;359.6180;4.7612;359.5804;ControllerBody;1448ff49-a958-4320-80a8-7c589216becd;1;Exposure;2026-04-01 12:34:48.0370;Controllers;;OpenXR
Right;1;Exposure;0;NoMitigation;Translation;anonymous;Sample;86;0.0000;-0.2157;0.7596;-0.4253;353.3664;17.4851;3.7983;-0.2157;0.7596;-0.4253;0.9859;-0.0521;0.1536;0.0415;0;0.0000;-1.0000;-0.5455;0.0000;0.0000;0.0000;0.0000;0.0000;0.0000;0.0000;0.0000;0.0000;0;0.0000;0.0000;0.0000;0.0000;0.0000;0.0000;ControllerBody;0.0483;0.0039;0.9988;0.0177;0.6931;-0.0266;0.9997;-0.0020;0.0242;-0.0019;-0.0823;0.6931;-0.0266;359.7776;2.7706;359.7759;-0.0831;0.6930;-0.0341;359.6314;4.8302;359.6400;0;-0.0831;0.6930;-0.0341;359.6314;4.8302;359.6400;ControllerBody;1448ff49-a958-4320-80a8-7c589216becd;1;Exposure;2026-04-01 12:34:48.0561;Controllers;;OpenXR
Right;1;Exposure;0;NoMitigation;Translation;anonymous;Sample;89;0.0000;-0.2157;0.7599;-0.4255;353.4664;17.4281;3.7448;-0.2157;0.7599;-0.4255;0.9860;-0.0514;0.1530;0.0409;0;0.0000;-1.0000;-0.5455;0.0000;0.0000;0.0000;0.0000;0.0000;0.0000;0.0000;0.0000;0.0000;0;0.0000;0.0000;0.0000;0.0000;0.0000;0.0000;ControllerBody;0.0551;0.0044;0.9985;0.0177;0.6931;-0.0266;0.9996;-0.0023;0.0276;-0.0021;-0.0823;0.6931;-0.0266;359.7481;3.1601;359.7469;-0.0834;0.6930;-0.0343;359.6161;4.7317;359.6170;0;-0.0834;0.6930;-0.0343;359.6161;4.7317;359.6170;ControllerBody;1448ff49-a958-4320-80a8-7c589216becd;1;Exposure;2026-04-01 12:34:48.0807;Controllers;;OpenXR
Right;1;Exposure;0;NoMitigation;Translation;anonymous;Sample;92;0.0000;-0.2159;0.7599;-0.4258;353.4548;17.3675;3.6885;-0.2159;0.7599;-0.4258;0.9861;-0.0516;0.1525;0.0404;0;0.0000;-1.0000;-0.5455;0.0000;0.0000;0.0000;0.0000;0.0000;0.0000;0.0000;0.0000;0.0000;0;0.0000;0.0000;0.0000;0.0000;0.0000;0.0000;ControllerBody;0.0590;0.0051;0.9982;0.0177;0.6931;-0.0266;0.9996;-0.0026;0.0295;-0.0021;-0.0823;0.6931;-0.0266;359.7092;3.3845;359.7483;-0.0840;0.6933;-0.0346;359.4149;4.6167;359.8752;0;-0.0840;0.6933;-0.0346;359.4149;4.6167;359.8752;ControllerBody;1448ff49-a958-4320-80a8-7c589216becd;1;Exposure;2026-04-01 12:34:48.1060;Controllers;;OpenXR
Right;1;Exposure;0;NoMitigation;Translation;anonymous;Sample;95;0.0000;-0.2162;0.7597;-0.4260;353.2212;17.3547;3.7896;-0.2162;0.7597;-0.4260;0.9860;-0.0534;0.1525;0.0415;0;0.0000;-1.0000;-0.5455;0.0000;0.0000;0.0000;0.0000;0.0000;0.0000;0.0000;0.0000;0.0000;0;0.0000;0.0000;0.0000;0.0000;0.0000;0.0000;ControllerBody;0.0624;0.0061;0.9980;0.0177;0.6931;-0.0266;0.9995;-0.0031;0.0312;-0.0016;-0.0823;0.6931;-0.0266;359.6499;3.5768;359.8075;-0.0843;0.6933;-0.0347;359.2860;4.7247;0.1986;0;-0.0843;0.6933;-0.0347;359.2860;4.7247;0.1986;ControllerBody;1448ff49-a958-4320-80a8-7c589216becd;1;Exposure;2026-04-01 12:34:48.1314;Controllers;;OpenXR
Right;1;Exposure;0;NoMitigation;Translation;anonymous;Sample;98;0.0000;-0.2164;0.7597;-0.4261;353.0942;17.3889;3.9229;-0.2164;0.7597;-0.4261;0.9858;-0.0543;0.1528;0.0429;0;0.0000;-1.0000;-0.5455;0.0000;0.0000;0.0000;0.0000;0.0000;0.0000;0.0000;0.0000;0.0000;0;0.0000;0.0000;0.0000;0.0000;0.0000;0.0000;ControllerBody;0.0648;0.0068;0.9979;0.0177;0.6931;-0.0266;0.9995;-0.0034;0.0324;-0.0012;-0.0823;0.6931;-0.0266;359.6127;3.7130;359.8449;-0.0844;0.6932;-0.0347;359.3616;4.6676;0.0678;0;-0.0844;0.6932;-0.0347;359.3616;4.6676;0.0678;ControllerBody;1448ff49-a958-4320-80a8-7c589216becd;1;Exposure;2026-04-01 12:34:48.1560;Controllers;;OpenXR
Right;1;Exposure;0;NoMitigation;Translation;anonymous;Sample;102;0.0000;-0.2167;0.7598;-0.4263;353.0377;17.5282;4.0178;-0.2167;0.7598;-0.4263;0.9856;-0.0546;0.1541;0.0438;0;0.0000;-1.0000;-0.5455;0.0000;0.0000;0.0000;0.0000;0.0000;0.0000;0.0000;0.0000;0.0000;0;0.0000;0.0000;0.0000;0.0000;0.0000;0.0000;ControllerBody;0.0663;0.0072;0.9978;0.0176;0.6931;-0.0266;0.9994;-0.0036;0.0332;-0.0011;-0.0824;0.6931;-0.0266;359.5896;3.8040;359.8633;-0.0848;0.6931;-0.0348;359.3934;4.5876;0.0063;0;-0.0848;0.6931;-0.0348;359.3934;4.5876;0.0063;ControllerBody;1448ff49-a958-4320-80a8-7c589216becd;1;Exposure;2026-04-01 12:34:48.1808;Controllers;;OpenXR
Right;1;Exposure;0;NoMitigation;Translation;anonymous;Sample;105;0.0000;-0.2169;0.7599;-0.4265;352.9802;17.6823;3.9745;-0.2169;0.7599;-0.4265;0.9853;-0.0551;0.1554;0.0436;0;0.0000;-1.0000;-0.5455;0.0000;0.0000;0.0000;0.0000;0.0000;0.0000;0.0000;0.0000;0.0000;0;0.0000;0.0000;0.0000;0.0000;0.0000;0.0000;ControllerBody;0.0676;0.0075;0.9977;0.0176;0.6931;-0.0267;0.9994;-0.0038;0.0338;-0.0009;-0.0824;0.6931;-0.0267;359.5716;3.8745;359.8767;-0.0849;0.6931;-0.0349;359.3787;4.5909;0.0196;0;-0.0849;0.6931;-0.0349;359.3787;4.5909;0.0196;ControllerBody;1448ff49-a958-4320-80a8-7c589216becd;1;Exposure;2026-04-01 12:34:48.2074;Controllers;;OpenXR
Right;1;Exposure;0;NoMitigation;Translation;anonymous;Sample;108;0.0000;0.0000;0.0000;-0.0002;352.9204;0.0241;3.8793;0.0000;0.0000;-0.0002;0.9975;-0.0617;0.0023;0.0338;0;0.2429;-1.7599;-0.0473;0.0000;342.2868;0.0000;0.0000;0.0000;0.0000;0.0000;0.0000;0.0000;0;0.0000;0.0000;0.0000;0.0000;0.0000;0.0000;ControllerBody;-0.2383;0.0078;0.9712;0.1065;-0.0668;0.4219;0.9928;-0.0037;-0.1200;-0.0015;0.0065;-0.0668;0.4219;359.5548;346.2142;359.8829;0.0064;-0.0667;0.4129;359.3262;346.7887;359.8877;0;0.0064;-0.0667;0.4129;359.3262;346.7887;359.8877;ControllerBody;1448ff49-a958-4320-80a8-7c589216becd;1;Exposure;2026-04-01 12:34:48.2313;Controllers;;OpenXR
Right;1;Exposure;0;NoMitigation;Translation;anonymous;Sample;111;0.0000;0.0001;0.0000;-0.0004;352.7810;359.9764;3.8928;0.0001;0.0000;-0.0004;0.9974;-0.0629;0.0019;0.0339;0;0.2429;-1.7599;-0.0473;0.0000;342.2868;0.0000;0.0000;0.0000;0.0000;0.0000;0.0000;0.0000;0;0.0000;0.0000;0.0000;0.0000;0.0000;0.0000;ControllerBody;-0.2379;0.0081;0.9713;0.1064;-0.0668;0.4218;0.9928;-0.0039;-0.1198;-0.0017;0.0064;-0.0668;0.4218;359.5370;346.2369;359.8608;0.0055;-0.0661;0.4120;359.1978;346.2813;359.3295;0;0.0055;-0.0661;0.4120;359.1978;346.2813;359.3295;ControllerBody;1448ff49-a958-4320-80a8-7c589216becd;1;Exposure;2026-04-01 12:34:48.2565;Controllers;;OpenXR
Right;1;Exposure;0;NoMitigation;Translation;anonymous;Sample;114;0.0000;0.0002;0.0000;-0.0005;352.7619;359.9035;3.9023;0.0002;0.0000;-0.0005;0.9974;-0.0631;0.0013;0.0339;0;0.2429;-1.7599;-0.0473;0.0000;342.2868;0.0000;0.0000;0.0000;0.0000;0.0000;0.0000;0.0000;0;0.0000;0.0000;0.0000;0.0000;0.0000;0.0000;ControllerBody;-0.2388;0.0089;0.9710;0.1063;-0.0667;0.4217;0.9927;-0.0041;-0.1203;-0.0027;0.0063;-0.0667;0.4217;359.4917;346.1864;359.7473;0.0045;-0.0656;0.4112;359.1580;345.6326;358.7313;0;0.0045;-0.0656;0.4112;359.1580;345.6326;358.7313;ControllerBody;1448ff49-a958-4320-80a8-7c589216becd;1;Exposure;2026-04-01 12:34:48.2816;Controllers;;OpenXR
Right;1;Exposure;0;NoMitigation;Translation;anonymous;Sample;117;0.0000;0.0002;0.0000;-0.0004;352.7808;359.8476;3.8752;0.0002;0.0000;-0.0004;0.9974;-0.0630;0.0008;0.0337;0;0.2429;-1.7599;-0.0473;0.0000;342.2868;0.0000;0.0000;0.0000;0.0000;0.0000;0.0000;0.0000;0;0.0000;0.0000;0.0000;0.0000;0.0000;0.0000;ControllerBody;-0.2409;0.0087;0.9705;0.1061;-0.0667;0.4215;0.9926;-0.0038;-0.1214;-0.0049;0.0061;-0.0667;0.4215;359.5004;346.0578;359.4971;0.0038;-0.0661;0.4107;359.7611;345.3421;357.9649;0;0.0038;-0.0661;0.4107;359.7611;345.3421;357.9649;ControllerBody;1448ff49-a958-4320-80a8-7c589216becd;1;Exposure;2026-04-01 12:34:48.3073;Controllers;;OpenXR
Right;1;Exposure;0;NoMitigation;Translation;anonymous;Sample;120;0.0000;0.0002;0.0001;-0.0003;352.7758;359.8171;3.9715;0.0002;0.0001;-0.0003;0.9974;-0.0630;0.0006;0.0345;0;0.2429;-1.7599;-0.0473;0.0000;342.2868;0.0000;0.0000;0.0000;0.0000;0.0000;0.0000;0.0000;0;0.0000;0.0000;0.0000;0.0000;0.0000;0.0000;ControllerBody;-0.2735;-0.0326;0.9613;0.1056;-0.0669;0.4212;0.9895;0.0221;-0.1373;-0.0403;0.0056;-0.0669;0.4212;1.8684;344.1194;355.0778;0.0005;-0.0712;0.4101;4.4977;341.5223;349.8994;0;0.0005;-0.0712;0.4101;4.4977;341.5223;349.8994;ControllerBody;1448ff49-a958-4320-80a8-7c589216becd;1;Exposure;2026-04-01 12:34:48.3319;Controllers;;OpenXR
Right;1;Exposure;0;NoMitigation;Translation;anonymous;Sample;123;0.0000;0.0002;0.0002;-0.0001;352.7403;359.8420;4.1396;0.0002;0.0002;-0.0001;0.9973;-0.0633;0.0009;0.0360;0;0.2429;-1.7599;-0.0473;0.0000;342.2868;0.0000;0.0000;0.0000;0.0000;0.0000;0.0000;0.0000;0;0.0000;0.0000;0.0000;0.0000;0.0000;0.0000;ControllerBody;-0.3541;-0.1154;0.9281;0.1043;-0.0682;0.4207;0.9758;0.0783;-0.1727;-0.1085;0.0043;-0.0682;0.4207;6.6238;339.1176;346.0931;-0.0022;-0.0780;0.4106;8.9410;336.5611;341.3933;0;-0.0022;-0.0780;0.4106;8.9410;336.5611;341.3933;ControllerBody;1448ff49-a958-4320-80a8-7c589216becd;1;Exposure;2026-04-01 12:34:48.3565;Controllers;;OpenXR
Right;1;Exposure;0;NoMitigation;Translation;anonymous;Sample;126;0.0000;0.0002;0.0003;0.0001;352.8509;359.9012;4.2171;0.0002;0.0003;0.0001;0.9974;-0.0623;0.0014;0.0367;0;0.2429;-1.7599;-0.0473;0.0000;342.2868;0.0000;0.0000;0.0000;0.0000;0.0000;0.0000;0.0000;0;0.0000;0.0000;0.0000;0.0000;0.0000;0.0000;ControllerBody;-0.3558;-0.1408;0.9239;0.1036;-0.0700;0.4207;0.9734;0.0934;-0.1712;-0.1201;0.0036;-0.0700;0.4207;8.0935;338.9394;344.4213;0.0033;-0.0827;0.4157;10.4641;340.5762;343.5963;0;0.0033;-0.0827;0.4157;10.4641;340.5762;343.5963;ControllerBody;1448ff49-a958-4320-80a8-7c589216becd;1;Exposure;2026-04-01 12:34:48.3811;Controllers;;OpenXR
Right;1;Exposure;0;NoMitigation;Translation;anonymous;Sample;129;0.0000;0.0001;0.0004;0.0001;353.0414;359.8374;4.3080;0.0001;0.0004;0.0001;0.9975;-0.0607;0.0009;0.0374;0;0.2429;-1.7599;-0.0473;0.0000;342.2868;0.0000;0.0000;0.0000;0.0000;0.0000;0.0000;0.0000;0;0.0000;0.0000;0.0000;0.0000;0.0000;0.0000;ControllerBody;-0.2954;-0.1551;0.9427;0.1039;-0.0721;0.4215;0.9807;0.0932;-0.1413;-0.0978;0.0039;-0.0721;0.4215;8.9254;342.6042;347.2422;0.0095;-0.0845;0.4200;9.0592;346.5143;350.7862;0;0.0095;-0.0845;0.4200;9.0592;346.5143;350.7862;ControllerBody;1448ff49-a958-4320-80a8-7c589216becd;1;Exposure;2026-04-01 12:34:48.4067;Controllers;;OpenXR
Right;1;Exposure;0;NoMitigation;Translation;anonymous;Sample;132;0.0000;0.0002;0.0006;-0.0001;353.2061;359.6559;4.4618;0.0002;0.0006;-0.0001;0.9975;-0.0593;-0.0007;0.0387;0;0.2429;-1.7599;-0.0473;0.0000;342.2868;0.0000;0.0000;0.0000;0.0000;0.0000;0.0000;0.0000;0;0.0000;0.0000;0.0000;0.0000;0.0000;0.0000;ControllerBody;-0.2657;-0.1498;0.9524;0.1044;-0.0739;0.4222;0.9846;0.0867;-0.1277;-0.0820;0.0044;-0.0739;0.4222;8.6143;344.4131;349.2916;0.0090;-0.0853;0.4203;7.7888;346.6185;352.3194;0;0.0090;-0.0853;0.4203;7.7888;346.6185;352.3194;ControllerBody;1448ff49-a958-4320-80a8-7c589216becd;1;Exposure;2026-04-01 12:34:48.4313;Controllers;;OpenXR
Right;1;Exposure;0;NoMitigation;Translation;anonymous;Sample;135;0.0000;0.0002;0.0006;-0.0005;353.1686;359.4051;4.4935;0.0002;0.0006;-0.0005;0.9975;-0.0597;-0.0028;0.0388;0;0.2429;-1.7599;-0.0473;0.0000;342.2868;0.0000;0.0000;0.0000;0.0000;0.0000;0.0000;0.0000;0;0.0000;0.0000;0.0000;0.0000;0.0000;0.0000;ControllerBody;-0.2343;-0.1306;0.9634;0.1049;-0.0754;0.4230;0.9890;0.0729;-0.1140;-0.0598;0.0049;-0.0754;0.4230;7.5040;346.3311;352.1759;0.0110;-0.0851;0.4215;5.9154;349.0753;356.1047;0;0.0110;-0.0851;0.4215;5.9154;349.0753;356.1047;ControllerBody;1448ff49-a958-4320-80a8-7c589216becd;1;Exposure;2026-04-01 12:34:48.4555;Controllers;;OpenXR
Right;1;Exposure;0;NoMitigation;Translation;anonymous;Sample;138;0.0000;0.0001;0.0005;-0.0009;353.1368;359.0373;4.6626;0.0001;0.0005;-0.0009;0.9974;-0.0601;-0.0059;0.0401;0;0.2429;-1.7599;-0.0473;0.0000;342.2868;0.0000;0.0000;0.0000;0.0000;0.0000;0.0000;0.0000;0;0.0000;0.0000;0.0000;0.0000;0.0000;0.0000;ControllerBody;-0.1970;-0.1074;0.9745;0.1056;-0.0764;0.4237;0.9930;0.0576;-0.0971;-0.0359;0.0056;-0.0764;0.4237;6.1649;348.5707;355.2385;0.0130;-0.0845;0.4223;4.4815;351.0070;358.4908;0;0.0130;-0.0845;0.4223;4.4815;351.0070;358.4908;ControllerBody;1448ff49-a958-4320-80a8-7c589216becd;1;Exposure;2026-04-01 12:34:48.4816;Controllers;;OpenXR
Right;1;Exposure;0;NoMitigation;Translation;anonymous;Sample;141;0.0000;0.0000;0.0006;-0.0012;353.0628;358.6244;5.1719;0.0000;0.0006;-0.0012;0.9971;-0.0610;-0.0092;0.0443;0;0.2429;-1.7599;-0.0473;0.0000;342.2868;0.0000;0.0000;0.0000;0.0000;0.0000;0.0000;0.0000;0;0.0000;0.0000;0.0000;0.0000;0.0000;0.0000;ControllerBody;-0.1846;-0.0996;0.9778;0.1063;-0.0774;0.4243;0.9940;0.0529;-0.0913;-0.0300;0.0063;-0.0774;0.4243;5.7175;349.3091;356.0123;0.0135;-0.0850;0.4224;5.0593;350.7894;356.9948;0;0.0135;-0.0850;0.4224;5.0593;350.7894;356.9948;ControllerBody;1448ff49-a958-4320-80a8-7c589216becd;1;Exposure;2026-04-01 12:34:48.5080;Controllers;;OpenXR
Right;1;Exposure;0;NoMitigation;Translation;anonymous;Sample;144;0.0000;-0.0003;0.0007;-0.0013;352.9662;358.3713;5.3351;-0.0003;0.0007;-0.0013;0.9970;-0.0619;-0.0113;0.0456;0;0.2429;-1.7599;-0.0473;0.0000;342.2868;0.0000;0.0000;0.0000;0.0000;0.0000;0.0000;0.0000;0;0.0000;0.0000;0.0000;0.0000;0.0000;0.0000;ControllerBody;-0.1759;-0.0983;0.9795;0.1072;-0.0783;0.4250;0.9944;0.0520;-0.0869;-0.0295;0.0072;-0.0783;0.4250;5.6401;349.8163;356.0983;0.0166;-0.0846;0.4238;5.3470;352.1507;356.3072;0;0.0166;-0.0846;0.4238;5.3470;352.1507;356.3072;ControllerBody;1448ff49-a958-4320-80a8-7c589216becd;1;Exposure;2026-04-01 12:34:48.5317;Controllers;;OpenXR
Right;1;Exposure;0;NoMitigation;Translation;anonymous;Sample;147;0.0000;-0.0007;0.0008;-0.0011;353.0168;358.1790;5.2517;-0.0007;0.0008;-0.0011;0.9970;-0.0616;-0.0131;0.0448;0;0.2429;-1.7599;-0.0473;0.0000;342.2868;0.0000;0.0000;0.0000;0.0000;0.0000;0.0000;0.0000;0;0.0000;0.0000;0.0000;0.0000;0.0000;0.0000;ControllerBody;-0.1522;-0.0911;0.9841;0.1085;-0.0789;0.4259;0.9956;0.0478;-0.0751;-0.0278;0.0085;-0.0789;0.4259;5.2268;351.2059;356.3958;0.0207;-0.0818;0.4250;4.0175;354.3806;357.2688;0;0.0207;-0.0818;0.4250;4.0175;354.3806;357.2688;ControllerBody;1448ff49-a958-4320-80a8-7c589216becd;1;Exposure;2026-04-01 12:34:48.5563;Controllers;;OpenXR
Right;1;Exposure;0;NoMitigation;Translation;anonymous;Sample;150;0.0000;-0.0011;0.0009;-0.0006;353.2863;357.8836;5.1306;-0.0011;0.0009;-0.0006;0.9972;-0.0593;-0.0158;0.0436;0;0.2429;-1.7599;-0.0473;0.0000;342.2868;0.0000;0.0000;0.0000;0.0000;0.0000;0.0000;0.0000;0;0.0000;0.0000;0.0000;0.0000;0.0000;0.0000;ControllerBody;-0.1076;-0.0728;0.9915;0.1105;-0.0791;0.4268;0.9977;0.0374;-0.0533;-0.0169;0.0105;-0.0791;0.4268;4.1729;353.8040;357.8373;0.0251;-0.0797;0.4259;2.5701;357.4845;0.1904;0;0.0251;-0.0797;0.4259;2.5701;357.4845;0.1904;ControllerBody;1448ff49-a958-4320-80a8-7c589216becd;1;Exposure;2026-04-01 12:34:48.5816;Controllers;;OpenXR
Right;1;Exposure;0;NoMitigation;Translation;anonymous;Sample;153;0.0000;-0.0014;0.0010;0.0003;353.7009;357.4207;5.0505;-0.0014;0.0010;0.0003;0.9973;-0.0559;-0.0200;0.0427;0;0.2429;-1.7599;-0.0473;0.0000;342.2868;0.0000;0.0000;0.0000;0.0000;0.0000;0.0000;0.0000;0;0.0000;0.0000;0.0000;0.0000;0.0000;0.0000;ControllerBody;-0.0562;-0.0477;0.9973;0.1132;-0.0790;0.4279;0.9993;0.0239;-0.0281;-0.0028;0.0132;-0.0790;0.4279;2.7318;356.7740;359.6003;0.0293;-0.0768;0.4267;0.7632;0.2363;1.4167;0;0.0293;-0.0768;0.4267;0.7632;0.2363;1.4167;ControllerBody;1448ff49-a958-4320-80a8-7c589216becd;1;Exposure;2026-04-01 12:34:48.6062;Controllers;;OpenXR
Right;1;Exposure;0;NoMitigation;Translation;anonymous;Sample;156;0.0000;-0.0015;0.0008;0.0006;353.9474;357.1360;5.0816;-0.0015;0.0008;0.0006;0.9974;-0.0538;-0.0226;0.0429;0;0.2429;-1.7599;-0.0473;0.0000;342.2868;0.0000;0.0000;0.0000;0.0000;0.0000;0.0000;0.0000;0;0.0000;0.0000;0.0000;0.0000;0.0000;0.0000;ControllerBody;-0.0208;-0.0299;0.9993;0.1160;-0.0785;0.4290;0.9998;0.0149;-0.0105;0.0048;0.0160;-0.0785;0.4290;1.7131;358.8095;0.5376;0.0316;-0.0761;0.4276;0.3295;1.8069;1.8253;0;0.0316;-0.0761;0.4276;0.3295;1.8069;1.8253;ControllerBody;1448ff49-a958-4320-80a8-7c589216becd;1;Exposure;2026-04-01 12:34:48.6322;Controllers;;OpenXR
Right;1;Exposure;0;NoMitigation;Translation;anonymous;Sample;159;0.0000;-0.0018;0.0002;0.0012;354.0844;356.9235;5.0751;-0.0018;0.0002;0.0012;0.9974;-0.0527;-0.0245;0.0428;0;0.2429;-1.7599;-0.0473;0.0000;342.2868;0.0000;0.0000;0.0000;0.0000;0.0000;0.0000;0.0000;0;0.0000;0.0000;0.0000;0.0000;0.0000;0.0000;ControllerBody;0.0222;-0.0146;0.9996;0.1194;-0.0779;0.4302;0.9998;0.0075;0.0110;0.0137;0.0194;-0.0779;0.4302;0.8376;1.2735;1.5757;0.0366;-0.0750;0.4287;359.6890;4.7845;2.9783;0;0.0366;-0.0750;0.4287;359.6890;4.7845;2.9783;ControllerBody;1448ff49-a958-4320-80a8-7c589216becd;1;Exposure;2026-04-01 12:34:48.6565;Controllers;;OpenXR
Right;1;Exposure;0;NoMitigation;Translation;anonymous;Sample;162;0.0000;-0.0021;-0.0002;0.0013;354.0804;357.1601;4.9657;-0.0021;-0.0002;0.0013;0.9975;-0.0526;-0.0225;0.0420;0;0.2429;-1.7599;-0.0473;0.0000;342.2868;0.0000;0.0000;0.0000;0.0000;0.0000;0.0000;0.0000;0;0.0000;0.0000;0.0000;0.0000;0.0000;0.0000;ControllerBody;0.0552;-0.0087;0.9984;0.1229;-0.0775;0.4314;0.9994;0.0049;0.0275;0.0194;0.0229;-0.0775;0.4314;0.4977;3.1657;2.2336;0.0399;-0.0761;0.4299;0.2616;6.2587;3.0685;0;0.0399;-0.0761;0.4299;0.2616;6.2587;3.0685;ControllerBody;1448ff49-a958-4320-80a8-7c589216becd;1;Exposure;2026-04-01 12:34:48.6818;Controllers;;OpenXR
Right;1;Exposure;0;NoMitigation;Translation;anonymous;Sample;165;0.0000;-0.0021;-0.0006;0.0015;353.9414;357.4647;4.9660;-0.0021;-0.0006;0.0015;0.9975;-0.0537;-0.0198;0.0421;0;0.2429;-1.7599;-0.0473;0.0000;342.2868;0.0000;0.0000;0.0000;0.0000;0.0000;0.0000;0.0000;0;0.0000;0.0000;0.0000;0.0000;0.0000;0.0000;ControllerBody;0.0844;-0.0103;0.9964;0.1266;-0.0775;0.4326;0.9989;0.0061;0.0421;0.0219;0.0266;-0.0775;0.4326;0.5923;4.8440;2.5330;0.0448;-0.0774;0.4315;0.8340;8.3521;3.1102;0;0.0448;-0.0774;0.4315;0.8340;8.3521;3.1102;ControllerBody;1448ff49-a958-4320-80a8-7c589216becd;1;Exposure;2026-04-01 12:34:48.7059;Controllers;;OpenXR
Right;1;Exposure;0;NoMitigation;Translation;anonymous;Sample;168;0.0000;-0.0020;-0.0009;0.0017;353.8059;357.7506;5.0876;-0.0020;-0.0009;0.0017;0.9974;-0.0548;-0.0172;0.0433;0;0.2429;-1.7599;-0.0473;0.0000;342.2868;0.0000;0.0000;0.0000;0.0000;0.0000;0.0000;0.0000;0;0.0000;0.0000;0.0000;0.0000;0.0000;0.0000;ControllerBody;0.1313;-0.0063;0.9913;0.1315;-0.0773;0.4340;0.9975;0.0049;0.0657;0.0255;0.0315;-0.0773;0.4340;0.3629;7.5446;2.9569;0.0514;-0.0763;0.4328;359.6820;11.4746;3.6364;0;0.0514;-0.0763;0.4328;359.6820;11.4746;3.6364;ControllerBody;1448ff49-a958-4320-80a8-7c589216becd;1;Exposure;2026-04-01 12:34:48.7320;Controllers;;OpenXR
Right;1;Exposure;0;NoMitigation;Translation;anonymous;Sample;171;0.0000;-0.0016;-0.0008;0.0020;353.8360;358.0584;4.9683;-0.0016;-0.0008;0.0020;0.9975;-0.0544;-0.0146;0.0424;0;0.2429;-1.7599;-0.0473;0.0000;342.2868;0.0000;0.0000;0.0000;0.0000;0.0000;0.0000;0.0000;0;0.0000;0.0000;0.0000;0.0000;0.0000;0.0000;ControllerBody;0.1620;0.0013;0.9868;0.1357;-0.0771;0.4353;0.9962;0.0018;0.0813;0.0301;0.0357;-0.0771;0.4353;359.9252;9.3251;3.4496;0.0530;-0.0761;0.4339;359.1744;12.0892;4.2960;0;0.0530;-0.0761;0.4339;359.1744;12.0892;4.2960;ControllerBody;1448ff49-a958-4320-80a8-7c589216becd;1;Exposure;2026-04-01 12:34:48.7568;Controllers;;OpenXR
Right;1;Exposure;0;NoMitigation;Translation;anonymous;Sample;174;0.0000;-0.0012;-0.0005;0.0023;353.9449;358.2941;4.7911;-0.0012;-0.0005;0.0023;0.9977;-0.0534;-0.0126;0.0409;0;0.2429;-1.7599;-0.0473;0.0000;342.2868;0.0000;0.0000;0.0000;0.0000;0.0000;0.0000;0.0000;0;0.0000;0.0000;0.0000;0.0000;0.0000;0.0000;ControllerBody;0.1726;0.0023;0.9850;0.1387;-0.0771;0.4363;0.9957;0.0016;0.0866;0.0320;0.0387;-0.0771;0.4363;359.8690;9.9409;3.6713;0.0528;-0.0781;0.4348;0.0829;11.6575;4.3362;0;0.0528;-0.0781;0.4348;0.0829;11.6575;4.3362;ControllerBody;1448ff49-a958-4320-80a8-7c589216becd;1;Exposure;2026-04-01 12:34:48.7817;Controllers;;OpenXR
Right;1;Exposure;0;NoMitigation;Translation;anonymous;Sample;177;0.0000;-0.0007;0.0006;0.0025;354.0711;358.4059;4.6983;-0.0007;0.0006;0.0025;0.9978;-0.0522;-0.0118;0.0402;0;0.2429;-1.7599;-0.0473;0.0000;342.2868;0.0000;0.0000;0.0000;0.0000;0.0000;0.0000;0.0000;0;0.0000;0.0000;0.0000;0.0000;0.0000;0.0000;ControllerBody;0.1814;0.0003;0.9834;0.1411;-0.0774;0.4372;0.9953;0.0029;0.0910;0.0334;0.0411;-0.0774;0.4372;359.9817;10.4500;3.8420;0.0547;-0.0791;0.4354;0.3362;12.5567;4.4966;0;0.0547;-0.0791;0.4354;0.3362;12.5567;4.4966;ControllerBody;1448ff49-a958-4320-80a8-7c589216becd;1;Exposure;2026-04-01 12:34:48.8070;Controllers;;OpenXR
Right;1;Exposure;0;NoMitigation;Translation;anonymous;Sample;180;0.0000;-0.0002;0.0011;0.0025;353.9588;358.4398;4.5841;-0.0002;0.0011;0.0025;0.9977;-0.0532;-0.0115;0.0392;0;0.2429;-1.7599;-0.0473;0.0000;342.2868;0.0000;0.0000;0.0000;0.0000;0.0000;0.0000;0.0000;0;0.0000;0.0000;0.0000;0.0000;0.0000;0.0000;ControllerBody;0.1992;0.0015;0.9800;0.1438;-0.0775;0.4381;0.9943;0.0028;0.1001;0.0357;0.0438;-0.0775;0.4381;359.9149;11.4920;4.1001;0.0577;-0.0780;0.4357;359.4800;14.2184;4.7585;0;0.0577;-0.0780;0.4357;359.4800;14.2184;4.7585;ControllerBody;1448ff49-a958-4320-80a8-7c589216becd;1;Exposure;2026-04-01 12:34:48.8315;Controllers;;OpenXR
Right;1;Exposure;0;NoMitigation;Translation;anonymous;Sample;183;0.0000;0.0003;0.0015;0.0025;353.6583;358.4863;4.5006;0.0003;0.0015;0.0025;0.9976;-0.0558;-0.0110;0.0385;0;0.2429;-1.7599;-0.0473;0.0000;342.2868;0.0000;0.0000;0.0000;0.0000;0.0000;0.0000;0.0000;0;0.0000;0.0000;0.0000;0.0000;0.0000;0.0000;ControllerBody;0.2116;0.0044;0.9773;0.1459;-0.0775;0.4388;0.9936;0.0018;0.1064;0.0374;0.0459;-0.0775;0.4388;359.7455;12.2164;4.2835;0.0571;-0.0776;0.4358;359.2815;14.0041;4.5969;0;0.0571;-0.0776;0.4358;359.2815;14.0041;4.5969;ControllerBody;1448ff49-a958-4320-80a8-7c589216becd;1;Exposure;2026-04-01 12:34:48.8571;Controllers;;OpenXR
Right;1;Exposure;0;NoMitigation;Translation;anonymous;Sample;186;0.0000;0.0007;0.0019;0.0025;353.3839;358.7764;4.3753;0.0007;0.0019;0.0025;0.9976;-0.0581;-0.0084;0.0375;0;0.2429;-1.7599;-0.0473;0.0000;342.2868;0.0000;0.0000;0.0000;0.0000;0.0000;0.0000;0.0000;0;0.0000;0.0000;0.0000;0.0000;0.0000;0.0000;ControllerBody;0.2127;0.0043;0.9771;0.1469;-0.0776;0.4392;0.9936;0.0019;0.1070;0.0372;0.0469;-0.0776;0.4392;359.7554;12.2831;4.2587;0.0538;-0.0788;0.4357;0.2220;12.2581;3.9245;0;0.0538;-0.0788;0.4357;0.2220;12.2581;3.9245;ControllerBody;1448ff49-a958-4320-80a8-7c589216becd;1;Exposure;2026-04-01 12:34:48.8831;Controllers;;OpenXR
Right;1;Exposure;0;NoMitigation;Translation;anonymous;Sample;189;0.0000;0.0009;0.0024;0.0023;353.3701;359.1503;4.1309;0.0009;0.0024;0.0023;0.9977;-0.0581;-0.0053;0.0356;0;0.2429;-1.7599;-0.0473;0.0000;342.2868;0.0000;0.0000;0.0000;0.0000;0.0000;0.0000;0.0000;0;0.0000;0.0000;0.0000;0.0000;0.0000;0.0000;ControllerBody;0.2103;0.0033;0.9776;0.1474;-0.0777;0.4394;0.9937;0.0023;0.1057;0.0367;0.0474;-0.0777;0.4394;359.8136;12.1405;4.2113;0.0516;-0.0788;0.4352;0.3203;11.2002;3.7597;0;0.0516;-0.0788;0.4352;0.3203;11.2002;3.7597;ControllerBody;1448ff49-a958-4320-80a8-7c589216becd;1;Exposure;2026-04-01 12:34:48.9067;Controllers;;OpenXR
Right;1;Exposure;0;NoMitigation;Translation;anonymous;Sample;192;0.0000;0.0013;0.0026;0.0021;353.2708;359.4167;4.0764;0.0013;0.0026;0.0021;0.9976;-0.0588;-0.0030;0.0352;0;0.2429;-1.7599;-0.0473;0.0000;342.2868;0.0000;0.0000;0.0000;0.0000;0.0000;0.0000;0.0000;0;0.0000;0.0000;0.0000;0.0000;0.0000;0.0000;ControllerBody;0.2083;0.0028;0.9781;0.1477;-0.0777;0.4396;0.9938;0.0024;0.1047;0.0364;0.0477;-0.0777;0.4396;359.8386;12.0249;4.1827;0.0519;-0.0777;0.4345;359.8085;11.5485;3.9196;0;0.0519;-0.0777;0.4345;359.8085;11.5485;3.9196;ControllerBody;1448ff49-a958-4320-80a8-7c589216becd;1;Exposure;2026-04-01 12:34:48.9317;Controllers;;OpenXR
Right;1;Exposure;0;NoMitigation;Translation;anonymous;Sample;195;0.0000;0.0018;0.0028;0.0020;353.1794;359.6151;4.1328;0.0018;0.0028;0.0020;0.9976;-0.0596;-0.0012;0.0358;0;0.2429;-1.7599;-0.0473;0.0000;342.2868;0.0000;0.0000;0.0000;0.0000;0.0000;0.0000;0.0000;0;0.0000;0.0000;0.0000;0.0000;0.0000;0.0000;ControllerBody;0.2077;0.0032;0.9782;0.1480;-0.0777;0.4397;0.9939;0.0022;0.1044;0.0363;0.0480;-0.0777;0.4397;359.8152;11.9868;4.1678;0.0526;-0.0765;0.4342;359.2532;11.9575;4.0096;0;0.0526;-0.0765;0.4342;359.2532;11.9575;4.0096;ControllerBody;1448ff49-a958-4320-80a8-7c589216becd;1;Exposure;2026-04-01 12:34:48.9573;Controllers;;OpenXR
Right;2;Exposure;0;NoMitigation;Translation;anonymous;Sample;198;0.0000;0.0021;0.0025;0.0017;353.0619;359.8887;3.9185;0.0021;0.0025;0.0017;0.9976;-0.0605;0.0011;0.0341;0;0.2429;-1.7599;-0.0473;0.0000;342.2868;0.0000;0.0000;0.0000;0.0000;0.0000;0.0000;0.0000;0;0.0000;0.0000;0.0000;0.0000;0.0000;0.0000;ControllerBody;0.2072;0.0047;0.9783;0.1484;-0.0775;0.4398;0.9939;0.0014;0.1042;0.0363;0.0484;-0.0775;0.4398;359.7316;11.9570;4.1566;0.0519;-0.0759;0.4340;359.0323;11.6547;4.1069;1;0.0519;-0.0759;0.4340;359.0323;11.6547;4.1069;ControllerBody;1448ff49-a958-4320-80a8-7c589216becd;1;Exposure;2026-04-01 12:34:48.9913;Controllers;;OpenXR
Right;2;Exposure;0;NoMitigation;Translation;anonymous;Sample;201;0.0000;0.0023;0.0021;0.0015;353.0576;0.0987;3.5082;0.0023;0.0021;0.0015;0.9977;-0.0605;0.0027;0.0306;0;0.2429;-1.7599;-0.0473;0.0000;342.2868;0.0000;0.0000;0.0000;0.0000;0.0000;0.0000;0.0000;0;0.0000;0.0000;0.0000;0.0000;0.0000;0.0000;ControllerBody;0.2068;0.0054;0.9784;0.1487;-0.0775;0.4399;0.9939;0.0011;0.1040;0.0364;0.0487;-0.0775;0.4399;359.6903;11.9379;4.1612;0.0521;-0.0759;0.4340;359.0733;11.9892;4.3041;1;0.0521;-0.0759;0.4340;359.0733;11.9892;4.3041;ControllerBody;1448ff49-a958-4320-80a8-7c589216becd;1;Exposure;2026-04-01 12:34:49.0154;Controllers;;OpenXR
Right;2;Exposure;0;NoMitigation;Translation;anonymous;Sample;204;0.0000;0.0023;0.0018;0.0016;353.0941;0.0333;3.4239;0.0023;0.0018;0.0016;0.9977;-0.0602;0.0021;0.0298;0;0.2429;-1.7599;-0.0473;0.0000;342.2868;0.0000;0.0000;0.0000;0.0000;0.0000;0.0000;0.0000;0;0.0000;0.0000;0.0000;0.0000;0.0000;0.0000;ControllerBody;0.2090;0.0078;0.9779;0.1490;-0.0773;0.4399;0.9938;0.0000;0.1051;0.0371;0.0490;-0.0773;0.4399;359.5553;12.0617;4.2344;0.0539;-0.0752;0.4340;358.5497;13.2155;4.8379;1;0.0539;-0.0752;0.4340;358.5497;13.2155;4.8379;ControllerBody;1448ff49-a958-4320-80a8-7c589216becd;1;Exposure;2026-04-01 12:34:49.0394;Controllers;;OpenXR
Right;2;Exposure;0;NoMitigation;Translation;anonymous;Sample;207;0.0000;0.0023;0.0016;0.0018;353.3260;359.8372;3.5199;0.0023;0.0016;0.0018;0.9978;-0.0582;0.0004;0.0306;0;0.2429;-1.7599;-0.0473;0.0000;342.2868;0.0000;0.0000;0.0000;0.0000;0.0000;0.0000;0.0000;0;0.0000;0.0000;0.0000;0.0000;0.0000;0.0000;ControllerBody;0.2172;0.0136;0.9760;0.1496;-0.0771;0.4400;0.9932;-0.0025;0.1094;0.0393;0.0496;-0.0771;0.4400;359.2214;12.5449;4.4415;0.0556;-0.0740;0.4338;357.9801;14.1594;5.0681;1;0.0556;-0.0740;0.4338;357.9801;14.1594;5.0681;ControllerBody;1448ff49-a958-4320-80a8-7c589216becd;1;Exposure;2026-04-01 12:34:49.0644;Controllers;;OpenXR
Right;2;Exposure;0;NoMitigation;Translation;anonymous;Sample;210;0.0000;0.0021;0.0017;0.0019;353.4966;359.6698;3.7301;0.0021;0.0017;0.0019;0.9979;-0.0568;-0.0010;0.0323;0;0.2429;-1.7599;-0.0473;0.0000;342.2868;0.0000;0.0000;0.0000;0.0000;0.0000;0.0000;0.0000;0;0.0000;0.0000;0.0000;0.0000;0.0000;0.0000;ControllerBody;0.2185;0.0150;0.9757;0.1500;-0.0770;0.4401;0.9931;-0.0031;0.1102;0.0399;0.0500;-0.0770;0.4401;359.1379;12.6250;4.5104;0.0533;-0.0755;0.4343;359.0755;12.8384;5.0665;1;0.0533;-0.0755;0.4343;359.0755;12.8384;5.0665;ControllerBody;1448ff49-a958-4320-80a8-7c589216becd;1;Exposure;2026-04-01 12:34:49.0900;Controllers;;OpenXR
Right;2;Exposure;0;NoMitigation;Translation;anonymous;Sample;213;0.0000;0.0016;0.0017;0.0018;353.5377;359.6538;3.8388;0.0016;0.0017;0.0018;0.9979;-0.0564;-0.0011;0.0333;0;0.2429;-1.7599;-0.0473;0.0000;342.2868;0.0000;0.0000;0.0000;0.0000;0.0000;0.0000;0.0000;0;0.0000;0.0000;0.0000;0.0000;0.0000;0.0000;ControllerBody;0.2178;0.0144;0.9759;0.1501;-0.0769;0.4402;0.9932;-0.0028;0.1098;0.0399;0.0501;-0.0769;0.4402;359.1777;12.5831;4.5106;0.0518;-0.0764;0.4342;359.7487;11.9482;4.3581;0;0.0518;-0.0764;0.4342;359.7487;11.9482;4.3581;ControllerBody;1448ff49-a958-4320-80a8-7c589216becd;1;Exposure;2026-04-01 12:34:49.1142;Controllers;;OpenXR
Right;2;Exposure;0;NoMitigation;Translation;anonymous;Sample;216;0.0000;0.0011;0.0015;0.0015;353.2971;359.7592;3.8279;0.0011;0.0015;0.0015;0.9977;-0.0585;-0.0001;0.0332;0;0.2429;-1.7599;-0.0473;0.0000;342.2868;0.0000;0.0000;0.0000;0.0000;0.0000;0.0000;0.0000;0;0.0000;0.0000;0.0000;0.0000;0.0000;0.0000;ControllerBody;0.2145;0.0132;0.9766;0.1502;-0.0769;0.4402;0.9934;-0.0023;0.1081;0.0395;0.0502;-0.0769;0.4402;359.2450;12.3893;4.4678;0.0500;-0.0761;0.4340;359.5744;10.9744;4.1438;0;0.0500;-0.0761;0.4340;359.5744;10.9744;4.1438;ControllerBody;1448ff49-a958-4320-80a8-7c589216becd;1;Exposure;2026-04-01 12:34:49.1401;Controllers;;OpenXR
Right;2;Exposure;0;NoMitigation;Translation;anonymous;Sample;219;0.0000;0.0007;0.0012;0.0013;353.0243;359.8185;3.9179;0.0007;0.0012;0.0013;0.9976;-0.0609;0.0005;0.0340;0;0.2429;-1.7599;-0.0473;0.0000;342.2868;0.0000;0.0000;0.0000;0.0000;0.0000;0.0000;0.0000;0;0.0000;0.0000;0.0000;0.0000;0.0000;0.0000;ControllerBody;0.2101;0.0122;0.9776;0.1502;-0.0769;0.4402;0.9936;-0.0020;0.1058;0.0390;0.0502;-0.0769;0.4402;359.3009;12.1320;4.4165;0.0495;-0.0764;0.4337;359.5201;10.9606;4.3061;0;0.0495;-0.0764;0.4337;359.5201;10.9606;4.3061;ControllerBody;1448ff49-a958-4320-80a8-7c589216becd;1;Exposure;2026-04-01 12:34:49.1649;Controllers;;OpenXR
Right;2;Exposure;0;NoMitigation;Translation;anonymous;Sample;222;0.0000;0.0006;0.0013;0.0012;352.9747;359.8286;4.1416;0.0006;0.0013;0.0012;0.9975;-0.0613;0.0007;0.0360;0;0.2429;-1.7599;-0.0473;0.0000;342.2868;0.0000;0.0000;0.0000;0.0000;0.0000;0.0000;0.0000;0;0.0000;0.0000;0.0000;0.0000;0.0000;0.0000;ControllerBody;0.2091;0.0120;0.9778;0.1502;-0.0769;0.4402;0.9937;-0.0019;0.1053;0.0389;0.0502;-0.0769;0.4402;359.3104;12.0686;4.4100;0.0504;-0.0762;0.4337;359.3844;11.4289;4.3030;0;0.0504;-0.0762;0.4337;359.3844;11.4289;4.3030;ControllerBody;1448ff49-a958-4320-80a8-7c589216becd;1;Exposure;2026-04-01 12:34:49.1908;Controllers;;OpenXR
Right;2;Exposure;0;NoMitigation;Translation;anonymous;Sample;225;0.0000;0.0005;0.0015;0.0011;353.0118;359.9121;4.2119;0.0005;0.0015;0.0011;0.9975;-0.0609;0.0015;0.0366;0;0.2429;-1.7599;-0.0473;0.0000;342.2868;0.0000;0.0000;0.0000;0.0000;0.0000;0.0000;0.0000;0;0.0000;0.0000;0.0000;0.0000;0.0000;0.0000;ControllerBody;0.2083;0.0119;0.9780;0.1502;-0.0769;0.4402;0.9937;-0.0019;0.1049;0.0388;0.0502;-0.0769;0.4402;359.3158;12.0247;4.4048;0.0502;-0.0765;0.4336;359.3857;11.4242;4.3563;0;0.0502;-0.0765;0.4336;359.3857;11.4242;4.3563;ControllerBody;1448ff49-a958-4320-80a8-7c589216becd;1;Exposure;2026-04-01 12:34:49.2155;Controllers;;OpenXR
Right;2;Exposure;0;NoMitigation;Translation;anonymous;Sample;228;0.0000;0.0003;0.0015;0.0010;352.9635;0.1043;4.1354;0.0003;0.0015;0.0010;0.9975;-0.0613;0.0031;0.0361;0;0.2429;-1.7599;-0.0473;0.0000;342.2868;0.0000;0.0000;0.0000;0.0000;0.0000;0.0000;0.0000;0;0.0000;0.0000;0.0000;0.0000;0.0000;0.0000;ControllerBody;0.2075;0.0119;0.9782;0.1503;-0.0769;0.4403;0.9938;-0.0019;0.1045;0.0388;0.0503;-0.0769;0.4403;359.3183;11.9796;4.4022;0.0498;-0.0765;0.4335;359.3113;11.3646;4.3756;0;0.0498;-0.0765;0.4335;359.3113;11.3646;4.3756;ControllerBody;1448ff49-a958-4320-80a8-7c589216becd;1;Exposure;2026-04-01 12:34:49.2413;Controllers;;OpenXR
Right;2;Exposure;0;NoMitigation;Translation;anonymous;Sample;231;0.0000;0.0002;0.0015;0.0011;352.9424;0.3068;3.9874;0.0002;0.0015;0.0011;0.9975;-0.0614;0.0048;0.0349;0;0.2429;-1.7599;-0.0473;0.0000;342.2868;0.0000;0.0000;0.0000;0.0000;0.0000;0.0000;0.0000;0;0.0000;0.0000;0.0000;0.0000;0.0000;0.0000;ControllerBody;0.2067;0.0122;0.9783;0.1503;-0.0769;0.4403;0.9938;-0.0021;0.1041;0.0388;0.0503;-0.0769;0.4403;359.3021;11.9288;4.4038;0.0495;-0.0759;0.4336;358.9544;11.2777;4.4276;0;0.0495;-0.0759;0.4336;358.9544;11.2777;4.4276;ControllerBody;1448ff49-a958-4320-80a8-7c589216becd;1;Exposure;2026-04-01 12:34:49.2654;Controllers;;OpenXR
Right;2;Exposure;0;NoMitigation;Translation;anonymous;Sample;234;0.0000;0.0002;0.0015;0.0012;353.0270;0.4079;3.8440;0.0002;0.0015;0.0012;0.9976;-0.0607;0.0056;0.0337;0;0.2429;-1.7599;-0.0473;0.0000;342.2868;0.0000;0.0000;0.0000;0.0000;0.0000;0.0000;0.0000;0;0.0000;0.0000;0.0000;0.0000;0.0000;0.0000;ControllerBody;0.2061;0.0133;0.9784;0.1503;-0.0768;0.4403;0.9938;-0.0027;0.1038;0.0386;0.0503;-0.0768;0.4403;359.2356;11.8955;4.3742;0.0509;-0.0745;0.4337;358.4988;11.7626;3.8975;0;0.0509;-0.0745;0.4337;358.4988;11.7626;3.8975;ControllerBody;1448ff49-a958-4320-80a8-7c589216becd;1;Exposure;2026-04-01 12:34:49.2901;Controllers;;OpenXR
Right;2;Exposure;0;NoMitigation;Translation;anonymous;Sample;237;0.0000;0.0002;0.0015;0.0012;353.0773;0.3276;3.8228;0.0002;0.0015;0.0012;0.9976;-0.0602;0.0049;0.0335;0;0.2429;-1.7599;-0.0473;0.0000;342.2868;0.0000;0.0000;0.0000;0.0000;0.0000;0.0000;0.0000;0;0.0000;0.0000;0.0000;0.0000;0.0000;0.0000;ControllerBody;0.2058;0.0150;0.9785;0.1504;-0.0767;0.4403;0.9939;-0.0036;0.1037;0.0377;0.0504;-0.0767;0.4403;359.1427;11.8798;4.2591;0.0515;-0.0738;0.4336;358.5049;11.7186;3.2150;0;0.0515;-0.0738;0.4336;358.5049;11.7186;3.2150;ControllerBody;1448ff49-a958-4320-80a8-7c589216becd;1;Exposure;2026-04-01 12:34:49.3156;Controllers;;OpenXR
Right;2;Exposure;0;NoMitigation;Translation;anonymous;Sample;240;0.0000;0.0003;0.0013;0.0012;353.0704;0.1337;3.9124;0.0003;0.0013;0.0012;0.9976;-0.0604;0.0032;0.0341;0;0.2429;-1.7599;-0.0473;0.0000;342.2868;0.0000;0.0000;0.0000;0.0000;0.0000;0.0000;0.0000;0;0.0000;0.0000;0.0000;0.0000;0.0000;0.0000;ControllerBody;0.2046;0.0162;0.9787;0.1505;-0.0766;0.4403;0.9940;-0.0044;0.1031;0.0362;0.0505;-0.0766;0.4403;359.0707;11.8064;4.0795;0.0510;-0.0735;0.4336;358.6662;11.2559;3.0461;0;0.0510;-0.0735;0.4336;358.6662;11.2559;3.0461;ControllerBody;1448ff49-a958-4320-80a8-7c589216becd;1;Exposure;2026-04-01 12:34:49.3402;Controllers;;OpenXR
Right;2;Exposure;0;NoMitigation;Translation;anonymous;Sample;243;0.0000;0.0005;0.0011;0.0014;353.0389;359.9777;3.9423;0.0005;0.0011;0.0014;0.9976;-0.0607;0.0019;0.0343;0;0.2429;-1.7599;-0.0473;0.0000;342.2868;0.0000;0.0000;0.0000;0.0000;0.0000;0.0000;0.0000;0;0.0000;0.0000;0.0000;0.0000;0.0000;0.0000;ControllerBody;0.2035;0.0175;0.9789;0.1505;-0.0765;0.4403;0.9941;-0.0052;0.1025;0.0355;0.0505;-0.0765;0.4403;358.9950;11.7410;3.9842;0.0510;-0.0728;0.4334;358.2502;11.3177;3.4029;0;0.0510;-0.0728;0.4334;358.2502;11.3177;3.4029;ControllerBody;1448ff49-a958-4320-80a8-7c589216becd;1;Exposure;2026-04-01 12:34:49.3654;Controllers;;OpenXR
Right;2;Exposure;0;NoMitigation;Translation;anonymous;Sample;246;0.0000;0.0005;0.0010;0.0016;353.0579;359.9485;3.9473;0.0005;0.0010;0.0016;0.9976;-0.0605;0.0016;0.0343;0;0.2429;-1.7599;-0.0473;0.0000;342.2868;0.0000;0.0000;0.0000;0.0000;0.0000;0.0000;0.0000;0;0.0000;0.0000;0.0000;0.0000;0.0000;0.0000;ControllerBody;0.2030;0.0200;0.9790;0.1507;-0.0762;0.4403;0.9941;-0.0065;0.1023;0.0350;0.0507;-0.0762;0.4403;358.8530;11.7135;3.9203;0.0519;-0.0717;0.4331;357.7480;11.6303;3.5416;0;0.0519;-0.0717;0.4331;357.7480;11.6303;3.5416;ControllerBody;1448ff49-a958-4320-80a8-7c589216becd;1;Exposure;2026-04-01 12:34:49.3894;Controllers;;OpenXR
Right;2;Exposure;0;NoMitigation;Translation;anonymous;Sample;249;0.0000;0.0006;0.0009;0.0016;353.1847;0.0830;3.9103;0.0006;0.0009;0.0016;0.9976;-0.0594;0.0028;0.0341;0;0.2429;-1.7599;-0.0473;0.0000;342.2868;0.0000;0.0000;0.0000;0.0000;0.0000;0.0000;0.0000;0;0.0000;0.0000;0.0000;0.0000;0.0000;0.0000;ControllerBody;0.2033;0.0230;0.9789;0.1509;-0.0759;0.4403;0.9941;-0.0080;0.1025;0.0347;0.0509;-0.0759;0.4403;358.6800;11.7309;3.8580;0.0528;-0.0710;0.4330;357.5324;11.9513;3.3719;0;0.0528;-0.0710;0.4330;357.5324;11.9513;3.3719;ControllerBody;1448ff49-a958-4320-80a8-7c589216becd;1;Exposure;2026-04-01 12:34:49.4151;Controllers;;OpenXR
Right;2;Exposure;0;NoMitigation;Translation;anonymous;Sample;252;0.0000;0.0006;0.0009;0.0016;353.2015;0.2584;3.8514;0.0006;0.0009;0.0016;0.9977;-0.0592;0.0042;0.0337;0;0.2429;-1.7599;-0.0473;0.0000;342.2868;0.0000;0.0000;0.0000;0.0000;0.0000;0.0000;0.0000;0;0.0000;0.0000;0.0000;0.0000;0.0000;0.0000;ControllerBody;0.2035;0.0251;0.9787;0.1510;-0.0757;0.4403;0.9941;-0.0091;0.1027;0.0341;0.0510;-0.0757;0.4403;358.5603;11.7467;3.7831;0.0526;-0.0714;0.4331;357.8259;11.7692;3.2635;0;0.0526;-0.0714;0.4331;357.8259;11.7692;3.2635;ControllerBody;1448ff49-a958-4320-80a8-7c589216becd;1;Exposure;2026-04-01 12:34:49.4401;Controllers;;OpenXR
Right;2;Exposure;0;NoMitigation;Translation;anonymous;Sample;254;0.0000;0.0007;0.0009;0.0015;353.2013;0.2950;3.8563;0.0007;0.0009;0.0015;0.9977;-0.0592;0.0046;0.0337;0;0.2429;-1.7599;-0.0473;0.0000;342.2868;0.0000;0.0000;0.0000;0.0000;0.0000;0.0000;0.0000;0;0.0000;0.0000;0.0000;0.0000;0.0000;0.0000;ControllerBody;0.2035;0.0262;0.9787;0.1512;-0.0755;0.4404;0.9941;-0.0097;0.1027;0.0338;0.0512;-0.0755;0.4404;358.4982;11.7481;3.7359;0.0526;-0.0715;0.4331;357.8803;11.7731;3.2714;0;0.0526;-0.0715;0.4331;357.8803;11.7731;3.2714;ControllerBody;1448ff49-a958-4320-80a8-7c589216becd;1;Exposure;2026-04-01 12:34:49.4656;Controllers;;OpenXR
Right;2;Exposure;0;NoMitigation;Translation;anonymous;Sample;257;0.0000;0.0009;0.0008;0.0012;353.1743;0.3404;3.7829;0.0009;0.0008;0.0012;0.9977;-0.0594;0.0049;0.0331;0;0.2429;-1.7599;-0.0473;0.0000;342.2868;0.0000;0.0000;0.0000;0.0000;0.0000;0.0000;0.0000;0;0.0000;0.0000;0.0000;0.0000;0.0000;0.0000;ControllerBody;0.2036;0.0272;0.9787;0.1513;-0.0752;0.4404;0.9941;-0.0102;0.1027;0.0335;0.0513;-0.0752;0.4404;358.4393;11.7517;3.6948;0.0528;-0.0713;0.4329;357.7787;11.7983;3.2656;0;0.0528;-0.0713;0.4329;357.7787;11.7983;3.2656;ControllerBody;1448ff49-a958-4320-80a8-7c589216becd;1;Exposure;2026-04-01 12:34:49.4912;Controllers;;OpenXR
Right;2;Exposure;0;NoMitigation;Translation;anonymous;Sample;260;0.0000;0.0010;0.0007;0.0010;353.1343;0.2938;3.6942;0.0010;0.0007;0.0010;0.9977;-0.0598;0.0045;0.0323;0;0.2429;-1.7599;-0.0473;0.0000;342.2868;0.0000;0.0000;0.0000;0.0000;0.0000;0.0000;0.0000;0;0.0000;0.0000;0.0000;0.0000;0.0000;0.0000;ControllerBody;0.2036;0.0284;0.9787;0.1515;-0.0751;0.4403;0.9941;-0.0109;0.1027;0.0332;0.0515;-0.0751;0.4403;358.3728;11.7499;3.6581;0.0526;-0.0711;0.4329;357.6582;11.6788;3.2880;0;0.0526;-0.0711;0.4329;357.6582;11.6788;3.2880;ControllerBody;1448ff49-a958-4320-80a8-7c589216becd;1;Exposure;2026-04-01 12:34:49.5153;Controllers;;OpenXR
Right;2;Exposure;0;NoMitigation;Translation;anonymous;Sample;263;0.0000;0.0011;0.0006;0.0010;353.0186;0.1816;3.7185;0.0011;0.0006;0.0010;0.9976;-0.0608;0.0036;0.0325;0;0.2429;-1.7599;-0.0473;0.0000;342.2868;0.0000;0.0000;0.0000;0.0000;0.0000;0.0000;0.0000;0;0.0000;0.0000;0.0000;0.0000;0.0000;0.0000;ControllerBody;0.2034;0.0294;0.9787;0.1516;-0.0749;0.4403;0.9941;-0.0114;0.1027;0.0330;0.0516;-0.0749;0.4403;358.3132;11.7411;3.6308;0.0525;-0.0711;0.4329;357.6674;11.6515;3.3403;0;0.0525;-0.0711;0.4329;357.6674;11.6515;3.3403;ControllerBody;1448ff49-a958-4320-80a8-7c589216becd;1;Exposure;2026-04-01 12:34:49.5401;Controllers;;OpenXR
Right;2;Exposure;0;NoMitigation;Translation;anonymous;Sample;266;0.0000;0.0011;0.0005;0.0010;352.9815;0.0234;3.7399;0.0011;0.0005;0.0010;0.9976;-0.0612;0.0022;0.0326;0;0.2429;-1.7599;-0.0473;0.0000;342.2868;0.0000;0.0000;0.0000;0.0000;0.0000;0.0000;0.0000;0;0.0000;0.0000;0.0000;0.0000;0.0000;0.0000;ControllerBody;0.2033;0.0303;0.9787;0.1517;-0.0747;0.4403;0.9941;-0.0118;0.1026;0.0329;0.0517;-0.0747;0.4403;358.2651;11.7338;3.6088;0.0525;-0.0712;0.4329;357.6807;11.6414;3.3402;0;0.0525;-0.0712;0.4329;357.6807;11.6414;3.3402;ControllerBody;1448ff49-a958-4320-80a8-7c589216becd;1;Exposure;2026-04-01 12:34:49.5648;Controllers;;OpenXR
Right;2;Exposure;0;NoMitigation;Translation;anonymous;Sample;269;0.0000;0.0011;0.0005;0.0012;353.0063;359.8939;3.7767;0.0011;0.0005;0.0012;0.9976;-0.0610;0.0011;0.0328;0;0.2429;-1.7599;-0.0473;0.0000;342.2868;0.0000;0.0000;0.0000;0.0000;0.0000;0.0000;0.0000;0;0.0000;0.0000;0.0000;0.0000;0.0000;0.0000;ControllerBody;0.2031;0.0310;0.9787;0.1518;-0.0746;0.4403;0.9941;-0.0122;0.1026;0.0327;0.0518;-0.0746;0.4403;358.2234;11.7245;3.5876;0.0524;-0.0713;0.4329;357.6793;11.5748;3.3079;0;0.0524;-0.0713;0.4329;357.6793;11.5748;3.3079;ControllerBody;1448ff49-a958-4320-80a8-7c589216becd;1;Exposure;2026-04-01 12:34:49.5897;Controllers;;OpenXR
Right;2;Exposure;0;NoMitigation;Translation;anonymous;Sample;272;0.0000;0.0010;0.0006;0.0014;353.0736;359.7069;3.8624;0.0010;0.0006;0.0014;0.9976;-0.0605;-0.0005;0.0335;0;0.2429;-1.7599;-0.0473;0.0000;342.2868;0.0000;0.0000;0.0000;0.0000;0.0000;0.0000;0.0000;0;0.0000;0.0000;0.0000;0.0000;0.0000;0.0000;ControllerBody;0.2028;0.0318;0.9787;0.1518;-0.0744;0.4403;0.9941;-0.0126;0.1024;0.0326;0.0518;-0.0744;0.4403;358.1789;11.7055;3.5691;0.0519;-0.0713;0.4328;357.5900;11.4079;3.3664;0;0.0519;-0.0713;0.4328;357.5900;11.4079;3.3664;ControllerBody;1448ff49-a958-4320-80a8-7c589216becd;1;Exposure;2026-04-01 12:34:49.6152;Controllers;;OpenXR
Right;2;Exposure;0;NoMitigation;Translation;anonymous;Sample;275;0.0000;0.0009;0.0007;0.0018;353.1379;359.4831;3.9962;0.0009;0.0007;0.0018;0.9976;-0.0600;-0.0024;0.0345;0;0.2429;-1.7599;-0.0473;0.0000;342.2868;0.0000;0.0000;0.0000;0.0000;0.0000;0.0000;0.0000;0;0.0000;0.0000;0.0000;0.0000;0.0000;0.0000;ControllerBody;0.2018;0.0327;0.9789;0.1519;-0.0743;0.4403;0.9942;-0.0131;0.1019;0.0325;0.0519;-0.0743;0.4403;358.1260;11.6510;3.5573;0.0509;-0.0715;0.4327;357.6095;10.9828;3.4329;0;0.0509;-0.0715;0.4327;357.6095;10.9828;3.4329;ControllerBody;1448ff49-a958-4320-80a8-7c589216becd;1;Exposure;2026-04-01 12:34:49.6402;Controllers;;OpenXR
Right;2;Exposure;0;NoMitigation;Translation;anonymous;Sample;278;0.0000;0.0008;0.0008;0.0020;353.2192;359.3156;4.0874;0.0008;0.0008;0.0020;0.9976;-0.0593;-0.0038;0.0352;0;0.2429;-1.7599;-0.0473;0.0000;342.2868;0.0000;0.0000;0.0000;0.0000;0.0000;0.0000;0.0000;0;0.0000;0.0000;0.0000;0.0000;0.0000;0.0000;ControllerBody;0.2010;0.0334;0.9790;0.1519;-0.0742;0.4403;0.9942;-0.0135;0.1015;0.0324;0.0519;-0.0742;0.4403;358.0840;11.6006;3.5442;0.0512;-0.0714;0.4327;357.6189;11.1362;3.4010;0;0.0512;-0.0714;0.4327;357.6189;11.1362;3.4010;ControllerBody;1448ff49-a958-4320-80a8-7c589216becd;1;Exposure;2026-04-01 12:34:49.6643;Controllers;;OpenXR
Right;2;Exposure;0;NoMitigation;Translation;anonymous;Sample;281;0.0000;0.0007;0.0009;0.0021;353.2577;359.2713;4.0825;0.0007;0.0009;0.0021;0.9976;-0.0590;-0.0042;0.0352;0;0.2429;-1.7599;-0.0473;0.0000;342.2868;0.0000;0.0000;0.0000;0.0000;0.0000;0.0000;0.0000;0;0.0000;0.0000;0.0000;0.0000;0.0000;0.0000;ControllerBody;0.2004;0.0341;0.9791;0.1519;-0.0741;0.4403;0.9942;-0.0138;0.1012;0.0324;0.0519;-0.0741;0.4403;358.0461;11.5677;3.5370;0.0511;-0.0713;0.4326;357.5339;11.1682;3.4785;0;0.0511;-0.0713;0.4326;357.5339;11.1682;3.4785;ControllerBody;1448ff49-a958-4320-80a8-7c589216becd;1;Exposure;2026-04-01 12:34:49.6904;Controllers;;OpenXR
Right;2;Exposure;0;NoMitigation;Translation;anonymous;Sample;284;0.0000;0.0005;0.0008;0.0021;353.2768;359.3449;4.0282;0.0005;0.0008;0.0021;0.9977;-0.0588;-0.0036;0.0347;0;0.2429;-1.7599;-0.0473;0.0000;342.2868;0.0000;0.0000;0.0000;0.0000;0.0000;0.0000;0.0000;0;0.0000;0.0000;0.0000;0.0000;0.0000;0.0000;ControllerBody;0.1999;0.0348;0.9792;0.1519;-0.0740;0.4403;0.9943;-0.0142;0.1010;0.0324;0.0519;-0.0740;0.4403;358.0032;11.5390;3.5339;0.0511;-0.0710;0.4326;357.4566;11.1858;3.4950;0;0.0511;-0.0710;0.4326;357.4566;11.1858;3.4950;ControllerBody;1448ff49-a958-4320-80a8-7c589216becd;1;Exposure;2026-04-01 12:34:49.7151;Controllers;;OpenXR
Right;2;Exposure;0;NoMitigation;Translation;anonymous;Sample;287;0.0000;0.0005;0.0007;0.0021;353.1846;359.4658;4.0561;0.0005;0.0007;0.0021;0.9976;-0.0596;-0.0025;0.0350;0;0.2429;-1.7599;-0.0473;0.0000;342.2868;0.0000;0.0000;0.0000;0.0000;0.0000;0.0000;0.0000;0;0.0000;0.0000;0.0000;0.0000;0.0000;0.0000;ControllerBody;0.1995;0.0355;0.9793;0.1519;-0.0739;0.4403;0.9943;-0.0146;0.1008;0.0324;0.0519;-0.0739;0.4403;357.9644;11.5133;3.5303;0.0512;-0.0709;0.4327;357.4547;11.1708;3.4698;0;0.0512;-0.0709;0.4327;357.4547;11.1708;3.4698;ControllerBody;1448ff49-a958-4320-80a8-7c589216becd;1;Exposure;2026-04-01 12:34:49.7396;Controllers;;OpenXR
Right;2;Exposure;0;NoMitigation;Translation;anonymous;Sample;290;0.0000;0.0006;0.0006;0.0021;353.1954;359.6512;3.9978;0.0006;0.0006;0.0021;0.9976;-0.0594;-0.0010;0.0346;0;0.2429;-1.7599;-0.0473;0.0000;342.2868;0.0000;0.0000;0.0000;0.0000;0.0000;0.0000;0.0000;0;0.0000;0.0000;0.0000;0.0000;0.0000;0.0000;ControllerBody;0.1992;0.0360;0.9793;0.1520;-0.0738;0.4403;0.9943;-0.0148;0.1006;0.0324;0.0520;-0.0738;0.4403;357.9354;11.4950;3.5211;0.0516;-0.0707;0.4328;357.5180;11.2454;3.3340;0;0.0516;-0.0707;0.4328;357.5180;11.2454;3.3340;ControllerBody;1448ff49-a958-4320-80a8-7c589216becd;1;Exposure;2026-04-01 12:34:49.7642;Controllers;;OpenXR
Right;2;Exposure;0;NoMitigation;Translation;anonymous;Sample;293;0.0000;0.0006;0.0006;0.0021;353.2349;359.7664;3.8719;0.0006;0.0006;0.0021;0.9977;-0.0590;0.0000;0.0336;0;0.2429;-1.7599;-0.0473;0.0000;342.2868;0.0000;0.0000;0.0000;0.0000;0.0000;0.0000;0.0000;0;0.0000;0.0000;0.0000;0.0000;0.0000;0.0000;ControllerBody;0.1989;0.0364;0.9793;0.1520;-0.0737;0.4403;0.9943;-0.0150;0.1005;0.0323;0.0520;-0.0737;0.4403;357.9133;11.4817;3.5099;0.0516;-0.0708;0.4328;357.5460;11.2537;3.3117;0;0.0516;-0.0708;0.4328;357.5460;11.2537;3.3117;ControllerBody;1448ff49-a958-4320-80a8-7c589216becd;1;Exposure;2026-04-01 12:34:49.7901;Controllers;;OpenXR
Right;2;Exposure;0;NoMitigation;Translation;anonymous;Sample;296;0.0000;0.0008;0.0005;0.0021;353.2239;359.7790;3.8517;0.0008;0.0005;0.0021;0.9977;-0.0591;0.0001;0.0334;0;0.2429;-1.7599;-0.0473;0.0000;342.2868;0.0000;0.0000;0.0000;0.0000;0.0000;0.0000;0.0000;0;0.0000;0.0000;0.0000;0.0000;0.0000;0.0000;ControllerBody;0.1988;0.0367;0.9794;0.1520;-0.0736;0.4403;0.9943;-0.0152;0.1004;0.0322;0.0520;-0.0736;0.4403;357.8987;11.4729;3.5008;0.0518;-0.0709;0.4329;357.6189;11.3143;3.3158;0;0.0518;-0.0709;0.4329;357.6189;11.3143;3.3158;ControllerBody;1448ff49-a958-4320-80a8-7c589216becd;1;Exposure;2026-04-01 12:34:49.8142;Controllers;;OpenXR
Right;2;Exposure;0;NoMitigation;Translation;anonymous;Sample;299;0.0000;0.0010;0.0006;0.0021;353.2990;359.7168;3.8766;0.0010;0.0006;0.0021;0.9977;-0.0585;-0.0005;0.0336;0;0.2429;-1.7599;-0.0473;0.0000;342.2868;0.0000;0.0000;0.0000;0.0000;0.0000;0.0000;0.0000;0;0.0000;0.0000;0.0000;0.0000;0.0000;0.0000;ControllerBody;0.1987;0.0368;0.9794;0.1521;-0.0735;0.4403;0.9943;-0.0153;0.1004;0.0322;0.0521;-0.0735;0.4403;357.8885;11.4678;3.4934;0.0520;-0.0710;0.4330;357.6356;11.3561;3.3052;0;0.0520;-0.0710;0.4330;357.6356;11.3561;3.3052;ControllerBody;1448ff49-a958-4320-80a8-7c589216becd;1;Exposure;2026-04-01 12:34:49.8401;Controllers;;OpenXR
Right;2;Exposure;0;NoMitigation;Translation;anonymous;Sample;302;0.0000;0.0012;0.0007;0.0021;353.2739;359.6537;3.8384;0.0012;0.0007;0.0021;0.9977;-0.0587;-0.0011;0.0333;0;0.2429;-1.7599;-0.0473;0.0000;342.2868;0.0000;0.0000;0.0000;0.0000;0.0000;0.0000;0.0000;0;0.0000;0.0000;0.0000;0.0000;0.0000;0.0000;ControllerBody;0.1987;0.0370;0.9794;0.1521;-0.0735;0.4403;0.9943;-0.0154;0.1004;0.0321;0.0521;-0.0735;0.4403;357.8801;11.4661;3.4871;0.0522;-0.0710;0.4331;357.6407;11.4247;3.3089;0;0.0522;-0.0710;0.4331;357.6407;11.4247;3.3089;ControllerBody;1448ff49-a958-4320-80a8-7c589216becd;1;Exposure;2026-04-01 12:34:49.8647;Controllers;;OpenXR
Right;2;Exposure;0;NoMitigation;Translation;anonymous;Sample;305;0.0000;0.0014;0.0007;0.0019;353.2240;359.6350;3.7153;0.0014;0.0007;0.0019;0.9977;-0.0592;-0.0013;0.0322;0;0.2429;-1.7599;-0.0473;0.0000;342.2868;0.0000;0.0000;0.0000;0.0000;0.0000;0.0000;0.0000;0;0.0000;0.0000;0.0000;0.0000;0.0000;0.0000;ControllerBody;0.1986;0.0371;0.9794;0.1522;-0.0734;0.4403;0.9943;-0.0154;0.1004;0.0321;0.0522;-0.0734;0.4403;357.8721;11.4636;3.4807;0.0521;-0.0711;0.4331;357.6528;11.3675;3.2911;0;0.0521;-0.0711;0.4331;357.6528;11.3675;3.2911;ControllerBody;1448ff49-a958-4320-80a8-7c589216becd;1;Exposure;2026-04-01 12:34:49.8902;Controllers;;OpenXR
Right;2;Exposure;0;NoMitigation;Translation;anonymous;Sample;308;0.0000;0.0014;0.0007;0.0018;353.1295;359.6007;3.6404;0.0014;0.0007;0.0018;0.9977;-0.0600;-0.0016;0.0315;0;0.2429;-1.7599;-0.0473;0.0000;342.2868;0.0000;0.0000;0.0000;0.0000;0.0000;0.0000;0.0000;0;0.0000;0.0000;0.0000;0.0000;0.0000;0.0000;ControllerBody;0.1985;0.0373;0.9794;0.1522;-0.0733;0.4403;0.9943;-0.0155;0.1003;0.0320;0.0522;-0.0733;0.4403;357.8645;11.4564;3.4752;0.0518;-0.0712;0.4331;357.6627;11.2254;3.3588;0;0.0518;-0.0712;0.4331;357.6627;11.2254;3.3588;ControllerBody;1448ff49-a958-4320-80a8-7c589216becd;1;Exposure;2026-04-01 12:34:49.9155;Controllers;;OpenXR
Right;2;Exposure;0;NoMitigation;Translation;anonymous;Sample;311;0.0000;0.0014;0.0007;0.0017;353.0614;359.5404;3.7347;0.0014;0.0007;0.0017;0.9976;-0.0606;-0.0020;0.0323;0;0.2429;-1.7599;-0.0473;0.0000;342.2868;0.0000;0.0000;0.0000;0.0000;0.0000;0.0000;0.0000;0;0.0000;0.0000;0.0000;0.0000;0.0000;0.0000;ControllerBody;0.1984;0.0374;0.9794;0.1522;-0.0733;0.4403;0.9943;-0.0156;0.1003;0.0320;0.0522;-0.0733;0.4403;357.8582;11.4503;3.4725;0.0518;-0.0714;0.4331;357.6623;11.2892;3.4032;0;0.0518;-0.0714;0.4331;357.6623;11.2892;3.4032;ControllerBody;1448ff49-a958-4320-80a8-7c589216becd;1;Exposure;2026-04-01 12:34:49.9397;Controllers;;OpenXR
Right;2;Exposure;0;NoMitigation;Translation;anonymous;Sample;314;0.0000;0.0015;0.0008;0.0017;353.0613;359.5611;3.8328;0.0015;0.0008;0.0017;0.9976;-0.0606;-0.0018;0.0331;0;0.2429;-1.7599;-0.0473;0.0000;342.2868;0.0000;0.0000;0.0000;0.0000;0.0000;0.0000;0.0000;0;0.0000;0.0000;0.0000;0.0000;0.0000;0.0000;ControllerBody;0.1983;0.0375;0.9794;0.1522;-0.0732;0.4403;0.9943;-0.0156;0.1002;0.0320;0.0522;-0.0732;0.4403;357.8534;11.4474;3.4705;0.0519;-0.0715;0.4331;357.6808;11.3498;3.3859;0;0.0519;-0.0715;0.4331;357.6808;11.3498;3.3859;ControllerBody;1448ff49-a958-4320-80a8-7c589216becd;1;Exposure;2026-04-01 12:34:49.9647;Controllers;;OpenXR
Right;2;Exposure;0;NoMitigation;Translation;anonymous;Sample;317;0.0000;0.0014;0.0009;0.0016;353.0244;359.7780;3.8157;0.0014;0.0009;0.0016;0.9976;-0.0609;0.0001;0.0331;0;0.2429;-1.7599;-0.0473;0.0000;342.2868;0.0000;0.0000;0.0000;0.0000;0.0000;0.0000;0.0000;0;0.0000;0.0000;0.0000;0.0000;0.0000;0.0000;ControllerBody;0.1983;0.0375;0.9794;0.1523;-0.0732;0.4403;0.9943;-0.0156;0.1002;0.0320;0.0523;-0.0732;0.4403;357.8518;11.4447;3.4690;0.0519;-0.0716;0.4330;357.6929;11.3714;3.4071;0;0.0519;-0.0716;0.4330;357.6929;11.3714;3.4071;ControllerBody;1448ff49-a958-4320-80a8-7c589216becd;1;Exposure;2026-04-01 12:34:49.9896;Controllers;;OpenXR
Right;2;Exposure;0;NoMitigation;Translation;anonymous;Sample;320;0.0000;0.0012;0.0009;0.0015;353.0003;359.9471;3.6569;0.0012;0.0009;0.0015;0.9976;-0.0610;0.0015;0.0318;0;0.2429;-1.7599;-0.0473;0.0000;342.2868;0.0000;0.0000;0.0000;0.0000;0.0000;0.0000;0.0000;0;0.0000;0.0000;0.0000;0.0000;0.0000;0.0000;ControllerBody;0.1982;0.0375;0.9794;0.1523;-0.0731;0.4403;0.9943;-0.0157;0.1002;0.0320;0.0523;-0.0731;0.4403;357.8487;11.4423;3.4678;0.0518;-0.0717;0.4332;357.7223;11.3009;3.4024;0;0.0518;-0.0717;0.4332;357.7223;11.3009;3.4024;ControllerBody;1448ff49-a958-4320-80a8-7c589216becd;1;Exposure;2026-04-01 12:34:50.0156;Controllers;;OpenXR
Right;2;Exposure;0;NoMitigation;Translation;anonymous;Sample;323;0.0000;0.0011;0.0009;0.0014;352.9828;359.9668;3.6417;0.0011;0.0009;0.0014;0.9976;-0.0612;0.0017;0.0317;0;0.2429;-1.7599;-0.0473;0.0000;342.2868;0.0000;0.0000;0.0000;0.0000;0.0000;0.0000;0.0000;0;0.0000;0.0000;0.0000;0.0000;0.0000;0.0000;ControllerBody;0.1982;0.0376;0.9794;0.1523;-0.0731;0.4403;0.9943;-0.0157;0.1002;0.0320;0.0523;-0.0731;0.4403;357.8464;11.4385;3.4663;0.0517;-0.0717;0.4333;357.7520;11.2742;3.4042;0;0.0517;-0.0717;0.4333;357.7520;11.2742;3.4042;ControllerBody;1448ff49-a958-4320-80a8-7c589216becd;1;Exposure;2026-04-01 12:34:50.0401;Controllers;;OpenXR
Right;2;Exposure;0;NoMitigation;Translation;anonymous;Sample;326;0.0000;0.0010;0.0010;0.0014;352.9562;359.9081;3.7357;0.0010;0.0010;0.0014;0.9976;-0.0614;0.0012;0.0325;0;0.2429;-1.7599;-0.0473;0.0000;342.2868;0.0000;0.0000;0.0000;0.0000;0.0000;0.0000;0.0000;0;0.0000;0.0000;0.0000;0.0000;0.0000;0.0000;ControllerBody;0.1981;0.0376;0.9795;0.1523;-0.0731;0.4403;0.9943;-0.0157;0.1001;0.0320;0.0523;-0.0731;0.4403;357.8441;11.4361;3.4651;0.0519;-0.0717;0.4333;357.7110;11.3533;3.4074;0;0.0519;-0.0717;0.4333;357.7110;11.3533;3.4074;ControllerBody;1448ff49-a958-4320-80a8-7c589216becd;1;Exposure;2026-04-01 12:34:50.0647;Controllers;;OpenXR
Right;2;Exposure;0;NoMitigation;Translation;anonymous;Sample;329;0.0000;0.0009;0.0010;0.0014;352.9825;359.8802;3.7458;0.0009;0.0010;0.0014;0.9976;-0.0612;0.0010;0.0326;0;0.2429;-1.7599;-0.0473;0.0000;342.2868;0.0000;0.0000;0.0000;0.0000;0.0000;0.0000;0.0000;0;0.0000;0.0000;0.0000;0.0000;0.0000;0.0000;ControllerBody;0.1981;0.0376;0.9795;0.1523;-0.0731;0.4403;0.9943;-0.0157;0.1001;0.0320;0.0523;-0.0731;0.4403;357.8441;11.4361;3.4651;0.0519;-0.0717;0.4333;357.7106;11.3743;3.4068;0;0.0519;-0.0717;0.4333;357.7106;11.3743;3.4068;ControllerBody;1448ff49-a958-4320-80a8-7c589216becd;1;Exposure;2026-04-01 12:34:50.0905;Controllers;;OpenXR
Right;2;Exposure;0;NoMitigation;Translation;anonymous;Sample;332;0.0000;0.0007;0.0009;0.0013;352.9873;359.8424;3.7166;0.0007;0.0009;0.0013;0.9976;-0.0612;0.0006;0.0323;0;0.2429;-1.7599;-0.0473;0.0000;342.2868;0.0000;0.0000;0.0000;0.0000;0.0000;0.0000;0.0000;0;0.0000;0.0000;0.0000;0.0000;0.0000;0.0000;ControllerBody;0.1981;0.0376;0.9795;0.1524;-0.0730;0.4403;0.9943;-0.0157;0.1001;0.0320;0.0524;-0.0730;0.4403;357.8441;11.4361;3.4651;0.0520;-0.0717;0.4333;357.7400;11.3845;3.3679;0;0.0520;-0.0717;0.4333;357.7400;11.3845;3.3679;ControllerBody;1448ff49-a958-4320-80a8-7c589216becd;1;Exposure;2026-04-01 12:34:50.1146;Controllers;;OpenXR
Right;2;Exposure;0;NoMitigation;Translation;anonymous;Sample;335;0.0000;0.0005;0.0008;0.0012;352.9727;359.7838;3.7990;0.0005;0.0008;0.0012;0.9976;-0.0613;0.0001;0.0330;0;0.2429;-1.7599;-0.0473;0.0000;342.2868;0.0000;0.0000;0.0000;0.0000;0.0000;0.0000;0.0000;0;0.0000;0.0000;0.0000;0.0000;0.0000;0.0000;ControllerBody;0.1981;0.0376;0.9795;0.1524;-0.0730;0.4403;0.9943;-0.0157;0.1001;0.0320;0.0524;-0.0730;0.4403;357.8441;11.4361;3.4651;0.0520;-0.0718;0.4332;357.7353;11.3907;3.3720;0;0.0520;-0.0718;0.4332;357.7353;11.3907;3.3720;ControllerBody;1448ff49-a958-4320-80a8-7c589216becd;1;Exposure;2026-04-01 12:34:50.1397;Controllers;;OpenXR
Right;2;Exposure;0;NoMitigation;Translation;anonymous;Sample;338;0.0000;0.0004;0.0007;0.0012;353.0020;359.7701;3.9356;0.0004;0.0007;0.0012;0.9975;-0.0611;0.0001;0.0342;0;0.2429;-1.7599;-0.0473;0.0000;342.2868;0.0000;0.0000;0.0000;0.0000;0.0000;0.0000;0.0000;0;0.0000;0.0000;0.0000;0.0000;0.0000;0.0000;ControllerBody;0.1981;0.0376;0.9795;0.1524;-0.0730;0.4403;0.9943;-0.0157;0.1001;0.0320;0.0524;-0.0730;0.4403;357.8441;11.4361;3.4651;0.0520;-0.0718;0.4332;357.7355;11.3676;3.4140;0;0.0520;-0.0718;0.4332;357.7355;11.3676;3.4140;ControllerBody;1448ff49-a958-4320-80a8-7c589216becd;1;Exposure;2026-04-01 12:34:50.1640;Controllers;;OpenXR
Right;2;Exposure;0;NoMitigation;Translation;anonymous;Sample;341;0.0000;0.0003;0.0004;0.0011;352.9946;359.7935;3.8712;0.0003;0.0004;0.0011;0.9976;-0.0611;0.0003;0.0336;0;0.2429;-1.7599;-0.0473;0.0000;342.2868;0.0000;0.0000;0.0000;0.0000;0.0000;0.0000;0.0000;0;0.0000;0.0000;0.0000;0.0000;0.0000;0.0000;ControllerBody;0.1981;0.0376;0.9795;0.1524;-0.0730;0.4403;0.9943;-0.0157;0.1001;0.0320;0.0524;-0.0730;0.4403;357.8441;11.4361;3.4651;0.0520;-0.0719;0.4332;357.8140;11.3378;3.4080;0;0.0520;-0.0719;0.4332;357.8140;11.3378;3.4080;ControllerBody;1448ff49-a958-4320-80a8-7c589216becd;1;Exposure;2026-04-01 12:34:50.1900;Controllers;;OpenXR
Right;2;Exposure;0;NoMitigation;Translation;anonymous;Sample;344;0.0000;0.0002;0.0000;0.0011;352.9376;359.7802;3.7598;0.0002;0.0000;0.0011;0.9976;-0.0616;0.0001;0.0326;0;0.2429;-1.7599;-0.0473;0.0000;342.2868;0.0000;0.0000;0.0000;0.0000;0.0000;0.0000;0.0000;0;0.0000;0.0000;0.0000;0.0000;0.0000;0.0000;ControllerBody;0.1981;0.0376;0.9795;0.1524;-0.0729;0.4403;0.9943;-0.0157;0.1001;0.0320;0.0524;-0.0729;0.4403;357.8441;11.4361;3.4651;0.0519;-0.0719;0.4333;357.8436;11.3137;3.4005;0;0.0519;-0.0719;0.4333;357.8436;11.3137;3.4005;ControllerBody;1448ff49-a958-4320-80a8-7c589216becd;1;Exposure;2026-04-01 12:34:50.2154;Controllers;;OpenXR
Right;2;Exposure;0;NoMitigation;Translation;anonymous;Sample;347;0.0000;0.0002;-0.0001;0.0014;352.9658;359.7411;3.7932;0.0002;-0.0001;0.0014;0.9976;-0.0614;-0.0002;0.0329;0;0.2429;-1.7599;-0.0473;0.0000;342.2868;0.0000;0.0000;0.0000;0.0000;0.0000;0.0000;0.0000;0;0.0000;0.0000;0.0000;0.0000;0.0000;0.0000;ControllerBody;0.1981;0.0376;0.9795;0.1524;-0.0729;0.4403;0.9943;-0.0157;0.1001;0.0320;0.0524;-0.0729;0.4403;357.8441;11.4361;3.4651;0.0519;-0.0718;0.4333;357.8439;11.2959;3.4426;0;0.0519;-0.0718;0.4333;357.8439;11.2959;3.4426;ControllerBody;1448ff49-a958-4320-80a8-7c589216becd;1;Exposure;2026-04-01 12:34:50.2388;Controllers;;OpenXR
Right;2;Exposure;0;NoMitigation;Translation;anonymous;Sample;350;0.0000;0.0002;0.0000;0.0018;353.0640;359.7596;3.9555;0.0002;0.0000;0.0018;0.9976;-0.0605;0.0000;0.0343;0;0.2429;-1.7599;-0.0473;0.0000;342.2868;0.0000;0.0000;0.0000;0.0000;0.0000;0.0000;0.0000;0;0.0000;0.0000;0.0000;0.0000;0.0000;0.0000;ControllerBody;0.1981;0.0376;0.9795;0.1525;-0.0729;0.4403;0.9943;-0.0157;0.1001;0.0319;0.0525;-0.0729;0.4403;357.8448;11.4326;3.4639;0.0517;-0.0717;0.4332;357.8967;11.2146;3.3830;0;0.0517;-0.0717;0.4332;357.8967;11.2146;3.3830;ControllerBody;1448ff49-a958-4320-80a8-7c589216becd;1;Exposure;2026-04-01 12:34:50.2655;Controllers;;OpenXR
Right;2;Exposure;0;NoMitigation;Translation;anonymous;Sample;353;0.0000;0.0002;0.0001;0.0021;353.1786;359.8930;3.9367;0.0002;0.0001;0.0021;0.9976;-0.0595;0.0011;0.0342;0;0.2429;-1.7599;-0.0473;0.0000;342.2868;0.0000;0.0000;0.0000;0.0000;0.0000;0.0000;0.0000;0;0.0000;0.0000;0.0000;0.0000;0.0000;0.0000;ControllerBody;0.1979;0.0375;0.9795;0.1525;-0.0729;0.4403;0.9943;-0.0157;0.1000;0.0319;0.0525;-0.0729;0.4403;357.8481;11.4243;3.4606;0.0516;-0.0717;0.4331;357.9713;11.1425;3.3337;0;0.0516;-0.0717;0.4331;357.9713;11.1425;3.3337;ControllerBody;1448ff49-a958-4320-80a8-7c589216becd;1;Exposure;2026-04-01 12:34:50.2899;Controllers;;OpenXR
Right;2;Exposure;0;NoMitigation;Translation;anonymous;Sample;356;0.0000;0.0001;0.0003;0.0022;353.1642;0.0360;3.8858;0.0001;0.0003;0.0022;0.9976;-0.0596;0.0023;0.0339;0;0.2429;-1.7599;-0.0473;0.0000;342.2868;0.0000;0.0000;0.0000;0.0000;0.0000;0.0000;0.0000;0;0.0000;0.0000;0.0000;0.0000;0.0000;0.0000;ControllerBody;0.1977;0.0374;0.9796;0.1525;-0.0729;0.4403;0.9944;-0.0156;0.0999;0.0318;0.0525;-0.0729;0.4403;357.8571;11.4081;3.4512;0.0514;-0.0718;0.4331;358.0457;11.0810;3.2337;0;0.0514;-0.0718;0.4331;358.0457;11.0810;3.2337;ControllerBody;1448ff49-a958-4320-80a8-7c589216becd;1;Exposure;2026-04-01 12:34:50.3157;Controllers;;OpenXR
Right;2;Exposure;0;NoMitigation;Translation;anonymous;Sample;359;0.0000;0.0001;0.0003;0.0022;353.0492;0.1170;3.9706;0.0001;0.0003;0.0022;0.9976;-0.0605;0.0031;0.0346;0;0.2429;-1.7599;-0.0473;0.0000;342.2868;0.0000;0.0000;0.0000;0.0000;0.0000;0.0000;0.0000;0;0.0000;0.0000;0.0000;0.0000;0.0000;0.0000;ControllerBody;0.1974;0.0372;0.9796;0.1525;-0.0728;0.4403;0.9944;-0.0155;0.0998;0.0317;0.0525;-0.0728;0.4403;357.8661;11.3932;3.4427;0.0513;-0.0718;0.4330;358.0154;11.0777;3.2866;0;0.0513;-0.0718;0.4330;358.0154;11.0777;3.2866;ControllerBody;1448ff49-a958-4320-80a8-7c589216becd;1;Exposure;2026-04-01 12:34:50.3402;Controllers;;OpenXR
Right;2;Exposure;0;NoMitigation;Translation;anonymous;Sample;362;0.0000;0.0002;0.0001;0.0020;352.9625;0.1394;3.9145;0.0002;0.0001;0.0020;0.9975;-0.0613;0.0033;0.0342;0;0.2429;-1.7599;-0.0473;0.0000;342.2868;0.0000;0.0000;0.0000;0.0000;0.0000;0.0000;0.0000;0;0.0000;0.0000;0.0000;0.0000;0.0000;0.0000;ControllerBody;0.1972;0.0372;0.9797;0.1525;-0.0728;0.4403;0.9944;-0.0155;0.0996;0.0317;0.0525;-0.0728;0.4403;357.8708;11.3797;3.4382;0.0513;-0.0717;0.4331;357.9472;11.0495;3.3230;0;0.0513;-0.0717;0.4331;357.9472;11.0495;3.3230;ControllerBody;1448ff49-a958-4320-80a8-7c589216becd;1;Exposure;2026-04-01 12:34:50.3647;Controllers;;OpenXR
Right;2;Exposure;0;NoMitigation;Translation;anonymous;Sample;365;0.0000;0.0003;-0.0002;0.0017;352.8954;0.0925;3.8535;0.0003;-0.0002;0.0017;0.9975;-0.0619;0.0029;0.0336;0;0.2429;-1.7599;-0.0473;0.0000;342.2868;0.0000;0.0000;0.0000;0.0000;0.0000;0.0000;0.0000;0;0.0000;0.0000;0.0000;0.0000;0.0000;0.0000;ControllerBody;0.1969;0.0371;0.9797;0.1525;-0.0728;0.4404;0.9944;-0.0155;0.0995;0.0316;0.0525;-0.0728;0.4404;357.8750;11.3629;3.4294;0.0514;-0.0716;0.4332;357.9582;10.9960;3.1910;0;0.0514;-0.0716;0.4332;357.9582;10.9960;3.1910;ControllerBody;1448ff49-a958-4320-80a8-7c589216becd;1;Exposure;2026-04-01 12:34:50.3901;Controllers;;OpenXR
Right;2;Exposure;0;NoMitigation;Translation;anonymous;Sample;368;0.0000;0.0004;-0.0005;0.0016;352.9056;0.0064;3.8664;0.0004;-0.0005;0.0016;0.9975;-0.0618;0.0021;0.0337;0;0.2429;-1.7599;-0.0473;0.0000;342.2868;0.0000;0.0000;0.0000;0.0000;0.0000;0.0000;0.0000;0;0.0000;0.0000;0.0000;0.0000;0.0000;0.0000;ControllerBody;0.1964;0.0370;0.9798;0.1525;-0.0728;0.4404;0.9944;-0.0155;0.0993;0.0314;0.0525;-0.0728;0.4404;357.8820;11.3368;3.4022;0.0516;-0.0714;0.4332;357.9949;10.9589;2.9266;0;0.0516;-0.0714;0.4332;357.9949;10.9589;2.9266;ControllerBody;1448ff49-a958-4320-80a8-7c589216becd;1;Exposure;2026-04-01 12:34:50.4156;Controllers;;OpenXR
Right;2;Exposure;0;NoMitigation;Translation;anonymous;Sample;371;0.0000;0.0006;-0.0008;0.0016;352.8647;359.9817;3.8496;0.0006;-0.0008;0.0016;0.9975;-0.0622;0.0019;0.0335;0;0.2429;-1.7599;-0.0473;0.0000;342.2868;0.0000;0.0000;0.0000;0.0000;0.0000;0.0000;0.0000;0;0.0000;0.0000;0.0000;0.0000;0.0000;0.0000;ControllerBody;0.1960;0.0368;0.9799;0.1525;-0.0727;0.4404;0.9945;-0.0154;0.0990;0.0311;0.0525;-0.0727;0.4404;357.8896;11.3109;3.3724;0.0516;-0.0714;0.4333;357.9667;10.9486;2.9906;0;0.0516;-0.0714;0.4333;357.9667;10.9486;2.9906;ControllerBody;1448ff49-a958-4320-80a8-7c589216becd;1;Exposure;2026-04-01 12:34:50.4396;Controllers;;OpenXR
Right;2;Exposure;0;NoMitigation;Translation;anonymous;Sample;374;0.0000;0.0005;-0.0011;0.0019;352.8858;0.0153;3.8036;0.0005;-0.0011;0.0019;0.9975;-0.0620;0.0022;0.0331;0;0.2429;-1.7599;-0.0473;0.0000;342.2868;0.0000;0.0000;0.0000;0.0000;0.0000;0.0000;0.0000;0;0.0000;0.0000;0.0000;0.0000;0.0000;0.0000;ControllerBody;0.1956;0.0368;0.9800;0.1525;-0.0727;0.4404;0.9945;-0.0154;0.0988;0.0309;0.0525;-0.0727;0.4404;357.8923;11.2873;3.3473;0.0517;-0.0711;0.4334;357.9189;10.9070;2.9255;0;0.0517;-0.0711;0.4334;357.9189;10.9070;2.9255;ControllerBody;1448ff49-a958-4320-80a8-7c589216becd;1;Exposure;2026-04-01 12:34:50.4657;Controllers;;OpenXR
Right;2;Exposure;0;NoMitigation;Translation;anonymous;Sample;377;0.0000;0.0005;-0.0011;0.0022;353.0304;0.0908;3.9001;0.0005;-0.0011;0.0022;0.9976;-0.0607;0.0029;0.0340;0;0.2429;-1.7599;-0.0473;0.0000;342.2868;0.0000;0.0000;0.0000;0.0000;0.0000;0.0000;0.0000;0;0.0000;0.0000;0.0000;0.0000;0.0000;0.0000;ControllerBody;0.1952;0.0367;0.9801;0.1525;-0.0727;0.4404;0.9945;-0.0154;0.0986;0.0306;0.0525;-0.0727;0.4404;357.8963;11.2619;3.3191;0.0518;-0.0711;0.4334;357.9429;10.8917;2.9085;0;0.0518;-0.0711;0.4334;357.9429;10.8917;2.9085;ControllerBody;1448ff49-a958-4320-80a8-7c589216becd;1;Exposure;2026-04-01 12:34:50.4901;Controllers;;OpenXR
Right;2;Exposure;0;NoMitigation;Translation;anonymous;Sample;380;0.0000;0.0004;-0.0011;0.0025;353.0638;0.2829;3.9579;0.0004;-0.0011;0.0025;0.9976;-0.0604;0.0046;0.0346;0;0.2429;-1.7599;-0.0473;0.0000;342.2868;0.0000;0.0000;0.0000;0.0000;0.0000;0.0000;0.0000;0;0.0000;0.0000;0.0000;0.0000;0.0000;0.0000;ControllerBody;0.1948;0.0366;0.9802;0.1525;-0.0726;0.4404;0.9946;-0.0154;0.0984;0.0304;0.0525;-0.0726;0.4404;357.9005;11.2396;3.2958;0.0519;-0.0711;0.4335;357.9417;10.8982;2.9493;0;0.0519;-0.0711;0.4335;357.9417;10.8982;2.9493;ControllerBody;1448ff49-a958-4320-80a8-7c589216becd;1;Exposure;2026-04-01 12:34:50.5157;Controllers;;OpenXR
Right;2;Exposure;0;NoMitigation;Translation;anonymous;Sample;383;0.0000;0.0002;-0.0010;0.0027;353.0891;0.4534;3.9442;0.0002;-0.0010;0.0027;0.9976;-0.0601;0.0060;0.0346;0;0.2429;-1.7599;-0.0473;0.0000;342.2868;0.0000;0.0000;0.0000;0.0000;0.0000;0.0000;0.0000;0;0.0000;0.0000;0.0000;0.0000;0.0000;0.0000;ControllerBody;0.1944;0.0366;0.9802;0.1525;-0.0726;0.4404;0.9946;-0.0154;0.0982;0.0302;0.0525;-0.0726;0.4404;357.9028;11.2183;3.2771;0.0518;-0.0711;0.4336;357.9474;10.8199;2.9541;0;0.0518;-0.0711;0.4336;357.9474;10.8199;2.9541;ControllerBody;1448ff49-a958-4320-80a8-7c589216becd;1;Exposure;2026-04-01 12:34:50.5402;Controllers;;OpenXR
Right;2;Exposure;0;NoMitigation;Translation;anonymous;Sample;386;0.0000;0.0002;-0.0009;0.0028;353.0475;0.5685;3.9884;0.0002;-0.0009;0.0028;0.9975;-0.0604;0.0071;0.0350;0;0.2429;-1.7599;-0.0473;0.0000;342.2868;0.0000;0.0000;0.0000;0.0000;0.0000;0.0000;0.0000;0;0.0000;0.0000;0.0000;0.0000;0.0000;0.0000;ControllerBody;0.1938;0.0365;0.9804;0.1526;-0.0726;0.4404;0.9946;-0.0154;0.0979;0.0300;0.0526;-0.0726;0.4404;357.9073;11.1844;3.2543;0.0516;-0.0711;0.4335;357.9471;10.6665;2.9227;0;0.0516;-0.0711;0.4335;357.9471;10.6665;2.9227;ControllerBody;1448ff49-a958-4320-80a8-7c589216becd;1;Exposure;2026-04-01 12:34:50.5653;Controllers;;OpenXR
Right;2;Exposure;0;NoMitigation;Translation;anonymous;Sample;389;0.0000;0.0002;-0.0007;0.0028;352.9932;0.6058;3.9510;0.0002;-0.0007;0.0028;0.9975;-0.0609;0.0074;0.0347;0;0.2429;-1.7599;-0.0473;0.0000;342.2868;0.0000;0.0000;0.0000;0.0000;0.0000;0.0000;0.0000;0;0.0000;0.0000;0.0000;0.0000;0.0000;0.0000;ControllerBody;0.1929;0.0365;0.9805;0.1526;-0.0726;0.4404;0.9947;-0.0154;0.0974;0.0298;0.0526;-0.0726;0.4404;357.9093;11.1300;3.2283;0.0511;-0.0710;0.4333;357.9135;10.4539;2.9592;0;0.0511;-0.0710;0.4333;357.9135;10.4539;2.9592;ControllerBody;1448ff49-a958-4320-80a8-7c589216becd;1;Exposure;2026-04-01 12:34:50.5904;Controllers;;OpenXR
Right;2;Exposure;0;NoMitigation;Translation;anonymous;Sample;392;0.0000;0.0003;-0.0004;0.0027;352.9038;0.6438;3.8688;0.0003;-0.0004;0.0027;0.9975;-0.0617;0.0077;0.0340;0;0.2429;-1.7599;-0.0473;0.0000;342.2868;0.0000;0.0000;0.0000;0.0000;0.0000;0.0000;0.0000;0;0.0000;0.0000;0.0000;0.0000;0.0000;0.0000;ControllerBody;0.1919;0.0366;0.9807;0.1526;-0.0725;0.4404;0.9947;-0.0155;0.0969;0.0296;0.0526;-0.0725;0.4404;357.9045;11.0713;3.2112;0.0507;-0.0710;0.4332;357.8254;10.3360;3.0291;0;0.0507;-0.0710;0.4332;357.8254;10.3360;3.0291;ControllerBody;1448ff49-a958-4320-80a8-7c589216becd;1;Exposure;2026-04-01 12:34:50.6153;Controllers;;OpenXR
Right;2;Exposure;0;NoMitigation;Translation;anonymous;Sample;395;0.0000;0.0003;-0.0002;0.0025;352.8823;0.6764;3.8101;0.0003;-0.0002;0.0025;0.9975;-0.0618;0.0080;0.0335;0;0.2429;-1.7599;-0.0473;0.0000;342.2868;0.0000;0.0000;0.0000;0.0000;0.0000;0.0000;0.0000;0;0.0000;0.0000;0.0000;0.0000;0.0000;0.0000;ControllerBody;0.1908;0.0368;0.9809;0.1525;-0.0725;0.4404;0.9948;-0.0156;0.0964;0.0296;0.0525;-0.0725;0.4404;357.8937;11.0076;3.2040;0.0505;-0.0709;0.4332;357.7398;10.2705;3.1729;0;0.0505;-0.0709;0.4332;357.7398;10.2705;3.1729;ControllerBody;1448ff49-a958-4320-80a8-7c589216becd;1;Exposure;2026-04-01 12:34:50.6403;Controllers;;OpenXR
Right;2;Exposure;0;NoMitigation;Translation;anonymous;Sample;398;0.0000;0.0004;0.0001;0.0025;352.8647;0.6519;3.7530;0.0004;0.0001;0.0025;0.9975;-0.0620;0.0077;0.0330;0;0.2429;-1.7599;-0.0473;0.0000;342.2868;0.0000;0.0000;0.0000;0.0000;0.0000;0.0000;0.0000;0;0.0000;0.0000;0.0000;0.0000;0.0000;0.0000;ControllerBody;0.1896;0.0370;0.9812;0.1525;-0.0725;0.4404;0.9948;-0.0158;0.0958;0.0296;0.0525;-0.0725;0.4404;357.8769;10.9394;3.2026;0.0505;-0.0709;0.4331;357.7029;10.2536;3.1888;0;0.0505;-0.0709;0.4331;357.7029;10.2536;3.1888;ControllerBody;1448ff49-a958-4320-80a8-7c589216becd;1;Exposure;2026-04-01 12:34:50.6682;Controllers;;OpenXR
Right;3;Exposure;1;NoMitigation;Translation;anonymous;Sample;401;0.0000;0.0004;0.0003;0.0023;352.7831;0.6037;3.6690;0.0004;0.0003;0.0023;0.9975;-0.0627;0.0073;0.0323;0;0.2429;-1.7599;-0.0473;0.0000;342.2868;0.0000;0.0000;0.0000;0.0000;0.0000;0.0000;0.0000;0;0.0000;0.0000;0.0000;0.0000;0.0000;0.0000;ControllerBody;0.1891;0.0373;0.9813;0.1525;-0.0724;0.4404;0.9949;-0.0159;0.0955;0.0296;0.0525;-0.0724;0.4404;357.8647;10.9081;3.2035;0.0507;-0.0708;0.4329;357.6216;10.4543;3.2367;1;0.0507;-0.0708;0.4329;357.6216;10.4543;3.2367;ControllerBody;1448ff49-a958-4320-80a8-7c589216becd;1;Exposure;2026-04-01 12:34:50.6922;Controllers;;OpenXR
Right;3;Exposure;0;NoMitigation;Translation;anonymous;Sample;404;0.0000;0.0004;0.0004;0.0022;352.7118;0.5219;3.5797;0.0004;0.0004;0.0022;0.9975;-0.0634;0.0065;0.0315;0;0.2429;-1.7599;-0.0473;0.0000;342.2868;0.0000;0.0000;0.0000;0.0000;0.0000;0.0000;0.0000;0;0.0000;0.0000;0.0000;0.0000;0.0000;0.0000;ControllerBody;0.1884;0.0377;0.9814;0.1525;-0.0724;0.4404;0.9949;-0.0161;0.0952;0.0296;0.0525;-0.0724;0.4404;357.8372;10.8667;3.2057;0.0503;-0.0707;0.4326;357.4814;10.2911;3.2516;1;0.0503;-0.0707;0.4326;357.4814;10.2911;3.2516;ControllerBody;1448ff49-a958-4320-80a8-7c589216becd;1;Exposure;2026-04-01 12:34:50.7151;Controllers;;OpenXR
Right;3;Exposure;0;NoMitigation;Translation;anonymous;Sample;407;0.0000;0.0003;0.0004;0.0020;352.6795;0.3849;3.6599;0.0003;0.0004;0.0020;0.9974;-0.0637;0.0054;0.0321;0;0.2429;-1.7599;-0.0473;0.0000;342.2868;0.0000;0.0000;0.0000;0.0000;0.0000;0.0000;0.0000;0;0.0000;0.0000;0.0000;0.0000;0.0000;0.0000;ControllerBody;0.1880;0.0381;0.9814;0.1525;-0.0723;0.4404;0.9949;-0.0163;0.0950;0.0297;0.0525;-0.0723;0.4404;357.8185;10.8425;3.2125;0.0506;-0.0707;0.4325;357.5254;10.7046;3.3885;1;0.0506;-0.0707;0.4325;357.5254;10.7046;3.3885;ControllerBody;1448ff49-a958-4320-80a8-7c589216becd;1;Exposure;2026-04-01 12:34:50.7399;Controllers;;OpenXR
Right;3;Exposure;0;NoMitigation;Translation;anonymous;Sample;410;0.0000;0.0002;0.0004;0.0019;352.5745;0.2665;3.7591;0.0002;0.0004;0.0019;0.9974;-0.0646;0.0044;0.0329;0;0.2429;-1.7599;-0.0473;0.0000;342.2868;0.0000;0.0000;0.0000;0.0000;0.0000;0.0000;0.0000;0;0.0000;0.0000;0.0000;0.0000;0.0000;0.0000;ControllerBody;0.1881;0.0387;0.9814;0.1525;-0.0723;0.4404;0.9949;-0.0166;0.0950;0.0299;0.0525;-0.0723;0.4404;357.7848;10.8484;3.2290;0.0510;-0.0700;0.4321;357.1484;11.0400;3.5365;1;0.0510;-0.0700;0.4321;357.1484;11.0400;3.5365;ControllerBody;1448ff49-a958-4320-80a8-7c589216becd;1;Exposure;2026-04-01 12:34:50.7650;Controllers;;OpenXR
Right;3;Exposure;0;NoMitigation;Translation;anonymous;Sample;413;0.0000;0.0001;0.0006;0.0018;352.5184;0.2758;3.7949;0.0001;0.0006;0.0018;0.9973;-0.0651;0.0046;0.0332;0;0.2429;-1.7599;-0.0473;0.0000;342.2868;0.0000;0.0000;0.0000;0.0000;0.0000;0.0000;0.0000;0;0.0000;0.0000;0.0000;0.0000;0.0000;0.0000;ControllerBody;0.1881;0.0392;0.9814;0.1525;-0.0722;0.4404;0.9949;-0.0168;0.0950;0.0300;0.0525;-0.0722;0.4404;357.7545;10.8483;3.2421;0.0507;-0.0702;0.4323;357.3627;10.7649;3.4022;1;0.0507;-0.0702;0.4323;357.3627;10.7649;3.4022;ControllerBody;1448ff49-a958-4320-80a8-7c589216becd;1;Exposure;2026-04-01 12:34:50.7904;Controllers;;OpenXR
Right;3;Exposure;0;NoMitigation;Translation;anonymous;Sample;416;0.0000;-0.0002;0.0008;0.0018;352.5436;0.3991;3.7411;-0.0002;0.0008;0.0018;0.9973;-0.0649;0.0056;0.0328;0;0.2429;-1.7599;-0.0473;0.0000;342.2868;0.0000;0.0000;0.0000;0.0000;0.0000;0.0000;0.0000;0;0.0000;0.0000;0.0000;0.0000;0.0000;0.0000;ControllerBody;0.1880;0.0392;0.9814;0.1525;-0.0722;0.4403;0.9949;-0.0168;0.0950;0.0300;0.0525;-0.0722;0.4403;357.7518;10.8425;3.2435;0.0503;-0.0705;0.4322;357.7194;10.6023;3.2830;0;0.0503;-0.0705;0.4322;357.7194;10.6023;3.2830;ControllerBody;1448ff49-a958-4320-80a8-7c589216becd;1;Exposure;2026-04-01 12:34:50.8142;Controllers;;OpenXR
Right;3;Exposure;0;NoMitigation;Translation;anonymous;Sample;419;0.0000;-0.0004;0.0010;0.0017;352.5887;0.5276;3.6749;-0.0004;0.0010;0.0017;0.9974;-0.0644;0.0067;0.0323;0;0.2429;-1.7599;-0.0473;0.0000;342.2868;0.0000;0.0000;0.0000;0.0000;0.0000;0.0000;0.0000;0;0.0000;0.0000;0.0000;0.0000;0.0000;0.0000;ControllerBody;0.1879;0.0392;0.9814;0.1524;-0.0721;0.4403;0.9949;-0.0169;0.0949;0.0300;0.0524;-0.0721;0.4403;357.7509;10.8368;3.2443;0.0502;-0.0704;0.4322;357.6408;10.6007;3.2703;0;0.0502;-0.0704;0.4322;357.6408;10.6007;3.2703;ControllerBody;1448ff49-a958-4320-80a8-7c589216becd;1;Exposure;2026-04-01 12:34:50.8393;Controllers;;OpenXR
Right;3;Exposure;0;NoMitigation;Translation;anonymous;Sample;422;0.0000;-0.0005;0.0011;0.0015;352.6051;0.5559;3.6931;-0.0005;0.0011;0.0015;0.9974;-0.0643;0.0069;0.0325;0;0.2429;-1.7599;-0.0473;0.0000;342.2868;0.0000;0.0000;0.0000;0.0000;0.0000;0.0000;0.0000;0;0.0000;0.0000;0.0000;0.0000;0.0000;0.0000;ControllerBody;0.1878;0.0393;0.9814;0.1524;-0.0721;0.4403;0.9949;-0.0169;0.0949;0.0300;0.0524;-0.0721;0.4403;357.7471;10.8305;3.2445;0.0503;-0.0703;0.4322;357.5959;10.6210;3.2410;0;0.0503;-0.0703;0.4322;357.5959;10.6210;3.2410;ControllerBody;1448ff49-a958-4320-80a8-7c589216becd;1;Exposure;2026-04-01 12:34:50.8646;Controllers;;OpenXR
Right;3;Exposure;0;NoMitigation;Translation;anonymous;Sample;425;0.0000;-0.0005;0.0010;0.0014;352.4982;0.5589;3.7604;-0.0005;0.0010;0.0014;0.9973;-0.0652;0.0070;0.0331;0;0.2429;-1.7599;-0.0473;0.0000;342.2868;0.0000;0.0000;0.0000;0.0000;0.0000;0.0000;0.0000;0;0.0000;0.0000;0.0000;0.0000;0.0000;0.0000;ControllerBody;0.1876;0.0394;0.9814;0.1524;-0.0721;0.4403;0.9949;-0.0169;0.0948;0.0300;0.0524;-0.0721;0.4403;357.7418;10.8234;3.2444;0.0502;-0.0702;0.4323;357.5723;10.5904;3.2475;0;0.0502;-0.0702;0.4323;357.5723;10.5904;3.2475;ControllerBody;1448ff49-a958-4320-80a8-7c589216becd;1;Exposure;2026-04-01 12:34:50.8891;Controllers;;OpenXR
Right;3;Exposure;0;NoMitigation;Translation;anonymous;Sample;428;0.0000;-0.0005;0.0009;0.0012;352.4923;0.4992;3.6588;-0.0005;0.0009;0.0012;0.9973;-0.0653;0.0064;0.0321;0;0.2429;-1.7599;-0.0473;0.0000;342.2868;0.0000;0.0000;0.0000;0.0000;0.0000;0.0000;0.0000;0;0.0000;0.0000;0.0000;0.0000;0.0000;0.0000;ControllerBody;0.1876;0.0395;0.9815;0.1524;-0.0720;0.4403;0.9949;-0.0170;0.0948;0.0300;0.0524;-0.0720;0.4403;357.7375;10.8187;3.2447;0.0505;-0.0703;0.4325;357.5775;10.7074;3.2542;0;0.0505;-0.0703;0.4325;357.5775;10.7074;3.2542;ControllerBody;1448ff49-a958-4320-80a8-7c589216becd;1;Exposure;2026-04-01 12:34:50.9154;Controllers;;OpenXR
Right;3;Exposure;0;NoMitigation;Translation;anonymous;Sample;431;0.0000;-0.0004;0.0008;0.0012;352.4453;0.4208;3.6307;-0.0004;0.0008;0.0012;0.9973;-0.0657;0.0057;0.0319;0;0.2429;-1.7599;-0.0473;0.0000;342.2868;0.0000;0.0000;0.0000;0.0000;0.0000;0.0000;0.0000;0;0.0000;0.0000;0.0000;0.0000;0.0000;0.0000;ControllerBody;0.1876;0.0396;0.9815;0.1524;-0.0720;0.4403;0.9949;-0.0170;0.0948;0.0301;0.0524;-0.0720;0.4403;357.7325;10.8188;3.2460;0.0509;-0.0704;0.4327;357.5129;10.9018;3.3451;0;0.0509;-0.0704;0.4327;357.5129;10.9018;3.3451;ControllerBody;1448ff49-a958-4320-80a8-7c589216becd;1;Exposure;2026-04-01 12:34:50.9393;Controllers;;OpenXR
Right;3;Exposure;0;NoMitigation;Translation;anonymous;Sample;434;0.0000;-0.0003;0.0008;0.0011;352.4768;0.3721;3.6688;-0.0003;0.0008;0.0011;0.9973;-0.0655;0.0053;0.0322;0;0.2429;-1.7599;-0.0473;0.0000;342.2868;0.0000;0.0000;0.0000;0.0000;0.0000;0.0000;0.0000;0;0.0000;0.0000;0.0000;0.0000;0.0000;0.0000;ControllerBody;0.1876;0.0397;0.9814;0.1524;-0.0719;0.4403;0.9949;-0.0171;0.0948;0.0301;0.0524;-0.0719;0.4403;357.7275;10.8228;3.2488;0.0511;-0.0707;0.4329;357.5715;10.9770;3.3395;0;0.0511;-0.0707;0.4329;357.5715;10.9770;3.3395;ControllerBody;1448ff49-a958-4320-80a8-7c589216becd;1;Exposure;2026-04-01 12:34:50.9648;Controllers;;OpenXR
Right;3;Exposure;0;NoMitigation;Translation;anonymous;Sample;437;0.0000;-0.0003;0.0006;0.0010;352.4406;0.3833;3.6717;-0.0003;0.0006;0.0010;0.9973;-0.0658;0.0054;0.0322;0;0.2429;-1.7599;-0.0473;0.0000;342.2868;0.0000;0.0000;0.0000;0.0000;0.0000;0.0000;0.0000;0;0.0000;0.0000;0.0000;0.0000;0.0000;0.0000;ControllerBody;0.1877;0.0397;0.9814;0.1524;-0.0719;0.4403;0.9949;-0.0171;0.0949;0.0301;0.0524;-0.0719;0.4403;357.7238;10.8287;3.2525;0.0515;-0.0710;0.4333;357.6189;11.0708;3.3905;0;0.0515;-0.0710;0.4333;357.6189;11.0708;3.3905;ControllerBody;1448ff49-a958-4320-80a8-7c589216becd;1;Exposure;2026-04-01 12:34:50.9897;Controllers;;OpenXR
Right;3;Exposure;0;NoMitigation;Translation;anonymous;Sample;440;0.0000;-0.0003;0.0004;0.0010;352.3586;0.5108;3.6181;-0.0003;0.0004;0.0010;0.9973;-0.0665;0.0065;0.0318;0;0.2429;-1.7599;-0.0473;0.0000;342.2868;0.0000;0.0000;0.0000;0.0000;0.0000;0.0000;0.0000;0;0.0000;0.0000;0.0000;0.0000;0.0000;0.0000;ControllerBody;0.1885;0.0399;0.9813;0.1524;-0.0719;0.4403;0.9948;-0.0171;0.0953;0.0303;0.0524;-0.0719;0.4403;357.7157;10.8752;3.2687;0.0530;-0.0713;0.4339;357.5762;11.6804;3.5201;0;0.0530;-0.0713;0.4339;357.5762;11.6804;3.5201;ControllerBody;1448ff49-a958-4320-80a8-7c589216becd;1;Exposure;2026-04-01 12:34:51.0145;Controllers;;OpenXR
Right;3;Exposure;0;NoMitigation;Translation;anonymous;Sample;443;0.0000;-0.0002;0.0003;0.0011;352.4367;0.5526;3.5706;-0.0002;0.0003;0.0011;0.9973;-0.0658;0.0069;0.0314;0;0.2429;-1.7599;-0.0473;0.0000;342.2868;0.0000;0.0000;0.0000;0.0000;0.0000;0.0000;0.0000;0;0.0000;0.0000;0.0000;0.0000;0.0000;0.0000;ControllerBody;0.1920;0.0411;0.9805;0.1525;-0.0719;0.4403;0.9946;-0.0177;0.0971;0.0308;0.0525;-0.0719;0.4403;357.6430;11.0785;3.3157;0.0548;-0.0707;0.4342;357.1045;12.3996;3.6297;0;0.0548;-0.0707;0.4342;357.1045;12.3996;3.6297;ControllerBody;1448ff49-a958-4320-80a8-7c589216becd;1;Exposure;2026-04-01 12:34:51.0391;Controllers;;OpenXR
Right;3;Exposure;0;NoMitigation;Translation;anonymous;Sample;446;0.0000;-0.0001;0.0002;0.0012;352.5409;0.5412;3.6172;-0.0001;0.0002;0.0012;0.9974;-0.0649;0.0068;0.0318;0;0.2429;-1.7599;-0.0473;0.0000;342.2868;0.0000;0.0000;0.0000;0.0000;0.0000;0.0000;0.0000;0;0.0000;0.0000;0.0000;0.0000;0.0000;0.0000;ControllerBody;0.1960;0.0427;0.9797;0.1527;-0.0718;0.4404;0.9944;-0.0184;0.0991;0.0314;0.0527;-0.0718;0.4404;357.5507;11.3129;3.3736;0.0554;-0.0706;0.4347;357.0916;12.5297;3.6521;0;0.0554;-0.0706;0.4347;357.0916;12.5297;3.6521;ControllerBody;1448ff49-a958-4320-80a8-7c589216becd;1;Exposure;2026-04-01 12:34:51.0650;Controllers;;OpenXR
Right;3;Exposure;0;NoMitigation;Translation;anonymous;Sample;449;0.0000;0.0000;0.0002;0.0014;352.5471;0.5634;3.6570;0.0000;0.0002;0.0014;0.9974;-0.0648;0.0070;0.0322;0;0.2429;-1.7599;-0.0473;0.0000;342.2868;0.0000;0.0000;0.0000;0.0000;0.0000;0.0000;0.0000;0;0.0000;0.0000;0.0000;0.0000;0.0000;0.0000;ControllerBody;0.1994;0.0439;0.9789;0.1529;-0.0717;0.4405;0.9942;-0.0188;0.1009;0.0320;0.0529;-0.0717;0.4405;357.4856;11.5139;3.4383;0.0561;-0.0709;0.4350;357.0810;12.7552;3.8561;0;0.0561;-0.0709;0.4350;357.0810;12.7552;3.8561;ControllerBody;1448ff49-a958-4320-80a8-7c589216becd;1;Exposure;2026-04-01 12:34:51.0910;Controllers;;OpenXR
Right;3;Exposure;0;NoMitigation;Translation;anonymous;Sample;452;0.0000;0.0000;0.0004;0.0015;352.6080;0.6391;3.6122;0.0000;0.0004;0.0015;0.9974;-0.0643;0.0076;0.0318;0;0.2429;-1.7599;-0.0473;0.0000;342.2868;0.0000;0.0000;0.0000;0.0000;0.0000;0.0000;0.0000;0;0.0000;0.0000;0.0000;0.0000;0.0000;0.0000;ControllerBody;0.2047;0.0459;0.9778;0.1532;-0.0717;0.4406;0.9939;-0.0196;0.1036;0.0332;0.0532;-0.0717;0.4406;357.3706;11.8222;3.5567;0.0573;-0.0707;0.4349;356.7986;13.2965;4.1665;0;0.0573;-0.0707;0.4349;356.7986;13.2965;4.1665;ControllerBody;1448ff49-a958-4320-80a8-7c589216becd;1;Exposure;2026-04-01 12:34:51.1154;Controllers;;OpenXR
Right;3;Exposure;0;NoMitigation;Translation;anonymous;Sample;455;0.0000;0.0000;0.0004;0.0015;352.6344;0.7206;3.5991;0.0000;0.0004;0.0015;0.9974;-0.0640;0.0083;0.0317;0;0.2429;-1.7599;-0.0473;0.0000;342.2868;0.0000;0.0000;0.0000;0.0000;0.0000;0.0000;0.0000;0;0.0000;0.0000;0.0000;0.0000;0.0000;0.0000;ControllerBody;0.2093;0.0478;0.9767;0.1536;-0.0716;0.4407;0.9936;-0.0204;0.1060;0.0343;0.0536;-0.0716;0.4407;357.2586;12.0954;3.6652;0.0578;-0.0708;0.4350;356.7769;13.3362;4.0921;0;0.0578;-0.0708;0.4350;356.7769;13.3362;4.0921;ControllerBody;1448ff49-a958-4320-80a8-7c589216becd;1;Exposure;2026-04-01 12:34:51.1405;Controllers;;OpenXR
Right;3;Exposure;0;NoMitigation;Translation;anonymous;Sample;458;0.0000;0.0000;0.0002;0.0014;352.5804;0.7420;3.5595;0.0000;0.0002;0.0014;0.9974;-0.0645;0.0085;0.0314;0;0.2429;-1.7599;-0.0473;0.0000;342.2868;0.0000;0.0000;0.0000;0.0000;0.0000;0.0000;0.0000;0;0.0000;0.0000;0.0000;0.0000;0.0000;0.0000;ControllerBody;0.2107;0.0483;0.9764;0.1538;-0.0715;0.4407;0.9935;-0.0206;0.1067;0.0346;0.0538;-0.0715;0.4407;357.2290;12.1766;3.6925;0.0566;-0.0715;0.4351;357.1700;12.4775;3.8418;0;0.0566;-0.0715;0.4351;357.1700;12.4775;3.8418;ControllerBody;1448ff49-a958-4320-80a8-7c589216becd;1;Exposure;2026-04-01 12:34:51.1649;Controllers;;OpenXR
Right;4;Exposure;0;NoMitigation;Translation;anonymous;Sample;461;0.0000;0.0002;0.0000;0.0014;352.4889;0.6911;3.6244;0.0002;0.0000;0.0014;0.9973;-0.0653;0.0081;0.0320;0;0.2429;-1.7599;-0.0473;0.0000;342.2868;0.0000;0.0000;0.0000;0.0000;0.0000;0.0000;0.0000;0;0.0000;0.0000;0.0000;0.0000;0.0000;0.0000;ControllerBody;0.2107;0.0484;0.9764;0.1539;-0.0715;0.4408;0.9935;-0.0206;0.1068;0.0346;0.0539;-0.0715;0.4408;357.2274;12.1768;3.6977;0.0560;-0.0716;0.4345;357.0915;12.3441;3.9728;1;0.0560;-0.0716;0.4345;357.0915;12.3441;3.9728;ControllerBody;1448ff49-a958-4320-80a8-7c589216becd;1;Exposure;2026-04-01 12:34:51.1901;Controllers;;OpenXR
Right;4;Exposure;0;NoMitigation;Translation;anonymous;Sample;464;0.0000;0.0004;-0.0001;0.0015;352.5161;0.5871;3.6557;0.0004;-0.0001;0.0015;0.9973;-0.0651;0.0072;0.0322;0;0.2429;-1.7599;-0.0473;0.0000;342.2868;0.0000;0.0000;0.0000;0.0000;0.0000;0.0000;0.0000;0;0.0000;0.0000;0.0000;0.0000;0.0000;0.0000;ControllerBody;0.2116;0.0489;0.9761;0.1541;-0.0715;0.4408;0.9934;-0.0209;0.1073;0.0349;0.0541;-0.0715;0.4408;357.1948;12.2337;3.7288;0.0569;-0.0710;0.4342;356.7029;13.0157;4.0921;1;0.0569;-0.0710;0.4342;356.7029;13.0157;4.0921;ControllerBody;1448ff49-a958-4320-80a8-7c589216becd;1;Exposure;2026-04-01 12:34:51.2149;Controllers;;OpenXR
Right;4;Exposure;0;NoMitigation;Translation;anonymous;Sample;467;0.0000;0.0005;0.0000;0.0016;352.5775;0.5106;3.6102;0.0005;0.0000;0.0016;0.9974;-0.0646;0.0065;0.0317;0;0.2429;-1.7599;-0.0473;0.0000;342.2868;0.0000;0.0000;0.0000;0.0000;0.0000;0.0000;0.0000;0;0.0000;0.0000;0.0000;0.0000;0.0000;0.0000;ControllerBody;0.2145;0.0508;0.9754;0.1543;-0.0714;0.4408;0.9932;-0.0217;0.1088;0.0357;0.0543;-0.0714;0.4408;357.0880;12.4052;3.7954;0.0574;-0.0701;0.4340;356.4067;13.5415;4.1557;1;0.0574;-0.0701;0.4340;356.4067;13.5415;4.1557;ControllerBody;1448ff49-a958-4320-80a8-7c589216becd;1;Exposure;2026-04-01 12:34:51.2403;Controllers;;OpenXR
Right;4;Exposure;0;NoMitigation;Translation;anonymous;Sample;470;0.0000;0.0006;0.0001;0.0018;352.6512;0.5252;3.5285;0.0006;0.0001;0.0018;0.9975;-0.0639;0.0065;0.0310;0;0.2429;-1.7599;-0.0473;0.0000;342.2868;0.0000;0.0000;0.0000;0.0000;0.0000;0.0000;0.0000;0;0.0000;0.0000;0.0000;0.0000;0.0000;0.0000;ControllerBody;0.2167;0.0522;0.9748;0.1545;-0.0714;0.4409;0.9930;-0.0223;0.1099;0.0359;0.0545;-0.0714;0.4409;357.0102;12.5349;3.8175;0.0569;-0.0699;0.4339;356.5379;13.2077;3.9183;1;0.0569;-0.0699;0.4339;356.5379;13.2077;3.9183;ControllerBody;1448ff49-a958-4320-80a8-7c589216becd;1;Exposure;2026-04-01 12:34:51.2652;Controllers;;OpenXR
Right;4;Exposure;0;NoMitigation;Translation;anonymous;Sample;473;0.0000;0.0006;0.0002;0.0018;352.6729;0.5628;3.4937;0.0006;0.0002;0.0018;0.9975;-0.0637;0.0068;0.0307;0;0.2429;-1.7599;-0.0473;0.0000;342.2868;0.0000;0.0000;0.0000;0.0000;0.0000;0.0000;0.0000;0;0.0000;0.0000;0.0000;0.0000;0.0000;0.0000;ControllerBody;0.2173;0.0528;0.9747;0.1547;-0.0713;0.4409;0.9930;-0.0226;0.1102;0.0361;0.0547;-0.0713;0.4409;356.9749;12.5679;3.8312;0.0561;-0.0694;0.4337;356.5117;12.9323;4.0432;1;0.0561;-0.0694;0.4337;356.5117;12.9323;4.0432;ControllerBody;1448ff49-a958-4320-80a8-7c589216becd;1;Exposure;2026-04-01 12:34:51.2898;Controllers;;OpenXR
Right;4;Exposure;0;NoMitigation;Translation;anonymous;Sample;476;0.0000;0.0006;0.0002;0.0017;352.6064;0.6342;3.4721;0.0006;0.0002;0.0017;0.9974;-0.0643;0.0075;0.0306;0;0.2429;-1.7599;-0.0473;0.0000;342.2868;0.0000;0.0000;0.0000;0.0000;0.0000;0.0000;0.0000;0;0.0000;0.0000;0.0000;0.0000;0.0000;0.0000;ControllerBody;0.2177;0.0534;0.9746;0.1548;-0.0712;0.4409;0.9930;-0.0229;0.1104;0.0363;0.0548;-0.0712;0.4409;356.9379;12.5896;3.8443;0.0558;-0.0690;0.4334;356.4172;12.8306;4.0023;0;0.0558;-0.0690;0.4334;356.4172;12.8306;4.0023;ControllerBody;1448ff49-a958-4320-80a8-7c589216becd;1;Exposure;2026-04-01 12:34:51.3150;Controllers;;OpenXR
Right;4;Exposure;0;NoMitigation;Translation;anonymous;Sample;479;0.0000;0.0006;0.0004;0.0016;352.6254;0.6680;3.4727;0.0006;0.0004;0.0016;0.9974;-0.0641;0.0078;0.0306;0;0.2429;-1.7599;-0.0473;0.0000;342.2868;0.0000;0.0000;0.0000;0.0000;0.0000;0.0000;0.0000;0;0.0000;0.0000;0.0000;0.0000;0.0000;0.0000;ControllerBody;0.2179;0.0540;0.9745;0.1548;-0.0711;0.4409;0.9929;-0.0231;0.1106;0.0364;0.0548;-0.0711;0.4409;356.9042;12.6024;3.8549;0.0557;-0.0690;0.4333;356.4074;12.7807;4.0005;0;0.0557;-0.0690;0.4333;356.4074;12.7807;4.0005;ControllerBody;1448ff49-a958-4320-80a8-7c589216becd;1;Exposure;2026-04-01 12:34:51.3402;Controllers;;OpenXR
Right;4;Exposure;0;NoMitigation;Translation;anonymous;Sample;482;0.0000;0.0007;0.0006;0.0015;352.5777;0.7173;3.5220;0.0007;0.0006;0.0015;0.9974;-0.0645;0.0082;0.0311;0;0.2429;-1.7599;-0.0473;0.0000;342.2868;0.0000;0.0000;0.0000;0.0000;0.0000;0.0000;0.0000;0;0.0000;0.0000;0.0000;0.0000;0.0000;0.0000;ControllerBody;0.2180;0.0545;0.9744;0.1549;-0.0710;0.4408;0.9929;-0.0234;0.1106;0.0364;0.0549;-0.0710;0.4408;356.8786;12.6113;3.8597;0.0557;-0.0690;0.4332;356.4439;12.7585;3.9232;0;0.0557;-0.0690;0.4332;356.4439;12.7585;3.9232;ControllerBody;1448ff49-a958-4320-80a8-7c589216becd;1;Exposure;2026-04-01 12:34:51.3645;Controllers;;OpenXR
Right;4;Exposure;0;NoMitigation;Translation;anonymous;Sample;485;0.0000;0.0007;0.0005;0.0013;352.4645;0.7779;3.4619;0.0007;0.0005;0.0013;0.9973;-0.0655;0.0088;0.0306;0;0.2429;-1.7599;-0.0473;0.0000;342.2868;0.0000;0.0000;0.0000;0.0000;0.0000;0.0000;0.0000;0;0.0000;0.0000;0.0000;0.0000;0.0000;0.0000;ControllerBody;0.2181;0.0548;0.9744;0.1550;-0.0709;0.4408;0.9929;-0.0235;0.1107;0.0365;0.0550;-0.0709;0.4408;356.8606;12.6172;3.8612;0.0558;-0.0691;0.4332;356.5128;12.7297;3.8638;0;0.0558;-0.0691;0.4332;356.5128;12.7297;3.8638;ControllerBody;1448ff49-a958-4320-80a8-7c589216becd;1;Exposure;2026-04-01 12:34:51.3901;Controllers;;OpenXR
Right;4;Exposure;0;NoMitigation;Translation;anonymous;Sample;488;0.0000;0.0007;0.0003;0.0012;352.4575;0.8120;3.4006;0.0007;0.0003;0.0012;0.9974;-0.0655;0.0090;0.0301;0;0.2429;-1.7599;-0.0473;0.0000;342.2868;0.0000;0.0000;0.0000;0.0000;0.0000;0.0000;0.0000;0;0.0000;0.0000;0.0000;0.0000;0.0000;0.0000;ControllerBody;0.2182;0.0549;0.9744;0.1551;-0.0709;0.4408;0.9929;-0.0236;0.1107;0.0365;0.0551;-0.0709;0.4408;356.8501;12.6220;3.8598;0.0561;-0.0692;0.4333;356.5824;12.7891;3.8090;0;0.0561;-0.0692;0.4333;356.5824;12.7891;3.8090;ControllerBody;1448ff49-a958-4320-80a8-7c589216becd;1;Exposure;2026-04-01 12:34:51.4145;Controllers;;OpenXR
Right;4;Exposure;0;NoMitigation;Translation;anonymous;Sample;491;0.0000;0.0007;0.0003;0.0012;352.4866;0.7743;3.4009;0.0007;0.0003;0.0012;0.9974;-0.0653;0.0087;0.0301;0;0.2429;-1.7599;-0.0473;0.0000;342.2868;0.0000;0.0000;0.0000;0.0000;0.0000;0.0000;0.0000;0;0.0000;0.0000;0.0000;0.0000;0.0000;0.0000;ControllerBody;0.2183;0.0551;0.9743;0.1552;-0.0708;0.4408;0.9929;-0.0237;0.1108;0.0365;0.0552;-0.0708;0.4408;356.8423;12.6279;3.8570;0.0563;-0.0693;0.4334;356.6534;12.8002;3.7494;0;0.0563;-0.0693;0.4334;356.6534;12.8002;3.7494;ControllerBody;1448ff49-a958-4320-80a8-7c589216becd;1;Exposure;2026-04-01 12:34:51.4398;Controllers;;OpenXR
Right;4;Exposure;0;NoMitigation;Translation;anonymous;Sample;494;0.0000;0.0007;0.0003;0.0012;352.6434;0.6625;3.4726;0.0007;0.0003;0.0012;0.9975;-0.0639;0.0077;0.0306;0;0.2429;-1.7599;-0.0473;0.0000;342.2868;0.0000;0.0000;0.0000;0.0000;0.0000;0.0000;0.0000;0;0.0000;0.0000;0.0000;0.0000;0.0000;0.0000;ControllerBody;0.2184;0.0551;0.9743;0.1553;-0.0708;0.4408;0.9929;-0.0237;0.1108;0.0364;0.0553;-0.0708;0.4408;356.8392;12.6328;3.8534;0.0565;-0.0696;0.4335;356.7861;12.7804;3.7014;0;0.0565;-0.0696;0.4335;356.7861;12.7804;3.7014;ControllerBody;1448ff49-a958-4320-80a8-7c589216becd;1;Exposure;2026-04-01 12:34:51.4658;Controllers;;OpenXR
Right;4;Exposure;0;NoMitigation;Translation;anonymous;Sample;497;0.0000;0.0007;0.0003;0.0013;352.6540;0.6094;3.4885;0.0007;0.0003;0.0013;0.9975;-0.0639;0.0073;0.0307;0;0.2429;-1.7599;-0.0473;0.0000;342.2868;0.0000;0.0000;0.0000;0.0000;0.0000;0.0000;0.0000;0;0.0000;0.0000;0.0000;0.0000;0.0000;0.0000;ControllerBody;0.2184;0.0551;0.9743;0.1553;-0.0707;0.4408;0.9929;-0.0237;0.1109;0.0364;0.0553;-0.0707;0.4408;356.8413;12.6349;3.8481;0.0566;-0.0699;0.4336;356.9918;12.6979;3.6094;0;0.0566;-0.0699;0.4336;356.9918;12.6979;3.6094;ControllerBody;1448ff49-a958-4320-80a8-7c589216becd;1;Exposure;2026-04-01 12:34:51.4903;Controllers;;OpenXR
Right;4;Exposure;0;NoMitigation;Translation;anonymous;Sample;500;0.0000;0.0007;0.0002;0.0012;352.5821;0.5937;3.5088;0.0007;0.0002;0.0012;0.9974;-0.0645;0.0071;0.0309;0;0.2429;-1.7599;-0.0473;0.0000;342.2868;0.0000;0.0000;0.0000;0.0000;0.0000;0.0000;0.0000;0;0.0000;0.0000;0.0000;0.0000;0.0000;0.0000;ControllerBody;0.2184;0.0550;0.9743;0.1554;-0.0707;0.4408;0.9929;-0.0236;0.1108;0.0363;0.0554;-0.0707;0.4408;356.8487;12.6331;3.8396;0.0566;-0.0699;0.4336;357.0171;12.6795;3.6017;0;0.0566;-0.0699;0.4336;357.0171;12.6795;3.6017;ControllerBody;1448ff49-a958-4320-80a8-7c589216becd;1;Exposure;2026-04-01 12:34:51.5149;Controllers;;OpenXR
Right;4;Exposure;0;NoMitigation;Translation;anonymous;Sample;503;0.0000;0.0007;0.0001;0.0011;352.5318;0.5952;3.5845;0.0007;0.0001;0.0011;0.9974;-0.0649;0.0072;0.0315;0;0.2429;-1.7599;-0.0473;0.0000;342.2868;0.0000;0.0000;0.0000;0.0000;0.0000;0.0000;0.0000;0;0.0000;0.0000;0.0000;0.0000;0.0000;0.0000;ControllerBody;0.2184;0.0549;0.9743;0.1555;-0.0706;0.4408;0.9929;-0.0236;0.1108;0.0362;0.0555;-0.0706;0.4408;356.8537;12.6348;3.8319;0.0565;-0.0698;0.4336;357.0060;12.6830;3.5931;0;0.0565;-0.0698;0.4336;357.0060;12.6830;3.5931;ControllerBody;1448ff49-a958-4320-80a8-7c589216becd;1;Exposure;2026-04-01 12:34:51.5410;Controllers;;OpenXR
Right;4;Exposure;0;NoMitigation;Translation;anonymous;Sample;506;0.0000;0.0008;0.0000;0.0011;352.5010;0.6126;3.6350;0.0008;0.0000;0.0011;0.9973;-0.0652;0.0074;0.0320;0;0.2429;-1.7599;-0.0473;0.0000;342.2868;0.0000;0.0000;0.0000;0.0000;0.0000;0.0000;0.0000;0;0.0000;0.0000;0.0000;0.0000;0.0000;0.0000;ControllerBody;0.2184;0.0548;0.9743;0.1556;-0.0706;0.4408;0.9929;-0.0236;0.1109;0.0362;0.0556;-0.0706;0.4408;356.8586;12.6357;3.8242;0.0564;-0.0698;0.4335;357.0105;12.6506;3.5820;0;0.0564;-0.0698;0.4335;357.0105;12.6506;3.5820;ControllerBody;1448ff49-a958-4320-80a8-7c589216becd;1;Exposure;2026-04-01 12:34:51.5654;Controllers;;OpenXR
Right;4;Exposure;0;NoMitigation;Translation;anonymous;Sample;509;0.0000;0.0009;0.0000;0.0011;352.4747;0.6348;3.6633;0.0009;0.0000;0.0011;0.9973;-0.0654;0.0076;0.0323;0;0.2429;-1.7599;-0.0473;0.0000;342.2868;0.0000;0.0000;0.0000;0.0000;0.0000;0.0000;0.0000;0;0.0000;0.0000;0.0000;0.0000;0.0000;0.0000;ControllerBody;0.2184;0.0547;0.9743;0.1556;-0.0706;0.4408;0.9929;-0.0235;0.1108;0.0361;0.0556;-0.0706;0.4408;356.8654;12.6324;3.8150;0.0560;-0.0698;0.4333;357.0323;12.5531;3.5462;0;0.0560;-0.0698;0.4333;357.0323;12.5531;3.5462;ControllerBody;1448ff49-a958-4320-80a8-7c589216becd;1;Exposure;2026-04-01 12:34:51.5895;Controllers;;OpenXR
Right;4;Exposure;0;NoMitigation;Translation;anonymous;Sample;512;0.0000;0.0010;-0.0001;0.0012;352.4749;0.6546;3.6477;0.0010;-0.0001;0.0012;0.9973;-0.0654;0.0078;0.0321;0;0.2429;-1.7599;-0.0473;0.0000;342.2868;0.0000;0.0000;0.0000;0.0000;0.0000;0.0000;0.0000;0;0.0000;0.0000;0.0000;0.0000;0.0000;0.0000;ControllerBody;0.2183;0.0546;0.9744;0.1557;-0.0706;0.4408;0.9929;-0.0235;0.1108;0.0360;0.0556;-0.0706;0.4408;356.8710;12.6269;3.8063;0.0556;-0.0699;0.4332;357.0077;12.4448;3.5948;0;0.0556;-0.0699;0.4332;357.0077;12.4448;3.5948;ControllerBody;1448ff49-a958-4320-80a8-7c589216becd;1;Exposure;2026-04-01 12:34:51.6139;Controllers;;OpenXR
Right;4;Exposure;0;NoMitigation;Translation;anonymous;Sample;515;0.0000;0.0011;-0.0001;0.0013;352.5329;0.6695;3.5537;0.0011;-0.0001;0.0013;0.9974;-0.0649;0.0078;0.0313;0;0.2429;-1.7599;-0.0473;0.0000;342.2868;0.0000;0.0000;0.0000;0.0000;0.0000;0.0000;0.0000;0;0.0000;0.0000;0.0000;0.0000;0.0000;0.0000;ControllerBody;0.2181;0.0545;0.9744;0.1557;-0.0705;0.4408;0.9929;-0.0234;0.1107;0.0359;0.0557;-0.0705;0.4408;356.8754;12.6186;3.8001;0.0554;-0.0699;0.4331;356.9896;12.3981;3.6281;0;0.0554;-0.0699;0.4331;356.9896;12.3981;3.6281;ControllerBody;1448ff49-a958-4320-80a8-7c589216becd;1;Exposure;2026-04-01 12:34:51.6394;Controllers;;OpenXR
Right;4;Exposure;0;NoMitigation;Translation;anonymous;Sample;518;0.0000;0.0012;-0.0001;0.0014;352.5541;0.6519;3.5415;0.0012;-0.0001;0.0014;0.9974;-0.0647;0.0077;0.0312;0;0.2429;-1.7599;-0.0473;0.0000;342.2868;0.0000;0.0000;0.0000;0.0000;0.0000;0.0000;0.0000;0;0.0000;0.0000;0.0000;0.0000;0.0000;0.0000;ControllerBody;0.2180;0.0544;0.9744;0.1557;-0.0705;0.4408;0.9929;-0.0234;0.1106;0.0359;0.0557;-0.0705;0.4408;356.8791;12.6118;3.7949;0.0553;-0.0700;0.4331;356.9917;12.4098;3.6422;0;0.0553;-0.0700;0.4331;356.9917;12.4098;3.6422;ControllerBody;1448ff49-a958-4320-80a8-7c589216becd;1;Exposure;2026-04-01 12:34:51.6642;Controllers;;OpenXR
Right;4;Exposure;0;NoMitigation;Translation;anonymous;Sample;521;0.0000;0.0014;-0.0001;0.0015;352.5858;0.6404;3.5559;0.0014;-0.0001;0.0015;0.9974;-0.0645;0.0076;0.0313;0;0.2429;-1.7599;-0.0473;0.0000;342.2868;0.0000;0.0000;0.0000;0.0000;0.0000;0.0000;0.0000;0;0.0000;0.0000;0.0000;0.0000;0.0000;0.0000;ControllerBody;0.2179;0.0543;0.9745;0.1557;-0.0705;0.4408;0.9929;-0.0234;0.1106;0.0358;0.0557;-0.0705;0.4408;356.8848;12.6041;3.7889;0.0553;-0.0700;0.4332;357.0372;12.4216;3.5939;0;0.0553;-0.0700;0.4332;357.0372;12.4216;3.5939;ControllerBody;1448ff49-a958-4320-80a8-7c589216becd;1;Exposure;2026-04-01 12:34:51.6896;Controllers;;OpenXR
Right;4;Exposure;0;NoMitigation;Translation;anonymous;Sample;524;0.0000;0.0014;-0.0002;0.0017;352.5747;0.6581;3.5196;0.0014;-0.0002;0.0017;0.9974;-0.0645;0.0077;0.0310;0;0.2429;-1.7599;-0.0473;0.0000;342.2868;0.0000;0.0000;0.0000;0.0000;0.0000;0.0000;0.0000;0;0.0000;0.0000;0.0000;0.0000;0.0000;0.0000;ControllerBody;0.2178;0.0542;0.9745;0.1557;-0.0705;0.4408;0.9930;-0.0233;0.1105;0.0357;0.0557;-0.0705;0.4408;356.8919;12.5967;3.7808;0.0553;-0.0700;0.4333;357.0864;12.4024;3.5621;0;0.0553;-0.0700;0.4333;357.0864;12.4024;3.5621;ControllerBody;1448ff49-a958-4320-80a8-7c589216becd;1;Exposure;2026-04-01 12:34:51.7152;Controllers;;OpenXR
Right;4;Exposure;0;NoMitigation;Translation;anonymous;Sample;527;0.0000;0.0014;-0.0002;0.0018;352.6640;0.6979;3.4691;0.0014;-0.0002;0.0018;0.9975;-0.0638;0.0080;0.0306;0;0.2429;-1.7599;-0.0473;0.0000;342.2868;0.0000;0.0000;0.0000;0.0000;0.0000;0.0000;0.0000;0;0.0000;0.0000;0.0000;0.0000;0.0000;0.0000;ControllerBody;0.2176;0.0541;0.9745;0.1557;-0.0705;0.4408;0.9930;-0.0233;0.1104;0.0357;0.0557;-0.0705;0.4408;356.9010;12.5873;3.7707;0.0553;-0.0699;0.4333;357.0996;12.3789;3.5274;0;0.0553;-0.0699;0.4333;357.0996;12.3789;3.5274;ControllerBody;1448ff49-a958-4320-80a8-7c589216becd;1;Exposure;2026-04-01 12:34:51.7402;Controllers;;OpenXR
Right;4;Exposure;0;NoMitigation;Translation;anonymous;Sample;530;0.0000;0.0013;-0.0003;0.0018;352.7141;0.7198;3.4800;0.0013;-0.0003;0.0018;0.9975;-0.0633;0.0082;0.0307;0;0.2429;-1.7599;-0.0473;0.0000;342.2868;0.0000;0.0000;0.0000;0.0000;0.0000;0.0000;0.0000;0;0.0000;0.0000;0.0000;0.0000;0.0000;0.0000;ControllerBody;0.2175;0.0539;0.9746;0.1558;-0.0705;0.4408;0.9930;-0.0232;0.1103;0.0355;0.0558;-0.0705;0.4408;356.9114;12.5782;3.7572;0.0556;-0.0699;0.4333;357.1398;12.4096;3.4501;0;0.0556;-0.0699;0.4333;357.1398;12.4096;3.4501;ControllerBody;1448ff49-a958-4320-80a8-7c589216becd;1;Exposure;2026-04-01 12:34:51.7653;Controllers;;OpenXR
Right;4;Exposure;0;NoMitigation;Translation;anonymous;Sample;533;0.0000;0.0013;-0.0005;0.0019;352.6783;0.7159;3.5343;0.0013;-0.0005;0.0019;0.9975;-0.0636;0.0082;0.0312;0;0.2429;-1.7599;-0.0473;0.0000;342.2868;0.0000;0.0000;0.0000;0.0000;0.0000;0.0000;0.0000;0;0.0000;0.0000;0.0000;0.0000;0.0000;0.0000;ControllerBody;0.2173;0.0537;0.9746;0.1558;-0.0705;0.4408;0.9930;-0.0231;0.1103;0.0354;0.0558;-0.0705;0.4408;356.9225;12.5708;3.7421;0.0557;-0.0698;0.4333;357.1394;12.4365;3.4251;0;0.0557;-0.0698;0.4333;357.1394;12.4365;3.4251;ControllerBody;1448ff49-a958-4320-80a8-7c589216becd;1;Exposure;2026-04-01 12:34:51.7890;Controllers;;OpenXR
Right;4;Exposure;0;NoMitigation;Translation;anonymous;Sample;536;0.0000;0.0012;-0.0006;0.0020;352.6332;0.7367;3.7093;0.0012;-0.0006;0.0020;0.9974;-0.0640;0.0085;0.0327;0;0.2429;-1.7599;-0.0473;0.0000;342.2868;0.0000;0.0000;0.0000;0.0000;0.0000;0.0000;0.0000;0;0.0000;0.0000;0.0000;0.0000;0.0000;0.0000;ControllerBody;0.2172;0.0535;0.9747;0.1558;-0.0704;0.4408;0.9930;-0.0230;0.1102;0.0352;0.0558;-0.0704;0.4408;356.9356;12.5611;3.7255;0.0558;-0.0699;0.4334;357.1806;12.4007;3.3807;0;0.0558;-0.0699;0.4334;357.1806;12.4007;3.3807;ControllerBody;1448ff49-a958-4320-80a8-7c589216becd;1;Exposure;2026-04-01 12:34:51.8144;Controllers;;OpenXR
Right;4;Exposure;0;NoMitigation;Translation;anonymous;Sample;539;0.0000;0.0010;-0.0006;0.0020;352.6796;0.8489;3.7204;0.0010;-0.0006;0.0020;0.9974;-0.0636;0.0095;0.0329;0;0.2429;-1.7599;-0.0473;0.0000;342.2868;0.0000;0.0000;0.0000;0.0000;0.0000;0.0000;0.0000;0;0.0000;0.0000;0.0000;0.0000;0.0000;0.0000;ControllerBody;0.2170;0.0531;0.9747;0.1558;-0.0704;0.4408;0.9930;-0.0229;0.1101;0.0350;0.0558;-0.0704;0.4408;356.9554;12.5493;3.7007;0.0560;-0.0700;0.4335;357.3121;12.3815;3.2647;0;0.0560;-0.0700;0.4335;357.3121;12.3815;3.2647;ControllerBody;1448ff49-a958-4320-80a8-7c589216becd;1;Exposure;2026-04-01 12:34:51.8406;Controllers;;OpenXR
Right;4;Exposure;0;NoMitigation;Translation;anonymous;Sample;542;0.0000;0.0007;-0.0006;0.0019;352.7201;0.9951;3.6446;0.0007;-0.0006;0.0019;0.9974;-0.0632;0.0107;0.0323;0;0.2429;-1.7599;-0.0473;0.0000;342.2868;0.0000;0.0000;0.0000;0.0000;0.0000;0.0000;0.0000;0;0.0000;0.0000;0.0000;0.0000;0.0000;0.0000;ControllerBody;0.2168;0.0520;0.9748;0.1559;-0.0704;0.4408;0.9931;-0.0224;0.1099;0.0344;0.0559;-0.0704;0.4408;357.0168;12.5390;3.6364;0.0564;-0.0705;0.4336;357.7025;12.4654;2.9495;0;0.0564;-0.0705;0.4336;357.7025;12.4654;2.9495;ControllerBody;1448ff49-a958-4320-80a8-7c589216becd;1;Exposure;2026-04-01 12:34:51.8668;Controllers;;OpenXR
Right;4;Exposure;0;NoMitigation;Translation;anonymous;Sample;545;0.0000;0.0006;-0.0006;0.0017;352.6495;1.0394;3.6363;0.0006;-0.0006;0.0017;0.9974;-0.0638;0.0111;0.0322;0;0.2429;-1.7599;-0.0473;0.0000;342.2868;0.0000;0.0000;0.0000;0.0000;0.0000;0.0000;0.0000;0;0.0000;0.0000;0.0000;0.0000;0.0000;0.0000;ControllerBody;0.2165;0.0499;0.9750;0.1559;-0.0704;0.4408;0.9932;-0.0214;0.1097;0.0331;0.0559;-0.0704;0.4408;357.1419;12.5200;3.5044;0.0565;-0.0706;0.4336;358.0761;12.3556;2.4941;0;0.0565;-0.0706;0.4336;358.0761;12.3556;2.4941;ControllerBody;1448ff49-a958-4320-80a8-7c589216becd;1;Exposure;2026-04-01 12:34:51.8904;Controllers;;OpenXR
Right;4;Exposure;0;NoMitigation;Translation;anonymous;Sample;548;0.0000;0.0005;-0.0007;0.0015;352.6056;0.9421;3.6624;0.0005;-0.0007;0.0015;0.9974;-0.0642;0.0103;0.0324;0;0.2429;-1.7599;-0.0473;0.0000;342.2868;0.0000;0.0000;0.0000;0.0000;0.0000;0.0000;0.0000;0;0.0000;0.0000;0.0000;0.0000;0.0000;0.0000;ControllerBody;0.2156;0.0450;0.9754;0.1560;-0.0704;0.4408;0.9934;-0.0194;0.1091;0.0302;0.0560;-0.0704;0.4408;357.4185;12.4633;3.1998;0.0567;-0.0705;0.4336;358.7242;12.1509;1.7132;0;0.0567;-0.0705;0.4336;358.7242;12.1509;1.7132;ControllerBody;1448ff49-a958-4320-80a8-7c589216becd;1;Exposure;2026-04-01 12:34:51.9147;Controllers;;OpenXR
Right;4;Exposure;0;NoMitigation;Translation;anonymous;Sample;551;0.0000;0.0005;-0.0007;0.0014;352.5409;0.8166;3.7205;0.0005;-0.0007;0.0014;0.9973;-0.0648;0.0092;0.0329;0;0.2429;-1.7599;-0.0473;0.0000;342.2868;0.0000;0.0000;0.0000;0.0000;0.0000;0.0000;0.0000;0;0.0000;0.0000;0.0000;0.0000;0.0000;0.0000;ControllerBody;0.2126;0.0355;0.9765;0.1560;-0.0704;0.4408;0.9938;-0.0153;0.1073;0.0240;0.0560;-0.0704;0.4408;357.9659;12.2809;2.5516;0.0567;-0.0700;0.4331;359.6638;11.5890;0.4880;0;0.0567;-0.0700;0.4331;359.6638;11.5890;0.4880;ControllerBody;1448ff49-a958-4320-80a8-7c589216becd;1;Exposure;2026-04-01 12:34:51.9400;Controllers;;OpenXR
Right;4;Exposure;0;NoMitigation;Translation;anonymous;Sample;554;0.0000;0.0004;-0.0005;0.0012;352.5273;0.7531;3.7411;0.0004;-0.0005;0.0012;0.9973;-0.0649;0.0087;0.0330;0;0.2429;-1.7599;-0.0473;0.0000;342.2868;0.0000;0.0000;0.0000;0.0000;0.0000;0.0000;0.0000;0;0.0000;0.0000;0.0000;0.0000;0.0000;0.0000;ControllerBody;0.2014;0.0196;0.9793;0.1560;-0.0704;0.4408;0.9947;-0.0085;0.1013;0.0132;0.0560;-0.0704;0.4408;358.8768;11.6212;1.4059;0.0552;-0.0679;0.4319;0.6434;9.9077;358.9225;0;0.0552;-0.0679;0.4319;0.6434;9.9077;358.9225;ControllerBody;1448ff49-a958-4320-80a8-7c589216becd;1;Exposure;2026-04-01 12:34:51.9654;Controllers;;OpenXR
Right;4;Exposure;0;NoMitigation;Translation;anonymous;Sample;557;0.0000;0.0001;-0.0003;0.0011;352.4237;0.7848;3.6756;0.0001;-0.0003;0.0011;0.9973;-0.0658;0.0089;0.0325;0;0.2429;-1.7599;-0.0473;0.0000;342.2868;0.0000;0.0000;0.0000;0.0000;0.0000;0.0000;0.0000;0;0.0000;0.0000;0.0000;0.0000;0.0000;0.0000;ControllerBody;0.1832;0.0053;0.9831;0.1560;-0.0700;0.4406;0.9958;-0.0030;0.0920;-0.0029;0.0560;-0.0700;0.4406;359.6939;10.5578;359.6344;0.0547;-0.0625;0.4296;0.5869;8.6687;356.3857;0;0.0547;-0.0625;0.4296;0.5869;8.6687;356.3857;ControllerBody;1448ff49-a958-4320-80a8-7c589216becd;1;Exposure;2026-04-01 12:34:51.9902;Controllers;;OpenXR
Right;4;Exposure;0;NoMitigation;Translation;anonymous;Sample;560;0.0000;-0.0001;-0.0003;0.0010;352.3131;0.8043;3.6063;-0.0001;-0.0003;0.0010;0.9972;-0.0668;0.0091;0.0319;0;0.2429;-1.7599;-0.0473;0.0000;342.2868;0.0000;0.0000;0.0000;0.0000;0.0000;0.0000;0.0000;0;0.0000;0.0000;0.0000;0.0000;0.0000;0.0000;ControllerBody;0.1609;0.0022;0.9870;0.1560;-0.0683;0.4398;0.9964;-0.0031;0.0807;-0.0250;0.0560;-0.0683;0.4398;359.8758;9.2611;357.1144;0.0544;-0.0535;0.4258;359.4799;7.4300;353.4292;0;0.0544;-0.0535;0.4258;359.4799;7.4300;353.4292;ControllerBody;1448ff49-a958-4320-80a8-7c589216becd;1;Exposure;2026-04-01 12:34:52.0150;Controllers;;OpenXR
Right;4;Exposure;0;NoMitigation;Translation;anonymous;Sample;563;0.0000;-0.0002;-0.0003;0.0009;352.2436;0.7853;3.6877;-0.0002;-0.0003;0.0009;0.9972;-0.0674;0.0090;0.0326;0;0.2429;-1.7599;-0.0473;0.0000;342.2868;0.0000;0.0000;0.0000;0.0000;0.0000;0.0000;0.0000;0;0.0000;0.0000;0.0000;0.0000;0.0000;0.0000;ControllerBody;0.1349;0.0128;0.9908;0.1556;-0.0643;0.4380;0.9966;-0.0096;0.0673;-0.0462;0.0556;-0.0643;0.4380;359.2640;7.7557;354.6389;0.0526;-0.0437;0.4215;358.0665;5.5283;351.3308;0;0.0526;-0.0437;0.4215;358.0665;5.5283;351.3308;ControllerBody;1448ff49-a958-4320-80a8-7c589216becd;1;Exposure;2026-04-01 12:34:52.0393;Controllers;;OpenXR
Right;4;Exposure;0;NoMitigation;Translation;anonymous;Sample;566;0.0000;-0.0003;-0.0003;0.0010;352.1302;0.8008;3.8979;-0.0003;-0.0003;0.0010;0.9970;-0.0683;0.0093;0.0344;0;0.2429;-1.7599;-0.0473;0.0000;342.2868;0.0000;0.0000;0.0000;0.0000;0.0000;0.0000;0.0000;0;0.0000;0.0000;0.0000;0.0000;0.0000;0.0000;ControllerBody;0.1057;0.0383;0.9937;0.1548;-0.0570;0.4348;0.9963;-0.0226;0.0516;-0.0649;0.0548;-0.0570;0.4348;357.8039;6.0740;352.4282;0.0520;-0.0313;0.4157;355.3703;4.1237;349.6709;0;0.0520;-0.0313;0.4157;355.3703;4.1237;349.6709;ControllerBody;1448ff49-a958-4320-80a8-7c589216becd;1;Exposure;2026-04-01 12:34:52.0650;Controllers;;OpenXR
Right;4;Exposure;0;NoMitigation;Translation;anonymous;Sample;569;0.0000;-0.0003;-0.0004;0.0012;352.1942;0.9662;3.9013;-0.0003;-0.0004;0.0012;0.9970;-0.0677;0.0107;0.0345;0;0.2429;-1.7599;-0.0473;0.0000;342.2868;0.0000;0.0000;0.0000;0.0000;0.0000;0.0000;0.0000;0;0.0000;0.0000;0.0000;0.0000;0.0000;0.0000;ControllerBody;0.0913;0.0710;0.9933;0.1547;-0.0472;0.4303;0.9950;-0.0392;0.0427;-0.0808;0.0547;-0.0472;0.4303;355.9276;5.2491;350.5257;0.0546;-0.0194;0.4094;353.1655;4.5437;347.7727;0;0.0546;-0.0194;0.4094;353.1655;4.5437;347.7727;ControllerBody;1448ff49-a958-4320-80a8-7c589216becd;1;Exposure;2026-04-01 12:34:52.0906;Controllers;;OpenXR
Right;4;Exposure;0;NoMitigation;Translation;anonymous;Sample;572;0.0000;-0.0004;-0.0004;0.0014;352.2997;1.1779;3.7370;-0.0004;-0.0004;0.0014;0.9971;-0.0668;0.0124;0.0332;0;0.2429;-1.7599;-0.0473;0.0000;342.2868;0.0000;0.0000;0.0000;0.0000;0.0000;0.0000;0.0000;0;0.0000;0.0000;0.0000;0.0000;0.0000;0.0000;ControllerBody;0.0849;0.1031;0.9910;0.1553;-0.0365;0.4250;0.9929;-0.0556;0.0373;-0.0983;0.0553;-0.0365;0.4250;354.0848;4.8988;348.4431;0.0569;-0.0087;0.4030;351.4598;4.5096;345.4184;0;0.0569;-0.0087;0.4030;351.4598;4.5096;345.4184;ControllerBody;1448ff49-a958-4320-80a8-7c589216becd;1;Exposure;2026-04-01 12:34:52.1144;Controllers;;OpenXR
Right;4;Exposure;0;NoMitigation;Translation;anonymous;Sample;575;0.0000;-0.0005;-0.0005;0.0014;352.3285;1.3034;3.6892;-0.0005;-0.0005;0.0014;0.9972;-0.0665;0.0135;0.0329;0;0.2429;-1.7599;-0.0473;0.0000;342.2868;0.0000;0.0000;0.0000;0.0000;0.0000;0.0000;0.0000;0;0.0000;0.0000;0.0000;0.0000;0.0000;0.0000;ControllerBody;0.0787;0.1310;0.9883;0.1562;-0.0260;0.4194;0.9904;-0.0698;0.0316;-0.1152;0.0562;-0.0260;0.4194;352.4729;4.5517;346.4296;0.0583;0.0012;0.3961;350.1642;4.0674;343.3681;0;0.0583;0.0012;0.3961;350.1642;4.0674;343.3681;ControllerBody;1448ff49-a958-4320-80a8-7c589216becd;1;Exposure;2026-04-01 12:34:52.1395;Controllers;;OpenXR
Right;4;Exposure;0;NoMitigation;Translation;anonymous;Sample;578;0.0000;-0.0005;-0.0005;0.0015;352.3429;1.3130;3.8038;-0.0005;-0.0005;0.0015;0.9971;-0.0664;0.0136;0.0339;0;0.2429;-1.7599;-0.0473;0.0000;342.2868;0.0000;0.0000;0.0000;0.0000;0.0000;0.0000;0.0000;0;0.0000;0.0000;0.0000;0.0000;0.0000;0.0000;ControllerBody;0.0722;0.1515;0.9858;0.1572;-0.0157;0.4132;0.9879;-0.0801;0.0260;-0.1303;0.0572;-0.0157;0.4132;351.2887;4.1865;344.6593;0.0593;0.0107;0.3888;349.3422;3.6590;341.7598;0;0.0593;0.0107;0.3888;349.3422;3.6590;341.7598;ControllerBody;1448ff49-a958-4320-80a8-7c589216becd;1;Exposure;2026-04-01 12:34:52.1647;Controllers;;OpenXR
Right;4;Exposure;0;NoMitigation;Translation;anonymous;Sample;581;0.0000;-0.0005;-0.0007;0.0015;352.2880;1.3065;3.8488;-0.0005;-0.0007;0.0015;0.9971;-0.0668;0.0136;0.0343;0;0.2429;-1.7599;-0.0473;0.0000;342.2868;0.0000;0.0000;0.0000;0.0000;0.0000;0.0000;0.0000;0;0.0000;0.0000;0.0000;0.0000;0.0000;0.0000;ControllerBody;0.0685;0.1765;0.9819;0.1581;-0.0044;0.4058;0.9856;-0.0926;0.0216;-0.1400;0.0581;-0.0044;0.4058;349.8312;3.9896;343.4732;0.0596;0.0231;0.3787;346.7155;3.7710;341.7977;0;0.0596;0.0231;0.3787;346.7155;3.7710;341.7977;ControllerBody;1448ff49-a958-4320-80a8-7c589216becd;1;Exposure;2026-04-01 12:34:52.1895;Controllers;;OpenXR
Right;4;Exposure;0;NoMitigation;Translation;anonymous;Sample;584;0.0000;-0.0006;-0.0009;0.0014;352.2596;1.3103;3.7921;-0.0006;-0.0009;0.0014;0.9971;-0.0671;0.0136;0.0338;0;0.2429;-1.7599;-0.0473;0.0000;342.2868;0.0000;0.0000;0.0000;0.0000;0.0000;0.0000;0.0000;0;0.0000;0.0000;0.0000;0.0000;0.0000;0.0000;ControllerBody;0.0682;0.2107;0.9752;0.1584;0.0084;0.3966;0.9841;-0.1097;0.0193;-0.1380;0.0584;0.0084;0.3966;347.8388;4.0034;343.6113;0.0585;0.0355;0.3678;344.4584;4.3854;344.7042;0;0.0585;0.0355;0.3678;344.4584;4.3854;344.7042;ControllerBody;1448ff49-a958-4320-80a8-7c589216becd;1;Exposure;2026-04-01 12:34:52.2155;Controllers;;OpenXR
Right;4;Exposure;0;NoMitigation;Translation;anonymous;Sample;587;0.0000;-0.0008;-0.0010;0.0014;352.2825;1.2051;3.7361;-0.0008;-0.0010;0.0014;0.9971;-0.0669;0.0127;0.0332;0;0.2429;-1.7599;-0.0473;0.0000;342.2868;0.0000;0.0000;0.0000;0.0000;0.0000;0.0000;0.0000;0;0.0000;0.0000;0.0000;0.0000;0.0000;0.0000;ControllerBody;0.0811;0.2474;0.9655;0.1587;0.0202;0.3866;0.9842;-0.1288;0.0256;-0.1190;0.0587;0.0202;0.3866;345.6740;4.7993;345.6031;0.0581;0.0454;0.3551;342.9205;5.7151;348.7632;0;0.0581;0.0454;0.3551;342.9205;5.7151;348.7632;ControllerBody;1448ff49-a958-4320-80a8-7c589216becd;1;Exposure;2026-04-01 12:34:52.2390;Controllers;;OpenXR
Right;4;Exposure;0;NoMitigation;Translation;anonymous;Sample;590;0.0000;-0.0012;-0.0011;0.0012;352.2343;1.0453;3.8675;-0.0012;-0.0011;0.0012;0.9971;-0.0674;0.0114;0.0343;0;0.2429;-1.7599;-0.0473;0.0000;342.2868;0.0000;0.0000;0.0000;0.0000;0.0000;0.0000;0.0000;0;0.0000;0.0000;0.0000;0.0000;0.0000;0.0000;ControllerBody;0.0647;0.2862;0.9560;0.1572;0.0316;0.3751;0.9852;-0.1470;0.0200;-0.0863;0.0572;0.0316;0.3751;343.3716;3.8736;349.4162;0.0517;0.0541;0.3408;341.0858;1.5959;354.0077;0;0.0517;0.0541;0.3408;341.0858;1.5959;354.0077;ControllerBody;1448ff49-a958-4320-80a8-7c589216becd;1;Exposure;2026-04-01 12:34:52.2652;Controllers;;OpenXR
Right;4;Exposure;0;NoMitigation;Translation;anonymous;Sample;593;0.0000;-0.0016;-0.0012;0.0010;352.0651;0.9177;4.0677;-0.0016;-0.0012;0.0010;0.9969;-0.0689;0.0104;0.0360;0;0.2429;-1.7599;-0.0473;0.0000;342.2868;0.0000;0.0000;0.0000;0.0000;0.0000;0.0000;0.0000;0;0.0000;0.0000;0.0000;0.0000;0.0000;0.0000;ControllerBody;-0.0367;0.3281;0.9439;0.1526;0.0417;0.3614;0.9851;-0.1655;-0.0253;-0.0396;0.0526;0.0417;0.3614;340.8453;357.7755;355.7667;0.0412;0.0590;0.3233;339.6759;352.2976;0.5751;0;0.0412;0.0590;0.3233;339.6759;352.2976;0.5751;ControllerBody;1448ff49-a958-4320-80a8-7c589216becd;1;Exposure;2026-04-01 12:34:52.2900;Controllers;;OpenXR
Right;4;Exposure;0;NoMitigation;Translation;anonymous;Sample;596;0.0000;-0.0020;-0.0012;0.0009;352.0794;0.8013;4.1901;-0.0020;-0.0012;0.0009;0.9969;-0.0688;0.0095;0.0370;0;0.2429;-1.7599;-0.0473;0.0000;342.2868;0.0000;0.0000;0.0000;0.0000;0.0000;0.0000;0.0000;0;0.0000;0.0000;0.0000;0.0000;0.0000;0.0000;ControllerBody;-0.1429;0.3615;0.9214;0.1467;0.0493;0.3465;0.9801;-0.1847;-0.0722;0.0039;0.0467;0.0493;0.3465;338.8087;351.1822;2.1118;0.0362;0.0612;0.3070;337.3194;346.7850;6.9610;0;0.0362;0.0612;0.3070;337.3194;346.7850;6.9610;ControllerBody;1448ff49-a958-4320-80a8-7c589216becd;1;Exposure;2026-04-01 12:34:52.3153;Controllers;;OpenXR
Right;4;Exposure;0;NoMitigation;Translation;anonymous;Sample;599;0.0000;-0.0024;-0.0014;0.0008;352.0709;0.7508;4.2478;-0.0024;-0.0014;0.0008;0.9969;-0.0688;0.0091;0.0374;0;0.2429;-1.7599;-0.0473;0.0000;342.2868;0.0000;0.0000;0.0000;0.0000;0.0000;0.0000;0.0000;0;0.0000;0.0000;0.0000;0.0000;0.0000;0.0000;ControllerBody;-0.1997;0.4075;0.8911;0.1421;0.0551;0.3314;0.9711;-0.2145;-0.0918;0.0498;0.0421;0.0551;0.3314;335.9537;347.3706;8.5744;0.0341;0.0640;0.2908;333.6201;344.4399;14.3574;0;0.0341;0.0640;0.2908;333.6201;344.4399;14.3574;ControllerBody;1448ff49-a958-4320-80a8-7c589216becd;1;Exposure;2026-04-01 12:34:52.3397;Controllers;;OpenXR
Right;4;Exposure;0;NoMitigation;Translation;anonymous;Sample;602;0.0000;-0.0027;-0.0016;0.0007;352.1942;0.7403;4.1868;-0.0027;-0.0016;0.0007;0.9970;-0.0678;0.0089;0.0369;0;0.2429;-1.7599;-0.0473;0.0000;342.2868;0.0000;0.0000;0.0000;0.0000;0.0000;0.0000;0.0000;0;0.0000;0.0000;0.0000;0.0000;0.0000;0.0000;ControllerBody;-0.2618;0.4608;0.8480;0.1374;0.0591;0.3162;0.9531;-0.2554;-0.1039;0.1249;0.0374;0.0591;0.3162;332.5608;342.8453;19.1520;0.0284;0.0620;0.2760;331.2012;339.8401;25.8627;0;0.0284;0.0620;0.2760;331.2012;339.8401;25.8627;ControllerBody;1448ff49-a958-4320-80a8-7c589216becd;1;Exposure;2026-04-01 12:34:52.3657;Controllers;;OpenXR
Right;4;Exposure;0;NoMitigation;Translation;anonymous;Sample;605;0.0000;-0.0028;-0.0018;0.0007;352.3363;0.7649;4.2648;-0.0028;-0.0018;0.0007;0.9970;-0.0665;0.0091;0.0376;0;0.2429;-1.7599;-0.0473;0.0000;342.2868;0.0000;0.0000;0.0000;0.0000;0.0000;0.0000;0.0000;0;0.0000;0.0000;0.0000;0.0000;0.0000;0.0000;ControllerBody;-0.3437;0.4683;0.8140;0.1319;0.0592;0.3022;0.9307;-0.2785;-0.1242;0.2018;0.0319;0.0592;0.3022;332.0759;337.1118;30.2353;0.0203;0.0523;0.2634;332.8288;333.2601;37.1295;0;0.0203;0.0523;0.2634;332.8288;333.2601;37.1295;ControllerBody;1448ff49-a958-4320-80a8-7c589216becd;1;Exposure;2026-04-01 12:34:52.3897;Controllers;;OpenXR
Right;4;Exposure;0;NoMitigation;Translation;anonymous;Sample;608;0.0000;-0.0027;-0.0019;0.0005;352.4895;0.8102;4.3605;-0.0027;-0.0019;0.0005;0.9971;-0.0652;0.0095;0.0384;0;0.2429;-1.7599;-0.0473;0.0000;342.2868;0.0000;0.0000;0.0000;0.0000;0.0000;0.0000;0.0000;0;0.0000;0.0000;0.0000;0.0000;0.0000;0.0000;ControllerBody;-0.4516;0.4256;0.7841;0.1249;0.0544;0.2886;0.9000;-0.2872;-0.1595;0.2865;0.0249;0.0544;0.2886;334.8090;330.0599;42.1554;0.0125;0.0371;0.2524;337.0767;326.5331;48.3939;0;0.0125;0.0371;0.2524;337.0767;326.5331;48.3939;ControllerBody;1448ff49-a958-4320-80a8-7c589216becd;1;Exposure;2026-04-01 12:34:52.4149;Controllers;;OpenXR
Right;4;Exposure;0;NoMitigation;Translation;anonymous;Sample;611;0.0000;-0.0025;-0.0022;0.0003;352.4190;0.9282;4.3778;-0.0025;-0.0022;0.0003;0.9970;-0.0657;0.0106;0.0386;0;0.2429;-1.7599;-0.0473;0.0000;342.2868;0.0000;0.0000;0.0000;0.0000;0.0000;0.0000;0.0000;0;0.0000;0.0000;0.0000;0.0000;0.0000;0.0000;ControllerBody;-0.5414;0.3686;0.7556;0.1184;0.0457;0.2759;0.8636;-0.2934;-0.1900;0.3634;0.0184;0.0457;0.2759;338.3704;324.3772;52.6686;0.0093;0.0219;0.2427;340.4700;321.4624;58.6904;0;0.0093;0.0219;0.2427;340.4700;321.4624;58.6904;ControllerBody;1448ff49-a958-4320-80a8-7c589216becd;1;Exposure;2026-04-01 12:34:52.4390;Controllers;;OpenXR
Right;4;Exposure;0;NoMitigation;Translation;anonymous;Sample;614;0.0000;-0.0024;-0.0025;0.0000;352.3348;1.0045;4.3263;-0.0024;-0.0025;0.0000;0.9970;-0.0665;0.0113;0.0382;0;0.2429;-1.7599;-0.0473;0.0000;342.2868;0.0000;0.0000;0.0000;0.0000;0.0000;0.0000;0.0000;0;0.0000;0.0000;0.0000;0.0000;0.0000;0.0000;ControllerBody;-0.5869;0.3476;0.7312;0.1142;0.0368;0.2653;0.8273;-0.3104;-0.1950;0.4257;0.0142;0.0368;0.2653;339.6594;321.2479;61.6809;0.0104;0.0128;0.2353;340.2104;319.6182;67.7263;0;0.0104;0.0128;0.2353;340.2104;319.6182;67.7263;ControllerBody;1448ff49-a958-4320-80a8-7c589216becd;1;Exposure;2026-04-01 12:34:52.4641;Controllers;;OpenXR
Right;4;Exposure;0;NoMitigation;Translation;anonymous;Sample;617;0.0000;-0.0021;-0.0025;-0.0004;352.2924;0.9575;4.3784;-0.0021;-0.0025;-0.0004;0.9970;-0.0668;0.0109;0.0387;0;0.2429;-1.7599;-0.0473;0.0000;342.2868;0.0000;0.0000;0.0000;0.0000;0.0000;0.0000;0.0000;0;0.0000;0.0000;0.0000;0.0000;0.0000;0.0000;ControllerBody;-0.6039;0.3413;0.7203;0.1121;0.0296;0.2576;0.8035;-0.3220;-0.1902;0.4631;0.0121;0.0296;0.2576;340.0432;320.0198;67.2388;0.0119;0.0066;0.2311;340.6174;319.1574;71.9650;0;0.0119;0.0066;0.2311;340.6174;319.1574;71.9650;ControllerBody;1448ff49-a958-4320-80a8-7c589216becd;1;Exposure;2026-04-01 12:34:52.4901;Controllers;;OpenXR
Right;4;Exposure;0;NoMitigation;Translation;anonymous;Sample;620;0.0000;-0.0020;-0.0024;-0.0010;352.1559;0.8888;4.3460;-0.0020;-0.0024;-0.0010;0.9969;-0.0681;0.0103;0.0384;0;0.2429;-1.7599;-0.0473;0.0000;342.2868;0.0000;0.0000;0.0000;0.0000;0.0000;0.0000;0.0000;0;0.0000;0.0000;0.0000;0.0000;0.0000;0.0000;ControllerBody;-0.6091;0.3410;0.7160;0.1112;0.0241;0.2517;0.7902;-0.3286;-0.1844;0.4833;0.0112;0.0241;0.2517;340.0612;319.6147;70.2952;0.0137;0.0046;0.2269;339.5941;319.1746;74.2795;0;0.0137;0.0046;0.2269;339.5941;319.1746;74.2795;ControllerBody;1448ff49-a958-4320-80a8-7c589216becd;1;Exposure;2026-04-01 12:34:52.5150;Controllers;;OpenXR
Right;4;Exposure;0;NoMitigation;Translation;anonymous;Sample;623;0.0000;-0.0021;-0.0021;-0.0017;351.9896;0.8396;4.3690;-0.0021;-0.0021;-0.0017;0.9968;-0.0695;0.0100;0.0385;0;0.2429;-1.7599;-0.0473;0.0000;342.2868;0.0000;0.0000;0.0000;0.0000;0.0000;0.0000;0.0000;0;0.0000;0.0000;0.0000;0.0000;0.0000;0.0000;ControllerBody;-0.6142;0.3475;0.7086;0.1109;0.0197;0.2461;0.7807;-0.3366;-0.1800;0.4948;0.0109;0.0197;0.2461;339.6667;319.0828;72.3863;0.0150;0.0007;0.2202;339.1200;317.6959;75.8819;0;0.0150;0.0007;0.2202;339.1200;317.6959;75.8819;ControllerBody;1448ff49-a958-4320-80a8-7c589216becd;1;Exposure;2026-04-01 12:34:52.5395;Controllers;;OpenXR
Right;4;Exposure;0;NoMitigation;Translation;anonymous;Sample;626;0.0000;-0.0020;-0.0019;-0.0021;351.7576;0.8009;4.4128;-0.0020;-0.0019;-0.0021;0.9966;-0.0715;0.0097;0.0389;0;0.2429;-1.7599;-0.0473;0.0000;342.2868;0.0000;0.0000;0.0000;0.0000;0.0000;0.0000;0.0000;0;0.0000;0.0000;0.0000;0.0000;0.0000;0.0000;ControllerBody;-0.6281;0.3445;0.6977;0.1108;0.0143;0.2397;0.7702;-0.3433;-0.1824;0.5056;0.0108;0.0143;0.2397;339.8492;318.0061;74.3603;0.0151;-0.0063;0.2133;340.6357;315.9573;77.9821;0;0.0151;-0.0063;0.2133;340.6357;315.9573;77.9821;ControllerBody;1448ff49-a958-4320-80a8-7c589216becd;1;Exposure;2026-04-01 12:34:52.5653;Controllers;;OpenXR
Right;4;Exposure;0;NoMitigation;Translation;anonymous;Sample;629;0.0000;-0.0020;-0.0017;-0.0024;351.5532;0.7975;4.3240;-0.0020;-0.0017;-0.0024;0.9965;-0.0733;0.0097;0.0381;0;0.2429;-1.7599;-0.0473;0.0000;342.2868;0.0000;0.0000;0.0000;0.0000;0.0000;0.0000;0.0000;0;0.0000;0.0000;0.0000;0.0000;0.0000;0.0000;ControllerBody;-0.6416;0.3395;0.6879;0.1107;0.0092;0.2336;0.7601;-0.3490;-0.1852;0.5159;0.0107;0.0092;0.2336;340.1559;316.9950;76.2117;0.0159;-0.0100;0.2082;340.3981;315.1997;79.7926;0;0.0159;-0.0100;0.2082;340.3981;315.1997;79.7926;ControllerBody;1448ff49-a958-4320-80a8-7c589216becd;1;Exposure;2026-04-01 12:34:52.5893;Controllers;;OpenXR
Right;4;Exposure;0;NoMitigation;Translation;anonymous;Sample;632;0.0000;-0.0021;-0.0015;-0.0026;351.6746;0.7827;4.2409;-0.0021;-0.0015;-0.0026;0.9966;-0.0723;0.0095;0.0374;0;0.2429;-1.7599;-0.0473;0.0000;342.2868;0.0000;0.0000;0.0000;0.0000;0.0000;0.0000;0.0000;0;0.0000;0.0000;0.0000;0.0000;0.0000;0.0000;ControllerBody;-0.6442;0.3491;0.6805;0.1111;0.0054;0.2289;0.7496;-0.3580;-0.1778;0.5276;0.0111;0.0054;0.2289;339.5675;316.5672;78.4905;0.0181;-0.0117;0.2062;338.7271;315.7180;82.4819;0;0.0181;-0.0117;0.2062;338.7271;315.7180;82.4819;ControllerBody;1448ff49-a958-4320-80a8-7c589216becd;1;Exposure;2026-04-01 12:34:52.6152;Controllers;;OpenXR
Right;4;Exposure;0;NoMitigation;Translation;anonymous;Sample;635;0.0000;-0.0022;-0.0014;-0.0026;351.6628;0.7880;4.3177;-0.0022;-0.0014;-0.0026;0.9966;-0.0724;0.0096;0.0381;0;0.2429;-1.7599;-0.0473;0.0000;342.2868;0.0000;0.0000;0.0000;0.0000;0.0000;0.0000;0.0000;0;0.0000;0.0000;0.0000;0.0000;0.0000;0.0000;ControllerBody;-0.6374;0.3637;0.6792;0.1120;0.0022;0.2252;0.7402;-0.3654;-0.1640;0.5401;0.0120;0.0022;0.2252;338.6717;316.8181;80.7640;0.0221;-0.0148;0.2042;338.1108;316.5742;84.5769;0;0.0221;-0.0148;0.2042;338.1108;316.5742;84.5769;ControllerBody;1448ff49-a958-4320-80a8-7c589216becd;1;Exposure;2026-04-01 12:34:52.6388;Controllers;;OpenXR
Right;4;Exposure;0;NoMitigation;Translation;anonymous;Sample;638;0.0000;-0.0022;-0.0017;-0.0025;351.6273;0.8208;4.3188;-0.0022;-0.0017;-0.0025;0.9966;-0.0727;0.0099;0.0381;0;0.2429;-1.7599;-0.0473;0.0000;342.2868;0.0000;0.0000;0.0000;0.0000;0.0000;0.0000;0.0000;0;0.0000;0.0000;0.0000;0.0000;0.0000;0.0000;ControllerBody;-0.6379;0.3649;0.6782;0.1136;-0.0016;0.2213;0.7309;-0.3688;-0.1577;0.5522;0.0136;-0.0016;0.2213;338.5964;316.7546;82.7074;0.0252;-0.0207;0.2003;339.1844;316.1703;86.2626;0;0.0252;-0.0207;0.2003;339.1844;316.1703;86.2626;ControllerBody;1448ff49-a958-4320-80a8-7c589216becd;1;Exposure;2026-04-01 12:34:52.6653;Controllers;;OpenXR
Right;4;Exposure;0;NoMitigation;Translation;anonymous;Sample;641;0.0000;-0.0023;-0.0020;-0.0019;351.6742;0.9184;4.2248;-0.0023;-0.0020;-0.0019;0.9966;-0.0722;0.0107;0.0373;0;0.2429;-1.7599;-0.0473;0.0000;342.2868;0.0000;0.0000;0.0000;0.0000;0.0000;0.0000;0.0000;0;0.0000;0.0000;0.0000;0.0000;0.0000;0.0000;ControllerBody;-0.6552;0.3516;0.6686;0.1150;-0.0067;0.2166;0.7150;-0.3738;-0.1610;0.5683;0.0150;-0.0067;0.2166;339.4153;315.5799;85.4387;0.0242;-0.0286;0.1939;340.9732;313.5089;89.5009;0;0.0242;-0.0286;0.1939;340.9732;313.5089;89.5009;ControllerBody;1448ff49-a958-4320-80a8-7c589216becd;1;Exposure;2026-04-01 12:34:52.6897;Controllers;;OpenXR
Right;4;Exposure;0;NoMitigation;Translation;anonymous;Sample;644;0.0000;-0.0023;-0.0019;-0.0012;351.9159;1.0229;4.3301;-0.0023;-0.0019;-0.0012;0.9967;-0.0701;0.0116;0.0383;0;0.2429;-1.7599;-0.0473;0.0000;342.2868;0.0000;0.0000;0.0000;0.0000;0.0000;0.0000;0.0000;0;0.0000;0.0000;0.0000;0.0000;0.0000;0.0000;ControllerBody;-0.6818;0.3252;0.6553;0.1160;-0.0133;0.2110;0.6970;-0.3777;-0.1722;0.5847;0.0160;-0.0133;0.2110;341.0232;313.8656;88.1218;0.0244;-0.0370;0.1891;343.5020;311.9382;91.2321;0;0.0244;-0.0370;0.1891;343.5020;311.9382;91.2321;ControllerBody;1448ff49-a958-4320-80a8-7c589216becd;1;Exposure;2026-04-01 12:34:52.7153;Controllers;;OpenXR
Right;4;Exposure;0;NoMitigation;Translation;anonymous;Sample;647;0.0000;-0.0024;-0.0018;-0.0007;352.1805;1.1487;4.4054;-0.0024;-0.0018;-0.0007;0.9969;-0.0677;0.0126;0.0390;0;0.2429;-1.7599;-0.0473;0.0000;342.2868;0.0000;0.0000;0.0000;0.0000;0.0000;0.0000;0.0000;0;0.0000;0.0000;0.0000;0.0000;0.0000;0.0000;ControllerBody;-0.6997;0.2938;0.6513;0.1169;-0.0199;0.2066;0.6828;-0.3755;-0.1826;0.5995;0.0169;-0.0199;0.2066;342.9166;312.9488;90.0538;0.0257;-0.0445;0.1876;345.7930;311.9333;92.8284;0;0.0257;-0.0445;0.1876;345.7930;311.9333;92.8284;ControllerBody;1448ff49-a958-4320-80a8-7c589216becd;1;Exposure;2026-04-01 12:34:52.7405;Controllers;;OpenXR
Right;4;Exposure;0;NoMitigation;Translation;anonymous;Sample;649;0.0000;-0.0026;-0.0018;-0.0006;352.1865;1.2685;4.2991;-0.0026;-0.0018;-0.0006;0.9969;-0.0677;0.0136;0.0382;0;0.2429;-1.7599;-0.0473;0.0000;342.2868;0.0000;0.0000;0.0000;0.0000;0.0000;0.0000;0.0000;0;0.0000;0.0000;0.0000;0.0000;0.0000;0.0000;ControllerBody;-0.7126;0.2688;0.6481;0.1182;-0.0270;0.2023;0.6689;-0.3744;-0.1891;0.6137;0.0182;-0.0270;0.2023;344.4092;312.2859;92.0009;0.0271;-0.0474;0.1863;345.9919;311.5964;94.1665;0;0.0271;-0.0474;0.1863;345.9919;311.5964;94.1665;ControllerBody;1448ff49-a958-4320-80a8-7c589216becd;1;Exposure;2026-04-01 12:34:52.7716;Controllers;;OpenXR
Right;4;Exposure;0;NoMitigation;Translation;anonymous;Sample;652;0.0000;-0.0029;-0.0021;-0.0004;352.0803;1.4655;4.1983;-0.0029;-0.0021;-0.0004;0.9968;-0.0685;0.0153;0.0374;0;0.2429;-1.7599;-0.0473;0.0000;342.2868;0.0000;0.0000;0.0000;0.0000;0.0000;0.0000;0.0000;0;0.0000;0.0000;0.0000;0.0000;0.0000;0.0000;ControllerBody;-0.7280;0.2361;0.6437;0.1193;-0.0334;0.1988;0.6525;-0.3725;-0.1986;0.6293;0.0193;-0.0334;0.1988;346.3449;311.4812;94.1004;0.0293;-0.0596;0.1811;349.6688;310.2888;97.3571;0;0.0293;-0.0596;0.1811;349.6688;310.2888;97.3571;ControllerBody;1448ff49-a958-4320-80a8-7c589216becd;1;Exposure;2026-04-01 12:34:52.7980;Controllers;;OpenXR
Right;4;Exposure;0;NoMitigation;Translation;anonymous;Sample;655;0.0000;-0.0030;-0.0023;-0.0006;352.0876;1.4813;4.2187;-0.0030;-0.0023;-0.0006;0.9968;-0.0685;0.0154;0.0376;0;0.2429;-1.7599;-0.0473;0.0000;342.2868;0.0000;0.0000;0.0000;0.0000;0.0000;0.0000;0.0000;0;0.0000;0.0000;0.0000;0.0000;0.0000;0.0000;ControllerBody;-0.7485;0.1756;0.6394;0.1206;-0.0419;0.1950;0.6285;-0.3649;-0.2171;0.6517;0.0206;-0.0419;0.1950;349.8865;310.5059;96.7557;0.0303;-0.0699;0.1793;353.9902;309.8219;99.3530;0;0.0303;-0.0699;0.1793;353.9902;309.8219;99.3530;ControllerBody;1448ff49-a958-4320-80a8-7c589216becd;1;Exposure;2026-04-01 12:34:52.8230;Controllers;;OpenXR
Right;4;Exposure;0;NoMitigation;Translation;anonymous;Sample;658;0.0000;-0.0031;-0.0026;-0.0007;351.8151;1.4475;4.3482;-0.0031;-0.0026;-0.0007;0.9966;-0.0708;0.0153;0.0387;0;0.2429;-1.7599;-0.0473;0.0000;342.2868;0.0000;0.0000;0.0000;0.0000;0.0000;0.0000;0.0000;0;0.0000;0.0000;0.0000;0.0000;0.0000;0.0000;ControllerBody;-0.7569;0.1110;0.6440;0.1221;-0.0511;0.1920;0.6084;-0.3506;-0.2347;0.6722;0.0221;-0.0511;0.1920;353.6265;310.3898;98.6504;0.0323;-0.0792;0.1786;357.7738;310.6220;100.5411;0;0.0323;-0.0792;0.1786;357.7738;310.6220;100.5411;ControllerBody;1448ff49-a958-4320-80a8-7c589216becd;1;Exposure;2026-04-01 12:34:52.8476;Controllers;;OpenXR
Right;4;Exposure;0;NoMitigation;Translation;anonymous;Sample;661;0.0000;-0.0031;-0.0028;-0.0006;351.7005;1.4690;4.5291;-0.0031;-0.0028;-0.0006;0.9965;-0.0718;0.0156;0.0403;0;0.2429;-1.7599;-0.0473;0.0000;342.2868;0.0000;0.0000;0.0000;0.0000;0.0000;0.0000;0.0000;0;0.0000;0.0000;0.0000;0.0000;0.0000;0.0000;ControllerBody;-0.7597;0.0578;0.6476;0.1236;-0.0599;0.1896;0.5917;-0.3381;-0.2487;0.6883;0.0236;-0.0599;0.1896;356.6843;310.4459;100.1619;0.0341;-0.0874;0.1776;0.5141;310.5232;102.2238;0;0.0341;-0.0874;0.1776;0.5141;310.5232;102.2238;ControllerBody;1448ff49-a958-4320-80a8-7c589216becd;1;Exposure;2026-04-01 12:34:52.8726;Controllers;;OpenXR
Right;4;Exposure;0;NoMitigation;Translation;anonymous;Sample;664;0.0000;-0.0031;-0.0029;-0.0002;351.7610;1.6127;4.7304;-0.0031;-0.0029;-0.0002;0.9964;-0.0712;0.0170;0.0422;0;0.2429;-1.7599;-0.0473;0.0000;342.2868;0.0000;0.0000;0.0000;0.0000;0.0000;0.0000;0.0000;0;0.0000;0.0000;0.0000;0.0000;0.0000;0.0000;ControllerBody;-0.7615;0.0047;0.6481;0.1251;-0.0686;0.1877;0.5718;-0.3274;-0.2622;0.7051;0.0251;-0.0686;0.1877;359.7292;310.4016;102.0454;0.0360;-0.0959;0.1778;3.5695;310.6213;104.3706;0;0.0360;-0.0959;0.1778;3.5695;310.6213;104.3706;ControllerBody;1448ff49-a958-4320-80a8-7c589216becd;1;Exposure;2026-04-01 12:34:52.8975;Controllers;;OpenXR
Right;4;Exposure;0;NoMitigation;Translation;anonymous;Sample;667;0.0000;-0.0031;-0.0030;0.0003;351.7991;1.8540;4.7649;-0.0031;-0.0030;0.0003;0.9964;-0.0708;0.0191;0.0426;0;0.2429;-1.7599;-0.0473;0.0000;342.2868;0.0000;0.0000;0.0000;0.0000;0.0000;0.0000;0.0000;0;0.0000;0.0000;0.0000;0.0000;0.0000;0.0000;ControllerBody;-0.7523;-0.0441;0.6573;0.1272;-0.0772;0.1870;0.5546;-0.3129;-0.2710;0.7218;0.0272;-0.0772;0.1870;2.5268;311.1420;103.7770;0.0403;-0.1035;0.1810;5.9895;312.5658;106.0183;0;0.0403;-0.1035;0.1810;5.9895;312.5658;106.0183;ControllerBody;1448ff49-a958-4320-80a8-7c589216becd;1;Exposure;2026-04-01 12:34:52.9239;Controllers;;OpenXR
Right;4;Exposure;0;NoMitigation;Translation;anonymous;Sample;670;0.0000;-0.0025;-0.0029;0.0012;351.8911;2.1035;4.7467;-0.0025;-0.0029;0.0012;0.9964;-0.0699;0.0212;0.0426;0;0.2429;-1.7599;-0.0473;0.0000;342.2868;0.0000;0.0000;0.0000;0.0000;0.0000;0.0000;0.0000;0;0.0000;0.0000;0.0000;0.0000;0.0000;0.0000;ControllerBody;-0.7267;-0.1058;0.6787;0.1302;-0.0864;0.1876;0.5347;-0.2884;-0.2784;0.7440;0.0302;-0.0864;0.1876;6.0726;313.0430;105.9503;0.0448;-0.1134;0.1854;9.7689;315.3460;108.5716;0;0.0448;-0.1134;0.1854;9.7689;315.3460;108.5716;ControllerBody;1448ff49-a958-4320-80a8-7c589216becd;1;Exposure;2026-04-01 12:34:52.9488;Controllers;;OpenXR
Right;4;Exposure;0;NoMitigation;Translation;anonymous;Sample;673;0.0000;-0.0018;-0.0028;0.0018;352.0473;2.3643;4.6911;-0.0018;-0.0028;0.0018;0.9965;-0.0684;0.0234;0.0422;0;0.2429;-1.7599;-0.0473;0.0000;342.2868;0.0000;0.0000;0.0000;0.0000;0.0000;0.0000;0.0000;0;0.0000;0.0000;0.0000;0.0000;0.0000;0.0000;ControllerBody;-0.7070;-0.1563;0.6897;0.1330;-0.0955;0.1887;0.5110;-0.2724;-0.2845;0.7641;0.0330;-0.0955;0.1887;8.9947;314.2920;108.6571;0.0459;-0.1219;0.1864;12.0929;315.1806;111.9670;0;0.0459;-0.1219;0.1864;12.0929;315.1806;111.9670;ControllerBody;1448ff49-a958-4320-80a8-7c589216becd;1;Exposure;2026-04-01 12:34:52.9724;Controllers;;OpenXR
Right;4;Exposure;0;NoMitigation;Translation;anonymous;Sample;676;0.0000;-0.0010;-0.0028;0.0021;352.2503;2.6447;4.5962;-0.0010;-0.0028;0.0021;0.9966;-0.0666;0.0257;0.0416;0;0.2429;-1.7599;-0.0473;0.0000;342.2868;0.0000;0.0000;0.0000;0.0000;0.0000;0.0000;0.0000;0;0.0000;0.0000;0.0000;0.0000;0.0000;0.0000;ControllerBody;-0.7059;-0.1927;0.6816;0.1349;-0.1039;0.1893;0.4851;-0.2710;-0.2928;0.7782;0.0349;-0.1039;0.1893;11.1102;314.0001;111.3977;0.0458;-0.1288;0.1857;13.5248;313.3315;114.8096;0;0.0458;-0.1288;0.1857;13.5248;313.3315;114.8096;ControllerBody;1448ff49-a958-4320-80a8-7c589216becd;1;Exposure;2026-04-01 12:34:52.9988;Controllers;;OpenXR
Right;4;Exposure;0;NoMitigation;Translation;anonymous;Sample;679;0.0000;0.0000;-0.0030;0.0021;352.3813;2.9909;4.5463;0.0000;-0.0030;0.0021;0.9966;-0.0653;0.0287;0.0413;0;0.2429;-1.7599;-0.0473;0.0000;342.2868;0.0000;0.0000;0.0000;0.0000;0.0000;0.0000;0.0000;0;0.0000;0.0000;0.0000;0.0000;0.0000;0.0000;ControllerBody;-0.7016;-0.2231;0.6767;0.1366;-0.1114;0.1899;0.4606;-0.2699;-0.2980;0.7913;0.0366;-0.1114;0.1899;12.8893;313.9647;114.0984;0.0481;-0.1352;0.1879;15.2673;314.5266;117.7662;0;0.0481;-0.1352;0.1879;15.2673;314.5266;117.7662;ControllerBody;1448ff49-a958-4320-80a8-7c589216becd;1;Exposure;2026-04-01 12:34:53.0228;Controllers;;OpenXR
Right;4;Exposure;0;NoMitigation;Translation;anonymous;Sample;682;0.0000;0.0007;-0.0036;0.0019;352.2874;3.4243;4.3920;0.0007;-0.0036;0.0019;0.9965;-0.0660;0.0324;0.0402;0;0.2429;-1.7599;-0.0473;0.0000;342.2868;0.0000;0.0000;0.0000;0.0000;0.0000;0.0000;0.0000;0;0.0000;0.0000;0.0000;0.0000;0.0000;0.0000;ControllerBody;-0.6807;-0.2565;0.6862;0.1389;-0.1190;0.1914;0.4399;-0.2584;-0.3002;0.8060;0.0389;-0.1190;0.1914;14.8654;315.2328;116.5969;0.0521;-0.1420;0.1920;17.4138;317.5185;119.7505;0;0.0521;-0.1420;0.1920;17.4138;317.5185;119.7505;ControllerBody;1448ff49-a958-4320-80a8-7c589216becd;1;Exposure;2026-04-01 12:34:53.0490;Controllers;;OpenXR
Right;4;Exposure;0;NoMitigation;Translation;anonymous;Sample;685;0.0000;0.0014;-0.0042;0.0015;352.1027;3.7417;4.0208;0.0014;-0.0042;0.0015;0.9964;-0.0676;0.0350;0.0372;0;0.2429;-1.7599;-0.0473;0.0000;342.2868;0.0000;0.0000;0.0000;0.0000;0.0000;0.0000;0.0000;0;0.0000;0.0000;0.0000;0.0000;0.0000;0.0000;ControllerBody;-0.6532;-0.2861;0.7010;0.1416;-0.1261;0.1934;0.4235;-0.2434;-0.3004;0.8192;0.0416;-0.1261;0.1934;16.6242;317.0219;118.7374;0.0557;-0.1480;0.1949;19.0094;319.7139;121.8666;0;0.0557;-0.1480;0.1949;19.0094;319.7139;121.8666;ControllerBody;1448ff49-a958-4320-80a8-7c589216becd;1;Exposure;2026-04-01 12:34:53.0719;Controllers;;OpenXR
Right;4;Exposure;0;NoMitigation;Translation;anonymous;Sample;688;0.0000;0.0020;-0.0046;0.0013;351.9138;3.7611;3.6459;0.0020;-0.0046;0.0013;0.9964;-0.0694;0.0350;0.0340;0;0.2429;-1.7599;-0.0473;0.0000;342.2868;0.0000;0.0000;0.0000;0.0000;0.0000;0.0000;0.0000;0;0.0000;0.0000;0.0000;0.0000;0.0000;0.0000;ControllerBody;-0.6129;-0.3282;0.7188;0.1448;-0.1336;0.1955;0.4057;-0.2198;-0.3038;0.8336;0.0448;-0.1336;0.1955;19.1584;319.5464;120.9786;0.0599;-0.1557;0.1970;22.3565;322.9484;123.4552;0;0.0599;-0.1557;0.1970;22.3565;322.9484;123.4552;ControllerBody;1448ff49-a958-4320-80a8-7c589216becd;1;Exposure;2026-04-01 12:34:53.0984;Controllers;;OpenXR
Right;4;Exposure;0;NoMitigation;Translation;anonymous;Sample;691;0.0000;0.0024;-0.0048;0.0014;351.8022;3.5757;3.4164;0.0024;-0.0048;0.0014;0.9964;-0.0705;0.0332;0.0319;0;0.2429;-1.7599;-0.0473;0.0000;342.2868;0.0000;0.0000;0.0000;0.0000;0.0000;0.0000;0.0000;0;0.0000;0.0000;0.0000;0.0000;0.0000;0.0000;ControllerBody;-0.5534;-0.3842;0.7390;0.1487;-0.1416;0.1977;0.3946;-0.1817;-0.3122;0.8449;0.0487;-0.1416;0.1977;22.5937;323.1743;122.3270;0.0654;-0.1633;0.1990;26.1182;327.1586;123.4675;0;0.0654;-0.1633;0.1990;26.1182;327.1586;123.4675;ControllerBody;1448ff49-a958-4320-80a8-7c589216becd;1;Exposure;2026-04-01 12:34:53.1239;Controllers;;OpenXR
Right;4;Exposure;0;NoMitigation;Translation;anonymous;Sample;694;0.0000;0.0028;-0.0048;0.0016;351.8674;3.2088;3.4170;0.0028;-0.0048;0.0016;0.9966;-0.0700;0.0300;0.0317;0;0.2429;-1.7599;-0.0473;0.0000;342.2868;0.0000;0.0000;0.0000;0.0000;0.0000;0.0000;0.0000;0;0.0000;0.0000;0.0000;0.0000;0.0000;0.0000;ControllerBody;-0.5025;-0.4272;0.7517;0.1528;-0.1488;0.1998;0.3908;-0.1486;-0.3195;0.8504;0.0528;-0.1488;0.1998;25.2907;326.2390;122.8449;0.0687;-0.1672;0.2006;27.8211;329.2381;123.5339;0;0.0687;-0.1672;0.2006;27.8211;329.2381;123.5339;ControllerBody;1448ff49-a958-4320-80a8-7c589216becd;1;Exposure;2026-04-01 12:34:53.1495;Controllers;;OpenXR
Right;4;Exposure;0;NoMitigation;Translation;anonymous;Sample;697;0.0000;0.0027;-0.0042;0.0022;352.0347;2.9103;3.5506;0.0027;-0.0042;0.0022;0.9967;-0.0686;0.0275;0.0327;0;0.2429;-1.7599;-0.0473;0.0000;342.2868;0.0000;0.0000;0.0000;0.0000;0.0000;0.0000;0.0000;0;0.0000;0.0000;0.0000;0.0000;0.0000;0.0000;ControllerBody;-0.4844;-0.4430;0.7544;0.1556;-0.1539;0.2014;0.3868;-0.1378;-0.3222;0.8530;0.0556;-0.1539;0.2014;26.2980;327.2936;123.3680;0.0694;-0.1701;0.2021;28.3620;329.3541;124.9977;0;0.0694;-0.1701;0.2021;28.3620;329.3541;124.9977;ControllerBody;1448ff49-a958-4320-80a8-7c589216becd;1;Exposure;2026-04-01 12:34:53.1729;Controllers;;OpenXR
Right;4;Exposure;0;NoMitigation;Translation;anonymous;Sample;700;0.0000;0.0023;-0.0031;0.0027;352.2547;2.7868;3.6936;0.0023;-0.0031;0.0027;0.9969;-0.0667;0.0264;0.0338;0;0.2429;-1.7599;-0.0473;0.0000;342.2868;0.0000;0.0000;0.0000;0.0000;0.0000;0.0000;0.0000;0;0.0000;0.0000;0.0000;0.0000;0.0000;0.0000;ControllerBody;-0.4633;-0.4620;0.7562;0.1579;-0.1584;0.2029;0.3779;-0.1268;-0.3253;0.8575;0.0579;-0.1584;0.2029;27.5183;328.5058;124.5403;0.0707;-0.1741;0.2041;30.0290;331.3222;127.1014;0;0.0707;-0.1741;0.2041;30.0290;331.3222;127.1014;ControllerBody;1448ff49-a958-4320-80a8-7c589216becd;1;Exposure;2026-04-01 12:34:53.1978;Controllers;;OpenXR
Right;4;Exposure;0;NoMitigation;Translation;anonymous;Sample;703;0.0000;0.0019;-0.0028;0.0029;352.2659;2.9673;3.7870;0.0019;-0.0028;0.0029;0.9968;-0.0665;0.0280;0.0347;0;0.2429;-1.7599;-0.0473;0.0000;342.2868;0.0000;0.0000;0.0000;0.0000;0.0000;0.0000;0.0000;0;0.0000;0.0000;0.0000;0.0000;0.0000;0.0000;ControllerBody;-0.3968;-0.5039;0.7672;0.1608;-0.1637;0.2050;0.3636;-0.0909;-0.3288;0.8668;0.0608;-0.1637;0.2050;30.2583;332.6539;126.9604;0.0752;-0.1797;0.2076;32.9473;337.7610;129.7326;0;0.0752;-0.1797;0.2076;32.9473;337.7610;129.7326;ControllerBody;1448ff49-a958-4320-80a8-7c589216becd;1;Exposure;2026-04-01 12:34:53.2238;Controllers;;OpenXR
Right;4;Exposure;0;NoMitigation;Translation;anonymous;Sample;706;0.0000;0.0014;-0.0027;0.0025;352.2106;3.3098;3.7509;0.0014;-0.0027;0.0025;0.9967;-0.0669;0.0310;0.0346;0;0.2429;-1.7599;-0.0473;0.0000;342.2868;0.0000;0.0000;0.0000;0.0000;0.0000;0.0000;0.0000;0;0.0000;0.0000;0.0000;0.0000;0.0000;0.0000;ControllerBody;-0.2759;-0.5585;0.7823;0.1653;-0.1700;0.2078;0.3538;-0.0246;-0.3290;0.8752;0.0653;-0.1700;0.2078;33.9512;340.5744;129.9977;0.0826;-0.1860;0.2109;36.3280;346.3387;131.9479;0;0.0826;-0.1860;0.2109;36.3280;346.3387;131.9479;ControllerBody;1448ff49-a958-4320-80a8-7c589216becd;1;Exposure;2026-04-01 12:34:53.2493;Controllers;;OpenXR
Right;4;Exposure;0;NoMitigation;Translation;anonymous;Sample;709;0.0000;0.0013;-0.0026;0.0023;351.9493;3.5646;3.7753;0.0013;-0.0026;0.0023;0.9964;-0.0691;0.0333;0.0350;0;0.2429;-1.7599;-0.0473;0.0000;342.2868;0.0000;0.0000;0.0000;0.0000;0.0000;0.0000;0.0000;0;0.0000;0.0000;0.0000;0.0000;0.0000;0.0000;ControllerBody;-0.1990;-0.5910;0.7817;0.1700;-0.1758;0.2102;0.3514;0.0187;-0.3298;0.8760;0.0700;-0.1758;0.2102;36.2267;345.7164;131.5909;0.0868;-0.1915;0.2129;38.2022;350.9642;133.7436;0;0.0868;-0.1915;0.2129;38.2022;350.9642;133.7436;ControllerBody;1448ff49-a958-4320-80a8-7c589216becd;1;Exposure;2026-04-01 12:34:53.2737;Controllers;;OpenXR
Right;4;Exposure;0;NoMitigation;Translation;anonymous;Sample;712;0.0000;0.0015;-0.0031;0.0019;351.7717;3.6139;3.8472;0.0015;-0.0031;0.0019;0.9963;-0.0706;0.0338;0.0357;0;0.2429;-1.7599;-0.0473;0.0000;342.2868;0.0000;0.0000;0.0000;0.0000;0.0000;0.0000;0.0000;0;0.0000;0.0000;0.0000;0.0000;0.0000;0.0000;ControllerBody;-0.1732;-0.6007;0.7805;0.1736;-0.1813;0.2126;0.3482;0.0322;-0.3297;0.8769;0.0736;-0.1813;0.2126;36.9231;347.4902;132.4897;0.0861;-0.1963;0.2154;38.0503;349.9015;134.0405;0;0.0861;-0.1963;0.2154;38.0503;349.9015;134.0405;ControllerBody;1448ff49-a958-4320-80a8-7c589216becd;1;Exposure;2026-04-01 12:34:53.2985;Controllers;;OpenXR
Right;4;Exposure;0;NoMitigation;Translation;anonymous;Sample;715;0.0000;0.0017;-0.0033;0.0017;351.6855;3.6394;3.8101;0.0017;-0.0033;0.0017;0.9962;-0.0714;0.0341;0.0354;0;0.2429;-1.7599;-0.0473;0.0000;342.2868;0.0000;0.0000;0.0000;0.0000;0.0000;0.0000;0.0000;0;0.0000;0.0000;0.0000;0.0000;0.0000;0.0000;ControllerBody;-0.1735;-0.6008;0.7803;0.1754;-0.1851;0.2142;0.3466;0.0315;-0.3299;0.8775;0.0754;-0.1851;0.2142;36.9272;347.4663;132.6895;0.0829;-0.1975;0.2155;37.2969;346.8652;133.8768;0;0.0829;-0.1975;0.2155;37.2969;346.8652;133.8768;ControllerBody;1448ff49-a958-4320-80a8-7c589216becd;1;Exposure;2026-04-01 12:34:53.3244;Controllers;;OpenXR
Right;4;Exposure;0;NoMitigation;Translation;anonymous;Sample;718;0.0000;0.0019;-0.0034;0.0017;351.8055;3.5617;3.5395;0.0019;-0.0034;0.0017;0.9964;-0.0704;0.0332;0.0330;0;0.2429;-1.7599;-0.0473;0.0000;342.2868;0.0000;0.0000;0.0000;0.0000;0.0000;0.0000;0.0000;0;0.0000;0.0000;0.0000;0.0000;0.0000;0.0000;ControllerBody;-0.1830;-0.5972;0.7809;0.1760;-0.1878;0.2153;0.3453;0.0256;-0.3300;0.8782;0.0760;-0.1878;0.2153;36.6698;346.8143;132.6883;0.0803;-0.1985;0.2149;36.9592;344.9518;132.7389;0;0.0803;-0.1985;0.2149;36.9592;344.9518;132.7389;ControllerBody;1448ff49-a958-4320-80a8-7c589216becd;1;Exposure;2026-04-01 12:34:53.3490;Controllers;;OpenXR
Right;4;Exposure;0;NoMitigation;Translation;anonymous;Sample;721;0.0000;0.0020;-0.0033;0.0018;352.0809;3.3266;3.4092;0.0020;-0.0033;0.0018;0.9967;-0.0681;0.0310;0.0317;0;0.2429;-1.7599;-0.0473;0.0000;342.2868;0.0000;0.0000;0.0000;0.0000;0.0000;0.0000;0.0000;0;0.0000;0.0000;0.0000;0.0000;0.0000;0.0000;ControllerBody;-0.1874;-0.5994;0.7782;0.1764;-0.1903;0.2159;0.3448;0.0237;-0.3322;0.8776;0.0764;-0.1903;0.2159;36.8289;346.4608;132.5817;0.0807;-0.2013;0.2126;38.5489;345.4920;132.0955;0;0.0807;-0.2013;0.2126;38.5489;345.4920;132.0955;ControllerBody;1448ff49-a958-4320-80a8-7c589216becd;1;Exposure;2026-04-01 12:34:53.3734;Controllers;;OpenXR
Right;4;Exposure;0;NoMitigation;Translation;anonymous;Sample;724;0.0000;0.0021;-0.0030;0.0019;352.2104;3.0064;3.5697;0.0021;-0.0030;0.0019;0.9968;-0.0671;0.0283;0.0328;0;0.2429;-1.7599;-0.0473;0.0000;342.2868;0.0000;0.0000;0.0000;0.0000;0.0000;0.0000;0.0000;0;0.0000;0.0000;0.0000;0.0000;0.0000;0.0000;ControllerBody;-0.1863;-0.6174;0.7643;0.1769;-0.1931;0.2158;0.3433;0.0278;-0.3422;0.8743;0.0769;-0.1931;0.2158;38.1251;346.3027;132.3748;0.0814;-0.2057;0.2087;41.6435;346.0685;131.9169;0;0.0814;-0.2057;0.2087;41.6435;346.0685;131.9169;ControllerBody;1448ff49-a958-4320-80a8-7c589216becd;1;Exposure;2026-04-01 12:34:53.3978;Controllers;;OpenXR
Right;4;Exposure;0;NoMitigation;Translation;anonymous;Sample;727;0.0000;0.0024;-0.0030;0.0019;352.1743;2.7143;3.7178;0.0024;-0.0030;0.0019;0.9968;-0.0674;0.0258;0.0340;0;0.2429;-1.7599;-0.0473;0.0000;342.2868;0.0000;0.0000;0.0000;0.0000;0.0000;0.0000;0.0000;0;0.0000;0.0000;0.0000;0.0000;0.0000;0.0000;ControllerBody;-0.1730;-0.6580;0.7329;0.1777;-0.1968;0.2151;0.3392;0.0422;-0.3630;0.8668;0.0777;-0.1968;0.2151;41.1457;346.7172;132.2528;0.0834;-0.2108;0.2053;45.5610;348.0285;132.2550;0;0.0834;-0.2108;0.2053;45.5610;348.0285;132.2550;ControllerBody;1448ff49-a958-4320-80a8-7c589216becd;1;Exposure;2026-04-01 12:34:53.4223;Controllers;;OpenXR
Right;4;Exposure;0;NoMitigation;Translation;anonymous;Sample;730;0.0000;0.0026;-0.0031;0.0018;352.0079;2.6006;3.7396;0.0026;-0.0031;0.0018;0.9967;-0.0689;0.0249;0.0341;0;0.2429;-1.7599;-0.0473;0.0000;342.2868;0.0000;0.0000;0.0000;0.0000;0.0000;0.0000;0.0000;0;0.0000;0.0000;0.0000;0.0000;0.0000;0.0000;ControllerBody;-0.1058;-0.7246;0.6810;0.1797;-0.2020;0.2136;0.3316;0.0891;-0.3893;0.8547;0.0797;-0.2020;0.2136;46.4352;351.1650;133.7998;0.0896;-0.2180;0.2022;50.7460;356.3180;136.2626;0;0.0896;-0.2180;0.2022;50.7460;356.3180;136.2626;ControllerBody;1448ff49-a958-4320-80a8-7c589216becd;1;Exposure;2026-04-01 12:34:53.4479;Controllers;;OpenXR
Right;4;Exposure;0;NoMitigation;Translation;anonymous;Sample;733;0.0000;0.0028;-0.0033;0.0016;351.8690;2.6150;3.7034;0.0028;-0.0033;0.0016;0.9967;-0.0701;0.0250;0.0338;0;0.2429;-1.7599;-0.0473;0.0000;342.2868;0.0000;0.0000;0.0000;0.0000;0.0000;0.0000;0.0000;0;0.0000;0.0000;0.0000;0.0000;0.0000;0.0000;ControllerBody;0.0143;-0.7988;0.6014;0.1837;-0.2096;0.2112;0.3134;0.1638;-0.4153;0.8381;0.0837;-0.2096;0.2112;53.0152;1.3596;139.6691;0.0972;-0.2282;0.1992;56.5238;9.3130;145.0308;0;0.0972;-0.2282;0.1992;56.5238;9.3130;145.0308;ControllerBody;1448ff49-a958-4320-80a8-7c589216becd;1;Exposure;2026-04-01 12:34:53.4722;Controllers;;OpenXR
Right;4;Exposure;0;NoMitigation;Translation;anonymous;Sample;736;0.0000;0.0030;-0.0036;0.0015;351.7381;2.7018;3.6987;0.0030;-0.0036;0.0015;0.9966;-0.0712;0.0258;0.0339;0;0.2429;-1.7599;-0.0473;0.0000;342.2868;0.0000;0.0000;0.0000;0.0000;0.0000;0.0000;0.0000;0;0.0000;0.0000;0.0000;0.0000;0.0000;0.0000;ControllerBody;0.0973;-0.8279;0.5524;0.1887;-0.2171;0.2089;0.2976;0.2107;-0.4236;0.8292;0.0887;-0.2171;0.2089;55.8832;9.9853;145.8168;0.1034;-0.2328;0.1984;57.3129;18.3513;152.1833;0;0.1034;-0.2328;0.1984;57.3129;18.3513;152.1833;ControllerBody;1448ff49-a958-4320-80a8-7c589216becd;1;Exposure;2026-04-01 12:34:53.4979;Controllers;;OpenXR
Right;4;Exposure;0;NoMitigation;Translation;anonymous;Sample;739;0.0000;0.0032;-0.0040;0.0016;351.7225;2.7774;3.7330;0.0032;-0.0040;0.0016;0.9965;-0.0713;0.0265;0.0342;0;0.2429;-1.7599;-0.0473;0.0000;342.2868;0.0000;0.0000;0.0000;0.0000;0.0000;0.0000;0.0000;0;0.0000;0.0000;0.0000;0.0000;0.0000;0.0000;ControllerBody;0.1541;-0.8322;0.5326;0.1932;-0.2220;0.2074;0.2851;0.2380;-0.4207;0.8277;0.0932;-0.2220;0.2074;56.3259;16.1406;150.6687;0.1090;-0.2313;0.1989;55.9989;24.0552;157.0919;0;0.1090;-0.2313;0.1989;55.9989;24.0552;157.0919;ControllerBody;1448ff49-a958-4320-80a8-7c589216becd;1;Exposure;2026-04-01 12:34:53.5222;Controllers;;OpenXR
Right;4;Exposure;0;NoMitigation;Translation;anonymous;Sample;742;0.0000;0.0032;-0.0040;0.0017;351.8275;2.8965;3.7513;0.0032;-0.0040;0.0017;0.9965;-0.0704;0.0275;0.0344;0;0.2429;-1.7599;-0.0473;0.0000;342.2868;0.0000;0.0000;0.0000;0.0000;0.0000;0.0000;0.0000;0;0.0000;0.0000;0.0000;0.0000;0.0000;0.0000;ControllerBody;0.2013;-0.8282;0.5230;0.1971;-0.2248;0.2066;0.2720;0.2576;-0.4150;0.8291;0.0971;-0.2248;0.2066;55.9182;21.0550;154.9366;0.1119;-0.2306;0.2000;54.8657;27.3725;160.3490;0;0.1119;-0.2306;0.2000;54.8657;27.3725;160.3490;ControllerBody;1448ff49-a958-4320-80a8-7c589216becd;1;Exposure;2026-04-01 12:34:53.5479;Controllers;;OpenXR
Right;4;Exposure;0;NoMitigation;Translation;anonymous;Sample;745;0.0000;0.0031;-0.0039;0.0019;352.0046;3.0962;3.6625;0.0031;-0.0039;0.0019;0.9966;-0.0688;0.0292;0.0337;0;0.2429;-1.7599;-0.0473;0.0000;342.2868;0.0000;0.0000;0.0000;0.0000;0.0000;0.0000;0.0000;0;0.0000;0.0000;0.0000;0.0000;0.0000;0.0000;ControllerBody;0.2309;-0.8213;0.5218;0.1999;-0.2266;0.2064;0.2643;0.2688;-0.4085;0.8313;0.0999;-0.2266;0.2064;55.2101;23.8727;157.3398;0.1120;-0.2297;0.2015;53.6046;28.7366;161.1159;0;0.1120;-0.2297;0.2015;53.6046;28.7366;161.1159;ControllerBody;1448ff49-a958-4320-80a8-7c589216becd;1;Exposure;2026-04-01 12:34:53.5720;Controllers;;OpenXR
Right;4;Exposure;0;NoMitigation;Translation;anonymous;Sample;748;0.0000;0.0028;-0.0039;0.0022;352.0859;3.2528;3.4840;0.0028;-0.0039;0.0022;0.9967;-0.0681;0.0304;0.0323;0;0.2429;-1.7599;-0.0473;0.0000;342.2868;0.0000;0.0000;0.0000;0.0000;0.0000;0.0000;0.0000;0;0.0000;0.0000;0.0000;0.0000;0.0000;0.0000;ControllerBody;0.2566;-0.8138;0.5214;0.2018;-0.2278;0.2064;0.2629;0.2809;-0.4005;0.8316;0.1018;-0.2278;0.2064;54.4695;26.2065;158.5802;0.1112;-0.2291;0.2029;53.2540;30.3127;160.0758;0;0.1112;-0.2291;0.2029;53.2540;30.3127;160.0758;ControllerBody;1448ff49-a958-4320-80a8-7c589216becd;1;Exposure;2026-04-01 12:34:53.5976;Controllers;;OpenXR
Right;4;Exposure;0;NoMitigation;Translation;anonymous;Sample;751;0.0000;0.0025;-0.0039;0.0024;352.0863;3.1962;3.4473;0.0025;-0.0039;0.0024;0.9967;-0.0681;0.0299;0.0319;0;0.2429;-1.7599;-0.0473;0.0000;342.2868;0.0000;0.0000;0.0000;0.0000;0.0000;0.0000;0.0000;0;0.0000;0.0000;0.0000;0.0000;0.0000;0.0000;ControllerBody;0.2839;-0.8091;0.5146;0.2032;-0.2286;0.2064;0.2659;0.2973;-0.3928;0.8286;0.1032;-0.2286;0.2064;54.0049;28.8839;159.3765;0.1121;-0.2288;0.2030;53.3201;33.9291;160.9250;0;0.1121;-0.2288;0.2030;53.3201;33.9291;160.9250;ControllerBody;1448ff49-a958-4320-80a8-7c589216becd;1;Exposure;2026-04-01 12:34:53.6222;Controllers;;OpenXR
Right;4;Exposure;0;NoMitigation;Translation;anonymous;Sample;754;0.0000;0.0021;-0.0038;0.0026;352.0775;3.0304;3.6127;0.0021;-0.0038;0.0026;0.9967;-0.0682;0.0285;0.0333;0;0.2429;-1.7599;-0.0473;0.0000;342.2868;0.0000;0.0000;0.0000;0.0000;0.0000;0.0000;0.0000;0;0.0000;0.0000;0.0000;0.0000;0.0000;0.0000;ControllerBody;0.3269;-0.8035;0.4975;0.2048;-0.2294;0.2064;0.2703;0.3245;-0.3821;0.8220;0.1048;-0.2294;0.2064;53.4702;33.3084;160.7287;0.1146;-0.2286;0.2031;52.5091;38.8827;162.2908;0;0.1146;-0.2286;0.2031;52.5091;38.8827;162.2908;ControllerBody;1448ff49-a958-4320-80a8-7c589216becd;1;Exposure;2026-04-01 12:34:53.6474;Controllers;;OpenXR
Right;4;Exposure;0;NoMitigation;Translation;anonymous;Sample;757;0.0000;0.0020;-0.0038;0.0030;352.0540;2.8694;3.8321;0.0020;-0.0038;0.0030;0.9967;-0.0684;0.0273;0.0351;0;0.2429;-1.7599;-0.0473;0.0000;342.2868;0.0000;0.0000;0.0000;0.0000;0.0000;0.0000;0.0000;0;0.0000;0.0000;0.0000;0.0000;0.0000;0.0000;ControllerBody;0.3704;-0.7936;0.4826;0.2066;-0.2300;0.2065;0.2729;0.3501;-0.3689;0.8166;0.1066;-0.2300;0.2065;52.5258;37.5071;162.0575;0.1170;-0.2282;0.2041;51.0694;42.7448;163.7124;0;0.1170;-0.2282;0.2041;51.0694;42.7448;163.7124;ControllerBody;1448ff49-a958-4320-80a8-7c589216becd;1;Exposure;2026-04-01 12:34:53.6720;Controllers;;OpenXR
Right;4;Exposure;0;NoMitigation;Translation;anonymous;Sample;760;0.0000;0.0020;-0.0038;0.0032;352.0562;2.8520;3.8918;0.0020;-0.0038;0.0032;0.9967;-0.0684;0.0272;0.0356;0;0.2429;-1.7599;-0.0473;0.0000;342.2868;0.0000;0.0000;0.0000;0.0000;0.0000;0.0000;0.0000;0;0.0000;0.0000;0.0000;0.0000;0.0000;0.0000;ControllerBody;0.4109;-0.7817;0.4691;0.2086;-0.2305;0.2068;0.2723;0.3722;-0.3563;0.8126;0.1086;-0.2305;0.2068;51.4203;41.2144;163.4691;0.1195;-0.2281;0.2058;49.7078;46.2074;165.3296;0;0.1195;-0.2281;0.2058;49.7078;46.2074;165.3296;ControllerBody;1448ff49-a958-4320-80a8-7c589216becd;1;Exposure;2026-04-01 12:34:53.6963;Controllers;;OpenXR
Right;4;Exposure;0;NoMitigation;Translation;anonymous;Sample;763;0.0000;0.0019;-0.0038;0.0034;352.1275;2.9959;3.7810;0.0019;-0.0038;0.0034;0.9967;-0.0677;0.0283;0.0347;0;0.2429;-1.7599;-0.0473;0.0000;342.2868;0.0000;0.0000;0.0000;0.0000;0.0000;0.0000;0.0000;0;0.0000;0.0000;0.0000;0.0000;0.0000;0.0000;ControllerBody;0.4446;-0.7698;0.4581;0.2108;-0.2309;0.2074;0.2704;0.3897;-0.3451;0.8099;0.1108;-0.2309;0.2074;50.3316;44.1445;164.6468;0.1215;-0.2280;0.2085;48.4304;48.3348;166.2015;0;0.1215;-0.2280;0.2085;48.4304;48.3348;166.2015;ControllerBody;1448ff49-a958-4320-80a8-7c589216becd;1;Exposure;2026-04-01 12:34:53.7219;Controllers;;OpenXR
Right;4;Exposure;0;NoMitigation;Translation;anonymous;Sample;766;0.0000;0.0018;-0.0037;0.0034;352.2210;3.1354;3.6069;0.0018;-0.0037;0.0034;0.9968;-0.0669;0.0294;0.0332;0;0.2429;-1.7599;-0.0473;0.0000;342.2868;0.0000;0.0000;0.0000;0.0000;0.0000;0.0000;0.0000;0;0.0000;0.0000;0.0000;0.0000;0.0000;0.0000;ControllerBody;0.4722;-0.7554;0.4542;0.2130;-0.2312;0.2083;0.2678;0.4020;-0.3336;0.8096;0.1130;-0.2312;0.2083;49.0645;46.1137;165.3762;0.1231;-0.2273;0.2120;46.5810;49.1066;166.3372;0;0.1231;-0.2273;0.2120;46.5810;49.1066;166.3372;ControllerBody;1448ff49-a958-4320-80a8-7c589216becd;1;Exposure;2026-04-01 12:34:53.7464;Controllers;;OpenXR
Right;4;Exposure;0;NoMitigation;Translation;anonymous;Sample;769;0.0000;0.0017;-0.0036;0.0032;352.3758;3.1639;3.5089;0.0017;-0.0036;0.0032;0.9969;-0.0656;0.0296;0.0324;0;0.2429;-1.7599;-0.0473;0.0000;342.2868;0.0000;0.0000;0.0000;0.0000;0.0000;0.0000;0.0000;0;0.0000;0.0000;0.0000;0.0000;0.0000;0.0000;ControllerBody;0.4939;-0.7407;0.4555;0.2150;-0.2314;0.2097;0.2651;0.4100;-0.3227;0.8109;0.1150;-0.2314;0.2097;47.7881;47.3153;165.7626;0.1231;-0.2266;0.2159;45.1022;49.2952;166.2483;0;0.1231;-0.2266;0.2159;45.1022;49.2952;166.2483;ControllerBody;1448ff49-a958-4320-80a8-7c589216becd;1;Exposure;2026-04-01 12:34:53.7719;Controllers;;OpenXR
Right;4;Exposure;0;NoMitigation;Translation;anonymous;Sample;772;0.0000;0.0018;-0.0036;0.0028;352.2984;3.0793;3.4814;0.0018;-0.0036;0.0028;0.9969;-0.0663;0.0288;0.0321;0;0.2429;-1.7599;-0.0473;0.0000;342.2868;0.0000;0.0000;0.0000;0.0000;0.0000;0.0000;0.0000;0;0.0000;0.0000;0.0000;0.0000;0.0000;0.0000;ControllerBody;0.5067;-0.7270;0.4634;0.2165;-0.2313;0.2116;0.2652;0.4133;-0.3122;0.8132;0.1165;-0.2313;0.2116;46.6374;47.5554;165.3877;0.1207;-0.2257;0.2212;44.1106;47.3999;163.7843;0;0.1207;-0.2257;0.2212;44.1106;47.3999;163.7843;ControllerBody;1448ff49-a958-4320-80a8-7c589216becd;1;Exposure;2026-04-01 12:34:53.7973;Controllers;;OpenXR
Right;4;Exposure;0;NoMitigation;Translation;anonymous;Sample;775;0.0000;0.0018;-0.0035;0.0024;352.1111;2.9894;3.4877;0.0018;-0.0035;0.0024;0.9968;-0.0679;0.0281;0.0321;0;0.2429;-1.7599;-0.0473;0.0000;342.2868;0.0000;0.0000;0.0000;0.0000;0.0000;0.0000;0.0000;0;0.0000;0.0000;0.0000;0.0000;0.0000;0.0000;ControllerBody;0.5092;-0.7197;0.4719;0.2172;-0.2313;0.2138;0.2682;0.4131;-0.3057;0.8149;0.1172;-0.2313;0.2138;46.0333;47.1818;164.5870;0.1164;-0.2260;0.2239;46.0677;45.9106;162.6508;0;0.1164;-0.2260;0.2239;46.0677;45.9106;162.6508;ControllerBody;1448ff49-a958-4320-80a8-7c589216becd;1;Exposure;2026-04-01 12:34:53.8224;Controllers;;OpenXR
Right;4;Exposure;0;NoMitigation;Translation;anonymous;Sample;778;0.0000;0.0018;-0.0033;0.0020;352.0069;3.0422;3.4151;0.0018;-0.0033;0.0020;0.9967;-0.0689;0.0285;0.0316;0;0.2429;-1.7599;-0.0473;0.0000;342.2868;0.0000;0.0000;0.0000;0.0000;0.0000;0.0000;0.0000;0;0.0000;0.0000;0.0000;0.0000;0.0000;0.0000;ControllerBody;0.5119;-0.7207;0.4674;0.2177;-0.2313;0.2153;0.2674;0.4152;-0.3064;0.8138;0.1177;-0.2313;0.2153;46.1161;47.6039;164.8894;0.1162;-0.2251;0.2237;45.9796;48.4822;165.4857;0;0.1162;-0.2251;0.2237;45.9796;48.4822;165.4857;ControllerBody;1448ff49-a958-4320-80a8-7c589216becd;1;Exposure;2026-04-01 12:34:53.8469;Controllers;;OpenXR
Right;4;Exposure;0;NoMitigation;Translation;anonymous;Sample;781;0.0000;0.0021;-0.0029;0.0017;351.9243;3.0552;3.3449;0.0021;-0.0029;0.0017;0.9967;-0.0696;0.0286;0.0310;0;0.2429;-1.7599;-0.0473;0.0000;342.2868;0.0000;0.0000;0.0000;0.0000;0.0000;0.0000;0.0000;0;0.0000;0.0000;0.0000;0.0000;0.0000;0.0000;ControllerBody;0.5138;-0.7202;0.4661;0.2178;-0.2312;0.2169;0.2677;0.4165;-0.3057;0.8133;0.1178;-0.2312;0.2169;46.0731;47.7875;164.9007;0.1145;-0.2250;0.2257;46.0851;48.8266;164.8830;0;0.1145;-0.2250;0.2257;46.0851;48.8266;164.8830;ControllerBody;1448ff49-a958-4320-80a8-7c589216becd;1;Exposure;2026-04-01 12:34:53.8718;Controllers;;OpenXR
Right;4;Exposure;0;NoMitigation;Translation;anonymous;Sample;784;0.0000;0.0024;-0.0026;0.0015;351.8391;3.0639;3.2740;0.0024;-0.0026;0.0015;0.9966;-0.0703;0.0287;0.0304;0;0.2429;-1.7599;-0.0473;0.0000;342.2868;0.0000;0.0000;0.0000;0.0000;0.0000;0.0000;0.0000;0;0.0000;0.0000;0.0000;0.0000;0.0000;0.0000;ControllerBody;0.5196;-0.7204;0.4594;0.2179;-0.2310;0.2184;0.2687;0.4213;-0.3046;0.8109;0.1179;-0.2310;0.2184;46.0858;48.5154;165.0278;0.1149;-0.2245;0.2272;45.6486;50.7333;165.1637;0;0.1149;-0.2245;0.2272;45.6486;50.7333;165.1637;ControllerBody;1448ff49-a958-4320-80a8-7c589216becd;1;Exposure;2026-04-01 12:34:53.8967;Controllers;;OpenXR
Right;4;Exposure;0;NoMitigation;Translation;anonymous;Sample;787;0.0000;0.0026;-0.0025;0.0013;351.7204;3.0487;3.2301;0.0026;-0.0025;0.0013;0.9966;-0.0714;0.0286;0.0300;0;0.2429;-1.7599;-0.0473;0.0000;342.2868;0.0000;0.0000;0.0000;0.0000;0.0000;0.0000;0.0000;0;0.0000;0.0000;0.0000;0.0000;0.0000;0.0000;ControllerBody;0.5264;-0.7200;0.4522;0.2181;-0.2309;0.2198;0.2708;0.4272;-0.3024;0.8079;0.1181;-0.2309;0.2198;46.0563;49.3391;165.0298;0.1157;-0.2241;0.2279;45.4841;51.3830;164.6511;0;0.1157;-0.2241;0.2279;45.4841;51.3830;164.6511;ControllerBody;1448ff49-a958-4320-80a8-7c589216becd;1;Exposure;2026-04-01 12:34:53.9217;Controllers;;OpenXR
Right;4;Exposure;0;NoMitigation;Translation;anonymous;Sample;790;0.0000;0.0028;-0.0024;0.0012;351.7357;2.9770;3.1184;0.0028;-0.0024;0.0012;0.9966;-0.0713;0.0279;0.0290;0;0.2429;-1.7599;-0.0473;0.0000;342.2868;0.0000;0.0000;0.0000;0.0000;0.0000;0.0000;0.0000;0;0.0000;0.0000;0.0000;0.0000;0.0000;0.0000;ControllerBody;0.5320;-0.7196;0.4463;0.2183;-0.2307;0.2208;0.2726;0.4319;-0.3005;0.8055;0.1183;-0.2307;0.2208;46.0200;50.0065;165.0055;0.1163;-0.2240;0.2269;45.4595;51.5873;164.3719;0;0.1163;-0.2240;0.2269;45.4595;51.5873;164.3719;ControllerBody;1448ff49-a958-4320-80a8-7c589216becd;1;Exposure;2026-04-01 12:34:53.9461;Controllers;;OpenXR
Right;4;Exposure;0;NoMitigation;Translation;anonymous;Sample;793;0.0000;0.0030;-0.0025;0.0012;351.8052;2.8986;2.9841;0.0030;-0.0025;0.0012;0.9967;-0.0707;0.0271;0.0278;0;0.2429;-1.7599;-0.0473;0.0000;342.2868;0.0000;0.0000;0.0000;0.0000;0.0000;0.0000;0.0000;0;0.0000;0.0000;0.0000;0.0000;0.0000;0.0000;ControllerBody;0.5342;-0.7189;0.4448;0.2184;-0.2306;0.2215;0.2735;0.4336;-0.2993;0.8047;0.1184;-0.2306;0.2215;45.9607;50.2160;164.9386;0.1161;-0.2244;0.2264;45.5117;50.7100;164.4667;0;0.1161;-0.2244;0.2264;45.5117;50.7100;164.4667;ControllerBody;1448ff49-a958-4320-80a8-7c589216becd;1;Exposure;2026-04-01 12:34:53.9718;Controllers;;OpenXR
Right;4;Exposure;0;NoMitigation;Translation;anonymous;Sample;796;0.0000;0.0031;-0.0027;0.0013;351.7924;2.8180;2.9408;0.0031;-0.0027;0.0013;0.9968;-0.0709;0.0264;0.0273;0;0.2429;-1.7599;-0.0473;0.0000;342.2868;0.0000;0.0000;0.0000;0.0000;0.0000;0.0000;0.0000;0;0.0000;0.0000;0.0000;0.0000;0.0000;0.0000;ControllerBody;0.5350;-0.7183;0.4448;0.2186;-0.2305;0.2221;0.2739;0.4341;-0.2986;0.8046;0.1186;-0.2305;0.2221;45.9120;50.2614;164.8828;0.1161;-0.2242;0.2263;45.4964;50.6294;164.3811;0;0.1161;-0.2242;0.2263;45.4964;50.6294;164.3811;ControllerBody;1448ff49-a958-4320-80a8-7c589216becd;1;Exposure;2026-04-01 12:34:53.9962;Controllers;;OpenXR
Right;4;Exposure;0;NoMitigation;Translation;anonymous;Sample;799;0.0000;0.0033;-0.0029;0.0016;351.7824;2.7870;2.9367;0.0033;-0.0029;0.0016;0.9968;-0.0710;0.0261;0.0273;0;0.2429;-1.7599;-0.0473;0.0000;342.2868;0.0000;0.0000;0.0000;0.0000;0.0000;0.0000;0.0000;0;0.0000;0.0000;0.0000;0.0000;0.0000;0.0000;ControllerBody;0.5357;-0.7178;0.4448;0.2187;-0.2305;0.2226;0.2742;0.4345;-0.2980;0.8045;0.1187;-0.2305;0.2226;45.8710;50.2930;164.8308;0.1161;-0.2240;0.2261;45.4830;50.5747;164.3199;0;0.1161;-0.2240;0.2261;45.4830;50.5747;164.3199;ControllerBody;1448ff49-a958-4320-80a8-7c589216becd;1;Exposure;2026-04-01 12:34:54.0220;Controllers;;OpenXR
Right;4;Exposure;0;NoMitigation;Translation;anonymous;Sample;802;0.0000;0.0034;-0.0030;0.0020;351.8891;2.7988;2.9397;0.0034;-0.0030;0.0020;0.9968;-0.0701;0.0262;0.0273;0;0.2429;-1.7599;-0.0473;0.0000;342.2868;0.0000;0.0000;0.0000;0.0000;0.0000;0.0000;0.0000;0;0.0000;0.0000;0.0000;0.0000;0.0000;0.0000;ControllerBody;0.5362;-0.7173;0.4449;0.2188;-0.2304;0.2230;0.2745;0.4348;-0.2975;0.8044;0.1188;-0.2304;0.2230;45.8354;50.3165;164.7830;0.1161;-0.2239;0.2261;45.4747;50.5475;164.2909;0;0.1161;-0.2239;0.2261;45.4747;50.5475;164.2909;ControllerBody;1448ff49-a958-4320-80a8-7c589216becd;1;Exposure;2026-04-01 12:34:54.0477;Controllers;;OpenXR
Right;4;Exposure;0;NoMitigation;Translation;anonymous;Sample;805;0.0000;0.0035;-0.0032;0.0025;352.0169;2.8841;2.9523;0.0035;-0.0032;0.0025;0.9969;-0.0689;0.0269;0.0274;0;0.2429;-1.7599;-0.0473;0.0000;342.2868;0.0000;0.0000;0.0000;0.0000;0.0000;0.0000;0.0000;0;0.0000;0.0000;0.0000;0.0000;0.0000;0.0000;ControllerBody;0.5366;-0.7170;0.4449;0.2188;-0.2303;0.2234;0.2747;0.4350;-0.2971;0.8044;0.1188;-0.2303;0.2234;45.8066;50.3353;164.7446;0.1161;-0.2236;0.2260;45.4791;50.5629;164.3199;0;0.1161;-0.2236;0.2260;45.4791;50.5629;164.3199;ControllerBody;1448ff49-a958-4320-80a8-7c589216becd;1;Exposure;2026-04-01 12:34:54.0722;Controllers;;OpenXR
Right;4;Exposure;0;NoMitigation;Translation;anonymous;Sample;808;0.0000;0.0034;-0.0034;0.0030;352.1533;2.9769;2.9588;0.0034;-0.0034;0.0030;0.9969;-0.0677;0.0277;0.0275;0;0.2429;-1.7599;-0.0473;0.0000;342.2868;0.0000;0.0000;0.0000;0.0000;0.0000;0.0000;0.0000;0;0.0000;0.0000;0.0000;0.0000;0.0000;0.0000;ControllerBody;0.5370;-0.7167;0.4450;0.2189;-0.2302;0.2237;0.2749;0.4352;-0.2968;0.8043;0.1189;-0.2302;0.2237;45.7834;50.3534;164.7164;0.1161;-0.2236;0.2260;45.4865;50.5872;164.3579;0;0.1161;-0.2236;0.2260;45.4865;50.5872;164.3579;ControllerBody;1448ff49-a958-4320-80a8-7c589216becd;1;Exposure;2026-04-01 12:34:54.0967;Controllers;;OpenXR
Right;4;Exposure;0;NoMitigation;Translation;anonymous;Sample;811;0.0000;0.0033;-0.0037;0.0034;352.2734;3.0252;2.9611;0.0033;-0.0037;0.0034;0.9970;-0.0666;0.0281;0.0275;0;0.2429;-1.7599;-0.0473;0.0000;342.2868;0.0000;0.0000;0.0000;0.0000;0.0000;0.0000;0.0000;0;0.0000;0.0000;0.0000;0.0000;0.0000;0.0000;ControllerBody;0.5373;-0.7165;0.4450;0.2190;-0.2302;0.2240;0.2750;0.4354;-0.2965;0.8043;0.1190;-0.2302;0.2240;45.7627;50.3667;164.6891;0.1161;-0.2236;0.2259;45.4778;50.5388;164.3006;0;0.1161;-0.2236;0.2259;45.4778;50.5388;164.3006;ControllerBody;1448ff49-a958-4320-80a8-7c589216becd;1;Exposure;2026-04-01 12:34:54.1223;Controllers;;OpenXR
Right;4;Exposure;0;NoMitigation;Translation;anonymous;Sample;814;0.0000;0.0032;-0.0040;0.0037;352.4121;3.0288;2.9550;0.0032;-0.0040;0.0037;0.9971;-0.0654;0.0281;0.0275;0;0.2429;-1.7599;-0.0473;0.0000;342.2868;0.0000;0.0000;0.0000;0.0000;0.0000;0.0000;0.0000;0;0.0000;0.0000;0.0000;0.0000;0.0000;0.0000;ControllerBody;0.5375;-0.7162;0.4450;0.2190;-0.2301;0.2242;0.2752;0.4356;-0.2962;0.8042;0.1190;-0.2301;0.2242;45.7442;50.3772;164.6637;0.1161;-0.2236;0.2258;45.4754;50.5325;164.2987;0;0.1161;-0.2236;0.2258;45.4754;50.5325;164.2987;ControllerBody;1448ff49-a958-4320-80a8-7c589216becd;1;Exposure;2026-04-01 12:34:54.1473;Controllers;;OpenXR
Right;4;Exposure;0;NoMitigation;Translation;anonymous;Sample;817;0.0000;0.0032;-0.0040;0.0039;352.5937;3.0561;3.0084;0.0032;-0.0040;0.0039;0.9972;-0.0638;0.0283;0.0279;0;0.2429;-1.7599;-0.0473;0.0000;342.2868;0.0000;0.0000;0.0000;0.0000;0.0000;0.0000;0.0000;0;0.0000;0.0000;0.0000;0.0000;0.0000;0.0000;ControllerBody;0.5378;-0.7160;0.4451;0.2191;-0.2301;0.2244;0.2753;0.4357;-0.2960;0.8042;0.1191;-0.2301;0.2244;45.7277;50.3858;164.6410;0.1160;-0.2237;0.2257;45.4675;50.5065;164.2711;0;0.1160;-0.2237;0.2257;45.4675;50.5065;164.2711;ControllerBody;1448ff49-a958-4320-80a8-7c589216becd;1;Exposure;2026-04-01 12:34:54.1709;Controllers;;OpenXR
Right;4;Exposure;0;NoMitigation;Translation;anonymous;Sample;820;0.0000;0.0031;-0.0041;0.0039;352.5880;3.1198;3.0347;0.0031;-0.0041;0.0039;0.9971;-0.0639;0.0289;0.0282;0;0.2429;-1.7599;-0.0473;0.0000;342.2868;0.0000;0.0000;0.0000;0.0000;0.0000;0.0000;0.0000;0;0.0000;0.0000;0.0000;0.0000;0.0000;0.0000;ControllerBody;0.5380;-0.7158;0.4452;0.2191;-0.2300;0.2246;0.2755;0.4358;-0.2958;0.8042;0.1191;-0.2300;0.2246;45.7125;50.3918;164.6185;0.1160;-0.2238;0.2256;45.4629;50.4815;164.2423;0;0.1160;-0.2238;0.2256;45.4629;50.4815;164.2423;ControllerBody;1448ff49-a958-4320-80a8-7c589216becd;1;Exposure;2026-04-01 12:34:54.1967;Controllers;;OpenXR
Right;4;Exposure;0;NoMitigation;Translation;anonymous;Sample;823;0.0000;0.0031;-0.0041;0.0038;352.5666;3.1922;3.0391;0.0031;-0.0041;0.0038;0.9971;-0.0640;0.0295;0.0283;0;0.2429;-1.7599;-0.0473;0.0000;342.2868;0.0000;0.0000;0.0000;0.0000;0.0000;0.0000;0.0000;0;0.0000;0.0000;0.0000;0.0000;0.0000;0.0000;ControllerBody;0.5381;-0.7157;0.4452;0.2192;-0.2300;0.2248;0.2756;0.4359;-0.2956;0.8042;0.1192;-0.2300;0.2248;45.6988;50.3960;164.5971;0.1160;-0.2239;0.2255;45.4638;50.4618;164.2228;0;0.1160;-0.2239;0.2255;45.4638;50.4618;164.2228;ControllerBody;1448ff49-a958-4320-80a8-7c589216becd;1;Exposure;2026-04-01 12:34:54.2222;Controllers;;OpenXR
Right;4;Exposure;0;NoMitigation;Translation;anonymous;Sample;826;0.0000;0.0031;-0.0040;0.0036;352.6194;3.2054;3.0446;0.0031;-0.0040;0.0036;0.9971;-0.0636;0.0296;0.0283;0;0.2429;-1.7599;-0.0473;0.0000;342.2868;0.0000;0.0000;0.0000;0.0000;0.0000;0.0000;0.0000;0;0.0000;0.0000;0.0000;0.0000;0.0000;0.0000;ControllerBody;0.5383;-0.7155;0.4453;0.2192;-0.2300;0.2249;0.2757;0.4360;-0.2954;0.8041;0.1192;-0.2300;0.2249;45.6865;50.3989;164.5771;0.1160;-0.2239;0.2255;45.4671;50.4500;164.2141;0;0.1160;-0.2239;0.2255;45.4671;50.4500;164.2141;ControllerBody;1448ff49-a958-4320-80a8-7c589216becd;1;Exposure;2026-04-01 12:34:54.2465;Controllers;;OpenXR
Right;4;Exposure;0;NoMitigation;Translation;anonymous;Sample;829;0.0000;0.0031;-0.0039;0.0034;352.5920;3.2147;3.0027;0.0031;-0.0039;0.0034;0.9971;-0.0638;0.0297;0.0279;0;0.2429;-1.7599;-0.0473;0.0000;342.2868;0.0000;0.0000;0.0000;0.0000;0.0000;0.0000;0.0000;0;0.0000;0.0000;0.0000;0.0000;0.0000;0.0000;ControllerBody;0.5384;-0.7154;0.4454;0.2192;-0.2299;0.2251;0.2758;0.4360;-0.2953;0.8041;0.1192;-0.2299;0.2251;45.6762;50.4013;164.5598;0.1161;-0.2239;0.2256;45.4758;50.4542;164.2281;0;0.1161;-0.2239;0.2256;45.4758;50.4542;164.2281;ControllerBody;1448ff49-a958-4320-80a8-7c589216becd;1;Exposure;2026-04-01 12:34:54.2725;Controllers;;OpenXR
Right;4;Exposure;0;NoMitigation;Translation;anonymous;Sample;832;0.0000;0.0031;-0.0038;0.0032;352.5599;3.0951;2.8368;0.0031;-0.0038;0.0032;0.9972;-0.0642;0.0285;0.0264;0;0.2429;-1.7599;-0.0473;0.0000;342.2868;0.0000;0.0000;0.0000;0.0000;0.0000;0.0000;0.0000;0;0.0000;0.0000;0.0000;0.0000;0.0000;0.0000;ControllerBody;0.5385;-0.7153;0.4454;0.2193;-0.2299;0.2252;0.2759;0.4361;-0.2952;0.8041;0.1193;-0.2299;0.2252;45.6674;50.4038;164.5453;0.1161;-0.2241;0.2256;45.4834;50.4557;164.2372;0;0.1161;-0.2241;0.2256;45.4834;50.4557;164.2372;ControllerBody;1448ff49-a958-4320-80a8-7c589216becd;1;Exposure;2026-04-01 12:34:54.2963;Controllers;;OpenXR
Right;4;Exposure;0;NoMitigation;Translation;anonymous;Sample;835;0.0000;0.0032;-0.0036;0.0030;352.5875;2.8698;2.8061;0.0032;-0.0036;0.0030;0.9973;-0.0640;0.0266;0.0260;0;0.2429;-1.7599;-0.0473;0.0000;342.2868;0.0000;0.0000;0.0000;0.0000;0.0000;0.0000;0.0000;0;0.0000;0.0000;0.0000;0.0000;0.0000;0.0000;ControllerBody;0.5386;-0.7152;0.4455;0.2193;-0.2299;0.2253;0.2759;0.4361;-0.2951;0.8041;0.1193;-0.2299;0.2253;45.6597;50.4055;164.5318;0.1161;-0.2242;0.2256;45.4863;50.4387;164.2240;0;0.1161;-0.2242;0.2256;45.4863;50.4387;164.2240;ControllerBody;1448ff49-a958-4320-80a8-7c589216becd;1;Exposure;2026-04-01 12:34:54.3218;Controllers;;OpenXR
Right;4;Exposure;0;NoMitigation;Translation;anonymous;Sample;838;0.0000;0.0033;-0.0033;0.0026;352.5955;2.6564;2.9148;0.0033;-0.0033;0.0026;0.9973;-0.0639;0.0248;0.0269;0;0.2429;-1.7599;-0.0473;0.0000;342.2868;0.0000;0.0000;0.0000;0.0000;0.0000;0.0000;0.0000;0;0.0000;0.0000;0.0000;0.0000;0.0000;0.0000;ControllerBody;0.5386;-0.7151;0.4455;0.2193;-0.2299;0.2255;0.2760;0.4362;-0.2949;0.8041;0.1193;-0.2299;0.2255;45.6526;50.4066;164.5191;0.1161;-0.2242;0.2256;45.4851;50.4332;164.2227;0;0.1161;-0.2242;0.2256;45.4851;50.4332;164.2227;ControllerBody;1448ff49-a958-4320-80a8-7c589216becd;1;Exposure;2026-04-01 12:34:54.3478;Controllers;;OpenXR
Right;4;Exposure;0;NoMitigation;Translation;anonymous;Sample;841;0.0000;0.0033;-0.0033;0.0022;352.3533;2.5520;2.8940;0.0033;-0.0033;0.0022;0.9972;-0.0661;0.0239;0.0267;0;0.2429;-1.7599;-0.0473;0.0000;342.2868;0.0000;0.0000;0.0000;0.0000;0.0000;0.0000;0.0000;0;0.0000;0.0000;0.0000;0.0000;0.0000;0.0000;ControllerBody;0.5387;-0.7150;0.4455;0.2193;-0.2299;0.2256;0.2761;0.4362;-0.2949;0.8041;0.1193;-0.2299;0.2256;45.6462;50.4071;164.5073;0.1162;-0.2244;0.2255;45.4866;50.4158;164.2088;0;0.1162;-0.2244;0.2255;45.4866;50.4158;164.2088;ControllerBody;1448ff49-a958-4320-80a8-7c589216becd;1;Exposure;2026-04-01 12:34:54.3718;Controllers;;OpenXR
Right;4;Exposure;0;NoMitigation;Translation;anonymous;Sample;844;0.0000;0.0032;-0.0033;0.0020;352.0988;2.4985;2.8447;0.0032;-0.0033;0.0020;0.9970;-0.0683;0.0235;0.0263;0;0.2429;-1.7599;-0.0473;0.0000;342.2868;0.0000;0.0000;0.0000;0.0000;0.0000;0.0000;0.0000;0;0.0000;0.0000;0.0000;0.0000;0.0000;0.0000;ControllerBody;0.5388;-0.7150;0.4456;0.2194;-0.2299;0.2257;0.2761;0.4363;-0.2948;0.8041;0.1194;-0.2299;0.2257;45.6402;50.4071;164.4958;0.1162;-0.2247;0.2257;45.4898;50.4029;164.2013;0;0.1162;-0.2247;0.2257;45.4898;50.4029;164.2013;ControllerBody;1448ff49-a958-4320-80a8-7c589216becd;1;Exposure;2026-04-01 12:34:54.3962;Controllers;;OpenXR
Right;4;Exposure;0;NoMitigation;Translation;anonymous;Sample;847;0.0000;0.0032;-0.0031;0.0021;352.0083;2.4711;3.0370;0.0032;-0.0031;0.0021;0.9969;-0.0691;0.0233;0.0279;0;0.2429;-1.7599;-0.0473;0.0000;342.2868;0.0000;0.0000;0.0000;0.0000;0.0000;0.0000;0.0000;0;0.0000;0.0000;0.0000;0.0000;0.0000;0.0000;ControllerBody;0.5388;-0.7149;0.4456;0.2194;-0.2299;0.2258;0.2762;0.4363;-0.2947;0.8041;0.1194;-0.2299;0.2258;45.6349;50.4069;164.4853;0.1162;-0.2247;0.2257;45.4899;50.4027;164.2007;0;0.1162;-0.2247;0.2257;45.4899;50.4027;164.2007;ControllerBody;1448ff49-a958-4320-80a8-7c589216becd;1;Exposure;2026-04-01 12:34:54.4222;Controllers;;OpenXR
Right;4;Exposure;0;NoMitigation;Translation;anonymous;Sample;850;0.0000;0.0032;-0.0027;0.0023;352.0399;2.5250;3.2264;0.0032;-0.0027;0.0023;0.9969;-0.0687;0.0239;0.0296;0;0.2429;-1.7599;-0.0473;0.0000;342.2868;0.0000;0.0000;0.0000;0.0000;0.0000;0.0000;0.0000;0;0.0000;0.0000;0.0000;0.0000;0.0000;0.0000;ControllerBody;0.5389;-0.7148;0.4457;0.2194;-0.2299;0.2259;0.2763;0.4363;-0.2946;0.8041;0.1194;-0.2299;0.2259;45.6298;50.4067;164.4755;0.1162;-0.2247;0.2257;45.4900;50.4029;164.2015;0;0.1162;-0.2247;0.2257;45.4900;50.4029;164.2015;ControllerBody;1448ff49-a958-4320-80a8-7c589216becd;1;Exposure;2026-04-01 12:34:54.4475;Controllers;;OpenXR
Right;4;Exposure;0;NoMitigation;Translation;anonymous;Sample;853;0.0000;0.0032;-0.0024;0.0026;352.0511;2.6801;3.1936;0.0032;-0.0024;0.0026;0.9969;-0.0686;0.0253;0.0294;0;0.2429;-1.7599;-0.0473;0.0000;342.2868;0.0000;0.0000;0.0000;0.0000;0.0000;0.0000;0.0000;0;0.0000;0.0000;0.0000;0.0000;0.0000;0.0000;ControllerBody;0.5389;-0.7148;0.4457;0.2195;-0.2299;0.2260;0.2763;0.4363;-0.2945;0.8041;0.1195;-0.2299;0.2260;45.6253;50.4066;164.4666;0.1162;-0.2247;0.2257;45.4910;50.4060;164.2058;0;0.1162;-0.2247;0.2257;45.4910;50.4060;164.2058;ControllerBody;1448ff49-a958-4320-80a8-7c589216becd;1;Exposure;2026-04-01 12:34:54.4720;Controllers;;OpenXR
Right;4;Exposure;0;NoMitigation;Translation;anonymous;Sample;856;0.0000;0.0031;-0.0024;0.0030;352.0782;2.7926;3.0241;0.0031;-0.0024;0.0030;0.9969;-0.0684;0.0261;0.0280;0;0.2429;-1.7599;-0.0473;0.0000;342.2868;0.0000;0.0000;0.0000;0.0000;0.0000;0.0000;0.0000;0;0.0000;0.0000;0.0000;0.0000;0.0000;0.0000;ControllerBody;0.5389;-0.7147;0.4458;0.2195;-0.2299;0.2261;0.2763;0.4364;-0.2945;0.8041;0.1195;-0.2299;0.2261;45.6210;50.4066;164.4583;0.1162;-0.2247;0.2257;45.4900;50.4034;164.2019;0;0.1162;-0.2247;0.2257;45.4900;50.4034;164.2019;ControllerBody;1448ff49-a958-4320-80a8-7c589216becd;1;Exposure;2026-04-01 12:34:54.4969;Controllers;;OpenXR
Right;4;Exposure;0;NoMitigation;Translation;anonymous;Sample;859;0.0000;0.0032;-0.0024;0.0032;352.1591;2.7884;2.9333;0.0032;-0.0024;0.0032;0.9970;-0.0677;0.0260;0.0272;0;0.2429;-1.7599;-0.0473;0.0000;342.2868;0.0000;0.0000;0.0000;0.0000;0.0000;0.0000;0.0000;0;0.0000;0.0000;0.0000;0.0000;0.0000;0.0000;ControllerBody;0.5390;-0.7147;0.4458;0.2195;-0.2299;0.2261;0.2764;0.4364;-0.2944;0.8041;0.1195;-0.2299;0.2261;45.6169;50.4065;164.4503;0.1162;-0.2247;0.2257;45.4899;50.4032;164.2017;0;0.1162;-0.2247;0.2257;45.4899;50.4032;164.2017;ControllerBody;1448ff49-a958-4320-80a8-7c589216becd;1;Exposure;2026-04-01 12:34:54.5218;Controllers;;OpenXR
Right;4;Exposure;0;NoMitigation;Translation;anonymous;Sample;862;0.0000;0.0034;-0.0024;0.0035;352.1864;2.7103;2.9760;0.0034;-0.0024;0.0035;0.9970;-0.0675;0.0254;0.0275;0;0.2429;-1.7599;-0.0473;0.0000;342.2868;0.0000;0.0000;0.0000;0.0000;0.0000;0.0000;0.0000;0;0.0000;0.0000;0.0000;0.0000;0.0000;0.0000;ControllerBody;0.5390;-0.7146;0.4458;0.2195;-0.2299;0.2262;0.2764;0.4364;-0.2944;0.8041;0.1195;-0.2299;0.2262;45.6131;50.4064;164.4429;0.1162;-0.2247;0.2257;45.4899;50.4034;164.2021;0;0.1162;-0.2247;0.2257;45.4899;50.4034;164.2021;ControllerBody;1448ff49-a958-4320-80a8-7c589216becd;1;Exposure;2026-04-01 12:34:54.5466;Controllers;;OpenXR
Right;4;Exposure;0;NoMitigation;Translation;anonymous;Sample;865;0.0000;0.0036;-0.0023;0.0038;352.2049;2.6961;3.1237;0.0036;-0.0023;0.0038;0.9970;-0.0673;0.0253;0.0288;0;0.2429;-1.7599;-0.0473;0.0000;342.2868;0.0000;0.0000;0.0000;0.0000;0.0000;0.0000;0.0000;0;0.0000;0.0000;0.0000;0.0000;0.0000;0.0000;ControllerBody;0.5391;-0.7146;0.4458;0.2195;-0.2299;0.2263;0.2765;0.4364;-0.2943;0.8040;0.1195;-0.2299;0.2263;45.6095;50.4062;164.4357;0.1162;-0.2247;0.2257;45.4897;50.4029;164.2015;0;0.1162;-0.2247;0.2257;45.4897;50.4029;164.2015;ControllerBody;1448ff49-a958-4320-80a8-7c589216becd;1;Exposure;2026-04-01 12:34:54.5721;Controllers;;OpenXR
Right;4;Exposure;0;NoMitigation;Translation;anonymous;Sample;868;0.0000;0.0039;-0.0022;0.0040;352.2733;2.8174;3.1214;0.0039;-0.0022;0.0040;0.9970;-0.0667;0.0264;0.0288;0;0.2429;-1.7599;-0.0473;0.0000;342.2868;0.0000;0.0000;0.0000;0.0000;0.0000;0.0000;0.0000;0;0.0000;0.0000;0.0000;0.0000;0.0000;0.0000;ControllerBody;0.5391;-0.7145;0.4459;0.2196;-0.2299;0.2264;0.2765;0.4364;-0.2943;0.8040;0.1196;-0.2299;0.2264;45.6061;50.4061;164.4291;0.1162;-0.2247;0.2257;45.4900;50.4031;164.2014;0;0.1162;-0.2247;0.2257;45.4900;50.4031;164.2014;ControllerBody;1448ff49-a958-4320-80a8-7c589216becd;1;Exposure;2026-04-01 12:34:54.5970;Controllers;;OpenXR
Right;4;Exposure;0;NoMitigation;Translation;anonymous;Sample;871;0.0000;0.0040;-0.0021;0.0040;352.2944;2.9759;2.9123;0.0040;-0.0021;0.0040;0.9970;-0.0665;0.0276;0.0271;0;0.2429;-1.7599;-0.0473;0.0000;342.2868;0.0000;0.0000;0.0000;0.0000;0.0000;0.0000;0.0000;0;0.0000;0.0000;0.0000;0.0000;0.0000;0.0000;ControllerBody;0.5391;-0.7145;0.4459;0.2196;-0.2299;0.2264;0.2765;0.4364;-0.2942;0.8040;0.1196;-0.2299;0.2264;45.6030;50.4060;164.4229;0.1162;-0.2247;0.2257;45.4901;50.4034;164.2020;0;0.1162;-0.2247;0.2257;45.4901;50.4034;164.2020;ControllerBody;1448ff49-a958-4320-80a8-7c589216becd;1;Exposure;2026-04-01 12:34:54.6221;Controllers;;OpenXR
Right;4;Exposure;0;NoMitigation;Translation;anonymous;Sample;874;0.0000;0.0040;-0.0022;0.0039;352.2832;3.0059;2.7336;0.0040;-0.0022;0.0039;0.9971;-0.0666;0.0278;0.0256;0;0.2429;-1.7599;-0.0473;0.0000;342.2868;0.0000;0.0000;0.0000;0.0000;0.0000;0.0000;0.0000;0;0.0000;0.0000;0.0000;0.0000;0.0000;0.0000;ControllerBody;0.5391;-0.7145;0.4459;0.2196;-0.2299;0.2265;0.2766;0.4365;-0.2942;0.8040;0.1196;-0.2299;0.2265;45.5999;50.4060;164.4169;0.1162;-0.2247;0.2257;45.4900;50.4034;164.2020;0;0.1162;-0.2247;0.2257;45.4900;50.4034;164.2020;ControllerBody;1448ff49-a958-4320-80a8-7c589216becd;1;Exposure;2026-04-01 12:34:54.6470;Controllers;;OpenXR
Right;4;Exposure;0;NoMitigation;Translation;anonymous;Sample;877;0.0000;0.0041;-0.0021;0.0038;352.3341;2.8679;2.7419;0.0041;-0.0021;0.0038;0.9971;-0.0662;0.0266;0.0255;0;0.2429;-1.7599;-0.0473;0.0000;342.2868;0.0000;0.0000;0.0000;0.0000;0.0000;0.0000;0.0000;0;0.0000;0.0000;0.0000;0.0000;0.0000;0.0000;ControllerBody;0.5392;-0.7144;0.4459;0.2196;-0.2299;0.2265;0.2766;0.4365;-0.2941;0.8040;0.1196;-0.2299;0.2265;45.5971;50.4059;164.4114;0.1162;-0.2247;0.2257;45.4901;50.4039;164.2026;0;0.1162;-0.2247;0.2257;45.4901;50.4039;164.2026;ControllerBody;1448ff49-a958-4320-80a8-7c589216becd;1;Exposure;2026-04-01 12:34:54.6710;Controllers;;OpenXR
Right;4;Exposure;0;NoMitigation;Translation;anonymous;Sample;880;0.0000;0.0041;-0.0020;0.0037;352.2986;2.7149;2.6634;0.0041;-0.0020;0.0037;0.9972;-0.0666;0.0252;0.0248;0;0.2429;-1.7599;-0.0473;0.0000;342.2868;0.0000;0.0000;0.0000;0.0000;0.0000;0.0000;0.0000;0;0.0000;0.0000;0.0000;0.0000;0.0000;0.0000;ControllerBody;0.5392;-0.7144;0.4460;0.2196;-0.2300;0.2266;0.2766;0.4365;-0.2941;0.8040;0.1196;-0.2300;0.2266;45.5944;50.4058;164.4061;0.1162;-0.2247;0.2257;45.4900;50.4032;164.2017;0;0.1162;-0.2247;0.2257;45.4900;50.4032;164.2017;ControllerBody;1448ff49-a958-4320-80a8-7c589216becd;1;Exposure;2026-04-01 12:34:54.6970;Controllers;;OpenXR
Right;4;Exposure;0;NoMitigation;Translation;anonymous;Sample;883;0.0000;0.0039;-0.0020;0.0038;352.2869;2.5855;2.4408;0.0039;-0.0020;0.0038;0.9972;-0.0667;0.0239;0.0228;0;0.2429;-1.7599;-0.0473;0.0000;342.2868;0.0000;0.0000;0.0000;0.0000;0.0000;0.0000;0.0000;0;0.0000;0.0000;0.0000;0.0000;0.0000;0.0000;ControllerBody;0.5392;-0.7144;0.4460;0.2196;-0.2300;0.2267;0.2767;0.4365;-0.2941;0.8040;0.1196;-0.2300;0.2267;45.5919;50.4057;164.4012;0.1162;-0.2247;0.2257;45.4899;50.4032;164.2016;0;0.1162;-0.2247;0.2257;45.4899;50.4032;164.2016;ControllerBody;1448ff49-a958-4320-80a8-7c589216becd;1;Exposure;2026-04-01 12:34:54.7220;Controllers;;OpenXR
Right;4;Exposure;0;NoMitigation;Translation;anonymous;Sample;886;0.0000;0.0035;-0.0019;0.0041;352.3487;2.4559;2.3475;0.0035;-0.0019;0.0041;0.9973;-0.0663;0.0227;0.0219;0;0.2429;-1.7599;-0.0473;0.0000;342.2868;0.0000;0.0000;0.0000;0.0000;0.0000;0.0000;0.0000;0;0.0000;0.0000;0.0000;0.0000;0.0000;0.0000;ControllerBody;0.5392;-0.7144;0.4460;0.2196;-0.2300;0.2267;0.2767;0.4365;-0.2940;0.8040;0.1196;-0.2300;0.2267;45.5909;50.4080;164.3980;0.1162;-0.2247;0.2257;45.4900;50.4034;164.2018;0;0.1162;-0.2247;0.2257;45.4900;50.4034;164.2018;ControllerBody;1448ff49-a958-4320-80a8-7c589216becd;1;Exposure;2026-04-01 12:34:54.7481;Controllers;;OpenXR
Right;4;Exposure;0;NoMitigation;Translation;anonymous;Sample;889;0.0000;0.0029;-0.0014;0.0047;352.4601;2.3855;2.4948;0.0029;-0.0014;0.0047;0.9974;-0.0653;0.0222;0.0231;0;0.2429;-1.7599;-0.0473;0.0000;342.2868;0.0000;0.0000;0.0000;0.0000;0.0000;0.0000;0.0000;0;0.0000;0.0000;0.0000;0.0000;0.0000;0.0000;ControllerBody;0.5393;-0.7143;0.4460;0.2197;-0.2300;0.2268;0.2767;0.4365;-0.2940;0.8040;0.1197;-0.2300;0.2268;45.5886;50.4079;164.3935;0.1162;-0.2247;0.2257;45.4900;50.4031;164.2018;0;0.1162;-0.2247;0.2257;45.4900;50.4031;164.2018;ControllerBody;1448ff49-a958-4320-80a8-7c589216becd;1;Exposure;2026-04-01 12:34:54.7724;Controllers;;OpenXR
Right;4;Exposure;0;NoMitigation;Translation;anonymous;Sample;892;0.0000;0.0025;-0.0012;0.0051;352.5224;2.3864;2.6747;0.0025;-0.0012;0.0051;0.9974;-0.0647;0.0223;0.0246;0;0.2429;-1.7599;-0.0473;0.0000;342.2868;0.0000;0.0000;0.0000;0.0000;0.0000;0.0000;0.0000;0;0.0000;0.0000;0.0000;0.0000;0.0000;0.0000;ControllerBody;0.5393;-0.7143;0.4460;0.2197;-0.2300;0.2268;0.2767;0.4366;-0.2940;0.8040;0.1197;-0.2300;0.2268;45.5863;50.4077;164.3891;0.1162;-0.2247;0.2257;45.4900;50.4031;164.2014;0;0.1162;-0.2247;0.2257;45.4900;50.4031;164.2014;ControllerBody;1448ff49-a958-4320-80a8-7c589216becd;1;Exposure;2026-04-01 12:34:54.7964;Controllers;;OpenXR
Right;4;Exposure;0;NoMitigation;Translation;anonymous;Sample;895;0.0000;0.0020;-0.0011;0.0053;352.4929;2.4752;2.7701;0.0020;-0.0011;0.0053;0.9973;-0.0649;0.0231;0.0255;0;0.2429;-1.7599;-0.0473;0.0000;342.2868;0.0000;0.0000;0.0000;0.0000;0.0000;0.0000;0.0000;0;0.0000;0.0000;0.0000;0.0000;0.0000;0.0000;ControllerBody;0.5393;-0.7143;0.4460;0.2197;-0.2300;0.2268;0.2768;0.4366;-0.2939;0.8040;0.1197;-0.2300;0.2268;45.5842;50.4076;164.3850;0.1162;-0.2247;0.2257;45.4898;50.4037;164.2022;0;0.1162;-0.2247;0.2257;45.4898;50.4037;164.2022;ControllerBody;1448ff49-a958-4320-80a8-7c589216becd;1;Exposure;2026-04-01 12:34:54.8217;Controllers;;OpenXR
Right;4;Exposure;0;NoMitigation;Translation;anonymous;Sample;898;0.0000;0.0018;-0.0008;0.0055;352.4234;2.5873;2.8166;0.0018;-0.0008;0.0055;0.9972;-0.0655;0.0241;0.0260;0;0.2429;-1.7599;-0.0473;0.0000;342.2868;0.0000;0.0000;0.0000;0.0000;0.0000;0.0000;0.0000;0;0.0000;0.0000;0.0000;0.0000;0.0000;0.0000;ControllerBody;0.5393;-0.7143;0.4461;0.2197;-0.2300;0.2269;0.2768;0.4366;-0.2939;0.8040;0.1197;-0.2300;0.2269;45.5821;50.4076;164.3810;0.1162;-0.2247;0.2257;45.4910;50.4060;164.2058;0;0.1162;-0.2247;0.2257;45.4910;50.4060;164.2058;ControllerBody;1448ff49-a958-4320-80a8-7c589216becd;1;Exposure;2026-04-01 12:34:54.8476;Controllers;;OpenXR
Right;4;Exposure;0;NoMitigation;Translation;anonymous;Sample;901;0.0000;0.0015;-0.0007;0.0057;352.4098;2.7135;2.9108;0.0015;-0.0007;0.0057;0.9972;-0.0655;0.0253;0.0269;0;0.2429;-1.7599;-0.0473;0.0000;342.2868;0.0000;0.0000;0.0000;0.0000;0.0000;0.0000;0.0000;0;0.0000;0.0000;0.0000;0.0000;0.0000;0.0000;ControllerBody;0.5393;-0.7142;0.4461;0.2197;-0.2300;0.2269;0.2768;0.4366;-0.2939;0.8040;0.1197;-0.2300;0.2269;45.5802;50.4075;164.3772;0.1162;-0.2247;0.2257;45.4901;50.4017;164.2002;0;0.1162;-0.2247;0.2257;45.4901;50.4017;164.2002;ControllerBody;1448ff49-a958-4320-80a8-7c589216becd;1;Exposure;2026-04-01 12:34:54.8709;Controllers;;OpenXR
Right;4;Exposure;0;NoMitigation;Translation;anonymous;Sample;904;0.0000;0.0016;-0.0007;0.0059;352.4501;2.8521;2.9204;0.0016;-0.0007;0.0059;0.9972;-0.0652;0.0265;0.0271;0;0.2429;-1.7599;-0.0473;0.0000;342.2868;0.0000;0.0000;0.0000;0.0000;0.0000;0.0000;0.0000;0;0.0000;0.0000;0.0000;0.0000;0.0000;0.0000;ControllerBody;0.5394;-0.7142;0.4461;0.2197;-0.2300;0.2270;0.2768;0.4366;-0.2939;0.8040;0.1197;-0.2300;0.2270;45.5795;50.4093;164.3749;0.1162;-0.2247;0.2257;45.4898;50.4028;164.2011;0;0.1162;-0.2247;0.2257;45.4898;50.4028;164.2011;ControllerBody;1448ff49-a958-4320-80a8-7c589216becd;1;Exposure;2026-04-01 12:34:54.8972;Controllers;;OpenXR
Right;4;Exposure;0;NoMitigation;Translation;anonymous;Sample;907;0.0000;0.0017;-0.0008;0.0059;352.5320;2.9468;2.9023;0.0017;-0.0008;0.0059;0.9972;-0.0644;0.0273;0.0269;0;0.2429;-1.7599;-0.0473;0.0000;342.2868;0.0000;0.0000;0.0000;0.0000;0.0000;0.0000;0.0000;0;0.0000;0.0000;0.0000;0.0000;0.0000;0.0000;ControllerBody;0.5394;-0.7142;0.4461;0.2197;-0.2300;0.2270;0.2768;0.4366;-0.2938;0.8040;0.1197;-0.2300;0.2270;45.5777;50.4092;164.3713;0.1162;-0.2247;0.2257;45.4900;50.4031;164.2014;0;0.1162;-0.2247;0.2257;45.4900;50.4031;164.2014;ControllerBody;1448ff49-a958-4320-80a8-7c589216becd;1;Exposure;2026-04-01 12:34:54.9222;Controllers;;OpenXR
Right;4;Exposure;0;NoMitigation;Translation;anonymous;Sample;910;0.0000;0.0019;-0.0010;0.0058;352.5773;2.9995;2.9686;0.0019;-0.0010;0.0058;0.9972;-0.0640;0.0278;0.0275;0;0.2429;-1.7599;-0.0473;0.0000;342.2868;0.0000;0.0000;0.0000;0.0000;0.0000;0.0000;0.0000;0;0.0000;0.0000;0.0000;0.0000;0.0000;0.0000;ControllerBody;0.5394;-0.7142;0.4461;0.2197;-0.2300;0.2271;0.2769;0.4366;-0.2938;0.8040;0.1197;-0.2300;0.2271;45.5759;50.4090;164.3678;0.1162;-0.2247;0.2257;45.4900;50.4028;164.2010;0;0.1162;-0.2247;0.2257;45.4900;50.4028;164.2010;ControllerBody;1448ff49-a958-4320-80a8-7c589216becd;1;Exposure;2026-04-01 12:34:54.9470;Controllers;;OpenXR
Right;4;Exposure;0;NoMitigation;Translation;anonymous;Sample;913;0.0000;0.0022;-0.0012;0.0055;352.5334;3.0430;3.0624;0.0022;-0.0012;0.0055;0.9971;-0.0644;0.0282;0.0284;0;0.2429;-1.7599;-0.0473;0.0000;342.2868;0.0000;0.0000;0.0000;0.0000;0.0000;0.0000;0.0000;0;0.0000;0.0000;0.0000;0.0000;0.0000;0.0000;ControllerBody;0.5394;-0.7142;0.4461;0.2197;-0.2300;0.2271;0.2769;0.4366;-0.2938;0.8040;0.1197;-0.2300;0.2271;45.5752;50.4105;164.3656;0.1162;-0.2247;0.2257;45.4893;50.4007;164.1983;0;0.1162;-0.2247;0.2257;45.4893;50.4007;164.1983;ControllerBody;1448ff49-a958-4320-80a8-7c589216becd;1;Exposure;2026-04-01 12:34:54.9720;Controllers;;OpenXR
Right;4;Exposure;0;NoMitigation;Translation;anonymous;Sample;916;0.0000;0.0025;-0.0014;0.0051;352.4401;3.1318;3.1035;0.0025;-0.0014;0.0051;0.9970;-0.0651;0.0290;0.0288;0;0.2429;-1.7599;-0.0473;0.0000;342.2868;0.0000;0.0000;0.0000;0.0000;0.0000;0.0000;0.0000;0;0.0000;0.0000;0.0000;0.0000;0.0000;0.0000;ControllerBody;0.5394;-0.7142;0.4461;0.2197;-0.2300;0.2271;0.2769;0.4367;-0.2938;0.8040;0.1197;-0.2300;0.2271;45.5746;50.4120;164.3636;0.1162;-0.2247;0.2257;45.4900;50.4032;164.2017;0;0.1162;-0.2247;0.2257;45.4900;50.4032;164.2017;ControllerBody;1448ff49-a958-4320-80a8-7c589216becd;1;Exposure;2026-04-01 12:34:54.9974;Controllers;;OpenXR
Right;4;Exposure;0;NoMitigation;Translation;anonymous;Sample;919;0.0000;0.0027;-0.0016;0.0042;352.3364;3.1152;3.0644;0.0027;-0.0016;0.0042;0.9970;-0.0661;0.0289;0.0285;0;0.2429;-1.7599;-0.0473;0.0000;342.2868;0.0000;0.0000;0.0000;0.0000;0.0000;0.0000;0.0000;0;0.0000;0.0000;0.0000;0.0000;0.0000;0.0000;ControllerBody;0.5394;-0.7142;0.4461;0.2198;-0.2300;0.2272;0.2769;0.4367;-0.2938;0.8040;0.1198;-0.2300;0.2272;45.5736;50.4119;164.3616;0.1162;-0.2247;0.2257;45.4915;50.4090;164.2087;0;0.1162;-0.2247;0.2257;45.4915;50.4090;164.2087;ControllerBody;1448ff49-a958-4320-80a8-7c589216becd;1;Exposure;2026-04-01 12:34:55.0216;Controllers;;OpenXR
Right;4;Exposure;0;NoMitigation;Translation;anonymous;Sample;922;0.0000;0.0030;-0.0018;0.0036;352.1564;2.9966;3.0003;0.0030;-0.0018;0.0036;0.9969;-0.0677;0.0279;0.0279;0;0.2429;-1.7599;-0.0473;0.0000;342.2868;0.0000;0.0000;0.0000;0.0000;0.0000;0.0000;0.0000;0;0.0000;0.0000;0.0000;0.0000;0.0000;0.0000;ControllerBody;0.5394;-0.7141;0.4461;0.2198;-0.2300;0.2272;0.2769;0.4367;-0.2937;0.8040;0.1198;-0.2300;0.2272;45.5731;50.4117;164.3604;0.1162;-0.2249;0.2258;45.5048;50.3828;164.1888;0;0.1162;-0.2249;0.2258;45.5048;50.3828;164.1888;ControllerBody;1448ff49-a958-4320-80a8-7c589216becd;1;Exposure;2026-04-01 12:34:55.0466;Controllers;;OpenXR
Right;4;Exposure;0;NoMitigation;Translation;anonymous;Sample;925;0.0000;0.0032;-0.0016;0.0030;352.0525;2.8155;2.9335;0.0032;-0.0016;0.0030;0.9969;-0.0686;0.0263;0.0272;0;0.2429;-1.7599;-0.0473;0.0000;342.2868;0.0000;0.0000;0.0000;0.0000;0.0000;0.0000;0.0000;0;0.0000;0.0000;0.0000;0.0000;0.0000;0.0000;ControllerBody;0.5395;-0.7141;0.4461;0.2198;-0.2300;0.2272;0.2769;0.4367;-0.2937;0.8040;0.1198;-0.2300;0.2272;45.5727;50.4125;164.3581;0.1162;-0.2249;0.2257;45.5034;50.3700;164.1728;0;0.1162;-0.2249;0.2257;45.5034;50.3700;164.1728;ControllerBody;1448ff49-a958-4320-80a8-7c589216becd;1;Exposure;2026-04-01 12:34:55.0718;Controllers;;OpenXR
Right;4;Exposure;0;NoMitigation;Translation;anonymous;Sample;928;0.0000;0.0031;-0.0016;0.0025;351.9688;2.6445;2.8714;0.0031;-0.0016;0.0025;0.9969;-0.0694;0.0248;0.0266;0;0.2429;-1.7599;-0.0473;0.0000;342.2868;0.0000;0.0000;0.0000;0.0000;0.0000;0.0000;0.0000;0;0.0000;0.0000;0.0000;0.0000;0.0000;0.0000;ControllerBody;0.5395;-0.7141;0.4461;0.2198;-0.2300;0.2273;0.2769;0.4367;-0.2937;0.8040;0.1198;-0.2300;0.2273;45.5731;50.4138;164.3581;0.1162;-0.2250;0.2256;45.5047;50.3798;164.1888;0;0.1162;-0.2250;0.2256;45.5047;50.3798;164.1888;ControllerBody;1448ff49-a958-4320-80a8-7c589216becd;1;Exposure;2026-04-01 12:34:55.0978;Controllers;;OpenXR
Right;4;Exposure;0;NoMitigation;Translation;anonymous;Sample;931;0.0000;0.0031;-0.0016;0.0021;351.7919;2.5455;2.8313;0.0031;-0.0016;0.0021;0.9968;-0.0710;0.0239;0.0262;0;0.2429;-1.7599;-0.0473;0.0000;342.2868;0.0000;0.0000;0.0000;0.0000;0.0000;0.0000;0.0000;0;0.0000;0.0000;0.0000;0.0000;0.0000;0.0000;ControllerBody;0.5395;-0.7141;0.4461;0.2198;-0.2300;0.2273;0.2769;0.4367;-0.2937;0.8040;0.1198;-0.2300;0.2273;45.5723;50.4133;164.3559;0.1162;-0.2251;0.2256;45.5022;50.3714;164.1795;0;0.1162;-0.2251;0.2256;45.5022;50.3714;164.1795;ControllerBody;1448ff49-a958-4320-80a8-7c589216becd;1;Exposure;2026-04-01 12:34:55.1228;Controllers;;OpenXR
Right;4;Exposure;0;NoMitigation;Translation;anonymous;Sample;934;0.0000;0.0027;-0.0015;0.0021;351.7669;2.5464;2.9139;0.0027;-0.0015;0.0021;0.9968;-0.0712;0.0240;0.0269;0;0.2429;-1.7599;-0.0473;0.0000;342.2868;0.0000;0.0000;0.0000;0.0000;0.0000;0.0000;0.0000;0;0.0000;0.0000;0.0000;0.0000;0.0000;0.0000;ControllerBody;0.5395;-0.7141;0.4461;0.2198;-0.2300;0.2273;0.2769;0.4367;-0.2937;0.8040;0.1198;-0.2300;0.2273;45.5724;50.4143;164.3557;0.1162;-0.2252;0.2256;45.5002;50.3653;164.1713;0;0.1162;-0.2252;0.2256;45.5002;50.3653;164.1713;ControllerBody;1448ff49-a958-4320-80a8-7c589216becd;1;Exposure;2026-04-01 12:34:55.1467;Controllers;;OpenXR
Right;4;Exposure;0;NoMitigation;Translation;anonymous;Sample;937;0.0000;0.0024;-0.0013;0.0022;351.8320;2.6796;3.1153;0.0024;-0.0013;0.0022;0.9968;-0.0705;0.0252;0.0288;0;0.2429;-1.7599;-0.0473;0.0000;342.2868;0.0000;0.0000;0.0000;0.0000;0.0000;0.0000;0.0000;0;0.0000;0.0000;0.0000;0.0000;0.0000;0.0000;ControllerBody;0.5395;-0.7141;0.4461;0.2198;-0.2300;0.2273;0.2770;0.4367;-0.2937;0.8040;0.1198;-0.2300;0.2273;45.5710;50.4133;164.3522;0.1162;-0.2253;0.2256;45.4986;50.3574;164.1618;0;0.1162;-0.2253;0.2256;45.4986;50.3574;164.1618;ControllerBody;1448ff49-a958-4320-80a8-7c589216becd;1;Exposure;2026-04-01 12:34:55.1715;Controllers;;OpenXR
Right;4;Exposure;0;NoMitigation;Translation;anonymous;Sample;940;0.0000;0.0020;-0.0013;0.0025;351.8348;2.9223;3.2092;0.0020;-0.0013;0.0025;0.9967;-0.0704;0.0274;0.0297;0;0.2429;-1.7599;-0.0473;0.0000;342.2868;0.0000;0.0000;0.0000;0.0000;0.0000;0.0000;0.0000;0;0.0000;0.0000;0.0000;0.0000;0.0000;0.0000;ControllerBody;0.5395;-0.7141;0.4461;0.2198;-0.2300;0.2274;0.2770;0.4367;-0.2937;0.8039;0.1198;-0.2300;0.2274;45.5701;50.4133;164.3492;0.1162;-0.2254;0.2256;45.4985;50.3447;164.1442;0;0.1162;-0.2254;0.2256;45.4985;50.3447;164.1442;ControllerBody;1448ff49-a958-4320-80a8-7c589216becd;1;Exposure;2026-04-01 12:34:55.1969;Controllers;;OpenXR
Right;4;Exposure;0;NoMitigation;Translation;anonymous;Sample;943;0.0000;0.0017;-0.0014;0.0027;351.9086;3.1693;3.1308;0.0017;-0.0014;0.0027;0.9967;-0.0697;0.0295;0.0292;0;0.2429;-1.7599;-0.0473;0.0000;342.2868;0.0000;0.0000;0.0000;0.0000;0.0000;0.0000;0.0000;0;0.0000;0.0000;0.0000;0.0000;0.0000;0.0000;ControllerBody;0.5395;-0.7141;0.4461;0.2198;-0.2300;0.2274;0.2770;0.4367;-0.2937;0.8039;0.1198;-0.2300;0.2274;45.5696;50.4129;164.3480;0.1162;-0.2255;0.2257;45.4994;50.3562;164.1623;0;0.1162;-0.2255;0.2257;45.4994;50.3562;164.1623;ControllerBody;1448ff49-a958-4320-80a8-7c589216becd;1;Exposure;2026-04-01 12:34:55.2219;Controllers;;OpenXR
Right;4;Exposure;0;NoMitigation;Translation;anonymous;Sample;946;0.0000;0.0014;-0.0015;0.0028;352.0012;3.2908;3.1550;0.0014;-0.0015;0.0028;0.9967;-0.0689;0.0306;0.0295;0;0.2429;-1.7599;-0.0473;0.0000;342.2868;0.0000;0.0000;0.0000;0.0000;0.0000;0.0000;0.0000;0;0.0000;0.0000;0.0000;0.0000;0.0000;0.0000;ControllerBody;0.5395;-0.7141;0.4461;0.2198;-0.2301;0.2274;0.2770;0.4367;-0.2937;0.8039;0.1198;-0.2301;0.2274;45.5692;50.4126;164.3468;0.1162;-0.2255;0.2257;45.4998;50.3623;164.1706;0;0.1162;-0.2255;0.2257;45.4998;50.3623;164.1706;ControllerBody;1448ff49-a958-4320-80a8-7c589216becd;1;Exposure;2026-04-01 12:34:55.2473;Controllers;;OpenXR
Right;4;Exposure;0;NoMitigation;Translation;anonymous;Sample;949;0.0000;0.0014;-0.0017;0.0027;352.0721;3.3475;3.1678;0.0014;-0.0017;0.0027;0.9967;-0.0683;0.0310;0.0296;0;0.2429;-1.7599;-0.0473;0.0000;342.2868;0.0000;0.0000;0.0000;0.0000;0.0000;0.0000;0.0000;0;0.0000;0.0000;0.0000;0.0000;0.0000;0.0000;ControllerBody;0.5395;-0.7141;0.4461;0.2198;-0.2301;0.2274;0.2770;0.4367;-0.2937;0.8039;0.1198;-0.2301;0.2274;45.5692;50.4126;164.3468;0.1162;-0.2255;0.2257;45.4990;50.3548;164.1599;0;0.1162;-0.2255;0.2257;45.4990;50.3548;164.1599;ControllerBody;1448ff49-a958-4320-80a8-7c589216becd;1;Exposure;2026-04-01 12:34:55.2718;Controllers;;OpenXR
Right;4;Exposure;0;NoMitigation;Translation;anonymous;Sample;952;0.0000;0.0012;-0.0020;0.0025;352.1392;3.3760;2.9977;0.0012;-0.0020;0.0025;0.9968;-0.0677;0.0312;0.0281;0;0.2429;-1.7599;-0.0473;0.0000;342.2868;0.0000;0.0000;0.0000;0.0000;0.0000;0.0000;0.0000;0;0.0000;0.0000;0.0000;0.0000;0.0000;0.0000;ControllerBody;0.5395;-0.7141;0.4461;0.2198;-0.2301;0.2275;0.2770;0.4367;-0.2937;0.8039;0.1198;-0.2301;0.2275;45.5688;50.4122;164.3457;0.1162;-0.2255;0.2257;45.4989;50.3563;164.1620;0;0.1162;-0.2255;0.2257;45.4989;50.3563;164.1620;ControllerBody;1448ff49-a958-4320-80a8-7c589216becd;1;Exposure;2026-04-01 12:34:55.2972;Controllers;;OpenXR
Right;4;Exposure;0;NoMitigation;Translation;anonymous;Sample;955;0.0000;0.0010;-0.0024;0.0022;352.0505;3.2841;2.8709;0.0010;-0.0024;0.0022;0.9968;-0.0686;0.0303;0.0270;0;0.2429;-1.7599;-0.0473;0.0000;342.2868;0.0000;0.0000;0.0000;0.0000;0.0000;0.0000;0.0000;0;0.0000;0.0000;0.0000;0.0000;0.0000;0.0000;ControllerBody;0.5395;-0.7141;0.4461;0.2198;-0.2301;0.2275;0.2770;0.4367;-0.2936;0.8039;0.1198;-0.2301;0.2275;45.5683;50.4119;164.3445;0.1162;-0.2255;0.2257;45.4990;50.3553;164.1604;0;0.1162;-0.2255;0.2257;45.4990;50.3553;164.1604;ControllerBody;1448ff49-a958-4320-80a8-7c589216becd;1;Exposure;2026-04-01 12:34:55.3217;Controllers;;OpenXR
Right;4;Exposure;0;NoMitigation;Translation;anonymous;Sample;958;0.0000;0.0009;-0.0027;0.0020;351.9705;3.1489;2.9701;0.0009;-0.0027;0.0020;0.9968;-0.0693;0.0292;0.0278;0;0.2429;-1.7599;-0.0473;0.0000;342.2868;0.0000;0.0000;0.0000;0.0000;0.0000;0.0000;0.0000;0;0.0000;0.0000;0.0000;0.0000;0.0000;0.0000;ControllerBody;0.5395;-0.7141;0.4461;0.2199;-0.2301;0.2275;0.2770;0.4367;-0.2936;0.8039;0.1199;-0.2301;0.2275;45.5683;50.4119;164.3445;0.1162;-0.2255;0.2257;45.4990;50.3557;164.1611;0;0.1162;-0.2255;0.2257;45.4990;50.3557;164.1611;ControllerBody;1448ff49-a958-4320-80a8-7c589216becd;1;Exposure;2026-04-01 12:34:55.3471;Controllers;;OpenXR
Right;4;Exposure;0;NoMitigation;Translation;anonymous;Sample;961;0.0000;0.0008;-0.0028;0.0017;351.9877;3.0060;3.1121;0.0008;-0.0028;0.0017;0.9968;-0.0691;0.0281;0.0289;0;0.2429;-1.7599;-0.0473;0.0000;342.2868;0.0000;0.0000;0.0000;0.0000;0.0000;0.0000;0.0000;0;0.0000;0.0000;0.0000;0.0000;0.0000;0.0000;ControllerBody;0.5395;-0.7141;0.4461;0.2199;-0.2301;0.2275;0.2770;0.4367;-0.2936;0.8039;0.1199;-0.2301;0.2275;45.5683;50.4119;164.3445;0.1162;-0.2255;0.2257;45.4991;50.3559;164.1615;0;0.1162;-0.2255;0.2257;45.4991;50.3559;164.1615;ControllerBody;1448ff49-a958-4320-80a8-7c589216becd;1;Exposure;2026-04-01 12:34:55.3717;Controllers;;OpenXR
Right;4;Exposure;0;NoMitigation;Translation;anonymous;Sample;964;0.0000;0.0008;-0.0027;0.0015;351.9274;2.9765;3.2685;0.0008;-0.0027;0.0015;0.9967;-0.0696;0.0279;0.0303;0;0.2429;-1.7599;-0.0473;0.0000;342.2868;0.0000;0.0000;0.0000;0.0000;0.0000;0.0000;0.0000;0;0.0000;0.0000;0.0000;0.0000;0.0000;0.0000;ControllerBody;0.5395;-0.7141;0.4461;0.2199;-0.2301;0.2276;0.2770;0.4367;-0.2936;0.8039;0.1199;-0.2301;0.2276;45.5683;50.4119;164.3445;0.1162;-0.2255;0.2257;45.4995;50.3562;164.1616;0;0.1162;-0.2255;0.2257;45.4995;50.3562;164.1616;ControllerBody;1448ff49-a958-4320-80a8-7c589216becd;1;Exposure;2026-04-01 12:34:55.3962;Controllers;;OpenXR
Right;4;Exposure;0;NoMitigation;Translation;anonymous;Sample;966;0.0000;0.0009;-0.0027;0.0014;351.8504;3.0642;3.2168;0.0009;-0.0027;0.0014;0.9967;-0.0703;0.0287;0.0299;0;0.2429;-1.7599;-0.0473;0.0000;342.2868;0.0000;0.0000;0.0000;0.0000;0.0000;0.0000;0.0000;0;0.0000;0.0000;0.0000;0.0000;0.0000;0.0000;ControllerBody;0.5395;-0.7141;0.4461;0.2199;-0.2301;0.2276;0.2770;0.4367;-0.2936;0.8039;0.1199;-0.2301;0.2276;45.5683;50.4119;164.3445;0.1162;-0.2255;0.2257;45.4992;50.3560;164.1617;0;0.1162;-0.2255;0.2257;45.4992;50.3560;164.1617;ControllerBody;1448ff49-a958-4320-80a8-7c589216becd;1;Exposure;2026-04-01 12:34:55.4295;Controllers;;OpenXR
Right;4;Exposure;0;NoMitigation;Translation;anonymous;Sample;968;0.0000;0.0010;-0.0025;0.0009;351.7574;3.1037;3.0914;0.0010;-0.0025;0.0009;0.9966;-0.0711;0.0289;0.0288;0;0.2429;-1.7599;-0.0473;0.0000;342.2868;0.0000;0.0000;0.0000;0.0000;0.0000;0.0000;0.0000;0;0.0000;0.0000;0.0000;0.0000;0.0000;0.0000;ControllerBody;0.5395;-0.7141;0.4461;0.2199;-0.2302;0.2276;0.2770;0.4367;-0.2936;0.8039;0.1199;-0.2302;0.2276;45.5683;50.4119;164.3445;0.1162;-0.2255;0.2257;45.4992;50.3560;164.1618;0;0.1162;-0.2255;0.2257;45.4992;50.3560;164.1618;ControllerBody;1448ff49-a958-4320-80a8-7c589216becd;1;Exposure;2026-04-01 12:34:55.4572;Controllers;;OpenXR
Right;4;Exposure;0;NoMitigation;Translation;anonymous;Sample;971;0.0000;0.0012;-0.0022;0.0005;351.6764;3.0520;2.9432;0.0012;-0.0022;0.0005;0.9966;-0.0718;0.0284;0.0275;0;0.2429;-1.7599;-0.0473;0.0000;342.2868;0.0000;0.0000;0.0000;0.0000;0.0000;0.0000;0.0000;0;0.0000;0.0000;0.0000;0.0000;0.0000;0.0000;ControllerBody;0.5395;-0.7141;0.4461;0.2199;-0.2302;0.2276;0.2770;0.4367;-0.2936;0.8039;0.1199;-0.2302;0.2276;45.5683;50.4119;164.3445;0.1162;-0.2255;0.2257;45.4991;50.3560;164.1616;0;0.1162;-0.2255;0.2257;45.4991;50.3560;164.1616;ControllerBody;1448ff49-a958-4320-80a8-7c589216becd;1;Exposure;2026-04-01 12:34:55.4852;Controllers;;OpenXR
Right;4;Exposure;0;NoMitigation;Translation;anonymous;Sample;974;0.0000;0.0014;-0.0019;0.0002;351.5618;2.9701;2.8194;0.0014;-0.0019;0.0002;0.9966;-0.0729;0.0276;0.0264;0;0.2429;-1.7599;-0.0473;0.0000;342.2868;0.0000;0.0000;0.0000;0.0000;0.0000;0.0000;0.0000;0;0.0000;0.0000;0.0000;0.0000;0.0000;0.0000;ControllerBody;0.5395;-0.7141;0.4461;0.2199;-0.2302;0.2276;0.2770;0.4367;-0.2936;0.8039;0.1199;-0.2302;0.2276;45.5685;50.4124;164.3449;0.1162;-0.2255;0.2257;45.4991;50.3560;164.1616;0;0.1162;-0.2255;0.2257;45.4991;50.3560;164.1616;ControllerBody;1448ff49-a958-4320-80a8-7c589216becd;1;Exposure;2026-04-01 12:34:55.5067;Controllers;;OpenXR
Right;4;Exposure;0;NoMitigation;Translation;anonymous;Sample;977;0.0000;0.0016;-0.0016;-0.0001;351.4956;2.8714;2.7636;0.0016;-0.0016;-0.0001;0.9966;-0.0735;0.0268;0.0259;0;0.2429;-1.7599;-0.0473;0.0000;342.2868;0.0000;0.0000;0.0000;0.0000;0.0000;0.0000;0.0000;0;0.0000;0.0000;0.0000;0.0000;0.0000;0.0000;ControllerBody;0.5395;-0.7141;0.4461;0.2199;-0.2302;0.2277;0.2770;0.4367;-0.2936;0.8039;0.1199;-0.2302;0.2277;45.5680;50.4120;164.3435;0.1162;-0.2255;0.2257;45.4988;50.3560;164.1613;0;0.1162;-0.2255;0.2257;45.4988;50.3560;164.1613;ControllerBody;1448ff49-a958-4320-80a8-7c589216becd;1;Exposure;2026-04-01 12:34:55.5332;Controllers;;OpenXR
Right;4;Exposure;0;NoMitigation;Translation;anonymous;Sample;979;0.0000;0.0018;-0.0013;-0.0002;351.4676;2.8162;2.7772;0.0018;-0.0013;-0.0002;0.9966;-0.0738;0.0263;0.0260;0;0.2429;-1.7599;-0.0473;0.0000;342.2868;0.0000;0.0000;0.0000;0.0000;0.0000;0.0000;0.0000;0;0.0000;0.0000;0.0000;0.0000;0.0000;0.0000;ControllerBody;0.5395;-0.7141;0.4461;0.2199;-0.2302;0.2277;0.2770;0.4367;-0.2936;0.8039;0.1199;-0.2302;0.2277;45.5680;50.4120;164.3435;0.1162;-0.2255;0.2257;45.4991;50.3560;164.1616;0;0.1162;-0.2255;0.2257;45.4991;50.3560;164.1616;ControllerBody;1448ff49-a958-4320-80a8-7c589216becd;1;Exposure;2026-04-01 12:34:55.5642;Controllers;;OpenXR
Right;4;Exposure;0;NoMitigation;Translation;anonymous;Sample;982;0.0000;0.0021;-0.0010;-0.0004;351.3318;2.7550;2.7650;0.0021;-0.0010;-0.0004;0.9965;-0.0749;0.0258;0.0259;0;0.2429;-1.7599;-0.0473;0.0000;342.2868;0.0000;0.0000;0.0000;0.0000;0.0000;0.0000;0.0000;0;0.0000;0.0000;0.0000;0.0000;0.0000;0.0000;ControllerBody;0.5395;-0.7141;0.4461;0.2199;-0.2302;0.2277;0.2770;0.4367;-0.2936;0.8039;0.1199;-0.2302;0.2277;45.5680;50.4120;164.3435;0.1162;-0.2255;0.2257;45.4991;50.3560;164.1616;0;0.1162;-0.2255;0.2257;45.4991;50.3560;164.1616;ControllerBody;1448ff49-a958-4320-80a8-7c589216becd;1;Exposure;2026-04-01 12:34:55.5893;Controllers;;OpenXR
Right;4;Exposure;0;NoMitigation;Translation;anonymous;Sample;985;0.0000;0.0023;-0.0011;-0.0004;351.2934;2.7470;2.7052;0.0023;-0.0011;-0.0004;0.9965;-0.0753;0.0257;0.0253;0;0.2429;-1.7599;-0.0473;0.0000;342.2868;0.0000;0.0000;0.0000;0.0000;0.0000;0.0000;0.0000;0;0.0000;0.0000;0.0000;0.0000;0.0000;0.0000;ControllerBody;0.5395;-0.7141;0.4461;0.2199;-0.2302;0.2277;0.2770;0.4367;-0.2936;0.8039;0.1199;-0.2302;0.2277;45.5675;50.4117;164.3424;0.1162;-0.2255;0.2257;45.4991;50.3560;164.1616;0;0.1162;-0.2255;0.2257;45.4991;50.3560;164.1616;ControllerBody;1448ff49-a958-4320-80a8-7c589216becd;1;Exposure;2026-04-01 12:34:55.6174;Controllers;;OpenXR
Right;4;Exposure;0;NoMitigation;Translation;anonymous;Sample;987;0.0000;0.0025;-0.0010;-0.0003;351.3033;2.7119;2.7027;0.0025;-0.0010;-0.0003;0.9965;-0.0752;0.0254;0.0253;0;0.2429;-1.7599;-0.0473;0.0000;342.2868;0.0000;0.0000;0.0000;0.0000;0.0000;0.0000;0.0000;0;0.0000;0.0000;0.0000;0.0000;0.0000;0.0000;ControllerBody;0.5395;-0.7141;0.4461;0.2199;-0.2302;0.2277;0.2770;0.4367;-0.2936;0.8039;0.1199;-0.2302;0.2277;45.5676;50.4117;164.3424;0.1162;-0.2255;0.2257;45.4993;50.3562;164.1618;0;0.1162;-0.2255;0.2257;45.4993;50.3562;164.1618;ControllerBody;1448ff49-a958-4320-80a8-7c589216becd;1;Exposure;2026-04-01 12:34:55.6434;Controllers;;OpenXR
Right;4;Exposure;0;NoMitigation;Translation;anonymous;Sample;990;0.0000;0.0027;-0.0011;-0.0001;351.3905;2.6874;2.7324;0.0027;-0.0011;-0.0001;0.9966;-0.0745;0.0252;0.0255;0;0.2429;-1.7599;-0.0473;0.0000;342.2868;0.0000;0.0000;0.0000;0.0000;0.0000;0.0000;0.0000;0;0.0000;0.0000;0.0000;0.0000;0.0000;0.0000;ControllerBody;0.5395;-0.7141;0.4461;0.2199;-0.2302;0.2278;0.2770;0.4367;-0.2936;0.8039;0.1199;-0.2302;0.2278;45.5676;50.4117;164.3424;0.1162;-0.2255;0.2257;45.4995;50.3568;164.1624;0;0.1162;-0.2255;0.2257;45.4995;50.3568;164.1624;ControllerBody;1448ff49-a958-4320-80a8-7c589216becd;1;Exposure;2026-04-01 12:34:55.6685;Controllers;;OpenXR
Right;4;Exposure;0;NoMitigation;Translation;anonymous;Sample;993;0.0000;0.0029;-0.0012;0.0001;351.4183;2.7397;2.7577;0.0029;-0.0012;0.0001;0.9966;-0.0742;0.0256;0.0258;0;0.2429;-1.7599;-0.0473;0.0000;342.2868;0.0000;0.0000;0.0000;0.0000;0.0000;0.0000;0.0000;0;0.0000;0.0000;0.0000;0.0000;0.0000;0.0000;ControllerBody;0.5395;-0.7141;0.4461;0.2199;-0.2302;0.2278;0.2770;0.4367;-0.2936;0.8039;0.1199;-0.2302;0.2278;45.5676;50.4117;164.3424;0.1162;-0.2255;0.2257;45.4991;50.3560;164.1617;0;0.1162;-0.2255;0.2257;45.4991;50.3560;164.1617;ControllerBody;1448ff49-a958-4320-80a8-7c589216becd;1;Exposure;2026-04-01 12:34:55.6894;Controllers;;OpenXR
Right;4;Exposure;0;NoMitigation;Translation;anonymous;Sample;996;0.0000;0.0029;-0.0013;0.0003;351.4147;2.8670;2.7103;0.0029;-0.0013;0.0003;0.9966;-0.0742;0.0267;0.0254;0;0.2429;-1.7599;-0.0473;0.0000;342.2868;0.0000;0.0000;0.0000;0.0000;0.0000;0.0000;0.0000;0;0.0000;0.0000;0.0000;0.0000;0.0000;0.0000;ControllerBody;0.5395;-0.7141;0.4461;0.2199;-0.2302;0.2278;0.2770;0.4367;-0.2936;0.8039;0.1199;-0.2302;0.2278;45.5676;50.4117;164.3424;0.1162;-0.2255;0.2257;45.4991;50.3560;164.1617;0;0.1162;-0.2255;0.2257;45.4991;50.3560;164.1617;ControllerBody;1448ff49-a958-4320-80a8-7c589216becd;1;Exposure;2026-04-01 12:34:55.7144;Controllers;;OpenXR
Right;4;Exposure;0;NoMitigation;Translation;anonymous;Sample;999;0.0000;0.0029;-0.0014;0.0004;351.4910;3.0325;2.6901;0.0029;-0.0014;0.0004;0.9966;-0.0735;0.0281;0.0254;0;0.2429;-1.7599;-0.0473;0.0000;342.2868;0.0000;0.0000;0.0000;0.0000;0.0000;0.0000;0.0000;0;0.0000;0.0000;0.0000;0.0000;0.0000;0.0000;ControllerBody;0.5395;-0.7141;0.4461;0.2199;-0.2302;0.2278;0.2770;0.4367;-0.2936;0.8039;0.1199;-0.2302;0.2278;45.5676;50.4117;164.3424;0.1162;-0.2255;0.2257;45.4991;50.3555;164.1610;0;0.1162;-0.2255;0.2257;45.4991;50.3555;164.1610;ControllerBody;1448ff49-a958-4320-80a8-7c589216becd;1;Exposure;2026-04-01 12:34:55.7386;Controllers;;OpenXR
Right;4;Exposure;0;NoMitigation;Translation;anonymous;Sample;1001;0.0000;0.0028;-0.0014;0.0004;351.4964;3.1363;2.7116;0.0028;-0.0014;0.0004;0.9965;-0.0734;0.0290;0.0256;0;0.2429;-1.7599;-0.0473;0.0000;342.2868;0.0000;0.0000;0.0000;0.0000;0.0000;0.0000;0.0000;0;0.0000;0.0000;0.0000;0.0000;0.0000;0.0000;ControllerBody;0.5395;-0.7141;0.4461;0.2199;-0.2302;0.2278;0.2770;0.4367;-0.2936;0.8039;0.1199;-0.2302;0.2278;45.5676;50.4117;164.3424;0.1162;-0.2255;0.2257;45.4991;50.3560;164.1616;0;0.1162;-0.2255;0.2257;45.4991;50.3560;164.1616;ControllerBody;1448ff49-a958-4320-80a8-7c589216becd;1;Exposure;2026-04-01 12:34:55.7601;Controllers;;OpenXR
Right;4;Exposure;0;NoMitigation;Translation;anonymous;Sample;1003;0.0000;0.0028;-0.0015;0.0004;351.4180;3.1966;2.7526;0.0028;-0.0015;0.0004;0.9965;-0.0741;0.0296;0.0260;0;0.2429;-1.7599;-0.0473;0.0000;342.2868;0.0000;0.0000;0.0000;0.0000;0.0000;0.0000;0.0000;0;0.0000;0.0000;0.0000;0.0000;0.0000;0.0000;ControllerBody;0.5395;-0.7141;0.4461;0.2199;-0.2303;0.2278;0.2770;0.4367;-0.2936;0.8039;0.1199;-0.2303;0.2278;45.5676;50.4117;164.3424;0.1162;-0.2255;0.2257;45.4989;50.3555;164.1611;0;0.1162;-0.2255;0.2257;45.4989;50.3555;164.1611;ControllerBody;1448ff49-a958-4320-80a8-7c589216becd;1;Exposure;2026-04-01 12:34:55.7869;Controllers;;OpenXR
Right;4;Exposure;0;NoMitigation;Translation;anonymous;Sample;1005;0.0000;0.0029;-0.0016;0.0006;351.3641;3.2979;2.8581;0.0029;-0.0016;0.0006;0.9964;-0.0745;0.0306;0.0270;0;0.2429;-1.7599;-0.0473;0.0000;342.2868;0.0000;0.0000;0.0000;0.0000;0.0000;0.0000;0.0000;0;0.0000;0.0000;0.0000;0.0000;0.0000;0.0000;ControllerBody;0.5395;-0.7141;0.4461;0.2199;-0.2303;0.2278;0.2770;0.4367;-0.2936;0.8039;0.1199;-0.2303;0.2278;45.5676;50.4117;164.3424;0.1162;-0.2255;0.2257;45.4991;50.3559;164.1616;0;0.1162;-0.2255;0.2257;45.4991;50.3559;164.1616;ControllerBody;1448ff49-a958-4320-80a8-7c589216becd;1;Exposure;2026-04-01 12:34:55.8088;Controllers;;OpenXR
Right;4;Exposure;0;NoMitigation;Translation;anonymous;Sample;1008;0.0000;0.0031;-0.0016;0.0010;351.4539;3.3257;2.9065;0.0031;-0.0016;0.0010;0.9964;-0.0737;0.0308;0.0274;0;0.2429;-1.7599;-0.0473;0.0000;342.2868;0.0000;0.0000;0.0000;0.0000;0.0000;0.0000;0.0000;0;0.0000;0.0000;0.0000;0.0000;0.0000;0.0000;ControllerBody;0.5395;-0.7141;0.4461;0.2199;-0.2303;0.2279;0.2770;0.4367;-0.2936;0.8039;0.1199;-0.2303;0.2279;45.5676;50.4117;164.3424;0.1162;-0.2255;0.2257;45.4993;50.3565;164.1623;0;0.1162;-0.2255;0.2257;45.4993;50.3565;164.1623;ControllerBody;1448ff49-a958-4320-80a8-7c589216becd;1;Exposure;2026-04-01 12:34:55.8339;Controllers;;OpenXR
Right;4;Exposure;0;NoMitigation;Translation;anonymous;Sample;1011;0.0000;0.0033;-0.0014;0.0014;351.5827;3.3742;2.9149;0.0033;-0.0014;0.0014;0.9965;-0.0726;0.0312;0.0275;0;0.2429;-1.7599;-0.0473;0.0000;342.2868;0.0000;0.0000;0.0000;0.0000;0.0000;0.0000;0.0000;0;0.0000;0.0000;0.0000;0.0000;0.0000;0.0000;ControllerBody;0.5395;-0.7141;0.4461;0.2199;-0.2303;0.2279;0.2770;0.4367;-0.2936;0.8039;0.1199;-0.2303;0.2279;45.5676;50.4117;164.3424;0.1162;-0.2255;0.2257;45.4995;50.3569;164.1627;0;0.1162;-0.2255;0.2257;45.4995;50.3569;164.1627;ControllerBody;1448ff49-a958-4320-80a8-7c589216becd;1;Exposure;2026-04-01 12:34:55.8549;Controllers;;OpenXR
Right;4;Exposure;0;NoMitigation;Translation;anonymous;Sample;1014;0.0000;0.0036;-0.0012;0.0018;351.7839;3.4276;2.7571;0.0036;-0.0012;0.0018;0.9966;-0.0709;0.0315;0.0261;0;0.2429;-1.7599;-0.0473;0.0000;342.2868;0.0000;0.0000;0.0000;0.0000;0.0000;0.0000;0.0000;0;0.0000;0.0000;0.0000;0.0000;0.0000;0.0000;ControllerBody;0.5395;-0.7141;0.4461;0.2199;-0.2303;0.2279;0.2770;0.4367;-0.2936;0.8039;0.1199;-0.2303;0.2279;45.5676;50.4117;164.3424;0.1162;-0.2255;0.2257;45.4991;50.3558;164.1613;0;0.1162;-0.2255;0.2257;45.4991;50.3558;164.1613;ControllerBody;1448ff49-a958-4320-80a8-7c589216becd;1;Exposure;2026-04-01 12:34:55.8839;Controllers;;OpenXR
Right;4;Exposure;0;NoMitigation;Translation;anonymous;Sample;1017;0.0000;0.0039;-0.0012;0.0019;351.9456;3.4471;2.6081;0.0039;-0.0012;0.0019;0.9968;-0.0695;0.0316;0.0248;0;0.2429;-1.7599;-0.0473;0.0000;342.2868;0.0000;0.0000;0.0000;0.0000;0.0000;0.0000;0.0000;0;0.0000;0.0000;0.0000;0.0000;0.0000;0.0000;ControllerBody;0.5395;-0.7141;0.4461;0.2200;-0.2303;0.2279;0.2770;0.4367;-0.2936;0.8039;0.1200;-0.2303;0.2279;45.5676;50.4117;164.3424;0.1162;-0.2255;0.2257;45.4991;50.3560;164.1616;0;0.1162;-0.2255;0.2257;45.4991;50.3560;164.1616;ControllerBody;1448ff49-a958-4320-80a8-7c589216becd;1;Exposure;2026-04-01 12:34:55.9074;Controllers;;OpenXR
Right;4;Exposure;0;NoMitigation;Translation;anonymous;Sample;1020;0.0000;0.0041;-0.0015;0.0017;351.8947;3.3310;2.5306;0.0041;-0.0015;0.0017;0.9968;-0.0700;0.0305;0.0241;0;0.2429;-1.7599;-0.0473;0.0000;342.2868;0.0000;0.0000;0.0000;0.0000;0.0000;0.0000;0.0000;0;0.0000;0.0000;0.0000;0.0000;0.0000;0.0000;ControllerBody;0.5395;-0.7141;0.4461;0.2200;-0.2303;0.2279;0.2770;0.4367;-0.2936;0.8039;0.1200;-0.2303;0.2279;45.5676;50.4117;164.3424;0.1162;-0.2255;0.2257;45.4991;50.3560;164.1616;0;0.1162;-0.2255;0.2257;45.4991;50.3560;164.1616;ControllerBody;1448ff49-a958-4320-80a8-7c589216becd;1;Exposure;2026-04-01 12:34:55.9359;Controllers;;OpenXR
Right;4;Exposure;0;NoMitigation;Translation;anonymous;Sample;1023;0.0000;0.0043;-0.0018;0.0015;351.7048;3.1631;2.5954;0.0043;-0.0018;0.0015;0.9967;-0.0717;0.0292;0.0246;0;0.2429;-1.7599;-0.0473;0.0000;342.2868;0.0000;0.0000;0.0000;0.0000;0.0000;0.0000;0.0000;0;0.0000;0.0000;0.0000;0.0000;0.0000;0.0000;ControllerBody;0.5395;-0.7141;0.4461;0.2200;-0.2303;0.2279;0.2770;0.4367;-0.2936;0.8039;0.1200;-0.2303;0.2279;45.5676;50.4117;164.3424;0.1162;-0.2255;0.2257;45.4990;50.3558;164.1615;0;0.1162;-0.2255;0.2257;45.4990;50.3558;164.1615;ControllerBody;1448ff49-a958-4320-80a8-7c589216becd;1;Exposure;2026-04-01 12:34:55.9646;Controllers;;OpenXR
Right;4;Exposure;0;NoMitigation;Translation;anonymous;Sample;1026;0.0000;0.0044;-0.0019;0.0015;351.5919;3.1463;2.6246;0.0044;-0.0019;0.0015;0.9966;-0.0726;0.0291;0.0248;0;0.2429;-1.7599;-0.0473;0.0000;342.2868;0.0000;0.0000;0.0000;0.0000;0.0000;0.0000;0.0000;0;0.0000;0.0000;0.0000;0.0000;0.0000;0.0000;ControllerBody;0.5395;-0.7141;0.4461;0.2200;-0.2303;0.2279;0.2770;0.4367;-0.2936;0.8039;0.1200;-0.2303;0.2279;45.5676;50.4117;164.3424;0.1162;-0.2255;0.2257;45.4993;50.3554;164.1609;0;0.1162;-0.2255;0.2257;45.4993;50.3554;164.1609;ControllerBody;1448ff49-a958-4320-80a8-7c589216becd;1;Exposure;2026-04-01 12:34:55.9894;Controllers;;OpenXR
Right;4;Exposure;0;NoMitigation;Translation;anonymous;Sample;1029;0.0000;0.0043;-0.0017;0.0015;351.6327;3.2344;2.5616;0.0043;-0.0017;0.0015;0.9966;-0.0723;0.0298;0.0243;0;0.2429;-1.7599;-0.0473;0.0000;342.2868;0.0000;0.0000;0.0000;0.0000;0.0000;0.0000;0.0000;0;0.0000;0.0000;0.0000;0.0000;0.0000;0.0000;ControllerBody;0.5395;-0.7141;0.4461;0.2200;-0.2303;0.2280;0.2770;0.4367;-0.2936;0.8039;0.1200;-0.2303;0.2280;45.5676;50.4117;164.3424;0.1162;-0.2255;0.2257;45.4993;50.3562;164.1618;0;0.1162;-0.2255;0.2257;45.4993;50.3562;164.1618;ControllerBody;1448ff49-a958-4320-80a8-7c589216becd;1;Exposure;2026-04-01 12:34:56.0165;Controllers;;OpenXR
Right;4;Exposure;0;NoMitigation;Translation;anonymous;Sample;1032;0.0000;0.0042;-0.0015;0.0015;351.6707;3.2877;2.5933;0.0042;-0.0015;0.0015;0.9966;-0.0719;0.0302;0.0246;0;0.2429;-1.7599;-0.0473;0.0000;342.2868;0.0000;0.0000;0.0000;0.0000;0.0000;0.0000;0.0000;0;0.0000;0.0000;0.0000;0.0000;0.0000;0.0000;ControllerBody;0.5395;-0.7141;0.4461;0.2200;-0.2303;0.2280;0.2770;0.4367;-0.2936;0.8039;0.1200;-0.2303;0.2280;45.5676;50.4117;164.3424;0.1162;-0.2255;0.2257;45.4993;50.3565;164.1623;0;0.1162;-0.2255;0.2257;45.4993;50.3565;164.1623;ControllerBody;1448ff49-a958-4320-80a8-7c589216becd;1;Exposure;2026-04-01 12:34:56.0384;Controllers;;OpenXR
Right;4;Exposure;0;NoMitigation;Translation;anonymous;Sample;1035;0.0000;0.0041;-0.0014;0.0014;351.5966;3.3033;2.6571;0.0041;-0.0014;0.0014;0.9966;-0.0726;0.0304;0.0252;0;0.2429;-1.7599;-0.0473;0.0000;342.2868;0.0000;0.0000;0.0000;0.0000;0.0000;0.0000;0.0000;0;0.0000;0.0000;0.0000;0.0000;0.0000;0.0000;ControllerBody;0.5395;-0.7141;0.4461;0.2200;-0.2303;0.2280;0.2770;0.4367;-0.2936;0.8039;0.1200;-0.2303;0.2280;45.5676;50.4117;164.3424;0.1162;-0.2255;0.2257;45.4991;50.3560;164.1617;0;0.1162;-0.2255;0.2257;45.4991;50.3560;164.1617;ControllerBody;1448ff49-a958-4320-80a8-7c589216becd;1;Exposure;2026-04-01 12:34:56.0645;Controllers;;OpenXR
Right;4;Exposure;0;NoMitigation;Translation;anonymous;Sample;1038;0.0000;0.0039;-0.0014;0.0014;351.5652;3.3338;2.6868;0.0039;-0.0014;0.0014;0.9965;-0.0728;0.0307;0.0255;0;0.2429;-1.7599;-0.0473;0.0000;342.2868;0.0000;0.0000;0.0000;0.0000;0.0000;0.0000;0.0000;0;0.0000;0.0000;0.0000;0.0000;0.0000;0.0000;ControllerBody;0.5395;-0.7141;0.4461;0.2200;-0.2303;0.2280;0.2770;0.4367;-0.2936;0.8039;0.1200;-0.2303;0.2280;45.5676;50.4117;164.3424;0.1162;-0.2255;0.2257;45.4991;50.3559;164.1616;0;0.1162;-0.2255;0.2257;45.4991;50.3559;164.1616;ControllerBody;1448ff49-a958-4320-80a8-7c589216becd;1;Exposure;2026-04-01 12:34:56.0917;Controllers;;OpenXR
Right;4;Exposure;0;NoMitigation;Translation;anonymous;Sample;1041;0.0000;0.0037;-0.0014;0.0014;351.5479;3.3916;2.6844;0.0037;-0.0014;0.0014;0.9965;-0.0729;0.0312;0.0255;0;0.2429;-1.7599;-0.0473;0.0000;342.2868;0.0000;0.0000;0.0000;0.0000;0.0000;0.0000;0.0000;0;0.0000;0.0000;0.0000;0.0000;0.0000;0.0000;ControllerBody;0.5395;-0.7141;0.4461;0.2200;-0.2303;0.2280;0.2770;0.4367;-0.2936;0.8039;0.1200;-0.2303;0.2280;45.5676;50.4117;164.3424;0.1162;-0.2255;0.2257;45.4990;50.3558;164.1615;0;0.1162;-0.2255;0.2257;45.4990;50.3558;164.1615;ControllerBody;1448ff49-a958-4320-80a8-7c589216becd;1;Exposure;2026-04-01 12:34:56.1135;Controllers;;OpenXR
Right;4;Exposure;0;NoMitigation;Translation;anonymous;Sample;1044;0.0000;0.0035;-0.0014;0.0013;351.5789;3.4426;2.6496;0.0035;-0.0014;0.0013;0.9965;-0.0727;0.0316;0.0253;0;0.2429;-1.7599;-0.0473;0.0000;342.2868;0.0000;0.0000;0.0000;0.0000;0.0000;0.0000;0.0000;0;0.0000;0.0000;0.0000;0.0000;0.0000;0.0000;ControllerBody;0.5395;-0.7141;0.4461;0.2200;-0.2303;0.2280;0.2770;0.4367;-0.2936;0.8039;0.1200;-0.2303;0.2280;45.5676;50.4117;164.3424;0.1162;-0.2255;0.2257;45.4992;50.3560;164.1615;0;0.1162;-0.2255;0.2257;45.4992;50.3560;164.1615;ControllerBody;1448ff49-a958-4320-80a8-7c589216becd;1;Exposure;2026-04-01 12:34:56.1383;Controllers;;OpenXR
Right;4;Exposure;0;NoMitigation;Translation;anonymous;Sample;1047;0.0000;0.0034;-0.0014;0.0012;351.6151;3.4807;2.7088;0.0034;-0.0014;0.0012;0.9965;-0.0723;0.0320;0.0258;0;0.2429;-1.7599;-0.0473;0.0000;342.2868;0.0000;0.0000;0.0000;0.0000;0.0000;0.0000;0.0000;0;0.0000;0.0000;0.0000;0.0000;0.0000;0.0000;ControllerBody;0.5395;-0.7141;0.4461;0.2200;-0.2303;0.2280;0.2770;0.4367;-0.2936;0.8039;0.1200;-0.2303;0.2280;45.5676;50.4117;164.3424;0.1162;-0.2255;0.2257;45.4991;50.3560;164.1615;0;0.1162;-0.2255;0.2257;45.4991;50.3560;164.1615;ControllerBody;1448ff49-a958-4320-80a8-7c589216becd;1;Exposure;2026-04-01 12:34:56.1635;Controllers;;OpenXR
Right;4;Exposure;0;NoMitigation;Translation;anonymous;Sample;1050;0.0000;0.0033;-0.0014;0.0011;351.5356;3.5167;2.7094;0.0033;-0.0014;0.0011;0.9965;-0.0730;0.0323;0.0258;0;0.2429;-1.7599;-0.0473;0.0000;342.2868;0.0000;0.0000;0.0000;0.0000;0.0000;0.0000;0.0000;0;0.0000;0.0000;0.0000;0.0000;0.0000;0.0000;ControllerBody;0.5395;-0.7141;0.4461;0.2200;-0.2303;0.2280;0.2770;0.4367;-0.2936;0.8039;0.1200;-0.2303;0.2280;45.5676;50.4117;164.3424;0.1162;-0.2255;0.2257;45.4990;50.3558;164.1615;0;0.1162;-0.2255;0.2257;45.4990;50.3558;164.1615;ControllerBody;1448ff49-a958-4320-80a8-7c589216becd;1;Exposure;2026-04-01 12:34:56.1894;Controllers;;OpenXR
Right;4;Exposure;0;NoMitigation;Translation;anonymous;Sample;1053;0.0000;0.0033;-0.0015;0.0009;351.4737;3.5124;2.6180;0.0033;-0.0015;0.0009;0.9965;-0.0736;0.0323;0.0250;0;0.2429;-1.7599;-0.0473;0.0000;342.2868;0.0000;0.0000;0.0000;0.0000;0.0000;0.0000;0.0000;0;0.0000;0.0000;0.0000;0.0000;0.0000;0.0000;ControllerBody;0.5395;-0.7141;0.4461;0.2200;-0.2304;0.2280;0.2770;0.4367;-0.2936;0.8039;0.1200;-0.2304;0.2280;45.5676;50.4117;164.3424;0.1162;-0.2255;0.2257;45.4992;50.3560;164.1618;0;0.1162;-0.2255;0.2257;45.4992;50.3560;164.1618;ControllerBody;1448ff49-a958-4320-80a8-7c589216becd;1;Exposure;2026-04-01 12:34:56.2138;Controllers;;OpenXR
Right;4;Exposure;0;NoMitigation;Translation;anonymous;Sample;1056;0.0000;0.0032;-0.0014;0.0008;351.4862;3.4403;2.5735;0.0032;-0.0014;0.0008;0.9965;-0.0735;0.0316;0.0246;0;0.2429;-1.7599;-0.0473;0.0000;342.2868;0.0000;0.0000;0.0000;0.0000;0.0000;0.0000;0.0000;0;0.0000;0.0000;0.0000;0.0000;0.0000;0.0000;ControllerBody;0.5395;-0.7141;0.4461;0.2200;-0.2304;0.2280;0.2770;0.4367;-0.2936;0.8039;0.1200;-0.2304;0.2280;45.5676;50.4117;164.3424;0.1162;-0.2255;0.2257;45.4992;50.3564;164.1621;0;0.1162;-0.2255;0.2257;45.4992;50.3564;164.1621;ControllerBody;1448ff49-a958-4320-80a8-7c589216becd;1;Exposure;2026-04-01 12:34:56.2387;Controllers;;OpenXR
Right;4;Exposure;0;NoMitigation;Translation;anonymous;Sample;1059;0.0000;0.0033;-0.0012;0.0007;351.4801;3.3439;2.6307;0.0033;-0.0012;0.0007;0.9965;-0.0736;0.0308;0.0250;0;0.2429;-1.7599;-0.0473;0.0000;342.2868;0.0000;0.0000;0.0000;0.0000;0.0000;0.0000;0.0000;0;0.0000;0.0000;0.0000;0.0000;0.0000;0.0000;ControllerBody;0.5395;-0.7141;0.4461;0.2200;-0.2304;0.2281;0.2770;0.4367;-0.2936;0.8039;0.1200;-0.2304;0.2281;45.5676;50.4117;164.3424;0.1162;-0.2255;0.2257;45.4992;50.3564;164.1621;0;0.1162;-0.2255;0.2257;45.4992;50.3564;164.1621;ControllerBody;1448ff49-a958-4320-80a8-7c589216becd;1;Exposure;2026-04-01 12:34:56.2652;Controllers;;OpenXR
Right;4;Exposure;0;NoMitigation;Translation;anonymous;Sample;1062;0.0000;0.0034;-0.0010;0.0004;351.4581;3.2906;2.6161;0.0034;-0.0010;0.0004;0.9965;-0.0738;0.0303;0.0249;0;0.2429;-1.7599;-0.0473;0.0000;342.2868;0.0000;0.0000;0.0000;0.0000;0.0000;0.0000;0.0000;0;0.0000;0.0000;0.0000;0.0000;0.0000;0.0000;ControllerBody;0.5395;-0.7141;0.4461;0.2200;-0.2304;0.2281;0.2770;0.4367;-0.2936;0.8039;0.1200;-0.2304;0.2281;45.5676;50.4117;164.3424;0.1162;-0.2255;0.2257;45.4992;50.3564;164.1621;0;0.1162;-0.2255;0.2257;45.4992;50.3564;164.1621;ControllerBody;1448ff49-a958-4320-80a8-7c589216becd;1;Exposure;2026-04-01 12:34:56.2890;Controllers;;OpenXR
Right;4;Exposure;0;NoMitigation;Translation;anonymous;Sample;1065;0.0000;0.0034;-0.0010;0.0003;351.3150;3.3145;2.5292;0.0034;-0.0010;0.0003;0.9964;-0.0750;0.0305;0.0242;0;0.2429;-1.7599;-0.0473;0.0000;342.2868;0.0000;0.0000;0.0000;0.0000;0.0000;0.0000;0.0000;0;0.0000;0.0000;0.0000;0.0000;0.0000;0.0000;ControllerBody;0.5395;-0.7141;0.4461;0.2200;-0.2304;0.2281;0.2770;0.4367;-0.2936;0.8039;0.1200;-0.2304;0.2281;45.5676;50.4117;164.3424;0.1162;-0.2255;0.2257;45.4992;50.3564;164.1621;0;0.1162;-0.2255;0.2257;45.4992;50.3564;164.1621;ControllerBody;1448ff49-a958-4320-80a8-7c589216becd;1;Exposure;2026-04-01 12:34:56.3139;Controllers;;OpenXR
Right;4;Exposure;0;NoMitigation;Translation;anonymous;Sample;1068;0.0000;0.0034;-0.0010;0.0003;351.3112;3.3776;2.5058;0.0034;-0.0010;0.0003;0.9964;-0.0751;0.0310;0.0240;0;0.2429;-1.7599;-0.0473;0.0000;342.2868;0.0000;0.0000;0.0000;0.0000;0.0000;0.0000;0.0000;0;0.0000;0.0000;0.0000;0.0000;0.0000;0.0000;ControllerBody;0.5395;-0.7141;0.4461;0.2200;-0.2304;0.2281;0.2770;0.4367;-0.2936;0.8039;0.1200;-0.2304;0.2281;45.5676;50.4117;164.3424;0.1162;-0.2255;0.2257;45.4992;50.3564;164.1621;0;0.1162;-0.2255;0.2257;45.4992;50.3564;164.1621;ControllerBody;1448ff49-a958-4320-80a8-7c589216becd;1;Exposure;2026-04-01 12:34:56.3397;Controllers;;OpenXR
Right;4;Exposure;0;NoMitigation;Translation;anonymous;Sample;1071;0.0000;0.0033;-0.0009;0.0003;351.3798;3.4074;2.5049;0.0033;-0.0009;0.0003;0.9964;-0.0745;0.0313;0.0240;0;0.2429;-1.7599;-0.0473;0.0000;342.2868;0.0000;0.0000;0.0000;0.0000;0.0000;0.0000;0.0000;0;0.0000;0.0000;0.0000;0.0000;0.0000;0.0000;ControllerBody;0.5395;-0.7141;0.4461;0.2200;-0.2304;0.2281;0.2770;0.4367;-0.2936;0.8039;0.1200;-0.2304;0.2281;45.5676;50.4117;164.3424;0.1162;-0.2255;0.2257;45.4992;50.3564;164.1621;0;0.1162;-0.2255;0.2257;45.4992;50.3564;164.1621;ControllerBody;1448ff49-a958-4320-80a8-7c589216becd;1;Exposure;2026-04-01 12:34:56.3665;Controllers;;OpenXR
Right;4;Exposure;0;NoMitigation;Translation;anonymous;Sample;1074;0.0000;0.0034;-0.0009;0.0003;351.3383;3.4456;2.5279;0.0034;-0.0009;0.0003;0.9964;-0.0748;0.0316;0.0243;0;0.2429;-1.7599;-0.0473;0.0000;342.2868;0.0000;0.0000;0.0000;0.0000;0.0000;0.0000;0.0000;0;0.0000;0.0000;0.0000;0.0000;0.0000;0.0000;ControllerBody;0.5395;-0.7141;0.4461;0.2200;-0.2304;0.2281;0.2770;0.4367;-0.2936;0.8039;0.1200;-0.2304;0.2281;45.5676;50.4117;164.3424;0.1162;-0.2255;0.2257;45.4992;50.3564;164.1621;0;0.1162;-0.2255;0.2257;45.4992;50.3564;164.1621;ControllerBody;1448ff49-a958-4320-80a8-7c589216becd;1;Exposure;2026-04-01 12:34:56.3894;Controllers;;OpenXR
Right;4;Exposure;0;NoMitigation;Translation;anonymous;Sample;1077;0.0000;0.0034;-0.0010;0.0006;351.3511;3.4900;2.4915;0.0034;-0.0010;0.0006;0.9964;-0.0747;0.0320;0.0240;0;0.2429;-1.7599;-0.0473;0.0000;342.2868;0.0000;0.0000;0.0000;0.0000;0.0000;0.0000;0.0000;0;0.0000;0.0000;0.0000;0.0000;0.0000;0.0000;ControllerBody;0.5395;-0.7141;0.4461;0.2200;-0.2304;0.2281;0.2770;0.4367;-0.2936;0.8039;0.1200;-0.2304;0.2281;45.5676;50.4117;164.3424;0.1162;-0.2255;0.2257;45.4992;50.3564;164.1621;0;0.1162;-0.2255;0.2257;45.4992;50.3564;164.1621;ControllerBody;1448ff49-a958-4320-80a8-7c589216becd;1;Exposure;2026-04-01 12:34:56.4134;Controllers;;OpenXR
Right;4;Exposure;0;NoMitigation;Translation;anonymous;Sample;1080;0.0000;0.0034;-0.0010;0.0008;351.4467;3.5155;2.4718;0.0034;-0.0010;0.0008;0.9965;-0.0739;0.0322;0.0238;0;0.2429;-1.7599;-0.0473;0.0000;342.2868;0.0000;0.0000;0.0000;0.0000;0.0000;0.0000;0.0000;0;0.0000;0.0000;0.0000;0.0000;0.0000;0.0000;ControllerBody;0.5395;-0.7141;0.4461;0.2200;-0.2304;0.2281;0.2770;0.4367;-0.2936;0.8039;0.1200;-0.2304;0.2281;45.5676;50.4117;164.3424;0.1162;-0.2255;0.2257;45.4992;50.3564;164.1621;0;0.1162;-0.2255;0.2257;45.4992;50.3564;164.1621;ControllerBody;1448ff49-a958-4320-80a8-7c589216becd;1;Exposure;2026-04-01 12:34:56.4389;Controllers;;OpenXR
Right;4;Exposure;0;NoMitigation;Translation;anonymous;Sample;1083;0.0000;0.0033;-0.0010;0.0009;351.5246;3.5373;2.5540;0.0033;-0.0010;0.0009;0.9965;-0.0732;0.0324;0.0245;0;0.2429;-1.7599;-0.0473;0.0000;342.2868;0.0000;0.0000;0.0000;0.0000;0.0000;0.0000;0.0000;0;0.0000;0.0000;0.0000;0.0000;0.0000;0.0000;ControllerBody;0.5395;-0.7141;0.4461;0.2200;-0.2304;0.2281;0.2770;0.4367;-0.2936;0.8039;0.1200;-0.2304;0.2281;45.5676;50.4117;164.3424;0.1162;-0.2255;0.2257;45.4992;50.3564;164.1621;0;0.1162;-0.2255;0.2257;45.4992;50.3564;164.1621;ControllerBody;1448ff49-a958-4320-80a8-7c589216becd;1;Exposure;2026-04-01 12:34:56.4682;Controllers;;OpenXR
Right;4;Exposure;0;NoMitigation;Translation;anonymous;Sample;1086;0.0000;0.0033;-0.0009;0.0009;351.5299;3.5915;2.5705;0.0033;-0.0009;0.0009;0.9965;-0.0731;0.0329;0.0247;0;0.2429;-1.7599;-0.0473;0.0000;342.2868;0.0000;0.0000;0.0000;0.0000;0.0000;0.0000;0.0000;0;0.0000;0.0000;0.0000;0.0000;0.0000;0.0000;ControllerBody;0.5395;-0.7141;0.4461;0.2200;-0.2304;0.2281;0.2770;0.4367;-0.2936;0.8039;0.1200;-0.2304;0.2281;45.5676;50.4117;164.3424;0.1162;-0.2255;0.2257;45.4992;50.3564;164.1621;0;0.1162;-0.2255;0.2257;45.4992;50.3564;164.1621;ControllerBody;1448ff49-a958-4320-80a8-7c589216becd;1;Exposure;2026-04-01 12:34:56.4917;Controllers;;OpenXR
Right;4;Exposure;0;NoMitigation;Translation;anonymous;Sample;1088;0.0000;0.0033;-0.0010;0.0009;351.4291;3.6380;2.5196;0.0033;-0.0010;0.0009;0.9964;-0.0740;0.0333;0.0243;0;0.2429;-1.7599;-0.0473;0.0000;342.2868;0.0000;0.0000;0.0000;0.0000;0.0000;0.0000;0.0000;0;0.0000;0.0000;0.0000;0.0000;0.0000;0.0000;ControllerBody;0.5395;-0.7141;0.4461;0.2200;-0.2304;0.2281;0.2770;0.4367;-0.2936;0.8039;0.1200;-0.2304;0.2281;45.5676;50.4117;164.3424;0.1162;-0.2255;0.2257;45.4992;50.3564;164.1621;0;0.1162;-0.2255;0.2257;45.4992;50.3564;164.1621;ControllerBody;1448ff49-a958-4320-80a8-7c589216becd;1;Exposure;2026-04-01 12:34:56.5151;Controllers;;OpenXR
Right;4;Exposure;0;NoMitigation;Translation;anonymous;Sample;1091;0.0000;0.0033;-0.0010;0.0008;351.4034;3.6756;2.4997;0.0033;-0.0010;0.0008;0.9964;-0.0742;0.0336;0.0241;0;0.2429;-1.7599;-0.0473;0.0000;342.2868;0.0000;0.0000;0.0000;0.0000;0.0000;0.0000;0.0000;0;0.0000;0.0000;0.0000;0.0000;0.0000;0.0000;ControllerBody;0.5395;-0.7141;0.4461;0.2200;-0.2304;0.2282;0.2770;0.4367;-0.2936;0.8039;0.1200;-0.2304;0.2282;45.5676;50.4117;164.3424;0.1162;-0.2255;0.2257;45.4992;50.3564;164.1621;0;0.1162;-0.2255;0.2257;45.4992;50.3564;164.1621;ControllerBody;1448ff49-a958-4320-80a8-7c589216becd;1;Exposure;2026-04-01 12:34:56.5391;Controllers;;OpenXR
Right;4;Exposure;0;NoMitigation;Translation;anonymous;Sample;1094;0.0000;0.0033;-0.0008;0.0007;351.4304;3.6516;2.5341;0.0033;-0.0008;0.0007;0.9964;-0.0740;0.0334;0.0244;0;0.2429;-1.7599;-0.0473;0.0000;342.2868;0.0000;0.0000;0.0000;0.0000;0.0000;0.0000;0.0000;0;0.0000;0.0000;0.0000;0.0000;0.0000;0.0000;ControllerBody;0.5395;-0.7141;0.4461;0.2200;-0.2304;0.2282;0.2770;0.4367;-0.2936;0.8039;0.1200;-0.2304;0.2282;45.5676;50.4117;164.3424;0.1162;-0.2255;0.2257;45.4992;50.3564;164.1621;0;0.1162;-0.2255;0.2257;45.4992;50.3564;164.1621;ControllerBody;1448ff49-a958-4320-80a8-7c589216becd;1;Exposure;2026-04-01 12:34:56.5636;Controllers;;OpenXR
Right;4;Exposure;0;NoMitigation;Translation;anonymous;Sample;1097;0.0000;0.0034;-0.0007;0.0005;351.3954;3.6017;2.5595;0.0034;-0.0007;0.0005;0.9964;-0.0743;0.0330;0.0246;0;0.2429;-1.7599;-0.0473;0.0000;342.2868;0.0000;0.0000;0.0000;0.0000;0.0000;0.0000;0.0000;0;0.0000;0.0000;0.0000;0.0000;0.0000;0.0000;ControllerBody;0.5395;-0.7141;0.4461;0.2200;-0.2304;0.2282;0.2770;0.4367;-0.2936;0.8039;0.1200;-0.2304;0.2282;45.5676;50.4117;164.3424;0.1162;-0.2255;0.2257;45.4992;50.3564;164.1621;0;0.1162;-0.2255;0.2257;45.4992;50.3564;164.1621;ControllerBody;1448ff49-a958-4320-80a8-7c589216becd;1;Exposure;2026-04-01 12:34:56.5884;Controllers;;OpenXR
Right;4;Exposure;0;NoMitigation;Translation;anonymous;Sample;1099;0.0000;0.0035;-0.0008;0.0004;351.2960;3.6108;2.4831;0.0035;-0.0008;0.0004;0.9963;-0.0751;0.0331;0.0240;0;0.2429;-1.7599;-0.0473;0.0000;342.2868;0.0000;0.0000;0.0000;0.0000;0.0000;0.0000;0.0000;0;0.0000;0.0000;0.0000;0.0000;0.0000;0.0000;ControllerBody;0.5395;-0.7141;0.4461;0.2200;-0.2304;0.2282;0.2770;0.4367;-0.2936;0.8039;0.1200;-0.2304;0.2282;45.5676;50.4117;164.3424;0.1162;-0.2255;0.2257;45.4992;50.3564;164.1621;0;0.1162;-0.2255;0.2257;45.4992;50.3564;164.1621;ControllerBody;1448ff49-a958-4320-80a8-7c589216becd;1;Exposure;2026-04-01 12:34:56.6114;Controllers;;OpenXR
Right;4;Exposure;0;NoMitigation;Translation;anonymous;Sample;1103;0.0000;0.0037;-0.0008;0.0002;351.2068;3.6103;2.3607;0.0037;-0.0008;0.0002;0.9963;-0.0760;0.0330;0.0229;0;0.2429;-1.7599;-0.0473;0.0000;342.2868;0.0000;0.0000;0.0000;0.0000;0.0000;0.0000;0.0000;0;0.0000;0.0000;0.0000;0.0000;0.0000;0.0000;ControllerBody;0.5395;-0.7141;0.4461;0.2200;-0.2304;0.2282;0.2770;0.4367;-0.2936;0.8039;0.1200;-0.2304;0.2282;45.5676;50.4117;164.3424;0.1162;-0.2255;0.2257;45.4992;50.3564;164.1621;0;0.1162;-0.2255;0.2257;45.4992;50.3564;164.1621;ControllerBody;1448ff49-a958-4320-80a8-7c589216becd;1;Exposure;2026-04-01 12:34:56.6390;Controllers;;OpenXR
Right;4;Exposure;0;NoMitigation;Translation;anonymous;Sample;1106;0.0000;0.0039;-0.0006;0.0002;351.2831;3.5824;2.3990;0.0039;-0.0006;0.0002;0.9964;-0.0753;0.0328;0.0232;0;0.2429;-1.7599;-0.0473;0.0000;342.2868;0.0000;0.0000;0.0000;0.0000;0.0000;0.0000;0.0000;0;0.0000;0.0000;0.0000;0.0000;0.0000;0.0000;ControllerBody;0.5395;-0.7141;0.4461;0.2200;-0.2304;0.2282;0.2770;0.4367;-0.2936;0.8039;0.1200;-0.2304;0.2282;45.5676;50.4117;164.3424;0.1162;-0.2255;0.2257;45.4992;50.3564;164.1621;0;0.1162;-0.2255;0.2257;45.4992;50.3564;164.1621;ControllerBody;1448ff49-a958-4320-80a8-7c589216becd;1;Exposure;2026-04-01 12:34:56.6661;Controllers;;OpenXR
Right;4;Exposure;0;NoMitigation;Translation;anonymous;Sample;1109;0.0000;0.0040;-0.0007;0.0001;351.2364;3.5568;2.3862;0.0040;-0.0007;0.0001;0.9963;-0.0757;0.0325;0.0231;0;0.2429;-1.7599;-0.0473;0.0000;342.2868;0.0000;0.0000;0.0000;0.0000;0.0000;0.0000;0.0000;0;0.0000;0.0000;0.0000;0.0000;0.0000;0.0000;ControllerBody;0.5395;-0.7141;0.4461;0.2200;-0.2304;0.2282;0.2770;0.4367;-0.2936;0.8039;0.1200;-0.2304;0.2282;45.5676;50.4117;164.3424;0.1162;-0.2255;0.2257;45.4992;50.3564;164.1621;0;0.1162;-0.2255;0.2257;45.4992;50.3564;164.1621;ControllerBody;1448ff49-a958-4320-80a8-7c589216becd;1;Exposure;2026-04-01 12:34:56.6885;Controllers;;OpenXR
Right;4;Exposure;0;NoMitigation;Translation;anonymous;Sample;1112;0.0000;0.0040;-0.0010;0.0003;351.1743;3.5512;2.2474;0.0040;-0.0010;0.0003;0.9963;-0.0763;0.0324;0.0219;0;0.2429;-1.7599;-0.0473;0.0000;342.2868;0.0000;0.0000;0.0000;0.0000;0.0000;0.0000;0.0000;0;0.0000;0.0000;0.0000;0.0000;0.0000;0.0000;ControllerBody;0.5395;-0.7141;0.4461;0.2200;-0.2304;0.2282;0.2770;0.4367;-0.2936;0.8039;0.1200;-0.2304;0.2282;45.5676;50.4117;164.3424;0.1162;-0.2255;0.2257;45.4992;50.3564;164.1621;0;0.1162;-0.2255;0.2257;45.4992;50.3564;164.1621;ControllerBody;1448ff49-a958-4320-80a8-7c589216becd;1;Exposure;2026-04-01 12:34:56.7135;Controllers;;OpenXR
Right;4;Exposure;0;NoMitigation;Translation;anonymous;Sample;1115;0.0000;0.0040;-0.0013;0.0005;351.2214;3.4885;2.2401;0.0040;-0.0013;0.0005;0.9964;-0.0759;0.0318;0.0218;0;0.2429;-1.7599;-0.0473;0.0000;342.2868;0.0000;0.0000;0.0000;0.0000;0.0000;0.0000;0.0000;0;0.0000;0.0000;0.0000;0.0000;0.0000;0.0000;ControllerBody;0.5395;-0.7141;0.4461;0.2200;-0.2304;0.2282;0.2770;0.4367;-0.2936;0.8039;0.1200;-0.2304;0.2282;45.5676;50.4117;164.3424;0.1162;-0.2255;0.2257;45.4992;50.3564;164.1621;0;0.1162;-0.2255;0.2257;45.4992;50.3564;164.1621;ControllerBody;1448ff49-a958-4320-80a8-7c589216becd;1;Exposure;2026-04-01 12:34:56.7374;Controllers;;OpenXR
Right;4;Exposure;0;NoMitigation;Translation;anonymous;Sample;1118;0.0000;0.0041;-0.0014;0.0008;351.4369;3.4320;2.4302;0.0041;-0.0014;0.0008;0.9965;-0.0740;0.0314;0.0234;0;0.2429;-1.7599;-0.0473;0.0000;342.2868;0.0000;0.0000;0.0000;0.0000;0.0000;0.0000;0.0000;0;0.0000;0.0000;0.0000;0.0000;0.0000;0.0000;ControllerBody;0.5395;-0.7141;0.4461;0.2200;-0.2304;0.2282;0.2770;0.4367;-0.2936;0.8039;0.1200;-0.2304;0.2282;45.5676;50.4117;164.3424;0.1162;-0.2255;0.2257;45.4992;50.3564;164.1621;0;0.1162;-0.2255;0.2257;45.4992;50.3564;164.1621;ControllerBody;1448ff49-a958-4320-80a8-7c589216becd;1;Exposure;2026-04-01 12:34:56.7640;Controllers;;OpenXR
Right;4;Exposure;0;NoMitigation;Translation;anonymous;Sample;1121;0.0000;0.0039;-0.0014;0.0012;351.6118;3.5354;2.5338;0.0039;-0.0014;0.0012;0.9966;-0.0724;0.0324;0.0243;0;0.2429;-1.7599;-0.0473;0.0000;342.2868;0.0000;0.0000;0.0000;0.0000;0.0000;0.0000;0.0000;0;0.0000;0.0000;0.0000;0.0000;0.0000;0.0000;ControllerBody;0.5395;-0.7141;0.4461;0.2200;-0.2304;0.2282;0.2770;0.4367;-0.2936;0.8039;0.1200;-0.2304;0.2282;45.5676;50.4117;164.3424;0.1162;-0.2255;0.2257;45.4992;50.3564;164.1621;0;0.1162;-0.2255;0.2257;45.4992;50.3564;164.1621;ControllerBody;1448ff49-a958-4320-80a8-7c589216becd;1;Exposure;2026-04-01 12:34:56.7894;Controllers;;OpenXR
Right;4;Exposure;0;NoMitigation;Translation;anonymous;Sample;1124;0.0000;0.0037;-0.0014;0.0014;351.6215;3.6972;2.5167;0.0037;-0.0014;0.0014;0.9965;-0.0723;0.0338;0.0242;0;0.2429;-1.7599;-0.0473;0.0000;342.2868;0.0000;0.0000;0.0000;0.0000;0.0000;0.0000;0.0000;0;0.0000;0.0000;0.0000;0.0000;0.0000;0.0000;ControllerBody;0.5395;-0.7141;0.4461;0.2200;-0.2304;0.2282;0.2770;0.4367;-0.2936;0.8039;0.1200;-0.2304;0.2282;45.5676;50.4117;164.3424;0.1162;-0.2255;0.2257;45.4992;50.3564;164.1621;0;0.1162;-0.2255;0.2257;45.4992;50.3564;164.1621;ControllerBody;1448ff49-a958-4320-80a8-7c589216becd;1;Exposure;2026-04-01 12:34:56.8221;Controllers;;OpenXR
Right;4;Exposure;0;NoMitigation;Translation;anonymous;Sample;1127;0.0000;0.0034;-0.0015;0.0014;351.6485;3.8951;2.5178;0.0034;-0.0015;0.0014;0.9965;-0.0720;0.0355;0.0244;0;0.2429;-1.7599;-0.0473;0.0000;342.2868;0.0000;0.0000;0.0000;0.0000;0.0000;0.0000;0.0000;0;0.0000;0.0000;0.0000;0.0000;0.0000;0.0000;ControllerBody;0.5395;-0.7141;0.4461;0.2200;-0.2304;0.2282;0.2770;0.4367;-0.2936;0.8039;0.1200;-0.2304;0.2282;45.5676;50.4117;164.3424;0.1162;-0.2255;0.2257;45.4992;50.3564;164.1621;0;0.1162;-0.2255;0.2257;45.4992;50.3564;164.1621;ControllerBody;1448ff49-a958-4320-80a8-7c589216becd;1;Exposure;2026-04-01 12:34:56.8476;Controllers;;OpenXR
Right;4;Exposure;0;NoMitigation;Translation;anonymous;Sample;1130;0.0000;0.0033;-0.0015;0.0011;351.6002;3.9055;2.6290;0.0033;-0.0015;0.0011;0.9964;-0.0724;0.0357;0.0254;0;0.2429;-1.7599;-0.0473;0.0000;342.2868;0.0000;0.0000;0.0000;0.0000;0.0000;0.0000;0.0000;0;0.0000;0.0000;0.0000;0.0000;0.0000;0.0000;ControllerBody;0.5395;-0.7141;0.4461;0.2200;-0.2304;0.2282;0.2770;0.4367;-0.2936;0.8039;0.1200;-0.2304;0.2282;45.5676;50.4117;164.3424;0.1162;-0.2255;0.2257;45.4992;50.3564;164.1621;0;0.1162;-0.2255;0.2257;45.4992;50.3564;164.1621;ControllerBody;1448ff49-a958-4320-80a8-7c589216becd;1;Exposure;2026-04-01 12:34:56.8720;Controllers;;OpenXR
Right;4;Exposure;0;NoMitigation;Translation;anonymous;Sample;1133;0.0000;0.0034;-0.0016;0.0007;351.3666;3.9127;2.6993;0.0034;-0.0016;0.0007;0.9962;-0.0744;0.0358;0.0260;0;0.2429;-1.7599;-0.0473;0.0000;342.2868;0.0000;0.0000;0.0000;0.0000;0.0000;0.0000;0.0000;0;0.0000;0.0000;0.0000;0.0000;0.0000;0.0000;ControllerBody;0.5395;-0.7141;0.4461;0.2200;-0.2305;0.2283;0.2770;0.4367;-0.2936;0.8039;0.1200;-0.2305;0.2283;45.5676;50.4117;164.3424;0.1162;-0.2255;0.2257;45.4992;50.3564;164.1621;0;0.1162;-0.2255;0.2257;45.4992;50.3564;164.1621;ControllerBody;1448ff49-a958-4320-80a8-7c589216becd;1;Exposure;2026-04-01 12:34:56.8973;Controllers;;OpenXR
Right;4;Exposure;0;NoMitigation;Translation;anonymous;Sample;1136;0.0000;0.0034;-0.0017;0.0004;351.2380;3.9203;2.5485;0.0034;-0.0017;0.0004;0.9962;-0.0756;0.0358;0.0248;0;0.2429;-1.7599;-0.0473;0.0000;342.2868;0.0000;0.0000;0.0000;0.0000;0.0000;0.0000;0.0000;0;0.0000;0.0000;0.0000;0.0000;0.0000;0.0000;ControllerBody;0.5395;-0.7141;0.4461;0.2200;-0.2305;0.2283;0.2770;0.4367;-0.2936;0.8039;0.1200;-0.2305;0.2283;45.5676;50.4117;164.3424;0.1162;-0.2255;0.2257;45.4992;50.3564;164.1621;0;0.1162;-0.2255;0.2257;45.4992;50.3564;164.1621;ControllerBody;1448ff49-a958-4320-80a8-7c589216becd;1;Exposure;2026-04-01 12:34:56.9237;Controllers;;OpenXR
Right;4;Exposure;0;NoMitigation;Translation;anonymous;Sample;1139;0.0000;0.0034;-0.0016;0.0002;351.2545;3.8617;2.4576;0.0034;-0.0016;0.0002;0.9962;-0.0755;0.0352;0.0239;0;0.2429;-1.7599;-0.0473;0.0000;342.2868;0.0000;0.0000;0.0000;0.0000;0.0000;0.0000;0.0000;0;0.0000;0.0000;0.0000;0.0000;0.0000;0.0000;ControllerBody;0.5395;-0.7141;0.4461;0.2200;-0.2305;0.2283;0.2770;0.4367;-0.2936;0.8039;0.1200;-0.2305;0.2283;45.5676;50.4117;164.3424;0.1162;-0.2255;0.2257;45.4992;50.3564;164.1621;0;0.1162;-0.2255;0.2257;45.4992;50.3564;164.1621;ControllerBody;1448ff49-a958-4320-80a8-7c589216becd;1;Exposure;2026-04-01 12:34:56.9561;Controllers;;OpenXR
Right;4;Exposure;0;NoMitigation;Translation;anonymous;Sample;1142;0.0000;0.0036;-0.0014;0.0001;351.2407;3.7315;2.5005;0.0036;-0.0014;0.0001;0.9963;-0.0756;0.0341;0.0242;0;0.2429;-1.7599;-0.0473;0.0000;342.2868;0.0000;0.0000;0.0000;0.0000;0.0000;0.0000;0.0000;0;0.0000;0.0000;0.0000;0.0000;0.0000;0.0000;ControllerBody;0.5395;-0.7141;0.4461;0.2201;-0.2305;0.2283;0.2770;0.4367;-0.2936;0.8039;0.1201;-0.2305;0.2283;45.5676;50.4117;164.3424;0.1162;-0.2255;0.2257;45.4992;50.3564;164.1621;0;0.1162;-0.2255;0.2257;45.4992;50.3564;164.1621;ControllerBody;1448ff49-a958-4320-80a8-7c589216becd;1;Exposure;2026-04-01 12:34:56.9811;Controllers;;OpenXR
Right;4;Exposure;0;NoMitigation;Translation;anonymous;Sample;1145;0.0000;0.0037;-0.0012;0.0000;351.2127;3.6008;2.5061;0.0037;-0.0012;0.0000;0.9963;-0.0759;0.0330;0.0242;0;0.2429;-1.7599;-0.0473;0.0000;342.2868;0.0000;0.0000;0.0000;0.0000;0.0000;0.0000;0.0000;0;0.0000;0.0000;0.0000;0.0000;0.0000;0.0000;ControllerBody;0.5395;-0.7141;0.4461;0.2201;-0.2305;0.2283;0.2770;0.4367;-0.2936;0.8039;0.1201;-0.2305;0.2283;45.5676;50.4117;164.3424;0.1162;-0.2255;0.2257;45.4992;50.3564;164.1621;0;0.1162;-0.2255;0.2257;45.4992;50.3564;164.1621;ControllerBody;1448ff49-a958-4320-80a8-7c589216becd;1;Exposure;2026-04-01 12:34:57.0096;Controllers;;OpenXR
Right;4;Exposure;0;NoMitigation;Translation;anonymous;Sample;1148;0.0000;0.0036;-0.0012;0.0000;351.1583;3.5380;2.4139;0.0036;-0.0012;0.0000;0.9963;-0.0764;0.0324;0.0234;0;0.2429;-1.7599;-0.0473;0.0000;342.2868;0.0000;0.0000;0.0000;0.0000;0.0000;0.0000;0.0000;0;0.0000;0.0000;0.0000;0.0000;0.0000;0.0000;ControllerBody;0.5395;-0.7141;0.4461;0.2201;-0.2305;0.2283;0.2770;0.4367;-0.2936;0.8039;0.1201;-0.2305;0.2283;45.5676;50.4117;164.3424;0.1162;-0.2255;0.2257;45.4992;50.3564;164.1621;0;0.1162;-0.2255;0.2257;45.4992;50.3564;164.1621;ControllerBody;1448ff49-a958-4320-80a8-7c589216becd;1;Exposure;2026-04-01 12:34:57.0342;Controllers;;OpenXR
Right;4;Exposure;0;NoMitigation;Translation;anonymous;Sample;1151;0.0000;0.0036;-0.0011;0.0000;351.1492;3.4908;2.4261;0.0036;-0.0011;0.0000;0.9963;-0.0765;0.0320;0.0234;0;0.2429;-1.7599;-0.0473;0.0000;342.2868;0.0000;0.0000;0.0000;0.0000;0.0000;0.0000;0.0000;0;0.0000;0.0000;0.0000;0.0000;0.0000;0.0000;ControllerBody;0.5395;-0.7141;0.4461;0.2201;-0.2305;0.2283;0.2770;0.4367;-0.2936;0.8039;0.1201;-0.2305;0.2283;45.5676;50.4117;164.3424;0.1162;-0.2255;0.2257;45.4992;50.3564;164.1621;0;0.1162;-0.2255;0.2257;45.4992;50.3564;164.1621;ControllerBody;1448ff49-a958-4320-80a8-7c589216becd;1;Exposure;2026-04-01 12:34:57.0572;Controllers;;OpenXR
Right;4;Exposure;0;NoMitigation;Translation;anonymous;Sample;1153;0.0000;0.0036;-0.0010;0.0000;351.1305;3.5115;2.4591;0.0036;-0.0010;0.0000;0.9963;-0.0766;0.0322;0.0238;0;0.2429;-1.7599;-0.0473;0.0000;342.2868;0.0000;0.0000;0.0000;0.0000;0.0000;0.0000;0.0000;0;0.0000;0.0000;0.0000;0.0000;0.0000;0.0000;ControllerBody;0.5395;-0.7141;0.4461;0.2201;-0.2305;0.2283;0.2770;0.4367;-0.2936;0.8039;0.1201;-0.2305;0.2283;45.5676;50.4117;164.3424;0.1162;-0.2255;0.2257;45.4992;50.3564;164.1621;0;0.1162;-0.2255;0.2257;45.4992;50.3564;164.1621;ControllerBody;1448ff49-a958-4320-80a8-7c589216becd;1;Exposure;2026-04-01 12:34:57.0866;Controllers;;OpenXR
Right;4;Exposure;0;NoMitigation;Translation;anonymous;Sample;1155;0.0000;0.0036;-0.0009;0.0000;351.0791;3.5790;2.3929;0.0036;-0.0009;0.0000;0.9962;-0.0771;0.0327;0.0232;0;0.2429;-1.7599;-0.0473;0.0000;342.2868;0.0000;0.0000;0.0000;0.0000;0.0000;0.0000;0.0000;0;0.0000;0.0000;0.0000;0.0000;0.0000;0.0000;ControllerBody;0.5395;-0.7141;0.4461;0.2201;-0.2305;0.2283;0.2770;0.4367;-0.2936;0.8039;0.1201;-0.2305;0.2283;45.5676;50.4117;164.3424;0.1162;-0.2255;0.2257;45.4992;50.3564;164.1621;0;0.1162;-0.2255;0.2257;45.4992;50.3564;164.1621;ControllerBody;1448ff49-a958-4320-80a8-7c589216becd;1;Exposure;2026-04-01 12:34:57.1081;Controllers;;OpenXR
Right;4;Exposure;0;NoMitigation;Translation;anonymous;Sample;1158;0.0000;0.0035;-0.0009;0.0000;351.0815;3.6861;2.3437;0.0035;-0.0009;0.0000;0.9962;-0.0770;0.0336;0.0229;0;0.2429;-1.7599;-0.0473;0.0000;342.2868;0.0000;0.0000;0.0000;0.0000;0.0000;0.0000;0.0000;0;0.0000;0.0000;0.0000;0.0000;0.0000;0.0000;ControllerBody;0.5395;-0.7141;0.4461;0.2201;-0.2305;0.2283;0.2770;0.4367;-0.2936;0.8039;0.1201;-0.2305;0.2283;45.5676;50.4117;164.3424;0.1162;-0.2255;0.2257;45.4992;50.3564;164.1621;0;0.1162;-0.2255;0.2257;45.4992;50.3564;164.1621;ControllerBody;1448ff49-a958-4320-80a8-7c589216becd;1;Exposure;2026-04-01 12:34:57.1305;Controllers;;OpenXR
Right;4;Exposure;0;NoMitigation;Translation;anonymous;Sample;1161;0.0000;0.0034;-0.0009;0.0001;351.0960;3.7669;2.4265;0.0034;-0.0009;0.0001;0.9962;-0.0769;0.0344;0.0236;0;0.2429;-1.7599;-0.0473;0.0000;342.2868;0.0000;0.0000;0.0000;0.0000;0.0000;0.0000;0.0000;0;0.0000;0.0000;0.0000;0.0000;0.0000;0.0000;ControllerBody;0.5395;-0.7141;0.4461;0.2201;-0.2305;0.2283;0.2770;0.4367;-0.2936;0.8039;0.1201;-0.2305;0.2283;45.5676;50.4117;164.3424;0.1162;-0.2255;0.2257;45.4992;50.3564;164.1621;0;0.1162;-0.2255;0.2257;45.4992;50.3564;164.1621;ControllerBody;1448ff49-a958-4320-80a8-7c589216becd;1;Exposure;2026-04-01 12:34:57.1538;Controllers;;OpenXR
Right;4;Exposure;0;NoMitigation;Translation;anonymous;Sample;1164;0.0000;0.0033;-0.0010;0.0001;351.0492;3.8203;2.4854;0.0033;-0.0010;0.0001;0.9961;-0.0772;0.0349;0.0242;0;0.2429;-1.7599;-0.0473;0.0000;342.2868;0.0000;0.0000;0.0000;0.0000;0.0000;0.0000;0.0000;0;0.0000;0.0000;0.0000;0.0000;0.0000;0.0000;ControllerBody;0.5395;-0.7141;0.4461;0.2201;-0.2305;0.2283;0.2770;0.4367;-0.2936;0.8039;0.1201;-0.2305;0.2283;45.5676;50.4117;164.3424;0.1162;-0.2255;0.2257;45.4992;50.3564;164.1621;0;0.1162;-0.2255;0.2257;45.4992;50.3564;164.1621;ControllerBody;1448ff49-a958-4320-80a8-7c589216becd;1;Exposure;2026-04-01 12:34:57.1801;Controllers;;OpenXR
Right;4;Exposure;0;NoMitigation;Translation;anonymous;Sample;1167;0.0000;0.0032;-0.0010;0.0003;351.0715;3.8379;2.5141;0.0032;-0.0010;0.0003;0.9961;-0.0770;0.0351;0.0245;0;0.2429;-1.7599;-0.0473;0.0000;342.2868;0.0000;0.0000;0.0000;0.0000;0.0000;0.0000;0.0000;0;0.0000;0.0000;0.0000;0.0000;0.0000;0.0000;ControllerBody;0.5395;-0.7141;0.4461;0.2201;-0.2305;0.2283;0.2770;0.4367;-0.2936;0.8039;0.1201;-0.2305;0.2283;45.5676;50.4117;164.3424;0.1162;-0.2255;0.2257;45.4992;50.3564;164.1621;0;0.1162;-0.2255;0.2257;45.4992;50.3564;164.1621;ControllerBody;1448ff49-a958-4320-80a8-7c589216becd;1;Exposure;2026-04-01 12:34:57.2036;Controllers;;OpenXR
Right;4;Exposure;0;NoMitigation;Translation;anonymous;Sample;1170;0.0000;0.0031;-0.0009;0.0005;351.1406;3.8450;2.5905;0.0031;-0.0009;0.0005;0.9961;-0.0764;0.0352;0.0251;0;0.2429;-1.7599;-0.0473;0.0000;342.2868;0.0000;0.0000;0.0000;0.0000;0.0000;0.0000;0.0000;0;0.0000;0.0000;0.0000;0.0000;0.0000;0.0000;ControllerBody;0.5395;-0.7141;0.4461;0.2201;-0.2305;0.2283;0.2770;0.4367;-0.2936;0.8039;0.1201;-0.2305;0.2283;45.5676;50.4117;164.3424;0.1162;-0.2255;0.2257;45.4992;50.3564;164.1621;0;0.1162;-0.2255;0.2257;45.4992;50.3564;164.1621;ControllerBody;1448ff49-a958-4320-80a8-7c589216becd;1;Exposure;2026-04-01 12:34:57.2313;Controllers;;OpenXR
Right;4;Exposure;0;NoMitigation;Translation;anonymous;Sample;1173;0.0000;0.0031;-0.0007;0.0005;351.1870;3.8672;2.5792;0.0031;-0.0007;0.0005;0.9962;-0.0760;0.0354;0.0250;0;0.2429;-1.7599;-0.0473;0.0000;342.2868;0.0000;0.0000;0.0000;0.0000;0.0000;0.0000;0.0000;0;0.0000;0.0000;0.0000;0.0000;0.0000;0.0000;ControllerBody;0.5395;-0.7141;0.4461;0.2201;-0.2305;0.2283;0.2770;0.4367;-0.2936;0.8039;0.1201;-0.2305;0.2283;45.5676;50.4117;164.3424;0.1162;-0.2255;0.2257;45.4992;50.3564;164.1621;0;0.1162;-0.2255;0.2257;45.4992;50.3564;164.1621;ControllerBody;1448ff49-a958-4320-80a8-7c589216becd;1;Exposure;2026-04-01 12:34:57.2552;Controllers;;OpenXR
Right;4;Exposure;0;NoMitigation;Translation;anonymous;Sample;1176;0.0000;0.0031;-0.0007;0.0004;351.1480;3.8886;2.5410;0.0031;-0.0007;0.0004;0.9961;-0.0764;0.0355;0.0247;0;0.2429;-1.7599;-0.0473;0.0000;342.2868;0.0000;0.0000;0.0000;0.0000;0.0000;0.0000;0.0000;0;0.0000;0.0000;0.0000;0.0000;0.0000;0.0000;ControllerBody;0.5395;-0.7141;0.4461;0.2201;-0.2305;0.2283;0.2770;0.4367;-0.2936;0.8039;0.1201;-0.2305;0.2283;45.5676;50.4117;164.3424;0.1162;-0.2255;0.2257;45.4992;50.3564;164.1621;0;0.1162;-0.2255;0.2257;45.4992;50.3564;164.1621;ControllerBody;1448ff49-a958-4320-80a8-7c589216becd;1;Exposure;2026-04-01 12:34:57.2791;Controllers;;OpenXR
Right;4;Exposure;0;NoMitigation;Translation;anonymous;Sample;1179;0.0000;0.0032;-0.0007;0.0002;351.1076;3.8910;2.5398;0.0032;-0.0007;0.0002;0.9961;-0.0767;0.0356;0.0247;0;0.2429;-1.7599;-0.0473;0.0000;342.2868;0.0000;0.0000;0.0000;0.0000;0.0000;0.0000;0.0000;0;0.0000;0.0000;0.0000;0.0000;0.0000;0.0000;ControllerBody;0.5395;-0.7141;0.4461;0.2201;-0.2305;0.2283;0.2770;0.4367;-0.2936;0.8039;0.1201;-0.2305;0.2283;45.5676;50.4117;164.3424;0.1162;-0.2255;0.2257;45.4992;50.3564;164.1621;0;0.1162;-0.2255;0.2257;45.4992;50.3564;164.1621;ControllerBody;1448ff49-a958-4320-80a8-7c589216becd;1;Exposure;2026-04-01 12:34:57.3062;Controllers;;OpenXR
Right;4;Exposure;0;NoMitigation;Translation;anonymous;Sample;1182;0.0000;0.0034;-0.0007;-0.0002;351.0123;3.9223;2.4815;0.0034;-0.0007;-0.0002;0.9961;-0.0775;0.0358;0.0243;0;0.2429;-1.7599;-0.0473;0.0000;342.2868;0.0000;0.0000;0.0000;0.0000;0.0000;0.0000;0.0000;0;0.0000;0.0000;0.0000;0.0000;0.0000;0.0000;ControllerBody;0.5395;-0.7141;0.4461;0.2201;-0.2305;0.2283;0.2770;0.4367;-0.2936;0.8039;0.1201;-0.2305;0.2283;45.5676;50.4117;164.3424;0.1162;-0.2255;0.2257;45.4992;50.3564;164.1621;0;0.1162;-0.2255;0.2257;45.4992;50.3564;164.1621;ControllerBody;1448ff49-a958-4320-80a8-7c589216becd;1;Exposure;2026-04-01 12:34:57.3306;Controllers;;OpenXR
Right;4;Exposure;0;NoMitigation;Translation;anonymous;Sample;1185;0.0000;0.0036;-0.0008;-0.0005;350.9019;3.9415;2.3594;0.0036;-0.0008;-0.0005;0.9960;-0.0785;0.0359;0.0232;0;0.2429;-1.7599;-0.0473;0.0000;342.2868;0.0000;0.0000;0.0000;0.0000;0.0000;0.0000;0.0000;0;0.0000;0.0000;0.0000;0.0000;0.0000;0.0000;ControllerBody;0.5395;-0.7141;0.4461;0.2201;-0.2305;0.2283;0.2770;0.4367;-0.2936;0.8039;0.1201;-0.2305;0.2283;45.5676;50.4117;164.3424;0.1162;-0.2255;0.2257;45.4992;50.3564;164.1621;0;0.1162;-0.2255;0.2257;45.4992;50.3564;164.1621;ControllerBody;1448ff49-a958-4320-80a8-7c589216becd;1;Exposure;2026-04-01 12:34:57.3549;Controllers;;OpenXR
Right;4;Exposure;0;NoMitigation;Translation;anonymous;Sample;1188;0.0000;0.0039;-0.0009;-0.0006;350.8740;3.8725;2.3191;0.0039;-0.0009;-0.0006;0.9960;-0.0788;0.0353;0.0228;0;0.2429;-1.7599;-0.0473;0.0000;342.2868;0.0000;0.0000;0.0000;0.0000;0.0000;0.0000;0.0000;0;0.0000;0.0000;0.0000;0.0000;0.0000;0.0000;ControllerBody;0.5395;-0.7141;0.4461;0.2201;-0.2305;0.2284;0.2770;0.4367;-0.2936;0.8039;0.1201;-0.2305;0.2284;45.5676;50.4117;164.3424;0.1162;-0.2255;0.2257;45.4992;50.3564;164.1621;0;0.1162;-0.2255;0.2257;45.4992;50.3564;164.1621;ControllerBody;1448ff49-a958-4320-80a8-7c589216becd;1;Exposure;2026-04-01 12:34:57.3793;Controllers;;OpenXR
Right;4;Exposure;0;NoMitigation;Translation;anonymous;Sample;1191;0.0000;0.0041;-0.0009;-0.0006;350.8412;3.7844;2.3204;0.0041;-0.0009;-0.0006;0.9960;-0.0791;0.0345;0.0228;0;0.2429;-1.7599;-0.0473;0.0000;342.2868;0.0000;0.0000;0.0000;0.0000;0.0000;0.0000;0.0000;0;0.0000;0.0000;0.0000;0.0000;0.0000;0.0000;ControllerBody;0.5395;-0.7141;0.4461;0.2201;-0.2305;0.2284;0.2770;0.4367;-0.2936;0.8039;0.1201;-0.2305;0.2284;45.5676;50.4117;164.3424;0.1162;-0.2255;0.2257;45.4992;50.3564;164.1621;0;0.1162;-0.2255;0.2257;45.4992;50.3564;164.1621;ControllerBody;1448ff49-a958-4320-80a8-7c589216becd;1;Exposure;2026-04-01 12:34:57.4032;Controllers;;OpenXR
Right;4;Exposure;0;NoMitigation;Translation;anonymous;Sample;1194;0.0000;0.0041;-0.0009;-0.0005;350.9359;3.7291;2.2781;0.0041;-0.0009;-0.0005;0.9961;-0.0783;0.0340;0.0224;0;0.2429;-1.7599;-0.0473;0.0000;342.2868;0.0000;0.0000;0.0000;0.0000;0.0000;0.0000;0.0000;0;0.0000;0.0000;0.0000;0.0000;0.0000;0.0000;ControllerBody;0.5395;-0.7141;0.4461;0.2201;-0.2305;0.2284;0.2770;0.4367;-0.2936;0.8039;0.1201;-0.2305;0.2284;45.5676;50.4117;164.3424;0.1162;-0.2255;0.2257;45.4992;50.3564;164.1621;0;0.1162;-0.2255;0.2257;45.4992;50.3564;164.1621;ControllerBody;1448ff49-a958-4320-80a8-7c589216becd;1;Exposure;2026-04-01 12:34:57.4291;Controllers;;OpenXR
Right;4;Exposure;0;NoMitigation;Translation;anonymous;Sample;1197;0.0000;0.0041;-0.0009;-0.0003;351.0113;3.7296;2.3085;0.0041;-0.0009;-0.0003;0.9961;-0.0776;0.0340;0.0226;0;0.2429;-1.7599;-0.0473;0.0000;342.2868;0.0000;0.0000;0.0000;0.0000;0.0000;0.0000;0.0000;0;0.0000;0.0000;0.0000;0.0000;0.0000;0.0000;ControllerBody;0.5395;-0.7141;0.4461;0.2201;-0.2305;0.2284;0.2770;0.4367;-0.2936;0.8039;0.1201;-0.2305;0.2284;45.5676;50.4117;164.3424;0.1162;-0.2255;0.2257;45.4992;50.3564;164.1621;0;0.1162;-0.2255;0.2257;45.4992;50.3564;164.1621;ControllerBody;1448ff49-a958-4320-80a8-7c589216becd;1;Exposure;2026-04-01 12:34:57.4541;Controllers;;OpenXR
Right;4;Exposure;0;NoMitigation;Translation;anonymous;Sample;1200;0.0000;0.0041;-0.0006;-0.0001;351.0963;3.7670;2.3500;0.0041;-0.0006;-0.0001;0.9962;-0.0769;0.0344;0.0230;0;0.2429;-1.7599;-0.0473;0.0000;342.2868;0.0000;0.0000;0.0000;0.0000;0.0000;0.0000;0.0000;0;0.0000;0.0000;0.0000;0.0000;0.0000;0.0000;ControllerBody;0.5395;-0.7141;0.4461;0.2201;-0.2305;0.2284;0.2770;0.4367;-0.2936;0.8039;0.1201;-0.2305;0.2284;45.5676;50.4117;164.3424;0.1162;-0.2255;0.2257;45.4992;50.3564;164.1621;0;0.1162;-0.2255;0.2257;45.4992;50.3564;164.1621;ControllerBody;1448ff49-a958-4320-80a8-7c589216becd;1;Exposure;2026-04-01 12:34:57.4781;Controllers;;OpenXR
Right;4;Exposure;0;NoMitigation;Translation;anonymous;Sample;1203;0.0000;0.0041;-0.0004;-0.0001;351.1576;3.8479;2.3393;0.0041;-0.0004;-0.0001;0.9962;-0.0763;0.0350;0.0229;0;0.2429;-1.7599;-0.0473;0.0000;342.2868;0.0000;0.0000;0.0000;0.0000;0.0000;0.0000;0.0000;0;0.0000;0.0000;0.0000;0.0000;0.0000;0.0000;ControllerBody;0.5395;-0.7141;0.4461;0.2201;-0.2305;0.2284;0.2770;0.4367;-0.2936;0.8039;0.1201;-0.2305;0.2284;45.5676;50.4117;164.3424;0.1162;-0.2255;0.2257;45.4992;50.3564;164.1621;0;0.1162;-0.2255;0.2257;45.4992;50.3564;164.1621;ControllerBody;1448ff49-a958-4320-80a8-7c589216becd;1;Exposure;2026-04-01 12:34:57.5046;Controllers;;OpenXR
Right;4;Exposure;0;NoMitigation;Translation;anonymous;Sample;1206;0.0000;0.0040;-0.0003;-0.0002;351.0370;3.9518;2.2803;0.0040;-0.0003;-0.0002;0.9961;-0.0774;0.0359;0.0225;0;0.2429;-1.7599;-0.0473;0.0000;342.2868;0.0000;0.0000;0.0000;0.0000;0.0000;0.0000;0.0000;0;0.0000;0.0000;0.0000;0.0000;0.0000;0.0000;ControllerBody;0.5395;-0.7141;0.4461;0.2201;-0.2305;0.2284;0.2770;0.4367;-0.2936;0.8039;0.1201;-0.2305;0.2284;45.5676;50.4117;164.3424;0.1162;-0.2255;0.2257;45.4992;50.3564;164.1621;0;0.1162;-0.2255;0.2257;45.4992;50.3564;164.1621;ControllerBody;1448ff49-a958-4320-80a8-7c589216becd;1;Exposure;2026-04-01 12:34:57.5291;Controllers;;OpenXR
Right;4;Exposure;0;NoMitigation;Translation;anonymous;Sample;1209;0.0000;0.0040;-0.0003;-0.0003;350.9413;3.9976;2.2606;0.0040;-0.0003;-0.0003;0.9960;-0.0782;0.0363;0.0224;0;0.2429;-1.7599;-0.0473;0.0000;342.2868;0.0000;0.0000;0.0000;0.0000;0.0000;0.0000;0.0000;0;0.0000;0.0000;0.0000;0.0000;0.0000;0.0000;ControllerBody;0.5395;-0.7141;0.4461;0.2201;-0.2305;0.2284;0.2770;0.4367;-0.2936;0.8039;0.1201;-0.2305;0.2284;45.5676;50.4117;164.3424;0.1162;-0.2255;0.2257;45.4992;50.3564;164.1621;0;0.1162;-0.2255;0.2257;45.4992;50.3564;164.1621;ControllerBody;1448ff49-a958-4320-80a8-7c589216becd;1;Exposure;2026-04-01 12:34:57.5539;Controllers;;OpenXR
Right;4;Exposure;0;NoMitigation;Translation;anonymous;Sample;1212;0.0000;0.0041;-0.0002;-0.0005;350.9326;4.0158;2.2472;0.0041;-0.0002;-0.0005;0.9960;-0.0783;0.0365;0.0223;0;0.2429;-1.7599;-0.0473;0.0000;342.2868;0.0000;0.0000;0.0000;0.0000;0.0000;0.0000;0.0000;0;0.0000;0.0000;0.0000;0.0000;0.0000;0.0000;ControllerBody;0.5395;-0.7141;0.4461;0.2201;-0.2305;0.2284;0.2770;0.4367;-0.2936;0.8039;0.1201;-0.2305;0.2284;45.5676;50.4117;164.3424;0.1162;-0.2255;0.2257;45.4992;50.3564;164.1621;0;0.1162;-0.2255;0.2257;45.4992;50.3564;164.1621;ControllerBody;1448ff49-a958-4320-80a8-7c589216becd;1;Exposure;2026-04-01 12:34:57.5791;Controllers;;OpenXR
Right;4;Exposure;0;NoMitigation;Translation;anonymous;Sample;1215;0.0000;0.0042;-0.0004;-0.0007;350.8577;3.9882;2.1632;0.0042;-0.0004;-0.0007;0.9960;-0.0790;0.0362;0.0216;0;0.2429;-1.7599;-0.0473;0.0000;342.2868;0.0000;0.0000;0.0000;0.0000;0.0000;0.0000;0.0000;0;0.0000;0.0000;0.0000;0.0000;0.0000;0.0000;ControllerBody;0.5395;-0.7141;0.4461;0.2201;-0.2305;0.2284;0.2770;0.4367;-0.2936;0.8039;0.1201;-0.2305;0.2284;45.5676;50.4117;164.3424;0.1162;-0.2255;0.2257;45.4992;50.3564;164.1621;0;0.1162;-0.2255;0.2257;45.4992;50.3564;164.1621;ControllerBody;1448ff49-a958-4320-80a8-7c589216becd;1;Exposure;2026-04-01 12:34:57.6048;Controllers;;OpenXR
Right;4;Exposure;0;NoMitigation;Translation;anonymous;Sample;1218;0.0000;0.0041;-0.0005;-0.0009;350.8342;3.9210;2.1078;0.0041;-0.0005;-0.0009;0.9960;-0.0792;0.0356;0.0211;0;0.2429;-1.7599;-0.0473;0.0000;342.2868;0.0000;0.0000;0.0000;0.0000;0.0000;0.0000;0.0000;0;0.0000;0.0000;0.0000;0.0000;0.0000;0.0000;ControllerBody;0.5395;-0.7141;0.4461;0.2201;-0.2305;0.2284;0.2770;0.4367;-0.2936;0.8039;0.1201;-0.2305;0.2284;45.5676;50.4117;164.3424;0.1162;-0.2255;0.2257;45.4992;50.3564;164.1621;0;0.1162;-0.2255;0.2257;45.4992;50.3564;164.1621;ControllerBody;1448ff49-a958-4320-80a8-7c589216becd;1;Exposure;2026-04-01 12:34:57.6292;Controllers;;OpenXR
Right;4;Exposure;0;NoMitigation;Translation;anonymous;Sample;1221;0.0000;0.0041;-0.0008;-0.0009;350.8214;3.8148;2.1947;0.0041;-0.0008;-0.0009;0.9960;-0.0793;0.0347;0.0217;0;0.2429;-1.7599;-0.0473;0.0000;342.2868;0.0000;0.0000;0.0000;0.0000;0.0000;0.0000;0.0000;0;0.0000;0.0000;0.0000;0.0000;0.0000;0.0000;ControllerBody;0.5395;-0.7141;0.4461;0.2201;-0.2305;0.2284;0.2770;0.4367;-0.2936;0.8039;0.1201;-0.2305;0.2284;45.5676;50.4117;164.3424;0.1162;-0.2255;0.2257;45.4992;50.3564;164.1621;0;0.1162;-0.2255;0.2257;45.4992;50.3564;164.1621;ControllerBody;1448ff49-a958-4320-80a8-7c589216becd;1;Exposure;2026-04-01 12:34:57.6534;Controllers;;OpenXR
Right;4;Exposure;0;NoMitigation;Translation;anonymous;Sample;1224;0.0000;0.0040;-0.0009;-0.0007;350.8827;3.6626;2.3134;0.0040;-0.0009;-0.0007;0.9961;-0.0788;0.0335;0.0227;0;0.2429;-1.7599;-0.0473;0.0000;342.2868;0.0000;0.0000;0.0000;0.0000;0.0000;0.0000;0.0000;0;0.0000;0.0000;0.0000;0.0000;0.0000;0.0000;ControllerBody;0.5395;-0.7141;0.4461;0.2201;-0.2305;0.2284;0.2770;0.4367;-0.2936;0.8039;0.1201;-0.2305;0.2284;45.5676;50.4117;164.3424;0.1162;-0.2255;0.2257;45.4992;50.3564;164.1621;0;0.1162;-0.2255;0.2257;45.4992;50.3564;164.1621;ControllerBody;1448ff49-a958-4320-80a8-7c589216becd;1;Exposure;2026-04-01 12:34:57.6790;Controllers;;OpenXR
Right;4;Exposure;0;NoMitigation;Translation;anonymous;Sample;1227;0.0000;0.0039;-0.0009;-0.0004;351.0923;3.4882;2.4237;0.0039;-0.0009;-0.0004;0.9962;-0.0770;0.0320;0.0234;0;0.2429;-1.7599;-0.0473;0.0000;342.2868;0.0000;0.0000;0.0000;0.0000;0.0000;0.0000;0.0000;0;0.0000;0.0000;0.0000;0.0000;0.0000;0.0000;ControllerBody;0.5395;-0.7141;0.4461;0.2201;-0.2305;0.2284;0.2770;0.4367;-0.2936;0.8039;0.1201;-0.2305;0.2284;45.5676;50.4117;164.3424;0.1162;-0.2255;0.2257;45.4992;50.3564;164.1621;0;0.1162;-0.2255;0.2257;45.4992;50.3564;164.1621;ControllerBody;1448ff49-a958-4320-80a8-7c589216becd;1;Exposure;2026-04-01 12:34:57.7047;Controllers;;OpenXR
Right;4;Exposure;0;NoMitigation;Translation;anonymous;Sample;1230;0.0000;0.0037;-0.0009;-0.0001;351.1677;3.3316;2.5652;0.0037;-0.0009;-0.0001;0.9963;-0.0763;0.0307;0.0245;0;0.2429;-1.7599;-0.0473;0.0000;342.2868;0.0000;0.0000;0.0000;0.0000;0.0000;0.0000;0.0000;0;0.0000;0.0000;0.0000;0.0000;0.0000;0.0000;ControllerBody;0.5395;-0.7141;0.4461;0.2201;-0.2305;0.2284;0.2770;0.4367;-0.2936;0.8039;0.1201;-0.2305;0.2284;45.5676;50.4117;164.3424;0.1162;-0.2255;0.2257;45.4992;50.3564;164.1621;0;0.1162;-0.2255;0.2257;45.4992;50.3564;164.1621;ControllerBody;1448ff49-a958-4320-80a8-7c589216becd;1;Exposure;2026-04-01 12:34:57.7297;Controllers;;OpenXR
Right;4;Exposure;0;NoMitigation;Translation;anonymous;Sample;1233;0.0000;0.0035;-0.0010;0.0002;351.2710;3.1952;2.6451;0.0035;-0.0010;0.0002;0.9964;-0.0754;0.0295;0.0251;0;0.2429;-1.7599;-0.0473;0.0000;342.2868;0.0000;0.0000;0.0000;0.0000;0.0000;0.0000;0.0000;0;0.0000;0.0000;0.0000;0.0000;0.0000;0.0000;ControllerBody;0.5395;-0.7141;0.4461;0.2201;-0.2305;0.2284;0.2770;0.4367;-0.2936;0.8039;0.1201;-0.2305;0.2284;45.5676;50.4117;164.3424;0.1162;-0.2255;0.2257;45.4992;50.3564;164.1621;0;0.1162;-0.2255;0.2257;45.4992;50.3564;164.1621;ControllerBody;1448ff49-a958-4320-80a8-7c589216becd;1;Exposure;2026-04-01 12:34:57.7533;Controllers;;OpenXR
Right;4;Exposure;0;NoMitigation;Translation;anonymous;Sample;1236;0.0000;0.0033;-0.0013;0.0005;351.3053;2.9836;2.8658;0.0033;-0.0013;0.0005;0.9964;-0.0751;0.0278;0.0269;0;0.2429;-1.7599;-0.0473;0.0000;342.2868;0.0000;0.0000;0.0000;0.0000;0.0000;0.0000;0.0000;0;0.0000;0.0000;0.0000;0.0000;0.0000;0.0000;ControllerBody;0.5395;-0.7141;0.4461;0.2201;-0.2305;0.2284;0.2770;0.4367;-0.2936;0.8039;0.1201;-0.2305;0.2284;45.5676;50.4117;164.3424;0.1162;-0.2255;0.2257;45.4992;50.3564;164.1621;0;0.1162;-0.2255;0.2257;45.4992;50.3564;164.1621;ControllerBody;1448ff49-a958-4320-80a8-7c589216becd;1;Exposure;2026-04-01 12:34:57.7792;Controllers;;OpenXR
Right;4;Exposure;0;NoMitigation;Translation;anonymous;Sample;1239;0.0000;0.0032;-0.0016;0.0008;351.2866;2.8058;3.2213;0.0032;-0.0016;0.0008;0.9964;-0.0752;0.0265;0.0299;0;0.2429;-1.7599;-0.0473;0.0000;342.2868;0.0000;0.0000;0.0000;0.0000;0.0000;0.0000;0.0000;0;0.0000;0.0000;0.0000;0.0000;0.0000;0.0000;ControllerBody;0.5395;-0.7141;0.4461;0.2201;-0.2305;0.2284;0.2770;0.4367;-0.2936;0.8039;0.1201;-0.2305;0.2284;45.5676;50.4117;164.3424;0.1162;-0.2255;0.2257;45.4992;50.3564;164.1621;0;0.1162;-0.2255;0.2257;45.4992;50.3564;164.1621;ControllerBody;1448ff49-a958-4320-80a8-7c589216becd;1;Exposure;2026-04-01 12:34:57.8047;Controllers;;OpenXR
Right;4;Exposure;0;NoMitigation;Translation;anonymous;Sample;1242;0.0000;0.0028;-0.0019;0.0011;351.3929;2.7273;3.5563;0.0028;-0.0019;0.0011;0.9964;-0.0742;0.0260;0.0327;0;0.2429;-1.7599;-0.0473;0.0000;342.2868;0.0000;0.0000;0.0000;0.0000;0.0000;0.0000;0.0000;0;0.0000;0.0000;0.0000;0.0000;0.0000;0.0000;ControllerBody;0.5395;-0.7141;0.4461;0.2201;-0.2305;0.2284;0.2770;0.4367;-0.2936;0.8039;0.1201;-0.2305;0.2284;45.5676;50.4117;164.3424;0.1162;-0.2255;0.2257;45.4992;50.3564;164.1621;0;0.1162;-0.2255;0.2257;45.4992;50.3564;164.1621;ControllerBody;1448ff49-a958-4320-80a8-7c589216becd;1;Exposure;2026-04-01 12:34:57.8287;Controllers;;OpenXR
Right;4;Exposure;0;NoMitigation;Translation;anonymous;Sample;1245;0.0000;0.0023;-0.0023;0.0017;351.4115;2.7297;3.9459;0.0023;-0.0023;0.0017;0.9963;-0.0740;0.0263;0.0361;0;0.2429;-1.7599;-0.0473;0.0000;342.2868;0.0000;0.0000;0.0000;0.0000;0.0000;0.0000;0.0000;0;0.0000;0.0000;0.0000;0.0000;0.0000;0.0000;ControllerBody;0.5395;-0.7141;0.4461;0.2201;-0.2305;0.2284;0.2770;0.4367;-0.2936;0.8039;0.1201;-0.2305;0.2284;45.5676;50.4117;164.3424;0.1162;-0.2255;0.2257;45.4992;50.3564;164.1621;0;0.1162;-0.2255;0.2257;45.4992;50.3564;164.1621;ControllerBody;1448ff49-a958-4320-80a8-7c589216becd;1;Exposure;2026-04-01 12:34:57.8537;Controllers;;OpenXR
Right;4;Exposure;0;NoMitigation;Translation;anonymous;Sample;1248;0.0000;0.0020;-0.0026;0.0026;351.4665;2.6987;4.2162;0.0020;-0.0026;0.0026;0.9962;-0.0735;0.0262;0.0384;0;0.2429;-1.7599;-0.0473;0.0000;342.2868;0.0000;0.0000;0.0000;0.0000;0.0000;0.0000;0.0000;0;0.0000;0.0000;0.0000;0.0000;0.0000;0.0000;ControllerBody;0.5395;-0.7141;0.4461;0.2201;-0.2305;0.2284;0.2770;0.4367;-0.2936;0.8039;0.1201;-0.2305;0.2284;45.5676;50.4117;164.3424;0.1162;-0.2255;0.2257;45.4992;50.3564;164.1621;0;0.1162;-0.2255;0.2257;45.4992;50.3564;164.1621;ControllerBody;1448ff49-a958-4320-80a8-7c589216becd;1;Exposure;2026-04-01 12:34:57.8792;Controllers;;OpenXR
Right;4;Exposure;0;NoMitigation;Translation;anonymous;Sample;1251;0.0000;0.0016;-0.0026;0.0032;351.9263;2.6113;4.1929;0.0016;-0.0026;0.0032;0.9965;-0.0695;0.0253;0.0381;0;0.2429;-1.7599;-0.0473;0.0000;342.2868;0.0000;0.0000;0.0000;0.0000;0.0000;0.0000;0.0000;0;0.0000;0.0000;0.0000;0.0000;0.0000;0.0000;ControllerBody;0.5395;-0.7141;0.4461;0.2201;-0.2305;0.2284;0.2770;0.4367;-0.2936;0.8039;0.1201;-0.2305;0.2284;45.5676;50.4117;164.3424;0.1162;-0.2255;0.2257;45.4992;50.3564;164.1621;0;0.1162;-0.2255;0.2257;45.4992;50.3564;164.1621;ControllerBody;1448ff49-a958-4320-80a8-7c589216becd;1;Exposure;2026-04-01 12:34:57.9040;Controllers;;OpenXR
Right;4;Exposure;0;NoMitigation;Translation;anonymous;Sample;1254;0.0000;0.0015;-0.0031;0.0041;352.1039;2.4687;4.1135;0.0015;-0.0031;0.0041;0.9967;-0.0680;0.0239;0.0373;0;0.2429;-1.7599;-0.0473;0.0000;342.2868;0.0000;0.0000;0.0000;0.0000;0.0000;0.0000;0.0000;0;0.0000;0.0000;0.0000;0.0000;0.0000;0.0000;ControllerBody;0.5395;-0.7141;0.4461;0.2201;-0.2305;0.2284;0.2770;0.4367;-0.2936;0.8039;0.1201;-0.2305;0.2284;45.5676;50.4117;164.3424;0.1162;-0.2255;0.2257;45.4992;50.3564;164.1621;0;0.1162;-0.2255;0.2257;45.4992;50.3564;164.1621;ControllerBody;1448ff49-a958-4320-80a8-7c589216becd;1;Exposure;2026-04-01 12:34:57.9288;Controllers;;OpenXR
Right;4;Exposure;0;NoMitigation;Translation;anonymous;Sample;1257;0.0000;0.0015;-0.0035;0.0049;352.3898;2.2831;4.0316;0.0015;-0.0035;0.0049;0.9969;-0.0656;0.0222;0.0364;0;0.2429;-1.7599;-0.0473;0.0000;342.2868;0.0000;0.0000;0.0000;0.0000;0.0000;0.0000;0.0000;0;0.0000;0.0000;0.0000;0.0000;0.0000;0.0000;ControllerBody;0.5395;-0.7141;0.4461;0.2201;-0.2305;0.2284;0.2770;0.4367;-0.2936;0.8039;0.1201;-0.2305;0.2284;45.5676;50.4117;164.3424;0.1162;-0.2255;0.2257;45.4992;50.3564;164.1621;0;0.1162;-0.2255;0.2257;45.4992;50.3564;164.1621;ControllerBody;1448ff49-a958-4320-80a8-7c589216becd;1;Exposure;2026-04-01 12:34:57.9538;Controllers;;OpenXR
Right;4;Exposure;0;NoMitigation;Translation;anonymous;Sample;1260;0.0000;0.0016;-0.0036;0.0053;352.7848;2.0843;4.1065;0.0016;-0.0036;0.0053;0.9972;-0.0622;0.0204;0.0369;0;0.2429;-1.7599;-0.0473;0.0000;342.2868;0.0000;0.0000;0.0000;0.0000;0.0000;0.0000;0.0000;0;0.0000;0.0000;0.0000;0.0000;0.0000;0.0000;ControllerBody;0.5395;-0.7141;0.4461;0.2201;-0.2305;0.2284;0.2770;0.4367;-0.2936;0.8039;0.1201;-0.2305;0.2284;45.5676;50.4117;164.3424;0.1162;-0.2255;0.2257;45.4992;50.3564;164.1621;0;0.1162;-0.2255;0.2257;45.4992;50.3564;164.1621;ControllerBody;1448ff49-a958-4320-80a8-7c589216becd;1;Exposure;2026-04-01 12:34:57.9794;Controllers;;OpenXR
Right;4;Exposure;0;NoMitigation;Translation;anonymous;Sample;1263;0.0000;0.0019;-0.0038;0.0060;352.9616;1.9749;4.2398;0.0019;-0.0038;0.0060;0.9972;-0.0607;0.0195;0.0380;0;0.2429;-1.7599;-0.0473;0.0000;342.2868;0.0000;0.0000;0.0000;0.0000;0.0000;0.0000;0.0000;0;0.0000;0.0000;0.0000;0.0000;0.0000;0.0000;ControllerBody;0.5395;-0.7141;0.4461;0.2201;-0.2305;0.2284;0.2770;0.4367;-0.2936;0.8039;0.1201;-0.2305;0.2284;45.5676;50.4117;164.3424;0.1162;-0.2255;0.2257;45.4992;50.3564;164.1621;0;0.1162;-0.2255;0.2257;45.4992;50.3564;164.1621;ControllerBody;1448ff49-a958-4320-80a8-7c589216becd;1;Exposure;2026-04-01 12:34:58.0050;Controllers;;OpenXR
Right;4;Exposure;0;NoMitigation;Translation;anonymous;Sample;1266;0.0000;0.0022;-0.0037;0.0065;353.3502;1.7664;4.2365;0.0022;-0.0037;0.0065;0.9975;-0.0574;0.0175;0.0378;0;0.2429;-1.7599;-0.0473;0.0000;342.2868;0.0000;0.0000;0.0000;0.0000;0.0000;0.0000;0.0000;0;0.0000;0.0000;0.0000;0.0000;0.0000;0.0000;ControllerBody;0.5395;-0.7141;0.4461;0.2201;-0.2305;0.2285;0.2770;0.4367;-0.2936;0.8039;0.1201;-0.2305;0.2285;45.5676;50.4117;164.3424;0.1162;-0.2255;0.2257;45.4992;50.3564;164.1621;0;0.1162;-0.2255;0.2257;45.4992;50.3564;164.1621;ControllerBody;1448ff49-a958-4320-80a8-7c589216becd;1;Exposure;2026-04-01 12:34:58.0299;Controllers;;OpenXR
Right;4;Exposure;0;NoMitigation;Translation;anonymous;Sample;1269;0.0000;0.0028;-0.0038;0.0069;353.5229;1.5286;4.3493;0.0028;-0.0038;0.0069;0.9976;-0.0559;0.0155;0.0386;0;0.2429;-1.7599;-0.0473;0.0000;342.2868;0.0000;0.0000;0.0000;0.0000;0.0000;0.0000;0.0000;0;0.0000;0.0000;0.0000;0.0000;0.0000;0.0000;ControllerBody;0.5395;-0.7141;0.4461;0.2201;-0.2305;0.2285;0.2770;0.4367;-0.2936;0.8039;0.1201;-0.2305;0.2285;45.5676;50.4117;164.3424;0.1162;-0.2255;0.2257;45.4992;50.3564;164.1621;0;0.1162;-0.2255;0.2257;45.4992;50.3564;164.1621;ControllerBody;1448ff49-a958-4320-80a8-7c589216becd;1;Exposure;2026-04-01 12:34:58.0549;Controllers;;OpenXR
Right;4;Exposure;0;NoMitigation;Translation;anonymous;Sample;1272;0.0000;0.0033;-0.0037;0.0069;353.6445;1.4092;4.4058;0.0033;-0.0037;0.0069;0.9976;-0.0549;0.0144;0.0391;0;0.2429;-1.7599;-0.0473;0.0000;342.2868;0.0000;0.0000;0.0000;0.0000;0.0000;0.0000;0.0000;0;0.0000;0.0000;0.0000;0.0000;0.0000;0.0000;ControllerBody;0.5395;-0.7141;0.4461;0.2201;-0.2305;0.2285;0.2770;0.4367;-0.2936;0.8039;0.1201;-0.2305;0.2285;45.5676;50.4117;164.3424;0.1162;-0.2255;0.2257;45.4992;50.3564;164.1621;0;0.1162;-0.2255;0.2257;45.4992;50.3564;164.1621;ControllerBody;1448ff49-a958-4320-80a8-7c589216becd;1;Exposure;2026-04-01 12:34:58.0793;Controllers;;OpenXR
Right;4;Exposure;0;NoMitigation;Translation;anonymous;Sample;1275;0.0000;0.0038;-0.0038;0.0068;353.7496;1.4594;4.2228;0.0038;-0.0038;0.0068;0.9977;-0.0540;0.0147;0.0375;0;0.2429;-1.7599;-0.0473;0.0000;342.2868;0.0000;0.0000;0.0000;0.0000;0.0000;0.0000;0.0000;0;0.0000;0.0000;0.0000;0.0000;0.0000;0.0000;ControllerBody;0.5395;-0.7141;0.4461;0.2201;-0.2306;0.2285;0.2770;0.4367;-0.2936;0.8039;0.1201;-0.2306;0.2285;45.5676;50.4117;164.3424;0.1162;-0.2255;0.2257;45.4992;50.3564;164.1621;0;0.1162;-0.2255;0.2257;45.4992;50.3564;164.1621;ControllerBody;1448ff49-a958-4320-80a8-7c589216becd;1;Exposure;2026-04-01 12:34:58.1040;Controllers;;OpenXR
Right;4;Exposure;0;NoMitigation;Translation;anonymous;Sample;1278;0.0000;0.0043;-0.0042;0.0068;353.6264;1.5680;3.9627;0.0043;-0.0042;0.0068;0.9977;-0.0551;0.0156;0.0353;0;0.2429;-1.7599;-0.0473;0.0000;342.2868;0.0000;0.0000;0.0000;0.0000;0.0000;0.0000;0.0000;0;0.0000;0.0000;0.0000;0.0000;0.0000;0.0000;ControllerBody;0.5395;-0.7141;0.4461;0.2201;-0.2306;0.2285;0.2770;0.4367;-0.2936;0.8039;0.1201;-0.2306;0.2285;45.5676;50.4117;164.3424;0.1162;-0.2255;0.2257;45.4992;50.3564;164.1621;0;0.1162;-0.2255;0.2257;45.4992;50.3564;164.1621;ControllerBody;1448ff49-a958-4320-80a8-7c589216becd;1;Exposure;2026-04-01 12:34:58.1291;Controllers;;OpenXR
Right;4;Exposure;0;NoMitigation;Translation;anonymous;Sample;1281;0.0000;0.0049;-0.0045;0.0067;353.4770;1.6914;3.8124;0.0049;-0.0045;0.0067;0.9977;-0.0564;0.0166;0.0340;0;0.2429;-1.7599;-0.0473;0.0000;342.2868;0.0000;0.0000;0.0000;0.0000;0.0000;0.0000;0.0000;0;0.0000;0.0000;0.0000;0.0000;0.0000;0.0000;ControllerBody;0.5395;-0.7141;0.4461;0.2201;-0.2306;0.2285;0.2770;0.4367;-0.2936;0.8039;0.1201;-0.2306;0.2285;45.5676;50.4117;164.3424;0.1162;-0.2255;0.2257;45.4992;50.3564;164.1621;0;0.1162;-0.2255;0.2257;45.4992;50.3564;164.1621;ControllerBody;1448ff49-a958-4320-80a8-7c589216becd;1;Exposure;2026-04-01 12:34:58.1549;Controllers;;OpenXR
Right;4;Exposure;0;NoMitigation;Translation;anonymous;Sample;1284;0.0000;0.0053;-0.0045;0.0065;353.5721;1.7959;3.6478;0.0053;-0.0045;0.0065;0.9978;-0.0555;0.0174;0.0327;0;0.2429;-1.7599;-0.0473;0.0000;342.2868;0.0000;0.0000;0.0000;0.0000;0.0000;0.0000;0.0000;0;0.0000;0.0000;0.0000;0.0000;0.0000;0.0000;ControllerBody;0.5395;-0.7141;0.4461;0.2201;-0.2306;0.2285;0.2770;0.4367;-0.2936;0.8039;0.1201;-0.2306;0.2285;45.5676;50.4117;164.3424;0.1162;-0.2255;0.2257;45.4992;50.3564;164.1621;0;0.1162;-0.2255;0.2257;45.4992;50.3564;164.1621;ControllerBody;1448ff49-a958-4320-80a8-7c589216becd;1;Exposure;2026-04-01 12:34:58.1793;Controllers;;OpenXR
Right;4;Exposure;0;NoMitigation;Translation;anonymous;Sample;1287;0.0000;0.0057;-0.0048;0.0063;353.6283;1.9402;3.4656;0.0057;-0.0048;0.0063;0.9978;-0.0550;0.0186;0.0311;0;0.2429;-1.7599;-0.0473;0.0000;342.2868;0.0000;0.0000;0.0000;0.0000;0.0000;0.0000;0.0000;0;0.0000;0.0000;0.0000;0.0000;0.0000;0.0000;ControllerBody;0.5395;-0.7141;0.4461;0.2201;-0.2306;0.2285;0.2770;0.4367;-0.2936;0.8039;0.1201;-0.2306;0.2285;45.5676;50.4117;164.3424;0.1162;-0.2255;0.2257;45.4992;50.3564;164.1621;0;0.1162;-0.2255;0.2257;45.4992;50.3564;164.1621;ControllerBody;1448ff49-a958-4320-80a8-7c589216becd;1;Exposure;2026-04-01 12:34:58.2048;Controllers;;OpenXR
Right;4;Exposure;0;NoMitigation;Translation;anonymous;Sample;1290;0.0000;0.0059;-0.0049;0.0063;353.8059;2.2109;3.2382;0.0059;-0.0049;0.0063;0.9979;-0.0535;0.0208;0.0292;0;0.2429;-1.7599;-0.0473;0.0000;342.2868;0.0000;0.0000;0.0000;0.0000;0.0000;0.0000;0.0000;0;0.0000;0.0000;0.0000;0.0000;0.0000;0.0000;ControllerBody;0.5395;-0.7141;0.4461;0.2201;-0.2306;0.2285;0.2770;0.4367;-0.2936;0.8039;0.1201;-0.2306;0.2285;45.5676;50.4117;164.3424;0.1162;-0.2255;0.2257;45.4992;50.3564;164.1621;0;0.1162;-0.2255;0.2257;45.4992;50.3564;164.1621;ControllerBody;1448ff49-a958-4320-80a8-7c589216becd;1;Exposure;2026-04-01 12:34:58.2294;Controllers;;OpenXR
Right;4;Exposure;0;NoMitigation;Translation;anonymous;Sample;1293;0.0000;0.0060;-0.0051;0.0061;353.9036;2.6717;2.9117;0.0060;-0.0051;0.0061;0.9980;-0.0526;0.0246;0.0266;0;0.2429;-1.7599;-0.0473;0.0000;342.2868;0.0000;0.0000;0.0000;0.0000;0.0000;0.0000;0.0000;0;0.0000;0.0000;0.0000;0.0000;0.0000;0.0000;ControllerBody;0.5395;-0.7141;0.4461;0.2201;-0.2306;0.2285;0.2770;0.4367;-0.2936;0.8039;0.1201;-0.2306;0.2285;45.5676;50.4117;164.3424;0.1162;-0.2255;0.2257;45.4992;50.3564;164.1621;0;0.1162;-0.2255;0.2257;45.4992;50.3564;164.1621;ControllerBody;1448ff49-a958-4320-80a8-7c589216becd;1;Exposure;2026-04-01 12:34:58.2543;Controllers;;OpenXR
Right;4;Exposure;0;NoMitigation;Translation;anonymous;Sample;1296;0.0000;0.0059;-0.0052;0.0057;354.1338;3.2917;2.4786;0.0059;-0.0052;0.0057;0.9980;-0.0505;0.0298;0.0231;0;0.2429;-1.7599;-0.0473;0.0000;342.2868;0.0000;0.0000;0.0000;0.0000;0.0000;0.0000;0.0000;0;0.0000;0.0000;0.0000;0.0000;0.0000;0.0000;ControllerBody;0.5395;-0.7141;0.4461;0.2201;-0.2306;0.2285;0.2770;0.4367;-0.2936;0.8039;0.1201;-0.2306;0.2285;45.5676;50.4117;164.3424;0.1162;-0.2255;0.2257;45.4992;50.3564;164.1621;0;0.1162;-0.2255;0.2257;45.4992;50.3564;164.1621;ControllerBody;1448ff49-a958-4320-80a8-7c589216becd;1;Exposure;2026-04-01 12:34:58.2785;Controllers;;OpenXR
Right;4;Exposure;0;NoMitigation;Translation;anonymous;Sample;1299;0.0000;0.0058;-0.0054;0.0052;354.0074;4.0338;2.1980;0.0058;-0.0054;0.0052;0.9978;-0.0516;0.0361;0.0210;0;0.2429;-1.7599;-0.0473;0.0000;342.2868;0.0000;0.0000;0.0000;0.0000;0.0000;0.0000;0.0000;0;0.0000;0.0000;0.0000;0.0000;0.0000;0.0000;ControllerBody;0.5395;-0.7141;0.4461;0.2201;-0.2306;0.2285;0.2770;0.4367;-0.2936;0.8039;0.1201;-0.2306;0.2285;45.5676;50.4117;164.3424;0.1162;-0.2255;0.2257;45.4992;50.3564;164.1621;0;0.1162;-0.2255;0.2257;45.4992;50.3564;164.1621;ControllerBody;1448ff49-a958-4320-80a8-7c589216becd;1;Exposure;2026-04-01 12:34:58.3045;Controllers;;OpenXR
Right;4;Exposure;0;NoMitigation;Translation;anonymous;Sample;1302;0.0000;0.0057;-0.0053;0.0046;354.0251;4.8075;1.9051;0.0057;-0.0053;0.0046;0.9976;-0.0514;0.0427;0.0188;0;0.2429;-1.7599;-0.0473;0.0000;342.2868;0.0000;0.0000;0.0000;0.0000;0.0000;0.0000;0.0000;0;0.0000;0.0000;0.0000;0.0000;0.0000;0.0000;ControllerBody;0.5395;-0.7141;0.4461;0.2201;-0.2306;0.2285;0.2770;0.4367;-0.2936;0.8039;0.1201;-0.2306;0.2285;45.5676;50.4117;164.3424;0.1162;-0.2255;0.2257;45.4992;50.3564;164.1621;0;0.1162;-0.2255;0.2257;45.4992;50.3564;164.1621;ControllerBody;1448ff49-a958-4320-80a8-7c589216becd;1;Exposure;2026-04-01 12:34:58.3306;Controllers;;OpenXR
Right;4;Exposure;0;NoMitigation;Translation;anonymous;Sample;1305;0.0000;0.0057;-0.0053;0.0042;354.0111;5.5612;1.5976;0.0057;-0.0053;0.0042;0.9973;-0.0515;0.0492;0.0164;0;0.2429;-1.7599;-0.0473;0.0000;342.2868;0.0000;0.0000;0.0000;0.0000;0.0000;0.0000;0.0000;0;0.0000;0.0000;0.0000;0.0000;0.0000;0.0000;ControllerBody;0.5395;-0.7141;0.4461;0.2201;-0.2306;0.2285;0.2770;0.4367;-0.2936;0.8039;0.1201;-0.2306;0.2285;45.5676;50.4117;164.3424;0.1162;-0.2255;0.2257;45.4992;50.3564;164.1621;0;0.1162;-0.2255;0.2257;45.4992;50.3564;164.1621;ControllerBody;1448ff49-a958-4320-80a8-7c589216becd;1;Exposure;2026-04-01 12:34:58.3575;Controllers;;OpenXR
Right;4;Exposure;0;NoMitigation;Translation;anonymous;Sample;1307;0.0000;0.0057;-0.0052;0.0040;354.0570;5.9852;1.4849;0.0057;-0.0052;0.0040;0.9972;-0.0511;0.0528;0.0156;0;0.2429;-1.7599;-0.0473;0.0000;342.2868;0.0000;0.0000;0.0000;0.0000;0.0000;0.0000;0.0000;0;0.0000;0.0000;0.0000;0.0000;0.0000;0.0000;ControllerBody;0.5395;-0.7141;0.4461;0.2201;-0.2306;0.2285;0.2770;0.4367;-0.2936;0.8039;0.1201;-0.2306;0.2285;45.5676;50.4117;164.3424;0.1162;-0.2255;0.2257;45.4992;50.3564;164.1621;0;0.1162;-0.2255;0.2257;45.4992;50.3564;164.1621;ControllerBody;1448ff49-a958-4320-80a8-7c589216becd;1;Exposure;2026-04-01 12:34:58.3789;Controllers;;OpenXR
Right;4;Exposure;0;NoMitigation;Translation;anonymous;Sample;1309;0.0000;0.0057;-0.0050;0.0037;354.0283;6.5249;1.3667;0.0057;-0.0050;0.0037;0.9969;-0.0513;0.0574;0.0149;0;0.2429;-1.7599;-0.0473;0.0000;342.2868;0.0000;0.0000;0.0000;0.0000;0.0000;0.0000;0.0000;0;0.0000;0.0000;0.0000;0.0000;0.0000;0.0000;ControllerBody;0.5395;-0.7141;0.4461;0.2201;-0.2306;0.2285;0.2770;0.4367;-0.2936;0.8039;0.1201;-0.2306;0.2285;45.5676;50.4117;164.3424;0.1162;-0.2255;0.2257;45.4992;50.3564;164.1621;0;0.1162;-0.2255;0.2257;45.4992;50.3564;164.1621;ControllerBody;1448ff49-a958-4320-80a8-7c589216becd;1;Exposure;2026-04-01 12:34:58.4036;Controllers;;OpenXR
Right;4;Exposure;0;NoMitigation;Translation;anonymous;Sample;1311;0.0000;0.0059;-0.0050;0.0035;353.9194;6.9402;1.2717;0.0059;-0.0050;0.0035;0.9967;-0.0523;0.0610;0.0143;0;0.2429;-1.7599;-0.0473;0.0000;342.2868;0.0000;0.0000;0.0000;0.0000;0.0000;0.0000;0.0000;0;0.0000;0.0000;0.0000;0.0000;0.0000;0.0000;ControllerBody;0.5395;-0.7141;0.4461;0.2201;-0.2306;0.2285;0.2770;0.4367;-0.2936;0.8039;0.1201;-0.2306;0.2285;45.5676;50.4117;164.3424;0.1162;-0.2255;0.2257;45.4992;50.3564;164.1621;0;0.1162;-0.2255;0.2257;45.4992;50.3564;164.1621;ControllerBody;1448ff49-a958-4320-80a8-7c589216becd;1;Exposure;2026-04-01 12:34:58.4339;Controllers;;OpenXR
Right;4;Exposure;0;NoMitigation;Translation;anonymous;Sample;1314;0.0000;0.0061;-0.0048;0.0034;353.8903;7.2673;1.0821;0.0061;-0.0048;0.0034;0.9965;-0.0526;0.0638;0.0128;0;0.2429;-1.7599;-0.0473;0.0000;342.2868;0.0000;0.0000;0.0000;0.0000;0.0000;0.0000;0.0000;0;0.0000;0.0000;0.0000;0.0000;0.0000;0.0000;ControllerBody;0.5395;-0.7141;0.4461;0.2201;-0.2306;0.2285;0.2770;0.4367;-0.2936;0.8039;0.1201;-0.2306;0.2285;45.5676;50.4117;164.3424;0.1162;-0.2255;0.2257;45.4992;50.3564;164.1621;0;0.1162;-0.2255;0.2257;45.4992;50.3564;164.1621;ControllerBody;1448ff49-a958-4320-80a8-7c589216becd;1;Exposure;2026-04-01 12:34:58.4568;Controllers;;OpenXR
Right;4;Exposure;0;NoMitigation;Translation;anonymous;Sample;1317;0.0000;0.0063;-0.0047;0.0033;353.8496;7.0891;1.0417;0.0063;-0.0047;0.0033;0.9966;-0.0530;0.0622;0.0124;0;0.2429;-1.7599;-0.0473;0.0000;342.2868;0.0000;0.0000;0.0000;0.0000;0.0000;0.0000;0.0000;0;0.0000;0.0000;0.0000;0.0000;0.0000;0.0000;ControllerBody;0.5395;-0.7141;0.4461;0.2201;-0.2306;0.2285;0.2770;0.4367;-0.2936;0.8039;0.1201;-0.2306;0.2285;45.5676;50.4117;164.3424;0.1162;-0.2255;0.2257;45.4992;50.3564;164.1621;0;0.1162;-0.2255;0.2257;45.4992;50.3564;164.1621;ControllerBody;1448ff49-a958-4320-80a8-7c589216becd;1;Exposure;2026-04-01 12:34:58.4863;Controllers;;OpenXR
Right;4;Exposure;0;NoMitigation;Translation;anonymous;Sample;1319;0.0000;0.0066;-0.0047;0.0033;353.7909;6.8268;1.0851;0.0066;-0.0047;0.0033;0.9967;-0.0535;0.0600;0.0127;0;0.2429;-1.7599;-0.0473;0.0000;342.2868;0.0000;0.0000;0.0000;0.0000;0.0000;0.0000;0.0000;0;0.0000;0.0000;0.0000;0.0000;0.0000;0.0000;ControllerBody;0.5395;-0.7141;0.4461;0.2201;-0.2306;0.2285;0.2770;0.4367;-0.2936;0.8039;0.1201;-0.2306;0.2285;45.5676;50.4117;164.3424;0.1162;-0.2255;0.2257;45.4992;50.3564;164.1621;0;0.1162;-0.2255;0.2257;45.4992;50.3564;164.1621;ControllerBody;1448ff49-a958-4320-80a8-7c589216becd;1;Exposure;2026-04-01 12:34:58.5066;Controllers;;OpenXR
Right;4;Exposure;0;NoMitigation;Translation;anonymous;Sample;1322;0.0000;0.0069;-0.0048;0.0033;353.6435;6.4824;1.0905;0.0069;-0.0048;0.0033;0.9968;-0.0548;0.0570;0.0126;0;0.2429;-1.7599;-0.0473;0.0000;342.2868;0.0000;0.0000;0.0000;0.0000;0.0000;0.0000;0.0000;0;0.0000;0.0000;0.0000;0.0000;0.0000;0.0000;ControllerBody;0.5395;-0.7141;0.4461;0.2201;-0.2306;0.2285;0.2770;0.4367;-0.2936;0.8039;0.1201;-0.2306;0.2285;45.5676;50.4117;164.3424;0.1162;-0.2255;0.2257;45.4992;50.3564;164.1621;0;0.1162;-0.2255;0.2257;45.4992;50.3564;164.1621;ControllerBody;1448ff49-a958-4320-80a8-7c589216becd;1;Exposure;2026-04-01 12:34:58.5307;Controllers;;OpenXR
Right;4;Exposure;0;NoMitigation;Translation;anonymous;Sample;1325;0.0000;0.0072;-0.0048;0.0033;353.6281;6.3241;0.9653;0.0072;-0.0048;0.0033;0.9969;-0.0550;0.0555;0.0115;0;0.2429;-1.7599;-0.0473;0.0000;342.2868;0.0000;0.0000;0.0000;0.0000;0.0000;0.0000;0.0000;0;0.0000;0.0000;0.0000;0.0000;0.0000;0.0000;ControllerBody;0.5395;-0.7141;0.4461;0.2201;-0.2306;0.2285;0.2770;0.4367;-0.2936;0.8039;0.1201;-0.2306;0.2285;45.5676;50.4117;164.3424;0.1162;-0.2255;0.2257;45.4992;50.3564;164.1621;0;0.1162;-0.2255;0.2257;45.4992;50.3564;164.1621;ControllerBody;1448ff49-a958-4320-80a8-7c589216becd;1;Exposure;2026-04-01 12:34:58.5551;Controllers;;OpenXR
Right;4;Exposure;0;NoMitigation;Translation;anonymous;Sample;1328;0.0000;0.0074;-0.0048;0.0032;353.6381;6.3105;0.8554;0.0074;-0.0048;0.0032;0.9969;-0.0550;0.0554;0.0105;0;0.2429;-1.7599;-0.0473;0.0000;342.2868;0.0000;0.0000;0.0000;0.0000;0.0000;0.0000;0.0000;0;0.0000;0.0000;0.0000;0.0000;0.0000;0.0000;ControllerBody;0.5395;-0.7141;0.4461;0.2201;-0.2306;0.2285;0.2770;0.4367;-0.2936;0.8039;0.1201;-0.2306;0.2285;45.5676;50.4117;164.3424;0.1162;-0.2255;0.2257;45.4992;50.3564;164.1621;0;0.1162;-0.2255;0.2257;45.4992;50.3564;164.1621;ControllerBody;1448ff49-a958-4320-80a8-7c589216becd;1;Exposure;2026-04-01 12:34:58.5798;Controllers;;OpenXR
Right;4;Exposure;0;NoMitigation;Translation;anonymous;Sample;1330;0.0000;0.0074;-0.0047;0.0032;353.5554;6.4395;0.8623;0.0074;-0.0047;0.0032;0.9968;-0.0557;0.0565;0.0107;0;0.2429;-1.7599;-0.0473;0.0000;342.2868;0.0000;0.0000;0.0000;0.0000;0.0000;0.0000;0.0000;0;0.0000;0.0000;0.0000;0.0000;0.0000;0.0000;ControllerBody;0.5395;-0.7141;0.4461;0.2201;-0.2306;0.2285;0.2770;0.4367;-0.2936;0.8039;0.1201;-0.2306;0.2285;45.5676;50.4117;164.3424;0.1162;-0.2255;0.2257;45.4992;50.3564;164.1621;0;0.1162;-0.2255;0.2257;45.4992;50.3564;164.1621;ControllerBody;1448ff49-a958-4320-80a8-7c589216becd;1;Exposure;2026-04-01 12:34:58.6123;Controllers;;OpenXR
Right;4;Exposure;0;NoMitigation;Translation;anonymous;Sample;1332;0.0000;0.0075;-0.0045;0.0032;353.5311;6.5798;0.7401;0.0075;-0.0045;0.0032;0.9967;-0.0560;0.0577;0.0097;0;0.2429;-1.7599;-0.0473;0.0000;342.2868;0.0000;0.0000;0.0000;0.0000;0.0000;0.0000;0.0000;0;0.0000;0.0000;0.0000;0.0000;0.0000;0.0000;ControllerBody;0.5395;-0.7141;0.4461;0.2201;-0.2306;0.2285;0.2770;0.4367;-0.2936;0.8039;0.1201;-0.2306;0.2285;45.5676;50.4117;164.3424;0.1162;-0.2255;0.2257;45.4992;50.3564;164.1621;0;0.1162;-0.2255;0.2257;45.4992;50.3564;164.1621;ControllerBody;1448ff49-a958-4320-80a8-7c589216becd;1;Exposure;2026-04-01 12:34:58.6322;Controllers;;OpenXR
Right;4;Exposure;0;NoMitigation;Translation;anonymous;Sample;1335;0.0000;0.0074;-0.0043;0.0030;353.5641;6.7364;0.6828;0.0074;-0.0043;0.0030;0.9967;-0.0557;0.0590;0.0092;0;0.2429;-1.7599;-0.0473;0.0000;342.2868;0.0000;0.0000;0.0000;0.0000;0.0000;0.0000;0.0000;0;0.0000;0.0000;0.0000;0.0000;0.0000;0.0000;ControllerBody;0.5395;-0.7141;0.4461;0.2201;-0.2306;0.2285;0.2770;0.4367;-0.2936;0.8039;0.1201;-0.2306;0.2285;45.5676;50.4117;164.3424;0.1162;-0.2255;0.2257;45.4992;50.3564;164.1621;0;0.1162;-0.2255;0.2257;45.4992;50.3564;164.1621;ControllerBody;1448ff49-a958-4320-80a8-7c589216becd;1;Exposure;2026-04-01 12:34:58.6552;Controllers;;OpenXR
Right;4;Exposure;0;NoMitigation;Translation;anonymous;Sample;1338;0.0000;0.0073;-0.0043;0.0028;353.4473;6.8942;0.6728;0.0073;-0.0043;0.0028;0.9965;-0.0567;0.0604;0.0093;0;0.2429;-1.7599;-0.0473;0.0000;342.2868;0.0000;0.0000;0.0000;0.0000;0.0000;0.0000;0.0000;0;0.0000;0.0000;0.0000;0.0000;0.0000;0.0000;ControllerBody;0.5395;-0.7141;0.4461;0.2201;-0.2306;0.2285;0.2770;0.4367;-0.2936;0.8039;0.1201;-0.2306;0.2285;45.5676;50.4117;164.3424;0.1162;-0.2255;0.2257;45.4992;50.3564;164.1621;0;0.1162;-0.2255;0.2257;45.4992;50.3564;164.1621;ControllerBody;1448ff49-a958-4320-80a8-7c589216becd;1;Exposure;2026-04-01 12:34:58.6801;Controllers;;OpenXR
Right;4;Exposure;0;NoMitigation;Translation;anonymous;Sample;1341;0.0000;0.0072;-0.0044;0.0027;353.2765;7.0634;0.6811;0.0072;-0.0044;0.0027;0.9963;-0.0582;0.0618;0.0095;0;0.2429;-1.7599;-0.0473;0.0000;342.2868;0.0000;0.0000;0.0000;0.0000;0.0000;0.0000;0.0000;0;0.0000;0.0000;0.0000;0.0000;0.0000;0.0000;ControllerBody;0.5395;-0.7141;0.4461;0.2201;-0.2306;0.2285;0.2770;0.4367;-0.2936;0.8039;0.1201;-0.2306;0.2285;45.5676;50.4117;164.3424;0.1162;-0.2255;0.2257;45.4992;50.3564;164.1621;0;0.1162;-0.2255;0.2257;45.4992;50.3564;164.1621;ControllerBody;1448ff49-a958-4320-80a8-7c589216becd;1;Exposure;2026-04-01 12:34:58.7050;Controllers;;OpenXR
Right;4;Exposure;0;NoMitigation;Translation;anonymous;Sample;1344;0.0000;0.0071;-0.0043;0.0026;353.2039;7.1845;0.7343;0.0071;-0.0043;0.0026;0.9962;-0.0588;0.0629;0.0101;0;0.2429;-1.7599;-0.0473;0.0000;342.2868;0.0000;0.0000;0.0000;0.0000;0.0000;0.0000;0.0000;0;0.0000;0.0000;0.0000;0.0000;0.0000;0.0000;ControllerBody;0.5395;-0.7141;0.4461;0.2201;-0.2306;0.2285;0.2770;0.4367;-0.2936;0.8039;0.1201;-0.2306;0.2285;45.5676;50.4117;164.3424;0.1162;-0.2255;0.2257;45.4992;50.3564;164.1621;0;0.1162;-0.2255;0.2257;45.4992;50.3564;164.1621;ControllerBody;1448ff49-a958-4320-80a8-7c589216becd;1;Exposure;2026-04-01 12:34:58.7300;Controllers;;OpenXR
Right;4;Exposure;0;NoMitigation;Translation;anonymous;Sample;1347;0.0000;0.0069;-0.0041;0.0026;353.2428;7.2843;0.7319;0.0069;-0.0041;0.0026;0.9962;-0.0584;0.0638;0.0101;0;0.2429;-1.7599;-0.0473;0.0000;342.2868;0.0000;0.0000;0.0000;0.0000;0.0000;0.0000;0.0000;0;0.0000;0.0000;0.0000;0.0000;0.0000;0.0000;ControllerBody;0.5395;-0.7141;0.4461;0.2201;-0.2306;0.2285;0.2770;0.4367;-0.2936;0.8039;0.1201;-0.2306;0.2285;45.5676;50.4117;164.3424;0.1162;-0.2255;0.2257;45.4992;50.3564;164.1621;0;0.1162;-0.2255;0.2257;45.4992;50.3564;164.1621;ControllerBody;1448ff49-a958-4320-80a8-7c589216becd;1;Exposure;2026-04-01 12:34:58.7560;Controllers;;OpenXR
Right;4;Exposure;0;NoMitigation;Translation;anonymous;Sample;1350;0.0000;0.0069;-0.0041;0.0025;353.3027;7.2796;0.6471;0.0069;-0.0041;0.0025;0.9962;-0.0579;0.0637;0.0093;0;0.2429;-1.7599;-0.0473;0.0000;342.2868;0.0000;0.0000;0.0000;0.0000;0.0000;0.0000;0.0000;0;0.0000;0.0000;0.0000;0.0000;0.0000;0.0000;ControllerBody;0.5395;-0.7141;0.4461;0.2201;-0.2306;0.2285;0.2770;0.4367;-0.2936;0.8039;0.1201;-0.2306;0.2285;45.5676;50.4117;164.3424;0.1162;-0.2255;0.2257;45.4992;50.3564;164.1621;0;0.1162;-0.2255;0.2257;45.4992;50.3564;164.1621;ControllerBody;1448ff49-a958-4320-80a8-7c589216becd;1;Exposure;2026-04-01 12:34:58.7810;Controllers;;OpenXR
Right;4;Exposure;0;NoMitigation;Translation;anonymous;Sample;1353;0.0000;0.0070;-0.0040;0.0024;353.2766;7.1839;0.5779;0.0070;-0.0040;0.0024;0.9963;-0.0582;0.0628;0.0087;0;0.2429;-1.7599;-0.0473;0.0000;342.2868;0.0000;0.0000;0.0000;0.0000;0.0000;0.0000;0.0000;0;0.0000;0.0000;0.0000;0.0000;0.0000;0.0000;ControllerBody;0.5395;-0.7141;0.4461;0.2201;-0.2306;0.2285;0.2770;0.4367;-0.2936;0.8039;0.1201;-0.2306;0.2285;45.5676;50.4117;164.3424;0.1162;-0.2255;0.2257;45.4992;50.3564;164.1621;0;0.1162;-0.2255;0.2257;45.4992;50.3564;164.1621;ControllerBody;1448ff49-a958-4320-80a8-7c589216becd;1;Exposure;2026-04-01 12:34:58.8044;Controllers;;OpenXR
Right;4;Exposure;0;NoMitigation;Translation;anonymous;Sample;1356;0.0000;0.0071;-0.0042;0.0023;353.2220;7.0136;0.5918;0.0071;-0.0042;0.0023;0.9964;-0.0587;0.0614;0.0088;0;0.2429;-1.7599;-0.0473;0.0000;342.2868;0.0000;0.0000;0.0000;0.0000;0.0000;0.0000;0.0000;0;0.0000;0.0000;0.0000;0.0000;0.0000;0.0000;ControllerBody;0.5395;-0.7141;0.4461;0.2201;-0.2306;0.2285;0.2770;0.4367;-0.2936;0.8039;0.1201;-0.2306;0.2285;45.5676;50.4117;164.3424;0.1162;-0.2255;0.2257;45.4992;50.3564;164.1621;0;0.1162;-0.2255;0.2257;45.4992;50.3564;164.1621;ControllerBody;1448ff49-a958-4320-80a8-7c589216becd;1;Exposure;2026-04-01 12:34:58.8293;Controllers;;OpenXR
Right;4;Exposure;0;NoMitigation;Translation;anonymous;Sample;1359;0.0000;0.0073;-0.0043;0.0022;353.1706;6.9033;0.6032;0.0073;-0.0043;0.0022;0.9964;-0.0591;0.0604;0.0088;0;0.2429;-1.7599;-0.0473;0.0000;342.2868;0.0000;0.0000;0.0000;0.0000;0.0000;0.0000;0.0000;0;0.0000;0.0000;0.0000;0.0000;0.0000;0.0000;ControllerBody;0.5395;-0.7141;0.4461;0.2201;-0.2306;0.2285;0.2770;0.4367;-0.2936;0.8039;0.1201;-0.2306;0.2285;45.5676;50.4117;164.3424;0.1162;-0.2255;0.2257;45.4992;50.3564;164.1621;0;0.1162;-0.2255;0.2257;45.4992;50.3564;164.1621;ControllerBody;1448ff49-a958-4320-80a8-7c589216becd;1;Exposure;2026-04-01 12:34:58.8554;Controllers;;OpenXR
Right;4;Exposure;0;NoMitigation;Translation;anonymous;Sample;1362;0.0000;0.0074;-0.0044;0.0021;353.1664;6.8912;0.5863;0.0074;-0.0044;0.0021;0.9964;-0.0592;0.0603;0.0087;0;0.2429;-1.7599;-0.0473;0.0000;342.2868;0.0000;0.0000;0.0000;0.0000;0.0000;0.0000;0.0000;0;0.0000;0.0000;0.0000;0.0000;0.0000;0.0000;ControllerBody;0.5395;-0.7141;0.4461;0.2201;-0.2306;0.2285;0.2770;0.4367;-0.2936;0.8039;0.1201;-0.2306;0.2285;45.5676;50.4117;164.3424;0.1162;-0.2255;0.2257;45.4992;50.3564;164.1621;0;0.1162;-0.2255;0.2257;45.4992;50.3564;164.1621;ControllerBody;1448ff49-a958-4320-80a8-7c589216becd;1;Exposure;2026-04-01 12:34:58.8800;Controllers;;OpenXR
Right;4;Exposure;0;NoMitigation;Translation;anonymous;Sample;1365;0.0000;0.0076;-0.0045;0.0020;353.1720;6.9372;0.5616;0.0076;-0.0045;0.0020;0.9964;-0.0591;0.0607;0.0085;0;0.2429;-1.7599;-0.0473;0.0000;342.2868;0.0000;0.0000;0.0000;0.0000;0.0000;0.0000;0.0000;0;0.0000;0.0000;0.0000;0.0000;0.0000;0.0000;ControllerBody;0.5395;-0.7141;0.4461;0.2201;-0.2306;0.2285;0.2770;0.4367;-0.2936;0.8039;0.1201;-0.2306;0.2285;45.5676;50.4117;164.3424;0.1162;-0.2255;0.2257;45.4992;50.3564;164.1621;0;0.1162;-0.2255;0.2257;45.4992;50.3564;164.1621;ControllerBody;1448ff49-a958-4320-80a8-7c589216becd;1;Exposure;2026-04-01 12:34:58.9052;Controllers;;OpenXR
Right;4;Exposure;0;NoMitigation;Translation;anonymous;Sample;1368;0.0000;0.0079;-0.0048;0.0019;353.1249;6.9662;0.5344;0.0079;-0.0048;0.0019;0.9963;-0.0596;0.0609;0.0083;0;0.2429;-1.7599;-0.0473;0.0000;342.2868;0.0000;0.0000;0.0000;0.0000;0.0000;0.0000;0.0000;0;0.0000;0.0000;0.0000;0.0000;0.0000;0.0000;ControllerBody;0.5395;-0.7141;0.4461;0.2201;-0.2306;0.2286;0.2770;0.4367;-0.2936;0.8039;0.1201;-0.2306;0.2286;45.5676;50.4117;164.3424;0.1162;-0.2255;0.2257;45.4992;50.3564;164.1621;0;0.1162;-0.2255;0.2257;45.4992;50.3564;164.1621;ControllerBody;1448ff49-a958-4320-80a8-7c589216becd;1;Exposure;2026-04-01 12:34:58.9424;Controllers;;OpenXR
Right;4;Exposure;0;NoMitigation;Translation;anonymous;Sample;1371;0.0000;0.0081;-0.0047;0.0021;353.2535;6.9608;0.4592;0.0081;-0.0047;0.0021;0.9964;-0.0585;0.0608;0.0076;0;0.2429;-1.7599;-0.0473;0.0000;342.2868;0.0000;0.0000;0.0000;0.0000;0.0000;0.0000;0.0000;0;0.0000;0.0000;0.0000;0.0000;0.0000;0.0000;ControllerBody;0.5395;-0.7141;0.4461;0.2201;-0.2306;0.2286;0.2770;0.4367;-0.2936;0.8039;0.1201;-0.2306;0.2286;45.5676;50.4117;164.3424;0.1162;-0.2255;0.2257;45.4992;50.3564;164.1621;0;0.1162;-0.2255;0.2257;45.4992;50.3564;164.1621;ControllerBody;1448ff49-a958-4320-80a8-7c589216becd;1;Exposure;2026-04-01 12:34:58.9638;Controllers;;OpenXR
Right;4;Exposure;0;NoMitigation;Translation;anonymous;Sample;1374;0.0000;0.0082;-0.0044;0.0023;353.4318;6.9316;0.4132;0.0082;-0.0044;0.0023;0.9965;-0.0570;0.0606;0.0071;0;0.2429;-1.7599;-0.0473;0.0000;342.2868;0.0000;0.0000;0.0000;0.0000;0.0000;0.0000;0.0000;0;0.0000;0.0000;0.0000;0.0000;0.0000;0.0000;ControllerBody;0.5395;-0.7141;0.4461;0.2201;-0.2306;0.2286;0.2770;0.4367;-0.2936;0.8039;0.1201;-0.2306;0.2286;45.5676;50.4117;164.3424;0.1162;-0.2255;0.2257;45.4992;50.3564;164.1621;0;0.1162;-0.2255;0.2257;45.4992;50.3564;164.1621;ControllerBody;1448ff49-a958-4320-80a8-7c589216becd;1;Exposure;2026-04-01 12:34:58.9885;Controllers;;OpenXR
Right;4;Exposure;0;NoMitigation;Translation;anonymous;Sample;1377;0.0000;0.0083;-0.0042;0.0022;353.4098;6.9887;0.3243;0.0083;-0.0042;0.0022;0.9965;-0.0572;0.0610;0.0063;0;0.2429;-1.7599;-0.0473;0.0000;342.2868;0.0000;0.0000;0.0000;0.0000;0.0000;0.0000;0.0000;0;0.0000;0.0000;0.0000;0.0000;0.0000;0.0000;ControllerBody;0.5395;-0.7141;0.4461;0.2201;-0.2306;0.2286;0.2770;0.4367;-0.2936;0.8039;0.1201;-0.2306;0.2286;45.5676;50.4117;164.3424;0.1162;-0.2255;0.2257;45.4992;50.3564;164.1621;0;0.1162;-0.2255;0.2257;45.4992;50.3564;164.1621;ControllerBody;1448ff49-a958-4320-80a8-7c589216becd;1;Exposure;2026-04-01 12:34:59.0162;Controllers;;OpenXR
Right;4;Exposure;0;NoMitigation;Translation;anonymous;Sample;1380;0.0000;0.0084;-0.0041;0.0019;353.3046;7.0840;0.2399;0.0084;-0.0041;0.0019;0.9964;-0.0582;0.0618;0.0057;0;0.2429;-1.7599;-0.0473;0.0000;342.2868;0.0000;0.0000;0.0000;0.0000;0.0000;0.0000;0.0000;0;0.0000;0.0000;0.0000;0.0000;0.0000;0.0000;ControllerBody;0.5395;-0.7141;0.4461;0.2201;-0.2306;0.2286;0.2770;0.4367;-0.2936;0.8039;0.1201;-0.2306;0.2286;45.5676;50.4117;164.3424;0.1162;-0.2255;0.2257;45.4992;50.3564;164.1621;0;0.1162;-0.2255;0.2257;45.4992;50.3564;164.1621;ControllerBody;1448ff49-a958-4320-80a8-7c589216becd;1;Exposure;2026-04-01 12:34:59.0382;Controllers;;OpenXR
Right;4;Exposure;0;NoMitigation;Translation;anonymous;Sample;1383;0.0000;0.0086;-0.0042;0.0016;353.2107;7.2025;0.2444;0.0086;-0.0042;0.0016;0.9963;-0.0590;0.0628;0.0058;0;0.2429;-1.7599;-0.0473;0.0000;342.2868;0.0000;0.0000;0.0000;0.0000;0.0000;0.0000;0.0000;0;0.0000;0.0000;0.0000;0.0000;0.0000;0.0000;ControllerBody;0.5395;-0.7141;0.4461;0.2201;-0.2306;0.2286;0.2770;0.4367;-0.2936;0.8039;0.1201;-0.2306;0.2286;45.5676;50.4117;164.3424;0.1162;-0.2255;0.2257;45.4992;50.3564;164.1621;0;0.1162;-0.2255;0.2257;45.4992;50.3564;164.1621;ControllerBody;1448ff49-a958-4320-80a8-7c589216becd;1;Exposure;2026-04-01 12:34:59.0621;Controllers;;OpenXR
Right;4;Exposure;0;NoMitigation;Translation;anonymous;Sample;1386;0.0000;0.0087;-0.0043;0.0013;353.1426;7.2698;0.2756;0.0087;-0.0043;0.0013;0.9962;-0.0595;0.0634;0.0062;0;0.2429;-1.7599;-0.0473;0.0000;342.2868;0.0000;0.0000;0.0000;0.0000;0.0000;0.0000;0.0000;0;0.0000;0.0000;0.0000;0.0000;0.0000;0.0000;ControllerBody;0.5395;-0.7141;0.4461;0.2201;-0.2306;0.2286;0.2770;0.4367;-0.2936;0.8039;0.1201;-0.2306;0.2286;45.5676;50.4117;164.3424;0.1162;-0.2255;0.2257;45.4992;50.3564;164.1621;0;0.1162;-0.2255;0.2257;45.4992;50.3564;164.1621;ControllerBody;1448ff49-a958-4320-80a8-7c589216becd;1;Exposure;2026-04-01 12:34:59.0875;Controllers;;OpenXR
Right;4;Exposure;0;NoMitigation;Translation;anonymous;Sample;1389;0.0000;0.0088;-0.0043;0.0011;353.0987;7.2981;0.2347;0.0088;-0.0043;0.0011;0.9962;-0.0599;0.0637;0.0059;0;0.2429;-1.7599;-0.0473;0.0000;342.2868;0.0000;0.0000;0.0000;0.0000;0.0000;0.0000;0.0000;0;0.0000;0.0000;0.0000;0.0000;0.0000;0.0000;ControllerBody;0.5395;-0.7141;0.4461;0.2201;-0.2306;0.2286;0.2770;0.4367;-0.2936;0.8039;0.1201;-0.2306;0.2286;45.5676;50.4117;164.3424;0.1162;-0.2255;0.2257;45.4992;50.3564;164.1621;0;0.1162;-0.2255;0.2257;45.4992;50.3564;164.1621;ControllerBody;1448ff49-a958-4320-80a8-7c589216becd;1;Exposure;2026-04-01 12:34:59.1124;Controllers;;OpenXR
Right;4;Exposure;0;NoMitigation;Translation;anonymous;Sample;1392;0.0000;0.0088;-0.0043;0.0011;353.1545;7.2781;0.1921;0.0088;-0.0043;0.0011;0.9962;-0.0595;0.0635;0.0055;0;0.2429;-1.7599;-0.0473;0.0000;342.2868;0.0000;0.0000;0.0000;0.0000;0.0000;0.0000;0.0000;0;0.0000;0.0000;0.0000;0.0000;0.0000;0.0000;ControllerBody;0.5395;-0.7141;0.4461;0.2201;-0.2306;0.2286;0.2770;0.4367;-0.2936;0.8039;0.1201;-0.2306;0.2286;45.5676;50.4117;164.3424;0.1162;-0.2255;0.2257;45.4992;50.3564;164.1621;0;0.1162;-0.2255;0.2257;45.4992;50.3564;164.1621;ControllerBody;1448ff49-a958-4320-80a8-7c589216becd;1;Exposure;2026-04-01 12:34:59.1364;Controllers;;OpenXR
Right;4;Exposure;0;NoMitigation;Translation;anonymous;Sample;1395;0.0000;0.0087;-0.0042;0.0013;353.1851;7.2323;0.1449;0.0087;-0.0042;0.0013;0.9962;-0.0592;0.0630;0.0050;0;0.2429;-1.7599;-0.0473;0.0000;342.2868;0.0000;0.0000;0.0000;0.0000;0.0000;0.0000;0.0000;0;0.0000;0.0000;0.0000;0.0000;0.0000;0.0000;ControllerBody;0.5395;-0.7141;0.4461;0.2201;-0.2306;0.2286;0.2770;0.4367;-0.2936;0.8039;0.1201;-0.2306;0.2286;45.5676;50.4117;164.3424;0.1162;-0.2255;0.2257;45.4992;50.3564;164.1621;0;0.1162;-0.2255;0.2257;45.4992;50.3564;164.1621;ControllerBody;1448ff49-a958-4320-80a8-7c589216becd;1;Exposure;2026-04-01 12:34:59.1625;Controllers;;OpenXR
Right;4;Exposure;0;NoMitigation;Translation;anonymous;Sample;1398;0.0000;0.0085;-0.0042;0.0011;353.1503;7.1681;0.0632;0.0085;-0.0042;0.0011;0.9963;-0.0596;0.0624;0.0043;0;0.2429;-1.7599;-0.0473;0.0000;342.2868;0.0000;0.0000;0.0000;0.0000;0.0000;0.0000;0.0000;0;0.0000;0.0000;0.0000;0.0000;0.0000;0.0000;ControllerBody;0.5395;-0.7141;0.4461;0.2201;-0.2306;0.2286;0.2770;0.4367;-0.2936;0.8039;0.1201;-0.2306;0.2286;45.5676;50.4117;164.3424;0.1162;-0.2255;0.2257;45.4992;50.3564;164.1621;0;0.1162;-0.2255;0.2257;45.4992;50.3564;164.1621;ControllerBody;1448ff49-a958-4320-80a8-7c589216becd;1;Exposure;2026-04-01 12:34:59.1876;Controllers;;OpenXR
Right;4;Exposure;0;NoMitigation;Translation;anonymous;Sample;1401;0.0000;0.0083;-0.0042;0.0010;353.0841;7.0736;0.1143;0.0083;-0.0042;0.0010;0.9963;-0.0601;0.0616;0.0047;0;0.2429;-1.7599;-0.0473;0.0000;342.2868;0.0000;0.0000;0.0000;0.0000;0.0000;0.0000;0.0000;0;0.0000;0.0000;0.0000;0.0000;0.0000;0.0000;ControllerBody;0.5395;-0.7141;0.4461;0.2201;-0.2306;0.2286;0.2770;0.4367;-0.2936;0.8039;0.1201;-0.2306;0.2286;45.5676;50.4117;164.3424;0.1162;-0.2255;0.2257;45.4992;50.3564;164.1621;0;0.1162;-0.2255;0.2257;45.4992;50.3564;164.1621;ControllerBody;1448ff49-a958-4320-80a8-7c589216becd;1;Exposure;2026-04-01 12:34:59.2131;Controllers;;OpenXR
Right;4;Exposure;0;NoMitigation;Translation;anonymous;Sample;1404;0.0000;0.0082;-0.0042;0.0009;353.0468;7.0048;0.2878;0.0082;-0.0042;0.0009;0.9963;-0.0604;0.0611;0.0062;0;0.2429;-1.7599;-0.0473;0.0000;342.2868;0.0000;0.0000;0.0000;0.0000;0.0000;0.0000;0.0000;0;0.0000;0.0000;0.0000;0.0000;0.0000;0.0000;ControllerBody;0.5395;-0.7141;0.4461;0.2201;-0.2306;0.2286;0.2770;0.4367;-0.2936;0.8039;0.1201;-0.2306;0.2286;45.5676;50.4117;164.3424;0.1162;-0.2255;0.2257;45.4992;50.3564;164.1621;0;0.1162;-0.2255;0.2257;45.4992;50.3564;164.1621;ControllerBody;1448ff49-a958-4320-80a8-7c589216becd;1;Exposure;2026-04-01 12:34:59.2380;Controllers;;OpenXR
Right;4;Exposure;0;NoMitigation;Translation;anonymous;Sample;1407;0.0000;0.0081;-0.0041;0.0009;352.9856;7.0484;0.4475;0.0081;-0.0041;0.0009;0.9962;-0.0608;0.0616;0.0077;0;0.2429;-1.7599;-0.0473;0.0000;342.2868;0.0000;0.0000;0.0000;0.0000;0.0000;0.0000;0.0000;0;0.0000;0.0000;0.0000;0.0000;0.0000;0.0000;ControllerBody;0.5395;-0.7141;0.4461;0.2201;-0.2306;0.2286;0.2770;0.4367;-0.2936;0.8039;0.1201;-0.2306;0.2286;45.5676;50.4117;164.3424;0.1162;-0.2255;0.2257;45.4992;50.3564;164.1621;0;0.1162;-0.2255;0.2257;45.4992;50.3564;164.1621;ControllerBody;1448ff49-a958-4320-80a8-7c589216becd;1;Exposure;2026-04-01 12:34:59.2625;Controllers;;OpenXR
Right;4;Exposure;0;NoMitigation;Translation;anonymous;Sample;1410;0.0000;0.0081;-0.0041;0.0011;352.9287;7.1974;0.4841;0.0081;-0.0041;0.0011;0.9961;-0.0613;0.0629;0.0081;0;0.2429;-1.7599;-0.0473;0.0000;342.2868;0.0000;0.0000;0.0000;0.0000;0.0000;0.0000;0.0000;0;0.0000;0.0000;0.0000;0.0000;0.0000;0.0000;ControllerBody;0.5395;-0.7141;0.4461;0.2201;-0.2306;0.2286;0.2770;0.4367;-0.2936;0.8039;0.1201;-0.2306;0.2286;45.5676;50.4117;164.3424;0.1162;-0.2255;0.2257;45.4992;50.3564;164.1621;0;0.1162;-0.2255;0.2257;45.4992;50.3564;164.1621;ControllerBody;1448ff49-a958-4320-80a8-7c589216becd;1;Exposure;2026-04-01 12:34:59.2885;Controllers;;OpenXR
Right;4;Exposure;0;NoMitigation;Translation;anonymous;Sample;1413;0.0000;0.0080;-0.0043;0.0012;352.9810;7.3043;0.4263;0.0080;-0.0043;0.0012;0.9961;-0.0609;0.0638;0.0076;0;0.2429;-1.7599;-0.0473;0.0000;342.2868;0.0000;0.0000;0.0000;0.0000;0.0000;0.0000;0.0000;0;0.0000;0.0000;0.0000;0.0000;0.0000;0.0000;ControllerBody;0.5395;-0.7141;0.4461;0.2201;-0.2306;0.2286;0.2770;0.4367;-0.2936;0.8039;0.1201;-0.2306;0.2286;45.5676;50.4117;164.3424;0.1162;-0.2255;0.2257;45.4992;50.3564;164.1621;0;0.1162;-0.2255;0.2257;45.4992;50.3564;164.1621;ControllerBody;1448ff49-a958-4320-80a8-7c589216becd;1;Exposure;2026-04-01 12:34:59.3134;Controllers;;OpenXR
Right;4;Exposure;0;NoMitigation;Translation;anonymous;Sample;1416;0.0000;0.0081;-0.0044;0.0013;353.0740;7.3661;0.4192;0.0081;-0.0044;0.0013;0.9961;-0.0600;0.0643;0.0075;0;0.2429;-1.7599;-0.0473;0.0000;342.2868;0.0000;0.0000;0.0000;0.0000;0.0000;0.0000;0.0000;0;0.0000;0.0000;0.0000;0.0000;0.0000;0.0000;ControllerBody;0.5395;-0.7141;0.4461;0.2201;-0.2306;0.2286;0.2770;0.4367;-0.2936;0.8039;0.1201;-0.2306;0.2286;45.5676;50.4117;164.3424;0.1162;-0.2255;0.2257;45.4992;50.3564;164.1621;0;0.1162;-0.2255;0.2257;45.4992;50.3564;164.1621;ControllerBody;1448ff49-a958-4320-80a8-7c589216becd;1;Exposure;2026-04-01 12:34:59.3373;Controllers;;OpenXR
Right;4;Exposure;0;NoMitigation;Translation;anonymous;Sample;1419;0.0000;0.0084;-0.0044;0.0015;353.1336;7.3398;0.5092;0.0084;-0.0044;0.0015;0.9961;-0.0595;0.0642;0.0083;0;0.2429;-1.7599;-0.0473;0.0000;342.2868;0.0000;0.0000;0.0000;0.0000;0.0000;0.0000;0.0000;0;0.0000;0.0000;0.0000;0.0000;0.0000;0.0000;ControllerBody;0.5395;-0.7141;0.4461;0.2201;-0.2306;0.2286;0.2770;0.4367;-0.2936;0.8039;0.1201;-0.2306;0.2286;45.5676;50.4117;164.3424;0.1162;-0.2255;0.2257;45.4992;50.3564;164.1621;0;0.1162;-0.2255;0.2257;45.4992;50.3564;164.1621;ControllerBody;1448ff49-a958-4320-80a8-7c589216becd;1;Exposure;2026-04-01 12:34:59.3624;Controllers;;OpenXR
Right;4;Exposure;0;NoMitigation;Translation;anonymous;Sample;1422;0.0000;0.0086;-0.0044;0.0018;353.1902;7.3372;0.5068;0.0086;-0.0044;0.0018;0.9962;-0.0590;0.0641;0.0082;0;0.2429;-1.7599;-0.0473;0.0000;342.2868;0.0000;0.0000;0.0000;0.0000;0.0000;0.0000;0.0000;0;0.0000;0.0000;0.0000;0.0000;0.0000;0.0000;ControllerBody;0.5395;-0.7141;0.4461;0.2201;-0.2306;0.2286;0.2770;0.4367;-0.2936;0.8039;0.1201;-0.2306;0.2286;45.5676;50.4117;164.3424;0.1162;-0.2255;0.2257;45.4992;50.3564;164.1621;0;0.1162;-0.2255;0.2257;45.4992;50.3564;164.1621;ControllerBody;1448ff49-a958-4320-80a8-7c589216becd;1;Exposure;2026-04-01 12:34:59.3873;Controllers;;OpenXR
Right;4;Exposure;0;NoMitigation;Translation;anonymous;Sample;1425;0.0000;0.0086;-0.0043;0.0023;353.2317;7.3863;0.3311;0.0086;-0.0043;0.0023;0.9962;-0.0587;0.0645;0.0067;0;0.2429;-1.7599;-0.0473;0.0000;342.2868;0.0000;0.0000;0.0000;0.0000;0.0000;0.0000;0.0000;0;0.0000;0.0000;0.0000;0.0000;0.0000;0.0000;ControllerBody;0.5395;-0.7141;0.4461;0.2201;-0.2306;0.2286;0.2770;0.4367;-0.2936;0.8039;0.1201;-0.2306;0.2286;45.5676;50.4117;164.3424;0.1162;-0.2255;0.2257;45.4992;50.3564;164.1621;0;0.1162;-0.2255;0.2257;45.4992;50.3564;164.1621;ControllerBody;1448ff49-a958-4320-80a8-7c589216becd;1;Exposure;2026-04-01 12:34:59.4117;Controllers;;OpenXR
Right;4;Exposure;0;NoMitigation;Translation;anonymous;Sample;1428;0.0000;0.0088;-0.0042;0.0022;353.1741;7.3705;0.1716;0.0088;-0.0042;0.0022;0.9962;-0.0593;0.0642;0.0053;0;0.2429;-1.7599;-0.0473;0.0000;342.2868;0.0000;0.0000;0.0000;0.0000;0.0000;0.0000;0.0000;0;0.0000;0.0000;0.0000;0.0000;0.0000;0.0000;ControllerBody;0.5395;-0.7141;0.4461;0.2201;-0.2306;0.2286;0.2770;0.4367;-0.2936;0.8039;0.1201;-0.2306;0.2286;45.5676;50.4117;164.3424;0.1162;-0.2255;0.2257;45.4992;50.3564;164.1621;0;0.1162;-0.2255;0.2257;45.4992;50.3564;164.1621;ControllerBody;1448ff49-a958-4320-80a8-7c589216becd;1;Exposure;2026-04-01 12:34:59.4372;Controllers;;OpenXR
Right;4;Exposure;0;NoMitigation;Translation;anonymous;Sample;1429;0.0000;0.0088;-0.0042;0.0022;353.1684;7.3473;0.1940;0.0088;-0.0042;0.0022;0.9962;-0.0594;0.0641;0.0055;0;0.2429;-1.7599;-0.0473;0.0000;342.2868;0.0000;0.0000;0.0000;0.0000;0.0000;0.0000;0.0000;0;0.0000;0.0000;0.0000;0.0000;0.0000;0.0000;ControllerBody;0.5395;-0.7141;0.4461;0.2201;-0.2306;0.2286;0.2770;0.4367;-0.2936;0.8039;0.1201;-0.2306;0.2286;45.5676;50.4117;164.3424;0.1162;-0.2255;0.2257;45.4992;50.3564;164.1621;0;0.1162;-0.2255;0.2257;45.4992;50.3564;164.1621;ControllerBody;1448ff49-a958-4320-80a8-7c589216becd;1;Exposure;2026-04-01 12:34:59.5295;Controllers;;OpenXR
